SellerKey,SellerID,SellerName,SellerTier,SourceSystem,CreatedDate
1,SELL00002,Marketplace Storefront SELL00002,Gold Seller,Amazon Global,2026-09-07T07:47:36.812128
2,SELL00003,Marketplace Storefront SELL00003,Platinum Seller,Amazon Global,2026-09-07T07:47:36.812128
3,SELL00004,Marketplace Storefront SELL00004,Gold Seller,Amazon Global,2026-09-07T07:47:36.812128
4,SELL00005,Marketplace Storefront SELL00005,Standard Seller,Amazon Global,2026-09-07T07:47:36.812128
5,SELL00009,Marketplace Storefront SELL00009,Platinum Seller,Amazon Global,2026-09-07T07:47:36.812128
6,SELL00020,Marketplace Storefront SELL00020,Gold Seller,Amazon Global,2026-09-07T07:47:36.812128
7,SELL00021,Marketplace Storefront SELL00021,Platinum Seller,Amazon Global,2026-09-07T07:47:36.812128
8,SELL00032,Marketplace Storefront SELL00032,Gold Seller,Amazon Global,2026-09-07T07:47:36.812128
9,SELL00033,Marketplace Storefront SELL00033,Platinum Seller,Amazon Global,2026-09-07T07:47:36.812128
10,SELL00034,Marketplace Storefront SELL00034,Gold Seller,Amazon Global,2026-09-07T07:47:36.812128
11,SELL00035,Marketplace Storefront SELL00035,Standard Seller,Amazon Global,2026-09-07T07:47:36.812128
12,SELL00039,Marketplace Storefront SELL00039,Platinum Seller,Amazon Global,2026-09-07T07:47:36.812128
13,SELL00042,Marketplace Storefront SELL00042,Platinum Seller,Amazon Global,2026-09-07T07:47:36.812128
14,SELL00043,Marketplace Storefront SELL00043,Standard Seller,Amazon Global,2026-09-07T07:47:36.812128
15,SELL00044,Marketplace Storefront SELL00044,Gold Seller,Amazon Global,2026-09-07T07:47:36.812128
16,SELL00045,Marketplace Storefront SELL00045,Platinum Seller,Amazon Global,2026-09-07T07:47:36.812128
17,SELL00049,Marketplace Storefront SELL00049,Standard Seller,Amazon Global,2026-09-07T07:47:36.812128
18,SELL00056,Marketplace Storefront SELL00056,Gold Seller,Amazon Global,2026-09-07T07:47:36.812128
19,SELL00076,Marketplace Storefront SELL00076,Gold Seller,Amazon Global,2026-09-07T07:47:36.812128
20,SELL00077,Marketplace Storefront SELL00077,Standard Seller,Amazon Global,2026-09-07T07:47:36.812128
21,SELL00078,Marketplace Storefront SELL00078,Platinum Seller,Amazon Global,2026-09-07T07:47:36.812128
22,SELL00086,Marketplace Storefront SELL00086,Gold Seller,Amazon Global,2026-09-07T07:47:36.812128
23,SELL00087,Marketplace Storefront SELL00087,Platinum Seller,Amazon Global,2026-09-07T07:47:36.812128
24,SELL00088,Marketplace Storefront SELL00088,Gold Seller,Amazon Global,2026-09-07T07:47:36.812128
25,SELL00090,Marketplace Storefront SELL00090,Platinum Seller,Amazon Global,2026-09-07T07:47:36.812128
26,SELL00091,Marketplace Storefront SELL00091,Standard Seller,Amazon Global,2026-09-07T07:47:36.812128
27,SELL00113,Marketplace Storefront SELL00113,Standard Seller,Amazon Global,2026-09-07T07:47:36.812128
28,SELL00114,Marketplace Storefront SELL00114,Platinum Seller,Amazon Global,2026-09-07T07:47:36.812128
29,SELL00115,Marketplace Storefront SELL00115,Standard Seller,Amazon Global,2026-09-07T07:47:36.812128
30,SELL00120,Marketplace Storefront SELL00120,Platinum Seller,Amazon Global,2026-09-07T07:47:36.812128
31,SELL00121,Marketplace Storefront SELL00121,Standard Seller,Amazon Global,2026-09-07T07:47:36.812128
32,SELL00127,Marketplace Storefront SELL00127,Standard Seller,Amazon Global,2026-09-07T07:47:36.812128
33,SELL00128,Marketplace Storefront SELL00128,Gold Seller,Amazon Global,2026-09-07T07:47:36.812128
34,SELL00129,Marketplace Storefront SELL00129,Platinum Seller,Amazon Global,2026-09-07T07:47:36.812128
35,SELL00130,Marketplace Storefront SELL00130,Gold Seller,Amazon Global,2026-09-07T07:47:36.812128
36,SELL00131,Marketplace Storefront SELL00131,Standard Seller,Amazon Global,2026-09-07T07:47:36.812128
37,SELL00136,Marketplace Storefront SELL00136,Gold Seller,Amazon Global,2026-09-07T07:47:36.812128
38,SELL00137,Marketplace Storefront SELL00137,Standard Seller,Amazon Global,2026-09-07T07:47:36.812128
39,SELL00138,Marketplace Storefront SELL00138,Platinum Seller,Amazon Global,2026-09-07T07:47:36.812128
40,SELL00139,Marketplace Storefront SELL00139,Standard Seller,Amazon Global,2026-09-07T07:47:36.812128
41,SELL00142,Marketplace Storefront SELL00142,Gold Seller,Amazon Global,2026-09-07T07:47:36.812128
42,SELL00152,Marketplace Storefront SELL00152,Gold Seller,Amazon Global,2026-09-07T07:47:36.812128
43,SELL00153,Marketplace Storefront SELL00153,Platinum Seller,Amazon Global,2026-09-07T07:47:36.812128
44,SELL00154,Marketplace Storefront SELL00154,Gold Seller,Amazon Global,2026-09-07T07:47:36.812128
45,SELL00161,Marketplace Storefront SELL00161,Standard Seller,Amazon Global,2026-09-07T07:47:36.812128
46,SELL00168,Marketplace Storefront SELL00168,Platinum Seller,Amazon Global,2026-09-07T07:47:36.812128
47,SELL00169,Marketplace Storefront SELL00169,Standard Seller,Amazon Global,2026-09-07T07:47:36.812128
48,SELL00170,Marketplace Storefront SELL00170,Gold Seller,Amazon Global,2026-09-07T07:47:36.812128
49,SELL00174,Marketplace Storefront SELL00174,Platinum Seller,Amazon Global,2026-09-07T07:47:36.812128
50,SELL00175,Marketplace Storefront SELL00175,Standard Seller,Amazon Global,2026-09-07T07:47:36.812128
51,SELL00176,Marketplace Storefront SELL00176,Gold Seller,Amazon Global,2026-09-07T07:47:36.812128
52,SELL00200,Marketplace Storefront SELL00200,Gold Seller,Amazon Global,2026-09-07T07:47:36.812128
53,SELL00205,Marketplace Storefront SELL00205,Standard Seller,Amazon Global,2026-09-07T07:47:36.812128
54,SELL00211,Marketplace Storefront SELL00211,Standard Seller,Amazon Global,2026-09-07T07:47:36.812128
55,SELL00226,Marketplace Storefront SELL00226,Gold Seller,Amazon Global,2026-09-07T07:47:36.812128
56,SELL00231,Marketplace Storefront SELL00231,Platinum Seller,Amazon Global,2026-09-07T07:47:36.812128
57,SELL00242,Marketplace Storefront SELL00242,Gold Seller,Amazon Global,2026-09-07T07:47:36.812128
58,SELL00243,Marketplace Storefront SELL00243,Platinum Seller,Amazon Global,2026-09-07T07:47:36.812128
59,SELL00244,Marketplace Storefront SELL00244,Gold Seller,Amazon Global,2026-09-07T07:47:36.812128
60,SELL00245,Marketplace Storefront SELL00245,Standard Seller,Amazon Global,2026-09-07T07:47:36.812128
61,SELL00249,Marketplace Storefront SELL00249,Platinum Seller,Amazon Global,2026-09-07T07:47:36.812128
62,SELL00250,Marketplace Storefront SELL00250,Gold Seller,Amazon Global,2026-09-07T07:47:36.812128
63,SELL00251,Marketplace Storefront SELL00251,Standard Seller,Amazon Global,2026-09-07T07:47:36.812128
64,SELL00261,Marketplace Storefront SELL00261,Platinum Seller,Amazon Global,2026-09-07T07:47:36.812128
65,SELL00272,Marketplace Storefront SELL00272,Gold Seller,Amazon Global,2026-09-07T07:47:36.812128
66,SELL00273,Marketplace Storefront SELL00273,Platinum Seller,Amazon Global,2026-09-07T07:47:36.812128
67,SELL00274,Marketplace Storefront SELL00274,Gold Seller,Amazon Global,2026-09-07T07:47:36.812128
68,SELL00278,Marketplace Storefront SELL00278,Gold Seller,Amazon Global,2026-09-07T07:47:36.812128
69,SELL00279,Marketplace Storefront SELL00279,Platinum Seller,Amazon Global,2026-09-07T07:47:36.812128
70,SELL00290,Marketplace Storefront SELL00290,Gold Seller,Amazon Global,2026-09-07T07:47:36.812128
71,SELL00294,Marketplace Storefront SELL00294,Platinum Seller,Amazon Global,2026-09-07T07:47:36.812128
72,SELL00295,Marketplace Storefront SELL00295,Standard Seller,Amazon Global,2026-09-07T07:47:36.812128
73,SELL00306,Marketplace Storefront SELL00306,Platinum Seller,Amazon Global,2026-09-07T07:47:36.812128
74,SELL00307,Marketplace Storefront SELL00307,Standard Seller,Amazon Global,2026-09-07T07:47:36.812128
75,SELL00308,Marketplace Storefront SELL00308,Gold Seller,Amazon Global,2026-09-07T07:47:36.812128
76,SELL00322,Marketplace Storefront SELL00322,Gold Seller,Amazon Global,2026-09-07T07:47:36.812128
77,SELL00326,Marketplace Storefront SELL00326,Gold Seller,Amazon Global,2026-09-07T07:47:36.812128
78,SELL00327,Marketplace Storefront SELL00327,Platinum Seller,Amazon Global,2026-09-07T07:47:36.812128
79,SELL00328,Marketplace Storefront SELL00328,Gold Seller,Amazon Global,2026-09-07T07:47:36.812128
80,SELL00329,Marketplace Storefront SELL00329,Standard Seller,Amazon Global,2026-09-07T07:47:36.812128
81,SELL00330,Marketplace Storefront SELL00330,Platinum Seller,Amazon Global,2026-09-07T07:47:36.812128
82,SELL00335,Marketplace Storefront SELL00335,Standard Seller,Amazon Global,2026-09-07T07:47:36.812128
83,SELL00341,Marketplace Storefront SELL00341,Standard Seller,Amazon Global,2026-09-07T07:47:36.812128
84,SELL00360,Marketplace Storefront SELL00360,Platinum Seller,Amazon Global,2026-09-07T07:47:36.812128
85,SELL00361,Marketplace Storefront SELL00361,Standard Seller,Amazon Global,2026-09-07T07:47:36.812128
86,SELL00370,Marketplace Storefront SELL00370,Gold Seller,Amazon Global,2026-09-07T07:47:36.812128
87,SELL00374,Marketplace Storefront SELL00374,Gold Seller,Amazon Global,2026-09-07T07:47:36.812128
88,SELL00375,Marketplace Storefront SELL00375,Platinum Seller,Amazon Global,2026-09-07T07:47:36.812128
89,SELL00381,Marketplace Storefront SELL00381,Platinum Seller,Amazon Global,2026-09-07T07:47:36.812128
90,SELL00390,Marketplace Storefront SELL00390,Platinum Seller,Amazon Global,2026-09-07T07:47:36.812128
91,SELL00394,Marketplace Storefront SELL00394,Gold Seller,Amazon Global,2026-09-07T07:47:36.812128
92,SELL00395,Marketplace Storefront SELL00395,Standard Seller,Amazon Global,2026-09-07T07:47:36.812128
93,SELL00400,Marketplace Storefront SELL00400,Gold Seller,Amazon Global,2026-09-07T07:47:36.812128
94,SELL00401,Marketplace Storefront SELL00401,Standard Seller,Amazon Global,2026-09-07T07:47:36.812128
95,SELL00410,Marketplace Storefront SELL00410,Gold Seller,Amazon Global,2026-09-07T07:47:36.812128
96,SELL00411,Marketplace Storefront SELL00411,Platinum Seller,Amazon Global,2026-09-07T07:47:36.812128
97,SELL00420,Marketplace Storefront SELL00420,Platinum Seller,Amazon Global,2026-09-07T07:47:36.812128
98,SELL00424,Marketplace Storefront SELL00424,Gold Seller,Amazon Global,2026-09-07T07:47:36.812128
99,SELL00425,Marketplace Storefront SELL00425,Standard Seller,Amazon Global,2026-09-07T07:47:36.812128
100,SELL00441,Marketplace Storefront SELL00441,Platinum Seller,Amazon Global,2026-09-07T07:47:36.812128
101,SELL00451,Marketplace Storefront SELL00451,Standard Seller,Amazon Global,2026-09-07T07:47:36.812128
102,SELL00460,Marketplace Storefront SELL00460,Gold Seller,Amazon Global,2026-09-07T07:47:36.812128
103,SELL00461,Marketplace Storefront SELL00461,Standard Seller,Amazon Global,2026-09-07T07:47:36.812128
104,SELL00476,Marketplace Storefront SELL00476,Gold Seller,Amazon Global,2026-09-07T07:47:36.812128
105,SELL00477,Marketplace Storefront SELL00477,Platinum Seller,Amazon Global,2026-09-07T07:47:36.812128
106,SELL00482,Marketplace Storefront SELL00482,Gold Seller,Amazon Global,2026-09-07T07:47:36.812128
107,SELL00483,Marketplace Storefront SELL00483,Platinum Seller,Amazon Global,2026-09-07T07:47:36.812128
108,SELL00484,Marketplace Storefront SELL00484,Gold Seller,Amazon Global,2026-09-07T07:47:36.812128
109,SELL00485,Marketplace Storefront SELL00485,Standard Seller,Amazon Global,2026-09-07T07:47:36.812128
110,SELL00489,Marketplace Storefront SELL00489,Platinum Seller,Amazon Global,2026-09-07T07:47:36.812128
111,SELL00490,Marketplace Storefront SELL00490,Gold Seller,Amazon Global,2026-09-07T07:47:36.812128
112,SELL00493,Marketplace Storefront SELL00493,Standard Seller,Amazon Global,2026-09-07T07:47:36.812128
113,SELL00494,Marketplace Storefront SELL00494,Gold Seller,Amazon Global,2026-09-07T07:47:36.812128
114,SELL00495,Marketplace Storefront SELL00495,Platinum Seller,Amazon Global,2026-09-07T07:47:36.812128
115,SELL00500,Marketplace Storefront SELL00500,Gold Seller,Amazon Global,2026-09-07T07:47:36.812128
116,SELL00501,Marketplace Storefront SELL00501,Platinum Seller,Amazon Global,2026-09-07T07:47:36.812128
117,SELL00511,Marketplace Storefront SELL00511,Standard Seller,Amazon Global,2026-09-07T07:47:36.812128
118,SELL00522,Marketplace Storefront SELL00522,Platinum Seller,Amazon Global,2026-09-07T07:47:36.812128
119,SELL00523,Marketplace Storefront SELL00523,Standard Seller,Amazon Global,2026-09-07T07:47:36.812128
120,SELL00524,Marketplace Storefront SELL00524,Gold Seller,Amazon Global,2026-09-07T07:47:36.812128
121,SELL00528,Marketplace Storefront SELL00528,Platinum Seller,Amazon Global,2026-09-07T07:47:36.812128
122,SELL00529,Marketplace Storefront SELL00529,Standard Seller,Amazon Global,2026-09-07T07:47:36.812128
123,SELL00536,Marketplace Storefront SELL00536,Gold Seller,Amazon Global,2026-09-07T07:47:36.812128
124,SELL00537,Marketplace Storefront SELL00537,Platinum Seller,Amazon Global,2026-09-07T07:47:36.812128
125,SELL00538,Marketplace Storefront SELL00538,Gold Seller,Amazon Global,2026-09-07T07:47:36.812128
126,SELL00546,Marketplace Storefront SELL00546,Platinum Seller,Amazon Global,2026-09-07T07:47:36.812128
127,SELL00553,Marketplace Storefront SELL00553,Standard Seller,Amazon Global,2026-09-07T07:47:36.812128
128,SELL00554,Marketplace Storefront SELL00554,Gold Seller,Amazon Global,2026-09-07T07:47:36.812128
129,SELL00555,Marketplace Storefront SELL00555,Platinum Seller,Amazon Global,2026-09-07T07:47:36.812128
130,SELL00563,Marketplace Storefront SELL00563,Standard Seller,Amazon Global,2026-09-07T07:47:36.812128
131,SELL00564,Marketplace Storefront SELL00564,Platinum Seller,Amazon Global,2026-09-07T07:47:36.812128
132,SELL00565,Marketplace Storefront SELL00565,Standard Seller,Amazon Global,2026-09-07T07:47:36.812128
133,SELL00576,Marketplace Storefront SELL00576,Platinum Seller,Amazon Global,2026-09-07T07:47:36.812128
134,SELL00577,Marketplace Storefront SELL00577,Standard Seller,Amazon Global,2026-09-07T07:47:36.812128
135,SELL00596,Marketplace Storefront SELL00596,Gold Seller,Amazon Global,2026-09-07T07:47:36.812128
136,SELL00597,Marketplace Storefront SELL00597,Platinum Seller,Amazon Global,2026-09-07T07:47:36.812128
137,SELL00601,Marketplace Storefront SELL00601,Standard Seller,Amazon Global,2026-09-07T07:47:36.812128
138,SELL00610,Marketplace Storefront SELL00610,Gold Seller,Amazon Global,2026-09-07T07:47:36.812128
139,SELL00611,Marketplace Storefront SELL00611,Standard Seller,Amazon Global,2026-09-07T07:47:36.812128
140,SELL00621,Marketplace Storefront SELL00621,Platinum Seller,Amazon Global,2026-09-07T07:47:36.812128
141,SELL00632,Marketplace Storefront SELL00632,Gold Seller,Amazon Global,2026-09-07T07:47:36.812128
142,SELL00633,Marketplace Storefront SELL00633,Platinum Seller,Amazon Global,2026-09-07T07:47:36.812128
143,SELL00634,Marketplace Storefront SELL00634,Gold Seller,Amazon Global,2026-09-07T07:47:36.812128
144,SELL00638,Marketplace Storefront SELL00638,Gold Seller,Amazon Global,2026-09-07T07:47:36.812128
145,SELL00639,Marketplace Storefront SELL00639,Platinum Seller,Amazon Global,2026-09-07T07:47:36.812128
146,SELL00641,Marketplace Storefront SELL00641,Standard Seller,Amazon Global,2026-09-07T07:47:36.812128
147,SELL00650,Marketplace Storefront SELL00650,Gold Seller,Amazon Global,2026-09-07T07:47:36.812128
148,SELL00654,Marketplace Storefront SELL00654,Platinum Seller,Amazon Global,2026-09-07T07:47:36.812128
149,SELL00655,Marketplace Storefront SELL00655,Standard Seller,Amazon Global,2026-09-07T07:47:36.812128
150,SELL00660,Marketplace Storefront SELL00660,Platinum Seller,Amazon Global,2026-09-07T07:47:36.812128
151,SELL00661,Marketplace Storefront SELL00661,Standard Seller,Amazon Global,2026-09-07T07:47:36.812128
152,SELL00670,Marketplace Storefront SELL00670,Gold Seller,Amazon Global,2026-09-07T07:47:36.812128
153,SELL00671,Marketplace Storefront SELL00671,Standard Seller,Amazon Global,2026-09-07T07:47:36.812128
154,SELL00675,Marketplace Storefront SELL00675,Platinum Seller,Amazon Global,2026-09-07T07:47:36.812128
155,SELL00682,Marketplace Storefront SELL00682,Gold Seller,Amazon Global,2026-09-07T07:47:36.812128
156,SELL00683,Marketplace Storefront SELL00683,Standard Seller,Amazon Global,2026-09-07T07:47:36.812128
157,SELL00684,Marketplace Storefront SELL00684,Platinum Seller,Amazon Global,2026-09-07T07:47:36.812128
158,SELL00685,Marketplace Storefront SELL00685,Standard Seller,Amazon Global,2026-09-07T07:47:36.812128
159,SELL00689,Marketplace Storefront SELL00689,Standard Seller,Amazon Global,2026-09-07T07:47:36.812128
160,SELL00692,Marketplace Storefront SELL00692,Gold Seller,Amazon Global,2026-09-07T07:47:36.812128
161,SELL00693,Marketplace Storefront SELL00693,Platinum Seller,Amazon Global,2026-09-07T07:47:36.812128
162,SELL00694,Marketplace Storefront SELL00694,Gold Seller,Amazon Global,2026-09-07T07:47:36.812128
163,SELL00699,Marketplace Storefront SELL00699,Platinum Seller,Amazon Global,2026-09-07T07:47:36.812128
164,SELL00712,Marketplace Storefront SELL00712,Gold Seller,Amazon Global,2026-09-07T07:47:36.812128
165,SELL00713,Marketplace Storefront SELL00713,Standard Seller,Amazon Global,2026-09-07T07:47:36.812128
166,SELL00717,Marketplace Storefront SELL00717,Platinum Seller,Amazon Global,2026-09-07T07:47:36.812128
167,SELL00718,Marketplace Storefront SELL00718,Gold Seller,Amazon Global,2026-09-07T07:47:36.812128
168,SELL00719,Marketplace Storefront SELL00719,Standard Seller,Amazon Global,2026-09-07T07:47:36.812128
169,SELL00730,Marketplace Storefront SELL00730,Gold Seller,Amazon Global,2026-09-07T07:47:36.812128
170,SELL00731,Marketplace Storefront SELL00731,Standard Seller,Amazon Global,2026-09-07T07:47:36.812128
171,SELL00746,Marketplace Storefront SELL00746,Gold Seller,Amazon Global,2026-09-07T07:47:36.812128
172,SELL00747,Marketplace Storefront SELL00747,Platinum Seller,Amazon Global,2026-09-07T07:47:36.812128
173,SELL00752,Marketplace Storefront SELL00752,Gold Seller,Amazon Global,2026-09-07T07:47:36.812128
174,SELL00757,Marketplace Storefront SELL00757,Standard Seller,Amazon Global,2026-09-07T07:47:36.812128
175,SELL00758,Marketplace Storefront SELL00758,Gold Seller,Amazon Global,2026-09-07T07:47:36.812128
176,SELL00759,Marketplace Storefront SELL00759,Platinum Seller,Amazon Global,2026-09-07T07:47:36.812128
177,SELL00762,Marketplace Storefront SELL00762,Platinum Seller,Amazon Global,2026-09-07T07:47:36.812128
178,SELL00763,Marketplace Storefront SELL00763,Standard Seller,Amazon Global,2026-09-07T07:47:36.812128
179,SELL00764,Marketplace Storefront SELL00764,Gold Seller,Amazon Global,2026-09-07T07:47:36.812128
180,SELL00769,Marketplace Storefront SELL00769,Standard Seller,Amazon Global,2026-09-07T07:47:36.812128
181,SELL00772,Marketplace Storefront SELL00772,Gold Seller,Amazon Global,2026-09-07T07:47:36.812128
182,SELL00773,Marketplace Storefront SELL00773,Standard Seller,Amazon Global,2026-09-07T07:47:36.812128
183,SELL00777,Marketplace Storefront SELL00777,Platinum Seller,Amazon Global,2026-09-07T07:47:36.812128
184,SELL00778,Marketplace Storefront SELL00778,Gold Seller,Amazon Global,2026-09-07T07:47:36.812128
185,SELL00779,Marketplace Storefront SELL00779,Standard Seller,Amazon Global,2026-09-07T07:47:36.812128
186,SELL00786,Marketplace Storefront SELL00786,Platinum Seller,Amazon Global,2026-09-07T07:47:36.812128
187,SELL00787,Marketplace Storefront SELL00787,Standard Seller,Amazon Global,2026-09-07T07:47:36.812128
188,SELL00791,Marketplace Storefront SELL00791,Standard Seller,Amazon Global,2026-09-07T07:47:36.812128
189,SELL00800,Marketplace Storefront SELL00800,Gold Seller,Amazon Global,2026-09-07T07:47:36.812128
190,SELL00804,Marketplace Storefront SELL00804,Platinum Seller,Amazon Global,2026-09-07T07:47:36.812128
191,SELL00805,Marketplace Storefront SELL00805,Standard Seller,Amazon Global,2026-09-07T07:47:36.812128
192,SELL00822,Marketplace Storefront SELL00822,Platinum Seller,Amazon Global,2026-09-07T07:47:36.812128
193,SELL00823,Marketplace Storefront SELL00823,Standard Seller,Amazon Global,2026-09-07T07:47:36.812128
194,SELL00824,Marketplace Storefront SELL00824,Gold Seller,Amazon Global,2026-09-07T07:47:36.812128
195,SELL00828,Marketplace Storefront SELL00828,Platinum Seller,Amazon Global,2026-09-07T07:47:36.812128
196,SELL00829,Marketplace Storefront SELL00829,Standard Seller,Amazon Global,2026-09-07T07:47:36.812128
197,SELL00831,Marketplace Storefront SELL00831,Platinum Seller,Amazon Global,2026-09-07T07:47:36.812128
198,SELL00846,Marketplace Storefront SELL00846,Platinum Seller,Amazon Global,2026-09-07T07:47:36.812128
199,SELL00856,Marketplace Storefront SELL00856,Gold Seller,Amazon Global,2026-09-07T07:47:36.812128
200,SELL00857,Marketplace Storefront SELL00857,Standard Seller,Amazon Global,2026-09-07T07:47:36.812128
201,SELL00862,Marketplace Storefront SELL00862,Gold Seller,Amazon Global,2026-09-07T07:47:36.812128
202,SELL00863,Marketplace Storefront SELL00863,Standard Seller,Amazon Global,2026-09-07T07:47:36.812128
203,SELL00864,Marketplace Storefront SELL00864,Platinum Seller,Amazon Global,2026-09-07T07:47:36.812128
204,SELL00865,Marketplace Storefront SELL00865,Standard Seller,Amazon Global,2026-09-07T07:47:36.812128
205,SELL00880,Marketplace Storefront SELL00880,Gold Seller,Amazon Global,2026-09-07T07:47:36.812128
206,SELL00881,Marketplace Storefront SELL00881,Standard Seller,Amazon Global,2026-09-07T07:47:36.812128
207,SELL00890,Marketplace Storefront SELL00890,Gold Seller,Amazon Global,2026-09-07T07:47:36.812128
208,SELL00891,Marketplace Storefront SELL00891,Platinum Seller,Amazon Global,2026-09-07T07:47:36.812128
209,SELL00900,Marketplace Storefront SELL00900,Platinum Seller,Amazon Global,2026-09-07T07:47:36.812128
210,SELL00905,Marketplace Storefront SELL00905,Standard Seller,Amazon Global,2026-09-07T07:47:36.812128
211,SELL00912,Marketplace Storefront SELL00912,Platinum Seller,Amazon Global,2026-09-07T07:47:36.812128
212,SELL00916,Marketplace Storefront SELL00916,Gold Seller,Amazon Global,2026-09-07T07:47:36.812128
213,SELL00917,Marketplace Storefront SELL00917,Standard Seller,Amazon Global,2026-09-07T07:47:36.812128
214,SELL00918,Marketplace Storefront SELL00918,Platinum Seller,Amazon Global,2026-09-07T07:47:36.812128
215,SELL00919,Marketplace Storefront SELL00919,Standard Seller,Amazon Global,2026-09-07T07:47:36.812128
216,SELL00926,Marketplace Storefront SELL00926,Gold Seller,Amazon Global,2026-09-07T07:47:36.812128
217,SELL00927,Marketplace Storefront SELL00927,Platinum Seller,Amazon Global,2026-09-07T07:47:36.812128
218,SELL00928,Marketplace Storefront SELL00928,Gold Seller,Amazon Global,2026-09-07T07:47:36.812128
219,SELL00936,Marketplace Storefront SELL00936,Platinum Seller,Amazon Global,2026-09-07T07:47:36.812128
220,SELL00942,Marketplace Storefront SELL00942,Platinum Seller,Amazon Global,2026-09-07T07:47:36.812128
221,SELL00943,Marketplace Storefront SELL00943,Standard Seller,Amazon Global,2026-09-07T07:47:36.812128
222,SELL00948,Marketplace Storefront SELL00948,Platinum Seller,Amazon Global,2026-09-07T07:47:36.812128
223,SELL00949,Marketplace Storefront SELL00949,Standard Seller,Amazon Global,2026-09-07T07:47:36.812128
224,SELL00962,Marketplace Storefront SELL00962,Gold Seller,Amazon Global,2026-09-07T07:47:36.812128
225,SELL00963,Marketplace Storefront SELL00963,Platinum Seller,Amazon Global,2026-09-07T07:47:36.812128
226,SELL00967,Marketplace Storefront SELL00967,Standard Seller,Amazon Global,2026-09-07T07:47:36.812128
227,SELL00968,Marketplace Storefront SELL00968,Gold Seller,Amazon Global,2026-09-07T07:47:36.812128
228,SELL00969,Marketplace Storefront SELL00969,Platinum Seller,Amazon Global,2026-09-07T07:47:36.812128
229,SELL00986,Marketplace Storefront SELL00986,Gold Seller,Amazon Global,2026-09-07T07:47:36.812128
230,SELL00987,Marketplace Storefront SELL00987,Platinum Seller,Amazon Global,2026-09-07T07:47:36.812128
231,SELL00988,Marketplace Storefront SELL00988,Gold Seller,Amazon Global,2026-09-07T07:47:36.812128
232,SELL00990,Marketplace Storefront SELL00990,Platinum Seller,Amazon Global,2026-09-07T07:47:36.812128
233,SELL00994,Marketplace Storefront SELL00994,Gold Seller,Amazon Global,2026-09-07T07:47:36.812128
234,SELL00995,Marketplace Storefront SELL00995,Standard Seller,Amazon Global,2026-09-07T07:47:36.812128
235,SELL01000,Marketplace Storefront SELL01000,Gold Seller,Amazon Global,2026-09-07T07:47:36.812128
236,SELL01004,Marketplace Storefront SELL01004,Gold Seller,Amazon Global,2026-09-07T07:47:36.812128
237,SELL01005,Marketplace Storefront SELL01005,Platinum Seller,Amazon Global,2026-09-07T07:47:36.812128
238,SELL01013,Marketplace Storefront SELL01013,Standard Seller,Amazon Global,2026-09-07T07:47:36.812128
239,SELL01014,Marketplace Storefront SELL01014,Platinum Seller,Amazon Global,2026-09-07T07:47:36.812128
240,SELL01015,Marketplace Storefront SELL01015,Standard Seller,Amazon Global,2026-09-07T07:47:36.812128
241,SELL01022,Marketplace Storefront SELL01022,Gold Seller,Amazon Global,2026-09-07T07:47:36.812128
242,SELL01023,Marketplace Storefront SELL01023,Platinum Seller,Amazon Global,2026-09-07T07:47:36.812128
243,SELL01024,Marketplace Storefront SELL01024,Gold Seller,Amazon Global,2026-09-07T07:47:36.812128
244,SELL01028,Marketplace Storefront SELL01028,Gold Seller,Amazon Global,2026-09-07T07:47:36.812128
245,SELL01029,Marketplace Storefront SELL01029,Platinum Seller,Amazon Global,2026-09-07T07:47:36.812128
246,SELL01030,Marketplace Storefront SELL01030,Gold Seller,Amazon Global,2026-09-07T07:47:36.812128
247,SELL01035,Marketplace Storefront SELL01035,Platinum Seller,Amazon Global,2026-09-07T07:47:36.812128
248,SELL01042,Marketplace Storefront SELL01042,Gold Seller,Amazon Global,2026-09-07T07:47:36.812128
249,SELL01043,Marketplace Storefront SELL01043,Standard Seller,Amazon Global,2026-09-07T07:47:36.812128
250,SELL01044,Marketplace Storefront SELL01044,Platinum Seller,Amazon Global,2026-09-07T07:47:36.812128
251,SELL01045,Marketplace Storefront SELL01045,Standard Seller,Amazon Global,2026-09-07T07:47:36.812128
252,SELL01049,Marketplace Storefront SELL01049,Standard Seller,Amazon Global,2026-09-07T07:47:36.812128
253,SELL01051,Marketplace Storefront SELL01051,Standard Seller,Amazon Global,2026-09-07T07:47:36.812128
254,SELL01060,Marketplace Storefront SELL01060,Gold Seller,Amazon Global,2026-09-07T07:47:36.812128
255,SELL01065,Marketplace Storefront SELL01065,Platinum Seller,Amazon Global,2026-09-07T07:47:36.812128
256,SELL01076,Marketplace Storefront SELL01076,Gold Seller,Amazon Global,2026-09-07T07:47:36.812128
257,SELL01077,Marketplace Storefront SELL01077,Platinum Seller,Amazon Global,2026-09-07T07:47:36.812128
258,SELL01078,Marketplace Storefront SELL01078,Gold Seller,Amazon Global,2026-09-07T07:47:36.812128
259,SELL01079,Marketplace Storefront SELL01079,Standard Seller,Amazon Global,2026-09-07T07:47:36.812128
260,SELL01080,Marketplace Storefront SELL01080,Platinum Seller,Amazon Global,2026-09-07T07:47:36.812128
261,SELL01085,Marketplace Storefront SELL01085,Standard Seller,Amazon Global,2026-09-07T07:47:36.812128
262,SELL01096,Marketplace Storefront SELL01096,Gold Seller,Amazon Global,2026-09-07T07:47:36.812128
263,SELL01097,Marketplace Storefront SELL01097,Standard Seller,Amazon Global,2026-09-07T07:47:36.812128
264,SELL01103,Marketplace Storefront SELL01103,Standard Seller,Amazon Global,2026-09-07T07:47:36.812128
265,SELL01104,Marketplace Storefront SELL01104,Platinum Seller,Amazon Global,2026-09-07T07:47:36.812128
266,SELL01105,Marketplace Storefront SELL01105,Standard Seller,Amazon Global,2026-09-07T07:47:36.812128
267,SELL01106,Marketplace Storefront SELL01106,Gold Seller,Amazon Global,2026-09-07T07:47:36.812128
268,SELL01111,Marketplace Storefront SELL01111,Standard Seller,Amazon Global,2026-09-07T07:47:36.812128
269,SELL01117,Marketplace Storefront SELL01117,Standard Seller,Amazon Global,2026-09-07T07:47:36.812128
270,SELL01118,Marketplace Storefront SELL01118,Gold Seller,Amazon Global,2026-09-07T07:47:36.812128
271,SELL01119,Marketplace Storefront SELL01119,Platinum Seller,Amazon Global,2026-09-07T07:47:36.812128
272,SELL01131,Marketplace Storefront SELL01131,Platinum Seller,Amazon Global,2026-09-07T07:47:36.812128
273,SELL01138,Marketplace Storefront SELL01138,Gold Seller,Amazon Global,2026-09-07T07:47:36.812128
274,SELL01139,Marketplace Storefront SELL01139,Standard Seller,Amazon Global,2026-09-07T07:47:36.812128
275,SELL01142,Marketplace Storefront SELL01142,Gold Seller,Amazon Global,2026-09-07T07:47:36.812128
276,SELL01143,Marketplace Storefront SELL01143,Platinum Seller,Amazon Global,2026-09-07T07:47:36.812128
277,SELL01162,Marketplace Storefront SELL01162,Gold Seller,Amazon Global,2026-09-07T07:47:36.812128
278,SELL01172,Marketplace Storefront SELL01172,Gold Seller,Amazon Global,2026-09-07T07:47:36.812128
279,SELL01173,Marketplace Storefront SELL01173,Platinum Seller,Amazon Global,2026-09-07T07:47:36.812128
280,SELL01174,Marketplace Storefront SELL01174,Gold Seller,Amazon Global,2026-09-07T07:47:36.812128
281,SELL01182,Marketplace Storefront SELL01182,Platinum Seller,Amazon Global,2026-09-07T07:47:36.812128
282,SELL01200,Marketplace Storefront SELL01200,Platinum Seller,Amazon Global,2026-09-07T07:47:36.812128
283,SELL01204,Marketplace Storefront SELL01204,Gold Seller,Amazon Global,2026-09-07T07:47:36.812128
284,SELL01205,Marketplace Storefront SELL01205,Standard Seller,Amazon Global,2026-09-07T07:47:36.812128
285,SELL01212,Marketplace Storefront SELL01212,Platinum Seller,Amazon Global,2026-09-07T07:47:36.812128
286,SELL01213,Marketplace Storefront SELL01213,Standard Seller,Amazon Global,2026-09-07T07:47:36.812128
287,SELL01214,Marketplace Storefront SELL01214,Gold Seller,Amazon Global,2026-09-07T07:47:36.812128
288,SELL01218,Marketplace Storefront SELL01218,Platinum Seller,Amazon Global,2026-09-07T07:47:36.812128
289,SELL01219,Marketplace Storefront SELL01219,Standard Seller,Amazon Global,2026-09-07T07:47:36.812128
290,SELL01220,Marketplace Storefront SELL01220,Gold Seller,Amazon Global,2026-09-07T07:47:36.812128
291,SELL01224,Marketplace Storefront SELL01224,Platinum Seller,Amazon Global,2026-09-07T07:47:36.812128
292,SELL01225,Marketplace Storefront SELL01225,Standard Seller,Amazon Global,2026-09-07T07:47:36.812128
293,SELL01232,Marketplace Storefront SELL01232,Gold Seller,Amazon Global,2026-09-07T07:47:36.812128
294,SELL01233,Marketplace Storefront SELL01233,Platinum Seller,Amazon Global,2026-09-07T07:47:36.812128
295,SELL01234,Marketplace Storefront SELL01234,Gold Seller,Amazon Global,2026-09-07T07:47:36.812128
296,SELL01235,Marketplace Storefront SELL01235,Standard Seller,Amazon Global,2026-09-07T07:47:36.812128
297,SELL01239,Marketplace Storefront SELL01239,Platinum Seller,Amazon Global,2026-09-07T07:47:36.812128
298,SELL01242,Marketplace Storefront SELL01242,Platinum Seller,Amazon Global,2026-09-07T07:47:36.812128
299,SELL01243,Marketplace Storefront SELL01243,Standard Seller,Amazon Global,2026-09-07T07:47:36.812128
300,SELL01244,Marketplace Storefront SELL01244,Gold Seller,Amazon Global,2026-09-07T07:47:36.812128
301,SELL01249,Marketplace Storefront SELL01249,Standard Seller,Amazon Global,2026-09-07T07:47:36.812128
302,SELL01256,Marketplace Storefront SELL01256,Gold Seller,Amazon Global,2026-09-07T07:47:36.812128
303,SELL01257,Marketplace Storefront SELL01257,Platinum Seller,Amazon Global,2026-09-07T07:47:36.812128
304,SELL01270,Marketplace Storefront SELL01270,Gold Seller,Amazon Global,2026-09-07T07:47:36.812128
305,SELL01271,Marketplace Storefront SELL01271,Standard Seller,Amazon Global,2026-09-07T07:47:36.812128
306,SELL01283,Marketplace Storefront SELL01283,Standard Seller,Amazon Global,2026-09-07T07:47:36.812128
307,SELL01284,Marketplace Storefront SELL01284,Platinum Seller,Amazon Global,2026-09-07T07:47:36.812128
308,SELL01285,Marketplace Storefront SELL01285,Standard Seller,Amazon Global,2026-09-07T07:47:36.812128
309,SELL01296,Marketplace Storefront SELL01296,Platinum Seller,Amazon Global,2026-09-07T07:47:36.812128
310,SELL01297,Marketplace Storefront SELL01297,Standard Seller,Amazon Global,2026-09-07T07:47:36.812128
311,SELL01306,Marketplace Storefront SELL01306,Gold Seller,Amazon Global,2026-09-07T07:47:36.812128
312,SELL01316,Marketplace Storefront SELL01316,Gold Seller,Amazon Global,2026-09-07T07:47:36.812128
313,SELL01317,Marketplace Storefront SELL01317,Platinum Seller,Amazon Global,2026-09-07T07:47:36.812128
314,SELL01320,Marketplace Storefront SELL01320,Platinum Seller,Amazon Global,2026-09-07T07:47:36.812128
315,SELL01321,Marketplace Storefront SELL01321,Standard Seller,Amazon Global,2026-09-07T07:47:36.812128
316,SELL01330,Marketplace Storefront SELL01330,Gold Seller,Amazon Global,2026-09-07T07:47:36.812128
317,SELL01334,Marketplace Storefront SELL01334,Gold Seller,Amazon Global,2026-09-07T07:47:36.812128
318,SELL01335,Marketplace Storefront SELL01335,Platinum Seller,Amazon Global,2026-09-07T07:47:36.812128
319,SELL01342,Marketplace Storefront SELL01342,Gold Seller,Amazon Global,2026-09-07T07:47:36.812128
320,SELL01343,Marketplace Storefront SELL01343,Standard Seller,Amazon Global,2026-09-07T07:47:36.812128
321,SELL01344,Marketplace Storefront SELL01344,Platinum Seller,Amazon Global,2026-09-07T07:47:36.812128
322,SELL01348,Marketplace Storefront SELL01348,Gold Seller,Amazon Global,2026-09-07T07:47:36.812128
323,SELL01349,Marketplace Storefront SELL01349,Standard Seller,Amazon Global,2026-09-07T07:47:36.812128
324,SELL01356,Marketplace Storefront SELL01356,Platinum Seller,Amazon Global,2026-09-07T07:47:36.812128
325,SELL01361,Marketplace Storefront SELL01361,Standard Seller,Amazon Global,2026-09-07T07:47:36.812128
326,SELL01372,Marketplace Storefront SELL01372,Gold Seller,Amazon Global,2026-09-07T07:47:36.812128
327,SELL01373,Marketplace Storefront SELL01373,Standard Seller,Amazon Global,2026-09-07T07:47:36.812128
328,SELL01374,Marketplace Storefront SELL01374,Platinum Seller,Amazon Global,2026-09-07T07:47:36.812128
329,SELL01378,Marketplace Storefront SELL01378,Gold Seller,Amazon Global,2026-09-07T07:47:36.812128
330,SELL01379,Marketplace Storefront SELL01379,Standard Seller,Amazon Global,2026-09-07T07:47:36.812128
331,SELL01382,Marketplace Storefront SELL01382,Gold Seller,Amazon Global,2026-09-07T07:47:36.812128
332,SELL01383,Marketplace Storefront SELL01383,Platinum Seller,Amazon Global,2026-09-07T07:47:36.812128
333,SELL01384,Marketplace Storefront SELL01384,Gold Seller,Amazon Global,2026-09-07T07:47:36.812128
334,SELL01385,Marketplace Storefront SELL01385,Standard Seller,Amazon Global,2026-09-07T07:47:36.812128
335,SELL01389,Marketplace Storefront SELL01389,Platinum Seller,Amazon Global,2026-09-07T07:47:36.812128
336,SELL01392,Marketplace Storefront SELL01392,Platinum Seller,Amazon Global,2026-09-07T07:47:36.812128
337,SELL01396,Marketplace Storefront SELL01396,Gold Seller,Amazon Global,2026-09-07T07:47:36.812128
338,SELL01397,Marketplace Storefront SELL01397,Standard Seller,Amazon Global,2026-09-07T07:47:36.812128
339,SELL01398,Marketplace Storefront SELL01398,Platinum Seller,Amazon Global,2026-09-07T07:47:36.812128
340,SELL01399,Marketplace Storefront SELL01399,Standard Seller,Amazon Global,2026-09-07T07:47:36.812128
341,SELL01400,Marketplace Storefront SELL01400,Gold Seller,Amazon Global,2026-09-07T07:47:36.812128
342,SELL01405,Marketplace Storefront SELL01405,Standard Seller,Amazon Global,2026-09-07T07:47:36.812128
343,SELL01412,Marketplace Storefront SELL01412,Gold Seller,Amazon Global,2026-09-07T07:47:36.812128
344,SELL01413,Marketplace Storefront SELL01413,Platinum Seller,Amazon Global,2026-09-07T07:47:36.812128
345,SELL01417,Marketplace Storefront SELL01417,Standard Seller,Amazon Global,2026-09-07T07:47:36.812128
346,SELL01418,Marketplace Storefront SELL01418,Gold Seller,Amazon Global,2026-09-07T07:47:36.812128
347,SELL01419,Marketplace Storefront SELL01419,Platinum Seller,Amazon Global,2026-09-07T07:47:36.812128
348,SELL01420,Marketplace Storefront SELL01420,Gold Seller,Amazon Global,2026-09-07T07:47:36.812128
349,SELL01421,Marketplace Storefront SELL01421,Standard Seller,Amazon Global,2026-09-07T07:47:36.812128
350,SELL01430,Marketplace Storefront SELL01430,Gold Seller,Amazon Global,2026-09-07T07:47:36.812128
351,SELL01433,Marketplace Storefront SELL01433,Standard Seller,Amazon Global,2026-09-07T07:47:36.812128
352,SELL01434,Marketplace Storefront SELL01434,Platinum Seller,Amazon Global,2026-09-07T07:47:36.812128
353,SELL01435,Marketplace Storefront SELL01435,Standard Seller,Amazon Global,2026-09-07T07:47:36.812128
354,SELL01442,Marketplace Storefront SELL01442,Gold Seller,Amazon Global,2026-09-07T07:47:36.812128
355,SELL01446,Marketplace Storefront SELL01446,Platinum Seller,Amazon Global,2026-09-07T07:47:36.812128
356,SELL01447,Marketplace Storefront SELL01447,Standard Seller,Amazon Global,2026-09-07T07:47:36.812128
357,SELL01448,Marketplace Storefront SELL01448,Gold Seller,Amazon Global,2026-09-07T07:47:36.812128
358,SELL01449,Marketplace Storefront SELL01449,Platinum Seller,Amazon Global,2026-09-07T07:47:36.812128
359,SELL01456,Marketplace Storefront SELL01456,Gold Seller,Amazon Global,2026-09-07T07:47:36.812128
360,SELL01457,Marketplace Storefront SELL01457,Standard Seller,Amazon Global,2026-09-07T07:47:36.812128
361,SELL01466,Marketplace Storefront SELL01466,Gold Seller,Amazon Global,2026-09-07T07:47:36.812128
362,SELL01467,Marketplace Storefront SELL01467,Platinum Seller,Amazon Global,2026-09-07T07:47:36.812128
363,SELL01471,Marketplace Storefront SELL01471,Standard Seller,Amazon Global,2026-09-07T07:47:36.812128
364,SELL01486,Marketplace Storefront SELL01486,Gold Seller,Amazon Global,2026-09-07T07:47:36.812128
365,SELL01487,Marketplace Storefront SELL01487,Standard Seller,Amazon Global,2026-09-07T07:47:36.812128
366,SELL01488,Marketplace Storefront SELL01488,Platinum Seller,Amazon Global,2026-09-07T07:47:36.812128
367,SELL01490,Marketplace Storefront SELL01490,Gold Seller,Amazon Global,2026-09-07T07:47:36.812128
368,SELL01491,Marketplace Storefront SELL01491,Platinum Seller,Amazon Global,2026-09-07T07:47:36.812128
369,SELL01502,Marketplace Storefront SELL01502,Gold Seller,Amazon Global,2026-09-07T07:47:36.812128
370,SELL01503,Marketplace Storefront SELL01503,Platinum Seller,Amazon Global,2026-09-07T07:47:36.812128
371,SELL01504,Marketplace Storefront SELL01504,Gold Seller,Amazon Global,2026-09-07T07:47:36.812128
372,SELL01505,Marketplace Storefront SELL01505,Standard Seller,Amazon Global,2026-09-07T07:47:36.812128
373,SELL01509,Marketplace Storefront SELL01509,Platinum Seller,Amazon Global,2026-09-07T07:47:36.812128
374,SELL01512,Marketplace Storefront SELL01512,Platinum Seller,Amazon Global,2026-09-07T07:47:36.812128
375,SELL01516,Marketplace Storefront SELL01516,Gold Seller,Amazon Global,2026-09-07T07:47:36.812128
376,SELL01517,Marketplace Storefront SELL01517,Standard Seller,Amazon Global,2026-09-07T07:47:36.812128
377,SELL01518,Marketplace Storefront SELL01518,Platinum Seller,Amazon Global,2026-09-07T07:47:36.812128
378,SELL01519,Marketplace Storefront SELL01519,Standard Seller,Amazon Global,2026-09-07T07:47:36.812128
379,SELL01520,Marketplace Storefront SELL01520,Gold Seller,Amazon Global,2026-09-07T07:47:36.812128
380,SELL01521,Marketplace Storefront SELL01521,Platinum Seller,Amazon Global,2026-09-07T07:47:36.812128
381,SELL01532,Marketplace Storefront SELL01532,Gold Seller,Amazon Global,2026-09-07T07:47:36.812128
382,SELL01533,Marketplace Storefront SELL01533,Platinum Seller,Amazon Global,2026-09-07T07:47:36.812128
383,SELL01537,Marketplace Storefront SELL01537,Standard Seller,Amazon Global,2026-09-07T07:47:36.812128
384,SELL01538,Marketplace Storefront SELL01538,Gold Seller,Amazon Global,2026-09-07T07:47:36.812128
385,SELL01539,Marketplace Storefront SELL01539,Platinum Seller,Amazon Global,2026-09-07T07:47:36.812128
386,SELL01541,Marketplace Storefront SELL01541,Standard Seller,Amazon Global,2026-09-07T07:47:36.812128
387,SELL01552,Marketplace Storefront SELL01552,Gold Seller,Amazon Global,2026-09-07T07:47:36.812128
388,SELL01553,Marketplace Storefront SELL01553,Standard Seller,Amazon Global,2026-09-07T07:47:36.812128
389,SELL01554,Marketplace Storefront SELL01554,Platinum Seller,Amazon Global,2026-09-07T07:47:36.812128
390,SELL01555,Marketplace Storefront SELL01555,Standard Seller,Amazon Global,2026-09-07T07:47:36.812128
391,SELL01559,Marketplace Storefront SELL01559,Standard Seller,Amazon Global,2026-09-07T07:47:36.812128
392,SELL01562,Marketplace Storefront SELL01562,Gold Seller,Amazon Global,2026-09-07T07:47:36.812128
393,SELL01567,Marketplace Storefront SELL01567,Standard Seller,Amazon Global,2026-09-07T07:47:36.812128
394,SELL01568,Marketplace Storefront SELL01568,Gold Seller,Amazon Global,2026-09-07T07:47:36.812128
395,SELL01569,Marketplace Storefront SELL01569,Platinum Seller,Amazon Global,2026-09-07T07:47:36.812128
396,SELL01580,Marketplace Storefront SELL01580,Gold Seller,Amazon Global,2026-09-07T07:47:36.812128
397,SELL01581,Marketplace Storefront SELL01581,Platinum Seller,Amazon Global,2026-09-07T07:47:36.812128
398,SELL01591,Marketplace Storefront SELL01591,Standard Seller,Amazon Global,2026-09-07T07:47:36.812128
399,SELL01600,Marketplace Storefront SELL01600,Gold Seller,Amazon Global,2026-09-07T07:47:36.812128
400,SELL01605,Marketplace Storefront SELL01605,Platinum Seller,Amazon Global,2026-09-07T07:47:36.812128
401,SELL01612,Marketplace Storefront SELL01612,Gold Seller,Amazon Global,2026-09-07T07:47:36.812128
402,SELL01613,Marketplace Storefront SELL01613,Standard Seller,Amazon Global,2026-09-07T07:47:36.812128
403,SELL01614,Marketplace Storefront SELL01614,Platinum Seller,Amazon Global,2026-09-07T07:47:36.812128
404,SELL01615,Marketplace Storefront SELL01615,Standard Seller,Amazon Global,2026-09-07T07:47:36.812128
405,SELL01619,Marketplace Storefront SELL01619,Standard Seller,Amazon Global,2026-09-07T07:47:36.812128
406,SELL01621,Marketplace Storefront SELL01621,Standard Seller,Amazon Global,2026-09-07T07:47:36.812128
407,SELL01632,Marketplace Storefront SELL01632,Platinum Seller,Amazon Global,2026-09-07T07:47:36.812128
408,SELL01636,Marketplace Storefront SELL01636,Gold Seller,Amazon Global,2026-09-07T07:47:36.812128
409,SELL01637,Marketplace Storefront SELL01637,Standard Seller,Amazon Global,2026-09-07T07:47:36.812128
410,SELL01638,Marketplace Storefront SELL01638,Platinum Seller,Amazon Global,2026-09-07T07:47:36.812128
411,SELL01639,Marketplace Storefront SELL01639,Standard Seller,Amazon Global,2026-09-07T07:47:36.812128
412,SELL01642,Marketplace Storefront SELL01642,Gold Seller,Amazon Global,2026-09-07T07:47:36.812128
413,SELL01646,Marketplace Storefront SELL01646,Gold Seller,Amazon Global,2026-09-07T07:47:36.812128
414,SELL01647,Marketplace Storefront SELL01647,Platinum Seller,Amazon Global,2026-09-07T07:47:36.812128
415,SELL01648,Marketplace Storefront SELL01648,Gold Seller,Amazon Global,2026-09-07T07:47:36.812128
416,SELL01649,Marketplace Storefront SELL01649,Standard Seller,Amazon Global,2026-09-07T07:47:36.812128
417,SELL01650,Marketplace Storefront SELL01650,Platinum Seller,Amazon Global,2026-09-07T07:47:36.812128
418,SELL01651,Marketplace Storefront SELL01651,Standard Seller,Amazon Global,2026-09-07T07:47:36.812128
419,SELL01662,Marketplace Storefront SELL01662,Platinum Seller,Amazon Global,2026-09-07T07:47:36.812128
420,SELL01663,Marketplace Storefront SELL01663,Standard Seller,Amazon Global,2026-09-07T07:47:36.812128
421,SELL01667,Marketplace Storefront SELL01667,Standard Seller,Amazon Global,2026-09-07T07:47:36.812128
422,SELL01668,Marketplace Storefront SELL01668,Platinum Seller,Amazon Global,2026-09-07T07:47:36.812128
423,SELL01669,Marketplace Storefront SELL01669,Standard Seller,Amazon Global,2026-09-07T07:47:36.812128
424,SELL01676,Marketplace Storefront SELL01676,Gold Seller,Amazon Global,2026-09-07T07:47:36.812128
425,SELL01677,Marketplace Storefront SELL01677,Platinum Seller,Amazon Global,2026-09-07T07:47:36.812128
426,SELL01680,Marketplace Storefront SELL01680,Platinum Seller,Amazon Global,2026-09-07T07:47:36.812128
427,SELL01681,Marketplace Storefront SELL01681,Standard Seller,Amazon Global,2026-09-07T07:47:36.812128
428,SELL01693,Marketplace Storefront SELL01693,Standard Seller,Amazon Global,2026-09-07T07:47:36.812128
429,SELL01694,Marketplace Storefront SELL01694,Gold Seller,Amazon Global,2026-09-07T07:47:36.812128
430,SELL01695,Marketplace Storefront SELL01695,Platinum Seller,Amazon Global,2026-09-07T07:47:36.812128
431,SELL01700,Marketplace Storefront SELL01700,Gold Seller,Amazon Global,2026-09-07T07:47:36.812128
432,SELL01701,Marketplace Storefront SELL01701,Platinum Seller,Amazon Global,2026-09-07T07:47:36.812128
433,SELL01716,Marketplace Storefront SELL01716,Platinum Seller,Amazon Global,2026-09-07T07:47:36.812128
434,SELL01722,Marketplace Storefront SELL01722,Platinum Seller,Amazon Global,2026-09-07T07:47:36.812128
435,SELL01723,Marketplace Storefront SELL01723,Standard Seller,Amazon Global,2026-09-07T07:47:36.812128
436,SELL01724,Marketplace Storefront SELL01724,Gold Seller,Amazon Global,2026-09-07T07:47:36.812128
437,SELL01725,Marketplace Storefront SELL01725,Platinum Seller,Amazon Global,2026-09-07T07:47:36.812128
438,SELL01729,Marketplace Storefront SELL01729,Standard Seller,Amazon Global,2026-09-07T07:47:36.812128
439,SELL01731,Marketplace Storefront SELL01731,Platinum Seller,Amazon Global,2026-09-07T07:47:36.812128
440,SELL01743,Marketplace Storefront SELL01743,Platinum Seller,Amazon Global,2026-09-07T07:47:36.812128
441,SELL01744,Marketplace Storefront SELL01744,Gold Seller,Amazon Global,2026-09-07T07:47:36.812128
442,SELL01745,Marketplace Storefront SELL01745,Standard Seller,Amazon Global,2026-09-07T07:47:36.812128
443,SELL01756,Marketplace Storefront SELL01756,Gold Seller,Amazon Global,2026-09-07T07:47:36.812128
444,SELL01757,Marketplace Storefront SELL01757,Standard Seller,Amazon Global,2026-09-07T07:47:36.812128
445,SELL01760,Marketplace Storefront SELL01760,Gold Seller,Amazon Global,2026-09-07T07:47:36.812128
446,SELL01761,Marketplace Storefront SELL01761,Platinum Seller,Amazon Global,2026-09-07T07:47:36.812128
447,SELL01770,Marketplace Storefront SELL01770,Platinum Seller,Amazon Global,2026-09-07T07:47:36.812128
448,SELL01771,Marketplace Storefront SELL01771,Standard Seller,Amazon Global,2026-09-07T07:47:36.812128
449,SELL01780,Marketplace Storefront SELL01780,Gold Seller,Amazon Global,2026-09-07T07:47:36.812128
450,SELL01781,Marketplace Storefront SELL01781,Standard Seller,Amazon Global,2026-09-07T07:47:36.812128
451,SELL01793,Marketplace Storefront SELL01793,Standard Seller,Amazon Global,2026-09-07T07:47:36.812128
452,SELL01794,Marketplace Storefront SELL01794,Platinum Seller,Amazon Global,2026-09-07T07:47:36.812128
453,SELL01795,Marketplace Storefront SELL01795,Standard Seller,Amazon Global,2026-09-07T07:47:36.812128
454,SELL01810,Marketplace Storefront SELL01810,Gold Seller,Amazon Global,2026-09-07T07:47:36.812128
455,SELL01811,Marketplace Storefront SELL01811,Standard Seller,Amazon Global,2026-09-07T07:47:36.812128
456,SELL01823,Marketplace Storefront SELL01823,Standard Seller,Amazon Global,2026-09-07T07:47:36.812128
457,SELL01824,Marketplace Storefront SELL01824,Platinum Seller,Amazon Global,2026-09-07T07:47:36.812128
458,SELL01825,Marketplace Storefront SELL01825,Standard Seller,Amazon Global,2026-09-07T07:47:36.812128
459,SELL01836,Marketplace Storefront SELL01836,Platinum Seller,Amazon Global,2026-09-07T07:47:36.812128
460,SELL01843,Marketplace Storefront SELL01843,Standard Seller,Amazon Global,2026-09-07T07:47:36.812128
461,SELL01844,Marketplace Storefront SELL01844,Gold Seller,Amazon Global,2026-09-07T07:47:36.812128
462,SELL01845,Marketplace Storefront SELL01845,Platinum Seller,Amazon Global,2026-09-07T07:47:36.812128
463,SELL01861,Marketplace Storefront SELL01861,Standard Seller,Amazon Global,2026-09-07T07:47:36.812128
464,SELL01871,Marketplace Storefront SELL01871,Standard Seller,Amazon Global,2026-09-07T07:47:36.812128
465,SELL01880,Marketplace Storefront SELL01880,Gold Seller,Amazon Global,2026-09-07T07:47:36.812128
466,SELL01883,Marketplace Storefront SELL01883,Standard Seller,Amazon Global,2026-09-07T07:47:36.812128
467,SELL01884,Marketplace Storefront SELL01884,Platinum Seller,Amazon Global,2026-09-07T07:47:36.812128
468,SELL01885,Marketplace Storefront SELL01885,Standard Seller,Amazon Global,2026-09-07T07:47:36.812128
469,SELL01892,Marketplace Storefront SELL01892,Gold Seller,Amazon Global,2026-09-07T07:47:36.812128
470,SELL01893,Marketplace Storefront SELL01893,Platinum Seller,Amazon Global,2026-09-07T07:47:36.812128
471,SELL01894,Marketplace Storefront SELL01894,Gold Seller,Amazon Global,2026-09-07T07:47:36.812128
472,SELL01898,Marketplace Storefront SELL01898,Gold Seller,Amazon Global,2026-09-07T07:47:36.812128
473,SELL01899,Marketplace Storefront SELL01899,Platinum Seller,Amazon Global,2026-09-07T07:47:36.812128
474,SELL01903,Marketplace Storefront SELL01903,Standard Seller,Amazon Global,2026-09-07T07:47:36.812128
475,SELL01904,Marketplace Storefront SELL01904,Gold Seller,Amazon Global,2026-09-07T07:47:36.812128
476,SELL01905,Marketplace Storefront SELL01905,Platinum Seller,Amazon Global,2026-09-07T07:47:36.812128
477,SELL01910,Marketplace Storefront SELL01910,Gold Seller,Amazon Global,2026-09-07T07:47:36.812128
478,SELL01914,Marketplace Storefront SELL01914,Platinum Seller,Amazon Global,2026-09-07T07:47:36.812128
479,SELL01915,Marketplace Storefront SELL01915,Standard Seller,Amazon Global,2026-09-07T07:47:36.812128
480,SELL01920,Marketplace Storefront SELL01920,Platinum Seller,Amazon Global,2026-09-07T07:47:36.812128
481,SELL01924,Marketplace Storefront SELL01924,Gold Seller,Amazon Global,2026-09-07T07:47:36.812128
482,SELL01925,Marketplace Storefront SELL01925,Standard Seller,Amazon Global,2026-09-07T07:47:36.812128
483,SELL01930,Marketplace Storefront SELL01930,Gold Seller,Amazon Global,2026-09-07T07:47:36.812128
484,SELL01931,Marketplace Storefront SELL01931,Standard Seller,Amazon Global,2026-09-07T07:47:36.812128
485,SELL01946,Marketplace Storefront SELL01946,Gold Seller,Amazon Global,2026-09-07T07:47:36.812128
486,SELL01947,Marketplace Storefront SELL01947,Platinum Seller,Amazon Global,2026-09-07T07:47:36.812128
487,SELL01950,Marketplace Storefront SELL01950,Platinum Seller,Amazon Global,2026-09-07T07:47:36.812128
488,SELL01954,Marketplace Storefront SELL01954,Gold Seller,Amazon Global,2026-09-07T07:47:36.812128
489,SELL01955,Marketplace Storefront SELL01955,Standard Seller,Amazon Global,2026-09-07T07:47:36.812128
490,SELL01972,Marketplace Storefront SELL01972,Gold Seller,Amazon Global,2026-09-07T07:47:36.812128
491,SELL01973,Marketplace Storefront SELL01973,Standard Seller,Amazon Global,2026-09-07T07:47:36.812128
492,SELL01974,Marketplace Storefront SELL01974,Platinum Seller,Amazon Global,2026-09-07T07:47:36.812128
493,SELL01975,Marketplace Storefront SELL01975,Standard Seller,Amazon Global,2026-09-07T07:47:36.812128
494,SELL01979,Marketplace Storefront SELL01979,Standard Seller,Amazon Global,2026-09-07T07:47:36.812128
495,SELL01986,Marketplace Storefront SELL01986,Platinum Seller,Amazon Global,2026-09-07T07:47:36.812128
496,SELL01987,Marketplace Storefront SELL01987,Standard Seller,Amazon Global,2026-09-07T07:47:36.812128
497,SELL01988,Marketplace Storefront SELL01988,Gold Seller,Amazon Global,2026-09-07T07:47:36.812128
498,SELL01996,Marketplace Storefront SELL01996,Gold Seller,Amazon Global,2026-09-07T07:47:36.812128
499,SELL01997,Marketplace Storefront SELL01997,Standard Seller,Amazon Global,2026-09-07T07:47:36.812128
500,SELL01998,Marketplace Storefront SELL01998,Platinum Seller,Amazon Global,2026-09-07T07:47:36.812128
501,SELL00007,Marketplace Storefront SELL00007,Standard Seller,Amazon Global,2026-09-07T07:47:36.812128
502,SELL00010,Marketplace Storefront SELL00010,Gold Seller,Amazon Global,2026-09-07T07:47:36.812128
503,SELL00011,Marketplace Storefront SELL00011,Standard Seller,Amazon Global,2026-09-07T07:47:36.812128
504,SELL00016,Marketplace Storefront SELL00016,Gold Seller,Amazon Global,2026-09-07T07:47:36.812128
505,SELL00018,Marketplace Storefront SELL00018,Platinum Seller,Amazon Global,2026-09-07T07:47:36.812128
506,SELL00023,Marketplace Storefront SELL00023,Standard Seller,Amazon Global,2026-09-07T07:47:36.812128
507,SELL00025,Marketplace Storefront SELL00025,Standard Seller,Amazon Global,2026-09-07T07:47:36.812128
508,SELL00037,Marketplace Storefront SELL00037,Standard Seller,Amazon Global,2026-09-07T07:47:36.812128
509,SELL00047,Marketplace Storefront SELL00047,Standard Seller,Amazon Global,2026-09-07T07:47:36.812128
510,SELL00051,Marketplace Storefront SELL00051,Platinum Seller,Amazon Global,2026-09-07T07:47:36.812128
511,SELL00052,Marketplace Storefront SELL00052,Gold Seller,Amazon Global,2026-09-07T07:47:36.812128
512,SELL00058,Marketplace Storefront SELL00058,Gold Seller,Amazon Global,2026-09-07T07:47:36.812128
513,SELL00060,Marketplace Storefront SELL00060,Platinum Seller,Amazon Global,2026-09-07T07:47:36.812128
514,SELL00061,Marketplace Storefront SELL00061,Standard Seller,Amazon Global,2026-09-07T07:47:36.812128
515,SELL00062,Marketplace Storefront SELL00062,Gold Seller,Amazon Global,2026-09-07T07:47:36.812128
516,SELL00066,Marketplace Storefront SELL00066,Platinum Seller,Amazon Global,2026-09-07T07:47:36.812128
517,SELL00068,Marketplace Storefront SELL00068,Gold Seller,Amazon Global,2026-09-07T07:47:36.812128
518,SELL00072,Marketplace Storefront SELL00072,Platinum Seller,Amazon Global,2026-09-07T07:47:36.812128
519,SELL00074,Marketplace Storefront SELL00074,Gold Seller,Amazon Global,2026-09-07T07:47:36.812128
520,SELL00082,Marketplace Storefront SELL00082,Gold Seller,Amazon Global,2026-09-07T07:47:36.812128
521,SELL00084,Marketplace Storefront SELL00084,Platinum Seller,Amazon Global,2026-09-07T07:47:36.812128
522,SELL00093,Marketplace Storefront SELL00093,Platinum Seller,Amazon Global,2026-09-07T07:47:36.812128
523,SELL00095,Marketplace Storefront SELL00095,Standard Seller,Amazon Global,2026-09-07T07:47:36.812128
524,SELL00099,Marketplace Storefront SELL00099,Platinum Seller,Amazon Global,2026-09-07T07:47:36.812128
525,SELL00102,Marketplace Storefront SELL00102,Platinum Seller,Amazon Global,2026-09-07T07:47:36.812128
526,SELL00104,Marketplace Storefront SELL00104,Gold Seller,Amazon Global,2026-09-07T07:47:36.812128
527,SELL00109,Marketplace Storefront SELL00109,Standard Seller,Amazon Global,2026-09-07T07:47:36.812128
528,SELL00116,Marketplace Storefront SELL00116,Gold Seller,Amazon Global,2026-09-07T07:47:36.812128
529,SELL00118,Marketplace Storefront SELL00118,Gold Seller,Amazon Global,2026-09-07T07:47:36.812128
530,SELL00123,Marketplace Storefront SELL00123,Platinum Seller,Amazon Global,2026-09-07T07:47:36.812128
531,SELL00125,Marketplace Storefront SELL00125,Standard Seller,Amazon Global,2026-09-07T07:47:36.812128
532,SELL00133,Marketplace Storefront SELL00133,Standard Seller,Amazon Global,2026-09-07T07:47:36.812128
533,SELL00135,Marketplace Storefront SELL00135,Platinum Seller,Amazon Global,2026-09-07T07:47:36.812128
534,SELL00144,Marketplace Storefront SELL00144,Platinum Seller,Amazon Global,2026-09-07T07:47:36.812128
535,SELL00156,Marketplace Storefront SELL00156,Platinum Seller,Amazon Global,2026-09-07T07:47:36.812128
536,SELL00160,Marketplace Storefront SELL00160,Gold Seller,Amazon Global,2026-09-07T07:47:36.812128
537,SELL00165,Marketplace Storefront SELL00165,Platinum Seller,Amazon Global,2026-09-07T07:47:36.812128
538,SELL00167,Marketplace Storefront SELL00167,Standard Seller,Amazon Global,2026-09-07T07:47:36.812128
539,SELL00173,Marketplace Storefront SELL00173,Standard Seller,Amazon Global,2026-09-07T07:47:36.812128
540,SELL00178,Marketplace Storefront SELL00178,Gold Seller,Amazon Global,2026-09-07T07:47:36.812128
541,SELL00180,Marketplace Storefront SELL00180,Platinum Seller,Amazon Global,2026-09-07T07:47:36.812128
542,SELL00181,Marketplace Storefront SELL00181,Standard Seller,Amazon Global,2026-09-07T07:47:36.812128
543,SELL00182,Marketplace Storefront SELL00182,Gold Seller,Amazon Global,2026-09-07T07:47:36.812128
544,SELL00187,Marketplace Storefront SELL00187,Standard Seller,Amazon Global,2026-09-07T07:47:36.812128
545,SELL00189,Marketplace Storefront SELL00189,Platinum Seller,Amazon Global,2026-09-07T07:47:36.812128
546,SELL00191,Marketplace Storefront SELL00191,Standard Seller,Amazon Global,2026-09-07T07:47:36.812128
547,SELL00192,Marketplace Storefront SELL00192,Platinum Seller,Amazon Global,2026-09-07T07:47:36.812128
548,SELL00197,Marketplace Storefront SELL00197,Standard Seller,Amazon Global,2026-09-07T07:47:36.812128
549,SELL00199,Marketplace Storefront SELL00199,Standard Seller,Amazon Global,2026-09-07T07:47:36.812128
550,SELL00203,Marketplace Storefront SELL00203,Standard Seller,Amazon Global,2026-09-07T07:47:36.812128
551,SELL00209,Marketplace Storefront SELL00209,Standard Seller,Amazon Global,2026-09-07T07:47:36.812128
552,SELL00210,Marketplace Storefront SELL00210,Platinum Seller,Amazon Global,2026-09-07T07:47:36.812128
553,SELL00215,Marketplace Storefront SELL00215,Standard Seller,Amazon Global,2026-09-07T07:47:36.812128
554,SELL00216,Marketplace Storefront SELL00216,Platinum Seller,Amazon Global,2026-09-07T07:47:36.812128
555,SELL00221,Marketplace Storefront SELL00221,Standard Seller,Amazon Global,2026-09-07T07:47:36.812128
556,SELL00222,Marketplace Storefront SELL00222,Platinum Seller,Amazon Global,2026-09-07T07:47:36.812128
557,SELL00228,Marketplace Storefront SELL00228,Platinum Seller,Amazon Global,2026-09-07T07:47:36.812128
558,SELL00230,Marketplace Storefront SELL00230,Gold Seller,Amazon Global,2026-09-07T07:47:36.812128
559,SELL00235,Marketplace Storefront SELL00235,Standard Seller,Amazon Global,2026-09-07T07:47:36.812128
560,SELL00236,Marketplace Storefront SELL00236,Gold Seller,Amazon Global,2026-09-07T07:47:36.812128
561,SELL00247,Marketplace Storefront SELL00247,Standard Seller,Amazon Global,2026-09-07T07:47:36.812128
562,SELL00253,Marketplace Storefront SELL00253,Standard Seller,Amazon Global,2026-09-07T07:47:36.812128
563,SELL00255,Marketplace Storefront SELL00255,Platinum Seller,Amazon Global,2026-09-07T07:47:36.812128
564,SELL00260,Marketplace Storefront SELL00260,Gold Seller,Amazon Global,2026-09-07T07:47:36.812128
565,SELL00265,Marketplace Storefront SELL00265,Standard Seller,Amazon Global,2026-09-07T07:47:36.812128
566,SELL00266,Marketplace Storefront SELL00266,Gold Seller,Amazon Global,2026-09-07T07:47:36.812128
567,SELL00277,Marketplace Storefront SELL00277,Standard Seller,Amazon Global,2026-09-07T07:47:36.812128
568,SELL00280,Marketplace Storefront SELL00280,Gold Seller,Amazon Global,2026-09-07T07:47:36.812128
569,SELL00281,Marketplace Storefront SELL00281,Standard Seller,Amazon Global,2026-09-07T07:47:36.812128
570,SELL00282,Marketplace Storefront SELL00282,Platinum Seller,Amazon Global,2026-09-07T07:47:36.812128
571,SELL00286,Marketplace Storefront SELL00286,Gold Seller,Amazon Global,2026-09-07T07:47:36.812128
572,SELL00288,Marketplace Storefront SELL00288,Platinum Seller,Amazon Global,2026-09-07T07:47:36.812128
573,SELL00293,Marketplace Storefront SELL00293,Standard Seller,Amazon Global,2026-09-07T07:47:36.812128
574,SELL00297,Marketplace Storefront SELL00297,Platinum Seller,Amazon Global,2026-09-07T07:47:36.812128
575,SELL00299,Marketplace Storefront SELL00299,Standard Seller,Amazon Global,2026-09-07T07:47:36.812128
576,SELL00302,Marketplace Storefront SELL00302,Gold Seller,Amazon Global,2026-09-07T07:47:36.812128
577,SELL00304,Marketplace Storefront SELL00304,Gold Seller,Amazon Global,2026-09-07T07:47:36.812128
578,SELL00310,Marketplace Storefront SELL00310,Gold Seller,Amazon Global,2026-09-07T07:47:36.812128
579,SELL00311,Marketplace Storefront SELL00311,Standard Seller,Amazon Global,2026-09-07T07:47:36.812128
580,SELL00312,Marketplace Storefront SELL00312,Platinum Seller,Amazon Global,2026-09-07T07:47:36.812128
581,SELL00316,Marketplace Storefront SELL00316,Gold Seller,Amazon Global,2026-09-07T07:47:36.812128
582,SELL00318,Marketplace Storefront SELL00318,Platinum Seller,Amazon Global,2026-09-07T07:47:36.812128
583,SELL00324,Marketplace Storefront SELL00324,Platinum Seller,Amazon Global,2026-09-07T07:47:36.812128
584,SELL00333,Marketplace Storefront SELL00333,Platinum Seller,Amazon Global,2026-09-07T07:47:36.812128
585,SELL00339,Marketplace Storefront SELL00339,Platinum Seller,Amazon Global,2026-09-07T07:47:36.812128
586,SELL00340,Marketplace Storefront SELL00340,Gold Seller,Amazon Global,2026-09-07T07:47:36.812128
587,SELL00345,Marketplace Storefront SELL00345,Platinum Seller,Amazon Global,2026-09-07T07:47:36.812128
588,SELL00346,Marketplace Storefront SELL00346,Gold Seller,Amazon Global,2026-09-07T07:47:36.812128
589,SELL00350,Marketplace Storefront SELL00350,Gold Seller,Amazon Global,2026-09-07T07:47:36.812128
590,SELL00351,Marketplace Storefront SELL00351,Platinum Seller,Amazon Global,2026-09-07T07:47:36.812128
591,SELL00356,Marketplace Storefront SELL00356,Gold Seller,Amazon Global,2026-09-07T07:47:36.812128
592,SELL00358,Marketplace Storefront SELL00358,Gold Seller,Amazon Global,2026-09-07T07:47:36.812128
593,SELL00363,Marketplace Storefront SELL00363,Platinum Seller,Amazon Global,2026-09-07T07:47:36.812128
594,SELL00365,Marketplace Storefront SELL00365,Standard Seller,Amazon Global,2026-09-07T07:47:36.812128
595,SELL00369,Marketplace Storefront SELL00369,Platinum Seller,Amazon Global,2026-09-07T07:47:36.812128
596,SELL00373,Marketplace Storefront SELL00373,Standard Seller,Amazon Global,2026-09-07T07:47:36.812128
597,SELL00377,Marketplace Storefront SELL00377,Standard Seller,Amazon Global,2026-09-07T07:47:36.812128
598,SELL00379,Marketplace Storefront SELL00379,Standard Seller,Amazon Global,2026-09-07T07:47:36.812128
599,SELL00380,Marketplace Storefront SELL00380,Gold Seller,Amazon Global,2026-09-07T07:47:36.812128
600,SELL00385,Marketplace Storefront SELL00385,Standard Seller,Amazon Global,2026-09-07T07:47:36.812128
601,SELL00386,Marketplace Storefront SELL00386,Gold Seller,Amazon Global,2026-09-07T07:47:36.812128
602,SELL00393,Marketplace Storefront SELL00393,Platinum Seller,Amazon Global,2026-09-07T07:47:36.812128
603,SELL00397,Marketplace Storefront SELL00397,Standard Seller,Amazon Global,2026-09-07T07:47:36.812128
604,SELL00399,Marketplace Storefront SELL00399,Platinum Seller,Amazon Global,2026-09-07T07:47:36.812128
605,SELL00403,Marketplace Storefront SELL00403,Standard Seller,Amazon Global,2026-09-07T07:47:36.812128
606,SELL00405,Marketplace Storefront SELL00405,Platinum Seller,Amazon Global,2026-09-07T07:47:36.812128
607,SELL00413,Marketplace Storefront SELL00413,Standard Seller,Amazon Global,2026-09-07T07:47:36.812128
608,SELL00415,Marketplace Storefront SELL00415,Standard Seller,Amazon Global,2026-09-07T07:47:36.812128
609,SELL00423,Marketplace Storefront SELL00423,Platinum Seller,Amazon Global,2026-09-07T07:47:36.812128
610,SELL00427,Marketplace Storefront SELL00427,Standard Seller,Amazon Global,2026-09-07T07:47:36.812128
611,SELL00429,Marketplace Storefront SELL00429,Platinum Seller,Amazon Global,2026-09-07T07:47:36.812128
612,SELL00430,Marketplace Storefront SELL00430,Gold Seller,Amazon Global,2026-09-07T07:47:36.812128
613,SELL00431,Marketplace Storefront SELL00431,Standard Seller,Amazon Global,2026-09-07T07:47:36.812128
614,SELL00432,Marketplace Storefront SELL00432,Platinum Seller,Amazon Global,2026-09-07T07:47:36.812128
615,SELL00436,Marketplace Storefront SELL00436,Gold Seller,Amazon Global,2026-09-07T07:47:36.812128
616,SELL00438,Marketplace Storefront SELL00438,Platinum Seller,Amazon Global,2026-09-07T07:47:36.812128
617,SELL00440,Marketplace Storefront SELL00440,Gold Seller,Amazon Global,2026-09-07T07:47:36.812128
618,SELL00445,Marketplace Storefront SELL00445,Standard Seller,Amazon Global,2026-09-07T07:47:36.812128
619,SELL00446,Marketplace Storefront SELL00446,Gold Seller,Amazon Global,2026-09-07T07:47:36.812128
620,SELL00450,Marketplace Storefront SELL00450,Platinum Seller,Amazon Global,2026-09-07T07:47:36.812128
621,SELL00455,Marketplace Storefront SELL00455,Standard Seller,Amazon Global,2026-09-07T07:47:36.812128
622,SELL00456,Marketplace Storefront SELL00456,Platinum Seller,Amazon Global,2026-09-07T07:47:36.812128
623,SELL00463,Marketplace Storefront SELL00463,Standard Seller,Amazon Global,2026-09-07T07:47:36.812128
624,SELL00465,Marketplace Storefront SELL00465,Platinum Seller,Amazon Global,2026-09-07T07:47:36.812128
625,SELL00469,Marketplace Storefront SELL00469,Standard Seller,Amazon Global,2026-09-07T07:47:36.812128
626,SELL00471,Marketplace Storefront SELL00471,Platinum Seller,Amazon Global,2026-09-07T07:47:36.812128
627,SELL00472,Marketplace Storefront SELL00472,Gold Seller,Amazon Global,2026-09-07T07:47:36.812128
628,SELL00474,Marketplace Storefront SELL00474,Platinum Seller,Amazon Global,2026-09-07T07:47:36.812128
629,SELL00478,Marketplace Storefront SELL00478,Gold Seller,Amazon Global,2026-09-07T07:47:36.812128
630,SELL00487,Marketplace Storefront SELL00487,Standard Seller,Amazon Global,2026-09-07T07:47:36.812128
631,SELL00497,Marketplace Storefront SELL00497,Standard Seller,Amazon Global,2026-09-07T07:47:36.812128
632,SELL00499,Marketplace Storefront SELL00499,Standard Seller,Amazon Global,2026-09-07T07:47:36.812128
633,SELL00503,Marketplace Storefront SELL00503,Standard Seller,Amazon Global,2026-09-07T07:47:36.812128
634,SELL00505,Marketplace Storefront SELL00505,Standard Seller,Amazon Global,2026-09-07T07:47:36.812128
635,SELL00510,Marketplace Storefront SELL00510,Platinum Seller,Amazon Global,2026-09-07T07:47:36.812128
636,SELL00515,Marketplace Storefront SELL00515,Standard Seller,Amazon Global,2026-09-07T07:47:36.812128
637,SELL00516,Marketplace Storefront SELL00516,Platinum Seller,Amazon Global,2026-09-07T07:47:36.812128
638,SELL00527,Marketplace Storefront SELL00527,Standard Seller,Amazon Global,2026-09-07T07:47:36.812128
639,SELL00532,Marketplace Storefront SELL00532,Gold Seller,Amazon Global,2026-09-07T07:47:36.812128
640,SELL00534,Marketplace Storefront SELL00534,Platinum Seller,Amazon Global,2026-09-07T07:47:36.812128
641,SELL00541,Marketplace Storefront SELL00541,Standard Seller,Amazon Global,2026-09-07T07:47:36.812128
642,SELL00542,Marketplace Storefront SELL00542,Gold Seller,Amazon Global,2026-09-07T07:47:36.812128
643,SELL00548,Marketplace Storefront SELL00548,Gold Seller,Amazon Global,2026-09-07T07:47:36.812128
644,SELL00557,Marketplace Storefront SELL00557,Standard Seller,Amazon Global,2026-09-07T07:47:36.812128
645,SELL00559,Marketplace Storefront SELL00559,Standard Seller,Amazon Global,2026-09-07T07:47:36.812128
646,SELL00567,Marketplace Storefront SELL00567,Platinum Seller,Amazon Global,2026-09-07T07:47:36.812128
647,SELL00569,Marketplace Storefront SELL00569,Standard Seller,Amazon Global,2026-09-07T07:47:36.812128
648,SELL00571,Marketplace Storefront SELL00571,Standard Seller,Amazon Global,2026-09-07T07:47:36.812128
649,SELL00572,Marketplace Storefront SELL00572,Gold Seller,Amazon Global,2026-09-07T07:47:36.812128
650,SELL00574,Marketplace Storefront SELL00574,Gold Seller,Amazon Global,2026-09-07T07:47:36.812128
651,SELL00578,Marketplace Storefront SELL00578,Gold Seller,Amazon Global,2026-09-07T07:47:36.812128
652,SELL00580,Marketplace Storefront SELL00580,Gold Seller,Amazon Global,2026-09-07T07:47:36.812128
653,SELL00581,Marketplace Storefront SELL00581,Standard Seller,Amazon Global,2026-09-07T07:47:36.812128
654,SELL00585,Marketplace Storefront SELL00585,Platinum Seller,Amazon Global,2026-09-07T07:47:36.812128
655,SELL00586,Marketplace Storefront SELL00586,Gold Seller,Amazon Global,2026-09-07T07:47:36.812128
656,SELL00592,Marketplace Storefront SELL00592,Gold Seller,Amazon Global,2026-09-07T07:47:36.812128
657,SELL00594,Marketplace Storefront SELL00594,Platinum Seller,Amazon Global,2026-09-07T07:47:36.812128
658,SELL00598,Marketplace Storefront SELL00598,Gold Seller,Amazon Global,2026-09-07T07:47:36.812128
659,SELL00600,Marketplace Storefront SELL00600,Platinum Seller,Amazon Global,2026-09-07T07:47:36.812128
660,SELL00605,Marketplace Storefront SELL00605,Standard Seller,Amazon Global,2026-09-07T07:47:36.812128
661,SELL00606,Marketplace Storefront SELL00606,Platinum Seller,Amazon Global,2026-09-07T07:47:36.812128
662,SELL00613,Marketplace Storefront SELL00613,Standard Seller,Amazon Global,2026-09-07T07:47:36.812128
663,SELL00615,Marketplace Storefront SELL00615,Platinum Seller,Amazon Global,2026-09-07T07:47:36.812128
664,SELL00619,Marketplace Storefront SELL00619,Standard Seller,Amazon Global,2026-09-07T07:47:36.812128
665,SELL00620,Marketplace Storefront SELL00620,Gold Seller,Amazon Global,2026-09-07T07:47:36.812128
666,SELL00625,Marketplace Storefront SELL00625,Standard Seller,Amazon Global,2026-09-07T07:47:36.812128
667,SELL00626,Marketplace Storefront SELL00626,Gold Seller,Amazon Global,2026-09-07T07:47:36.812128
668,SELL00637,Marketplace Storefront SELL00637,Standard Seller,Amazon Global,2026-09-07T07:47:36.812128
669,SELL00640,Marketplace Storefront SELL00640,Gold Seller,Amazon Global,2026-09-07T07:47:36.812128
670,SELL00645,Marketplace Storefront SELL00645,Platinum Seller,Amazon Global,2026-09-07T07:47:36.812128
671,SELL00646,Marketplace Storefront SELL00646,Gold Seller,Amazon Global,2026-09-07T07:47:36.812128
672,SELL00653,Marketplace Storefront SELL00653,Standard Seller,Amazon Global,2026-09-07T07:47:36.812128
673,SELL00657,Marketplace Storefront SELL00657,Platinum Seller,Amazon Global,2026-09-07T07:47:36.812128
674,SELL00659,Marketplace Storefront SELL00659,Standard Seller,Amazon Global,2026-09-07T07:47:36.812128
675,SELL00663,Marketplace Storefront SELL00663,Platinum Seller,Amazon Global,2026-09-07T07:47:36.812128
676,SELL00665,Marketplace Storefront SELL00665,Standard Seller,Amazon Global,2026-09-07T07:47:36.812128
677,SELL00669,Marketplace Storefront SELL00669,Platinum Seller,Amazon Global,2026-09-07T07:47:36.812128
678,SELL00673,Marketplace Storefront SELL00673,Standard Seller,Amazon Global,2026-09-07T07:47:36.812128
679,SELL00679,Marketplace Storefront SELL00679,Standard Seller,Amazon Global,2026-09-07T07:47:36.812128
680,SELL00687,Marketplace Storefront SELL00687,Platinum Seller,Amazon Global,2026-09-07T07:47:36.812128
681,SELL00697,Marketplace Storefront SELL00697,Standard Seller,Amazon Global,2026-09-07T07:47:36.812128
682,SELL00700,Marketplace Storefront SELL00700,Gold Seller,Amazon Global,2026-09-07T07:47:36.812128
683,SELL00701,Marketplace Storefront SELL00701,Standard Seller,Amazon Global,2026-09-07T07:47:36.812128
684,SELL00706,Marketplace Storefront SELL00706,Gold Seller,Amazon Global,2026-09-07T07:47:36.812128
685,SELL00708,Marketplace Storefront SELL00708,Platinum Seller,Amazon Global,2026-09-07T07:47:36.812128
686,SELL00714,Marketplace Storefront SELL00714,Platinum Seller,Amazon Global,2026-09-07T07:47:36.812128
687,SELL00720,Marketplace Storefront SELL00720,Platinum Seller,Amazon Global,2026-09-07T07:47:36.812128
688,SELL00721,Marketplace Storefront SELL00721,Standard Seller,Amazon Global,2026-09-07T07:47:36.812128
689,SELL00722,Marketplace Storefront SELL00722,Gold Seller,Amazon Global,2026-09-07T07:47:36.812128
690,SELL00726,Marketplace Storefront SELL00726,Platinum Seller,Amazon Global,2026-09-07T07:47:36.812128
691,SELL00728,Marketplace Storefront SELL00728,Gold Seller,Amazon Global,2026-09-07T07:47:36.812128
692,SELL00733,Marketplace Storefront SELL00733,Standard Seller,Amazon Global,2026-09-07T07:47:36.812128
693,SELL00735,Marketplace Storefront SELL00735,Platinum Seller,Amazon Global,2026-09-07T07:47:36.812128
694,SELL00739,Marketplace Storefront SELL00739,Standard Seller,Amazon Global,2026-09-07T07:47:36.812128
695,SELL00741,Marketplace Storefront SELL00741,Platinum Seller,Amazon Global,2026-09-07T07:47:36.812128
696,SELL00742,Marketplace Storefront SELL00742,Gold Seller,Amazon Global,2026-09-07T07:47:36.812128
697,SELL00744,Marketplace Storefront SELL00744,Platinum Seller,Amazon Global,2026-09-07T07:47:36.812128
698,SELL00748,Marketplace Storefront SELL00748,Gold Seller,Amazon Global,2026-09-07T07:47:36.812128
699,SELL00754,Marketplace Storefront SELL00754,Gold Seller,Amazon Global,2026-09-07T07:47:36.812128
700,SELL00767,Marketplace Storefront SELL00767,Standard Seller,Amazon Global,2026-09-07T07:47:36.812128
701,SELL00774,Marketplace Storefront SELL00774,Platinum Seller,Amazon Global,2026-09-07T07:47:36.812128
702,SELL00782,Marketplace Storefront SELL00782,Gold Seller,Amazon Global,2026-09-07T07:47:36.812128
703,SELL00784,Marketplace Storefront SELL00784,Gold Seller,Amazon Global,2026-09-07T07:47:36.812128
704,SELL00788,Marketplace Storefront SELL00788,Gold Seller,Amazon Global,2026-09-07T07:47:36.812128
705,SELL00790,Marketplace Storefront SELL00790,Gold Seller,Amazon Global,2026-09-07T07:47:36.812128
706,SELL00795,Marketplace Storefront SELL00795,Platinum Seller,Amazon Global,2026-09-07T07:47:36.812128
707,SELL00796,Marketplace Storefront SELL00796,Gold Seller,Amazon Global,2026-09-07T07:47:36.812128
708,SELL00803,Marketplace Storefront SELL00803,Standard Seller,Amazon Global,2026-09-07T07:47:36.812128
709,SELL00807,Marketplace Storefront SELL00807,Platinum Seller,Amazon Global,2026-09-07T07:47:36.812128
710,SELL00809,Marketplace Storefront SELL00809,Standard Seller,Amazon Global,2026-09-07T07:47:36.812128
711,SELL00810,Marketplace Storefront SELL00810,Platinum Seller,Amazon Global,2026-09-07T07:47:36.812128
712,SELL00811,Marketplace Storefront SELL00811,Standard Seller,Amazon Global,2026-09-07T07:47:36.812128
713,SELL00812,Marketplace Storefront SELL00812,Gold Seller,Amazon Global,2026-09-07T07:47:36.812128
714,SELL00816,Marketplace Storefront SELL00816,Platinum Seller,Amazon Global,2026-09-07T07:47:36.812128
715,SELL00818,Marketplace Storefront SELL00818,Gold Seller,Amazon Global,2026-09-07T07:47:36.812128
716,SELL00827,Marketplace Storefront SELL00827,Standard Seller,Amazon Global,2026-09-07T07:47:36.812128
717,SELL00830,Marketplace Storefront SELL00830,Gold Seller,Amazon Global,2026-09-07T07:47:36.812128
718,SELL00835,Marketplace Storefront SELL00835,Standard Seller,Amazon Global,2026-09-07T07:47:36.812128
719,SELL00836,Marketplace Storefront SELL00836,Gold Seller,Amazon Global,2026-09-07T07:47:36.812128
720,SELL00841,Marketplace Storefront SELL00841,Standard Seller,Amazon Global,2026-09-07T07:47:36.812128
721,SELL00842,Marketplace Storefront SELL00842,Gold Seller,Amazon Global,2026-09-07T07:47:36.812128
722,SELL00848,Marketplace Storefront SELL00848,Gold Seller,Amazon Global,2026-09-07T07:47:36.812128
723,SELL00851,Marketplace Storefront SELL00851,Standard Seller,Amazon Global,2026-09-07T07:47:36.812128
724,SELL00852,Marketplace Storefront SELL00852,Platinum Seller,Amazon Global,2026-09-07T07:47:36.812128
725,SELL00854,Marketplace Storefront SELL00854,Gold Seller,Amazon Global,2026-09-07T07:47:36.812128
726,SELL00858,Marketplace Storefront SELL00858,Platinum Seller,Amazon Global,2026-09-07T07:47:36.812128
727,SELL00867,Marketplace Storefront SELL00867,Platinum Seller,Amazon Global,2026-09-07T07:47:36.812128
728,SELL00869,Marketplace Storefront SELL00869,Standard Seller,Amazon Global,2026-09-07T07:47:36.812128
729,SELL00870,Marketplace Storefront SELL00870,Platinum Seller,Amazon Global,2026-09-07T07:47:36.812128
730,SELL00871,Marketplace Storefront SELL00871,Standard Seller,Amazon Global,2026-09-07T07:47:36.812128
731,SELL00876,Marketplace Storefront SELL00876,Platinum Seller,Amazon Global,2026-09-07T07:47:36.812128
732,SELL00878,Marketplace Storefront SELL00878,Gold Seller,Amazon Global,2026-09-07T07:47:36.812128
733,SELL00883,Marketplace Storefront SELL00883,Standard Seller,Amazon Global,2026-09-07T07:47:36.812128
734,SELL00885,Marketplace Storefront SELL00885,Platinum Seller,Amazon Global,2026-09-07T07:47:36.812128
735,SELL00889,Marketplace Storefront SELL00889,Standard Seller,Amazon Global,2026-09-07T07:47:36.812128
736,SELL00893,Marketplace Storefront SELL00893,Standard Seller,Amazon Global,2026-09-07T07:47:36.812128
737,SELL00895,Marketplace Storefront SELL00895,Standard Seller,Amazon Global,2026-09-07T07:47:36.812128
738,SELL00903,Marketplace Storefront SELL00903,Platinum Seller,Amazon Global,2026-09-07T07:47:36.812128
739,SELL00909,Marketplace Storefront SELL00909,Platinum Seller,Amazon Global,2026-09-07T07:47:36.812128
740,SELL00914,Marketplace Storefront SELL00914,Gold Seller,Amazon Global,2026-09-07T07:47:36.812128
741,SELL00922,Marketplace Storefront SELL00922,Gold Seller,Amazon Global,2026-09-07T07:47:36.812128
742,SELL00924,Marketplace Storefront SELL00924,Platinum Seller,Amazon Global,2026-09-07T07:47:36.812128
743,SELL00931,Marketplace Storefront SELL00931,Standard Seller,Amazon Global,2026-09-07T07:47:36.812128
744,SELL00932,Marketplace Storefront SELL00932,Gold Seller,Amazon Global,2026-09-07T07:47:36.812128
745,SELL00938,Marketplace Storefront SELL00938,Gold Seller,Amazon Global,2026-09-07T07:47:36.812128
746,SELL00944,Marketplace Storefront SELL00944,Gold Seller,Amazon Global,2026-09-07T07:47:36.812128
747,SELL00947,Marketplace Storefront SELL00947,Standard Seller,Amazon Global,2026-09-07T07:47:36.812128
748,SELL00950,Marketplace Storefront SELL00950,Gold Seller,Amazon Global,2026-09-07T07:47:36.812128
749,SELL00951,Marketplace Storefront SELL00951,Platinum Seller,Amazon Global,2026-09-07T07:47:36.812128
750,SELL00956,Marketplace Storefront SELL00956,Gold Seller,Amazon Global,2026-09-07T07:47:36.812128
751,SELL00958,Marketplace Storefront SELL00958,Gold Seller,Amazon Global,2026-09-07T07:47:36.812128
752,SELL00964,Marketplace Storefront SELL00964,Gold Seller,Amazon Global,2026-09-07T07:47:36.812128
753,SELL00970,Marketplace Storefront SELL00970,Gold Seller,Amazon Global,2026-09-07T07:47:36.812128
754,SELL00971,Marketplace Storefront SELL00971,Standard Seller,Amazon Global,2026-09-07T07:47:36.812128
755,SELL00972,Marketplace Storefront SELL00972,Platinum Seller,Amazon Global,2026-09-07T07:47:36.812128
756,SELL00976,Marketplace Storefront SELL00976,Gold Seller,Amazon Global,2026-09-07T07:47:36.812128
757,SELL00978,Marketplace Storefront SELL00978,Platinum Seller,Amazon Global,2026-09-07T07:47:36.812128
758,SELL00982,Marketplace Storefront SELL00982,Gold Seller,Amazon Global,2026-09-07T07:47:36.812128
759,SELL00984,Marketplace Storefront SELL00984,Platinum Seller,Amazon Global,2026-09-07T07:47:36.812128
760,SELL00993,Marketplace Storefront SELL00993,Platinum Seller,Amazon Global,2026-09-07T07:47:36.812128
761,SELL00997,Marketplace Storefront SELL00997,Standard Seller,Amazon Global,2026-09-07T07:47:36.812128
762,SELL00999,Marketplace Storefront SELL00999,Platinum Seller,Amazon Global,2026-09-07T07:47:36.812128
763,SELL01003,Marketplace Storefront SELL01003,Standard Seller,Amazon Global,2026-09-07T07:47:36.812128
764,SELL01007,Marketplace Storefront SELL01007,Standard Seller,Amazon Global,2026-09-07T07:47:36.812128
765,SELL01009,Marketplace Storefront SELL01009,Standard Seller,Amazon Global,2026-09-07T07:47:36.812128
766,SELL01017,Marketplace Storefront SELL01017,Platinum Seller,Amazon Global,2026-09-07T07:47:36.812128
767,SELL01019,Marketplace Storefront SELL01019,Standard Seller,Amazon Global,2026-09-07T07:47:36.812128
768,SELL01027,Marketplace Storefront SELL01027,Standard Seller,Amazon Global,2026-09-07T07:47:36.812128
769,SELL01033,Marketplace Storefront SELL01033,Standard Seller,Amazon Global,2026-09-07T07:47:36.812128
770,SELL01039,Marketplace Storefront SELL01039,Standard Seller,Amazon Global,2026-09-07T07:47:36.812128
771,SELL01047,Marketplace Storefront SELL01047,Platinum Seller,Amazon Global,2026-09-07T07:47:36.812128
772,SELL01050,Marketplace Storefront SELL01050,Platinum Seller,Amazon Global,2026-09-07T07:47:36.812128
773,SELL01055,Marketplace Storefront SELL01055,Standard Seller,Amazon Global,2026-09-07T07:47:36.812128
774,SELL01056,Marketplace Storefront SELL01056,Platinum Seller,Amazon Global,2026-09-07T07:47:36.812128
775,SELL01063,Marketplace Storefront SELL01063,Standard Seller,Amazon Global,2026-09-07T07:47:36.812128
776,SELL01069,Marketplace Storefront SELL01069,Standard Seller,Amazon Global,2026-09-07T07:47:36.812128
777,SELL01072,Marketplace Storefront SELL01072,Gold Seller,Amazon Global,2026-09-07T07:47:36.812128
778,SELL01074,Marketplace Storefront SELL01074,Platinum Seller,Amazon Global,2026-09-07T07:47:36.812128
779,SELL01083,Marketplace Storefront SELL01083,Platinum Seller,Amazon Global,2026-09-07T07:47:36.812128
780,SELL01089,Marketplace Storefront SELL01089,Platinum Seller,Amazon Global,2026-09-07T07:47:36.812128
781,SELL01091,Marketplace Storefront SELL01091,Standard Seller,Amazon Global,2026-09-07T07:47:36.812128
782,SELL01092,Marketplace Storefront SELL01092,Platinum Seller,Amazon Global,2026-09-07T07:47:36.812128
783,SELL01094,Marketplace Storefront SELL01094,Gold Seller,Amazon Global,2026-09-07T07:47:36.812128
784,SELL01098,Marketplace Storefront SELL01098,Platinum Seller,Amazon Global,2026-09-07T07:47:36.812128
785,SELL01108,Marketplace Storefront SELL01108,Gold Seller,Amazon Global,2026-09-07T07:47:36.812128
786,SELL01110,Marketplace Storefront SELL01110,Platinum Seller,Amazon Global,2026-09-07T07:47:36.812128
787,SELL01115,Marketplace Storefront SELL01115,Standard Seller,Amazon Global,2026-09-07T07:47:36.812128
788,SELL01120,Marketplace Storefront SELL01120,Gold Seller,Amazon Global,2026-09-07T07:47:36.812128
789,SELL01121,Marketplace Storefront SELL01121,Standard Seller,Amazon Global,2026-09-07T07:47:36.812128
790,SELL01127,Marketplace Storefront SELL01127,Standard Seller,Amazon Global,2026-09-07T07:47:36.812128
791,SELL01129,Marketplace Storefront SELL01129,Standard Seller,Amazon Global,2026-09-07T07:47:36.812128
792,SELL01130,Marketplace Storefront SELL01130,Gold Seller,Amazon Global,2026-09-07T07:47:36.812128
793,SELL01135,Marketplace Storefront SELL01135,Standard Seller,Amazon Global,2026-09-07T07:47:36.812128
794,SELL01137,Marketplace Storefront SELL01137,Platinum Seller,Amazon Global,2026-09-07T07:47:36.812128
795,SELL01144,Marketplace Storefront SELL01144,Gold Seller,Amazon Global,2026-09-07T07:47:36.812128
796,SELL01146,Marketplace Storefront SELL01146,Platinum Seller,Amazon Global,2026-09-07T07:47:36.812128
797,SELL01152,Marketplace Storefront SELL01152,Platinum Seller,Amazon Global,2026-09-07T07:47:36.812128
798,SELL01154,Marketplace Storefront SELL01154,Gold Seller,Amazon Global,2026-09-07T07:47:36.812128
799,SELL01159,Marketplace Storefront SELL01159,Standard Seller,Amazon Global,2026-09-07T07:47:36.812128
800,SELL01164,Marketplace Storefront SELL01164,Platinum Seller,Amazon Global,2026-09-07T07:47:36.812128
801,SELL01166,Marketplace Storefront SELL01166,Gold Seller,Amazon Global,2026-09-07T07:47:36.812128
802,SELL01176,Marketplace Storefront SELL01176,Platinum Seller,Amazon Global,2026-09-07T07:47:36.812128
803,SELL01178,Marketplace Storefront SELL01178,Gold Seller,Amazon Global,2026-09-07T07:47:36.812128
804,SELL01184,Marketplace Storefront SELL01184,Gold Seller,Amazon Global,2026-09-07T07:47:36.812128
805,SELL01186,Marketplace Storefront SELL01186,Gold Seller,Amazon Global,2026-09-07T07:47:36.812128
806,SELL01191,Marketplace Storefront SELL01191,Platinum Seller,Amazon Global,2026-09-07T07:47:36.812128
807,SELL01192,Marketplace Storefront SELL01192,Gold Seller,Amazon Global,2026-09-07T07:47:36.812128
808,SELL01197,Marketplace Storefront SELL01197,Platinum Seller,Amazon Global,2026-09-07T07:47:36.812128
809,SELL01199,Marketplace Storefront SELL01199,Standard Seller,Amazon Global,2026-09-07T07:47:36.812128
810,SELL01203,Marketplace Storefront SELL01203,Platinum Seller,Amazon Global,2026-09-07T07:47:36.812128
811,SELL01207,Marketplace Storefront SELL01207,Standard Seller,Amazon Global,2026-09-07T07:47:36.812128
812,SELL01209,Marketplace Storefront SELL01209,Platinum Seller,Amazon Global,2026-09-07T07:47:36.812128
813,SELL01217,Marketplace Storefront SELL01217,Standard Seller,Amazon Global,2026-09-07T07:47:36.812128
814,SELL01223,Marketplace Storefront SELL01223,Standard Seller,Amazon Global,2026-09-07T07:47:36.812128
815,SELL01227,Marketplace Storefront SELL01227,Platinum Seller,Amazon Global,2026-09-07T07:47:36.812128
816,SELL01229,Marketplace Storefront SELL01229,Standard Seller,Amazon Global,2026-09-07T07:47:36.812128
817,SELL01237,Marketplace Storefront SELL01237,Standard Seller,Amazon Global,2026-09-07T07:47:36.812128
818,SELL01247,Marketplace Storefront SELL01247,Standard Seller,Amazon Global,2026-09-07T07:47:36.812128
819,SELL01251,Marketplace Storefront SELL01251,Platinum Seller,Amazon Global,2026-09-07T07:47:36.812128
820,SELL01252,Marketplace Storefront SELL01252,Gold Seller,Amazon Global,2026-09-07T07:47:36.812128
821,SELL01254,Marketplace Storefront SELL01254,Platinum Seller,Amazon Global,2026-09-07T07:47:36.812128
822,SELL01258,Marketplace Storefront SELL01258,Gold Seller,Amazon Global,2026-09-07T07:47:36.812128
823,SELL01260,Marketplace Storefront SELL01260,Platinum Seller,Amazon Global,2026-09-07T07:47:36.812128
824,SELL01261,Marketplace Storefront SELL01261,Standard Seller,Amazon Global,2026-09-07T07:47:36.812128
825,SELL01266,Marketplace Storefront SELL01266,Platinum Seller,Amazon Global,2026-09-07T07:47:36.812128
826,SELL01268,Marketplace Storefront SELL01268,Gold Seller,Amazon Global,2026-09-07T07:47:36.812128
827,SELL01273,Marketplace Storefront SELL01273,Standard Seller,Amazon Global,2026-09-07T07:47:36.812128
828,SELL01275,Marketplace Storefront SELL01275,Platinum Seller,Amazon Global,2026-09-07T07:47:36.812128
829,SELL01279,Marketplace Storefront SELL01279,Standard Seller,Amazon Global,2026-09-07T07:47:36.812128
830,SELL01287,Marketplace Storefront SELL01287,Platinum Seller,Amazon Global,2026-09-07T07:47:36.812128
831,SELL01289,Marketplace Storefront SELL01289,Standard Seller,Amazon Global,2026-09-07T07:47:36.812128
832,SELL01291,Marketplace Storefront SELL01291,Standard Seller,Amazon Global,2026-09-07T07:47:36.812128
833,SELL01292,Marketplace Storefront SELL01292,Gold Seller,Amazon Global,2026-09-07T07:47:36.812128
834,SELL01294,Marketplace Storefront SELL01294,Gold Seller,Amazon Global,2026-09-07T07:47:36.812128
835,SELL01298,Marketplace Storefront SELL01298,Gold Seller,Amazon Global,2026-09-07T07:47:36.812128
836,SELL01301,Marketplace Storefront SELL01301,Standard Seller,Amazon Global,2026-09-07T07:47:36.812128
837,SELL01302,Marketplace Storefront SELL01302,Platinum Seller,Amazon Global,2026-09-07T07:47:36.812128
838,SELL01308,Marketplace Storefront SELL01308,Platinum Seller,Amazon Global,2026-09-07T07:47:36.812128
839,SELL01311,Marketplace Storefront SELL01311,Platinum Seller,Amazon Global,2026-09-07T07:47:36.812128
840,SELL01312,Marketplace Storefront SELL01312,Gold Seller,Amazon Global,2026-09-07T07:47:36.812128
841,SELL01314,Marketplace Storefront SELL01314,Platinum Seller,Amazon Global,2026-09-07T07:47:36.812128
842,SELL01318,Marketplace Storefront SELL01318,Gold Seller,Amazon Global,2026-09-07T07:47:36.812128
843,SELL01323,Marketplace Storefront SELL01323,Platinum Seller,Amazon Global,2026-09-07T07:47:36.812128
844,SELL01325,Marketplace Storefront SELL01325,Standard Seller,Amazon Global,2026-09-07T07:47:36.812128
845,SELL01329,Marketplace Storefront SELL01329,Platinum Seller,Amazon Global,2026-09-07T07:47:36.812128
846,SELL01333,Marketplace Storefront SELL01333,Standard Seller,Amazon Global,2026-09-07T07:47:36.812128
847,SELL01337,Marketplace Storefront SELL01337,Standard Seller,Amazon Global,2026-09-07T07:47:36.812128
848,SELL01339,Marketplace Storefront SELL01339,Standard Seller,Amazon Global,2026-09-07T07:47:36.812128
849,SELL01347,Marketplace Storefront SELL01347,Platinum Seller,Amazon Global,2026-09-07T07:47:36.812128
850,SELL01351,Marketplace Storefront SELL01351,Standard Seller,Amazon Global,2026-09-07T07:47:36.812128
851,SELL01352,Marketplace Storefront SELL01352,Gold Seller,Amazon Global,2026-09-07T07:47:36.812128
852,SELL01358,Marketplace Storefront SELL01358,Gold Seller,Amazon Global,2026-09-07T07:47:36.812128
853,SELL01360,Marketplace Storefront SELL01360,Gold Seller,Amazon Global,2026-09-07T07:47:36.812128
854,SELL01365,Marketplace Storefront SELL01365,Platinum Seller,Amazon Global,2026-09-07T07:47:36.812128
855,SELL01366,Marketplace Storefront SELL01366,Gold Seller,Amazon Global,2026-09-07T07:47:36.812128
856,SELL01377,Marketplace Storefront SELL01377,Platinum Seller,Amazon Global,2026-09-07T07:47:36.812128
857,SELL01387,Marketplace Storefront SELL01387,Standard Seller,Amazon Global,2026-09-07T07:47:36.812128
858,SELL01394,Marketplace Storefront SELL01394,Gold Seller,Amazon Global,2026-09-07T07:47:36.812128
859,SELL01403,Marketplace Storefront SELL01403,Standard Seller,Amazon Global,2026-09-07T07:47:36.812128
860,SELL01409,Marketplace Storefront SELL01409,Standard Seller,Amazon Global,2026-09-07T07:47:36.812128
861,SELL01414,Marketplace Storefront SELL01414,Gold Seller,Amazon Global,2026-09-07T07:47:36.812128
862,SELL01423,Marketplace Storefront SELL01423,Standard Seller,Amazon Global,2026-09-07T07:47:36.812128
863,SELL01425,Marketplace Storefront SELL01425,Platinum Seller,Amazon Global,2026-09-07T07:47:36.812128
864,SELL01429,Marketplace Storefront SELL01429,Standard Seller,Amazon Global,2026-09-07T07:47:36.812128
865,SELL01437,Marketplace Storefront SELL01437,Platinum Seller,Amazon Global,2026-09-07T07:47:36.812128
866,SELL01439,Marketplace Storefront SELL01439,Standard Seller,Amazon Global,2026-09-07T07:47:36.812128
867,SELL01444,Marketplace Storefront SELL01444,Gold Seller,Amazon Global,2026-09-07T07:47:36.812128
868,SELL01451,Marketplace Storefront SELL01451,Standard Seller,Amazon Global,2026-09-07T07:47:36.812128
869,SELL01452,Marketplace Storefront SELL01452,Platinum Seller,Amazon Global,2026-09-07T07:47:36.812128
870,SELL01458,Marketplace Storefront SELL01458,Platinum Seller,Amazon Global,2026-09-07T07:47:36.812128
871,SELL01461,Marketplace Storefront SELL01461,Platinum Seller,Amazon Global,2026-09-07T07:47:36.812128
872,SELL01462,Marketplace Storefront SELL01462,Gold Seller,Amazon Global,2026-09-07T07:47:36.812128
873,SELL01464,Marketplace Storefront SELL01464,Platinum Seller,Amazon Global,2026-09-07T07:47:36.812128
874,SELL01468,Marketplace Storefront SELL01468,Gold Seller,Amazon Global,2026-09-07T07:47:36.812128
875,SELL01470,Marketplace Storefront SELL01470,Platinum Seller,Amazon Global,2026-09-07T07:47:36.812128
876,SELL01475,Marketplace Storefront SELL01475,Standard Seller,Amazon Global,2026-09-07T07:47:36.812128
877,SELL01476,Marketplace Storefront SELL01476,Platinum Seller,Amazon Global,2026-09-07T07:47:36.812128
878,SELL01482,Marketplace Storefront SELL01482,Platinum Seller,Amazon Global,2026-09-07T07:47:36.812128
879,SELL01484,Marketplace Storefront SELL01484,Gold Seller,Amazon Global,2026-09-07T07:47:36.812128
880,SELL01493,Marketplace Storefront SELL01493,Standard Seller,Amazon Global,2026-09-07T07:47:36.812128
881,SELL01495,Marketplace Storefront SELL01495,Standard Seller,Amazon Global,2026-09-07T07:47:36.812128
882,SELL01499,Marketplace Storefront SELL01499,Standard Seller,Amazon Global,2026-09-07T07:47:36.812128
883,SELL01507,Marketplace Storefront SELL01507,Standard Seller,Amazon Global,2026-09-07T07:47:36.812128
884,SELL01514,Marketplace Storefront SELL01514,Gold Seller,Amazon Global,2026-09-07T07:47:36.812128
885,SELL01523,Marketplace Storefront SELL01523,Standard Seller,Amazon Global,2026-09-07T07:47:36.812128
886,SELL01525,Marketplace Storefront SELL01525,Standard Seller,Amazon Global,2026-09-07T07:47:36.812128
887,SELL01534,Marketplace Storefront SELL01534,Gold Seller,Amazon Global,2026-09-07T07:47:36.812128
888,SELL01540,Marketplace Storefront SELL01540,Gold Seller,Amazon Global,2026-09-07T07:47:36.812128
889,SELL01545,Marketplace Storefront SELL01545,Platinum Seller,Amazon Global,2026-09-07T07:47:36.812128
890,SELL01546,Marketplace Storefront SELL01546,Gold Seller,Amazon Global,2026-09-07T07:47:36.812128
891,SELL01557,Marketplace Storefront SELL01557,Platinum Seller,Amazon Global,2026-09-07T07:47:36.812128
892,SELL01564,Marketplace Storefront SELL01564,Gold Seller,Amazon Global,2026-09-07T07:47:36.812128
893,SELL01570,Marketplace Storefront SELL01570,Gold Seller,Amazon Global,2026-09-07T07:47:36.812128
894,SELL01571,Marketplace Storefront SELL01571,Standard Seller,Amazon Global,2026-09-07T07:47:36.812128
895,SELL01572,Marketplace Storefront SELL01572,Platinum Seller,Amazon Global,2026-09-07T07:47:36.812128
896,SELL01576,Marketplace Storefront SELL01576,Gold Seller,Amazon Global,2026-09-07T07:47:36.812128
897,SELL01578,Marketplace Storefront SELL01578,Platinum Seller,Amazon Global,2026-09-07T07:47:36.812128
898,SELL01583,Marketplace Storefront SELL01583,Standard Seller,Amazon Global,2026-09-07T07:47:36.812128
899,SELL01585,Marketplace Storefront SELL01585,Standard Seller,Amazon Global,2026-09-07T07:47:36.812128
900,SELL01590,Marketplace Storefront SELL01590,Platinum Seller,Amazon Global,2026-09-07T07:47:36.812128
901,SELL01595,Marketplace Storefront SELL01595,Standard Seller,Amazon Global,2026-09-07T07:47:36.812128
902,SELL01596,Marketplace Storefront SELL01596,Platinum Seller,Amazon Global,2026-09-07T07:47:36.812128
903,SELL01603,Marketplace Storefront SELL01603,Standard Seller,Amazon Global,2026-09-07T07:47:36.812128
904,SELL01609,Marketplace Storefront SELL01609,Standard Seller,Amazon Global,2026-09-07T07:47:36.812128
905,SELL01617,Marketplace Storefront SELL01617,Platinum Seller,Amazon Global,2026-09-07T07:47:36.812128
906,SELL01620,Marketplace Storefront SELL01620,Platinum Seller,Amazon Global,2026-09-07T07:47:36.812128
907,SELL01625,Marketplace Storefront SELL01625,Standard Seller,Amazon Global,2026-09-07T07:47:36.812128
908,SELL01626,Marketplace Storefront SELL01626,Platinum Seller,Amazon Global,2026-09-07T07:47:36.812128
909,SELL01634,Marketplace Storefront SELL01634,Gold Seller,Amazon Global,2026-09-07T07:47:36.812128
910,SELL01644,Marketplace Storefront SELL01644,Platinum Seller,Amazon Global,2026-09-07T07:47:36.812128
911,SELL01653,Marketplace Storefront SELL01653,Platinum Seller,Amazon Global,2026-09-07T07:47:36.812128
912,SELL01655,Marketplace Storefront SELL01655,Standard Seller,Amazon Global,2026-09-07T07:47:36.812128
913,SELL01659,Marketplace Storefront SELL01659,Platinum Seller,Amazon Global,2026-09-07T07:47:36.812128
914,SELL01664,Marketplace Storefront SELL01664,Gold Seller,Amazon Global,2026-09-07T07:47:36.812128
915,SELL01671,Marketplace Storefront SELL01671,Platinum Seller,Amazon Global,2026-09-07T07:47:36.812128
916,SELL01672,Marketplace Storefront SELL01672,Gold Seller,Amazon Global,2026-09-07T07:47:36.812128
917,SELL01678,Marketplace Storefront SELL01678,Gold Seller,Amazon Global,2026-09-07T07:47:36.812128
918,SELL01683,Marketplace Storefront SELL01683,Platinum Seller,Amazon Global,2026-09-07T07:47:36.812128
919,SELL01685,Marketplace Storefront SELL01685,Standard Seller,Amazon Global,2026-09-07T07:47:36.812128
920,SELL01689,Marketplace Storefront SELL01689,Platinum Seller,Amazon Global,2026-09-07T07:47:36.812128
921,SELL01697,Marketplace Storefront SELL01697,Standard Seller,Amazon Global,2026-09-07T07:47:36.812128
922,SELL01699,Marketplace Storefront SELL01699,Standard Seller,Amazon Global,2026-09-07T07:47:36.812128
923,SELL01703,Marketplace Storefront SELL01703,Standard Seller,Amazon Global,2026-09-07T07:47:36.812128
924,SELL01705,Marketplace Storefront SELL01705,Standard Seller,Amazon Global,2026-09-07T07:47:36.812128
925,SELL01709,Marketplace Storefront SELL01709,Standard Seller,Amazon Global,2026-09-07T07:47:36.812128
926,SELL01711,Marketplace Storefront SELL01711,Standard Seller,Amazon Global,2026-09-07T07:47:36.812128
927,SELL01712,Marketplace Storefront SELL01712,Gold Seller,Amazon Global,2026-09-07T07:47:36.812128
928,SELL01718,Marketplace Storefront SELL01718,Gold Seller,Amazon Global,2026-09-07T07:47:36.812128
929,SELL01727,Marketplace Storefront SELL01727,Standard Seller,Amazon Global,2026-09-07T07:47:36.812128
930,SELL01730,Marketplace Storefront SELL01730,Gold Seller,Amazon Global,2026-09-07T07:47:36.812128
931,SELL01735,Marketplace Storefront SELL01735,Standard Seller,Amazon Global,2026-09-07T07:47:36.812128
932,SELL01736,Marketplace Storefront SELL01736,Gold Seller,Amazon Global,2026-09-07T07:47:36.812128
933,SELL01747,Marketplace Storefront SELL01747,Standard Seller,Amazon Global,2026-09-07T07:47:36.812128
934,SELL01749,Marketplace Storefront SELL01749,Platinum Seller,Amazon Global,2026-09-07T07:47:36.812128
935,SELL01751,Marketplace Storefront SELL01751,Standard Seller,Amazon Global,2026-09-07T07:47:36.812128
936,SELL01752,Marketplace Storefront SELL01752,Platinum Seller,Amazon Global,2026-09-07T07:47:36.812128
937,SELL01754,Marketplace Storefront SELL01754,Gold Seller,Amazon Global,2026-09-07T07:47:36.812128
938,SELL01758,Marketplace Storefront SELL01758,Platinum Seller,Amazon Global,2026-09-07T07:47:36.812128
939,SELL01763,Marketplace Storefront SELL01763,Standard Seller,Amazon Global,2026-09-07T07:47:36.812128
940,SELL01765,Marketplace Storefront SELL01765,Standard Seller,Amazon Global,2026-09-07T07:47:36.812128
941,SELL01773,Marketplace Storefront SELL01773,Platinum Seller,Amazon Global,2026-09-07T07:47:36.812128
942,SELL01775,Marketplace Storefront SELL01775,Standard Seller,Amazon Global,2026-09-07T07:47:36.812128
943,SELL01779,Marketplace Storefront SELL01779,Platinum Seller,Amazon Global,2026-09-07T07:47:36.812128
944,SELL01783,Marketplace Storefront SELL01783,Standard Seller,Amazon Global,2026-09-07T07:47:36.812128
945,SELL01785,Marketplace Storefront SELL01785,Platinum Seller,Amazon Global,2026-09-07T07:47:36.812128
946,SELL01797,Marketplace Storefront SELL01797,Platinum Seller,Amazon Global,2026-09-07T07:47:36.812128
947,SELL01799,Marketplace Storefront SELL01799,Standard Seller,Amazon Global,2026-09-07T07:47:36.812128
948,SELL01800,Marketplace Storefront SELL01800,Platinum Seller,Amazon Global,2026-09-07T07:47:36.812128
949,SELL01801,Marketplace Storefront SELL01801,Standard Seller,Amazon Global,2026-09-07T07:47:36.812128
950,SELL01806,Marketplace Storefront SELL01806,Platinum Seller,Amazon Global,2026-09-07T07:47:36.812128
951,SELL01808,Marketplace Storefront SELL01808,Gold Seller,Amazon Global,2026-09-07T07:47:36.812128
952,SELL01813,Marketplace Storefront SELL01813,Standard Seller,Amazon Global,2026-09-07T07:47:36.812128
953,SELL01815,Marketplace Storefront SELL01815,Platinum Seller,Amazon Global,2026-09-07T07:47:36.812128
954,SELL01827,Marketplace Storefront SELL01827,Platinum Seller,Amazon Global,2026-09-07T07:47:36.812128
955,SELL01829,Marketplace Storefront SELL01829,Standard Seller,Amazon Global,2026-09-07T07:47:36.812128
956,SELL01831,Marketplace Storefront SELL01831,Standard Seller,Amazon Global,2026-09-07T07:47:36.812128
957,SELL01832,Marketplace Storefront SELL01832,Gold Seller,Amazon Global,2026-09-07T07:47:36.812128
958,SELL01838,Marketplace Storefront SELL01838,Gold Seller,Amazon Global,2026-09-07T07:47:36.812128
959,SELL01847,Marketplace Storefront SELL01847,Standard Seller,Amazon Global,2026-09-07T07:47:36.812128
960,SELL01849,Marketplace Storefront SELL01849,Standard Seller,Amazon Global,2026-09-07T07:47:36.812128
961,SELL01850,Marketplace Storefront SELL01850,Gold Seller,Amazon Global,2026-09-07T07:47:36.812128
962,SELL01851,Marketplace Storefront SELL01851,Platinum Seller,Amazon Global,2026-09-07T07:47:36.812128
963,SELL01852,Marketplace Storefront SELL01852,Gold Seller,Amazon Global,2026-09-07T07:47:36.812128
964,SELL01856,Marketplace Storefront SELL01856,Gold Seller,Amazon Global,2026-09-07T07:47:36.812128
965,SELL01858,Marketplace Storefront SELL01858,Gold Seller,Amazon Global,2026-09-07T07:47:36.812128
966,SELL01860,Marketplace Storefront SELL01860,Platinum Seller,Amazon Global,2026-09-07T07:47:36.812128
967,SELL01863,Marketplace Storefront SELL01863,Platinum Seller,Amazon Global,2026-09-07T07:47:36.812128
968,SELL01865,Marketplace Storefront SELL01865,Standard Seller,Amazon Global,2026-09-07T07:47:36.812128
969,SELL01870,Marketplace Storefront SELL01870,Gold Seller,Amazon Global,2026-09-07T07:47:36.812128
970,SELL01873,Marketplace Storefront SELL01873,Standard Seller,Amazon Global,2026-09-07T07:47:36.812128
971,SELL01875,Marketplace Storefront SELL01875,Platinum Seller,Amazon Global,2026-09-07T07:47:36.812128
972,SELL01887,Marketplace Storefront SELL01887,Platinum Seller,Amazon Global,2026-09-07T07:47:36.812128
973,SELL01889,Marketplace Storefront SELL01889,Standard Seller,Amazon Global,2026-09-07T07:47:36.812128
974,SELL01897,Marketplace Storefront SELL01897,Standard Seller,Amazon Global,2026-09-07T07:47:36.812128
975,SELL01907,Marketplace Storefront SELL01907,Standard Seller,Amazon Global,2026-09-07T07:47:36.812128
976,SELL01909,Marketplace Storefront SELL01909,Standard Seller,Amazon Global,2026-09-07T07:47:36.812128
977,SELL01913,Marketplace Storefront SELL01913,Standard Seller,Amazon Global,2026-09-07T07:47:36.812128
978,SELL01917,Marketplace Storefront SELL01917,Platinum Seller,Amazon Global,2026-09-07T07:47:36.812128
979,SELL01919,Marketplace Storefront SELL01919,Standard Seller,Amazon Global,2026-09-07T07:47:36.812128
980,SELL01923,Marketplace Storefront SELL01923,Platinum Seller,Amazon Global,2026-09-07T07:47:36.812128
981,SELL01927,Marketplace Storefront SELL01927,Standard Seller,Amazon Global,2026-09-07T07:47:36.812128
982,SELL01929,Marketplace Storefront SELL01929,Platinum Seller,Amazon Global,2026-09-07T07:47:36.812128
983,SELL01933,Marketplace Storefront SELL01933,Standard Seller,Amazon Global,2026-09-07T07:47:36.812128
984,SELL01935,Marketplace Storefront SELL01935,Platinum Seller,Amazon Global,2026-09-07T07:47:36.812128
985,SELL01939,Marketplace Storefront SELL01939,Standard Seller,Amazon Global,2026-09-07T07:47:36.812128
986,SELL01941,Marketplace Storefront SELL01941,Platinum Seller,Amazon Global,2026-09-07T07:47:36.812128
987,SELL01942,Marketplace Storefront SELL01942,Gold Seller,Amazon Global,2026-09-07T07:47:36.812128
988,SELL01944,Marketplace Storefront SELL01944,Platinum Seller,Amazon Global,2026-09-07T07:47:36.812128
989,SELL01948,Marketplace Storefront SELL01948,Gold Seller,Amazon Global,2026-09-07T07:47:36.812128
990,SELL01953,Marketplace Storefront SELL01953,Platinum Seller,Amazon Global,2026-09-07T07:47:36.812128
991,SELL01959,Marketplace Storefront SELL01959,Platinum Seller,Amazon Global,2026-09-07T07:47:36.812128
992,SELL01960,Marketplace Storefront SELL01960,Gold Seller,Amazon Global,2026-09-07T07:47:36.812128
993,SELL01961,Marketplace Storefront SELL01961,Standard Seller,Amazon Global,2026-09-07T07:47:36.812128
994,SELL01962,Marketplace Storefront SELL01962,Platinum Seller,Amazon Global,2026-09-07T07:47:36.812128
995,SELL01966,Marketplace Storefront SELL01966,Gold Seller,Amazon Global,2026-09-07T07:47:36.812128
996,SELL01968,Marketplace Storefront SELL01968,Platinum Seller,Amazon Global,2026-09-07T07:47:36.812128
997,SELL01977,Marketplace Storefront SELL01977,Platinum Seller,Amazon Global,2026-09-07T07:47:36.812128
998,SELL01982,Marketplace Storefront SELL01982,Gold Seller,Amazon Global,2026-09-07T07:47:36.812128
999,SELL01984,Marketplace Storefront SELL01984,Gold Seller,Amazon Global,2026-09-07T07:47:36.812128
1000,SELL01992,Marketplace Storefront SELL01992,Platinum Seller,Amazon Global,2026-09-07T07:47:36.812128
1001,SELL01994,Marketplace Storefront SELL01994,Gold Seller,Amazon Global,2026-09-07T07:47:36.812128
1002,SELL00001,Marketplace Storefront SELL00001,Standard Seller,Amazon Global,2026-09-07T07:47:36.812128
1003,SELL00006,Marketplace Storefront SELL00006,Platinum Seller,Amazon Global,2026-09-07T07:47:36.812128
1004,SELL00008,Marketplace Storefront SELL00008,Gold Seller,Amazon Global,2026-09-07T07:47:36.812128
1005,SELL00017,Marketplace Storefront SELL00017,Standard Seller,Amazon Global,2026-09-07T07:47:36.812128
1006,SELL00024,Marketplace Storefront SELL00024,Platinum Seller,Amazon Global,2026-09-07T07:47:36.812128
1007,SELL00030,Marketplace Storefront SELL00030,Platinum Seller,Amazon Global,2026-09-07T07:47:36.812128
1008,SELL00031,Marketplace Storefront SELL00031,Standard Seller,Amazon Global,2026-09-07T07:47:36.812128
1009,SELL00036,Marketplace Storefront SELL00036,Platinum Seller,Amazon Global,2026-09-07T07:47:36.812128
1010,SELL00038,Marketplace Storefront SELL00038,Gold Seller,Amazon Global,2026-09-07T07:47:36.812128
1011,SELL00040,Marketplace Storefront SELL00040,Gold Seller,Amazon Global,2026-09-07T07:47:36.812128
1012,SELL00041,Marketplace Storefront SELL00041,Standard Seller,Amazon Global,2026-09-07T07:47:36.812128
1013,SELL00046,Marketplace Storefront SELL00046,Gold Seller,Amazon Global,2026-09-07T07:47:36.812128
1014,SELL00048,Marketplace Storefront SELL00048,Platinum Seller,Amazon Global,2026-09-07T07:47:36.812128
1015,SELL00053,Marketplace Storefront SELL00053,Standard Seller,Amazon Global,2026-09-07T07:47:36.812128
1016,SELL00057,Marketplace Storefront SELL00057,Platinum Seller,Amazon Global,2026-09-07T07:47:36.812128
1017,SELL00059,Marketplace Storefront SELL00059,Standard Seller,Amazon Global,2026-09-07T07:47:36.812128
1018,SELL00067,Marketplace Storefront SELL00067,Standard Seller,Amazon Global,2026-09-07T07:47:36.812128
1019,SELL00069,Marketplace Storefront SELL00069,Platinum Seller,Amazon Global,2026-09-07T07:47:36.812128
1020,SELL00073,Marketplace Storefront SELL00073,Standard Seller,Amazon Global,2026-09-07T07:47:36.812128
1021,SELL00075,Marketplace Storefront SELL00075,Platinum Seller,Amazon Global,2026-09-07T07:47:36.812128
1022,SELL00079,Marketplace Storefront SELL00079,Standard Seller,Amazon Global,2026-09-07T07:47:36.812128
1023,SELL00083,Marketplace Storefront SELL00083,Standard Seller,Amazon Global,2026-09-07T07:47:36.812128
1024,SELL00085,Marketplace Storefront SELL00085,Standard Seller,Amazon Global,2026-09-07T07:47:36.812128
1025,SELL00089,Marketplace Storefront SELL00089,Standard Seller,Amazon Global,2026-09-07T07:47:36.812128
1026,SELL00092,Marketplace Storefront SELL00092,Gold Seller,Amazon Global,2026-09-07T07:47:36.812128
1027,SELL00094,Marketplace Storefront SELL00094,Gold Seller,Amazon Global,2026-09-07T07:47:36.812128
1028,SELL00103,Marketplace Storefront SELL00103,Standard Seller,Amazon Global,2026-09-07T07:47:36.812128
1029,SELL00105,Marketplace Storefront SELL00105,Platinum Seller,Amazon Global,2026-09-07T07:47:36.812128
1030,SELL00110,Marketplace Storefront SELL00110,Gold Seller,Amazon Global,2026-09-07T07:47:36.812128
1031,SELL00111,Marketplace Storefront SELL00111,Platinum Seller,Amazon Global,2026-09-07T07:47:36.812128
1032,SELL00112,Marketplace Storefront SELL00112,Gold Seller,Amazon Global,2026-09-07T07:47:36.812128
1033,SELL00117,Marketplace Storefront SELL00117,Platinum Seller,Amazon Global,2026-09-07T07:47:36.812128
1034,SELL00119,Marketplace Storefront SELL00119,Standard Seller,Amazon Global,2026-09-07T07:47:36.812128
1035,SELL00124,Marketplace Storefront SELL00124,Gold Seller,Amazon Global,2026-09-07T07:47:36.812128
1036,SELL00126,Marketplace Storefront SELL00126,Platinum Seller,Amazon Global,2026-09-07T07:47:36.812128
1037,SELL00134,Marketplace Storefront SELL00134,Gold Seller,Amazon Global,2026-09-07T07:47:36.812128
1038,SELL00143,Marketplace Storefront SELL00143,Standard Seller,Amazon Global,2026-09-07T07:47:36.812128
1039,SELL00145,Marketplace Storefront SELL00145,Standard Seller,Amazon Global,2026-09-07T07:47:36.812128
1040,SELL00150,Marketplace Storefront SELL00150,Platinum Seller,Amazon Global,2026-09-07T07:47:36.812128
1041,SELL00155,Marketplace Storefront SELL00155,Standard Seller,Amazon Global,2026-09-07T07:47:36.812128
1042,SELL00157,Marketplace Storefront SELL00157,Standard Seller,Amazon Global,2026-09-07T07:47:36.812128
1043,SELL00164,Marketplace Storefront SELL00164,Gold Seller,Amazon Global,2026-09-07T07:47:36.812128
1044,SELL00166,Marketplace Storefront SELL00166,Gold Seller,Amazon Global,2026-09-07T07:47:36.812128
1045,SELL00171,Marketplace Storefront SELL00171,Platinum Seller,Amazon Global,2026-09-07T07:47:36.812128
1046,SELL00172,Marketplace Storefront SELL00172,Gold Seller,Amazon Global,2026-09-07T07:47:36.812128
1047,SELL00177,Marketplace Storefront SELL00177,Platinum Seller,Amazon Global,2026-09-07T07:47:36.812128
1048,SELL00179,Marketplace Storefront SELL00179,Standard Seller,Amazon Global,2026-09-07T07:47:36.812128
1049,SELL00188,Marketplace Storefront SELL00188,Gold Seller,Amazon Global,2026-09-07T07:47:36.812128
1050,SELL00198,Marketplace Storefront SELL00198,Platinum Seller,Amazon Global,2026-09-07T07:47:36.812128
1051,SELL00201,Marketplace Storefront SELL00201,Platinum Seller,Amazon Global,2026-09-07T07:47:36.812128
1052,SELL00202,Marketplace Storefront SELL00202,Gold Seller,Amazon Global,2026-09-07T07:47:36.812128
1053,SELL00204,Marketplace Storefront SELL00204,Platinum Seller,Amazon Global,2026-09-07T07:47:36.812128
1054,SELL00208,Marketplace Storefront SELL00208,Gold Seller,Amazon Global,2026-09-07T07:47:36.812128
1055,SELL00214,Marketplace Storefront SELL00214,Gold Seller,Amazon Global,2026-09-07T07:47:36.812128
1056,SELL00223,Marketplace Storefront SELL00223,Standard Seller,Amazon Global,2026-09-07T07:47:36.812128
1057,SELL00227,Marketplace Storefront SELL00227,Standard Seller,Amazon Global,2026-09-07T07:47:36.812128
1058,SELL00229,Marketplace Storefront SELL00229,Standard Seller,Amazon Global,2026-09-07T07:47:36.812128
1059,SELL00234,Marketplace Storefront SELL00234,Platinum Seller,Amazon Global,2026-09-07T07:47:36.812128
1060,SELL00240,Marketplace Storefront SELL00240,Platinum Seller,Amazon Global,2026-09-07T07:47:36.812128
1061,SELL00241,Marketplace Storefront SELL00241,Standard Seller,Amazon Global,2026-09-07T07:47:36.812128
1062,SELL00246,Marketplace Storefront SELL00246,Platinum Seller,Amazon Global,2026-09-07T07:47:36.812128
1063,SELL00248,Marketplace Storefront SELL00248,Gold Seller,Amazon Global,2026-09-07T07:47:36.812128
1064,SELL00254,Marketplace Storefront SELL00254,Gold Seller,Amazon Global,2026-09-07T07:47:36.812128
1065,SELL00267,Marketplace Storefront SELL00267,Platinum Seller,Amazon Global,2026-09-07T07:47:36.812128
1066,SELL00270,Marketplace Storefront SELL00270,Platinum Seller,Amazon Global,2026-09-07T07:47:36.812128
1067,SELL00275,Marketplace Storefront SELL00275,Standard Seller,Amazon Global,2026-09-07T07:47:36.812128
1068,SELL00276,Marketplace Storefront SELL00276,Platinum Seller,Amazon Global,2026-09-07T07:47:36.812128
1069,SELL00287,Marketplace Storefront SELL00287,Standard Seller,Amazon Global,2026-09-07T07:47:36.812128
1070,SELL00289,Marketplace Storefront SELL00289,Standard Seller,Amazon Global,2026-09-07T07:47:36.812128
1071,SELL00291,Marketplace Storefront SELL00291,Platinum Seller,Amazon Global,2026-09-07T07:47:36.812128
1072,SELL00292,Marketplace Storefront SELL00292,Gold Seller,Amazon Global,2026-09-07T07:47:36.812128
1073,SELL00298,Marketplace Storefront SELL00298,Gold Seller,Amazon Global,2026-09-07T07:47:36.812128
1074,SELL00303,Marketplace Storefront SELL00303,Platinum Seller,Amazon Global,2026-09-07T07:47:36.812128
1075,SELL00305,Marketplace Storefront SELL00305,Standard Seller,Amazon Global,2026-09-07T07:47:36.812128
1076,SELL00309,Marketplace Storefront SELL00309,Platinum Seller,Amazon Global,2026-09-07T07:47:36.812128
1077,SELL00317,Marketplace Storefront SELL00317,Standard Seller,Amazon Global,2026-09-07T07:47:36.812128
1078,SELL00319,Marketplace Storefront SELL00319,Standard Seller,Amazon Global,2026-09-07T07:47:36.812128
1079,SELL00323,Marketplace Storefront SELL00323,Standard Seller,Amazon Global,2026-09-07T07:47:36.812128
1080,SELL00325,Marketplace Storefront SELL00325,Standard Seller,Amazon Global,2026-09-07T07:47:36.812128
1081,SELL00331,Marketplace Storefront SELL00331,Standard Seller,Amazon Global,2026-09-07T07:47:36.812128
1082,SELL00332,Marketplace Storefront SELL00332,Gold Seller,Amazon Global,2026-09-07T07:47:36.812128
1083,SELL00334,Marketplace Storefront SELL00334,Gold Seller,Amazon Global,2026-09-07T07:47:36.812128
1084,SELL00338,Marketplace Storefront SELL00338,Gold Seller,Amazon Global,2026-09-07T07:47:36.812128
1085,SELL00344,Marketplace Storefront SELL00344,Gold Seller,Amazon Global,2026-09-07T07:47:36.812128
1086,SELL00357,Marketplace Storefront SELL00357,Platinum Seller,Amazon Global,2026-09-07T07:47:36.812128
1087,SELL00359,Marketplace Storefront SELL00359,Standard Seller,Amazon Global,2026-09-07T07:47:36.812128
1088,SELL00362,Marketplace Storefront SELL00362,Gold Seller,Amazon Global,2026-09-07T07:47:36.812128
1089,SELL00364,Marketplace Storefront SELL00364,Gold Seller,Amazon Global,2026-09-07T07:47:36.812128
1090,SELL00371,Marketplace Storefront SELL00371,Standard Seller,Amazon Global,2026-09-07T07:47:36.812128
1091,SELL00372,Marketplace Storefront SELL00372,Platinum Seller,Amazon Global,2026-09-07T07:47:36.812128
1092,SELL00378,Marketplace Storefront SELL00378,Platinum Seller,Amazon Global,2026-09-07T07:47:36.812128
1093,SELL00384,Marketplace Storefront SELL00384,Platinum Seller,Amazon Global,2026-09-07T07:47:36.812128
1094,SELL00391,Marketplace Storefront SELL00391,Standard Seller,Amazon Global,2026-09-07T07:47:36.812128
1095,SELL00392,Marketplace Storefront SELL00392,Gold Seller,Amazon Global,2026-09-07T07:47:36.812128
1096,SELL00398,Marketplace Storefront SELL00398,Gold Seller,Amazon Global,2026-09-07T07:47:36.812128
1097,SELL00404,Marketplace Storefront SELL00404,Gold Seller,Amazon Global,2026-09-07T07:47:36.812128
1098,SELL00414,Marketplace Storefront SELL00414,Platinum Seller,Amazon Global,2026-09-07T07:47:36.812128
1099,SELL00421,Marketplace Storefront SELL00421,Standard Seller,Amazon Global,2026-09-07T07:47:36.812128
1100,SELL00422,Marketplace Storefront SELL00422,Gold Seller,Amazon Global,2026-09-07T07:47:36.812128
1101,SELL00428,Marketplace Storefront SELL00428,Gold Seller,Amazon Global,2026-09-07T07:47:36.812128
1102,SELL00437,Marketplace Storefront SELL00437,Standard Seller,Amazon Global,2026-09-07T07:47:36.812128
1103,SELL00439,Marketplace Storefront SELL00439,Standard Seller,Amazon Global,2026-09-07T07:47:36.812128
1104,SELL00444,Marketplace Storefront SELL00444,Platinum Seller,Amazon Global,2026-09-07T07:47:36.812128
1105,SELL00457,Marketplace Storefront SELL00457,Standard Seller,Amazon Global,2026-09-07T07:47:36.812128
1106,SELL00462,Marketplace Storefront SELL00462,Platinum Seller,Amazon Global,2026-09-07T07:47:36.812128
1107,SELL00464,Marketplace Storefront SELL00464,Gold Seller,Amazon Global,2026-09-07T07:47:36.812128
1108,SELL00473,Marketplace Storefront SELL00473,Standard Seller,Amazon Global,2026-09-07T07:47:36.812128
1109,SELL00479,Marketplace Storefront SELL00479,Standard Seller,Amazon Global,2026-09-07T07:47:36.812128
1110,SELL00480,Marketplace Storefront SELL00480,Platinum Seller,Amazon Global,2026-09-07T07:47:36.812128
1111,SELL00481,Marketplace Storefront SELL00481,Standard Seller,Amazon Global,2026-09-07T07:47:36.812128
1112,SELL00486,Marketplace Storefront SELL00486,Platinum Seller,Amazon Global,2026-09-07T07:47:36.812128
1113,SELL00488,Marketplace Storefront SELL00488,Gold Seller,Amazon Global,2026-09-07T07:47:36.812128
1114,SELL00491,Marketplace Storefront SELL00491,Standard Seller,Amazon Global,2026-09-07T07:47:36.812128
1115,SELL00492,Marketplace Storefront SELL00492,Platinum Seller,Amazon Global,2026-09-07T07:47:36.812128
1116,SELL00496,Marketplace Storefront SELL00496,Gold Seller,Amazon Global,2026-09-07T07:47:36.812128
1117,SELL00498,Marketplace Storefront SELL00498,Platinum Seller,Amazon Global,2026-09-07T07:47:36.812128
1118,SELL00504,Marketplace Storefront SELL00504,Platinum Seller,Amazon Global,2026-09-07T07:47:36.812128
1119,SELL00514,Marketplace Storefront SELL00514,Gold Seller,Amazon Global,2026-09-07T07:47:36.812128
1120,SELL00520,Marketplace Storefront SELL00520,Gold Seller,Amazon Global,2026-09-07T07:47:36.812128
1121,SELL00525,Marketplace Storefront SELL00525,Platinum Seller,Amazon Global,2026-09-07T07:47:36.812128
1122,SELL00526,Marketplace Storefront SELL00526,Gold Seller,Amazon Global,2026-09-07T07:47:36.812128
1123,SELL00533,Marketplace Storefront SELL00533,Standard Seller,Amazon Global,2026-09-07T07:47:36.812128
1124,SELL00535,Marketplace Storefront SELL00535,Standard Seller,Amazon Global,2026-09-07T07:47:36.812128
1125,SELL00539,Marketplace Storefront SELL00539,Standard Seller,Amazon Global,2026-09-07T07:47:36.812128
1126,SELL00543,Marketplace Storefront SELL00543,Platinum Seller,Amazon Global,2026-09-07T07:47:36.812128
1127,SELL00547,Marketplace Storefront SELL00547,Standard Seller,Amazon Global,2026-09-07T07:47:36.812128
1128,SELL00549,Marketplace Storefront SELL00549,Platinum Seller,Amazon Global,2026-09-07T07:47:36.812128
1129,SELL00550,Marketplace Storefront SELL00550,Gold Seller,Amazon Global,2026-09-07T07:47:36.812128
1130,SELL00551,Marketplace Storefront SELL00551,Standard Seller,Amazon Global,2026-09-07T07:47:36.812128
1131,SELL00552,Marketplace Storefront SELL00552,Platinum Seller,Amazon Global,2026-09-07T07:47:36.812128
1132,SELL00556,Marketplace Storefront SELL00556,Gold Seller,Amazon Global,2026-09-07T07:47:36.812128
1133,SELL00558,Marketplace Storefront SELL00558,Platinum Seller,Amazon Global,2026-09-07T07:47:36.812128
1134,SELL00560,Marketplace Storefront SELL00560,Gold Seller,Amazon Global,2026-09-07T07:47:36.812128
1135,SELL00561,Marketplace Storefront SELL00561,Platinum Seller,Amazon Global,2026-09-07T07:47:36.812128
1136,SELL00562,Marketplace Storefront SELL00562,Gold Seller,Amazon Global,2026-09-07T07:47:36.812128
1137,SELL00566,Marketplace Storefront SELL00566,Gold Seller,Amazon Global,2026-09-07T07:47:36.812128
1138,SELL00568,Marketplace Storefront SELL00568,Gold Seller,Amazon Global,2026-09-07T07:47:36.812128
1139,SELL00573,Marketplace Storefront SELL00573,Platinum Seller,Amazon Global,2026-09-07T07:47:36.812128
1140,SELL00579,Marketplace Storefront SELL00579,Platinum Seller,Amazon Global,2026-09-07T07:47:36.812128
1141,SELL00587,Marketplace Storefront SELL00587,Standard Seller,Amazon Global,2026-09-07T07:47:36.812128
1142,SELL00593,Marketplace Storefront SELL00593,Standard Seller,Amazon Global,2026-09-07T07:47:36.812128
1143,SELL00599,Marketplace Storefront SELL00599,Standard Seller,Amazon Global,2026-09-07T07:47:36.812128
1144,SELL00607,Marketplace Storefront SELL00607,Standard Seller,Amazon Global,2026-09-07T07:47:36.812128
1145,SELL00612,Marketplace Storefront SELL00612,Platinum Seller,Amazon Global,2026-09-07T07:47:36.812128
1146,SELL00614,Marketplace Storefront SELL00614,Gold Seller,Amazon Global,2026-09-07T07:47:36.812128
1147,SELL00627,Marketplace Storefront SELL00627,Platinum Seller,Amazon Global,2026-09-07T07:47:36.812128
1148,SELL00630,Marketplace Storefront SELL00630,Platinum Seller,Amazon Global,2026-09-07T07:47:36.812128
1149,SELL00635,Marketplace Storefront SELL00635,Standard Seller,Amazon Global,2026-09-07T07:47:36.812128
1150,SELL00636,Marketplace Storefront SELL00636,Platinum Seller,Amazon Global,2026-09-07T07:47:36.812128
1151,SELL00644,Marketplace Storefront SELL00644,Gold Seller,Amazon Global,2026-09-07T07:47:36.812128
1152,SELL00651,Marketplace Storefront SELL00651,Platinum Seller,Amazon Global,2026-09-07T07:47:36.812128
1153,SELL00652,Marketplace Storefront SELL00652,Gold Seller,Amazon Global,2026-09-07T07:47:36.812128
1154,SELL00658,Marketplace Storefront SELL00658,Gold Seller,Amazon Global,2026-09-07T07:47:36.812128
1155,SELL00662,Marketplace Storefront SELL00662,Gold Seller,Amazon Global,2026-09-07T07:47:36.812128
1156,SELL00664,Marketplace Storefront SELL00664,Gold Seller,Amazon Global,2026-09-07T07:47:36.812128
1157,SELL00672,Marketplace Storefront SELL00672,Platinum Seller,Amazon Global,2026-09-07T07:47:36.812128
1158,SELL00674,Marketplace Storefront SELL00674,Gold Seller,Amazon Global,2026-09-07T07:47:36.812128
1159,SELL00678,Marketplace Storefront SELL00678,Platinum Seller,Amazon Global,2026-09-07T07:47:36.812128
1160,SELL00680,Marketplace Storefront SELL00680,Gold Seller,Amazon Global,2026-09-07T07:47:36.812128
1161,SELL00681,Marketplace Storefront SELL00681,Platinum Seller,Amazon Global,2026-09-07T07:47:36.812128
1162,SELL00686,Marketplace Storefront SELL00686,Gold Seller,Amazon Global,2026-09-07T07:47:36.812128
1163,SELL00688,Marketplace Storefront SELL00688,Gold Seller,Amazon Global,2026-09-07T07:47:36.812128
1164,SELL00690,Marketplace Storefront SELL00690,Platinum Seller,Amazon Global,2026-09-07T07:47:36.812128
1165,SELL00691,Marketplace Storefront SELL00691,Standard Seller,Amazon Global,2026-09-07T07:47:36.812128
1166,SELL00695,Marketplace Storefront SELL00695,Standard Seller,Amazon Global,2026-09-07T07:47:36.812128
1167,SELL00696,Marketplace Storefront SELL00696,Platinum Seller,Amazon Global,2026-09-07T07:47:36.812128
1168,SELL00698,Marketplace Storefront SELL00698,Gold Seller,Amazon Global,2026-09-07T07:47:36.812128
1169,SELL00707,Marketplace Storefront SELL00707,Standard Seller,Amazon Global,2026-09-07T07:47:36.812128
1170,SELL00710,Marketplace Storefront SELL00710,Gold Seller,Amazon Global,2026-09-07T07:47:36.812128
1171,SELL00715,Marketplace Storefront SELL00715,Standard Seller,Amazon Global,2026-09-07T07:47:36.812128
1172,SELL00716,Marketplace Storefront SELL00716,Gold Seller,Amazon Global,2026-09-07T07:47:36.812128
1173,SELL00727,Marketplace Storefront SELL00727,Standard Seller,Amazon Global,2026-09-07T07:47:36.812128
1174,SELL00729,Marketplace Storefront SELL00729,Platinum Seller,Amazon Global,2026-09-07T07:47:36.812128
1175,SELL00732,Marketplace Storefront SELL00732,Platinum Seller,Amazon Global,2026-09-07T07:47:36.812128
1176,SELL00734,Marketplace Storefront SELL00734,Gold Seller,Amazon Global,2026-09-07T07:47:36.812128
1177,SELL00743,Marketplace Storefront SELL00743,Standard Seller,Amazon Global,2026-09-07T07:47:36.812128
1178,SELL00749,Marketplace Storefront SELL00749,Standard Seller,Amazon Global,2026-09-07T07:47:36.812128
1179,SELL00750,Marketplace Storefront SELL00750,Platinum Seller,Amazon Global,2026-09-07T07:47:36.812128
1180,SELL00753,Marketplace Storefront SELL00753,Platinum Seller,Amazon Global,2026-09-07T07:47:36.812128
1181,SELL00755,Marketplace Storefront SELL00755,Standard Seller,Amazon Global,2026-09-07T07:47:36.812128
1182,SELL00756,Marketplace Storefront SELL00756,Platinum Seller,Amazon Global,2026-09-07T07:47:36.812128
1183,SELL00760,Marketplace Storefront SELL00760,Gold Seller,Amazon Global,2026-09-07T07:47:36.812128
1184,SELL00761,Marketplace Storefront SELL00761,Standard Seller,Amazon Global,2026-09-07T07:47:36.812128
1185,SELL00765,Marketplace Storefront SELL00765,Platinum Seller,Amazon Global,2026-09-07T07:47:36.812128
1186,SELL00766,Marketplace Storefront SELL00766,Gold Seller,Amazon Global,2026-09-07T07:47:36.812128
1187,SELL00768,Marketplace Storefront SELL00768,Platinum Seller,Amazon Global,2026-09-07T07:47:36.812128
1188,SELL00770,Marketplace Storefront SELL00770,Gold Seller,Amazon Global,2026-09-07T07:47:36.812128
1189,SELL00775,Marketplace Storefront SELL00775,Standard Seller,Amazon Global,2026-09-07T07:47:36.812128
1190,SELL00776,Marketplace Storefront SELL00776,Gold Seller,Amazon Global,2026-09-07T07:47:36.812128
1191,SELL00783,Marketplace Storefront SELL00783,Platinum Seller,Amazon Global,2026-09-07T07:47:36.812128
1192,SELL00789,Marketplace Storefront SELL00789,Platinum Seller,Amazon Global,2026-09-07T07:47:36.812128
1193,SELL00797,Marketplace Storefront SELL00797,Standard Seller,Amazon Global,2026-09-07T07:47:36.812128
1194,SELL00801,Marketplace Storefront SELL00801,Platinum Seller,Amazon Global,2026-09-07T07:47:36.812128
1195,SELL00802,Marketplace Storefront SELL00802,Gold Seller,Amazon Global,2026-09-07T07:47:36.812128
1196,SELL00808,Marketplace Storefront SELL00808,Gold Seller,Amazon Global,2026-09-07T07:47:36.812128
1197,SELL00817,Marketplace Storefront SELL00817,Standard Seller,Amazon Global,2026-09-07T07:47:36.812128
1198,SELL00819,Marketplace Storefront SELL00819,Platinum Seller,Amazon Global,2026-09-07T07:47:36.812128
1199,SELL00820,Marketplace Storefront SELL00820,Gold Seller,Amazon Global,2026-09-07T07:47:36.812128
1200,SELL00825,Marketplace Storefront SELL00825,Platinum Seller,Amazon Global,2026-09-07T07:47:36.812128
1201,SELL00826,Marketplace Storefront SELL00826,Gold Seller,Amazon Global,2026-09-07T07:47:36.812128
1202,SELL00834,Marketplace Storefront SELL00834,Platinum Seller,Amazon Global,2026-09-07T07:47:36.812128
1203,SELL00843,Marketplace Storefront SELL00843,Platinum Seller,Amazon Global,2026-09-07T07:47:36.812128
1204,SELL00847,Marketplace Storefront SELL00847,Standard Seller,Amazon Global,2026-09-07T07:47:36.812128
1205,SELL00849,Marketplace Storefront SELL00849,Platinum Seller,Amazon Global,2026-09-07T07:47:36.812128
1206,SELL00853,Marketplace Storefront SELL00853,Standard Seller,Amazon Global,2026-09-07T07:47:36.812128
1207,SELL00859,Marketplace Storefront SELL00859,Standard Seller,Amazon Global,2026-09-07T07:47:36.812128
1208,SELL00860,Marketplace Storefront SELL00860,Gold Seller,Amazon Global,2026-09-07T07:47:36.812128
1209,SELL00861,Marketplace Storefront SELL00861,Platinum Seller,Amazon Global,2026-09-07T07:47:36.812128
1210,SELL00866,Marketplace Storefront SELL00866,Gold Seller,Amazon Global,2026-09-07T07:47:36.812128
1211,SELL00868,Marketplace Storefront SELL00868,Gold Seller,Amazon Global,2026-09-07T07:47:36.812128
1212,SELL00877,Marketplace Storefront SELL00877,Standard Seller,Amazon Global,2026-09-07T07:47:36.812128
1213,SELL00882,Marketplace Storefront SELL00882,Platinum Seller,Amazon Global,2026-09-07T07:47:36.812128
1214,SELL00884,Marketplace Storefront SELL00884,Gold Seller,Amazon Global,2026-09-07T07:47:36.812128
1215,SELL00894,Marketplace Storefront SELL00894,Platinum Seller,Amazon Global,2026-09-07T07:47:36.812128
1216,SELL00901,Marketplace Storefront SELL00901,Standard Seller,Amazon Global,2026-09-07T07:47:36.812128
1217,SELL00902,Marketplace Storefront SELL00902,Gold Seller,Amazon Global,2026-09-07T07:47:36.812128
1218,SELL00904,Marketplace Storefront SELL00904,Gold Seller,Amazon Global,2026-09-07T07:47:36.812128
1219,SELL00908,Marketplace Storefront SELL00908,Gold Seller,Amazon Global,2026-09-07T07:47:36.812128
1220,SELL00913,Marketplace Storefront SELL00913,Standard Seller,Amazon Global,2026-09-07T07:47:36.812128
1221,SELL00915,Marketplace Storefront SELL00915,Platinum Seller,Amazon Global,2026-09-07T07:47:36.812128
1222,SELL00923,Marketplace Storefront SELL00923,Standard Seller,Amazon Global,2026-09-07T07:47:36.812128
1223,SELL00925,Marketplace Storefront SELL00925,Standard Seller,Amazon Global,2026-09-07T07:47:36.812128
1224,SELL00929,Marketplace Storefront SELL00929,Standard Seller,Amazon Global,2026-09-07T07:47:36.812128
1225,SELL00937,Marketplace Storefront SELL00937,Standard Seller,Amazon Global,2026-09-07T07:47:36.812128
1226,SELL00939,Marketplace Storefront SELL00939,Platinum Seller,Amazon Global,2026-09-07T07:47:36.812128
1227,SELL00940,Marketplace Storefront SELL00940,Gold Seller,Amazon Global,2026-09-07T07:47:36.812128
1228,SELL00945,Marketplace Storefront SELL00945,Platinum Seller,Amazon Global,2026-09-07T07:47:36.812128
1229,SELL00946,Marketplace Storefront SELL00946,Gold Seller,Amazon Global,2026-09-07T07:47:36.812128
1230,SELL00957,Marketplace Storefront SELL00957,Platinum Seller,Amazon Global,2026-09-07T07:47:36.812128
1231,SELL00960,Marketplace Storefront SELL00960,Platinum Seller,Amazon Global,2026-09-07T07:47:36.812128
1232,SELL00965,Marketplace Storefront SELL00965,Standard Seller,Amazon Global,2026-09-07T07:47:36.812128
1233,SELL00966,Marketplace Storefront SELL00966,Platinum Seller,Amazon Global,2026-09-07T07:47:36.812128
1234,SELL00977,Marketplace Storefront SELL00977,Standard Seller,Amazon Global,2026-09-07T07:47:36.812128
1235,SELL00979,Marketplace Storefront SELL00979,Standard Seller,Amazon Global,2026-09-07T07:47:36.812128
1236,SELL00983,Marketplace Storefront SELL00983,Standard Seller,Amazon Global,2026-09-07T07:47:36.812128
1237,SELL00985,Marketplace Storefront SELL00985,Standard Seller,Amazon Global,2026-09-07T07:47:36.812128
1238,SELL00989,Marketplace Storefront SELL00989,Standard Seller,Amazon Global,2026-09-07T07:47:36.812128
1239,SELL00991,Marketplace Storefront SELL00991,Standard Seller,Amazon Global,2026-09-07T07:47:36.812128
1240,SELL00992,Marketplace Storefront SELL00992,Gold Seller,Amazon Global,2026-09-07T07:47:36.812128
1241,SELL00998,Marketplace Storefront SELL00998,Gold Seller,Amazon Global,2026-09-07T07:47:36.812128
1242,SELL01001,Marketplace Storefront SELL01001,Standard Seller,Amazon Global,2026-09-07T07:47:36.812128
1243,SELL01002,Marketplace Storefront SELL01002,Platinum Seller,Amazon Global,2026-09-07T07:47:36.812128
1244,SELL01008,Marketplace Storefront SELL01008,Platinum Seller,Amazon Global,2026-09-07T07:47:36.812128
1245,SELL01010,Marketplace Storefront SELL01010,Gold Seller,Amazon Global,2026-09-07T07:47:36.812128
1246,SELL01011,Marketplace Storefront SELL01011,Platinum Seller,Amazon Global,2026-09-07T07:47:36.812128
1247,SELL01012,Marketplace Storefront SELL01012,Gold Seller,Amazon Global,2026-09-07T07:47:36.812128
1248,SELL01016,Marketplace Storefront SELL01016,Gold Seller,Amazon Global,2026-09-07T07:47:36.812128
1249,SELL01018,Marketplace Storefront SELL01018,Gold Seller,Amazon Global,2026-09-07T07:47:36.812128
1250,SELL01020,Marketplace Storefront SELL01020,Platinum Seller,Amazon Global,2026-09-07T07:47:36.812128
1251,SELL01025,Marketplace Storefront SELL01025,Standard Seller,Amazon Global,2026-09-07T07:47:36.812128
1252,SELL00012,Marketplace Storefront SELL00012,Platinum Seller,Amazon Global,2026-09-07T07:47:36.812128
1253,SELL00013,Marketplace Storefront SELL00013,Standard Seller,Amazon Global,2026-09-07T07:47:36.812128
1254,SELL00014,Marketplace Storefront SELL00014,Gold Seller,Amazon Global,2026-09-07T07:47:36.812128
1255,SELL00015,Marketplace Storefront SELL00015,Platinum Seller,Amazon Global,2026-09-07T07:47:36.812128
1256,SELL00019,Marketplace Storefront SELL00019,Standard Seller,Amazon Global,2026-09-07T07:47:36.812128
1257,SELL00022,Marketplace Storefront SELL00022,Gold Seller,Amazon Global,2026-09-07T07:47:36.812128
1258,SELL00026,Marketplace Storefront SELL00026,Gold Seller,Amazon Global,2026-09-07T07:47:36.812128
1259,SELL00027,Marketplace Storefront SELL00027,Platinum Seller,Amazon Global,2026-09-07T07:47:36.812128
1260,SELL00028,Marketplace Storefront SELL00028,Gold Seller,Amazon Global,2026-09-07T07:47:36.812128
1261,SELL00029,Marketplace Storefront SELL00029,Standard Seller,Amazon Global,2026-09-07T07:47:36.812128
1262,SELL00050,Marketplace Storefront SELL00050,Gold Seller,Amazon Global,2026-09-07T07:47:36.812128
1263,SELL00054,Marketplace Storefront SELL00054,Platinum Seller,Amazon Global,2026-09-07T07:47:36.812128
1264,SELL00055,Marketplace Storefront SELL00055,Standard Seller,Amazon Global,2026-09-07T07:47:36.812128
1265,SELL00063,Marketplace Storefront SELL00063,Platinum Seller,Amazon Global,2026-09-07T07:47:36.812128
1266,SELL00064,Marketplace Storefront SELL00064,Gold Seller,Amazon Global,2026-09-07T07:47:36.812128
1267,SELL00065,Marketplace Storefront SELL00065,Standard Seller,Amazon Global,2026-09-07T07:47:36.812128
1268,SELL00070,Marketplace Storefront SELL00070,Gold Seller,Amazon Global,2026-09-07T07:47:36.812128
1269,SELL00071,Marketplace Storefront SELL00071,Standard Seller,Amazon Global,2026-09-07T07:47:36.812128
1270,SELL00080,Marketplace Storefront SELL00080,Gold Seller,Amazon Global,2026-09-07T07:47:36.812128
1271,SELL00081,Marketplace Storefront SELL00081,Platinum Seller,Amazon Global,2026-09-07T07:47:36.812128
1272,SELL00096,Marketplace Storefront SELL00096,Platinum Seller,Amazon Global,2026-09-07T07:47:36.812128
1273,SELL00097,Marketplace Storefront SELL00097,Standard Seller,Amazon Global,2026-09-07T07:47:36.812128
1274,SELL00098,Marketplace Storefront SELL00098,Gold Seller,Amazon Global,2026-09-07T07:47:36.812128
1275,SELL00100,Marketplace Storefront SELL00100,Gold Seller,Amazon Global,2026-09-07T07:47:36.812128
1276,SELL00101,Marketplace Storefront SELL00101,Standard Seller,Amazon Global,2026-09-07T07:47:36.812128
1277,SELL00106,Marketplace Storefront SELL00106,Gold Seller,Amazon Global,2026-09-07T07:47:36.812128
1278,SELL00107,Marketplace Storefront SELL00107,Standard Seller,Amazon Global,2026-09-07T07:47:36.812128
1279,SELL00108,Marketplace Storefront SELL00108,Platinum Seller,Amazon Global,2026-09-07T07:47:36.812128
1280,SELL00122,Marketplace Storefront SELL00122,Gold Seller,Amazon Global,2026-09-07T07:47:36.812128
1281,SELL00132,Marketplace Storefront SELL00132,Platinum Seller,Amazon Global,2026-09-07T07:47:36.812128
1282,SELL00140,Marketplace Storefront SELL00140,Gold Seller,Amazon Global,2026-09-07T07:47:36.812128
1283,SELL00141,Marketplace Storefront SELL00141,Platinum Seller,Amazon Global,2026-09-07T07:47:36.812128
1284,SELL00146,Marketplace Storefront SELL00146,Gold Seller,Amazon Global,2026-09-07T07:47:36.812128
1285,SELL00147,Marketplace Storefront SELL00147,Platinum Seller,Amazon Global,2026-09-07T07:47:36.812128
1286,SELL00148,Marketplace Storefront SELL00148,Gold Seller,Amazon Global,2026-09-07T07:47:36.812128
1287,SELL00149,Marketplace Storefront SELL00149,Standard Seller,Amazon Global,2026-09-07T07:47:36.812128
1288,SELL00151,Marketplace Storefront SELL00151,Standard Seller,Amazon Global,2026-09-07T07:47:36.812128
1289,SELL00158,Marketplace Storefront SELL00158,Gold Seller,Amazon Global,2026-09-07T07:47:36.812128
1290,SELL00159,Marketplace Storefront SELL00159,Platinum Seller,Amazon Global,2026-09-07T07:47:36.812128
1291,SELL00162,Marketplace Storefront SELL00162,Platinum Seller,Amazon Global,2026-09-07T07:47:36.812128
1292,SELL00163,Marketplace Storefront SELL00163,Standard Seller,Amazon Global,2026-09-07T07:47:36.812128
1293,SELL00183,Marketplace Storefront SELL00183,Platinum Seller,Amazon Global,2026-09-07T07:47:36.812128
1294,SELL00184,Marketplace Storefront SELL00184,Gold Seller,Amazon Global,2026-09-07T07:47:36.812128
1295,SELL00185,Marketplace Storefront SELL00185,Standard Seller,Amazon Global,2026-09-07T07:47:36.812128
1296,SELL00186,Marketplace Storefront SELL00186,Platinum Seller,Amazon Global,2026-09-07T07:47:36.812128
1297,SELL00190,Marketplace Storefront SELL00190,Gold Seller,Amazon Global,2026-09-07T07:47:36.812128
1298,SELL00193,Marketplace Storefront SELL00193,Standard Seller,Amazon Global,2026-09-07T07:47:36.812128
1299,SELL00194,Marketplace Storefront SELL00194,Gold Seller,Amazon Global,2026-09-07T07:47:36.812128
1300,SELL00195,Marketplace Storefront SELL00195,Platinum Seller,Amazon Global,2026-09-07T07:47:36.812128
1301,SELL00196,Marketplace Storefront SELL00196,Gold Seller,Amazon Global,2026-09-07T07:47:36.812128
1302,SELL00206,Marketplace Storefront SELL00206,Gold Seller,Amazon Global,2026-09-07T07:47:36.812128
1303,SELL00207,Marketplace Storefront SELL00207,Platinum Seller,Amazon Global,2026-09-07T07:47:36.812128
1304,SELL00212,Marketplace Storefront SELL00212,Gold Seller,Amazon Global,2026-09-07T07:47:36.812128
1305,SELL00213,Marketplace Storefront SELL00213,Platinum Seller,Amazon Global,2026-09-07T07:47:36.812128
1306,SELL00217,Marketplace Storefront SELL00217,Standard Seller,Amazon Global,2026-09-07T07:47:36.812128
1307,SELL00218,Marketplace Storefront SELL00218,Gold Seller,Amazon Global,2026-09-07T07:47:36.812128
1308,SELL00219,Marketplace Storefront SELL00219,Platinum Seller,Amazon Global,2026-09-07T07:47:36.812128
1309,SELL00220,Marketplace Storefront SELL00220,Gold Seller,Amazon Global,2026-09-07T07:47:36.812128
1310,SELL00224,Marketplace Storefront SELL00224,Gold Seller,Amazon Global,2026-09-07T07:47:36.812128
1311,SELL00225,Marketplace Storefront SELL00225,Platinum Seller,Amazon Global,2026-09-07T07:47:36.812128
1312,SELL00232,Marketplace Storefront SELL00232,Gold Seller,Amazon Global,2026-09-07T07:47:36.812128
1313,SELL00233,Marketplace Storefront SELL00233,Standard Seller,Amazon Global,2026-09-07T07:47:36.812128
1314,SELL00237,Marketplace Storefront SELL00237,Platinum Seller,Amazon Global,2026-09-07T07:47:36.812128
1315,SELL00238,Marketplace Storefront SELL00238,Gold Seller,Amazon Global,2026-09-07T07:47:36.812128
1316,SELL00239,Marketplace Storefront SELL00239,Standard Seller,Amazon Global,2026-09-07T07:47:36.812128
1317,SELL00252,Marketplace Storefront SELL00252,Platinum Seller,Amazon Global,2026-09-07T07:47:36.812128
1318,SELL00256,Marketplace Storefront SELL00256,Gold Seller,Amazon Global,2026-09-07T07:47:36.812128
1319,SELL00257,Marketplace Storefront SELL00257,Standard Seller,Amazon Global,2026-09-07T07:47:36.812128
1320,SELL00258,Marketplace Storefront SELL00258,Platinum Seller,Amazon Global,2026-09-07T07:47:36.812128
1321,SELL00259,Marketplace Storefront SELL00259,Standard Seller,Amazon Global,2026-09-07T07:47:36.812128
1322,SELL00262,Marketplace Storefront SELL00262,Gold Seller,Amazon Global,2026-09-07T07:47:36.812128
1323,SELL00263,Marketplace Storefront SELL00263,Standard Seller,Amazon Global,2026-09-07T07:47:36.812128
1324,SELL00264,Marketplace Storefront SELL00264,Platinum Seller,Amazon Global,2026-09-07T07:47:36.812128
1325,SELL00268,Marketplace Storefront SELL00268,Gold Seller,Amazon Global,2026-09-07T07:47:36.812128
1326,SELL00269,Marketplace Storefront SELL00269,Standard Seller,Amazon Global,2026-09-07T07:47:36.812128
1327,SELL00271,Marketplace Storefront SELL00271,Standard Seller,Amazon Global,2026-09-07T07:47:36.812128
1328,SELL00283,Marketplace Storefront SELL00283,Standard Seller,Amazon Global,2026-09-07T07:47:36.812128
1329,SELL00284,Marketplace Storefront SELL00284,Gold Seller,Amazon Global,2026-09-07T07:47:36.812128
1330,SELL00285,Marketplace Storefront SELL00285,Platinum Seller,Amazon Global,2026-09-07T07:47:36.812128
1331,SELL00296,Marketplace Storefront SELL00296,Gold Seller,Amazon Global,2026-09-07T07:47:36.812128
1332,SELL00300,Marketplace Storefront SELL00300,Platinum Seller,Amazon Global,2026-09-07T07:47:36.812128
1333,SELL00301,Marketplace Storefront SELL00301,Standard Seller,Amazon Global,2026-09-07T07:47:36.812128
1334,SELL00313,Marketplace Storefront SELL00313,Standard Seller,Amazon Global,2026-09-07T07:47:36.812128
1335,SELL00314,Marketplace Storefront SELL00314,Gold Seller,Amazon Global,2026-09-07T07:47:36.812128
1336,SELL00315,Marketplace Storefront SELL00315,Platinum Seller,Amazon Global,2026-09-07T07:47:36.812128
1337,SELL00320,Marketplace Storefront SELL00320,Gold Seller,Amazon Global,2026-09-07T07:47:36.812128
1338,SELL00321,Marketplace Storefront SELL00321,Platinum Seller,Amazon Global,2026-09-07T07:47:36.812128
1339,SELL00336,Marketplace Storefront SELL00336,Platinum Seller,Amazon Global,2026-09-07T07:47:36.812128
1340,SELL00337,Marketplace Storefront SELL00337,Standard Seller,Amazon Global,2026-09-07T07:47:36.812128
1341,SELL00342,Marketplace Storefront SELL00342,Platinum Seller,Amazon Global,2026-09-07T07:47:36.812128
1342,SELL00343,Marketplace Storefront SELL00343,Standard Seller,Amazon Global,2026-09-07T07:47:36.812128
1343,SELL00347,Marketplace Storefront SELL00347,Standard Seller,Amazon Global,2026-09-07T07:47:36.812128
1344,SELL00348,Marketplace Storefront SELL00348,Platinum Seller,Amazon Global,2026-09-07T07:47:36.812128
1345,SELL00349,Marketplace Storefront SELL00349,Standard Seller,Amazon Global,2026-09-07T07:47:36.812128
1346,SELL00352,Marketplace Storefront SELL00352,Gold Seller,Amazon Global,2026-09-07T07:47:36.812128
1347,SELL00353,Marketplace Storefront SELL00353,Standard Seller,Amazon Global,2026-09-07T07:47:36.812128
1348,SELL00354,Marketplace Storefront SELL00354,Platinum Seller,Amazon Global,2026-09-07T07:47:36.812128
1349,SELL00355,Marketplace Storefront SELL00355,Standard Seller,Amazon Global,2026-09-07T07:47:36.812128
1350,SELL00366,Marketplace Storefront SELL00366,Platinum Seller,Amazon Global,2026-09-07T07:47:36.812128
1351,SELL00367,Marketplace Storefront SELL00367,Standard Seller,Amazon Global,2026-09-07T07:47:36.812128
1352,SELL00368,Marketplace Storefront SELL00368,Gold Seller,Amazon Global,2026-09-07T07:47:36.812128
1353,SELL00376,Marketplace Storefront SELL00376,Gold Seller,Amazon Global,2026-09-07T07:47:36.812128
1354,SELL00382,Marketplace Storefront SELL00382,Gold Seller,Amazon Global,2026-09-07T07:47:36.812128
1355,SELL00383,Marketplace Storefront SELL00383,Standard Seller,Amazon Global,2026-09-07T07:47:36.812128
1356,SELL00387,Marketplace Storefront SELL00387,Platinum Seller,Amazon Global,2026-09-07T07:47:36.812128
1357,SELL00388,Marketplace Storefront SELL00388,Gold Seller,Amazon Global,2026-09-07T07:47:36.812128
1358,SELL00389,Marketplace Storefront SELL00389,Standard Seller,Amazon Global,2026-09-07T07:47:36.812128
1359,SELL00396,Marketplace Storefront SELL00396,Platinum Seller,Amazon Global,2026-09-07T07:47:36.812128
1360,SELL00402,Marketplace Storefront SELL00402,Platinum Seller,Amazon Global,2026-09-07T07:47:36.812128
1361,SELL00406,Marketplace Storefront SELL00406,Gold Seller,Amazon Global,2026-09-07T07:47:36.812128
1362,SELL00407,Marketplace Storefront SELL00407,Standard Seller,Amazon Global,2026-09-07T07:47:36.812128
1363,SELL00408,Marketplace Storefront SELL00408,Platinum Seller,Amazon Global,2026-09-07T07:47:36.812128
1364,SELL00409,Marketplace Storefront SELL00409,Standard Seller,Amazon Global,2026-09-07T07:47:36.812128
1365,SELL00412,Marketplace Storefront SELL00412,Gold Seller,Amazon Global,2026-09-07T07:47:36.812128
1366,SELL00416,Marketplace Storefront SELL00416,Gold Seller,Amazon Global,2026-09-07T07:47:36.812128
1367,SELL00417,Marketplace Storefront SELL00417,Platinum Seller,Amazon Global,2026-09-07T07:47:36.812128
1368,SELL00418,Marketplace Storefront SELL00418,Gold Seller,Amazon Global,2026-09-07T07:47:36.812128
1369,SELL00419,Marketplace Storefront SELL00419,Standard Seller,Amazon Global,2026-09-07T07:47:36.812128
1370,SELL00426,Marketplace Storefront SELL00426,Platinum Seller,Amazon Global,2026-09-07T07:47:36.812128
1371,SELL00433,Marketplace Storefront SELL00433,Standard Seller,Amazon Global,2026-09-07T07:47:36.812128
1372,SELL00434,Marketplace Storefront SELL00434,Gold Seller,Amazon Global,2026-09-07T07:47:36.812128
1373,SELL00435,Marketplace Storefront SELL00435,Platinum Seller,Amazon Global,2026-09-07T07:47:36.812128
1374,SELL00442,Marketplace Storefront SELL00442,Gold Seller,Amazon Global,2026-09-07T07:47:36.812128
1375,SELL00443,Marketplace Storefront SELL00443,Standard Seller,Amazon Global,2026-09-07T07:47:36.812128
1376,SELL00447,Marketplace Storefront SELL00447,Platinum Seller,Amazon Global,2026-09-07T07:47:36.812128
1377,SELL00448,Marketplace Storefront SELL00448,Gold Seller,Amazon Global,2026-09-07T07:47:36.812128
1378,SELL00449,Marketplace Storefront SELL00449,Standard Seller,Amazon Global,2026-09-07T07:47:36.812128
1379,SELL00452,Marketplace Storefront SELL00452,Gold Seller,Amazon Global,2026-09-07T07:47:36.812128
1380,SELL00453,Marketplace Storefront SELL00453,Platinum Seller,Amazon Global,2026-09-07T07:47:36.812128
1381,SELL00454,Marketplace Storefront SELL00454,Gold Seller,Amazon Global,2026-09-07T07:47:36.812128
1382,SELL00458,Marketplace Storefront SELL00458,Gold Seller,Amazon Global,2026-09-07T07:47:36.812128
1383,SELL00459,Marketplace Storefront SELL00459,Platinum Seller,Amazon Global,2026-09-07T07:47:36.812128
1384,SELL00466,Marketplace Storefront SELL00466,Gold Seller,Amazon Global,2026-09-07T07:47:36.812128
1385,SELL00467,Marketplace Storefront SELL00467,Standard Seller,Amazon Global,2026-09-07T07:47:36.812128
1386,SELL00468,Marketplace Storefront SELL00468,Platinum Seller,Amazon Global,2026-09-07T07:47:36.812128
1387,SELL00470,Marketplace Storefront SELL00470,Gold Seller,Amazon Global,2026-09-07T07:47:36.812128
1388,SELL00475,Marketplace Storefront SELL00475,Standard Seller,Amazon Global,2026-09-07T07:47:36.812128
1389,SELL00502,Marketplace Storefront SELL00502,Gold Seller,Amazon Global,2026-09-07T07:47:36.812128
1390,SELL00506,Marketplace Storefront SELL00506,Gold Seller,Amazon Global,2026-09-07T07:47:36.812128
1391,SELL00507,Marketplace Storefront SELL00507,Platinum Seller,Amazon Global,2026-09-07T07:47:36.812128
1392,SELL00508,Marketplace Storefront SELL00508,Gold Seller,Amazon Global,2026-09-07T07:47:36.812128
1393,SELL00509,Marketplace Storefront SELL00509,Standard Seller,Amazon Global,2026-09-07T07:47:36.812128
1394,SELL00512,Marketplace Storefront SELL00512,Gold Seller,Amazon Global,2026-09-07T07:47:36.812128
1395,SELL00513,Marketplace Storefront SELL00513,Platinum Seller,Amazon Global,2026-09-07T07:47:36.812128
1396,SELL00517,Marketplace Storefront SELL00517,Standard Seller,Amazon Global,2026-09-07T07:47:36.812128
1397,SELL00518,Marketplace Storefront SELL00518,Gold Seller,Amazon Global,2026-09-07T07:47:36.812128
1398,SELL00519,Marketplace Storefront SELL00519,Platinum Seller,Amazon Global,2026-09-07T07:47:36.812128
1399,SELL00521,Marketplace Storefront SELL00521,Standard Seller,Amazon Global,2026-09-07T07:47:36.812128
1400,SELL00530,Marketplace Storefront SELL00530,Gold Seller,Amazon Global,2026-09-07T07:47:36.812128
1401,SELL00531,Marketplace Storefront SELL00531,Platinum Seller,Amazon Global,2026-09-07T07:47:36.812128
1402,SELL00540,Marketplace Storefront SELL00540,Platinum Seller,Amazon Global,2026-09-07T07:47:36.812128
1403,SELL00544,Marketplace Storefront SELL00544,Gold Seller,Amazon Global,2026-09-07T07:47:36.812128
1404,SELL00545,Marketplace Storefront SELL00545,Standard Seller,Amazon Global,2026-09-07T07:47:36.812128
1405,SELL00570,Marketplace Storefront SELL00570,Platinum Seller,Amazon Global,2026-09-07T07:47:36.812128
1406,SELL00575,Marketplace Storefront SELL00575,Standard Seller,Amazon Global,2026-09-07T07:47:36.812128
1407,SELL00582,Marketplace Storefront SELL00582,Platinum Seller,Amazon Global,2026-09-07T07:47:36.812128
1408,SELL00583,Marketplace Storefront SELL00583,Standard Seller,Amazon Global,2026-09-07T07:47:36.812128
1409,SELL00584,Marketplace Storefront SELL00584,Gold Seller,Amazon Global,2026-09-07T07:47:36.812128
1410,SELL00588,Marketplace Storefront SELL00588,Platinum Seller,Amazon Global,2026-09-07T07:47:36.812128
1411,SELL00589,Marketplace Storefront SELL00589,Standard Seller,Amazon Global,2026-09-07T07:47:36.812128
1412,SELL00590,Marketplace Storefront SELL00590,Gold Seller,Amazon Global,2026-09-07T07:47:36.812128
1413,SELL00591,Marketplace Storefront SELL00591,Platinum Seller,Amazon Global,2026-09-07T07:47:36.812128
1414,SELL00595,Marketplace Storefront SELL00595,Standard Seller,Amazon Global,2026-09-07T07:47:36.812128
1415,SELL00602,Marketplace Storefront SELL00602,Gold Seller,Amazon Global,2026-09-07T07:47:36.812128
1416,SELL00603,Marketplace Storefront SELL00603,Platinum Seller,Amazon Global,2026-09-07T07:47:36.812128
1417,SELL00604,Marketplace Storefront SELL00604,Gold Seller,Amazon Global,2026-09-07T07:47:36.812128
1418,SELL00608,Marketplace Storefront SELL00608,Gold Seller,Amazon Global,2026-09-07T07:47:36.812128
1419,SELL00609,Marketplace Storefront SELL00609,Platinum Seller,Amazon Global,2026-09-07T07:47:36.812128
1420,SELL00616,Marketplace Storefront SELL00616,Gold Seller,Amazon Global,2026-09-07T07:47:36.812128
1421,SELL00617,Marketplace Storefront SELL00617,Standard Seller,Amazon Global,2026-09-07T07:47:36.812128
1422,SELL00618,Marketplace Storefront SELL00618,Platinum Seller,Amazon Global,2026-09-07T07:47:36.812128
1423,SELL00622,Marketplace Storefront SELL00622,Gold Seller,Amazon Global,2026-09-07T07:47:36.812128
1424,SELL00623,Marketplace Storefront SELL00623,Standard Seller,Amazon Global,2026-09-07T07:47:36.812128
1425,SELL00624,Marketplace Storefront SELL00624,Platinum Seller,Amazon Global,2026-09-07T07:47:36.812128
1426,SELL00628,Marketplace Storefront SELL00628,Gold Seller,Amazon Global,2026-09-07T07:47:36.812128
1427,SELL00629,Marketplace Storefront SELL00629,Standard Seller,Amazon Global,2026-09-07T07:47:36.812128
1428,SELL00631,Marketplace Storefront SELL00631,Standard Seller,Amazon Global,2026-09-07T07:47:36.812128
1429,SELL00642,Marketplace Storefront SELL00642,Platinum Seller,Amazon Global,2026-09-07T07:47:36.812128
1430,SELL00643,Marketplace Storefront SELL00643,Standard Seller,Amazon Global,2026-09-07T07:47:36.812128
1431,SELL00647,Marketplace Storefront SELL00647,Standard Seller,Amazon Global,2026-09-07T07:47:36.812128
1432,SELL00648,Marketplace Storefront SELL00648,Platinum Seller,Amazon Global,2026-09-07T07:47:36.812128
1433,SELL00649,Marketplace Storefront SELL00649,Standard Seller,Amazon Global,2026-09-07T07:47:36.812128
1434,SELL00656,Marketplace Storefront SELL00656,Gold Seller,Amazon Global,2026-09-07T07:47:36.812128
1435,SELL00666,Marketplace Storefront SELL00666,Platinum Seller,Amazon Global,2026-09-07T07:47:36.812128
1436,SELL00667,Marketplace Storefront SELL00667,Standard Seller,Amazon Global,2026-09-07T07:47:36.812128
1437,SELL00668,Marketplace Storefront SELL00668,Gold Seller,Amazon Global,2026-09-07T07:47:36.812128
1438,SELL00676,Marketplace Storefront SELL00676,Gold Seller,Amazon Global,2026-09-07T07:47:36.812128
1439,SELL00677,Marketplace Storefront SELL00677,Standard Seller,Amazon Global,2026-09-07T07:47:36.812128
1440,SELL00702,Marketplace Storefront SELL00702,Platinum Seller,Amazon Global,2026-09-07T07:47:36.812128
1441,SELL00703,Marketplace Storefront SELL00703,Standard Seller,Amazon Global,2026-09-07T07:47:36.812128
1442,SELL00704,Marketplace Storefront SELL00704,Gold Seller,Amazon Global,2026-09-07T07:47:36.812128
1443,SELL00705,Marketplace Storefront SELL00705,Platinum Seller,Amazon Global,2026-09-07T07:47:36.812128
1444,SELL00709,Marketplace Storefront SELL00709,Standard Seller,Amazon Global,2026-09-07T07:47:36.812128
1445,SELL00711,Marketplace Storefront SELL00711,Platinum Seller,Amazon Global,2026-09-07T07:47:36.812128
1446,SELL00723,Marketplace Storefront SELL00723,Platinum Seller,Amazon Global,2026-09-07T07:47:36.812128
1447,SELL00724,Marketplace Storefront SELL00724,Gold Seller,Amazon Global,2026-09-07T07:47:36.812128
1448,SELL00725,Marketplace Storefront SELL00725,Standard Seller,Amazon Global,2026-09-07T07:47:36.812128
1449,SELL00736,Marketplace Storefront SELL00736,Gold Seller,Amazon Global,2026-09-07T07:47:36.812128
1450,SELL00737,Marketplace Storefront SELL00737,Standard Seller,Amazon Global,2026-09-07T07:47:36.812128
1451,SELL00738,Marketplace Storefront SELL00738,Platinum Seller,Amazon Global,2026-09-07T07:47:36.812128
1452,SELL00740,Marketplace Storefront SELL00740,Gold Seller,Amazon Global,2026-09-07T07:47:36.812128
1453,SELL00745,Marketplace Storefront SELL00745,Standard Seller,Amazon Global,2026-09-07T07:47:36.812128
1454,SELL00751,Marketplace Storefront SELL00751,Standard Seller,Amazon Global,2026-09-07T07:47:36.812128
1455,SELL00771,Marketplace Storefront SELL00771,Platinum Seller,Amazon Global,2026-09-07T07:47:36.812128
1456,SELL00780,Marketplace Storefront SELL00780,Platinum Seller,Amazon Global,2026-09-07T07:47:36.812128
1457,SELL00781,Marketplace Storefront SELL00781,Standard Seller,Amazon Global,2026-09-07T07:47:36.812128
1458,SELL00785,Marketplace Storefront SELL00785,Standard Seller,Amazon Global,2026-09-07T07:47:36.812128
1459,SELL00792,Marketplace Storefront SELL00792,Platinum Seller,Amazon Global,2026-09-07T07:47:36.812128
1460,SELL00793,Marketplace Storefront SELL00793,Standard Seller,Amazon Global,2026-09-07T07:47:36.812128
1461,SELL00794,Marketplace Storefront SELL00794,Gold Seller,Amazon Global,2026-09-07T07:47:36.812128
1462,SELL00798,Marketplace Storefront SELL00798,Platinum Seller,Amazon Global,2026-09-07T07:47:36.812128
1463,SELL00799,Marketplace Storefront SELL00799,Standard Seller,Amazon Global,2026-09-07T07:47:36.812128
1464,SELL00806,Marketplace Storefront SELL00806,Gold Seller,Amazon Global,2026-09-07T07:47:36.812128
1465,SELL00813,Marketplace Storefront SELL00813,Platinum Seller,Amazon Global,2026-09-07T07:47:36.812128
1466,SELL00814,Marketplace Storefront SELL00814,Gold Seller,Amazon Global,2026-09-07T07:47:36.812128
1467,SELL00815,Marketplace Storefront SELL00815,Standard Seller,Amazon Global,2026-09-07T07:47:36.812128
1468,SELL00821,Marketplace Storefront SELL00821,Standard Seller,Amazon Global,2026-09-07T07:47:36.812128
1469,SELL00832,Marketplace Storefront SELL00832,Gold Seller,Amazon Global,2026-09-07T07:47:36.812128
1470,SELL00833,Marketplace Storefront SELL00833,Standard Seller,Amazon Global,2026-09-07T07:47:36.812128
1471,SELL00837,Marketplace Storefront SELL00837,Platinum Seller,Amazon Global,2026-09-07T07:47:36.812128
1472,SELL00838,Marketplace Storefront SELL00838,Gold Seller,Amazon Global,2026-09-07T07:47:36.812128
1473,SELL00839,Marketplace Storefront SELL00839,Standard Seller,Amazon Global,2026-09-07T07:47:36.812128
1474,SELL00840,Marketplace Storefront SELL00840,Platinum Seller,Amazon Global,2026-09-07T07:47:36.812128
1475,SELL00844,Marketplace Storefront SELL00844,Gold Seller,Amazon Global,2026-09-07T07:47:36.812128
1476,SELL00845,Marketplace Storefront SELL00845,Standard Seller,Amazon Global,2026-09-07T07:47:36.812128
1477,SELL00850,Marketplace Storefront SELL00850,Gold Seller,Amazon Global,2026-09-07T07:47:36.812128
1478,SELL00855,Marketplace Storefront SELL00855,Platinum Seller,Amazon Global,2026-09-07T07:47:36.812128
1479,SELL00872,Marketplace Storefront SELL00872,Gold Seller,Amazon Global,2026-09-07T07:47:36.812128
1480,SELL00873,Marketplace Storefront SELL00873,Platinum Seller,Amazon Global,2026-09-07T07:47:36.812128
1481,SELL00874,Marketplace Storefront SELL00874,Gold Seller,Amazon Global,2026-09-07T07:47:36.812128
1482,SELL00875,Marketplace Storefront SELL00875,Standard Seller,Amazon Global,2026-09-07T07:47:36.812128
1483,SELL00879,Marketplace Storefront SELL00879,Platinum Seller,Amazon Global,2026-09-07T07:47:36.812128
1484,SELL00886,Marketplace Storefront SELL00886,Gold Seller,Amazon Global,2026-09-07T07:47:36.812128
1485,SELL00887,Marketplace Storefront SELL00887,Standard Seller,Amazon Global,2026-09-07T07:47:36.812128
1486,SELL00888,Marketplace Storefront SELL00888,Platinum Seller,Amazon Global,2026-09-07T07:47:36.812128
1487,SELL00892,Marketplace Storefront SELL00892,Gold Seller,Amazon Global,2026-09-07T07:47:36.812128
1488,SELL00896,Marketplace Storefront SELL00896,Gold Seller,Amazon Global,2026-09-07T07:47:36.812128
1489,SELL00897,Marketplace Storefront SELL00897,Platinum Seller,Amazon Global,2026-09-07T07:47:36.812128
1490,SELL00898,Marketplace Storefront SELL00898,Gold Seller,Amazon Global,2026-09-07T07:47:36.812128
1491,SELL00899,Marketplace Storefront SELL00899,Standard Seller,Amazon Global,2026-09-07T07:47:36.812128
1492,SELL00906,Marketplace Storefront SELL00906,Platinum Seller,Amazon Global,2026-09-07T07:47:36.812128
1493,SELL00907,Marketplace Storefront SELL00907,Standard Seller,Amazon Global,2026-09-07T07:47:36.812128
1494,SELL00910,Marketplace Storefront SELL00910,Gold Seller,Amazon Global,2026-09-07T07:47:36.812128
1495,SELL00911,Marketplace Storefront SELL00911,Standard Seller,Amazon Global,2026-09-07T07:47:36.812128
1496,SELL00920,Marketplace Storefront SELL00920,Gold Seller,Amazon Global,2026-09-07T07:47:36.812128
1497,SELL00921,Marketplace Storefront SELL00921,Platinum Seller,Amazon Global,2026-09-07T07:47:36.812128
1498,SELL00930,Marketplace Storefront SELL00930,Platinum Seller,Amazon Global,2026-09-07T07:47:36.812128
1499,SELL00933,Marketplace Storefront SELL00933,Platinum Seller,Amazon Global,2026-09-07T07:47:36.812128
1500,SELL00934,Marketplace Storefront SELL00934,Gold Seller,Amazon Global,2026-09-07T07:47:36.812128
1501,SELL00935,Marketplace Storefront SELL00935,Standard Seller,Amazon Global,2026-09-07T07:47:36.812128
1502,SELL01026,Marketplace Storefront SELL01026,Platinum Seller,Amazon Global,2026-09-07T07:47:36.812128
1503,SELL01031,Marketplace Storefront SELL01031,Standard Seller,Amazon Global,2026-09-07T07:47:36.812128
1504,SELL01032,Marketplace Storefront SELL01032,Platinum Seller,Amazon Global,2026-09-07T07:47:36.812128
1505,SELL01034,Marketplace Storefront SELL01034,Gold Seller,Amazon Global,2026-09-07T07:47:36.812128
1506,SELL01038,Marketplace Storefront SELL01038,Platinum Seller,Amazon Global,2026-09-07T07:47:36.812128
1507,SELL01040,Marketplace Storefront SELL01040,Gold Seller,Amazon Global,2026-09-07T07:47:36.812128
1508,SELL01041,Marketplace Storefront SELL01041,Platinum Seller,Amazon Global,2026-09-07T07:47:36.812128
1509,SELL01046,Marketplace Storefront SELL01046,Gold Seller,Amazon Global,2026-09-07T07:47:36.812128
1510,SELL01048,Marketplace Storefront SELL01048,Gold Seller,Amazon Global,2026-09-07T07:47:36.812128
1511,SELL01057,Marketplace Storefront SELL01057,Standard Seller,Amazon Global,2026-09-07T07:47:36.812128
1512,SELL01061,Marketplace Storefront SELL01061,Standard Seller,Amazon Global,2026-09-07T07:47:36.812128
1513,SELL01062,Marketplace Storefront SELL01062,Platinum Seller,Amazon Global,2026-09-07T07:47:36.812128
1514,SELL01064,Marketplace Storefront SELL01064,Gold Seller,Amazon Global,2026-09-07T07:47:36.812128
1515,SELL01068,Marketplace Storefront SELL01068,Platinum Seller,Amazon Global,2026-09-07T07:47:36.812128
1516,SELL01073,Marketplace Storefront SELL01073,Standard Seller,Amazon Global,2026-09-07T07:47:36.812128
1517,SELL01075,Marketplace Storefront SELL01075,Standard Seller,Amazon Global,2026-09-07T07:47:36.812128
1518,SELL01081,Marketplace Storefront SELL01081,Standard Seller,Amazon Global,2026-09-07T07:47:36.812128
1519,SELL01082,Marketplace Storefront SELL01082,Gold Seller,Amazon Global,2026-09-07T07:47:36.812128
1520,SELL01084,Marketplace Storefront SELL01084,Gold Seller,Amazon Global,2026-09-07T07:47:36.812128
1521,SELL01088,Marketplace Storefront SELL01088,Gold Seller,Amazon Global,2026-09-07T07:47:36.812128
1522,SELL01093,Marketplace Storefront SELL01093,Standard Seller,Amazon Global,2026-09-07T07:47:36.812128
1523,SELL01099,Marketplace Storefront SELL01099,Standard Seller,Amazon Global,2026-09-07T07:47:36.812128
1524,SELL01100,Marketplace Storefront SELL01100,Gold Seller,Amazon Global,2026-09-07T07:47:36.812128
1525,SELL01101,Marketplace Storefront SELL01101,Platinum Seller,Amazon Global,2026-09-07T07:47:36.812128
1526,SELL01102,Marketplace Storefront SELL01102,Gold Seller,Amazon Global,2026-09-07T07:47:36.812128
1527,SELL01107,Marketplace Storefront SELL01107,Platinum Seller,Amazon Global,2026-09-07T07:47:36.812128
1528,SELL01109,Marketplace Storefront SELL01109,Standard Seller,Amazon Global,2026-09-07T07:47:36.812128
1529,SELL01114,Marketplace Storefront SELL01114,Gold Seller,Amazon Global,2026-09-07T07:47:36.812128
1530,SELL01116,Marketplace Storefront SELL01116,Platinum Seller,Amazon Global,2026-09-07T07:47:36.812128
1531,SELL01126,Marketplace Storefront SELL01126,Gold Seller,Amazon Global,2026-09-07T07:47:36.812128
1532,SELL01128,Marketplace Storefront SELL01128,Platinum Seller,Amazon Global,2026-09-07T07:47:36.812128
1533,SELL01134,Marketplace Storefront SELL01134,Platinum Seller,Amazon Global,2026-09-07T07:47:36.812128
1534,SELL01136,Marketplace Storefront SELL01136,Gold Seller,Amazon Global,2026-09-07T07:47:36.812128
1535,SELL01140,Marketplace Storefront SELL01140,Platinum Seller,Amazon Global,2026-09-07T07:47:36.812128
1536,SELL01145,Marketplace Storefront SELL01145,Standard Seller,Amazon Global,2026-09-07T07:47:36.812128
1537,SELL01153,Marketplace Storefront SELL01153,Standard Seller,Amazon Global,2026-09-07T07:47:36.812128
1538,SELL01155,Marketplace Storefront SELL01155,Platinum Seller,Amazon Global,2026-09-07T07:47:36.812128
1539,SELL01163,Marketplace Storefront SELL01163,Standard Seller,Amazon Global,2026-09-07T07:47:36.812128
1540,SELL01165,Marketplace Storefront SELL01165,Standard Seller,Amazon Global,2026-09-07T07:47:36.812128
1541,SELL01170,Marketplace Storefront SELL01170,Platinum Seller,Amazon Global,2026-09-07T07:47:36.812128
1542,SELL01171,Marketplace Storefront SELL01171,Standard Seller,Amazon Global,2026-09-07T07:47:36.812128
1543,SELL01175,Marketplace Storefront SELL01175,Standard Seller,Amazon Global,2026-09-07T07:47:36.812128
1544,SELL01177,Marketplace Storefront SELL01177,Standard Seller,Amazon Global,2026-09-07T07:47:36.812128
1545,SELL01183,Marketplace Storefront SELL01183,Standard Seller,Amazon Global,2026-09-07T07:47:36.812128
1546,SELL01185,Marketplace Storefront SELL01185,Platinum Seller,Amazon Global,2026-09-07T07:47:36.812128
1547,SELL01193,Marketplace Storefront SELL01193,Standard Seller,Amazon Global,2026-09-07T07:47:36.812128
1548,SELL01198,Marketplace Storefront SELL01198,Gold Seller,Amazon Global,2026-09-07T07:47:36.812128
1549,SELL01201,Marketplace Storefront SELL01201,Standard Seller,Amazon Global,2026-09-07T07:47:36.812128
1550,SELL01202,Marketplace Storefront SELL01202,Gold Seller,Amazon Global,2026-09-07T07:47:36.812128
1551,SELL01208,Marketplace Storefront SELL01208,Gold Seller,Amazon Global,2026-09-07T07:47:36.812128
1552,SELL01210,Marketplace Storefront SELL01210,Gold Seller,Amazon Global,2026-09-07T07:47:36.812128
1553,SELL01215,Marketplace Storefront SELL01215,Platinum Seller,Amazon Global,2026-09-07T07:47:36.812128
1554,SELL01216,Marketplace Storefront SELL01216,Gold Seller,Amazon Global,2026-09-07T07:47:36.812128
1555,SELL01221,Marketplace Storefront SELL01221,Platinum Seller,Amazon Global,2026-09-07T07:47:36.812128
1556,SELL01222,Marketplace Storefront SELL01222,Gold Seller,Amazon Global,2026-09-07T07:47:36.812128
1557,SELL01228,Marketplace Storefront SELL01228,Gold Seller,Amazon Global,2026-09-07T07:47:36.812128
1558,SELL01230,Marketplace Storefront SELL01230,Platinum Seller,Amazon Global,2026-09-07T07:47:36.812128
1559,SELL01231,Marketplace Storefront SELL01231,Standard Seller,Amazon Global,2026-09-07T07:47:36.812128
1560,SELL01236,Marketplace Storefront SELL01236,Platinum Seller,Amazon Global,2026-09-07T07:47:36.812128
1561,SELL01238,Marketplace Storefront SELL01238,Gold Seller,Amazon Global,2026-09-07T07:47:36.812128
1562,SELL01240,Marketplace Storefront SELL01240,Gold Seller,Amazon Global,2026-09-07T07:47:36.812128
1563,SELL01241,Marketplace Storefront SELL01241,Standard Seller,Amazon Global,2026-09-07T07:47:36.812128
1564,SELL01245,Marketplace Storefront SELL01245,Platinum Seller,Amazon Global,2026-09-07T07:47:36.812128
1565,SELL01246,Marketplace Storefront SELL01246,Gold Seller,Amazon Global,2026-09-07T07:47:36.812128
1566,SELL01248,Marketplace Storefront SELL01248,Platinum Seller,Amazon Global,2026-09-07T07:47:36.812128
1567,SELL01253,Marketplace Storefront SELL01253,Standard Seller,Amazon Global,2026-09-07T07:47:36.812128
1568,SELL01259,Marketplace Storefront SELL01259,Standard Seller,Amazon Global,2026-09-07T07:47:36.812128
1569,SELL01267,Marketplace Storefront SELL01267,Standard Seller,Amazon Global,2026-09-07T07:47:36.812128
1570,SELL01272,Marketplace Storefront SELL01272,Platinum Seller,Amazon Global,2026-09-07T07:47:36.812128
1571,SELL01274,Marketplace Storefront SELL01274,Gold Seller,Amazon Global,2026-09-07T07:47:36.812128
1572,SELL01280,Marketplace Storefront SELL01280,Gold Seller,Amazon Global,2026-09-07T07:47:36.812128
1573,SELL01281,Marketplace Storefront SELL01281,Platinum Seller,Amazon Global,2026-09-07T07:47:36.812128
1574,SELL01282,Marketplace Storefront SELL01282,Gold Seller,Amazon Global,2026-09-07T07:47:36.812128
1575,SELL01286,Marketplace Storefront SELL01286,Gold Seller,Amazon Global,2026-09-07T07:47:36.812128
1576,SELL01288,Marketplace Storefront SELL01288,Gold Seller,Amazon Global,2026-09-07T07:47:36.812128
1577,SELL01293,Marketplace Storefront SELL01293,Platinum Seller,Amazon Global,2026-09-07T07:47:36.812128
1578,SELL01299,Marketplace Storefront SELL01299,Platinum Seller,Amazon Global,2026-09-07T07:47:36.812128
1579,SELL01303,Marketplace Storefront SELL01303,Standard Seller,Amazon Global,2026-09-07T07:47:36.812128
1580,SELL01307,Marketplace Storefront SELL01307,Standard Seller,Amazon Global,2026-09-07T07:47:36.812128
1581,SELL01309,Marketplace Storefront SELL01309,Standard Seller,Amazon Global,2026-09-07T07:47:36.812128
1582,SELL01313,Marketplace Storefront SELL01313,Standard Seller,Amazon Global,2026-09-07T07:47:36.812128
1583,SELL01319,Marketplace Storefront SELL01319,Standard Seller,Amazon Global,2026-09-07T07:47:36.812128
1584,SELL01322,Marketplace Storefront SELL01322,Gold Seller,Amazon Global,2026-09-07T07:47:36.812128
1585,SELL01324,Marketplace Storefront SELL01324,Gold Seller,Amazon Global,2026-09-07T07:47:36.812128
1586,SELL01331,Marketplace Storefront SELL01331,Standard Seller,Amazon Global,2026-09-07T07:47:36.812128
1587,SELL01332,Marketplace Storefront SELL01332,Platinum Seller,Amazon Global,2026-09-07T07:47:36.812128
1588,SELL01338,Marketplace Storefront SELL01338,Platinum Seller,Amazon Global,2026-09-07T07:47:36.812128
1589,SELL01340,Marketplace Storefront SELL01340,Gold Seller,Amazon Global,2026-09-07T07:47:36.812128
1590,SELL01345,Marketplace Storefront SELL01345,Standard Seller,Amazon Global,2026-09-07T07:47:36.812128
1591,SELL01346,Marketplace Storefront SELL01346,Gold Seller,Amazon Global,2026-09-07T07:47:36.812128
1592,SELL01353,Marketplace Storefront SELL01353,Platinum Seller,Amazon Global,2026-09-07T07:47:36.812128
1593,SELL01357,Marketplace Storefront SELL01357,Standard Seller,Amazon Global,2026-09-07T07:47:36.812128
1594,SELL01359,Marketplace Storefront SELL01359,Platinum Seller,Amazon Global,2026-09-07T07:47:36.812128
1595,SELL01364,Marketplace Storefront SELL01364,Gold Seller,Amazon Global,2026-09-07T07:47:36.812128
1596,SELL01370,Marketplace Storefront SELL01370,Gold Seller,Amazon Global,2026-09-07T07:47:36.812128
1597,SELL01371,Marketplace Storefront SELL01371,Platinum Seller,Amazon Global,2026-09-07T07:47:36.812128
1598,SELL01375,Marketplace Storefront SELL01375,Standard Seller,Amazon Global,2026-09-07T07:47:36.812128
1599,SELL01376,Marketplace Storefront SELL01376,Gold Seller,Amazon Global,2026-09-07T07:47:36.812128
1600,SELL01380,Marketplace Storefront SELL01380,Platinum Seller,Amazon Global,2026-09-07T07:47:36.812128
1601,SELL01381,Marketplace Storefront SELL01381,Standard Seller,Amazon Global,2026-09-07T07:47:36.812128
1602,SELL01386,Marketplace Storefront SELL01386,Platinum Seller,Amazon Global,2026-09-07T07:47:36.812128
1603,SELL01388,Marketplace Storefront SELL01388,Gold Seller,Amazon Global,2026-09-07T07:47:36.812128
1604,SELL01393,Marketplace Storefront SELL01393,Standard Seller,Amazon Global,2026-09-07T07:47:36.812128
1605,SELL01395,Marketplace Storefront SELL01395,Platinum Seller,Amazon Global,2026-09-07T07:47:36.812128
1606,SELL01401,Marketplace Storefront SELL01401,Platinum Seller,Amazon Global,2026-09-07T07:47:36.812128
1607,SELL01402,Marketplace Storefront SELL01402,Gold Seller,Amazon Global,2026-09-07T07:47:36.812128
1608,SELL01404,Marketplace Storefront SELL01404,Platinum Seller,Amazon Global,2026-09-07T07:47:36.812128
1609,SELL01408,Marketplace Storefront SELL01408,Gold Seller,Amazon Global,2026-09-07T07:47:36.812128
1610,SELL01410,Marketplace Storefront SELL01410,Platinum Seller,Amazon Global,2026-09-07T07:47:36.812128
1611,SELL01415,Marketplace Storefront SELL01415,Standard Seller,Amazon Global,2026-09-07T07:47:36.812128
1612,SELL01416,Marketplace Storefront SELL01416,Platinum Seller,Amazon Global,2026-09-07T07:47:36.812128
1613,SELL01422,Marketplace Storefront SELL01422,Platinum Seller,Amazon Global,2026-09-07T07:47:36.812128
1614,SELL01424,Marketplace Storefront SELL01424,Gold Seller,Amazon Global,2026-09-07T07:47:36.812128
1615,SELL01431,Marketplace Storefront SELL01431,Platinum Seller,Amazon Global,2026-09-07T07:47:36.812128
1616,SELL01432,Marketplace Storefront SELL01432,Gold Seller,Amazon Global,2026-09-07T07:47:36.812128
1617,SELL01436,Marketplace Storefront SELL01436,Gold Seller,Amazon Global,2026-09-07T07:47:36.812128
1618,SELL01438,Marketplace Storefront SELL01438,Gold Seller,Amazon Global,2026-09-07T07:47:36.812128
1619,SELL01440,Marketplace Storefront SELL01440,Platinum Seller,Amazon Global,2026-09-07T07:47:36.812128
1620,SELL01443,Marketplace Storefront SELL01443,Platinum Seller,Amazon Global,2026-09-07T07:47:36.812128
1621,SELL01445,Marketplace Storefront SELL01445,Standard Seller,Amazon Global,2026-09-07T07:47:36.812128
1622,SELL01453,Marketplace Storefront SELL01453,Standard Seller,Amazon Global,2026-09-07T07:47:36.812128
1623,SELL01459,Marketplace Storefront SELL01459,Standard Seller,Amazon Global,2026-09-07T07:47:36.812128
1624,SELL01463,Marketplace Storefront SELL01463,Standard Seller,Amazon Global,2026-09-07T07:47:36.812128
1625,SELL01469,Marketplace Storefront SELL01469,Standard Seller,Amazon Global,2026-09-07T07:47:36.812128
1626,SELL01474,Marketplace Storefront SELL01474,Gold Seller,Amazon Global,2026-09-07T07:47:36.812128
1627,SELL01483,Marketplace Storefront SELL01483,Standard Seller,Amazon Global,2026-09-07T07:47:36.812128
1628,SELL01489,Marketplace Storefront SELL01489,Standard Seller,Amazon Global,2026-09-07T07:47:36.812128
1629,SELL01492,Marketplace Storefront SELL01492,Gold Seller,Amazon Global,2026-09-07T07:47:36.812128
1630,SELL01494,Marketplace Storefront SELL01494,Platinum Seller,Amazon Global,2026-09-07T07:47:36.812128
1631,SELL01500,Marketplace Storefront SELL01500,Platinum Seller,Amazon Global,2026-09-07T07:47:36.812128
1632,SELL01501,Marketplace Storefront SELL01501,Standard Seller,Amazon Global,2026-09-07T07:47:36.812128
1633,SELL01506,Marketplace Storefront SELL01506,Platinum Seller,Amazon Global,2026-09-07T07:47:36.812128
1634,SELL01508,Marketplace Storefront SELL01508,Gold Seller,Amazon Global,2026-09-07T07:47:36.812128
1635,SELL01513,Marketplace Storefront SELL01513,Standard Seller,Amazon Global,2026-09-07T07:47:36.812128
1636,SELL01515,Marketplace Storefront SELL01515,Platinum Seller,Amazon Global,2026-09-07T07:47:36.812128
1637,SELL01522,Marketplace Storefront SELL01522,Gold Seller,Amazon Global,2026-09-07T07:47:36.812128
1638,SELL01524,Marketplace Storefront SELL01524,Platinum Seller,Amazon Global,2026-09-07T07:47:36.812128
1639,SELL01530,Marketplace Storefront SELL01530,Platinum Seller,Amazon Global,2026-09-07T07:47:36.812128
1640,SELL01535,Marketplace Storefront SELL01535,Standard Seller,Amazon Global,2026-09-07T07:47:36.812128
1641,SELL01536,Marketplace Storefront SELL01536,Platinum Seller,Amazon Global,2026-09-07T07:47:36.812128
1642,SELL01547,Marketplace Storefront SELL01547,Standard Seller,Amazon Global,2026-09-07T07:47:36.812128
1643,SELL01550,Marketplace Storefront SELL01550,Gold Seller,Amazon Global,2026-09-07T07:47:36.812128
1644,SELL01551,Marketplace Storefront SELL01551,Platinum Seller,Amazon Global,2026-09-07T07:47:36.812128
1645,SELL01556,Marketplace Storefront SELL01556,Gold Seller,Amazon Global,2026-09-07T07:47:36.812128
1646,SELL01558,Marketplace Storefront SELL01558,Gold Seller,Amazon Global,2026-09-07T07:47:36.812128
1647,SELL01560,Marketplace Storefront SELL01560,Platinum Seller,Amazon Global,2026-09-07T07:47:36.812128
1648,SELL01563,Marketplace Storefront SELL01563,Platinum Seller,Amazon Global,2026-09-07T07:47:36.812128
1649,SELL01565,Marketplace Storefront SELL01565,Standard Seller,Amazon Global,2026-09-07T07:47:36.812128
1650,SELL01566,Marketplace Storefront SELL01566,Platinum Seller,Amazon Global,2026-09-07T07:47:36.812128
1651,SELL01577,Marketplace Storefront SELL01577,Standard Seller,Amazon Global,2026-09-07T07:47:36.812128
1652,SELL01579,Marketplace Storefront SELL01579,Standard Seller,Amazon Global,2026-09-07T07:47:36.812128
1653,SELL01584,Marketplace Storefront SELL01584,Platinum Seller,Amazon Global,2026-09-07T07:47:36.812128
1654,SELL01594,Marketplace Storefront SELL01594,Gold Seller,Amazon Global,2026-09-07T07:47:36.812128
1655,SELL01597,Marketplace Storefront SELL01597,Standard Seller,Amazon Global,2026-09-07T07:47:36.812128
1656,SELL01601,Marketplace Storefront SELL01601,Standard Seller,Amazon Global,2026-09-07T07:47:36.812128
1657,SELL01602,Marketplace Storefront SELL01602,Platinum Seller,Amazon Global,2026-09-07T07:47:36.812128
1658,SELL01604,Marketplace Storefront SELL01604,Gold Seller,Amazon Global,2026-09-07T07:47:36.812128
1659,SELL01608,Marketplace Storefront SELL01608,Platinum Seller,Amazon Global,2026-09-07T07:47:36.812128
1660,SELL01610,Marketplace Storefront SELL01610,Gold Seller,Amazon Global,2026-09-07T07:47:36.812128
1661,SELL01611,Marketplace Storefront SELL01611,Platinum Seller,Amazon Global,2026-09-07T07:47:36.812128
1662,SELL01616,Marketplace Storefront SELL01616,Gold Seller,Amazon Global,2026-09-07T07:47:36.812128
1663,SELL01618,Marketplace Storefront SELL01618,Gold Seller,Amazon Global,2026-09-07T07:47:36.812128
1664,SELL01624,Marketplace Storefront SELL01624,Gold Seller,Amazon Global,2026-09-07T07:47:36.812128
1665,SELL01630,Marketplace Storefront SELL01630,Gold Seller,Amazon Global,2026-09-07T07:47:36.812128
1666,SELL01633,Marketplace Storefront SELL01633,Standard Seller,Amazon Global,2026-09-07T07:47:36.812128
1667,SELL01635,Marketplace Storefront SELL01635,Platinum Seller,Amazon Global,2026-09-07T07:47:36.812128
1668,SELL01643,Marketplace Storefront SELL01643,Standard Seller,Amazon Global,2026-09-07T07:47:36.812128
1669,SELL01645,Marketplace Storefront SELL01645,Standard Seller,Amazon Global,2026-09-07T07:47:36.812128
1670,SELL01652,Marketplace Storefront SELL01652,Gold Seller,Amazon Global,2026-09-07T07:47:36.812128
1671,SELL01654,Marketplace Storefront SELL01654,Gold Seller,Amazon Global,2026-09-07T07:47:36.812128
1672,SELL01660,Marketplace Storefront SELL01660,Gold Seller,Amazon Global,2026-09-07T07:47:36.812128
1673,SELL01665,Marketplace Storefront SELL01665,Platinum Seller,Amazon Global,2026-09-07T07:47:36.812128
1674,SELL01666,Marketplace Storefront SELL01666,Gold Seller,Amazon Global,2026-09-07T07:47:36.812128
1675,SELL01673,Marketplace Storefront SELL01673,Standard Seller,Amazon Global,2026-09-07T07:47:36.812128
1676,SELL01679,Marketplace Storefront SELL01679,Standard Seller,Amazon Global,2026-09-07T07:47:36.812128
1677,SELL01682,Marketplace Storefront SELL01682,Gold Seller,Amazon Global,2026-09-07T07:47:36.812128
1678,SELL01684,Marketplace Storefront SELL01684,Gold Seller,Amazon Global,2026-09-07T07:47:36.812128
1679,SELL01690,Marketplace Storefront SELL01690,Gold Seller,Amazon Global,2026-09-07T07:47:36.812128
1680,SELL01691,Marketplace Storefront SELL01691,Standard Seller,Amazon Global,2026-09-07T07:47:36.812128
1681,SELL01692,Marketplace Storefront SELL01692,Platinum Seller,Amazon Global,2026-09-07T07:47:36.812128
1682,SELL01696,Marketplace Storefront SELL01696,Gold Seller,Amazon Global,2026-09-07T07:47:36.812128
1683,SELL01698,Marketplace Storefront SELL01698,Platinum Seller,Amazon Global,2026-09-07T07:47:36.812128
1684,SELL01702,Marketplace Storefront SELL01702,Gold Seller,Amazon Global,2026-09-07T07:47:36.812128
1685,SELL01704,Marketplace Storefront SELL01704,Platinum Seller,Amazon Global,2026-09-07T07:47:36.812128
1686,SELL01713,Marketplace Storefront SELL01713,Platinum Seller,Amazon Global,2026-09-07T07:47:36.812128
1687,SELL01717,Marketplace Storefront SELL01717,Standard Seller,Amazon Global,2026-09-07T07:47:36.812128
1688,SELL01719,Marketplace Storefront SELL01719,Platinum Seller,Amazon Global,2026-09-07T07:47:36.812128
1689,SELL01720,Marketplace Storefront SELL01720,Gold Seller,Amazon Global,2026-09-07T07:47:36.812128
1690,SELL01721,Marketplace Storefront SELL01721,Standard Seller,Amazon Global,2026-09-07T07:47:36.812128
1691,SELL01726,Marketplace Storefront SELL01726,Gold Seller,Amazon Global,2026-09-07T07:47:36.812128
1692,SELL01728,Marketplace Storefront SELL01728,Platinum Seller,Amazon Global,2026-09-07T07:47:36.812128
1693,SELL01737,Marketplace Storefront SELL01737,Platinum Seller,Amazon Global,2026-09-07T07:47:36.812128
1694,SELL01740,Marketplace Storefront SELL01740,Platinum Seller,Amazon Global,2026-09-07T07:47:36.812128
1695,SELL01741,Marketplace Storefront SELL01741,Standard Seller,Amazon Global,2026-09-07T07:47:36.812128
1696,SELL01742,Marketplace Storefront SELL01742,Gold Seller,Amazon Global,2026-09-07T07:47:36.812128
1697,SELL01746,Marketplace Storefront SELL01746,Platinum Seller,Amazon Global,2026-09-07T07:47:36.812128
1698,SELL01748,Marketplace Storefront SELL01748,Gold Seller,Amazon Global,2026-09-07T07:47:36.812128
1699,SELL01753,Marketplace Storefront SELL01753,Standard Seller,Amazon Global,2026-09-07T07:47:36.812128
1700,SELL01759,Marketplace Storefront SELL01759,Standard Seller,Amazon Global,2026-09-07T07:47:36.812128
1701,SELL01762,Marketplace Storefront SELL01762,Gold Seller,Amazon Global,2026-09-07T07:47:36.812128
1702,SELL01764,Marketplace Storefront SELL01764,Platinum Seller,Amazon Global,2026-09-07T07:47:36.812128
1703,SELL01772,Marketplace Storefront SELL01772,Gold Seller,Amazon Global,2026-09-07T07:47:36.812128
1704,SELL01774,Marketplace Storefront SELL01774,Gold Seller,Amazon Global,2026-09-07T07:47:36.812128
1705,SELL01784,Marketplace Storefront SELL01784,Gold Seller,Amazon Global,2026-09-07T07:47:36.812128
1706,SELL01790,Marketplace Storefront SELL01790,Gold Seller,Amazon Global,2026-09-07T07:47:36.812128
1707,SELL01791,Marketplace Storefront SELL01791,Platinum Seller,Amazon Global,2026-09-07T07:47:36.812128
1708,SELL01792,Marketplace Storefront SELL01792,Gold Seller,Amazon Global,2026-09-07T07:47:36.812128
1709,SELL01796,Marketplace Storefront SELL01796,Gold Seller,Amazon Global,2026-09-07T07:47:36.812128
1710,SELL01798,Marketplace Storefront SELL01798,Gold Seller,Amazon Global,2026-09-07T07:47:36.812128
1711,SELL01807,Marketplace Storefront SELL01807,Standard Seller,Amazon Global,2026-09-07T07:47:36.812128
1712,SELL01814,Marketplace Storefront SELL01814,Gold Seller,Amazon Global,2026-09-07T07:47:36.812128
1713,SELL01820,Marketplace Storefront SELL01820,Gold Seller,Amazon Global,2026-09-07T07:47:36.812128
1714,SELL01821,Marketplace Storefront SELL01821,Platinum Seller,Amazon Global,2026-09-07T07:47:36.812128
1715,SELL01822,Marketplace Storefront SELL01822,Gold Seller,Amazon Global,2026-09-07T07:47:36.812128
1716,SELL01826,Marketplace Storefront SELL01826,Gold Seller,Amazon Global,2026-09-07T07:47:36.812128
1717,SELL01828,Marketplace Storefront SELL01828,Gold Seller,Amazon Global,2026-09-07T07:47:36.812128
1718,SELL01833,Marketplace Storefront SELL01833,Platinum Seller,Amazon Global,2026-09-07T07:47:36.812128
1719,SELL01837,Marketplace Storefront SELL01837,Standard Seller,Amazon Global,2026-09-07T07:47:36.812128
1720,SELL01839,Marketplace Storefront SELL01839,Platinum Seller,Amazon Global,2026-09-07T07:47:36.812128
1721,SELL01840,Marketplace Storefront SELL01840,Gold Seller,Amazon Global,2026-09-07T07:47:36.812128
1722,SELL01841,Marketplace Storefront SELL01841,Standard Seller,Amazon Global,2026-09-07T07:47:36.812128
1723,SELL01842,Marketplace Storefront SELL01842,Platinum Seller,Amazon Global,2026-09-07T07:47:36.812128
1724,SELL01846,Marketplace Storefront SELL01846,Gold Seller,Amazon Global,2026-09-07T07:47:36.812128
1725,SELL01848,Marketplace Storefront SELL01848,Platinum Seller,Amazon Global,2026-09-07T07:47:36.812128
1726,SELL01857,Marketplace Storefront SELL01857,Platinum Seller,Amazon Global,2026-09-07T07:47:36.812128
1727,SELL01859,Marketplace Storefront SELL01859,Standard Seller,Amazon Global,2026-09-07T07:47:36.812128
1728,SELL01864,Marketplace Storefront SELL01864,Gold Seller,Amazon Global,2026-09-07T07:47:36.812128
1729,SELL01874,Marketplace Storefront SELL01874,Gold Seller,Amazon Global,2026-09-07T07:47:36.812128
1730,SELL01881,Marketplace Storefront SELL01881,Platinum Seller,Amazon Global,2026-09-07T07:47:36.812128
1731,SELL01882,Marketplace Storefront SELL01882,Gold Seller,Amazon Global,2026-09-07T07:47:36.812128
1732,SELL01888,Marketplace Storefront SELL01888,Gold Seller,Amazon Global,2026-09-07T07:47:36.812128
1733,SELL01890,Marketplace Storefront SELL01890,Platinum Seller,Amazon Global,2026-09-07T07:47:36.812128
1734,SELL01891,Marketplace Storefront SELL01891,Standard Seller,Amazon Global,2026-09-07T07:47:36.812128
1735,SELL01895,Marketplace Storefront SELL01895,Standard Seller,Amazon Global,2026-09-07T07:47:36.812128
1736,SELL01896,Marketplace Storefront SELL01896,Platinum Seller,Amazon Global,2026-09-07T07:47:36.812128
1737,SELL01900,Marketplace Storefront SELL01900,Gold Seller,Amazon Global,2026-09-07T07:47:36.812128
1738,SELL01901,Marketplace Storefront SELL01901,Standard Seller,Amazon Global,2026-09-07T07:47:36.812128
1739,SELL01902,Marketplace Storefront SELL01902,Platinum Seller,Amazon Global,2026-09-07T07:47:36.812128
1740,SELL01906,Marketplace Storefront SELL01906,Gold Seller,Amazon Global,2026-09-07T07:47:36.812128
1741,SELL01908,Marketplace Storefront SELL01908,Platinum Seller,Amazon Global,2026-09-07T07:47:36.812128
1742,SELL01911,Marketplace Storefront SELL01911,Platinum Seller,Amazon Global,2026-09-07T07:47:36.812128
1743,SELL01912,Marketplace Storefront SELL01912,Gold Seller,Amazon Global,2026-09-07T07:47:36.812128
1744,SELL01918,Marketplace Storefront SELL01918,Gold Seller,Amazon Global,2026-09-07T07:47:36.812128
1745,SELL01921,Marketplace Storefront SELL01921,Standard Seller,Amazon Global,2026-09-07T07:47:36.812128
1746,SELL01922,Marketplace Storefront SELL01922,Gold Seller,Amazon Global,2026-09-07T07:47:36.812128
1747,SELL01928,Marketplace Storefront SELL01928,Gold Seller,Amazon Global,2026-09-07T07:47:36.812128
1748,SELL01932,Marketplace Storefront SELL01932,Platinum Seller,Amazon Global,2026-09-07T07:47:36.812128
1749,SELL01934,Marketplace Storefront SELL01934,Gold Seller,Amazon Global,2026-09-07T07:47:36.812128
1750,SELL01943,Marketplace Storefront SELL01943,Standard Seller,Amazon Global,2026-09-07T07:47:36.812128
1751,SELL01949,Marketplace Storefront SELL01949,Standard Seller,Amazon Global,2026-09-07T07:47:36.812128
1752,SELL00941,Marketplace Storefront SELL00941,Standard Seller,Amazon Global,2026-09-07T07:47:36.812128
1753,SELL00952,Marketplace Storefront SELL00952,Gold Seller,Amazon Global,2026-09-07T07:47:36.812128
1754,SELL00953,Marketplace Storefront SELL00953,Standard Seller,Amazon Global,2026-09-07T07:47:36.812128
1755,SELL00954,Marketplace Storefront SELL00954,Platinum Seller,Amazon Global,2026-09-07T07:47:36.812128
1756,SELL00955,Marketplace Storefront SELL00955,Standard Seller,Amazon Global,2026-09-07T07:47:36.812128
1757,SELL00959,Marketplace Storefront SELL00959,Standard Seller,Amazon Global,2026-09-07T07:47:36.812128
1758,SELL00961,Marketplace Storefront SELL00961,Standard Seller,Amazon Global,2026-09-07T07:47:36.812128
1759,SELL00973,Marketplace Storefront SELL00973,Standard Seller,Amazon Global,2026-09-07T07:47:36.812128
1760,SELL00974,Marketplace Storefront SELL00974,Gold Seller,Amazon Global,2026-09-07T07:47:36.812128
1761,SELL00975,Marketplace Storefront SELL00975,Platinum Seller,Amazon Global,2026-09-07T07:47:36.812128
1762,SELL00980,Marketplace Storefront SELL00980,Gold Seller,Amazon Global,2026-09-07T07:47:36.812128
1763,SELL00981,Marketplace Storefront SELL00981,Platinum Seller,Amazon Global,2026-09-07T07:47:36.812128
1764,SELL00996,Marketplace Storefront SELL00996,Platinum Seller,Amazon Global,2026-09-07T07:47:36.812128
1765,SELL01006,Marketplace Storefront SELL01006,Gold Seller,Amazon Global,2026-09-07T07:47:36.812128
1766,SELL01021,Marketplace Storefront SELL01021,Standard Seller,Amazon Global,2026-09-07T07:47:36.812128
1767,SELL01036,Marketplace Storefront SELL01036,Gold Seller,Amazon Global,2026-09-07T07:47:36.812128
1768,SELL01037,Marketplace Storefront SELL01037,Standard Seller,Amazon Global,2026-09-07T07:47:36.812128
1769,SELL01052,Marketplace Storefront SELL01052,Gold Seller,Amazon Global,2026-09-07T07:47:36.812128
1770,SELL01053,Marketplace Storefront SELL01053,Platinum Seller,Amazon Global,2026-09-07T07:47:36.812128
1771,SELL01054,Marketplace Storefront SELL01054,Gold Seller,Amazon Global,2026-09-07T07:47:36.812128
1772,SELL01058,Marketplace Storefront SELL01058,Gold Seller,Amazon Global,2026-09-07T07:47:36.812128
1773,SELL01059,Marketplace Storefront SELL01059,Platinum Seller,Amazon Global,2026-09-07T07:47:36.812128
1774,SELL01066,Marketplace Storefront SELL01066,Gold Seller,Amazon Global,2026-09-07T07:47:36.812128
1775,SELL01067,Marketplace Storefront SELL01067,Standard Seller,Amazon Global,2026-09-07T07:47:36.812128
1776,SELL01070,Marketplace Storefront SELL01070,Gold Seller,Amazon Global,2026-09-07T07:47:36.812128
1777,SELL01071,Marketplace Storefront SELL01071,Platinum Seller,Amazon Global,2026-09-07T07:47:36.812128
1778,SELL01086,Marketplace Storefront SELL01086,Platinum Seller,Amazon Global,2026-09-07T07:47:36.812128
1779,SELL01087,Marketplace Storefront SELL01087,Standard Seller,Amazon Global,2026-09-07T07:47:36.812128
1780,SELL01090,Marketplace Storefront SELL01090,Gold Seller,Amazon Global,2026-09-07T07:47:36.812128
1781,SELL01095,Marketplace Storefront SELL01095,Platinum Seller,Amazon Global,2026-09-07T07:47:36.812128
1782,SELL01112,Marketplace Storefront SELL01112,Gold Seller,Amazon Global,2026-09-07T07:47:36.812128
1783,SELL01113,Marketplace Storefront SELL01113,Platinum Seller,Amazon Global,2026-09-07T07:47:36.812128
1784,SELL01122,Marketplace Storefront SELL01122,Platinum Seller,Amazon Global,2026-09-07T07:47:36.812128
1785,SELL01123,Marketplace Storefront SELL01123,Standard Seller,Amazon Global,2026-09-07T07:47:36.812128
1786,SELL01124,Marketplace Storefront SELL01124,Gold Seller,Amazon Global,2026-09-07T07:47:36.812128
1787,SELL01125,Marketplace Storefront SELL01125,Platinum Seller,Amazon Global,2026-09-07T07:47:36.812128
1788,SELL01132,Marketplace Storefront SELL01132,Gold Seller,Amazon Global,2026-09-07T07:47:36.812128
1789,SELL01133,Marketplace Storefront SELL01133,Standard Seller,Amazon Global,2026-09-07T07:47:36.812128
1790,SELL01141,Marketplace Storefront SELL01141,Standard Seller,Amazon Global,2026-09-07T07:47:36.812128
1791,SELL01147,Marketplace Storefront SELL01147,Standard Seller,Amazon Global,2026-09-07T07:47:36.812128
1792,SELL01148,Marketplace Storefront SELL01148,Gold Seller,Amazon Global,2026-09-07T07:47:36.812128
1793,SELL01149,Marketplace Storefront SELL01149,Platinum Seller,Amazon Global,2026-09-07T07:47:36.812128
1794,SELL01150,Marketplace Storefront SELL01150,Gold Seller,Amazon Global,2026-09-07T07:47:36.812128
1795,SELL01151,Marketplace Storefront SELL01151,Standard Seller,Amazon Global,2026-09-07T07:47:36.812128
1796,SELL01156,Marketplace Storefront SELL01156,Gold Seller,Amazon Global,2026-09-07T07:47:36.812128
1797,SELL01157,Marketplace Storefront SELL01157,Standard Seller,Amazon Global,2026-09-07T07:47:36.812128
1798,SELL01158,Marketplace Storefront SELL01158,Platinum Seller,Amazon Global,2026-09-07T07:47:36.812128
1799,SELL01160,Marketplace Storefront SELL01160,Gold Seller,Amazon Global,2026-09-07T07:47:36.812128
1800,SELL01161,Marketplace Storefront SELL01161,Platinum Seller,Amazon Global,2026-09-07T07:47:36.812128
1801,SELL01167,Marketplace Storefront SELL01167,Platinum Seller,Amazon Global,2026-09-07T07:47:36.812128
1802,SELL01168,Marketplace Storefront SELL01168,Gold Seller,Amazon Global,2026-09-07T07:47:36.812128
1803,SELL01169,Marketplace Storefront SELL01169,Standard Seller,Amazon Global,2026-09-07T07:47:36.812128
1804,SELL01179,Marketplace Storefront SELL01179,Platinum Seller,Amazon Global,2026-09-07T07:47:36.812128
1805,SELL01180,Marketplace Storefront SELL01180,Gold Seller,Amazon Global,2026-09-07T07:47:36.812128
1806,SELL01181,Marketplace Storefront SELL01181,Standard Seller,Amazon Global,2026-09-07T07:47:36.812128
1807,SELL01187,Marketplace Storefront SELL01187,Standard Seller,Amazon Global,2026-09-07T07:47:36.812128
1808,SELL01188,Marketplace Storefront SELL01188,Platinum Seller,Amazon Global,2026-09-07T07:47:36.812128
1809,SELL01189,Marketplace Storefront SELL01189,Standard Seller,Amazon Global,2026-09-07T07:47:36.812128
1810,SELL01190,Marketplace Storefront SELL01190,Gold Seller,Amazon Global,2026-09-07T07:47:36.812128
1811,SELL01194,Marketplace Storefront SELL01194,Platinum Seller,Amazon Global,2026-09-07T07:47:36.812128
1812,SELL01195,Marketplace Storefront SELL01195,Standard Seller,Amazon Global,2026-09-07T07:47:36.812128
1813,SELL01196,Marketplace Storefront SELL01196,Gold Seller,Amazon Global,2026-09-07T07:47:36.812128
1814,SELL01206,Marketplace Storefront SELL01206,Platinum Seller,Amazon Global,2026-09-07T07:47:36.812128
1815,SELL01211,Marketplace Storefront SELL01211,Standard Seller,Amazon Global,2026-09-07T07:47:36.812128
1816,SELL01226,Marketplace Storefront SELL01226,Gold Seller,Amazon Global,2026-09-07T07:47:36.812128
1817,SELL01250,Marketplace Storefront SELL01250,Gold Seller,Amazon Global,2026-09-07T07:47:36.812128
1818,SELL01255,Marketplace Storefront SELL01255,Standard Seller,Amazon Global,2026-09-07T07:47:36.812128
1819,SELL01262,Marketplace Storefront SELL01262,Gold Seller,Amazon Global,2026-09-07T07:47:36.812128
1820,SELL01263,Marketplace Storefront SELL01263,Platinum Seller,Amazon Global,2026-09-07T07:47:36.812128
1821,SELL01264,Marketplace Storefront SELL01264,Gold Seller,Amazon Global,2026-09-07T07:47:36.812128
1822,SELL01265,Marketplace Storefront SELL01265,Standard Seller,Amazon Global,2026-09-07T07:47:36.812128
1823,SELL01269,Marketplace Storefront SELL01269,Platinum Seller,Amazon Global,2026-09-07T07:47:36.812128
1824,SELL01276,Marketplace Storefront SELL01276,Gold Seller,Amazon Global,2026-09-07T07:47:36.812128
1825,SELL01277,Marketplace Storefront SELL01277,Standard Seller,Amazon Global,2026-09-07T07:47:36.812128
1826,SELL01278,Marketplace Storefront SELL01278,Platinum Seller,Amazon Global,2026-09-07T07:47:36.812128
1827,SELL01290,Marketplace Storefront SELL01290,Platinum Seller,Amazon Global,2026-09-07T07:47:36.812128
1828,SELL01295,Marketplace Storefront SELL01295,Standard Seller,Amazon Global,2026-09-07T07:47:36.812128
1829,SELL01300,Marketplace Storefront SELL01300,Gold Seller,Amazon Global,2026-09-07T07:47:36.812128
1830,SELL01304,Marketplace Storefront SELL01304,Gold Seller,Amazon Global,2026-09-07T07:47:36.812128
1831,SELL01305,Marketplace Storefront SELL01305,Platinum Seller,Amazon Global,2026-09-07T07:47:36.812128
1832,SELL01310,Marketplace Storefront SELL01310,Gold Seller,Amazon Global,2026-09-07T07:47:36.812128
1833,SELL01315,Marketplace Storefront SELL01315,Standard Seller,Amazon Global,2026-09-07T07:47:36.812128
1834,SELL01326,Marketplace Storefront SELL01326,Platinum Seller,Amazon Global,2026-09-07T07:47:36.812128
1835,SELL01327,Marketplace Storefront SELL01327,Standard Seller,Amazon Global,2026-09-07T07:47:36.812128
1836,SELL01328,Marketplace Storefront SELL01328,Gold Seller,Amazon Global,2026-09-07T07:47:36.812128
1837,SELL01336,Marketplace Storefront SELL01336,Gold Seller,Amazon Global,2026-09-07T07:47:36.812128
1838,SELL01341,Marketplace Storefront SELL01341,Platinum Seller,Amazon Global,2026-09-07T07:47:36.812128
1839,SELL01350,Marketplace Storefront SELL01350,Platinum Seller,Amazon Global,2026-09-07T07:47:36.812128
1840,SELL01354,Marketplace Storefront SELL01354,Gold Seller,Amazon Global,2026-09-07T07:47:36.812128
1841,SELL01355,Marketplace Storefront SELL01355,Standard Seller,Amazon Global,2026-09-07T07:47:36.812128
1842,SELL01362,Marketplace Storefront SELL01362,Platinum Seller,Amazon Global,2026-09-07T07:47:36.812128
1843,SELL01363,Marketplace Storefront SELL01363,Standard Seller,Amazon Global,2026-09-07T07:47:36.812128
1844,SELL01367,Marketplace Storefront SELL01367,Standard Seller,Amazon Global,2026-09-07T07:47:36.812128
1845,SELL01368,Marketplace Storefront SELL01368,Platinum Seller,Amazon Global,2026-09-07T07:47:36.812128
1846,SELL01369,Marketplace Storefront SELL01369,Standard Seller,Amazon Global,2026-09-07T07:47:36.812128
1847,SELL01390,Marketplace Storefront SELL01390,Gold Seller,Amazon Global,2026-09-07T07:47:36.812128
1848,SELL01391,Marketplace Storefront SELL01391,Standard Seller,Amazon Global,2026-09-07T07:47:36.812128
1849,SELL01406,Marketplace Storefront SELL01406,Gold Seller,Amazon Global,2026-09-07T07:47:36.812128
1850,SELL01407,Marketplace Storefront SELL01407,Platinum Seller,Amazon Global,2026-09-07T07:47:36.812128
1851,SELL01411,Marketplace Storefront SELL01411,Standard Seller,Amazon Global,2026-09-07T07:47:36.812128
1852,SELL01426,Marketplace Storefront SELL01426,Gold Seller,Amazon Global,2026-09-07T07:47:36.812128
1853,SELL01427,Marketplace Storefront SELL01427,Standard Seller,Amazon Global,2026-09-07T07:47:36.812128
1854,SELL01428,Marketplace Storefront SELL01428,Platinum Seller,Amazon Global,2026-09-07T07:47:36.812128
1855,SELL01441,Marketplace Storefront SELL01441,Standard Seller,Amazon Global,2026-09-07T07:47:36.812128
1856,SELL01450,Marketplace Storefront SELL01450,Gold Seller,Amazon Global,2026-09-07T07:47:36.812128
1857,SELL01454,Marketplace Storefront SELL01454,Gold Seller,Amazon Global,2026-09-07T07:47:36.812128
1858,SELL01455,Marketplace Storefront SELL01455,Platinum Seller,Amazon Global,2026-09-07T07:47:36.812128
1859,SELL01460,Marketplace Storefront SELL01460,Gold Seller,Amazon Global,2026-09-07T07:47:36.812128
1860,SELL01465,Marketplace Storefront SELL01465,Standard Seller,Amazon Global,2026-09-07T07:47:36.812128
1861,SELL01472,Marketplace Storefront SELL01472,Gold Seller,Amazon Global,2026-09-07T07:47:36.812128
1862,SELL01473,Marketplace Storefront SELL01473,Platinum Seller,Amazon Global,2026-09-07T07:47:36.812128
1863,SELL01477,Marketplace Storefront SELL01477,Standard Seller,Amazon Global,2026-09-07T07:47:36.812128
1864,SELL01478,Marketplace Storefront SELL01478,Gold Seller,Amazon Global,2026-09-07T07:47:36.812128
1865,SELL01479,Marketplace Storefront SELL01479,Platinum Seller,Amazon Global,2026-09-07T07:47:36.812128
1866,SELL01480,Marketplace Storefront SELL01480,Gold Seller,Amazon Global,2026-09-07T07:47:36.812128
1867,SELL01481,Marketplace Storefront SELL01481,Standard Seller,Amazon Global,2026-09-07T07:47:36.812128
1868,SELL01485,Marketplace Storefront SELL01485,Platinum Seller,Amazon Global,2026-09-07T07:47:36.812128
1869,SELL01496,Marketplace Storefront SELL01496,Gold Seller,Amazon Global,2026-09-07T07:47:36.812128
1870,SELL01497,Marketplace Storefront SELL01497,Platinum Seller,Amazon Global,2026-09-07T07:47:36.812128
1871,SELL01498,Marketplace Storefront SELL01498,Gold Seller,Amazon Global,2026-09-07T07:47:36.812128
1872,SELL01510,Marketplace Storefront SELL01510,Gold Seller,Amazon Global,2026-09-07T07:47:36.812128
1873,SELL01511,Marketplace Storefront SELL01511,Standard Seller,Amazon Global,2026-09-07T07:47:36.812128
1874,SELL01526,Marketplace Storefront SELL01526,Gold Seller,Amazon Global,2026-09-07T07:47:36.812128
1875,SELL01527,Marketplace Storefront SELL01527,Platinum Seller,Amazon Global,2026-09-07T07:47:36.812128
1876,SELL01528,Marketplace Storefront SELL01528,Gold Seller,Amazon Global,2026-09-07T07:47:36.812128
1877,SELL01529,Marketplace Storefront SELL01529,Standard Seller,Amazon Global,2026-09-07T07:47:36.812128
1878,SELL01531,Marketplace Storefront SELL01531,Standard Seller,Amazon Global,2026-09-07T07:47:36.812128
1879,SELL01542,Marketplace Storefront SELL01542,Platinum Seller,Amazon Global,2026-09-07T07:47:36.812128
1880,SELL01543,Marketplace Storefront SELL01543,Standard Seller,Amazon Global,2026-09-07T07:47:36.812128
1881,SELL01544,Marketplace Storefront SELL01544,Gold Seller,Amazon Global,2026-09-07T07:47:36.812128
1882,SELL01548,Marketplace Storefront SELL01548,Platinum Seller,Amazon Global,2026-09-07T07:47:36.812128
1883,SELL01549,Marketplace Storefront SELL01549,Standard Seller,Amazon Global,2026-09-07T07:47:36.812128
1884,SELL01561,Marketplace Storefront SELL01561,Standard Seller,Amazon Global,2026-09-07T07:47:36.812128
1885,SELL01573,Marketplace Storefront SELL01573,Standard Seller,Amazon Global,2026-09-07T07:47:36.812128
1886,SELL01574,Marketplace Storefront SELL01574,Gold Seller,Amazon Global,2026-09-07T07:47:36.812128
1887,SELL01575,Marketplace Storefront SELL01575,Platinum Seller,Amazon Global,2026-09-07T07:47:36.812128
1888,SELL01582,Marketplace Storefront SELL01582,Gold Seller,Amazon Global,2026-09-07T07:47:36.812128
1889,SELL01586,Marketplace Storefront SELL01586,Gold Seller,Amazon Global,2026-09-07T07:47:36.812128
1890,SELL01587,Marketplace Storefront SELL01587,Platinum Seller,Amazon Global,2026-09-07T07:47:36.812128
1891,SELL01588,Marketplace Storefront SELL01588,Gold Seller,Amazon Global,2026-09-07T07:47:36.812128
1892,SELL01589,Marketplace Storefront SELL01589,Standard Seller,Amazon Global,2026-09-07T07:47:36.812128
1893,SELL01592,Marketplace Storefront SELL01592,Gold Seller,Amazon Global,2026-09-07T07:47:36.812128
1894,SELL01593,Marketplace Storefront SELL01593,Platinum Seller,Amazon Global,2026-09-07T07:47:36.812128
1895,SELL01598,Marketplace Storefront SELL01598,Gold Seller,Amazon Global,2026-09-07T07:47:36.812128
1896,SELL01599,Marketplace Storefront SELL01599,Platinum Seller,Amazon Global,2026-09-07T07:47:36.812128
1897,SELL01606,Marketplace Storefront SELL01606,Gold Seller,Amazon Global,2026-09-07T07:47:36.812128
1898,SELL01607,Marketplace Storefront SELL01607,Standard Seller,Amazon Global,2026-09-07T07:47:36.812128
1899,SELL01622,Marketplace Storefront SELL01622,Gold Seller,Amazon Global,2026-09-07T07:47:36.812128
1900,SELL01623,Marketplace Storefront SELL01623,Platinum Seller,Amazon Global,2026-09-07T07:47:36.812128
1901,SELL01627,Marketplace Storefront SELL01627,Standard Seller,Amazon Global,2026-09-07T07:47:36.812128
1902,SELL01628,Marketplace Storefront SELL01628,Gold Seller,Amazon Global,2026-09-07T07:47:36.812128
1903,SELL01629,Marketplace Storefront SELL01629,Platinum Seller,Amazon Global,2026-09-07T07:47:36.812128
1904,SELL01631,Marketplace Storefront SELL01631,Standard Seller,Amazon Global,2026-09-07T07:47:36.812128
1905,SELL01640,Marketplace Storefront SELL01640,Gold Seller,Amazon Global,2026-09-07T07:47:36.812128
1906,SELL01641,Marketplace Storefront SELL01641,Platinum Seller,Amazon Global,2026-09-07T07:47:36.812128
1907,SELL01656,Marketplace Storefront SELL01656,Platinum Seller,Amazon Global,2026-09-07T07:47:36.812128
1908,SELL01657,Marketplace Storefront SELL01657,Standard Seller,Amazon Global,2026-09-07T07:47:36.812128
1909,SELL01658,Marketplace Storefront SELL01658,Gold Seller,Amazon Global,2026-09-07T07:47:36.812128
1910,SELL01661,Marketplace Storefront SELL01661,Standard Seller,Amazon Global,2026-09-07T07:47:36.812128
1911,SELL01670,Marketplace Storefront SELL01670,Gold Seller,Amazon Global,2026-09-07T07:47:36.812128
1912,SELL01674,Marketplace Storefront SELL01674,Platinum Seller,Amazon Global,2026-09-07T07:47:36.812128
1913,SELL01675,Marketplace Storefront SELL01675,Standard Seller,Amazon Global,2026-09-07T07:47:36.812128
1914,SELL01686,Marketplace Storefront SELL01686,Platinum Seller,Amazon Global,2026-09-07T07:47:36.812128
1915,SELL01687,Marketplace Storefront SELL01687,Standard Seller,Amazon Global,2026-09-07T07:47:36.812128
1916,SELL01688,Marketplace Storefront SELL01688,Gold Seller,Amazon Global,2026-09-07T07:47:36.812128
1917,SELL01706,Marketplace Storefront SELL01706,Gold Seller,Amazon Global,2026-09-07T07:47:36.812128
1918,SELL01707,Marketplace Storefront SELL01707,Platinum Seller,Amazon Global,2026-09-07T07:47:36.812128
1919,SELL01708,Marketplace Storefront SELL01708,Gold Seller,Amazon Global,2026-09-07T07:47:36.812128
1920,SELL01710,Marketplace Storefront SELL01710,Platinum Seller,Amazon Global,2026-09-07T07:47:36.812128
1921,SELL01714,Marketplace Storefront SELL01714,Gold Seller,Amazon Global,2026-09-07T07:47:36.812128
1922,SELL01715,Marketplace Storefront SELL01715,Standard Seller,Amazon Global,2026-09-07T07:47:36.812128
1923,SELL01732,Marketplace Storefront SELL01732,Gold Seller,Amazon Global,2026-09-07T07:47:36.812128
1924,SELL01733,Marketplace Storefront SELL01733,Standard Seller,Amazon Global,2026-09-07T07:47:36.812128
1925,SELL01734,Marketplace Storefront SELL01734,Platinum Seller,Amazon Global,2026-09-07T07:47:36.812128
1926,SELL01738,Marketplace Storefront SELL01738,Gold Seller,Amazon Global,2026-09-07T07:47:36.812128
1927,SELL01739,Marketplace Storefront SELL01739,Standard Seller,Amazon Global,2026-09-07T07:47:36.812128
1928,SELL01750,Marketplace Storefront SELL01750,Gold Seller,Amazon Global,2026-09-07T07:47:36.812128
1929,SELL01755,Marketplace Storefront SELL01755,Platinum Seller,Amazon Global,2026-09-07T07:47:36.812128
1930,SELL01766,Marketplace Storefront SELL01766,Gold Seller,Amazon Global,2026-09-07T07:47:36.812128
1931,SELL01767,Marketplace Storefront SELL01767,Platinum Seller,Amazon Global,2026-09-07T07:47:36.812128
1932,SELL01768,Marketplace Storefront SELL01768,Gold Seller,Amazon Global,2026-09-07T07:47:36.812128
1933,SELL01769,Marketplace Storefront SELL01769,Standard Seller,Amazon Global,2026-09-07T07:47:36.812128
1934,SELL01776,Marketplace Storefront SELL01776,Platinum Seller,Amazon Global,2026-09-07T07:47:36.812128
1935,SELL01777,Marketplace Storefront SELL01777,Standard Seller,Amazon Global,2026-09-07T07:47:36.812128
1936,SELL01778,Marketplace Storefront SELL01778,Gold Seller,Amazon Global,2026-09-07T07:47:36.812128
1937,SELL01782,Marketplace Storefront SELL01782,Platinum Seller,Amazon Global,2026-09-07T07:47:36.812128
1938,SELL01786,Marketplace Storefront SELL01786,Gold Seller,Amazon Global,2026-09-07T07:47:36.812128
1939,SELL01787,Marketplace Storefront SELL01787,Standard Seller,Amazon Global,2026-09-07T07:47:36.812128
1940,SELL01788,Marketplace Storefront SELL01788,Platinum Seller,Amazon Global,2026-09-07T07:47:36.812128
1941,SELL01789,Marketplace Storefront SELL01789,Standard Seller,Amazon Global,2026-09-07T07:47:36.812128
1942,SELL01802,Marketplace Storefront SELL01802,Gold Seller,Amazon Global,2026-09-07T07:47:36.812128
1943,SELL01803,Marketplace Storefront SELL01803,Platinum Seller,Amazon Global,2026-09-07T07:47:36.812128
1944,SELL01804,Marketplace Storefront SELL01804,Gold Seller,Amazon Global,2026-09-07T07:47:36.812128
1945,SELL01805,Marketplace Storefront SELL01805,Standard Seller,Amazon Global,2026-09-07T07:47:36.812128
1946,SELL01809,Marketplace Storefront SELL01809,Platinum Seller,Amazon Global,2026-09-07T07:47:36.812128
1947,SELL01812,Marketplace Storefront SELL01812,Platinum Seller,Amazon Global,2026-09-07T07:47:36.812128
1948,SELL01816,Marketplace Storefront SELL01816,Gold Seller,Amazon Global,2026-09-07T07:47:36.812128
1949,SELL01817,Marketplace Storefront SELL01817,Standard Seller,Amazon Global,2026-09-07T07:47:36.812128
1950,SELL01818,Marketplace Storefront SELL01818,Platinum Seller,Amazon Global,2026-09-07T07:47:36.812128
1951,SELL01819,Marketplace Storefront SELL01819,Standard Seller,Amazon Global,2026-09-07T07:47:36.812128
1952,SELL01830,Marketplace Storefront SELL01830,Platinum Seller,Amazon Global,2026-09-07T07:47:36.812128
1953,SELL01834,Marketplace Storefront SELL01834,Gold Seller,Amazon Global,2026-09-07T07:47:36.812128
1954,SELL01835,Marketplace Storefront SELL01835,Standard Seller,Amazon Global,2026-09-07T07:47:36.812128
1955,SELL01853,Marketplace Storefront SELL01853,Standard Seller,Amazon Global,2026-09-07T07:47:36.812128
1956,SELL01854,Marketplace Storefront SELL01854,Platinum Seller,Amazon Global,2026-09-07T07:47:36.812128
1957,SELL01855,Marketplace Storefront SELL01855,Standard Seller,Amazon Global,2026-09-07T07:47:36.812128
1958,SELL01862,Marketplace Storefront SELL01862,Gold Seller,Amazon Global,2026-09-07T07:47:36.812128
1959,SELL01866,Marketplace Storefront SELL01866,Platinum Seller,Amazon Global,2026-09-07T07:47:36.812128
1960,SELL01867,Marketplace Storefront SELL01867,Standard Seller,Amazon Global,2026-09-07T07:47:36.812128
1961,SELL01868,Marketplace Storefront SELL01868,Gold Seller,Amazon Global,2026-09-07T07:47:36.812128
1962,SELL01869,Marketplace Storefront SELL01869,Platinum Seller,Amazon Global,2026-09-07T07:47:36.812128
1963,SELL01872,Marketplace Storefront SELL01872,Platinum Seller,Amazon Global,2026-09-07T07:47:36.812128
1964,SELL01876,Marketplace Storefront SELL01876,Gold Seller,Amazon Global,2026-09-07T07:47:36.812128
1965,SELL01877,Marketplace Storefront SELL01877,Standard Seller,Amazon Global,2026-09-07T07:47:36.812128
1966,SELL01878,Marketplace Storefront SELL01878,Platinum Seller,Amazon Global,2026-09-07T07:47:36.812128
1967,SELL01879,Marketplace Storefront SELL01879,Standard Seller,Amazon Global,2026-09-07T07:47:36.812128
1968,SELL01886,Marketplace Storefront SELL01886,Gold Seller,Amazon Global,2026-09-07T07:47:36.812128
1969,SELL01916,Marketplace Storefront SELL01916,Gold Seller,Amazon Global,2026-09-07T07:47:36.812128
1970,SELL01926,Marketplace Storefront SELL01926,Platinum Seller,Amazon Global,2026-09-07T07:47:36.812128
1971,SELL01936,Marketplace Storefront SELL01936,Gold Seller,Amazon Global,2026-09-07T07:47:36.812128
1972,SELL01937,Marketplace Storefront SELL01937,Standard Seller,Amazon Global,2026-09-07T07:47:36.812128
1973,SELL01938,Marketplace Storefront SELL01938,Platinum Seller,Amazon Global,2026-09-07T07:47:36.812128
1974,SELL01940,Marketplace Storefront SELL01940,Gold Seller,Amazon Global,2026-09-07T07:47:36.812128
1975,SELL01945,Marketplace Storefront SELL01945,Standard Seller,Amazon Global,2026-09-07T07:47:36.812128
1976,SELL01956,Marketplace Storefront SELL01956,Platinum Seller,Amazon Global,2026-09-07T07:47:36.812128
1977,SELL01957,Marketplace Storefront SELL01957,Standard Seller,Amazon Global,2026-09-07T07:47:36.812128
1978,SELL01963,Marketplace Storefront SELL01963,Standard Seller,Amazon Global,2026-09-07T07:47:36.812128
1979,SELL01964,Marketplace Storefront SELL01964,Gold Seller,Amazon Global,2026-09-07T07:47:36.812128
1980,SELL01965,Marketplace Storefront SELL01965,Platinum Seller,Amazon Global,2026-09-07T07:47:36.812128
1981,SELL01980,Marketplace Storefront SELL01980,Platinum Seller,Amazon Global,2026-09-07T07:47:36.812128
1982,SELL01981,Marketplace Storefront SELL01981,Standard Seller,Amazon Global,2026-09-07T07:47:36.812128
1983,SELL01990,Marketplace Storefront SELL01990,Gold Seller,Amazon Global,2026-09-07T07:47:36.812128
1984,SELL01991,Marketplace Storefront SELL01991,Standard Seller,Amazon Global,2026-09-07T07:47:36.812128
1985,SELL01951,Marketplace Storefront SELL01951,Standard Seller,Amazon Global,2026-09-07T07:47:36.812128
1986,SELL01952,Marketplace Storefront SELL01952,Gold Seller,Amazon Global,2026-09-07T07:47:36.812128
1987,SELL01958,Marketplace Storefront SELL01958,Gold Seller,Amazon Global,2026-09-07T07:47:36.812128
1988,SELL01967,Marketplace Storefront SELL01967,Standard Seller,Amazon Global,2026-09-07T07:47:36.812128
1989,SELL01969,Marketplace Storefront SELL01969,Standard Seller,Amazon Global,2026-09-07T07:47:36.812128
1990,SELL01970,Marketplace Storefront SELL01970,Gold Seller,Amazon Global,2026-09-07T07:47:36.812128
1991,SELL01971,Marketplace Storefront SELL01971,Platinum Seller,Amazon Global,2026-09-07T07:47:36.812128
1992,SELL01976,Marketplace Storefront SELL01976,Gold Seller,Amazon Global,2026-09-07T07:47:36.812128
1993,SELL01978,Marketplace Storefront SELL01978,Gold Seller,Amazon Global,2026-09-07T07:47:36.812128
1994,SELL01983,Marketplace Storefront SELL01983,Platinum Seller,Amazon Global,2026-09-07T07:47:36.812128
1995,SELL01985,Marketplace Storefront SELL01985,Standard Seller,Amazon Global,2026-09-07T07:47:36.812128
1996,SELL01989,Marketplace Storefront SELL01989,Platinum Seller,Amazon Global,2026-09-07T07:47:36.812128
1997,SELL01993,Marketplace Storefront SELL01993,Standard Seller,Amazon Global,2026-09-07T07:47:36.812128
1998,SELL01995,Marketplace Storefront SELL01995,Platinum Seller,Amazon Global,2026-09-07T07:47:36.812128
1999,SELL01999,Marketplace Storefront SELL01999,Standard Seller,Amazon Global,2026-09-07T07:47:36.812128
