MarketingFactKey,DateKey,CampaignKey,ChannelKey,LocationKey,Impressions,Clicks,SpendAmount,LeadsGenerated,ConversionsCount,AttributedSaleAmount,CTR_Pct,CPC_Amount,CostPerLead,CostPerConversion,ROAS,SourceSystem,SourceRecordID,ETL_LoadedAt
1,20241116,13,11,2612,0,0,231.88,0,0,1892.00,0.0000,0.00,0.00,0.00,8.16,Google Ads,A1000,2026-09-07T07:48:42.882130
2,20241120,8,11,2612,0,0,216.84,0,0,1679.00,0.0000,0.00,0.00,0.00,7.74,Google Ads,A1001,2026-09-07T07:48:42.882130
3,20241116,4,11,2612,0,0,203.66,0,0,1624.00,0.0000,0.00,0.00,0.00,7.97,Google Ads,A1002,2026-09-07T07:48:42.882130
4,20241126,12,11,2612,0,0,237.66,0,0,1225.00,0.0000,0.00,0.00,0.00,5.15,Google Ads,A1003,2026-09-07T07:48:42.882130
5,20241122,16,11,2612,0,0,195.90,0,0,1091.00,0.0000,0.00,0.00,0.00,5.57,Google Ads,A1004,2026-09-07T07:48:42.882130
6,20241116,11,11,2612,0,0,243.57,0,0,1315.00,0.0000,0.00,0.00,0.00,5.40,Google Ads,A1005,2026-09-07T07:48:42.882130
7,20241106,9,11,2612,0,0,237.79,0,0,1640.00,0.0000,0.00,0.00,0.00,6.90,Google Ads,A1006,2026-09-07T07:48:42.882130
8,20241124,3,11,2612,0,0,229.61,0,0,1509.00,0.0000,0.00,0.00,0.00,6.57,Google Ads,A1007,2026-09-07T07:48:42.882130
9,20241124,12,11,2612,0,0,0.00,0,0,1362.00,0.0000,0.00,0.00,0.00,0.00,Google Ads,A1008,2026-09-07T07:48:42.882130
10,20241112,17,11,2612,0,0,186.78,0,0,1029.00,0.0000,0.00,0.00,0.00,5.51,Google Ads,A1009,2026-09-07T07:48:42.882130
11,20241114,13,11,2612,0,0,236.79,0,0,1900.00,0.0000,0.00,0.00,0.00,8.02,Google Ads,A1010,2026-09-07T07:48:42.882130
12,20241122,16,11,2612,0,0,208.12,0,0,1130.00,0.0000,0.00,0.00,0.00,5.43,Google Ads,A1011,2026-09-07T07:48:42.882130
13,20241127,4,11,2612,0,0,191.30,0,0,1959.00,0.0000,0.00,0.00,0.00,10.24,Google Ads,A1012,2026-09-07T07:48:42.882130
14,20241112,11,11,2612,0,0,207.46,0,0,1623.00,0.0000,0.00,0.00,0.00,7.82,Google Ads,A1013,2026-09-07T07:48:42.882130
15,20241104,10,11,2612,0,0,185.09,0,0,1538.00,0.0000,0.00,0.00,0.00,8.31,Google Ads,A1014,2026-09-07T07:48:42.882130
16,20241129,7,11,2612,0,0,201.69,0,0,1755.00,0.0000,0.00,0.00,0.00,8.70,Google Ads,A1015,2026-09-07T07:48:42.882130
17,20241110,14,11,2612,0,0,0.00,0,0,1614.00,0.0000,0.00,0.00,0.00,0.00,Google Ads,A1016,2026-09-07T07:48:42.882130
18,20241112,14,11,2612,0,0,207.40,0,0,1693.00,0.0000,0.00,0.00,0.00,8.16,Google Ads,A1017,2026-09-07T07:48:42.882130
19,20241107,2,11,2612,0,0,217.41,0,0,1785.00,0.0000,0.00,0.00,0.00,8.21,Google Ads,A1018,2026-09-07T07:48:42.882130
20,20241105,7,11,2612,0,0,0.00,0,0,1516.00,0.0000,0.00,0.00,0.00,0.00,Google Ads,A1019,2026-09-07T07:48:42.882130
21,20241121,15,11,2612,0,0,223.30,0,0,1735.00,0.0000,0.00,0.00,0.00,7.77,Google Ads,A1020,2026-09-07T07:48:42.882130
22,20241108,6,11,2612,0,0,184.23,0,0,1803.00,0.0000,0.00,0.00,0.00,9.79,Google Ads,A1021,2026-09-07T07:48:42.882130
23,20241120,16,11,2612,0,0,211.24,0,0,1322.00,0.0000,0.00,0.00,0.00,6.26,Google Ads,A1022,2026-09-07T07:48:42.882130
24,20241130,9,11,2612,0,0,230.17,0,0,1452.00,0.0000,0.00,0.00,0.00,6.31,Google Ads,A1023,2026-09-07T07:48:42.882130
25,20241120,15,11,2612,0,0,0.00,0,0,1652.00,0.0000,0.00,0.00,0.00,0.00,Google Ads,A1024,2026-09-07T07:48:42.882130
26,20241120,15,11,2612,0,0,181.92,0,0,1456.00,0.0000,0.00,0.00,0.00,8.00,Google Ads,A1025,2026-09-07T07:48:42.882130
27,20241102,16,11,2612,0,0,205.92,0,0,1656.00,0.0000,0.00,0.00,0.00,8.04,Google Ads,A1026,2026-09-07T07:48:42.882130
28,20241121,10,11,2612,0,0,234.89,0,0,1688.00,0.0000,0.00,0.00,0.00,7.19,Google Ads,A1027,2026-09-07T07:48:42.882130
29,20241123,14,11,2612,0,0,188.49,0,0,1783.00,0.0000,0.00,0.00,0.00,9.46,Google Ads,A1028,2026-09-07T07:48:42.882130
30,20241113,2,11,2612,0,0,237.75,0,0,1975.00,0.0000,0.00,0.00,0.00,8.31,Google Ads,A1029,2026-09-07T07:48:42.882130
31,20241108,18,11,2612,0,0,213.58,0,0,1590.00,0.0000,0.00,0.00,0.00,7.44,Google Ads,A1030,2026-09-07T07:48:42.882130
32,20241122,16,11,2612,0,0,212.37,0,0,1111.00,0.0000,0.00,0.00,0.00,5.23,Google Ads,A1031,2026-09-07T07:48:42.882130
33,20241112,6,11,2612,0,0,244.38,0,0,1041.00,0.0000,0.00,0.00,0.00,4.26,Google Ads,A1032,2026-09-07T07:48:42.882130
34,20241103,9,11,2612,0,0,234.59,0,0,1710.00,0.0000,0.00,0.00,0.00,7.29,Google Ads,A1033,2026-09-07T07:48:42.882130
35,20241125,8,11,2612,0,0,214.96,0,0,0.00,0.0000,0.00,0.00,0.00,0.00,Google Ads,A1034,2026-09-07T07:48:42.882130
36,20241101,10,11,2612,0,0,236.48,0,0,1824.00,0.0000,0.00,0.00,0.00,7.71,Google Ads,A1035,2026-09-07T07:48:42.882130
37,20241107,10,11,2612,0,0,242.90,0,0,1833.00,0.0000,0.00,0.00,0.00,7.55,Google Ads,A1036,2026-09-07T07:48:42.882130
38,20241109,14,11,2612,0,0,0.00,0,0,1307.00,0.0000,0.00,0.00,0.00,0.00,Google Ads,A1037,2026-09-07T07:48:42.882130
39,20241116,17,11,2612,0,0,197.55,0,0,1704.00,0.0000,0.00,0.00,0.00,8.63,Google Ads,A1038,2026-09-07T07:48:42.882130
40,20241126,14,11,2612,0,0,192.61,0,0,1427.00,0.0000,0.00,0.00,0.00,7.41,Google Ads,A1039,2026-09-07T07:48:42.882130
41,20241112,11,11,2612,0,0,231.23,0,0,1849.00,0.0000,0.00,0.00,0.00,8.00,Google Ads,A1040,2026-09-07T07:48:42.882130
42,20241114,4,11,2612,0,0,196.07,0,0,1209.00,0.0000,0.00,0.00,0.00,6.17,Google Ads,A1041,2026-09-07T07:48:42.882130
43,20241109,8,11,2612,0,0,191.55,0,0,1634.00,0.0000,0.00,0.00,0.00,8.53,Google Ads,A1042,2026-09-07T07:48:42.882130
44,20241129,4,11,2612,0,0,180.95,0,0,1960.00,0.0000,0.00,0.00,0.00,10.83,Google Ads,A1043,2026-09-07T07:48:42.882130
45,20241101,12,11,2612,0,0,204.46,0,0,1729.00,0.0000,0.00,0.00,0.00,8.46,Google Ads,A1044,2026-09-07T07:48:42.882130
46,20241115,17,11,2612,0,0,236.78,0,0,1585.00,0.0000,0.00,0.00,0.00,6.69,Google Ads,A1045,2026-09-07T07:48:42.882130
47,20241111,10,11,2612,0,0,222.98,0,0,1303.00,0.0000,0.00,0.00,0.00,5.84,Google Ads,A1046,2026-09-07T07:48:42.882130
48,20241108,2,11,2612,0,0,234.10,0,0,1835.00,0.0000,0.00,0.00,0.00,7.84,Google Ads,A1047,2026-09-07T07:48:42.882130
49,20241124,17,11,2612,0,0,240.84,0,0,1367.00,0.0000,0.00,0.00,0.00,5.68,Google Ads,A1048,2026-09-07T07:48:42.882130
50,20241121,14,11,2612,0,0,248.86,0,0,1524.00,0.0000,0.00,0.00,0.00,6.12,Google Ads,A1049,2026-09-07T07:48:42.882130
51,20241112,2,11,2612,0,0,182.84,0,0,1080.00,0.0000,0.00,0.00,0.00,5.91,Google Ads,A1050,2026-09-07T07:48:42.882130
52,20241124,3,11,2612,0,0,206.62,0,0,1746.00,0.0000,0.00,0.00,0.00,8.45,Google Ads,A1051,2026-09-07T07:48:42.882130
53,20241125,17,11,2612,0,0,189.56,0,0,1026.00,0.0000,0.00,0.00,0.00,5.41,Google Ads,A1052,2026-09-07T07:48:42.882130
54,20241126,15,11,2612,0,0,187.66,0,0,1564.00,0.0000,0.00,0.00,0.00,8.33,Google Ads,A1053,2026-09-07T07:48:42.882130
55,20241126,13,11,2612,0,0,196.15,0,0,1902.00,0.0000,0.00,0.00,0.00,9.70,Google Ads,A1054,2026-09-07T07:48:42.882130
56,20241105,4,11,2612,0,0,183.68,0,0,1267.00,0.0000,0.00,0.00,0.00,6.90,Google Ads,A1055,2026-09-07T07:48:42.882130
57,20241121,1,11,2612,0,0,210.10,0,0,1340.00,0.0000,0.00,0.00,0.00,6.38,Google Ads,A1056,2026-09-07T07:48:42.882130
58,20241116,11,11,2612,0,0,208.58,0,0,1692.00,0.0000,0.00,0.00,0.00,8.11,Google Ads,A1057,2026-09-07T07:48:42.882130
59,20241118,4,11,2612,0,0,219.48,0,0,1054.00,0.0000,0.00,0.00,0.00,4.80,Google Ads,A1058,2026-09-07T07:48:42.882130
60,20241111,5,11,2612,0,0,238.81,0,0,0.00,0.0000,0.00,0.00,0.00,0.00,Google Ads,A1059,2026-09-07T07:48:42.882130
61,20241116,9,11,2612,0,0,189.76,0,0,1219.00,0.0000,0.00,0.00,0.00,6.42,Google Ads,A1060,2026-09-07T07:48:42.882130
62,20241111,3,11,2612,0,0,0.00,0,0,1946.00,0.0000,0.00,0.00,0.00,0.00,Google Ads,A1061,2026-09-07T07:48:42.882130
63,20241108,1,11,2612,0,0,204.31,0,0,1833.00,0.0000,0.00,0.00,0.00,8.97,Google Ads,A1062,2026-09-07T07:48:42.882130
64,20241123,8,11,2612,0,0,222.32,0,0,1963.00,0.0000,0.00,0.00,0.00,8.83,Google Ads,A1063,2026-09-07T07:48:42.882130
65,20241120,9,11,2612,0,0,232.03,0,0,1348.00,0.0000,0.00,0.00,0.00,5.81,Google Ads,A1064,2026-09-07T07:48:42.882130
66,20241105,16,11,2612,0,0,183.73,0,0,1264.00,0.0000,0.00,0.00,0.00,6.88,Google Ads,A1065,2026-09-07T07:48:42.882130
67,20241127,2,11,2612,0,0,221.18,0,0,1771.00,0.0000,0.00,0.00,0.00,8.01,Google Ads,A1066,2026-09-07T07:48:42.882130
68,20241110,4,11,2612,0,0,199.11,0,0,1337.00,0.0000,0.00,0.00,0.00,6.71,Google Ads,A1067,2026-09-07T07:48:42.882130
69,20241104,13,11,2612,0,0,234.22,0,0,1287.00,0.0000,0.00,0.00,0.00,5.49,Google Ads,A1068,2026-09-07T07:48:42.882130
70,20241116,13,11,2612,0,0,240.59,0,0,1922.00,0.0000,0.00,0.00,0.00,7.99,Google Ads,A1069,2026-09-07T07:48:42.882130
71,20241106,5,11,2612,0,0,215.48,0,0,1975.00,0.0000,0.00,0.00,0.00,9.17,Google Ads,A1070,2026-09-07T07:48:42.882130
72,20241104,15,11,2612,0,0,228.14,0,0,1556.00,0.0000,0.00,0.00,0.00,6.82,Google Ads,A1071,2026-09-07T07:48:42.882130
73,20241109,4,11,2612,0,0,199.13,0,0,0.00,0.0000,0.00,0.00,0.00,0.00,Google Ads,A1072,2026-09-07T07:48:42.882130
74,20241112,15,11,2612,0,0,225.39,0,0,1728.00,0.0000,0.00,0.00,0.00,7.67,Google Ads,A1073,2026-09-07T07:48:42.882130
75,20241109,4,11,2612,0,0,246.30,0,0,1554.00,0.0000,0.00,0.00,0.00,6.31,Google Ads,A1074,2026-09-07T07:48:42.882130
76,20241123,1,11,2612,0,0,212.55,0,0,1994.00,0.0000,0.00,0.00,0.00,9.38,Google Ads,A1075,2026-09-07T07:48:42.882130
77,20241108,14,11,2612,0,0,228.24,0,0,1618.00,0.0000,0.00,0.00,0.00,7.09,Google Ads,A1076,2026-09-07T07:48:42.882130
78,20241105,16,11,2612,0,0,233.78,0,0,1086.00,0.0000,0.00,0.00,0.00,4.65,Google Ads,A1077,2026-09-07T07:48:42.882130
79,20241109,18,11,2612,0,0,234.05,0,0,1364.00,0.0000,0.00,0.00,0.00,5.83,Google Ads,A1078,2026-09-07T07:48:42.882130
80,20241105,3,11,2612,0,0,187.28,0,0,1836.00,0.0000,0.00,0.00,0.00,9.80,Google Ads,A1079,2026-09-07T07:48:42.882130
81,20241125,2,11,2612,0,0,199.13,0,0,1932.00,0.0000,0.00,0.00,0.00,9.70,Google Ads,A1080,2026-09-07T07:48:42.882130
82,20241130,14,11,2612,0,0,241.35,0,0,1038.00,0.0000,0.00,0.00,0.00,4.30,Google Ads,A1081,2026-09-07T07:48:42.882130
83,20241117,5,11,2612,0,0,217.53,0,0,0.00,0.0000,0.00,0.00,0.00,0.00,Google Ads,A1082,2026-09-07T07:48:42.882130
84,20241128,5,11,2612,0,0,215.28,0,0,1327.00,0.0000,0.00,0.00,0.00,6.16,Google Ads,A1083,2026-09-07T07:48:42.882130
85,20241103,3,11,2612,0,0,227.38,0,0,1467.00,0.0000,0.00,0.00,0.00,6.45,Google Ads,A1084,2026-09-07T07:48:42.882130
86,20241119,10,11,2612,0,0,233.20,0,0,1174.00,0.0000,0.00,0.00,0.00,5.03,Google Ads,A1085,2026-09-07T07:48:42.882130
87,20241123,13,11,2612,0,0,206.02,0,0,1057.00,0.0000,0.00,0.00,0.00,5.13,Google Ads,A1086,2026-09-07T07:48:42.882130
88,20241103,3,11,2612,0,0,0.00,0,0,1199.00,0.0000,0.00,0.00,0.00,0.00,Google Ads,A1087,2026-09-07T07:48:42.882130
89,20241107,18,11,2612,0,0,209.68,0,0,1966.00,0.0000,0.00,0.00,0.00,9.38,Google Ads,A1088,2026-09-07T07:48:42.882130
90,20241102,16,11,2612,0,0,241.04,0,0,1194.00,0.0000,0.00,0.00,0.00,4.95,Google Ads,A1089,2026-09-07T07:48:42.882130
91,20241115,1,11,2612,0,0,227.39,0,0,1821.00,0.0000,0.00,0.00,0.00,8.01,Google Ads,A1090,2026-09-07T07:48:42.882130
92,20241120,6,11,2612,0,0,204.16,0,0,1731.00,0.0000,0.00,0.00,0.00,8.48,Google Ads,A1091,2026-09-07T07:48:42.882130
93,20241123,3,11,2612,0,0,0.00,0,0,1859.00,0.0000,0.00,0.00,0.00,0.00,Google Ads,A1092,2026-09-07T07:48:42.882130
94,20241120,18,11,2612,0,0,184.41,0,0,1188.00,0.0000,0.00,0.00,0.00,6.44,Google Ads,A1093,2026-09-07T07:48:42.882130
95,20241101,6,11,2612,0,0,216.45,0,0,1496.00,0.0000,0.00,0.00,0.00,6.91,Google Ads,A1094,2026-09-07T07:48:42.882130
96,20241114,10,11,2612,0,0,197.30,0,0,1645.00,0.0000,0.00,0.00,0.00,8.34,Google Ads,A1095,2026-09-07T07:48:42.882130
97,20241128,15,11,2612,0,0,229.42,0,0,1915.00,0.0000,0.00,0.00,0.00,8.35,Google Ads,A1096,2026-09-07T07:48:42.882130
98,20241115,6,11,2612,0,0,187.32,0,0,1614.00,0.0000,0.00,0.00,0.00,8.62,Google Ads,A1097,2026-09-07T07:48:42.882130
99,20241125,9,11,2612,0,0,222.50,0,0,1839.00,0.0000,0.00,0.00,0.00,8.27,Google Ads,A1098,2026-09-07T07:48:42.882130
100,20241106,18,11,2612,0,0,236.14,0,0,1036.00,0.0000,0.00,0.00,0.00,4.39,Google Ads,A1099,2026-09-07T07:48:42.882130
101,20241129,16,11,2612,0,0,246.76,0,0,1052.00,0.0000,0.00,0.00,0.00,4.26,Google Ads,A1100,2026-09-07T07:48:42.882130
102,20241117,15,11,2612,0,0,244.41,0,0,1092.00,0.0000,0.00,0.00,0.00,4.47,Google Ads,A1101,2026-09-07T07:48:42.882130
103,20241104,17,11,2612,0,0,197.03,0,0,1909.00,0.0000,0.00,0.00,0.00,9.69,Google Ads,A1102,2026-09-07T07:48:42.882130
104,20241129,1,11,2612,0,0,221.36,0,0,0.00,0.0000,0.00,0.00,0.00,0.00,Google Ads,A1103,2026-09-07T07:48:42.882130
105,20241115,9,11,2612,0,0,0.00,0,0,1026.00,0.0000,0.00,0.00,0.00,0.00,Google Ads,A1104,2026-09-07T07:48:42.882130
106,20241128,3,11,2612,0,0,230.22,0,0,1944.00,0.0000,0.00,0.00,0.00,8.44,Google Ads,A1105,2026-09-07T07:48:42.882130
107,20241130,4,11,2612,0,0,183.65,0,0,0.00,0.0000,0.00,0.00,0.00,0.00,Google Ads,A1106,2026-09-07T07:48:42.882130
108,20241103,15,11,2612,0,0,197.16,0,0,1867.00,0.0000,0.00,0.00,0.00,9.47,Google Ads,A1107,2026-09-07T07:48:42.882130
109,20241122,1,11,2612,0,0,235.36,0,0,1505.00,0.0000,0.00,0.00,0.00,6.39,Google Ads,A1108,2026-09-07T07:48:42.882130
110,20241120,18,11,2612,0,0,237.22,0,0,1842.00,0.0000,0.00,0.00,0.00,7.76,Google Ads,A1109,2026-09-07T07:48:42.882130
111,20241108,8,11,2612,0,0,235.33,0,0,1116.00,0.0000,0.00,0.00,0.00,4.74,Google Ads,A1110,2026-09-07T07:48:42.882130
112,20241124,14,11,2612,0,0,192.32,0,0,1501.00,0.0000,0.00,0.00,0.00,7.80,Google Ads,A1111,2026-09-07T07:48:42.882130
113,20241109,17,11,2612,0,0,235.60,0,0,1894.00,0.0000,0.00,0.00,0.00,8.04,Google Ads,A1112,2026-09-07T07:48:42.882130
114,20241125,8,11,2612,0,0,223.90,0,0,1179.00,0.0000,0.00,0.00,0.00,5.27,Google Ads,A1113,2026-09-07T07:48:42.882130
115,20241120,7,11,2612,0,0,203.52,0,0,1838.00,0.0000,0.00,0.00,0.00,9.03,Google Ads,A1114,2026-09-07T07:48:42.882130
116,20241121,10,11,2612,0,0,195.69,0,0,1094.00,0.0000,0.00,0.00,0.00,5.59,Google Ads,A1115,2026-09-07T07:48:42.882130
117,20241124,17,11,2612,0,0,229.76,0,0,1344.00,0.0000,0.00,0.00,0.00,5.85,Google Ads,A1116,2026-09-07T07:48:42.882130
118,20241105,8,11,2612,0,0,189.13,0,0,1434.00,0.0000,0.00,0.00,0.00,7.58,Google Ads,A1117,2026-09-07T07:48:42.882130
119,20241116,18,11,2612,0,0,0.00,0,0,1766.00,0.0000,0.00,0.00,0.00,0.00,Google Ads,A1118,2026-09-07T07:48:42.882130
120,20241103,18,11,2612,0,0,193.76,0,0,1220.00,0.0000,0.00,0.00,0.00,6.30,Google Ads,A1119,2026-09-07T07:48:42.882130
121,20241123,14,11,2612,0,0,214.18,0,0,1348.00,0.0000,0.00,0.00,0.00,6.29,Google Ads,A1120,2026-09-07T07:48:42.882130
122,20241123,2,11,2612,0,0,215.57,0,0,1123.00,0.0000,0.00,0.00,0.00,5.21,Google Ads,A1121,2026-09-07T07:48:42.882130
123,20241124,15,11,2612,0,0,240.33,0,0,1982.00,0.0000,0.00,0.00,0.00,8.25,Google Ads,A1122,2026-09-07T07:48:42.882130
124,20241120,4,11,2612,0,0,225.67,0,0,1140.00,0.0000,0.00,0.00,0.00,5.05,Google Ads,A1123,2026-09-07T07:48:42.882130
125,20241110,14,11,2612,0,0,192.88,0,0,1962.00,0.0000,0.00,0.00,0.00,10.17,Google Ads,A1124,2026-09-07T07:48:42.882130
126,20241104,11,11,2612,0,0,187.87,0,0,1172.00,0.0000,0.00,0.00,0.00,6.24,Google Ads,A1125,2026-09-07T07:48:42.882130
127,20241123,18,11,2612,0,0,237.63,0,0,1699.00,0.0000,0.00,0.00,0.00,7.15,Google Ads,A1126,2026-09-07T07:48:42.882130
128,20241118,14,11,2612,0,0,235.98,0,0,1423.00,0.0000,0.00,0.00,0.00,6.03,Google Ads,A1127,2026-09-07T07:48:42.882130
129,20241104,8,11,2612,0,0,193.49,0,0,1456.00,0.0000,0.00,0.00,0.00,7.52,Google Ads,A1128,2026-09-07T07:48:42.882130
130,20241105,3,11,2612,0,0,218.88,0,0,1299.00,0.0000,0.00,0.00,0.00,5.93,Google Ads,A1129,2026-09-07T07:48:42.882130
131,20241128,9,11,2612,0,0,194.82,0,0,1248.00,0.0000,0.00,0.00,0.00,6.41,Google Ads,A1130,2026-09-07T07:48:42.882130
132,20241109,10,11,2612,0,0,225.14,0,0,1495.00,0.0000,0.00,0.00,0.00,6.64,Google Ads,A1131,2026-09-07T07:48:42.882130
133,20241120,17,11,2612,0,0,219.99,0,0,1089.00,0.0000,0.00,0.00,0.00,4.95,Google Ads,A1132,2026-09-07T07:48:42.882130
134,20241127,12,11,2612,0,0,186.14,0,0,1013.00,0.0000,0.00,0.00,0.00,5.44,Google Ads,A1133,2026-09-07T07:48:42.882130
135,20241104,7,11,2612,0,0,206.21,0,0,0.00,0.0000,0.00,0.00,0.00,0.00,Google Ads,A1134,2026-09-07T07:48:42.882130
136,20241120,13,11,2612,0,0,228.38,0,0,1243.00,0.0000,0.00,0.00,0.00,5.44,Google Ads,A1135,2026-09-07T07:48:42.882130
137,20241104,8,11,2612,0,0,205.25,0,0,1693.00,0.0000,0.00,0.00,0.00,8.25,Google Ads,A1136,2026-09-07T07:48:42.882130
138,20241126,17,11,2612,0,0,202.23,0,0,0.00,0.0000,0.00,0.00,0.00,0.00,Google Ads,A1137,2026-09-07T07:48:42.882130
139,20241122,17,11,2612,0,0,237.68,0,0,1509.00,0.0000,0.00,0.00,0.00,6.35,Google Ads,A1138,2026-09-07T07:48:42.882130
140,20241101,12,11,2612,0,0,229.29,0,0,1434.00,0.0000,0.00,0.00,0.00,6.25,Google Ads,A1139,2026-09-07T07:48:42.882130
141,20241111,1,11,2612,0,0,249.29,0,0,1767.00,0.0000,0.00,0.00,0.00,7.09,Google Ads,A1140,2026-09-07T07:48:42.882130
142,20241116,2,11,2612,0,0,182.98,0,0,1048.00,0.0000,0.00,0.00,0.00,5.73,Google Ads,A1141,2026-09-07T07:48:42.882130
143,20241117,9,11,2612,0,0,0.00,0,0,1566.00,0.0000,0.00,0.00,0.00,0.00,Google Ads,A1142,2026-09-07T07:48:42.882130
144,20241123,4,11,2612,0,0,0.00,0,0,1753.00,0.0000,0.00,0.00,0.00,0.00,Google Ads,A1143,2026-09-07T07:48:42.882130
145,20241107,16,11,2612,0,0,188.02,0,0,1891.00,0.0000,0.00,0.00,0.00,10.06,Google Ads,A1144,2026-09-07T07:48:42.882130
146,20241122,4,11,2612,0,0,242.35,0,0,1599.00,0.0000,0.00,0.00,0.00,6.60,Google Ads,A1145,2026-09-07T07:48:42.882130
147,20241113,7,11,2612,0,0,192.01,0,0,1048.00,0.0000,0.00,0.00,0.00,5.46,Google Ads,A1146,2026-09-07T07:48:42.882130
148,20241114,15,11,2612,0,0,228.15,0,0,1874.00,0.0000,0.00,0.00,0.00,8.21,Google Ads,A1147,2026-09-07T07:48:42.882130
149,20241106,18,11,2612,0,0,221.67,0,0,1427.00,0.0000,0.00,0.00,0.00,6.44,Google Ads,A1148,2026-09-07T07:48:42.882130
150,20241101,10,11,2612,0,0,222.61,0,0,1814.00,0.0000,0.00,0.00,0.00,8.15,Google Ads,A1149,2026-09-07T07:48:42.882130
151,20241113,2,11,2612,0,0,184.51,0,0,1507.00,0.0000,0.00,0.00,0.00,8.17,Google Ads,A1150,2026-09-07T07:48:42.882130
152,20241105,12,11,2612,0,0,198.68,0,0,1041.00,0.0000,0.00,0.00,0.00,5.24,Google Ads,A1151,2026-09-07T07:48:42.882130
153,20241113,18,11,2612,0,0,0.00,0,0,1483.00,0.0000,0.00,0.00,0.00,0.00,Google Ads,A1152,2026-09-07T07:48:42.882130
154,20241114,7,11,2612,0,0,236.98,0,0,1143.00,0.0000,0.00,0.00,0.00,4.82,Google Ads,A1153,2026-09-07T07:48:42.882130
155,20241125,9,11,2612,0,0,210.74,0,0,1172.00,0.0000,0.00,0.00,0.00,5.56,Google Ads,A1154,2026-09-07T07:48:42.882130
156,20241115,8,11,2612,0,0,214.78,0,0,1898.00,0.0000,0.00,0.00,0.00,8.84,Google Ads,A1155,2026-09-07T07:48:42.882130
157,20241115,2,11,2612,0,0,183.96,0,0,1143.00,0.0000,0.00,0.00,0.00,6.21,Google Ads,A1156,2026-09-07T07:48:42.882130
158,20241122,9,11,2612,0,0,190.55,0,0,1640.00,0.0000,0.00,0.00,0.00,8.61,Google Ads,A1157,2026-09-07T07:48:42.882130
159,20241112,14,11,2612,0,0,244.82,0,0,1375.00,0.0000,0.00,0.00,0.00,5.62,Google Ads,A1158,2026-09-07T07:48:42.882130
160,20241107,5,11,2612,0,0,244.53,0,0,1602.00,0.0000,0.00,0.00,0.00,6.55,Google Ads,A1159,2026-09-07T07:48:42.882130
161,20241105,1,11,2612,0,0,245.87,0,0,0.00,0.0000,0.00,0.00,0.00,0.00,Google Ads,A1160,2026-09-07T07:48:42.882130
162,20241124,14,11,2612,0,0,191.38,0,0,1786.00,0.0000,0.00,0.00,0.00,9.33,Google Ads,A1161,2026-09-07T07:48:42.882130
163,20241104,18,11,2612,0,0,222.46,0,0,1219.00,0.0000,0.00,0.00,0.00,5.48,Google Ads,A1162,2026-09-07T07:48:42.882130
164,20241113,7,11,2612,0,0,208.96,0,0,1735.00,0.0000,0.00,0.00,0.00,8.30,Google Ads,A1163,2026-09-07T07:48:42.882130
165,20241113,3,11,2612,0,0,238.19,0,0,1384.00,0.0000,0.00,0.00,0.00,5.81,Google Ads,A1164,2026-09-07T07:48:42.882130
166,20241115,14,11,2612,0,0,247.24,0,0,1499.00,0.0000,0.00,0.00,0.00,6.06,Google Ads,A1165,2026-09-07T07:48:42.882130
167,20241103,5,11,2612,0,0,218.46,0,0,1567.00,0.0000,0.00,0.00,0.00,7.17,Google Ads,A1166,2026-09-07T07:48:42.882130
168,20241103,10,11,2612,0,0,0.00,0,0,1363.00,0.0000,0.00,0.00,0.00,0.00,Google Ads,A1167,2026-09-07T07:48:42.882130
169,20241120,11,11,2612,0,0,183.71,0,0,1137.00,0.0000,0.00,0.00,0.00,6.19,Google Ads,A1168,2026-09-07T07:48:42.882130
170,20241122,17,11,2612,0,0,238.08,0,0,1186.00,0.0000,0.00,0.00,0.00,4.98,Google Ads,A1169,2026-09-07T07:48:42.882130
171,20241109,17,11,2612,0,0,191.90,0,0,1748.00,0.0000,0.00,0.00,0.00,9.11,Google Ads,A1170,2026-09-07T07:48:42.882130
172,20241113,16,11,2612,0,0,0.00,0,0,1233.00,0.0000,0.00,0.00,0.00,0.00,Google Ads,A1171,2026-09-07T07:48:42.882130
173,20241123,13,11,2612,0,0,213.99,0,0,1796.00,0.0000,0.00,0.00,0.00,8.39,Google Ads,A1172,2026-09-07T07:48:42.882130
174,20241127,2,11,2612,0,0,240.63,0,0,1012.00,0.0000,0.00,0.00,0.00,4.21,Google Ads,A1173,2026-09-07T07:48:42.882130
175,20241110,4,11,2612,0,0,240.29,0,0,1682.00,0.0000,0.00,0.00,0.00,7.00,Google Ads,A1174,2026-09-07T07:48:42.882130
176,20241117,9,11,2612,0,0,204.97,0,0,1638.00,0.0000,0.00,0.00,0.00,7.99,Google Ads,A1175,2026-09-07T07:48:42.882130
177,20241120,17,11,2612,0,0,225.86,0,0,1961.00,0.0000,0.00,0.00,0.00,8.68,Google Ads,A1176,2026-09-07T07:48:42.882130
178,20241106,5,11,2612,0,0,185.26,0,0,1921.00,0.0000,0.00,0.00,0.00,10.37,Google Ads,A1177,2026-09-07T07:48:42.882130
179,20241120,8,11,2612,0,0,209.83,0,0,1694.00,0.0000,0.00,0.00,0.00,8.07,Google Ads,A1178,2026-09-07T07:48:42.882130
180,20241106,7,11,2612,0,0,213.50,0,0,0.00,0.0000,0.00,0.00,0.00,0.00,Google Ads,A1179,2026-09-07T07:48:42.882130
181,20241128,2,11,2612,0,0,193.14,0,0,1255.00,0.0000,0.00,0.00,0.00,6.50,Google Ads,A1180,2026-09-07T07:48:42.882130
182,20241120,14,11,2612,0,0,206.22,0,0,1825.00,0.0000,0.00,0.00,0.00,8.85,Google Ads,A1181,2026-09-07T07:48:42.882130
183,20241130,16,11,2612,0,0,183.58,0,0,1045.00,0.0000,0.00,0.00,0.00,5.69,Google Ads,A1182,2026-09-07T07:48:42.882130
184,20241106,16,11,2612,0,0,238.80,0,0,1248.00,0.0000,0.00,0.00,0.00,5.23,Google Ads,A1183,2026-09-07T07:48:42.882130
185,20241125,10,11,2612,0,0,203.69,0,0,1079.00,0.0000,0.00,0.00,0.00,5.30,Google Ads,A1184,2026-09-07T07:48:42.882130
186,20241129,13,11,2612,0,0,204.20,0,0,1456.00,0.0000,0.00,0.00,0.00,7.13,Google Ads,A1185,2026-09-07T07:48:42.882130
187,20241114,7,11,2612,0,0,220.64,0,0,1980.00,0.0000,0.00,0.00,0.00,8.97,Google Ads,A1186,2026-09-07T07:48:42.882130
188,20241125,11,11,2612,0,0,235.43,0,0,1684.00,0.0000,0.00,0.00,0.00,7.15,Google Ads,A1187,2026-09-07T07:48:42.882130
189,20241128,4,11,2612,0,0,182.13,0,0,1973.00,0.0000,0.00,0.00,0.00,10.83,Google Ads,A1188,2026-09-07T07:48:42.882130
190,20241110,2,11,2612,0,0,220.67,0,0,1531.00,0.0000,0.00,0.00,0.00,6.94,Google Ads,A1189,2026-09-07T07:48:42.882130
191,20241104,18,11,2612,0,0,218.07,0,0,1871.00,0.0000,0.00,0.00,0.00,8.58,Google Ads,A1190,2026-09-07T07:48:42.882130
192,20241118,10,11,2612,0,0,208.02,0,0,1652.00,0.0000,0.00,0.00,0.00,7.94,Google Ads,A1191,2026-09-07T07:48:42.882130
193,20241116,10,11,2612,0,0,230.60,0,0,1041.00,0.0000,0.00,0.00,0.00,4.51,Google Ads,A1192,2026-09-07T07:48:42.882130
194,20241122,15,11,2612,0,0,248.38,0,0,1835.00,0.0000,0.00,0.00,0.00,7.39,Google Ads,A1193,2026-09-07T07:48:42.882130
195,20241116,13,11,2612,0,0,238.12,0,0,1762.00,0.0000,0.00,0.00,0.00,7.40,Google Ads,A1194,2026-09-07T07:48:42.882130
196,20241104,17,11,2612,0,0,182.17,0,0,1413.00,0.0000,0.00,0.00,0.00,7.76,Google Ads,A1195,2026-09-07T07:48:42.882130
197,20241126,3,11,2612,0,0,200.52,0,0,1562.00,0.0000,0.00,0.00,0.00,7.79,Google Ads,A1196,2026-09-07T07:48:42.882130
198,20241120,5,11,2612,0,0,238.59,0,0,1620.00,0.0000,0.00,0.00,0.00,6.79,Google Ads,A1197,2026-09-07T07:48:42.882130
199,20241118,6,11,2612,0,0,208.20,0,0,1647.00,0.0000,0.00,0.00,0.00,7.91,Google Ads,A1198,2026-09-07T07:48:42.882130
200,20241115,12,11,2612,0,0,0.00,0,0,1445.00,0.0000,0.00,0.00,0.00,0.00,Google Ads,A1199,2026-09-07T07:48:42.882130
201,20241119,2,11,2612,0,0,247.38,0,0,1365.00,0.0000,0.00,0.00,0.00,5.52,Google Ads,A1200,2026-09-07T07:48:42.882130
202,20241107,15,11,2612,0,0,184.87,0,0,1718.00,0.0000,0.00,0.00,0.00,9.29,Google Ads,A1201,2026-09-07T07:48:42.882130
203,20241120,7,11,2612,0,0,236.38,0,0,1257.00,0.0000,0.00,0.00,0.00,5.32,Google Ads,A1202,2026-09-07T07:48:42.882130
204,20241108,2,11,2612,0,0,186.29,0,0,1731.00,0.0000,0.00,0.00,0.00,9.29,Google Ads,A1203,2026-09-07T07:48:42.882130
205,20241105,8,11,2612,0,0,203.75,0,0,1838.00,0.0000,0.00,0.00,0.00,9.02,Google Ads,A1204,2026-09-07T07:48:42.882130
206,20241130,18,11,2612,0,0,247.80,0,0,1363.00,0.0000,0.00,0.00,0.00,5.50,Google Ads,A1205,2026-09-07T07:48:42.882130
207,20241122,14,11,2612,0,0,219.67,0,0,1196.00,0.0000,0.00,0.00,0.00,5.44,Google Ads,A1206,2026-09-07T07:48:42.882130
208,20241107,1,11,2612,0,0,226.58,0,0,1348.00,0.0000,0.00,0.00,0.00,5.95,Google Ads,A1207,2026-09-07T07:48:42.882130
209,20241119,18,11,2612,0,0,223.55,0,0,1414.00,0.0000,0.00,0.00,0.00,6.33,Google Ads,A1208,2026-09-07T07:48:42.882130
210,20241116,17,11,2612,0,0,224.83,0,0,1668.00,0.0000,0.00,0.00,0.00,7.42,Google Ads,A1209,2026-09-07T07:48:42.882130
211,20241108,12,11,2612,0,0,199.98,0,0,1467.00,0.0000,0.00,0.00,0.00,7.34,Google Ads,A1210,2026-09-07T07:48:42.882130
212,20241110,12,11,2612,0,0,183.34,0,0,1483.00,0.0000,0.00,0.00,0.00,8.09,Google Ads,A1211,2026-09-07T07:48:42.882130
213,20241119,7,11,2612,0,0,0.00,0,0,1036.00,0.0000,0.00,0.00,0.00,0.00,Google Ads,A1212,2026-09-07T07:48:42.882130
214,20241111,4,11,2612,0,0,247.99,0,0,1455.00,0.0000,0.00,0.00,0.00,5.87,Google Ads,A1213,2026-09-07T07:48:42.882130
215,20241121,17,11,2612,0,0,237.85,0,0,1430.00,0.0000,0.00,0.00,0.00,6.01,Google Ads,A1214,2026-09-07T07:48:42.882130
216,20241106,18,11,2612,0,0,233.76,0,0,1998.00,0.0000,0.00,0.00,0.00,8.55,Google Ads,A1215,2026-09-07T07:48:42.882130
217,20241128,3,11,2612,0,0,0.00,0,0,1800.00,0.0000,0.00,0.00,0.00,0.00,Google Ads,A1216,2026-09-07T07:48:42.882130
218,20241124,15,11,2612,0,0,200.75,0,0,1234.00,0.0000,0.00,0.00,0.00,6.15,Google Ads,A1217,2026-09-07T07:48:42.882130
219,20241112,18,11,2612,0,0,249.61,0,0,1464.00,0.0000,0.00,0.00,0.00,5.87,Google Ads,A1218,2026-09-07T07:48:42.882130
220,20241102,1,11,2612,0,0,208.15,0,0,1297.00,0.0000,0.00,0.00,0.00,6.23,Google Ads,A1219,2026-09-07T07:48:42.882130
221,20241123,6,11,2612,0,0,224.94,0,0,1398.00,0.0000,0.00,0.00,0.00,6.21,Google Ads,A1220,2026-09-07T07:48:42.882130
222,20241102,5,11,2612,0,0,223.22,0,0,1766.00,0.0000,0.00,0.00,0.00,7.91,Google Ads,A1221,2026-09-07T07:48:42.882130
223,20241119,10,11,2612,0,0,186.73,0,0,1958.00,0.0000,0.00,0.00,0.00,10.49,Google Ads,A1222,2026-09-07T07:48:42.882130
224,20241115,7,11,2612,0,0,194.69,0,0,1496.00,0.0000,0.00,0.00,0.00,7.68,Google Ads,A1223,2026-09-07T07:48:42.882130
225,20241110,5,11,2612,0,0,202.45,0,0,1441.00,0.0000,0.00,0.00,0.00,7.12,Google Ads,A1224,2026-09-07T07:48:42.882130
226,20241126,13,11,2612,0,0,229.48,0,0,1137.00,0.0000,0.00,0.00,0.00,4.95,Google Ads,A1225,2026-09-07T07:48:42.882130
227,20241116,17,11,2612,0,0,213.74,0,0,1797.00,0.0000,0.00,0.00,0.00,8.41,Google Ads,A1226,2026-09-07T07:48:42.882130
228,20241101,4,11,2612,0,0,217.40,0,0,1678.00,0.0000,0.00,0.00,0.00,7.72,Google Ads,A1227,2026-09-07T07:48:42.882130
229,20241114,16,11,2612,0,0,188.10,0,0,1005.00,0.0000,0.00,0.00,0.00,5.34,Google Ads,A1228,2026-09-07T07:48:42.882130
230,20241106,4,11,2612,0,0,185.35,0,0,1662.00,0.0000,0.00,0.00,0.00,8.97,Google Ads,A1229,2026-09-07T07:48:42.882130
231,20241111,1,11,2612,0,0,201.70,0,0,1190.00,0.0000,0.00,0.00,0.00,5.90,Google Ads,A1230,2026-09-07T07:48:42.882130
232,20241124,2,11,2612,0,0,231.97,0,0,1886.00,0.0000,0.00,0.00,0.00,8.13,Google Ads,A1231,2026-09-07T07:48:42.882130
233,20241127,11,11,2612,0,0,234.17,0,0,1568.00,0.0000,0.00,0.00,0.00,6.70,Google Ads,A1232,2026-09-07T07:48:42.882130
234,20241113,16,11,2612,0,0,193.27,0,0,1366.00,0.0000,0.00,0.00,0.00,7.07,Google Ads,A1233,2026-09-07T07:48:42.882130
235,20241126,10,11,2612,0,0,187.62,0,0,1239.00,0.0000,0.00,0.00,0.00,6.60,Google Ads,A1234,2026-09-07T07:48:42.882130
236,20241102,11,11,2612,0,0,232.56,0,0,1526.00,0.0000,0.00,0.00,0.00,6.56,Google Ads,A1235,2026-09-07T07:48:42.882130
237,20241121,1,11,2612,0,0,181.05,0,0,1600.00,0.0000,0.00,0.00,0.00,8.84,Google Ads,A1236,2026-09-07T07:48:42.882130
238,20241113,16,11,2612,0,0,181.57,0,0,1564.00,0.0000,0.00,0.00,0.00,8.61,Google Ads,A1237,2026-09-07T07:48:42.882130
239,20241101,14,11,2612,0,0,238.23,0,0,1531.00,0.0000,0.00,0.00,0.00,6.43,Google Ads,A1238,2026-09-07T07:48:42.882130
240,20241118,10,11,2612,0,0,196.34,0,0,1614.00,0.0000,0.00,0.00,0.00,8.22,Google Ads,A1239,2026-09-07T07:48:42.882130
241,20241124,9,11,2612,0,0,197.53,0,0,1675.00,0.0000,0.00,0.00,0.00,8.48,Google Ads,A1240,2026-09-07T07:48:42.882130
242,20241115,5,11,2612,0,0,233.75,0,0,0.00,0.0000,0.00,0.00,0.00,0.00,Google Ads,A1241,2026-09-07T07:48:42.882130
243,20241123,16,11,2612,0,0,202.93,0,0,1551.00,0.0000,0.00,0.00,0.00,7.64,Google Ads,A1242,2026-09-07T07:48:42.882130
244,20241106,18,11,2612,0,0,248.41,0,0,1803.00,0.0000,0.00,0.00,0.00,7.26,Google Ads,A1243,2026-09-07T07:48:42.882130
245,20241112,4,11,2612,0,0,214.87,0,0,1571.00,0.0000,0.00,0.00,0.00,7.31,Google Ads,A1244,2026-09-07T07:48:42.882130
246,20241130,17,11,2612,0,0,196.71,0,0,1445.00,0.0000,0.00,0.00,0.00,7.35,Google Ads,A1245,2026-09-07T07:48:42.882130
247,20241107,15,11,2612,0,0,0.00,0,0,1920.00,0.0000,0.00,0.00,0.00,0.00,Google Ads,A1246,2026-09-07T07:48:42.882130
248,20241111,7,11,2612,0,0,236.74,0,0,1156.00,0.0000,0.00,0.00,0.00,4.88,Google Ads,A1247,2026-09-07T07:48:42.882130
249,20241122,18,11,2612,0,0,183.03,0,0,1636.00,0.0000,0.00,0.00,0.00,8.94,Google Ads,A1248,2026-09-07T07:48:42.882130
250,20241119,9,11,2612,0,0,191.40,0,0,1775.00,0.0000,0.00,0.00,0.00,9.27,Google Ads,A1249,2026-09-07T07:48:42.882130
251,20241102,10,11,2612,0,0,241.90,0,0,1897.00,0.0000,0.00,0.00,0.00,7.84,Google Ads,A1250,2026-09-07T07:48:42.882130
252,20241106,10,11,2612,0,0,236.96,0,0,1183.00,0.0000,0.00,0.00,0.00,4.99,Google Ads,A1251,2026-09-07T07:48:42.882130
253,20241124,13,11,2612,0,0,247.20,0,0,1005.00,0.0000,0.00,0.00,0.00,4.07,Google Ads,A1252,2026-09-07T07:48:42.882130
254,20241109,2,11,2612,0,0,241.00,0,0,1842.00,0.0000,0.00,0.00,0.00,7.64,Google Ads,A1253,2026-09-07T07:48:42.882130
255,20241122,18,11,2612,0,0,242.69,0,0,1550.00,0.0000,0.00,0.00,0.00,6.39,Google Ads,A1254,2026-09-07T07:48:42.882130
256,20241119,7,11,2612,0,0,231.50,0,0,1856.00,0.0000,0.00,0.00,0.00,8.02,Google Ads,A1255,2026-09-07T07:48:42.882130
257,20241115,2,11,2612,0,0,191.32,0,0,0.00,0.0000,0.00,0.00,0.00,0.00,Google Ads,A1256,2026-09-07T07:48:42.882130
258,20241114,4,11,2612,0,0,201.76,0,0,1393.00,0.0000,0.00,0.00,0.00,6.90,Google Ads,A1257,2026-09-07T07:48:42.882130
259,20241115,1,11,2612,0,0,219.68,0,0,1149.00,0.0000,0.00,0.00,0.00,5.23,Google Ads,A1258,2026-09-07T07:48:42.882130
260,20241103,16,11,2612,0,0,218.23,0,0,1015.00,0.0000,0.00,0.00,0.00,4.65,Google Ads,A1259,2026-09-07T07:48:42.882130
261,20241125,1,11,2612,0,0,186.79,0,0,1733.00,0.0000,0.00,0.00,0.00,9.28,Google Ads,A1260,2026-09-07T07:48:42.882130
262,20241128,17,11,2612,0,0,211.83,0,0,1719.00,0.0000,0.00,0.00,0.00,8.11,Google Ads,A1261,2026-09-07T07:48:42.882130
263,20241124,4,11,2612,0,0,225.89,0,0,1509.00,0.0000,0.00,0.00,0.00,6.68,Google Ads,A1262,2026-09-07T07:48:42.882130
264,20241105,18,11,2612,0,0,0.00,0,0,1223.00,0.0000,0.00,0.00,0.00,0.00,Google Ads,A1263,2026-09-07T07:48:42.882130
265,20241111,10,11,2612,0,0,234.92,0,0,1232.00,0.0000,0.00,0.00,0.00,5.24,Google Ads,A1264,2026-09-07T07:48:42.882130
266,20241117,5,11,2612,0,0,242.62,0,0,1303.00,0.0000,0.00,0.00,0.00,5.37,Google Ads,A1265,2026-09-07T07:48:42.882130
267,20241126,10,11,2612,0,0,201.81,0,0,1337.00,0.0000,0.00,0.00,0.00,6.63,Google Ads,A1266,2026-09-07T07:48:42.882130
268,20241105,6,11,2612,0,0,210.95,0,0,1376.00,0.0000,0.00,0.00,0.00,6.52,Google Ads,A1267,2026-09-07T07:48:42.882130
269,20241117,13,11,2612,0,0,212.05,0,0,1454.00,0.0000,0.00,0.00,0.00,6.86,Google Ads,A1268,2026-09-07T07:48:42.882130
270,20241109,10,11,2612,0,0,189.79,0,0,1510.00,0.0000,0.00,0.00,0.00,7.96,Google Ads,A1269,2026-09-07T07:48:42.882130
271,20241126,10,11,2612,0,0,204.63,0,0,1288.00,0.0000,0.00,0.00,0.00,6.29,Google Ads,A1270,2026-09-07T07:48:42.882130
272,20241112,16,11,2612,0,0,197.89,0,0,1110.00,0.0000,0.00,0.00,0.00,5.61,Google Ads,A1271,2026-09-07T07:48:42.882130
273,20241111,15,11,2612,0,0,207.14,0,0,1929.00,0.0000,0.00,0.00,0.00,9.31,Google Ads,A1272,2026-09-07T07:48:42.882130
274,20241121,4,11,2612,0,0,232.97,0,0,1476.00,0.0000,0.00,0.00,0.00,6.34,Google Ads,A1273,2026-09-07T07:48:42.882130
275,20241125,16,11,2612,0,0,193.60,0,0,1692.00,0.0000,0.00,0.00,0.00,8.74,Google Ads,A1274,2026-09-07T07:48:42.882130
276,20241114,15,11,2612,0,0,226.11,0,0,1342.00,0.0000,0.00,0.00,0.00,5.94,Google Ads,A1275,2026-09-07T07:48:42.882130
277,20241114,3,11,2612,0,0,233.54,0,0,1175.00,0.0000,0.00,0.00,0.00,5.03,Google Ads,A1276,2026-09-07T07:48:42.882130
278,20241125,9,11,2612,0,0,209.76,0,0,0.00,0.0000,0.00,0.00,0.00,0.00,Google Ads,A1277,2026-09-07T07:48:42.882130
279,20241122,12,11,2612,0,0,227.82,0,0,1250.00,0.0000,0.00,0.00,0.00,5.49,Google Ads,A1278,2026-09-07T07:48:42.882130
280,20241112,11,11,2612,0,0,193.49,0,0,1305.00,0.0000,0.00,0.00,0.00,6.74,Google Ads,A1279,2026-09-07T07:48:42.882130
281,20241122,14,11,2612,0,0,191.75,0,0,1062.00,0.0000,0.00,0.00,0.00,5.54,Google Ads,A1280,2026-09-07T07:48:42.882130
282,20241114,18,11,2612,0,0,242.16,0,0,1508.00,0.0000,0.00,0.00,0.00,6.23,Google Ads,A1281,2026-09-07T07:48:42.882130
283,20241101,12,11,2612,0,0,188.85,0,0,1875.00,0.0000,0.00,0.00,0.00,9.93,Google Ads,A1282,2026-09-07T07:48:42.882130
284,20241106,16,11,2612,0,0,241.58,0,0,1512.00,0.0000,0.00,0.00,0.00,6.26,Google Ads,A1283,2026-09-07T07:48:42.882130
285,20241101,5,11,2612,0,0,222.66,0,0,1964.00,0.0000,0.00,0.00,0.00,8.82,Google Ads,A1284,2026-09-07T07:48:42.882130
286,20241112,15,11,2612,0,0,226.10,0,0,1003.00,0.0000,0.00,0.00,0.00,4.44,Google Ads,A1285,2026-09-07T07:48:42.882130
287,20241106,12,11,2612,0,0,231.44,0,0,1126.00,0.0000,0.00,0.00,0.00,4.87,Google Ads,A1286,2026-09-07T07:48:42.882130
288,20241124,13,11,2612,0,0,187.09,0,0,1256.00,0.0000,0.00,0.00,0.00,6.71,Google Ads,A1287,2026-09-07T07:48:42.882130
289,20241102,8,11,2612,0,0,0.00,0,0,1286.00,0.0000,0.00,0.00,0.00,0.00,Google Ads,A1288,2026-09-07T07:48:42.882130
290,20241115,6,11,2612,0,0,227.46,0,0,1541.00,0.0000,0.00,0.00,0.00,6.77,Google Ads,A1289,2026-09-07T07:48:42.882130
291,20241102,5,11,2612,0,0,205.84,0,0,1866.00,0.0000,0.00,0.00,0.00,9.07,Google Ads,A1290,2026-09-07T07:48:42.882130
292,20241110,7,11,2612,0,0,211.16,0,0,1917.00,0.0000,0.00,0.00,0.00,9.08,Google Ads,A1291,2026-09-07T07:48:42.882130
293,20241104,10,11,2612,0,0,235.54,0,0,1215.00,0.0000,0.00,0.00,0.00,5.16,Google Ads,A1292,2026-09-07T07:48:42.882130
294,20241124,9,11,2612,0,0,236.56,0,0,1811.00,0.0000,0.00,0.00,0.00,7.66,Google Ads,A1293,2026-09-07T07:48:42.882130
295,20241119,8,11,2612,0,0,249.00,0,0,1245.00,0.0000,0.00,0.00,0.00,5.00,Google Ads,A1294,2026-09-07T07:48:42.882130
296,20241121,16,11,2612,0,0,211.76,0,0,1119.00,0.0000,0.00,0.00,0.00,5.28,Google Ads,A1295,2026-09-07T07:48:42.882130
297,20241110,8,11,2612,0,0,194.36,0,0,1633.00,0.0000,0.00,0.00,0.00,8.40,Google Ads,A1296,2026-09-07T07:48:42.882130
298,20241122,13,11,2612,0,0,229.82,0,0,1584.00,0.0000,0.00,0.00,0.00,6.89,Google Ads,A1297,2026-09-07T07:48:42.882130
299,20241127,9,11,2612,0,0,181.89,0,0,1560.00,0.0000,0.00,0.00,0.00,8.58,Google Ads,A1298,2026-09-07T07:48:42.882130
300,20241121,12,11,2612,0,0,245.97,0,0,1016.00,0.0000,0.00,0.00,0.00,4.13,Google Ads,A1299,2026-09-07T07:48:42.882130
301,20241130,11,11,2612,0,0,217.53,0,0,1371.00,0.0000,0.00,0.00,0.00,6.30,Google Ads,A1300,2026-09-07T07:48:42.882130
302,20241117,10,11,2612,0,0,216.70,0,0,1743.00,0.0000,0.00,0.00,0.00,8.04,Google Ads,A1301,2026-09-07T07:48:42.882130
303,20241128,5,11,2612,0,0,189.11,0,0,1333.00,0.0000,0.00,0.00,0.00,7.05,Google Ads,A1302,2026-09-07T07:48:42.882130
304,20241124,9,11,2612,0,0,245.85,0,0,1653.00,0.0000,0.00,0.00,0.00,6.72,Google Ads,A1303,2026-09-07T07:48:42.882130
305,20241120,3,11,2612,0,0,211.96,0,0,1394.00,0.0000,0.00,0.00,0.00,6.58,Google Ads,A1304,2026-09-07T07:48:42.882130
306,20241110,14,11,2612,0,0,219.21,0,0,1917.00,0.0000,0.00,0.00,0.00,8.75,Google Ads,A1305,2026-09-07T07:48:42.882130
307,20241111,12,11,2612,0,0,189.65,0,0,1951.00,0.0000,0.00,0.00,0.00,10.29,Google Ads,A1306,2026-09-07T07:48:42.882130
308,20241118,14,11,2612,0,0,245.57,0,0,1284.00,0.0000,0.00,0.00,0.00,5.23,Google Ads,A1307,2026-09-07T07:48:42.882130
309,20241102,11,11,2612,0,0,0.00,0,0,1748.00,0.0000,0.00,0.00,0.00,0.00,Google Ads,A1308,2026-09-07T07:48:42.882130
310,20241117,9,11,2612,0,0,186.41,0,0,1020.00,0.0000,0.00,0.00,0.00,5.47,Google Ads,A1309,2026-09-07T07:48:42.882130
311,20241107,7,11,2612,0,0,184.63,0,0,1087.00,0.0000,0.00,0.00,0.00,5.89,Google Ads,A1310,2026-09-07T07:48:42.882130
312,20241112,10,11,2612,0,0,224.99,0,0,1095.00,0.0000,0.00,0.00,0.00,4.87,Google Ads,A1311,2026-09-07T07:48:42.882130
313,20241130,15,11,2612,0,0,218.55,0,0,1234.00,0.0000,0.00,0.00,0.00,5.65,Google Ads,A1312,2026-09-07T07:48:42.882130
314,20241102,9,11,2612,0,0,220.29,0,0,1149.00,0.0000,0.00,0.00,0.00,5.22,Google Ads,A1313,2026-09-07T07:48:42.882130
315,20241122,10,11,2612,0,0,242.06,0,0,1617.00,0.0000,0.00,0.00,0.00,6.68,Google Ads,A1314,2026-09-07T07:48:42.882130
316,20241122,7,11,2612,0,0,204.74,0,0,1719.00,0.0000,0.00,0.00,0.00,8.40,Google Ads,A1315,2026-09-07T07:48:42.882130
317,20241109,16,11,2612,0,0,192.59,0,0,1169.00,0.0000,0.00,0.00,0.00,6.07,Google Ads,A1316,2026-09-07T07:48:42.882130
318,20241101,5,11,2612,0,0,242.00,0,0,1032.00,0.0000,0.00,0.00,0.00,4.26,Google Ads,A1317,2026-09-07T07:48:42.882130
319,20241117,13,11,2612,0,0,181.12,0,0,1806.00,0.0000,0.00,0.00,0.00,9.97,Google Ads,A1318,2026-09-07T07:48:42.882130
320,20241118,5,11,2612,0,0,226.84,0,0,1964.00,0.0000,0.00,0.00,0.00,8.66,Google Ads,A1319,2026-09-07T07:48:42.882130
321,20241101,1,11,2612,0,0,187.67,0,0,1769.00,0.0000,0.00,0.00,0.00,9.43,Google Ads,A1320,2026-09-07T07:48:42.882130
322,20241110,18,11,2612,0,0,246.30,0,0,1452.00,0.0000,0.00,0.00,0.00,5.90,Google Ads,A1321,2026-09-07T07:48:42.882130
323,20241106,5,11,2612,0,0,238.61,0,0,0.00,0.0000,0.00,0.00,0.00,0.00,Google Ads,A1322,2026-09-07T07:48:42.882130
324,20241105,12,11,2612,0,0,201.51,0,0,1617.00,0.0000,0.00,0.00,0.00,8.02,Google Ads,A1323,2026-09-07T07:48:42.882130
325,20241123,1,11,2612,0,0,239.47,0,0,1370.00,0.0000,0.00,0.00,0.00,5.72,Google Ads,A1324,2026-09-07T07:48:42.882130
326,20241107,10,11,2612,0,0,230.18,0,0,1393.00,0.0000,0.00,0.00,0.00,6.05,Google Ads,A1325,2026-09-07T07:48:42.882130
327,20241123,8,11,2612,0,0,199.30,0,0,1835.00,0.0000,0.00,0.00,0.00,9.21,Google Ads,A1326,2026-09-07T07:48:42.882130
328,20241107,13,11,2612,0,0,227.54,0,0,1367.00,0.0000,0.00,0.00,0.00,6.01,Google Ads,A1327,2026-09-07T07:48:42.882130
329,20241107,15,11,2612,0,0,0.00,0,0,1836.00,0.0000,0.00,0.00,0.00,0.00,Google Ads,A1328,2026-09-07T07:48:42.882130
330,20241130,2,11,2612,0,0,213.98,0,0,1130.00,0.0000,0.00,0.00,0.00,5.28,Google Ads,A1329,2026-09-07T07:48:42.882130
331,20241125,12,11,2612,0,0,194.89,0,0,1923.00,0.0000,0.00,0.00,0.00,9.87,Google Ads,A1330,2026-09-07T07:48:42.882130
332,20241130,14,11,2612,0,0,184.61,0,0,1324.00,0.0000,0.00,0.00,0.00,7.17,Google Ads,A1331,2026-09-07T07:48:42.882130
333,20241120,2,11,2612,0,0,218.33,0,0,1424.00,0.0000,0.00,0.00,0.00,6.52,Google Ads,A1332,2026-09-07T07:48:42.882130
334,20241112,10,11,2612,0,0,192.72,0,0,0.00,0.0000,0.00,0.00,0.00,0.00,Google Ads,A1333,2026-09-07T07:48:42.882130
335,20241113,3,11,2612,0,0,238.69,0,0,1447.00,0.0000,0.00,0.00,0.00,6.06,Google Ads,A1334,2026-09-07T07:48:42.882130
336,20241112,10,11,2612,0,0,184.29,0,0,1070.00,0.0000,0.00,0.00,0.00,5.81,Google Ads,A1335,2026-09-07T07:48:42.882130
337,20241112,13,11,2612,0,0,207.34,0,0,1689.00,0.0000,0.00,0.00,0.00,8.15,Google Ads,A1336,2026-09-07T07:48:42.882130
338,20241130,14,11,2612,0,0,198.69,0,0,1044.00,0.0000,0.00,0.00,0.00,5.25,Google Ads,A1337,2026-09-07T07:48:42.882130
339,20241114,17,11,2612,0,0,203.78,0,0,1654.00,0.0000,0.00,0.00,0.00,8.12,Google Ads,A1338,2026-09-07T07:48:42.882130
340,20241105,14,11,2612,0,0,245.69,0,0,1947.00,0.0000,0.00,0.00,0.00,7.92,Google Ads,A1339,2026-09-07T07:48:42.882130
341,20241113,2,11,2612,0,0,239.52,0,0,0.00,0.0000,0.00,0.00,0.00,0.00,Google Ads,A1340,2026-09-07T07:48:42.882130
342,20241123,2,11,2612,0,0,186.68,0,0,1071.00,0.0000,0.00,0.00,0.00,5.74,Google Ads,A1341,2026-09-07T07:48:42.882130
343,20241120,17,11,2612,0,0,182.66,0,0,1292.00,0.0000,0.00,0.00,0.00,7.07,Google Ads,A1342,2026-09-07T07:48:42.882130
344,20241125,15,11,2612,0,0,243.33,0,0,1456.00,0.0000,0.00,0.00,0.00,5.98,Google Ads,A1343,2026-09-07T07:48:42.882130
345,20241126,8,11,2612,0,0,198.11,0,0,1308.00,0.0000,0.00,0.00,0.00,6.60,Google Ads,A1344,2026-09-07T07:48:42.882130
346,20241102,18,11,2612,0,0,239.26,0,0,1506.00,0.0000,0.00,0.00,0.00,6.29,Google Ads,A1345,2026-09-07T07:48:42.882130
347,20241101,12,11,2612,0,0,208.86,0,0,1106.00,0.0000,0.00,0.00,0.00,5.30,Google Ads,A1346,2026-09-07T07:48:42.882130
348,20241129,18,11,2612,0,0,224.65,0,0,1218.00,0.0000,0.00,0.00,0.00,5.42,Google Ads,A1347,2026-09-07T07:48:42.882130
349,20241110,10,11,2612,0,0,212.02,0,0,1949.00,0.0000,0.00,0.00,0.00,9.19,Google Ads,A1348,2026-09-07T07:48:42.882130
350,20241114,18,11,2612,0,0,224.90,0,0,1631.00,0.0000,0.00,0.00,0.00,7.25,Google Ads,A1349,2026-09-07T07:48:42.882130
351,20241115,9,11,2612,0,0,208.47,0,0,1853.00,0.0000,0.00,0.00,0.00,8.89,Google Ads,A1350,2026-09-07T07:48:42.882130
352,20241102,9,11,2612,0,0,194.55,0,0,1580.00,0.0000,0.00,0.00,0.00,8.12,Google Ads,A1351,2026-09-07T07:48:42.882130
353,20241117,12,11,2612,0,0,209.01,0,0,1823.00,0.0000,0.00,0.00,0.00,8.72,Google Ads,A1352,2026-09-07T07:48:42.882130
354,20241113,3,11,2612,0,0,244.12,0,0,0.00,0.0000,0.00,0.00,0.00,0.00,Google Ads,A1353,2026-09-07T07:48:42.882130
355,20241122,14,11,2612,0,0,227.67,0,0,1019.00,0.0000,0.00,0.00,0.00,4.48,Google Ads,A1354,2026-09-07T07:48:42.882130
356,20241125,17,11,2612,0,0,190.31,0,0,1403.00,0.0000,0.00,0.00,0.00,7.37,Google Ads,A1355,2026-09-07T07:48:42.882130
357,20241123,17,11,2612,0,0,223.48,0,0,1138.00,0.0000,0.00,0.00,0.00,5.09,Google Ads,A1356,2026-09-07T07:48:42.882130
358,20241111,14,11,2612,0,0,221.80,0,0,1538.00,0.0000,0.00,0.00,0.00,6.93,Google Ads,A1357,2026-09-07T07:48:42.882130
359,20241112,11,11,2612,0,0,207.50,0,0,1011.00,0.0000,0.00,0.00,0.00,4.87,Google Ads,A1358,2026-09-07T07:48:42.882130
360,20241114,1,11,2612,0,0,235.44,0,0,1946.00,0.0000,0.00,0.00,0.00,8.27,Google Ads,A1359,2026-09-07T07:48:42.882130
361,20241123,4,11,2612,0,0,184.51,0,0,1375.00,0.0000,0.00,0.00,0.00,7.45,Google Ads,A1360,2026-09-07T07:48:42.882130
362,20241102,11,11,2612,0,0,243.83,0,0,1941.00,0.0000,0.00,0.00,0.00,7.96,Google Ads,A1361,2026-09-07T07:48:42.882130
363,20241120,5,11,2612,0,0,201.29,0,0,0.00,0.0000,0.00,0.00,0.00,0.00,Google Ads,A1362,2026-09-07T07:48:42.882130
364,20241120,17,11,2612,0,0,198.32,0,0,1553.00,0.0000,0.00,0.00,0.00,7.83,Google Ads,A1363,2026-09-07T07:48:42.882130
365,20241105,6,11,2612,0,0,248.10,0,0,1999.00,0.0000,0.00,0.00,0.00,8.06,Google Ads,A1364,2026-09-07T07:48:42.882130
366,20241118,17,11,2612,0,0,193.79,0,0,1860.00,0.0000,0.00,0.00,0.00,9.60,Google Ads,A1365,2026-09-07T07:48:42.882130
367,20241124,9,11,2612,0,0,211.39,0,0,1031.00,0.0000,0.00,0.00,0.00,4.88,Google Ads,A1366,2026-09-07T07:48:42.882130
368,20241123,6,11,2612,0,0,213.45,0,0,1890.00,0.0000,0.00,0.00,0.00,8.85,Google Ads,A1367,2026-09-07T07:48:42.882130
369,20241118,8,11,2612,0,0,200.04,0,0,1050.00,0.0000,0.00,0.00,0.00,5.25,Google Ads,A1368,2026-09-07T07:48:42.882130
370,20241122,5,11,2612,0,0,243.83,0,0,1862.00,0.0000,0.00,0.00,0.00,7.64,Google Ads,A1369,2026-09-07T07:48:42.882130
371,20241108,4,11,2612,0,0,235.44,0,0,1839.00,0.0000,0.00,0.00,0.00,7.81,Google Ads,A1370,2026-09-07T07:48:42.882130
372,20241101,18,11,2612,0,0,210.31,0,0,1269.00,0.0000,0.00,0.00,0.00,6.03,Google Ads,A1371,2026-09-07T07:48:42.882130
373,20241118,1,11,2612,0,0,190.25,0,0,1446.00,0.0000,0.00,0.00,0.00,7.60,Google Ads,A1372,2026-09-07T07:48:42.882130
374,20241114,1,11,2612,0,0,237.89,0,0,1368.00,0.0000,0.00,0.00,0.00,5.75,Google Ads,A1373,2026-09-07T07:48:42.882130
375,20241102,6,11,2612,0,0,200.91,0,0,1775.00,0.0000,0.00,0.00,0.00,8.83,Google Ads,A1374,2026-09-07T07:48:42.882130
376,20241111,7,11,2612,0,0,240.35,0,0,1373.00,0.0000,0.00,0.00,0.00,5.71,Google Ads,A1375,2026-09-07T07:48:42.882130
377,20241118,11,11,2612,0,0,230.32,0,0,1478.00,0.0000,0.00,0.00,0.00,6.42,Google Ads,A1376,2026-09-07T07:48:42.882130
378,20241104,15,11,2612,0,0,188.98,0,0,1989.00,0.0000,0.00,0.00,0.00,10.52,Google Ads,A1377,2026-09-07T07:48:42.882130
379,20241108,11,11,2612,0,0,180.06,0,0,1462.00,0.0000,0.00,0.00,0.00,8.12,Google Ads,A1378,2026-09-07T07:48:42.882130
380,20241102,15,11,2612,0,0,236.57,0,0,1141.00,0.0000,0.00,0.00,0.00,4.82,Google Ads,A1379,2026-09-07T07:48:42.882130
381,20241115,7,11,2612,0,0,218.81,0,0,1049.00,0.0000,0.00,0.00,0.00,4.79,Google Ads,A1380,2026-09-07T07:48:42.882130
382,20241128,8,11,2612,0,0,227.70,0,0,1063.00,0.0000,0.00,0.00,0.00,4.67,Google Ads,A1381,2026-09-07T07:48:42.882130
383,20241116,18,11,2612,0,0,202.08,0,0,1647.00,0.0000,0.00,0.00,0.00,8.15,Google Ads,A1382,2026-09-07T07:48:42.882130
384,20241124,16,11,2612,0,0,235.10,0,0,1738.00,0.0000,0.00,0.00,0.00,7.39,Google Ads,A1383,2026-09-07T07:48:42.882130
385,20241104,11,11,2612,0,0,249.60,0,0,1571.00,0.0000,0.00,0.00,0.00,6.29,Google Ads,A1384,2026-09-07T07:48:42.882130
386,20241126,11,11,2612,0,0,231.81,0,0,1462.00,0.0000,0.00,0.00,0.00,6.31,Google Ads,A1385,2026-09-07T07:48:42.882130
387,20241119,8,11,2612,0,0,205.95,0,0,1374.00,0.0000,0.00,0.00,0.00,6.67,Google Ads,A1386,2026-09-07T07:48:42.882130
388,20241119,8,11,2612,0,0,219.95,0,0,1493.00,0.0000,0.00,0.00,0.00,6.79,Google Ads,A1387,2026-09-07T07:48:42.882130
389,20241130,7,11,2612,0,0,201.04,0,0,1352.00,0.0000,0.00,0.00,0.00,6.73,Google Ads,A1388,2026-09-07T07:48:42.882130
390,20241113,5,11,2612,0,0,199.70,0,0,1090.00,0.0000,0.00,0.00,0.00,5.46,Google Ads,A1389,2026-09-07T07:48:42.882130
391,20241108,13,11,2612,0,0,221.61,0,0,1396.00,0.0000,0.00,0.00,0.00,6.30,Google Ads,A1390,2026-09-07T07:48:42.882130
392,20241123,7,11,2612,0,0,189.07,0,0,1430.00,0.0000,0.00,0.00,0.00,7.56,Google Ads,A1391,2026-09-07T07:48:42.882130
393,20241122,16,11,2612,0,0,218.45,0,0,1650.00,0.0000,0.00,0.00,0.00,7.55,Google Ads,A1392,2026-09-07T07:48:42.882130
394,20241103,5,11,2612,0,0,0.00,0,0,1053.00,0.0000,0.00,0.00,0.00,0.00,Google Ads,A1393,2026-09-07T07:48:42.882130
395,20241117,5,11,2612,0,0,241.30,0,0,0.00,0.0000,0.00,0.00,0.00,0.00,Google Ads,A1394,2026-09-07T07:48:42.882130
396,20241130,18,11,2612,0,0,196.45,0,0,1518.00,0.0000,0.00,0.00,0.00,7.73,Google Ads,A1395,2026-09-07T07:48:42.882130
397,20241106,17,11,2612,0,0,214.64,0,0,1500.00,0.0000,0.00,0.00,0.00,6.99,Google Ads,A1396,2026-09-07T07:48:42.882130
398,20241106,9,11,2612,0,0,183.25,0,0,0.00,0.0000,0.00,0.00,0.00,0.00,Google Ads,A1397,2026-09-07T07:48:42.882130
399,20241112,15,11,2612,0,0,206.46,0,0,1103.00,0.0000,0.00,0.00,0.00,5.34,Google Ads,A1398,2026-09-07T07:48:42.882130
400,20241127,5,11,2612,0,0,0.00,0,0,1182.00,0.0000,0.00,0.00,0.00,0.00,Google Ads,A1399,2026-09-07T07:48:42.882130
401,20241111,10,11,2612,0,0,225.23,0,0,1193.00,0.0000,0.00,0.00,0.00,5.30,Google Ads,A1400,2026-09-07T07:48:42.882130
402,20241125,13,11,2612,0,0,218.69,0,0,1474.00,0.0000,0.00,0.00,0.00,6.74,Google Ads,A1401,2026-09-07T07:48:42.882130
403,20241123,9,11,2612,0,0,236.66,0,0,1154.00,0.0000,0.00,0.00,0.00,4.88,Google Ads,A1402,2026-09-07T07:48:42.882130
404,20241121,11,11,2612,0,0,232.15,0,0,1726.00,0.0000,0.00,0.00,0.00,7.43,Google Ads,A1403,2026-09-07T07:48:42.882130
405,20241120,16,11,2612,0,0,184.96,0,0,1045.00,0.0000,0.00,0.00,0.00,5.65,Google Ads,A1404,2026-09-07T07:48:42.882130
406,20241109,10,11,2612,0,0,199.43,0,0,1085.00,0.0000,0.00,0.00,0.00,5.44,Google Ads,A1405,2026-09-07T07:48:42.882130
407,20241117,2,11,2612,0,0,238.75,0,0,1822.00,0.0000,0.00,0.00,0.00,7.63,Google Ads,A1406,2026-09-07T07:48:42.882130
408,20241108,14,11,2612,0,0,211.09,0,0,1706.00,0.0000,0.00,0.00,0.00,8.08,Google Ads,A1407,2026-09-07T07:48:42.882130
409,20241118,4,11,2612,0,0,247.94,0,0,1876.00,0.0000,0.00,0.00,0.00,7.57,Google Ads,A1408,2026-09-07T07:48:42.882130
410,20241120,14,11,2612,0,0,223.77,0,0,1066.00,0.0000,0.00,0.00,0.00,4.76,Google Ads,A1409,2026-09-07T07:48:42.882130
411,20241116,2,11,2612,0,0,214.57,0,0,1539.00,0.0000,0.00,0.00,0.00,7.17,Google Ads,A1410,2026-09-07T07:48:42.882130
412,20241123,7,11,2612,0,0,184.84,0,0,1773.00,0.0000,0.00,0.00,0.00,9.59,Google Ads,A1411,2026-09-07T07:48:42.882130
413,20241124,17,11,2612,0,0,212.38,0,0,1294.00,0.0000,0.00,0.00,0.00,6.09,Google Ads,A1412,2026-09-07T07:48:42.882130
414,20241114,15,11,2612,0,0,223.17,0,0,1940.00,0.0000,0.00,0.00,0.00,8.69,Google Ads,A1413,2026-09-07T07:48:42.882130
415,20241126,18,11,2612,0,0,0.00,0,0,1502.00,0.0000,0.00,0.00,0.00,0.00,Google Ads,A1414,2026-09-07T07:48:42.882130
416,20241124,6,11,2612,0,0,201.44,0,0,1598.00,0.0000,0.00,0.00,0.00,7.93,Google Ads,A1415,2026-09-07T07:48:42.882130
417,20241119,11,11,2612,0,0,229.44,0,0,0.00,0.0000,0.00,0.00,0.00,0.00,Google Ads,A1416,2026-09-07T07:48:42.882130
418,20241119,9,11,2612,0,0,241.68,0,0,1138.00,0.0000,0.00,0.00,0.00,4.71,Google Ads,A1417,2026-09-07T07:48:42.882130
419,20241129,8,11,2612,0,0,232.20,0,0,1066.00,0.0000,0.00,0.00,0.00,4.59,Google Ads,A1418,2026-09-07T07:48:42.882130
420,20241111,12,11,2612,0,0,246.72,0,0,1055.00,0.0000,0.00,0.00,0.00,4.28,Google Ads,A1419,2026-09-07T07:48:42.882130
421,20241125,4,11,2612,0,0,247.24,0,0,1933.00,0.0000,0.00,0.00,0.00,7.82,Google Ads,A1420,2026-09-07T07:48:42.882130
422,20241128,17,11,2612,0,0,218.42,0,0,1070.00,0.0000,0.00,0.00,0.00,4.90,Google Ads,A1421,2026-09-07T07:48:42.882130
423,20241119,5,11,2612,0,0,226.66,0,0,1047.00,0.0000,0.00,0.00,0.00,4.62,Google Ads,A1422,2026-09-07T07:48:42.882130
424,20241122,6,11,2612,0,0,197.54,0,0,1926.00,0.0000,0.00,0.00,0.00,9.75,Google Ads,A1423,2026-09-07T07:48:42.882130
425,20241121,5,11,2612,0,0,194.25,0,0,1350.00,0.0000,0.00,0.00,0.00,6.95,Google Ads,A1424,2026-09-07T07:48:42.882130
426,20241112,12,11,2612,0,0,220.76,0,0,1698.00,0.0000,0.00,0.00,0.00,7.69,Google Ads,A1425,2026-09-07T07:48:42.882130
427,20241120,14,11,2612,0,0,204.07,0,0,1016.00,0.0000,0.00,0.00,0.00,4.98,Google Ads,A1426,2026-09-07T07:48:42.882130
428,20241119,13,11,2612,0,0,184.80,0,0,1818.00,0.0000,0.00,0.00,0.00,9.84,Google Ads,A1427,2026-09-07T07:48:42.882130
429,20241130,17,11,2612,0,0,224.41,0,0,1491.00,0.0000,0.00,0.00,0.00,6.64,Google Ads,A1428,2026-09-07T07:48:42.882130
430,20241109,12,11,2612,0,0,249.20,0,0,1044.00,0.0000,0.00,0.00,0.00,4.19,Google Ads,A1429,2026-09-07T07:48:42.882130
431,20241120,6,11,2612,0,0,207.86,0,0,1073.00,0.0000,0.00,0.00,0.00,5.16,Google Ads,A1430,2026-09-07T07:48:42.882130
432,20241116,15,11,2612,0,0,242.56,0,0,1872.00,0.0000,0.00,0.00,0.00,7.72,Google Ads,A1431,2026-09-07T07:48:42.882130
433,20241103,8,11,2612,0,0,212.49,0,0,1888.00,0.0000,0.00,0.00,0.00,8.89,Google Ads,A1432,2026-09-07T07:48:42.882130
434,20241123,16,11,2612,0,0,202.65,0,0,1767.00,0.0000,0.00,0.00,0.00,8.72,Google Ads,A1433,2026-09-07T07:48:42.882130
435,20241112,15,11,2612,0,0,209.78,0,0,1834.00,0.0000,0.00,0.00,0.00,8.74,Google Ads,A1434,2026-09-07T07:48:42.882130
436,20241122,7,11,2612,0,0,233.52,0,0,1760.00,0.0000,0.00,0.00,0.00,7.54,Google Ads,A1435,2026-09-07T07:48:42.882130
437,20241122,8,11,2612,0,0,197.65,0,0,1743.00,0.0000,0.00,0.00,0.00,8.82,Google Ads,A1436,2026-09-07T07:48:42.882130
438,20241109,14,11,2612,0,0,218.67,0,0,1390.00,0.0000,0.00,0.00,0.00,6.36,Google Ads,A1437,2026-09-07T07:48:42.882130
439,20241124,15,11,2612,0,0,233.27,0,0,1238.00,0.0000,0.00,0.00,0.00,5.31,Google Ads,A1438,2026-09-07T07:48:42.882130
440,20241102,1,11,2612,0,0,180.72,0,0,1185.00,0.0000,0.00,0.00,0.00,6.56,Google Ads,A1439,2026-09-07T07:48:42.882130
441,20241102,18,11,2612,0,0,191.84,0,0,1961.00,0.0000,0.00,0.00,0.00,10.22,Google Ads,A1440,2026-09-07T07:48:42.882130
442,20241105,7,11,2612,0,0,186.26,0,0,1048.00,0.0000,0.00,0.00,0.00,5.63,Google Ads,A1441,2026-09-07T07:48:42.882130
443,20241125,10,11,2612,0,0,186.07,0,0,1053.00,0.0000,0.00,0.00,0.00,5.66,Google Ads,A1442,2026-09-07T07:48:42.882130
444,20241119,13,11,2612,0,0,239.69,0,0,1493.00,0.0000,0.00,0.00,0.00,6.23,Google Ads,A1443,2026-09-07T07:48:42.882130
445,20241103,10,11,2612,0,0,199.66,0,0,1059.00,0.0000,0.00,0.00,0.00,5.30,Google Ads,A1444,2026-09-07T07:48:42.882130
446,20241116,9,11,2612,0,0,211.85,0,0,1309.00,0.0000,0.00,0.00,0.00,6.18,Google Ads,A1445,2026-09-07T07:48:42.882130
447,20241117,16,11,2612,0,0,236.03,0,0,1220.00,0.0000,0.00,0.00,0.00,5.17,Google Ads,A1446,2026-09-07T07:48:42.882130
448,20241126,8,11,2612,0,0,229.71,0,0,1467.00,0.0000,0.00,0.00,0.00,6.39,Google Ads,A1447,2026-09-07T07:48:42.882130
449,20241104,3,11,2612,0,0,239.31,0,0,1536.00,0.0000,0.00,0.00,0.00,6.42,Google Ads,A1448,2026-09-07T07:48:42.882130
450,20241114,11,11,2612,0,0,209.80,0,0,1296.00,0.0000,0.00,0.00,0.00,6.18,Google Ads,A1449,2026-09-07T07:48:42.882130
451,20241115,1,11,2612,0,0,245.32,0,0,1904.00,0.0000,0.00,0.00,0.00,7.76,Google Ads,A1450,2026-09-07T07:48:42.882130
452,20241121,10,11,2612,0,0,211.88,0,0,0.00,0.0000,0.00,0.00,0.00,0.00,Google Ads,A1451,2026-09-07T07:48:42.882130
453,20241110,16,11,2612,0,0,206.91,0,0,1009.00,0.0000,0.00,0.00,0.00,4.88,Google Ads,A1452,2026-09-07T07:48:42.882130
454,20241120,4,11,2612,0,0,207.05,0,0,1421.00,0.0000,0.00,0.00,0.00,6.86,Google Ads,A1453,2026-09-07T07:48:42.882130
455,20241107,2,11,2612,0,0,242.18,0,0,1080.00,0.0000,0.00,0.00,0.00,4.46,Google Ads,A1454,2026-09-07T07:48:42.882130
456,20241105,8,11,2612,0,0,249.33,0,0,1879.00,0.0000,0.00,0.00,0.00,7.54,Google Ads,A1455,2026-09-07T07:48:42.882130
457,20241118,9,11,2612,0,0,201.30,0,0,1080.00,0.0000,0.00,0.00,0.00,5.37,Google Ads,A1456,2026-09-07T07:48:42.882130
458,20241127,9,11,2612,0,0,234.72,0,0,1046.00,0.0000,0.00,0.00,0.00,4.46,Google Ads,A1457,2026-09-07T07:48:42.882130
459,20241107,16,11,2612,0,0,206.59,0,0,1042.00,0.0000,0.00,0.00,0.00,5.04,Google Ads,A1458,2026-09-07T07:48:42.882130
460,20241125,10,11,2612,0,0,183.28,0,0,1571.00,0.0000,0.00,0.00,0.00,8.57,Google Ads,A1459,2026-09-07T07:48:42.882130
461,20241127,14,11,2612,0,0,246.09,0,0,1910.00,0.0000,0.00,0.00,0.00,7.76,Google Ads,A1460,2026-09-07T07:48:42.882130
462,20241128,2,11,2612,0,0,213.50,0,0,1754.00,0.0000,0.00,0.00,0.00,8.22,Google Ads,A1461,2026-09-07T07:48:42.882130
463,20241114,8,11,2612,0,0,237.62,0,0,1719.00,0.0000,0.00,0.00,0.00,7.23,Google Ads,A1462,2026-09-07T07:48:42.882130
464,20241130,12,11,2612,0,0,223.13,0,0,1544.00,0.0000,0.00,0.00,0.00,6.92,Google Ads,A1463,2026-09-07T07:48:42.882130
465,20241101,11,11,2612,0,0,202.76,0,0,1577.00,0.0000,0.00,0.00,0.00,7.78,Google Ads,A1464,2026-09-07T07:48:42.882130
466,20241122,12,11,2612,0,0,194.92,0,0,0.00,0.0000,0.00,0.00,0.00,0.00,Google Ads,A1465,2026-09-07T07:48:42.882130
467,20241118,8,11,2612,0,0,206.74,0,0,1815.00,0.0000,0.00,0.00,0.00,8.78,Google Ads,A1466,2026-09-07T07:48:42.882130
468,20241109,17,11,2612,0,0,188.98,0,0,0.00,0.0000,0.00,0.00,0.00,0.00,Google Ads,A1467,2026-09-07T07:48:42.882130
469,20241105,18,11,2612,0,0,208.33,0,0,1932.00,0.0000,0.00,0.00,0.00,9.27,Google Ads,A1468,2026-09-07T07:48:42.882130
470,20241112,6,11,2612,0,0,210.53,0,0,1532.00,0.0000,0.00,0.00,0.00,7.28,Google Ads,A1469,2026-09-07T07:48:42.882130
471,20241122,13,11,2612,0,0,212.84,0,0,1125.00,0.0000,0.00,0.00,0.00,5.29,Google Ads,A1470,2026-09-07T07:48:42.882130
472,20241130,1,11,2612,0,0,229.97,0,0,2000.00,0.0000,0.00,0.00,0.00,8.70,Google Ads,A1471,2026-09-07T07:48:42.882130
473,20241119,10,11,2612,0,0,191.89,0,0,1735.00,0.0000,0.00,0.00,0.00,9.04,Google Ads,A1472,2026-09-07T07:48:42.882130
474,20241109,4,11,2612,0,0,183.26,0,0,1430.00,0.0000,0.00,0.00,0.00,7.80,Google Ads,A1473,2026-09-07T07:48:42.882130
475,20241129,11,11,2612,0,0,211.40,0,0,1247.00,0.0000,0.00,0.00,0.00,5.90,Google Ads,A1474,2026-09-07T07:48:42.882130
476,20241116,5,11,2612,0,0,224.69,0,0,1580.00,0.0000,0.00,0.00,0.00,7.03,Google Ads,A1475,2026-09-07T07:48:42.882130
477,20241124,7,11,2612,0,0,188.82,0,0,1837.00,0.0000,0.00,0.00,0.00,9.73,Google Ads,A1476,2026-09-07T07:48:42.882130
478,20241126,12,11,2612,0,0,224.58,0,0,1565.00,0.0000,0.00,0.00,0.00,6.97,Google Ads,A1477,2026-09-07T07:48:42.882130
479,20241116,15,11,2612,0,0,232.48,0,0,1888.00,0.0000,0.00,0.00,0.00,8.12,Google Ads,A1478,2026-09-07T07:48:42.882130
480,20241124,2,11,2612,0,0,180.72,0,0,1627.00,0.0000,0.00,0.00,0.00,9.00,Google Ads,A1479,2026-09-07T07:48:42.882130
481,20241118,11,11,2612,0,0,214.46,0,0,1589.00,0.0000,0.00,0.00,0.00,7.41,Google Ads,A1480,2026-09-07T07:48:42.882130
482,20241122,15,11,2612,0,0,181.22,0,0,1270.00,0.0000,0.00,0.00,0.00,7.01,Google Ads,A1481,2026-09-07T07:48:42.882130
483,20241124,6,11,2612,0,0,246.09,0,0,1592.00,0.0000,0.00,0.00,0.00,6.47,Google Ads,A1482,2026-09-07T07:48:42.882130
484,20241118,7,11,2612,0,0,218.37,0,0,1268.00,0.0000,0.00,0.00,0.00,5.81,Google Ads,A1483,2026-09-07T07:48:42.882130
485,20241113,14,11,2612,0,0,243.78,0,0,1770.00,0.0000,0.00,0.00,0.00,7.26,Google Ads,A1484,2026-09-07T07:48:42.882130
486,20241120,2,11,2612,0,0,236.86,0,0,1617.00,0.0000,0.00,0.00,0.00,6.83,Google Ads,A1485,2026-09-07T07:48:42.882130
487,20241101,7,11,2612,0,0,185.09,0,0,1000.00,0.0000,0.00,0.00,0.00,5.40,Google Ads,A1486,2026-09-07T07:48:42.882130
488,20241125,12,11,2612,0,0,223.29,0,0,1538.00,0.0000,0.00,0.00,0.00,6.89,Google Ads,A1487,2026-09-07T07:48:42.882130
489,20241104,1,11,2612,0,0,241.38,0,0,1910.00,0.0000,0.00,0.00,0.00,7.91,Google Ads,A1488,2026-09-07T07:48:42.882130
490,20241102,18,11,2612,0,0,221.64,0,0,1006.00,0.0000,0.00,0.00,0.00,4.54,Google Ads,A1489,2026-09-07T07:48:42.882130
491,20241101,14,11,2612,0,0,200.40,0,0,1882.00,0.0000,0.00,0.00,0.00,9.39,Google Ads,A1490,2026-09-07T07:48:42.882130
492,20241105,3,11,2612,0,0,210.70,0,0,1146.00,0.0000,0.00,0.00,0.00,5.44,Google Ads,A1491,2026-09-07T07:48:42.882130
493,20241127,15,11,2612,0,0,200.88,0,0,1125.00,0.0000,0.00,0.00,0.00,5.60,Google Ads,A1492,2026-09-07T07:48:42.882130
494,20241128,13,11,2612,0,0,232.94,0,0,1421.00,0.0000,0.00,0.00,0.00,6.10,Google Ads,A1493,2026-09-07T07:48:42.882130
495,20241115,10,11,2612,0,0,228.13,0,0,1680.00,0.0000,0.00,0.00,0.00,7.36,Google Ads,A1494,2026-09-07T07:48:42.882130
496,20241123,1,11,2612,0,0,0.00,0,0,1208.00,0.0000,0.00,0.00,0.00,0.00,Google Ads,A1495,2026-09-07T07:48:42.882130
497,20241114,2,11,2612,0,0,247.84,0,0,1127.00,0.0000,0.00,0.00,0.00,4.55,Google Ads,A1496,2026-09-07T07:48:42.882130
498,20241109,10,11,2612,0,0,239.29,0,0,1497.00,0.0000,0.00,0.00,0.00,6.26,Google Ads,A1497,2026-09-07T07:48:42.882130
499,20241121,17,11,2612,0,0,201.73,0,0,1906.00,0.0000,0.00,0.00,0.00,9.45,Google Ads,A1498,2026-09-07T07:48:42.882130
500,20241129,10,11,2612,0,0,189.09,0,0,1892.00,0.0000,0.00,0.00,0.00,10.01,Google Ads,A1499,2026-09-07T07:48:42.882130
501,20241113,8,11,2612,0,0,210.60,0,0,0.00,0.0000,0.00,0.00,0.00,0.00,Google Ads,A1500,2026-09-07T07:48:42.882130
502,20241108,15,11,2612,0,0,211.95,0,0,1444.00,0.0000,0.00,0.00,0.00,6.81,Google Ads,A1501,2026-09-07T07:48:42.882130
503,20241129,1,11,2612,0,0,0.00,0,0,1604.00,0.0000,0.00,0.00,0.00,0.00,Google Ads,A1502,2026-09-07T07:48:42.882130
504,20241123,12,11,2612,0,0,217.60,0,0,1900.00,0.0000,0.00,0.00,0.00,8.73,Google Ads,A1503,2026-09-07T07:48:42.882130
505,20241126,17,11,2612,0,0,225.16,0,0,1563.00,0.0000,0.00,0.00,0.00,6.94,Google Ads,A1504,2026-09-07T07:48:42.882130
506,20241114,6,11,2612,0,0,182.98,0,0,1102.00,0.0000,0.00,0.00,0.00,6.02,Google Ads,A1505,2026-09-07T07:48:42.882130
507,20241129,2,11,2612,0,0,198.53,0,0,1749.00,0.0000,0.00,0.00,0.00,8.81,Google Ads,A1506,2026-09-07T07:48:42.882130
508,20241101,3,11,2612,0,0,247.59,0,0,1295.00,0.0000,0.00,0.00,0.00,5.23,Google Ads,A1507,2026-09-07T07:48:42.882130
509,20241111,2,11,2612,0,0,221.76,0,0,1338.00,0.0000,0.00,0.00,0.00,6.03,Google Ads,A1508,2026-09-07T07:48:42.882130
510,20241106,17,11,2612,0,0,0.00,0,0,1267.00,0.0000,0.00,0.00,0.00,0.00,Google Ads,A1509,2026-09-07T07:48:42.882130
511,20241128,17,11,2612,0,0,224.17,0,0,1904.00,0.0000,0.00,0.00,0.00,8.49,Google Ads,A1510,2026-09-07T07:48:42.882130
512,20241130,18,11,2612,0,0,238.29,0,0,1245.00,0.0000,0.00,0.00,0.00,5.22,Google Ads,A1511,2026-09-07T07:48:42.882130
513,20241129,15,11,2612,0,0,195.58,0,0,0.00,0.0000,0.00,0.00,0.00,0.00,Google Ads,A1512,2026-09-07T07:48:42.882130
514,20241119,10,11,2612,0,0,0.00,0,0,1254.00,0.0000,0.00,0.00,0.00,0.00,Google Ads,A1513,2026-09-07T07:48:42.882130
515,20241107,2,11,2612,0,0,237.07,0,0,1667.00,0.0000,0.00,0.00,0.00,7.03,Google Ads,A1514,2026-09-07T07:48:42.882130
516,20241129,6,11,2612,0,0,221.73,0,0,1292.00,0.0000,0.00,0.00,0.00,5.83,Google Ads,A1515,2026-09-07T07:48:42.882130
517,20241114,1,11,2612,0,0,208.40,0,0,1890.00,0.0000,0.00,0.00,0.00,9.07,Google Ads,A1516,2026-09-07T07:48:42.882130
518,20241123,8,11,2612,0,0,182.27,0,0,1255.00,0.0000,0.00,0.00,0.00,6.89,Google Ads,A1517,2026-09-07T07:48:42.882130
519,20241102,1,11,2612,0,0,244.38,0,0,0.00,0.0000,0.00,0.00,0.00,0.00,Google Ads,A1518,2026-09-07T07:48:42.882130
520,20241130,3,11,2612,0,0,226.32,0,0,1596.00,0.0000,0.00,0.00,0.00,7.05,Google Ads,A1519,2026-09-07T07:48:42.882130
521,20241125,7,11,2612,0,0,182.01,0,0,1490.00,0.0000,0.00,0.00,0.00,8.19,Google Ads,A1520,2026-09-07T07:48:42.882130
522,20241115,14,11,2612,0,0,187.02,0,0,1586.00,0.0000,0.00,0.00,0.00,8.48,Google Ads,A1521,2026-09-07T07:48:42.882130
523,20241108,9,11,2612,0,0,233.73,0,0,1998.00,0.0000,0.00,0.00,0.00,8.55,Google Ads,A1522,2026-09-07T07:48:42.882130
524,20241113,11,11,2612,0,0,246.63,0,0,1598.00,0.0000,0.00,0.00,0.00,6.48,Google Ads,A1523,2026-09-07T07:48:42.882130
525,20241113,17,11,2612,0,0,214.35,0,0,1596.00,0.0000,0.00,0.00,0.00,7.45,Google Ads,A1524,2026-09-07T07:48:42.882130
526,20241115,17,11,2612,0,0,244.73,0,0,1365.00,0.0000,0.00,0.00,0.00,5.58,Google Ads,A1525,2026-09-07T07:48:42.882130
527,20241126,5,11,2612,0,0,208.63,0,0,1443.00,0.0000,0.00,0.00,0.00,6.92,Google Ads,A1526,2026-09-07T07:48:42.882130
528,20241126,10,11,2612,0,0,202.48,0,0,1215.00,0.0000,0.00,0.00,0.00,6.00,Google Ads,A1527,2026-09-07T07:48:42.882130
529,20241106,14,11,2612,0,0,235.20,0,0,1036.00,0.0000,0.00,0.00,0.00,4.40,Google Ads,A1528,2026-09-07T07:48:42.882130
530,20241101,7,11,2612,0,0,240.45,0,0,1700.00,0.0000,0.00,0.00,0.00,7.07,Google Ads,A1529,2026-09-07T07:48:42.882130
531,20241120,2,11,2612,0,0,200.71,0,0,1428.00,0.0000,0.00,0.00,0.00,7.11,Google Ads,A1530,2026-09-07T07:48:42.882130
532,20241117,10,11,2612,0,0,216.02,0,0,1654.00,0.0000,0.00,0.00,0.00,7.66,Google Ads,A1531,2026-09-07T07:48:42.882130
533,20241118,14,11,2612,0,0,191.35,0,0,1133.00,0.0000,0.00,0.00,0.00,5.92,Google Ads,A1532,2026-09-07T07:48:42.882130
534,20241116,10,11,2612,0,0,203.23,0,0,1745.00,0.0000,0.00,0.00,0.00,8.59,Google Ads,A1533,2026-09-07T07:48:42.882130
535,20241107,9,11,2612,0,0,202.21,0,0,1065.00,0.0000,0.00,0.00,0.00,5.27,Google Ads,A1534,2026-09-07T07:48:42.882130
536,20241122,11,11,2612,0,0,217.67,0,0,1226.00,0.0000,0.00,0.00,0.00,5.63,Google Ads,A1535,2026-09-07T07:48:42.882130
537,20241124,2,11,2612,0,0,205.53,0,0,1241.00,0.0000,0.00,0.00,0.00,6.04,Google Ads,A1536,2026-09-07T07:48:42.882130
538,20241115,7,11,2612,0,0,246.52,0,0,1159.00,0.0000,0.00,0.00,0.00,4.70,Google Ads,A1537,2026-09-07T07:48:42.882130
539,20241128,4,11,2612,0,0,233.32,0,0,1008.00,0.0000,0.00,0.00,0.00,4.32,Google Ads,A1538,2026-09-07T07:48:42.882130
540,20241123,8,11,2612,0,0,200.98,0,0,1476.00,0.0000,0.00,0.00,0.00,7.34,Google Ads,A1539,2026-09-07T07:48:42.882130
541,20241128,14,11,2612,0,0,218.60,0,0,1943.00,0.0000,0.00,0.00,0.00,8.89,Google Ads,A1540,2026-09-07T07:48:42.882130
542,20241108,1,11,2612,0,0,245.34,0,0,1488.00,0.0000,0.00,0.00,0.00,6.07,Google Ads,A1541,2026-09-07T07:48:42.882130
543,20241101,16,11,2612,0,0,196.83,0,0,0.00,0.0000,0.00,0.00,0.00,0.00,Google Ads,A1542,2026-09-07T07:48:42.882130
544,20241117,13,11,2612,0,0,207.62,0,0,1811.00,0.0000,0.00,0.00,0.00,8.72,Google Ads,A1543,2026-09-07T07:48:42.882130
545,20241114,4,11,2612,0,0,195.98,0,0,1873.00,0.0000,0.00,0.00,0.00,9.56,Google Ads,A1544,2026-09-07T07:48:42.882130
546,20241127,13,11,2612,0,0,197.47,0,0,1952.00,0.0000,0.00,0.00,0.00,9.89,Google Ads,A1545,2026-09-07T07:48:42.882130
547,20241114,1,11,2612,0,0,198.01,0,0,1161.00,0.0000,0.00,0.00,0.00,5.86,Google Ads,A1546,2026-09-07T07:48:42.882130
548,20241111,17,11,2612,0,0,230.77,0,0,1504.00,0.0000,0.00,0.00,0.00,6.52,Google Ads,A1547,2026-09-07T07:48:42.882130
549,20241120,17,11,2612,0,0,223.30,0,0,1859.00,0.0000,0.00,0.00,0.00,8.33,Google Ads,A1548,2026-09-07T07:48:42.882130
550,20241124,12,11,2612,0,0,217.35,0,0,1751.00,0.0000,0.00,0.00,0.00,8.06,Google Ads,A1549,2026-09-07T07:48:42.882130
551,20241103,15,11,2612,0,0,192.52,0,0,1221.00,0.0000,0.00,0.00,0.00,6.34,Google Ads,A1550,2026-09-07T07:48:42.882130
552,20241111,17,11,2612,0,0,180.80,0,0,1822.00,0.0000,0.00,0.00,0.00,10.08,Google Ads,A1551,2026-09-07T07:48:42.882130
553,20241115,9,11,2612,0,0,233.76,0,0,1973.00,0.0000,0.00,0.00,0.00,8.44,Google Ads,A1552,2026-09-07T07:48:42.882130
554,20241122,17,11,2612,0,0,184.25,0,0,1985.00,0.0000,0.00,0.00,0.00,10.77,Google Ads,A1553,2026-09-07T07:48:42.882130
555,20241129,13,11,2612,0,0,246.66,0,0,1921.00,0.0000,0.00,0.00,0.00,7.79,Google Ads,A1554,2026-09-07T07:48:42.882130
556,20241103,4,11,2612,0,0,199.94,0,0,1454.00,0.0000,0.00,0.00,0.00,7.27,Google Ads,A1555,2026-09-07T07:48:42.882130
557,20241105,15,11,2612,0,0,204.12,0,0,1386.00,0.0000,0.00,0.00,0.00,6.79,Google Ads,A1556,2026-09-07T07:48:42.882130
558,20241103,18,11,2612,0,0,214.46,0,0,1179.00,0.0000,0.00,0.00,0.00,5.50,Google Ads,A1557,2026-09-07T07:48:42.882130
559,20241115,1,11,2612,0,0,210.00,0,0,1945.00,0.0000,0.00,0.00,0.00,9.26,Google Ads,A1558,2026-09-07T07:48:42.882130
560,20241128,17,11,2612,0,0,191.50,0,0,1429.00,0.0000,0.00,0.00,0.00,7.46,Google Ads,A1559,2026-09-07T07:48:42.882130
561,20241110,11,11,2612,0,0,0.00,0,0,1489.00,0.0000,0.00,0.00,0.00,0.00,Google Ads,A1560,2026-09-07T07:48:42.882130
562,20241123,6,11,2612,0,0,206.31,0,0,1426.00,0.0000,0.00,0.00,0.00,6.91,Google Ads,A1561,2026-09-07T07:48:42.882130
563,20241121,11,11,2612,0,0,222.17,0,0,1407.00,0.0000,0.00,0.00,0.00,6.33,Google Ads,A1562,2026-09-07T07:48:42.882130
564,20241110,8,11,2612,0,0,240.99,0,0,1951.00,0.0000,0.00,0.00,0.00,8.10,Google Ads,A1563,2026-09-07T07:48:42.882130
565,20241119,6,11,2612,0,0,222.98,0,0,1654.00,0.0000,0.00,0.00,0.00,7.42,Google Ads,A1564,2026-09-07T07:48:42.882130
566,20241122,4,11,2612,0,0,0.00,0,0,1453.00,0.0000,0.00,0.00,0.00,0.00,Google Ads,A1565,2026-09-07T07:48:42.882130
567,20241103,7,11,2612,0,0,222.28,0,0,1630.00,0.0000,0.00,0.00,0.00,7.33,Google Ads,A1566,2026-09-07T07:48:42.882130
568,20241103,9,11,2612,0,0,196.02,0,0,0.00,0.0000,0.00,0.00,0.00,0.00,Google Ads,A1567,2026-09-07T07:48:42.882130
569,20241125,2,11,2612,0,0,239.88,0,0,1745.00,0.0000,0.00,0.00,0.00,7.27,Google Ads,A1568,2026-09-07T07:48:42.882130
570,20241116,1,11,2612,0,0,181.40,0,0,1966.00,0.0000,0.00,0.00,0.00,10.84,Google Ads,A1569,2026-09-07T07:48:42.882130
571,20241130,11,11,2612,0,0,234.69,0,0,1264.00,0.0000,0.00,0.00,0.00,5.39,Google Ads,A1570,2026-09-07T07:48:42.882130
572,20241102,7,11,2612,0,0,205.83,0,0,1728.00,0.0000,0.00,0.00,0.00,8.40,Google Ads,A1571,2026-09-07T07:48:42.882130
573,20241106,5,11,2612,0,0,247.70,0,0,1687.00,0.0000,0.00,0.00,0.00,6.81,Google Ads,A1572,2026-09-07T07:48:42.882130
574,20241103,17,11,2612,0,0,220.43,0,0,1218.00,0.0000,0.00,0.00,0.00,5.53,Google Ads,A1573,2026-09-07T07:48:42.882130
575,20241113,15,11,2612,0,0,241.61,0,0,1191.00,0.0000,0.00,0.00,0.00,4.93,Google Ads,A1574,2026-09-07T07:48:42.882130
576,20241101,9,11,2612,0,0,224.35,0,0,1087.00,0.0000,0.00,0.00,0.00,4.85,Google Ads,A1575,2026-09-07T07:48:42.882130
577,20241129,18,11,2612,0,0,200.17,0,0,1405.00,0.0000,0.00,0.00,0.00,7.02,Google Ads,A1576,2026-09-07T07:48:42.882130
578,20241120,17,11,2612,0,0,243.35,0,0,1975.00,0.0000,0.00,0.00,0.00,8.12,Google Ads,A1577,2026-09-07T07:48:42.882130
579,20241110,17,11,2612,0,0,249.64,0,0,1388.00,0.0000,0.00,0.00,0.00,5.56,Google Ads,A1578,2026-09-07T07:48:42.882130
580,20241122,12,11,2612,0,0,188.60,0,0,1140.00,0.0000,0.00,0.00,0.00,6.04,Google Ads,A1579,2026-09-07T07:48:42.882130
581,20241109,11,11,2612,0,0,180.82,0,0,1847.00,0.0000,0.00,0.00,0.00,10.21,Google Ads,A1580,2026-09-07T07:48:42.882130
582,20241102,12,11,2612,0,0,194.67,0,0,1234.00,0.0000,0.00,0.00,0.00,6.34,Google Ads,A1581,2026-09-07T07:48:42.882130
583,20241118,3,11,2612,0,0,205.46,0,0,1671.00,0.0000,0.00,0.00,0.00,8.13,Google Ads,A1582,2026-09-07T07:48:42.882130
584,20241118,3,11,2612,0,0,233.44,0,0,1374.00,0.0000,0.00,0.00,0.00,5.89,Google Ads,A1583,2026-09-07T07:48:42.882130
585,20241119,16,11,2612,0,0,205.23,0,0,1746.00,0.0000,0.00,0.00,0.00,8.51,Google Ads,A1584,2026-09-07T07:48:42.882130
586,20241127,10,11,2612,0,0,224.28,0,0,1108.00,0.0000,0.00,0.00,0.00,4.94,Google Ads,A1585,2026-09-07T07:48:42.882130
587,20241109,13,11,2612,0,0,187.89,0,0,1360.00,0.0000,0.00,0.00,0.00,7.24,Google Ads,A1586,2026-09-07T07:48:42.882130
588,20241115,16,11,2612,0,0,210.13,0,0,1234.00,0.0000,0.00,0.00,0.00,5.87,Google Ads,A1587,2026-09-07T07:48:42.882130
589,20241127,18,11,2612,0,0,246.53,0,0,1217.00,0.0000,0.00,0.00,0.00,4.94,Google Ads,A1588,2026-09-07T07:48:42.882130
590,20241103,16,11,2612,0,0,197.32,0,0,1438.00,0.0000,0.00,0.00,0.00,7.29,Google Ads,A1589,2026-09-07T07:48:42.882130
591,20241124,10,11,2612,0,0,239.76,0,0,1910.00,0.0000,0.00,0.00,0.00,7.97,Google Ads,A1590,2026-09-07T07:48:42.882130
592,20241129,5,11,2612,0,0,243.09,0,0,1535.00,0.0000,0.00,0.00,0.00,6.31,Google Ads,A1591,2026-09-07T07:48:42.882130
593,20241115,18,11,2612,0,0,227.96,0,0,1566.00,0.0000,0.00,0.00,0.00,6.87,Google Ads,A1592,2026-09-07T07:48:42.882130
594,20241104,11,11,2612,0,0,227.24,0,0,0.00,0.0000,0.00,0.00,0.00,0.00,Google Ads,A1593,2026-09-07T07:48:42.882130
595,20241123,13,11,2612,0,0,243.45,0,0,1782.00,0.0000,0.00,0.00,0.00,7.32,Google Ads,A1594,2026-09-07T07:48:42.882130
596,20241105,9,11,2612,0,0,215.89,0,0,1906.00,0.0000,0.00,0.00,0.00,8.83,Google Ads,A1595,2026-09-07T07:48:42.882130
597,20241112,14,11,2612,0,0,203.65,0,0,1731.00,0.0000,0.00,0.00,0.00,8.50,Google Ads,A1596,2026-09-07T07:48:42.882130
598,20241130,15,11,2612,0,0,224.31,0,0,1423.00,0.0000,0.00,0.00,0.00,6.34,Google Ads,A1597,2026-09-07T07:48:42.882130
599,20241113,1,11,2612,0,0,218.71,0,0,1568.00,0.0000,0.00,0.00,0.00,7.17,Google Ads,A1598,2026-09-07T07:48:42.882130
600,20241108,17,11,2612,0,0,242.32,0,0,1381.00,0.0000,0.00,0.00,0.00,5.70,Google Ads,A1599,2026-09-07T07:48:42.882130
601,20241121,1,11,2612,0,0,214.05,0,0,1064.00,0.0000,0.00,0.00,0.00,4.97,Google Ads,A1600,2026-09-07T07:48:42.882130
602,20241109,3,11,2612,0,0,222.62,0,0,1716.00,0.0000,0.00,0.00,0.00,7.71,Google Ads,A1601,2026-09-07T07:48:42.882130
603,20241110,16,11,2612,0,0,193.01,0,0,1789.00,0.0000,0.00,0.00,0.00,9.27,Google Ads,A1602,2026-09-07T07:48:42.882130
604,20241125,1,11,2612,0,0,222.01,0,0,1514.00,0.0000,0.00,0.00,0.00,6.82,Google Ads,A1603,2026-09-07T07:48:42.882130
605,20241119,9,11,2612,0,0,212.60,0,0,1713.00,0.0000,0.00,0.00,0.00,8.06,Google Ads,A1604,2026-09-07T07:48:42.882130
606,20241124,10,11,2612,0,0,226.37,0,0,0.00,0.0000,0.00,0.00,0.00,0.00,Google Ads,A1605,2026-09-07T07:48:42.882130
607,20241116,14,11,2612,0,0,229.38,0,0,1322.00,0.0000,0.00,0.00,0.00,5.76,Google Ads,A1606,2026-09-07T07:48:42.882130
608,20241107,11,11,2612,0,0,218.65,0,0,1631.00,0.0000,0.00,0.00,0.00,7.46,Google Ads,A1607,2026-09-07T07:48:42.882130
609,20241122,1,11,2612,0,0,213.15,0,0,1276.00,0.0000,0.00,0.00,0.00,5.99,Google Ads,A1608,2026-09-07T07:48:42.882130
610,20241116,2,11,2612,0,0,207.63,0,0,1195.00,0.0000,0.00,0.00,0.00,5.76,Google Ads,A1609,2026-09-07T07:48:42.882130
611,20241121,1,11,2612,0,0,230.05,0,0,1407.00,0.0000,0.00,0.00,0.00,6.12,Google Ads,A1610,2026-09-07T07:48:42.882130
612,20241115,14,11,2612,0,0,197.84,0,0,0.00,0.0000,0.00,0.00,0.00,0.00,Google Ads,A1611,2026-09-07T07:48:42.882130
613,20241116,16,11,2612,0,0,181.27,0,0,0.00,0.0000,0.00,0.00,0.00,0.00,Google Ads,A1612,2026-09-07T07:48:42.882130
614,20241118,11,11,2612,0,0,188.60,0,0,1451.00,0.0000,0.00,0.00,0.00,7.69,Google Ads,A1613,2026-09-07T07:48:42.882130
615,20241112,6,11,2612,0,0,223.70,0,0,1909.00,0.0000,0.00,0.00,0.00,8.53,Google Ads,A1614,2026-09-07T07:48:42.882130
616,20241124,5,11,2612,0,0,211.71,0,0,1027.00,0.0000,0.00,0.00,0.00,4.85,Google Ads,A1615,2026-09-07T07:48:42.882130
617,20241107,14,11,2612,0,0,245.01,0,0,1822.00,0.0000,0.00,0.00,0.00,7.44,Google Ads,A1616,2026-09-07T07:48:42.882130
618,20241128,6,11,2612,0,0,0.00,0,0,1371.00,0.0000,0.00,0.00,0.00,0.00,Google Ads,A1617,2026-09-07T07:48:42.882130
619,20241102,12,11,2612,0,0,226.89,0,0,1992.00,0.0000,0.00,0.00,0.00,8.78,Google Ads,A1618,2026-09-07T07:48:42.882130
620,20241120,1,11,2612,0,0,219.97,0,0,1612.00,0.0000,0.00,0.00,0.00,7.33,Google Ads,A1619,2026-09-07T07:48:42.882130
621,20241118,7,11,2612,0,0,202.66,0,0,1634.00,0.0000,0.00,0.00,0.00,8.06,Google Ads,A1620,2026-09-07T07:48:42.882130
622,20241128,16,11,2612,0,0,202.00,0,0,1469.00,0.0000,0.00,0.00,0.00,7.27,Google Ads,A1621,2026-09-07T07:48:42.882130
623,20241122,7,11,2612,0,0,197.08,0,0,1774.00,0.0000,0.00,0.00,0.00,9.00,Google Ads,A1622,2026-09-07T07:48:42.882130
624,20241103,1,11,2612,0,0,223.95,0,0,1480.00,0.0000,0.00,0.00,0.00,6.61,Google Ads,A1623,2026-09-07T07:48:42.882130
625,20241112,10,11,2612,0,0,228.66,0,0,1515.00,0.0000,0.00,0.00,0.00,6.63,Google Ads,A1624,2026-09-07T07:48:42.882130
626,20241123,3,11,2612,0,0,230.83,0,0,1675.00,0.0000,0.00,0.00,0.00,7.26,Google Ads,A1625,2026-09-07T07:48:42.882130
627,20241110,13,11,2612,0,0,215.41,0,0,1010.00,0.0000,0.00,0.00,0.00,4.69,Google Ads,A1626,2026-09-07T07:48:42.882130
628,20241130,4,11,2612,0,0,217.58,0,0,1885.00,0.0000,0.00,0.00,0.00,8.66,Google Ads,A1627,2026-09-07T07:48:42.882130
629,20241124,16,11,2612,0,0,180.66,0,0,1830.00,0.0000,0.00,0.00,0.00,10.13,Google Ads,A1628,2026-09-07T07:48:42.882130
630,20241124,18,11,2612,0,0,227.13,0,0,1040.00,0.0000,0.00,0.00,0.00,4.58,Google Ads,A1629,2026-09-07T07:48:42.882130
631,20241102,2,11,2612,0,0,218.31,0,0,1623.00,0.0000,0.00,0.00,0.00,7.43,Google Ads,A1630,2026-09-07T07:48:42.882130
632,20241109,12,11,2612,0,0,204.62,0,0,1800.00,0.0000,0.00,0.00,0.00,8.80,Google Ads,A1631,2026-09-07T07:48:42.882130
633,20241128,11,11,2612,0,0,183.41,0,0,1701.00,0.0000,0.00,0.00,0.00,9.27,Google Ads,A1632,2026-09-07T07:48:42.882130
634,20241111,16,11,2612,0,0,229.13,0,0,1149.00,0.0000,0.00,0.00,0.00,5.01,Google Ads,A1633,2026-09-07T07:48:42.882130
635,20241116,8,11,2612,0,0,184.57,0,0,1827.00,0.0000,0.00,0.00,0.00,9.90,Google Ads,A1634,2026-09-07T07:48:42.882130
636,20241104,10,11,2612,0,0,185.58,0,0,1434.00,0.0000,0.00,0.00,0.00,7.73,Google Ads,A1635,2026-09-07T07:48:42.882130
637,20241119,17,11,2612,0,0,181.40,0,0,1693.00,0.0000,0.00,0.00,0.00,9.33,Google Ads,A1636,2026-09-07T07:48:42.882130
638,20241118,5,11,2612,0,0,192.46,0,0,1459.00,0.0000,0.00,0.00,0.00,7.58,Google Ads,A1637,2026-09-07T07:48:42.882130
639,20241102,7,11,2612,0,0,0.00,0,0,1029.00,0.0000,0.00,0.00,0.00,0.00,Google Ads,A1638,2026-09-07T07:48:42.882130
640,20241109,18,11,2612,0,0,198.66,0,0,1905.00,0.0000,0.00,0.00,0.00,9.59,Google Ads,A1639,2026-09-07T07:48:42.882130
641,20241106,7,11,2612,0,0,239.10,0,0,1733.00,0.0000,0.00,0.00,0.00,7.25,Google Ads,A1640,2026-09-07T07:48:42.882130
642,20241109,13,11,2612,0,0,228.02,0,0,1463.00,0.0000,0.00,0.00,0.00,6.42,Google Ads,A1641,2026-09-07T07:48:42.882130
643,20241107,8,11,2612,0,0,200.06,0,0,1950.00,0.0000,0.00,0.00,0.00,9.75,Google Ads,A1642,2026-09-07T07:48:42.882130
644,20241110,9,11,2612,0,0,235.58,0,0,1276.00,0.0000,0.00,0.00,0.00,5.42,Google Ads,A1643,2026-09-07T07:48:42.882130
645,20241107,6,11,2612,0,0,187.67,0,0,1351.00,0.0000,0.00,0.00,0.00,7.20,Google Ads,A1644,2026-09-07T07:48:42.882130
646,20241114,12,11,2612,0,0,211.63,0,0,1604.00,0.0000,0.00,0.00,0.00,7.58,Google Ads,A1645,2026-09-07T07:48:42.882130
647,20241125,16,11,2612,0,0,191.96,0,0,1204.00,0.0000,0.00,0.00,0.00,6.27,Google Ads,A1646,2026-09-07T07:48:42.882130
648,20241119,2,11,2612,0,0,180.19,0,0,1458.00,0.0000,0.00,0.00,0.00,8.09,Google Ads,A1647,2026-09-07T07:48:42.882130
649,20241114,2,11,2612,0,0,220.76,0,0,1231.00,0.0000,0.00,0.00,0.00,5.58,Google Ads,A1648,2026-09-07T07:48:42.882130
650,20241126,2,11,2612,0,0,181.18,0,0,1627.00,0.0000,0.00,0.00,0.00,8.98,Google Ads,A1649,2026-09-07T07:48:42.882130
651,20241129,3,11,2612,0,0,180.04,0,0,1375.00,0.0000,0.00,0.00,0.00,7.64,Google Ads,A1650,2026-09-07T07:48:42.882130
652,20241129,1,11,2612,0,0,245.03,0,0,1202.00,0.0000,0.00,0.00,0.00,4.91,Google Ads,A1651,2026-09-07T07:48:42.882130
653,20241129,18,11,2612,0,0,193.69,0,0,1992.00,0.0000,0.00,0.00,0.00,10.28,Google Ads,A1652,2026-09-07T07:48:42.882130
654,20241108,5,11,2612,0,0,221.54,0,0,1096.00,0.0000,0.00,0.00,0.00,4.95,Google Ads,A1653,2026-09-07T07:48:42.882130
655,20241122,10,11,2612,0,0,196.09,0,0,1056.00,0.0000,0.00,0.00,0.00,5.39,Google Ads,A1654,2026-09-07T07:48:42.882130
656,20241128,7,11,2612,0,0,205.32,0,0,1985.00,0.0000,0.00,0.00,0.00,9.67,Google Ads,A1655,2026-09-07T07:48:42.882130
657,20241110,16,11,2612,0,0,187.28,0,0,1607.00,0.0000,0.00,0.00,0.00,8.58,Google Ads,A1656,2026-09-07T07:48:42.882130
658,20241112,3,11,2612,0,0,226.49,0,0,1078.00,0.0000,0.00,0.00,0.00,4.76,Google Ads,A1657,2026-09-07T07:48:42.882130
659,20241122,15,11,2612,0,0,195.99,0,0,1179.00,0.0000,0.00,0.00,0.00,6.02,Google Ads,A1658,2026-09-07T07:48:42.882130
660,20241105,10,11,2612,0,0,220.97,0,0,1480.00,0.0000,0.00,0.00,0.00,6.70,Google Ads,A1659,2026-09-07T07:48:42.882130
661,20241124,11,11,2612,0,0,217.84,0,0,1791.00,0.0000,0.00,0.00,0.00,8.22,Google Ads,A1660,2026-09-07T07:48:42.882130
662,20241102,17,11,2612,0,0,208.41,0,0,1514.00,0.0000,0.00,0.00,0.00,7.26,Google Ads,A1661,2026-09-07T07:48:42.882130
663,20241101,18,11,2612,0,0,239.24,0,0,1097.00,0.0000,0.00,0.00,0.00,4.59,Google Ads,A1662,2026-09-07T07:48:42.882130
664,20241104,7,11,2612,0,0,209.87,0,0,1920.00,0.0000,0.00,0.00,0.00,9.15,Google Ads,A1663,2026-09-07T07:48:42.882130
665,20241126,12,11,2612,0,0,207.36,0,0,1567.00,0.0000,0.00,0.00,0.00,7.56,Google Ads,A1664,2026-09-07T07:48:42.882130
666,20241110,5,11,2612,0,0,236.69,0,0,1251.00,0.0000,0.00,0.00,0.00,5.29,Google Ads,A1665,2026-09-07T07:48:42.882130
667,20241123,10,11,2612,0,0,188.18,0,0,1682.00,0.0000,0.00,0.00,0.00,8.94,Google Ads,A1666,2026-09-07T07:48:42.882130
668,20241106,5,11,2612,0,0,195.26,0,0,1853.00,0.0000,0.00,0.00,0.00,9.49,Google Ads,A1667,2026-09-07T07:48:42.882130
669,20241119,6,11,2612,0,0,0.00,0,0,1020.00,0.0000,0.00,0.00,0.00,0.00,Google Ads,A1668,2026-09-07T07:48:42.882130
670,20241120,12,11,2612,0,0,0.00,0,0,1819.00,0.0000,0.00,0.00,0.00,0.00,Google Ads,A1669,2026-09-07T07:48:42.882130
671,20241113,16,11,2612,0,0,229.81,0,0,1221.00,0.0000,0.00,0.00,0.00,5.31,Google Ads,A1670,2026-09-07T07:48:42.882130
672,20241127,5,11,2612,0,0,212.27,0,0,1524.00,0.0000,0.00,0.00,0.00,7.18,Google Ads,A1671,2026-09-07T07:48:42.882130
673,20241105,10,11,2612,0,0,188.47,0,0,1998.00,0.0000,0.00,0.00,0.00,10.60,Google Ads,A1672,2026-09-07T07:48:42.882130
674,20241124,17,11,2612,0,0,180.88,0,0,1601.00,0.0000,0.00,0.00,0.00,8.85,Google Ads,A1673,2026-09-07T07:48:42.882130
675,20241108,6,11,2612,0,0,241.85,0,0,0.00,0.0000,0.00,0.00,0.00,0.00,Google Ads,A1674,2026-09-07T07:48:42.882130
676,20241108,12,11,2612,0,0,236.20,0,0,1145.00,0.0000,0.00,0.00,0.00,4.85,Google Ads,A1675,2026-09-07T07:48:42.882130
677,20241110,7,11,2612,0,0,231.82,0,0,1645.00,0.0000,0.00,0.00,0.00,7.10,Google Ads,A1676,2026-09-07T07:48:42.882130
678,20241124,14,11,2612,0,0,238.62,0,0,1259.00,0.0000,0.00,0.00,0.00,5.28,Google Ads,A1677,2026-09-07T07:48:42.882130
679,20241117,2,11,2612,0,0,190.87,0,0,1400.00,0.0000,0.00,0.00,0.00,7.33,Google Ads,A1678,2026-09-07T07:48:42.882130
680,20241124,10,11,2612,0,0,221.74,0,0,1639.00,0.0000,0.00,0.00,0.00,7.39,Google Ads,A1679,2026-09-07T07:48:42.882130
681,20241112,17,11,2612,0,0,192.14,0,0,1564.00,0.0000,0.00,0.00,0.00,8.14,Google Ads,A1680,2026-09-07T07:48:42.882130
682,20241128,4,11,2612,0,0,248.48,0,0,1118.00,0.0000,0.00,0.00,0.00,4.50,Google Ads,A1681,2026-09-07T07:48:42.882130
683,20241109,7,11,2612,0,0,213.41,0,0,1058.00,0.0000,0.00,0.00,0.00,4.96,Google Ads,A1682,2026-09-07T07:48:42.882130
684,20241121,8,11,2612,0,0,194.30,0,0,1355.00,0.0000,0.00,0.00,0.00,6.97,Google Ads,A1683,2026-09-07T07:48:42.882130
685,20241115,9,11,2612,0,0,201.59,0,0,1943.00,0.0000,0.00,0.00,0.00,9.64,Google Ads,A1684,2026-09-07T07:48:42.882130
686,20241116,11,11,2612,0,0,249.21,0,0,1435.00,0.0000,0.00,0.00,0.00,5.76,Google Ads,A1685,2026-09-07T07:48:42.882130
687,20241128,7,11,2612,0,0,223.12,0,0,1052.00,0.0000,0.00,0.00,0.00,4.71,Google Ads,A1686,2026-09-07T07:48:42.882130
688,20241102,7,11,2612,0,0,192.69,0,0,1384.00,0.0000,0.00,0.00,0.00,7.18,Google Ads,A1687,2026-09-07T07:48:42.882130
689,20241130,7,11,2612,0,0,233.80,0,0,1838.00,0.0000,0.00,0.00,0.00,7.86,Google Ads,A1688,2026-09-07T07:48:42.882130
690,20241129,9,11,2612,0,0,186.93,0,0,1805.00,0.0000,0.00,0.00,0.00,9.66,Google Ads,A1689,2026-09-07T07:48:42.882130
691,20241122,10,11,2612,0,0,230.68,0,0,1556.00,0.0000,0.00,0.00,0.00,6.75,Google Ads,A1690,2026-09-07T07:48:42.882130
692,20241129,15,11,2612,0,0,202.95,0,0,1276.00,0.0000,0.00,0.00,0.00,6.29,Google Ads,A1691,2026-09-07T07:48:42.882130
693,20241128,5,11,2612,0,0,224.48,0,0,1882.00,0.0000,0.00,0.00,0.00,8.38,Google Ads,A1692,2026-09-07T07:48:42.882130
694,20241110,8,11,2612,0,0,186.32,0,0,1469.00,0.0000,0.00,0.00,0.00,7.88,Google Ads,A1693,2026-09-07T07:48:42.882130
695,20241106,2,11,2612,0,0,229.14,0,0,1375.00,0.0000,0.00,0.00,0.00,6.00,Google Ads,A1694,2026-09-07T07:48:42.882130
696,20241115,18,11,2612,0,0,243.88,0,0,1157.00,0.0000,0.00,0.00,0.00,4.74,Google Ads,A1695,2026-09-07T07:48:42.882130
697,20241102,5,11,2612,0,0,191.95,0,0,1813.00,0.0000,0.00,0.00,0.00,9.45,Google Ads,A1696,2026-09-07T07:48:42.882130
698,20241113,10,11,2612,0,0,228.82,0,0,1697.00,0.0000,0.00,0.00,0.00,7.42,Google Ads,A1697,2026-09-07T07:48:42.882130
699,20241107,16,11,2612,0,0,245.76,0,0,0.00,0.0000,0.00,0.00,0.00,0.00,Google Ads,A1698,2026-09-07T07:48:42.882130
700,20241117,11,11,2612,0,0,217.41,0,0,1497.00,0.0000,0.00,0.00,0.00,6.89,Google Ads,A1699,2026-09-07T07:48:42.882130
701,20241117,1,11,2612,0,0,228.80,0,0,1188.00,0.0000,0.00,0.00,0.00,5.19,Google Ads,A1700,2026-09-07T07:48:42.882130
702,20241103,18,11,2612,0,0,188.73,0,0,1601.00,0.0000,0.00,0.00,0.00,8.48,Google Ads,A1701,2026-09-07T07:48:42.882130
703,20241105,8,11,2612,0,0,186.21,0,0,1747.00,0.0000,0.00,0.00,0.00,9.38,Google Ads,A1702,2026-09-07T07:48:42.882130
704,20241105,18,11,2612,0,0,235.77,0,0,1342.00,0.0000,0.00,0.00,0.00,5.69,Google Ads,A1703,2026-09-07T07:48:42.882130
705,20241113,6,11,2612,0,0,217.54,0,0,1975.00,0.0000,0.00,0.00,0.00,9.08,Google Ads,A1704,2026-09-07T07:48:42.882130
706,20241127,6,11,2612,0,0,192.70,0,0,1170.00,0.0000,0.00,0.00,0.00,6.07,Google Ads,A1705,2026-09-07T07:48:42.882130
707,20241113,18,11,2612,0,0,202.97,0,0,1128.00,0.0000,0.00,0.00,0.00,5.56,Google Ads,A1706,2026-09-07T07:48:42.882130
708,20241125,4,11,2612,0,0,212.61,0,0,1538.00,0.0000,0.00,0.00,0.00,7.23,Google Ads,A1707,2026-09-07T07:48:42.882130
709,20241112,14,11,2612,0,0,242.76,0,0,1793.00,0.0000,0.00,0.00,0.00,7.39,Google Ads,A1708,2026-09-07T07:48:42.882130
710,20241111,18,11,2612,0,0,193.08,0,0,1017.00,0.0000,0.00,0.00,0.00,5.27,Google Ads,A1709,2026-09-07T07:48:42.882130
711,20241121,7,11,2612,0,0,196.54,0,0,1085.00,0.0000,0.00,0.00,0.00,5.52,Google Ads,A1710,2026-09-07T07:48:42.882130
712,20241102,7,11,2612,0,0,234.46,0,0,1982.00,0.0000,0.00,0.00,0.00,8.45,Google Ads,A1711,2026-09-07T07:48:42.882130
713,20241120,18,11,2612,0,0,229.18,0,0,1440.00,0.0000,0.00,0.00,0.00,6.28,Google Ads,A1712,2026-09-07T07:48:42.882130
714,20241105,13,11,2612,0,0,212.92,0,0,1184.00,0.0000,0.00,0.00,0.00,5.56,Google Ads,A1713,2026-09-07T07:48:42.882130
715,20241102,15,11,2612,0,0,222.14,0,0,1682.00,0.0000,0.00,0.00,0.00,7.57,Google Ads,A1714,2026-09-07T07:48:42.882130
716,20241114,18,11,2612,0,0,210.83,0,0,1326.00,0.0000,0.00,0.00,0.00,6.29,Google Ads,A1715,2026-09-07T07:48:42.882130
717,20241118,5,11,2612,0,0,197.92,0,0,1608.00,0.0000,0.00,0.00,0.00,8.12,Google Ads,A1716,2026-09-07T07:48:42.882130
718,20241114,3,11,2612,0,0,223.96,0,0,1344.00,0.0000,0.00,0.00,0.00,6.00,Google Ads,A1717,2026-09-07T07:48:42.882130
719,20241125,7,11,2612,0,0,245.79,0,0,1718.00,0.0000,0.00,0.00,0.00,6.99,Google Ads,A1718,2026-09-07T07:48:42.882130
720,20241117,11,11,2612,0,0,231.79,0,0,1547.00,0.0000,0.00,0.00,0.00,6.67,Google Ads,A1719,2026-09-07T07:48:42.882130
721,20241102,16,11,2612,0,0,216.67,0,0,1759.00,0.0000,0.00,0.00,0.00,8.12,Google Ads,A1720,2026-09-07T07:48:42.882130
722,20241103,16,11,2612,0,0,229.41,0,0,1398.00,0.0000,0.00,0.00,0.00,6.09,Google Ads,A1721,2026-09-07T07:48:42.882130
723,20241127,14,11,2612,0,0,232.16,0,0,1050.00,0.0000,0.00,0.00,0.00,4.52,Google Ads,A1722,2026-09-07T07:48:42.882130
724,20241124,10,11,2612,0,0,188.55,0,0,1593.00,0.0000,0.00,0.00,0.00,8.45,Google Ads,A1723,2026-09-07T07:48:42.882130
725,20241119,6,11,2612,0,0,248.45,0,0,1126.00,0.0000,0.00,0.00,0.00,4.53,Google Ads,A1724,2026-09-07T07:48:42.882130
726,20241112,8,11,2612,0,0,0.00,0,0,1128.00,0.0000,0.00,0.00,0.00,0.00,Google Ads,A1725,2026-09-07T07:48:42.882130
727,20241118,6,11,2612,0,0,235.36,0,0,1212.00,0.0000,0.00,0.00,0.00,5.15,Google Ads,A1726,2026-09-07T07:48:42.882130
728,20241120,12,11,2612,0,0,236.21,0,0,1106.00,0.0000,0.00,0.00,0.00,4.68,Google Ads,A1727,2026-09-07T07:48:42.882130
729,20241124,6,11,2612,0,0,220.96,0,0,1416.00,0.0000,0.00,0.00,0.00,6.41,Google Ads,A1728,2026-09-07T07:48:42.882130
730,20241117,8,11,2612,0,0,199.76,0,0,1393.00,0.0000,0.00,0.00,0.00,6.97,Google Ads,A1729,2026-09-07T07:48:42.882130
731,20241128,9,11,2612,0,0,210.43,0,0,1449.00,0.0000,0.00,0.00,0.00,6.89,Google Ads,A1730,2026-09-07T07:48:42.882130
732,20241101,12,11,2612,0,0,180.39,0,0,1147.00,0.0000,0.00,0.00,0.00,6.36,Google Ads,A1731,2026-09-07T07:48:42.882130
733,20241102,12,11,2612,0,0,239.12,0,0,1169.00,0.0000,0.00,0.00,0.00,4.89,Google Ads,A1732,2026-09-07T07:48:42.882130
734,20241126,4,11,2612,0,0,249.26,0,0,1517.00,0.0000,0.00,0.00,0.00,6.09,Google Ads,A1733,2026-09-07T07:48:42.882130
735,20241103,1,11,2612,0,0,198.93,0,0,1101.00,0.0000,0.00,0.00,0.00,5.53,Google Ads,A1734,2026-09-07T07:48:42.882130
736,20241129,8,11,2612,0,0,186.47,0,0,1437.00,0.0000,0.00,0.00,0.00,7.71,Google Ads,A1735,2026-09-07T07:48:42.882130
737,20241117,16,11,2612,0,0,196.66,0,0,1361.00,0.0000,0.00,0.00,0.00,6.92,Google Ads,A1736,2026-09-07T07:48:42.882130
738,20241114,7,11,2612,0,0,210.38,0,0,1705.00,0.0000,0.00,0.00,0.00,8.10,Google Ads,A1737,2026-09-07T07:48:42.882130
739,20241102,10,11,2612,0,0,198.89,0,0,2000.00,0.0000,0.00,0.00,0.00,10.06,Google Ads,A1738,2026-09-07T07:48:42.882130
740,20241110,6,11,2612,0,0,190.89,0,0,1088.00,0.0000,0.00,0.00,0.00,5.70,Google Ads,A1739,2026-09-07T07:48:42.882130
741,20241105,15,11,2612,0,0,223.16,0,0,1246.00,0.0000,0.00,0.00,0.00,5.58,Google Ads,A1740,2026-09-07T07:48:42.882130
742,20241124,6,11,2612,0,0,225.74,0,0,1867.00,0.0000,0.00,0.00,0.00,8.27,Google Ads,A1741,2026-09-07T07:48:42.882130
743,20241123,10,11,2612,0,0,202.75,0,0,1503.00,0.0000,0.00,0.00,0.00,7.41,Google Ads,A1742,2026-09-07T07:48:42.882130
744,20241126,12,11,2612,0,0,180.50,0,0,1725.00,0.0000,0.00,0.00,0.00,9.56,Google Ads,A1743,2026-09-07T07:48:42.882130
745,20241120,7,11,2612,0,0,184.46,0,0,1229.00,0.0000,0.00,0.00,0.00,6.66,Google Ads,A1744,2026-09-07T07:48:42.882130
746,20241126,3,11,2612,0,0,208.87,0,0,1774.00,0.0000,0.00,0.00,0.00,8.49,Google Ads,A1745,2026-09-07T07:48:42.882130
747,20241117,13,11,2612,0,0,0.00,0,0,1230.00,0.0000,0.00,0.00,0.00,0.00,Google Ads,A1746,2026-09-07T07:48:42.882130
748,20241120,8,11,2612,0,0,239.64,0,0,1646.00,0.0000,0.00,0.00,0.00,6.87,Google Ads,A1747,2026-09-07T07:48:42.882130
749,20241101,16,11,2612,0,0,239.06,0,0,1232.00,0.0000,0.00,0.00,0.00,5.15,Google Ads,A1748,2026-09-07T07:48:42.882130
750,20241112,8,11,2612,0,0,191.56,0,0,1234.00,0.0000,0.00,0.00,0.00,6.44,Google Ads,A1749,2026-09-07T07:48:42.882130
751,20241125,2,11,2612,0,0,188.07,0,0,1796.00,0.0000,0.00,0.00,0.00,9.55,Google Ads,A1750,2026-09-07T07:48:42.882130
752,20241105,17,11,2612,0,0,224.96,0,0,1601.00,0.0000,0.00,0.00,0.00,7.12,Google Ads,A1751,2026-09-07T07:48:42.882130
753,20241130,11,11,2612,0,0,0.00,0,0,1153.00,0.0000,0.00,0.00,0.00,0.00,Google Ads,A1752,2026-09-07T07:48:42.882130
754,20241119,15,11,2612,0,0,225.23,0,0,1209.00,0.0000,0.00,0.00,0.00,5.37,Google Ads,A1753,2026-09-07T07:48:42.882130
755,20241116,2,11,2612,0,0,187.29,0,0,1375.00,0.0000,0.00,0.00,0.00,7.34,Google Ads,A1754,2026-09-07T07:48:42.882130
756,20241110,11,11,2612,0,0,232.64,0,0,1815.00,0.0000,0.00,0.00,0.00,7.80,Google Ads,A1755,2026-09-07T07:48:42.882130
757,20241102,10,11,2612,0,0,199.32,0,0,1150.00,0.0000,0.00,0.00,0.00,5.77,Google Ads,A1756,2026-09-07T07:48:42.882130
758,20241104,10,11,2612,0,0,234.85,0,0,1398.00,0.0000,0.00,0.00,0.00,5.95,Google Ads,A1757,2026-09-07T07:48:42.882130
759,20241126,15,11,2612,0,0,232.35,0,0,1663.00,0.0000,0.00,0.00,0.00,7.16,Google Ads,A1758,2026-09-07T07:48:42.882130
760,20241112,12,11,2612,0,0,197.02,0,0,1214.00,0.0000,0.00,0.00,0.00,6.16,Google Ads,A1759,2026-09-07T07:48:42.882130
761,20241105,12,11,2612,0,0,198.56,0,0,1716.00,0.0000,0.00,0.00,0.00,8.64,Google Ads,A1760,2026-09-07T07:48:42.882130
762,20241106,14,11,2612,0,0,210.42,0,0,1352.00,0.0000,0.00,0.00,0.00,6.43,Google Ads,A1761,2026-09-07T07:48:42.882130
763,20241109,2,11,2612,0,0,195.60,0,0,1065.00,0.0000,0.00,0.00,0.00,5.44,Google Ads,A1762,2026-09-07T07:48:42.882130
764,20241107,9,11,2612,0,0,183.55,0,0,1721.00,0.0000,0.00,0.00,0.00,9.38,Google Ads,A1763,2026-09-07T07:48:42.882130
765,20241124,2,11,2612,0,0,239.87,0,0,1320.00,0.0000,0.00,0.00,0.00,5.50,Google Ads,A1764,2026-09-07T07:48:42.882130
766,20241114,12,11,2612,0,0,194.79,0,0,1799.00,0.0000,0.00,0.00,0.00,9.24,Google Ads,A1765,2026-09-07T07:48:42.882130
767,20241129,17,11,2612,0,0,234.91,0,0,1525.00,0.0000,0.00,0.00,0.00,6.49,Google Ads,A1766,2026-09-07T07:48:42.882130
768,20241108,17,11,2612,0,0,243.12,0,0,0.00,0.0000,0.00,0.00,0.00,0.00,Google Ads,A1767,2026-09-07T07:48:42.882130
769,20241103,13,11,2612,0,0,241.81,0,0,1681.00,0.0000,0.00,0.00,0.00,6.95,Google Ads,A1768,2026-09-07T07:48:42.882130
770,20241123,3,11,2612,0,0,187.44,0,0,1183.00,0.0000,0.00,0.00,0.00,6.31,Google Ads,A1769,2026-09-07T07:48:42.882130
771,20241119,14,11,2612,0,0,249.47,0,0,1996.00,0.0000,0.00,0.00,0.00,8.00,Google Ads,A1770,2026-09-07T07:48:42.882130
772,20241109,12,11,2612,0,0,240.53,0,0,0.00,0.0000,0.00,0.00,0.00,0.00,Google Ads,A1771,2026-09-07T07:48:42.882130
773,20241116,2,11,2612,0,0,205.90,0,0,1954.00,0.0000,0.00,0.00,0.00,9.49,Google Ads,A1772,2026-09-07T07:48:42.882130
774,20241130,14,11,2612,0,0,196.01,0,0,1348.00,0.0000,0.00,0.00,0.00,6.88,Google Ads,A1773,2026-09-07T07:48:42.882130
775,20241121,14,11,2612,0,0,199.21,0,0,1006.00,0.0000,0.00,0.00,0.00,5.05,Google Ads,A1774,2026-09-07T07:48:42.882130
776,20241112,18,11,2612,0,0,217.90,0,0,1431.00,0.0000,0.00,0.00,0.00,6.57,Google Ads,A1775,2026-09-07T07:48:42.882130
777,20241126,17,11,2612,0,0,0.00,0,0,1270.00,0.0000,0.00,0.00,0.00,0.00,Google Ads,A1776,2026-09-07T07:48:42.882130
778,20241125,4,11,2612,0,0,221.57,0,0,1186.00,0.0000,0.00,0.00,0.00,5.35,Google Ads,A1777,2026-09-07T07:48:42.882130
779,20241122,14,11,2612,0,0,188.77,0,0,1774.00,0.0000,0.00,0.00,0.00,9.40,Google Ads,A1778,2026-09-07T07:48:42.882130
780,20241114,11,11,2612,0,0,198.45,0,0,1937.00,0.0000,0.00,0.00,0.00,9.76,Google Ads,A1779,2026-09-07T07:48:42.882130
781,20241101,4,11,2612,0,0,214.49,0,0,1781.00,0.0000,0.00,0.00,0.00,8.30,Google Ads,A1780,2026-09-07T07:48:42.882130
782,20241113,18,11,2612,0,0,187.76,0,0,1209.00,0.0000,0.00,0.00,0.00,6.44,Google Ads,A1781,2026-09-07T07:48:42.882130
783,20241119,4,11,2612,0,0,248.65,0,0,1722.00,0.0000,0.00,0.00,0.00,6.93,Google Ads,A1782,2026-09-07T07:48:42.882130
784,20241104,14,11,2612,0,0,216.36,0,0,1768.00,0.0000,0.00,0.00,0.00,8.17,Google Ads,A1783,2026-09-07T07:48:42.882130
785,20241128,18,11,2612,0,0,0.00,0,0,1769.00,0.0000,0.00,0.00,0.00,0.00,Google Ads,A1784,2026-09-07T07:48:42.882130
786,20241114,13,11,2612,0,0,218.30,0,0,1988.00,0.0000,0.00,0.00,0.00,9.11,Google Ads,A1785,2026-09-07T07:48:42.882130
787,20241124,13,11,2612,0,0,219.44,0,0,1949.00,0.0000,0.00,0.00,0.00,8.88,Google Ads,A1786,2026-09-07T07:48:42.882130
788,20241102,4,11,2612,0,0,243.51,0,0,1687.00,0.0000,0.00,0.00,0.00,6.93,Google Ads,A1787,2026-09-07T07:48:42.882130
789,20241116,17,11,2612,0,0,230.16,0,0,1667.00,0.0000,0.00,0.00,0.00,7.24,Google Ads,A1788,2026-09-07T07:48:42.882130
790,20241115,15,11,2612,0,0,240.72,0,0,1649.00,0.0000,0.00,0.00,0.00,6.85,Google Ads,A1789,2026-09-07T07:48:42.882130
791,20241124,9,11,2612,0,0,233.86,0,0,1349.00,0.0000,0.00,0.00,0.00,5.77,Google Ads,A1790,2026-09-07T07:48:42.882130
792,20241114,5,11,2612,0,0,204.28,0,0,1447.00,0.0000,0.00,0.00,0.00,7.08,Google Ads,A1791,2026-09-07T07:48:42.882130
793,20241128,16,11,2612,0,0,243.72,0,0,1882.00,0.0000,0.00,0.00,0.00,7.72,Google Ads,A1792,2026-09-07T07:48:42.882130
794,20241105,7,11,2612,0,0,243.81,0,0,1001.00,0.0000,0.00,0.00,0.00,4.11,Google Ads,A1793,2026-09-07T07:48:42.882130
795,20241107,2,11,2612,0,0,239.04,0,0,1761.00,0.0000,0.00,0.00,0.00,7.37,Google Ads,A1794,2026-09-07T07:48:42.882130
796,20241120,9,11,2612,0,0,219.89,0,0,1152.00,0.0000,0.00,0.00,0.00,5.24,Google Ads,A1795,2026-09-07T07:48:42.882130
797,20241111,13,11,2612,0,0,183.39,0,0,1918.00,0.0000,0.00,0.00,0.00,10.46,Google Ads,A1796,2026-09-07T07:48:42.882130
798,20241126,6,11,2612,0,0,217.66,0,0,1799.00,0.0000,0.00,0.00,0.00,8.27,Google Ads,A1797,2026-09-07T07:48:42.882130
799,20241108,6,11,2612,0,0,180.63,0,0,1665.00,0.0000,0.00,0.00,0.00,9.22,Google Ads,A1798,2026-09-07T07:48:42.882130
800,20241127,11,11,2612,0,0,199.82,0,0,1639.00,0.0000,0.00,0.00,0.00,8.20,Google Ads,A1799,2026-09-07T07:48:42.882130
801,20241130,12,11,2612,0,0,248.90,0,0,1470.00,0.0000,0.00,0.00,0.00,5.91,Google Ads,A1800,2026-09-07T07:48:42.882130
802,20241105,8,11,2612,0,0,208.53,0,0,1863.00,0.0000,0.00,0.00,0.00,8.93,Google Ads,A1801,2026-09-07T07:48:42.882130
803,20241121,7,11,2612,0,0,210.21,0,0,1850.00,0.0000,0.00,0.00,0.00,8.80,Google Ads,A1802,2026-09-07T07:48:42.882130
804,20241114,5,11,2612,0,0,217.34,0,0,1199.00,0.0000,0.00,0.00,0.00,5.52,Google Ads,A1803,2026-09-07T07:48:42.882130
805,20241102,2,11,2612,0,0,215.61,0,0,1631.00,0.0000,0.00,0.00,0.00,7.56,Google Ads,A1804,2026-09-07T07:48:42.882130
806,20241129,6,11,2612,0,0,220.11,0,0,1262.00,0.0000,0.00,0.00,0.00,5.73,Google Ads,A1805,2026-09-07T07:48:42.882130
807,20241104,18,11,2612,0,0,233.58,0,0,1965.00,0.0000,0.00,0.00,0.00,8.41,Google Ads,A1806,2026-09-07T07:48:42.882130
808,20241101,14,11,2612,0,0,249.33,0,0,1129.00,0.0000,0.00,0.00,0.00,4.53,Google Ads,A1807,2026-09-07T07:48:42.882130
809,20241118,8,11,2612,0,0,227.55,0,0,1931.00,0.0000,0.00,0.00,0.00,8.49,Google Ads,A1808,2026-09-07T07:48:42.882130
810,20241121,15,11,2612,0,0,229.06,0,0,1086.00,0.0000,0.00,0.00,0.00,4.74,Google Ads,A1809,2026-09-07T07:48:42.882130
811,20241119,7,11,2612,0,0,213.90,0,0,1804.00,0.0000,0.00,0.00,0.00,8.43,Google Ads,A1810,2026-09-07T07:48:42.882130
812,20241126,13,11,2612,0,0,230.47,0,0,1779.00,0.0000,0.00,0.00,0.00,7.72,Google Ads,A1811,2026-09-07T07:48:42.882130
813,20241103,4,11,2612,0,0,220.76,0,0,1393.00,0.0000,0.00,0.00,0.00,6.31,Google Ads,A1812,2026-09-07T07:48:42.882130
814,20241128,7,11,2612,0,0,180.12,0,0,1892.00,0.0000,0.00,0.00,0.00,10.50,Google Ads,A1813,2026-09-07T07:48:42.882130
815,20241124,16,11,2612,0,0,191.67,0,0,0.00,0.0000,0.00,0.00,0.00,0.00,Google Ads,A1814,2026-09-07T07:48:42.882130
816,20241126,1,11,2612,0,0,232.38,0,0,1568.00,0.0000,0.00,0.00,0.00,6.75,Google Ads,A1815,2026-09-07T07:48:42.882130
817,20241124,15,11,2612,0,0,211.88,0,0,1223.00,0.0000,0.00,0.00,0.00,5.77,Google Ads,A1816,2026-09-07T07:48:42.882130
818,20241110,10,11,2612,0,0,237.24,0,0,1062.00,0.0000,0.00,0.00,0.00,4.48,Google Ads,A1817,2026-09-07T07:48:42.882130
819,20241130,16,11,2612,0,0,182.94,0,0,1927.00,0.0000,0.00,0.00,0.00,10.53,Google Ads,A1818,2026-09-07T07:48:42.882130
820,20241124,11,11,2612,0,0,232.35,0,0,1988.00,0.0000,0.00,0.00,0.00,8.56,Google Ads,A1819,2026-09-07T07:48:42.882130
821,20241117,14,11,2612,0,0,220.67,0,0,1890.00,0.0000,0.00,0.00,0.00,8.56,Google Ads,A1820,2026-09-07T07:48:42.882130
822,20241125,11,11,2612,0,0,234.73,0,0,1361.00,0.0000,0.00,0.00,0.00,5.80,Google Ads,A1821,2026-09-07T07:48:42.882130
823,20241106,13,11,2612,0,0,189.36,0,0,1572.00,0.0000,0.00,0.00,0.00,8.30,Google Ads,A1822,2026-09-07T07:48:42.882130
824,20241113,14,11,2612,0,0,184.83,0,0,1802.00,0.0000,0.00,0.00,0.00,9.75,Google Ads,A1823,2026-09-07T07:48:42.882130
825,20241104,5,11,2612,0,0,239.21,0,0,1215.00,0.0000,0.00,0.00,0.00,5.08,Google Ads,A1824,2026-09-07T07:48:42.882130
826,20241101,11,11,2612,0,0,233.79,0,0,1571.00,0.0000,0.00,0.00,0.00,6.72,Google Ads,A1825,2026-09-07T07:48:42.882130
827,20241115,11,11,2612,0,0,248.65,0,0,1160.00,0.0000,0.00,0.00,0.00,4.67,Google Ads,A1826,2026-09-07T07:48:42.882130
828,20241108,2,11,2612,0,0,209.82,0,0,1491.00,0.0000,0.00,0.00,0.00,7.11,Google Ads,A1827,2026-09-07T07:48:42.882130
829,20241119,14,11,2612,0,0,211.62,0,0,1669.00,0.0000,0.00,0.00,0.00,7.89,Google Ads,A1828,2026-09-07T07:48:42.882130
830,20241111,10,11,2612,0,0,242.54,0,0,1278.00,0.0000,0.00,0.00,0.00,5.27,Google Ads,A1829,2026-09-07T07:48:42.882130
831,20241122,15,11,2612,0,0,216.29,0,0,0.00,0.0000,0.00,0.00,0.00,0.00,Google Ads,A1830,2026-09-07T07:48:42.882130
832,20241125,1,11,2612,0,0,185.94,0,0,1712.00,0.0000,0.00,0.00,0.00,9.21,Google Ads,A1831,2026-09-07T07:48:42.882130
833,20241130,15,11,2612,0,0,184.29,0,0,1703.00,0.0000,0.00,0.00,0.00,9.24,Google Ads,A1832,2026-09-07T07:48:42.882130
834,20241130,18,11,2612,0,0,196.88,0,0,1757.00,0.0000,0.00,0.00,0.00,8.92,Google Ads,A1833,2026-09-07T07:48:42.882130
835,20241106,14,11,2612,0,0,235.52,0,0,1568.00,0.0000,0.00,0.00,0.00,6.66,Google Ads,A1834,2026-09-07T07:48:42.882130
836,20241127,17,11,2612,0,0,244.35,0,0,1622.00,0.0000,0.00,0.00,0.00,6.64,Google Ads,A1835,2026-09-07T07:48:42.882130
837,20241122,9,11,2612,0,0,244.30,0,0,1832.00,0.0000,0.00,0.00,0.00,7.50,Google Ads,A1836,2026-09-07T07:48:42.882130
838,20241128,9,11,2612,0,0,189.59,0,0,1892.00,0.0000,0.00,0.00,0.00,9.98,Google Ads,A1837,2026-09-07T07:48:42.882130
839,20241113,4,11,2612,0,0,240.05,0,0,1054.00,0.0000,0.00,0.00,0.00,4.39,Google Ads,A1838,2026-09-07T07:48:42.882130
840,20241122,15,11,2612,0,0,211.10,0,0,0.00,0.0000,0.00,0.00,0.00,0.00,Google Ads,A1839,2026-09-07T07:48:42.882130
841,20241119,9,11,2612,0,0,245.13,0,0,1236.00,0.0000,0.00,0.00,0.00,5.04,Google Ads,A1840,2026-09-07T07:48:42.882130
842,20241114,14,11,2612,0,0,224.40,0,0,1330.00,0.0000,0.00,0.00,0.00,5.93,Google Ads,A1841,2026-09-07T07:48:42.882130
843,20241115,2,11,2612,0,0,207.23,0,0,1612.00,0.0000,0.00,0.00,0.00,7.78,Google Ads,A1842,2026-09-07T07:48:42.882130
844,20241127,13,11,2612,0,0,240.57,0,0,1483.00,0.0000,0.00,0.00,0.00,6.16,Google Ads,A1843,2026-09-07T07:48:42.882130
845,20241101,16,11,2612,0,0,216.70,0,0,0.00,0.0000,0.00,0.00,0.00,0.00,Google Ads,A1844,2026-09-07T07:48:42.882130
846,20241118,11,11,2612,0,0,208.09,0,0,1169.00,0.0000,0.00,0.00,0.00,5.62,Google Ads,A1845,2026-09-07T07:48:42.882130
847,20241115,1,11,2612,0,0,246.10,0,0,1074.00,0.0000,0.00,0.00,0.00,4.36,Google Ads,A1846,2026-09-07T07:48:42.882130
848,20241105,18,11,2612,0,0,227.60,0,0,1907.00,0.0000,0.00,0.00,0.00,8.38,Google Ads,A1847,2026-09-07T07:48:42.882130
849,20241125,5,11,2612,0,0,237.03,0,0,1255.00,0.0000,0.00,0.00,0.00,5.29,Google Ads,A1848,2026-09-07T07:48:42.882130
850,20241102,1,11,2612,0,0,227.24,0,0,1832.00,0.0000,0.00,0.00,0.00,8.06,Google Ads,A1849,2026-09-07T07:48:42.882130
851,20241124,9,11,2612,0,0,216.78,0,0,1997.00,0.0000,0.00,0.00,0.00,9.21,Google Ads,A1850,2026-09-07T07:48:42.882130
852,20241113,15,11,2612,0,0,199.61,0,0,0.00,0.0000,0.00,0.00,0.00,0.00,Google Ads,A1851,2026-09-07T07:48:42.882130
853,20241121,4,11,2612,0,0,189.42,0,0,1969.00,0.0000,0.00,0.00,0.00,10.39,Google Ads,A1852,2026-09-07T07:48:42.882130
854,20241104,8,11,2612,0,0,208.08,0,0,1297.00,0.0000,0.00,0.00,0.00,6.23,Google Ads,A1853,2026-09-07T07:48:42.882130
855,20241115,12,11,2612,0,0,249.24,0,0,1618.00,0.0000,0.00,0.00,0.00,6.49,Google Ads,A1854,2026-09-07T07:48:42.882130
856,20241125,3,11,2612,0,0,189.76,0,0,1357.00,0.0000,0.00,0.00,0.00,7.15,Google Ads,A1855,2026-09-07T07:48:42.882130
857,20241102,17,11,2612,0,0,218.24,0,0,1420.00,0.0000,0.00,0.00,0.00,6.51,Google Ads,A1856,2026-09-07T07:48:42.882130
858,20241129,7,11,2612,0,0,213.26,0,0,1807.00,0.0000,0.00,0.00,0.00,8.47,Google Ads,A1857,2026-09-07T07:48:42.882130
859,20241111,1,11,2612,0,0,228.27,0,0,1098.00,0.0000,0.00,0.00,0.00,4.81,Google Ads,A1858,2026-09-07T07:48:42.882130
860,20241104,7,11,2612,0,0,195.52,0,0,1553.00,0.0000,0.00,0.00,0.00,7.94,Google Ads,A1859,2026-09-07T07:48:42.882130
861,20241129,3,11,2612,0,0,210.80,0,0,1387.00,0.0000,0.00,0.00,0.00,6.58,Google Ads,A1860,2026-09-07T07:48:42.882130
862,20241109,17,11,2612,0,0,218.79,0,0,1679.00,0.0000,0.00,0.00,0.00,7.67,Google Ads,A1861,2026-09-07T07:48:42.882130
863,20241105,14,11,2612,0,0,184.79,0,0,1382.00,0.0000,0.00,0.00,0.00,7.48,Google Ads,A1862,2026-09-07T07:48:42.882130
864,20241107,13,11,2612,0,0,222.28,0,0,1506.00,0.0000,0.00,0.00,0.00,6.78,Google Ads,A1863,2026-09-07T07:48:42.882130
865,20241108,13,11,2612,0,0,197.89,0,0,0.00,0.0000,0.00,0.00,0.00,0.00,Google Ads,A1864,2026-09-07T07:48:42.882130
866,20241114,9,11,2612,0,0,237.69,0,0,1603.00,0.0000,0.00,0.00,0.00,6.74,Google Ads,A1865,2026-09-07T07:48:42.882130
867,20241129,14,11,2612,0,0,232.08,0,0,1405.00,0.0000,0.00,0.00,0.00,6.05,Google Ads,A1866,2026-09-07T07:48:42.882130
868,20241104,16,11,2612,0,0,224.14,0,0,1938.00,0.0000,0.00,0.00,0.00,8.65,Google Ads,A1867,2026-09-07T07:48:42.882130
869,20241115,13,11,2612,0,0,239.92,0,0,1381.00,0.0000,0.00,0.00,0.00,5.76,Google Ads,A1868,2026-09-07T07:48:42.882130
870,20241121,8,11,2612,0,0,241.21,0,0,1515.00,0.0000,0.00,0.00,0.00,6.28,Google Ads,A1869,2026-09-07T07:48:42.882130
871,20241112,8,11,2612,0,0,234.58,0,0,1165.00,0.0000,0.00,0.00,0.00,4.97,Google Ads,A1870,2026-09-07T07:48:42.882130
872,20241121,17,11,2612,0,0,245.96,0,0,1777.00,0.0000,0.00,0.00,0.00,7.22,Google Ads,A1871,2026-09-07T07:48:42.882130
873,20241122,16,11,2612,0,0,225.66,0,0,0.00,0.0000,0.00,0.00,0.00,0.00,Google Ads,A1872,2026-09-07T07:48:42.882130
874,20241113,10,11,2612,0,0,191.40,0,0,1764.00,0.0000,0.00,0.00,0.00,9.22,Google Ads,A1873,2026-09-07T07:48:42.882130
875,20241128,2,11,2612,0,0,244.40,0,0,1638.00,0.0000,0.00,0.00,0.00,6.70,Google Ads,A1874,2026-09-07T07:48:42.882130
876,20241112,17,11,2612,0,0,203.99,0,0,1375.00,0.0000,0.00,0.00,0.00,6.74,Google Ads,A1875,2026-09-07T07:48:42.882130
877,20241111,14,11,2612,0,0,193.57,0,0,1961.00,0.0000,0.00,0.00,0.00,10.13,Google Ads,A1876,2026-09-07T07:48:42.882130
878,20241106,15,11,2612,0,0,221.48,0,0,1062.00,0.0000,0.00,0.00,0.00,4.80,Google Ads,A1877,2026-09-07T07:48:42.882130
879,20241126,14,11,2612,0,0,232.01,0,0,1770.00,0.0000,0.00,0.00,0.00,7.63,Google Ads,A1878,2026-09-07T07:48:42.882130
880,20241111,16,11,2612,0,0,249.13,0,0,1951.00,0.0000,0.00,0.00,0.00,7.83,Google Ads,A1879,2026-09-07T07:48:42.882130
881,20241127,16,11,2612,0,0,213.12,0,0,1183.00,0.0000,0.00,0.00,0.00,5.55,Google Ads,A1880,2026-09-07T07:48:42.882130
882,20241120,7,11,2612,0,0,241.97,0,0,1708.00,0.0000,0.00,0.00,0.00,7.06,Google Ads,A1881,2026-09-07T07:48:42.882130
883,20241111,10,11,2612,0,0,227.95,0,0,1423.00,0.0000,0.00,0.00,0.00,6.24,Google Ads,A1882,2026-09-07T07:48:42.882130
884,20241118,3,11,2612,0,0,0.00,0,0,1507.00,0.0000,0.00,0.00,0.00,0.00,Google Ads,A1883,2026-09-07T07:48:42.882130
885,20241120,6,11,2612,0,0,184.21,0,0,1353.00,0.0000,0.00,0.00,0.00,7.34,Google Ads,A1884,2026-09-07T07:48:42.882130
886,20241121,8,11,2612,0,0,223.90,0,0,1630.00,0.0000,0.00,0.00,0.00,7.28,Google Ads,A1885,2026-09-07T07:48:42.882130
887,20241120,13,11,2612,0,0,248.44,0,0,1719.00,0.0000,0.00,0.00,0.00,6.92,Google Ads,A1886,2026-09-07T07:48:42.882130
888,20241125,3,11,2612,0,0,245.33,0,0,1761.00,0.0000,0.00,0.00,0.00,7.18,Google Ads,A1887,2026-09-07T07:48:42.882130
889,20241105,11,11,2612,0,0,246.30,0,0,1346.00,0.0000,0.00,0.00,0.00,5.46,Google Ads,A1888,2026-09-07T07:48:42.882130
890,20241108,18,11,2612,0,0,242.00,0,0,1699.00,0.0000,0.00,0.00,0.00,7.02,Google Ads,A1889,2026-09-07T07:48:42.882130
891,20241118,6,11,2612,0,0,183.96,0,0,1054.00,0.0000,0.00,0.00,0.00,5.73,Google Ads,A1890,2026-09-07T07:48:42.882130
892,20241101,12,11,2612,0,0,191.55,0,0,1756.00,0.0000,0.00,0.00,0.00,9.17,Google Ads,A1891,2026-09-07T07:48:42.882130
893,20241122,17,11,2612,0,0,225.82,0,0,1530.00,0.0000,0.00,0.00,0.00,6.78,Google Ads,A1892,2026-09-07T07:48:42.882130
894,20241117,18,11,2612,0,0,217.27,0,0,1515.00,0.0000,0.00,0.00,0.00,6.97,Google Ads,A1893,2026-09-07T07:48:42.882130
895,20241101,13,11,2612,0,0,229.01,0,0,1438.00,0.0000,0.00,0.00,0.00,6.28,Google Ads,A1894,2026-09-07T07:48:42.882130
896,20241117,6,11,2612,0,0,189.14,0,0,1250.00,0.0000,0.00,0.00,0.00,6.61,Google Ads,A1895,2026-09-07T07:48:42.882130
897,20241114,16,11,2612,0,0,188.21,0,0,1087.00,0.0000,0.00,0.00,0.00,5.78,Google Ads,A1896,2026-09-07T07:48:42.882130
898,20241109,14,11,2612,0,0,219.15,0,0,1487.00,0.0000,0.00,0.00,0.00,6.79,Google Ads,A1897,2026-09-07T07:48:42.882130
899,20241122,18,11,2612,0,0,228.30,0,0,1426.00,0.0000,0.00,0.00,0.00,6.25,Google Ads,A1898,2026-09-07T07:48:42.882130
900,20241111,14,11,2612,0,0,239.42,0,0,0.00,0.0000,0.00,0.00,0.00,0.00,Google Ads,A1899,2026-09-07T07:48:42.882130
901,20241114,18,11,2612,0,0,231.45,0,0,0.00,0.0000,0.00,0.00,0.00,0.00,Google Ads,A1900,2026-09-07T07:48:42.882130
902,20241130,3,11,2612,0,0,191.68,0,0,1460.00,0.0000,0.00,0.00,0.00,7.62,Google Ads,A1901,2026-09-07T07:48:42.882130
903,20241102,6,11,2612,0,0,238.94,0,0,1016.00,0.0000,0.00,0.00,0.00,4.25,Google Ads,A1902,2026-09-07T07:48:42.882130
904,20241121,7,11,2612,0,0,214.29,0,0,1900.00,0.0000,0.00,0.00,0.00,8.87,Google Ads,A1903,2026-09-07T07:48:42.882130
905,20241124,4,11,2612,0,0,221.65,0,0,1937.00,0.0000,0.00,0.00,0.00,8.74,Google Ads,A1904,2026-09-07T07:48:42.882130
906,20241103,4,11,2612,0,0,223.28,0,0,1208.00,0.0000,0.00,0.00,0.00,5.41,Google Ads,A1905,2026-09-07T07:48:42.882130
907,20241105,4,11,2612,0,0,0.00,0,0,1695.00,0.0000,0.00,0.00,0.00,0.00,Google Ads,A1906,2026-09-07T07:48:42.882130
908,20241113,2,11,2612,0,0,228.74,0,0,1812.00,0.0000,0.00,0.00,0.00,7.92,Google Ads,A1907,2026-09-07T07:48:42.882130
909,20241125,16,11,2612,0,0,246.66,0,0,1354.00,0.0000,0.00,0.00,0.00,5.49,Google Ads,A1908,2026-09-07T07:48:42.882130
910,20241106,7,11,2612,0,0,242.17,0,0,1719.00,0.0000,0.00,0.00,0.00,7.10,Google Ads,A1909,2026-09-07T07:48:42.882130
911,20241126,7,11,2612,0,0,219.08,0,0,1295.00,0.0000,0.00,0.00,0.00,5.91,Google Ads,A1910,2026-09-07T07:48:42.882130
912,20241109,11,11,2612,0,0,243.19,0,0,1593.00,0.0000,0.00,0.00,0.00,6.55,Google Ads,A1911,2026-09-07T07:48:42.882130
913,20241123,10,11,2612,0,0,184.25,0,0,1986.00,0.0000,0.00,0.00,0.00,10.78,Google Ads,A1912,2026-09-07T07:48:42.882130
914,20241128,2,11,2612,0,0,0.00,0,0,1951.00,0.0000,0.00,0.00,0.00,0.00,Google Ads,A1913,2026-09-07T07:48:42.882130
915,20241119,15,11,2612,0,0,222.65,0,0,0.00,0.0000,0.00,0.00,0.00,0.00,Google Ads,A1914,2026-09-07T07:48:42.882130
916,20241115,7,11,2612,0,0,236.57,0,0,1001.00,0.0000,0.00,0.00,0.00,4.23,Google Ads,A1915,2026-09-07T07:48:42.882130
917,20241105,7,11,2612,0,0,237.60,0,0,0.00,0.0000,0.00,0.00,0.00,0.00,Google Ads,A1916,2026-09-07T07:48:42.882130
918,20241122,12,11,2612,0,0,202.89,0,0,1499.00,0.0000,0.00,0.00,0.00,7.39,Google Ads,A1917,2026-09-07T07:48:42.882130
919,20241118,1,11,2612,0,0,186.25,0,0,1978.00,0.0000,0.00,0.00,0.00,10.62,Google Ads,A1918,2026-09-07T07:48:42.882130
920,20241121,9,11,2612,0,0,180.64,0,0,1746.00,0.0000,0.00,0.00,0.00,9.67,Google Ads,A1919,2026-09-07T07:48:42.882130
921,20241121,3,11,2612,0,0,239.22,0,0,1222.00,0.0000,0.00,0.00,0.00,5.11,Google Ads,A1920,2026-09-07T07:48:42.882130
922,20241111,3,11,2612,0,0,187.85,0,0,1998.00,0.0000,0.00,0.00,0.00,10.64,Google Ads,A1921,2026-09-07T07:48:42.882130
923,20241117,17,11,2612,0,0,188.04,0,0,0.00,0.0000,0.00,0.00,0.00,0.00,Google Ads,A1922,2026-09-07T07:48:42.882130
924,20241116,3,11,2612,0,0,234.10,0,0,1150.00,0.0000,0.00,0.00,0.00,4.91,Google Ads,A1923,2026-09-07T07:48:42.882130
925,20241128,4,11,2612,0,0,205.37,0,0,1518.00,0.0000,0.00,0.00,0.00,7.39,Google Ads,A1924,2026-09-07T07:48:42.882130
926,20241113,15,11,2612,0,0,180.83,0,0,1082.00,0.0000,0.00,0.00,0.00,5.98,Google Ads,A1925,2026-09-07T07:48:42.882130
927,20241105,4,11,2612,0,0,203.54,0,0,1622.00,0.0000,0.00,0.00,0.00,7.97,Google Ads,A1926,2026-09-07T07:48:42.882130
928,20241104,13,11,2612,0,0,228.41,0,0,1035.00,0.0000,0.00,0.00,0.00,4.53,Google Ads,A1927,2026-09-07T07:48:42.882130
929,20241106,13,11,2612,0,0,208.74,0,0,1106.00,0.0000,0.00,0.00,0.00,5.30,Google Ads,A1928,2026-09-07T07:48:42.882130
930,20241113,15,11,2612,0,0,227.77,0,0,1272.00,0.0000,0.00,0.00,0.00,5.58,Google Ads,A1929,2026-09-07T07:48:42.882130
931,20241103,4,11,2612,0,0,245.86,0,0,1453.00,0.0000,0.00,0.00,0.00,5.91,Google Ads,A1930,2026-09-07T07:48:42.882130
932,20241129,4,11,2612,0,0,191.84,0,0,0.00,0.0000,0.00,0.00,0.00,0.00,Google Ads,A1931,2026-09-07T07:48:42.882130
933,20241122,13,11,2612,0,0,199.52,0,0,1694.00,0.0000,0.00,0.00,0.00,8.49,Google Ads,A1932,2026-09-07T07:48:42.882130
934,20241125,17,11,2612,0,0,205.22,0,0,1616.00,0.0000,0.00,0.00,0.00,7.87,Google Ads,A1933,2026-09-07T07:48:42.882130
935,20241122,7,11,2612,0,0,241.92,0,0,1553.00,0.0000,0.00,0.00,0.00,6.42,Google Ads,A1934,2026-09-07T07:48:42.882130
936,20241119,10,11,2612,0,0,242.14,0,0,1937.00,0.0000,0.00,0.00,0.00,8.00,Google Ads,A1935,2026-09-07T07:48:42.882130
937,20241104,6,11,2612,0,0,232.62,0,0,1802.00,0.0000,0.00,0.00,0.00,7.75,Google Ads,A1936,2026-09-07T07:48:42.882130
938,20241116,7,11,2612,0,0,180.73,0,0,1732.00,0.0000,0.00,0.00,0.00,9.58,Google Ads,A1937,2026-09-07T07:48:42.882130
939,20241101,18,11,2612,0,0,245.24,0,0,1165.00,0.0000,0.00,0.00,0.00,4.75,Google Ads,A1938,2026-09-07T07:48:42.882130
940,20241121,16,11,2612,0,0,226.26,0,0,1838.00,0.0000,0.00,0.00,0.00,8.12,Google Ads,A1939,2026-09-07T07:48:42.882130
941,20241108,4,11,2612,0,0,235.09,0,0,1334.00,0.0000,0.00,0.00,0.00,5.67,Google Ads,A1940,2026-09-07T07:48:42.882130
942,20241119,5,11,2612,0,0,194.14,0,0,1255.00,0.0000,0.00,0.00,0.00,6.46,Google Ads,A1941,2026-09-07T07:48:42.882130
943,20241123,10,11,2612,0,0,190.98,0,0,1521.00,0.0000,0.00,0.00,0.00,7.96,Google Ads,A1942,2026-09-07T07:48:42.882130
944,20241107,14,11,2612,0,0,230.29,0,0,1275.00,0.0000,0.00,0.00,0.00,5.54,Google Ads,A1943,2026-09-07T07:48:42.882130
945,20241120,9,11,2612,0,0,191.28,0,0,1204.00,0.0000,0.00,0.00,0.00,6.29,Google Ads,A1944,2026-09-07T07:48:42.882130
946,20241114,18,11,2612,0,0,238.62,0,0,1429.00,0.0000,0.00,0.00,0.00,5.99,Google Ads,A1945,2026-09-07T07:48:42.882130
947,20241102,7,11,2612,0,0,237.97,0,0,1155.00,0.0000,0.00,0.00,0.00,4.85,Google Ads,A1946,2026-09-07T07:48:42.882130
948,20241121,10,11,2612,0,0,204.09,0,0,1642.00,0.0000,0.00,0.00,0.00,8.05,Google Ads,A1947,2026-09-07T07:48:42.882130
949,20241105,6,11,2612,0,0,245.99,0,0,1054.00,0.0000,0.00,0.00,0.00,4.28,Google Ads,A1948,2026-09-07T07:48:42.882130
950,20241120,18,11,2612,0,0,193.29,0,0,1430.00,0.0000,0.00,0.00,0.00,7.40,Google Ads,A1949,2026-09-07T07:48:42.882130
951,20241108,12,11,2612,0,0,192.81,0,0,1722.00,0.0000,0.00,0.00,0.00,8.93,Google Ads,A1950,2026-09-07T07:48:42.882130
952,20241121,7,11,2612,0,0,198.52,0,0,1858.00,0.0000,0.00,0.00,0.00,9.36,Google Ads,A1951,2026-09-07T07:48:42.882130
953,20241123,12,11,2612,0,0,181.95,0,0,0.00,0.0000,0.00,0.00,0.00,0.00,Google Ads,A1952,2026-09-07T07:48:42.882130
954,20241121,4,11,2612,0,0,204.31,0,0,1936.00,0.0000,0.00,0.00,0.00,9.48,Google Ads,A1953,2026-09-07T07:48:42.882130
955,20241128,5,11,2612,0,0,206.40,0,0,1526.00,0.0000,0.00,0.00,0.00,7.39,Google Ads,A1954,2026-09-07T07:48:42.882130
956,20241115,13,11,2612,0,0,236.21,0,0,1461.00,0.0000,0.00,0.00,0.00,6.19,Google Ads,A1955,2026-09-07T07:48:42.882130
957,20241109,17,11,2612,0,0,245.91,0,0,1218.00,0.0000,0.00,0.00,0.00,4.95,Google Ads,A1956,2026-09-07T07:48:42.882130
958,20241116,8,11,2612,0,0,200.94,0,0,1820.00,0.0000,0.00,0.00,0.00,9.06,Google Ads,A1957,2026-09-07T07:48:42.882130
959,20241124,16,11,2612,0,0,234.02,0,0,0.00,0.0000,0.00,0.00,0.00,0.00,Google Ads,A1958,2026-09-07T07:48:42.882130
960,20241113,3,11,2612,0,0,224.36,0,0,1531.00,0.0000,0.00,0.00,0.00,6.82,Google Ads,A1959,2026-09-07T07:48:42.882130
961,20241115,7,11,2612,0,0,195.38,0,0,1228.00,0.0000,0.00,0.00,0.00,6.29,Google Ads,A1960,2026-09-07T07:48:42.882130
962,20241127,1,11,2612,0,0,205.26,0,0,1147.00,0.0000,0.00,0.00,0.00,5.59,Google Ads,A1961,2026-09-07T07:48:42.882130
963,20241110,4,11,2612,0,0,218.70,0,0,1366.00,0.0000,0.00,0.00,0.00,6.25,Google Ads,A1962,2026-09-07T07:48:42.882130
964,20241104,14,11,2612,0,0,242.71,0,0,1701.00,0.0000,0.00,0.00,0.00,7.01,Google Ads,A1963,2026-09-07T07:48:42.882130
965,20241123,12,11,2612,0,0,202.32,0,0,1963.00,0.0000,0.00,0.00,0.00,9.70,Google Ads,A1964,2026-09-07T07:48:42.882130
966,20241126,1,11,2612,0,0,228.62,0,0,1988.00,0.0000,0.00,0.00,0.00,8.70,Google Ads,A1965,2026-09-07T07:48:42.882130
967,20241107,4,11,2612,0,0,198.18,0,0,1002.00,0.0000,0.00,0.00,0.00,5.06,Google Ads,A1966,2026-09-07T07:48:42.882130
968,20241104,6,11,2612,0,0,199.30,0,0,1823.00,0.0000,0.00,0.00,0.00,9.15,Google Ads,A1967,2026-09-07T07:48:42.882130
969,20241114,7,11,2612,0,0,198.92,0,0,1063.00,0.0000,0.00,0.00,0.00,5.34,Google Ads,A1968,2026-09-07T07:48:42.882130
970,20241104,11,11,2612,0,0,202.62,0,0,1372.00,0.0000,0.00,0.00,0.00,6.77,Google Ads,A1969,2026-09-07T07:48:42.882130
971,20241123,13,11,2612,0,0,193.15,0,0,1639.00,0.0000,0.00,0.00,0.00,8.49,Google Ads,A1970,2026-09-07T07:48:42.882130
972,20241116,6,11,2612,0,0,236.37,0,0,1861.00,0.0000,0.00,0.00,0.00,7.87,Google Ads,A1971,2026-09-07T07:48:42.882130
973,20241117,13,11,2612,0,0,206.80,0,0,1573.00,0.0000,0.00,0.00,0.00,7.61,Google Ads,A1972,2026-09-07T07:48:42.882130
974,20241123,9,11,2612,0,0,236.92,0,0,1328.00,0.0000,0.00,0.00,0.00,5.61,Google Ads,A1973,2026-09-07T07:48:42.882130
975,20241123,16,11,2612,0,0,234.65,0,0,1470.00,0.0000,0.00,0.00,0.00,6.26,Google Ads,A1974,2026-09-07T07:48:42.882130
976,20241115,5,11,2612,0,0,189.36,0,0,1860.00,0.0000,0.00,0.00,0.00,9.82,Google Ads,A1975,2026-09-07T07:48:42.882130
977,20241122,10,11,2612,0,0,182.02,0,0,1979.00,0.0000,0.00,0.00,0.00,10.87,Google Ads,A1976,2026-09-07T07:48:42.882130
978,20241118,14,11,2612,0,0,217.81,0,0,1331.00,0.0000,0.00,0.00,0.00,6.11,Google Ads,A1977,2026-09-07T07:48:42.882130
979,20241125,14,11,2612,0,0,214.56,0,0,1881.00,0.0000,0.00,0.00,0.00,8.77,Google Ads,A1978,2026-09-07T07:48:42.882130
980,20241125,15,11,2612,0,0,230.13,0,0,1720.00,0.0000,0.00,0.00,0.00,7.47,Google Ads,A1979,2026-09-07T07:48:42.882130
981,20241124,16,11,2612,0,0,244.73,0,0,1066.00,0.0000,0.00,0.00,0.00,4.36,Google Ads,A1980,2026-09-07T07:48:42.882130
982,20241107,6,11,2612,0,0,219.66,0,0,0.00,0.0000,0.00,0.00,0.00,0.00,Google Ads,A1981,2026-09-07T07:48:42.882130
983,20241108,2,11,2612,0,0,196.18,0,0,1374.00,0.0000,0.00,0.00,0.00,7.00,Google Ads,A1982,2026-09-07T07:48:42.882130
984,20241122,17,11,2612,0,0,204.86,0,0,1268.00,0.0000,0.00,0.00,0.00,6.19,Google Ads,A1983,2026-09-07T07:48:42.882130
985,20241107,10,11,2612,0,0,247.49,0,0,1969.00,0.0000,0.00,0.00,0.00,7.96,Google Ads,A1984,2026-09-07T07:48:42.882130
986,20241105,5,11,2612,0,0,232.06,0,0,1893.00,0.0000,0.00,0.00,0.00,8.16,Google Ads,A1985,2026-09-07T07:48:42.882130
987,20241126,18,11,2612,0,0,209.84,0,0,1936.00,0.0000,0.00,0.00,0.00,9.23,Google Ads,A1986,2026-09-07T07:48:42.882130
988,20241107,3,11,2612,0,0,180.52,0,0,1532.00,0.0000,0.00,0.00,0.00,8.49,Google Ads,A1987,2026-09-07T07:48:42.882130
989,20241118,13,11,2612,0,0,200.61,0,0,1574.00,0.0000,0.00,0.00,0.00,7.85,Google Ads,A1988,2026-09-07T07:48:42.882130
990,20241107,7,11,2612,0,0,192.34,0,0,1997.00,0.0000,0.00,0.00,0.00,10.38,Google Ads,A1989,2026-09-07T07:48:42.882130
991,20241103,4,11,2612,0,0,231.42,0,0,1114.00,0.0000,0.00,0.00,0.00,4.81,Google Ads,A1990,2026-09-07T07:48:42.882130
992,20241113,18,11,2612,0,0,204.53,0,0,1620.00,0.0000,0.00,0.00,0.00,7.92,Google Ads,A1991,2026-09-07T07:48:42.882130
993,20241112,11,11,2612,0,0,192.53,0,0,1402.00,0.0000,0.00,0.00,0.00,7.28,Google Ads,A1992,2026-09-07T07:48:42.882130
994,20241106,9,11,2612,0,0,237.05,0,0,1846.00,0.0000,0.00,0.00,0.00,7.79,Google Ads,A1993,2026-09-07T07:48:42.882130
995,20241109,16,11,2612,0,0,205.72,0,0,1040.00,0.0000,0.00,0.00,0.00,5.06,Google Ads,A1994,2026-09-07T07:48:42.882130
996,20241129,12,11,2612,0,0,196.70,0,0,1515.00,0.0000,0.00,0.00,0.00,7.70,Google Ads,A1995,2026-09-07T07:48:42.882130
997,20241117,11,11,2612,0,0,218.40,0,0,1298.00,0.0000,0.00,0.00,0.00,5.94,Google Ads,A1996,2026-09-07T07:48:42.882130
998,20241114,6,11,2612,0,0,202.92,0,0,1226.00,0.0000,0.00,0.00,0.00,6.04,Google Ads,A1997,2026-09-07T07:48:42.882130
999,20241126,18,11,2612,0,0,202.80,0,0,1033.00,0.0000,0.00,0.00,0.00,5.09,Google Ads,A1998,2026-09-07T07:48:42.882130
1000,20241111,8,11,2612,0,0,210.87,0,0,1560.00,0.0000,0.00,0.00,0.00,7.40,Google Ads,A1999,2026-09-07T07:48:42.882130
1001,20241103,3,11,2612,0,0,228.63,0,0,1270.00,0.0000,0.00,0.00,0.00,5.55,Google Ads,A2000,2026-09-07T07:48:42.882130
1002,20241114,2,11,2612,0,0,207.42,0,0,1797.00,0.0000,0.00,0.00,0.00,8.66,Google Ads,A2001,2026-09-07T07:48:42.882130
1003,20241115,10,11,2612,0,0,243.80,0,0,1507.00,0.0000,0.00,0.00,0.00,6.18,Google Ads,A2002,2026-09-07T07:48:42.882130
1004,20241111,16,11,2612,0,0,240.76,0,0,1248.00,0.0000,0.00,0.00,0.00,5.18,Google Ads,A2003,2026-09-07T07:48:42.882130
1005,20241114,6,11,2612,0,0,193.25,0,0,1398.00,0.0000,0.00,0.00,0.00,7.23,Google Ads,A2004,2026-09-07T07:48:42.882130
1006,20241122,14,11,2612,0,0,249.33,0,0,1329.00,0.0000,0.00,0.00,0.00,5.33,Google Ads,A2005,2026-09-07T07:48:42.882130
1007,20241107,6,11,2612,0,0,223.95,0,0,1404.00,0.0000,0.00,0.00,0.00,6.27,Google Ads,A2006,2026-09-07T07:48:42.882130
1008,20241113,10,11,2612,0,0,198.66,0,0,1440.00,0.0000,0.00,0.00,0.00,7.25,Google Ads,A2007,2026-09-07T07:48:42.882130
1009,20241126,15,11,2612,0,0,242.12,0,0,1329.00,0.0000,0.00,0.00,0.00,5.49,Google Ads,A2008,2026-09-07T07:48:42.882130
1010,20241130,3,11,2612,0,0,198.98,0,0,1582.00,0.0000,0.00,0.00,0.00,7.95,Google Ads,A2009,2026-09-07T07:48:42.882130
1011,20241126,10,11,2612,0,0,197.01,0,0,1010.00,0.0000,0.00,0.00,0.00,5.13,Google Ads,A2010,2026-09-07T07:48:42.882130
1012,20241125,15,11,2612,0,0,0.00,0,0,1146.00,0.0000,0.00,0.00,0.00,0.00,Google Ads,A2011,2026-09-07T07:48:42.882130
1013,20241110,13,11,2612,0,0,205.72,0,0,1591.00,0.0000,0.00,0.00,0.00,7.73,Google Ads,A2012,2026-09-07T07:48:42.882130
1014,20241128,5,11,2612,0,0,241.15,0,0,1164.00,0.0000,0.00,0.00,0.00,4.83,Google Ads,A2013,2026-09-07T07:48:42.882130
1015,20241127,10,11,2612,0,0,198.49,0,0,1891.00,0.0000,0.00,0.00,0.00,9.53,Google Ads,A2014,2026-09-07T07:48:42.882130
1016,20241114,14,11,2612,0,0,247.95,0,0,1924.00,0.0000,0.00,0.00,0.00,7.76,Google Ads,A2015,2026-09-07T07:48:42.882130
1017,20241102,2,11,2612,0,0,237.89,0,0,1564.00,0.0000,0.00,0.00,0.00,6.57,Google Ads,A2016,2026-09-07T07:48:42.882130
1018,20241119,15,11,2612,0,0,227.43,0,0,1284.00,0.0000,0.00,0.00,0.00,5.65,Google Ads,A2017,2026-09-07T07:48:42.882130
1019,20241102,16,11,2612,0,0,246.56,0,0,1170.00,0.0000,0.00,0.00,0.00,4.75,Google Ads,A2018,2026-09-07T07:48:42.882130
1020,20241128,9,11,2612,0,0,231.35,0,0,1769.00,0.0000,0.00,0.00,0.00,7.65,Google Ads,A2019,2026-09-07T07:48:42.882130
1021,20241125,3,11,2612,0,0,213.34,0,0,1938.00,0.0000,0.00,0.00,0.00,9.08,Google Ads,A2020,2026-09-07T07:48:42.882130
1022,20241117,10,11,2612,0,0,198.27,0,0,1918.00,0.0000,0.00,0.00,0.00,9.67,Google Ads,A2021,2026-09-07T07:48:42.882130
1023,20241127,3,11,2612,0,0,226.92,0,0,0.00,0.0000,0.00,0.00,0.00,0.00,Google Ads,A2022,2026-09-07T07:48:42.882130
1024,20241101,15,11,2612,0,0,246.30,0,0,1530.00,0.0000,0.00,0.00,0.00,6.21,Google Ads,A2023,2026-09-07T07:48:42.882130
1025,20241107,17,11,2612,0,0,238.06,0,0,1750.00,0.0000,0.00,0.00,0.00,7.35,Google Ads,A2024,2026-09-07T07:48:42.882130
1026,20241110,18,11,2612,0,0,194.47,0,0,1429.00,0.0000,0.00,0.00,0.00,7.35,Google Ads,A2025,2026-09-07T07:48:42.882130
1027,20241126,17,11,2612,0,0,208.57,0,0,1072.00,0.0000,0.00,0.00,0.00,5.14,Google Ads,A2026,2026-09-07T07:48:42.882130
1028,20241101,7,11,2612,0,0,233.68,0,0,1685.00,0.0000,0.00,0.00,0.00,7.21,Google Ads,A2027,2026-09-07T07:48:42.882130
1029,20241121,9,11,2612,0,0,213.68,0,0,1412.00,0.0000,0.00,0.00,0.00,6.61,Google Ads,A2028,2026-09-07T07:48:42.882130
1030,20241104,1,11,2612,0,0,228.68,0,0,1510.00,0.0000,0.00,0.00,0.00,6.60,Google Ads,A2029,2026-09-07T07:48:42.882130
1031,20241106,4,11,2612,0,0,0.00,0,0,1311.00,0.0000,0.00,0.00,0.00,0.00,Google Ads,A2030,2026-09-07T07:48:42.882130
1032,20241110,11,11,2612,0,0,226.95,0,0,1058.00,0.0000,0.00,0.00,0.00,4.66,Google Ads,A2031,2026-09-07T07:48:42.882130
1033,20241111,2,11,2612,0,0,206.88,0,0,1684.00,0.0000,0.00,0.00,0.00,8.14,Google Ads,A2032,2026-09-07T07:48:42.882130
1034,20241103,16,11,2612,0,0,207.81,0,0,1313.00,0.0000,0.00,0.00,0.00,6.32,Google Ads,A2033,2026-09-07T07:48:42.882130
1035,20241116,12,11,2612,0,0,190.49,0,0,1234.00,0.0000,0.00,0.00,0.00,6.48,Google Ads,A2034,2026-09-07T07:48:42.882130
1036,20241121,13,11,2612,0,0,224.80,0,0,0.00,0.0000,0.00,0.00,0.00,0.00,Google Ads,A2035,2026-09-07T07:48:42.882130
1037,20241117,17,11,2612,0,0,205.13,0,0,1208.00,0.0000,0.00,0.00,0.00,5.89,Google Ads,A2036,2026-09-07T07:48:42.882130
1038,20241122,1,11,2612,0,0,213.00,0,0,0.00,0.0000,0.00,0.00,0.00,0.00,Google Ads,A2037,2026-09-07T07:48:42.882130
1039,20241107,11,11,2612,0,0,224.03,0,0,1765.00,0.0000,0.00,0.00,0.00,7.88,Google Ads,A2038,2026-09-07T07:48:42.882130
1040,20241123,17,11,2612,0,0,218.69,0,0,1834.00,0.0000,0.00,0.00,0.00,8.39,Google Ads,A2039,2026-09-07T07:48:42.882130
1041,20241101,8,11,2612,0,0,220.30,0,0,1801.00,0.0000,0.00,0.00,0.00,8.18,Google Ads,A2040,2026-09-07T07:48:42.882130
1042,20241101,15,11,2612,0,0,245.26,0,0,1384.00,0.0000,0.00,0.00,0.00,5.64,Google Ads,A2041,2026-09-07T07:48:42.882130
1043,20241110,16,11,2612,0,0,225.48,0,0,1658.00,0.0000,0.00,0.00,0.00,7.35,Google Ads,A2042,2026-09-07T07:48:42.882130
1044,20241110,14,11,2612,0,0,190.25,0,0,1677.00,0.0000,0.00,0.00,0.00,8.81,Google Ads,A2043,2026-09-07T07:48:42.882130
1045,20241120,4,11,2612,0,0,244.72,0,0,1962.00,0.0000,0.00,0.00,0.00,8.02,Google Ads,A2044,2026-09-07T07:48:42.882130
1046,20241113,12,11,2612,0,0,240.35,0,0,1214.00,0.0000,0.00,0.00,0.00,5.05,Google Ads,A2045,2026-09-07T07:48:42.882130
1047,20241129,6,11,2612,0,0,184.36,0,0,1218.00,0.0000,0.00,0.00,0.00,6.61,Google Ads,A2046,2026-09-07T07:48:42.882130
1048,20241130,17,11,2612,0,0,237.67,0,0,1102.00,0.0000,0.00,0.00,0.00,4.64,Google Ads,A2047,2026-09-07T07:48:42.882130
1049,20241119,13,11,2612,0,0,228.82,0,0,1493.00,0.0000,0.00,0.00,0.00,6.52,Google Ads,A2048,2026-09-07T07:48:42.882130
1050,20241108,9,11,2612,0,0,194.91,0,0,1607.00,0.0000,0.00,0.00,0.00,8.24,Google Ads,A2049,2026-09-07T07:48:42.882130
1051,20241112,15,11,2612,0,0,194.99,0,0,1928.00,0.0000,0.00,0.00,0.00,9.89,Google Ads,A2050,2026-09-07T07:48:42.882130
1052,20241121,10,11,2612,0,0,191.03,0,0,1125.00,0.0000,0.00,0.00,0.00,5.89,Google Ads,A2051,2026-09-07T07:48:42.882130
1053,20241105,15,11,2612,0,0,245.27,0,0,0.00,0.0000,0.00,0.00,0.00,0.00,Google Ads,A2052,2026-09-07T07:48:42.882130
1054,20241125,2,11,2612,0,0,181.68,0,0,1456.00,0.0000,0.00,0.00,0.00,8.01,Google Ads,A2053,2026-09-07T07:48:42.882130
1055,20241116,12,11,2612,0,0,223.43,0,0,1329.00,0.0000,0.00,0.00,0.00,5.95,Google Ads,A2054,2026-09-07T07:48:42.882130
1056,20241127,8,11,2612,0,0,233.49,0,0,1707.00,0.0000,0.00,0.00,0.00,7.31,Google Ads,A2055,2026-09-07T07:48:42.882130
1057,20241120,8,11,2612,0,0,204.87,0,0,1605.00,0.0000,0.00,0.00,0.00,7.83,Google Ads,A2056,2026-09-07T07:48:42.882130
1058,20241121,6,11,2612,0,0,242.33,0,0,1391.00,0.0000,0.00,0.00,0.00,5.74,Google Ads,A2057,2026-09-07T07:48:42.882130
1059,20241122,15,11,2612,0,0,222.14,0,0,0.00,0.0000,0.00,0.00,0.00,0.00,Google Ads,A2058,2026-09-07T07:48:42.882130
1060,20241125,3,11,2612,0,0,194.23,0,0,1394.00,0.0000,0.00,0.00,0.00,7.18,Google Ads,A2059,2026-09-07T07:48:42.882130
1061,20241122,15,11,2612,0,0,196.42,0,0,1707.00,0.0000,0.00,0.00,0.00,8.69,Google Ads,A2060,2026-09-07T07:48:42.882130
1062,20241121,8,11,2612,0,0,201.90,0,0,1452.00,0.0000,0.00,0.00,0.00,7.19,Google Ads,A2061,2026-09-07T07:48:42.882130
1063,20241128,4,11,2612,0,0,190.84,0,0,1925.00,0.0000,0.00,0.00,0.00,10.09,Google Ads,A2062,2026-09-07T07:48:42.882130
1064,20241118,5,11,2612,0,0,234.79,0,0,1783.00,0.0000,0.00,0.00,0.00,7.59,Google Ads,A2063,2026-09-07T07:48:42.882130
1065,20241109,4,11,2612,0,0,224.07,0,0,1070.00,0.0000,0.00,0.00,0.00,4.78,Google Ads,A2064,2026-09-07T07:48:42.882130
1066,20241127,8,11,2612,0,0,233.77,0,0,1101.00,0.0000,0.00,0.00,0.00,4.71,Google Ads,A2065,2026-09-07T07:48:42.882130
1067,20241107,14,11,2612,0,0,228.30,0,0,1456.00,0.0000,0.00,0.00,0.00,6.38,Google Ads,A2066,2026-09-07T07:48:42.882130
1068,20241118,4,11,2612,0,0,236.03,0,0,1906.00,0.0000,0.00,0.00,0.00,8.08,Google Ads,A2067,2026-09-07T07:48:42.882130
1069,20241126,5,11,2612,0,0,245.33,0,0,1248.00,0.0000,0.00,0.00,0.00,5.09,Google Ads,A2068,2026-09-07T07:48:42.882130
1070,20241126,13,11,2612,0,0,184.37,0,0,1098.00,0.0000,0.00,0.00,0.00,5.96,Google Ads,A2069,2026-09-07T07:48:42.882130
1071,20241113,18,11,2612,0,0,221.93,0,0,1830.00,0.0000,0.00,0.00,0.00,8.25,Google Ads,A2070,2026-09-07T07:48:42.882130
1072,20241108,4,11,2612,0,0,219.77,0,0,1396.00,0.0000,0.00,0.00,0.00,6.35,Google Ads,A2071,2026-09-07T07:48:42.882130
1073,20241126,3,11,2612,0,0,231.72,0,0,1508.00,0.0000,0.00,0.00,0.00,6.51,Google Ads,A2072,2026-09-07T07:48:42.882130
1074,20241130,12,11,2612,0,0,200.36,0,0,1343.00,0.0000,0.00,0.00,0.00,6.70,Google Ads,A2073,2026-09-07T07:48:42.882130
1075,20241122,14,11,2612,0,0,0.00,0,0,1802.00,0.0000,0.00,0.00,0.00,0.00,Google Ads,A2074,2026-09-07T07:48:42.882130
1076,20241111,1,11,2612,0,0,237.95,0,0,1933.00,0.0000,0.00,0.00,0.00,8.12,Google Ads,A2075,2026-09-07T07:48:42.882130
1077,20241109,5,11,2612,0,0,228.72,0,0,1458.00,0.0000,0.00,0.00,0.00,6.37,Google Ads,A2076,2026-09-07T07:48:42.882130
1078,20241123,14,11,2612,0,0,233.95,0,0,1493.00,0.0000,0.00,0.00,0.00,6.38,Google Ads,A2077,2026-09-07T07:48:42.882130
1079,20241129,14,11,2612,0,0,242.24,0,0,1432.00,0.0000,0.00,0.00,0.00,5.91,Google Ads,A2078,2026-09-07T07:48:42.882130
1080,20241102,15,11,2612,0,0,192.89,0,0,1261.00,0.0000,0.00,0.00,0.00,6.54,Google Ads,A2079,2026-09-07T07:48:42.882130
1081,20241106,7,11,2612,0,0,232.56,0,0,1384.00,0.0000,0.00,0.00,0.00,5.95,Google Ads,A2080,2026-09-07T07:48:42.882130
1082,20241114,6,11,2612,0,0,182.23,0,0,1849.00,0.0000,0.00,0.00,0.00,10.15,Google Ads,A2081,2026-09-07T07:48:42.882130
1083,20241111,3,11,2612,0,0,202.00,0,0,1884.00,0.0000,0.00,0.00,0.00,9.33,Google Ads,A2082,2026-09-07T07:48:42.882130
1084,20241127,18,11,2612,0,0,234.62,0,0,1605.00,0.0000,0.00,0.00,0.00,6.84,Google Ads,A2083,2026-09-07T07:48:42.882130
1085,20241120,16,11,2612,0,0,204.41,0,0,1794.00,0.0000,0.00,0.00,0.00,8.78,Google Ads,A2084,2026-09-07T07:48:42.882130
1086,20241121,4,11,2612,0,0,180.04,0,0,1351.00,0.0000,0.00,0.00,0.00,7.50,Google Ads,A2085,2026-09-07T07:48:42.882130
1087,20241119,7,11,2612,0,0,230.17,0,0,1039.00,0.0000,0.00,0.00,0.00,4.51,Google Ads,A2086,2026-09-07T07:48:42.882130
1088,20241126,12,11,2612,0,0,196.48,0,0,1227.00,0.0000,0.00,0.00,0.00,6.24,Google Ads,A2087,2026-09-07T07:48:42.882130
1089,20241112,5,11,2612,0,0,209.38,0,0,1645.00,0.0000,0.00,0.00,0.00,7.86,Google Ads,A2088,2026-09-07T07:48:42.882130
1090,20241121,13,11,2612,0,0,236.82,0,0,1927.00,0.0000,0.00,0.00,0.00,8.14,Google Ads,A2089,2026-09-07T07:48:42.882130
1091,20241110,1,11,2612,0,0,248.56,0,0,1671.00,0.0000,0.00,0.00,0.00,6.72,Google Ads,A2090,2026-09-07T07:48:42.882130
1092,20241118,2,11,2612,0,0,223.00,0,0,1614.00,0.0000,0.00,0.00,0.00,7.24,Google Ads,A2091,2026-09-07T07:48:42.882130
1093,20241127,2,11,2612,0,0,233.54,0,0,1636.00,0.0000,0.00,0.00,0.00,7.01,Google Ads,A2092,2026-09-07T07:48:42.882130
1094,20241106,14,11,2612,0,0,218.47,0,0,1200.00,0.0000,0.00,0.00,0.00,5.49,Google Ads,A2093,2026-09-07T07:48:42.882130
1095,20241106,3,11,2612,0,0,240.68,0,0,1361.00,0.0000,0.00,0.00,0.00,5.65,Google Ads,A2094,2026-09-07T07:48:42.882130
1096,20241125,17,11,2612,0,0,221.05,0,0,0.00,0.0000,0.00,0.00,0.00,0.00,Google Ads,A2095,2026-09-07T07:48:42.882130
1097,20241115,10,11,2612,0,0,211.08,0,0,1276.00,0.0000,0.00,0.00,0.00,6.05,Google Ads,A2096,2026-09-07T07:48:42.882130
1098,20241104,13,11,2612,0,0,198.90,0,0,1706.00,0.0000,0.00,0.00,0.00,8.58,Google Ads,A2097,2026-09-07T07:48:42.882130
1099,20241109,6,11,2612,0,0,232.03,0,0,1613.00,0.0000,0.00,0.00,0.00,6.95,Google Ads,A2098,2026-09-07T07:48:42.882130
1100,20241124,18,11,2612,0,0,206.78,0,0,1222.00,0.0000,0.00,0.00,0.00,5.91,Google Ads,A2099,2026-09-07T07:48:42.882130
1101,20241116,14,11,2612,0,0,198.79,0,0,1980.00,0.0000,0.00,0.00,0.00,9.96,Google Ads,A2100,2026-09-07T07:48:42.882130
1102,20241115,12,11,2612,0,0,188.53,0,0,1311.00,0.0000,0.00,0.00,0.00,6.95,Google Ads,A2101,2026-09-07T07:48:42.882130
1103,20241130,8,11,2612,0,0,200.81,0,0,1199.00,0.0000,0.00,0.00,0.00,5.97,Google Ads,A2102,2026-09-07T07:48:42.882130
1104,20241101,2,11,2612,0,0,243.60,0,0,1954.00,0.0000,0.00,0.00,0.00,8.02,Google Ads,A2103,2026-09-07T07:48:42.882130
1105,20241119,17,11,2612,0,0,231.23,0,0,1936.00,0.0000,0.00,0.00,0.00,8.37,Google Ads,A2104,2026-09-07T07:48:42.882130
1106,20241125,8,11,2612,0,0,217.93,0,0,1457.00,0.0000,0.00,0.00,0.00,6.69,Google Ads,A2105,2026-09-07T07:48:42.882130
1107,20241111,14,11,2612,0,0,194.12,0,0,1721.00,0.0000,0.00,0.00,0.00,8.87,Google Ads,A2106,2026-09-07T07:48:42.882130
1108,20241122,14,11,2612,0,0,249.88,0,0,1327.00,0.0000,0.00,0.00,0.00,5.31,Google Ads,A2107,2026-09-07T07:48:42.882130
1109,20241122,6,11,2612,0,0,204.50,0,0,1510.00,0.0000,0.00,0.00,0.00,7.38,Google Ads,A2108,2026-09-07T07:48:42.882130
1110,20241129,8,11,2612,0,0,197.28,0,0,1701.00,0.0000,0.00,0.00,0.00,8.62,Google Ads,A2109,2026-09-07T07:48:42.882130
1111,20241117,2,11,2612,0,0,234.18,0,0,1449.00,0.0000,0.00,0.00,0.00,6.19,Google Ads,A2110,2026-09-07T07:48:42.882130
1112,20241108,6,11,2612,0,0,211.41,0,0,1764.00,0.0000,0.00,0.00,0.00,8.34,Google Ads,A2111,2026-09-07T07:48:42.882130
1113,20241106,1,11,2612,0,0,213.46,0,0,1389.00,0.0000,0.00,0.00,0.00,6.51,Google Ads,A2112,2026-09-07T07:48:42.882130
1114,20241120,3,11,2612,0,0,214.23,0,0,2000.00,0.0000,0.00,0.00,0.00,9.34,Google Ads,A2113,2026-09-07T07:48:42.882130
1115,20241124,11,11,2612,0,0,214.49,0,0,1466.00,0.0000,0.00,0.00,0.00,6.83,Google Ads,A2114,2026-09-07T07:48:42.882130
1116,20241103,8,11,2612,0,0,229.69,0,0,1685.00,0.0000,0.00,0.00,0.00,7.34,Google Ads,A2115,2026-09-07T07:48:42.882130
1117,20241110,15,11,2612,0,0,202.55,0,0,1509.00,0.0000,0.00,0.00,0.00,7.45,Google Ads,A2116,2026-09-07T07:48:42.882130
1118,20241116,17,11,2612,0,0,193.96,0,0,1987.00,0.0000,0.00,0.00,0.00,10.24,Google Ads,A2117,2026-09-07T07:48:42.882130
1119,20241121,3,11,2612,0,0,0.00,0,0,1209.00,0.0000,0.00,0.00,0.00,0.00,Google Ads,A2118,2026-09-07T07:48:42.882130
1120,20241114,10,11,2612,0,0,227.93,0,0,1571.00,0.0000,0.00,0.00,0.00,6.89,Google Ads,A2119,2026-09-07T07:48:42.882130
1121,20241130,4,11,2612,0,0,244.42,0,0,1348.00,0.0000,0.00,0.00,0.00,5.52,Google Ads,A2120,2026-09-07T07:48:42.882130
1122,20241110,11,11,2612,0,0,246.27,0,0,0.00,0.0000,0.00,0.00,0.00,0.00,Google Ads,A2121,2026-09-07T07:48:42.882130
1123,20241123,3,11,2612,0,0,240.68,0,0,1332.00,0.0000,0.00,0.00,0.00,5.53,Google Ads,A2122,2026-09-07T07:48:42.882130
1124,20241106,2,11,2612,0,0,196.75,0,0,1434.00,0.0000,0.00,0.00,0.00,7.29,Google Ads,A2123,2026-09-07T07:48:42.882130
1125,20241126,2,11,2612,0,0,189.73,0,0,1851.00,0.0000,0.00,0.00,0.00,9.76,Google Ads,A2124,2026-09-07T07:48:42.882130
1126,20241126,7,11,2612,0,0,210.33,0,0,1883.00,0.0000,0.00,0.00,0.00,8.95,Google Ads,A2125,2026-09-07T07:48:42.882130
1127,20241108,14,11,2612,0,0,233.52,0,0,1301.00,0.0000,0.00,0.00,0.00,5.57,Google Ads,A2126,2026-09-07T07:48:42.882130
1128,20241115,17,11,2612,0,0,219.26,0,0,1377.00,0.0000,0.00,0.00,0.00,6.28,Google Ads,A2127,2026-09-07T07:48:42.882130
1129,20241125,6,11,2612,0,0,246.82,0,0,1020.00,0.0000,0.00,0.00,0.00,4.13,Google Ads,A2128,2026-09-07T07:48:42.882130
1130,20241124,14,11,2612,0,0,239.90,0,0,1383.00,0.0000,0.00,0.00,0.00,5.76,Google Ads,A2129,2026-09-07T07:48:42.882130
1131,20241130,15,11,2612,0,0,216.65,0,0,1714.00,0.0000,0.00,0.00,0.00,7.91,Google Ads,A2130,2026-09-07T07:48:42.882130
1132,20241125,17,11,2612,0,0,218.06,0,0,1476.00,0.0000,0.00,0.00,0.00,6.77,Google Ads,A2131,2026-09-07T07:48:42.882130
1133,20241120,14,11,2612,0,0,190.49,0,0,1509.00,0.0000,0.00,0.00,0.00,7.92,Google Ads,A2132,2026-09-07T07:48:42.882130
1134,20241112,16,11,2612,0,0,236.07,0,0,1288.00,0.0000,0.00,0.00,0.00,5.46,Google Ads,A2133,2026-09-07T07:48:42.882130
1135,20241125,2,11,2612,0,0,201.93,0,0,1462.00,0.0000,0.00,0.00,0.00,7.24,Google Ads,A2134,2026-09-07T07:48:42.882130
1136,20241101,4,11,2612,0,0,225.32,0,0,1622.00,0.0000,0.00,0.00,0.00,7.20,Google Ads,A2135,2026-09-07T07:48:42.882130
1137,20241113,18,11,2612,0,0,243.53,0,0,1195.00,0.0000,0.00,0.00,0.00,4.91,Google Ads,A2136,2026-09-07T07:48:42.882130
1138,20241126,16,11,2612,0,0,245.21,0,0,1227.00,0.0000,0.00,0.00,0.00,5.00,Google Ads,A2137,2026-09-07T07:48:42.882130
1139,20241109,10,11,2612,0,0,246.52,0,0,1579.00,0.0000,0.00,0.00,0.00,6.41,Google Ads,A2138,2026-09-07T07:48:42.882130
1140,20241101,11,11,2612,0,0,199.46,0,0,1362.00,0.0000,0.00,0.00,0.00,6.83,Google Ads,A2139,2026-09-07T07:48:42.882130
1141,20241102,15,11,2612,0,0,218.04,0,0,1410.00,0.0000,0.00,0.00,0.00,6.47,Google Ads,A2140,2026-09-07T07:48:42.882130
1142,20241114,10,11,2612,0,0,203.88,0,0,0.00,0.0000,0.00,0.00,0.00,0.00,Google Ads,A2141,2026-09-07T07:48:42.882130
1143,20241107,7,11,2612,0,0,192.83,0,0,1783.00,0.0000,0.00,0.00,0.00,9.25,Google Ads,A2142,2026-09-07T07:48:42.882130
1144,20241128,18,11,2612,0,0,203.25,0,0,0.00,0.0000,0.00,0.00,0.00,0.00,Google Ads,A2143,2026-09-07T07:48:42.882130
1145,20241122,2,11,2612,0,0,245.31,0,0,0.00,0.0000,0.00,0.00,0.00,0.00,Google Ads,A2144,2026-09-07T07:48:42.882130
1146,20241103,2,11,2612,0,0,202.85,0,0,1370.00,0.0000,0.00,0.00,0.00,6.75,Google Ads,A2145,2026-09-07T07:48:42.882130
1147,20241113,6,11,2612,0,0,181.70,0,0,1320.00,0.0000,0.00,0.00,0.00,7.26,Google Ads,A2146,2026-09-07T07:48:42.882130
1148,20241104,2,11,2612,0,0,220.65,0,0,1576.00,0.0000,0.00,0.00,0.00,7.14,Google Ads,A2147,2026-09-07T07:48:42.882130
1149,20241103,16,11,2612,0,0,231.64,0,0,1750.00,0.0000,0.00,0.00,0.00,7.55,Google Ads,A2148,2026-09-07T07:48:42.882130
1150,20241119,17,11,2612,0,0,182.54,0,0,1066.00,0.0000,0.00,0.00,0.00,5.84,Google Ads,A2149,2026-09-07T07:48:42.882130
1151,20241129,5,11,2612,0,0,220.09,0,0,1745.00,0.0000,0.00,0.00,0.00,7.93,Google Ads,A2150,2026-09-07T07:48:42.882130
1152,20241105,14,11,2612,0,0,190.93,0,0,1740.00,0.0000,0.00,0.00,0.00,9.11,Google Ads,A2151,2026-09-07T07:48:42.882130
1153,20241111,13,11,2612,0,0,198.93,0,0,1629.00,0.0000,0.00,0.00,0.00,8.19,Google Ads,A2152,2026-09-07T07:48:42.882130
1154,20241111,12,11,2612,0,0,184.84,0,0,1248.00,0.0000,0.00,0.00,0.00,6.75,Google Ads,A2153,2026-09-07T07:48:42.882130
1155,20241121,7,11,2612,0,0,235.23,0,0,0.00,0.0000,0.00,0.00,0.00,0.00,Google Ads,A2154,2026-09-07T07:48:42.882130
1156,20241107,9,11,2612,0,0,221.39,0,0,1332.00,0.0000,0.00,0.00,0.00,6.02,Google Ads,A2155,2026-09-07T07:48:42.882130
1157,20241112,15,11,2612,0,0,193.72,0,0,1696.00,0.0000,0.00,0.00,0.00,8.75,Google Ads,A2156,2026-09-07T07:48:42.882130
1158,20241118,1,11,2612,0,0,213.72,0,0,1476.00,0.0000,0.00,0.00,0.00,6.91,Google Ads,A2157,2026-09-07T07:48:42.882130
1159,20241115,14,11,2612,0,0,217.96,0,0,1037.00,0.0000,0.00,0.00,0.00,4.76,Google Ads,A2158,2026-09-07T07:48:42.882130
1160,20241114,18,11,2612,0,0,215.48,0,0,1660.00,0.0000,0.00,0.00,0.00,7.70,Google Ads,A2159,2026-09-07T07:48:42.882130
1161,20241126,14,11,2612,0,0,192.96,0,0,1504.00,0.0000,0.00,0.00,0.00,7.79,Google Ads,A2160,2026-09-07T07:48:42.882130
1162,20241119,9,11,2612,0,0,193.07,0,0,1412.00,0.0000,0.00,0.00,0.00,7.31,Google Ads,A2161,2026-09-07T07:48:42.882130
1163,20241123,12,11,2612,0,0,203.33,0,0,1555.00,0.0000,0.00,0.00,0.00,7.65,Google Ads,A2162,2026-09-07T07:48:42.882130
1164,20241118,5,11,2612,0,0,185.39,0,0,1649.00,0.0000,0.00,0.00,0.00,8.89,Google Ads,A2163,2026-09-07T07:48:42.882130
1165,20241113,1,11,2612,0,0,214.67,0,0,1735.00,0.0000,0.00,0.00,0.00,8.08,Google Ads,A2164,2026-09-07T07:48:42.882130
1166,20241101,18,11,2612,0,0,246.78,0,0,1268.00,0.0000,0.00,0.00,0.00,5.14,Google Ads,A2165,2026-09-07T07:48:42.882130
1167,20241111,15,11,2612,0,0,234.16,0,0,1556.00,0.0000,0.00,0.00,0.00,6.65,Google Ads,A2166,2026-09-07T07:48:42.882130
1168,20241120,17,11,2612,0,0,223.22,0,0,1581.00,0.0000,0.00,0.00,0.00,7.08,Google Ads,A2167,2026-09-07T07:48:42.882130
1169,20241130,17,11,2612,0,0,203.52,0,0,0.00,0.0000,0.00,0.00,0.00,0.00,Google Ads,A2168,2026-09-07T07:48:42.882130
1170,20241107,5,11,2612,0,0,205.53,0,0,1451.00,0.0000,0.00,0.00,0.00,7.06,Google Ads,A2169,2026-09-07T07:48:42.882130
1171,20241110,6,11,2612,0,0,244.62,0,0,1465.00,0.0000,0.00,0.00,0.00,5.99,Google Ads,A2170,2026-09-07T07:48:42.882130
1172,20241119,8,11,2612,0,0,190.53,0,0,1257.00,0.0000,0.00,0.00,0.00,6.60,Google Ads,A2171,2026-09-07T07:48:42.882130
1173,20241111,6,11,2612,0,0,208.46,0,0,1579.00,0.0000,0.00,0.00,0.00,7.57,Google Ads,A2172,2026-09-07T07:48:42.882130
1174,20241111,7,11,2612,0,0,248.70,0,0,1744.00,0.0000,0.00,0.00,0.00,7.01,Google Ads,A2173,2026-09-07T07:48:42.882130
1175,20241126,17,11,2612,0,0,223.85,0,0,1248.00,0.0000,0.00,0.00,0.00,5.58,Google Ads,A2174,2026-09-07T07:48:42.882130
1176,20241106,10,11,2612,0,0,186.60,0,0,1167.00,0.0000,0.00,0.00,0.00,6.25,Google Ads,A2175,2026-09-07T07:48:42.882130
1177,20241127,11,11,2612,0,0,202.95,0,0,1970.00,0.0000,0.00,0.00,0.00,9.71,Google Ads,A2176,2026-09-07T07:48:42.882130
1178,20241126,1,11,2612,0,0,249.23,0,0,1572.00,0.0000,0.00,0.00,0.00,6.31,Google Ads,A2177,2026-09-07T07:48:42.882130
1179,20241105,2,11,2612,0,0,182.01,0,0,1673.00,0.0000,0.00,0.00,0.00,9.19,Google Ads,A2178,2026-09-07T07:48:42.882130
1180,20241114,3,11,2612,0,0,245.40,0,0,0.00,0.0000,0.00,0.00,0.00,0.00,Google Ads,A2179,2026-09-07T07:48:42.882130
1181,20241106,1,11,2612,0,0,192.14,0,0,1500.00,0.0000,0.00,0.00,0.00,7.81,Google Ads,A2180,2026-09-07T07:48:42.882130
1182,20241107,12,11,2612,0,0,187.34,0,0,1669.00,0.0000,0.00,0.00,0.00,8.91,Google Ads,A2181,2026-09-07T07:48:42.882130
1183,20241111,4,11,2612,0,0,241.80,0,0,1430.00,0.0000,0.00,0.00,0.00,5.91,Google Ads,A2182,2026-09-07T07:48:42.882130
1184,20241115,11,11,2612,0,0,224.79,0,0,1895.00,0.0000,0.00,0.00,0.00,8.43,Google Ads,A2183,2026-09-07T07:48:42.882130
1185,20241124,6,11,2612,0,0,236.20,0,0,1990.00,0.0000,0.00,0.00,0.00,8.43,Google Ads,A2184,2026-09-07T07:48:42.882130
1186,20241101,4,11,2612,0,0,243.34,0,0,1482.00,0.0000,0.00,0.00,0.00,6.09,Google Ads,A2185,2026-09-07T07:48:42.882130
1187,20241106,18,11,2612,0,0,186.25,0,0,1968.00,0.0000,0.00,0.00,0.00,10.57,Google Ads,A2186,2026-09-07T07:48:42.882130
1188,20241106,18,11,2612,0,0,248.16,0,0,1027.00,0.0000,0.00,0.00,0.00,4.14,Google Ads,A2187,2026-09-07T07:48:42.882130
1189,20241106,7,11,2612,0,0,209.35,0,0,1964.00,0.0000,0.00,0.00,0.00,9.38,Google Ads,A2188,2026-09-07T07:48:42.882130
1190,20241128,12,11,2612,0,0,183.33,0,0,1942.00,0.0000,0.00,0.00,0.00,10.59,Google Ads,A2189,2026-09-07T07:48:42.882130
1191,20241113,5,11,2612,0,0,202.07,0,0,1037.00,0.0000,0.00,0.00,0.00,5.13,Google Ads,A2190,2026-09-07T07:48:42.882130
1192,20241116,3,11,2612,0,0,188.73,0,0,1623.00,0.0000,0.00,0.00,0.00,8.60,Google Ads,A2191,2026-09-07T07:48:42.882130
1193,20241122,4,11,2612,0,0,217.28,0,0,1610.00,0.0000,0.00,0.00,0.00,7.41,Google Ads,A2192,2026-09-07T07:48:42.882130
1194,20241115,13,11,2612,0,0,227.76,0,0,1748.00,0.0000,0.00,0.00,0.00,7.67,Google Ads,A2193,2026-09-07T07:48:42.882130
1195,20241102,18,11,2612,0,0,204.88,0,0,1359.00,0.0000,0.00,0.00,0.00,6.63,Google Ads,A2194,2026-09-07T07:48:42.882130
1196,20241116,14,11,2612,0,0,238.96,0,0,1321.00,0.0000,0.00,0.00,0.00,5.53,Google Ads,A2195,2026-09-07T07:48:42.882130
1197,20241117,9,11,2612,0,0,191.92,0,0,1070.00,0.0000,0.00,0.00,0.00,5.58,Google Ads,A2196,2026-09-07T07:48:42.882130
1198,20241103,9,11,2612,0,0,223.21,0,0,1317.00,0.0000,0.00,0.00,0.00,5.90,Google Ads,A2197,2026-09-07T07:48:42.882130
1199,20241113,10,11,2612,0,0,203.74,0,0,1763.00,0.0000,0.00,0.00,0.00,8.65,Google Ads,A2198,2026-09-07T07:48:42.882130
1200,20241120,11,11,2612,0,0,245.69,0,0,1366.00,0.0000,0.00,0.00,0.00,5.56,Google Ads,A2199,2026-09-07T07:48:42.882130
1201,20241107,1,11,2612,0,0,228.97,0,0,1304.00,0.0000,0.00,0.00,0.00,5.70,Google Ads,A2200,2026-09-07T07:48:42.882130
1202,20241127,16,11,2612,0,0,208.16,0,0,1913.00,0.0000,0.00,0.00,0.00,9.19,Google Ads,A2201,2026-09-07T07:48:42.882130
1203,20241123,15,11,2612,0,0,222.69,0,0,1690.00,0.0000,0.00,0.00,0.00,7.59,Google Ads,A2202,2026-09-07T07:48:42.882130
1204,20241130,7,11,2612,0,0,227.37,0,0,1412.00,0.0000,0.00,0.00,0.00,6.21,Google Ads,A2203,2026-09-07T07:48:42.882130
1205,20241125,6,11,2612,0,0,193.68,0,0,0.00,0.0000,0.00,0.00,0.00,0.00,Google Ads,A2204,2026-09-07T07:48:42.882130
1206,20241102,16,11,2612,0,0,225.22,0,0,1774.00,0.0000,0.00,0.00,0.00,7.88,Google Ads,A2205,2026-09-07T07:48:42.882130
1207,20241118,15,11,2612,0,0,215.76,0,0,1408.00,0.0000,0.00,0.00,0.00,6.53,Google Ads,A2206,2026-09-07T07:48:42.882130
1208,20241126,13,11,2612,0,0,187.71,0,0,1360.00,0.0000,0.00,0.00,0.00,7.25,Google Ads,A2207,2026-09-07T07:48:42.882130
1209,20241121,11,11,2612,0,0,222.49,0,0,1277.00,0.0000,0.00,0.00,0.00,5.74,Google Ads,A2208,2026-09-07T07:48:42.882130
1210,20241123,17,11,2612,0,0,210.28,0,0,0.00,0.0000,0.00,0.00,0.00,0.00,Google Ads,A2209,2026-09-07T07:48:42.882130
1211,20241121,10,11,2612,0,0,241.65,0,0,1786.00,0.0000,0.00,0.00,0.00,7.39,Google Ads,A2210,2026-09-07T07:48:42.882130
1212,20241126,14,11,2612,0,0,203.11,0,0,1517.00,0.0000,0.00,0.00,0.00,7.47,Google Ads,A2211,2026-09-07T07:48:42.882130
1213,20241130,11,11,2612,0,0,239.59,0,0,1592.00,0.0000,0.00,0.00,0.00,6.64,Google Ads,A2212,2026-09-07T07:48:42.882130
1214,20241108,4,11,2612,0,0,205.80,0,0,1220.00,0.0000,0.00,0.00,0.00,5.93,Google Ads,A2213,2026-09-07T07:48:42.882130
1215,20241108,6,11,2612,0,0,215.36,0,0,1363.00,0.0000,0.00,0.00,0.00,6.33,Google Ads,A2214,2026-09-07T07:48:42.882130
1216,20241119,15,11,2612,0,0,229.38,0,0,1896.00,0.0000,0.00,0.00,0.00,8.27,Google Ads,A2215,2026-09-07T07:48:42.882130
1217,20241123,1,11,2612,0,0,223.15,0,0,1661.00,0.0000,0.00,0.00,0.00,7.44,Google Ads,A2216,2026-09-07T07:48:42.882130
1218,20241117,5,11,2612,0,0,197.76,0,0,1181.00,0.0000,0.00,0.00,0.00,5.97,Google Ads,A2217,2026-09-07T07:48:42.882130
1219,20241103,13,11,2612,0,0,215.05,0,0,1483.00,0.0000,0.00,0.00,0.00,6.90,Google Ads,A2218,2026-09-07T07:48:42.882130
1220,20241124,18,11,2612,0,0,205.46,0,0,1853.00,0.0000,0.00,0.00,0.00,9.02,Google Ads,A2219,2026-09-07T07:48:42.882130
1221,20241103,4,11,2612,0,0,240.41,0,0,1399.00,0.0000,0.00,0.00,0.00,5.82,Google Ads,A2220,2026-09-07T07:48:42.882130
1222,20241121,13,11,2612,0,0,236.91,0,0,0.00,0.0000,0.00,0.00,0.00,0.00,Google Ads,A2221,2026-09-07T07:48:42.882130
1223,20241128,13,11,2612,0,0,209.67,0,0,1155.00,0.0000,0.00,0.00,0.00,5.51,Google Ads,A2222,2026-09-07T07:48:42.882130
1224,20241108,4,11,2612,0,0,216.16,0,0,1839.00,0.0000,0.00,0.00,0.00,8.51,Google Ads,A2223,2026-09-07T07:48:42.882130
1225,20241105,12,11,2612,0,0,185.09,0,0,1295.00,0.0000,0.00,0.00,0.00,7.00,Google Ads,A2224,2026-09-07T07:48:42.882130
1226,20241108,3,11,2612,0,0,221.93,0,0,1398.00,0.0000,0.00,0.00,0.00,6.30,Google Ads,A2225,2026-09-07T07:48:42.882130
1227,20241128,10,11,2612,0,0,210.94,0,0,1784.00,0.0000,0.00,0.00,0.00,8.46,Google Ads,A2226,2026-09-07T07:48:42.882130
1228,20241120,14,11,2612,0,0,198.40,0,0,1820.00,0.0000,0.00,0.00,0.00,9.17,Google Ads,A2227,2026-09-07T07:48:42.882130
1229,20241126,15,11,2612,0,0,212.98,0,0,1539.00,0.0000,0.00,0.00,0.00,7.23,Google Ads,A2228,2026-09-07T07:48:42.882130
1230,20241105,4,11,2612,0,0,234.25,0,0,1167.00,0.0000,0.00,0.00,0.00,4.98,Google Ads,A2229,2026-09-07T07:48:42.882130
1231,20241125,3,11,2612,0,0,188.22,0,0,1468.00,0.0000,0.00,0.00,0.00,7.80,Google Ads,A2230,2026-09-07T07:48:42.882130
1232,20241125,5,11,2612,0,0,197.54,0,0,1073.00,0.0000,0.00,0.00,0.00,5.43,Google Ads,A2231,2026-09-07T07:48:42.882130
1233,20241124,16,11,2612,0,0,194.96,0,0,1673.00,0.0000,0.00,0.00,0.00,8.58,Google Ads,A2232,2026-09-07T07:48:42.882130
1234,20241120,18,11,2612,0,0,185.57,0,0,1516.00,0.0000,0.00,0.00,0.00,8.17,Google Ads,A2233,2026-09-07T07:48:42.882130
1235,20241124,16,11,2612,0,0,243.57,0,0,1658.00,0.0000,0.00,0.00,0.00,6.81,Google Ads,A2234,2026-09-07T07:48:42.882130
1236,20241111,10,11,2612,0,0,206.54,0,0,1985.00,0.0000,0.00,0.00,0.00,9.61,Google Ads,A2235,2026-09-07T07:48:42.882130
1237,20241120,6,11,2612,0,0,216.48,0,0,1507.00,0.0000,0.00,0.00,0.00,6.96,Google Ads,A2236,2026-09-07T07:48:42.882130
1238,20241114,2,11,2612,0,0,249.09,0,0,0.00,0.0000,0.00,0.00,0.00,0.00,Google Ads,A2237,2026-09-07T07:48:42.882130
1239,20241112,1,11,2612,0,0,205.53,0,0,1766.00,0.0000,0.00,0.00,0.00,8.59,Google Ads,A2238,2026-09-07T07:48:42.882130
1240,20241109,3,11,2612,0,0,186.01,0,0,1625.00,0.0000,0.00,0.00,0.00,8.74,Google Ads,A2239,2026-09-07T07:48:42.882130
1241,20241125,15,11,2612,0,0,237.51,0,0,1904.00,0.0000,0.00,0.00,0.00,8.02,Google Ads,A2240,2026-09-07T07:48:42.882130
1242,20241119,3,11,2612,0,0,0.00,0,0,1165.00,0.0000,0.00,0.00,0.00,0.00,Google Ads,A2241,2026-09-07T07:48:42.882130
1243,20241108,11,11,2612,0,0,240.09,0,0,0.00,0.0000,0.00,0.00,0.00,0.00,Google Ads,A2242,2026-09-07T07:48:42.882130
1244,20241118,1,11,2612,0,0,0.00,0,0,1678.00,0.0000,0.00,0.00,0.00,0.00,Google Ads,A2243,2026-09-07T07:48:42.882130
1245,20241116,6,11,2612,0,0,195.42,0,0,1600.00,0.0000,0.00,0.00,0.00,8.19,Google Ads,A2244,2026-09-07T07:48:42.882130
1246,20241102,5,11,2612,0,0,244.34,0,0,0.00,0.0000,0.00,0.00,0.00,0.00,Google Ads,A2245,2026-09-07T07:48:42.882130
1247,20241116,12,11,2612,0,0,202.34,0,0,0.00,0.0000,0.00,0.00,0.00,0.00,Google Ads,A2246,2026-09-07T07:48:42.882130
1248,20241120,7,11,2612,0,0,236.47,0,0,1953.00,0.0000,0.00,0.00,0.00,8.26,Google Ads,A2247,2026-09-07T07:48:42.882130
1249,20241109,12,11,2612,0,0,209.54,0,0,1979.00,0.0000,0.00,0.00,0.00,9.44,Google Ads,A2248,2026-09-07T07:48:42.882130
1250,20241119,9,11,2612,0,0,198.39,0,0,1659.00,0.0000,0.00,0.00,0.00,8.36,Google Ads,A2249,2026-09-07T07:48:42.882130
1251,20241105,5,11,2612,0,0,202.72,0,0,1345.00,0.0000,0.00,0.00,0.00,6.63,Google Ads,A2250,2026-09-07T07:48:42.882130
1252,20241102,2,11,2612,0,0,198.44,0,0,1110.00,0.0000,0.00,0.00,0.00,5.59,Google Ads,A2251,2026-09-07T07:48:42.882130
1253,20241118,4,11,2612,0,0,222.70,0,0,1473.00,0.0000,0.00,0.00,0.00,6.61,Google Ads,A2252,2026-09-07T07:48:42.882130
1254,20241121,5,11,2612,0,0,225.59,0,0,1062.00,0.0000,0.00,0.00,0.00,4.71,Google Ads,A2253,2026-09-07T07:48:42.882130
1255,20241129,2,11,2612,0,0,196.67,0,0,1573.00,0.0000,0.00,0.00,0.00,8.00,Google Ads,A2254,2026-09-07T07:48:42.882130
1256,20241120,6,11,2612,0,0,223.36,0,0,1251.00,0.0000,0.00,0.00,0.00,5.60,Google Ads,A2255,2026-09-07T07:48:42.882130
1257,20241105,11,11,2612,0,0,224.29,0,0,1425.00,0.0000,0.00,0.00,0.00,6.35,Google Ads,A2256,2026-09-07T07:48:42.882130
1258,20241121,6,11,2612,0,0,187.74,0,0,1015.00,0.0000,0.00,0.00,0.00,5.41,Google Ads,A2257,2026-09-07T07:48:42.882130
1259,20241121,10,11,2612,0,0,224.72,0,0,1390.00,0.0000,0.00,0.00,0.00,6.19,Google Ads,A2258,2026-09-07T07:48:42.882130
1260,20241129,7,11,2612,0,0,183.89,0,0,1180.00,0.0000,0.00,0.00,0.00,6.42,Google Ads,A2259,2026-09-07T07:48:42.882130
1261,20241121,1,11,2612,0,0,201.56,0,0,1122.00,0.0000,0.00,0.00,0.00,5.57,Google Ads,A2260,2026-09-07T07:48:42.882130
1262,20241114,14,11,2612,0,0,204.04,0,0,1238.00,0.0000,0.00,0.00,0.00,6.07,Google Ads,A2261,2026-09-07T07:48:42.882130
1263,20241115,13,11,2612,0,0,193.53,0,0,1926.00,0.0000,0.00,0.00,0.00,9.95,Google Ads,A2262,2026-09-07T07:48:42.882130
1264,20241111,1,11,2612,0,0,196.66,0,0,1396.00,0.0000,0.00,0.00,0.00,7.10,Google Ads,A2263,2026-09-07T07:48:42.882130
1265,20241127,17,11,2612,0,0,181.58,0,0,1145.00,0.0000,0.00,0.00,0.00,6.31,Google Ads,A2264,2026-09-07T07:48:42.882130
1266,20241110,8,11,2612,0,0,243.13,0,0,1536.00,0.0000,0.00,0.00,0.00,6.32,Google Ads,A2265,2026-09-07T07:48:42.882130
1267,20241107,13,11,2612,0,0,186.52,0,0,1121.00,0.0000,0.00,0.00,0.00,6.01,Google Ads,A2266,2026-09-07T07:48:42.882130
1268,20241107,1,11,2612,0,0,194.74,0,0,1381.00,0.0000,0.00,0.00,0.00,7.09,Google Ads,A2267,2026-09-07T07:48:42.882130
1269,20241114,9,11,2612,0,0,220.87,0,0,1966.00,0.0000,0.00,0.00,0.00,8.90,Google Ads,A2268,2026-09-07T07:48:42.882130
1270,20241115,5,11,2612,0,0,187.19,0,0,1118.00,0.0000,0.00,0.00,0.00,5.97,Google Ads,A2269,2026-09-07T07:48:42.882130
1271,20241124,12,11,2612,0,0,216.65,0,0,1835.00,0.0000,0.00,0.00,0.00,8.47,Google Ads,A2270,2026-09-07T07:48:42.882130
1272,20241107,6,11,2612,0,0,212.08,0,0,1511.00,0.0000,0.00,0.00,0.00,7.12,Google Ads,A2271,2026-09-07T07:48:42.882130
1273,20241104,2,11,2612,0,0,223.30,0,0,1505.00,0.0000,0.00,0.00,0.00,6.74,Google Ads,A2272,2026-09-07T07:48:42.882130
1274,20241111,7,11,2612,0,0,195.50,0,0,1544.00,0.0000,0.00,0.00,0.00,7.90,Google Ads,A2273,2026-09-07T07:48:42.882130
1275,20241116,12,11,2612,0,0,236.75,0,0,1849.00,0.0000,0.00,0.00,0.00,7.81,Google Ads,A2274,2026-09-07T07:48:42.882130
1276,20241102,3,11,2612,0,0,224.45,0,0,1392.00,0.0000,0.00,0.00,0.00,6.20,Google Ads,A2275,2026-09-07T07:48:42.882130
1277,20241108,5,11,2612,0,0,199.27,0,0,1612.00,0.0000,0.00,0.00,0.00,8.09,Google Ads,A2276,2026-09-07T07:48:42.882130
1278,20241115,11,11,2612,0,0,233.06,0,0,1711.00,0.0000,0.00,0.00,0.00,7.34,Google Ads,A2277,2026-09-07T07:48:42.882130
1279,20241104,4,11,2612,0,0,231.04,0,0,1636.00,0.0000,0.00,0.00,0.00,7.08,Google Ads,A2278,2026-09-07T07:48:42.882130
1280,20241122,16,11,2612,0,0,218.34,0,0,1235.00,0.0000,0.00,0.00,0.00,5.66,Google Ads,A2279,2026-09-07T07:48:42.882130
1281,20241127,13,11,2612,0,0,214.43,0,0,1553.00,0.0000,0.00,0.00,0.00,7.24,Google Ads,A2280,2026-09-07T07:48:42.882130
1282,20241113,7,11,2612,0,0,191.96,0,0,1303.00,0.0000,0.00,0.00,0.00,6.79,Google Ads,A2281,2026-09-07T07:48:42.882130
1283,20241120,6,11,2612,0,0,0.00,0,0,0.00,0.0000,0.00,0.00,0.00,0.00,Google Ads,A2282,2026-09-07T07:48:42.882130
1284,20241114,11,11,2612,0,0,205.30,0,0,1326.00,0.0000,0.00,0.00,0.00,6.46,Google Ads,A2283,2026-09-07T07:48:42.882130
1285,20241129,5,11,2612,0,0,220.25,0,0,0.00,0.0000,0.00,0.00,0.00,0.00,Google Ads,A2284,2026-09-07T07:48:42.882130
1286,20241120,18,11,2612,0,0,237.09,0,0,1269.00,0.0000,0.00,0.00,0.00,5.35,Google Ads,A2285,2026-09-07T07:48:42.882130
1287,20241119,13,11,2612,0,0,182.29,0,0,1518.00,0.0000,0.00,0.00,0.00,8.33,Google Ads,A2286,2026-09-07T07:48:42.882130
1288,20241114,10,11,2612,0,0,0.00,0,0,1721.00,0.0000,0.00,0.00,0.00,0.00,Google Ads,A2287,2026-09-07T07:48:42.882130
1289,20241129,17,11,2612,0,0,0.00,0,0,1762.00,0.0000,0.00,0.00,0.00,0.00,Google Ads,A2288,2026-09-07T07:48:42.882130
1290,20241109,4,11,2612,0,0,190.65,0,0,1110.00,0.0000,0.00,0.00,0.00,5.82,Google Ads,A2289,2026-09-07T07:48:42.882130
1291,20241105,11,11,2612,0,0,248.96,0,0,1606.00,0.0000,0.00,0.00,0.00,6.45,Google Ads,A2290,2026-09-07T07:48:42.882130
1292,20241116,8,11,2612,0,0,182.15,0,0,1658.00,0.0000,0.00,0.00,0.00,9.10,Google Ads,A2291,2026-09-07T07:48:42.882130
1293,20241122,5,11,2612,0,0,241.81,0,0,1902.00,0.0000,0.00,0.00,0.00,7.87,Google Ads,A2292,2026-09-07T07:48:42.882130
1294,20241120,5,11,2612,0,0,228.65,0,0,1738.00,0.0000,0.00,0.00,0.00,7.60,Google Ads,A2293,2026-09-07T07:48:42.882130
1295,20241101,14,11,2612,0,0,229.01,0,0,1955.00,0.0000,0.00,0.00,0.00,8.54,Google Ads,A2294,2026-09-07T07:48:42.882130
1296,20241110,4,11,2612,0,0,195.91,0,0,1317.00,0.0000,0.00,0.00,0.00,6.72,Google Ads,A2295,2026-09-07T07:48:42.882130
1297,20241111,6,11,2612,0,0,210.50,0,0,1918.00,0.0000,0.00,0.00,0.00,9.11,Google Ads,A2296,2026-09-07T07:48:42.882130
1298,20241115,3,11,2612,0,0,201.10,0,0,1301.00,0.0000,0.00,0.00,0.00,6.47,Google Ads,A2297,2026-09-07T07:48:42.882130
1299,20241102,15,11,2612,0,0,213.96,0,0,1689.00,0.0000,0.00,0.00,0.00,7.89,Google Ads,A2298,2026-09-07T07:48:42.882130
1300,20241128,2,11,2612,0,0,203.07,0,0,1216.00,0.0000,0.00,0.00,0.00,5.99,Google Ads,A2299,2026-09-07T07:48:42.882130
1301,20241130,9,11,2612,0,0,203.08,0,0,1126.00,0.0000,0.00,0.00,0.00,5.54,Google Ads,A2300,2026-09-07T07:48:42.882130
1302,20241117,15,11,2612,0,0,208.78,0,0,1122.00,0.0000,0.00,0.00,0.00,5.37,Google Ads,A2301,2026-09-07T07:48:42.882130
1303,20241114,2,11,2612,0,0,205.75,0,0,1725.00,0.0000,0.00,0.00,0.00,8.38,Google Ads,A2302,2026-09-07T07:48:42.882130
1304,20241101,17,11,2612,0,0,241.24,0,0,1307.00,0.0000,0.00,0.00,0.00,5.42,Google Ads,A2303,2026-09-07T07:48:42.882130
1305,20241102,15,11,2612,0,0,249.38,0,0,1832.00,0.0000,0.00,0.00,0.00,7.35,Google Ads,A2304,2026-09-07T07:48:42.882130
1306,20241112,14,11,2612,0,0,249.37,0,0,1701.00,0.0000,0.00,0.00,0.00,6.82,Google Ads,A2305,2026-09-07T07:48:42.882130
1307,20241103,18,11,2612,0,0,241.95,0,0,1571.00,0.0000,0.00,0.00,0.00,6.49,Google Ads,A2306,2026-09-07T07:48:42.882130
1308,20241103,17,11,2612,0,0,198.99,0,0,1394.00,0.0000,0.00,0.00,0.00,7.01,Google Ads,A2307,2026-09-07T07:48:42.882130
1309,20241103,18,11,2612,0,0,188.18,0,0,1595.00,0.0000,0.00,0.00,0.00,8.48,Google Ads,A2308,2026-09-07T07:48:42.882130
1310,20241107,13,11,2612,0,0,219.39,0,0,1805.00,0.0000,0.00,0.00,0.00,8.23,Google Ads,A2309,2026-09-07T07:48:42.882130
1311,20241119,15,11,2612,0,0,247.76,0,0,1543.00,0.0000,0.00,0.00,0.00,6.23,Google Ads,A2310,2026-09-07T07:48:42.882130
1312,20241128,2,11,2612,0,0,231.62,0,0,1052.00,0.0000,0.00,0.00,0.00,4.54,Google Ads,A2311,2026-09-07T07:48:42.882130
1313,20241113,3,11,2612,0,0,186.68,0,0,1372.00,0.0000,0.00,0.00,0.00,7.35,Google Ads,A2312,2026-09-07T07:48:42.882130
1314,20241115,1,11,2612,0,0,236.52,0,0,1780.00,0.0000,0.00,0.00,0.00,7.53,Google Ads,A2313,2026-09-07T07:48:42.882130
1315,20241104,14,11,2612,0,0,191.92,0,0,1526.00,0.0000,0.00,0.00,0.00,7.95,Google Ads,A2314,2026-09-07T07:48:42.882130
1316,20241115,15,11,2612,0,0,194.73,0,0,1347.00,0.0000,0.00,0.00,0.00,6.92,Google Ads,A2315,2026-09-07T07:48:42.882130
1317,20241107,11,11,2612,0,0,219.43,0,0,1785.00,0.0000,0.00,0.00,0.00,8.13,Google Ads,A2316,2026-09-07T07:48:42.882130
1318,20241115,7,11,2612,0,0,229.63,0,0,1832.00,0.0000,0.00,0.00,0.00,7.98,Google Ads,A2317,2026-09-07T07:48:42.882130
1319,20241130,15,11,2612,0,0,193.25,0,0,1359.00,0.0000,0.00,0.00,0.00,7.03,Google Ads,A2318,2026-09-07T07:48:42.882130
1320,20241108,1,11,2612,0,0,218.16,0,0,1012.00,0.0000,0.00,0.00,0.00,4.64,Google Ads,A2319,2026-09-07T07:48:42.882130
1321,20241108,4,11,2612,0,0,220.75,0,0,1472.00,0.0000,0.00,0.00,0.00,6.67,Google Ads,A2320,2026-09-07T07:48:42.882130
1322,20241125,18,11,2612,0,0,202.54,0,0,1133.00,0.0000,0.00,0.00,0.00,5.59,Google Ads,A2321,2026-09-07T07:48:42.882130
1323,20241107,1,11,2612,0,0,217.61,0,0,1283.00,0.0000,0.00,0.00,0.00,5.90,Google Ads,A2322,2026-09-07T07:48:42.882130
1324,20241103,12,11,2612,0,0,226.67,0,0,1384.00,0.0000,0.00,0.00,0.00,6.11,Google Ads,A2323,2026-09-07T07:48:42.882130
1325,20241127,4,11,2612,0,0,188.58,0,0,1678.00,0.0000,0.00,0.00,0.00,8.90,Google Ads,A2324,2026-09-07T07:48:42.882130
1326,20241108,9,11,2612,0,0,247.45,0,0,1925.00,0.0000,0.00,0.00,0.00,7.78,Google Ads,A2325,2026-09-07T07:48:42.882130
1327,20241116,15,11,2612,0,0,211.28,0,0,1499.00,0.0000,0.00,0.00,0.00,7.09,Google Ads,A2326,2026-09-07T07:48:42.882130
1328,20241111,7,11,2612,0,0,233.19,0,0,0.00,0.0000,0.00,0.00,0.00,0.00,Google Ads,A2327,2026-09-07T07:48:42.882130
1329,20241108,17,11,2612,0,0,181.46,0,0,1734.00,0.0000,0.00,0.00,0.00,9.56,Google Ads,A2328,2026-09-07T07:48:42.882130
1330,20241116,18,11,2612,0,0,219.44,0,0,1659.00,0.0000,0.00,0.00,0.00,7.56,Google Ads,A2329,2026-09-07T07:48:42.882130
1331,20241104,13,11,2612,0,0,181.27,0,0,1195.00,0.0000,0.00,0.00,0.00,6.59,Google Ads,A2330,2026-09-07T07:48:42.882130
1332,20241111,1,11,2612,0,0,201.01,0,0,1472.00,0.0000,0.00,0.00,0.00,7.32,Google Ads,A2331,2026-09-07T07:48:42.882130
1333,20241115,6,11,2612,0,0,249.40,0,0,1761.00,0.0000,0.00,0.00,0.00,7.06,Google Ads,A2332,2026-09-07T07:48:42.882130
1334,20241108,5,11,2612,0,0,245.13,0,0,1080.00,0.0000,0.00,0.00,0.00,4.41,Google Ads,A2333,2026-09-07T07:48:42.882130
1335,20241105,16,11,2612,0,0,227.91,0,0,0.00,0.0000,0.00,0.00,0.00,0.00,Google Ads,A2334,2026-09-07T07:48:42.882130
1336,20241116,6,11,2612,0,0,235.69,0,0,1289.00,0.0000,0.00,0.00,0.00,5.47,Google Ads,A2335,2026-09-07T07:48:42.882130
1337,20241103,18,11,2612,0,0,207.53,0,0,1550.00,0.0000,0.00,0.00,0.00,7.47,Google Ads,A2336,2026-09-07T07:48:42.882130
1338,20241115,10,11,2612,0,0,205.25,0,0,1271.00,0.0000,0.00,0.00,0.00,6.19,Google Ads,A2337,2026-09-07T07:48:42.882130
1339,20241101,1,11,2612,0,0,242.90,0,0,1208.00,0.0000,0.00,0.00,0.00,4.97,Google Ads,A2338,2026-09-07T07:48:42.882130
1340,20241129,9,11,2612,0,0,238.34,0,0,1033.00,0.0000,0.00,0.00,0.00,4.33,Google Ads,A2339,2026-09-07T07:48:42.882130
1341,20241102,3,11,2612,0,0,203.60,0,0,1155.00,0.0000,0.00,0.00,0.00,5.67,Google Ads,A2340,2026-09-07T07:48:42.882130
1342,20241126,15,11,2612,0,0,237.56,0,0,1388.00,0.0000,0.00,0.00,0.00,5.84,Google Ads,A2341,2026-09-07T07:48:42.882130
1343,20241126,17,11,2612,0,0,223.99,0,0,1014.00,0.0000,0.00,0.00,0.00,4.53,Google Ads,A2342,2026-09-07T07:48:42.882130
1344,20241113,18,11,2612,0,0,183.21,0,0,1554.00,0.0000,0.00,0.00,0.00,8.48,Google Ads,A2343,2026-09-07T07:48:42.882130
1345,20241107,5,11,2612,0,0,200.71,0,0,0.00,0.0000,0.00,0.00,0.00,0.00,Google Ads,A2344,2026-09-07T07:48:42.882130
1346,20241125,6,11,2612,0,0,210.62,0,0,1192.00,0.0000,0.00,0.00,0.00,5.66,Google Ads,A2345,2026-09-07T07:48:42.882130
1347,20241126,18,11,2612,0,0,224.50,0,0,1876.00,0.0000,0.00,0.00,0.00,8.36,Google Ads,A2346,2026-09-07T07:48:42.882130
1348,20241128,2,11,2612,0,0,188.15,0,0,1264.00,0.0000,0.00,0.00,0.00,6.72,Google Ads,A2347,2026-09-07T07:48:42.882130
1349,20241119,9,11,2612,0,0,198.10,0,0,1870.00,0.0000,0.00,0.00,0.00,9.44,Google Ads,A2348,2026-09-07T07:48:42.882130
1350,20241102,4,11,2612,0,0,238.34,0,0,1130.00,0.0000,0.00,0.00,0.00,4.74,Google Ads,A2349,2026-09-07T07:48:42.882130
1351,20241107,17,11,2612,0,0,200.95,0,0,1503.00,0.0000,0.00,0.00,0.00,7.48,Google Ads,A2350,2026-09-07T07:48:42.882130
1352,20241114,1,11,2612,0,0,243.68,0,0,1204.00,0.0000,0.00,0.00,0.00,4.94,Google Ads,A2351,2026-09-07T07:48:42.882130
1353,20241102,1,11,2612,0,0,244.49,0,0,1579.00,0.0000,0.00,0.00,0.00,6.46,Google Ads,A2352,2026-09-07T07:48:42.882130
1354,20241107,12,11,2612,0,0,203.66,0,0,0.00,0.0000,0.00,0.00,0.00,0.00,Google Ads,A2353,2026-09-07T07:48:42.882130
1355,20241118,3,11,2612,0,0,214.04,0,0,1071.00,0.0000,0.00,0.00,0.00,5.00,Google Ads,A2354,2026-09-07T07:48:42.882130
1356,20241120,14,11,2612,0,0,229.12,0,0,1246.00,0.0000,0.00,0.00,0.00,5.44,Google Ads,A2355,2026-09-07T07:48:42.882130
1357,20241127,6,11,2612,0,0,195.17,0,0,1939.00,0.0000,0.00,0.00,0.00,9.93,Google Ads,A2356,2026-09-07T07:48:42.882130
1358,20241114,16,11,2612,0,0,202.06,0,0,1184.00,0.0000,0.00,0.00,0.00,5.86,Google Ads,A2357,2026-09-07T07:48:42.882130
1359,20241124,18,11,2612,0,0,186.29,0,0,1046.00,0.0000,0.00,0.00,0.00,5.61,Google Ads,A2358,2026-09-07T07:48:42.882130
1360,20241120,3,11,2612,0,0,204.86,0,0,1963.00,0.0000,0.00,0.00,0.00,9.58,Google Ads,A2359,2026-09-07T07:48:42.882130
1361,20241121,18,11,2612,0,0,240.50,0,0,1670.00,0.0000,0.00,0.00,0.00,6.94,Google Ads,A2360,2026-09-07T07:48:42.882130
1362,20241114,3,11,2612,0,0,246.23,0,0,1114.00,0.0000,0.00,0.00,0.00,4.52,Google Ads,A2361,2026-09-07T07:48:42.882130
1363,20241107,16,11,2612,0,0,209.44,0,0,1171.00,0.0000,0.00,0.00,0.00,5.59,Google Ads,A2362,2026-09-07T07:48:42.882130
1364,20241114,7,11,2612,0,0,243.72,0,0,1206.00,0.0000,0.00,0.00,0.00,4.95,Google Ads,A2363,2026-09-07T07:48:42.882130
1365,20241123,2,11,2612,0,0,200.16,0,0,1876.00,0.0000,0.00,0.00,0.00,9.37,Google Ads,A2364,2026-09-07T07:48:42.882130
1366,20241114,7,11,2612,0,0,239.05,0,0,1586.00,0.0000,0.00,0.00,0.00,6.63,Google Ads,A2365,2026-09-07T07:48:42.882130
1367,20241115,1,11,2612,0,0,230.55,0,0,1449.00,0.0000,0.00,0.00,0.00,6.28,Google Ads,A2366,2026-09-07T07:48:42.882130
1368,20241124,1,11,2612,0,0,232.47,0,0,1553.00,0.0000,0.00,0.00,0.00,6.68,Google Ads,A2367,2026-09-07T07:48:42.882130
1369,20241126,8,11,2612,0,0,196.30,0,0,1364.00,0.0000,0.00,0.00,0.00,6.95,Google Ads,A2368,2026-09-07T07:48:42.882130
1370,20241121,8,11,2612,0,0,187.59,0,0,1828.00,0.0000,0.00,0.00,0.00,9.74,Google Ads,A2369,2026-09-07T07:48:42.882130
1371,20241114,6,11,2612,0,0,0.00,0,0,1527.00,0.0000,0.00,0.00,0.00,0.00,Google Ads,A2370,2026-09-07T07:48:42.882130
1372,20241121,15,11,2612,0,0,226.38,0,0,1322.00,0.0000,0.00,0.00,0.00,5.84,Google Ads,A2371,2026-09-07T07:48:42.882130
1373,20241120,16,11,2612,0,0,211.39,0,0,1395.00,0.0000,0.00,0.00,0.00,6.60,Google Ads,A2372,2026-09-07T07:48:42.882130
1374,20241114,18,11,2612,0,0,0.00,0,0,1708.00,0.0000,0.00,0.00,0.00,0.00,Google Ads,A2373,2026-09-07T07:48:42.882130
1375,20241112,12,11,2612,0,0,247.13,0,0,1091.00,0.0000,0.00,0.00,0.00,4.41,Google Ads,A2374,2026-09-07T07:48:42.882130
1376,20241125,13,11,2612,0,0,226.53,0,0,1511.00,0.0000,0.00,0.00,0.00,6.67,Google Ads,A2375,2026-09-07T07:48:42.882130
1377,20241124,5,11,2612,0,0,240.29,0,0,1144.00,0.0000,0.00,0.00,0.00,4.76,Google Ads,A2376,2026-09-07T07:48:42.882130
1378,20241111,10,11,2612,0,0,243.81,0,0,1701.00,0.0000,0.00,0.00,0.00,6.98,Google Ads,A2377,2026-09-07T07:48:42.882130
1379,20241114,16,11,2612,0,0,184.52,0,0,1074.00,0.0000,0.00,0.00,0.00,5.82,Google Ads,A2378,2026-09-07T07:48:42.882130
1380,20241112,18,11,2612,0,0,235.45,0,0,1025.00,0.0000,0.00,0.00,0.00,4.35,Google Ads,A2379,2026-09-07T07:48:42.882130
1381,20241122,13,11,2612,0,0,194.12,0,0,1697.00,0.0000,0.00,0.00,0.00,8.74,Google Ads,A2380,2026-09-07T07:48:42.882130
1382,20241129,13,11,2612,0,0,183.91,0,0,1799.00,0.0000,0.00,0.00,0.00,9.78,Google Ads,A2381,2026-09-07T07:48:42.882130
1383,20241104,13,11,2612,0,0,200.65,0,0,1768.00,0.0000,0.00,0.00,0.00,8.81,Google Ads,A2382,2026-09-07T07:48:42.882130
1384,20241121,2,11,2612,0,0,235.99,0,0,1314.00,0.0000,0.00,0.00,0.00,5.57,Google Ads,A2383,2026-09-07T07:48:42.882130
1385,20241121,17,11,2612,0,0,226.11,0,0,1040.00,0.0000,0.00,0.00,0.00,4.60,Google Ads,A2384,2026-09-07T07:48:42.882130
1386,20241107,10,11,2612,0,0,210.04,0,0,1800.00,0.0000,0.00,0.00,0.00,8.57,Google Ads,A2385,2026-09-07T07:48:42.882130
1387,20241104,10,11,2612,0,0,203.23,0,0,1977.00,0.0000,0.00,0.00,0.00,9.73,Google Ads,A2386,2026-09-07T07:48:42.882130
1388,20241123,6,11,2612,0,0,225.53,0,0,1241.00,0.0000,0.00,0.00,0.00,5.50,Google Ads,A2387,2026-09-07T07:48:42.882130
1389,20241112,12,11,2612,0,0,214.78,0,0,1078.00,0.0000,0.00,0.00,0.00,5.02,Google Ads,A2388,2026-09-07T07:48:42.882130
1390,20241121,17,11,2612,0,0,225.89,0,0,1183.00,0.0000,0.00,0.00,0.00,5.24,Google Ads,A2389,2026-09-07T07:48:42.882130
1391,20241118,2,11,2612,0,0,197.28,0,0,1265.00,0.0000,0.00,0.00,0.00,6.41,Google Ads,A2390,2026-09-07T07:48:42.882130
1392,20241114,13,11,2612,0,0,214.97,0,0,1975.00,0.0000,0.00,0.00,0.00,9.19,Google Ads,A2391,2026-09-07T07:48:42.882130
1393,20241107,17,11,2612,0,0,206.70,0,0,1640.00,0.0000,0.00,0.00,0.00,7.93,Google Ads,A2392,2026-09-07T07:48:42.882130
1394,20241118,7,11,2612,0,0,203.91,0,0,1128.00,0.0000,0.00,0.00,0.00,5.53,Google Ads,A2393,2026-09-07T07:48:42.882130
1395,20241129,13,11,2612,0,0,247.00,0,0,1601.00,0.0000,0.00,0.00,0.00,6.48,Google Ads,A2394,2026-09-07T07:48:42.882130
1396,20241128,2,11,2612,0,0,212.43,0,0,1813.00,0.0000,0.00,0.00,0.00,8.53,Google Ads,A2395,2026-09-07T07:48:42.882130
1397,20241129,7,11,2612,0,0,211.54,0,0,1612.00,0.0000,0.00,0.00,0.00,7.62,Google Ads,A2396,2026-09-07T07:48:42.882130
1398,20241111,14,11,2612,0,0,222.14,0,0,1248.00,0.0000,0.00,0.00,0.00,5.62,Google Ads,A2397,2026-09-07T07:48:42.882130
1399,20241110,14,11,2612,0,0,215.94,0,0,0.00,0.0000,0.00,0.00,0.00,0.00,Google Ads,A2398,2026-09-07T07:48:42.882130
1400,20241106,14,11,2612,0,0,234.76,0,0,1941.00,0.0000,0.00,0.00,0.00,8.27,Google Ads,A2399,2026-09-07T07:48:42.882130
1401,20241122,2,11,2612,0,0,186.29,0,0,1457.00,0.0000,0.00,0.00,0.00,7.82,Google Ads,A2400,2026-09-07T07:48:42.882130
1402,20241129,5,11,2612,0,0,197.15,0,0,1000.00,0.0000,0.00,0.00,0.00,5.07,Google Ads,A2401,2026-09-07T07:48:42.882130
1403,20241126,16,11,2612,0,0,215.20,0,0,1204.00,0.0000,0.00,0.00,0.00,5.59,Google Ads,A2402,2026-09-07T07:48:42.882130
1404,20241130,2,11,2612,0,0,203.03,0,0,1397.00,0.0000,0.00,0.00,0.00,6.88,Google Ads,A2403,2026-09-07T07:48:42.882130
1405,20241113,8,11,2612,0,0,233.45,0,0,1719.00,0.0000,0.00,0.00,0.00,7.36,Google Ads,A2404,2026-09-07T07:48:42.882130
1406,20241118,2,11,2612,0,0,225.32,0,0,1324.00,0.0000,0.00,0.00,0.00,5.88,Google Ads,A2405,2026-09-07T07:48:42.882130
1407,20241111,7,11,2612,0,0,210.51,0,0,1536.00,0.0000,0.00,0.00,0.00,7.30,Google Ads,A2406,2026-09-07T07:48:42.882130
1408,20241105,4,11,2612,0,0,222.71,0,0,1849.00,0.0000,0.00,0.00,0.00,8.30,Google Ads,A2407,2026-09-07T07:48:42.882130
1409,20241114,8,11,2612,0,0,231.96,0,0,1174.00,0.0000,0.00,0.00,0.00,5.06,Google Ads,A2408,2026-09-07T07:48:42.882130
1410,20241126,4,11,2612,0,0,243.80,0,0,0.00,0.0000,0.00,0.00,0.00,0.00,Google Ads,A2409,2026-09-07T07:48:42.882130
1411,20241109,3,11,2612,0,0,215.11,0,0,1776.00,0.0000,0.00,0.00,0.00,8.26,Google Ads,A2410,2026-09-07T07:48:42.882130
1412,20241122,13,11,2612,0,0,218.69,0,0,0.00,0.0000,0.00,0.00,0.00,0.00,Google Ads,A2411,2026-09-07T07:48:42.882130
1413,20241127,3,11,2612,0,0,201.88,0,0,1526.00,0.0000,0.00,0.00,0.00,7.56,Google Ads,A2412,2026-09-07T07:48:42.882130
1414,20241102,9,11,2612,0,0,236.19,0,0,1961.00,0.0000,0.00,0.00,0.00,8.30,Google Ads,A2413,2026-09-07T07:48:42.882130
1415,20241102,9,11,2612,0,0,189.61,0,0,1246.00,0.0000,0.00,0.00,0.00,6.57,Google Ads,A2414,2026-09-07T07:48:42.882130
1416,20241102,17,11,2612,0,0,243.11,0,0,1555.00,0.0000,0.00,0.00,0.00,6.40,Google Ads,A2415,2026-09-07T07:48:42.882130
1417,20241101,17,11,2612,0,0,189.48,0,0,1176.00,0.0000,0.00,0.00,0.00,6.21,Google Ads,A2416,2026-09-07T07:48:42.882130
1418,20241126,6,11,2612,0,0,214.39,0,0,1837.00,0.0000,0.00,0.00,0.00,8.57,Google Ads,A2417,2026-09-07T07:48:42.882130
1419,20241124,9,11,2612,0,0,187.68,0,0,1402.00,0.0000,0.00,0.00,0.00,7.47,Google Ads,A2418,2026-09-07T07:48:42.882130
1420,20241126,11,11,2612,0,0,180.58,0,0,1661.00,0.0000,0.00,0.00,0.00,9.20,Google Ads,A2419,2026-09-07T07:48:42.882130
1421,20241128,17,11,2612,0,0,234.26,0,0,1089.00,0.0000,0.00,0.00,0.00,4.65,Google Ads,A2420,2026-09-07T07:48:42.882130
1422,20241125,16,11,2612,0,0,189.19,0,0,1759.00,0.0000,0.00,0.00,0.00,9.30,Google Ads,A2421,2026-09-07T07:48:42.882130
1423,20241127,4,11,2612,0,0,234.72,0,0,1508.00,0.0000,0.00,0.00,0.00,6.42,Google Ads,A2422,2026-09-07T07:48:42.882130
1424,20241126,12,11,2612,0,0,208.19,0,0,1719.00,0.0000,0.00,0.00,0.00,8.26,Google Ads,A2423,2026-09-07T07:48:42.882130
1425,20241117,13,11,2612,0,0,203.44,0,0,1709.00,0.0000,0.00,0.00,0.00,8.40,Google Ads,A2424,2026-09-07T07:48:42.882130
1426,20241109,6,11,2612,0,0,180.49,0,0,1754.00,0.0000,0.00,0.00,0.00,9.72,Google Ads,A2425,2026-09-07T07:48:42.882130
1427,20241113,11,11,2612,0,0,204.76,0,0,0.00,0.0000,0.00,0.00,0.00,0.00,Google Ads,A2426,2026-09-07T07:48:42.882130
1428,20241106,13,11,2612,0,0,211.11,0,0,1917.00,0.0000,0.00,0.00,0.00,9.08,Google Ads,A2427,2026-09-07T07:48:42.882130
1429,20241116,12,11,2612,0,0,194.37,0,0,1118.00,0.0000,0.00,0.00,0.00,5.75,Google Ads,A2428,2026-09-07T07:48:42.882130
1430,20241103,7,11,2612,0,0,241.63,0,0,1555.00,0.0000,0.00,0.00,0.00,6.44,Google Ads,A2429,2026-09-07T07:48:42.882130
1431,20241104,15,11,2612,0,0,243.07,0,0,1955.00,0.0000,0.00,0.00,0.00,8.04,Google Ads,A2430,2026-09-07T07:48:42.882130
1432,20241120,7,11,2612,0,0,219.45,0,0,1967.00,0.0000,0.00,0.00,0.00,8.96,Google Ads,A2431,2026-09-07T07:48:42.882130
1433,20241118,13,11,2612,0,0,192.81,0,0,1726.00,0.0000,0.00,0.00,0.00,8.95,Google Ads,A2432,2026-09-07T07:48:42.882130
1434,20241101,12,11,2612,0,0,185.25,0,0,1950.00,0.0000,0.00,0.00,0.00,10.53,Google Ads,A2433,2026-09-07T07:48:42.882130
1435,20241114,9,11,2612,0,0,189.36,0,0,1110.00,0.0000,0.00,0.00,0.00,5.86,Google Ads,A2434,2026-09-07T07:48:42.882130
1436,20241114,17,11,2612,0,0,0.00,0,0,1265.00,0.0000,0.00,0.00,0.00,0.00,Google Ads,A2435,2026-09-07T07:48:42.882130
1437,20241105,16,11,2612,0,0,196.10,0,0,1096.00,0.0000,0.00,0.00,0.00,5.59,Google Ads,A2436,2026-09-07T07:48:42.882130
1438,20241127,9,11,2612,0,0,240.32,0,0,1645.00,0.0000,0.00,0.00,0.00,6.85,Google Ads,A2437,2026-09-07T07:48:42.882130
1439,20241124,4,11,2612,0,0,218.33,0,0,0.00,0.0000,0.00,0.00,0.00,0.00,Google Ads,A2438,2026-09-07T07:48:42.882130
1440,20241129,7,11,2612,0,0,237.87,0,0,1739.00,0.0000,0.00,0.00,0.00,7.31,Google Ads,A2439,2026-09-07T07:48:42.882130
1441,20241117,1,11,2612,0,0,214.45,0,0,1594.00,0.0000,0.00,0.00,0.00,7.43,Google Ads,A2440,2026-09-07T07:48:42.882130
1442,20241120,2,11,2612,0,0,195.20,0,0,1460.00,0.0000,0.00,0.00,0.00,7.48,Google Ads,A2441,2026-09-07T07:48:42.882130
1443,20241114,5,11,2612,0,0,200.16,0,0,1727.00,0.0000,0.00,0.00,0.00,8.63,Google Ads,A2442,2026-09-07T07:48:42.882130
1444,20241121,8,11,2612,0,0,239.62,0,0,1814.00,0.0000,0.00,0.00,0.00,7.57,Google Ads,A2443,2026-09-07T07:48:42.882130
1445,20241120,13,11,2612,0,0,213.54,0,0,1666.00,0.0000,0.00,0.00,0.00,7.80,Google Ads,A2444,2026-09-07T07:48:42.882130
1446,20241119,2,11,2612,0,0,193.18,0,0,1783.00,0.0000,0.00,0.00,0.00,9.23,Google Ads,A2445,2026-09-07T07:48:42.882130
1447,20241111,18,11,2612,0,0,192.71,0,0,1158.00,0.0000,0.00,0.00,0.00,6.01,Google Ads,A2446,2026-09-07T07:48:42.882130
1448,20241129,10,11,2612,0,0,213.36,0,0,1959.00,0.0000,0.00,0.00,0.00,9.18,Google Ads,A2447,2026-09-07T07:48:42.882130
1449,20241115,15,11,2612,0,0,236.41,0,0,1832.00,0.0000,0.00,0.00,0.00,7.75,Google Ads,A2448,2026-09-07T07:48:42.882130
1450,20241114,18,11,2612,0,0,212.46,0,0,1813.00,0.0000,0.00,0.00,0.00,8.53,Google Ads,A2449,2026-09-07T07:48:42.882130
1451,20241122,5,11,2612,0,0,0.00,0,0,1629.00,0.0000,0.00,0.00,0.00,0.00,Google Ads,A2450,2026-09-07T07:48:42.882130
1452,20241113,6,11,2612,0,0,214.26,0,0,1629.00,0.0000,0.00,0.00,0.00,7.60,Google Ads,A2451,2026-09-07T07:48:42.882130
1453,20241123,3,11,2612,0,0,239.73,0,0,1070.00,0.0000,0.00,0.00,0.00,4.46,Google Ads,A2452,2026-09-07T07:48:42.882130
1454,20241112,7,11,2612,0,0,233.66,0,0,1407.00,0.0000,0.00,0.00,0.00,6.02,Google Ads,A2453,2026-09-07T07:48:42.882130
1455,20241110,11,11,2612,0,0,236.54,0,0,1877.00,0.0000,0.00,0.00,0.00,7.94,Google Ads,A2454,2026-09-07T07:48:42.882130
1456,20241117,4,11,2612,0,0,246.85,0,0,1723.00,0.0000,0.00,0.00,0.00,6.98,Google Ads,A2455,2026-09-07T07:48:42.882130
1457,20241125,7,11,2612,0,0,209.74,0,0,1893.00,0.0000,0.00,0.00,0.00,9.03,Google Ads,A2456,2026-09-07T07:48:42.882130
1458,20241116,2,11,2612,0,0,184.55,0,0,1601.00,0.0000,0.00,0.00,0.00,8.68,Google Ads,A2457,2026-09-07T07:48:42.882130
1459,20241109,17,11,2612,0,0,206.61,0,0,1868.00,0.0000,0.00,0.00,0.00,9.04,Google Ads,A2458,2026-09-07T07:48:42.882130
1460,20241124,14,11,2612,0,0,180.20,0,0,0.00,0.0000,0.00,0.00,0.00,0.00,Google Ads,A2459,2026-09-07T07:48:42.882130
1461,20241120,7,11,2612,0,0,205.34,0,0,1903.00,0.0000,0.00,0.00,0.00,9.27,Google Ads,A2460,2026-09-07T07:48:42.882130
1462,20241102,4,11,2612,0,0,184.77,0,0,1906.00,0.0000,0.00,0.00,0.00,10.32,Google Ads,A2461,2026-09-07T07:48:42.882130
1463,20241119,5,11,2612,0,0,202.54,0,0,1082.00,0.0000,0.00,0.00,0.00,5.34,Google Ads,A2462,2026-09-07T07:48:42.882130
1464,20241106,11,11,2612,0,0,249.13,0,0,1981.00,0.0000,0.00,0.00,0.00,7.95,Google Ads,A2463,2026-09-07T07:48:42.882130
1465,20241104,16,11,2612,0,0,182.42,0,0,1109.00,0.0000,0.00,0.00,0.00,6.08,Google Ads,A2464,2026-09-07T07:48:42.882130
1466,20241125,2,11,2612,0,0,247.41,0,0,1266.00,0.0000,0.00,0.00,0.00,5.12,Google Ads,A2465,2026-09-07T07:48:42.882130
1467,20241105,8,11,2612,0,0,197.90,0,0,1476.00,0.0000,0.00,0.00,0.00,7.46,Google Ads,A2466,2026-09-07T07:48:42.882130
1468,20241101,17,11,2612,0,0,235.19,0,0,1740.00,0.0000,0.00,0.00,0.00,7.40,Google Ads,A2467,2026-09-07T07:48:42.882130
1469,20241102,11,11,2612,0,0,216.66,0,0,1877.00,0.0000,0.00,0.00,0.00,8.66,Google Ads,A2468,2026-09-07T07:48:42.882130
1470,20241114,1,11,2612,0,0,235.42,0,0,1124.00,0.0000,0.00,0.00,0.00,4.77,Google Ads,A2469,2026-09-07T07:48:42.882130
1471,20241117,4,11,2612,0,0,185.78,0,0,1093.00,0.0000,0.00,0.00,0.00,5.88,Google Ads,A2470,2026-09-07T07:48:42.882130
1472,20241111,1,11,2612,0,0,198.44,0,0,1755.00,0.0000,0.00,0.00,0.00,8.84,Google Ads,A2471,2026-09-07T07:48:42.882130
1473,20241123,13,11,2612,0,0,240.77,0,0,1004.00,0.0000,0.00,0.00,0.00,4.17,Google Ads,A2472,2026-09-07T07:48:42.882130
1474,20241123,14,11,2612,0,0,182.22,0,0,1300.00,0.0000,0.00,0.00,0.00,7.13,Google Ads,A2473,2026-09-07T07:48:42.882130
1475,20241123,1,11,2612,0,0,191.22,0,0,1588.00,0.0000,0.00,0.00,0.00,8.30,Google Ads,A2474,2026-09-07T07:48:42.882130
1476,20241106,9,11,2612,0,0,201.32,0,0,0.00,0.0000,0.00,0.00,0.00,0.00,Google Ads,A2475,2026-09-07T07:48:42.882130
1477,20241125,2,11,2612,0,0,203.40,0,0,1562.00,0.0000,0.00,0.00,0.00,7.68,Google Ads,A2476,2026-09-07T07:48:42.882130
1478,20241113,18,11,2612,0,0,182.47,0,0,1768.00,0.0000,0.00,0.00,0.00,9.69,Google Ads,A2477,2026-09-07T07:48:42.882130
1479,20241123,6,11,2612,0,0,195.17,0,0,1083.00,0.0000,0.00,0.00,0.00,5.55,Google Ads,A2478,2026-09-07T07:48:42.882130
1480,20241107,4,11,2612,0,0,189.73,0,0,1700.00,0.0000,0.00,0.00,0.00,8.96,Google Ads,A2479,2026-09-07T07:48:42.882130
1481,20241113,10,11,2612,0,0,232.09,0,0,1252.00,0.0000,0.00,0.00,0.00,5.39,Google Ads,A2480,2026-09-07T07:48:42.882130
1482,20241123,3,11,2612,0,0,185.69,0,0,1597.00,0.0000,0.00,0.00,0.00,8.60,Google Ads,A2481,2026-09-07T07:48:42.882130
1483,20241113,9,11,2612,0,0,192.00,0,0,1890.00,0.0000,0.00,0.00,0.00,9.84,Google Ads,A2482,2026-09-07T07:48:42.882130
1484,20241129,10,11,2612,0,0,189.57,0,0,1750.00,0.0000,0.00,0.00,0.00,9.23,Google Ads,A2483,2026-09-07T07:48:42.882130
1485,20241108,12,11,2612,0,0,232.51,0,0,1510.00,0.0000,0.00,0.00,0.00,6.49,Google Ads,A2484,2026-09-07T07:48:42.882130
1486,20241117,16,11,2612,0,0,206.95,0,0,1902.00,0.0000,0.00,0.00,0.00,9.19,Google Ads,A2485,2026-09-07T07:48:42.882130
1487,20241126,15,11,2612,0,0,212.42,0,0,1890.00,0.0000,0.00,0.00,0.00,8.90,Google Ads,A2486,2026-09-07T07:48:42.882130
1488,20241102,15,11,2612,0,0,181.74,0,0,1933.00,0.0000,0.00,0.00,0.00,10.64,Google Ads,A2487,2026-09-07T07:48:42.882130
1489,20241114,17,11,2612,0,0,196.83,0,0,1094.00,0.0000,0.00,0.00,0.00,5.56,Google Ads,A2488,2026-09-07T07:48:42.882130
1490,20241125,12,11,2612,0,0,239.47,0,0,1474.00,0.0000,0.00,0.00,0.00,6.16,Google Ads,A2489,2026-09-07T07:48:42.882130
1491,20241105,8,11,2612,0,0,228.79,0,0,1101.00,0.0000,0.00,0.00,0.00,4.81,Google Ads,A2490,2026-09-07T07:48:42.882130
1492,20241125,6,11,2612,0,0,228.34,0,0,1473.00,0.0000,0.00,0.00,0.00,6.45,Google Ads,A2491,2026-09-07T07:48:42.882130
1493,20241116,2,11,2612,0,0,187.72,0,0,1428.00,0.0000,0.00,0.00,0.00,7.61,Google Ads,A2492,2026-09-07T07:48:42.882130
1494,20241107,13,11,2612,0,0,191.84,0,0,1918.00,0.0000,0.00,0.00,0.00,10.00,Google Ads,A2493,2026-09-07T07:48:42.882130
1495,20241118,10,11,2612,0,0,195.40,0,0,1273.00,0.0000,0.00,0.00,0.00,6.51,Google Ads,A2494,2026-09-07T07:48:42.882130
1496,20241107,7,11,2612,0,0,190.83,0,0,1399.00,0.0000,0.00,0.00,0.00,7.33,Google Ads,A2495,2026-09-07T07:48:42.882130
1497,20241127,10,11,2612,0,0,249.65,0,0,1411.00,0.0000,0.00,0.00,0.00,5.65,Google Ads,A2496,2026-09-07T07:48:42.882130
1498,20241125,13,11,2612,0,0,224.51,0,0,1946.00,0.0000,0.00,0.00,0.00,8.67,Google Ads,A2497,2026-09-07T07:48:42.882130
1499,20241121,18,11,2612,0,0,185.71,0,0,1630.00,0.0000,0.00,0.00,0.00,8.78,Google Ads,A2498,2026-09-07T07:48:42.882130
1500,20241119,4,11,2612,0,0,245.48,0,0,0.00,0.0000,0.00,0.00,0.00,0.00,Google Ads,A2499,2026-09-07T07:48:42.882130
1501,20241120,16,11,2612,0,0,198.39,0,0,1250.00,0.0000,0.00,0.00,0.00,6.30,Google Ads,A2500,2026-09-07T07:48:42.882130
1502,20241113,15,11,2612,0,0,196.06,0,0,1069.00,0.0000,0.00,0.00,0.00,5.45,Google Ads,A2501,2026-09-07T07:48:42.882130
1503,20241117,11,11,2612,0,0,235.79,0,0,1238.00,0.0000,0.00,0.00,0.00,5.25,Google Ads,A2502,2026-09-07T07:48:42.882130
1504,20241118,9,11,2612,0,0,214.00,0,0,1709.00,0.0000,0.00,0.00,0.00,7.99,Google Ads,A2503,2026-09-07T07:48:42.882130
1505,20241118,12,11,2612,0,0,204.50,0,0,1494.00,0.0000,0.00,0.00,0.00,7.31,Google Ads,A2504,2026-09-07T07:48:42.882130
1506,20241113,5,11,2612,0,0,0.00,0,0,1557.00,0.0000,0.00,0.00,0.00,0.00,Google Ads,A2505,2026-09-07T07:48:42.882130
1507,20241101,1,11,2612,0,0,211.56,0,0,1229.00,0.0000,0.00,0.00,0.00,5.81,Google Ads,A2506,2026-09-07T07:48:42.882130
1508,20241126,5,11,2612,0,0,186.11,0,0,1080.00,0.0000,0.00,0.00,0.00,5.80,Google Ads,A2507,2026-09-07T07:48:42.882130
1509,20241114,14,11,2612,0,0,232.87,0,0,1162.00,0.0000,0.00,0.00,0.00,4.99,Google Ads,A2508,2026-09-07T07:48:42.882130
1510,20241127,9,11,2612,0,0,230.92,0,0,1422.00,0.0000,0.00,0.00,0.00,6.16,Google Ads,A2509,2026-09-07T07:48:42.882130
1511,20241119,2,11,2612,0,0,217.25,0,0,1814.00,0.0000,0.00,0.00,0.00,8.35,Google Ads,A2510,2026-09-07T07:48:42.882130
1512,20241119,8,11,2612,0,0,243.86,0,0,1612.00,0.0000,0.00,0.00,0.00,6.61,Google Ads,A2511,2026-09-07T07:48:42.882130
1513,20241103,16,11,2612,0,0,181.04,0,0,1039.00,0.0000,0.00,0.00,0.00,5.74,Google Ads,A2512,2026-09-07T07:48:42.882130
1514,20241118,13,11,2612,0,0,222.57,0,0,1527.00,0.0000,0.00,0.00,0.00,6.86,Google Ads,A2513,2026-09-07T07:48:42.882130
1515,20241123,11,11,2612,0,0,181.05,0,0,1627.00,0.0000,0.00,0.00,0.00,8.99,Google Ads,A2514,2026-09-07T07:48:42.882130
1516,20241121,17,11,2612,0,0,180.25,0,0,1640.00,0.0000,0.00,0.00,0.00,9.10,Google Ads,A2515,2026-09-07T07:48:42.882130
1517,20241123,13,11,2612,0,0,215.59,0,0,1883.00,0.0000,0.00,0.00,0.00,8.73,Google Ads,A2516,2026-09-07T07:48:42.882130
1518,20241130,18,11,2612,0,0,248.09,0,0,1378.00,0.0000,0.00,0.00,0.00,5.55,Google Ads,A2517,2026-09-07T07:48:42.882130
1519,20241104,18,11,2612,0,0,220.69,0,0,1624.00,0.0000,0.00,0.00,0.00,7.36,Google Ads,A2518,2026-09-07T07:48:42.882130
1520,20241125,2,11,2612,0,0,208.92,0,0,1714.00,0.0000,0.00,0.00,0.00,8.20,Google Ads,A2519,2026-09-07T07:48:42.882130
1521,20241127,2,11,2612,0,0,247.54,0,0,1883.00,0.0000,0.00,0.00,0.00,7.61,Google Ads,A2520,2026-09-07T07:48:42.882130
1522,20241119,10,11,2612,0,0,198.95,0,0,1301.00,0.0000,0.00,0.00,0.00,6.54,Google Ads,A2521,2026-09-07T07:48:42.882130
1523,20241125,4,11,2612,0,0,233.81,0,0,1090.00,0.0000,0.00,0.00,0.00,4.66,Google Ads,A2522,2026-09-07T07:48:42.882130
1524,20241121,12,11,2612,0,0,191.04,0,0,1687.00,0.0000,0.00,0.00,0.00,8.83,Google Ads,A2523,2026-09-07T07:48:42.882130
1525,20241107,14,11,2612,0,0,230.44,0,0,1610.00,0.0000,0.00,0.00,0.00,6.99,Google Ads,A2524,2026-09-07T07:48:42.882130
1526,20241118,2,11,2612,0,0,246.15,0,0,1345.00,0.0000,0.00,0.00,0.00,5.46,Google Ads,A2525,2026-09-07T07:48:42.882130
1527,20241130,17,11,2612,0,0,205.46,0,0,1435.00,0.0000,0.00,0.00,0.00,6.98,Google Ads,A2526,2026-09-07T07:48:42.882130
1528,20241127,9,11,2612,0,0,206.72,0,0,1213.00,0.0000,0.00,0.00,0.00,5.87,Google Ads,A2527,2026-09-07T07:48:42.882130
1529,20241119,6,11,2612,0,0,246.86,0,0,1980.00,0.0000,0.00,0.00,0.00,8.02,Google Ads,A2528,2026-09-07T07:48:42.882130
1530,20241117,5,11,2612,0,0,237.54,0,0,1364.00,0.0000,0.00,0.00,0.00,5.74,Google Ads,A2529,2026-09-07T07:48:42.882130
1531,20241112,3,11,2612,0,0,225.40,0,0,1001.00,0.0000,0.00,0.00,0.00,4.44,Google Ads,A2530,2026-09-07T07:48:42.882130
1532,20241123,13,11,2612,0,0,221.28,0,0,1937.00,0.0000,0.00,0.00,0.00,8.75,Google Ads,A2531,2026-09-07T07:48:42.882130
1533,20241108,18,11,2612,0,0,202.30,0,0,1049.00,0.0000,0.00,0.00,0.00,5.19,Google Ads,A2532,2026-09-07T07:48:42.882130
1534,20241130,14,11,2612,0,0,232.44,0,0,1140.00,0.0000,0.00,0.00,0.00,4.90,Google Ads,A2533,2026-09-07T07:48:42.882130
1535,20241125,9,11,2612,0,0,190.31,0,0,1556.00,0.0000,0.00,0.00,0.00,8.18,Google Ads,A2534,2026-09-07T07:48:42.882130
1536,20241127,1,11,2612,0,0,234.02,0,0,1072.00,0.0000,0.00,0.00,0.00,4.58,Google Ads,A2535,2026-09-07T07:48:42.882130
1537,20241101,18,11,2612,0,0,206.71,0,0,1382.00,0.0000,0.00,0.00,0.00,6.69,Google Ads,A2536,2026-09-07T07:48:42.882130
1538,20241130,13,11,2612,0,0,234.04,0,0,1683.00,0.0000,0.00,0.00,0.00,7.19,Google Ads,A2537,2026-09-07T07:48:42.882130
1539,20241110,9,11,2612,0,0,199.18,0,0,1431.00,0.0000,0.00,0.00,0.00,7.18,Google Ads,A2538,2026-09-07T07:48:42.882130
1540,20241125,2,11,2612,0,0,192.19,0,0,1932.00,0.0000,0.00,0.00,0.00,10.05,Google Ads,A2539,2026-09-07T07:48:42.882130
1541,20241110,14,11,2612,0,0,245.38,0,0,1539.00,0.0000,0.00,0.00,0.00,6.27,Google Ads,A2540,2026-09-07T07:48:42.882130
1542,20241110,9,11,2612,0,0,187.57,0,0,1737.00,0.0000,0.00,0.00,0.00,9.26,Google Ads,A2541,2026-09-07T07:48:42.882130
1543,20241113,8,11,2612,0,0,196.73,0,0,1032.00,0.0000,0.00,0.00,0.00,5.25,Google Ads,A2542,2026-09-07T07:48:42.882130
1544,20241120,10,11,2612,0,0,227.07,0,0,1318.00,0.0000,0.00,0.00,0.00,5.80,Google Ads,A2543,2026-09-07T07:48:42.882130
1545,20241120,6,11,2612,0,0,208.43,0,0,1022.00,0.0000,0.00,0.00,0.00,4.90,Google Ads,A2544,2026-09-07T07:48:42.882130
1546,20241123,3,11,2612,0,0,197.96,0,0,1679.00,0.0000,0.00,0.00,0.00,8.48,Google Ads,A2545,2026-09-07T07:48:42.882130
1547,20241128,11,11,2612,0,0,219.46,0,0,1159.00,0.0000,0.00,0.00,0.00,5.28,Google Ads,A2546,2026-09-07T07:48:42.882130
1548,20241122,17,11,2612,0,0,181.11,0,0,1627.00,0.0000,0.00,0.00,0.00,8.98,Google Ads,A2547,2026-09-07T07:48:42.882130
1549,20241110,2,11,2612,0,0,183.02,0,0,1000.00,0.0000,0.00,0.00,0.00,5.46,Google Ads,A2548,2026-09-07T07:48:42.882130
1550,20241103,1,11,2612,0,0,226.93,0,0,1633.00,0.0000,0.00,0.00,0.00,7.20,Google Ads,A2549,2026-09-07T07:48:42.882130
1551,20241105,1,11,2612,0,0,205.90,0,0,1899.00,0.0000,0.00,0.00,0.00,9.22,Google Ads,A2550,2026-09-07T07:48:42.882130
1552,20241118,18,11,2612,0,0,191.80,0,0,1170.00,0.0000,0.00,0.00,0.00,6.10,Google Ads,A2551,2026-09-07T07:48:42.882130
1553,20241124,14,11,2612,0,0,224.63,0,0,1239.00,0.0000,0.00,0.00,0.00,5.52,Google Ads,A2552,2026-09-07T07:48:42.882130
1554,20241125,3,11,2612,0,0,195.39,0,0,1296.00,0.0000,0.00,0.00,0.00,6.63,Google Ads,A2553,2026-09-07T07:48:42.882130
1555,20241107,11,11,2612,0,0,210.58,0,0,1836.00,0.0000,0.00,0.00,0.00,8.72,Google Ads,A2554,2026-09-07T07:48:42.882130
1556,20241115,1,11,2612,0,0,248.18,0,0,1743.00,0.0000,0.00,0.00,0.00,7.02,Google Ads,A2555,2026-09-07T07:48:42.882130
1557,20241103,3,11,2612,0,0,240.44,0,0,1894.00,0.0000,0.00,0.00,0.00,7.88,Google Ads,A2556,2026-09-07T07:48:42.882130
1558,20241109,8,11,2612,0,0,182.57,0,0,1541.00,0.0000,0.00,0.00,0.00,8.44,Google Ads,A2557,2026-09-07T07:48:42.882130
1559,20241127,5,11,2612,0,0,220.44,0,0,1462.00,0.0000,0.00,0.00,0.00,6.63,Google Ads,A2558,2026-09-07T07:48:42.882130
1560,20241125,18,11,2612,0,0,209.14,0,0,1912.00,0.0000,0.00,0.00,0.00,9.14,Google Ads,A2559,2026-09-07T07:48:42.882130
1561,20241114,1,11,2612,0,0,232.27,0,0,1905.00,0.0000,0.00,0.00,0.00,8.20,Google Ads,A2560,2026-09-07T07:48:42.882130
1562,20241106,17,11,2612,0,0,236.19,0,0,1425.00,0.0000,0.00,0.00,0.00,6.03,Google Ads,A2561,2026-09-07T07:48:42.882130
1563,20241109,16,11,2612,0,0,227.48,0,0,1882.00,0.0000,0.00,0.00,0.00,8.27,Google Ads,A2562,2026-09-07T07:48:42.882130
1564,20241102,3,11,2612,0,0,239.34,0,0,0.00,0.0000,0.00,0.00,0.00,0.00,Google Ads,A2563,2026-09-07T07:48:42.882130
1565,20241126,14,11,2612,0,0,244.02,0,0,1639.00,0.0000,0.00,0.00,0.00,6.72,Google Ads,A2564,2026-09-07T07:48:42.882130
1566,20241111,5,11,2612,0,0,207.51,0,0,0.00,0.0000,0.00,0.00,0.00,0.00,Google Ads,A2565,2026-09-07T07:48:42.882130
1567,20241120,16,11,2612,0,0,205.38,0,0,1778.00,0.0000,0.00,0.00,0.00,8.66,Google Ads,A2566,2026-09-07T07:48:42.882130
1568,20241123,5,11,2612,0,0,236.44,0,0,1207.00,0.0000,0.00,0.00,0.00,5.10,Google Ads,A2567,2026-09-07T07:48:42.882130
1569,20241108,14,11,2612,0,0,214.42,0,0,1474.00,0.0000,0.00,0.00,0.00,6.87,Google Ads,A2568,2026-09-07T07:48:42.882130
1570,20241130,1,11,2612,0,0,205.72,0,0,1767.00,0.0000,0.00,0.00,0.00,8.59,Google Ads,A2569,2026-09-07T07:48:42.882130
1571,20241129,17,11,2612,0,0,234.92,0,0,0.00,0.0000,0.00,0.00,0.00,0.00,Google Ads,A2570,2026-09-07T07:48:42.882130
1572,20241126,16,11,2612,0,0,238.95,0,0,1569.00,0.0000,0.00,0.00,0.00,6.57,Google Ads,A2571,2026-09-07T07:48:42.882130
1573,20241115,14,11,2612,0,0,231.25,0,0,1014.00,0.0000,0.00,0.00,0.00,4.38,Google Ads,A2572,2026-09-07T07:48:42.882130
1574,20241115,1,11,2612,0,0,224.63,0,0,1800.00,0.0000,0.00,0.00,0.00,8.01,Google Ads,A2573,2026-09-07T07:48:42.882130
1575,20241123,3,11,2612,0,0,212.12,0,0,1314.00,0.0000,0.00,0.00,0.00,6.19,Google Ads,A2574,2026-09-07T07:48:42.882130
1576,20241109,12,11,2612,0,0,205.85,0,0,1031.00,0.0000,0.00,0.00,0.00,5.01,Google Ads,A2575,2026-09-07T07:48:42.882130
1577,20241102,8,11,2612,0,0,215.46,0,0,1724.00,0.0000,0.00,0.00,0.00,8.00,Google Ads,A2576,2026-09-07T07:48:42.882130
1578,20241114,18,11,2612,0,0,239.44,0,0,1548.00,0.0000,0.00,0.00,0.00,6.47,Google Ads,A2577,2026-09-07T07:48:42.882130
1579,20241121,18,11,2612,0,0,186.04,0,0,1793.00,0.0000,0.00,0.00,0.00,9.64,Google Ads,A2578,2026-09-07T07:48:42.882130
1580,20241103,11,11,2612,0,0,248.17,0,0,1247.00,0.0000,0.00,0.00,0.00,5.02,Google Ads,A2579,2026-09-07T07:48:42.882130
1581,20241103,9,11,2612,0,0,197.50,0,0,1752.00,0.0000,0.00,0.00,0.00,8.87,Google Ads,A2580,2026-09-07T07:48:42.882130
1582,20241117,15,11,2612,0,0,185.13,0,0,1580.00,0.0000,0.00,0.00,0.00,8.53,Google Ads,A2581,2026-09-07T07:48:42.882130
1583,20241127,6,11,2612,0,0,195.83,0,0,1654.00,0.0000,0.00,0.00,0.00,8.45,Google Ads,A2582,2026-09-07T07:48:42.882130
1584,20241120,11,11,2612,0,0,182.43,0,0,1613.00,0.0000,0.00,0.00,0.00,8.84,Google Ads,A2583,2026-09-07T07:48:42.882130
1585,20241104,3,11,2612,0,0,0.00,0,0,1863.00,0.0000,0.00,0.00,0.00,0.00,Google Ads,A2584,2026-09-07T07:48:42.882130
1586,20241105,14,11,2612,0,0,180.01,0,0,1978.00,0.0000,0.00,0.00,0.00,10.99,Google Ads,A2585,2026-09-07T07:48:42.882130
1587,20241115,10,11,2612,0,0,200.44,0,0,1044.00,0.0000,0.00,0.00,0.00,5.21,Google Ads,A2586,2026-09-07T07:48:42.882130
1588,20241127,12,11,2612,0,0,233.83,0,0,1296.00,0.0000,0.00,0.00,0.00,5.54,Google Ads,A2587,2026-09-07T07:48:42.882130
1589,20241126,18,11,2612,0,0,203.89,0,0,1589.00,0.0000,0.00,0.00,0.00,7.79,Google Ads,A2588,2026-09-07T07:48:42.882130
1590,20241113,11,11,2612,0,0,219.23,0,0,1641.00,0.0000,0.00,0.00,0.00,7.49,Google Ads,A2589,2026-09-07T07:48:42.882130
1591,20241115,5,11,2612,0,0,212.89,0,0,1818.00,0.0000,0.00,0.00,0.00,8.54,Google Ads,A2590,2026-09-07T07:48:42.882130
1592,20241112,16,11,2612,0,0,0.00,0,0,1656.00,0.0000,0.00,0.00,0.00,0.00,Google Ads,A2591,2026-09-07T07:48:42.882130
1593,20241114,11,11,2612,0,0,223.72,0,0,1340.00,0.0000,0.00,0.00,0.00,5.99,Google Ads,A2592,2026-09-07T07:48:42.882130
1594,20241117,5,11,2612,0,0,0.00,0,0,1331.00,0.0000,0.00,0.00,0.00,0.00,Google Ads,A2593,2026-09-07T07:48:42.882130
1595,20241109,5,11,2612,0,0,192.15,0,0,1665.00,0.0000,0.00,0.00,0.00,8.67,Google Ads,A2594,2026-09-07T07:48:42.882130
1596,20241107,8,11,2612,0,0,234.53,0,0,1656.00,0.0000,0.00,0.00,0.00,7.06,Google Ads,A2595,2026-09-07T07:48:42.882130
1597,20241127,6,11,2612,0,0,189.61,0,0,1925.00,0.0000,0.00,0.00,0.00,10.15,Google Ads,A2596,2026-09-07T07:48:42.882130
1598,20241124,13,11,2612,0,0,182.66,0,0,1482.00,0.0000,0.00,0.00,0.00,8.11,Google Ads,A2597,2026-09-07T07:48:42.882130
1599,20241105,13,11,2612,0,0,190.42,0,0,1073.00,0.0000,0.00,0.00,0.00,5.63,Google Ads,A2598,2026-09-07T07:48:42.882130
1600,20241120,14,11,2612,0,0,200.29,0,0,1550.00,0.0000,0.00,0.00,0.00,7.74,Google Ads,A2599,2026-09-07T07:48:42.882130
1601,20241110,17,11,2612,0,0,186.90,0,0,1524.00,0.0000,0.00,0.00,0.00,8.15,Google Ads,A2600,2026-09-07T07:48:42.882130
1602,20241107,2,11,2612,0,0,214.41,0,0,1550.00,0.0000,0.00,0.00,0.00,7.23,Google Ads,A2601,2026-09-07T07:48:42.882130
1603,20241112,1,11,2612,0,0,234.94,0,0,1258.00,0.0000,0.00,0.00,0.00,5.35,Google Ads,A2602,2026-09-07T07:48:42.882130
1604,20241130,12,11,2612,0,0,182.58,0,0,1111.00,0.0000,0.00,0.00,0.00,6.09,Google Ads,A2603,2026-09-07T07:48:42.882130
1605,20241119,17,11,2612,0,0,237.40,0,0,1395.00,0.0000,0.00,0.00,0.00,5.88,Google Ads,A2604,2026-09-07T07:48:42.882130
1606,20241116,6,11,2612,0,0,184.14,0,0,1565.00,0.0000,0.00,0.00,0.00,8.50,Google Ads,A2605,2026-09-07T07:48:42.882130
1607,20241124,13,11,2612,0,0,221.00,0,0,1230.00,0.0000,0.00,0.00,0.00,5.57,Google Ads,A2606,2026-09-07T07:48:42.882130
1608,20241121,15,11,2612,0,0,183.15,0,0,1489.00,0.0000,0.00,0.00,0.00,8.13,Google Ads,A2607,2026-09-07T07:48:42.882130
1609,20241105,1,11,2612,0,0,233.32,0,0,1271.00,0.0000,0.00,0.00,0.00,5.45,Google Ads,A2608,2026-09-07T07:48:42.882130
1610,20241119,15,11,2612,0,0,185.68,0,0,1682.00,0.0000,0.00,0.00,0.00,9.06,Google Ads,A2609,2026-09-07T07:48:42.882130
1611,20241120,15,11,2612,0,0,206.32,0,0,1673.00,0.0000,0.00,0.00,0.00,8.11,Google Ads,A2610,2026-09-07T07:48:42.882130
1612,20241115,3,11,2612,0,0,193.53,0,0,1902.00,0.0000,0.00,0.00,0.00,9.83,Google Ads,A2611,2026-09-07T07:48:42.882130
1613,20241110,10,11,2612,0,0,198.62,0,0,1599.00,0.0000,0.00,0.00,0.00,8.05,Google Ads,A2612,2026-09-07T07:48:42.882130
1614,20241129,14,11,2612,0,0,186.61,0,0,1017.00,0.0000,0.00,0.00,0.00,5.45,Google Ads,A2613,2026-09-07T07:48:42.882130
1615,20241119,2,11,2612,0,0,215.75,0,0,1362.00,0.0000,0.00,0.00,0.00,6.31,Google Ads,A2614,2026-09-07T07:48:42.882130
1616,20241106,5,11,2612,0,0,236.79,0,0,0.00,0.0000,0.00,0.00,0.00,0.00,Google Ads,A2615,2026-09-07T07:48:42.882130
1617,20241111,5,11,2612,0,0,235.72,0,0,1902.00,0.0000,0.00,0.00,0.00,8.07,Google Ads,A2616,2026-09-07T07:48:42.882130
1618,20241118,5,11,2612,0,0,183.49,0,0,1487.00,0.0000,0.00,0.00,0.00,8.10,Google Ads,A2617,2026-09-07T07:48:42.882130
1619,20241111,3,11,2612,0,0,214.71,0,0,1001.00,0.0000,0.00,0.00,0.00,4.66,Google Ads,A2618,2026-09-07T07:48:42.882130
1620,20241115,16,11,2612,0,0,224.53,0,0,1309.00,0.0000,0.00,0.00,0.00,5.83,Google Ads,A2619,2026-09-07T07:48:42.882130
1621,20241109,16,11,2612,0,0,0.00,0,0,1974.00,0.0000,0.00,0.00,0.00,0.00,Google Ads,A2620,2026-09-07T07:48:42.882130
1622,20241118,9,11,2612,0,0,231.00,0,0,1424.00,0.0000,0.00,0.00,0.00,6.16,Google Ads,A2621,2026-09-07T07:48:42.882130
1623,20241102,4,11,2612,0,0,227.14,0,0,0.00,0.0000,0.00,0.00,0.00,0.00,Google Ads,A2622,2026-09-07T07:48:42.882130
1624,20241123,17,11,2612,0,0,212.78,0,0,1833.00,0.0000,0.00,0.00,0.00,8.61,Google Ads,A2623,2026-09-07T07:48:42.882130
1625,20241127,9,11,2612,0,0,221.37,0,0,1066.00,0.0000,0.00,0.00,0.00,4.82,Google Ads,A2624,2026-09-07T07:48:42.882130
1626,20241125,17,11,2612,0,0,183.47,0,0,1817.00,0.0000,0.00,0.00,0.00,9.90,Google Ads,A2625,2026-09-07T07:48:42.882130
1627,20241118,14,11,2612,0,0,234.62,0,0,1599.00,0.0000,0.00,0.00,0.00,6.82,Google Ads,A2626,2026-09-07T07:48:42.882130
1628,20241128,3,11,2612,0,0,242.89,0,0,1642.00,0.0000,0.00,0.00,0.00,6.76,Google Ads,A2627,2026-09-07T07:48:42.882130
1629,20241110,4,11,2612,0,0,180.17,0,0,1173.00,0.0000,0.00,0.00,0.00,6.51,Google Ads,A2628,2026-09-07T07:48:42.882130
1630,20241129,10,11,2612,0,0,204.29,0,0,1880.00,0.0000,0.00,0.00,0.00,9.20,Google Ads,A2629,2026-09-07T07:48:42.882130
1631,20241125,1,11,2612,0,0,241.95,0,0,1253.00,0.0000,0.00,0.00,0.00,5.18,Google Ads,A2630,2026-09-07T07:48:42.882130
1632,20241119,2,11,2612,0,0,192.09,0,0,1497.00,0.0000,0.00,0.00,0.00,7.79,Google Ads,A2631,2026-09-07T07:48:42.882130
1633,20241119,4,11,2612,0,0,187.59,0,0,0.00,0.0000,0.00,0.00,0.00,0.00,Google Ads,A2632,2026-09-07T07:48:42.882130
1634,20241114,18,11,2612,0,0,211.16,0,0,1167.00,0.0000,0.00,0.00,0.00,5.53,Google Ads,A2633,2026-09-07T07:48:42.882130
1635,20241128,9,11,2612,0,0,234.51,0,0,0.00,0.0000,0.00,0.00,0.00,0.00,Google Ads,A2634,2026-09-07T07:48:42.882130
1636,20241128,3,11,2612,0,0,249.89,0,0,1477.00,0.0000,0.00,0.00,0.00,5.91,Google Ads,A2635,2026-09-07T07:48:42.882130
1637,20241103,9,11,2612,0,0,181.75,0,0,1793.00,0.0000,0.00,0.00,0.00,9.87,Google Ads,A2636,2026-09-07T07:48:42.882130
1638,20241119,11,11,2612,0,0,0.00,0,0,1668.00,0.0000,0.00,0.00,0.00,0.00,Google Ads,A2637,2026-09-07T07:48:42.882130
1639,20241127,2,11,2612,0,0,248.08,0,0,1752.00,0.0000,0.00,0.00,0.00,7.06,Google Ads,A2638,2026-09-07T07:48:42.882130
1640,20241125,12,11,2612,0,0,227.15,0,0,1516.00,0.0000,0.00,0.00,0.00,6.67,Google Ads,A2639,2026-09-07T07:48:42.882130
1641,20241120,11,11,2612,0,0,198.25,0,0,1981.00,0.0000,0.00,0.00,0.00,9.99,Google Ads,A2640,2026-09-07T07:48:42.882130
1642,20241124,7,11,2612,0,0,238.85,0,0,1971.00,0.0000,0.00,0.00,0.00,8.25,Google Ads,A2641,2026-09-07T07:48:42.882130
1643,20241110,7,11,2612,0,0,0.00,0,0,1349.00,0.0000,0.00,0.00,0.00,0.00,Google Ads,A2642,2026-09-07T07:48:42.882130
1644,20241109,12,11,2612,0,0,194.56,0,0,1211.00,0.0000,0.00,0.00,0.00,6.22,Google Ads,A2643,2026-09-07T07:48:42.882130
1645,20241105,12,11,2612,0,0,208.46,0,0,1187.00,0.0000,0.00,0.00,0.00,5.69,Google Ads,A2644,2026-09-07T07:48:42.882130
1646,20241122,5,11,2612,0,0,195.80,0,0,1807.00,0.0000,0.00,0.00,0.00,9.23,Google Ads,A2645,2026-09-07T07:48:42.882130
1647,20241110,9,11,2612,0,0,198.19,0,0,1523.00,0.0000,0.00,0.00,0.00,7.68,Google Ads,A2646,2026-09-07T07:48:42.882130
1648,20241118,1,11,2612,0,0,196.04,0,0,1388.00,0.0000,0.00,0.00,0.00,7.08,Google Ads,A2647,2026-09-07T07:48:42.882130
1649,20241130,17,11,2612,0,0,200.36,0,0,1482.00,0.0000,0.00,0.00,0.00,7.40,Google Ads,A2648,2026-09-07T07:48:42.882130
1650,20241115,5,11,2612,0,0,241.12,0,0,1995.00,0.0000,0.00,0.00,0.00,8.27,Google Ads,A2649,2026-09-07T07:48:42.882130
1651,20241113,3,11,2612,0,0,207.66,0,0,1619.00,0.0000,0.00,0.00,0.00,7.80,Google Ads,A2650,2026-09-07T07:48:42.882130
1652,20241110,8,11,2612,0,0,225.98,0,0,1223.00,0.0000,0.00,0.00,0.00,5.41,Google Ads,A2651,2026-09-07T07:48:42.882130
1653,20241121,13,11,2612,0,0,210.99,0,0,1317.00,0.0000,0.00,0.00,0.00,6.24,Google Ads,A2652,2026-09-07T07:48:42.882130
1654,20241127,17,11,2612,0,0,198.41,0,0,1198.00,0.0000,0.00,0.00,0.00,6.04,Google Ads,A2653,2026-09-07T07:48:42.882130
1655,20241117,15,11,2612,0,0,0.00,0,0,1070.00,0.0000,0.00,0.00,0.00,0.00,Google Ads,A2654,2026-09-07T07:48:42.882130
1656,20241130,17,11,2612,0,0,219.15,0,0,1911.00,0.0000,0.00,0.00,0.00,8.72,Google Ads,A2655,2026-09-07T07:48:42.882130
1657,20241116,4,11,2612,0,0,249.69,0,0,1821.00,0.0000,0.00,0.00,0.00,7.29,Google Ads,A2656,2026-09-07T07:48:42.882130
1658,20241117,4,11,2612,0,0,235.20,0,0,1229.00,0.0000,0.00,0.00,0.00,5.23,Google Ads,A2657,2026-09-07T07:48:42.882130
1659,20241123,3,11,2612,0,0,217.44,0,0,1890.00,0.0000,0.00,0.00,0.00,8.69,Google Ads,A2658,2026-09-07T07:48:42.882130
1660,20241121,4,11,2612,0,0,238.12,0,0,1505.00,0.0000,0.00,0.00,0.00,6.32,Google Ads,A2659,2026-09-07T07:48:42.882130
1661,20241115,7,11,2612,0,0,180.50,0,0,1995.00,0.0000,0.00,0.00,0.00,11.05,Google Ads,A2660,2026-09-07T07:48:42.882130
1662,20241114,17,11,2612,0,0,226.13,0,0,1185.00,0.0000,0.00,0.00,0.00,5.24,Google Ads,A2661,2026-09-07T07:48:42.882130
1663,20241125,13,11,2612,0,0,221.28,0,0,1417.00,0.0000,0.00,0.00,0.00,6.40,Google Ads,A2662,2026-09-07T07:48:42.882130
1664,20241129,14,11,2612,0,0,192.18,0,0,1754.00,0.0000,0.00,0.00,0.00,9.13,Google Ads,A2663,2026-09-07T07:48:42.882130
1665,20241117,3,11,2612,0,0,230.37,0,0,1436.00,0.0000,0.00,0.00,0.00,6.23,Google Ads,A2664,2026-09-07T07:48:42.882130
1666,20241115,13,11,2612,0,0,242.00,0,0,1665.00,0.0000,0.00,0.00,0.00,6.88,Google Ads,A2665,2026-09-07T07:48:42.882130
1667,20241125,11,11,2612,0,0,226.84,0,0,1449.00,0.0000,0.00,0.00,0.00,6.39,Google Ads,A2666,2026-09-07T07:48:42.882130
1668,20241112,9,11,2612,0,0,231.62,0,0,1429.00,0.0000,0.00,0.00,0.00,6.17,Google Ads,A2667,2026-09-07T07:48:42.882130
1669,20241116,3,11,2612,0,0,232.83,0,0,1886.00,0.0000,0.00,0.00,0.00,8.10,Google Ads,A2668,2026-09-07T07:48:42.882130
1670,20241126,5,11,2612,0,0,200.99,0,0,1023.00,0.0000,0.00,0.00,0.00,5.09,Google Ads,A2669,2026-09-07T07:48:42.882130
1671,20241129,11,11,2612,0,0,221.78,0,0,1715.00,0.0000,0.00,0.00,0.00,7.73,Google Ads,A2670,2026-09-07T07:48:42.882130
1672,20241114,4,11,2612,0,0,222.78,0,0,1786.00,0.0000,0.00,0.00,0.00,8.02,Google Ads,A2671,2026-09-07T07:48:42.882130
1673,20241127,17,11,2612,0,0,213.86,0,0,0.00,0.0000,0.00,0.00,0.00,0.00,Google Ads,A2672,2026-09-07T07:48:42.882130
1674,20241107,16,11,2612,0,0,183.15,0,0,1173.00,0.0000,0.00,0.00,0.00,6.40,Google Ads,A2673,2026-09-07T07:48:42.882130
1675,20241106,5,11,2612,0,0,201.59,0,0,1018.00,0.0000,0.00,0.00,0.00,5.05,Google Ads,A2674,2026-09-07T07:48:42.882130
1676,20241126,7,11,2612,0,0,193.58,0,0,1953.00,0.0000,0.00,0.00,0.00,10.09,Google Ads,A2675,2026-09-07T07:48:42.882130
1677,20241108,3,11,2612,0,0,195.06,0,0,1718.00,0.0000,0.00,0.00,0.00,8.81,Google Ads,A2676,2026-09-07T07:48:42.882130
1678,20241113,6,11,2612,0,0,196.39,0,0,0.00,0.0000,0.00,0.00,0.00,0.00,Google Ads,A2677,2026-09-07T07:48:42.882130
1679,20241113,17,11,2612,0,0,187.00,0,0,1529.00,0.0000,0.00,0.00,0.00,8.18,Google Ads,A2678,2026-09-07T07:48:42.882130
1680,20241123,18,11,2612,0,0,209.82,0,0,1151.00,0.0000,0.00,0.00,0.00,5.49,Google Ads,A2679,2026-09-07T07:48:42.882130
1681,20241110,2,11,2612,0,0,191.88,0,0,1830.00,0.0000,0.00,0.00,0.00,9.54,Google Ads,A2680,2026-09-07T07:48:42.882130
1682,20241123,10,11,2612,0,0,197.43,0,0,1522.00,0.0000,0.00,0.00,0.00,7.71,Google Ads,A2681,2026-09-07T07:48:42.882130
1683,20241113,3,11,2612,0,0,219.88,0,0,1807.00,0.0000,0.00,0.00,0.00,8.22,Google Ads,A2682,2026-09-07T07:48:42.882130
1684,20241105,4,11,2612,0,0,234.88,0,0,1766.00,0.0000,0.00,0.00,0.00,7.52,Google Ads,A2683,2026-09-07T07:48:42.882130
1685,20241127,17,11,2612,0,0,226.32,0,0,1884.00,0.0000,0.00,0.00,0.00,8.32,Google Ads,A2684,2026-09-07T07:48:42.882130
1686,20241125,9,11,2612,0,0,237.32,0,0,1002.00,0.0000,0.00,0.00,0.00,4.22,Google Ads,A2685,2026-09-07T07:48:42.882130
1687,20241130,17,11,2612,0,0,218.14,0,0,1121.00,0.0000,0.00,0.00,0.00,5.14,Google Ads,A2686,2026-09-07T07:48:42.882130
1688,20241106,13,11,2612,0,0,248.41,0,0,1025.00,0.0000,0.00,0.00,0.00,4.13,Google Ads,A2687,2026-09-07T07:48:42.882130
1689,20241119,13,11,2612,0,0,197.08,0,0,1698.00,0.0000,0.00,0.00,0.00,8.62,Google Ads,A2688,2026-09-07T07:48:42.882130
1690,20241130,10,11,2612,0,0,0.00,0,0,1108.00,0.0000,0.00,0.00,0.00,0.00,Google Ads,A2689,2026-09-07T07:48:42.882130
1691,20241123,15,11,2612,0,0,190.69,0,0,1976.00,0.0000,0.00,0.00,0.00,10.36,Google Ads,A2690,2026-09-07T07:48:42.882130
1692,20241116,18,11,2612,0,0,241.85,0,0,1343.00,0.0000,0.00,0.00,0.00,5.55,Google Ads,A2691,2026-09-07T07:48:42.882130
1693,20241127,8,11,2612,0,0,227.36,0,0,1970.00,0.0000,0.00,0.00,0.00,8.66,Google Ads,A2692,2026-09-07T07:48:42.882130
1694,20241123,15,11,2612,0,0,196.79,0,0,1666.00,0.0000,0.00,0.00,0.00,8.47,Google Ads,A2693,2026-09-07T07:48:42.882130
1695,20241109,8,11,2612,0,0,212.67,0,0,1513.00,0.0000,0.00,0.00,0.00,7.11,Google Ads,A2694,2026-09-07T07:48:42.882130
1696,20241103,7,11,2612,0,0,191.23,0,0,1369.00,0.0000,0.00,0.00,0.00,7.16,Google Ads,A2695,2026-09-07T07:48:42.882130
1697,20241124,3,11,2612,0,0,206.33,0,0,1188.00,0.0000,0.00,0.00,0.00,5.76,Google Ads,A2696,2026-09-07T07:48:42.882130
1698,20241105,5,11,2612,0,0,249.27,0,0,1667.00,0.0000,0.00,0.00,0.00,6.69,Google Ads,A2697,2026-09-07T07:48:42.882130
1699,20241122,1,11,2612,0,0,232.94,0,0,1903.00,0.0000,0.00,0.00,0.00,8.17,Google Ads,A2698,2026-09-07T07:48:42.882130
1700,20241116,11,11,2612,0,0,227.36,0,0,1448.00,0.0000,0.00,0.00,0.00,6.37,Google Ads,A2699,2026-09-07T07:48:42.882130
1701,20241102,8,11,2612,0,0,203.96,0,0,1430.00,0.0000,0.00,0.00,0.00,7.01,Google Ads,A2700,2026-09-07T07:48:42.882130
1702,20241123,18,11,2612,0,0,243.15,0,0,1356.00,0.0000,0.00,0.00,0.00,5.58,Google Ads,A2701,2026-09-07T07:48:42.882130
1703,20241126,10,11,2612,0,0,247.48,0,0,1205.00,0.0000,0.00,0.00,0.00,4.87,Google Ads,A2702,2026-09-07T07:48:42.882130
1704,20241126,16,11,2612,0,0,224.60,0,0,0.00,0.0000,0.00,0.00,0.00,0.00,Google Ads,A2703,2026-09-07T07:48:42.882130
1705,20241114,18,11,2612,0,0,189.90,0,0,1216.00,0.0000,0.00,0.00,0.00,6.40,Google Ads,A2704,2026-09-07T07:48:42.882130
1706,20241104,5,11,2612,0,0,237.30,0,0,1527.00,0.0000,0.00,0.00,0.00,6.43,Google Ads,A2705,2026-09-07T07:48:42.882130
1707,20241101,7,11,2612,0,0,249.74,0,0,1554.00,0.0000,0.00,0.00,0.00,6.22,Google Ads,A2706,2026-09-07T07:48:42.882130
1708,20241108,11,11,2612,0,0,230.26,0,0,1683.00,0.0000,0.00,0.00,0.00,7.31,Google Ads,A2707,2026-09-07T07:48:42.882130
1709,20241111,16,11,2612,0,0,192.08,0,0,1738.00,0.0000,0.00,0.00,0.00,9.05,Google Ads,A2708,2026-09-07T07:48:42.882130
1710,20241107,10,11,2612,0,0,186.61,0,0,1092.00,0.0000,0.00,0.00,0.00,5.85,Google Ads,A2709,2026-09-07T07:48:42.882130
1711,20241110,8,11,2612,0,0,245.93,0,0,1853.00,0.0000,0.00,0.00,0.00,7.53,Google Ads,A2710,2026-09-07T07:48:42.882130
1712,20241107,18,11,2612,0,0,241.70,0,0,1333.00,0.0000,0.00,0.00,0.00,5.52,Google Ads,A2711,2026-09-07T07:48:42.882130
1713,20241118,6,11,2612,0,0,207.76,0,0,1644.00,0.0000,0.00,0.00,0.00,7.91,Google Ads,A2712,2026-09-07T07:48:42.882130
1714,20241126,9,11,2612,0,0,248.11,0,0,1111.00,0.0000,0.00,0.00,0.00,4.48,Google Ads,A2713,2026-09-07T07:48:42.882130
1715,20241104,10,11,2612,0,0,226.62,0,0,1011.00,0.0000,0.00,0.00,0.00,4.46,Google Ads,A2714,2026-09-07T07:48:42.882130
1716,20241108,6,11,2612,0,0,181.81,0,0,1555.00,0.0000,0.00,0.00,0.00,8.55,Google Ads,A2715,2026-09-07T07:48:42.882130
1717,20241119,9,11,2612,0,0,214.58,0,0,1855.00,0.0000,0.00,0.00,0.00,8.64,Google Ads,A2716,2026-09-07T07:48:42.882130
1718,20241104,16,11,2612,0,0,214.52,0,0,1312.00,0.0000,0.00,0.00,0.00,6.12,Google Ads,A2717,2026-09-07T07:48:42.882130
1719,20241119,3,11,2612,0,0,230.39,0,0,1533.00,0.0000,0.00,0.00,0.00,6.65,Google Ads,A2718,2026-09-07T07:48:42.882130
1720,20241121,13,11,2612,0,0,225.14,0,0,1761.00,0.0000,0.00,0.00,0.00,7.82,Google Ads,A2719,2026-09-07T07:48:42.882130
1721,20241108,5,11,2612,0,0,192.35,0,0,1335.00,0.0000,0.00,0.00,0.00,6.94,Google Ads,A2720,2026-09-07T07:48:42.882130
1722,20241108,16,11,2612,0,0,227.88,0,0,1844.00,0.0000,0.00,0.00,0.00,8.09,Google Ads,A2721,2026-09-07T07:48:42.882130
1723,20241123,5,11,2612,0,0,225.38,0,0,1401.00,0.0000,0.00,0.00,0.00,6.22,Google Ads,A2722,2026-09-07T07:48:42.882130
1724,20241116,9,11,2612,0,0,185.55,0,0,1903.00,0.0000,0.00,0.00,0.00,10.26,Google Ads,A2723,2026-09-07T07:48:42.882130
1725,20241101,3,11,2612,0,0,223.14,0,0,1391.00,0.0000,0.00,0.00,0.00,6.23,Google Ads,A2724,2026-09-07T07:48:42.882130
1726,20241118,18,11,2612,0,0,231.99,0,0,1603.00,0.0000,0.00,0.00,0.00,6.91,Google Ads,A2725,2026-09-07T07:48:42.882130
1727,20241114,15,11,2612,0,0,206.76,0,0,1104.00,0.0000,0.00,0.00,0.00,5.34,Google Ads,A2726,2026-09-07T07:48:42.882130
1728,20241108,7,11,2612,0,0,207.92,0,0,1780.00,0.0000,0.00,0.00,0.00,8.56,Google Ads,A2727,2026-09-07T07:48:42.882130
1729,20241121,13,11,2612,0,0,212.29,0,0,1399.00,0.0000,0.00,0.00,0.00,6.59,Google Ads,A2728,2026-09-07T07:48:42.882130
1730,20241121,17,11,2612,0,0,247.65,0,0,1584.00,0.0000,0.00,0.00,0.00,6.40,Google Ads,A2729,2026-09-07T07:48:42.882130
1731,20241122,17,11,2612,0,0,183.52,0,0,1156.00,0.0000,0.00,0.00,0.00,6.30,Google Ads,A2730,2026-09-07T07:48:42.882130
1732,20241125,11,11,2612,0,0,243.02,0,0,1567.00,0.0000,0.00,0.00,0.00,6.45,Google Ads,A2731,2026-09-07T07:48:42.882130
1733,20241107,1,11,2612,0,0,232.10,0,0,1476.00,0.0000,0.00,0.00,0.00,6.36,Google Ads,A2732,2026-09-07T07:48:42.882130
1734,20241118,1,11,2612,0,0,186.91,0,0,1728.00,0.0000,0.00,0.00,0.00,9.25,Google Ads,A2733,2026-09-07T07:48:42.882130
1735,20241116,6,11,2612,0,0,190.82,0,0,1157.00,0.0000,0.00,0.00,0.00,6.06,Google Ads,A2734,2026-09-07T07:48:42.882130
1736,20241107,4,11,2612,0,0,190.32,0,0,1301.00,0.0000,0.00,0.00,0.00,6.84,Google Ads,A2735,2026-09-07T07:48:42.882130
1737,20241130,5,11,2612,0,0,215.93,0,0,1214.00,0.0000,0.00,0.00,0.00,5.62,Google Ads,A2736,2026-09-07T07:48:42.882130
1738,20241126,9,11,2612,0,0,240.85,0,0,1481.00,0.0000,0.00,0.00,0.00,6.15,Google Ads,A2737,2026-09-07T07:48:42.882130
1739,20241114,7,11,2612,0,0,214.66,0,0,1733.00,0.0000,0.00,0.00,0.00,8.07,Google Ads,A2738,2026-09-07T07:48:42.882130
1740,20241110,4,11,2612,0,0,183.12,0,0,1241.00,0.0000,0.00,0.00,0.00,6.78,Google Ads,A2739,2026-09-07T07:48:42.882130
1741,20241128,2,11,2612,0,0,223.87,0,0,1866.00,0.0000,0.00,0.00,0.00,8.34,Google Ads,A2740,2026-09-07T07:48:42.882130
1742,20241129,17,11,2612,0,0,237.69,0,0,1262.00,0.0000,0.00,0.00,0.00,5.31,Google Ads,A2741,2026-09-07T07:48:42.882130
1743,20241120,6,11,2612,0,0,192.29,0,0,1506.00,0.0000,0.00,0.00,0.00,7.83,Google Ads,A2742,2026-09-07T07:48:42.882130
1744,20241103,15,11,2612,0,0,204.13,0,0,1037.00,0.0000,0.00,0.00,0.00,5.08,Google Ads,A2743,2026-09-07T07:48:42.882130
1745,20241127,11,11,2612,0,0,199.12,0,0,1669.00,0.0000,0.00,0.00,0.00,8.38,Google Ads,A2744,2026-09-07T07:48:42.882130
1746,20241116,14,11,2612,0,0,245.87,0,0,1124.00,0.0000,0.00,0.00,0.00,4.57,Google Ads,A2745,2026-09-07T07:48:42.882130
1747,20241116,12,11,2612,0,0,200.98,0,0,1815.00,0.0000,0.00,0.00,0.00,9.03,Google Ads,A2746,2026-09-07T07:48:42.882130
1748,20241111,13,11,2612,0,0,214.56,0,0,1804.00,0.0000,0.00,0.00,0.00,8.41,Google Ads,A2747,2026-09-07T07:48:42.882130
1749,20241123,9,11,2612,0,0,198.49,0,0,1468.00,0.0000,0.00,0.00,0.00,7.40,Google Ads,A2748,2026-09-07T07:48:42.882130
1750,20241106,9,11,2612,0,0,218.35,0,0,1840.00,0.0000,0.00,0.00,0.00,8.43,Google Ads,A2749,2026-09-07T07:48:42.882130
1751,20241110,2,11,2612,0,0,224.06,0,0,1197.00,0.0000,0.00,0.00,0.00,5.34,Google Ads,A2750,2026-09-07T07:48:42.882130
1752,20241106,1,11,2612,0,0,248.59,0,0,1056.00,0.0000,0.00,0.00,0.00,4.25,Google Ads,A2751,2026-09-07T07:48:42.882130
1753,20241127,8,11,2612,0,0,186.10,0,0,1033.00,0.0000,0.00,0.00,0.00,5.55,Google Ads,A2752,2026-09-07T07:48:42.882130
1754,20241125,14,11,2612,0,0,222.92,0,0,1443.00,0.0000,0.00,0.00,0.00,6.47,Google Ads,A2753,2026-09-07T07:48:42.882130
1755,20241114,3,11,2612,0,0,198.75,0,0,1128.00,0.0000,0.00,0.00,0.00,5.68,Google Ads,A2754,2026-09-07T07:48:42.882130
1756,20241120,7,11,2612,0,0,200.74,0,0,1596.00,0.0000,0.00,0.00,0.00,7.95,Google Ads,A2755,2026-09-07T07:48:42.882130
1757,20241103,2,11,2612,0,0,247.52,0,0,1742.00,0.0000,0.00,0.00,0.00,7.04,Google Ads,A2756,2026-09-07T07:48:42.882130
1758,20241117,4,11,2612,0,0,213.85,0,0,1703.00,0.0000,0.00,0.00,0.00,7.96,Google Ads,A2757,2026-09-07T07:48:42.882130
1759,20241115,1,11,2612,0,0,214.08,0,0,1515.00,0.0000,0.00,0.00,0.00,7.08,Google Ads,A2758,2026-09-07T07:48:42.882130
1760,20241127,11,11,2612,0,0,249.66,0,0,1895.00,0.0000,0.00,0.00,0.00,7.59,Google Ads,A2759,2026-09-07T07:48:42.882130
1761,20241118,15,11,2612,0,0,206.06,0,0,1155.00,0.0000,0.00,0.00,0.00,5.61,Google Ads,A2760,2026-09-07T07:48:42.882130
1762,20241101,13,11,2612,0,0,186.51,0,0,1982.00,0.0000,0.00,0.00,0.00,10.63,Google Ads,A2761,2026-09-07T07:48:42.882130
1763,20241109,7,11,2612,0,0,245.34,0,0,1922.00,0.0000,0.00,0.00,0.00,7.83,Google Ads,A2762,2026-09-07T07:48:42.882130
1764,20241125,14,11,2612,0,0,232.39,0,0,1763.00,0.0000,0.00,0.00,0.00,7.59,Google Ads,A2763,2026-09-07T07:48:42.882130
1765,20241121,18,11,2612,0,0,227.92,0,0,1512.00,0.0000,0.00,0.00,0.00,6.63,Google Ads,A2764,2026-09-07T07:48:42.882130
1766,20241112,7,11,2612,0,0,201.98,0,0,1216.00,0.0000,0.00,0.00,0.00,6.02,Google Ads,A2765,2026-09-07T07:48:42.882130
1767,20241112,6,11,2612,0,0,196.99,0,0,1431.00,0.0000,0.00,0.00,0.00,7.26,Google Ads,A2766,2026-09-07T07:48:42.882130
1768,20241105,9,11,2612,0,0,187.00,0,0,1510.00,0.0000,0.00,0.00,0.00,8.07,Google Ads,A2767,2026-09-07T07:48:42.882130
1769,20241116,7,11,2612,0,0,220.66,0,0,1345.00,0.0000,0.00,0.00,0.00,6.10,Google Ads,A2768,2026-09-07T07:48:42.882130
1770,20241127,17,11,2612,0,0,227.02,0,0,1548.00,0.0000,0.00,0.00,0.00,6.82,Google Ads,A2769,2026-09-07T07:48:42.882130
1771,20241121,10,11,2612,0,0,211.05,0,0,1082.00,0.0000,0.00,0.00,0.00,5.13,Google Ads,A2770,2026-09-07T07:48:42.882130
1772,20241103,18,11,2612,0,0,224.15,0,0,1157.00,0.0000,0.00,0.00,0.00,5.16,Google Ads,A2771,2026-09-07T07:48:42.882130
1773,20241102,1,11,2612,0,0,214.16,0,0,1033.00,0.0000,0.00,0.00,0.00,4.82,Google Ads,A2772,2026-09-07T07:48:42.882130
1774,20241114,15,11,2612,0,0,198.84,0,0,1474.00,0.0000,0.00,0.00,0.00,7.41,Google Ads,A2773,2026-09-07T07:48:42.882130
1775,20241109,11,11,2612,0,0,189.58,0,0,1882.00,0.0000,0.00,0.00,0.00,9.93,Google Ads,A2774,2026-09-07T07:48:42.882130
1776,20241127,18,11,2612,0,0,213.67,0,0,1491.00,0.0000,0.00,0.00,0.00,6.98,Google Ads,A2775,2026-09-07T07:48:42.882130
1777,20241109,11,11,2612,0,0,246.55,0,0,1105.00,0.0000,0.00,0.00,0.00,4.48,Google Ads,A2776,2026-09-07T07:48:42.882130
1778,20241126,10,11,2612,0,0,219.11,0,0,1795.00,0.0000,0.00,0.00,0.00,8.19,Google Ads,A2777,2026-09-07T07:48:42.882130
1779,20241122,6,11,2612,0,0,225.13,0,0,1107.00,0.0000,0.00,0.00,0.00,4.92,Google Ads,A2778,2026-09-07T07:48:42.882130
1780,20241124,9,11,2612,0,0,208.43,0,0,1450.00,0.0000,0.00,0.00,0.00,6.96,Google Ads,A2779,2026-09-07T07:48:42.882130
1781,20241104,7,11,2612,0,0,187.07,0,0,1720.00,0.0000,0.00,0.00,0.00,9.19,Google Ads,A2780,2026-09-07T07:48:42.882130
1782,20241103,13,11,2612,0,0,249.36,0,0,1846.00,0.0000,0.00,0.00,0.00,7.40,Google Ads,A2781,2026-09-07T07:48:42.882130
1783,20241127,7,11,2612,0,0,193.18,0,0,1176.00,0.0000,0.00,0.00,0.00,6.09,Google Ads,A2782,2026-09-07T07:48:42.882130
1784,20241128,15,11,2612,0,0,201.41,0,0,1719.00,0.0000,0.00,0.00,0.00,8.53,Google Ads,A2783,2026-09-07T07:48:42.882130
1785,20241114,18,11,2612,0,0,184.00,0,0,1239.00,0.0000,0.00,0.00,0.00,6.73,Google Ads,A2784,2026-09-07T07:48:42.882130
1786,20241128,14,11,2612,0,0,238.81,0,0,1648.00,0.0000,0.00,0.00,0.00,6.90,Google Ads,A2785,2026-09-07T07:48:42.882130
1787,20241108,10,11,2612,0,0,223.69,0,0,1845.00,0.0000,0.00,0.00,0.00,8.25,Google Ads,A2786,2026-09-07T07:48:42.882130
1788,20241111,7,11,2612,0,0,231.91,0,0,1018.00,0.0000,0.00,0.00,0.00,4.39,Google Ads,A2787,2026-09-07T07:48:42.882130
1789,20241120,8,11,2612,0,0,191.99,0,0,1822.00,0.0000,0.00,0.00,0.00,9.49,Google Ads,A2788,2026-09-07T07:48:42.882130
1790,20241104,1,11,2612,0,0,202.43,0,0,1027.00,0.0000,0.00,0.00,0.00,5.07,Google Ads,A2789,2026-09-07T07:48:42.882130
1791,20241112,18,11,2612,0,0,233.43,0,0,1299.00,0.0000,0.00,0.00,0.00,5.56,Google Ads,A2790,2026-09-07T07:48:42.882130
1792,20241113,18,11,2612,0,0,245.13,0,0,1122.00,0.0000,0.00,0.00,0.00,4.58,Google Ads,A2791,2026-09-07T07:48:42.882130
1793,20241124,7,11,2612,0,0,197.15,0,0,1273.00,0.0000,0.00,0.00,0.00,6.46,Google Ads,A2792,2026-09-07T07:48:42.882130
1794,20241125,12,11,2612,0,0,196.04,0,0,1737.00,0.0000,0.00,0.00,0.00,8.86,Google Ads,A2793,2026-09-07T07:48:42.882130
1795,20241114,8,11,2612,0,0,180.82,0,0,1497.00,0.0000,0.00,0.00,0.00,8.28,Google Ads,A2794,2026-09-07T07:48:42.882130
1796,20241118,14,11,2612,0,0,199.90,0,0,0.00,0.0000,0.00,0.00,0.00,0.00,Google Ads,A2795,2026-09-07T07:48:42.882130
1797,20241111,4,11,2612,0,0,241.14,0,0,1226.00,0.0000,0.00,0.00,0.00,5.08,Google Ads,A2796,2026-09-07T07:48:42.882130
1798,20241105,10,11,2612,0,0,0.00,0,0,1016.00,0.0000,0.00,0.00,0.00,0.00,Google Ads,A2797,2026-09-07T07:48:42.882130
1799,20241111,5,11,2612,0,0,237.72,0,0,1682.00,0.0000,0.00,0.00,0.00,7.08,Google Ads,A2798,2026-09-07T07:48:42.882130
1800,20241122,2,11,2612,0,0,243.63,0,0,1742.00,0.0000,0.00,0.00,0.00,7.15,Google Ads,A2799,2026-09-07T07:48:42.882130
1801,20241105,2,11,2612,0,0,244.01,0,0,1248.00,0.0000,0.00,0.00,0.00,5.11,Google Ads,A2800,2026-09-07T07:48:42.882130
1802,20241117,11,11,2612,0,0,225.57,0,0,1686.00,0.0000,0.00,0.00,0.00,7.47,Google Ads,A2801,2026-09-07T07:48:42.882130
1803,20241102,10,11,2612,0,0,210.45,0,0,1964.00,0.0000,0.00,0.00,0.00,9.33,Google Ads,A2802,2026-09-07T07:48:42.882130
1804,20241116,17,11,2612,0,0,230.59,0,0,1224.00,0.0000,0.00,0.00,0.00,5.31,Google Ads,A2803,2026-09-07T07:48:42.882130
1805,20241109,9,11,2612,0,0,211.89,0,0,1743.00,0.0000,0.00,0.00,0.00,8.23,Google Ads,A2804,2026-09-07T07:48:42.882130
1806,20241118,6,11,2612,0,0,182.38,0,0,1856.00,0.0000,0.00,0.00,0.00,10.18,Google Ads,A2805,2026-09-07T07:48:42.882130
1807,20241104,5,11,2612,0,0,219.40,0,0,1730.00,0.0000,0.00,0.00,0.00,7.89,Google Ads,A2806,2026-09-07T07:48:42.882130
1808,20241112,11,11,2612,0,0,247.16,0,0,1985.00,0.0000,0.00,0.00,0.00,8.03,Google Ads,A2807,2026-09-07T07:48:42.882130
1809,20241129,2,11,2612,0,0,225.49,0,0,1249.00,0.0000,0.00,0.00,0.00,5.54,Google Ads,A2808,2026-09-07T07:48:42.882130
1810,20241108,14,11,2612,0,0,241.80,0,0,1969.00,0.0000,0.00,0.00,0.00,8.14,Google Ads,A2809,2026-09-07T07:48:42.882130
1811,20241109,4,11,2612,0,0,217.08,0,0,1723.00,0.0000,0.00,0.00,0.00,7.94,Google Ads,A2810,2026-09-07T07:48:42.882130
1812,20241128,2,11,2612,0,0,241.32,0,0,1177.00,0.0000,0.00,0.00,0.00,4.88,Google Ads,A2811,2026-09-07T07:48:42.882130
1813,20241119,14,11,2612,0,0,183.70,0,0,1792.00,0.0000,0.00,0.00,0.00,9.76,Google Ads,A2812,2026-09-07T07:48:42.882130
1814,20241108,17,11,2612,0,0,248.37,0,0,1549.00,0.0000,0.00,0.00,0.00,6.24,Google Ads,A2813,2026-09-07T07:48:42.882130
1815,20241123,8,11,2612,0,0,213.70,0,0,1178.00,0.0000,0.00,0.00,0.00,5.51,Google Ads,A2814,2026-09-07T07:48:42.882130
1816,20241101,12,11,2612,0,0,198.54,0,0,0.00,0.0000,0.00,0.00,0.00,0.00,Google Ads,A2815,2026-09-07T07:48:42.882130
1817,20241120,14,11,2612,0,0,241.80,0,0,1654.00,0.0000,0.00,0.00,0.00,6.84,Google Ads,A2816,2026-09-07T07:48:42.882130
1818,20241114,5,11,2612,0,0,185.32,0,0,1433.00,0.0000,0.00,0.00,0.00,7.73,Google Ads,A2817,2026-09-07T07:48:42.882130
1819,20241108,8,11,2612,0,0,0.00,0,0,1720.00,0.0000,0.00,0.00,0.00,0.00,Google Ads,A2818,2026-09-07T07:48:42.882130
1820,20241103,15,11,2612,0,0,183.16,0,0,1245.00,0.0000,0.00,0.00,0.00,6.80,Google Ads,A2819,2026-09-07T07:48:42.882130
1821,20241114,9,11,2612,0,0,191.54,0,0,1451.00,0.0000,0.00,0.00,0.00,7.58,Google Ads,A2820,2026-09-07T07:48:42.882130
1822,20241122,16,11,2612,0,0,240.23,0,0,1555.00,0.0000,0.00,0.00,0.00,6.47,Google Ads,A2821,2026-09-07T07:48:42.882130
1823,20241121,10,11,2612,0,0,234.44,0,0,1628.00,0.0000,0.00,0.00,0.00,6.94,Google Ads,A2822,2026-09-07T07:48:42.882130
1824,20241124,9,11,2612,0,0,234.25,0,0,1368.00,0.0000,0.00,0.00,0.00,5.84,Google Ads,A2823,2026-09-07T07:48:42.882130
1825,20241128,17,11,2612,0,0,191.11,0,0,1107.00,0.0000,0.00,0.00,0.00,5.79,Google Ads,A2824,2026-09-07T07:48:42.882130
1826,20241127,16,11,2612,0,0,223.33,0,0,1069.00,0.0000,0.00,0.00,0.00,4.79,Google Ads,A2825,2026-09-07T07:48:42.882130
1827,20241108,13,11,2612,0,0,196.17,0,0,1252.00,0.0000,0.00,0.00,0.00,6.38,Google Ads,A2826,2026-09-07T07:48:42.882130
1828,20241129,9,11,2612,0,0,231.16,0,0,1963.00,0.0000,0.00,0.00,0.00,8.49,Google Ads,A2827,2026-09-07T07:48:42.882130
1829,20241104,15,11,2612,0,0,227.98,0,0,1627.00,0.0000,0.00,0.00,0.00,7.14,Google Ads,A2828,2026-09-07T07:48:42.882130
1830,20241118,10,11,2612,0,0,220.26,0,0,1486.00,0.0000,0.00,0.00,0.00,6.75,Google Ads,A2829,2026-09-07T07:48:42.882130
1831,20241108,14,11,2612,0,0,248.14,0,0,1595.00,0.0000,0.00,0.00,0.00,6.43,Google Ads,A2830,2026-09-07T07:48:42.882130
1832,20241106,3,11,2612,0,0,181.70,0,0,1391.00,0.0000,0.00,0.00,0.00,7.66,Google Ads,A2831,2026-09-07T07:48:42.882130
1833,20241107,9,11,2612,0,0,202.56,0,0,1368.00,0.0000,0.00,0.00,0.00,6.75,Google Ads,A2832,2026-09-07T07:48:42.882130
1834,20241118,8,11,2612,0,0,0.00,0,0,1566.00,0.0000,0.00,0.00,0.00,0.00,Google Ads,A2833,2026-09-07T07:48:42.882130
1835,20241115,3,11,2612,0,0,0.00,0,0,1361.00,0.0000,0.00,0.00,0.00,0.00,Google Ads,A2834,2026-09-07T07:48:42.882130
1836,20241106,1,11,2612,0,0,207.61,0,0,1165.00,0.0000,0.00,0.00,0.00,5.61,Google Ads,A2835,2026-09-07T07:48:42.882130
1837,20241114,1,11,2612,0,0,229.38,0,0,1557.00,0.0000,0.00,0.00,0.00,6.79,Google Ads,A2836,2026-09-07T07:48:42.882130
1838,20241101,1,11,2612,0,0,224.34,0,0,1969.00,0.0000,0.00,0.00,0.00,8.78,Google Ads,A2837,2026-09-07T07:48:42.882130
1839,20241125,8,11,2612,0,0,201.12,0,0,1728.00,0.0000,0.00,0.00,0.00,8.59,Google Ads,A2838,2026-09-07T07:48:42.882130
1840,20241102,1,11,2612,0,0,220.53,0,0,1426.00,0.0000,0.00,0.00,0.00,6.47,Google Ads,A2839,2026-09-07T07:48:42.882130
1841,20241101,7,11,2612,0,0,199.34,0,0,1239.00,0.0000,0.00,0.00,0.00,6.22,Google Ads,A2840,2026-09-07T07:48:42.882130
1842,20241128,16,11,2612,0,0,207.16,0,0,1416.00,0.0000,0.00,0.00,0.00,6.84,Google Ads,A2841,2026-09-07T07:48:42.882130
1843,20241116,8,11,2612,0,0,227.56,0,0,1251.00,0.0000,0.00,0.00,0.00,5.50,Google Ads,A2842,2026-09-07T07:48:42.882130
1844,20241124,3,11,2612,0,0,183.01,0,0,1544.00,0.0000,0.00,0.00,0.00,8.44,Google Ads,A2843,2026-09-07T07:48:42.882130
1845,20241109,1,11,2612,0,0,199.26,0,0,1142.00,0.0000,0.00,0.00,0.00,5.73,Google Ads,A2844,2026-09-07T07:48:42.882130
1846,20241118,12,11,2612,0,0,213.23,0,0,1474.00,0.0000,0.00,0.00,0.00,6.91,Google Ads,A2845,2026-09-07T07:48:42.882130
1847,20241130,16,11,2612,0,0,198.13,0,0,1174.00,0.0000,0.00,0.00,0.00,5.93,Google Ads,A2846,2026-09-07T07:48:42.882130
1848,20241112,14,11,2612,0,0,0.00,0,0,1678.00,0.0000,0.00,0.00,0.00,0.00,Google Ads,A2847,2026-09-07T07:48:42.882130
1849,20241113,8,11,2612,0,0,238.94,0,0,1306.00,0.0000,0.00,0.00,0.00,5.47,Google Ads,A2848,2026-09-07T07:48:42.882130
1850,20241120,17,11,2612,0,0,228.00,0,0,1679.00,0.0000,0.00,0.00,0.00,7.36,Google Ads,A2849,2026-09-07T07:48:42.882130
1851,20241119,6,11,2612,0,0,225.18,0,0,1763.00,0.0000,0.00,0.00,0.00,7.83,Google Ads,A2850,2026-09-07T07:48:42.882130
1852,20241118,3,11,2612,0,0,197.56,0,0,1255.00,0.0000,0.00,0.00,0.00,6.35,Google Ads,A2851,2026-09-07T07:48:42.882130
1853,20241104,17,11,2612,0,0,191.69,0,0,1598.00,0.0000,0.00,0.00,0.00,8.34,Google Ads,A2852,2026-09-07T07:48:42.882130
1854,20241106,13,11,2612,0,0,230.15,0,0,1299.00,0.0000,0.00,0.00,0.00,5.64,Google Ads,A2853,2026-09-07T07:48:42.882130
1855,20241107,10,11,2612,0,0,181.02,0,0,1340.00,0.0000,0.00,0.00,0.00,7.40,Google Ads,A2854,2026-09-07T07:48:42.882130
1856,20241104,11,11,2612,0,0,185.15,0,0,1881.00,0.0000,0.00,0.00,0.00,10.16,Google Ads,A2855,2026-09-07T07:48:42.882130
1857,20241128,9,11,2612,0,0,213.52,0,0,1117.00,0.0000,0.00,0.00,0.00,5.23,Google Ads,A2856,2026-09-07T07:48:42.882130
1858,20241104,3,11,2612,0,0,191.77,0,0,1783.00,0.0000,0.00,0.00,0.00,9.30,Google Ads,A2857,2026-09-07T07:48:42.882130
1859,20241105,1,11,2612,0,0,0.00,0,0,1760.00,0.0000,0.00,0.00,0.00,0.00,Google Ads,A2858,2026-09-07T07:48:42.882130
1860,20241130,1,11,2612,0,0,222.41,0,0,1489.00,0.0000,0.00,0.00,0.00,6.69,Google Ads,A2859,2026-09-07T07:48:42.882130
1861,20241122,5,11,2612,0,0,184.63,0,0,1013.00,0.0000,0.00,0.00,0.00,5.49,Google Ads,A2860,2026-09-07T07:48:42.882130
1862,20241116,7,11,2612,0,0,206.41,0,0,1219.00,0.0000,0.00,0.00,0.00,5.91,Google Ads,A2861,2026-09-07T07:48:42.882130
1863,20241126,9,11,2612,0,0,202.54,0,0,1065.00,0.0000,0.00,0.00,0.00,5.26,Google Ads,A2862,2026-09-07T07:48:42.882130
1864,20241124,9,11,2612,0,0,205.47,0,0,1709.00,0.0000,0.00,0.00,0.00,8.32,Google Ads,A2863,2026-09-07T07:48:42.882130
1865,20241113,18,11,2612,0,0,225.82,0,0,1828.00,0.0000,0.00,0.00,0.00,8.09,Google Ads,A2864,2026-09-07T07:48:42.882130
1866,20241122,16,11,2612,0,0,183.22,0,0,1021.00,0.0000,0.00,0.00,0.00,5.57,Google Ads,A2865,2026-09-07T07:48:42.882130
1867,20241101,1,11,2612,0,0,196.98,0,0,1094.00,0.0000,0.00,0.00,0.00,5.55,Google Ads,A2866,2026-09-07T07:48:42.882130
1868,20241130,1,11,2612,0,0,181.34,0,0,1100.00,0.0000,0.00,0.00,0.00,6.07,Google Ads,A2867,2026-09-07T07:48:42.882130
1869,20241117,13,11,2612,0,0,228.17,0,0,1382.00,0.0000,0.00,0.00,0.00,6.06,Google Ads,A2868,2026-09-07T07:48:42.882130
1870,20241113,6,11,2612,0,0,221.83,0,0,1956.00,0.0000,0.00,0.00,0.00,8.82,Google Ads,A2869,2026-09-07T07:48:42.882130
1871,20241106,13,11,2612,0,0,0.00,0,0,1805.00,0.0000,0.00,0.00,0.00,0.00,Google Ads,A2870,2026-09-07T07:48:42.882130
1872,20241123,6,11,2612,0,0,237.18,0,0,1737.00,0.0000,0.00,0.00,0.00,7.32,Google Ads,A2871,2026-09-07T07:48:42.882130
1873,20241127,18,11,2612,0,0,239.58,0,0,1229.00,0.0000,0.00,0.00,0.00,5.13,Google Ads,A2872,2026-09-07T07:48:42.882130
1874,20241119,2,11,2612,0,0,224.50,0,0,1736.00,0.0000,0.00,0.00,0.00,7.73,Google Ads,A2873,2026-09-07T07:48:42.882130
1875,20241112,4,11,2612,0,0,193.86,0,0,1387.00,0.0000,0.00,0.00,0.00,7.15,Google Ads,A2874,2026-09-07T07:48:42.882130
1876,20241102,11,11,2612,0,0,231.39,0,0,1963.00,0.0000,0.00,0.00,0.00,8.48,Google Ads,A2875,2026-09-07T07:48:42.882130
1877,20241123,14,11,2612,0,0,216.80,0,0,1781.00,0.0000,0.00,0.00,0.00,8.21,Google Ads,A2876,2026-09-07T07:48:42.882130
1878,20241109,15,11,2612,0,0,228.49,0,0,1003.00,0.0000,0.00,0.00,0.00,4.39,Google Ads,A2877,2026-09-07T07:48:42.882130
1879,20241125,5,11,2612,0,0,248.04,0,0,1780.00,0.0000,0.00,0.00,0.00,7.18,Google Ads,A2878,2026-09-07T07:48:42.882130
1880,20241115,11,11,2612,0,0,203.59,0,0,1959.00,0.0000,0.00,0.00,0.00,9.62,Google Ads,A2879,2026-09-07T07:48:42.882130
1881,20241128,12,11,2612,0,0,190.87,0,0,1807.00,0.0000,0.00,0.00,0.00,9.47,Google Ads,A2880,2026-09-07T07:48:42.882130
1882,20241112,11,11,2612,0,0,240.95,0,0,1579.00,0.0000,0.00,0.00,0.00,6.55,Google Ads,A2881,2026-09-07T07:48:42.882130
1883,20241114,11,11,2612,0,0,193.32,0,0,1088.00,0.0000,0.00,0.00,0.00,5.63,Google Ads,A2882,2026-09-07T07:48:42.882130
1884,20241124,16,11,2612,0,0,246.87,0,0,1136.00,0.0000,0.00,0.00,0.00,4.60,Google Ads,A2883,2026-09-07T07:48:42.882130
1885,20241116,14,11,2612,0,0,195.07,0,0,1521.00,0.0000,0.00,0.00,0.00,7.80,Google Ads,A2884,2026-09-07T07:48:42.882130
1886,20241130,7,11,2612,0,0,191.40,0,0,1342.00,0.0000,0.00,0.00,0.00,7.01,Google Ads,A2885,2026-09-07T07:48:42.882130
1887,20241105,7,11,2612,0,0,214.24,0,0,1080.00,0.0000,0.00,0.00,0.00,5.04,Google Ads,A2886,2026-09-07T07:48:42.882130
1888,20241104,7,11,2612,0,0,198.88,0,0,1909.00,0.0000,0.00,0.00,0.00,9.60,Google Ads,A2887,2026-09-07T07:48:42.882130
1889,20241116,1,11,2612,0,0,233.47,0,0,1785.00,0.0000,0.00,0.00,0.00,7.65,Google Ads,A2888,2026-09-07T07:48:42.882130
1890,20241120,12,11,2612,0,0,188.54,0,0,1244.00,0.0000,0.00,0.00,0.00,6.60,Google Ads,A2889,2026-09-07T07:48:42.882130
1891,20241107,15,11,2612,0,0,205.67,0,0,1593.00,0.0000,0.00,0.00,0.00,7.75,Google Ads,A2890,2026-09-07T07:48:42.882130
1892,20241128,8,11,2612,0,0,185.04,0,0,1561.00,0.0000,0.00,0.00,0.00,8.44,Google Ads,A2891,2026-09-07T07:48:42.882130
1893,20241107,13,11,2612,0,0,244.46,0,0,1912.00,0.0000,0.00,0.00,0.00,7.82,Google Ads,A2892,2026-09-07T07:48:42.882130
1894,20241108,4,11,2612,0,0,206.18,0,0,1836.00,0.0000,0.00,0.00,0.00,8.90,Google Ads,A2893,2026-09-07T07:48:42.882130
1895,20241111,11,11,2612,0,0,221.53,0,0,1122.00,0.0000,0.00,0.00,0.00,5.06,Google Ads,A2894,2026-09-07T07:48:42.882130
1896,20241102,2,11,2612,0,0,229.84,0,0,1634.00,0.0000,0.00,0.00,0.00,7.11,Google Ads,A2895,2026-09-07T07:48:42.882130
1897,20241125,5,11,2612,0,0,182.84,0,0,1235.00,0.0000,0.00,0.00,0.00,6.75,Google Ads,A2896,2026-09-07T07:48:42.882130
1898,20241111,16,11,2612,0,0,202.47,0,0,1862.00,0.0000,0.00,0.00,0.00,9.20,Google Ads,A2897,2026-09-07T07:48:42.882130
1899,20241116,4,11,2612,0,0,201.69,0,0,1103.00,0.0000,0.00,0.00,0.00,5.47,Google Ads,A2898,2026-09-07T07:48:42.882130
1900,20241110,7,11,2612,0,0,241.30,0,0,1488.00,0.0000,0.00,0.00,0.00,6.17,Google Ads,A2899,2026-09-07T07:48:42.882130
1901,20241101,13,11,2612,0,0,192.60,0,0,1180.00,0.0000,0.00,0.00,0.00,6.13,Google Ads,A2900,2026-09-07T07:48:42.882130
1902,20241118,10,11,2612,0,0,180.58,0,0,1808.00,0.0000,0.00,0.00,0.00,10.01,Google Ads,A2901,2026-09-07T07:48:42.882130
1903,20241110,9,11,2612,0,0,203.93,0,0,1776.00,0.0000,0.00,0.00,0.00,8.71,Google Ads,A2902,2026-09-07T07:48:42.882130
1904,20241128,5,11,2612,0,0,227.47,0,0,1373.00,0.0000,0.00,0.00,0.00,6.04,Google Ads,A2903,2026-09-07T07:48:42.882130
1905,20241124,14,11,2612,0,0,187.11,0,0,1096.00,0.0000,0.00,0.00,0.00,5.86,Google Ads,A2904,2026-09-07T07:48:42.882130
1906,20241103,13,11,2612,0,0,209.89,0,0,1744.00,0.0000,0.00,0.00,0.00,8.31,Google Ads,A2905,2026-09-07T07:48:42.882130
1907,20241117,7,11,2612,0,0,235.69,0,0,1373.00,0.0000,0.00,0.00,0.00,5.83,Google Ads,A2906,2026-09-07T07:48:42.882130
1908,20241119,18,11,2612,0,0,213.30,0,0,1013.00,0.0000,0.00,0.00,0.00,4.75,Google Ads,A2907,2026-09-07T07:48:42.882130
1909,20241125,5,11,2612,0,0,240.35,0,0,1816.00,0.0000,0.00,0.00,0.00,7.56,Google Ads,A2908,2026-09-07T07:48:42.882130
1910,20241105,9,11,2612,0,0,210.11,0,0,1025.00,0.0000,0.00,0.00,0.00,4.88,Google Ads,A2909,2026-09-07T07:48:42.882130
1911,20241129,15,11,2612,0,0,243.80,0,0,1909.00,0.0000,0.00,0.00,0.00,7.83,Google Ads,A2910,2026-09-07T07:48:42.882130
1912,20241125,7,11,2612,0,0,188.86,0,0,1555.00,0.0000,0.00,0.00,0.00,8.23,Google Ads,A2911,2026-09-07T07:48:42.882130
1913,20241109,11,11,2612,0,0,182.85,0,0,1145.00,0.0000,0.00,0.00,0.00,6.26,Google Ads,A2912,2026-09-07T07:48:42.882130
1914,20241113,7,11,2612,0,0,240.61,0,0,1504.00,0.0000,0.00,0.00,0.00,6.25,Google Ads,A2913,2026-09-07T07:48:42.882130
1915,20241118,4,11,2612,0,0,243.45,0,0,1059.00,0.0000,0.00,0.00,0.00,4.35,Google Ads,A2914,2026-09-07T07:48:42.882130
1916,20241101,1,11,2612,0,0,238.27,0,0,1278.00,0.0000,0.00,0.00,0.00,5.36,Google Ads,A2915,2026-09-07T07:48:42.882130
1917,20241103,5,11,2612,0,0,216.22,0,0,1727.00,0.0000,0.00,0.00,0.00,7.99,Google Ads,A2916,2026-09-07T07:48:42.882130
1918,20241115,17,11,2612,0,0,210.86,0,0,1079.00,0.0000,0.00,0.00,0.00,5.12,Google Ads,A2917,2026-09-07T07:48:42.882130
1919,20241126,9,11,2612,0,0,187.08,0,0,1764.00,0.0000,0.00,0.00,0.00,9.43,Google Ads,A2918,2026-09-07T07:48:42.882130
1920,20241122,7,11,2612,0,0,223.62,0,0,1075.00,0.0000,0.00,0.00,0.00,4.81,Google Ads,A2919,2026-09-07T07:48:42.882130
1921,20241120,8,11,2612,0,0,248.26,0,0,1160.00,0.0000,0.00,0.00,0.00,4.67,Google Ads,A2920,2026-09-07T07:48:42.882130
1922,20241130,9,11,2612,0,0,209.89,0,0,1981.00,0.0000,0.00,0.00,0.00,9.44,Google Ads,A2921,2026-09-07T07:48:42.882130
1923,20241105,18,11,2612,0,0,245.10,0,0,1993.00,0.0000,0.00,0.00,0.00,8.13,Google Ads,A2922,2026-09-07T07:48:42.882130
1924,20241116,16,11,2612,0,0,220.84,0,0,0.00,0.0000,0.00,0.00,0.00,0.00,Google Ads,A2923,2026-09-07T07:48:42.882130
1925,20241101,4,11,2612,0,0,220.73,0,0,1891.00,0.0000,0.00,0.00,0.00,8.57,Google Ads,A2924,2026-09-07T07:48:42.882130
1926,20241105,3,11,2612,0,0,238.31,0,0,1895.00,0.0000,0.00,0.00,0.00,7.95,Google Ads,A2925,2026-09-07T07:48:42.882130
1927,20241125,1,11,2612,0,0,182.49,0,0,1082.00,0.0000,0.00,0.00,0.00,5.93,Google Ads,A2926,2026-09-07T07:48:42.882130
1928,20241129,11,11,2612,0,0,201.70,0,0,1716.00,0.0000,0.00,0.00,0.00,8.51,Google Ads,A2927,2026-09-07T07:48:42.882130
1929,20241103,1,11,2612,0,0,233.74,0,0,1575.00,0.0000,0.00,0.00,0.00,6.74,Google Ads,A2928,2026-09-07T07:48:42.882130
1930,20241115,18,11,2612,0,0,0.00,0,0,1926.00,0.0000,0.00,0.00,0.00,0.00,Google Ads,A2929,2026-09-07T07:48:42.882130
1931,20241114,13,11,2612,0,0,185.69,0,0,1310.00,0.0000,0.00,0.00,0.00,7.05,Google Ads,A2930,2026-09-07T07:48:42.882130
1932,20241105,6,11,2612,0,0,241.99,0,0,1772.00,0.0000,0.00,0.00,0.00,7.32,Google Ads,A2931,2026-09-07T07:48:42.882130
1933,20241103,9,11,2612,0,0,217.20,0,0,1507.00,0.0000,0.00,0.00,0.00,6.94,Google Ads,A2932,2026-09-07T07:48:42.882130
1934,20241119,11,11,2612,0,0,211.01,0,0,1378.00,0.0000,0.00,0.00,0.00,6.53,Google Ads,A2933,2026-09-07T07:48:42.882130
1935,20241101,13,11,2612,0,0,184.98,0,0,1041.00,0.0000,0.00,0.00,0.00,5.63,Google Ads,A2934,2026-09-07T07:48:42.882130
1936,20241109,10,11,2612,0,0,199.91,0,0,1903.00,0.0000,0.00,0.00,0.00,9.52,Google Ads,A2935,2026-09-07T07:48:42.882130
1937,20241115,16,11,2612,0,0,211.76,0,0,1201.00,0.0000,0.00,0.00,0.00,5.67,Google Ads,A2936,2026-09-07T07:48:42.882130
1938,20241104,7,11,2612,0,0,232.85,0,0,1397.00,0.0000,0.00,0.00,0.00,6.00,Google Ads,A2937,2026-09-07T07:48:42.882130
1939,20241111,4,11,2612,0,0,198.66,0,0,1236.00,0.0000,0.00,0.00,0.00,6.22,Google Ads,A2938,2026-09-07T07:48:42.882130
1940,20241104,2,11,2612,0,0,243.75,0,0,1118.00,0.0000,0.00,0.00,0.00,4.59,Google Ads,A2939,2026-09-07T07:48:42.882130
1941,20241108,11,11,2612,0,0,227.26,0,0,1953.00,0.0000,0.00,0.00,0.00,8.59,Google Ads,A2940,2026-09-07T07:48:42.882130
1942,20241124,16,11,2612,0,0,224.80,0,0,1493.00,0.0000,0.00,0.00,0.00,6.64,Google Ads,A2941,2026-09-07T07:48:42.882130
1943,20241116,11,11,2612,0,0,181.04,0,0,1824.00,0.0000,0.00,0.00,0.00,10.08,Google Ads,A2942,2026-09-07T07:48:42.882130
1944,20241115,6,11,2612,0,0,215.33,0,0,1323.00,0.0000,0.00,0.00,0.00,6.14,Google Ads,A2943,2026-09-07T07:48:42.882130
1945,20241119,11,11,2612,0,0,198.65,0,0,1444.00,0.0000,0.00,0.00,0.00,7.27,Google Ads,A2944,2026-09-07T07:48:42.882130
1946,20241112,11,11,2612,0,0,210.69,0,0,1872.00,0.0000,0.00,0.00,0.00,8.89,Google Ads,A2945,2026-09-07T07:48:42.882130
1947,20241117,16,11,2612,0,0,234.97,0,0,0.00,0.0000,0.00,0.00,0.00,0.00,Google Ads,A2946,2026-09-07T07:48:42.882130
1948,20241108,3,11,2612,0,0,221.17,0,0,1345.00,0.0000,0.00,0.00,0.00,6.08,Google Ads,A2947,2026-09-07T07:48:42.882130
1949,20241114,6,11,2612,0,0,184.76,0,0,0.00,0.0000,0.00,0.00,0.00,0.00,Google Ads,A2948,2026-09-07T07:48:42.882130
1950,20241111,2,11,2612,0,0,224.38,0,0,1886.00,0.0000,0.00,0.00,0.00,8.41,Google Ads,A2949,2026-09-07T07:48:42.882130
1951,20241101,1,11,2612,0,0,213.20,0,0,1359.00,0.0000,0.00,0.00,0.00,6.37,Google Ads,A2950,2026-09-07T07:48:42.882130
1952,20241130,7,11,2612,0,0,216.85,0,0,1574.00,0.0000,0.00,0.00,0.00,7.26,Google Ads,A2951,2026-09-07T07:48:42.882130
1953,20241103,8,11,2612,0,0,224.59,0,0,1569.00,0.0000,0.00,0.00,0.00,6.99,Google Ads,A2952,2026-09-07T07:48:42.882130
1954,20241108,17,11,2612,0,0,234.41,0,0,1113.00,0.0000,0.00,0.00,0.00,4.75,Google Ads,A2953,2026-09-07T07:48:42.882130
1955,20241110,8,11,2612,0,0,211.70,0,0,1399.00,0.0000,0.00,0.00,0.00,6.61,Google Ads,A2954,2026-09-07T07:48:42.882130
1956,20241119,9,11,2612,0,0,205.37,0,0,1155.00,0.0000,0.00,0.00,0.00,5.62,Google Ads,A2955,2026-09-07T07:48:42.882130
1957,20241123,12,11,2612,0,0,210.28,0,0,1319.00,0.0000,0.00,0.00,0.00,6.27,Google Ads,A2956,2026-09-07T07:48:42.882130
1958,20241119,7,11,2612,0,0,233.50,0,0,1159.00,0.0000,0.00,0.00,0.00,4.96,Google Ads,A2957,2026-09-07T07:48:42.882130
1959,20241127,1,11,2612,0,0,0.00,0,0,1731.00,0.0000,0.00,0.00,0.00,0.00,Google Ads,A2958,2026-09-07T07:48:42.882130
1960,20241116,4,11,2612,0,0,240.44,0,0,1542.00,0.0000,0.00,0.00,0.00,6.41,Google Ads,A2959,2026-09-07T07:48:42.882130
1961,20241108,14,11,2612,0,0,199.13,0,0,1474.00,0.0000,0.00,0.00,0.00,7.40,Google Ads,A2960,2026-09-07T07:48:42.882130
1962,20241101,13,11,2612,0,0,246.58,0,0,1396.00,0.0000,0.00,0.00,0.00,5.66,Google Ads,A2961,2026-09-07T07:48:42.882130
1963,20241109,3,11,2612,0,0,223.67,0,0,1411.00,0.0000,0.00,0.00,0.00,6.31,Google Ads,A2962,2026-09-07T07:48:42.882130
1964,20241125,10,11,2612,0,0,233.42,0,0,1201.00,0.0000,0.00,0.00,0.00,5.15,Google Ads,A2963,2026-09-07T07:48:42.882130
1965,20241122,7,11,2612,0,0,206.35,0,0,1132.00,0.0000,0.00,0.00,0.00,5.49,Google Ads,A2964,2026-09-07T07:48:42.882130
1966,20241121,18,11,2612,0,0,200.43,0,0,1427.00,0.0000,0.00,0.00,0.00,7.12,Google Ads,A2965,2026-09-07T07:48:42.882130
1967,20241118,3,11,2612,0,0,188.29,0,0,1561.00,0.0000,0.00,0.00,0.00,8.29,Google Ads,A2966,2026-09-07T07:48:42.882130
1968,20241107,13,11,2612,0,0,226.03,0,0,1254.00,0.0000,0.00,0.00,0.00,5.55,Google Ads,A2967,2026-09-07T07:48:42.882130
1969,20241118,9,11,2612,0,0,223.33,0,0,1697.00,0.0000,0.00,0.00,0.00,7.60,Google Ads,A2968,2026-09-07T07:48:42.882130
1970,20241113,18,11,2612,0,0,229.08,0,0,1225.00,0.0000,0.00,0.00,0.00,5.35,Google Ads,A2969,2026-09-07T07:48:42.882130
1971,20241108,13,11,2612,0,0,198.88,0,0,1964.00,0.0000,0.00,0.00,0.00,9.88,Google Ads,A2970,2026-09-07T07:48:42.882130
1972,20241114,15,11,2612,0,0,223.77,0,0,1233.00,0.0000,0.00,0.00,0.00,5.51,Google Ads,A2971,2026-09-07T07:48:42.882130
1973,20241122,17,11,2612,0,0,213.66,0,0,1187.00,0.0000,0.00,0.00,0.00,5.56,Google Ads,A2972,2026-09-07T07:48:42.882130
1974,20241130,18,11,2612,0,0,184.42,0,0,1893.00,0.0000,0.00,0.00,0.00,10.26,Google Ads,A2973,2026-09-07T07:48:42.882130
1975,20241101,15,11,2612,0,0,195.55,0,0,1773.00,0.0000,0.00,0.00,0.00,9.07,Google Ads,A2974,2026-09-07T07:48:42.882130
1976,20241128,13,11,2612,0,0,223.18,0,0,1110.00,0.0000,0.00,0.00,0.00,4.97,Google Ads,A2975,2026-09-07T07:48:42.882130
1977,20241110,6,11,2612,0,0,231.61,0,0,1390.00,0.0000,0.00,0.00,0.00,6.00,Google Ads,A2976,2026-09-07T07:48:42.882130
1978,20241102,10,11,2612,0,0,191.75,0,0,1145.00,0.0000,0.00,0.00,0.00,5.97,Google Ads,A2977,2026-09-07T07:48:42.882130
1979,20241124,3,11,2612,0,0,182.65,0,0,1364.00,0.0000,0.00,0.00,0.00,7.47,Google Ads,A2978,2026-09-07T07:48:42.882130
1980,20241111,4,11,2612,0,0,243.89,0,0,1876.00,0.0000,0.00,0.00,0.00,7.69,Google Ads,A2979,2026-09-07T07:48:42.882130
1981,20241128,10,11,2612,0,0,216.02,0,0,1880.00,0.0000,0.00,0.00,0.00,8.70,Google Ads,A2980,2026-09-07T07:48:42.882130
1982,20241129,18,11,2612,0,0,0.00,0,0,1696.00,0.0000,0.00,0.00,0.00,0.00,Google Ads,A2981,2026-09-07T07:48:42.882130
1983,20241105,15,11,2612,0,0,224.15,0,0,1083.00,0.0000,0.00,0.00,0.00,4.83,Google Ads,A2982,2026-09-07T07:48:42.882130
1984,20241125,14,11,2612,0,0,182.50,0,0,1230.00,0.0000,0.00,0.00,0.00,6.74,Google Ads,A2983,2026-09-07T07:48:42.882130
1985,20241104,2,11,2612,0,0,180.57,0,0,1243.00,0.0000,0.00,0.00,0.00,6.88,Google Ads,A2984,2026-09-07T07:48:42.882130
1986,20241121,10,11,2612,0,0,182.90,0,0,1123.00,0.0000,0.00,0.00,0.00,6.14,Google Ads,A2985,2026-09-07T07:48:42.882130
1987,20241112,11,11,2612,0,0,222.99,0,0,1733.00,0.0000,0.00,0.00,0.00,7.77,Google Ads,A2986,2026-09-07T07:48:42.882130
1988,20241130,7,11,2612,0,0,190.93,0,0,1731.00,0.0000,0.00,0.00,0.00,9.07,Google Ads,A2987,2026-09-07T07:48:42.882130
1989,20241117,10,11,2612,0,0,234.82,0,0,1556.00,0.0000,0.00,0.00,0.00,6.63,Google Ads,A2988,2026-09-07T07:48:42.882130
1990,20241126,6,11,2612,0,0,249.65,0,0,1953.00,0.0000,0.00,0.00,0.00,7.82,Google Ads,A2989,2026-09-07T07:48:42.882130
1991,20241104,10,11,2612,0,0,195.91,0,0,1242.00,0.0000,0.00,0.00,0.00,6.34,Google Ads,A2990,2026-09-07T07:48:42.882130
1992,20241109,7,11,2612,0,0,220.07,0,0,1939.00,0.0000,0.00,0.00,0.00,8.81,Google Ads,A2991,2026-09-07T07:48:42.882130
1993,20241102,15,11,2612,0,0,233.39,0,0,1661.00,0.0000,0.00,0.00,0.00,7.12,Google Ads,A2992,2026-09-07T07:48:42.882130
1994,20241122,3,11,2612,0,0,226.66,0,0,1442.00,0.0000,0.00,0.00,0.00,6.36,Google Ads,A2993,2026-09-07T07:48:42.882130
1995,20241116,16,11,2612,0,0,190.43,0,0,1821.00,0.0000,0.00,0.00,0.00,9.56,Google Ads,A2994,2026-09-07T07:48:42.882130
1996,20241119,11,11,2612,0,0,232.13,0,0,1570.00,0.0000,0.00,0.00,0.00,6.76,Google Ads,A2995,2026-09-07T07:48:42.882130
1997,20241113,9,11,2612,0,0,183.57,0,0,1669.00,0.0000,0.00,0.00,0.00,9.09,Google Ads,A2996,2026-09-07T07:48:42.882130
1998,20241115,6,11,2612,0,0,213.82,0,0,1545.00,0.0000,0.00,0.00,0.00,7.23,Google Ads,A2997,2026-09-07T07:48:42.882130
1999,20241104,1,11,2612,0,0,241.41,0,0,1106.00,0.0000,0.00,0.00,0.00,4.58,Google Ads,A2998,2026-09-07T07:48:42.882130
2000,20241110,6,11,2612,0,0,210.78,0,0,1074.00,0.0000,0.00,0.00,0.00,5.10,Google Ads,A2999,2026-09-07T07:48:42.882130
2001,20241129,3,11,2612,0,0,247.93,0,0,1755.00,0.0000,0.00,0.00,0.00,7.08,Google Ads,A3000,2026-09-07T07:48:42.882130
2002,20241109,7,11,2612,0,0,194.11,0,0,1206.00,0.0000,0.00,0.00,0.00,6.21,Google Ads,A3001,2026-09-07T07:48:42.882130
2003,20241115,6,11,2612,0,0,197.78,0,0,1036.00,0.0000,0.00,0.00,0.00,5.24,Google Ads,A3002,2026-09-07T07:48:42.882130
2004,20241117,9,11,2612,0,0,204.73,0,0,0.00,0.0000,0.00,0.00,0.00,0.00,Google Ads,A3003,2026-09-07T07:48:42.882130
2005,20241130,7,11,2612,0,0,196.49,0,0,1362.00,0.0000,0.00,0.00,0.00,6.93,Google Ads,A3004,2026-09-07T07:48:42.882130
2006,20241101,9,11,2612,0,0,184.27,0,0,1957.00,0.0000,0.00,0.00,0.00,10.62,Google Ads,A3005,2026-09-07T07:48:42.882130
2007,20241112,8,11,2612,0,0,0.00,0,0,1285.00,0.0000,0.00,0.00,0.00,0.00,Google Ads,A3006,2026-09-07T07:48:42.882130
2008,20241127,10,11,2612,0,0,222.16,0,0,1091.00,0.0000,0.00,0.00,0.00,4.91,Google Ads,A3007,2026-09-07T07:48:42.882130
2009,20241127,7,11,2612,0,0,193.63,0,0,1688.00,0.0000,0.00,0.00,0.00,8.72,Google Ads,A3008,2026-09-07T07:48:42.882130
2010,20241106,4,11,2612,0,0,248.28,0,0,1673.00,0.0000,0.00,0.00,0.00,6.74,Google Ads,A3009,2026-09-07T07:48:42.882130
2011,20241113,11,11,2612,0,0,221.66,0,0,1061.00,0.0000,0.00,0.00,0.00,4.79,Google Ads,A3010,2026-09-07T07:48:42.882130
2012,20241128,2,11,2612,0,0,210.11,0,0,1140.00,0.0000,0.00,0.00,0.00,5.43,Google Ads,A3011,2026-09-07T07:48:42.882130
2013,20241101,8,11,2612,0,0,246.67,0,0,1514.00,0.0000,0.00,0.00,0.00,6.14,Google Ads,A3012,2026-09-07T07:48:42.882130
2014,20241120,4,11,2612,0,0,196.60,0,0,1516.00,0.0000,0.00,0.00,0.00,7.71,Google Ads,A3013,2026-09-07T07:48:42.882130
2015,20241120,13,11,2612,0,0,221.06,0,0,1623.00,0.0000,0.00,0.00,0.00,7.34,Google Ads,A3014,2026-09-07T07:48:42.882130
2016,20241103,3,11,2612,0,0,232.70,0,0,1080.00,0.0000,0.00,0.00,0.00,4.64,Google Ads,A3015,2026-09-07T07:48:42.882130
2017,20241117,3,11,2612,0,0,222.56,0,0,1862.00,0.0000,0.00,0.00,0.00,8.37,Google Ads,A3016,2026-09-07T07:48:42.882130
2018,20241105,14,11,2612,0,0,186.50,0,0,1027.00,0.0000,0.00,0.00,0.00,5.51,Google Ads,A3017,2026-09-07T07:48:42.882130
2019,20241108,6,11,2612,0,0,0.00,0,0,1463.00,0.0000,0.00,0.00,0.00,0.00,Google Ads,A3018,2026-09-07T07:48:42.882130
2020,20241118,11,11,2612,0,0,0.00,0,0,1701.00,0.0000,0.00,0.00,0.00,0.00,Google Ads,A3019,2026-09-07T07:48:42.882130
2021,20241129,10,11,2612,0,0,231.40,0,0,1499.00,0.0000,0.00,0.00,0.00,6.48,Google Ads,A3020,2026-09-07T07:48:42.882130
2022,20241127,2,11,2612,0,0,193.20,0,0,1319.00,0.0000,0.00,0.00,0.00,6.83,Google Ads,A3021,2026-09-07T07:48:42.882130
2023,20241123,7,11,2612,0,0,248.32,0,0,1948.00,0.0000,0.00,0.00,0.00,7.84,Google Ads,A3022,2026-09-07T07:48:42.882130
2024,20241109,1,11,2612,0,0,180.54,0,0,1564.00,0.0000,0.00,0.00,0.00,8.66,Google Ads,A3023,2026-09-07T07:48:42.882130
2025,20241107,11,11,2612,0,0,242.28,0,0,1210.00,0.0000,0.00,0.00,0.00,4.99,Google Ads,A3024,2026-09-07T07:48:42.882130
2026,20241124,3,11,2612,0,0,199.76,0,0,1195.00,0.0000,0.00,0.00,0.00,5.98,Google Ads,A3025,2026-09-07T07:48:42.882130
2027,20241129,14,11,2612,0,0,200.82,0,0,0.00,0.0000,0.00,0.00,0.00,0.00,Google Ads,A3026,2026-09-07T07:48:42.882130
2028,20241123,11,11,2612,0,0,236.12,0,0,1569.00,0.0000,0.00,0.00,0.00,6.64,Google Ads,A3027,2026-09-07T07:48:42.882130
2029,20241106,11,11,2612,0,0,223.95,0,0,1290.00,0.0000,0.00,0.00,0.00,5.76,Google Ads,A3028,2026-09-07T07:48:42.882130
2030,20241121,13,11,2612,0,0,206.02,0,0,1671.00,0.0000,0.00,0.00,0.00,8.11,Google Ads,A3029,2026-09-07T07:48:42.882130
2031,20241104,14,11,2612,0,0,245.06,0,0,1601.00,0.0000,0.00,0.00,0.00,6.53,Google Ads,A3030,2026-09-07T07:48:42.882130
2032,20241106,4,11,2612,0,0,219.25,0,0,1533.00,0.0000,0.00,0.00,0.00,6.99,Google Ads,A3031,2026-09-07T07:48:42.882130
2033,20241119,5,11,2612,0,0,195.46,0,0,1455.00,0.0000,0.00,0.00,0.00,7.44,Google Ads,A3032,2026-09-07T07:48:42.882130
2034,20241124,8,11,2612,0,0,214.66,0,0,1815.00,0.0000,0.00,0.00,0.00,8.46,Google Ads,A3033,2026-09-07T07:48:42.882130
2035,20241126,10,11,2612,0,0,228.79,0,0,1054.00,0.0000,0.00,0.00,0.00,4.61,Google Ads,A3034,2026-09-07T07:48:42.882130
2036,20241111,8,11,2612,0,0,205.02,0,0,1674.00,0.0000,0.00,0.00,0.00,8.17,Google Ads,A3035,2026-09-07T07:48:42.882130
2037,20241109,17,11,2612,0,0,208.84,0,0,1211.00,0.0000,0.00,0.00,0.00,5.80,Google Ads,A3036,2026-09-07T07:48:42.882130
2038,20241108,16,11,2612,0,0,230.19,0,0,1714.00,0.0000,0.00,0.00,0.00,7.45,Google Ads,A3037,2026-09-07T07:48:42.882130
2039,20241124,11,11,2612,0,0,235.84,0,0,1324.00,0.0000,0.00,0.00,0.00,5.61,Google Ads,A3038,2026-09-07T07:48:42.882130
2040,20241108,18,11,2612,0,0,191.75,0,0,1050.00,0.0000,0.00,0.00,0.00,5.48,Google Ads,A3039,2026-09-07T07:48:42.882130
2041,20241101,17,11,2612,0,0,237.12,0,0,1872.00,0.0000,0.00,0.00,0.00,7.89,Google Ads,A3040,2026-09-07T07:48:42.882130
2042,20241108,2,11,2612,0,0,241.70,0,0,1423.00,0.0000,0.00,0.00,0.00,5.89,Google Ads,A3041,2026-09-07T07:48:42.882130
2043,20241115,4,11,2612,0,0,220.52,0,0,0.00,0.0000,0.00,0.00,0.00,0.00,Google Ads,A3042,2026-09-07T07:48:42.882130
2044,20241108,5,11,2612,0,0,213.81,0,0,1750.00,0.0000,0.00,0.00,0.00,8.18,Google Ads,A3043,2026-09-07T07:48:42.882130
2045,20241114,12,11,2612,0,0,219.92,0,0,1209.00,0.0000,0.00,0.00,0.00,5.50,Google Ads,A3044,2026-09-07T07:48:42.882130
2046,20241121,10,11,2612,0,0,204.99,0,0,1703.00,0.0000,0.00,0.00,0.00,8.31,Google Ads,A3045,2026-09-07T07:48:42.882130
2047,20241109,1,11,2612,0,0,232.68,0,0,1959.00,0.0000,0.00,0.00,0.00,8.42,Google Ads,A3046,2026-09-07T07:48:42.882130
2048,20241103,8,11,2612,0,0,236.62,0,0,1582.00,0.0000,0.00,0.00,0.00,6.69,Google Ads,A3047,2026-09-07T07:48:42.882130
2049,20241127,11,11,2612,0,0,190.45,0,0,1508.00,0.0000,0.00,0.00,0.00,7.92,Google Ads,A3048,2026-09-07T07:48:42.882130
2050,20241118,16,11,2612,0,0,186.75,0,0,1530.00,0.0000,0.00,0.00,0.00,8.19,Google Ads,A3049,2026-09-07T07:48:42.882130
2051,20241125,14,11,2612,0,0,191.48,0,0,1779.00,0.0000,0.00,0.00,0.00,9.29,Google Ads,A3050,2026-09-07T07:48:42.882130
2052,20241109,3,11,2612,0,0,192.20,0,0,1396.00,0.0000,0.00,0.00,0.00,7.26,Google Ads,A3051,2026-09-07T07:48:42.882130
2053,20241118,18,11,2612,0,0,212.20,0,0,1613.00,0.0000,0.00,0.00,0.00,7.60,Google Ads,A3052,2026-09-07T07:48:42.882130
2054,20241121,4,11,2612,0,0,210.97,0,0,1928.00,0.0000,0.00,0.00,0.00,9.14,Google Ads,A3053,2026-09-07T07:48:42.882130
2055,20241107,11,11,2612,0,0,242.96,0,0,1029.00,0.0000,0.00,0.00,0.00,4.24,Google Ads,A3054,2026-09-07T07:48:42.882130
2056,20241125,4,11,2612,0,0,209.92,0,0,0.00,0.0000,0.00,0.00,0.00,0.00,Google Ads,A3055,2026-09-07T07:48:42.882130
2057,20241126,3,11,2612,0,0,236.41,0,0,0.00,0.0000,0.00,0.00,0.00,0.00,Google Ads,A3056,2026-09-07T07:48:42.882130
2058,20241114,8,11,2612,0,0,213.02,0,0,1159.00,0.0000,0.00,0.00,0.00,5.44,Google Ads,A3057,2026-09-07T07:48:42.882130
2059,20241105,2,11,2612,0,0,199.73,0,0,1829.00,0.0000,0.00,0.00,0.00,9.16,Google Ads,A3058,2026-09-07T07:48:42.882130
2060,20241123,11,11,2612,0,0,220.02,0,0,1282.00,0.0000,0.00,0.00,0.00,5.83,Google Ads,A3059,2026-09-07T07:48:42.882130
2061,20241107,8,11,2612,0,0,226.22,0,0,1600.00,0.0000,0.00,0.00,0.00,7.07,Google Ads,A3060,2026-09-07T07:48:42.882130
2062,20241110,9,11,2612,0,0,226.17,0,0,1493.00,0.0000,0.00,0.00,0.00,6.60,Google Ads,A3061,2026-09-07T07:48:42.882130
2063,20241105,6,11,2612,0,0,233.86,0,0,1565.00,0.0000,0.00,0.00,0.00,6.69,Google Ads,A3062,2026-09-07T07:48:42.882130
2064,20241124,14,11,2612,0,0,218.41,0,0,1418.00,0.0000,0.00,0.00,0.00,6.49,Google Ads,A3063,2026-09-07T07:48:42.882130
2065,20241123,6,11,2612,0,0,214.79,0,0,1262.00,0.0000,0.00,0.00,0.00,5.88,Google Ads,A3064,2026-09-07T07:48:42.882130
2066,20241119,11,11,2612,0,0,224.48,0,0,1060.00,0.0000,0.00,0.00,0.00,4.72,Google Ads,A3065,2026-09-07T07:48:42.882130
2067,20241127,16,11,2612,0,0,248.46,0,0,1881.00,0.0000,0.00,0.00,0.00,7.57,Google Ads,A3066,2026-09-07T07:48:42.882130
2068,20241109,16,11,2612,0,0,222.28,0,0,1185.00,0.0000,0.00,0.00,0.00,5.33,Google Ads,A3067,2026-09-07T07:48:42.882130
2069,20241104,1,11,2612,0,0,219.15,0,0,1864.00,0.0000,0.00,0.00,0.00,8.51,Google Ads,A3068,2026-09-07T07:48:42.882130
2070,20241127,13,11,2612,0,0,218.69,0,0,1550.00,0.0000,0.00,0.00,0.00,7.09,Google Ads,A3069,2026-09-07T07:48:42.882130
2071,20241108,9,11,2612,0,0,206.93,0,0,1619.00,0.0000,0.00,0.00,0.00,7.82,Google Ads,A3070,2026-09-07T07:48:42.882130
2072,20241105,18,11,2612,0,0,202.52,0,0,1625.00,0.0000,0.00,0.00,0.00,8.02,Google Ads,A3071,2026-09-07T07:48:42.882130
2073,20241103,7,11,2612,0,0,186.45,0,0,1074.00,0.0000,0.00,0.00,0.00,5.76,Google Ads,A3072,2026-09-07T07:48:42.882130
2074,20241126,9,11,2612,0,0,245.00,0,0,1202.00,0.0000,0.00,0.00,0.00,4.91,Google Ads,A3073,2026-09-07T07:48:42.882130
2075,20241121,15,11,2612,0,0,188.38,0,0,1135.00,0.0000,0.00,0.00,0.00,6.03,Google Ads,A3074,2026-09-07T07:48:42.882130
2076,20241126,6,11,2612,0,0,190.30,0,0,1953.00,0.0000,0.00,0.00,0.00,10.26,Google Ads,A3075,2026-09-07T07:48:42.882130
2077,20241123,2,11,2612,0,0,230.71,0,0,0.00,0.0000,0.00,0.00,0.00,0.00,Google Ads,A3076,2026-09-07T07:48:42.882130
2078,20241113,15,11,2612,0,0,246.92,0,0,1589.00,0.0000,0.00,0.00,0.00,6.44,Google Ads,A3077,2026-09-07T07:48:42.882130
2079,20241127,4,11,2612,0,0,217.55,0,0,1258.00,0.0000,0.00,0.00,0.00,5.78,Google Ads,A3078,2026-09-07T07:48:42.882130
2080,20241103,15,11,2612,0,0,245.95,0,0,1604.00,0.0000,0.00,0.00,0.00,6.52,Google Ads,A3079,2026-09-07T07:48:42.882130
2081,20241126,10,11,2612,0,0,191.95,0,0,1002.00,0.0000,0.00,0.00,0.00,5.22,Google Ads,A3080,2026-09-07T07:48:42.882130
2082,20241116,15,11,2612,0,0,209.18,0,0,1742.00,0.0000,0.00,0.00,0.00,8.33,Google Ads,A3081,2026-09-07T07:48:42.882130
2083,20241128,3,11,2612,0,0,227.83,0,0,1130.00,0.0000,0.00,0.00,0.00,4.96,Google Ads,A3082,2026-09-07T07:48:42.882130
2084,20241113,16,11,2612,0,0,224.53,0,0,1167.00,0.0000,0.00,0.00,0.00,5.20,Google Ads,A3083,2026-09-07T07:48:42.882130
2085,20241107,15,11,2612,0,0,245.25,0,0,1985.00,0.0000,0.00,0.00,0.00,8.09,Google Ads,A3084,2026-09-07T07:48:42.882130
2086,20241108,3,11,2612,0,0,247.16,0,0,1686.00,0.0000,0.00,0.00,0.00,6.82,Google Ads,A3085,2026-09-07T07:48:42.882130
2087,20241107,16,11,2612,0,0,215.98,0,0,1619.00,0.0000,0.00,0.00,0.00,7.50,Google Ads,A3086,2026-09-07T07:48:42.882130
2088,20241105,10,11,2612,0,0,209.19,0,0,1937.00,0.0000,0.00,0.00,0.00,9.26,Google Ads,A3087,2026-09-07T07:48:42.882130
2089,20241104,15,11,2612,0,0,245.02,0,0,1983.00,0.0000,0.00,0.00,0.00,8.09,Google Ads,A3088,2026-09-07T07:48:42.882130
2090,20241124,17,11,2612,0,0,232.25,0,0,1374.00,0.0000,0.00,0.00,0.00,5.92,Google Ads,A3089,2026-09-07T07:48:42.882130
2091,20241109,3,11,2612,0,0,205.62,0,0,1177.00,0.0000,0.00,0.00,0.00,5.72,Google Ads,A3090,2026-09-07T07:48:42.882130
2092,20241118,1,11,2612,0,0,215.83,0,0,1342.00,0.0000,0.00,0.00,0.00,6.22,Google Ads,A3091,2026-09-07T07:48:42.882130
2093,20241111,4,11,2612,0,0,181.96,0,0,1250.00,0.0000,0.00,0.00,0.00,6.87,Google Ads,A3092,2026-09-07T07:48:42.882130
2094,20241112,1,11,2612,0,0,222.69,0,0,1280.00,0.0000,0.00,0.00,0.00,5.75,Google Ads,A3093,2026-09-07T07:48:42.882130
2095,20241125,1,11,2612,0,0,219.59,0,0,1464.00,0.0000,0.00,0.00,0.00,6.67,Google Ads,A3094,2026-09-07T07:48:42.882130
2096,20241109,5,11,2612,0,0,186.46,0,0,0.00,0.0000,0.00,0.00,0.00,0.00,Google Ads,A3095,2026-09-07T07:48:42.882130
2097,20241108,1,11,2612,0,0,214.51,0,0,1180.00,0.0000,0.00,0.00,0.00,5.50,Google Ads,A3096,2026-09-07T07:48:42.882130
2098,20241101,6,11,2612,0,0,190.00,0,0,1779.00,0.0000,0.00,0.00,0.00,9.36,Google Ads,A3097,2026-09-07T07:48:42.882130
2099,20241123,17,11,2612,0,0,193.16,0,0,1395.00,0.0000,0.00,0.00,0.00,7.22,Google Ads,A3098,2026-09-07T07:48:42.882130
2100,20241127,14,11,2612,0,0,247.92,0,0,0.00,0.0000,0.00,0.00,0.00,0.00,Google Ads,A3099,2026-09-07T07:48:42.882130
2101,20241128,15,11,2612,0,0,194.29,0,0,0.00,0.0000,0.00,0.00,0.00,0.00,Google Ads,A3100,2026-09-07T07:48:42.882130
2102,20241116,1,11,2612,0,0,233.33,0,0,1783.00,0.0000,0.00,0.00,0.00,7.64,Google Ads,A3101,2026-09-07T07:48:42.882130
2103,20241104,16,11,2612,0,0,221.33,0,0,1557.00,0.0000,0.00,0.00,0.00,7.03,Google Ads,A3102,2026-09-07T07:48:42.882130
2104,20241123,14,11,2612,0,0,201.25,0,0,1514.00,0.0000,0.00,0.00,0.00,7.52,Google Ads,A3103,2026-09-07T07:48:42.882130
2105,20241114,13,11,2612,0,0,232.55,0,0,1694.00,0.0000,0.00,0.00,0.00,7.28,Google Ads,A3104,2026-09-07T07:48:42.882130
2106,20241102,11,11,2612,0,0,238.80,0,0,1327.00,0.0000,0.00,0.00,0.00,5.56,Google Ads,A3105,2026-09-07T07:48:42.882130
2107,20241122,15,11,2612,0,0,197.37,0,0,1160.00,0.0000,0.00,0.00,0.00,5.88,Google Ads,A3106,2026-09-07T07:48:42.882130
2108,20241120,4,11,2612,0,0,200.11,0,0,1599.00,0.0000,0.00,0.00,0.00,7.99,Google Ads,A3107,2026-09-07T07:48:42.882130
2109,20241115,5,11,2612,0,0,237.51,0,0,1440.00,0.0000,0.00,0.00,0.00,6.06,Google Ads,A3108,2026-09-07T07:48:42.882130
2110,20241117,7,11,2612,0,0,202.28,0,0,1031.00,0.0000,0.00,0.00,0.00,5.10,Google Ads,A3109,2026-09-07T07:48:42.882130
2111,20241117,9,11,2612,0,0,203.47,0,0,1805.00,0.0000,0.00,0.00,0.00,8.87,Google Ads,A3110,2026-09-07T07:48:42.882130
2112,20241106,3,11,2612,0,0,236.68,0,0,1364.00,0.0000,0.00,0.00,0.00,5.76,Google Ads,A3111,2026-09-07T07:48:42.882130
2113,20241114,18,11,2612,0,0,180.25,0,0,1123.00,0.0000,0.00,0.00,0.00,6.23,Google Ads,A3112,2026-09-07T07:48:42.882130
2114,20241107,11,11,2612,0,0,189.31,0,0,1645.00,0.0000,0.00,0.00,0.00,8.69,Google Ads,A3113,2026-09-07T07:48:42.882130
2115,20241128,9,11,2612,0,0,186.66,0,0,1183.00,0.0000,0.00,0.00,0.00,6.34,Google Ads,A3114,2026-09-07T07:48:42.882130
2116,20241108,5,11,2612,0,0,238.22,0,0,1234.00,0.0000,0.00,0.00,0.00,5.18,Google Ads,A3115,2026-09-07T07:48:42.882130
2117,20241129,15,11,2612,0,0,209.36,0,0,1186.00,0.0000,0.00,0.00,0.00,5.66,Google Ads,A3116,2026-09-07T07:48:42.882130
2118,20241129,12,11,2612,0,0,226.99,0,0,1606.00,0.0000,0.00,0.00,0.00,7.08,Google Ads,A3117,2026-09-07T07:48:42.882130
2119,20241110,2,11,2612,0,0,216.60,0,0,1102.00,0.0000,0.00,0.00,0.00,5.09,Google Ads,A3118,2026-09-07T07:48:42.882130
2120,20241114,16,11,2612,0,0,226.02,0,0,1969.00,0.0000,0.00,0.00,0.00,8.71,Google Ads,A3119,2026-09-07T07:48:42.882130
2121,20241102,11,11,2612,0,0,188.96,0,0,1108.00,0.0000,0.00,0.00,0.00,5.86,Google Ads,A3120,2026-09-07T07:48:42.882130
2122,20241104,1,11,2612,0,0,180.04,0,0,1687.00,0.0000,0.00,0.00,0.00,9.37,Google Ads,A3121,2026-09-07T07:48:42.882130
2123,20241111,17,11,2612,0,0,217.98,0,0,1480.00,0.0000,0.00,0.00,0.00,6.79,Google Ads,A3122,2026-09-07T07:48:42.882130
2124,20241106,8,11,2612,0,0,208.92,0,0,1698.00,0.0000,0.00,0.00,0.00,8.13,Google Ads,A3123,2026-09-07T07:48:42.882130
2125,20241128,4,11,2612,0,0,245.45,0,0,1769.00,0.0000,0.00,0.00,0.00,7.21,Google Ads,A3124,2026-09-07T07:48:42.882130
2126,20241112,12,11,2612,0,0,225.76,0,0,1667.00,0.0000,0.00,0.00,0.00,7.38,Google Ads,A3125,2026-09-07T07:48:42.882130
2127,20241119,17,11,2612,0,0,184.34,0,0,1271.00,0.0000,0.00,0.00,0.00,6.89,Google Ads,A3126,2026-09-07T07:48:42.882130
2128,20241104,4,11,2612,0,0,212.73,0,0,1311.00,0.0000,0.00,0.00,0.00,6.16,Google Ads,A3127,2026-09-07T07:48:42.882130
2129,20241104,10,11,2612,0,0,193.99,0,0,1492.00,0.0000,0.00,0.00,0.00,7.69,Google Ads,A3128,2026-09-07T07:48:42.882130
2130,20241110,5,11,2612,0,0,244.44,0,0,0.00,0.0000,0.00,0.00,0.00,0.00,Google Ads,A3129,2026-09-07T07:48:42.882130
2131,20241118,16,11,2612,0,0,243.04,0,0,1776.00,0.0000,0.00,0.00,0.00,7.31,Google Ads,A3130,2026-09-07T07:48:42.882130
2132,20241106,14,11,2612,0,0,243.72,0,0,1154.00,0.0000,0.00,0.00,0.00,4.73,Google Ads,A3131,2026-09-07T07:48:42.882130
2133,20241122,3,11,2612,0,0,228.47,0,0,1386.00,0.0000,0.00,0.00,0.00,6.07,Google Ads,A3132,2026-09-07T07:48:42.882130
2134,20241130,15,11,2612,0,0,218.64,0,0,1904.00,0.0000,0.00,0.00,0.00,8.71,Google Ads,A3133,2026-09-07T07:48:42.882130
2135,20241104,9,11,2612,0,0,224.60,0,0,1146.00,0.0000,0.00,0.00,0.00,5.10,Google Ads,A3134,2026-09-07T07:48:42.882130
2136,20241110,2,11,2612,0,0,223.51,0,0,1075.00,0.0000,0.00,0.00,0.00,4.81,Google Ads,A3135,2026-09-07T07:48:42.882130
2137,20241116,3,11,2612,0,0,248.94,0,0,1942.00,0.0000,0.00,0.00,0.00,7.80,Google Ads,A3136,2026-09-07T07:48:42.882130
2138,20241115,3,11,2612,0,0,195.44,0,0,1255.00,0.0000,0.00,0.00,0.00,6.42,Google Ads,A3137,2026-09-07T07:48:42.882130
2139,20241112,2,11,2612,0,0,221.73,0,0,1201.00,0.0000,0.00,0.00,0.00,5.42,Google Ads,A3138,2026-09-07T07:48:42.882130
2140,20241122,10,11,2612,0,0,194.22,0,0,1370.00,0.0000,0.00,0.00,0.00,7.05,Google Ads,A3139,2026-09-07T07:48:42.882130
2141,20241117,13,11,2612,0,0,0.00,0,0,1511.00,0.0000,0.00,0.00,0.00,0.00,Google Ads,A3140,2026-09-07T07:48:42.882130
2142,20241107,11,11,2612,0,0,230.52,0,0,1322.00,0.0000,0.00,0.00,0.00,5.73,Google Ads,A3141,2026-09-07T07:48:42.882130
2143,20241106,6,11,2612,0,0,244.49,0,0,1161.00,0.0000,0.00,0.00,0.00,4.75,Google Ads,A3142,2026-09-07T07:48:42.882130
2144,20241101,18,11,2612,0,0,248.27,0,0,1304.00,0.0000,0.00,0.00,0.00,5.25,Google Ads,A3143,2026-09-07T07:48:42.882130
2145,20241116,2,11,2612,0,0,208.31,0,0,1972.00,0.0000,0.00,0.00,0.00,9.47,Google Ads,A3144,2026-09-07T07:48:42.882130
2146,20241118,15,11,2612,0,0,223.06,0,0,1061.00,0.0000,0.00,0.00,0.00,4.76,Google Ads,A3145,2026-09-07T07:48:42.882130
2147,20241103,5,11,2612,0,0,228.36,0,0,1178.00,0.0000,0.00,0.00,0.00,5.16,Google Ads,A3146,2026-09-07T07:48:42.882130
2148,20241116,1,11,2612,0,0,184.10,0,0,1888.00,0.0000,0.00,0.00,0.00,10.26,Google Ads,A3147,2026-09-07T07:48:42.882130
2149,20241118,2,11,2612,0,0,200.17,0,0,1718.00,0.0000,0.00,0.00,0.00,8.58,Google Ads,A3148,2026-09-07T07:48:42.882130
2150,20241117,6,11,2612,0,0,224.77,0,0,1604.00,0.0000,0.00,0.00,0.00,7.14,Google Ads,A3149,2026-09-07T07:48:42.882130
2151,20241112,12,11,2612,0,0,180.24,0,0,1628.00,0.0000,0.00,0.00,0.00,9.03,Google Ads,A3150,2026-09-07T07:48:42.882130
2152,20241120,5,11,2612,0,0,204.19,0,0,1183.00,0.0000,0.00,0.00,0.00,5.79,Google Ads,A3151,2026-09-07T07:48:42.882130
2153,20241130,7,11,2612,0,0,201.18,0,0,1589.00,0.0000,0.00,0.00,0.00,7.90,Google Ads,A3152,2026-09-07T07:48:42.882130
2154,20241115,1,11,2612,0,0,223.77,0,0,1293.00,0.0000,0.00,0.00,0.00,5.78,Google Ads,A3153,2026-09-07T07:48:42.882130
2155,20241124,13,11,2612,0,0,243.10,0,0,1147.00,0.0000,0.00,0.00,0.00,4.72,Google Ads,A3154,2026-09-07T07:48:42.882130
2156,20241102,5,11,2612,0,0,232.82,0,0,1989.00,0.0000,0.00,0.00,0.00,8.54,Google Ads,A3155,2026-09-07T07:48:42.882130
2157,20241108,15,11,2612,0,0,244.10,0,0,1203.00,0.0000,0.00,0.00,0.00,4.93,Google Ads,A3156,2026-09-07T07:48:42.882130
2158,20241114,7,11,2612,0,0,199.91,0,0,1543.00,0.0000,0.00,0.00,0.00,7.72,Google Ads,A3157,2026-09-07T07:48:42.882130
2159,20241116,17,11,2612,0,0,0.00,0,0,1336.00,0.0000,0.00,0.00,0.00,0.00,Google Ads,A3158,2026-09-07T07:48:42.882130
2160,20241102,14,11,2612,0,0,186.22,0,0,1928.00,0.0000,0.00,0.00,0.00,10.35,Google Ads,A3159,2026-09-07T07:48:42.882130
2161,20241121,4,11,2612,0,0,184.76,0,0,1490.00,0.0000,0.00,0.00,0.00,8.06,Google Ads,A3160,2026-09-07T07:48:42.882130
2162,20241112,9,11,2612,0,0,217.30,0,0,1316.00,0.0000,0.00,0.00,0.00,6.06,Google Ads,A3161,2026-09-07T07:48:42.882130
2163,20241118,3,11,2612,0,0,247.11,0,0,1451.00,0.0000,0.00,0.00,0.00,5.87,Google Ads,A3162,2026-09-07T07:48:42.882130
2164,20241126,9,11,2612,0,0,227.36,0,0,1228.00,0.0000,0.00,0.00,0.00,5.40,Google Ads,A3163,2026-09-07T07:48:42.882130
2165,20241127,12,11,2612,0,0,239.33,0,0,1799.00,0.0000,0.00,0.00,0.00,7.52,Google Ads,A3164,2026-09-07T07:48:42.882130
2166,20241105,8,11,2612,0,0,180.07,0,0,1586.00,0.0000,0.00,0.00,0.00,8.81,Google Ads,A3165,2026-09-07T07:48:42.882130
2167,20241106,11,11,2612,0,0,245.58,0,0,1952.00,0.0000,0.00,0.00,0.00,7.95,Google Ads,A3166,2026-09-07T07:48:42.882130
2168,20241114,1,11,2612,0,0,219.81,0,0,1290.00,0.0000,0.00,0.00,0.00,5.87,Google Ads,A3167,2026-09-07T07:48:42.882130
2169,20241123,11,11,2612,0,0,183.69,0,0,1555.00,0.0000,0.00,0.00,0.00,8.47,Google Ads,A3168,2026-09-07T07:48:42.882130
2170,20241130,1,11,2612,0,0,186.34,0,0,1043.00,0.0000,0.00,0.00,0.00,5.60,Google Ads,A3169,2026-09-07T07:48:42.882130
2171,20241120,8,11,2612,0,0,239.26,0,0,1005.00,0.0000,0.00,0.00,0.00,4.20,Google Ads,A3170,2026-09-07T07:48:42.882130
2172,20241112,9,11,2612,0,0,187.24,0,0,1227.00,0.0000,0.00,0.00,0.00,6.55,Google Ads,A3171,2026-09-07T07:48:42.882130
2173,20241128,2,11,2612,0,0,197.90,0,0,1710.00,0.0000,0.00,0.00,0.00,8.64,Google Ads,A3172,2026-09-07T07:48:42.882130
2174,20241118,9,11,2612,0,0,232.11,0,0,1636.00,0.0000,0.00,0.00,0.00,7.05,Google Ads,A3173,2026-09-07T07:48:42.882130
2175,20241105,4,11,2612,0,0,238.40,0,0,1695.00,0.0000,0.00,0.00,0.00,7.11,Google Ads,A3174,2026-09-07T07:48:42.882130
2176,20241105,9,11,2612,0,0,184.42,0,0,0.00,0.0000,0.00,0.00,0.00,0.00,Google Ads,A3175,2026-09-07T07:48:42.882130
2177,20241110,17,11,2612,0,0,237.22,0,0,1811.00,0.0000,0.00,0.00,0.00,7.63,Google Ads,A3176,2026-09-07T07:48:42.882130
2178,20241116,4,11,2612,0,0,183.62,0,0,1838.00,0.0000,0.00,0.00,0.00,10.01,Google Ads,A3177,2026-09-07T07:48:42.882130
2179,20241119,8,11,2612,0,0,206.65,0,0,1466.00,0.0000,0.00,0.00,0.00,7.09,Google Ads,A3178,2026-09-07T07:48:42.882130
2180,20241116,13,11,2612,0,0,204.47,0,0,1401.00,0.0000,0.00,0.00,0.00,6.85,Google Ads,A3179,2026-09-07T07:48:42.882130
2181,20241107,3,11,2612,0,0,234.24,0,0,1210.00,0.0000,0.00,0.00,0.00,5.17,Google Ads,A3180,2026-09-07T07:48:42.882130
2182,20241115,6,11,2612,0,0,233.27,0,0,1197.00,0.0000,0.00,0.00,0.00,5.13,Google Ads,A3181,2026-09-07T07:48:42.882130
2183,20241118,18,11,2612,0,0,210.63,0,0,1653.00,0.0000,0.00,0.00,0.00,7.85,Google Ads,A3182,2026-09-07T07:48:42.882130
2184,20241105,15,11,2612,0,0,200.52,0,0,1861.00,0.0000,0.00,0.00,0.00,9.28,Google Ads,A3183,2026-09-07T07:48:42.882130
2185,20241117,16,11,2612,0,0,199.96,0,0,1566.00,0.0000,0.00,0.00,0.00,7.83,Google Ads,A3184,2026-09-07T07:48:42.882130
2186,20241129,16,11,2612,0,0,223.37,0,0,1821.00,0.0000,0.00,0.00,0.00,8.15,Google Ads,A3185,2026-09-07T07:48:42.882130
2187,20241124,5,11,2612,0,0,247.69,0,0,1687.00,0.0000,0.00,0.00,0.00,6.81,Google Ads,A3186,2026-09-07T07:48:42.882130
2188,20241119,3,11,2612,0,0,211.40,0,0,1290.00,0.0000,0.00,0.00,0.00,6.10,Google Ads,A3187,2026-09-07T07:48:42.882130
2189,20241126,4,11,2612,0,0,245.61,0,0,1388.00,0.0000,0.00,0.00,0.00,5.65,Google Ads,A3188,2026-09-07T07:48:42.882130
2190,20241105,1,11,2612,0,0,230.25,0,0,1027.00,0.0000,0.00,0.00,0.00,4.46,Google Ads,A3189,2026-09-07T07:48:42.882130
2191,20241103,11,11,2612,0,0,180.64,0,0,1102.00,0.0000,0.00,0.00,0.00,6.10,Google Ads,A3190,2026-09-07T07:48:42.882130
2192,20241115,2,11,2612,0,0,208.55,0,0,1065.00,0.0000,0.00,0.00,0.00,5.11,Google Ads,A3191,2026-09-07T07:48:42.882130
2193,20241120,9,11,2612,0,0,220.16,0,0,1262.00,0.0000,0.00,0.00,0.00,5.73,Google Ads,A3192,2026-09-07T07:48:42.882130
2194,20241103,12,11,2612,0,0,229.12,0,0,1271.00,0.0000,0.00,0.00,0.00,5.55,Google Ads,A3193,2026-09-07T07:48:42.882130
2195,20241125,9,11,2612,0,0,243.41,0,0,0.00,0.0000,0.00,0.00,0.00,0.00,Google Ads,A3194,2026-09-07T07:48:42.882130
2196,20241129,4,11,2612,0,0,218.24,0,0,1818.00,0.0000,0.00,0.00,0.00,8.33,Google Ads,A3195,2026-09-07T07:48:42.882130
2197,20241119,8,11,2612,0,0,237.70,0,0,1494.00,0.0000,0.00,0.00,0.00,6.29,Google Ads,A3196,2026-09-07T07:48:42.882130
2198,20241118,13,11,2612,0,0,213.84,0,0,1371.00,0.0000,0.00,0.00,0.00,6.41,Google Ads,A3197,2026-09-07T07:48:42.882130
2199,20241130,4,11,2612,0,0,228.12,0,0,1204.00,0.0000,0.00,0.00,0.00,5.28,Google Ads,A3198,2026-09-07T07:48:42.882130
2200,20241116,5,11,2612,0,0,183.58,0,0,1254.00,0.0000,0.00,0.00,0.00,6.83,Google Ads,A3199,2026-09-07T07:48:42.882130
2201,20241104,14,11,2612,0,0,223.74,0,0,1610.00,0.0000,0.00,0.00,0.00,7.20,Google Ads,A3200,2026-09-07T07:48:42.882130
2202,20241119,4,11,2612,0,0,190.88,0,0,0.00,0.0000,0.00,0.00,0.00,0.00,Google Ads,A3201,2026-09-07T07:48:42.882130
2203,20241114,15,11,2612,0,0,216.80,0,0,1663.00,0.0000,0.00,0.00,0.00,7.67,Google Ads,A3202,2026-09-07T07:48:42.882130
2204,20241113,3,11,2612,0,0,225.75,0,0,1516.00,0.0000,0.00,0.00,0.00,6.72,Google Ads,A3203,2026-09-07T07:48:42.882130
2205,20241113,10,11,2612,0,0,187.28,0,0,1710.00,0.0000,0.00,0.00,0.00,9.13,Google Ads,A3204,2026-09-07T07:48:42.882130
2206,20241126,18,11,2612,0,0,240.34,0,0,1452.00,0.0000,0.00,0.00,0.00,6.04,Google Ads,A3205,2026-09-07T07:48:42.882130
2207,20241117,17,11,2612,0,0,234.73,0,0,1848.00,0.0000,0.00,0.00,0.00,7.87,Google Ads,A3206,2026-09-07T07:48:42.882130
2208,20241115,6,11,2612,0,0,246.18,0,0,1492.00,0.0000,0.00,0.00,0.00,6.06,Google Ads,A3207,2026-09-07T07:48:42.882130
2209,20241115,11,11,2612,0,0,185.93,0,0,1719.00,0.0000,0.00,0.00,0.00,9.25,Google Ads,A3208,2026-09-07T07:48:42.882130
2210,20241107,6,11,2612,0,0,190.94,0,0,1872.00,0.0000,0.00,0.00,0.00,9.80,Google Ads,A3209,2026-09-07T07:48:42.882130
2211,20241106,9,11,2612,0,0,243.78,0,0,1583.00,0.0000,0.00,0.00,0.00,6.49,Google Ads,A3210,2026-09-07T07:48:42.882130
2212,20241129,18,11,2612,0,0,223.05,0,0,1483.00,0.0000,0.00,0.00,0.00,6.65,Google Ads,A3211,2026-09-07T07:48:42.882130
2213,20241102,10,11,2612,0,0,242.22,0,0,1215.00,0.0000,0.00,0.00,0.00,5.02,Google Ads,A3212,2026-09-07T07:48:42.882130
2214,20241116,14,11,2612,0,0,207.10,0,0,1521.00,0.0000,0.00,0.00,0.00,7.34,Google Ads,A3213,2026-09-07T07:48:42.882130
2215,20241123,2,11,2612,0,0,210.01,0,0,1932.00,0.0000,0.00,0.00,0.00,9.20,Google Ads,A3214,2026-09-07T07:48:42.882130
2216,20241109,3,11,2612,0,0,238.14,0,0,1891.00,0.0000,0.00,0.00,0.00,7.94,Google Ads,A3215,2026-09-07T07:48:42.882130
2217,20241110,4,11,2612,0,0,209.03,0,0,1819.00,0.0000,0.00,0.00,0.00,8.70,Google Ads,A3216,2026-09-07T07:48:42.882130
2218,20241130,11,11,2612,0,0,214.76,0,0,1926.00,0.0000,0.00,0.00,0.00,8.97,Google Ads,A3217,2026-09-07T07:48:42.882130
2219,20241117,10,11,2612,0,0,195.05,0,0,1644.00,0.0000,0.00,0.00,0.00,8.43,Google Ads,A3218,2026-09-07T07:48:42.882130
2220,20241108,15,11,2612,0,0,223.39,0,0,1595.00,0.0000,0.00,0.00,0.00,7.14,Google Ads,A3219,2026-09-07T07:48:42.882130
2221,20241112,3,11,2612,0,0,230.56,0,0,1234.00,0.0000,0.00,0.00,0.00,5.35,Google Ads,A3220,2026-09-07T07:48:42.882130
2222,20241112,5,11,2612,0,0,207.62,0,0,1355.00,0.0000,0.00,0.00,0.00,6.53,Google Ads,A3221,2026-09-07T07:48:42.882130
2223,20241119,10,11,2612,0,0,205.68,0,0,1339.00,0.0000,0.00,0.00,0.00,6.51,Google Ads,A3222,2026-09-07T07:48:42.882130
2224,20241117,8,11,2612,0,0,194.15,0,0,1295.00,0.0000,0.00,0.00,0.00,6.67,Google Ads,A3223,2026-09-07T07:48:42.882130
2225,20241121,11,11,2612,0,0,238.67,0,0,1776.00,0.0000,0.00,0.00,0.00,7.44,Google Ads,A3224,2026-09-07T07:48:42.882130
2226,20241119,7,11,2612,0,0,183.40,0,0,1765.00,0.0000,0.00,0.00,0.00,9.62,Google Ads,A3225,2026-09-07T07:48:42.882130
2227,20241127,4,11,2612,0,0,238.44,0,0,1931.00,0.0000,0.00,0.00,0.00,8.10,Google Ads,A3226,2026-09-07T07:48:42.882130
2228,20241115,7,11,2612,0,0,222.89,0,0,1690.00,0.0000,0.00,0.00,0.00,7.58,Google Ads,A3227,2026-09-07T07:48:42.882130
2229,20241118,10,11,2612,0,0,203.70,0,0,1765.00,0.0000,0.00,0.00,0.00,8.66,Google Ads,A3228,2026-09-07T07:48:42.882130
2230,20241107,14,11,2612,0,0,237.57,0,0,1796.00,0.0000,0.00,0.00,0.00,7.56,Google Ads,A3229,2026-09-07T07:48:42.882130
2231,20241104,12,11,2612,0,0,188.66,0,0,1472.00,0.0000,0.00,0.00,0.00,7.80,Google Ads,A3230,2026-09-07T07:48:42.882130
2232,20241129,8,11,2612,0,0,219.33,0,0,1275.00,0.0000,0.00,0.00,0.00,5.81,Google Ads,A3231,2026-09-07T07:48:42.882130
2233,20241112,3,11,2612,0,0,237.83,0,0,0.00,0.0000,0.00,0.00,0.00,0.00,Google Ads,A3232,2026-09-07T07:48:42.882130
2234,20241116,6,11,2612,0,0,192.77,0,0,1292.00,0.0000,0.00,0.00,0.00,6.70,Google Ads,A3233,2026-09-07T07:48:42.882130
2235,20241126,14,11,2612,0,0,207.75,0,0,0.00,0.0000,0.00,0.00,0.00,0.00,Google Ads,A3234,2026-09-07T07:48:42.882130
2236,20241118,7,11,2612,0,0,242.53,0,0,1231.00,0.0000,0.00,0.00,0.00,5.08,Google Ads,A3235,2026-09-07T07:48:42.882130
2237,20241114,3,11,2612,0,0,242.90,0,0,1963.00,0.0000,0.00,0.00,0.00,8.08,Google Ads,A3236,2026-09-07T07:48:42.882130
2238,20241118,4,11,2612,0,0,223.48,0,0,1050.00,0.0000,0.00,0.00,0.00,4.70,Google Ads,A3237,2026-09-07T07:48:42.882130
2239,20241108,9,11,2612,0,0,223.33,0,0,1318.00,0.0000,0.00,0.00,0.00,5.90,Google Ads,A3238,2026-09-07T07:48:42.882130
2240,20241103,16,11,2612,0,0,231.06,0,0,1351.00,0.0000,0.00,0.00,0.00,5.85,Google Ads,A3239,2026-09-07T07:48:42.882130
2241,20241115,9,11,2612,0,0,249.33,0,0,1663.00,0.0000,0.00,0.00,0.00,6.67,Google Ads,A3240,2026-09-07T07:48:42.882130
2242,20241107,11,11,2612,0,0,201.76,0,0,1070.00,0.0000,0.00,0.00,0.00,5.30,Google Ads,A3241,2026-09-07T07:48:42.882130
2243,20241109,10,11,2612,0,0,185.05,0,0,1574.00,0.0000,0.00,0.00,0.00,8.51,Google Ads,A3242,2026-09-07T07:48:42.882130
2244,20241118,13,11,2612,0,0,234.52,0,0,1162.00,0.0000,0.00,0.00,0.00,4.95,Google Ads,A3243,2026-09-07T07:48:42.882130
2245,20241109,18,11,2612,0,0,219.10,0,0,1365.00,0.0000,0.00,0.00,0.00,6.23,Google Ads,A3244,2026-09-07T07:48:42.882130
2246,20241121,9,11,2612,0,0,190.63,0,0,1502.00,0.0000,0.00,0.00,0.00,7.88,Google Ads,A3245,2026-09-07T07:48:42.882130
2247,20241102,4,11,2612,0,0,0.00,0,0,1848.00,0.0000,0.00,0.00,0.00,0.00,Google Ads,A3246,2026-09-07T07:48:42.882130
2248,20241125,9,11,2612,0,0,248.15,0,0,1012.00,0.0000,0.00,0.00,0.00,4.08,Google Ads,A3247,2026-09-07T07:48:42.882130
2249,20241125,18,11,2612,0,0,214.00,0,0,1382.00,0.0000,0.00,0.00,0.00,6.46,Google Ads,A3248,2026-09-07T07:48:42.882130
2250,20241112,3,11,2612,0,0,194.76,0,0,0.00,0.0000,0.00,0.00,0.00,0.00,Google Ads,A3249,2026-09-07T07:48:42.882130
2251,20241102,7,11,2612,0,0,230.81,0,0,1713.00,0.0000,0.00,0.00,0.00,7.42,Google Ads,A3250,2026-09-07T07:48:42.882130
2252,20241104,11,11,2612,0,0,220.04,0,0,1366.00,0.0000,0.00,0.00,0.00,6.21,Google Ads,A3251,2026-09-07T07:48:42.882130
2253,20241113,1,11,2612,0,0,209.62,0,0,1972.00,0.0000,0.00,0.00,0.00,9.41,Google Ads,A3252,2026-09-07T07:48:42.882130
2254,20241129,14,11,2612,0,0,217.34,0,0,1508.00,0.0000,0.00,0.00,0.00,6.94,Google Ads,A3253,2026-09-07T07:48:42.882130
2255,20241119,17,11,2612,0,0,216.10,0,0,1857.00,0.0000,0.00,0.00,0.00,8.59,Google Ads,A3254,2026-09-07T07:48:42.882130
2256,20241107,14,11,2612,0,0,0.00,0,0,1571.00,0.0000,0.00,0.00,0.00,0.00,Google Ads,A3255,2026-09-07T07:48:42.882130
2257,20241106,14,11,2612,0,0,238.56,0,0,1657.00,0.0000,0.00,0.00,0.00,6.95,Google Ads,A3256,2026-09-07T07:48:42.882130
2258,20241113,14,11,2612,0,0,233.74,0,0,1844.00,0.0000,0.00,0.00,0.00,7.89,Google Ads,A3257,2026-09-07T07:48:42.882130
2259,20241113,1,11,2612,0,0,249.50,0,0,1746.00,0.0000,0.00,0.00,0.00,7.00,Google Ads,A3258,2026-09-07T07:48:42.882130
2260,20241118,18,11,2612,0,0,230.74,0,0,1590.00,0.0000,0.00,0.00,0.00,6.89,Google Ads,A3259,2026-09-07T07:48:42.882130
2261,20241122,5,11,2612,0,0,194.79,0,0,1391.00,0.0000,0.00,0.00,0.00,7.14,Google Ads,A3260,2026-09-07T07:48:42.882130
2262,20241118,10,11,2612,0,0,190.30,0,0,1129.00,0.0000,0.00,0.00,0.00,5.93,Google Ads,A3261,2026-09-07T07:48:42.882130
2263,20241127,15,11,2612,0,0,201.14,0,0,1680.00,0.0000,0.00,0.00,0.00,8.35,Google Ads,A3262,2026-09-07T07:48:42.882130
2264,20241121,12,11,2612,0,0,207.14,0,0,1788.00,0.0000,0.00,0.00,0.00,8.63,Google Ads,A3263,2026-09-07T07:48:42.882130
2265,20241130,5,11,2612,0,0,0.00,0,0,0.00,0.0000,0.00,0.00,0.00,0.00,Google Ads,A3264,2026-09-07T07:48:42.882130
2266,20241111,4,11,2612,0,0,230.95,0,0,1055.00,0.0000,0.00,0.00,0.00,4.57,Google Ads,A3265,2026-09-07T07:48:42.882130
2267,20241124,17,11,2612,0,0,243.84,0,0,1164.00,0.0000,0.00,0.00,0.00,4.77,Google Ads,A3266,2026-09-07T07:48:42.882130
2268,20241109,8,11,2612,0,0,204.18,0,0,1452.00,0.0000,0.00,0.00,0.00,7.11,Google Ads,A3267,2026-09-07T07:48:42.882130
2269,20241119,10,11,2612,0,0,240.62,0,0,1056.00,0.0000,0.00,0.00,0.00,4.39,Google Ads,A3268,2026-09-07T07:48:42.882130
2270,20241113,3,11,2612,0,0,228.06,0,0,1795.00,0.0000,0.00,0.00,0.00,7.87,Google Ads,A3269,2026-09-07T07:48:42.882130
2271,20241110,11,11,2612,0,0,238.75,0,0,0.00,0.0000,0.00,0.00,0.00,0.00,Google Ads,A3270,2026-09-07T07:48:42.882130
2272,20241116,17,11,2612,0,0,224.45,0,0,1150.00,0.0000,0.00,0.00,0.00,5.12,Google Ads,A3271,2026-09-07T07:48:42.882130
2273,20241129,17,11,2612,0,0,198.37,0,0,0.00,0.0000,0.00,0.00,0.00,0.00,Google Ads,A3272,2026-09-07T07:48:42.882130
2274,20241114,17,11,2612,0,0,246.88,0,0,1715.00,0.0000,0.00,0.00,0.00,6.95,Google Ads,A3273,2026-09-07T07:48:42.882130
2275,20241115,18,11,2612,0,0,219.00,0,0,1541.00,0.0000,0.00,0.00,0.00,7.04,Google Ads,A3274,2026-09-07T07:48:42.882130
2276,20241130,7,11,2612,0,0,183.58,0,0,1668.00,0.0000,0.00,0.00,0.00,9.09,Google Ads,A3275,2026-09-07T07:48:42.882130
2277,20241121,14,11,2612,0,0,237.77,0,0,1449.00,0.0000,0.00,0.00,0.00,6.09,Google Ads,A3276,2026-09-07T07:48:42.882130
2278,20241118,15,11,2612,0,0,189.53,0,0,1560.00,0.0000,0.00,0.00,0.00,8.23,Google Ads,A3277,2026-09-07T07:48:42.882130
2279,20241118,1,11,2612,0,0,201.19,0,0,1898.00,0.0000,0.00,0.00,0.00,9.43,Google Ads,A3278,2026-09-07T07:48:42.882130
2280,20241122,8,11,2612,0,0,214.42,0,0,1353.00,0.0000,0.00,0.00,0.00,6.31,Google Ads,A3279,2026-09-07T07:48:42.882130
2281,20241114,9,11,2612,0,0,0.00,0,0,1369.00,0.0000,0.00,0.00,0.00,0.00,Google Ads,A3280,2026-09-07T07:48:42.882130
2282,20241127,1,11,2612,0,0,229.19,0,0,1558.00,0.0000,0.00,0.00,0.00,6.80,Google Ads,A3281,2026-09-07T07:48:42.882130
2283,20241108,16,11,2612,0,0,188.39,0,0,1318.00,0.0000,0.00,0.00,0.00,7.00,Google Ads,A3282,2026-09-07T07:48:42.882130
2284,20241125,13,11,2612,0,0,231.87,0,0,1834.00,0.0000,0.00,0.00,0.00,7.91,Google Ads,A3283,2026-09-07T07:48:42.882130
2285,20241127,6,11,2612,0,0,237.95,0,0,1548.00,0.0000,0.00,0.00,0.00,6.51,Google Ads,A3284,2026-09-07T07:48:42.882130
2286,20241118,15,11,2612,0,0,234.73,0,0,1802.00,0.0000,0.00,0.00,0.00,7.68,Google Ads,A3285,2026-09-07T07:48:42.882130
2287,20241103,12,11,2612,0,0,244.39,0,0,1685.00,0.0000,0.00,0.00,0.00,6.89,Google Ads,A3286,2026-09-07T07:48:42.882130
2288,20241122,3,11,2612,0,0,237.06,0,0,1874.00,0.0000,0.00,0.00,0.00,7.91,Google Ads,A3287,2026-09-07T07:48:42.882130
2289,20241101,5,11,2612,0,0,203.45,0,0,1369.00,0.0000,0.00,0.00,0.00,6.73,Google Ads,A3288,2026-09-07T07:48:42.882130
2290,20241101,6,11,2612,0,0,220.89,0,0,1187.00,0.0000,0.00,0.00,0.00,5.37,Google Ads,A3289,2026-09-07T07:48:42.882130
2291,20241121,9,11,2612,0,0,226.79,0,0,1434.00,0.0000,0.00,0.00,0.00,6.32,Google Ads,A3290,2026-09-07T07:48:42.882130
2292,20241121,2,11,2612,0,0,237.83,0,0,1754.00,0.0000,0.00,0.00,0.00,7.38,Google Ads,A3291,2026-09-07T07:48:42.882130
2293,20241118,2,11,2612,0,0,189.48,0,0,1740.00,0.0000,0.00,0.00,0.00,9.18,Google Ads,A3292,2026-09-07T07:48:42.882130
2294,20241127,14,11,2612,0,0,233.30,0,0,1521.00,0.0000,0.00,0.00,0.00,6.52,Google Ads,A3293,2026-09-07T07:48:42.882130
2295,20241110,3,11,2612,0,0,248.03,0,0,0.00,0.0000,0.00,0.00,0.00,0.00,Google Ads,A3294,2026-09-07T07:48:42.882130
2296,20241105,18,11,2612,0,0,214.41,0,0,1906.00,0.0000,0.00,0.00,0.00,8.89,Google Ads,A3295,2026-09-07T07:48:42.882130
2297,20241114,16,11,2612,0,0,247.47,0,0,1138.00,0.0000,0.00,0.00,0.00,4.60,Google Ads,A3296,2026-09-07T07:48:42.882130
2298,20241112,14,11,2612,0,0,236.22,0,0,1288.00,0.0000,0.00,0.00,0.00,5.45,Google Ads,A3297,2026-09-07T07:48:42.882130
2299,20241101,6,11,2612,0,0,234.37,0,0,1890.00,0.0000,0.00,0.00,0.00,8.06,Google Ads,A3298,2026-09-07T07:48:42.882130
2300,20241129,6,11,2612,0,0,180.74,0,0,1610.00,0.0000,0.00,0.00,0.00,8.91,Google Ads,A3299,2026-09-07T07:48:42.882130
2301,20241129,12,11,2612,0,0,207.98,0,0,1396.00,0.0000,0.00,0.00,0.00,6.71,Google Ads,A3300,2026-09-07T07:48:42.882130
2302,20241119,1,11,2612,0,0,230.19,0,0,1792.00,0.0000,0.00,0.00,0.00,7.78,Google Ads,A3301,2026-09-07T07:48:42.882130
2303,20241114,3,11,2612,0,0,240.23,0,0,1516.00,0.0000,0.00,0.00,0.00,6.31,Google Ads,A3302,2026-09-07T07:48:42.882130
2304,20241114,5,11,2612,0,0,228.80,0,0,0.00,0.0000,0.00,0.00,0.00,0.00,Google Ads,A3303,2026-09-07T07:48:42.882130
2305,20241103,1,11,2612,0,0,182.38,0,0,1168.00,0.0000,0.00,0.00,0.00,6.40,Google Ads,A3304,2026-09-07T07:48:42.882130
2306,20241127,6,11,2612,0,0,225.73,0,0,1804.00,0.0000,0.00,0.00,0.00,7.99,Google Ads,A3305,2026-09-07T07:48:42.882130
2307,20241108,7,11,2612,0,0,220.61,0,0,1767.00,0.0000,0.00,0.00,0.00,8.01,Google Ads,A3306,2026-09-07T07:48:42.882130
2308,20241109,13,11,2612,0,0,212.16,0,0,1537.00,0.0000,0.00,0.00,0.00,7.24,Google Ads,A3307,2026-09-07T07:48:42.882130
2309,20241110,3,11,2612,0,0,191.83,0,0,1052.00,0.0000,0.00,0.00,0.00,5.48,Google Ads,A3308,2026-09-07T07:48:42.882130
2310,20241118,9,11,2612,0,0,237.57,0,0,1269.00,0.0000,0.00,0.00,0.00,5.34,Google Ads,A3309,2026-09-07T07:48:42.882130
2311,20241130,18,11,2612,0,0,0.00,0,0,1444.00,0.0000,0.00,0.00,0.00,0.00,Google Ads,A3310,2026-09-07T07:48:42.882130
2312,20241119,10,11,2612,0,0,223.93,0,0,1231.00,0.0000,0.00,0.00,0.00,5.50,Google Ads,A3311,2026-09-07T07:48:42.882130
2313,20241118,1,11,2612,0,0,231.93,0,0,1031.00,0.0000,0.00,0.00,0.00,4.45,Google Ads,A3312,2026-09-07T07:48:42.882130
2314,20241103,2,11,2612,0,0,207.93,0,0,1884.00,0.0000,0.00,0.00,0.00,9.06,Google Ads,A3313,2026-09-07T07:48:42.882130
2315,20241114,15,11,2612,0,0,212.73,0,0,1024.00,0.0000,0.00,0.00,0.00,4.81,Google Ads,A3314,2026-09-07T07:48:42.882130
2316,20241104,6,11,2612,0,0,226.57,0,0,1836.00,0.0000,0.00,0.00,0.00,8.10,Google Ads,A3315,2026-09-07T07:48:42.882130
2317,20241126,17,11,2612,0,0,219.39,0,0,1834.00,0.0000,0.00,0.00,0.00,8.36,Google Ads,A3316,2026-09-07T07:48:42.882130
2318,20241108,4,11,2612,0,0,232.70,0,0,1380.00,0.0000,0.00,0.00,0.00,5.93,Google Ads,A3317,2026-09-07T07:48:42.882130
2319,20241105,2,11,2612,0,0,239.11,0,0,1009.00,0.0000,0.00,0.00,0.00,4.22,Google Ads,A3318,2026-09-07T07:48:42.882130
2320,20241103,16,11,2612,0,0,205.78,0,0,1765.00,0.0000,0.00,0.00,0.00,8.58,Google Ads,A3319,2026-09-07T07:48:42.882130
2321,20241127,15,11,2612,0,0,239.14,0,0,1989.00,0.0000,0.00,0.00,0.00,8.32,Google Ads,A3320,2026-09-07T07:48:42.882130
2322,20241107,1,11,2612,0,0,235.55,0,0,1715.00,0.0000,0.00,0.00,0.00,7.28,Google Ads,A3321,2026-09-07T07:48:42.882130
2323,20241105,13,11,2612,0,0,209.25,0,0,1348.00,0.0000,0.00,0.00,0.00,6.44,Google Ads,A3322,2026-09-07T07:48:42.882130
2324,20241125,16,11,2612,0,0,219.97,0,0,0.00,0.0000,0.00,0.00,0.00,0.00,Google Ads,A3323,2026-09-07T07:48:42.882130
2325,20241115,11,11,2612,0,0,217.33,0,0,0.00,0.0000,0.00,0.00,0.00,0.00,Google Ads,A3324,2026-09-07T07:48:42.882130
2326,20241113,5,11,2612,0,0,191.93,0,0,1729.00,0.0000,0.00,0.00,0.00,9.01,Google Ads,A3325,2026-09-07T07:48:42.882130
2327,20241124,11,11,2612,0,0,185.34,0,0,1066.00,0.0000,0.00,0.00,0.00,5.75,Google Ads,A3326,2026-09-07T07:48:42.882130
2328,20241113,14,11,2612,0,0,237.16,0,0,1629.00,0.0000,0.00,0.00,0.00,6.87,Google Ads,A3327,2026-09-07T07:48:42.882130
2329,20241114,9,11,2612,0,0,194.44,0,0,1857.00,0.0000,0.00,0.00,0.00,9.55,Google Ads,A3328,2026-09-07T07:48:42.882130
2330,20241126,12,11,2612,0,0,197.26,0,0,1325.00,0.0000,0.00,0.00,0.00,6.72,Google Ads,A3329,2026-09-07T07:48:42.882130
2331,20241104,16,11,2612,0,0,234.52,0,0,1304.00,0.0000,0.00,0.00,0.00,5.56,Google Ads,A3330,2026-09-07T07:48:42.882130
2332,20241117,4,11,2612,0,0,239.76,0,0,1462.00,0.0000,0.00,0.00,0.00,6.10,Google Ads,A3331,2026-09-07T07:48:42.882130
2333,20241125,6,11,2612,0,0,223.72,0,0,0.00,0.0000,0.00,0.00,0.00,0.00,Google Ads,A3332,2026-09-07T07:48:42.882130
2334,20241106,16,11,2612,0,0,202.77,0,0,1997.00,0.0000,0.00,0.00,0.00,9.85,Google Ads,A3333,2026-09-07T07:48:42.882130
2335,20241104,8,11,2612,0,0,193.52,0,0,1064.00,0.0000,0.00,0.00,0.00,5.50,Google Ads,A3334,2026-09-07T07:48:42.882130
2336,20241110,7,11,2612,0,0,0.00,0,0,1716.00,0.0000,0.00,0.00,0.00,0.00,Google Ads,A3335,2026-09-07T07:48:42.882130
2337,20241108,7,11,2612,0,0,184.46,0,0,1427.00,0.0000,0.00,0.00,0.00,7.74,Google Ads,A3336,2026-09-07T07:48:42.882130
2338,20241130,6,11,2612,0,0,212.07,0,0,1898.00,0.0000,0.00,0.00,0.00,8.95,Google Ads,A3337,2026-09-07T07:48:42.882130
2339,20241101,17,11,2612,0,0,246.36,0,0,1769.00,0.0000,0.00,0.00,0.00,7.18,Google Ads,A3338,2026-09-07T07:48:42.882130
2340,20241108,17,11,2612,0,0,183.33,0,0,1385.00,0.0000,0.00,0.00,0.00,7.55,Google Ads,A3339,2026-09-07T07:48:42.882130
2341,20241126,3,11,2612,0,0,0.00,0,0,1353.00,0.0000,0.00,0.00,0.00,0.00,Google Ads,A3340,2026-09-07T07:48:42.882130
2342,20241110,14,11,2612,0,0,191.73,0,0,1396.00,0.0000,0.00,0.00,0.00,7.28,Google Ads,A3341,2026-09-07T07:48:42.882130
2343,20241120,13,11,2612,0,0,191.43,0,0,1112.00,0.0000,0.00,0.00,0.00,5.81,Google Ads,A3342,2026-09-07T07:48:42.882130
2344,20241108,11,11,2612,0,0,223.04,0,0,1002.00,0.0000,0.00,0.00,0.00,4.49,Google Ads,A3343,2026-09-07T07:48:42.882130
2345,20241111,7,11,2612,0,0,183.81,0,0,1872.00,0.0000,0.00,0.00,0.00,10.18,Google Ads,A3344,2026-09-07T07:48:42.882130
2346,20241126,9,11,2612,0,0,185.08,0,0,1905.00,0.0000,0.00,0.00,0.00,10.29,Google Ads,A3345,2026-09-07T07:48:42.882130
2347,20241104,11,11,2612,0,0,230.53,0,0,1103.00,0.0000,0.00,0.00,0.00,4.78,Google Ads,A3346,2026-09-07T07:48:42.882130
2348,20241101,11,11,2612,0,0,229.71,0,0,1817.00,0.0000,0.00,0.00,0.00,7.91,Google Ads,A3347,2026-09-07T07:48:42.882130
2349,20241127,5,11,2612,0,0,214.32,0,0,1444.00,0.0000,0.00,0.00,0.00,6.74,Google Ads,A3348,2026-09-07T07:48:42.882130
2350,20241110,6,11,2612,0,0,0.00,0,0,1288.00,0.0000,0.00,0.00,0.00,0.00,Google Ads,A3349,2026-09-07T07:48:42.882130
2351,20241104,6,11,2612,0,0,182.36,0,0,1933.00,0.0000,0.00,0.00,0.00,10.60,Google Ads,A3350,2026-09-07T07:48:42.882130
2352,20241125,7,11,2612,0,0,191.74,0,0,1893.00,0.0000,0.00,0.00,0.00,9.87,Google Ads,A3351,2026-09-07T07:48:42.882130
2353,20241114,11,11,2612,0,0,223.35,0,0,1377.00,0.0000,0.00,0.00,0.00,6.17,Google Ads,A3352,2026-09-07T07:48:42.882130
2354,20241101,1,11,2612,0,0,200.54,0,0,0.00,0.0000,0.00,0.00,0.00,0.00,Google Ads,A3353,2026-09-07T07:48:42.882130
2355,20241112,9,11,2612,0,0,233.98,0,0,1743.00,0.0000,0.00,0.00,0.00,7.45,Google Ads,A3354,2026-09-07T07:48:42.882130
2356,20241120,3,11,2612,0,0,181.48,0,0,1189.00,0.0000,0.00,0.00,0.00,6.55,Google Ads,A3355,2026-09-07T07:48:42.882130
2357,20241106,5,11,2612,0,0,183.00,0,0,1108.00,0.0000,0.00,0.00,0.00,6.05,Google Ads,A3356,2026-09-07T07:48:42.882130
2358,20241120,5,11,2612,0,0,180.01,0,0,1648.00,0.0000,0.00,0.00,0.00,9.16,Google Ads,A3357,2026-09-07T07:48:42.882130
2359,20241124,17,11,2612,0,0,208.84,0,0,1628.00,0.0000,0.00,0.00,0.00,7.80,Google Ads,A3358,2026-09-07T07:48:42.882130
2360,20241111,9,11,2612,0,0,219.93,0,0,1602.00,0.0000,0.00,0.00,0.00,7.28,Google Ads,A3359,2026-09-07T07:48:42.882130
2361,20241112,7,11,2612,0,0,244.13,0,0,1380.00,0.0000,0.00,0.00,0.00,5.65,Google Ads,A3360,2026-09-07T07:48:42.882130
2362,20241108,5,11,2612,0,0,228.32,0,0,1056.00,0.0000,0.00,0.00,0.00,4.63,Google Ads,A3361,2026-09-07T07:48:42.882130
2363,20241107,1,11,2612,0,0,186.67,0,0,1340.00,0.0000,0.00,0.00,0.00,7.18,Google Ads,A3362,2026-09-07T07:48:42.882130
2364,20241123,17,11,2612,0,0,215.52,0,0,1513.00,0.0000,0.00,0.00,0.00,7.02,Google Ads,A3363,2026-09-07T07:48:42.882130
2365,20241109,1,11,2612,0,0,249.46,0,0,1176.00,0.0000,0.00,0.00,0.00,4.71,Google Ads,A3364,2026-09-07T07:48:42.882130
2366,20241105,2,11,2612,0,0,224.77,0,0,1440.00,0.0000,0.00,0.00,0.00,6.41,Google Ads,A3365,2026-09-07T07:48:42.882130
2367,20241130,10,11,2612,0,0,190.30,0,0,1694.00,0.0000,0.00,0.00,0.00,8.90,Google Ads,A3366,2026-09-07T07:48:42.882130
2368,20241121,17,11,2612,0,0,208.68,0,0,1779.00,0.0000,0.00,0.00,0.00,8.53,Google Ads,A3367,2026-09-07T07:48:42.882130
2369,20241115,11,11,2612,0,0,220.82,0,0,1866.00,0.0000,0.00,0.00,0.00,8.45,Google Ads,A3368,2026-09-07T07:48:42.882130
2370,20241121,6,11,2612,0,0,215.86,0,0,1712.00,0.0000,0.00,0.00,0.00,7.93,Google Ads,A3369,2026-09-07T07:48:42.882130
2371,20241121,18,11,2612,0,0,213.66,0,0,1708.00,0.0000,0.00,0.00,0.00,7.99,Google Ads,A3370,2026-09-07T07:48:42.882130
2372,20241112,13,11,2612,0,0,221.99,0,0,1796.00,0.0000,0.00,0.00,0.00,8.09,Google Ads,A3371,2026-09-07T07:48:42.882130
2373,20241119,1,11,2612,0,0,247.56,0,0,1542.00,0.0000,0.00,0.00,0.00,6.23,Google Ads,A3372,2026-09-07T07:48:42.882130
2374,20241127,9,11,2612,0,0,223.48,0,0,1555.00,0.0000,0.00,0.00,0.00,6.96,Google Ads,A3373,2026-09-07T07:48:42.882130
2375,20241102,15,11,2612,0,0,199.85,0,0,1657.00,0.0000,0.00,0.00,0.00,8.29,Google Ads,A3374,2026-09-07T07:48:42.882130
2376,20241120,4,11,2612,0,0,185.48,0,0,1193.00,0.0000,0.00,0.00,0.00,6.43,Google Ads,A3375,2026-09-07T07:48:42.882130
2377,20241103,8,11,2612,0,0,245.40,0,0,1650.00,0.0000,0.00,0.00,0.00,6.72,Google Ads,A3376,2026-09-07T07:48:42.882130
2378,20241117,9,11,2612,0,0,234.27,0,0,1627.00,0.0000,0.00,0.00,0.00,6.94,Google Ads,A3377,2026-09-07T07:48:42.882130
2379,20241111,8,11,2612,0,0,181.19,0,0,1048.00,0.0000,0.00,0.00,0.00,5.78,Google Ads,A3378,2026-09-07T07:48:42.882130
2380,20241109,8,11,2612,0,0,216.63,0,0,1502.00,0.0000,0.00,0.00,0.00,6.93,Google Ads,A3379,2026-09-07T07:48:42.882130
2381,20241127,11,11,2612,0,0,220.53,0,0,1670.00,0.0000,0.00,0.00,0.00,7.57,Google Ads,A3380,2026-09-07T07:48:42.882130
2382,20241114,15,11,2612,0,0,224.68,0,0,1773.00,0.0000,0.00,0.00,0.00,7.89,Google Ads,A3381,2026-09-07T07:48:42.882130
2383,20241112,4,11,2612,0,0,195.25,0,0,1060.00,0.0000,0.00,0.00,0.00,5.43,Google Ads,A3382,2026-09-07T07:48:42.882130
2384,20241110,16,11,2612,0,0,232.88,0,0,1099.00,0.0000,0.00,0.00,0.00,4.72,Google Ads,A3383,2026-09-07T07:48:42.882130
2385,20241102,3,11,2612,0,0,196.59,0,0,1034.00,0.0000,0.00,0.00,0.00,5.26,Google Ads,A3384,2026-09-07T07:48:42.882130
2386,20241122,8,11,2612,0,0,230.69,0,0,1537.00,0.0000,0.00,0.00,0.00,6.66,Google Ads,A3385,2026-09-07T07:48:42.882130
2387,20241114,1,11,2612,0,0,195.94,0,0,1377.00,0.0000,0.00,0.00,0.00,7.03,Google Ads,A3386,2026-09-07T07:48:42.882130
2388,20241115,7,11,2612,0,0,238.61,0,0,1795.00,0.0000,0.00,0.00,0.00,7.52,Google Ads,A3387,2026-09-07T07:48:42.882130
2389,20241101,14,11,2612,0,0,218.35,0,0,1311.00,0.0000,0.00,0.00,0.00,6.00,Google Ads,A3388,2026-09-07T07:48:42.882130
2390,20241105,8,11,2612,0,0,216.67,0,0,1777.00,0.0000,0.00,0.00,0.00,8.20,Google Ads,A3389,2026-09-07T07:48:42.882130
2391,20241104,2,11,2612,0,0,223.08,0,0,0.00,0.0000,0.00,0.00,0.00,0.00,Google Ads,A3390,2026-09-07T07:48:42.882130
2392,20241128,15,11,2612,0,0,182.11,0,0,1332.00,0.0000,0.00,0.00,0.00,7.31,Google Ads,A3391,2026-09-07T07:48:42.882130
2393,20241129,13,11,2612,0,0,208.90,0,0,1313.00,0.0000,0.00,0.00,0.00,6.29,Google Ads,A3392,2026-09-07T07:48:42.882130
2394,20241121,3,11,2612,0,0,204.06,0,0,1407.00,0.0000,0.00,0.00,0.00,6.90,Google Ads,A3393,2026-09-07T07:48:42.882130
2395,20241127,2,11,2612,0,0,237.88,0,0,1401.00,0.0000,0.00,0.00,0.00,5.89,Google Ads,A3394,2026-09-07T07:48:42.882130
2396,20241115,15,11,2612,0,0,186.92,0,0,1053.00,0.0000,0.00,0.00,0.00,5.63,Google Ads,A3395,2026-09-07T07:48:42.882130
2397,20241104,8,11,2612,0,0,236.35,0,0,0.00,0.0000,0.00,0.00,0.00,0.00,Google Ads,A3396,2026-09-07T07:48:42.882130
2398,20241106,2,11,2612,0,0,213.11,0,0,1057.00,0.0000,0.00,0.00,0.00,4.96,Google Ads,A3397,2026-09-07T07:48:42.882130
2399,20241129,16,11,2612,0,0,182.57,0,0,1852.00,0.0000,0.00,0.00,0.00,10.14,Google Ads,A3398,2026-09-07T07:48:42.882130
2400,20241128,7,11,2612,0,0,183.05,0,0,1988.00,0.0000,0.00,0.00,0.00,10.86,Google Ads,A3399,2026-09-07T07:48:42.882130
2401,20241117,16,11,2612,0,0,180.05,0,0,1568.00,0.0000,0.00,0.00,0.00,8.71,Google Ads,A3400,2026-09-07T07:48:42.882130
2402,20241103,7,11,2612,0,0,186.41,0,0,1120.00,0.0000,0.00,0.00,0.00,6.01,Google Ads,A3401,2026-09-07T07:48:42.882130
2403,20241119,9,11,2612,0,0,193.49,0,0,1340.00,0.0000,0.00,0.00,0.00,6.93,Google Ads,A3402,2026-09-07T07:48:42.882130
2404,20241110,4,11,2612,0,0,201.70,0,0,1636.00,0.0000,0.00,0.00,0.00,8.11,Google Ads,A3403,2026-09-07T07:48:42.882130
2405,20241103,2,11,2612,0,0,249.74,0,0,1067.00,0.0000,0.00,0.00,0.00,4.27,Google Ads,A3404,2026-09-07T07:48:42.882130
2406,20241113,14,11,2612,0,0,191.98,0,0,1458.00,0.0000,0.00,0.00,0.00,7.59,Google Ads,A3405,2026-09-07T07:48:42.882130
2407,20241118,16,11,2612,0,0,189.19,0,0,1189.00,0.0000,0.00,0.00,0.00,6.28,Google Ads,A3406,2026-09-07T07:48:42.882130
2408,20241118,10,11,2612,0,0,202.96,0,0,1132.00,0.0000,0.00,0.00,0.00,5.58,Google Ads,A3407,2026-09-07T07:48:42.882130
2409,20241127,3,11,2612,0,0,205.99,0,0,1607.00,0.0000,0.00,0.00,0.00,7.80,Google Ads,A3408,2026-09-07T07:48:42.882130
2410,20241102,7,11,2612,0,0,207.63,0,0,1454.00,0.0000,0.00,0.00,0.00,7.00,Google Ads,A3409,2026-09-07T07:48:42.882130
2411,20241115,13,11,2612,0,0,186.73,0,0,1271.00,0.0000,0.00,0.00,0.00,6.81,Google Ads,A3410,2026-09-07T07:48:42.882130
2412,20241128,6,11,2612,0,0,240.34,0,0,1313.00,0.0000,0.00,0.00,0.00,5.46,Google Ads,A3411,2026-09-07T07:48:42.882130
2413,20241129,4,11,2612,0,0,202.56,0,0,1880.00,0.0000,0.00,0.00,0.00,9.28,Google Ads,A3412,2026-09-07T07:48:42.882130
2414,20241106,17,11,2612,0,0,218.12,0,0,1019.00,0.0000,0.00,0.00,0.00,4.67,Google Ads,A3413,2026-09-07T07:48:42.882130
2415,20241103,18,11,2612,0,0,231.73,0,0,1306.00,0.0000,0.00,0.00,0.00,5.64,Google Ads,A3414,2026-09-07T07:48:42.882130
2416,20241101,16,11,2612,0,0,247.32,0,0,1828.00,0.0000,0.00,0.00,0.00,7.39,Google Ads,A3415,2026-09-07T07:48:42.882130
2417,20241127,9,11,2612,0,0,199.63,0,0,1319.00,0.0000,0.00,0.00,0.00,6.61,Google Ads,A3416,2026-09-07T07:48:42.882130
2418,20241102,10,11,2612,0,0,181.56,0,0,1385.00,0.0000,0.00,0.00,0.00,7.63,Google Ads,A3417,2026-09-07T07:48:42.882130
2419,20241125,18,11,2612,0,0,207.43,0,0,1325.00,0.0000,0.00,0.00,0.00,6.39,Google Ads,A3418,2026-09-07T07:48:42.882130
2420,20241113,10,11,2612,0,0,213.11,0,0,1730.00,0.0000,0.00,0.00,0.00,8.12,Google Ads,A3419,2026-09-07T07:48:42.882130
2421,20241114,4,11,2612,0,0,188.91,0,0,1368.00,0.0000,0.00,0.00,0.00,7.24,Google Ads,A3420,2026-09-07T07:48:42.882130
2422,20241124,11,11,2612,0,0,206.92,0,0,1054.00,0.0000,0.00,0.00,0.00,5.09,Google Ads,A3421,2026-09-07T07:48:42.882130
2423,20241125,5,11,2612,0,0,0.00,0,0,1103.00,0.0000,0.00,0.00,0.00,0.00,Google Ads,A3422,2026-09-07T07:48:42.882130
2424,20241122,9,11,2612,0,0,243.38,0,0,1606.00,0.0000,0.00,0.00,0.00,6.60,Google Ads,A3423,2026-09-07T07:48:42.882130
2425,20241122,18,11,2612,0,0,205.00,0,0,1319.00,0.0000,0.00,0.00,0.00,6.43,Google Ads,A3424,2026-09-07T07:48:42.882130
2426,20241109,16,11,2612,0,0,236.34,0,0,1050.00,0.0000,0.00,0.00,0.00,4.44,Google Ads,A3425,2026-09-07T07:48:42.882130
2427,20241116,6,11,2612,0,0,204.35,0,0,1978.00,0.0000,0.00,0.00,0.00,9.68,Google Ads,A3426,2026-09-07T07:48:42.882130
2428,20241126,2,11,2612,0,0,212.53,0,0,1749.00,0.0000,0.00,0.00,0.00,8.23,Google Ads,A3427,2026-09-07T07:48:42.882130
2429,20241125,4,11,2612,0,0,0.00,0,0,1030.00,0.0000,0.00,0.00,0.00,0.00,Google Ads,A3428,2026-09-07T07:48:42.882130
2430,20241118,8,11,2612,0,0,247.45,0,0,1601.00,0.0000,0.00,0.00,0.00,6.47,Google Ads,A3429,2026-09-07T07:48:42.882130
2431,20241120,18,11,2612,0,0,231.01,0,0,1448.00,0.0000,0.00,0.00,0.00,6.27,Google Ads,A3430,2026-09-07T07:48:42.882130
2432,20241122,15,11,2612,0,0,247.11,0,0,0.00,0.0000,0.00,0.00,0.00,0.00,Google Ads,A3431,2026-09-07T07:48:42.882130
2433,20241109,15,11,2612,0,0,233.19,0,0,1135.00,0.0000,0.00,0.00,0.00,4.87,Google Ads,A3432,2026-09-07T07:48:42.882130
2434,20241118,16,11,2612,0,0,209.41,0,0,1066.00,0.0000,0.00,0.00,0.00,5.09,Google Ads,A3433,2026-09-07T07:48:42.882130
2435,20241110,9,11,2612,0,0,191.42,0,0,1783.00,0.0000,0.00,0.00,0.00,9.31,Google Ads,A3434,2026-09-07T07:48:42.882130
2436,20241105,2,11,2612,0,0,186.09,0,0,1218.00,0.0000,0.00,0.00,0.00,6.55,Google Ads,A3435,2026-09-07T07:48:42.882130
2437,20241104,17,11,2612,0,0,207.40,0,0,1616.00,0.0000,0.00,0.00,0.00,7.79,Google Ads,A3436,2026-09-07T07:48:42.882130
2438,20241122,8,11,2612,0,0,198.12,0,0,0.00,0.0000,0.00,0.00,0.00,0.00,Google Ads,A3437,2026-09-07T07:48:42.882130
2439,20241118,9,11,2612,0,0,206.30,0,0,1816.00,0.0000,0.00,0.00,0.00,8.80,Google Ads,A3438,2026-09-07T07:48:42.882130
2440,20241128,11,11,2612,0,0,235.96,0,0,1926.00,0.0000,0.00,0.00,0.00,8.16,Google Ads,A3439,2026-09-07T07:48:42.882130
2441,20241111,13,11,2612,0,0,220.19,0,0,1870.00,0.0000,0.00,0.00,0.00,8.49,Google Ads,A3440,2026-09-07T07:48:42.882130
2442,20241101,10,11,2612,0,0,220.26,0,0,0.00,0.0000,0.00,0.00,0.00,0.00,Google Ads,A3441,2026-09-07T07:48:42.882130
2443,20241104,16,11,2612,0,0,209.39,0,0,1620.00,0.0000,0.00,0.00,0.00,7.74,Google Ads,A3442,2026-09-07T07:48:42.882130
2444,20241120,14,11,2612,0,0,247.57,0,0,1273.00,0.0000,0.00,0.00,0.00,5.14,Google Ads,A3443,2026-09-07T07:48:42.882130
2445,20241114,14,11,2612,0,0,201.45,0,0,1331.00,0.0000,0.00,0.00,0.00,6.61,Google Ads,A3444,2026-09-07T07:48:42.882130
2446,20241101,4,11,2612,0,0,189.92,0,0,1093.00,0.0000,0.00,0.00,0.00,5.76,Google Ads,A3445,2026-09-07T07:48:42.882130
2447,20241103,8,11,2612,0,0,192.49,0,0,1023.00,0.0000,0.00,0.00,0.00,5.31,Google Ads,A3446,2026-09-07T07:48:42.882130
2448,20241118,18,11,2612,0,0,234.31,0,0,1609.00,0.0000,0.00,0.00,0.00,6.87,Google Ads,A3447,2026-09-07T07:48:42.882130
2449,20241128,14,11,2612,0,0,227.98,0,0,1064.00,0.0000,0.00,0.00,0.00,4.67,Google Ads,A3448,2026-09-07T07:48:42.882130
2450,20241103,7,11,2612,0,0,242.62,0,0,1538.00,0.0000,0.00,0.00,0.00,6.34,Google Ads,A3449,2026-09-07T07:48:42.882130
2451,20241110,14,11,2612,0,0,202.95,0,0,1812.00,0.0000,0.00,0.00,0.00,8.93,Google Ads,A3450,2026-09-07T07:48:42.882130
2452,20241121,7,11,2612,0,0,221.44,0,0,1728.00,0.0000,0.00,0.00,0.00,7.80,Google Ads,A3451,2026-09-07T07:48:42.882130
2453,20241114,9,11,2612,0,0,183.67,0,0,1815.00,0.0000,0.00,0.00,0.00,9.88,Google Ads,A3452,2026-09-07T07:48:42.882130
2454,20241129,5,11,2612,0,0,219.15,0,0,1491.00,0.0000,0.00,0.00,0.00,6.80,Google Ads,A3453,2026-09-07T07:48:42.882130
2455,20241122,10,11,2612,0,0,190.94,0,0,0.00,0.0000,0.00,0.00,0.00,0.00,Google Ads,A3454,2026-09-07T07:48:42.882130
2456,20241110,14,11,2612,0,0,242.19,0,0,1897.00,0.0000,0.00,0.00,0.00,7.83,Google Ads,A3455,2026-09-07T07:48:42.882130
2457,20241123,12,11,2612,0,0,186.79,0,0,1172.00,0.0000,0.00,0.00,0.00,6.27,Google Ads,A3456,2026-09-07T07:48:42.882130
2458,20241113,13,11,2612,0,0,223.45,0,0,1578.00,0.0000,0.00,0.00,0.00,7.06,Google Ads,A3457,2026-09-07T07:48:42.882130
2459,20241127,9,11,2612,0,0,239.10,0,0,0.00,0.0000,0.00,0.00,0.00,0.00,Google Ads,A3458,2026-09-07T07:48:42.882130
2460,20241128,11,11,2612,0,0,180.45,0,0,1978.00,0.0000,0.00,0.00,0.00,10.96,Google Ads,A3459,2026-09-07T07:48:42.882130
2461,20241113,6,11,2612,0,0,214.54,0,0,1408.00,0.0000,0.00,0.00,0.00,6.56,Google Ads,A3460,2026-09-07T07:48:42.882130
2462,20241106,7,11,2612,0,0,186.04,0,0,1645.00,0.0000,0.00,0.00,0.00,8.84,Google Ads,A3461,2026-09-07T07:48:42.882130
2463,20241129,4,11,2612,0,0,209.18,0,0,0.00,0.0000,0.00,0.00,0.00,0.00,Google Ads,A3462,2026-09-07T07:48:42.882130
2464,20241129,5,11,2612,0,0,185.97,0,0,1993.00,0.0000,0.00,0.00,0.00,10.72,Google Ads,A3463,2026-09-07T07:48:42.882130
2465,20241114,14,11,2612,0,0,245.68,0,0,1336.00,0.0000,0.00,0.00,0.00,5.44,Google Ads,A3464,2026-09-07T07:48:42.882130
2466,20241123,15,11,2612,0,0,240.69,0,0,1998.00,0.0000,0.00,0.00,0.00,8.30,Google Ads,A3465,2026-09-07T07:48:42.882130
2467,20241125,7,11,2612,0,0,182.99,0,0,1918.00,0.0000,0.00,0.00,0.00,10.48,Google Ads,A3466,2026-09-07T07:48:42.882130
2468,20241110,12,11,2612,0,0,236.27,0,0,1473.00,0.0000,0.00,0.00,0.00,6.23,Google Ads,A3467,2026-09-07T07:48:42.882130
2469,20241125,12,11,2612,0,0,234.71,0,0,1903.00,0.0000,0.00,0.00,0.00,8.11,Google Ads,A3468,2026-09-07T07:48:42.882130
2470,20241108,14,11,2612,0,0,246.64,0,0,1105.00,0.0000,0.00,0.00,0.00,4.48,Google Ads,A3469,2026-09-07T07:48:42.882130
2471,20241107,11,11,2612,0,0,203.57,0,0,1724.00,0.0000,0.00,0.00,0.00,8.47,Google Ads,A3470,2026-09-07T07:48:42.882130
2472,20241124,11,11,2612,0,0,198.90,0,0,1553.00,0.0000,0.00,0.00,0.00,7.81,Google Ads,A3471,2026-09-07T07:48:42.882130
2473,20241120,4,11,2612,0,0,199.43,0,0,1253.00,0.0000,0.00,0.00,0.00,6.28,Google Ads,A3472,2026-09-07T07:48:42.882130
2474,20241130,17,11,2612,0,0,219.64,0,0,1958.00,0.0000,0.00,0.00,0.00,8.91,Google Ads,A3473,2026-09-07T07:48:42.882130
2475,20241128,18,11,2612,0,0,209.37,0,0,1937.00,0.0000,0.00,0.00,0.00,9.25,Google Ads,A3474,2026-09-07T07:48:42.882130
2476,20241124,14,11,2612,0,0,245.59,0,0,1321.00,0.0000,0.00,0.00,0.00,5.38,Google Ads,A3475,2026-09-07T07:48:42.882130
2477,20241118,5,11,2612,0,0,0.00,0,0,1217.00,0.0000,0.00,0.00,0.00,0.00,Google Ads,A3476,2026-09-07T07:48:42.882130
2478,20241117,3,11,2612,0,0,185.60,0,0,1517.00,0.0000,0.00,0.00,0.00,8.17,Google Ads,A3477,2026-09-07T07:48:42.882130
2479,20241115,5,11,2612,0,0,199.81,0,0,1672.00,0.0000,0.00,0.00,0.00,8.37,Google Ads,A3478,2026-09-07T07:48:42.882130
2480,20241123,3,11,2612,0,0,186.22,0,0,1218.00,0.0000,0.00,0.00,0.00,6.54,Google Ads,A3479,2026-09-07T07:48:42.882130
2481,20241102,14,11,2612,0,0,216.07,0,0,1323.00,0.0000,0.00,0.00,0.00,6.12,Google Ads,A3480,2026-09-07T07:48:42.882130
2482,20241130,4,11,2612,0,0,189.43,0,0,1319.00,0.0000,0.00,0.00,0.00,6.96,Google Ads,A3481,2026-09-07T07:48:42.882130
2483,20241111,5,11,2612,0,0,233.46,0,0,1138.00,0.0000,0.00,0.00,0.00,4.87,Google Ads,A3482,2026-09-07T07:48:42.882130
2484,20241109,2,11,2612,0,0,220.04,0,0,1034.00,0.0000,0.00,0.00,0.00,4.70,Google Ads,A3483,2026-09-07T07:48:42.882130
2485,20241116,8,11,2612,0,0,235.64,0,0,0.00,0.0000,0.00,0.00,0.00,0.00,Google Ads,A3484,2026-09-07T07:48:42.882130
2486,20241114,2,11,2612,0,0,238.98,0,0,1271.00,0.0000,0.00,0.00,0.00,5.32,Google Ads,A3485,2026-09-07T07:48:42.882130
2487,20241125,14,11,2612,0,0,213.94,0,0,1511.00,0.0000,0.00,0.00,0.00,7.06,Google Ads,A3486,2026-09-07T07:48:42.882130
2488,20241114,1,11,2612,0,0,212.05,0,0,1471.00,0.0000,0.00,0.00,0.00,6.94,Google Ads,A3487,2026-09-07T07:48:42.882130
2489,20241110,3,11,2612,0,0,233.35,0,0,1106.00,0.0000,0.00,0.00,0.00,4.74,Google Ads,A3488,2026-09-07T07:48:42.882130
2490,20241109,3,11,2612,0,0,192.69,0,0,1028.00,0.0000,0.00,0.00,0.00,5.33,Google Ads,A3489,2026-09-07T07:48:42.882130
2491,20241122,9,11,2612,0,0,182.49,0,0,1493.00,0.0000,0.00,0.00,0.00,8.18,Google Ads,A3490,2026-09-07T07:48:42.882130
2492,20241111,18,11,2612,0,0,187.79,0,0,1915.00,0.0000,0.00,0.00,0.00,10.20,Google Ads,A3491,2026-09-07T07:48:42.882130
2493,20241113,4,11,2612,0,0,200.98,0,0,1773.00,0.0000,0.00,0.00,0.00,8.82,Google Ads,A3492,2026-09-07T07:48:42.882130
2494,20241110,14,11,2612,0,0,233.01,0,0,2000.00,0.0000,0.00,0.00,0.00,8.58,Google Ads,A3493,2026-09-07T07:48:42.882130
2495,20241116,2,11,2612,0,0,188.45,0,0,1539.00,0.0000,0.00,0.00,0.00,8.17,Google Ads,A3494,2026-09-07T07:48:42.882130
2496,20241112,17,11,2612,0,0,237.92,0,0,1906.00,0.0000,0.00,0.00,0.00,8.01,Google Ads,A3495,2026-09-07T07:48:42.882130
2497,20241121,6,11,2612,0,0,180.11,0,0,1293.00,0.0000,0.00,0.00,0.00,7.18,Google Ads,A3496,2026-09-07T07:48:42.882130
2498,20241114,16,11,2612,0,0,0.00,0,0,1697.00,0.0000,0.00,0.00,0.00,0.00,Google Ads,A3497,2026-09-07T07:48:42.882130
2499,20241126,17,11,2612,0,0,228.68,0,0,1114.00,0.0000,0.00,0.00,0.00,4.87,Google Ads,A3498,2026-09-07T07:48:42.882130
2500,20241109,2,11,2612,0,0,181.87,0,0,1965.00,0.0000,0.00,0.00,0.00,10.80,Google Ads,A3499,2026-09-07T07:48:42.882130
2501,20241105,14,11,2612,0,0,248.77,0,0,1806.00,0.0000,0.00,0.00,0.00,7.26,Google Ads,A3500,2026-09-07T07:48:42.882130
2502,20241120,11,11,2612,0,0,227.73,0,0,0.00,0.0000,0.00,0.00,0.00,0.00,Google Ads,A3501,2026-09-07T07:48:42.882130
2503,20241117,8,11,2612,0,0,190.66,0,0,1562.00,0.0000,0.00,0.00,0.00,8.19,Google Ads,A3502,2026-09-07T07:48:42.882130
2504,20241119,6,11,2612,0,0,211.65,0,0,1857.00,0.0000,0.00,0.00,0.00,8.77,Google Ads,A3503,2026-09-07T07:48:42.882130
2505,20241116,3,11,2612,0,0,180.42,0,0,1011.00,0.0000,0.00,0.00,0.00,5.60,Google Ads,A3504,2026-09-07T07:48:42.882130
2506,20241102,17,11,2612,0,0,198.73,0,0,1195.00,0.0000,0.00,0.00,0.00,6.01,Google Ads,A3505,2026-09-07T07:48:42.882130
2507,20241103,6,11,2612,0,0,204.53,0,0,1773.00,0.0000,0.00,0.00,0.00,8.67,Google Ads,A3506,2026-09-07T07:48:42.882130
2508,20241118,17,11,2612,0,0,188.79,0,0,1181.00,0.0000,0.00,0.00,0.00,6.26,Google Ads,A3507,2026-09-07T07:48:42.882130
2509,20241125,16,11,2612,0,0,190.77,0,0,0.00,0.0000,0.00,0.00,0.00,0.00,Google Ads,A3508,2026-09-07T07:48:42.882130
2510,20241116,12,11,2612,0,0,210.63,0,0,1756.00,0.0000,0.00,0.00,0.00,8.34,Google Ads,A3509,2026-09-07T07:48:42.882130
2511,20241121,18,11,2612,0,0,242.31,0,0,1220.00,0.0000,0.00,0.00,0.00,5.03,Google Ads,A3510,2026-09-07T07:48:42.882130
2512,20241106,6,11,2612,0,0,186.63,0,0,1407.00,0.0000,0.00,0.00,0.00,7.54,Google Ads,A3511,2026-09-07T07:48:42.882130
2513,20241114,13,11,2612,0,0,214.16,0,0,1563.00,0.0000,0.00,0.00,0.00,7.30,Google Ads,A3512,2026-09-07T07:48:42.882130
2514,20241116,17,11,2612,0,0,231.80,0,0,1126.00,0.0000,0.00,0.00,0.00,4.86,Google Ads,A3513,2026-09-07T07:48:42.882130
2515,20241103,3,11,2612,0,0,206.20,0,0,1690.00,0.0000,0.00,0.00,0.00,8.20,Google Ads,A3514,2026-09-07T07:48:42.882130
2516,20241109,15,11,2612,0,0,228.05,0,0,1025.00,0.0000,0.00,0.00,0.00,4.49,Google Ads,A3515,2026-09-07T07:48:42.882130
2517,20241105,11,11,2612,0,0,232.28,0,0,1644.00,0.0000,0.00,0.00,0.00,7.08,Google Ads,A3516,2026-09-07T07:48:42.882130
2518,20241117,5,11,2612,0,0,215.87,0,0,1238.00,0.0000,0.00,0.00,0.00,5.73,Google Ads,A3517,2026-09-07T07:48:42.882130
2519,20241117,7,11,2612,0,0,192.84,0,0,1259.00,0.0000,0.00,0.00,0.00,6.53,Google Ads,A3518,2026-09-07T07:48:42.882130
2520,20241106,13,11,2612,0,0,204.43,0,0,1579.00,0.0000,0.00,0.00,0.00,7.72,Google Ads,A3519,2026-09-07T07:48:42.882130
2521,20241123,8,11,2612,0,0,208.69,0,0,1628.00,0.0000,0.00,0.00,0.00,7.80,Google Ads,A3520,2026-09-07T07:48:42.882130
2522,20241123,13,11,2612,0,0,183.26,0,0,1986.00,0.0000,0.00,0.00,0.00,10.84,Google Ads,A3521,2026-09-07T07:48:42.882130
2523,20241122,12,11,2612,0,0,0.00,0,0,1384.00,0.0000,0.00,0.00,0.00,0.00,Google Ads,A3522,2026-09-07T07:48:42.882130
2524,20241120,12,11,2612,0,0,214.61,0,0,1427.00,0.0000,0.00,0.00,0.00,6.65,Google Ads,A3523,2026-09-07T07:48:42.882130
2525,20241114,13,11,2612,0,0,221.11,0,0,1263.00,0.0000,0.00,0.00,0.00,5.71,Google Ads,A3524,2026-09-07T07:48:42.882130
2526,20241102,7,11,2612,0,0,185.91,0,0,1263.00,0.0000,0.00,0.00,0.00,6.79,Google Ads,A3525,2026-09-07T07:48:42.882130
2527,20241102,15,11,2612,0,0,219.30,0,0,1787.00,0.0000,0.00,0.00,0.00,8.15,Google Ads,A3526,2026-09-07T07:48:42.882130
2528,20241113,11,11,2612,0,0,208.41,0,0,1006.00,0.0000,0.00,0.00,0.00,4.83,Google Ads,A3527,2026-09-07T07:48:42.882130
2529,20241126,4,11,2612,0,0,0.00,0,0,1491.00,0.0000,0.00,0.00,0.00,0.00,Google Ads,A3528,2026-09-07T07:48:42.882130
2530,20241118,14,11,2612,0,0,227.53,0,0,1607.00,0.0000,0.00,0.00,0.00,7.06,Google Ads,A3529,2026-09-07T07:48:42.882130
2531,20241115,12,11,2612,0,0,189.00,0,0,1905.00,0.0000,0.00,0.00,0.00,10.08,Google Ads,A3530,2026-09-07T07:48:42.882130
2532,20241123,9,11,2612,0,0,243.60,0,0,0.00,0.0000,0.00,0.00,0.00,0.00,Google Ads,A3531,2026-09-07T07:48:42.882130
2533,20241121,8,11,2612,0,0,220.57,0,0,1017.00,0.0000,0.00,0.00,0.00,4.61,Google Ads,A3532,2026-09-07T07:48:42.882130
2534,20241102,6,11,2612,0,0,221.95,0,0,1488.00,0.0000,0.00,0.00,0.00,6.70,Google Ads,A3533,2026-09-07T07:48:42.882130
2535,20241118,2,11,2612,0,0,191.27,0,0,1243.00,0.0000,0.00,0.00,0.00,6.50,Google Ads,A3534,2026-09-07T07:48:42.882130
2536,20241113,7,11,2612,0,0,226.79,0,0,1117.00,0.0000,0.00,0.00,0.00,4.93,Google Ads,A3535,2026-09-07T07:48:42.882130
2537,20241110,16,11,2612,0,0,224.21,0,0,1993.00,0.0000,0.00,0.00,0.00,8.89,Google Ads,A3536,2026-09-07T07:48:42.882130
2538,20241120,17,11,2612,0,0,216.71,0,0,1200.00,0.0000,0.00,0.00,0.00,5.54,Google Ads,A3537,2026-09-07T07:48:42.882130
2539,20241118,10,11,2612,0,0,181.35,0,0,1692.00,0.0000,0.00,0.00,0.00,9.33,Google Ads,A3538,2026-09-07T07:48:42.882130
2540,20241107,6,11,2612,0,0,222.43,0,0,1953.00,0.0000,0.00,0.00,0.00,8.78,Google Ads,A3539,2026-09-07T07:48:42.882130
2541,20241106,1,11,2612,0,0,201.30,0,0,1965.00,0.0000,0.00,0.00,0.00,9.76,Google Ads,A3540,2026-09-07T07:48:42.882130
2542,20241129,9,11,2612,0,0,204.31,0,0,1218.00,0.0000,0.00,0.00,0.00,5.96,Google Ads,A3541,2026-09-07T07:48:42.882130
2543,20241126,4,11,2612,0,0,239.27,0,0,1735.00,0.0000,0.00,0.00,0.00,7.25,Google Ads,A3542,2026-09-07T07:48:42.882130
2544,20241122,14,11,2612,0,0,222.89,0,0,1673.00,0.0000,0.00,0.00,0.00,7.51,Google Ads,A3543,2026-09-07T07:48:42.882130
2545,20241129,1,11,2612,0,0,231.90,0,0,1829.00,0.0000,0.00,0.00,0.00,7.89,Google Ads,A3544,2026-09-07T07:48:42.882130
2546,20241130,3,11,2612,0,0,239.21,0,0,1302.00,0.0000,0.00,0.00,0.00,5.44,Google Ads,A3545,2026-09-07T07:48:42.882130
2547,20241108,14,11,2612,0,0,206.10,0,0,1129.00,0.0000,0.00,0.00,0.00,5.48,Google Ads,A3546,2026-09-07T07:48:42.882130
2548,20241106,18,11,2612,0,0,185.86,0,0,1019.00,0.0000,0.00,0.00,0.00,5.48,Google Ads,A3547,2026-09-07T07:48:42.882130
2549,20241112,7,11,2612,0,0,180.70,0,0,1709.00,0.0000,0.00,0.00,0.00,9.46,Google Ads,A3548,2026-09-07T07:48:42.882130
2550,20241130,9,11,2612,0,0,225.77,0,0,1884.00,0.0000,0.00,0.00,0.00,8.34,Google Ads,A3549,2026-09-07T07:48:42.882130
2551,20241115,7,11,2612,0,0,204.62,0,0,1473.00,0.0000,0.00,0.00,0.00,7.20,Google Ads,A3550,2026-09-07T07:48:42.882130
2552,20241122,11,11,2612,0,0,221.48,0,0,1072.00,0.0000,0.00,0.00,0.00,4.84,Google Ads,A3551,2026-09-07T07:48:42.882130
2553,20241112,13,11,2612,0,0,198.49,0,0,1717.00,0.0000,0.00,0.00,0.00,8.65,Google Ads,A3552,2026-09-07T07:48:42.882130
2554,20241129,16,11,2612,0,0,187.48,0,0,1394.00,0.0000,0.00,0.00,0.00,7.44,Google Ads,A3553,2026-09-07T07:48:42.882130
2555,20241122,6,11,2612,0,0,181.96,0,0,1816.00,0.0000,0.00,0.00,0.00,9.98,Google Ads,A3554,2026-09-07T07:48:42.882130
2556,20241130,11,11,2612,0,0,224.43,0,0,1140.00,0.0000,0.00,0.00,0.00,5.08,Google Ads,A3555,2026-09-07T07:48:42.882130
2557,20241123,18,11,2612,0,0,202.12,0,0,1694.00,0.0000,0.00,0.00,0.00,8.38,Google Ads,A3556,2026-09-07T07:48:42.882130
2558,20241120,10,11,2612,0,0,226.66,0,0,1189.00,0.0000,0.00,0.00,0.00,5.25,Google Ads,A3557,2026-09-07T07:48:42.882130
2559,20241129,18,11,2612,0,0,217.66,0,0,1619.00,0.0000,0.00,0.00,0.00,7.44,Google Ads,A3558,2026-09-07T07:48:42.882130
2560,20241104,2,11,2612,0,0,188.23,0,0,1725.00,0.0000,0.00,0.00,0.00,9.16,Google Ads,A3559,2026-09-07T07:48:42.882130
2561,20241115,17,11,2612,0,0,235.70,0,0,1047.00,0.0000,0.00,0.00,0.00,4.44,Google Ads,A3560,2026-09-07T07:48:42.882130
2562,20241116,3,11,2612,0,0,193.65,0,0,1361.00,0.0000,0.00,0.00,0.00,7.03,Google Ads,A3561,2026-09-07T07:48:42.882130
2563,20241112,7,11,2612,0,0,235.92,0,0,1057.00,0.0000,0.00,0.00,0.00,4.48,Google Ads,A3562,2026-09-07T07:48:42.882130
2564,20241127,12,11,2612,0,0,227.35,0,0,1384.00,0.0000,0.00,0.00,0.00,6.09,Google Ads,A3563,2026-09-07T07:48:42.882130
2565,20241129,14,11,2612,0,0,201.65,0,0,1376.00,0.0000,0.00,0.00,0.00,6.82,Google Ads,A3564,2026-09-07T07:48:42.882130
2566,20241128,14,11,2612,0,0,180.45,0,0,1178.00,0.0000,0.00,0.00,0.00,6.53,Google Ads,A3565,2026-09-07T07:48:42.882130
2567,20241104,9,11,2612,0,0,212.18,0,0,1507.00,0.0000,0.00,0.00,0.00,7.10,Google Ads,A3566,2026-09-07T07:48:42.882130
2568,20241112,15,11,2612,0,0,246.96,0,0,1725.00,0.0000,0.00,0.00,0.00,6.98,Google Ads,A3567,2026-09-07T07:48:42.882130
2569,20241119,7,11,2612,0,0,216.98,0,0,1874.00,0.0000,0.00,0.00,0.00,8.64,Google Ads,A3568,2026-09-07T07:48:42.882130
2570,20241108,14,11,2612,0,0,245.13,0,0,1321.00,0.0000,0.00,0.00,0.00,5.39,Google Ads,A3569,2026-09-07T07:48:42.882130
2571,20241129,16,11,2612,0,0,228.64,0,0,1403.00,0.0000,0.00,0.00,0.00,6.14,Google Ads,A3570,2026-09-07T07:48:42.882130
2572,20241108,4,11,2612,0,0,220.23,0,0,1462.00,0.0000,0.00,0.00,0.00,6.64,Google Ads,A3571,2026-09-07T07:48:42.882130
2573,20241113,7,11,2612,0,0,230.04,0,0,1377.00,0.0000,0.00,0.00,0.00,5.99,Google Ads,A3572,2026-09-07T07:48:42.882130
2574,20241121,6,11,2612,0,0,190.54,0,0,1948.00,0.0000,0.00,0.00,0.00,10.22,Google Ads,A3573,2026-09-07T07:48:42.882130
2575,20241105,1,11,2612,0,0,219.75,0,0,1626.00,0.0000,0.00,0.00,0.00,7.40,Google Ads,A3574,2026-09-07T07:48:42.882130
2576,20241106,8,11,2612,0,0,231.52,0,0,1003.00,0.0000,0.00,0.00,0.00,4.33,Google Ads,A3575,2026-09-07T07:48:42.882130
2577,20241129,17,11,2612,0,0,184.89,0,0,1667.00,0.0000,0.00,0.00,0.00,9.02,Google Ads,A3576,2026-09-07T07:48:42.882130
2578,20241121,14,11,2612,0,0,222.30,0,0,1430.00,0.0000,0.00,0.00,0.00,6.43,Google Ads,A3577,2026-09-07T07:48:42.882130
2579,20241122,8,11,2612,0,0,239.32,0,0,1966.00,0.0000,0.00,0.00,0.00,8.21,Google Ads,A3578,2026-09-07T07:48:42.882130
2580,20241126,16,11,2612,0,0,195.36,0,0,1020.00,0.0000,0.00,0.00,0.00,5.22,Google Ads,A3579,2026-09-07T07:48:42.882130
2581,20241128,5,11,2612,0,0,220.50,0,0,1871.00,0.0000,0.00,0.00,0.00,8.49,Google Ads,A3580,2026-09-07T07:48:42.882130
2582,20241123,7,11,2612,0,0,0.00,0,0,1268.00,0.0000,0.00,0.00,0.00,0.00,Google Ads,A3581,2026-09-07T07:48:42.882130
2583,20241129,7,11,2612,0,0,183.25,0,0,1571.00,0.0000,0.00,0.00,0.00,8.57,Google Ads,A3582,2026-09-07T07:48:42.882130
2584,20241110,4,11,2612,0,0,224.63,0,0,1263.00,0.0000,0.00,0.00,0.00,5.62,Google Ads,A3583,2026-09-07T07:48:42.882130
2585,20241127,10,11,2612,0,0,189.62,0,0,1626.00,0.0000,0.00,0.00,0.00,8.58,Google Ads,A3584,2026-09-07T07:48:42.882130
2586,20241108,18,11,2612,0,0,226.47,0,0,1889.00,0.0000,0.00,0.00,0.00,8.34,Google Ads,A3585,2026-09-07T07:48:42.882130
2587,20241105,6,11,2612,0,0,237.84,0,0,1864.00,0.0000,0.00,0.00,0.00,7.84,Google Ads,A3586,2026-09-07T07:48:42.882130
2588,20241120,4,11,2612,0,0,211.33,0,0,1075.00,0.0000,0.00,0.00,0.00,5.09,Google Ads,A3587,2026-09-07T07:48:42.882130
2589,20241105,9,11,2612,0,0,205.09,0,0,1061.00,0.0000,0.00,0.00,0.00,5.17,Google Ads,A3588,2026-09-07T07:48:42.882130
2590,20241105,2,11,2612,0,0,200.39,0,0,1702.00,0.0000,0.00,0.00,0.00,8.49,Google Ads,A3589,2026-09-07T07:48:42.882130
2591,20241113,12,11,2612,0,0,201.48,0,0,1811.00,0.0000,0.00,0.00,0.00,8.99,Google Ads,A3590,2026-09-07T07:48:42.882130
2592,20241113,11,11,2612,0,0,190.39,0,0,1108.00,0.0000,0.00,0.00,0.00,5.82,Google Ads,A3591,2026-09-07T07:48:42.882130
2593,20241110,18,11,2612,0,0,234.42,0,0,1566.00,0.0000,0.00,0.00,0.00,6.68,Google Ads,A3592,2026-09-07T07:48:42.882130
2594,20241108,8,11,2612,0,0,202.89,0,0,1360.00,0.0000,0.00,0.00,0.00,6.70,Google Ads,A3593,2026-09-07T07:48:42.882130
2595,20241105,12,11,2612,0,0,233.53,0,0,1189.00,0.0000,0.00,0.00,0.00,5.09,Google Ads,A3594,2026-09-07T07:48:42.882130
2596,20241129,17,11,2612,0,0,242.07,0,0,1418.00,0.0000,0.00,0.00,0.00,5.86,Google Ads,A3595,2026-09-07T07:48:42.882130
2597,20241128,6,11,2612,0,0,248.28,0,0,1950.00,0.0000,0.00,0.00,0.00,7.85,Google Ads,A3596,2026-09-07T07:48:42.882130
2598,20241102,10,11,2612,0,0,233.25,0,0,1085.00,0.0000,0.00,0.00,0.00,4.65,Google Ads,A3597,2026-09-07T07:48:42.882130
2599,20241108,12,11,2612,0,0,220.13,0,0,1558.00,0.0000,0.00,0.00,0.00,7.08,Google Ads,A3598,2026-09-07T07:48:42.882130
2600,20241122,1,11,2612,0,0,0.00,0,0,1174.00,0.0000,0.00,0.00,0.00,0.00,Google Ads,A3599,2026-09-07T07:48:42.882130
2601,20220922,19,12,1,76,0,4.22,0,0,0.00,0.0000,0.00,0.00,0.00,0.00,Meta Ads,FB-1,2026-09-07T07:48:43.838775
2602,20220922,19,12,1,310,0,15.85,0,0,0.00,0.0000,0.00,0.00,0.00,0.00,Meta Ads,FB-2,2026-09-07T07:48:43.838775
2603,20220922,19,12,1,1340,6,34.33,0,0,0.00,0.4500,5.72,0.00,0.00,0.00,Meta Ads,FB-3,2026-09-07T07:48:43.838775
2604,20220922,19,12,1,1480,11,44.49,8,0,0.00,0.7400,4.04,5.56,0.00,0.00,Meta Ads,FB-4,2026-09-07T07:48:43.838775
2605,20220922,19,12,1,582,3,18.15,0,0,0.00,0.5200,6.05,0.00,0.00,0.00,Meta Ads,FB-5,2026-09-07T07:48:43.838775
2606,20220922,19,12,1,849,3,38.62,0,3,4350.00,0.3500,12.87,0.00,12.87,112.64,Meta Ads,FB-6,2026-09-07T07:48:43.838775
2607,20220922,19,12,1,304,0,7.35,0,0,0.00,0.0000,0.00,0.00,0.00,0.00,Meta Ads,FB-7,2026-09-07T07:48:43.838775
2608,20220922,19,12,1,903,6,32.98,0,0,0.00,0.6600,5.50,0.00,0.00,0.00,Meta Ads,FB-8,2026-09-07T07:48:43.838775
2609,20220922,19,12,1,1225,1,20.72,0,0,0.00,0.0800,20.72,0.00,0.00,0.00,Meta Ads,FB-9,2026-09-07T07:48:43.838775
2610,20220922,19,12,1,1055,1,32.22,1,0,0.00,0.0900,32.22,32.22,0.00,0.00,Meta Ads,FB-10,2026-09-07T07:48:43.838775
2611,20220922,19,12,1,825,0,26.52,0,0,0.00,0.0000,0.00,0.00,0.00,0.00,Meta Ads,FB-11,2026-09-07T07:48:43.838775
2612,20220922,19,12,1,727,1,16.15,0,0,0.00,0.1400,16.15,0.00,0.00,0.00,Meta Ads,FB-12,2026-09-07T07:48:43.838775
2613,20220922,19,12,1,165,0,3.23,0,0,0.00,0.0000,0.00,0.00,0.00,0.00,Meta Ads,FB-13,2026-09-07T07:48:43.838775
2614,20220922,19,12,1,1025,6,36.62,0,0,0.00,0.5900,6.10,0.00,0.00,0.00,Meta Ads,FB-14,2026-09-07T07:48:43.838775
2615,20220922,19,12,1,339,0,6.89,0,0,0.00,0.0000,0.00,0.00,0.00,0.00,Meta Ads,FB-15,2026-09-07T07:48:43.838775
2616,20220922,19,12,1,310,3,7.87,0,0,0.00,0.9700,2.62,0.00,0.00,0.00,Meta Ads,FB-16,2026-09-07T07:48:43.838775
2617,20220922,19,12,1,1172,6,43.15,0,0,0.00,0.5100,7.19,0.00,0.00,0.00,Meta Ads,FB-17,2026-09-07T07:48:43.838775
2618,20220922,19,12,1,2575,7,27.21,1,0,0.00,0.2700,3.89,27.21,0.00,0.00,Meta Ads,FB-18,2026-09-07T07:48:43.838775
2619,20220922,19,12,1,236,2,8.60,0,0,0.00,0.8500,4.30,0.00,0.00,0.00,Meta Ads,FB-19,2026-09-07T07:48:43.838775
2620,20220922,19,12,1,19,0,0.50,0,0,0.00,0.0000,0.00,0.00,0.00,0.00,Meta Ads,FB-20,2026-09-07T07:48:43.838775
2621,20220922,19,12,1,198,1,4.60,0,0,0.00,0.5100,4.60,0.00,0.00,0.00,Meta Ads,FB-21,2026-09-07T07:48:43.838775
2622,20220922,19,12,1,1781,9,57.60,6,0,0.00,0.5100,6.40,9.60,0.00,0.00,Meta Ads,FB-22,2026-09-07T07:48:43.838775
2623,20220922,19,12,1,239,3,2.37,0,0,0.00,1.2600,0.79,0.00,0.00,0.00,Meta Ads,FB-23,2026-09-07T07:48:43.838775
2624,20220922,19,12,1,44,0,1.53,0,0,0.00,0.0000,0.00,0.00,0.00,0.00,Meta Ads,FB-24,2026-09-07T07:48:43.838775
2625,20220922,19,12,1,49,0,6.02,0,0,0.00,0.0000,0.00,0.00,0.00,0.00,Meta Ads,FB-25,2026-09-07T07:48:43.838775
2626,20220922,19,12,1,2843,11,86.00,0,1,1450.00,0.3900,7.82,0.00,86.00,16.86,Meta Ads,FB-26,2026-09-07T07:48:43.838775
2627,20220922,19,12,1,57,1,4.69,0,0,0.00,1.7500,4.69,0.00,0.00,0.00,Meta Ads,FB-27,2026-09-07T07:48:43.838775
2628,20220923,19,12,1,123,1,7.97,0,0,0.00,0.8100,7.97,0.00,0.00,0.00,Meta Ads,FB-28,2026-09-07T07:48:43.838775
2629,20220923,19,12,1,188,3,15.25,0,1,1450.00,1.6000,5.08,0.00,15.25,95.08,Meta Ads,FB-29,2026-09-07T07:48:43.838775
2630,20220923,19,12,1,201,0,13.99,1,0,0.00,0.0000,0.00,13.99,0.00,0.00,Meta Ads,FB-30,2026-09-07T07:48:43.838775
2631,20220923,19,12,1,1438,6,60.39,0,0,0.00,0.4200,10.07,0.00,0.00,0.00,Meta Ads,FB-31,2026-09-07T07:48:43.838775
2632,20220923,19,12,1,729,3,28.19,1,0,0.00,0.4100,9.40,28.19,0.00,0.00,Meta Ads,FB-32,2026-09-07T07:48:43.838775
2633,20220923,19,12,1,264,0,10.72,0,0,0.00,0.0000,0.00,0.00,0.00,0.00,Meta Ads,FB-33,2026-09-07T07:48:43.838775
2634,20220923,19,12,1,529,0,15.26,0,0,0.00,0.0000,0.00,0.00,0.00,0.00,Meta Ads,FB-34,2026-09-07T07:48:43.838775
2635,20220923,19,12,1,207,0,7.68,0,0,0.00,0.0000,0.00,0.00,0.00,0.00,Meta Ads,FB-35,2026-09-07T07:48:43.838775
2636,20220923,19,12,1,281,0,4.81,0,0,0.00,0.0000,0.00,0.00,0.00,0.00,Meta Ads,FB-36,2026-09-07T07:48:43.838775
2637,20220923,19,12,1,171,0,3.68,0,0,0.00,0.0000,0.00,0.00,0.00,0.00,Meta Ads,FB-37,2026-09-07T07:48:43.838775
2638,20220923,19,12,1,38,1,2.48,1,0,0.00,2.6300,2.48,2.48,0.00,0.00,Meta Ads,FB-38,2026-09-07T07:48:43.838775
2639,20220923,19,12,1,498,0,14.36,0,0,0.00,0.0000,0.00,0.00,0.00,0.00,Meta Ads,FB-39,2026-09-07T07:48:43.838775
2640,20220923,19,12,1,2089,11,70.33,3,0,0.00,0.5300,6.39,23.44,0.00,0.00,Meta Ads,FB-40,2026-09-07T07:48:43.838775
2641,20220923,19,12,1,114,1,5.52,0,0,0.00,0.8800,5.52,0.00,0.00,0.00,Meta Ads,FB-41,2026-09-07T07:48:43.838775
2642,20220923,19,12,1,254,0,10.47,0,0,0.00,0.0000,0.00,0.00,0.00,0.00,Meta Ads,FB-42,2026-09-07T07:48:43.838775
2643,20220923,19,12,1,102,0,4.97,0,0,0.00,0.0000,0.00,0.00,0.00,0.00,Meta Ads,FB-43,2026-09-07T07:48:43.838775
2644,20220923,19,12,1,1792,21,74.43,0,0,0.00,1.1700,3.54,0.00,0.00,0.00,Meta Ads,FB-44,2026-09-07T07:48:43.838775
2645,20220923,19,12,1,56,1,2.39,0,0,0.00,1.7900,2.39,0.00,0.00,0.00,Meta Ads,FB-45,2026-09-07T07:48:43.838775
2646,20220923,19,12,1,284,0,14.23,0,0,0.00,0.0000,0.00,0.00,0.00,0.00,Meta Ads,FB-46,2026-09-07T07:48:43.838775
2647,20220923,19,12,1,488,4,14.81,0,0,0.00,0.8200,3.70,0.00,0.00,0.00,Meta Ads,FB-47,2026-09-07T07:48:43.838775
2648,20220923,19,12,1,345,3,16.74,0,0,0.00,0.8700,5.58,0.00,0.00,0.00,Meta Ads,FB-48,2026-09-07T07:48:43.838775
2649,20220923,19,12,1,590,4,19.54,0,1,1450.00,0.6800,4.89,0.00,19.54,74.21,Meta Ads,FB-49,2026-09-07T07:48:43.838775
2650,20220923,19,12,1,112,0,4.79,0,0,0.00,0.0000,0.00,0.00,0.00,0.00,Meta Ads,FB-50,2026-09-07T07:48:43.838775
2651,20220923,19,12,1,169,0,7.05,0,0,0.00,0.0000,0.00,0.00,0.00,0.00,Meta Ads,FB-51,2026-09-07T07:48:43.838775
2652,20220923,19,12,1,223,1,5.86,0,0,0.00,0.4500,5.86,0.00,0.00,0.00,Meta Ads,FB-52,2026-09-07T07:48:43.838775
2653,20220923,19,12,1,84,0,3.96,0,0,0.00,0.0000,0.00,0.00,0.00,0.00,Meta Ads,FB-53,2026-09-07T07:48:43.838775
2654,20220923,19,12,1,941,6,43.02,0,0,0.00,0.6400,7.17,0.00,0.00,0.00,Meta Ads,FB-54,2026-09-07T07:48:43.838775
2655,20220924,19,12,1,52,0,3.44,0,0,0.00,0.0000,0.00,0.00,0.00,0.00,Meta Ads,FB-55,2026-09-07T07:48:43.838775
2656,20220924,19,12,1,163,0,13.05,1,0,0.00,0.0000,0.00,13.05,0.00,0.00,Meta Ads,FB-56,2026-09-07T07:48:43.838775
2657,20220924,19,12,1,131,2,10.77,2,1,1450.00,1.5300,5.39,5.39,10.77,134.63,Meta Ads,FB-57,2026-09-07T07:48:43.838775
2658,20220924,19,12,1,456,1,28.51,1,0,0.00,0.2200,28.51,28.51,0.00,0.00,Meta Ads,FB-58,2026-09-07T07:48:43.838775
2659,20220924,19,12,1,186,1,10.11,0,0,0.00,0.5400,10.11,0.00,0.00,0.00,Meta Ads,FB-59,2026-09-07T07:48:43.838775
2660,20220924,19,12,1,358,0,15.58,0,0,0.00,0.0000,0.00,0.00,0.00,0.00,Meta Ads,FB-60,2026-09-07T07:48:43.838775
2661,20220924,19,12,1,188,0,10.07,0,0,0.00,0.0000,0.00,0.00,0.00,0.00,Meta Ads,FB-61,2026-09-07T07:48:43.838775
2662,20220924,19,12,1,272,0,10.81,0,0,0.00,0.0000,0.00,0.00,0.00,0.00,Meta Ads,FB-62,2026-09-07T07:48:43.838775
2663,20220924,19,12,1,132,4,4.32,1,0,0.00,3.0300,1.08,4.32,0.00,0.00,Meta Ads,FB-63,2026-09-07T07:48:43.838775
2664,20220924,19,12,1,11,0,0.54,0,0,0.00,0.0000,0.00,0.00,0.00,0.00,Meta Ads,FB-64,2026-09-07T07:48:43.838775
2665,20220924,19,12,1,10,0,0.33,0,0,0.00,0.0000,0.00,0.00,0.00,0.00,Meta Ads,FB-65,2026-09-07T07:48:43.838775
2666,20220924,19,12,1,184,2,6.13,0,0,0.00,1.0900,3.07,0.00,0.00,0.00,Meta Ads,FB-66,2026-09-07T07:48:43.838775
2667,20220924,19,12,1,1275,10,50.99,2,1,1450.00,0.7800,5.10,25.50,50.99,28.44,Meta Ads,FB-67,2026-09-07T07:48:43.838775
2668,20220924,19,12,1,98,0,6.01,0,0,0.00,0.0000,0.00,0.00,0.00,0.00,Meta Ads,FB-68,2026-09-07T07:48:43.838775
2669,20220924,19,12,1,13,0,0.50,0,0,0.00,0.0000,0.00,0.00,0.00,0.00,Meta Ads,FB-69,2026-09-07T07:48:43.838775
2670,20220924,19,12,1,8,0,0.21,0,0,0.00,0.0000,0.00,0.00,0.00,0.00,Meta Ads,FB-70,2026-09-07T07:48:43.838775
2671,20220924,19,12,1,488,1,29.32,0,0,0.00,0.2000,29.32,0.00,0.00,0.00,Meta Ads,FB-71,2026-09-07T07:48:43.838775
2672,20220924,19,12,1,9,0,0.35,0,0,0.00,0.0000,0.00,0.00,0.00,0.00,Meta Ads,FB-72,2026-09-07T07:48:43.838775
2673,20220924,19,12,1,35,2,2.91,0,0,0.00,5.7100,1.46,0.00,0.00,0.00,Meta Ads,FB-73,2026-09-07T07:48:43.838775
2674,20220924,19,12,1,984,12,28.63,0,1,1450.00,1.2200,2.39,0.00,28.63,50.65,Meta Ads,FB-74,2026-09-07T07:48:43.838775
2675,20220924,19,12,1,118,2,3.94,0,0,0.00,1.6900,1.97,0.00,0.00,0.00,Meta Ads,FB-75,2026-09-07T07:48:43.838775
2676,20220924,19,12,1,1048,3,26.71,0,0,0.00,0.2900,8.90,0.00,0.00,0.00,Meta Ads,FB-76,2026-09-07T07:48:43.838775
2677,20220924,19,12,1,31,0,1.65,0,0,0.00,0.0000,0.00,0.00,0.00,0.00,Meta Ads,FB-77,2026-09-07T07:48:43.838775
2678,20220924,19,12,1,1190,1,28.32,0,0,0.00,0.0800,28.32,0.00,0.00,0.00,Meta Ads,FB-78,2026-09-07T07:48:43.838775
2679,20220924,19,12,1,178,0,3.43,0,0,0.00,0.0000,0.00,0.00,0.00,0.00,Meta Ads,FB-79,2026-09-07T07:48:43.838775
2680,20220924,19,12,1,150,1,2.69,0,0,0.00,0.6700,2.69,0.00,0.00,0.00,Meta Ads,FB-80,2026-09-07T07:48:43.838775
2681,20220924,19,12,1,736,6,23.13,0,0,0.00,0.8200,3.86,0.00,0.00,0.00,Meta Ads,FB-81,2026-09-07T07:48:43.838775
2682,20220925,19,12,1,28,0,2.36,0,0,0.00,0.0000,0.00,0.00,0.00,0.00,Meta Ads,FB-82,2026-09-07T07:48:43.838775
2683,20220925,19,12,1,73,0,7.34,0,0,0.00,0.0000,0.00,0.00,0.00,0.00,Meta Ads,FB-83,2026-09-07T07:48:43.838775
2684,20220925,19,12,1,88,1,7.84,0,0,0.00,1.1400,7.84,0.00,0.00,0.00,Meta Ads,FB-84,2026-09-07T07:48:43.838775
2685,20220925,19,12,1,485,11,36.95,6,0,0.00,2.2700,3.36,6.16,0.00,0.00,Meta Ads,FB-85,2026-09-07T07:48:43.838775
2686,20220925,19,12,1,231,0,14.09,0,0,0.00,0.0000,0.00,0.00,0.00,0.00,Meta Ads,FB-86,2026-09-07T07:48:43.838775
2687,20220925,19,12,1,355,2,18.62,1,0,0.00,0.5600,9.31,18.62,0.00,0.00,Meta Ads,FB-87,2026-09-07T07:48:43.838775
2688,20220925,19,12,1,159,0,10.45,0,0,0.00,0.0000,0.00,0.00,0.00,0.00,Meta Ads,FB-88,2026-09-07T07:48:43.838775
2689,20220925,19,12,1,208,0,12.04,0,0,0.00,0.0000,0.00,0.00,0.00,0.00,Meta Ads,FB-89,2026-09-07T07:48:43.838775
2690,20220925,19,12,1,148,1,3.99,0,0,0.00,0.6800,3.99,0.00,0.00,0.00,Meta Ads,FB-90,2026-09-07T07:48:43.838775
2691,20220925,19,12,1,8,0,0.31,0,0,0.00,0.0000,0.00,0.00,0.00,0.00,Meta Ads,FB-91,2026-09-07T07:48:43.838775
2692,20220925,19,12,1,5,0,0.23,0,0,0.00,0.0000,0.00,0.00,0.00,0.00,Meta Ads,FB-92,2026-09-07T07:48:43.838775
2693,20220925,19,12,1,114,1,5.63,0,0,0.00,0.8800,5.63,0.00,0.00,0.00,Meta Ads,FB-93,2026-09-07T07:48:43.838775
2694,20220925,19,12,1,926,9,44.61,1,0,0.00,0.9700,4.96,44.61,0.00,0.00,Meta Ads,FB-94,2026-09-07T07:48:43.838775
2695,20220925,19,12,1,9,0,0.36,0,0,0.00,0.0000,0.00,0.00,0.00,0.00,Meta Ads,FB-95,2026-09-07T07:48:43.838775
2696,20220925,19,12,1,1050,17,44.76,0,4,5800.00,1.6200,2.63,0.00,11.19,129.58,Meta Ads,FB-96,2026-09-07T07:48:43.838775
2697,20220925,19,12,1,19,0,0.66,0,0,0.00,0.0000,0.00,0.00,0.00,0.00,Meta Ads,FB-97,2026-09-07T07:48:43.838775
2698,20220925,19,12,1,257,3,8.25,0,0,0.00,1.1700,2.75,0.00,0.00,0.00,Meta Ads,FB-98,2026-09-07T07:48:43.838775
2699,20220925,19,12,1,49,0,1.54,0,0,0.00,0.0000,0.00,0.00,0.00,0.00,Meta Ads,FB-99,2026-09-07T07:48:43.838775
2700,20220925,19,12,1,239,0,9.61,0,0,0.00,0.0000,0.00,0.00,0.00,0.00,Meta Ads,FB-100,2026-09-07T07:48:43.838775
2701,20220925,19,12,1,124,0,2.92,0,0,0.00,0.0000,0.00,0.00,0.00,0.00,Meta Ads,FB-101,2026-09-07T07:48:43.838775
2702,20220925,19,12,1,181,2,5.78,0,0,0.00,1.1000,2.89,0.00,0.00,0.00,Meta Ads,FB-102,2026-09-07T07:48:43.838775
2703,20220925,19,12,1,490,3,33.53,0,0,0.00,0.6100,11.18,0.00,0.00,0.00,Meta Ads,FB-103,2026-09-07T07:48:43.838775
2704,20220926,19,12,1,2,0,0.28,0,0,0.00,0.0000,0.00,0.00,0.00,0.00,Meta Ads,FB-104,2026-09-07T07:48:43.838775
2705,20220926,19,12,1,31,0,3.55,0,0,0.00,0.0000,0.00,0.00,0.00,0.00,Meta Ads,FB-105,2026-09-07T07:48:43.838775
2706,20220926,19,12,1,45,0,5.43,0,0,0.00,0.0000,0.00,0.00,0.00,0.00,Meta Ads,FB-106,2026-09-07T07:48:43.838775
2707,20220926,19,12,1,193,1,19.61,1,0,0.00,0.5200,19.61,19.61,0.00,0.00,Meta Ads,FB-107,2026-09-07T07:48:43.838775
2708,20220926,19,12,1,33,0,3.47,0,0,0.00,0.0000,0.00,0.00,0.00,0.00,Meta Ads,FB-108,2026-09-07T07:48:43.838775
2709,20220926,19,12,1,100,0,7.29,0,0,0.00,0.0000,0.00,0.00,0.00,0.00,Meta Ads,FB-109,2026-09-07T07:48:43.838775
2710,20220926,19,12,1,143,3,11.69,3,0,0.00,2.1000,3.90,3.90,0.00,0.00,Meta Ads,FB-110,2026-09-07T07:48:43.838775
2711,20220926,19,12,1,73,0,7.37,0,0,0.00,0.0000,0.00,0.00,0.00,0.00,Meta Ads,FB-111,2026-09-07T07:48:43.838775
2712,20220926,19,12,1,85,1,3.00,0,0,0.00,1.1800,3.00,0.00,0.00,0.00,Meta Ads,FB-112,2026-09-07T07:48:43.838775
2713,20220926,19,12,1,3,0,0.61,0,0,0.00,0.0000,0.00,0.00,0.00,0.00,Meta Ads,FB-113,2026-09-07T07:48:43.838775
2714,20220926,19,12,1,9,0,0.35,0,0,0.00,0.0000,0.00,0.00,0.00,0.00,Meta Ads,FB-114,2026-09-07T07:48:43.838775
2715,20220926,19,12,1,25,0,1.58,0,0,0.00,0.0000,0.00,0.00,0.00,0.00,Meta Ads,FB-115,2026-09-07T07:48:43.838775
2716,20220926,19,12,1,327,4,18.95,4,1,1450.00,1.2200,4.74,4.74,18.95,76.52,Meta Ads,FB-116,2026-09-07T07:48:43.838775
2717,20220926,19,12,1,1,0,0.01,0,0,0.00,0.0000,0.00,0.00,0.00,0.00,Meta Ads,FB-117,2026-09-07T07:48:43.838775
2718,20220926,19,12,1,445,11,23.87,0,2,2900.00,2.4700,2.17,0.00,11.94,121.49,Meta Ads,FB-118,2026-09-07T07:48:43.838775
2719,20220926,19,12,1,5,0,0.37,0,0,0.00,0.0000,0.00,0.00,0.00,0.00,Meta Ads,FB-119,2026-09-07T07:48:43.838775
2720,20220926,19,12,1,53,2,2.55,0,0,0.00,3.7700,1.27,0.00,0.00,0.00,Meta Ads,FB-120,2026-09-07T07:48:43.838775
2721,20220926,19,12,1,19,0,2.14,0,0,0.00,0.0000,0.00,0.00,0.00,0.00,Meta Ads,FB-121,2026-09-07T07:48:43.838775
2722,20220926,19,12,1,132,1,9.78,0,0,0.00,0.7600,9.78,0.00,0.00,0.00,Meta Ads,FB-122,2026-09-07T07:48:43.838775
2723,20220926,19,12,1,42,0,2.42,0,0,0.00,0.0000,0.00,0.00,0.00,0.00,Meta Ads,FB-123,2026-09-07T07:48:43.838775
2724,20220926,19,12,1,29,0,1.75,0,0,0.00,0.0000,0.00,0.00,0.00,0.00,Meta Ads,FB-124,2026-09-07T07:48:43.838775
2725,20220926,19,12,1,127,2,11.10,0,0,0.00,1.5700,5.55,0.00,0.00,0.00,Meta Ads,FB-125,2026-09-07T07:48:43.838775
2726,20220927,19,12,1,9,0,0.43,0,0,0.00,0.0000,0.00,0.00,0.00,0.00,Meta Ads,FB-126,2026-09-07T07:48:43.838775
2727,20220927,19,12,1,56,0,4.25,0,1,1450.00,0.0000,0.00,0.00,4.25,341.18,Meta Ads,FB-127,2026-09-07T07:48:43.838775
2728,20220927,19,12,1,71,0,4.27,0,0,0.00,0.0000,0.00,0.00,0.00,0.00,Meta Ads,FB-128,2026-09-07T07:48:43.838775
2729,20220927,19,12,1,223,3,11.68,1,0,0.00,1.3500,3.89,11.68,0.00,0.00,Meta Ads,FB-129,2026-09-07T07:48:43.838775
2730,20220927,19,12,1,50,0,1.29,0,0,0.00,0.0000,0.00,0.00,0.00,0.00,Meta Ads,FB-130,2026-09-07T07:48:43.838775
2731,20220927,19,12,1,99,1,4.00,2,0,0.00,1.0100,4.00,2.00,0.00,0.00,Meta Ads,FB-131,2026-09-07T07:48:43.838775
2732,20220927,19,12,1,217,0,11.12,0,0,0.00,0.0000,0.00,0.00,0.00,0.00,Meta Ads,FB-132,2026-09-07T07:48:43.838775
2733,20220927,19,12,1,83,0,4.58,1,1,1450.00,0.0000,0.00,4.58,4.58,316.59,Meta Ads,FB-133,2026-09-07T07:48:43.838775
2734,20220927,19,12,1,99,0,2.66,0,0,0.00,0.0000,0.00,0.00,0.00,0.00,Meta Ads,FB-134,2026-09-07T07:48:43.838775
2735,20220927,19,12,1,7,0,0.34,0,0,0.00,0.0000,0.00,0.00,0.00,0.00,Meta Ads,FB-135,2026-09-07T07:48:43.838775
2736,20220927,19,12,1,10,0,1.31,0,0,0.00,0.0000,0.00,0.00,0.00,0.00,Meta Ads,FB-136,2026-09-07T07:48:43.838775
2737,20220927,19,12,1,65,0,4.58,0,0,0.00,0.0000,0.00,0.00,0.00,0.00,Meta Ads,FB-137,2026-09-07T07:48:43.838775
2738,20220927,19,12,1,302,2,11.81,0,0,0.00,0.6600,5.91,0.00,0.00,0.00,Meta Ads,FB-138,2026-09-07T07:48:43.838775
2739,20220927,19,12,1,368,8,17.01,0,3,4350.00,2.1700,2.13,0.00,5.67,255.73,Meta Ads,FB-139,2026-09-07T07:48:43.838775
2740,20220927,19,12,1,16,0,1.01,0,0,0.00,0.0000,0.00,0.00,0.00,0.00,Meta Ads,FB-140,2026-09-07T07:48:43.838775
2741,20220927,19,12,1,41,0,1.62,0,0,0.00,0.0000,0.00,0.00,0.00,0.00,Meta Ads,FB-141,2026-09-07T07:48:43.838775
2742,20220927,19,12,1,4,0,0.39,0,0,0.00,0.0000,0.00,0.00,0.00,0.00,Meta Ads,FB-142,2026-09-07T07:48:43.838775
2743,20220927,19,12,1,88,1,4.07,0,0,0.00,1.1400,4.07,0.00,0.00,0.00,Meta Ads,FB-143,2026-09-07T07:48:43.838775
2744,20220927,19,12,1,43,1,2.77,0,0,0.00,2.3300,2.77,0.00,0.00,0.00,Meta Ads,FB-144,2026-09-07T07:48:43.838775
2745,20220927,19,12,1,32,0,1.35,0,0,0.00,0.0000,0.00,0.00,0.00,0.00,Meta Ads,FB-145,2026-09-07T07:48:43.838775
2746,20220927,19,12,1,111,2,10.76,0,1,1450.00,1.8000,5.38,0.00,10.76,134.76,Meta Ads,FB-146,2026-09-07T07:48:43.838775
2747,20220928,19,12,1,5,0,1.81,0,0,0.00,0.0000,0.00,0.00,0.00,0.00,Meta Ads,FB-147,2026-09-07T07:48:43.838775
2748,20220928,19,12,1,27,0,2.61,0,0,0.00,0.0000,0.00,0.00,0.00,0.00,Meta Ads,FB-148,2026-09-07T07:48:43.838775
2749,20220928,19,12,1,67,2,5.36,0,0,0.00,2.9900,2.68,0.00,0.00,0.00,Meta Ads,FB-149,2026-09-07T07:48:43.838775
2750,20220928,19,12,1,215,1,10.69,0,0,0.00,0.4700,10.69,0.00,0.00,0.00,Meta Ads,FB-150,2026-09-07T07:48:43.838775
2751,20220928,19,12,1,45,0,1.81,0,0,0.00,0.0000,0.00,0.00,0.00,0.00,Meta Ads,FB-151,2026-09-07T07:48:43.838775
2752,20220928,19,12,1,66,0,2.91,1,0,0.00,0.0000,0.00,2.91,0.00,0.00,Meta Ads,FB-152,2026-09-07T07:48:43.838775
2753,20220928,19,12,1,143,0,10.30,0,0,0.00,0.0000,0.00,0.00,0.00,0.00,Meta Ads,FB-153,2026-09-07T07:48:43.838775
2754,20220928,19,12,1,85,1,4.18,1,0,0.00,1.1800,4.18,4.18,0.00,0.00,Meta Ads,FB-154,2026-09-07T07:48:43.838775
2755,20220928,19,12,1,104,0,3.35,0,0,0.00,0.0000,0.00,0.00,0.00,0.00,Meta Ads,FB-155,2026-09-07T07:48:43.838775
2756,20220928,19,12,1,13,0,1.04,0,0,0.00,0.0000,0.00,0.00,0.00,0.00,Meta Ads,FB-156,2026-09-07T07:48:43.838775
2757,20220928,19,12,1,13,0,0.45,0,0,0.00,0.0000,0.00,0.00,0.00,0.00,Meta Ads,FB-157,2026-09-07T07:48:43.838775
2758,20220928,19,12,1,48,0,1.62,0,0,0.00,0.0000,0.00,0.00,0.00,0.00,Meta Ads,FB-158,2026-09-07T07:48:43.838775
2759,20220928,19,12,1,358,0,13.30,0,0,0.00,0.0000,0.00,0.00,0.00,0.00,Meta Ads,FB-159,2026-09-07T07:48:43.838775
2760,20220928,19,12,1,1,0,0.03,0,0,0.00,0.0000,0.00,0.00,0.00,0.00,Meta Ads,FB-160,2026-09-07T07:48:43.838775
2761,20220928,19,12,1,434,7,17.56,0,1,1450.00,1.6100,2.51,0.00,17.56,82.57,Meta Ads,FB-161,2026-09-07T07:48:43.838775
2762,20220928,19,12,1,9,0,0.61,0,0,0.00,0.0000,0.00,0.00,0.00,0.00,Meta Ads,FB-162,2026-09-07T07:48:43.838775
2763,20220928,19,12,1,20,0,0.55,0,0,0.00,0.0000,0.00,0.00,0.00,0.00,Meta Ads,FB-163,2026-09-07T07:48:43.838775
2764,20220928,19,12,1,7,0,0.56,0,0,0.00,0.0000,0.00,0.00,0.00,0.00,Meta Ads,FB-164,2026-09-07T07:48:43.838775
2765,20220928,19,12,1,68,0,3.62,0,0,0.00,0.0000,0.00,0.00,0.00,0.00,Meta Ads,FB-165,2026-09-07T07:48:43.838775
2766,20220928,19,12,1,45,1,1.70,0,0,0.00,2.2200,1.70,0.00,0.00,0.00,Meta Ads,FB-166,2026-09-07T07:48:43.838775
2767,20220928,19,12,1,23,0,1.13,0,0,0.00,0.0000,0.00,0.00,0.00,0.00,Meta Ads,FB-167,2026-09-07T07:48:43.838775
2768,20220928,19,12,1,140,2,11.95,0,1,1450.00,1.4300,5.98,0.00,11.95,121.34,Meta Ads,FB-168,2026-09-07T07:48:43.838775
2769,20220929,19,12,1,11,0,1.28,0,0,0.00,0.0000,0.00,0.00,0.00,0.00,Meta Ads,FB-169,2026-09-07T07:48:43.838775
2770,20220929,19,12,1,37,0,1.95,0,0,0.00,0.0000,0.00,0.00,0.00,0.00,Meta Ads,FB-170,2026-09-07T07:48:43.838775
2771,20220929,19,12,1,62,0,5.74,0,0,0.00,0.0000,0.00,0.00,0.00,0.00,Meta Ads,FB-171,2026-09-07T07:48:43.838775
2772,20220929,19,12,1,208,2,10.20,0,0,0.00,0.9600,5.10,0.00,0.00,0.00,Meta Ads,FB-172,2026-09-07T07:48:43.838775
2773,20220929,19,12,1,9,0,0.33,0,0,0.00,0.0000,0.00,0.00,0.00,0.00,Meta Ads,FB-173,2026-09-07T07:48:43.838775
2774,20220929,19,12,1,12,0,1.30,0,0,0.00,0.0000,0.00,0.00,0.00,0.00,Meta Ads,FB-174,2026-09-07T07:48:43.838775
2775,20220929,19,12,1,22,0,0.92,0,0,0.00,0.0000,0.00,0.00,0.00,0.00,Meta Ads,FB-175,2026-09-07T07:48:43.838775
2776,20220929,19,12,1,26,0,2.51,0,0,0.00,0.0000,0.00,0.00,0.00,0.00,Meta Ads,FB-176,2026-09-07T07:48:43.838775
2777,20220929,19,12,1,104,2,3.85,2,0,0.00,1.9200,1.93,1.93,0.00,0.00,Meta Ads,FB-177,2026-09-07T07:48:43.838775
2778,20220929,19,12,1,8,0,0.53,0,0,0.00,0.0000,0.00,0.00,0.00,0.00,Meta Ads,FB-178,2026-09-07T07:48:43.838775
2779,20220929,19,12,1,3,0,0.45,0,0,0.00,0.0000,0.00,0.00,0.00,0.00,Meta Ads,FB-179,2026-09-07T07:48:43.838775
2780,20220929,19,12,1,24,0,0.67,0,0,0.00,0.0000,0.00,0.00,0.00,0.00,Meta Ads,FB-180,2026-09-07T07:48:43.838775
2781,20220929,19,12,1,128,0,4.92,0,0,0.00,0.0000,0.00,0.00,0.00,0.00,Meta Ads,FB-181,2026-09-07T07:48:43.838775
2782,20220929,19,12,1,0,0,0.00,0,1,1450.00,0.0000,0.00,0.00,0.00,0.00,Meta Ads,FB-182,2026-09-07T07:48:43.838775
2783,20220929,19,12,1,293,5,14.24,0,1,1450.00,1.7100,2.85,0.00,14.24,101.83,Meta Ads,FB-183,2026-09-07T07:48:43.838775
2784,20220929,19,12,1,25,0,0.58,0,0,0.00,0.0000,0.00,0.00,0.00,0.00,Meta Ads,FB-184,2026-09-07T07:48:43.838775
2785,20220929,19,12,1,16,0,1.25,0,0,0.00,0.0000,0.00,0.00,0.00,0.00,Meta Ads,FB-185,2026-09-07T07:48:43.838775
2786,20220929,19,12,1,23,0,0.62,0,0,0.00,0.0000,0.00,0.00,0.00,0.00,Meta Ads,FB-186,2026-09-07T07:48:43.838775
2787,20220929,19,12,1,21,0,1.19,0,0,0.00,0.0000,0.00,0.00,0.00,0.00,Meta Ads,FB-187,2026-09-07T07:48:43.838775
2788,20220929,19,12,1,8,0,0.54,0,0,0.00,0.0000,0.00,0.00,0.00,0.00,Meta Ads,FB-188,2026-09-07T07:48:43.838775
2789,20220929,19,12,1,34,1,1.58,0,0,0.00,2.9400,1.58,0.00,0.00,0.00,Meta Ads,FB-189,2026-09-07T07:48:43.838775
2790,20220930,19,12,1,6,0,1.37,0,0,0.00,0.0000,0.00,0.00,0.00,0.00,Meta Ads,FB-190,2026-09-07T07:48:43.838775
2791,20220930,19,12,1,32,0,2.74,0,1,1450.00,0.0000,0.00,0.00,2.74,529.20,Meta Ads,FB-191,2026-09-07T07:48:43.838775
2792,20220930,19,12,1,49,0,2.72,0,0,0.00,0.0000,0.00,0.00,0.00,0.00,Meta Ads,FB-192,2026-09-07T07:48:43.838775
2793,20220930,19,12,1,213,1,11.52,1,0,0.00,0.4700,11.52,11.52,0.00,0.00,Meta Ads,FB-193,2026-09-07T07:48:43.838775
2794,20220930,19,12,1,84,0,2.78,0,0,0.00,0.0000,0.00,0.00,0.00,0.00,Meta Ads,FB-194,2026-09-07T07:48:43.838775
2795,20220930,19,12,1,2,0,0.06,0,0,0.00,0.0000,0.00,0.00,0.00,0.00,Meta Ads,FB-195,2026-09-07T07:48:43.838775
2796,20220930,19,12,1,5,0,0.14,0,0,0.00,0.0000,0.00,0.00,0.00,0.00,Meta Ads,FB-196,2026-09-07T07:48:43.838775
2797,20220930,19,12,1,16,0,1.16,0,0,0.00,0.0000,0.00,0.00,0.00,0.00,Meta Ads,FB-197,2026-09-07T07:48:43.838775
2798,20220930,19,12,1,107,0,5.81,0,0,0.00,0.0000,0.00,0.00,0.00,0.00,Meta Ads,FB-198,2026-09-07T07:48:43.838775
2799,20220930,19,12,1,709,12,25.78,0,2,2900.00,1.6900,2.15,0.00,12.89,112.49,Meta Ads,FB-199,2026-09-07T07:48:43.838775
2800,20220930,19,12,1,16,0,1.57,0,0,0.00,0.0000,0.00,0.00,0.00,0.00,Meta Ads,FB-200,2026-09-07T07:48:43.838775
2801,20220930,19,12,1,21,0,1.47,0,0,0.00,0.0000,0.00,0.00,0.00,0.00,Meta Ads,FB-201,2026-09-07T07:48:43.838775
2802,20221001,19,12,1,3,0,0.19,0,0,0.00,0.0000,0.00,0.00,0.00,0.00,Meta Ads,FB-202,2026-09-07T07:48:43.838775
2803,20221001,19,12,1,46,0,2.37,0,0,0.00,0.0000,0.00,0.00,0.00,0.00,Meta Ads,FB-203,2026-09-07T07:48:43.838775
2804,20221001,19,12,1,60,0,4.45,0,0,0.00,0.0000,0.00,0.00,0.00,0.00,Meta Ads,FB-204,2026-09-07T07:48:43.838775
2805,20221001,19,12,1,199,0,10.97,0,0,0.00,0.0000,0.00,0.00,0.00,0.00,Meta Ads,FB-205,2026-09-07T07:48:43.838775
2806,20221001,19,12,1,44,0,1.43,0,0,0.00,0.0000,0.00,0.00,0.00,0.00,Meta Ads,FB-206,2026-09-07T07:48:43.838775
2807,20221001,19,12,1,13,0,1.00,0,0,0.00,0.0000,0.00,0.00,0.00,0.00,Meta Ads,FB-207,2026-09-07T07:48:43.838775
2808,20221001,19,12,1,15,0,1.12,0,0,0.00,0.0000,0.00,0.00,0.00,0.00,Meta Ads,FB-208,2026-09-07T07:48:43.838775
2809,20221001,19,12,1,24,1,1.16,0,0,0.00,4.1700,1.16,0.00,0.00,0.00,Meta Ads,FB-209,2026-09-07T07:48:43.838775
2810,20221001,19,12,1,93,1,5.14,0,0,0.00,1.0800,5.14,0.00,0.00,0.00,Meta Ads,FB-210,2026-09-07T07:48:43.838775
2811,20221001,19,12,1,1,0,0.02,0,0,0.00,0.0000,0.00,0.00,0.00,0.00,Meta Ads,FB-211,2026-09-07T07:48:43.838775
2812,20221001,19,12,1,899,12,28.22,0,2,2900.00,1.3300,2.35,0.00,14.11,102.76,Meta Ads,FB-212,2026-09-07T07:48:43.838775
2813,20221001,19,12,1,14,0,0.83,0,0,0.00,0.0000,0.00,0.00,0.00,0.00,Meta Ads,FB-213,2026-09-07T07:48:43.838775
2814,20221001,19,12,1,19,0,0.64,0,0,0.00,0.0000,0.00,0.00,0.00,0.00,Meta Ads,FB-214,2026-09-07T07:48:43.838775
2815,20221001,19,12,1,15,0,0.24,0,0,0.00,0.0000,0.00,0.00,0.00,0.00,Meta Ads,FB-215,2026-09-07T07:48:43.838775
2816,20221001,19,12,1,29,2,2.13,0,0,0.00,6.9000,1.07,0.00,0.00,0.00,Meta Ads,FB-216,2026-09-07T07:48:43.838775
2817,20221001,19,12,1,112,1,4.54,0,0,0.00,0.8900,4.54,0.00,0.00,0.00,Meta Ads,FB-217,2026-09-07T07:48:43.838775
2818,20221001,19,12,1,12,0,0.31,0,0,0.00,0.0000,0.00,0.00,0.00,0.00,Meta Ads,FB-218,2026-09-07T07:48:43.838775
2819,20221001,19,12,1,101,1,3.34,0,1,1450.00,0.9900,3.34,0.00,3.34,434.13,Meta Ads,FB-219,2026-09-07T07:48:43.838775
2820,20221002,19,12,1,13,0,0.38,0,0,0.00,0.0000,0.00,0.00,0.00,0.00,Meta Ads,FB-220,2026-09-07T07:48:43.838775
2821,20221002,19,12,1,48,0,2.46,0,0,0.00,0.0000,0.00,0.00,0.00,0.00,Meta Ads,FB-221,2026-09-07T07:48:43.838775
2822,20221002,19,12,1,83,1,4.60,1,0,0.00,1.2000,4.60,4.60,0.00,0.00,Meta Ads,FB-222,2026-09-07T07:48:43.838775
2823,20221002,19,12,1,479,3,14.16,1,0,0.00,0.6300,4.72,14.16,0.00,0.00,Meta Ads,FB-223,2026-09-07T07:48:43.838775
2824,20221002,19,12,1,93,1,1.82,1,0,0.00,1.0800,1.82,1.82,0.00,0.00,Meta Ads,FB-224,2026-09-07T07:48:43.838775
2825,20221002,19,12,1,15,0,1.27,0,0,0.00,0.0000,0.00,0.00,0.00,0.00,Meta Ads,FB-225,2026-09-07T07:48:43.838775
2826,20221002,19,12,1,11,0,0.55,0,0,0.00,0.0000,0.00,0.00,0.00,0.00,Meta Ads,FB-226,2026-09-07T07:48:43.838775
2827,20221002,19,12,1,20,0,0.60,0,0,0.00,0.0000,0.00,0.00,0.00,0.00,Meta Ads,FB-227,2026-09-07T07:48:43.838775
2828,20221002,19,12,1,178,3,6.42,2,0,0.00,1.6900,2.14,3.21,0.00,0.00,Meta Ads,FB-228,2026-09-07T07:48:43.838775
2829,20221002,19,12,1,1255,9,29.08,0,1,1450.00,0.7200,3.23,0.00,29.08,49.86,Meta Ads,FB-229,2026-09-07T07:48:43.838775
2830,20221002,19,12,1,33,0,1.10,0,0,0.00,0.0000,0.00,0.00,0.00,0.00,Meta Ads,FB-230,2026-09-07T07:48:43.838775
2831,20221002,19,12,1,47,1,1.26,0,1,1450.00,2.1300,1.26,0.00,1.26,1150.79,Meta Ads,FB-231,2026-09-07T07:48:43.838775
2832,20221002,19,12,1,46,0,0.55,0,0,0.00,0.0000,0.00,0.00,0.00,0.00,Meta Ads,FB-232,2026-09-07T07:48:43.838775
2833,20221002,19,12,1,236,2,1.60,0,0,0.00,0.8500,0.80,0.00,0.00,0.00,Meta Ads,FB-233,2026-09-07T07:48:43.838775
2834,20221002,19,12,1,340,0,3.89,0,0,0.00,0.0000,0.00,0.00,0.00,0.00,Meta Ads,FB-234,2026-09-07T07:48:43.838775
2835,20221002,19,12,1,61,0,0.86,0,0,0.00,0.0000,0.00,0.00,0.00,0.00,Meta Ads,FB-235,2026-09-07T07:48:43.838775
2836,20221002,19,12,1,375,4,3.67,0,1,1450.00,1.0700,0.92,0.00,3.67,395.10,Meta Ads,FB-236,2026-09-07T07:48:43.838775
2837,20221002,19,12,1,80,1,2.86,0,0,0.00,1.2500,2.86,0.00,0.00,0.00,Meta Ads,FB-237,2026-09-07T07:48:43.838775
2838,20221002,19,12,1,100,2,5.42,0,1,1450.00,2.0000,2.71,0.00,5.42,267.53,Meta Ads,FB-238,2026-09-07T07:48:43.838775
2839,20221003,19,12,1,7,0,0.30,0,0,0.00,0.0000,0.00,0.00,0.00,0.00,Meta Ads,FB-239,2026-09-07T07:48:43.838775
2840,20221003,19,12,1,48,0,2.13,0,0,0.00,0.0000,0.00,0.00,0.00,0.00,Meta Ads,FB-240,2026-09-07T07:48:43.838775
2841,20221003,19,12,1,58,0,1.79,0,0,0.00,0.0000,0.00,0.00,0.00,0.00,Meta Ads,FB-241,2026-09-07T07:48:43.838775
2842,20221003,19,12,1,252,0,8.34,1,0,0.00,0.0000,0.00,8.34,0.00,0.00,Meta Ads,FB-242,2026-09-07T07:48:43.838775
2843,20221003,19,12,1,46,0,0.97,0,0,0.00,0.0000,0.00,0.00,0.00,0.00,Meta Ads,FB-243,2026-09-07T07:48:43.838775
2844,20221003,19,12,1,5,0,0.05,0,0,0.00,0.0000,0.00,0.00,0.00,0.00,Meta Ads,FB-244,2026-09-07T07:48:43.838775
2845,20221003,19,12,1,5,0,0.22,0,0,0.00,0.0000,0.00,0.00,0.00,0.00,Meta Ads,FB-245,2026-09-07T07:48:43.838775
2846,20221003,19,12,1,83,0,3.23,0,0,0.00,0.0000,0.00,0.00,0.00,0.00,Meta Ads,FB-246,2026-09-07T07:48:43.838775
2847,20221003,19,12,1,41,0,2.53,0,0,0.00,0.0000,0.00,0.00,0.00,0.00,Meta Ads,FB-247,2026-09-07T07:48:43.838775
2848,20221003,19,12,1,1,0,0.02,0,0,0.00,0.0000,0.00,0.00,0.00,0.00,Meta Ads,FB-248,2026-09-07T07:48:43.838775
2849,20221003,19,12,1,1430,15,26.51,0,0,0.00,1.0500,1.77,0.00,0.00,0.00,Meta Ads,FB-249,2026-09-07T07:48:43.838775
2850,20221003,19,12,1,4,0,0.07,0,0,0.00,0.0000,0.00,0.00,0.00,0.00,Meta Ads,FB-250,2026-09-07T07:48:43.838775
2851,20221003,19,12,1,128,2,4.62,0,0,0.00,1.5600,2.31,0.00,0.00,0.00,Meta Ads,FB-251,2026-09-07T07:48:43.838775
2852,20221003,19,12,1,12,0,0.23,0,0,0.00,0.0000,0.00,0.00,0.00,0.00,Meta Ads,FB-252,2026-09-07T07:48:43.838775
2853,20221003,19,12,1,35,0,0.65,0,0,0.00,0.0000,0.00,0.00,0.00,0.00,Meta Ads,FB-253,2026-09-07T07:48:43.838775
2854,20221003,19,12,1,133,0,3.97,0,0,0.00,0.0000,0.00,0.00,0.00,0.00,Meta Ads,FB-254,2026-09-07T07:48:43.838775
2855,20221003,19,12,1,20,1,0.68,0,2,2900.00,5.0000,0.68,0.00,0.34,4264.71,Meta Ads,FB-255,2026-09-07T07:48:43.838775
2856,20221003,19,12,1,228,6,5.04,0,0,0.00,2.6300,0.84,0.00,0.00,0.00,Meta Ads,FB-256,2026-09-07T07:48:43.838775
2857,20221003,19,12,1,519,2,4.56,0,0,0.00,0.3900,2.28,0.00,0.00,0.00,Meta Ads,FB-257,2026-09-07T07:48:43.838775
2858,20221003,19,12,1,623,2,5.37,0,0,0.00,0.3200,2.69,0.00,0.00,0.00,Meta Ads,FB-258,2026-09-07T07:48:43.838775
2859,20221004,19,12,1,2,0,0.13,0,0,0.00,0.0000,0.00,0.00,0.00,0.00,Meta Ads,FB-259,2026-09-07T07:48:43.838775
2860,20221004,19,12,1,623,6,16.90,0,1,1450.00,0.9600,2.82,0.00,16.90,85.80,Meta Ads,FB-260,2026-09-07T07:48:43.838775
2861,20221004,19,12,1,3,0,0.04,0,0,0.00,0.0000,0.00,0.00,0.00,0.00,Meta Ads,FB-261,2026-09-07T07:48:43.838775
2862,20221004,19,12,1,85,0,3.63,0,0,0.00,0.0000,0.00,0.00,0.00,0.00,Meta Ads,FB-262,2026-09-07T07:48:43.838775
2863,20221004,19,12,1,17,0,0.52,0,0,0.00,0.0000,0.00,0.00,0.00,0.00,Meta Ads,FB-263,2026-09-07T07:48:43.838775
2864,20221004,19,12,1,78,0,1.27,0,0,0.00,0.0000,0.00,0.00,0.00,0.00,Meta Ads,FB-264,2026-09-07T07:48:43.838775
2865,20221004,19,12,1,77,1,2.91,0,0,0.00,1.3000,2.91,0.00,0.00,0.00,Meta Ads,FB-265,2026-09-07T07:48:43.838775
2866,20221004,19,12,1,82,1,1.96,0,0,0.00,1.2200,1.96,0.00,0.00,0.00,Meta Ads,FB-266,2026-09-07T07:48:43.838775
2867,20221004,19,12,1,647,11,17.03,0,2,2900.00,1.7000,1.55,0.00,8.52,170.29,Meta Ads,FB-267,2026-09-07T07:48:43.838775
2868,20221004,19,12,1,497,2,7.07,0,0,0.00,0.4000,3.54,0.00,0.00,0.00,Meta Ads,FB-268,2026-09-07T07:48:43.838775
2869,20221004,19,12,1,389,2,6.07,0,0,0.00,0.5100,3.04,0.00,0.00,0.00,Meta Ads,FB-269,2026-09-07T07:48:43.838775
2870,20221005,19,12,1,210,1,6.46,0,0,0.00,0.4800,6.46,0.00,0.00,0.00,Meta Ads,FB-270,2026-09-07T07:48:43.838775
2871,20221005,19,12,1,9,0,0.38,0,0,0.00,0.0000,0.00,0.00,0.00,0.00,Meta Ads,FB-271,2026-09-07T07:48:43.838775
2872,20221005,19,12,1,4,0,0.16,0,0,0.00,0.0000,0.00,0.00,0.00,0.00,Meta Ads,FB-272,2026-09-07T07:48:43.838775
2873,20221005,19,12,1,38,0,1.06,0,0,0.00,0.0000,0.00,0.00,0.00,0.00,Meta Ads,FB-273,2026-09-07T07:48:43.838775
2874,20221005,19,12,1,142,0,8.03,0,0,0.00,0.0000,0.00,0.00,0.00,0.00,Meta Ads,FB-274,2026-09-07T07:48:43.838775
2875,20221005,19,12,1,39,0,1.05,0,0,0.00,0.0000,0.00,0.00,0.00,0.00,Meta Ads,FB-275,2026-09-07T07:48:43.838775
2876,20221005,19,12,1,669,8,21.36,0,0,0.00,1.2000,2.67,0.00,0.00,0.00,Meta Ads,FB-276,2026-09-07T07:48:43.838775
2877,20221005,19,12,1,221,0,5.11,0,0,0.00,0.0000,0.00,0.00,0.00,0.00,Meta Ads,FB-277,2026-09-07T07:48:43.838775
2878,20221005,19,12,1,231,2,6.27,0,0,0.00,0.8700,3.14,0.00,0.00,0.00,Meta Ads,FB-278,2026-09-07T07:48:43.838775
2879,20221005,19,12,1,377,1,13.37,0,0,0.00,0.2700,13.37,0.00,0.00,0.00,Meta Ads,FB-279,2026-09-07T07:48:43.838775
2880,20221005,19,12,1,573,2,8.22,0,0,0.00,0.3500,4.11,0.00,0.00,0.00,Meta Ads,FB-280,2026-09-07T07:48:43.838775
2881,20221005,19,12,1,51,0,1.20,0,0,0.00,0.0000,0.00,0.00,0.00,0.00,Meta Ads,FB-281,2026-09-07T07:48:43.838775
2882,20221005,19,12,1,194,2,5.97,0,0,0.00,1.0300,2.99,0.00,0.00,0.00,Meta Ads,FB-282,2026-09-07T07:48:43.838775
2883,20221005,19,12,1,56,0,2.93,0,0,0.00,0.0000,0.00,0.00,0.00,0.00,Meta Ads,FB-283,2026-09-07T07:48:43.838775
2884,20221006,19,12,1,29,0,2.42,0,0,0.00,0.0000,0.00,0.00,0.00,0.00,Meta Ads,FB-284,2026-09-07T07:48:43.838775
2885,20221006,19,12,1,30,0,1.56,0,0,0.00,0.0000,0.00,0.00,0.00,0.00,Meta Ads,FB-285,2026-09-07T07:48:43.838775
2886,20221006,19,12,1,17,0,2.26,0,0,0.00,0.0000,0.00,0.00,0.00,0.00,Meta Ads,FB-286,2026-09-07T07:48:43.838775
2887,20221006,19,12,1,25,1,3.14,0,0,0.00,4.0000,3.14,0.00,0.00,0.00,Meta Ads,FB-287,2026-09-07T07:48:43.838775
2888,20221006,19,12,1,241,0,19.21,0,0,0.00,0.0000,0.00,0.00,0.00,0.00,Meta Ads,FB-288,2026-09-07T07:48:43.838775
2889,20221006,19,12,1,240,1,12.66,0,0,0.00,0.4200,12.66,0.00,0.00,0.00,Meta Ads,FB-289,2026-09-07T07:48:43.838775
2890,20221006,19,12,1,139,2,8.55,0,0,0.00,1.4400,4.28,0.00,0.00,0.00,Meta Ads,FB-290,2026-09-07T07:48:43.838775
2891,20221006,19,12,1,162,0,9.12,0,0,0.00,0.0000,0.00,0.00,0.00,0.00,Meta Ads,FB-291,2026-09-07T07:48:43.838775
2892,20221006,19,12,1,269,1,24.81,0,0,0.00,0.3700,24.81,0.00,0.00,0.00,Meta Ads,FB-292,2026-09-07T07:48:43.838775
2893,20221006,19,12,1,241,1,8.41,0,0,0.00,0.4100,8.41,0.00,0.00,0.00,Meta Ads,FB-293,2026-09-07T07:48:43.838775
2894,20221006,19,12,1,277,0,5.39,0,0,0.00,0.0000,0.00,0.00,0.00,0.00,Meta Ads,FB-294,2026-09-07T07:48:43.838775
2895,20221006,19,12,1,393,4,23.07,0,0,0.00,1.0200,5.77,0.00,0.00,0.00,Meta Ads,FB-295,2026-09-07T07:48:43.838775
2896,20221006,19,12,1,379,0,19.93,0,0,0.00,0.0000,0.00,0.00,0.00,0.00,Meta Ads,FB-296,2026-09-07T07:48:43.838775
2897,20221006,19,12,1,156,1,5.74,0,0,0.00,0.6400,5.74,0.00,0.00,0.00,Meta Ads,FB-297,2026-09-07T07:48:43.838775
2898,20221006,19,12,1,251,0,11.39,0,0,0.00,0.0000,0.00,0.00,0.00,0.00,Meta Ads,FB-298,2026-09-07T07:48:43.838775
2899,20221006,19,12,1,250,1,10.37,0,0,0.00,0.4000,10.37,0.00,0.00,0.00,Meta Ads,FB-299,2026-09-07T07:48:43.838775
2900,20221007,19,12,1,5,0,1.17,0,0,0.00,0.0000,0.00,0.00,0.00,0.00,Meta Ads,FB-300,2026-09-07T07:48:43.838775
2901,20221007,19,12,1,27,0,1.21,0,0,0.00,0.0000,0.00,0.00,0.00,0.00,Meta Ads,FB-301,2026-09-07T07:48:43.838775
2902,20221007,19,12,1,69,0,4.53,0,0,0.00,0.0000,0.00,0.00,0.00,0.00,Meta Ads,FB-302,2026-09-07T07:48:43.838775
2903,20221007,19,12,1,12,0,0.82,0,0,0.00,0.0000,0.00,0.00,0.00,0.00,Meta Ads,FB-303,2026-09-07T07:48:43.838775
2904,20221007,19,12,1,152,0,12.68,0,0,0.00,0.0000,0.00,0.00,0.00,0.00,Meta Ads,FB-304,2026-09-07T07:48:43.838775
2905,20221007,19,12,1,26,1,3.99,0,0,0.00,3.8500,3.99,0.00,0.00,0.00,Meta Ads,FB-305,2026-09-07T07:48:43.838775
2906,20221007,19,12,1,103,2,6.25,0,0,0.00,1.9400,3.13,0.00,0.00,0.00,Meta Ads,FB-306,2026-09-07T07:48:43.838775
2907,20221007,19,12,1,120,0,9.18,0,0,0.00,0.0000,0.00,0.00,0.00,0.00,Meta Ads,FB-307,2026-09-07T07:48:43.838775
2908,20221007,19,12,1,551,5,46.89,0,0,0.00,0.9100,9.38,0.00,0.00,0.00,Meta Ads,FB-308,2026-09-07T07:48:43.838775
2909,20221007,19,12,1,147,1,5.44,0,0,0.00,0.6800,5.44,0.00,0.00,0.00,Meta Ads,FB-309,2026-09-07T07:48:43.838775
2910,20221007,19,12,1,191,1,9.63,0,0,0.00,0.5200,9.63,0.00,0.00,0.00,Meta Ads,FB-310,2026-09-07T07:48:43.838775
2911,20221007,19,12,1,504,1,45.80,0,0,0.00,0.2000,45.80,0.00,0.00,0.00,Meta Ads,FB-311,2026-09-07T07:48:43.838775
2912,20221007,19,12,1,137,0,9.05,0,0,0.00,0.0000,0.00,0.00,0.00,0.00,Meta Ads,FB-312,2026-09-07T07:48:43.838775
2913,20221007,19,12,1,59,0,4.46,0,0,0.00,0.0000,0.00,0.00,0.00,0.00,Meta Ads,FB-313,2026-09-07T07:48:43.838775
2914,20221007,19,12,1,105,3,9.71,0,0,0.00,2.8600,3.24,0.00,0.00,0.00,Meta Ads,FB-314,2026-09-07T07:48:43.838775
2915,20221007,19,12,1,89,0,6.91,0,0,0.00,0.0000,0.00,0.00,0.00,0.00,Meta Ads,FB-315,2026-09-07T07:48:43.838775
2916,20221010,19,12,1,0,0,0.00,0,1,1450.00,0.0000,0.00,0.00,0.00,0.00,Meta Ads,FB-316,2026-09-07T07:48:43.838775
