InventoryKey,SnapshotDateKey,ProductKey,StockOnHandQuantity,ReorderThreshold,StockValueAtCost,StockValueAtMRP,SourceSystem,ETL_LoadedAt
1038,20220630,2355,8,10,0.00,0.00,Central Warehouse Inventory,2026-09-06T03:34:41.453917
1039,20220630,2356,3,10,0.00,0.00,Central Warehouse Inventory,2026-09-06T03:34:41.453917
1040,20220630,2357,6,10,0.00,0.00,Central Warehouse Inventory,2026-09-06T03:34:41.453917
1041,20220630,2358,5,10,0.00,0.00,Central Warehouse Inventory,2026-09-06T03:34:41.453917
1042,20220630,2359,6,10,0.00,0.00,Central Warehouse Inventory,2026-09-06T03:34:41.453917
1043,20220630,2360,5,10,0.00,0.00,Central Warehouse Inventory,2026-09-06T03:34:41.453917
1044,20220630,2361,2,10,0.00,0.00,Central Warehouse Inventory,2026-09-06T03:34:41.453917
1045,20220630,2362,2,10,0.00,0.00,Central Warehouse Inventory,2026-09-06T03:34:41.453917
1046,20220630,2363,3,10,0.00,0.00,Central Warehouse Inventory,2026-09-06T03:34:41.453917
1047,20220630,2364,5,10,0.00,0.00,Central Warehouse Inventory,2026-09-06T03:34:41.453917
1048,20220630,2365,4,10,0.00,0.00,Central Warehouse Inventory,2026-09-06T03:34:41.453917
1049,20220630,2366,5,10,0.00,0.00,Central Warehouse Inventory,2026-09-06T03:34:41.453917
1050,20220630,2367,4,10,0.00,0.00,Central Warehouse Inventory,2026-09-06T03:34:41.453917
1051,20220630,2368,6,10,0.00,0.00,Central Warehouse Inventory,2026-09-06T03:34:41.453917
1052,20220630,2369,7,10,0.00,0.00,Central Warehouse Inventory,2026-09-06T03:34:41.453917
1053,20220630,2370,1,10,0.00,0.00,Central Warehouse Inventory,2026-09-06T03:34:41.453917
1054,20220630,2371,4,10,0.00,0.00,Central Warehouse Inventory,2026-09-06T03:34:41.453917
1055,20220630,2372,11,10,0.00,0.00,Central Warehouse Inventory,2026-09-06T03:34:41.453917
1056,20220630,2373,8,10,0.00,0.00,Central Warehouse Inventory,2026-09-06T03:34:41.453917
1057,20220630,2374,24,10,0.00,0.00,Central Warehouse Inventory,2026-09-06T03:34:41.453917
1058,20220630,2375,15,10,0.00,0.00,Central Warehouse Inventory,2026-09-06T03:34:41.453917
1059,20220630,2376,3,10,0.00,0.00,Central Warehouse Inventory,2026-09-06T03:34:41.453917
1060,20220630,2377,2,10,0.00,0.00,Central Warehouse Inventory,2026-09-06T03:34:41.453917
1061,20220630,2378,2,10,0.00,0.00,Central Warehouse Inventory,2026-09-06T03:34:41.453917
1062,20220630,2379,17,10,0.00,0.00,Central Warehouse Inventory,2026-09-06T03:34:41.453917
1063,20220630,2380,3,10,0.00,0.00,Central Warehouse Inventory,2026-09-06T03:34:41.453917
1064,20220630,2381,43,10,0.00,0.00,Central Warehouse Inventory,2026-09-06T03:34:41.453917
1065,20220630,2382,24,10,0.00,0.00,Central Warehouse Inventory,2026-09-06T03:34:41.453917
1066,20220630,2383,5,10,0.00,0.00,Central Warehouse Inventory,2026-09-06T03:34:41.453917
1067,20220630,2384,1,10,0.00,0.00,Central Warehouse Inventory,2026-09-06T03:34:41.453917
1068,20220630,2385,0,10,0.00,0.00,Central Warehouse Inventory,2026-09-06T03:34:41.453917
1069,20220630,2386,2,10,0.00,0.00,Central Warehouse Inventory,2026-09-06T03:34:41.453917
1070,20220630,2387,1,10,0.00,0.00,Central Warehouse Inventory,2026-09-06T03:34:41.453917
1071,20220630,2388,4,10,0.00,0.00,Central Warehouse Inventory,2026-09-06T03:34:41.453917
1072,20220630,2389,2,10,0.00,0.00,Central Warehouse Inventory,2026-09-06T03:34:41.453917
1073,20220630,2390,0,10,0.00,0.00,Central Warehouse Inventory,2026-09-06T03:34:41.453917
1074,20220630,2391,0,10,0.00,0.00,Central Warehouse Inventory,2026-09-06T03:34:41.453917
1075,20220630,2392,0,10,0.00,0.00,Central Warehouse Inventory,2026-09-06T03:34:41.453917
1076,20220630,2393,1,10,0.00,0.00,Central Warehouse Inventory,2026-09-06T03:34:41.453917
1077,20220630,2394,2,10,0.00,0.00,Central Warehouse Inventory,2026-09-06T03:34:41.453917
1078,20220630,2395,0,10,0.00,0.00,Central Warehouse Inventory,2026-09-06T03:34:41.453917
1079,20220630,2396,1,10,0.00,0.00,Central Warehouse Inventory,2026-09-06T03:34:41.453917
1080,20220630,2397,4,10,0.00,0.00,Central Warehouse Inventory,2026-09-06T03:34:41.453917
1081,20220630,2398,6,10,0.00,0.00,Central Warehouse Inventory,2026-09-06T03:34:41.453917
1082,20220630,2399,12,10,0.00,0.00,Central Warehouse Inventory,2026-09-06T03:34:41.453917
1083,20220630,2400,2,10,0.00,0.00,Central Warehouse Inventory,2026-09-06T03:34:41.453917
1084,20220630,2401,11,10,0.00,0.00,Central Warehouse Inventory,2026-09-06T03:34:41.453917
1085,20220630,2402,2,10,0.00,0.00,Central Warehouse Inventory,2026-09-06T03:34:41.453917
1086,20220630,2403,1,10,0.00,0.00,Central Warehouse Inventory,2026-09-06T03:34:41.453917
1087,20220630,2404,1,10,0.00,0.00,Central Warehouse Inventory,2026-09-06T03:34:41.453917
1088,20220630,2405,9,10,0.00,0.00,Central Warehouse Inventory,2026-09-06T03:34:41.453917
1089,20220630,2406,20,10,0.00,0.00,Central Warehouse Inventory,2026-09-06T03:34:41.453917
1090,20220630,2407,2,10,0.00,0.00,Central Warehouse Inventory,2026-09-06T03:34:41.453917
1091,20220630,2408,55,10,0.00,0.00,Central Warehouse Inventory,2026-09-06T03:34:41.453917
1092,20220630,2409,0,10,0.00,0.00,Central Warehouse Inventory,2026-09-06T03:34:41.453917
1093,20220630,2410,1,10,0.00,0.00,Central Warehouse Inventory,2026-09-06T03:34:41.453917
1094,20220630,2411,106,10,0.00,0.00,Central Warehouse Inventory,2026-09-06T03:34:41.453917
1095,20220630,2412,75,10,0.00,0.00,Central Warehouse Inventory,2026-09-06T03:34:41.453917
1096,20220630,2413,145,10,0.00,0.00,Central Warehouse Inventory,2026-09-06T03:34:41.453917
1097,20220630,2414,27,10,0.00,0.00,Central Warehouse Inventory,2026-09-06T03:34:41.453917
1098,20220630,2415,47,10,0.00,0.00,Central Warehouse Inventory,2026-09-06T03:34:41.453917
1099,20220630,2416,90,10,0.00,0.00,Central Warehouse Inventory,2026-09-06T03:34:41.453917
1100,20220630,2417,88,10,0.00,0.00,Central Warehouse Inventory,2026-09-06T03:34:41.453917
1101,20220630,2418,7,10,0.00,0.00,Central Warehouse Inventory,2026-09-06T03:34:41.453917
1102,20220630,2419,4,10,0.00,0.00,Central Warehouse Inventory,2026-09-06T03:34:41.453917
1103,20220630,2420,10,10,0.00,0.00,Central Warehouse Inventory,2026-09-06T03:34:41.453917
1104,20220630,2421,2,10,0.00,0.00,Central Warehouse Inventory,2026-09-06T03:34:41.453917
1105,20220630,2422,20,10,0.00,0.00,Central Warehouse Inventory,2026-09-06T03:34:41.453917
1106,20220630,2423,5,10,0.00,0.00,Central Warehouse Inventory,2026-09-06T03:34:41.453917
1107,20220630,2424,4,10,0.00,0.00,Central Warehouse Inventory,2026-09-06T03:34:41.453917
1108,20220630,2425,1,10,0.00,0.00,Central Warehouse Inventory,2026-09-06T03:34:41.453917
1109,20220630,2426,4,10,0.00,0.00,Central Warehouse Inventory,2026-09-06T03:34:41.453917
1110,20220630,2427,1,10,0.00,0.00,Central Warehouse Inventory,2026-09-06T03:34:41.453917
1111,20220630,2428,1,10,0.00,0.00,Central Warehouse Inventory,2026-09-06T03:34:41.453917
1112,20220630,2429,7,10,0.00,0.00,Central Warehouse Inventory,2026-09-06T03:34:41.453917
1113,20220630,2430,5,10,0.00,0.00,Central Warehouse Inventory,2026-09-06T03:34:41.453917
1114,20220630,2431,3,10,0.00,0.00,Central Warehouse Inventory,2026-09-06T03:34:41.453917
1115,20220630,2432,1,10,0.00,0.00,Central Warehouse Inventory,2026-09-06T03:34:41.453917
1116,20220630,2433,1,10,0.00,0.00,Central Warehouse Inventory,2026-09-06T03:34:41.453917
1117,20220630,2434,2,10,0.00,0.00,Central Warehouse Inventory,2026-09-06T03:34:41.453917
1118,20220630,2435,1,10,0.00,0.00,Central Warehouse Inventory,2026-09-06T03:34:41.453917
1119,20220630,2436,0,10,0.00,0.00,Central Warehouse Inventory,2026-09-06T03:34:41.453917
1120,20220630,2437,2,10,0.00,0.00,Central Warehouse Inventory,2026-09-06T03:34:41.453917
1121,20220630,2438,44,10,0.00,0.00,Central Warehouse Inventory,2026-09-06T03:34:41.453917
1122,20220630,2439,39,10,0.00,0.00,Central Warehouse Inventory,2026-09-06T03:34:41.453917
1123,20220630,2440,58,10,0.00,0.00,Central Warehouse Inventory,2026-09-06T03:34:41.453917
1124,20220630,2441,46,10,0.00,0.00,Central Warehouse Inventory,2026-09-06T03:34:41.453917
1125,20220630,2442,50,10,0.00,0.00,Central Warehouse Inventory,2026-09-06T03:34:41.453917
1126,20220630,2443,51,10,0.00,0.00,Central Warehouse Inventory,2026-09-06T03:34:41.453917
1127,20220630,2444,42,10,0.00,0.00,Central Warehouse Inventory,2026-09-06T03:34:41.453917
1128,20220630,2445,1,10,0.00,0.00,Central Warehouse Inventory,2026-09-06T03:34:41.453917
1129,20220630,2446,3,10,0.00,0.00,Central Warehouse Inventory,2026-09-06T03:34:41.453917
1130,20220630,2447,8,10,0.00,0.00,Central Warehouse Inventory,2026-09-06T03:34:41.453917
1131,20220630,2448,3,10,0.00,0.00,Central Warehouse Inventory,2026-09-06T03:34:41.453917
1132,20220630,2449,32,10,0.00,0.00,Central Warehouse Inventory,2026-09-06T03:34:41.453917
1133,20220630,2450,9,10,0.00,0.00,Central Warehouse Inventory,2026-09-06T03:34:41.453917
1134,20220630,2451,5,10,0.00,0.00,Central Warehouse Inventory,2026-09-06T03:34:41.453917
1135,20220630,2452,35,10,0.00,0.00,Central Warehouse Inventory,2026-09-06T03:34:41.453917
1136,20220630,2453,58,10,0.00,0.00,Central Warehouse Inventory,2026-09-06T03:34:41.453917
1137,20220630,2454,39,10,0.00,0.00,Central Warehouse Inventory,2026-09-06T03:34:41.453917
1138,20220630,2455,40,10,0.00,0.00,Central Warehouse Inventory,2026-09-06T03:34:41.453917
1139,20220630,2456,19,10,0.00,0.00,Central Warehouse Inventory,2026-09-06T03:34:41.453917
1140,20220630,2457,8,10,0.00,0.00,Central Warehouse Inventory,2026-09-06T03:34:41.453917
1141,20220630,2458,36,10,0.00,0.00,Central Warehouse Inventory,2026-09-06T03:34:41.453917
1142,20220630,2459,33,10,0.00,0.00,Central Warehouse Inventory,2026-09-06T03:34:41.453917
1143,20220630,2460,44,10,0.00,0.00,Central Warehouse Inventory,2026-09-06T03:34:41.453917
1144,20220630,2461,50,10,0.00,0.00,Central Warehouse Inventory,2026-09-06T03:34:41.453917
1145,20220630,2462,43,10,0.00,0.00,Central Warehouse Inventory,2026-09-06T03:34:41.453917
1146,20220630,2463,61,10,0.00,0.00,Central Warehouse Inventory,2026-09-06T03:34:41.453917
1147,20220630,2464,44,10,0.00,0.00,Central Warehouse Inventory,2026-09-06T03:34:41.453917
1148,20220630,2465,27,10,0.00,0.00,Central Warehouse Inventory,2026-09-06T03:34:41.453917
1149,20220630,2466,1,10,0.00,0.00,Central Warehouse Inventory,2026-09-06T03:34:41.453917
1150,20220630,2467,0,10,0.00,0.00,Central Warehouse Inventory,2026-09-06T03:34:41.453917
1151,20220630,2468,1,10,0.00,0.00,Central Warehouse Inventory,2026-09-06T03:34:41.453917
1152,20220630,2469,1,10,0.00,0.00,Central Warehouse Inventory,2026-09-06T03:34:41.453917
1153,20220630,2470,3,10,0.00,0.00,Central Warehouse Inventory,2026-09-06T03:34:41.453917
1154,20220630,2471,3,10,0.00,0.00,Central Warehouse Inventory,2026-09-06T03:34:41.453917
1155,20220630,2472,1,10,0.00,0.00,Central Warehouse Inventory,2026-09-06T03:34:41.453917
1156,20220630,2473,3,10,0.00,0.00,Central Warehouse Inventory,2026-09-06T03:34:41.453917
1157,20220630,2474,3,10,0.00,0.00,Central Warehouse Inventory,2026-09-06T03:34:41.453917
1158,20220630,2475,7,10,0.00,0.00,Central Warehouse Inventory,2026-09-06T03:34:41.453917
1159,20220630,2476,4,10,0.00,0.00,Central Warehouse Inventory,2026-09-06T03:34:41.453917
1160,20220630,2477,6,10,0.00,0.00,Central Warehouse Inventory,2026-09-06T03:34:41.453917
1161,20220630,2478,5,10,0.00,0.00,Central Warehouse Inventory,2026-09-06T03:34:41.453917
1162,20220630,2479,4,10,0.00,0.00,Central Warehouse Inventory,2026-09-06T03:34:41.453917
1163,20220630,2480,4,10,0.00,0.00,Central Warehouse Inventory,2026-09-06T03:34:41.453917
1164,20220630,2481,4,10,0.00,0.00,Central Warehouse Inventory,2026-09-06T03:34:41.453917
1165,20220630,2482,2,10,0.00,0.00,Central Warehouse Inventory,2026-09-06T03:34:41.453917
1166,20220630,2483,1,10,0.00,0.00,Central Warehouse Inventory,2026-09-06T03:34:41.453917
1167,20220630,2484,15,10,0.00,0.00,Central Warehouse Inventory,2026-09-06T03:34:41.453917
1168,20220630,2485,7,10,0.00,0.00,Central Warehouse Inventory,2026-09-06T03:34:41.453917
1169,20220630,2486,3,10,0.00,0.00,Central Warehouse Inventory,2026-09-06T03:34:41.453917
1170,20220630,2487,4,10,0.00,0.00,Central Warehouse Inventory,2026-09-06T03:34:41.453917
1171,20220630,2488,4,10,0.00,0.00,Central Warehouse Inventory,2026-09-06T03:34:41.453917
1172,20220630,2489,2,10,0.00,0.00,Central Warehouse Inventory,2026-09-06T03:34:41.453917
1173,20220630,2490,2,10,0.00,0.00,Central Warehouse Inventory,2026-09-06T03:34:41.453917
1174,20220630,2491,4,10,0.00,0.00,Central Warehouse Inventory,2026-09-06T03:34:41.453917
1175,20220630,2492,3,10,0.00,0.00,Central Warehouse Inventory,2026-09-06T03:34:41.453917
1176,20220630,2493,4,10,0.00,0.00,Central Warehouse Inventory,2026-09-06T03:34:41.453917
1177,20220630,2494,5,10,0.00,0.00,Central Warehouse Inventory,2026-09-06T03:34:41.453917
1178,20220630,2495,6,10,0.00,0.00,Central Warehouse Inventory,2026-09-06T03:34:41.453917
1179,20220630,2496,26,10,0.00,0.00,Central Warehouse Inventory,2026-09-06T03:34:41.453917
1180,20220630,2497,2,10,0.00,0.00,Central Warehouse Inventory,2026-09-06T03:34:41.453917
1181,20220630,2498,125,10,0.00,0.00,Central Warehouse Inventory,2026-09-06T03:34:41.453917
1182,20220630,2499,6,10,0.00,0.00,Central Warehouse Inventory,2026-09-06T03:34:41.453917
1183,20220630,2500,6,10,0.00,0.00,Central Warehouse Inventory,2026-09-06T03:34:41.453917
1184,20220630,2501,1,10,0.00,0.00,Central Warehouse Inventory,2026-09-06T03:34:41.453917
1185,20220630,2502,2,10,0.00,0.00,Central Warehouse Inventory,2026-09-06T03:34:41.453917
1186,20220630,2503,22,10,0.00,0.00,Central Warehouse Inventory,2026-09-06T03:34:41.453917
1187,20220630,2504,2,10,0.00,0.00,Central Warehouse Inventory,2026-09-06T03:34:41.453917
1188,20220630,2505,63,10,0.00,0.00,Central Warehouse Inventory,2026-09-06T03:34:41.453917
1189,20220630,2506,2,10,0.00,0.00,Central Warehouse Inventory,2026-09-06T03:34:41.453917
1190,20220630,2507,1,10,0.00,0.00,Central Warehouse Inventory,2026-09-06T03:34:41.453917
1191,20220630,2508,1,10,0.00,0.00,Central Warehouse Inventory,2026-09-06T03:34:41.453917
1192,20220630,2509,3,10,0.00,0.00,Central Warehouse Inventory,2026-09-06T03:34:41.453917
1193,20220630,2510,4,10,0.00,0.00,Central Warehouse Inventory,2026-09-06T03:34:41.453917
1194,20220630,2511,7,10,0.00,0.00,Central Warehouse Inventory,2026-09-06T03:34:41.453917
1195,20220630,2512,2,10,0.00,0.00,Central Warehouse Inventory,2026-09-06T03:34:41.453917
1196,20220630,2513,5,10,0.00,0.00,Central Warehouse Inventory,2026-09-06T03:34:41.453917
1197,20220630,2514,4,10,0.00,0.00,Central Warehouse Inventory,2026-09-06T03:34:41.453917
1198,20220630,2515,4,10,0.00,0.00,Central Warehouse Inventory,2026-09-06T03:34:41.453917
1199,20220630,2516,4,10,0.00,0.00,Central Warehouse Inventory,2026-09-06T03:34:41.453917
1200,20220630,2517,3,10,0.00,0.00,Central Warehouse Inventory,2026-09-06T03:34:41.453917
1201,20220630,2518,1,10,0.00,0.00,Central Warehouse Inventory,2026-09-06T03:34:41.453917
1202,20220630,2519,5,10,0.00,0.00,Central Warehouse Inventory,2026-09-06T03:34:41.453917
1203,20220630,2520,1,10,0.00,0.00,Central Warehouse Inventory,2026-09-06T03:34:41.453917
1204,20220630,2521,5,10,0.00,0.00,Central Warehouse Inventory,2026-09-06T03:34:41.453917
1205,20220630,2522,109,10,0.00,0.00,Central Warehouse Inventory,2026-09-06T03:34:41.453917
1206,20220630,2523,79,10,0.00,0.00,Central Warehouse Inventory,2026-09-06T03:34:41.453917
1207,20220630,2524,82,10,0.00,0.00,Central Warehouse Inventory,2026-09-06T03:34:41.453917
1208,20220630,2525,68,10,0.00,0.00,Central Warehouse Inventory,2026-09-06T03:34:41.453917
1209,20220630,2526,54,10,0.00,0.00,Central Warehouse Inventory,2026-09-06T03:34:41.453917
1210,20220630,2527,29,10,0.00,0.00,Central Warehouse Inventory,2026-09-06T03:34:41.453917
1211,20220630,2528,22,10,0.00,0.00,Central Warehouse Inventory,2026-09-06T03:34:41.453917
1212,20220630,2529,1,10,0.00,0.00,Central Warehouse Inventory,2026-09-06T03:34:41.453917
1213,20220630,2530,2,10,0.00,0.00,Central Warehouse Inventory,2026-09-06T03:34:41.453917
1214,20220630,2531,23,10,0.00,0.00,Central Warehouse Inventory,2026-09-06T03:34:41.453917
1215,20220630,2532,2,10,0.00,0.00,Central Warehouse Inventory,2026-09-06T03:34:41.453917
1216,20220630,2533,38,10,0.00,0.00,Central Warehouse Inventory,2026-09-06T03:34:41.453917
1217,20220630,2534,0,10,0.00,0.00,Central Warehouse Inventory,2026-09-06T03:34:41.453917
1218,20220630,2535,1,10,0.00,0.00,Central Warehouse Inventory,2026-09-06T03:34:41.453917
1219,20220630,2536,1,10,0.00,0.00,Central Warehouse Inventory,2026-09-06T03:34:41.453917
1220,20220630,2537,2,10,0.00,0.00,Central Warehouse Inventory,2026-09-06T03:34:41.453917
1221,20220630,2538,5,10,0.00,0.00,Central Warehouse Inventory,2026-09-06T03:34:41.453917
1222,20220630,2539,1,10,0.00,0.00,Central Warehouse Inventory,2026-09-06T03:34:41.453917
1223,20220630,2540,8,10,0.00,0.00,Central Warehouse Inventory,2026-09-06T03:34:41.453917
1224,20220630,2541,2,10,0.00,0.00,Central Warehouse Inventory,2026-09-06T03:34:41.453917
1225,20220630,2542,2,10,0.00,0.00,Central Warehouse Inventory,2026-09-06T03:34:41.453917
1226,20220630,2543,1,10,0.00,0.00,Central Warehouse Inventory,2026-09-06T03:34:41.453917
1227,20220630,2544,2,10,0.00,0.00,Central Warehouse Inventory,2026-09-06T03:34:41.453917
1228,20220630,2545,0,10,0.00,0.00,Central Warehouse Inventory,2026-09-06T03:34:41.453917
1229,20220630,2546,0,10,0.00,0.00,Central Warehouse Inventory,2026-09-06T03:34:41.453917
1230,20220630,2547,11,10,0.00,0.00,Central Warehouse Inventory,2026-09-06T03:34:41.453917
1231,20220630,2548,2,10,0.00,0.00,Central Warehouse Inventory,2026-09-06T03:34:41.453917
1232,20220630,2549,3,10,0.00,0.00,Central Warehouse Inventory,2026-09-06T03:34:41.453917
1233,20220630,2550,31,10,0.00,0.00,Central Warehouse Inventory,2026-09-06T03:34:41.453917
1234,20220630,2551,126,10,0.00,0.00,Central Warehouse Inventory,2026-09-06T03:34:41.453917
1235,20220630,2552,49,10,0.00,0.00,Central Warehouse Inventory,2026-09-06T03:34:41.453917
1236,20220630,2553,58,10,0.00,0.00,Central Warehouse Inventory,2026-09-06T03:34:41.453917
1237,20220630,2554,39,10,0.00,0.00,Central Warehouse Inventory,2026-09-06T03:34:41.453917
1238,20220630,2555,46,10,0.00,0.00,Central Warehouse Inventory,2026-09-06T03:34:41.453917
1239,20220630,2556,48,10,0.00,0.00,Central Warehouse Inventory,2026-09-06T03:34:41.453917
1240,20220630,2557,78,10,0.00,0.00,Central Warehouse Inventory,2026-09-06T03:34:41.453917
1241,20220630,2558,138,10,0.00,0.00,Central Warehouse Inventory,2026-09-06T03:34:41.453917
1242,20220630,2559,41,10,0.00,0.00,Central Warehouse Inventory,2026-09-06T03:34:41.453917
1243,20220630,2560,73,10,0.00,0.00,Central Warehouse Inventory,2026-09-06T03:34:41.453917
1244,20220630,2561,15,10,0.00,0.00,Central Warehouse Inventory,2026-09-06T03:34:41.453917
1245,20220630,2562,88,10,0.00,0.00,Central Warehouse Inventory,2026-09-06T03:34:41.453917
1246,20220630,2563,61,10,0.00,0.00,Central Warehouse Inventory,2026-09-06T03:34:41.453917
1247,20220630,2564,52,10,0.00,0.00,Central Warehouse Inventory,2026-09-06T03:34:41.453917
1248,20220630,2565,102,10,0.00,0.00,Central Warehouse Inventory,2026-09-06T03:34:41.453917
1249,20220630,2566,60,10,0.00,0.00,Central Warehouse Inventory,2026-09-06T03:34:41.453917
1250,20220630,2567,162,10,0.00,0.00,Central Warehouse Inventory,2026-09-06T03:34:41.453917
1251,20220630,2568,34,10,0.00,0.00,Central Warehouse Inventory,2026-09-06T03:34:41.453917
1252,20220630,2569,95,10,0.00,0.00,Central Warehouse Inventory,2026-09-06T03:34:41.453917
1253,20220630,2570,186,10,0.00,0.00,Central Warehouse Inventory,2026-09-06T03:34:41.453917
1254,20220630,2571,0,10,0.00,0.00,Central Warehouse Inventory,2026-09-06T03:34:41.453917
1255,20220630,2572,2,10,0.00,0.00,Central Warehouse Inventory,2026-09-06T03:34:41.453917
1256,20220630,2573,0,10,0.00,0.00,Central Warehouse Inventory,2026-09-06T03:34:41.453917
1257,20220630,2574,1,10,0.00,0.00,Central Warehouse Inventory,2026-09-06T03:34:41.453917
1258,20220630,2575,1,10,0.00,0.00,Central Warehouse Inventory,2026-09-06T03:34:41.453917
1259,20220630,2576,3,10,0.00,0.00,Central Warehouse Inventory,2026-09-06T03:34:41.453917
1260,20220630,2577,3,10,0.00,0.00,Central Warehouse Inventory,2026-09-06T03:34:41.453917
1261,20220630,2578,2,10,0.00,0.00,Central Warehouse Inventory,2026-09-06T03:34:41.453917
1262,20220630,2579,3,10,0.00,0.00,Central Warehouse Inventory,2026-09-06T03:34:41.453917
1263,20220630,2580,3,10,0.00,0.00,Central Warehouse Inventory,2026-09-06T03:34:41.453917
1264,20220630,2581,2,10,0.00,0.00,Central Warehouse Inventory,2026-09-06T03:34:41.453917
1265,20220630,2582,4,10,0.00,0.00,Central Warehouse Inventory,2026-09-06T03:34:41.453917
1266,20220630,2583,2,10,0.00,0.00,Central Warehouse Inventory,2026-09-06T03:34:41.453917
1267,20220630,2584,2,10,0.00,0.00,Central Warehouse Inventory,2026-09-06T03:34:41.453917
1268,20220630,2585,4,10,0.00,0.00,Central Warehouse Inventory,2026-09-06T03:34:41.453917
1269,20220630,2586,3,10,0.00,0.00,Central Warehouse Inventory,2026-09-06T03:34:41.453917
1270,20220630,2587,4,10,0.00,0.00,Central Warehouse Inventory,2026-09-06T03:34:41.453917
1271,20220630,2588,2,10,0.00,0.00,Central Warehouse Inventory,2026-09-06T03:34:41.453917
1272,20220630,2589,3,10,0.00,0.00,Central Warehouse Inventory,2026-09-06T03:34:41.453917
1273,20220630,2590,4,10,0.00,0.00,Central Warehouse Inventory,2026-09-06T03:34:41.453917
1274,20220630,2591,4,10,0.00,0.00,Central Warehouse Inventory,2026-09-06T03:34:41.453917
1275,20220630,2592,2,10,0.00,0.00,Central Warehouse Inventory,2026-09-06T03:34:41.453917
1276,20220630,2593,0,10,0.00,0.00,Central Warehouse Inventory,2026-09-06T03:34:41.453917
1277,20220630,2594,2,10,0.00,0.00,Central Warehouse Inventory,2026-09-06T03:34:41.453917
1278,20220630,2595,3,10,0.00,0.00,Central Warehouse Inventory,2026-09-06T03:34:41.453917
1279,20220630,2596,3,10,0.00,0.00,Central Warehouse Inventory,2026-09-06T03:34:41.453917
1280,20220630,2597,2,10,0.00,0.00,Central Warehouse Inventory,2026-09-06T03:34:41.453917
1281,20220630,2598,2,10,0.00,0.00,Central Warehouse Inventory,2026-09-06T03:34:41.453917
1282,20220630,2599,50,10,0.00,0.00,Central Warehouse Inventory,2026-09-06T03:34:41.453917
1283,20220630,2600,25,10,0.00,0.00,Central Warehouse Inventory,2026-09-06T03:34:41.453917
1284,20220630,2601,16,10,0.00,0.00,Central Warehouse Inventory,2026-09-06T03:34:41.453917
1285,20220630,2602,60,10,0.00,0.00,Central Warehouse Inventory,2026-09-06T03:34:41.453917
1286,20220630,2603,6,10,0.00,0.00,Central Warehouse Inventory,2026-09-06T03:34:41.453917
1287,20220630,2604,37,10,0.00,0.00,Central Warehouse Inventory,2026-09-06T03:34:41.453917
1288,20220630,2605,76,10,0.00,0.00,Central Warehouse Inventory,2026-09-06T03:34:41.453917
1289,20220630,2606,14,10,0.00,0.00,Central Warehouse Inventory,2026-09-06T03:34:41.453917
1290,20220630,2607,10,10,0.00,0.00,Central Warehouse Inventory,2026-09-06T03:34:41.453917
1291,20220630,2608,58,10,0.00,0.00,Central Warehouse Inventory,2026-09-06T03:34:41.453917
1292,20220630,2609,4,10,0.00,0.00,Central Warehouse Inventory,2026-09-06T03:34:41.453917
1293,20220630,2610,34,10,0.00,0.00,Central Warehouse Inventory,2026-09-06T03:34:41.453917
1294,20220630,2611,13,10,0.00,0.00,Central Warehouse Inventory,2026-09-06T03:34:41.453917
1295,20220630,2612,3,10,0.00,0.00,Central Warehouse Inventory,2026-09-06T03:34:41.453917
1296,20220630,2613,6,10,0.00,0.00,Central Warehouse Inventory,2026-09-06T03:34:41.453917
1297,20220630,2614,29,10,0.00,0.00,Central Warehouse Inventory,2026-09-06T03:34:41.453917
1298,20220630,2615,8,10,0.00,0.00,Central Warehouse Inventory,2026-09-06T03:34:41.453917
1299,20220630,2616,8,10,0.00,0.00,Central Warehouse Inventory,2026-09-06T03:34:41.453917
1300,20220630,2617,22,10,0.00,0.00,Central Warehouse Inventory,2026-09-06T03:34:41.453917
1301,20220630,2618,33,10,0.00,0.00,Central Warehouse Inventory,2026-09-06T03:34:41.453917
1302,20220630,2619,26,10,0.00,0.00,Central Warehouse Inventory,2026-09-06T03:34:41.453917
1303,20220630,2620,1,10,0.00,0.00,Central Warehouse Inventory,2026-09-06T03:34:41.453917
1304,20220630,2621,0,10,0.00,0.00,Central Warehouse Inventory,2026-09-06T03:34:41.453917
1305,20220630,2622,0,10,0.00,0.00,Central Warehouse Inventory,2026-09-06T03:34:41.453917
1306,20220630,2623,1,10,0.00,0.00,Central Warehouse Inventory,2026-09-06T03:34:41.453917
1307,20220630,2624,4,10,0.00,0.00,Central Warehouse Inventory,2026-09-06T03:34:41.453917
1308,20220630,2625,0,10,0.00,0.00,Central Warehouse Inventory,2026-09-06T03:34:41.453917
1309,20220630,2626,0,10,0.00,0.00,Central Warehouse Inventory,2026-09-06T03:34:41.453917
1310,20220630,2627,1,10,0.00,0.00,Central Warehouse Inventory,2026-09-06T03:34:41.453917
1311,20220630,2628,2,10,0.00,0.00,Central Warehouse Inventory,2026-09-06T03:34:41.453917
1312,20220630,2629,4,10,0.00,0.00,Central Warehouse Inventory,2026-09-06T03:34:41.453917
1313,20220630,2630,2,10,0.00,0.00,Central Warehouse Inventory,2026-09-06T03:34:41.453917
1314,20220630,2631,5,10,0.00,0.00,Central Warehouse Inventory,2026-09-06T03:34:41.453917
1315,20220630,2632,3,10,0.00,0.00,Central Warehouse Inventory,2026-09-06T03:34:41.453917
1316,20220630,2633,3,10,0.00,0.00,Central Warehouse Inventory,2026-09-06T03:34:41.453917
1317,20220630,2634,3,10,0.00,0.00,Central Warehouse Inventory,2026-09-06T03:34:41.453917
1318,20220630,2635,3,10,0.00,0.00,Central Warehouse Inventory,2026-09-06T03:34:41.453917
1319,20220630,2636,3,10,0.00,0.00,Central Warehouse Inventory,2026-09-06T03:34:41.453917
1320,20220630,2637,2,10,0.00,0.00,Central Warehouse Inventory,2026-09-06T03:34:41.453917
1321,20220630,2638,3,10,0.00,0.00,Central Warehouse Inventory,2026-09-06T03:34:41.453917
1322,20220630,2639,4,10,0.00,0.00,Central Warehouse Inventory,2026-09-06T03:34:41.453917
1323,20220630,2640,4,10,0.00,0.00,Central Warehouse Inventory,2026-09-06T03:34:41.453917
1324,20220630,2641,2,10,0.00,0.00,Central Warehouse Inventory,2026-09-06T03:34:41.453917
1325,20220630,2642,1,10,0.00,0.00,Central Warehouse Inventory,2026-09-06T03:34:41.453917
1326,20220630,2643,1,10,0.00,0.00,Central Warehouse Inventory,2026-09-06T03:34:41.453917
1327,20220630,2644,1,10,0.00,0.00,Central Warehouse Inventory,2026-09-06T03:34:41.453917
1328,20220630,2645,6,10,0.00,0.00,Central Warehouse Inventory,2026-09-06T03:34:41.453917
1329,20220630,2646,3,10,0.00,0.00,Central Warehouse Inventory,2026-09-06T03:34:41.453917
1330,20220630,2647,3,10,0.00,0.00,Central Warehouse Inventory,2026-09-06T03:34:41.453917
1331,20220630,2648,2,10,0.00,0.00,Central Warehouse Inventory,2026-09-06T03:34:41.453917
1332,20220630,2649,3,10,0.00,0.00,Central Warehouse Inventory,2026-09-06T03:34:41.453917
1333,20220630,2650,3,10,0.00,0.00,Central Warehouse Inventory,2026-09-06T03:34:41.453917
1334,20220630,2651,2,10,0.00,0.00,Central Warehouse Inventory,2026-09-06T03:34:41.453917
1335,20220630,2652,3,10,0.00,0.00,Central Warehouse Inventory,2026-09-06T03:34:41.453917
1336,20220630,2653,2,10,0.00,0.00,Central Warehouse Inventory,2026-09-06T03:34:41.453917
1337,20220630,2654,3,10,0.00,0.00,Central Warehouse Inventory,2026-09-06T03:34:41.453917
1338,20220630,2655,2,10,0.00,0.00,Central Warehouse Inventory,2026-09-06T03:34:41.453917
1339,20220630,2656,2,10,0.00,0.00,Central Warehouse Inventory,2026-09-06T03:34:41.453917
1340,20220630,2657,4,10,0.00,0.00,Central Warehouse Inventory,2026-09-06T03:34:41.453917
1341,20220630,2658,3,10,0.00,0.00,Central Warehouse Inventory,2026-09-06T03:34:41.453917
1342,20220630,2659,8,10,0.00,0.00,Central Warehouse Inventory,2026-09-06T03:34:41.453917
1343,20220630,2660,3,10,0.00,0.00,Central Warehouse Inventory,2026-09-06T03:34:41.453917
1344,20220630,2661,3,10,0.00,0.00,Central Warehouse Inventory,2026-09-06T03:34:41.453917
1345,20220630,2662,4,10,0.00,0.00,Central Warehouse Inventory,2026-09-06T03:34:41.453917
1346,20220630,2663,4,10,0.00,0.00,Central Warehouse Inventory,2026-09-06T03:34:41.453917
1347,20220630,2664,2,10,0.00,0.00,Central Warehouse Inventory,2026-09-06T03:34:41.453917
1348,20220630,2665,4,10,0.00,0.00,Central Warehouse Inventory,2026-09-06T03:34:41.453917
1349,20220630,2666,2,10,0.00,0.00,Central Warehouse Inventory,2026-09-06T03:34:41.453917
1350,20220630,2667,4,10,0.00,0.00,Central Warehouse Inventory,2026-09-06T03:34:41.453917
1351,20220630,2668,3,10,0.00,0.00,Central Warehouse Inventory,2026-09-06T03:34:41.453917
1352,20220630,2669,20,10,0.00,0.00,Central Warehouse Inventory,2026-09-06T03:34:41.453917
1353,20220630,2670,8,10,0.00,0.00,Central Warehouse Inventory,2026-09-06T03:34:41.453917
1354,20220630,2671,49,10,0.00,0.00,Central Warehouse Inventory,2026-09-06T03:34:41.453917
1355,20220630,2672,7,10,0.00,0.00,Central Warehouse Inventory,2026-09-06T03:34:41.453917
1356,20220630,2673,38,10,0.00,0.00,Central Warehouse Inventory,2026-09-06T03:34:41.453917
1357,20220630,2674,40,10,0.00,0.00,Central Warehouse Inventory,2026-09-06T03:34:41.453917
1358,20220630,2675,48,10,0.00,0.00,Central Warehouse Inventory,2026-09-06T03:34:41.453917
1359,20220630,2676,3,10,0.00,0.00,Central Warehouse Inventory,2026-09-06T03:34:41.453917
1360,20220630,2677,11,10,0.00,0.00,Central Warehouse Inventory,2026-09-06T03:34:41.453917
1361,20220630,2678,24,10,0.00,0.00,Central Warehouse Inventory,2026-09-06T03:34:41.453917
1362,20220630,2679,5,10,0.00,0.00,Central Warehouse Inventory,2026-09-06T03:34:41.453917
1363,20220630,2680,38,10,0.00,0.00,Central Warehouse Inventory,2026-09-06T03:34:41.453917
1364,20220630,2681,9,10,0.00,0.00,Central Warehouse Inventory,2026-09-06T03:34:41.453917
1365,20220630,2682,12,10,0.00,0.00,Central Warehouse Inventory,2026-09-06T03:34:41.453917
1366,20220630,2683,2,10,0.00,0.00,Central Warehouse Inventory,2026-09-06T03:34:41.453917
1367,20220630,2684,3,10,0.00,0.00,Central Warehouse Inventory,2026-09-06T03:34:41.453917
1368,20220630,2685,2,10,0.00,0.00,Central Warehouse Inventory,2026-09-06T03:34:41.453917
1369,20220630,2686,0,10,0.00,0.00,Central Warehouse Inventory,2026-09-06T03:34:41.453917
1370,20220630,2687,5,10,0.00,0.00,Central Warehouse Inventory,2026-09-06T03:34:41.453917
1371,20220630,2688,2,10,0.00,0.00,Central Warehouse Inventory,2026-09-06T03:34:41.453917
1372,20220630,2689,0,10,0.00,0.00,Central Warehouse Inventory,2026-09-06T03:34:41.453917
1373,20220630,2690,6,10,0.00,0.00,Central Warehouse Inventory,2026-09-06T03:34:41.453917
1374,20220630,2691,4,10,0.00,0.00,Central Warehouse Inventory,2026-09-06T03:34:41.453917
1375,20220630,2692,6,10,0.00,0.00,Central Warehouse Inventory,2026-09-06T03:34:41.453917
1376,20220630,2693,6,10,0.00,0.00,Central Warehouse Inventory,2026-09-06T03:34:41.453917
1377,20220630,2694,8,10,0.00,0.00,Central Warehouse Inventory,2026-09-06T03:34:41.453917
1378,20220630,2695,3,10,0.00,0.00,Central Warehouse Inventory,2026-09-06T03:34:41.453917
1379,20220630,2696,4,10,0.00,0.00,Central Warehouse Inventory,2026-09-06T03:34:41.453917
1380,20220630,2697,2,10,0.00,0.00,Central Warehouse Inventory,2026-09-06T03:34:41.453917
1381,20220630,2698,0,10,0.00,0.00,Central Warehouse Inventory,2026-09-06T03:34:41.453917
1382,20220630,2699,3,10,0.00,0.00,Central Warehouse Inventory,2026-09-06T03:34:41.453917
1383,20220630,2700,2,10,0.00,0.00,Central Warehouse Inventory,2026-09-06T03:34:41.453917
1384,20220630,2701,3,10,0.00,0.00,Central Warehouse Inventory,2026-09-06T03:34:41.453917
1385,20220630,2702,4,10,0.00,0.00,Central Warehouse Inventory,2026-09-06T03:34:41.453917
1386,20220630,2703,2,10,0.00,0.00,Central Warehouse Inventory,2026-09-06T03:34:41.453917
1387,20220630,2704,1,10,0.00,0.00,Central Warehouse Inventory,2026-09-06T03:34:41.453917
1388,20220630,2705,1,10,0.00,0.00,Central Warehouse Inventory,2026-09-06T03:34:41.453917
1389,20220630,2706,2,10,0.00,0.00,Central Warehouse Inventory,2026-09-06T03:34:41.453917
1390,20220630,2707,1,10,0.00,0.00,Central Warehouse Inventory,2026-09-06T03:34:41.453917
1391,20220630,2708,3,10,0.00,0.00,Central Warehouse Inventory,2026-09-06T03:34:41.453917
1392,20220630,2709,1,10,0.00,0.00,Central Warehouse Inventory,2026-09-06T03:34:41.453917
1393,20220630,2710,2,10,0.00,0.00,Central Warehouse Inventory,2026-09-06T03:34:41.453917
1394,20220630,2711,2,10,0.00,0.00,Central Warehouse Inventory,2026-09-06T03:34:41.453917
1395,20220630,2712,7,10,0.00,0.00,Central Warehouse Inventory,2026-09-06T03:34:41.453917
1396,20220630,2713,11,10,0.00,0.00,Central Warehouse Inventory,2026-09-06T03:34:41.453917
1397,20220630,2714,5,10,0.00,0.00,Central Warehouse Inventory,2026-09-06T03:34:41.453917
1398,20220630,2715,32,10,0.00,0.00,Central Warehouse Inventory,2026-09-06T03:34:41.453917
1399,20220630,2716,0,10,0.00,0.00,Central Warehouse Inventory,2026-09-06T03:34:41.453917
1400,20220630,2717,2,10,0.00,0.00,Central Warehouse Inventory,2026-09-06T03:34:41.453917
1401,20220630,2718,2,10,0.00,0.00,Central Warehouse Inventory,2026-09-06T03:34:41.453917
1402,20220630,2719,2,10,0.00,0.00,Central Warehouse Inventory,2026-09-06T03:34:41.453917
1403,20220630,2720,2,10,0.00,0.00,Central Warehouse Inventory,2026-09-06T03:34:41.453917
1404,20220630,2721,0,10,0.00,0.00,Central Warehouse Inventory,2026-09-06T03:34:41.453917
1405,20220630,2722,3,10,0.00,0.00,Central Warehouse Inventory,2026-09-06T03:34:41.453917
1406,20220630,2723,2,10,0.00,0.00,Central Warehouse Inventory,2026-09-06T03:34:41.453917
1407,20220630,2724,0,10,0.00,0.00,Central Warehouse Inventory,2026-09-06T03:34:41.453917
1408,20220630,2725,0,10,0.00,0.00,Central Warehouse Inventory,2026-09-06T03:34:41.453917
1409,20220630,2726,1,10,0.00,0.00,Central Warehouse Inventory,2026-09-06T03:34:41.453917
1410,20220630,2727,1,10,0.00,0.00,Central Warehouse Inventory,2026-09-06T03:34:41.453917
1411,20220630,2728,0,10,0.00,0.00,Central Warehouse Inventory,2026-09-06T03:34:41.453917
1412,20220630,2729,4,10,0.00,0.00,Central Warehouse Inventory,2026-09-06T03:34:41.453917
1413,20220630,2730,0,10,0.00,0.00,Central Warehouse Inventory,2026-09-06T03:34:41.453917
1414,20220630,2731,1,10,0.00,0.00,Central Warehouse Inventory,2026-09-06T03:34:41.453917
1415,20220630,2732,1,10,0.00,0.00,Central Warehouse Inventory,2026-09-06T03:34:41.453917
1416,20220630,2733,1,10,0.00,0.00,Central Warehouse Inventory,2026-09-06T03:34:41.453917
1417,20220630,2734,3,10,0.00,0.00,Central Warehouse Inventory,2026-09-06T03:34:41.453917
1418,20220630,2735,2,10,0.00,0.00,Central Warehouse Inventory,2026-09-06T03:34:41.453917
1419,20220630,2736,3,10,0.00,0.00,Central Warehouse Inventory,2026-09-06T03:34:41.453917
1420,20220630,2737,1,10,0.00,0.00,Central Warehouse Inventory,2026-09-06T03:34:41.453917
1421,20220630,2738,1,10,0.00,0.00,Central Warehouse Inventory,2026-09-06T03:34:41.453917
1422,20220630,2739,0,10,0.00,0.00,Central Warehouse Inventory,2026-09-06T03:34:41.453917
1423,20220630,2740,1,10,0.00,0.00,Central Warehouse Inventory,2026-09-06T03:34:41.453917
1424,20220630,2741,0,10,0.00,0.00,Central Warehouse Inventory,2026-09-06T03:34:41.453917
1425,20220630,2742,0,10,0.00,0.00,Central Warehouse Inventory,2026-09-06T03:34:41.453917
1426,20220630,2743,0,10,0.00,0.00,Central Warehouse Inventory,2026-09-06T03:34:41.453917
1427,20220630,2744,0,10,0.00,0.00,Central Warehouse Inventory,2026-09-06T03:34:41.453917
1428,20220630,2745,3,10,0.00,0.00,Central Warehouse Inventory,2026-09-06T03:34:41.453917
1429,20220630,2746,3,10,0.00,0.00,Central Warehouse Inventory,2026-09-06T03:34:41.453917
1430,20220630,2747,2,10,0.00,0.00,Central Warehouse Inventory,2026-09-06T03:34:41.453917
1431,20220630,2748,13,10,0.00,0.00,Central Warehouse Inventory,2026-09-06T03:34:41.453917
1432,20220630,2749,2,10,0.00,0.00,Central Warehouse Inventory,2026-09-06T03:34:41.453917
1433,20220630,2750,30,10,0.00,0.00,Central Warehouse Inventory,2026-09-06T03:34:41.453917
1434,20220630,2751,15,10,0.00,0.00,Central Warehouse Inventory,2026-09-06T03:34:41.453917
1435,20220630,2752,1,10,0.00,0.00,Central Warehouse Inventory,2026-09-06T03:34:41.453917
1436,20220630,2753,5,10,0.00,0.00,Central Warehouse Inventory,2026-09-06T03:34:41.453917
1437,20220630,2754,2,10,0.00,0.00,Central Warehouse Inventory,2026-09-06T03:34:41.453917
1438,20220630,2755,9,10,0.00,0.00,Central Warehouse Inventory,2026-09-06T03:34:41.453917
1439,20220630,2756,9,10,0.00,0.00,Central Warehouse Inventory,2026-09-06T03:34:41.453917
1440,20220630,2757,7,10,0.00,0.00,Central Warehouse Inventory,2026-09-06T03:34:41.453917
1441,20220630,2758,21,10,0.00,0.00,Central Warehouse Inventory,2026-09-06T03:34:41.453917
1442,20220630,2759,0,10,0.00,0.00,Central Warehouse Inventory,2026-09-06T03:34:41.453917
1443,20220630,2760,0,10,0.00,0.00,Central Warehouse Inventory,2026-09-06T03:34:41.453917
1444,20220630,2761,2,10,0.00,0.00,Central Warehouse Inventory,2026-09-06T03:34:41.453917
1445,20220630,2762,0,10,0.00,0.00,Central Warehouse Inventory,2026-09-06T03:34:41.453917
1446,20220630,2763,5,10,0.00,0.00,Central Warehouse Inventory,2026-09-06T03:34:41.453917
1447,20220630,2764,0,10,0.00,0.00,Central Warehouse Inventory,2026-09-06T03:34:41.453917
1448,20220630,2765,0,10,0.00,0.00,Central Warehouse Inventory,2026-09-06T03:34:41.453917
1449,20220630,2766,2,10,0.00,0.00,Central Warehouse Inventory,2026-09-06T03:34:41.453917
1450,20220630,2767,1,10,0.00,0.00,Central Warehouse Inventory,2026-09-06T03:34:41.453917
1451,20220630,2768,7,10,0.00,0.00,Central Warehouse Inventory,2026-09-06T03:34:41.453917
1452,20220630,2769,0,10,0.00,0.00,Central Warehouse Inventory,2026-09-06T03:34:41.453917
1453,20220630,2770,17,10,0.00,0.00,Central Warehouse Inventory,2026-09-06T03:34:41.453917
1454,20220630,2771,3,10,0.00,0.00,Central Warehouse Inventory,2026-09-06T03:34:41.453917
1455,20220630,2772,0,10,0.00,0.00,Central Warehouse Inventory,2026-09-06T03:34:41.453917
1456,20220630,2773,3,10,0.00,0.00,Central Warehouse Inventory,2026-09-06T03:34:41.453917
1457,20220630,2774,3,10,0.00,0.00,Central Warehouse Inventory,2026-09-06T03:34:41.453917
1458,20220630,2775,3,10,0.00,0.00,Central Warehouse Inventory,2026-09-06T03:34:41.453917
1459,20220630,2776,3,10,0.00,0.00,Central Warehouse Inventory,2026-09-06T03:34:41.453917
1460,20220630,2777,4,10,0.00,0.00,Central Warehouse Inventory,2026-09-06T03:34:41.453917
1461,20220630,2778,4,10,0.00,0.00,Central Warehouse Inventory,2026-09-06T03:34:41.453917
1462,20220630,2779,2,10,0.00,0.00,Central Warehouse Inventory,2026-09-06T03:34:41.453917
1463,20220630,2780,2,10,0.00,0.00,Central Warehouse Inventory,2026-09-06T03:34:41.453917
1464,20220630,2781,3,10,0.00,0.00,Central Warehouse Inventory,2026-09-06T03:34:41.453917
1465,20220630,2782,25,10,0.00,0.00,Central Warehouse Inventory,2026-09-06T03:34:41.453917
1466,20220630,2783,18,10,0.00,0.00,Central Warehouse Inventory,2026-09-06T03:34:41.453917
1467,20220630,2784,0,10,0.00,0.00,Central Warehouse Inventory,2026-09-06T03:34:41.453917
1468,20220630,2785,2,10,0.00,0.00,Central Warehouse Inventory,2026-09-06T03:34:41.453917
1469,20220630,2786,3,10,0.00,0.00,Central Warehouse Inventory,2026-09-06T03:34:41.453917
1470,20220630,2787,4,10,0.00,0.00,Central Warehouse Inventory,2026-09-06T03:34:41.453917
1471,20220630,2788,3,10,0.00,0.00,Central Warehouse Inventory,2026-09-06T03:34:41.453917
1472,20220630,2789,6,10,0.00,0.00,Central Warehouse Inventory,2026-09-06T03:34:41.453917
1473,20220630,2790,21,10,0.00,0.00,Central Warehouse Inventory,2026-09-06T03:34:41.453917
1474,20220630,2791,2,10,0.00,0.00,Central Warehouse Inventory,2026-09-06T03:34:41.453917
1475,20220630,2792,2,10,0.00,0.00,Central Warehouse Inventory,2026-09-06T03:34:41.453917
1476,20220630,2793,3,10,0.00,0.00,Central Warehouse Inventory,2026-09-06T03:34:41.453917
1477,20220630,2794,1,10,0.00,0.00,Central Warehouse Inventory,2026-09-06T03:34:41.453917
1478,20220630,2795,0,10,0.00,0.00,Central Warehouse Inventory,2026-09-06T03:34:41.453917
1479,20220630,2796,1,10,0.00,0.00,Central Warehouse Inventory,2026-09-06T03:34:41.453917
1480,20220630,2797,2,10,0.00,0.00,Central Warehouse Inventory,2026-09-06T03:34:41.453917
1481,20220630,2798,2,10,0.00,0.00,Central Warehouse Inventory,2026-09-06T03:34:41.453917
1482,20220630,2799,2,10,0.00,0.00,Central Warehouse Inventory,2026-09-06T03:34:41.453917
1483,20220630,2800,2,10,0.00,0.00,Central Warehouse Inventory,2026-09-06T03:34:41.453917
1484,20220630,2801,2,10,0.00,0.00,Central Warehouse Inventory,2026-09-06T03:34:41.453917
1485,20220630,2802,2,10,0.00,0.00,Central Warehouse Inventory,2026-09-06T03:34:41.453917
1486,20220630,2803,13,10,0.00,0.00,Central Warehouse Inventory,2026-09-06T03:34:41.453917
1487,20220630,2804,2,10,0.00,0.00,Central Warehouse Inventory,2026-09-06T03:34:41.453917
1488,20220630,2805,62,10,0.00,0.00,Central Warehouse Inventory,2026-09-06T03:34:41.453917
1489,20220630,2806,20,10,0.00,0.00,Central Warehouse Inventory,2026-09-06T03:34:41.453917
1490,20220630,2807,11,10,0.00,0.00,Central Warehouse Inventory,2026-09-06T03:34:41.453917
1491,20220630,2808,9,10,0.00,0.00,Central Warehouse Inventory,2026-09-06T03:34:41.453917
1492,20220630,2809,5,10,0.00,0.00,Central Warehouse Inventory,2026-09-06T03:34:41.453917
1493,20220630,2810,51,10,0.00,0.00,Central Warehouse Inventory,2026-09-06T03:34:41.453917
1494,20220630,2811,48,10,0.00,0.00,Central Warehouse Inventory,2026-09-06T03:34:41.453917
1495,20220630,2812,9,10,0.00,0.00,Central Warehouse Inventory,2026-09-06T03:34:41.453917
1496,20220630,2813,27,10,0.00,0.00,Central Warehouse Inventory,2026-09-06T03:34:41.453917
1497,20220630,2814,4,10,0.00,0.00,Central Warehouse Inventory,2026-09-06T03:34:41.453917
1498,20220630,2815,43,10,0.00,0.00,Central Warehouse Inventory,2026-09-06T03:34:41.453917
1499,20220630,2816,73,10,0.00,0.00,Central Warehouse Inventory,2026-09-06T03:34:41.453917
1500,20220630,2817,30,10,0.00,0.00,Central Warehouse Inventory,2026-09-06T03:34:41.453917
1501,20220630,2818,78,10,0.00,0.00,Central Warehouse Inventory,2026-09-06T03:34:41.453917
1502,20220630,2819,10,10,0.00,0.00,Central Warehouse Inventory,2026-09-06T03:34:41.453917
1503,20220630,2820,33,10,0.00,0.00,Central Warehouse Inventory,2026-09-06T03:34:41.453917
1504,20220630,2821,39,10,0.00,0.00,Central Warehouse Inventory,2026-09-06T03:34:41.453917
1505,20220630,2822,3,10,0.00,0.00,Central Warehouse Inventory,2026-09-06T03:34:41.453917
1506,20220630,2823,2,10,0.00,0.00,Central Warehouse Inventory,2026-09-06T03:34:41.453917
1507,20220630,2824,4,10,0.00,0.00,Central Warehouse Inventory,2026-09-06T03:34:41.453917
1508,20220630,2825,3,10,0.00,0.00,Central Warehouse Inventory,2026-09-06T03:34:41.453917
1509,20220630,2826,28,10,0.00,0.00,Central Warehouse Inventory,2026-09-06T03:34:41.453917
1510,20220630,2827,1,10,0.00,0.00,Central Warehouse Inventory,2026-09-06T03:34:41.453917
1511,20220630,2828,0,10,0.00,0.00,Central Warehouse Inventory,2026-09-06T03:34:41.453917
1512,20220630,2829,0,10,0.00,0.00,Central Warehouse Inventory,2026-09-06T03:34:41.453917
1513,20220630,2830,0,10,0.00,0.00,Central Warehouse Inventory,2026-09-06T03:34:41.453917
1514,20220630,2831,0,10,0.00,0.00,Central Warehouse Inventory,2026-09-06T03:34:41.453917
1515,20220630,2832,0,10,0.00,0.00,Central Warehouse Inventory,2026-09-06T03:34:41.453917
1516,20220630,2833,0,10,0.00,0.00,Central Warehouse Inventory,2026-09-06T03:34:41.453917
1517,20220630,2834,1,10,0.00,0.00,Central Warehouse Inventory,2026-09-06T03:34:41.453917
1518,20220630,2835,0,10,0.00,0.00,Central Warehouse Inventory,2026-09-06T03:34:41.453917
1519,20220630,2836,2,10,0.00,0.00,Central Warehouse Inventory,2026-09-06T03:34:41.453917
1520,20220630,2837,1,10,0.00,0.00,Central Warehouse Inventory,2026-09-06T03:34:41.453917
1521,20220630,2838,1,10,0.00,0.00,Central Warehouse Inventory,2026-09-06T03:34:41.453917
1522,20220630,2839,2,10,0.00,0.00,Central Warehouse Inventory,2026-09-06T03:34:41.453917
1523,20220630,2840,4,10,0.00,0.00,Central Warehouse Inventory,2026-09-06T03:34:41.453917
1524,20220630,2841,4,10,0.00,0.00,Central Warehouse Inventory,2026-09-06T03:34:41.453917
1525,20220630,2842,2,10,0.00,0.00,Central Warehouse Inventory,2026-09-06T03:34:41.453917
1526,20220630,2843,38,10,0.00,0.00,Central Warehouse Inventory,2026-09-06T03:34:41.453917
1527,20220630,2844,40,10,0.00,0.00,Central Warehouse Inventory,2026-09-06T03:34:41.453917
1528,20220630,2845,46,10,0.00,0.00,Central Warehouse Inventory,2026-09-06T03:34:41.453917
1529,20220630,2846,37,10,0.00,0.00,Central Warehouse Inventory,2026-09-06T03:34:41.453917
1530,20220630,2847,50,10,0.00,0.00,Central Warehouse Inventory,2026-09-06T03:34:41.453917
1531,20220630,2848,33,10,0.00,0.00,Central Warehouse Inventory,2026-09-06T03:34:41.453917
1532,20220630,2849,18,10,0.00,0.00,Central Warehouse Inventory,2026-09-06T03:34:41.453917
1533,20220630,2850,143,10,0.00,0.00,Central Warehouse Inventory,2026-09-06T03:34:41.453917
1534,20220630,2851,145,10,0.00,0.00,Central Warehouse Inventory,2026-09-06T03:34:41.453917
1535,20220630,2852,112,10,0.00,0.00,Central Warehouse Inventory,2026-09-06T03:34:41.453917
1536,20220630,2853,91,10,0.00,0.00,Central Warehouse Inventory,2026-09-06T03:34:41.453917
1537,20220630,2854,104,10,0.00,0.00,Central Warehouse Inventory,2026-09-06T03:34:41.453917
1538,20220630,2855,48,10,0.00,0.00,Central Warehouse Inventory,2026-09-06T03:34:41.453917
1539,20220630,2856,44,10,0.00,0.00,Central Warehouse Inventory,2026-09-06T03:34:41.453917
1540,20220630,2857,7,10,0.00,0.00,Central Warehouse Inventory,2026-09-06T03:34:41.453917
1541,20220630,2858,4,10,0.00,0.00,Central Warehouse Inventory,2026-09-06T03:34:41.453917
1542,20220630,2859,20,10,0.00,0.00,Central Warehouse Inventory,2026-09-06T03:34:41.453917
1543,20220630,2860,6,10,0.00,0.00,Central Warehouse Inventory,2026-09-06T03:34:41.453917
1544,20220630,2861,45,10,0.00,0.00,Central Warehouse Inventory,2026-09-06T03:34:41.453917
1545,20220630,2862,4,10,0.00,0.00,Central Warehouse Inventory,2026-09-06T03:34:41.453917
1546,20220630,2863,4,10,0.00,0.00,Central Warehouse Inventory,2026-09-06T03:34:41.453917
1547,20220630,2864,3,10,0.00,0.00,Central Warehouse Inventory,2026-09-06T03:34:41.453917
1548,20220630,2865,3,10,0.00,0.00,Central Warehouse Inventory,2026-09-06T03:34:41.453917
1549,20220630,2866,52,10,0.00,0.00,Central Warehouse Inventory,2026-09-06T03:34:41.453917
1550,20220630,2867,3,10,0.00,0.00,Central Warehouse Inventory,2026-09-06T03:34:41.453917
1551,20220630,2868,32,10,0.00,0.00,Central Warehouse Inventory,2026-09-06T03:34:41.453917
1552,20220630,2869,2,10,0.00,0.00,Central Warehouse Inventory,2026-09-06T03:34:41.453917
1553,20220630,2870,3,10,0.00,0.00,Central Warehouse Inventory,2026-09-06T03:34:41.453917
1554,20220630,2871,2,10,0.00,0.00,Central Warehouse Inventory,2026-09-06T03:34:41.453917
1555,20220630,2872,3,10,0.00,0.00,Central Warehouse Inventory,2026-09-06T03:34:41.453917
1556,20220630,2873,9,10,0.00,0.00,Central Warehouse Inventory,2026-09-06T03:34:41.453917
1557,20220630,2874,3,10,0.00,0.00,Central Warehouse Inventory,2026-09-06T03:34:41.453917
1558,20220630,2875,19,10,0.00,0.00,Central Warehouse Inventory,2026-09-06T03:34:41.453917
1559,20220630,2876,2,10,0.00,0.00,Central Warehouse Inventory,2026-09-06T03:34:41.453917
1560,20220630,2877,2,10,0.00,0.00,Central Warehouse Inventory,2026-09-06T03:34:41.453917
1561,20220630,2878,4,10,0.00,0.00,Central Warehouse Inventory,2026-09-06T03:34:41.453917
1562,20220630,2879,2,10,0.00,0.00,Central Warehouse Inventory,2026-09-06T03:34:41.453917
1563,20220630,2880,36,10,0.00,0.00,Central Warehouse Inventory,2026-09-06T03:34:41.453917
1564,20220630,2881,0,10,0.00,0.00,Central Warehouse Inventory,2026-09-06T03:34:41.453917
1565,20220630,2882,36,10,0.00,0.00,Central Warehouse Inventory,2026-09-06T03:34:41.453917
1566,20220630,2883,3,10,0.00,0.00,Central Warehouse Inventory,2026-09-06T03:34:41.453917
1567,20220630,2884,1,10,0.00,0.00,Central Warehouse Inventory,2026-09-06T03:34:41.453917
1568,20220630,2885,2,10,0.00,0.00,Central Warehouse Inventory,2026-09-06T03:34:41.453917
1569,20220630,2886,5,10,0.00,0.00,Central Warehouse Inventory,2026-09-06T03:34:41.453917
1570,20220630,2887,13,10,0.00,0.00,Central Warehouse Inventory,2026-09-06T03:34:41.453917
1571,20220630,2888,2,10,0.00,0.00,Central Warehouse Inventory,2026-09-06T03:34:41.453917
1572,20220630,2889,37,10,0.00,0.00,Central Warehouse Inventory,2026-09-06T03:34:41.453917
1573,20220630,2890,3,10,0.00,0.00,Central Warehouse Inventory,2026-09-06T03:34:41.453917
1574,20220630,2891,1,10,0.00,0.00,Central Warehouse Inventory,2026-09-06T03:34:41.453917
1575,20220630,2892,0,10,0.00,0.00,Central Warehouse Inventory,2026-09-06T03:34:41.453917
1576,20220630,2893,1,10,0.00,0.00,Central Warehouse Inventory,2026-09-06T03:34:41.453917
1577,20220630,2894,1,10,0.00,0.00,Central Warehouse Inventory,2026-09-06T03:34:41.453917
1578,20220630,2895,0,10,0.00,0.00,Central Warehouse Inventory,2026-09-06T03:34:41.453917
1579,20220630,2896,2,10,0.00,0.00,Central Warehouse Inventory,2026-09-06T03:34:41.453917
1580,20220630,2897,1,10,0.00,0.00,Central Warehouse Inventory,2026-09-06T03:34:41.453917
1581,20220630,2898,1,10,0.00,0.00,Central Warehouse Inventory,2026-09-06T03:34:41.453917
1582,20220630,2899,2,10,0.00,0.00,Central Warehouse Inventory,2026-09-06T03:34:41.453917
1583,20220630,2900,1,10,0.00,0.00,Central Warehouse Inventory,2026-09-06T03:34:41.453917
1584,20220630,2901,4,10,0.00,0.00,Central Warehouse Inventory,2026-09-06T03:34:41.453917
1585,20220630,2902,3,10,0.00,0.00,Central Warehouse Inventory,2026-09-06T03:34:41.453917
1586,20220630,2903,19,10,0.00,0.00,Central Warehouse Inventory,2026-09-06T03:34:41.453917
1587,20220630,2904,4,10,0.00,0.00,Central Warehouse Inventory,2026-09-06T03:34:41.453917
1588,20220630,2905,3,10,0.00,0.00,Central Warehouse Inventory,2026-09-06T03:34:41.453917
1589,20220630,2906,1,10,0.00,0.00,Central Warehouse Inventory,2026-09-06T03:34:41.453917
1590,20220630,2907,0,10,0.00,0.00,Central Warehouse Inventory,2026-09-06T03:34:41.453917
1591,20220630,2908,13,10,0.00,0.00,Central Warehouse Inventory,2026-09-06T03:34:41.453917
1592,20220630,2909,1,10,0.00,0.00,Central Warehouse Inventory,2026-09-06T03:34:41.453917
1593,20220630,2910,73,10,0.00,0.00,Central Warehouse Inventory,2026-09-06T03:34:41.453917
1594,20220630,2911,2,10,0.00,0.00,Central Warehouse Inventory,2026-09-06T03:34:41.453917
1595,20220630,2912,0,10,0.00,0.00,Central Warehouse Inventory,2026-09-06T03:34:41.453917
1596,20220630,2913,0,10,0.00,0.00,Central Warehouse Inventory,2026-09-06T03:34:41.453917
1597,20220630,2914,7,10,0.00,0.00,Central Warehouse Inventory,2026-09-06T03:34:41.453917
1598,20220630,2915,1,10,0.00,0.00,Central Warehouse Inventory,2026-09-06T03:34:41.453917
1599,20220630,2916,30,10,0.00,0.00,Central Warehouse Inventory,2026-09-06T03:34:41.453917
1600,20220630,2917,2,10,0.00,0.00,Central Warehouse Inventory,2026-09-06T03:34:41.453917
1601,20220630,2918,16,10,0.00,0.00,Central Warehouse Inventory,2026-09-06T03:34:41.453917
1602,20220630,2919,47,10,0.00,0.00,Central Warehouse Inventory,2026-09-06T03:34:41.453917
1603,20220630,2920,3,10,0.00,0.00,Central Warehouse Inventory,2026-09-06T03:34:41.453917
1604,20220630,2921,3,10,0.00,0.00,Central Warehouse Inventory,2026-09-06T03:34:41.453917
1605,20220630,2922,29,10,0.00,0.00,Central Warehouse Inventory,2026-09-06T03:34:41.453917
1606,20220630,2923,2,10,0.00,0.00,Central Warehouse Inventory,2026-09-06T03:34:41.453917
1607,20220630,2924,43,10,0.00,0.00,Central Warehouse Inventory,2026-09-06T03:34:41.453917
1608,20220630,2925,2,10,0.00,0.00,Central Warehouse Inventory,2026-09-06T03:34:41.453917
1609,20220630,2926,2,10,0.00,0.00,Central Warehouse Inventory,2026-09-06T03:34:41.453917
1610,20220630,2927,1,10,0.00,0.00,Central Warehouse Inventory,2026-09-06T03:34:41.453917
1611,20220630,2928,0,10,0.00,0.00,Central Warehouse Inventory,2026-09-06T03:34:41.453917
1612,20220630,2929,0,10,0.00,0.00,Central Warehouse Inventory,2026-09-06T03:34:41.453917
1613,20220630,2930,1,10,0.00,0.00,Central Warehouse Inventory,2026-09-06T03:34:41.453917
1614,20220630,2931,4,10,0.00,0.00,Central Warehouse Inventory,2026-09-06T03:34:41.453917
1615,20220630,2932,3,10,0.00,0.00,Central Warehouse Inventory,2026-09-06T03:34:41.453917
1616,20220630,2933,2,10,0.00,0.00,Central Warehouse Inventory,2026-09-06T03:34:41.453917
1617,20220630,2934,7,10,0.00,0.00,Central Warehouse Inventory,2026-09-06T03:34:41.453917
1618,20220630,2935,9,10,0.00,0.00,Central Warehouse Inventory,2026-09-06T03:34:41.453917
1619,20220630,2936,32,10,0.00,0.00,Central Warehouse Inventory,2026-09-06T03:34:41.453917
1620,20220630,2937,8,10,0.00,0.00,Central Warehouse Inventory,2026-09-06T03:34:41.453917
1621,20220630,2938,37,10,0.00,0.00,Central Warehouse Inventory,2026-09-06T03:34:41.453917
1622,20220630,2939,14,10,0.00,0.00,Central Warehouse Inventory,2026-09-06T03:34:41.453917
1623,20220630,2940,3,10,0.00,0.00,Central Warehouse Inventory,2026-09-06T03:34:41.453917
1624,20220630,2941,1,10,0.00,0.00,Central Warehouse Inventory,2026-09-06T03:34:41.453917
1625,20220630,2942,0,10,0.00,0.00,Central Warehouse Inventory,2026-09-06T03:34:41.453917
1626,20220630,2943,37,10,0.00,0.00,Central Warehouse Inventory,2026-09-06T03:34:41.453917
1627,20220630,2944,2,10,0.00,0.00,Central Warehouse Inventory,2026-09-06T03:34:41.453917
1628,20220630,2945,49,10,0.00,0.00,Central Warehouse Inventory,2026-09-06T03:34:41.453917
1629,20220630,2946,7,10,0.00,0.00,Central Warehouse Inventory,2026-09-06T03:34:41.453917
1630,20220630,2947,1,10,0.00,0.00,Central Warehouse Inventory,2026-09-06T03:34:41.453917
1631,20220630,2948,1,10,0.00,0.00,Central Warehouse Inventory,2026-09-06T03:34:41.453917
1632,20220630,2949,0,10,0.00,0.00,Central Warehouse Inventory,2026-09-06T03:34:41.453917
1633,20220630,2950,9,10,0.00,0.00,Central Warehouse Inventory,2026-09-06T03:34:41.453917
1634,20220630,2951,0,10,0.00,0.00,Central Warehouse Inventory,2026-09-06T03:34:41.453917
1635,20220630,2952,3,10,0.00,0.00,Central Warehouse Inventory,2026-09-06T03:34:41.453917
1636,20220630,2953,2,10,0.00,0.00,Central Warehouse Inventory,2026-09-06T03:34:41.453917
1637,20220630,2954,2,10,0.00,0.00,Central Warehouse Inventory,2026-09-06T03:34:41.453917
1638,20220630,2955,2,10,0.00,0.00,Central Warehouse Inventory,2026-09-06T03:34:41.453917
1639,20220630,2956,4,10,0.00,0.00,Central Warehouse Inventory,2026-09-06T03:34:41.453917
1640,20220630,2957,1,10,0.00,0.00,Central Warehouse Inventory,2026-09-06T03:34:41.453917
1641,20220630,2958,1,10,0.00,0.00,Central Warehouse Inventory,2026-09-06T03:34:41.453917
1642,20220630,2959,2,10,0.00,0.00,Central Warehouse Inventory,2026-09-06T03:34:41.453917
1643,20220630,2960,1,10,0.00,0.00,Central Warehouse Inventory,2026-09-06T03:34:41.453917
1644,20220630,2961,1,10,0.00,0.00,Central Warehouse Inventory,2026-09-06T03:34:41.453917
1645,20220630,2962,10,10,0.00,0.00,Central Warehouse Inventory,2026-09-06T03:34:41.453917
1646,20220630,2963,5,10,0.00,0.00,Central Warehouse Inventory,2026-09-06T03:34:41.453917
1647,20220630,2964,4,10,0.00,0.00,Central Warehouse Inventory,2026-09-06T03:34:41.453917
1648,20220630,2965,6,10,0.00,0.00,Central Warehouse Inventory,2026-09-06T03:34:41.453917
1649,20220630,2966,18,10,0.00,0.00,Central Warehouse Inventory,2026-09-06T03:34:41.453917
1650,20220630,2967,7,10,0.00,0.00,Central Warehouse Inventory,2026-09-06T03:34:41.453917
1651,20220630,2968,6,10,0.00,0.00,Central Warehouse Inventory,2026-09-06T03:34:41.453917
1652,20220630,2969,1,10,0.00,0.00,Central Warehouse Inventory,2026-09-06T03:34:41.453917
1653,20220630,2970,1,10,0.00,0.00,Central Warehouse Inventory,2026-09-06T03:34:41.453917
1654,20220630,2971,3,10,0.00,0.00,Central Warehouse Inventory,2026-09-06T03:34:41.453917
1655,20220630,2972,2,10,0.00,0.00,Central Warehouse Inventory,2026-09-06T03:34:41.453917
1656,20220630,2973,4,10,0.00,0.00,Central Warehouse Inventory,2026-09-06T03:34:41.453917
1657,20220630,2974,2,10,0.00,0.00,Central Warehouse Inventory,2026-09-06T03:34:41.453917
1658,20220630,2975,2,10,0.00,0.00,Central Warehouse Inventory,2026-09-06T03:34:41.453917
1659,20220630,2976,3,10,0.00,0.00,Central Warehouse Inventory,2026-09-06T03:34:41.453917
1660,20220630,2977,4,10,0.00,0.00,Central Warehouse Inventory,2026-09-06T03:34:41.453917
1661,20220630,2978,18,10,0.00,0.00,Central Warehouse Inventory,2026-09-06T03:34:41.453917
1662,20220630,2979,3,10,0.00,0.00,Central Warehouse Inventory,2026-09-06T03:34:41.453917
1663,20220630,2980,22,10,0.00,0.00,Central Warehouse Inventory,2026-09-06T03:34:41.453917
1664,20220630,2981,2,10,0.00,0.00,Central Warehouse Inventory,2026-09-06T03:34:41.453917
1665,20220630,2982,1,10,0.00,0.00,Central Warehouse Inventory,2026-09-06T03:34:41.453917
1666,20220630,2983,2,10,0.00,0.00,Central Warehouse Inventory,2026-09-06T03:34:41.453917
1667,20220630,2984,0,10,0.00,0.00,Central Warehouse Inventory,2026-09-06T03:34:41.453917
1668,20220630,2985,0,10,0.00,0.00,Central Warehouse Inventory,2026-09-06T03:34:41.453917
1669,20220630,2986,1,10,0.00,0.00,Central Warehouse Inventory,2026-09-06T03:34:41.453917
1670,20220630,2987,2,10,0.00,0.00,Central Warehouse Inventory,2026-09-06T03:34:41.453917
1671,20220630,2988,1,10,0.00,0.00,Central Warehouse Inventory,2026-09-06T03:34:41.453917
1672,20220630,2989,0,10,0.00,0.00,Central Warehouse Inventory,2026-09-06T03:34:41.453917
1673,20220630,2990,1,10,0.00,0.00,Central Warehouse Inventory,2026-09-06T03:34:41.453917
1674,20220630,2991,0,10,0.00,0.00,Central Warehouse Inventory,2026-09-06T03:34:41.453917
1675,20220630,2992,2,10,0.00,0.00,Central Warehouse Inventory,2026-09-06T03:34:41.453917
1676,20220630,2993,1,10,0.00,0.00,Central Warehouse Inventory,2026-09-06T03:34:41.453917
1677,20220630,2994,0,10,0.00,0.00,Central Warehouse Inventory,2026-09-06T03:34:41.453917
1678,20220630,2995,0,10,0.00,0.00,Central Warehouse Inventory,2026-09-06T03:34:41.453917
1679,20220630,2996,0,10,0.00,0.00,Central Warehouse Inventory,2026-09-06T03:34:41.453917
1680,20220630,2997,4,10,0.00,0.00,Central Warehouse Inventory,2026-09-06T03:34:41.453917
1681,20220630,2998,3,10,0.00,0.00,Central Warehouse Inventory,2026-09-06T03:34:41.453917
1682,20220630,2999,5,10,0.00,0.00,Central Warehouse Inventory,2026-09-06T03:34:41.453917
1683,20220630,3000,8,10,0.00,0.00,Central Warehouse Inventory,2026-09-06T03:34:41.453917
1684,20220630,3001,7,10,0.00,0.00,Central Warehouse Inventory,2026-09-06T03:34:41.453917
1685,20220630,3002,2,10,0.00,0.00,Central Warehouse Inventory,2026-09-06T03:34:41.453917
1686,20220630,3003,5,10,0.00,0.00,Central Warehouse Inventory,2026-09-06T03:34:41.453917
1687,20220630,3004,2,10,0.00,0.00,Central Warehouse Inventory,2026-09-06T03:34:41.453917
1688,20220630,3005,2,10,0.00,0.00,Central Warehouse Inventory,2026-09-06T03:34:41.453917
1689,20220630,3006,6,10,0.00,0.00,Central Warehouse Inventory,2026-09-06T03:34:41.453917
1690,20220630,3007,0,10,0.00,0.00,Central Warehouse Inventory,2026-09-06T03:34:41.453917
1691,20220630,3008,8,10,0.00,0.00,Central Warehouse Inventory,2026-09-06T03:34:41.453917
1692,20220630,3009,1,10,0.00,0.00,Central Warehouse Inventory,2026-09-06T03:34:41.453917
1693,20220630,3010,0,10,0.00,0.00,Central Warehouse Inventory,2026-09-06T03:34:41.453917
1694,20220630,3011,0,10,0.00,0.00,Central Warehouse Inventory,2026-09-06T03:34:41.453917
1695,20220630,3012,2,10,0.00,0.00,Central Warehouse Inventory,2026-09-06T03:34:41.453917
1696,20220630,3013,2,10,0.00,0.00,Central Warehouse Inventory,2026-09-06T03:34:41.453917
1697,20220630,3014,5,10,0.00,0.00,Central Warehouse Inventory,2026-09-06T03:34:41.453917
1698,20220630,3015,6,10,0.00,0.00,Central Warehouse Inventory,2026-09-06T03:34:41.453917
1699,20220630,3016,2,10,0.00,0.00,Central Warehouse Inventory,2026-09-06T03:34:41.453917
1700,20220630,3017,2,10,0.00,0.00,Central Warehouse Inventory,2026-09-06T03:34:41.453917
1701,20220630,3018,0,10,0.00,0.00,Central Warehouse Inventory,2026-09-06T03:34:41.453917
1702,20220630,3019,9,10,0.00,0.00,Central Warehouse Inventory,2026-09-06T03:34:41.453917
1703,20220630,3020,1,10,0.00,0.00,Central Warehouse Inventory,2026-09-06T03:34:41.453917
1704,20220630,3021,19,10,0.00,0.00,Central Warehouse Inventory,2026-09-06T03:34:41.453917
1705,20220630,3022,5,10,0.00,0.00,Central Warehouse Inventory,2026-09-06T03:34:41.453917
1706,20220630,3023,0,10,0.00,0.00,Central Warehouse Inventory,2026-09-06T03:34:41.453917
1707,20220630,3024,2,10,0.00,0.00,Central Warehouse Inventory,2026-09-06T03:34:41.453917
1708,20220630,3025,2,10,0.00,0.00,Central Warehouse Inventory,2026-09-06T03:34:41.453917
1709,20220630,3026,3,10,0.00,0.00,Central Warehouse Inventory,2026-09-06T03:34:41.453917
1710,20220630,3027,2,10,0.00,0.00,Central Warehouse Inventory,2026-09-06T03:34:41.453917
1711,20220630,3028,0,10,0.00,0.00,Central Warehouse Inventory,2026-09-06T03:34:41.453917
1712,20220630,3029,3,10,0.00,0.00,Central Warehouse Inventory,2026-09-06T03:34:41.453917
1713,20220630,3030,1,10,0.00,0.00,Central Warehouse Inventory,2026-09-06T03:34:41.453917
1714,20220630,3031,10,10,0.00,0.00,Central Warehouse Inventory,2026-09-06T03:34:41.453917
1715,20220630,3032,68,10,0.00,0.00,Central Warehouse Inventory,2026-09-06T03:34:41.453917
1716,20220630,3033,37,10,0.00,0.00,Central Warehouse Inventory,2026-09-06T03:34:41.453917
1717,20220630,3034,12,10,0.00,0.00,Central Warehouse Inventory,2026-09-06T03:34:41.453917
1718,20220630,3035,37,10,0.00,0.00,Central Warehouse Inventory,2026-09-06T03:34:41.453917
1719,20220630,3036,23,10,0.00,0.00,Central Warehouse Inventory,2026-09-06T03:34:41.453917
1720,20220630,3037,4,10,0.00,0.00,Central Warehouse Inventory,2026-09-06T03:34:41.453917
1721,20220630,3038,1,10,0.00,0.00,Central Warehouse Inventory,2026-09-06T03:34:41.453917
1722,20220630,3039,2,10,0.00,0.00,Central Warehouse Inventory,2026-09-06T03:34:41.453917
1723,20220630,3040,16,10,0.00,0.00,Central Warehouse Inventory,2026-09-06T03:34:41.453917
1724,20220630,3041,1,10,0.00,0.00,Central Warehouse Inventory,2026-09-06T03:34:41.453917
1725,20220630,3042,52,10,0.00,0.00,Central Warehouse Inventory,2026-09-06T03:34:41.453917
1726,20220630,3043,1,10,0.00,0.00,Central Warehouse Inventory,2026-09-06T03:34:41.453917
1727,20220630,3044,3,10,0.00,0.00,Central Warehouse Inventory,2026-09-06T03:34:41.453917
1728,20220630,3045,1,10,0.00,0.00,Central Warehouse Inventory,2026-09-06T03:34:41.453917
1729,20220630,3046,0,10,0.00,0.00,Central Warehouse Inventory,2026-09-06T03:34:41.453917
1730,20220630,3047,3,10,0.00,0.00,Central Warehouse Inventory,2026-09-06T03:34:41.453917
1731,20220630,3048,5,10,0.00,0.00,Central Warehouse Inventory,2026-09-06T03:34:41.453917
1732,20220630,3049,1,10,0.00,0.00,Central Warehouse Inventory,2026-09-06T03:34:41.453917
1733,20220630,3050,1,10,0.00,0.00,Central Warehouse Inventory,2026-09-06T03:34:41.453917
1734,20220630,3051,2,10,0.00,0.00,Central Warehouse Inventory,2026-09-06T03:34:41.453917
1735,20220630,3052,2,10,0.00,0.00,Central Warehouse Inventory,2026-09-06T03:34:41.453917
1736,20220630,3053,2,10,0.00,0.00,Central Warehouse Inventory,2026-09-06T03:34:41.453917
1737,20220630,3054,1,10,0.00,0.00,Central Warehouse Inventory,2026-09-06T03:34:41.453917
1738,20220630,3055,3,10,0.00,0.00,Central Warehouse Inventory,2026-09-06T03:34:41.453917
1739,20220630,3056,0,10,0.00,0.00,Central Warehouse Inventory,2026-09-06T03:34:41.453917
1740,20220630,3057,4,10,0.00,0.00,Central Warehouse Inventory,2026-09-06T03:34:41.453917
1741,20220630,3058,2,10,0.00,0.00,Central Warehouse Inventory,2026-09-06T03:34:41.453917
1742,20220630,3059,1,10,0.00,0.00,Central Warehouse Inventory,2026-09-06T03:34:41.453917
1743,20220630,3060,5,10,0.00,0.00,Central Warehouse Inventory,2026-09-06T03:34:41.453917
1744,20220630,3061,12,10,0.00,0.00,Central Warehouse Inventory,2026-09-06T03:34:41.453917
1745,20220630,3062,5,10,0.00,0.00,Central Warehouse Inventory,2026-09-06T03:34:41.453917
1746,20220630,3063,28,10,0.00,0.00,Central Warehouse Inventory,2026-09-06T03:34:41.453917
1747,20220630,3064,3,10,0.00,0.00,Central Warehouse Inventory,2026-09-06T03:34:41.453917
1748,20220630,3065,2,10,0.00,0.00,Central Warehouse Inventory,2026-09-06T03:34:41.453917
1749,20220630,3066,71,10,0.00,0.00,Central Warehouse Inventory,2026-09-06T03:34:41.453917
1750,20220630,3067,50,10,0.00,0.00,Central Warehouse Inventory,2026-09-06T03:34:41.453917
1751,20220630,3068,20,10,0.00,0.00,Central Warehouse Inventory,2026-09-06T03:34:41.453917
1752,20220630,3069,20,10,0.00,0.00,Central Warehouse Inventory,2026-09-06T03:34:41.453917
1753,20220630,3070,11,10,0.00,0.00,Central Warehouse Inventory,2026-09-06T03:34:41.453917
1754,20220630,3071,9,10,0.00,0.00,Central Warehouse Inventory,2026-09-06T03:34:41.453917
1755,20220630,3072,9,10,0.00,0.00,Central Warehouse Inventory,2026-09-06T03:34:41.453917
1756,20220630,3073,1,10,0.00,0.00,Central Warehouse Inventory,2026-09-06T03:34:41.453917
1757,20220630,3074,3,10,0.00,0.00,Central Warehouse Inventory,2026-09-06T03:34:41.453917
1758,20220630,3075,5,10,0.00,0.00,Central Warehouse Inventory,2026-09-06T03:34:41.453917
1759,20220630,3076,6,10,0.00,0.00,Central Warehouse Inventory,2026-09-06T03:34:41.453917
1760,20220630,3077,33,10,0.00,0.00,Central Warehouse Inventory,2026-09-06T03:34:41.453917
1761,20220630,3078,2,10,0.00,0.00,Central Warehouse Inventory,2026-09-06T03:34:41.453917
1762,20220630,3079,3,10,0.00,0.00,Central Warehouse Inventory,2026-09-06T03:34:41.453917
1763,20220630,3080,2,10,0.00,0.00,Central Warehouse Inventory,2026-09-06T03:34:41.453917
1764,20220630,3081,2,10,0.00,0.00,Central Warehouse Inventory,2026-09-06T03:34:41.453917
1765,20220630,3082,5,10,0.00,0.00,Central Warehouse Inventory,2026-09-06T03:34:41.453917
1766,20220630,3083,2,10,0.00,0.00,Central Warehouse Inventory,2026-09-06T03:34:41.453917
1767,20220630,3084,29,10,0.00,0.00,Central Warehouse Inventory,2026-09-06T03:34:41.453917
1768,20220630,3085,4,10,0.00,0.00,Central Warehouse Inventory,2026-09-06T03:34:41.453917
1769,20220630,3086,14,10,0.00,0.00,Central Warehouse Inventory,2026-09-06T03:34:41.453917
1770,20220630,3087,21,10,0.00,0.00,Central Warehouse Inventory,2026-09-06T03:34:41.453917
1771,20220630,3088,27,10,0.00,0.00,Central Warehouse Inventory,2026-09-06T03:34:41.453917
1772,20220630,3089,3,10,0.00,0.00,Central Warehouse Inventory,2026-09-06T03:34:41.453917
1773,20220630,3090,49,10,0.00,0.00,Central Warehouse Inventory,2026-09-06T03:34:41.453917
1774,20220630,3091,4,10,0.00,0.00,Central Warehouse Inventory,2026-09-06T03:34:41.453917
1775,20220630,3092,7,10,0.00,0.00,Central Warehouse Inventory,2026-09-06T03:34:41.453917
1776,20220630,3093,5,10,0.00,0.00,Central Warehouse Inventory,2026-09-06T03:34:41.453917
1777,20220630,3094,2,10,0.00,0.00,Central Warehouse Inventory,2026-09-06T03:34:41.453917
1778,20220630,3095,2,10,0.00,0.00,Central Warehouse Inventory,2026-09-06T03:34:41.453917
1779,20220630,3096,2,10,0.00,0.00,Central Warehouse Inventory,2026-09-06T03:34:41.453917
1780,20220630,3097,2,10,0.00,0.00,Central Warehouse Inventory,2026-09-06T03:34:41.453917
1781,20220630,3098,4,10,0.00,0.00,Central Warehouse Inventory,2026-09-06T03:34:41.453917
1782,20220630,3099,4,10,0.00,0.00,Central Warehouse Inventory,2026-09-06T03:34:41.453917
1783,20220630,3100,4,10,0.00,0.00,Central Warehouse Inventory,2026-09-06T03:34:41.453917
1784,20220630,3101,4,10,0.00,0.00,Central Warehouse Inventory,2026-09-06T03:34:41.453917
1785,20220630,3102,4,10,0.00,0.00,Central Warehouse Inventory,2026-09-06T03:34:41.453917
1786,20220630,3103,3,10,0.00,0.00,Central Warehouse Inventory,2026-09-06T03:34:41.453917
1787,20220630,3104,3,10,0.00,0.00,Central Warehouse Inventory,2026-09-06T03:34:41.453917
1788,20220630,3105,4,10,0.00,0.00,Central Warehouse Inventory,2026-09-06T03:34:41.453917
1789,20220630,3106,3,10,0.00,0.00,Central Warehouse Inventory,2026-09-06T03:34:41.453917
1790,20220630,3107,6,10,0.00,0.00,Central Warehouse Inventory,2026-09-06T03:34:41.453917
1791,20220630,3108,3,10,0.00,0.00,Central Warehouse Inventory,2026-09-06T03:34:41.453917
1792,20220630,3109,2,10,0.00,0.00,Central Warehouse Inventory,2026-09-06T03:34:41.453917
1793,20220630,3110,5,10,0.00,0.00,Central Warehouse Inventory,2026-09-06T03:34:41.453917
1794,20220630,3111,2,10,0.00,0.00,Central Warehouse Inventory,2026-09-06T03:34:41.453917
1795,20220630,3112,17,10,0.00,0.00,Central Warehouse Inventory,2026-09-06T03:34:41.453917
1796,20220630,3113,7,10,0.00,0.00,Central Warehouse Inventory,2026-09-06T03:34:41.453917
1797,20220630,3114,4,10,0.00,0.00,Central Warehouse Inventory,2026-09-06T03:34:41.453917
1798,20220630,3115,2,10,0.00,0.00,Central Warehouse Inventory,2026-09-06T03:34:41.453917
1799,20220630,3116,0,10,0.00,0.00,Central Warehouse Inventory,2026-09-06T03:34:41.453917
1800,20220630,3117,4,10,0.00,0.00,Central Warehouse Inventory,2026-09-06T03:34:41.453917
1801,20220630,3118,2,10,0.00,0.00,Central Warehouse Inventory,2026-09-06T03:34:41.453917
1802,20220630,3119,2,10,0.00,0.00,Central Warehouse Inventory,2026-09-06T03:34:41.453917
1803,20220630,3120,2,10,0.00,0.00,Central Warehouse Inventory,2026-09-06T03:34:41.453917
1804,20220630,3121,3,10,0.00,0.00,Central Warehouse Inventory,2026-09-06T03:34:41.453917
1805,20220630,3122,1,10,0.00,0.00,Central Warehouse Inventory,2026-09-06T03:34:41.453917
1806,20220630,3123,1,10,0.00,0.00,Central Warehouse Inventory,2026-09-06T03:34:41.453917
1807,20220630,3124,3,10,0.00,0.00,Central Warehouse Inventory,2026-09-06T03:34:41.453917
1808,20220630,3125,2,10,0.00,0.00,Central Warehouse Inventory,2026-09-06T03:34:41.453917
1809,20220630,3126,5,10,0.00,0.00,Central Warehouse Inventory,2026-09-06T03:34:41.453917
1810,20220630,3127,4,10,0.00,0.00,Central Warehouse Inventory,2026-09-06T03:34:41.453917
1811,20220630,3128,7,10,0.00,0.00,Central Warehouse Inventory,2026-09-06T03:34:41.453917
1812,20220630,3129,2,10,0.00,0.00,Central Warehouse Inventory,2026-09-06T03:34:41.453917
1813,20220630,3130,2,10,0.00,0.00,Central Warehouse Inventory,2026-09-06T03:34:41.453917
1814,20220630,3131,5,10,0.00,0.00,Central Warehouse Inventory,2026-09-06T03:34:41.453917
1815,20220630,3132,4,10,0.00,0.00,Central Warehouse Inventory,2026-09-06T03:34:41.453917
1816,20220630,3133,7,10,0.00,0.00,Central Warehouse Inventory,2026-09-06T03:34:41.453917
1817,20220630,3134,6,10,0.00,0.00,Central Warehouse Inventory,2026-09-06T03:34:41.453917
1818,20220630,3135,3,10,0.00,0.00,Central Warehouse Inventory,2026-09-06T03:34:41.453917
1819,20220630,3136,14,10,0.00,0.00,Central Warehouse Inventory,2026-09-06T03:34:41.453917
1820,20220630,3137,20,10,0.00,0.00,Central Warehouse Inventory,2026-09-06T03:34:41.453917
1821,20220630,3138,33,10,0.00,0.00,Central Warehouse Inventory,2026-09-06T03:34:41.453917
1822,20220630,3139,35,10,0.00,0.00,Central Warehouse Inventory,2026-09-06T03:34:41.453917
1823,20220630,3140,13,10,0.00,0.00,Central Warehouse Inventory,2026-09-06T03:34:41.453917
1824,20220630,3141,1,10,0.00,0.00,Central Warehouse Inventory,2026-09-06T03:34:41.453917
1825,20220630,3142,10,10,0.00,0.00,Central Warehouse Inventory,2026-09-06T03:34:41.453917
1826,20220630,3143,2,10,0.00,0.00,Central Warehouse Inventory,2026-09-06T03:34:41.453917
1827,20220630,3144,5,10,0.00,0.00,Central Warehouse Inventory,2026-09-06T03:34:41.453917
1828,20220630,3145,9,10,0.00,0.00,Central Warehouse Inventory,2026-09-06T03:34:41.453917
1829,20220630,3146,2,10,0.00,0.00,Central Warehouse Inventory,2026-09-06T03:34:41.453917
1830,20220630,3147,35,10,0.00,0.00,Central Warehouse Inventory,2026-09-06T03:34:41.453917
1831,20220630,3148,3,10,0.00,0.00,Central Warehouse Inventory,2026-09-06T03:34:41.453917
1832,20220630,3149,9,10,0.00,0.00,Central Warehouse Inventory,2026-09-06T03:34:41.453917
1833,20220630,3150,26,10,0.00,0.00,Central Warehouse Inventory,2026-09-06T03:34:41.453917
1834,20220630,3151,43,10,0.00,0.00,Central Warehouse Inventory,2026-09-06T03:34:41.453917
1835,20220630,3152,49,10,0.00,0.00,Central Warehouse Inventory,2026-09-06T03:34:41.453917
1836,20220630,3153,12,10,0.00,0.00,Central Warehouse Inventory,2026-09-06T03:34:41.453917
1837,20220630,3154,25,10,0.00,0.00,Central Warehouse Inventory,2026-09-06T03:34:41.453917
1838,20220630,3155,19,10,0.00,0.00,Central Warehouse Inventory,2026-09-06T03:34:41.453917
1839,20220630,3156,32,10,0.00,0.00,Central Warehouse Inventory,2026-09-06T03:34:41.453917
1840,20220630,3157,3,10,0.00,0.00,Central Warehouse Inventory,2026-09-06T03:34:41.453917
1841,20220630,3158,2,10,0.00,0.00,Central Warehouse Inventory,2026-09-06T03:34:41.453917
1842,20220630,3159,3,10,0.00,0.00,Central Warehouse Inventory,2026-09-06T03:34:41.453917
1843,20220630,3160,5,10,0.00,0.00,Central Warehouse Inventory,2026-09-06T03:34:41.453917
1844,20220630,3161,6,10,0.00,0.00,Central Warehouse Inventory,2026-09-06T03:34:41.453917
1845,20220630,3162,7,10,0.00,0.00,Central Warehouse Inventory,2026-09-06T03:34:41.453917
1846,20220630,3163,4,10,0.00,0.00,Central Warehouse Inventory,2026-09-06T03:34:41.453917
1847,20220630,3164,11,10,0.00,0.00,Central Warehouse Inventory,2026-09-06T03:34:41.453917
1848,20220630,3165,14,10,0.00,0.00,Central Warehouse Inventory,2026-09-06T03:34:41.453917
1849,20220630,3166,6,10,0.00,0.00,Central Warehouse Inventory,2026-09-06T03:34:41.453917
1850,20220630,3167,17,10,0.00,0.00,Central Warehouse Inventory,2026-09-06T03:34:41.453917
1851,20220630,3168,8,10,0.00,0.00,Central Warehouse Inventory,2026-09-06T03:34:41.453917
1852,20220630,3169,24,10,0.00,0.00,Central Warehouse Inventory,2026-09-06T03:34:41.453917
1853,20220630,3170,3,10,0.00,0.00,Central Warehouse Inventory,2026-09-06T03:34:41.453917
1854,20220630,3171,9,10,0.00,0.00,Central Warehouse Inventory,2026-09-06T03:34:41.453917
1855,20220630,3172,22,10,0.00,0.00,Central Warehouse Inventory,2026-09-06T03:34:41.453917
1856,20220630,3173,33,10,0.00,0.00,Central Warehouse Inventory,2026-09-06T03:34:41.453917
1857,20220630,3174,5,10,0.00,0.00,Central Warehouse Inventory,2026-09-06T03:34:41.453917
1858,20220630,3175,34,10,0.00,0.00,Central Warehouse Inventory,2026-09-06T03:34:41.453917
1859,20220630,3176,6,10,0.00,0.00,Central Warehouse Inventory,2026-09-06T03:34:41.453917
1860,20220630,3177,3,10,0.00,0.00,Central Warehouse Inventory,2026-09-06T03:34:41.453917
1861,20220630,3178,3,10,0.00,0.00,Central Warehouse Inventory,2026-09-06T03:34:41.453917
1862,20220630,3179,3,10,0.00,0.00,Central Warehouse Inventory,2026-09-06T03:34:41.453917
1863,20220630,3180,20,10,0.00,0.00,Central Warehouse Inventory,2026-09-06T03:34:41.453917
1864,20220630,3181,2,10,0.00,0.00,Central Warehouse Inventory,2026-09-06T03:34:41.453917
1865,20220630,3182,32,10,0.00,0.00,Central Warehouse Inventory,2026-09-06T03:34:41.453917
1866,20220630,3183,9,10,0.00,0.00,Central Warehouse Inventory,2026-09-06T03:34:41.453917
1867,20220630,3184,7,10,0.00,0.00,Central Warehouse Inventory,2026-09-06T03:34:41.453917
1868,20220630,3185,8,10,0.00,0.00,Central Warehouse Inventory,2026-09-06T03:34:41.453917
1869,20220630,3186,4,10,0.00,0.00,Central Warehouse Inventory,2026-09-06T03:34:41.453917
1870,20220630,3187,3,10,0.00,0.00,Central Warehouse Inventory,2026-09-06T03:34:41.453917
1871,20220630,3188,4,10,0.00,0.00,Central Warehouse Inventory,2026-09-06T03:34:41.453917
1872,20220630,3189,13,10,0.00,0.00,Central Warehouse Inventory,2026-09-06T03:34:41.453917
1873,20220630,3190,3,10,0.00,0.00,Central Warehouse Inventory,2026-09-06T03:34:41.453917
1874,20220630,3191,10,10,0.00,0.00,Central Warehouse Inventory,2026-09-06T03:34:41.453917
1875,20220630,3192,15,10,0.00,0.00,Central Warehouse Inventory,2026-09-06T03:34:41.453917
1876,20220630,3193,22,10,0.00,0.00,Central Warehouse Inventory,2026-09-06T03:34:41.453917
1877,20220630,3194,40,10,0.00,0.00,Central Warehouse Inventory,2026-09-06T03:34:41.453917
1878,20220630,3195,28,10,0.00,0.00,Central Warehouse Inventory,2026-09-06T03:34:41.453917
1879,20220630,3196,1,10,0.00,0.00,Central Warehouse Inventory,2026-09-06T03:34:41.453917
1880,20220630,3197,22,10,0.00,0.00,Central Warehouse Inventory,2026-09-06T03:34:41.453917
1881,20220630,3198,31,10,0.00,0.00,Central Warehouse Inventory,2026-09-06T03:34:41.453917
1882,20220630,3199,20,10,0.00,0.00,Central Warehouse Inventory,2026-09-06T03:34:41.453917
1883,20220630,3200,8,10,0.00,0.00,Central Warehouse Inventory,2026-09-06T03:34:41.453917
1884,20220630,3201,23,10,0.00,0.00,Central Warehouse Inventory,2026-09-06T03:34:41.453917
1885,20220630,3202,17,10,0.00,0.00,Central Warehouse Inventory,2026-09-06T03:34:41.453917
1886,20220630,3203,16,10,0.00,0.00,Central Warehouse Inventory,2026-09-06T03:34:41.453917
1887,20220630,3204,24,10,0.00,0.00,Central Warehouse Inventory,2026-09-06T03:34:41.453917
1888,20220630,3205,18,10,0.00,0.00,Central Warehouse Inventory,2026-09-06T03:34:41.453917
1889,20220630,3206,20,10,0.00,0.00,Central Warehouse Inventory,2026-09-06T03:34:41.453917
1890,20220630,3207,12,10,0.00,0.00,Central Warehouse Inventory,2026-09-06T03:34:41.453917
1891,20220630,3208,64,10,0.00,0.00,Central Warehouse Inventory,2026-09-06T03:34:41.453917
1892,20220630,3209,72,10,0.00,0.00,Central Warehouse Inventory,2026-09-06T03:34:41.453917
1893,20220630,3210,66,10,0.00,0.00,Central Warehouse Inventory,2026-09-06T03:34:41.453917
1894,20220630,3211,82,10,0.00,0.00,Central Warehouse Inventory,2026-09-06T03:34:41.453917
1895,20220630,3212,54,10,0.00,0.00,Central Warehouse Inventory,2026-09-06T03:34:41.453917
1896,20220630,3213,19,10,0.00,0.00,Central Warehouse Inventory,2026-09-06T03:34:41.453917
1897,20220630,3214,27,10,0.00,0.00,Central Warehouse Inventory,2026-09-06T03:34:41.453917
1898,20220630,3215,18,10,0.00,0.00,Central Warehouse Inventory,2026-09-06T03:34:41.453917
1899,20220630,3216,28,10,0.00,0.00,Central Warehouse Inventory,2026-09-06T03:34:41.453917
1900,20220630,3217,16,10,0.00,0.00,Central Warehouse Inventory,2026-09-06T03:34:41.453917
1901,20220630,3218,23,10,0.00,0.00,Central Warehouse Inventory,2026-09-06T03:34:41.453917
1902,20220630,3219,30,10,0.00,0.00,Central Warehouse Inventory,2026-09-06T03:34:41.453917
1903,20220630,3220,28,10,0.00,0.00,Central Warehouse Inventory,2026-09-06T03:34:41.453917
1904,20220630,3221,25,10,0.00,0.00,Central Warehouse Inventory,2026-09-06T03:34:41.453917
1905,20220630,3222,16,10,0.00,0.00,Central Warehouse Inventory,2026-09-06T03:34:41.453917
1906,20220630,3223,30,10,0.00,0.00,Central Warehouse Inventory,2026-09-06T03:34:41.453917
1907,20220630,3224,9,10,0.00,0.00,Central Warehouse Inventory,2026-09-06T03:34:41.453917
1908,20220630,3225,54,10,0.00,0.00,Central Warehouse Inventory,2026-09-06T03:34:41.453917
1909,20220630,3226,46,10,0.00,0.00,Central Warehouse Inventory,2026-09-06T03:34:41.453917
1910,20220630,3227,62,10,0.00,0.00,Central Warehouse Inventory,2026-09-06T03:34:41.453917
1911,20220630,3228,51,10,0.00,0.00,Central Warehouse Inventory,2026-09-06T03:34:41.453917
1912,20220630,3229,45,10,0.00,0.00,Central Warehouse Inventory,2026-09-06T03:34:41.453917
1913,20220630,3230,42,10,0.00,0.00,Central Warehouse Inventory,2026-09-06T03:34:41.453917
1914,20220630,3231,41,10,0.00,0.00,Central Warehouse Inventory,2026-09-06T03:34:41.453917
1915,20220630,3232,30,10,0.00,0.00,Central Warehouse Inventory,2026-09-06T03:34:41.453917
1916,20220630,3233,25,10,0.00,0.00,Central Warehouse Inventory,2026-09-06T03:34:41.453917
1917,20220630,3234,49,10,0.00,0.00,Central Warehouse Inventory,2026-09-06T03:34:41.453917
1918,20220630,3235,31,10,0.00,0.00,Central Warehouse Inventory,2026-09-06T03:34:41.453917
1919,20220630,3236,48,10,0.00,0.00,Central Warehouse Inventory,2026-09-06T03:34:41.453917
1920,20220630,3237,36,10,0.00,0.00,Central Warehouse Inventory,2026-09-06T03:34:41.453917
1921,20220630,3238,22,10,0.00,0.00,Central Warehouse Inventory,2026-09-06T03:34:41.453917
1922,20220630,3239,32,10,0.00,0.00,Central Warehouse Inventory,2026-09-06T03:34:41.453917
1923,20220630,3240,147,10,0.00,0.00,Central Warehouse Inventory,2026-09-06T03:34:41.453917
1924,20220630,3241,61,10,0.00,0.00,Central Warehouse Inventory,2026-09-06T03:34:41.453917
1925,20220630,3242,79,10,0.00,0.00,Central Warehouse Inventory,2026-09-06T03:34:41.453917
1926,20220630,3243,39,10,0.00,0.00,Central Warehouse Inventory,2026-09-06T03:34:41.453917
1927,20220630,3244,34,10,0.00,0.00,Central Warehouse Inventory,2026-09-06T03:34:41.453917
1928,20220630,3245,39,10,0.00,0.00,Central Warehouse Inventory,2026-09-06T03:34:41.453917
1929,20220630,3246,3,10,0.00,0.00,Central Warehouse Inventory,2026-09-06T03:34:41.453917
1930,20220630,3247,38,10,0.00,0.00,Central Warehouse Inventory,2026-09-06T03:34:41.453917
1931,20220630,3248,34,10,0.00,0.00,Central Warehouse Inventory,2026-09-06T03:34:41.453917
1932,20220630,3249,41,10,0.00,0.00,Central Warehouse Inventory,2026-09-06T03:34:41.453917
1933,20220630,3250,32,10,0.00,0.00,Central Warehouse Inventory,2026-09-06T03:34:41.453917
1934,20220630,3251,35,10,0.00,0.00,Central Warehouse Inventory,2026-09-06T03:34:41.453917
1935,20220630,3252,49,10,0.00,0.00,Central Warehouse Inventory,2026-09-06T03:34:41.453917
1936,20220630,3253,50,10,0.00,0.00,Central Warehouse Inventory,2026-09-06T03:34:41.453917
1937,20220630,3254,63,10,0.00,0.00,Central Warehouse Inventory,2026-09-06T03:34:41.453917
1938,20220630,3255,67,10,0.00,0.00,Central Warehouse Inventory,2026-09-06T03:34:41.453917
1939,20220630,3256,67,10,0.00,0.00,Central Warehouse Inventory,2026-09-06T03:34:41.453917
1940,20220630,3257,60,10,0.00,0.00,Central Warehouse Inventory,2026-09-06T03:34:41.453917
1941,20220630,3258,68,10,0.00,0.00,Central Warehouse Inventory,2026-09-06T03:34:41.453917
1942,20220630,3259,53,10,0.00,0.00,Central Warehouse Inventory,2026-09-06T03:34:41.453917
1943,20220630,3260,51,10,0.00,0.00,Central Warehouse Inventory,2026-09-06T03:34:41.453917
1944,20220630,3261,152,10,0.00,0.00,Central Warehouse Inventory,2026-09-06T03:34:41.453917
1945,20220630,3262,84,10,0.00,0.00,Central Warehouse Inventory,2026-09-06T03:34:41.453917
1946,20220630,3263,31,10,0.00,0.00,Central Warehouse Inventory,2026-09-06T03:34:41.453917
1947,20220630,3264,148,10,0.00,0.00,Central Warehouse Inventory,2026-09-06T03:34:41.453917
1948,20220630,3265,24,10,0.00,0.00,Central Warehouse Inventory,2026-09-06T03:34:41.453917
1949,20220630,3266,26,10,0.00,0.00,Central Warehouse Inventory,2026-09-06T03:34:41.453917
1950,20220630,3267,16,10,0.00,0.00,Central Warehouse Inventory,2026-09-06T03:34:41.453917
1951,20220630,3268,34,10,0.00,0.00,Central Warehouse Inventory,2026-09-06T03:34:41.453917
1952,20220630,3269,30,10,0.00,0.00,Central Warehouse Inventory,2026-09-06T03:34:41.453917
1953,20220630,3270,18,10,0.00,0.00,Central Warehouse Inventory,2026-09-06T03:34:41.453917
1954,20220630,3271,30,10,0.00,0.00,Central Warehouse Inventory,2026-09-06T03:34:41.453917
1955,20220630,3272,24,10,0.00,0.00,Central Warehouse Inventory,2026-09-06T03:34:41.453917
1956,20220630,3273,13,10,0.00,0.00,Central Warehouse Inventory,2026-09-06T03:34:41.453917
1957,20220630,3274,21,10,0.00,0.00,Central Warehouse Inventory,2026-09-06T03:34:41.453917
1958,20220630,3275,31,10,0.00,0.00,Central Warehouse Inventory,2026-09-06T03:34:41.453917
1959,20220630,3276,8,10,0.00,0.00,Central Warehouse Inventory,2026-09-06T03:34:41.453917
1960,20220630,3277,12,10,0.00,0.00,Central Warehouse Inventory,2026-09-06T03:34:41.453917
1961,20220630,3278,33,10,0.00,0.00,Central Warehouse Inventory,2026-09-06T03:34:41.453917
1962,20220630,3279,10,10,0.00,0.00,Central Warehouse Inventory,2026-09-06T03:34:41.453917
1963,20220630,3280,41,10,0.00,0.00,Central Warehouse Inventory,2026-09-06T03:34:41.453917
1964,20220630,3281,48,10,0.00,0.00,Central Warehouse Inventory,2026-09-06T03:34:41.453917
1965,20220630,3282,31,10,0.00,0.00,Central Warehouse Inventory,2026-09-06T03:34:41.453917
1966,20220630,3283,111,10,0.00,0.00,Central Warehouse Inventory,2026-09-06T03:34:41.453917
1967,20220630,3284,48,10,0.00,0.00,Central Warehouse Inventory,2026-09-06T03:34:41.453917
1968,20220630,3285,88,10,0.00,0.00,Central Warehouse Inventory,2026-09-06T03:34:41.453917
1969,20220630,3286,75,10,0.00,0.00,Central Warehouse Inventory,2026-09-06T03:34:41.453917
1970,20220630,3287,36,10,0.00,0.00,Central Warehouse Inventory,2026-09-06T03:34:41.453917
1971,20220630,3288,6,10,0.00,0.00,Central Warehouse Inventory,2026-09-06T03:34:41.453917
1972,20220630,3289,5,10,0.00,0.00,Central Warehouse Inventory,2026-09-06T03:34:41.453917
1973,20220630,3290,6,10,0.00,0.00,Central Warehouse Inventory,2026-09-06T03:34:41.453917
1974,20220630,3291,8,10,0.00,0.00,Central Warehouse Inventory,2026-09-06T03:34:41.453917
1975,20220630,3292,52,10,0.00,0.00,Central Warehouse Inventory,2026-09-06T03:34:41.453917
1976,20220630,3293,6,10,0.00,0.00,Central Warehouse Inventory,2026-09-06T03:34:41.453917
1977,20220630,3294,7,10,0.00,0.00,Central Warehouse Inventory,2026-09-06T03:34:41.453917
1978,20220630,3295,20,10,0.00,0.00,Central Warehouse Inventory,2026-09-06T03:34:41.453917
1979,20220630,3296,37,10,0.00,0.00,Central Warehouse Inventory,2026-09-06T03:34:41.453917
1980,20220630,3297,26,10,0.00,0.00,Central Warehouse Inventory,2026-09-06T03:34:41.453917
1981,20220630,3298,44,10,0.00,0.00,Central Warehouse Inventory,2026-09-06T03:34:41.453917
1982,20220630,3299,52,10,0.00,0.00,Central Warehouse Inventory,2026-09-06T03:34:41.453917
1983,20220630,3300,49,10,0.00,0.00,Central Warehouse Inventory,2026-09-06T03:34:41.453917
1984,20220630,3301,47,10,0.00,0.00,Central Warehouse Inventory,2026-09-06T03:34:41.453917
1985,20220630,3302,5,10,0.00,0.00,Central Warehouse Inventory,2026-09-06T03:34:41.453917
1986,20220630,3303,3,10,0.00,0.00,Central Warehouse Inventory,2026-09-06T03:34:41.453917
1987,20220630,3304,7,10,0.00,0.00,Central Warehouse Inventory,2026-09-06T03:34:41.453917
1988,20220630,3305,3,10,0.00,0.00,Central Warehouse Inventory,2026-09-06T03:34:41.453917
1989,20220630,3306,4,10,0.00,0.00,Central Warehouse Inventory,2026-09-06T03:34:41.453917
1990,20220630,3307,6,10,0.00,0.00,Central Warehouse Inventory,2026-09-06T03:34:41.453917
1991,20220630,3308,4,10,0.00,0.00,Central Warehouse Inventory,2026-09-06T03:34:41.453917
1992,20220630,3309,6,10,0.00,0.00,Central Warehouse Inventory,2026-09-06T03:34:41.453917
1993,20220630,3310,2,10,0.00,0.00,Central Warehouse Inventory,2026-09-06T03:34:41.453917
1994,20220630,3311,6,10,0.00,0.00,Central Warehouse Inventory,2026-09-06T03:34:41.453917
1995,20220630,3312,4,10,0.00,0.00,Central Warehouse Inventory,2026-09-06T03:34:41.453917
1996,20220630,3313,22,10,0.00,0.00,Central Warehouse Inventory,2026-09-06T03:34:41.453917
1997,20220630,3314,4,10,0.00,0.00,Central Warehouse Inventory,2026-09-06T03:34:41.453917
1998,20220630,3315,8,10,0.00,0.00,Central Warehouse Inventory,2026-09-06T03:34:41.453917
1999,20220630,3316,5,10,0.00,0.00,Central Warehouse Inventory,2026-09-06T03:34:41.453917
2000,20220630,3317,0,10,0.00,0.00,Central Warehouse Inventory,2026-09-06T03:34:41.453917
2001,20220630,3318,3,10,0.00,0.00,Central Warehouse Inventory,2026-09-06T03:34:41.453917
2002,20220630,3319,7,10,0.00,0.00,Central Warehouse Inventory,2026-09-06T03:34:41.453917
2003,20220630,3320,1,10,0.00,0.00,Central Warehouse Inventory,2026-09-06T03:34:41.453917
2004,20220630,3321,17,10,0.00,0.00,Central Warehouse Inventory,2026-09-06T03:34:41.453917
2005,20220630,3322,8,10,0.00,0.00,Central Warehouse Inventory,2026-09-06T03:34:41.453917
2006,20220630,3323,7,10,0.00,0.00,Central Warehouse Inventory,2026-09-06T03:34:41.453917
2007,20220630,3324,14,10,0.00,0.00,Central Warehouse Inventory,2026-09-06T03:34:41.453917
2008,20220630,3325,23,10,0.00,0.00,Central Warehouse Inventory,2026-09-06T03:34:41.453917
2009,20220630,3326,5,10,0.00,0.00,Central Warehouse Inventory,2026-09-06T03:34:41.453917
2010,20220630,3327,6,10,0.00,0.00,Central Warehouse Inventory,2026-09-06T03:34:41.453917
2011,20220630,3328,8,10,0.00,0.00,Central Warehouse Inventory,2026-09-06T03:34:41.453917
2012,20220630,3329,3,10,0.00,0.00,Central Warehouse Inventory,2026-09-06T03:34:41.453917
2013,20220630,3330,6,10,0.00,0.00,Central Warehouse Inventory,2026-09-06T03:34:41.453917
2014,20220630,3331,6,10,0.00,0.00,Central Warehouse Inventory,2026-09-06T03:34:41.453917
2015,20220630,3332,7,10,0.00,0.00,Central Warehouse Inventory,2026-09-06T03:34:41.453917
2016,20220630,3333,4,10,0.00,0.00,Central Warehouse Inventory,2026-09-06T03:34:41.453917
2017,20220630,3334,41,10,0.00,0.00,Central Warehouse Inventory,2026-09-06T03:34:41.453917
2018,20220630,3335,0,10,0.00,0.00,Central Warehouse Inventory,2026-09-06T03:34:41.453917
2019,20220630,3336,10,10,0.00,0.00,Central Warehouse Inventory,2026-09-06T03:34:41.453917
2020,20220630,3337,21,10,0.00,0.00,Central Warehouse Inventory,2026-09-06T03:34:41.453917
2021,20220630,3338,21,10,0.00,0.00,Central Warehouse Inventory,2026-09-06T03:34:41.453917
2022,20220630,3339,30,10,0.00,0.00,Central Warehouse Inventory,2026-09-06T03:34:41.453917
2023,20220630,3340,24,10,0.00,0.00,Central Warehouse Inventory,2026-09-06T03:34:41.453917
2024,20220630,3341,50,10,0.00,0.00,Central Warehouse Inventory,2026-09-06T03:34:41.453917
2025,20220630,3342,30,10,0.00,0.00,Central Warehouse Inventory,2026-09-06T03:34:41.453917
2026,20220630,3343,51,10,0.00,0.00,Central Warehouse Inventory,2026-09-06T03:34:41.453917
2027,20220630,3344,3,10,0.00,0.00,Central Warehouse Inventory,2026-09-06T03:34:41.453917
2028,20220630,3345,3,10,0.00,0.00,Central Warehouse Inventory,2026-09-06T03:34:41.453917
2029,20220630,3346,26,10,0.00,0.00,Central Warehouse Inventory,2026-09-06T03:34:41.453917
2030,20220630,3347,0,10,0.00,0.00,Central Warehouse Inventory,2026-09-06T03:34:41.453917
2031,20220630,3348,33,10,0.00,0.00,Central Warehouse Inventory,2026-09-06T03:34:41.453917
2032,20220630,3349,7,10,0.00,0.00,Central Warehouse Inventory,2026-09-06T03:34:41.453917
2033,20220630,3350,24,10,0.00,0.00,Central Warehouse Inventory,2026-09-06T03:34:41.453917
2034,20220630,3351,2,10,0.00,0.00,Central Warehouse Inventory,2026-09-06T03:34:41.453917
2035,20220630,3352,5,10,0.00,0.00,Central Warehouse Inventory,2026-09-06T03:34:41.453917
2036,20220630,3353,3,10,0.00,0.00,Central Warehouse Inventory,2026-09-06T03:34:41.453917
2037,20220630,3354,4,10,0.00,0.00,Central Warehouse Inventory,2026-09-06T03:34:41.453917
2038,20220630,3355,31,10,0.00,0.00,Central Warehouse Inventory,2026-09-06T03:34:41.453917
2039,20220630,3356,8,10,0.00,0.00,Central Warehouse Inventory,2026-09-06T03:34:41.453917
2040,20220630,3357,7,10,0.00,0.00,Central Warehouse Inventory,2026-09-06T03:34:41.453917
2041,20220630,3358,4,10,0.00,0.00,Central Warehouse Inventory,2026-09-06T03:34:41.453917
2042,20220630,3359,4,10,0.00,0.00,Central Warehouse Inventory,2026-09-06T03:34:41.453917
2043,20220630,3360,7,10,0.00,0.00,Central Warehouse Inventory,2026-09-06T03:34:41.453917
2044,20220630,3361,5,10,0.00,0.00,Central Warehouse Inventory,2026-09-06T03:34:41.453917
2045,20220630,3362,22,10,0.00,0.00,Central Warehouse Inventory,2026-09-06T03:34:41.453917
2046,20220630,3363,22,10,0.00,0.00,Central Warehouse Inventory,2026-09-06T03:34:41.453917
2047,20220630,3364,6,10,0.00,0.00,Central Warehouse Inventory,2026-09-06T03:34:41.453917
2048,20220630,3365,16,10,0.00,0.00,Central Warehouse Inventory,2026-09-06T03:34:41.453917
2049,20220630,3366,14,10,0.00,0.00,Central Warehouse Inventory,2026-09-06T03:34:41.453917
2050,20220630,3367,27,10,0.00,0.00,Central Warehouse Inventory,2026-09-06T03:34:41.453917
2051,20220630,3368,10,10,0.00,0.00,Central Warehouse Inventory,2026-09-06T03:34:41.453917
2052,20220630,3369,22,10,0.00,0.00,Central Warehouse Inventory,2026-09-06T03:34:41.453917
2053,20220630,3370,11,10,0.00,0.00,Central Warehouse Inventory,2026-09-06T03:34:41.453917
2054,20220630,3371,10,10,0.00,0.00,Central Warehouse Inventory,2026-09-06T03:34:41.453917
2055,20220630,3372,40,10,0.00,0.00,Central Warehouse Inventory,2026-09-06T03:34:41.453917
2056,20220630,3373,31,10,0.00,0.00,Central Warehouse Inventory,2026-09-06T03:34:41.453917
2057,20220630,3374,34,10,0.00,0.00,Central Warehouse Inventory,2026-09-06T03:34:41.453917
2058,20220630,3375,42,10,0.00,0.00,Central Warehouse Inventory,2026-09-06T03:34:41.453917
2059,20220630,3376,42,10,0.00,0.00,Central Warehouse Inventory,2026-09-06T03:34:41.453917
2060,20220630,3377,36,10,0.00,0.00,Central Warehouse Inventory,2026-09-06T03:34:41.453917
2061,20220630,3378,47,10,0.00,0.00,Central Warehouse Inventory,2026-09-06T03:34:41.453917
2062,20220630,3379,28,10,0.00,0.00,Central Warehouse Inventory,2026-09-06T03:34:41.453917
2063,20220630,3380,16,10,0.00,0.00,Central Warehouse Inventory,2026-09-06T03:34:41.453917
2064,20220630,3381,29,10,0.00,0.00,Central Warehouse Inventory,2026-09-06T03:34:41.453917
2065,20220630,3382,43,10,0.00,0.00,Central Warehouse Inventory,2026-09-06T03:34:41.453917
2066,20220630,3383,24,10,0.00,0.00,Central Warehouse Inventory,2026-09-06T03:34:41.453917
2067,20220630,3384,37,10,0.00,0.00,Central Warehouse Inventory,2026-09-06T03:34:41.453917
2068,20220630,3385,38,10,0.00,0.00,Central Warehouse Inventory,2026-09-06T03:34:41.453917
2069,20220630,3386,0,10,0.00,0.00,Central Warehouse Inventory,2026-09-06T03:34:41.453917
2070,20220630,3387,7,10,0.00,0.00,Central Warehouse Inventory,2026-09-06T03:34:41.453917
2071,20220630,3388,6,10,0.00,0.00,Central Warehouse Inventory,2026-09-06T03:34:41.453917
2072,20220630,3389,4,10,0.00,0.00,Central Warehouse Inventory,2026-09-06T03:34:41.453917
2073,20220630,3390,15,10,0.00,0.00,Central Warehouse Inventory,2026-09-06T03:34:41.453917
2074,20220630,3391,6,10,0.00,0.00,Central Warehouse Inventory,2026-09-06T03:34:41.453917
2075,20220630,3392,8,10,0.00,0.00,Central Warehouse Inventory,2026-09-06T03:34:41.453917
2076,20220630,3393,26,10,0.00,0.00,Central Warehouse Inventory,2026-09-06T03:34:41.453917
2077,20220630,3394,34,10,0.00,0.00,Central Warehouse Inventory,2026-09-06T03:34:41.453917
2078,20220630,3395,46,10,0.00,0.00,Central Warehouse Inventory,2026-09-06T03:34:41.453917
2079,20220630,3396,43,10,0.00,0.00,Central Warehouse Inventory,2026-09-06T03:34:41.453917
2080,20220630,3397,47,10,0.00,0.00,Central Warehouse Inventory,2026-09-06T03:34:41.453917
2081,20220630,3398,32,10,0.00,0.00,Central Warehouse Inventory,2026-09-06T03:34:41.453917
2082,20220630,3399,29,10,0.00,0.00,Central Warehouse Inventory,2026-09-06T03:34:41.453917
2083,20220630,3400,9,10,0.00,0.00,Central Warehouse Inventory,2026-09-06T03:34:41.453917
2084,20220630,3401,8,10,0.00,0.00,Central Warehouse Inventory,2026-09-06T03:34:41.453917
2085,20220630,3402,17,10,0.00,0.00,Central Warehouse Inventory,2026-09-06T03:34:41.453917
2086,20220630,3403,10,10,0.00,0.00,Central Warehouse Inventory,2026-09-06T03:34:41.453917
2087,20220630,3404,52,10,0.00,0.00,Central Warehouse Inventory,2026-09-06T03:34:41.453917
2088,20220630,3405,4,10,0.00,0.00,Central Warehouse Inventory,2026-09-06T03:34:41.453917
2089,20220630,3406,28,10,0.00,0.00,Central Warehouse Inventory,2026-09-06T03:34:41.453917
2090,20220630,3407,7,10,0.00,0.00,Central Warehouse Inventory,2026-09-06T03:34:41.453917
2091,20220630,3408,4,10,0.00,0.00,Central Warehouse Inventory,2026-09-06T03:34:41.453917
2092,20220630,3409,23,10,0.00,0.00,Central Warehouse Inventory,2026-09-06T03:34:41.453917
2093,20220630,3410,7,10,0.00,0.00,Central Warehouse Inventory,2026-09-06T03:34:41.453917
2094,20220630,3411,42,10,0.00,0.00,Central Warehouse Inventory,2026-09-06T03:34:41.453917
2095,20220630,3412,23,10,0.00,0.00,Central Warehouse Inventory,2026-09-06T03:34:41.453917
2096,20220630,3413,35,10,0.00,0.00,Central Warehouse Inventory,2026-09-06T03:34:41.453917
2097,20220630,3414,1,10,0.00,0.00,Central Warehouse Inventory,2026-09-06T03:34:41.453917
2098,20220630,3415,2,10,0.00,0.00,Central Warehouse Inventory,2026-09-06T03:34:41.453917
2099,20220630,3416,2,10,0.00,0.00,Central Warehouse Inventory,2026-09-06T03:34:41.453917
2100,20220630,3417,2,10,0.00,0.00,Central Warehouse Inventory,2026-09-06T03:34:41.453917
2101,20220630,3418,9,10,0.00,0.00,Central Warehouse Inventory,2026-09-06T03:34:41.453917
2102,20220630,3419,6,10,0.00,0.00,Central Warehouse Inventory,2026-09-06T03:34:41.453917
2103,20220630,3420,6,10,0.00,0.00,Central Warehouse Inventory,2026-09-06T03:34:41.453917
2104,20220630,3421,5,10,0.00,0.00,Central Warehouse Inventory,2026-09-06T03:34:41.453917
2105,20220630,3422,6,10,0.00,0.00,Central Warehouse Inventory,2026-09-06T03:34:41.453917
2106,20220630,3423,15,10,0.00,0.00,Central Warehouse Inventory,2026-09-06T03:34:41.453917
2107,20220630,3424,10,10,0.00,0.00,Central Warehouse Inventory,2026-09-06T03:34:41.453917
2108,20220630,3425,21,10,0.00,0.00,Central Warehouse Inventory,2026-09-06T03:34:41.453917
2109,20220630,3426,20,10,0.00,0.00,Central Warehouse Inventory,2026-09-06T03:34:41.453917
2110,20220630,3427,6,10,0.00,0.00,Central Warehouse Inventory,2026-09-06T03:34:41.453917
2111,20220630,3428,0,10,0.00,0.00,Central Warehouse Inventory,2026-09-06T03:34:41.453917
2112,20220630,3429,2,10,0.00,0.00,Central Warehouse Inventory,2026-09-06T03:34:41.453917
2113,20220630,3430,1,10,0.00,0.00,Central Warehouse Inventory,2026-09-06T03:34:41.453917
2114,20220630,3431,1,10,0.00,0.00,Central Warehouse Inventory,2026-09-06T03:34:41.453917
2115,20220630,3432,1,10,0.00,0.00,Central Warehouse Inventory,2026-09-06T03:34:41.453917
2116,20220630,3433,1,10,0.00,0.00,Central Warehouse Inventory,2026-09-06T03:34:41.453917
2117,20220630,3434,1,10,0.00,0.00,Central Warehouse Inventory,2026-09-06T03:34:41.453917
2118,20220630,3435,0,10,0.00,0.00,Central Warehouse Inventory,2026-09-06T03:34:41.453917
2119,20220630,3436,0,10,0.00,0.00,Central Warehouse Inventory,2026-09-06T03:34:41.453917
2120,20220630,3437,1,10,0.00,0.00,Central Warehouse Inventory,2026-09-06T03:34:41.453917
2121,20220630,3438,1,10,0.00,0.00,Central Warehouse Inventory,2026-09-06T03:34:41.453917
2122,20220630,3439,0,10,0.00,0.00,Central Warehouse Inventory,2026-09-06T03:34:41.453917
2123,20220630,3440,2,10,0.00,0.00,Central Warehouse Inventory,2026-09-06T03:34:41.453917
2124,20220630,3441,1,10,0.00,0.00,Central Warehouse Inventory,2026-09-06T03:34:41.453917
2125,20220630,3442,2,10,0.00,0.00,Central Warehouse Inventory,2026-09-06T03:34:41.453917
2126,20220630,3443,0,10,0.00,0.00,Central Warehouse Inventory,2026-09-06T03:34:41.453917
2127,20220630,3444,2,10,0.00,0.00,Central Warehouse Inventory,2026-09-06T03:34:41.453917
2128,20220630,3445,1,10,0.00,0.00,Central Warehouse Inventory,2026-09-06T03:34:41.453917
2129,20220630,3446,2,10,0.00,0.00,Central Warehouse Inventory,2026-09-06T03:34:41.453917
2130,20220630,3447,0,10,0.00,0.00,Central Warehouse Inventory,2026-09-06T03:34:41.453917
2131,20220630,3448,0,10,0.00,0.00,Central Warehouse Inventory,2026-09-06T03:34:41.453917
2132,20220630,3449,4,10,0.00,0.00,Central Warehouse Inventory,2026-09-06T03:34:41.453917
2133,20220630,3450,2,10,0.00,0.00,Central Warehouse Inventory,2026-09-06T03:34:41.453917
2134,20220630,3451,1,10,0.00,0.00,Central Warehouse Inventory,2026-09-06T03:34:41.453917
2135,20220630,3452,0,10,0.00,0.00,Central Warehouse Inventory,2026-09-06T03:34:41.453917
2136,20220630,3453,2,10,0.00,0.00,Central Warehouse Inventory,2026-09-06T03:34:41.453917
2137,20220630,3454,2,10,0.00,0.00,Central Warehouse Inventory,2026-09-06T03:34:41.453917
2138,20220630,3455,1,10,0.00,0.00,Central Warehouse Inventory,2026-09-06T03:34:41.453917
2139,20220630,3456,0,10,0.00,0.00,Central Warehouse Inventory,2026-09-06T03:34:41.453917
2140,20220630,3457,1,10,0.00,0.00,Central Warehouse Inventory,2026-09-06T03:34:41.453917
2141,20220630,3458,2,10,0.00,0.00,Central Warehouse Inventory,2026-09-06T03:34:41.453917
2142,20220630,3459,1,10,0.00,0.00,Central Warehouse Inventory,2026-09-06T03:34:41.453917
2143,20220630,3460,3,10,0.00,0.00,Central Warehouse Inventory,2026-09-06T03:34:41.453917
2144,20220630,3461,0,10,0.00,0.00,Central Warehouse Inventory,2026-09-06T03:34:41.453917
2145,20220630,3462,6,10,0.00,0.00,Central Warehouse Inventory,2026-09-06T03:34:41.453917
2146,20220630,3463,31,10,0.00,0.00,Central Warehouse Inventory,2026-09-06T03:34:41.453917
2147,20220630,3464,78,10,0.00,0.00,Central Warehouse Inventory,2026-09-06T03:34:41.453917
2148,20220630,3465,9,10,0.00,0.00,Central Warehouse Inventory,2026-09-06T03:34:41.453917
2149,20220630,3466,72,10,0.00,0.00,Central Warehouse Inventory,2026-09-06T03:34:41.453917
2150,20220630,3467,57,10,0.00,0.00,Central Warehouse Inventory,2026-09-06T03:34:41.453917
2151,20220630,3468,52,10,0.00,0.00,Central Warehouse Inventory,2026-09-06T03:34:41.453917
2152,20220630,3469,1,10,0.00,0.00,Central Warehouse Inventory,2026-09-06T03:34:41.453917
2153,20220630,3470,1,10,0.00,0.00,Central Warehouse Inventory,2026-09-06T03:34:41.453917
2154,20220630,3471,9,10,0.00,0.00,Central Warehouse Inventory,2026-09-06T03:34:41.453917
2155,20220630,3472,1,10,0.00,0.00,Central Warehouse Inventory,2026-09-06T03:34:41.453917
2156,20220630,3473,26,10,0.00,0.00,Central Warehouse Inventory,2026-09-06T03:34:41.453917
2157,20220630,3474,5,10,0.00,0.00,Central Warehouse Inventory,2026-09-06T03:34:41.453917
2158,20220630,3475,9,10,0.00,0.00,Central Warehouse Inventory,2026-09-06T03:34:41.453917
2159,20220630,3476,8,10,0.00,0.00,Central Warehouse Inventory,2026-09-06T03:34:41.453917
2160,20220630,3477,15,10,0.00,0.00,Central Warehouse Inventory,2026-09-06T03:34:41.453917
2161,20220630,3478,42,10,0.00,0.00,Central Warehouse Inventory,2026-09-06T03:34:41.453917
2162,20220630,3479,13,10,0.00,0.00,Central Warehouse Inventory,2026-09-06T03:34:41.453917
2163,20220630,3480,29,10,0.00,0.00,Central Warehouse Inventory,2026-09-06T03:34:41.453917
2164,20220630,3481,32,10,0.00,0.00,Central Warehouse Inventory,2026-09-06T03:34:41.453917
2165,20220630,3482,55,10,0.00,0.00,Central Warehouse Inventory,2026-09-06T03:34:41.453917
2166,20220630,3483,119,10,0.00,0.00,Central Warehouse Inventory,2026-09-06T03:34:41.453917
2167,20220630,3484,178,10,0.00,0.00,Central Warehouse Inventory,2026-09-06T03:34:41.453917
2168,20220630,3485,207,10,0.00,0.00,Central Warehouse Inventory,2026-09-06T03:34:41.453917
2169,20220630,3486,103,10,0.00,0.00,Central Warehouse Inventory,2026-09-06T03:34:41.453917
2170,20220630,3487,144,10,0.00,0.00,Central Warehouse Inventory,2026-09-06T03:34:41.453917
2171,20220630,3488,71,10,0.00,0.00,Central Warehouse Inventory,2026-09-06T03:34:41.453917
2172,20220630,3489,34,10,0.00,0.00,Central Warehouse Inventory,2026-09-06T03:34:41.453917
2173,20220630,3490,86,10,0.00,0.00,Central Warehouse Inventory,2026-09-06T03:34:41.453917
2174,20220630,3491,164,10,0.00,0.00,Central Warehouse Inventory,2026-09-06T03:34:41.453917
2175,20220630,3492,155,10,0.00,0.00,Central Warehouse Inventory,2026-09-06T03:34:41.453917
2176,20220630,3493,46,10,0.00,0.00,Central Warehouse Inventory,2026-09-06T03:34:41.453917
2177,20220630,3494,97,10,0.00,0.00,Central Warehouse Inventory,2026-09-06T03:34:41.453917
2178,20220630,3495,14,10,0.00,0.00,Central Warehouse Inventory,2026-09-06T03:34:41.453917
2179,20220630,3496,52,10,0.00,0.00,Central Warehouse Inventory,2026-09-06T03:34:41.453917
2180,20220630,3497,57,10,0.00,0.00,Central Warehouse Inventory,2026-09-06T03:34:41.453917
2181,20220630,3498,56,10,0.00,0.00,Central Warehouse Inventory,2026-09-06T03:34:41.453917
2182,20220630,3499,40,10,0.00,0.00,Central Warehouse Inventory,2026-09-06T03:34:41.453917
2183,20220630,3500,13,10,0.00,0.00,Central Warehouse Inventory,2026-09-06T03:34:41.453917
2184,20220630,3501,30,10,0.00,0.00,Central Warehouse Inventory,2026-09-06T03:34:41.453917
2185,20220630,3502,22,10,0.00,0.00,Central Warehouse Inventory,2026-09-06T03:34:41.453917
2186,20220630,3503,27,10,0.00,0.00,Central Warehouse Inventory,2026-09-06T03:34:41.453917
2187,20220630,3504,10,10,0.00,0.00,Central Warehouse Inventory,2026-09-06T03:34:41.453917
2188,20220630,3505,7,10,0.00,0.00,Central Warehouse Inventory,2026-09-06T03:34:41.453917
2189,20220630,3506,45,10,0.00,0.00,Central Warehouse Inventory,2026-09-06T03:34:41.453917
2190,20220630,3507,4,10,0.00,0.00,Central Warehouse Inventory,2026-09-06T03:34:41.453917
2191,20220630,3508,23,10,0.00,0.00,Central Warehouse Inventory,2026-09-06T03:34:41.453917
2192,20220630,3509,5,10,0.00,0.00,Central Warehouse Inventory,2026-09-06T03:34:41.453917
2193,20220630,3510,2,10,0.00,0.00,Central Warehouse Inventory,2026-09-06T03:34:41.453917
2194,20220630,3511,2,10,0.00,0.00,Central Warehouse Inventory,2026-09-06T03:34:41.453917
2195,20220630,3512,2,10,0.00,0.00,Central Warehouse Inventory,2026-09-06T03:34:41.453917
2196,20220630,3513,5,10,0.00,0.00,Central Warehouse Inventory,2026-09-06T03:34:41.453917
2197,20220630,3514,1,10,0.00,0.00,Central Warehouse Inventory,2026-09-06T03:34:41.453917
2198,20220630,3515,1,10,0.00,0.00,Central Warehouse Inventory,2026-09-06T03:34:41.453917
2199,20220630,3516,1,10,0.00,0.00,Central Warehouse Inventory,2026-09-06T03:34:41.453917
2200,20220630,3517,3,10,0.00,0.00,Central Warehouse Inventory,2026-09-06T03:34:41.453917
2201,20220630,3518,80,10,0.00,0.00,Central Warehouse Inventory,2026-09-06T03:34:41.453917
2202,20220630,3519,79,10,0.00,0.00,Central Warehouse Inventory,2026-09-06T03:34:41.453917
2203,20220630,3520,111,10,0.00,0.00,Central Warehouse Inventory,2026-09-06T03:34:41.453917
2204,20220630,3521,86,10,0.00,0.00,Central Warehouse Inventory,2026-09-06T03:34:41.453917
2205,20220630,3522,80,10,0.00,0.00,Central Warehouse Inventory,2026-09-06T03:34:41.453917
2206,20220630,3523,10,10,0.00,0.00,Central Warehouse Inventory,2026-09-06T03:34:41.453917
2207,20220630,3524,38,10,0.00,0.00,Central Warehouse Inventory,2026-09-06T03:34:41.453917
2208,20220630,3525,3,10,0.00,0.00,Central Warehouse Inventory,2026-09-06T03:34:41.453917
2209,20220630,3526,3,10,0.00,0.00,Central Warehouse Inventory,2026-09-06T03:34:41.453917
2210,20220630,3527,2,10,0.00,0.00,Central Warehouse Inventory,2026-09-06T03:34:41.453917
2211,20220630,3528,2,10,0.00,0.00,Central Warehouse Inventory,2026-09-06T03:34:41.453917
2212,20220630,3529,3,10,0.00,0.00,Central Warehouse Inventory,2026-09-06T03:34:41.453917
2213,20220630,3530,2,10,0.00,0.00,Central Warehouse Inventory,2026-09-06T03:34:41.453917
2214,20220630,3531,0,10,0.00,0.00,Central Warehouse Inventory,2026-09-06T03:34:41.453917
2215,20220630,3532,1,10,0.00,0.00,Central Warehouse Inventory,2026-09-06T03:34:41.453917
2216,20220630,3533,1,10,0.00,0.00,Central Warehouse Inventory,2026-09-06T03:34:41.453917
2217,20220630,3534,2,10,0.00,0.00,Central Warehouse Inventory,2026-09-06T03:34:41.453917
2218,20220630,3535,2,10,0.00,0.00,Central Warehouse Inventory,2026-09-06T03:34:41.453917
2219,20220630,3536,3,10,0.00,0.00,Central Warehouse Inventory,2026-09-06T03:34:41.453917
2220,20220630,3537,2,10,0.00,0.00,Central Warehouse Inventory,2026-09-06T03:34:41.453917
2221,20220630,3538,1,10,0.00,0.00,Central Warehouse Inventory,2026-09-06T03:34:41.453917
2222,20220630,3539,2,10,0.00,0.00,Central Warehouse Inventory,2026-09-06T03:34:41.453917
2223,20220630,3540,1,10,0.00,0.00,Central Warehouse Inventory,2026-09-06T03:34:41.453917
2224,20220630,3541,2,10,0.00,0.00,Central Warehouse Inventory,2026-09-06T03:34:41.453917
2225,20220630,3542,5,10,0.00,0.00,Central Warehouse Inventory,2026-09-06T03:34:41.453917
2226,20220630,3543,2,10,0.00,0.00,Central Warehouse Inventory,2026-09-06T03:34:41.453917
2227,20220630,3544,1,10,0.00,0.00,Central Warehouse Inventory,2026-09-06T03:34:41.453917
2228,20220630,3545,4,10,0.00,0.00,Central Warehouse Inventory,2026-09-06T03:34:41.453917
2229,20220630,3546,4,10,0.00,0.00,Central Warehouse Inventory,2026-09-06T03:34:41.453917
2230,20220630,3547,6,10,0.00,0.00,Central Warehouse Inventory,2026-09-06T03:34:41.453917
2231,20220630,3548,11,10,0.00,0.00,Central Warehouse Inventory,2026-09-06T03:34:41.453917
2232,20220630,3549,3,10,0.00,0.00,Central Warehouse Inventory,2026-09-06T03:34:41.453917
2233,20220630,3550,6,10,0.00,0.00,Central Warehouse Inventory,2026-09-06T03:34:41.453917
2234,20220630,3551,2,10,0.00,0.00,Central Warehouse Inventory,2026-09-06T03:34:41.453917
2235,20220630,3552,4,10,0.00,0.00,Central Warehouse Inventory,2026-09-06T03:34:41.453917
2236,20220630,3553,3,10,0.00,0.00,Central Warehouse Inventory,2026-09-06T03:34:41.453917
2237,20220630,3554,3,10,0.00,0.00,Central Warehouse Inventory,2026-09-06T03:34:41.453917
2238,20220630,3555,11,10,0.00,0.00,Central Warehouse Inventory,2026-09-06T03:34:41.453917
2239,20220630,3556,4,10,0.00,0.00,Central Warehouse Inventory,2026-09-06T03:34:41.453917
2240,20220630,3557,2,10,0.00,0.00,Central Warehouse Inventory,2026-09-06T03:34:41.453917
2241,20220630,3558,0,10,0.00,0.00,Central Warehouse Inventory,2026-09-06T03:34:41.453917
2242,20220630,3559,3,10,0.00,0.00,Central Warehouse Inventory,2026-09-06T03:34:41.453917
2243,20220630,3560,3,10,0.00,0.00,Central Warehouse Inventory,2026-09-06T03:34:41.453917
2244,20220630,3561,5,10,0.00,0.00,Central Warehouse Inventory,2026-09-06T03:34:41.453917
2245,20220630,3562,3,10,0.00,0.00,Central Warehouse Inventory,2026-09-06T03:34:41.453917
2246,20220630,3563,2,10,0.00,0.00,Central Warehouse Inventory,2026-09-06T03:34:41.453917
2247,20220630,3564,3,10,0.00,0.00,Central Warehouse Inventory,2026-09-06T03:34:41.453917
2248,20220630,3565,1,10,0.00,0.00,Central Warehouse Inventory,2026-09-06T03:34:41.453917
2249,20220630,3566,4,10,0.00,0.00,Central Warehouse Inventory,2026-09-06T03:34:41.453917
2250,20220630,3567,2,10,0.00,0.00,Central Warehouse Inventory,2026-09-06T03:34:41.453917
2251,20220630,3568,4,10,0.00,0.00,Central Warehouse Inventory,2026-09-06T03:34:41.453917
2252,20220630,3569,1,10,0.00,0.00,Central Warehouse Inventory,2026-09-06T03:34:41.453917
2253,20220630,3570,2,10,0.00,0.00,Central Warehouse Inventory,2026-09-06T03:34:41.453917
2254,20220630,3571,2,10,0.00,0.00,Central Warehouse Inventory,2026-09-06T03:34:41.453917
2255,20220630,3572,2,10,0.00,0.00,Central Warehouse Inventory,2026-09-06T03:34:41.453917
2256,20220630,3573,2,10,0.00,0.00,Central Warehouse Inventory,2026-09-06T03:34:41.453917
2257,20220630,3574,4,10,0.00,0.00,Central Warehouse Inventory,2026-09-06T03:34:41.453917
2258,20220630,3575,6,10,0.00,0.00,Central Warehouse Inventory,2026-09-06T03:34:41.453917
2259,20220630,3576,2,10,0.00,0.00,Central Warehouse Inventory,2026-09-06T03:34:41.453917
2260,20220630,3577,5,10,0.00,0.00,Central Warehouse Inventory,2026-09-06T03:34:41.453917
2261,20220630,3578,2,10,0.00,0.00,Central Warehouse Inventory,2026-09-06T03:34:41.453917
2262,20220630,3579,7,10,0.00,0.00,Central Warehouse Inventory,2026-09-06T03:34:41.453917
2263,20220630,3580,3,10,0.00,0.00,Central Warehouse Inventory,2026-09-06T03:34:41.453917
2264,20220630,3581,3,10,0.00,0.00,Central Warehouse Inventory,2026-09-06T03:34:41.453917
2265,20220630,3582,5,10,0.00,0.00,Central Warehouse Inventory,2026-09-06T03:34:41.453917
2266,20220630,3583,4,10,0.00,0.00,Central Warehouse Inventory,2026-09-06T03:34:41.453917
2267,20220630,3584,4,10,0.00,0.00,Central Warehouse Inventory,2026-09-06T03:34:41.453917
2268,20220630,3585,2,10,0.00,0.00,Central Warehouse Inventory,2026-09-06T03:34:41.453917
2269,20220630,3586,2,10,0.00,0.00,Central Warehouse Inventory,2026-09-06T03:34:41.453917
2270,20220630,3587,1,10,0.00,0.00,Central Warehouse Inventory,2026-09-06T03:34:41.453917
2271,20220630,3588,1,10,0.00,0.00,Central Warehouse Inventory,2026-09-06T03:34:41.453917
2272,20220630,3589,6,10,0.00,0.00,Central Warehouse Inventory,2026-09-06T03:34:41.453917
2273,20220630,3590,2,10,0.00,0.00,Central Warehouse Inventory,2026-09-06T03:34:41.453917
2274,20220630,3591,2,10,0.00,0.00,Central Warehouse Inventory,2026-09-06T03:34:41.453917
2275,20220630,3592,1,10,0.00,0.00,Central Warehouse Inventory,2026-09-06T03:34:41.453917
2276,20220630,3593,60,10,0.00,0.00,Central Warehouse Inventory,2026-09-06T03:34:41.453917
2277,20220630,3594,71,10,0.00,0.00,Central Warehouse Inventory,2026-09-06T03:34:41.453917
2278,20220630,3595,45,10,0.00,0.00,Central Warehouse Inventory,2026-09-06T03:34:41.453917
2279,20220630,3596,50,10,0.00,0.00,Central Warehouse Inventory,2026-09-06T03:34:41.453917
2280,20220630,3597,40,10,0.00,0.00,Central Warehouse Inventory,2026-09-06T03:34:41.453917
2281,20220630,3598,36,10,0.00,0.00,Central Warehouse Inventory,2026-09-06T03:34:41.453917
2282,20220630,3599,2,10,0.00,0.00,Central Warehouse Inventory,2026-09-06T03:34:41.453917
2283,20220630,3600,2,10,0.00,0.00,Central Warehouse Inventory,2026-09-06T03:34:41.453917
2284,20220630,3601,2,10,0.00,0.00,Central Warehouse Inventory,2026-09-06T03:34:41.453917
2285,20220630,3602,1,10,0.00,0.00,Central Warehouse Inventory,2026-09-06T03:34:41.453917
2286,20220630,3603,1,10,0.00,0.00,Central Warehouse Inventory,2026-09-06T03:34:41.453917
2287,20220630,3604,2,10,0.00,0.00,Central Warehouse Inventory,2026-09-06T03:34:41.453917
2288,20220630,3605,2,10,0.00,0.00,Central Warehouse Inventory,2026-09-06T03:34:41.453917
2289,20220630,3606,3,10,0.00,0.00,Central Warehouse Inventory,2026-09-06T03:34:41.453917
2290,20220630,3607,6,10,0.00,0.00,Central Warehouse Inventory,2026-09-06T03:34:41.453917
2291,20220630,3608,2,10,0.00,0.00,Central Warehouse Inventory,2026-09-06T03:34:41.453917
2292,20220630,3609,2,10,0.00,0.00,Central Warehouse Inventory,2026-09-06T03:34:41.453917
2293,20220630,3610,3,10,0.00,0.00,Central Warehouse Inventory,2026-09-06T03:34:41.453917
2294,20220630,3611,4,10,0.00,0.00,Central Warehouse Inventory,2026-09-06T03:34:41.453917
2295,20220630,3612,3,10,0.00,0.00,Central Warehouse Inventory,2026-09-06T03:34:41.453917
2296,20220630,3613,4,10,0.00,0.00,Central Warehouse Inventory,2026-09-06T03:34:41.453917
2297,20220630,3614,0,10,0.00,0.00,Central Warehouse Inventory,2026-09-06T03:34:41.453917
2298,20220630,3615,0,10,0.00,0.00,Central Warehouse Inventory,2026-09-06T03:34:41.453917
2299,20220630,3616,3,10,0.00,0.00,Central Warehouse Inventory,2026-09-06T03:34:41.453917
2300,20220630,3617,1,10,0.00,0.00,Central Warehouse Inventory,2026-09-06T03:34:41.453917
2301,20220630,3618,2,10,0.00,0.00,Central Warehouse Inventory,2026-09-06T03:34:41.453917
2302,20220630,3619,1,10,0.00,0.00,Central Warehouse Inventory,2026-09-06T03:34:41.453917
2303,20220630,3620,155,10,0.00,0.00,Central Warehouse Inventory,2026-09-06T03:34:41.453917
2304,20220630,3621,240,10,0.00,0.00,Central Warehouse Inventory,2026-09-06T03:34:41.453917
2305,20220630,3622,145,10,0.00,0.00,Central Warehouse Inventory,2026-09-06T03:34:41.453917
2306,20220630,3623,150,10,0.00,0.00,Central Warehouse Inventory,2026-09-06T03:34:41.453917
2307,20220630,3624,95,10,0.00,0.00,Central Warehouse Inventory,2026-09-06T03:34:41.453917
2308,20220630,3625,148,10,0.00,0.00,Central Warehouse Inventory,2026-09-06T03:34:41.453917
2309,20220630,3626,180,10,0.00,0.00,Central Warehouse Inventory,2026-09-06T03:34:41.453917
2310,20220630,3627,2,10,0.00,0.00,Central Warehouse Inventory,2026-09-06T03:34:41.453917
2311,20220630,3628,2,10,0.00,0.00,Central Warehouse Inventory,2026-09-06T03:34:41.453917
2312,20220630,3629,2,10,0.00,0.00,Central Warehouse Inventory,2026-09-06T03:34:41.453917
2313,20220630,3630,2,10,0.00,0.00,Central Warehouse Inventory,2026-09-06T03:34:41.453917
2314,20220630,3631,1,10,0.00,0.00,Central Warehouse Inventory,2026-09-06T03:34:41.453917
2315,20220630,3632,3,10,0.00,0.00,Central Warehouse Inventory,2026-09-06T03:34:41.453917
2316,20220630,3633,2,10,0.00,0.00,Central Warehouse Inventory,2026-09-06T03:34:41.453917
2317,20220630,3634,0,10,0.00,0.00,Central Warehouse Inventory,2026-09-06T03:34:41.453917
2318,20220630,3635,2,10,0.00,0.00,Central Warehouse Inventory,2026-09-06T03:34:41.453917
2319,20220630,3636,0,10,0.00,0.00,Central Warehouse Inventory,2026-09-06T03:34:41.453917
2320,20220630,3637,0,10,0.00,0.00,Central Warehouse Inventory,2026-09-06T03:34:41.453917
2321,20220630,3638,2,10,0.00,0.00,Central Warehouse Inventory,2026-09-06T03:34:41.453917
2322,20220630,3639,0,10,0.00,0.00,Central Warehouse Inventory,2026-09-06T03:34:41.453917
2323,20220630,3640,0,10,0.00,0.00,Central Warehouse Inventory,2026-09-06T03:34:41.453917
2324,20220630,3641,1,10,0.00,0.00,Central Warehouse Inventory,2026-09-06T03:34:41.453917
2325,20220630,3642,0,10,0.00,0.00,Central Warehouse Inventory,2026-09-06T03:34:41.453917
2326,20220630,3643,1,10,0.00,0.00,Central Warehouse Inventory,2026-09-06T03:34:41.453917
2327,20220630,3644,2,10,0.00,0.00,Central Warehouse Inventory,2026-09-06T03:34:41.453917
2328,20220630,3645,1,10,0.00,0.00,Central Warehouse Inventory,2026-09-06T03:34:41.453917
2329,20220630,3646,4,10,0.00,0.00,Central Warehouse Inventory,2026-09-06T03:34:41.453917
2330,20220630,3647,2,10,0.00,0.00,Central Warehouse Inventory,2026-09-06T03:34:41.453917
2331,20220630,3648,1,10,0.00,0.00,Central Warehouse Inventory,2026-09-06T03:34:41.453917
2332,20220630,3649,2,10,0.00,0.00,Central Warehouse Inventory,2026-09-06T03:34:41.453917
2333,20220630,3650,3,10,0.00,0.00,Central Warehouse Inventory,2026-09-06T03:34:41.453917
2334,20220630,3651,2,10,0.00,0.00,Central Warehouse Inventory,2026-09-06T03:34:41.453917
2335,20220630,3652,2,10,0.00,0.00,Central Warehouse Inventory,2026-09-06T03:34:41.453917
2336,20220630,3653,3,10,0.00,0.00,Central Warehouse Inventory,2026-09-06T03:34:41.453917
2337,20220630,3654,0,10,0.00,0.00,Central Warehouse Inventory,2026-09-06T03:34:41.453917
2338,20220630,3655,3,10,0.00,0.00,Central Warehouse Inventory,2026-09-06T03:34:41.453917
2339,20220630,3656,5,10,0.00,0.00,Central Warehouse Inventory,2026-09-06T03:34:41.453917
2340,20220630,3657,15,10,0.00,0.00,Central Warehouse Inventory,2026-09-06T03:34:41.453917
2341,20220630,3658,5,10,0.00,0.00,Central Warehouse Inventory,2026-09-06T03:34:41.453917
2342,20220630,3659,22,10,0.00,0.00,Central Warehouse Inventory,2026-09-06T03:34:41.453917
2343,20220630,3660,4,10,0.00,0.00,Central Warehouse Inventory,2026-09-06T03:34:41.453917
2344,20220630,3661,7,10,0.00,0.00,Central Warehouse Inventory,2026-09-06T03:34:41.453917
2345,20220630,3662,5,10,0.00,0.00,Central Warehouse Inventory,2026-09-06T03:34:41.453917
2346,20220630,3663,1,10,0.00,0.00,Central Warehouse Inventory,2026-09-06T03:34:41.453917
2347,20220630,3664,4,10,0.00,0.00,Central Warehouse Inventory,2026-09-06T03:34:41.453917
2348,20220630,3665,3,10,0.00,0.00,Central Warehouse Inventory,2026-09-06T03:34:41.453917
2349,20220630,3666,2,10,0.00,0.00,Central Warehouse Inventory,2026-09-06T03:34:41.453917
2350,20220630,3667,2,10,0.00,0.00,Central Warehouse Inventory,2026-09-06T03:34:41.453917
2351,20220630,3668,8,10,0.00,0.00,Central Warehouse Inventory,2026-09-06T03:34:41.453917
2352,20220630,3669,2,10,0.00,0.00,Central Warehouse Inventory,2026-09-06T03:34:41.453917
2353,20220630,3670,4,10,0.00,0.00,Central Warehouse Inventory,2026-09-06T03:34:41.453917
2354,20220630,3671,3,10,0.00,0.00,Central Warehouse Inventory,2026-09-06T03:34:41.453917
2355,20220630,3672,2,10,0.00,0.00,Central Warehouse Inventory,2026-09-06T03:34:41.453917
2356,20220630,3673,35,10,0.00,0.00,Central Warehouse Inventory,2026-09-06T03:34:41.453917
2357,20220630,3674,2,10,0.00,0.00,Central Warehouse Inventory,2026-09-06T03:34:41.453917
2358,20220630,3675,2,10,0.00,0.00,Central Warehouse Inventory,2026-09-06T03:34:41.453917
2359,20220630,3676,2,10,0.00,0.00,Central Warehouse Inventory,2026-09-06T03:34:41.453917
2360,20220630,3677,4,10,0.00,0.00,Central Warehouse Inventory,2026-09-06T03:34:41.453917
2361,20220630,3678,14,10,0.00,0.00,Central Warehouse Inventory,2026-09-06T03:34:41.453917
2362,20220630,3679,3,10,0.00,0.00,Central Warehouse Inventory,2026-09-06T03:34:41.453917
2363,20220630,3680,21,10,0.00,0.00,Central Warehouse Inventory,2026-09-06T03:34:41.453917
2364,20220630,3681,4,10,0.00,0.00,Central Warehouse Inventory,2026-09-06T03:34:41.453917
2365,20220630,3682,3,10,0.00,0.00,Central Warehouse Inventory,2026-09-06T03:34:41.453917
2366,20220630,3683,4,10,0.00,0.00,Central Warehouse Inventory,2026-09-06T03:34:41.453917
2367,20220630,3684,2,10,0.00,0.00,Central Warehouse Inventory,2026-09-06T03:34:41.453917
2368,20220630,3685,3,10,0.00,0.00,Central Warehouse Inventory,2026-09-06T03:34:41.453917
2369,20220630,3686,2,10,0.00,0.00,Central Warehouse Inventory,2026-09-06T03:34:41.453917
2370,20220630,3687,2,10,0.00,0.00,Central Warehouse Inventory,2026-09-06T03:34:41.453917
2371,20220630,3688,2,10,0.00,0.00,Central Warehouse Inventory,2026-09-06T03:34:41.453917
2372,20220630,3689,5,10,0.00,0.00,Central Warehouse Inventory,2026-09-06T03:34:41.453917
2373,20220630,3690,3,10,0.00,0.00,Central Warehouse Inventory,2026-09-06T03:34:41.453917
2374,20220630,3691,3,10,0.00,0.00,Central Warehouse Inventory,2026-09-06T03:34:41.453917
2375,20220630,3692,4,10,0.00,0.00,Central Warehouse Inventory,2026-09-06T03:34:41.453917
2376,20220630,3693,3,10,0.00,0.00,Central Warehouse Inventory,2026-09-06T03:34:41.453917
2377,20220630,3694,2,10,0.00,0.00,Central Warehouse Inventory,2026-09-06T03:34:41.453917
2378,20220630,3695,2,10,0.00,0.00,Central Warehouse Inventory,2026-09-06T03:34:41.453917
2379,20220630,3696,1,10,0.00,0.00,Central Warehouse Inventory,2026-09-06T03:34:41.453917
2380,20220630,3697,3,10,0.00,0.00,Central Warehouse Inventory,2026-09-06T03:34:41.453917
2381,20220630,3698,6,10,0.00,0.00,Central Warehouse Inventory,2026-09-06T03:34:41.453917
2382,20220630,3699,2,10,0.00,0.00,Central Warehouse Inventory,2026-09-06T03:34:41.453917
2383,20220630,3700,2,10,0.00,0.00,Central Warehouse Inventory,2026-09-06T03:34:41.453917
2384,20220630,3701,3,10,0.00,0.00,Central Warehouse Inventory,2026-09-06T03:34:41.453917
2385,20220630,3702,6,10,0.00,0.00,Central Warehouse Inventory,2026-09-06T03:34:41.453917
2386,20220630,3703,3,10,0.00,0.00,Central Warehouse Inventory,2026-09-06T03:34:41.453917
2387,20220630,3704,1,10,0.00,0.00,Central Warehouse Inventory,2026-09-06T03:34:41.453917
2388,20220630,3705,1,10,0.00,0.00,Central Warehouse Inventory,2026-09-06T03:34:41.453917
2389,20220630,3706,0,10,0.00,0.00,Central Warehouse Inventory,2026-09-06T03:34:41.453917
2390,20220630,3707,1,10,0.00,0.00,Central Warehouse Inventory,2026-09-06T03:34:41.453917
2391,20220630,3708,1,10,0.00,0.00,Central Warehouse Inventory,2026-09-06T03:34:41.453917
2392,20220630,3709,2,10,0.00,0.00,Central Warehouse Inventory,2026-09-06T03:34:41.453917
2393,20220630,3710,1,10,0.00,0.00,Central Warehouse Inventory,2026-09-06T03:34:41.453917
2394,20220630,3711,3,10,0.00,0.00,Central Warehouse Inventory,2026-09-06T03:34:41.453917
2395,20220630,3712,2,10,0.00,0.00,Central Warehouse Inventory,2026-09-06T03:34:41.453917
2396,20220630,3713,2,10,0.00,0.00,Central Warehouse Inventory,2026-09-06T03:34:41.453917
2397,20220630,3714,2,10,0.00,0.00,Central Warehouse Inventory,2026-09-06T03:34:41.453917
2398,20220630,3715,3,10,0.00,0.00,Central Warehouse Inventory,2026-09-06T03:34:41.453917
2399,20220630,3716,4,10,0.00,0.00,Central Warehouse Inventory,2026-09-06T03:34:41.453917
2400,20220630,3717,2,10,0.00,0.00,Central Warehouse Inventory,2026-09-06T03:34:41.453917
2401,20220630,3718,2,10,0.00,0.00,Central Warehouse Inventory,2026-09-06T03:34:41.453917
2402,20220630,3719,1,10,0.00,0.00,Central Warehouse Inventory,2026-09-06T03:34:41.453917
2403,20220630,3720,2,10,0.00,0.00,Central Warehouse Inventory,2026-09-06T03:34:41.453917
2404,20220630,3721,2,10,0.00,0.00,Central Warehouse Inventory,2026-09-06T03:34:41.453917
2405,20220630,3722,2,10,0.00,0.00,Central Warehouse Inventory,2026-09-06T03:34:41.453917
2406,20220630,3723,2,10,0.00,0.00,Central Warehouse Inventory,2026-09-06T03:34:41.453917
2407,20220630,3724,1,10,0.00,0.00,Central Warehouse Inventory,2026-09-06T03:34:41.453917
2408,20220630,3725,2,10,0.00,0.00,Central Warehouse Inventory,2026-09-06T03:34:41.453917
2409,20220630,3726,1,10,0.00,0.00,Central Warehouse Inventory,2026-09-06T03:34:41.453917
2410,20220630,3727,2,10,0.00,0.00,Central Warehouse Inventory,2026-09-06T03:34:41.453917
2411,20220630,3728,2,10,0.00,0.00,Central Warehouse Inventory,2026-09-06T03:34:41.453917
2412,20220630,3729,2,10,0.00,0.00,Central Warehouse Inventory,2026-09-06T03:34:41.453917
2413,20220630,3730,0,10,0.00,0.00,Central Warehouse Inventory,2026-09-06T03:34:41.453917
2414,20220630,3731,4,10,0.00,0.00,Central Warehouse Inventory,2026-09-06T03:34:41.453917
2415,20220630,3732,2,10,0.00,0.00,Central Warehouse Inventory,2026-09-06T03:34:41.453917
2416,20220630,3733,5,10,0.00,0.00,Central Warehouse Inventory,2026-09-06T03:34:41.453917
2417,20220630,3734,4,10,0.00,0.00,Central Warehouse Inventory,2026-09-06T03:34:41.453917
2418,20220630,3735,3,10,0.00,0.00,Central Warehouse Inventory,2026-09-06T03:34:41.453917
2419,20220630,3736,2,10,0.00,0.00,Central Warehouse Inventory,2026-09-06T03:34:41.453917
2420,20220630,3737,4,10,0.00,0.00,Central Warehouse Inventory,2026-09-06T03:34:41.453917
2421,20220630,3738,2,10,0.00,0.00,Central Warehouse Inventory,2026-09-06T03:34:41.453917
2422,20220630,3739,3,10,0.00,0.00,Central Warehouse Inventory,2026-09-06T03:34:41.453917
2423,20220630,3740,2,10,0.00,0.00,Central Warehouse Inventory,2026-09-06T03:34:41.453917
2424,20220630,3741,2,10,0.00,0.00,Central Warehouse Inventory,2026-09-06T03:34:41.453917
2425,20220630,3742,1,10,0.00,0.00,Central Warehouse Inventory,2026-09-06T03:34:41.453917
2426,20220630,3743,0,10,0.00,0.00,Central Warehouse Inventory,2026-09-06T03:34:41.453917
2427,20220630,3744,0,10,0.00,0.00,Central Warehouse Inventory,2026-09-06T03:34:41.453917
2428,20220630,3745,0,10,0.00,0.00,Central Warehouse Inventory,2026-09-06T03:34:41.453917
2429,20220630,3746,0,10,0.00,0.00,Central Warehouse Inventory,2026-09-06T03:34:41.453917
2430,20220630,3747,1,10,0.00,0.00,Central Warehouse Inventory,2026-09-06T03:34:41.453917
2431,20220630,3748,0,10,0.00,0.00,Central Warehouse Inventory,2026-09-06T03:34:41.453917
2432,20220630,3749,0,10,0.00,0.00,Central Warehouse Inventory,2026-09-06T03:34:41.453917
2433,20220630,3750,0,10,0.00,0.00,Central Warehouse Inventory,2026-09-06T03:34:41.453917
2434,20220630,3751,0,10,0.00,0.00,Central Warehouse Inventory,2026-09-06T03:34:41.453917
2435,20220630,3752,2,10,0.00,0.00,Central Warehouse Inventory,2026-09-06T03:34:41.453917
2436,20220630,3753,26,10,0.00,0.00,Central Warehouse Inventory,2026-09-06T03:34:41.453917
2437,20220630,3754,24,10,0.00,0.00,Central Warehouse Inventory,2026-09-06T03:34:41.453917
2438,20220630,3755,6,10,0.00,0.00,Central Warehouse Inventory,2026-09-06T03:34:41.453917
2439,20220630,3756,7,10,0.00,0.00,Central Warehouse Inventory,2026-09-06T03:34:41.453917
2440,20220630,3757,6,10,0.00,0.00,Central Warehouse Inventory,2026-09-06T03:34:41.453917
2441,20220630,3758,8,10,0.00,0.00,Central Warehouse Inventory,2026-09-06T03:34:41.453917
2442,20220630,3759,6,10,0.00,0.00,Central Warehouse Inventory,2026-09-06T03:34:41.453917
2443,20220630,3760,3,10,0.00,0.00,Central Warehouse Inventory,2026-09-06T03:34:41.453917
2444,20220630,3761,5,10,0.00,0.00,Central Warehouse Inventory,2026-09-06T03:34:41.453917
2445,20220630,3762,24,10,0.00,0.00,Central Warehouse Inventory,2026-09-06T03:34:41.453917
2446,20220630,3763,23,10,0.00,0.00,Central Warehouse Inventory,2026-09-06T03:34:41.453917
2447,20220630,3764,57,10,0.00,0.00,Central Warehouse Inventory,2026-09-06T03:34:41.453917
2448,20220630,3765,64,10,0.00,0.00,Central Warehouse Inventory,2026-09-06T03:34:41.453917
2449,20220630,3766,50,10,0.00,0.00,Central Warehouse Inventory,2026-09-06T03:34:41.453917
2450,20220630,3767,51,10,0.00,0.00,Central Warehouse Inventory,2026-09-06T03:34:41.453917
2451,20220630,3768,52,10,0.00,0.00,Central Warehouse Inventory,2026-09-06T03:34:41.453917
2452,20220630,3769,60,10,0.00,0.00,Central Warehouse Inventory,2026-09-06T03:34:41.453917
2453,20220630,3770,27,10,0.00,0.00,Central Warehouse Inventory,2026-09-06T03:34:41.453917
2454,20220630,3771,0,10,0.00,0.00,Central Warehouse Inventory,2026-09-06T03:34:41.453917
2455,20220630,3772,3,10,0.00,0.00,Central Warehouse Inventory,2026-09-06T03:34:41.453917
2456,20220630,3773,2,10,0.00,0.00,Central Warehouse Inventory,2026-09-06T03:34:41.453917
2457,20220630,3774,3,10,0.00,0.00,Central Warehouse Inventory,2026-09-06T03:34:41.453917
2458,20220630,3775,1,10,0.00,0.00,Central Warehouse Inventory,2026-09-06T03:34:41.453917
2459,20220630,3776,4,10,0.00,0.00,Central Warehouse Inventory,2026-09-06T03:34:41.453917
2460,20220630,3777,2,10,0.00,0.00,Central Warehouse Inventory,2026-09-06T03:34:41.453917
2461,20220630,3778,28,10,0.00,0.00,Central Warehouse Inventory,2026-09-06T03:34:41.453917
2462,20220630,3779,29,10,0.00,0.00,Central Warehouse Inventory,2026-09-06T03:34:41.453917
2463,20220630,3780,5,10,0.00,0.00,Central Warehouse Inventory,2026-09-06T03:34:41.453917
2464,20220630,3781,78,10,0.00,0.00,Central Warehouse Inventory,2026-09-06T03:34:41.453917
2465,20220630,3782,42,10,0.00,0.00,Central Warehouse Inventory,2026-09-06T03:34:41.453917
2466,20220630,3783,65,10,0.00,0.00,Central Warehouse Inventory,2026-09-06T03:34:41.453917
2467,20220630,3784,36,10,0.00,0.00,Central Warehouse Inventory,2026-09-06T03:34:41.453917
2468,20220630,3785,22,10,0.00,0.00,Central Warehouse Inventory,2026-09-06T03:34:41.453917
2469,20220630,3786,22,10,0.00,0.00,Central Warehouse Inventory,2026-09-06T03:34:41.453917
2470,20220630,3787,5,10,0.00,0.00,Central Warehouse Inventory,2026-09-06T03:34:41.453917
2471,20220630,3788,2,10,0.00,0.00,Central Warehouse Inventory,2026-09-06T03:34:41.453917
2472,20220630,3789,44,10,0.00,0.00,Central Warehouse Inventory,2026-09-06T03:34:41.453917
2473,20220630,3790,15,10,0.00,0.00,Central Warehouse Inventory,2026-09-06T03:34:41.453917
2474,20220630,3791,42,10,0.00,0.00,Central Warehouse Inventory,2026-09-06T03:34:41.453917
2475,20220630,3792,11,10,0.00,0.00,Central Warehouse Inventory,2026-09-06T03:34:41.453917
2476,20220630,3793,13,10,0.00,0.00,Central Warehouse Inventory,2026-09-06T03:34:41.453917
2477,20220630,3794,28,10,0.00,0.00,Central Warehouse Inventory,2026-09-06T03:34:41.453917
2478,20220630,3795,13,10,0.00,0.00,Central Warehouse Inventory,2026-09-06T03:34:41.453917
2479,20220630,3796,122,10,0.00,0.00,Central Warehouse Inventory,2026-09-06T03:34:41.453917
2480,20220630,3797,3,10,0.00,0.00,Central Warehouse Inventory,2026-09-06T03:34:41.453917
2481,20220630,3798,6,10,0.00,0.00,Central Warehouse Inventory,2026-09-06T03:34:41.453917
2482,20220630,3799,26,10,0.00,0.00,Central Warehouse Inventory,2026-09-06T03:34:41.453917
2483,20220630,3800,41,10,0.00,0.00,Central Warehouse Inventory,2026-09-06T03:34:41.453917
2484,20220630,3801,54,10,0.00,0.00,Central Warehouse Inventory,2026-09-06T03:34:41.453917
2485,20220630,3802,50,10,0.00,0.00,Central Warehouse Inventory,2026-09-06T03:34:41.453917
2486,20220630,3803,27,10,0.00,0.00,Central Warehouse Inventory,2026-09-06T03:34:41.453917
2487,20220630,3804,63,10,0.00,0.00,Central Warehouse Inventory,2026-09-06T03:34:41.453917
2488,20220630,3805,48,10,0.00,0.00,Central Warehouse Inventory,2026-09-06T03:34:41.453917
2489,20220630,3806,60,10,0.00,0.00,Central Warehouse Inventory,2026-09-06T03:34:41.453917
2490,20220630,3807,69,10,0.00,0.00,Central Warehouse Inventory,2026-09-06T03:34:41.453917
2491,20220630,3808,58,10,0.00,0.00,Central Warehouse Inventory,2026-09-06T03:34:41.453917
2492,20220630,3809,75,10,0.00,0.00,Central Warehouse Inventory,2026-09-06T03:34:41.453917
2493,20220630,3810,21,10,0.00,0.00,Central Warehouse Inventory,2026-09-06T03:34:41.453917
2494,20220630,3811,46,10,0.00,0.00,Central Warehouse Inventory,2026-09-06T03:34:41.453917
2495,20220630,3812,15,10,0.00,0.00,Central Warehouse Inventory,2026-09-06T03:34:41.453917
2496,20220630,3813,145,10,0.00,0.00,Central Warehouse Inventory,2026-09-06T03:34:41.453917
2497,20220630,3814,224,10,0.00,0.00,Central Warehouse Inventory,2026-09-06T03:34:41.453917
2498,20220630,3815,245,10,0.00,0.00,Central Warehouse Inventory,2026-09-06T03:34:41.453917
2499,20220630,3816,116,10,0.00,0.00,Central Warehouse Inventory,2026-09-06T03:34:41.453917
2500,20220630,3817,146,10,0.00,0.00,Central Warehouse Inventory,2026-09-06T03:34:41.453917
2501,20220630,3818,37,10,0.00,0.00,Central Warehouse Inventory,2026-09-06T03:34:41.453917
2502,20220630,3819,52,10,0.00,0.00,Central Warehouse Inventory,2026-09-06T03:34:41.453917
2503,20220630,3820,5,10,0.00,0.00,Central Warehouse Inventory,2026-09-06T03:34:41.453917
2504,20220630,3821,12,10,0.00,0.00,Central Warehouse Inventory,2026-09-06T03:34:41.453917
2505,20220630,3822,100,10,0.00,0.00,Central Warehouse Inventory,2026-09-06T03:34:41.453917
2506,20220630,3823,17,10,0.00,0.00,Central Warehouse Inventory,2026-09-06T03:34:41.453917
2507,20220630,3824,46,10,0.00,0.00,Central Warehouse Inventory,2026-09-06T03:34:41.453917
2508,20220630,3825,20,10,0.00,0.00,Central Warehouse Inventory,2026-09-06T03:34:41.453917
2509,20220630,3826,10,10,0.00,0.00,Central Warehouse Inventory,2026-09-06T03:34:41.453917
2510,20220630,3827,86,10,0.00,0.00,Central Warehouse Inventory,2026-09-06T03:34:41.453917
2511,20220630,3828,40,10,0.00,0.00,Central Warehouse Inventory,2026-09-06T03:34:41.453917
2512,20220630,3829,12,10,0.00,0.00,Central Warehouse Inventory,2026-09-06T03:34:41.453917
2513,20220630,3830,21,10,0.00,0.00,Central Warehouse Inventory,2026-09-06T03:34:41.453917
2514,20220630,3831,49,10,0.00,0.00,Central Warehouse Inventory,2026-09-06T03:34:41.453917
2515,20220630,3832,24,10,0.00,0.00,Central Warehouse Inventory,2026-09-06T03:34:41.453917
2516,20220630,3833,18,10,0.00,0.00,Central Warehouse Inventory,2026-09-06T03:34:41.453917
2517,20220630,3834,193,10,0.00,0.00,Central Warehouse Inventory,2026-09-06T03:34:41.453917
2518,20220630,3835,198,10,0.00,0.00,Central Warehouse Inventory,2026-09-06T03:34:41.453917
2519,20220630,3836,441,10,0.00,0.00,Central Warehouse Inventory,2026-09-06T03:34:41.453917
2520,20220630,3837,31,10,0.00,0.00,Central Warehouse Inventory,2026-09-06T03:34:41.453917
2521,20220630,3838,77,10,0.00,0.00,Central Warehouse Inventory,2026-09-06T03:34:41.453917
2522,20220630,3839,166,10,0.00,0.00,Central Warehouse Inventory,2026-09-06T03:34:41.453917
2523,20220630,3840,329,10,0.00,0.00,Central Warehouse Inventory,2026-09-06T03:34:41.453917
2524,20220630,3841,70,10,0.00,0.00,Central Warehouse Inventory,2026-09-06T03:34:41.453917
2525,20220630,3842,182,10,0.00,0.00,Central Warehouse Inventory,2026-09-06T03:34:41.453917
2526,20220630,3843,151,10,0.00,0.00,Central Warehouse Inventory,2026-09-06T03:34:41.453917
2527,20220630,3844,92,10,0.00,0.00,Central Warehouse Inventory,2026-09-06T03:34:41.453917
2528,20220630,3845,116,10,0.00,0.00,Central Warehouse Inventory,2026-09-06T03:34:41.453917
2529,20220630,3846,61,10,0.00,0.00,Central Warehouse Inventory,2026-09-06T03:34:41.453917
2530,20220630,3847,49,10,0.00,0.00,Central Warehouse Inventory,2026-09-06T03:34:41.453917
2531,20220630,3848,83,10,0.00,0.00,Central Warehouse Inventory,2026-09-06T03:34:41.453917
2532,20220630,3849,153,10,0.00,0.00,Central Warehouse Inventory,2026-09-06T03:34:41.453917
2533,20220630,3850,108,10,0.00,0.00,Central Warehouse Inventory,2026-09-06T03:34:41.453917
2534,20220630,3851,74,10,0.00,0.00,Central Warehouse Inventory,2026-09-06T03:34:41.453917
2535,20220630,3852,131,10,0.00,0.00,Central Warehouse Inventory,2026-09-06T03:34:41.453917
2536,20220630,3853,49,10,0.00,0.00,Central Warehouse Inventory,2026-09-06T03:34:41.453917
2537,20220630,3854,7,10,0.00,0.00,Central Warehouse Inventory,2026-09-06T03:34:41.453917
2538,20220630,3855,234,10,0.00,0.00,Central Warehouse Inventory,2026-09-06T03:34:41.453917
2539,20220630,3856,154,10,0.00,0.00,Central Warehouse Inventory,2026-09-06T03:34:41.453917
2540,20220630,3857,139,10,0.00,0.00,Central Warehouse Inventory,2026-09-06T03:34:41.453917
2541,20220630,3858,145,10,0.00,0.00,Central Warehouse Inventory,2026-09-06T03:34:41.453917
2542,20220630,3859,131,10,0.00,0.00,Central Warehouse Inventory,2026-09-06T03:34:41.453917
2543,20220630,3860,177,10,0.00,0.00,Central Warehouse Inventory,2026-09-06T03:34:41.453917
2544,20220630,3861,157,10,0.00,0.00,Central Warehouse Inventory,2026-09-06T03:34:41.453917
2545,20220630,3862,4,10,0.00,0.00,Central Warehouse Inventory,2026-09-06T03:34:41.453917
2546,20220630,3863,1,10,0.00,0.00,Central Warehouse Inventory,2026-09-06T03:34:41.453917
2547,20220630,3864,2,10,0.00,0.00,Central Warehouse Inventory,2026-09-06T03:34:41.453917
2548,20220630,3865,8,10,0.00,0.00,Central Warehouse Inventory,2026-09-06T03:34:41.453917
2549,20220630,3866,0,10,0.00,0.00,Central Warehouse Inventory,2026-09-06T03:34:41.453917
2550,20220630,3867,25,10,0.00,0.00,Central Warehouse Inventory,2026-09-06T03:34:41.453917
2551,20220630,3868,32,10,0.00,0.00,Central Warehouse Inventory,2026-09-06T03:34:41.453917
2552,20220630,3869,6,10,0.00,0.00,Central Warehouse Inventory,2026-09-06T03:34:41.453917
2553,20220630,3870,2,10,0.00,0.00,Central Warehouse Inventory,2026-09-06T03:34:41.453917
2554,20220630,3871,2,10,0.00,0.00,Central Warehouse Inventory,2026-09-06T03:34:41.453917
2555,20220630,3872,5,10,0.00,0.00,Central Warehouse Inventory,2026-09-06T03:34:41.453917
2556,20220630,3873,3,10,0.00,0.00,Central Warehouse Inventory,2026-09-06T03:34:41.453917
2557,20220630,3874,28,10,0.00,0.00,Central Warehouse Inventory,2026-09-06T03:34:41.453917
2558,20220630,3875,29,10,0.00,0.00,Central Warehouse Inventory,2026-09-06T03:34:41.453917
2559,20220630,3876,1,10,0.00,0.00,Central Warehouse Inventory,2026-09-06T03:34:41.453917
2560,20220630,3877,1,10,0.00,0.00,Central Warehouse Inventory,2026-09-06T03:34:41.453917
2561,20220630,3878,2,10,0.00,0.00,Central Warehouse Inventory,2026-09-06T03:34:41.453917
2562,20220630,3879,6,10,0.00,0.00,Central Warehouse Inventory,2026-09-06T03:34:41.453917
2563,20220630,3880,3,10,0.00,0.00,Central Warehouse Inventory,2026-09-06T03:34:41.453917
2564,20220630,3881,11,10,0.00,0.00,Central Warehouse Inventory,2026-09-06T03:34:41.453917
2565,20220630,3882,26,10,0.00,0.00,Central Warehouse Inventory,2026-09-06T03:34:41.453917
2566,20220630,3883,7,10,0.00,0.00,Central Warehouse Inventory,2026-09-06T03:34:41.453917
2567,20220630,3884,4,10,0.00,0.00,Central Warehouse Inventory,2026-09-06T03:34:41.453917
2568,20220630,3885,4,10,0.00,0.00,Central Warehouse Inventory,2026-09-06T03:34:41.453917
2569,20220630,3886,28,10,0.00,0.00,Central Warehouse Inventory,2026-09-06T03:34:41.453917
2570,20220630,3887,4,10,0.00,0.00,Central Warehouse Inventory,2026-09-06T03:34:41.453917
2571,20220630,3888,45,10,0.00,0.00,Central Warehouse Inventory,2026-09-06T03:34:41.453917
2572,20220630,3889,34,10,0.00,0.00,Central Warehouse Inventory,2026-09-06T03:34:41.453917
2573,20220630,3890,111,10,0.00,0.00,Central Warehouse Inventory,2026-09-06T03:34:41.453917
2574,20220630,3891,232,10,0.00,0.00,Central Warehouse Inventory,2026-09-06T03:34:41.453917
2575,20220630,3892,95,10,0.00,0.00,Central Warehouse Inventory,2026-09-06T03:34:41.453917
2576,20220630,3893,64,10,0.00,0.00,Central Warehouse Inventory,2026-09-06T03:34:41.453917
2577,20220630,3894,77,10,0.00,0.00,Central Warehouse Inventory,2026-09-06T03:34:41.453917
2578,20220630,3895,11,10,0.00,0.00,Central Warehouse Inventory,2026-09-06T03:34:41.453917
2579,20220630,3896,27,10,0.00,0.00,Central Warehouse Inventory,2026-09-06T03:34:41.453917
2580,20220630,3897,2,10,0.00,0.00,Central Warehouse Inventory,2026-09-06T03:34:41.453917
2581,20220630,3898,2,10,0.00,0.00,Central Warehouse Inventory,2026-09-06T03:34:41.453917
2582,20220630,3899,2,10,0.00,0.00,Central Warehouse Inventory,2026-09-06T03:34:41.453917
2583,20220630,3900,3,10,0.00,0.00,Central Warehouse Inventory,2026-09-06T03:34:41.453917
2584,20220630,3901,1,10,0.00,0.00,Central Warehouse Inventory,2026-09-06T03:34:41.453917
2585,20220630,3902,15,10,0.00,0.00,Central Warehouse Inventory,2026-09-06T03:34:41.453917
2586,20220630,3903,10,10,0.00,0.00,Central Warehouse Inventory,2026-09-06T03:34:41.453917
2587,20220630,3904,24,10,0.00,0.00,Central Warehouse Inventory,2026-09-06T03:34:41.453917
2588,20220630,3905,99,10,0.00,0.00,Central Warehouse Inventory,2026-09-06T03:34:41.453917
2589,20220630,3906,30,10,0.00,0.00,Central Warehouse Inventory,2026-09-06T03:34:41.453917
2590,20220630,3907,13,10,0.00,0.00,Central Warehouse Inventory,2026-09-06T03:34:41.453917
2591,20220630,3908,20,10,0.00,0.00,Central Warehouse Inventory,2026-09-06T03:34:41.453917
2592,20220630,3909,23,10,0.00,0.00,Central Warehouse Inventory,2026-09-06T03:34:41.453917
2593,20220630,3910,18,10,0.00,0.00,Central Warehouse Inventory,2026-09-06T03:34:41.453917
2594,20220630,3911,22,10,0.00,0.00,Central Warehouse Inventory,2026-09-06T03:34:41.453917
2595,20220630,3912,54,10,0.00,0.00,Central Warehouse Inventory,2026-09-06T03:34:41.453917
2596,20220630,3913,30,10,0.00,0.00,Central Warehouse Inventory,2026-09-06T03:34:41.453917
2597,20220630,3914,15,10,0.00,0.00,Central Warehouse Inventory,2026-09-06T03:34:41.453917
2598,20220630,3915,26,10,0.00,0.00,Central Warehouse Inventory,2026-09-06T03:34:41.453917
2599,20220630,3916,85,10,0.00,0.00,Central Warehouse Inventory,2026-09-06T03:34:41.453917
2600,20220630,3917,91,10,0.00,0.00,Central Warehouse Inventory,2026-09-06T03:34:41.453917
2601,20220630,3918,129,10,0.00,0.00,Central Warehouse Inventory,2026-09-06T03:34:41.453917
2602,20220630,3919,35,10,0.00,0.00,Central Warehouse Inventory,2026-09-06T03:34:41.453917
2603,20220630,3920,9,10,0.00,0.00,Central Warehouse Inventory,2026-09-06T03:34:41.453917
2604,20220630,3921,66,10,0.00,0.00,Central Warehouse Inventory,2026-09-06T03:34:41.453917
2605,20220630,3922,77,10,0.00,0.00,Central Warehouse Inventory,2026-09-06T03:34:41.453917
2606,20220630,3923,37,10,0.00,0.00,Central Warehouse Inventory,2026-09-06T03:34:41.453917
2607,20220630,3924,81,10,0.00,0.00,Central Warehouse Inventory,2026-09-06T03:34:41.453917
2608,20220630,3925,26,10,0.00,0.00,Central Warehouse Inventory,2026-09-06T03:34:41.453917
2609,20220630,3926,1,10,0.00,0.00,Central Warehouse Inventory,2026-09-06T03:34:41.453917
2610,20220630,3927,26,10,0.00,0.00,Central Warehouse Inventory,2026-09-06T03:34:41.453917
2611,20220630,3928,33,10,0.00,0.00,Central Warehouse Inventory,2026-09-06T03:34:41.453917
2612,20220630,3929,33,10,0.00,0.00,Central Warehouse Inventory,2026-09-06T03:34:41.453917
2613,20220630,3930,30,10,0.00,0.00,Central Warehouse Inventory,2026-09-06T03:34:41.453917
2614,20220630,3931,6,10,0.00,0.00,Central Warehouse Inventory,2026-09-06T03:34:41.453917
2615,20220630,3932,3,10,0.00,0.00,Central Warehouse Inventory,2026-09-06T03:34:41.453917
2616,20220630,3933,5,10,0.00,0.00,Central Warehouse Inventory,2026-09-06T03:34:41.453917
2617,20220630,3934,7,10,0.00,0.00,Central Warehouse Inventory,2026-09-06T03:34:41.453917
2618,20220630,3935,2,10,0.00,0.00,Central Warehouse Inventory,2026-09-06T03:34:41.453917
2619,20220630,3936,37,10,0.00,0.00,Central Warehouse Inventory,2026-09-06T03:34:41.453917
2620,20220630,3937,33,10,0.00,0.00,Central Warehouse Inventory,2026-09-06T03:34:41.453917
2621,20220630,3938,23,10,0.00,0.00,Central Warehouse Inventory,2026-09-06T03:34:41.453917
2622,20220630,3939,32,10,0.00,0.00,Central Warehouse Inventory,2026-09-06T03:34:41.453917
2623,20220630,3940,45,10,0.00,0.00,Central Warehouse Inventory,2026-09-06T03:34:41.453917
2624,20220630,3941,37,10,0.00,0.00,Central Warehouse Inventory,2026-09-06T03:34:41.453917
2625,20220630,3942,32,10,0.00,0.00,Central Warehouse Inventory,2026-09-06T03:34:41.453917
2626,20220630,3943,46,10,0.00,0.00,Central Warehouse Inventory,2026-09-06T03:34:41.453917
2627,20220630,3944,55,10,0.00,0.00,Central Warehouse Inventory,2026-09-06T03:34:41.453917
2628,20220630,3945,35,10,0.00,0.00,Central Warehouse Inventory,2026-09-06T03:34:41.453917
2629,20220630,3946,3,10,0.00,0.00,Central Warehouse Inventory,2026-09-06T03:34:41.453917
2630,20220630,3947,2,10,0.00,0.00,Central Warehouse Inventory,2026-09-06T03:34:41.453917
2631,20220630,3948,2,10,0.00,0.00,Central Warehouse Inventory,2026-09-06T03:34:41.453917
2632,20220630,3949,3,10,0.00,0.00,Central Warehouse Inventory,2026-09-06T03:34:41.453917
2633,20220630,3950,6,10,0.00,0.00,Central Warehouse Inventory,2026-09-06T03:34:41.453917
2634,20220630,3951,11,10,0.00,0.00,Central Warehouse Inventory,2026-09-06T03:34:41.453917
2635,20220630,3952,20,10,0.00,0.00,Central Warehouse Inventory,2026-09-06T03:34:41.453917
2636,20220630,3953,31,10,0.00,0.00,Central Warehouse Inventory,2026-09-06T03:34:41.453917
2637,20220630,3954,25,10,0.00,0.00,Central Warehouse Inventory,2026-09-06T03:34:41.453917
2638,20220630,3955,39,10,0.00,0.00,Central Warehouse Inventory,2026-09-06T03:34:41.453917
2639,20220630,3956,32,10,0.00,0.00,Central Warehouse Inventory,2026-09-06T03:34:41.453917
2640,20220630,3957,26,10,0.00,0.00,Central Warehouse Inventory,2026-09-06T03:34:41.453917
2641,20220630,3958,22,10,0.00,0.00,Central Warehouse Inventory,2026-09-06T03:34:41.453917
2642,20220630,3959,26,10,0.00,0.00,Central Warehouse Inventory,2026-09-06T03:34:41.453917
2643,20220630,3960,5,10,0.00,0.00,Central Warehouse Inventory,2026-09-06T03:34:41.453917
2644,20220630,3961,4,10,0.00,0.00,Central Warehouse Inventory,2026-09-06T03:34:41.453917
2645,20220630,3962,24,10,0.00,0.00,Central Warehouse Inventory,2026-09-06T03:34:41.453917
2646,20220630,3963,3,10,0.00,0.00,Central Warehouse Inventory,2026-09-06T03:34:41.453917
2647,20220630,3964,41,10,0.00,0.00,Central Warehouse Inventory,2026-09-06T03:34:41.453917
2648,20220630,3965,21,10,0.00,0.00,Central Warehouse Inventory,2026-09-06T03:34:41.453917
2649,20220630,3966,8,10,0.00,0.00,Central Warehouse Inventory,2026-09-06T03:34:41.453917
2650,20220630,3967,3,10,0.00,0.00,Central Warehouse Inventory,2026-09-06T03:34:41.453917
2651,20220630,3968,2,10,0.00,0.00,Central Warehouse Inventory,2026-09-06T03:34:41.453917
2652,20220630,3969,11,10,0.00,0.00,Central Warehouse Inventory,2026-09-06T03:34:41.453917
2653,20220630,3970,5,10,0.00,0.00,Central Warehouse Inventory,2026-09-06T03:34:41.453917
2654,20220630,3971,23,10,0.00,0.00,Central Warehouse Inventory,2026-09-06T03:34:41.453917
2655,20220630,3972,5,10,0.00,0.00,Central Warehouse Inventory,2026-09-06T03:34:41.453917
2656,20220630,3973,7,10,0.00,0.00,Central Warehouse Inventory,2026-09-06T03:34:41.453917
2657,20220630,3974,35,10,0.00,0.00,Central Warehouse Inventory,2026-09-06T03:34:41.453917
2658,20220630,3975,47,10,0.00,0.00,Central Warehouse Inventory,2026-09-06T03:34:41.453917
2659,20220630,3976,34,10,0.00,0.00,Central Warehouse Inventory,2026-09-06T03:34:41.453917
2660,20220630,3977,22,10,0.00,0.00,Central Warehouse Inventory,2026-09-06T03:34:41.453917
2661,20220630,3978,37,10,0.00,0.00,Central Warehouse Inventory,2026-09-06T03:34:41.453917
2662,20220630,3979,37,10,0.00,0.00,Central Warehouse Inventory,2026-09-06T03:34:41.453917
2663,20220630,3980,19,10,0.00,0.00,Central Warehouse Inventory,2026-09-06T03:34:41.453917
2664,20220630,3981,1,10,0.00,0.00,Central Warehouse Inventory,2026-09-06T03:34:41.453917
2665,20220630,3982,0,10,0.00,0.00,Central Warehouse Inventory,2026-09-06T03:34:41.453917
2666,20220630,3983,7,10,0.00,0.00,Central Warehouse Inventory,2026-09-06T03:34:41.453917
2667,20220630,3984,9,10,0.00,0.00,Central Warehouse Inventory,2026-09-06T03:34:41.453917
2668,20220630,3985,5,10,0.00,0.00,Central Warehouse Inventory,2026-09-06T03:34:41.453917
2669,20220630,3986,3,10,0.00,0.00,Central Warehouse Inventory,2026-09-06T03:34:41.453917
2670,20220630,3987,2,10,0.00,0.00,Central Warehouse Inventory,2026-09-06T03:34:41.453917
2671,20220630,3988,7,10,0.00,0.00,Central Warehouse Inventory,2026-09-06T03:34:41.453917
2672,20220630,3989,3,10,0.00,0.00,Central Warehouse Inventory,2026-09-06T03:34:41.453917
2673,20220630,3990,23,10,0.00,0.00,Central Warehouse Inventory,2026-09-06T03:34:41.453917
2674,20220630,3991,0,10,0.00,0.00,Central Warehouse Inventory,2026-09-06T03:34:41.453917
2675,20220630,3992,25,10,0.00,0.00,Central Warehouse Inventory,2026-09-06T03:34:41.453917
2676,20220630,3993,1,10,0.00,0.00,Central Warehouse Inventory,2026-09-06T03:34:41.453917
2677,20220630,3994,2,10,0.00,0.00,Central Warehouse Inventory,2026-09-06T03:34:41.453917
2678,20220630,3995,1,10,0.00,0.00,Central Warehouse Inventory,2026-09-06T03:34:41.453917
2679,20220630,3996,1,10,0.00,0.00,Central Warehouse Inventory,2026-09-06T03:34:41.453917
2680,20220630,3997,3,10,0.00,0.00,Central Warehouse Inventory,2026-09-06T03:34:41.453917
2681,20220630,3998,2,10,0.00,0.00,Central Warehouse Inventory,2026-09-06T03:34:41.453917
2682,20220630,3999,3,10,0.00,0.00,Central Warehouse Inventory,2026-09-06T03:34:41.453917
2683,20220630,4000,0,10,0.00,0.00,Central Warehouse Inventory,2026-09-06T03:34:41.453917
2684,20220630,4001,2,10,0.00,0.00,Central Warehouse Inventory,2026-09-06T03:34:41.453917
2685,20220630,4002,3,10,0.00,0.00,Central Warehouse Inventory,2026-09-06T03:34:41.453917
2686,20220630,4003,7,10,0.00,0.00,Central Warehouse Inventory,2026-09-06T03:34:41.453917
2687,20220630,4004,14,10,0.00,0.00,Central Warehouse Inventory,2026-09-06T03:34:41.453917
2688,20220630,4005,12,10,0.00,0.00,Central Warehouse Inventory,2026-09-06T03:34:41.453917
2689,20220630,4006,19,10,0.00,0.00,Central Warehouse Inventory,2026-09-06T03:34:41.453917
2690,20220630,4007,2,10,0.00,0.00,Central Warehouse Inventory,2026-09-06T03:34:41.453917
2691,20220630,4008,24,10,0.00,0.00,Central Warehouse Inventory,2026-09-06T03:34:41.453917
2692,20220630,4009,29,10,0.00,0.00,Central Warehouse Inventory,2026-09-06T03:34:41.453917
2693,20220630,4010,16,10,0.00,0.00,Central Warehouse Inventory,2026-09-06T03:34:41.453917
2694,20220630,4011,27,10,0.00,0.00,Central Warehouse Inventory,2026-09-06T03:34:41.453917
2695,20220630,4012,12,10,0.00,0.00,Central Warehouse Inventory,2026-09-06T03:34:41.453917
2696,20220630,4013,33,10,0.00,0.00,Central Warehouse Inventory,2026-09-06T03:34:41.453917
2697,20220630,4014,14,10,0.00,0.00,Central Warehouse Inventory,2026-09-06T03:34:41.453917
2698,20220630,4015,19,10,0.00,0.00,Central Warehouse Inventory,2026-09-06T03:34:41.453917
2699,20220630,4016,47,10,0.00,0.00,Central Warehouse Inventory,2026-09-06T03:34:41.453917
2700,20220630,4017,91,10,0.00,0.00,Central Warehouse Inventory,2026-09-06T03:34:41.453917
2701,20220630,4018,32,10,0.00,0.00,Central Warehouse Inventory,2026-09-06T03:34:41.453917
2702,20220630,4019,31,10,0.00,0.00,Central Warehouse Inventory,2026-09-06T03:34:41.453917
2703,20220630,4020,28,10,0.00,0.00,Central Warehouse Inventory,2026-09-06T03:34:41.453917
2704,20220630,4021,29,10,0.00,0.00,Central Warehouse Inventory,2026-09-06T03:34:41.453917
2705,20220630,4022,21,10,0.00,0.00,Central Warehouse Inventory,2026-09-06T03:34:41.453917
2706,20220630,4023,10,10,0.00,0.00,Central Warehouse Inventory,2026-09-06T03:34:41.453917
2707,20220630,4024,4,10,0.00,0.00,Central Warehouse Inventory,2026-09-06T03:34:41.453917
2708,20220630,4025,18,10,0.00,0.00,Central Warehouse Inventory,2026-09-06T03:34:41.453917
2709,20220630,4026,13,10,0.00,0.00,Central Warehouse Inventory,2026-09-06T03:34:41.453917
2710,20220630,4027,28,10,0.00,0.00,Central Warehouse Inventory,2026-09-06T03:34:41.453917
2711,20220630,4028,20,10,0.00,0.00,Central Warehouse Inventory,2026-09-06T03:34:41.453917
2712,20220630,4029,22,10,0.00,0.00,Central Warehouse Inventory,2026-09-06T03:34:41.453917
2713,20220630,4030,10,10,0.00,0.00,Central Warehouse Inventory,2026-09-06T03:34:41.453917
2714,20220630,4031,5,10,0.00,0.00,Central Warehouse Inventory,2026-09-06T03:34:41.453917
2715,20220630,4032,13,10,0.00,0.00,Central Warehouse Inventory,2026-09-06T03:34:41.453917
2716,20220630,4033,24,10,0.00,0.00,Central Warehouse Inventory,2026-09-06T03:34:41.453917
2717,20220630,4034,30,10,0.00,0.00,Central Warehouse Inventory,2026-09-06T03:34:41.453917
2718,20220630,4035,39,10,0.00,0.00,Central Warehouse Inventory,2026-09-06T03:34:41.453917
2719,20220630,4036,20,10,0.00,0.00,Central Warehouse Inventory,2026-09-06T03:34:41.453917
2720,20220630,4037,0,10,0.00,0.00,Central Warehouse Inventory,2026-09-06T03:34:41.453917
2721,20220630,4038,0,10,0.00,0.00,Central Warehouse Inventory,2026-09-06T03:34:41.453917
2722,20220630,4039,3,10,0.00,0.00,Central Warehouse Inventory,2026-09-06T03:34:41.453917
2723,20220630,4040,0,10,0.00,0.00,Central Warehouse Inventory,2026-09-06T03:34:41.453917
2724,20220630,4041,6,10,0.00,0.00,Central Warehouse Inventory,2026-09-06T03:34:41.453917
2725,20220630,4042,1,10,0.00,0.00,Central Warehouse Inventory,2026-09-06T03:34:41.453917
2726,20220630,4043,2,10,0.00,0.00,Central Warehouse Inventory,2026-09-06T03:34:41.453917
2727,20220630,4044,32,10,0.00,0.00,Central Warehouse Inventory,2026-09-06T03:34:41.453917
2728,20220630,4045,28,10,0.00,0.00,Central Warehouse Inventory,2026-09-06T03:34:41.453917
2729,20220630,4046,38,10,0.00,0.00,Central Warehouse Inventory,2026-09-06T03:34:41.453917
2730,20220630,4047,36,10,0.00,0.00,Central Warehouse Inventory,2026-09-06T03:34:41.453917
2731,20220630,4048,29,10,0.00,0.00,Central Warehouse Inventory,2026-09-06T03:34:41.453917
2732,20220630,4049,39,10,0.00,0.00,Central Warehouse Inventory,2026-09-06T03:34:41.453917
2733,20220630,4050,31,10,0.00,0.00,Central Warehouse Inventory,2026-09-06T03:34:41.453917
2734,20220630,4051,27,10,0.00,0.00,Central Warehouse Inventory,2026-09-06T03:34:41.453917
2735,20220630,4052,24,10,0.00,0.00,Central Warehouse Inventory,2026-09-06T03:34:41.453917
2736,20220630,4053,23,10,0.00,0.00,Central Warehouse Inventory,2026-09-06T03:34:41.453917
2737,20220630,4054,30,10,0.00,0.00,Central Warehouse Inventory,2026-09-06T03:34:41.453917
2738,20220630,4055,37,10,0.00,0.00,Central Warehouse Inventory,2026-09-06T03:34:41.453917
2739,20220630,4056,34,10,0.00,0.00,Central Warehouse Inventory,2026-09-06T03:34:41.453917
2740,20220630,4057,25,10,0.00,0.00,Central Warehouse Inventory,2026-09-06T03:34:41.453917
2741,20220630,4058,3,10,0.00,0.00,Central Warehouse Inventory,2026-09-06T03:34:41.453917
2742,20220630,4059,3,10,0.00,0.00,Central Warehouse Inventory,2026-09-06T03:34:41.453917
2743,20220630,4060,15,10,0.00,0.00,Central Warehouse Inventory,2026-09-06T03:34:41.453917
2744,20220630,4061,1,10,0.00,0.00,Central Warehouse Inventory,2026-09-06T03:34:41.453917
2745,20220630,4062,30,10,0.00,0.00,Central Warehouse Inventory,2026-09-06T03:34:41.453917
2746,20220630,4063,4,10,0.00,0.00,Central Warehouse Inventory,2026-09-06T03:34:41.453917
2747,20220630,4064,2,10,0.00,0.00,Central Warehouse Inventory,2026-09-06T03:34:41.453917
2748,20220630,4065,1,10,0.00,0.00,Central Warehouse Inventory,2026-09-06T03:34:41.453917
2749,20220630,4066,2,10,0.00,0.00,Central Warehouse Inventory,2026-09-06T03:34:41.453917
2750,20220630,4067,11,10,0.00,0.00,Central Warehouse Inventory,2026-09-06T03:34:41.453917
2751,20220630,4068,1,10,0.00,0.00,Central Warehouse Inventory,2026-09-06T03:34:41.453917
2752,20220630,4069,20,10,0.00,0.00,Central Warehouse Inventory,2026-09-06T03:34:41.453917
2753,20220630,4070,10,10,0.00,0.00,Central Warehouse Inventory,2026-09-06T03:34:41.453917
2754,20220630,4071,0,10,0.00,0.00,Central Warehouse Inventory,2026-09-06T03:34:41.453917
2755,20220630,4072,20,10,0.00,0.00,Central Warehouse Inventory,2026-09-06T03:34:41.453917
2756,20220630,4073,25,10,0.00,0.00,Central Warehouse Inventory,2026-09-06T03:34:41.453917
2757,20220630,4074,31,10,0.00,0.00,Central Warehouse Inventory,2026-09-06T03:34:41.453917
2758,20220630,4075,30,10,0.00,0.00,Central Warehouse Inventory,2026-09-06T03:34:41.453917
2759,20220630,4076,21,10,0.00,0.00,Central Warehouse Inventory,2026-09-06T03:34:41.453917
2760,20220630,4077,34,10,0.00,0.00,Central Warehouse Inventory,2026-09-06T03:34:41.453917
2761,20220630,4078,28,10,0.00,0.00,Central Warehouse Inventory,2026-09-06T03:34:41.453917
2762,20220630,4079,2,10,0.00,0.00,Central Warehouse Inventory,2026-09-06T03:34:41.453917
2763,20220630,4080,0,10,0.00,0.00,Central Warehouse Inventory,2026-09-06T03:34:41.453917
2764,20220630,4081,1,10,0.00,0.00,Central Warehouse Inventory,2026-09-06T03:34:41.453917
2765,20220630,4082,2,10,0.00,0.00,Central Warehouse Inventory,2026-09-06T03:34:41.453917
2766,20220630,4083,1,10,0.00,0.00,Central Warehouse Inventory,2026-09-06T03:34:41.453917
2767,20220630,4084,3,10,0.00,0.00,Central Warehouse Inventory,2026-09-06T03:34:41.453917
2768,20220630,4085,2,10,0.00,0.00,Central Warehouse Inventory,2026-09-06T03:34:41.453917
2769,20220630,4086,1,10,0.00,0.00,Central Warehouse Inventory,2026-09-06T03:34:41.453917
2770,20220630,4087,4,10,0.00,0.00,Central Warehouse Inventory,2026-09-06T03:34:41.453917
2771,20220630,4088,6,10,0.00,0.00,Central Warehouse Inventory,2026-09-06T03:34:41.453917
2772,20220630,4089,1,10,0.00,0.00,Central Warehouse Inventory,2026-09-06T03:34:41.453917
2773,20220630,4090,4,10,0.00,0.00,Central Warehouse Inventory,2026-09-06T03:34:41.453917
2774,20220630,4091,7,10,0.00,0.00,Central Warehouse Inventory,2026-09-06T03:34:41.453917
2775,20220630,4092,2,10,0.00,0.00,Central Warehouse Inventory,2026-09-06T03:34:41.453917
2776,20220630,4093,2,10,0.00,0.00,Central Warehouse Inventory,2026-09-06T03:34:41.453917
2777,20220630,4094,6,10,0.00,0.00,Central Warehouse Inventory,2026-09-06T03:34:41.453917
2778,20220630,4095,26,10,0.00,0.00,Central Warehouse Inventory,2026-09-06T03:34:41.453917
2779,20220630,4096,7,10,0.00,0.00,Central Warehouse Inventory,2026-09-06T03:34:41.453917
2780,20220630,4097,21,10,0.00,0.00,Central Warehouse Inventory,2026-09-06T03:34:41.453917
2781,20220630,4098,16,10,0.00,0.00,Central Warehouse Inventory,2026-09-06T03:34:41.453917
2782,20220630,4099,3,10,0.00,0.00,Central Warehouse Inventory,2026-09-06T03:34:41.453917
2783,20220630,4100,13,10,0.00,0.00,Central Warehouse Inventory,2026-09-06T03:34:41.453917
2784,20220630,4101,2,10,0.00,0.00,Central Warehouse Inventory,2026-09-06T03:34:41.453917
2785,20220630,4102,3,10,0.00,0.00,Central Warehouse Inventory,2026-09-06T03:34:41.453917
2786,20220630,4103,21,10,0.00,0.00,Central Warehouse Inventory,2026-09-06T03:34:41.453917
2787,20220630,4104,19,10,0.00,0.00,Central Warehouse Inventory,2026-09-06T03:34:41.453917
2788,20220630,4105,29,10,0.00,0.00,Central Warehouse Inventory,2026-09-06T03:34:41.453917
2789,20220630,4106,1,10,0.00,0.00,Central Warehouse Inventory,2026-09-06T03:34:41.453917
2790,20220630,4107,2,10,0.00,0.00,Central Warehouse Inventory,2026-09-06T03:34:41.453917
2791,20220630,4108,3,10,0.00,0.00,Central Warehouse Inventory,2026-09-06T03:34:41.453917
2792,20220630,4109,5,10,0.00,0.00,Central Warehouse Inventory,2026-09-06T03:34:41.453917
2793,20220630,4110,0,10,0.00,0.00,Central Warehouse Inventory,2026-09-06T03:34:41.453917
2794,20220630,4111,9,10,0.00,0.00,Central Warehouse Inventory,2026-09-06T03:34:41.453917
2795,20220630,4112,17,10,0.00,0.00,Central Warehouse Inventory,2026-09-06T03:34:41.453917
2796,20220630,4113,4,10,0.00,0.00,Central Warehouse Inventory,2026-09-06T03:34:41.453917
2797,20220630,4114,4,10,0.00,0.00,Central Warehouse Inventory,2026-09-06T03:34:41.453917
2798,20220630,4115,3,10,0.00,0.00,Central Warehouse Inventory,2026-09-06T03:34:41.453917
2799,20220630,4116,12,10,0.00,0.00,Central Warehouse Inventory,2026-09-06T03:34:41.453917
2800,20220630,4117,10,10,0.00,0.00,Central Warehouse Inventory,2026-09-06T03:34:41.453917
2801,20220630,4118,24,10,0.00,0.00,Central Warehouse Inventory,2026-09-06T03:34:41.453917
2802,20220630,4119,15,10,0.00,0.00,Central Warehouse Inventory,2026-09-06T03:34:41.453917
2803,20220630,4120,3,10,0.00,0.00,Central Warehouse Inventory,2026-09-06T03:34:41.453917
2804,20220630,4121,3,10,0.00,0.00,Central Warehouse Inventory,2026-09-06T03:34:41.453917
2805,20220630,4122,6,10,0.00,0.00,Central Warehouse Inventory,2026-09-06T03:34:41.453917
2806,20220630,4123,2,10,0.00,0.00,Central Warehouse Inventory,2026-09-06T03:34:41.453917
2807,20220630,4124,5,10,0.00,0.00,Central Warehouse Inventory,2026-09-06T03:34:41.453917
2808,20220630,4125,4,10,0.00,0.00,Central Warehouse Inventory,2026-09-06T03:34:41.453917
2809,20220630,4126,2,10,0.00,0.00,Central Warehouse Inventory,2026-09-06T03:34:41.453917
2810,20220630,4127,13,10,0.00,0.00,Central Warehouse Inventory,2026-09-06T03:34:41.453917
2811,20220630,4128,21,10,0.00,0.00,Central Warehouse Inventory,2026-09-06T03:34:41.453917
2812,20220630,4129,22,10,0.00,0.00,Central Warehouse Inventory,2026-09-06T03:34:41.453917
2813,20220630,4130,35,10,0.00,0.00,Central Warehouse Inventory,2026-09-06T03:34:41.453917
2814,20220630,4131,16,10,0.00,0.00,Central Warehouse Inventory,2026-09-06T03:34:41.453917
2815,20220630,4132,23,10,0.00,0.00,Central Warehouse Inventory,2026-09-06T03:34:41.453917
2816,20220630,4133,0,10,0.00,0.00,Central Warehouse Inventory,2026-09-06T03:34:41.453917
2817,20220630,4134,1,10,0.00,0.00,Central Warehouse Inventory,2026-09-06T03:34:41.453917
2818,20220630,4135,5,10,0.00,0.00,Central Warehouse Inventory,2026-09-06T03:34:41.453917
2819,20220630,4136,12,10,0.00,0.00,Central Warehouse Inventory,2026-09-06T03:34:41.453917
2820,20220630,4137,4,10,0.00,0.00,Central Warehouse Inventory,2026-09-06T03:34:41.453917
2821,20220630,4138,7,10,0.00,0.00,Central Warehouse Inventory,2026-09-06T03:34:41.453917
2822,20220630,4139,1,10,0.00,0.00,Central Warehouse Inventory,2026-09-06T03:34:41.453917
2823,20220630,4140,1,10,0.00,0.00,Central Warehouse Inventory,2026-09-06T03:34:41.453917
2824,20220630,4141,0,10,0.00,0.00,Central Warehouse Inventory,2026-09-06T03:34:41.453917
2825,20220630,4142,3,10,0.00,0.00,Central Warehouse Inventory,2026-09-06T03:34:41.453917
2826,20220630,4143,1,10,0.00,0.00,Central Warehouse Inventory,2026-09-06T03:34:41.453917
2827,20220630,4144,0,10,0.00,0.00,Central Warehouse Inventory,2026-09-06T03:34:41.453917
2828,20220630,4145,0,10,0.00,0.00,Central Warehouse Inventory,2026-09-06T03:34:41.453917
2829,20220630,4146,4,10,0.00,0.00,Central Warehouse Inventory,2026-09-06T03:34:41.453917
2830,20220630,4147,0,10,0.00,0.00,Central Warehouse Inventory,2026-09-06T03:34:41.453917
2831,20220630,4148,0,10,0.00,0.00,Central Warehouse Inventory,2026-09-06T03:34:41.453917
2832,20220630,4149,3,10,0.00,0.00,Central Warehouse Inventory,2026-09-06T03:34:41.453917
2833,20220630,4150,2,10,0.00,0.00,Central Warehouse Inventory,2026-09-06T03:34:41.453917
2834,20220630,4151,2,10,0.00,0.00,Central Warehouse Inventory,2026-09-06T03:34:41.453917
2835,20220630,4152,7,10,0.00,0.00,Central Warehouse Inventory,2026-09-06T03:34:41.453917
2836,20220630,4153,2,10,0.00,0.00,Central Warehouse Inventory,2026-09-06T03:34:41.453917
2837,20220630,4154,1,10,0.00,0.00,Central Warehouse Inventory,2026-09-06T03:34:41.453917
2838,20220630,4155,0,10,0.00,0.00,Central Warehouse Inventory,2026-09-06T03:34:41.453917
2839,20220630,4156,13,10,0.00,0.00,Central Warehouse Inventory,2026-09-06T03:34:41.453917
2840,20220630,4157,12,10,0.00,0.00,Central Warehouse Inventory,2026-09-06T03:34:41.453917
2841,20220630,4158,9,10,0.00,0.00,Central Warehouse Inventory,2026-09-06T03:34:41.453917
2842,20220630,4159,23,10,0.00,0.00,Central Warehouse Inventory,2026-09-06T03:34:41.453917
2843,20220630,4160,8,10,0.00,0.00,Central Warehouse Inventory,2026-09-06T03:34:41.453917
2844,20220630,4161,18,10,0.00,0.00,Central Warehouse Inventory,2026-09-06T03:34:41.453917
2845,20220630,4162,20,10,0.00,0.00,Central Warehouse Inventory,2026-09-06T03:34:41.453917
2846,20220630,4163,19,10,0.00,0.00,Central Warehouse Inventory,2026-09-06T03:34:41.453917
2847,20220630,4164,12,10,0.00,0.00,Central Warehouse Inventory,2026-09-06T03:34:41.453917
2848,20220630,4165,13,10,0.00,0.00,Central Warehouse Inventory,2026-09-06T03:34:41.453917
2849,20220630,4166,12,10,0.00,0.00,Central Warehouse Inventory,2026-09-06T03:34:41.453917
2850,20220630,4167,3,10,0.00,0.00,Central Warehouse Inventory,2026-09-06T03:34:41.453917
2851,20220630,4168,1,10,0.00,0.00,Central Warehouse Inventory,2026-09-06T03:34:41.453917
2852,20220630,4169,42,10,0.00,0.00,Central Warehouse Inventory,2026-09-06T03:34:41.453917
2853,20220630,4170,2,10,0.00,0.00,Central Warehouse Inventory,2026-09-06T03:34:41.453917
2854,20220630,4171,29,10,0.00,0.00,Central Warehouse Inventory,2026-09-06T03:34:41.453917
2855,20220630,4172,34,10,0.00,0.00,Central Warehouse Inventory,2026-09-06T03:34:41.453917
2856,20220630,4173,22,10,0.00,0.00,Central Warehouse Inventory,2026-09-06T03:34:41.453917
2857,20220630,4174,20,10,0.00,0.00,Central Warehouse Inventory,2026-09-06T03:34:41.453917
2858,20220630,4175,40,10,0.00,0.00,Central Warehouse Inventory,2026-09-06T03:34:41.453917
2859,20220630,4176,21,10,0.00,0.00,Central Warehouse Inventory,2026-09-06T03:34:41.453917
2860,20220630,4177,41,10,0.00,0.00,Central Warehouse Inventory,2026-09-06T03:34:41.453917
2861,20220630,4178,23,10,0.00,0.00,Central Warehouse Inventory,2026-09-06T03:34:41.453917
2862,20220630,4179,21,10,0.00,0.00,Central Warehouse Inventory,2026-09-06T03:34:41.453917
2863,20220630,4180,12,10,0.00,0.00,Central Warehouse Inventory,2026-09-06T03:34:41.453917
2864,20220630,4181,23,10,0.00,0.00,Central Warehouse Inventory,2026-09-06T03:34:41.453917
2865,20220630,4182,34,10,0.00,0.00,Central Warehouse Inventory,2026-09-06T03:34:41.453917
2866,20220630,4183,22,10,0.00,0.00,Central Warehouse Inventory,2026-09-06T03:34:41.453917
2867,20220630,4184,32,10,0.00,0.00,Central Warehouse Inventory,2026-09-06T03:34:41.453917
2868,20220630,4185,31,10,0.00,0.00,Central Warehouse Inventory,2026-09-06T03:34:41.453917
2869,20220630,4186,50,10,0.00,0.00,Central Warehouse Inventory,2026-09-06T03:34:41.453917
2870,20220630,4187,46,10,0.00,0.00,Central Warehouse Inventory,2026-09-06T03:34:41.453917
2871,20220630,4188,46,10,0.00,0.00,Central Warehouse Inventory,2026-09-06T03:34:41.453917
2872,20220630,4189,53,10,0.00,0.00,Central Warehouse Inventory,2026-09-06T03:34:41.453917
2873,20220630,4190,45,10,0.00,0.00,Central Warehouse Inventory,2026-09-06T03:34:41.453917
2874,20220630,4191,42,10,0.00,0.00,Central Warehouse Inventory,2026-09-06T03:34:41.453917
2875,20220630,4192,49,10,0.00,0.00,Central Warehouse Inventory,2026-09-06T03:34:41.453917
2876,20220630,4193,65,10,0.00,0.00,Central Warehouse Inventory,2026-09-06T03:34:41.453917
2877,20220630,4194,66,10,0.00,0.00,Central Warehouse Inventory,2026-09-06T03:34:41.453917
2878,20220630,4195,48,10,0.00,0.00,Central Warehouse Inventory,2026-09-06T03:34:41.453917
2879,20220630,4196,43,10,0.00,0.00,Central Warehouse Inventory,2026-09-06T03:34:41.453917
2880,20220630,4197,72,10,0.00,0.00,Central Warehouse Inventory,2026-09-06T03:34:41.453917
2881,20220630,4198,52,10,0.00,0.00,Central Warehouse Inventory,2026-09-06T03:34:41.453917
2882,20220630,4199,70,10,0.00,0.00,Central Warehouse Inventory,2026-09-06T03:34:41.453917
2883,20220630,4200,69,10,0.00,0.00,Central Warehouse Inventory,2026-09-06T03:34:41.453917
2884,20220630,4201,72,10,0.00,0.00,Central Warehouse Inventory,2026-09-06T03:34:41.453917
2885,20220630,4202,71,10,0.00,0.00,Central Warehouse Inventory,2026-09-06T03:34:41.453917
2886,20220630,4203,58,10,0.00,0.00,Central Warehouse Inventory,2026-09-06T03:34:41.453917
2887,20220630,4204,73,10,0.00,0.00,Central Warehouse Inventory,2026-09-06T03:34:41.453917
2888,20220630,4205,57,10,0.00,0.00,Central Warehouse Inventory,2026-09-06T03:34:41.453917
2889,20220630,4206,49,10,0.00,0.00,Central Warehouse Inventory,2026-09-06T03:34:41.453917
2890,20220630,4207,51,10,0.00,0.00,Central Warehouse Inventory,2026-09-06T03:34:41.453917
2891,20220630,4208,61,10,0.00,0.00,Central Warehouse Inventory,2026-09-06T03:34:41.453917
2892,20220630,4209,58,10,0.00,0.00,Central Warehouse Inventory,2026-09-06T03:34:41.453917
2893,20220630,4210,54,10,0.00,0.00,Central Warehouse Inventory,2026-09-06T03:34:41.453917
2894,20220630,4211,63,10,0.00,0.00,Central Warehouse Inventory,2026-09-06T03:34:41.453917
2895,20220630,4212,52,10,0.00,0.00,Central Warehouse Inventory,2026-09-06T03:34:41.453917
2896,20220630,4213,50,10,0.00,0.00,Central Warehouse Inventory,2026-09-06T03:34:41.453917
2897,20220630,4214,24,10,0.00,0.00,Central Warehouse Inventory,2026-09-06T03:34:41.453917
2898,20220630,4215,48,10,0.00,0.00,Central Warehouse Inventory,2026-09-06T03:34:41.453917
2899,20220630,4216,25,10,0.00,0.00,Central Warehouse Inventory,2026-09-06T03:34:41.453917
2900,20220630,4217,50,10,0.00,0.00,Central Warehouse Inventory,2026-09-06T03:34:41.453917
2901,20220630,4218,25,10,0.00,0.00,Central Warehouse Inventory,2026-09-06T03:34:41.453917
2902,20220630,4219,50,10,0.00,0.00,Central Warehouse Inventory,2026-09-06T03:34:41.453917
2903,20220630,4220,20,10,0.00,0.00,Central Warehouse Inventory,2026-09-06T03:34:41.453917
2904,20220630,4221,20,10,0.00,0.00,Central Warehouse Inventory,2026-09-06T03:34:41.453917
2905,20220630,4222,20,10,0.00,0.00,Central Warehouse Inventory,2026-09-06T03:34:41.453917
2906,20220630,4223,20,10,0.00,0.00,Central Warehouse Inventory,2026-09-06T03:34:41.453917
2907,20220630,4224,24,10,0.00,0.00,Central Warehouse Inventory,2026-09-06T03:34:41.453917
2908,20220630,4225,20,10,0.00,0.00,Central Warehouse Inventory,2026-09-06T03:34:41.453917
2909,20220630,4226,20,10,0.00,0.00,Central Warehouse Inventory,2026-09-06T03:34:41.453917
2910,20220630,4227,45,10,0.00,0.00,Central Warehouse Inventory,2026-09-06T03:34:41.453917
2911,20220630,4228,56,10,0.00,0.00,Central Warehouse Inventory,2026-09-06T03:34:41.453917
2912,20220630,4229,60,10,0.00,0.00,Central Warehouse Inventory,2026-09-06T03:34:41.453917
2913,20220630,4230,61,10,0.00,0.00,Central Warehouse Inventory,2026-09-06T03:34:41.453917
2914,20220630,4231,48,10,0.00,0.00,Central Warehouse Inventory,2026-09-06T03:34:41.453917
2915,20220630,4232,57,10,0.00,0.00,Central Warehouse Inventory,2026-09-06T03:34:41.453917
2916,20220630,4233,43,10,0.00,0.00,Central Warehouse Inventory,2026-09-06T03:34:41.453917
2917,20220630,4234,20,10,0.00,0.00,Central Warehouse Inventory,2026-09-06T03:34:41.453917
2918,20220630,4235,19,10,0.00,0.00,Central Warehouse Inventory,2026-09-06T03:34:41.453917
2919,20220630,4236,19,10,0.00,0.00,Central Warehouse Inventory,2026-09-06T03:34:41.453917
2920,20220630,4237,20,10,0.00,0.00,Central Warehouse Inventory,2026-09-06T03:34:41.453917
2921,20220630,4238,20,10,0.00,0.00,Central Warehouse Inventory,2026-09-06T03:34:41.453917
2922,20220630,4239,19,10,0.00,0.00,Central Warehouse Inventory,2026-09-06T03:34:41.453917
2923,20220630,4240,20,10,0.00,0.00,Central Warehouse Inventory,2026-09-06T03:34:41.453917
2924,20220630,4241,20,10,0.00,0.00,Central Warehouse Inventory,2026-09-06T03:34:41.453917
2925,20220630,4242,29,10,0.00,0.00,Central Warehouse Inventory,2026-09-06T03:34:41.453917
2926,20220630,4243,20,10,0.00,0.00,Central Warehouse Inventory,2026-09-06T03:34:41.453917
2927,20220630,4244,20,10,0.00,0.00,Central Warehouse Inventory,2026-09-06T03:34:41.453917
2928,20220630,4245,11,10,0.00,0.00,Central Warehouse Inventory,2026-09-06T03:34:41.453917
2929,20220630,4246,19,10,0.00,0.00,Central Warehouse Inventory,2026-09-06T03:34:41.453917
2930,20220630,4247,1,10,0.00,0.00,Central Warehouse Inventory,2026-09-06T03:34:41.453917
2931,20220630,4248,1,10,0.00,0.00,Central Warehouse Inventory,2026-09-06T03:34:41.453917
2932,20220630,4249,1,10,0.00,0.00,Central Warehouse Inventory,2026-09-06T03:34:41.453917
2933,20220630,4250,2,10,0.00,0.00,Central Warehouse Inventory,2026-09-06T03:34:41.453917
2934,20220630,4251,0,10,0.00,0.00,Central Warehouse Inventory,2026-09-06T03:34:41.453917
2935,20220630,4252,4,10,0.00,0.00,Central Warehouse Inventory,2026-09-06T03:34:41.453917
2936,20220630,4253,4,10,0.00,0.00,Central Warehouse Inventory,2026-09-06T03:34:41.453917
2937,20220630,4254,2,10,0.00,0.00,Central Warehouse Inventory,2026-09-06T03:34:41.453917
2938,20220630,4255,3,10,0.00,0.00,Central Warehouse Inventory,2026-09-06T03:34:41.453917
2939,20220630,4256,1,10,0.00,0.00,Central Warehouse Inventory,2026-09-06T03:34:41.453917
2940,20220630,4257,1,10,0.00,0.00,Central Warehouse Inventory,2026-09-06T03:34:41.453917
2941,20220630,4258,1,10,0.00,0.00,Central Warehouse Inventory,2026-09-06T03:34:41.453917
2942,20220630,4259,1,10,0.00,0.00,Central Warehouse Inventory,2026-09-06T03:34:41.453917
2943,20220630,4260,3,10,0.00,0.00,Central Warehouse Inventory,2026-09-06T03:34:41.453917
2944,20220630,4261,0,10,0.00,0.00,Central Warehouse Inventory,2026-09-06T03:34:41.453917
2945,20220630,4262,6,10,0.00,0.00,Central Warehouse Inventory,2026-09-06T03:34:41.453917
2946,20220630,4263,5,10,0.00,0.00,Central Warehouse Inventory,2026-09-06T03:34:41.453917
2947,20220630,4264,2,10,0.00,0.00,Central Warehouse Inventory,2026-09-06T03:34:41.453917
2948,20220630,4265,8,10,0.00,0.00,Central Warehouse Inventory,2026-09-06T03:34:41.453917
2949,20220630,4266,2,10,0.00,0.00,Central Warehouse Inventory,2026-09-06T03:34:41.453917
2950,20220630,4267,3,10,0.00,0.00,Central Warehouse Inventory,2026-09-06T03:34:41.453917
2951,20220630,4268,4,10,0.00,0.00,Central Warehouse Inventory,2026-09-06T03:34:41.453917
2952,20220630,4269,3,10,0.00,0.00,Central Warehouse Inventory,2026-09-06T03:34:41.453917
2953,20220630,4270,4,10,0.00,0.00,Central Warehouse Inventory,2026-09-06T03:34:41.453917
2954,20220630,4271,4,10,0.00,0.00,Central Warehouse Inventory,2026-09-06T03:34:41.453917
2955,20220630,4272,5,10,0.00,0.00,Central Warehouse Inventory,2026-09-06T03:34:41.453917
2956,20220630,4273,5,10,0.00,0.00,Central Warehouse Inventory,2026-09-06T03:34:41.453917
2957,20220630,4274,2,10,0.00,0.00,Central Warehouse Inventory,2026-09-06T03:34:41.453917
2958,20220630,4275,6,10,0.00,0.00,Central Warehouse Inventory,2026-09-06T03:34:41.453917
2959,20220630,4276,5,10,0.00,0.00,Central Warehouse Inventory,2026-09-06T03:34:41.453917
2960,20220630,4277,0,10,0.00,0.00,Central Warehouse Inventory,2026-09-06T03:34:41.453917
2961,20220630,4278,0,10,0.00,0.00,Central Warehouse Inventory,2026-09-06T03:34:41.453917
2962,20220630,4279,0,10,0.00,0.00,Central Warehouse Inventory,2026-09-06T03:34:41.453917
2963,20220630,4280,2,10,0.00,0.00,Central Warehouse Inventory,2026-09-06T03:34:41.453917
2964,20220630,4281,0,10,0.00,0.00,Central Warehouse Inventory,2026-09-06T03:34:41.453917
2965,20220630,4282,9,10,0.00,0.00,Central Warehouse Inventory,2026-09-06T03:34:41.453917
2966,20220630,4283,9,10,0.00,0.00,Central Warehouse Inventory,2026-09-06T03:34:41.453917
2967,20220630,4284,5,10,0.00,0.00,Central Warehouse Inventory,2026-09-06T03:34:41.453917
2968,20220630,4285,10,10,0.00,0.00,Central Warehouse Inventory,2026-09-06T03:34:41.453917
2969,20220630,4286,4,10,0.00,0.00,Central Warehouse Inventory,2026-09-06T03:34:41.453917
2970,20220630,4287,9,10,0.00,0.00,Central Warehouse Inventory,2026-09-06T03:34:41.453917
2971,20220630,4288,9,10,0.00,0.00,Central Warehouse Inventory,2026-09-06T03:34:41.453917
2972,20220630,4289,5,10,0.00,0.00,Central Warehouse Inventory,2026-09-06T03:34:41.453917
2973,20220630,4290,11,10,0.00,0.00,Central Warehouse Inventory,2026-09-06T03:34:41.453917
2974,20220630,4291,4,10,0.00,0.00,Central Warehouse Inventory,2026-09-06T03:34:41.453917
2975,20220630,4292,10,10,0.00,0.00,Central Warehouse Inventory,2026-09-06T03:34:41.453917
2976,20220630,4293,9,10,0.00,0.00,Central Warehouse Inventory,2026-09-06T03:34:41.453917
2977,20220630,4294,4,10,0.00,0.00,Central Warehouse Inventory,2026-09-06T03:34:41.453917
2978,20220630,4295,9,10,0.00,0.00,Central Warehouse Inventory,2026-09-06T03:34:41.453917
2979,20220630,4296,8,10,0.00,0.00,Central Warehouse Inventory,2026-09-06T03:34:41.453917
2980,20220630,4297,12,10,0.00,0.00,Central Warehouse Inventory,2026-09-06T03:34:41.453917
2981,20220630,4298,11,10,0.00,0.00,Central Warehouse Inventory,2026-09-06T03:34:41.453917
2982,20220630,4299,6,10,0.00,0.00,Central Warehouse Inventory,2026-09-06T03:34:41.453917
2983,20220630,4300,16,10,0.00,0.00,Central Warehouse Inventory,2026-09-06T03:34:41.453917
2984,20220630,4301,2,10,0.00,0.00,Central Warehouse Inventory,2026-09-06T03:34:41.453917
2985,20220630,4302,9,10,0.00,0.00,Central Warehouse Inventory,2026-09-06T03:34:41.453917
2986,20220630,4303,2,10,0.00,0.00,Central Warehouse Inventory,2026-09-06T03:34:41.453917
2987,20220630,4304,5,10,0.00,0.00,Central Warehouse Inventory,2026-09-06T03:34:41.453917
2988,20220630,4305,16,10,0.00,0.00,Central Warehouse Inventory,2026-09-06T03:34:41.453917
2989,20220630,4306,3,10,0.00,0.00,Central Warehouse Inventory,2026-09-06T03:34:41.453917
2990,20220630,4307,10,10,0.00,0.00,Central Warehouse Inventory,2026-09-06T03:34:41.453917
2991,20220630,4308,9,10,0.00,0.00,Central Warehouse Inventory,2026-09-06T03:34:41.453917
2992,20220630,4309,5,10,0.00,0.00,Central Warehouse Inventory,2026-09-06T03:34:41.453917
2993,20220630,4310,10,10,0.00,0.00,Central Warehouse Inventory,2026-09-06T03:34:41.453917
2994,20220630,4311,6,10,0.00,0.00,Central Warehouse Inventory,2026-09-06T03:34:41.453917
2995,20220630,4312,2,10,0.00,0.00,Central Warehouse Inventory,2026-09-06T03:34:41.453917
2996,20220630,4313,3,10,0.00,0.00,Central Warehouse Inventory,2026-09-06T03:34:41.453917
2997,20220630,4314,1,10,0.00,0.00,Central Warehouse Inventory,2026-09-06T03:34:41.453917
2998,20220630,4315,5,10,0.00,0.00,Central Warehouse Inventory,2026-09-06T03:34:41.453917
2999,20220630,4316,5,10,0.00,0.00,Central Warehouse Inventory,2026-09-06T03:34:41.453917
3000,20220630,4317,3,10,0.00,0.00,Central Warehouse Inventory,2026-09-06T03:34:41.453917
3001,20220630,4318,0,10,0.00,0.00,Central Warehouse Inventory,2026-09-06T03:34:41.453917
3002,20220630,4319,9,10,0.00,0.00,Central Warehouse Inventory,2026-09-06T03:34:41.453917
3003,20220630,4320,2,10,0.00,0.00,Central Warehouse Inventory,2026-09-06T03:34:41.453917
3004,20220630,4321,3,10,0.00,0.00,Central Warehouse Inventory,2026-09-06T03:34:41.453917
3005,20220630,4322,11,10,0.00,0.00,Central Warehouse Inventory,2026-09-06T03:34:41.453917
3006,20220630,4323,9,10,0.00,0.00,Central Warehouse Inventory,2026-09-06T03:34:41.453917
3007,20220630,4324,4,10,0.00,0.00,Central Warehouse Inventory,2026-09-06T03:34:41.453917
3008,20220630,4325,12,10,0.00,0.00,Central Warehouse Inventory,2026-09-06T03:34:41.453917
3009,20220630,4326,7,10,0.00,0.00,Central Warehouse Inventory,2026-09-06T03:34:41.453917
3010,20220630,4327,8,10,0.00,0.00,Central Warehouse Inventory,2026-09-06T03:34:41.453917
3011,20220630,4328,7,10,0.00,0.00,Central Warehouse Inventory,2026-09-06T03:34:41.453917
3012,20220630,4329,3,10,0.00,0.00,Central Warehouse Inventory,2026-09-06T03:34:41.453917
3013,20220630,4330,5,10,0.00,0.00,Central Warehouse Inventory,2026-09-06T03:34:41.453917
3014,20220630,4331,5,10,0.00,0.00,Central Warehouse Inventory,2026-09-06T03:34:41.453917
3015,20220630,4332,10,10,0.00,0.00,Central Warehouse Inventory,2026-09-06T03:34:41.453917
3016,20220630,4333,8,10,0.00,0.00,Central Warehouse Inventory,2026-09-06T03:34:41.453917
3017,20220630,4334,0,10,0.00,0.00,Central Warehouse Inventory,2026-09-06T03:34:41.453917
3018,20220630,4335,7,10,0.00,0.00,Central Warehouse Inventory,2026-09-06T03:34:41.453917
3019,20220630,4336,1,10,0.00,0.00,Central Warehouse Inventory,2026-09-06T03:34:41.453917
3020,20220630,4337,2,10,0.00,0.00,Central Warehouse Inventory,2026-09-06T03:34:41.453917
3021,20220630,4338,3,10,0.00,0.00,Central Warehouse Inventory,2026-09-06T03:34:41.453917
3022,20220630,4339,0,10,0.00,0.00,Central Warehouse Inventory,2026-09-06T03:34:41.453917
3023,20220630,4340,5,10,0.00,0.00,Central Warehouse Inventory,2026-09-06T03:34:41.453917
3024,20220630,4341,0,10,0.00,0.00,Central Warehouse Inventory,2026-09-06T03:34:41.453917
3025,20220630,4342,2,10,0.00,0.00,Central Warehouse Inventory,2026-09-06T03:34:41.453917
3026,20220630,4343,3,10,0.00,0.00,Central Warehouse Inventory,2026-09-06T03:34:41.453917
3027,20220630,4344,6,10,0.00,0.00,Central Warehouse Inventory,2026-09-06T03:34:41.453917
3028,20220630,4345,3,10,0.00,0.00,Central Warehouse Inventory,2026-09-06T03:34:41.453917
3029,20220630,4346,2,10,0.00,0.00,Central Warehouse Inventory,2026-09-06T03:34:41.453917
3030,20220630,4347,10,10,0.00,0.00,Central Warehouse Inventory,2026-09-06T03:34:41.453917
3031,20220630,4348,10,10,0.00,0.00,Central Warehouse Inventory,2026-09-06T03:34:41.453917
3032,20220630,4349,4,10,0.00,0.00,Central Warehouse Inventory,2026-09-06T03:34:41.453917
3033,20220630,4350,12,10,0.00,0.00,Central Warehouse Inventory,2026-09-06T03:34:41.453917
3034,20220630,4351,3,10,0.00,0.00,Central Warehouse Inventory,2026-09-06T03:34:41.453917
3035,20220630,4352,1,10,0.00,0.00,Central Warehouse Inventory,2026-09-06T03:34:41.453917
3036,20220630,4353,2,10,0.00,0.00,Central Warehouse Inventory,2026-09-06T03:34:41.453917
3037,20220630,4354,1,10,0.00,0.00,Central Warehouse Inventory,2026-09-06T03:34:41.453917
3038,20220630,4355,0,10,0.00,0.00,Central Warehouse Inventory,2026-09-06T03:34:41.453917
3039,20220630,4356,0,10,0.00,0.00,Central Warehouse Inventory,2026-09-06T03:34:41.453917
3040,20220630,4357,4,10,0.00,0.00,Central Warehouse Inventory,2026-09-06T03:34:41.453917
3041,20220630,4358,6,10,0.00,0.00,Central Warehouse Inventory,2026-09-06T03:34:41.453917
3042,20220630,4359,1,10,0.00,0.00,Central Warehouse Inventory,2026-09-06T03:34:41.453917
3043,20220630,4360,5,10,0.00,0.00,Central Warehouse Inventory,2026-09-06T03:34:41.453917
3044,20220630,4361,1,10,0.00,0.00,Central Warehouse Inventory,2026-09-06T03:34:41.453917
3045,20220630,4362,10,10,0.00,0.00,Central Warehouse Inventory,2026-09-06T03:34:41.453917
3046,20220630,4363,6,10,0.00,0.00,Central Warehouse Inventory,2026-09-06T03:34:41.453917
3047,20220630,4364,3,10,0.00,0.00,Central Warehouse Inventory,2026-09-06T03:34:41.453917
3048,20220630,4365,12,10,0.00,0.00,Central Warehouse Inventory,2026-09-06T03:34:41.453917
3049,20220630,4366,6,10,0.00,0.00,Central Warehouse Inventory,2026-09-06T03:34:41.453917
3050,20220630,4367,4,10,0.00,0.00,Central Warehouse Inventory,2026-09-06T03:34:41.453917
3051,20220630,4368,2,10,0.00,0.00,Central Warehouse Inventory,2026-09-06T03:34:41.453917
3052,20220630,4369,4,10,0.00,0.00,Central Warehouse Inventory,2026-09-06T03:34:41.453917
3053,20220630,4370,2,10,0.00,0.00,Central Warehouse Inventory,2026-09-06T03:34:41.453917
3054,20220630,4371,0,10,0.00,0.00,Central Warehouse Inventory,2026-09-06T03:34:41.453917
3055,20220630,4372,17,10,0.00,0.00,Central Warehouse Inventory,2026-09-06T03:34:41.453917
3056,20220630,4373,19,10,0.00,0.00,Central Warehouse Inventory,2026-09-06T03:34:41.453917
3057,20220630,4374,16,10,0.00,0.00,Central Warehouse Inventory,2026-09-06T03:34:41.453917
3058,20220630,4375,22,10,0.00,0.00,Central Warehouse Inventory,2026-09-06T03:34:41.453917
3059,20220630,4376,19,10,0.00,0.00,Central Warehouse Inventory,2026-09-06T03:34:41.453917
3060,20220630,4377,37,10,0.00,0.00,Central Warehouse Inventory,2026-09-06T03:34:41.453917
3061,20220630,4378,36,10,0.00,0.00,Central Warehouse Inventory,2026-09-06T03:34:41.453917
3062,20220630,4379,27,10,0.00,0.00,Central Warehouse Inventory,2026-09-06T03:34:41.453917
3063,20220630,4380,37,10,0.00,0.00,Central Warehouse Inventory,2026-09-06T03:34:41.453917
3064,20220630,4381,28,10,0.00,0.00,Central Warehouse Inventory,2026-09-06T03:34:41.453917
3065,20220630,4382,26,10,0.00,0.00,Central Warehouse Inventory,2026-09-06T03:34:41.453917
3066,20220630,4383,24,10,0.00,0.00,Central Warehouse Inventory,2026-09-06T03:34:41.453917
3067,20220630,4384,10,10,0.00,0.00,Central Warehouse Inventory,2026-09-06T03:34:41.453917
3068,20220630,4385,26,10,0.00,0.00,Central Warehouse Inventory,2026-09-06T03:34:41.453917
3069,20220630,4386,17,10,0.00,0.00,Central Warehouse Inventory,2026-09-06T03:34:41.453917
3070,20220630,4387,30,10,0.00,0.00,Central Warehouse Inventory,2026-09-06T03:34:41.453917
3071,20220630,4388,30,10,0.00,0.00,Central Warehouse Inventory,2026-09-06T03:34:41.453917
3072,20220630,4389,26,10,0.00,0.00,Central Warehouse Inventory,2026-09-06T03:34:41.453917
3073,20220630,4390,34,10,0.00,0.00,Central Warehouse Inventory,2026-09-06T03:34:41.453917
3074,20220630,4391,26,10,0.00,0.00,Central Warehouse Inventory,2026-09-06T03:34:41.453917
3075,20220630,4392,26,10,0.00,0.00,Central Warehouse Inventory,2026-09-06T03:34:41.453917
3076,20220630,4393,30,10,0.00,0.00,Central Warehouse Inventory,2026-09-06T03:34:41.453917
3077,20220630,4394,19,10,0.00,0.00,Central Warehouse Inventory,2026-09-06T03:34:41.453917
3078,20220630,4395,31,10,0.00,0.00,Central Warehouse Inventory,2026-09-06T03:34:41.453917
3079,20220630,4396,20,10,0.00,0.00,Central Warehouse Inventory,2026-09-06T03:34:41.453917
3080,20220630,4397,16,10,0.00,0.00,Central Warehouse Inventory,2026-09-06T03:34:41.453917
3081,20220630,4398,15,10,0.00,0.00,Central Warehouse Inventory,2026-09-06T03:34:41.453917
3082,20220630,4399,4,10,0.00,0.00,Central Warehouse Inventory,2026-09-06T03:34:41.453917
3083,20220630,4400,15,10,0.00,0.00,Central Warehouse Inventory,2026-09-06T03:34:41.453917
3084,20220630,4401,6,10,0.00,0.00,Central Warehouse Inventory,2026-09-06T03:34:41.453917
3085,20220630,4402,7,10,0.00,0.00,Central Warehouse Inventory,2026-09-06T03:34:41.453917
3086,20220630,4403,9,10,0.00,0.00,Central Warehouse Inventory,2026-09-06T03:34:41.453917
3087,20220630,4404,3,10,0.00,0.00,Central Warehouse Inventory,2026-09-06T03:34:41.453917
3088,20220630,4405,11,10,0.00,0.00,Central Warehouse Inventory,2026-09-06T03:34:41.453917
3089,20220630,4406,3,10,0.00,0.00,Central Warehouse Inventory,2026-09-06T03:34:41.453917
3090,20220630,4407,8,10,0.00,0.00,Central Warehouse Inventory,2026-09-06T03:34:41.453917
3091,20220630,4408,6,10,0.00,0.00,Central Warehouse Inventory,2026-09-06T03:34:41.453917
3092,20220630,4409,0,10,0.00,0.00,Central Warehouse Inventory,2026-09-06T03:34:41.453917
3093,20220630,4410,9,10,0.00,0.00,Central Warehouse Inventory,2026-09-06T03:34:41.453917
3094,20220630,4411,0,10,0.00,0.00,Central Warehouse Inventory,2026-09-06T03:34:41.453917
3095,20220630,4412,9,10,0.00,0.00,Central Warehouse Inventory,2026-09-06T03:34:41.453917
3096,20220630,4413,11,10,0.00,0.00,Central Warehouse Inventory,2026-09-06T03:34:41.453917
3097,20220630,4414,5,10,0.00,0.00,Central Warehouse Inventory,2026-09-06T03:34:41.453917
3098,20220630,4415,11,10,0.00,0.00,Central Warehouse Inventory,2026-09-06T03:34:41.453917
3099,20220630,4416,2,10,0.00,0.00,Central Warehouse Inventory,2026-09-06T03:34:41.453917
3100,20220630,4417,0,10,0.00,0.00,Central Warehouse Inventory,2026-09-06T03:34:41.453917
3101,20220630,4418,0,10,0.00,0.00,Central Warehouse Inventory,2026-09-06T03:34:41.453917
3102,20220630,4419,0,10,0.00,0.00,Central Warehouse Inventory,2026-09-06T03:34:41.453917
3103,20220630,4420,3,10,0.00,0.00,Central Warehouse Inventory,2026-09-06T03:34:41.453917
3104,20220630,4421,0,10,0.00,0.00,Central Warehouse Inventory,2026-09-06T03:34:41.453917
3105,20220630,4422,0,10,0.00,0.00,Central Warehouse Inventory,2026-09-06T03:34:41.453917
3106,20220630,4423,3,10,0.00,0.00,Central Warehouse Inventory,2026-09-06T03:34:41.453917
3107,20220630,4424,0,10,0.00,0.00,Central Warehouse Inventory,2026-09-06T03:34:41.453917
3108,20220630,4425,4,10,0.00,0.00,Central Warehouse Inventory,2026-09-06T03:34:41.453917
3109,20220630,4426,3,10,0.00,0.00,Central Warehouse Inventory,2026-09-06T03:34:41.453917
3110,20220630,4427,2,10,0.00,0.00,Central Warehouse Inventory,2026-09-06T03:34:41.453917
3111,20220630,4428,3,10,0.00,0.00,Central Warehouse Inventory,2026-09-06T03:34:41.453917
3112,20220630,4429,2,10,0.00,0.00,Central Warehouse Inventory,2026-09-06T03:34:41.453917
3113,20220630,4430,2,10,0.00,0.00,Central Warehouse Inventory,2026-09-06T03:34:41.453917
3114,20220630,4431,2,10,0.00,0.00,Central Warehouse Inventory,2026-09-06T03:34:41.453917
3115,20220630,4432,12,10,0.00,0.00,Central Warehouse Inventory,2026-09-06T03:34:41.453917
3116,20220630,4433,12,10,0.00,0.00,Central Warehouse Inventory,2026-09-06T03:34:41.453917
3117,20220630,4434,6,10,0.00,0.00,Central Warehouse Inventory,2026-09-06T03:34:41.453917
3118,20220630,4435,10,10,0.00,0.00,Central Warehouse Inventory,2026-09-06T03:34:41.453917
3119,20220630,4436,5,10,0.00,0.00,Central Warehouse Inventory,2026-09-06T03:34:41.453917
3120,20220630,4437,11,10,0.00,0.00,Central Warehouse Inventory,2026-09-06T03:34:41.453917
3121,20220630,4438,12,10,0.00,0.00,Central Warehouse Inventory,2026-09-06T03:34:41.453917
3122,20220630,4439,6,10,0.00,0.00,Central Warehouse Inventory,2026-09-06T03:34:41.453917
3123,20220630,4440,12,10,0.00,0.00,Central Warehouse Inventory,2026-09-06T03:34:41.453917
3124,20220630,4441,8,10,0.00,0.00,Central Warehouse Inventory,2026-09-06T03:34:41.453917
3125,20220630,4442,5,10,0.00,0.00,Central Warehouse Inventory,2026-09-06T03:34:41.453917
3126,20220630,4443,4,10,0.00,0.00,Central Warehouse Inventory,2026-09-06T03:34:41.453917
3127,20220630,4444,1,10,0.00,0.00,Central Warehouse Inventory,2026-09-06T03:34:41.453917
3128,20220630,4445,9,10,0.00,0.00,Central Warehouse Inventory,2026-09-06T03:34:41.453917
3129,20220630,4446,3,10,0.00,0.00,Central Warehouse Inventory,2026-09-06T03:34:41.453917
3130,20220630,4447,2,10,0.00,0.00,Central Warehouse Inventory,2026-09-06T03:34:41.453917
3131,20220630,4448,2,10,0.00,0.00,Central Warehouse Inventory,2026-09-06T03:34:41.453917
3132,20220630,4449,0,10,0.00,0.00,Central Warehouse Inventory,2026-09-06T03:34:41.453917
3133,20220630,4450,1,10,0.00,0.00,Central Warehouse Inventory,2026-09-06T03:34:41.453917
3134,20220630,4451,2,10,0.00,0.00,Central Warehouse Inventory,2026-09-06T03:34:41.453917
3135,20220630,4452,10,10,0.00,0.00,Central Warehouse Inventory,2026-09-06T03:34:41.453917
3136,20220630,4453,7,10,0.00,0.00,Central Warehouse Inventory,2026-09-06T03:34:41.453917
3137,20220630,4454,5,10,0.00,0.00,Central Warehouse Inventory,2026-09-06T03:34:41.453917
3138,20220630,4455,12,10,0.00,0.00,Central Warehouse Inventory,2026-09-06T03:34:41.453917
3139,20220630,4456,10,10,0.00,0.00,Central Warehouse Inventory,2026-09-06T03:34:41.453917
3140,20220630,4457,3,10,0.00,0.00,Central Warehouse Inventory,2026-09-06T03:34:41.453917
3141,20220630,4458,3,10,0.00,0.00,Central Warehouse Inventory,2026-09-06T03:34:41.453917
3142,20220630,4459,3,10,0.00,0.00,Central Warehouse Inventory,2026-09-06T03:34:41.453917
3143,20220630,4460,0,10,0.00,0.00,Central Warehouse Inventory,2026-09-06T03:34:41.453917
3144,20220630,4461,5,10,0.00,0.00,Central Warehouse Inventory,2026-09-06T03:34:41.453917
3145,20220630,4462,5,10,0.00,0.00,Central Warehouse Inventory,2026-09-06T03:34:41.453917
3146,20220630,4463,3,10,0.00,0.00,Central Warehouse Inventory,2026-09-06T03:34:41.453917
3147,20220630,4464,2,10,0.00,0.00,Central Warehouse Inventory,2026-09-06T03:34:41.453917
3148,20220630,4465,8,10,0.00,0.00,Central Warehouse Inventory,2026-09-06T03:34:41.453917
3149,20220630,4466,3,10,0.00,0.00,Central Warehouse Inventory,2026-09-06T03:34:41.453917
3150,20220630,4467,8,10,0.00,0.00,Central Warehouse Inventory,2026-09-06T03:34:41.453917
3151,20220630,4468,3,10,0.00,0.00,Central Warehouse Inventory,2026-09-06T03:34:41.453917
3152,20220630,4469,0,10,0.00,0.00,Central Warehouse Inventory,2026-09-06T03:34:41.453917
3153,20220630,4470,7,10,0.00,0.00,Central Warehouse Inventory,2026-09-06T03:34:41.453917
3154,20220630,4471,3,10,0.00,0.00,Central Warehouse Inventory,2026-09-06T03:34:41.453917
3155,20220630,4472,6,10,0.00,0.00,Central Warehouse Inventory,2026-09-06T03:34:41.453917
3156,20220630,4473,3,10,0.00,0.00,Central Warehouse Inventory,2026-09-06T03:34:41.453917
3157,20220630,4474,9,10,0.00,0.00,Central Warehouse Inventory,2026-09-06T03:34:41.453917
3158,20220630,4475,6,10,0.00,0.00,Central Warehouse Inventory,2026-09-06T03:34:41.453917
3159,20220630,4476,7,10,0.00,0.00,Central Warehouse Inventory,2026-09-06T03:34:41.453917
3160,20220630,4477,6,10,0.00,0.00,Central Warehouse Inventory,2026-09-06T03:34:41.453917
3161,20220630,4478,4,10,0.00,0.00,Central Warehouse Inventory,2026-09-06T03:34:41.453917
3162,20220630,4479,3,10,0.00,0.00,Central Warehouse Inventory,2026-09-06T03:34:41.453917
3163,20220630,4480,3,10,0.00,0.00,Central Warehouse Inventory,2026-09-06T03:34:41.453917
3164,20220630,4481,4,10,0.00,0.00,Central Warehouse Inventory,2026-09-06T03:34:41.453917
3165,20220630,4482,13,10,0.00,0.00,Central Warehouse Inventory,2026-09-06T03:34:41.453917
3166,20220630,4483,13,10,0.00,0.00,Central Warehouse Inventory,2026-09-06T03:34:41.453917
3167,20220630,4484,13,10,0.00,0.00,Central Warehouse Inventory,2026-09-06T03:34:41.453917
3168,20220630,4485,15,10,0.00,0.00,Central Warehouse Inventory,2026-09-06T03:34:41.453917
3169,20220630,4486,15,10,0.00,0.00,Central Warehouse Inventory,2026-09-06T03:34:41.453917
3170,20220630,4487,10,10,0.00,0.00,Central Warehouse Inventory,2026-09-06T03:34:41.453917
3171,20220630,4488,8,10,0.00,0.00,Central Warehouse Inventory,2026-09-06T03:34:41.453917
3172,20220630,4489,6,10,0.00,0.00,Central Warehouse Inventory,2026-09-06T03:34:41.453917
3173,20220630,4490,10,10,0.00,0.00,Central Warehouse Inventory,2026-09-06T03:34:41.453917
3174,20220630,4491,6,10,0.00,0.00,Central Warehouse Inventory,2026-09-06T03:34:41.453917
3175,20220630,4492,3,10,0.00,0.00,Central Warehouse Inventory,2026-09-06T03:34:41.453917
3176,20220630,4493,5,10,0.00,0.00,Central Warehouse Inventory,2026-09-06T03:34:41.453917
3177,20220630,4494,1,10,0.00,0.00,Central Warehouse Inventory,2026-09-06T03:34:41.453917
3178,20220630,4495,6,10,0.00,0.00,Central Warehouse Inventory,2026-09-06T03:34:41.453917
3179,20220630,4496,4,10,0.00,0.00,Central Warehouse Inventory,2026-09-06T03:34:41.453917
3180,20220630,4497,1,10,0.00,0.00,Central Warehouse Inventory,2026-09-06T03:34:41.453917
3181,20220630,4498,5,10,0.00,0.00,Central Warehouse Inventory,2026-09-06T03:34:41.453917
3182,20220630,4499,1,10,0.00,0.00,Central Warehouse Inventory,2026-09-06T03:34:41.453917
3183,20220630,4500,4,10,0.00,0.00,Central Warehouse Inventory,2026-09-06T03:34:41.453917
3184,20220630,4501,3,10,0.00,0.00,Central Warehouse Inventory,2026-09-06T03:34:41.453917
3185,20220630,4502,0,10,0.00,0.00,Central Warehouse Inventory,2026-09-06T03:34:41.453917
3186,20220630,4503,1,10,0.00,0.00,Central Warehouse Inventory,2026-09-06T03:34:41.453917
3187,20220630,4504,2,10,0.00,0.00,Central Warehouse Inventory,2026-09-06T03:34:41.453917
3188,20220630,4505,0,10,0.00,0.00,Central Warehouse Inventory,2026-09-06T03:34:41.453917
3189,20220630,4506,2,10,0.00,0.00,Central Warehouse Inventory,2026-09-06T03:34:41.453917
3190,20220630,4507,9,10,0.00,0.00,Central Warehouse Inventory,2026-09-06T03:34:41.453917
3191,20220630,4508,7,10,0.00,0.00,Central Warehouse Inventory,2026-09-06T03:34:41.453917
3192,20220630,4509,8,10,0.00,0.00,Central Warehouse Inventory,2026-09-06T03:34:41.453917
3193,20220630,4510,6,10,0.00,0.00,Central Warehouse Inventory,2026-09-06T03:34:41.453917
3194,20220630,4511,13,10,0.00,0.00,Central Warehouse Inventory,2026-09-06T03:34:41.453917
3195,20220630,4512,3,10,0.00,0.00,Central Warehouse Inventory,2026-09-06T03:34:41.453917
3196,20220630,4513,4,10,0.00,0.00,Central Warehouse Inventory,2026-09-06T03:34:41.453917
3197,20220630,4514,4,10,0.00,0.00,Central Warehouse Inventory,2026-09-06T03:34:41.453917
3198,20220630,4515,5,10,0.00,0.00,Central Warehouse Inventory,2026-09-06T03:34:41.453917
3199,20220630,4516,5,10,0.00,0.00,Central Warehouse Inventory,2026-09-06T03:34:41.453917
3200,20220630,4517,1,10,0.00,0.00,Central Warehouse Inventory,2026-09-06T03:34:41.453917
3201,20220630,4518,1,10,0.00,0.00,Central Warehouse Inventory,2026-09-06T03:34:41.453917
3202,20220630,4519,0,10,0.00,0.00,Central Warehouse Inventory,2026-09-06T03:34:41.453917
3203,20220630,4520,2,10,0.00,0.00,Central Warehouse Inventory,2026-09-06T03:34:41.453917
3204,20220630,4521,2,10,0.00,0.00,Central Warehouse Inventory,2026-09-06T03:34:41.453917
3205,20220630,4522,4,10,0.00,0.00,Central Warehouse Inventory,2026-09-06T03:34:41.453917
3206,20220630,4523,3,10,0.00,0.00,Central Warehouse Inventory,2026-09-06T03:34:41.453917
3207,20220630,4524,7,10,0.00,0.00,Central Warehouse Inventory,2026-09-06T03:34:41.453917
3208,20220630,4525,5,10,0.00,0.00,Central Warehouse Inventory,2026-09-06T03:34:41.453917
3209,20220630,4526,8,10,0.00,0.00,Central Warehouse Inventory,2026-09-06T03:34:41.453917
3210,20220630,4527,0,10,0.00,0.00,Central Warehouse Inventory,2026-09-06T03:34:41.453917
3211,20220630,4528,0,10,0.00,0.00,Central Warehouse Inventory,2026-09-06T03:34:41.453917
3212,20220630,4529,0,10,0.00,0.00,Central Warehouse Inventory,2026-09-06T03:34:41.453917
3213,20220630,4530,0,10,0.00,0.00,Central Warehouse Inventory,2026-09-06T03:34:41.453917
3214,20220630,4531,0,10,0.00,0.00,Central Warehouse Inventory,2026-09-06T03:34:41.453917
3215,20220630,4532,0,10,0.00,0.00,Central Warehouse Inventory,2026-09-06T03:34:41.453917
3216,20220630,4533,0,10,0.00,0.00,Central Warehouse Inventory,2026-09-06T03:34:41.453917
3217,20220630,4534,0,10,0.00,0.00,Central Warehouse Inventory,2026-09-06T03:34:41.453917
3218,20220630,4535,0,10,0.00,0.00,Central Warehouse Inventory,2026-09-06T03:34:41.453917
3219,20220630,4536,0,10,0.00,0.00,Central Warehouse Inventory,2026-09-06T03:34:41.453917
3220,20220630,4537,2,10,0.00,0.00,Central Warehouse Inventory,2026-09-06T03:34:41.453917
3221,20220630,4538,1,10,0.00,0.00,Central Warehouse Inventory,2026-09-06T03:34:41.453917
3222,20220630,4539,1,10,0.00,0.00,Central Warehouse Inventory,2026-09-06T03:34:41.453917
3223,20220630,4540,2,10,0.00,0.00,Central Warehouse Inventory,2026-09-06T03:34:41.453917
3224,20220630,4541,1,10,0.00,0.00,Central Warehouse Inventory,2026-09-06T03:34:41.453917
3225,20220630,4542,4,10,0.00,0.00,Central Warehouse Inventory,2026-09-06T03:34:41.453917
3226,20220630,4543,4,10,0.00,0.00,Central Warehouse Inventory,2026-09-06T03:34:41.453917
3227,20220630,4544,4,10,0.00,0.00,Central Warehouse Inventory,2026-09-06T03:34:41.453917
3228,20220630,4545,6,10,0.00,0.00,Central Warehouse Inventory,2026-09-06T03:34:41.453917
3229,20220630,4546,3,10,0.00,0.00,Central Warehouse Inventory,2026-09-06T03:34:41.453917
3230,20220630,4547,3,10,0.00,0.00,Central Warehouse Inventory,2026-09-06T03:34:41.453917
3231,20220630,4548,1,10,0.00,0.00,Central Warehouse Inventory,2026-09-06T03:34:41.453917
3232,20220630,4549,5,10,0.00,0.00,Central Warehouse Inventory,2026-09-06T03:34:41.453917
3233,20220630,4550,4,10,0.00,0.00,Central Warehouse Inventory,2026-09-06T03:34:41.453917
3234,20220630,4551,3,10,0.00,0.00,Central Warehouse Inventory,2026-09-06T03:34:41.453917
3235,20220630,4552,17,10,0.00,0.00,Central Warehouse Inventory,2026-09-06T03:34:41.453917
3236,20220630,4553,17,10,0.00,0.00,Central Warehouse Inventory,2026-09-06T03:34:41.453917
3237,20220630,4554,21,10,0.00,0.00,Central Warehouse Inventory,2026-09-06T03:34:41.453917
3238,20220630,4555,18,10,0.00,0.00,Central Warehouse Inventory,2026-09-06T03:34:41.453917
3239,20220630,4556,16,10,0.00,0.00,Central Warehouse Inventory,2026-09-06T03:34:41.453917
3240,20220630,4557,4,10,0.00,0.00,Central Warehouse Inventory,2026-09-06T03:34:41.453917
3241,20220630,4558,4,10,0.00,0.00,Central Warehouse Inventory,2026-09-06T03:34:41.453917
3242,20220630,4559,5,10,0.00,0.00,Central Warehouse Inventory,2026-09-06T03:34:41.453917
3243,20220630,4560,4,10,0.00,0.00,Central Warehouse Inventory,2026-09-06T03:34:41.453917
3244,20220630,4561,4,10,0.00,0.00,Central Warehouse Inventory,2026-09-06T03:34:41.453917
3245,20220630,4562,4,10,0.00,0.00,Central Warehouse Inventory,2026-09-06T03:34:41.453917
3246,20220630,4563,4,10,0.00,0.00,Central Warehouse Inventory,2026-09-06T03:34:41.453917
3247,20220630,4564,0,10,0.00,0.00,Central Warehouse Inventory,2026-09-06T03:34:41.453917
3248,20220630,4565,7,10,0.00,0.00,Central Warehouse Inventory,2026-09-06T03:34:41.453917
3249,20220630,4566,9,10,0.00,0.00,Central Warehouse Inventory,2026-09-06T03:34:41.453917
3250,20220630,4567,5,10,0.00,0.00,Central Warehouse Inventory,2026-09-06T03:34:41.453917
3251,20220630,4568,0,10,0.00,0.00,Central Warehouse Inventory,2026-09-06T03:34:41.453917
3252,20220630,4569,0,10,0.00,0.00,Central Warehouse Inventory,2026-09-06T03:34:41.453917
3253,20220630,4570,2,10,0.00,0.00,Central Warehouse Inventory,2026-09-06T03:34:41.453917
3254,20220630,4571,1,10,0.00,0.00,Central Warehouse Inventory,2026-09-06T03:34:41.453917
3255,20220630,4572,56,10,0.00,0.00,Central Warehouse Inventory,2026-09-06T03:34:41.453917
3256,20220630,4573,30,10,0.00,0.00,Central Warehouse Inventory,2026-09-06T03:34:41.453917
3257,20220630,4574,65,10,0.00,0.00,Central Warehouse Inventory,2026-09-06T03:34:41.453917
3258,20220630,4575,30,10,0.00,0.00,Central Warehouse Inventory,2026-09-06T03:34:41.453917
3259,20220630,4576,24,10,0.00,0.00,Central Warehouse Inventory,2026-09-06T03:34:41.453917
3260,20220630,4577,22,10,0.00,0.00,Central Warehouse Inventory,2026-09-06T03:34:41.453917
3261,20220630,4578,26,10,0.00,0.00,Central Warehouse Inventory,2026-09-06T03:34:41.453917
3262,20220630,4579,59,10,0.00,0.00,Central Warehouse Inventory,2026-09-06T03:34:41.453917
3263,20220630,4580,71,10,0.00,0.00,Central Warehouse Inventory,2026-09-06T03:34:41.453917
3264,20220630,4581,46,10,0.00,0.00,Central Warehouse Inventory,2026-09-06T03:34:41.453917
3265,20220630,4582,117,10,0.00,0.00,Central Warehouse Inventory,2026-09-06T03:34:41.453917
3266,20220630,4583,61,10,0.00,0.00,Central Warehouse Inventory,2026-09-06T03:34:41.453917
3267,20220630,4584,139,10,0.00,0.00,Central Warehouse Inventory,2026-09-06T03:34:41.453917
3268,20220630,4585,23,10,0.00,0.00,Central Warehouse Inventory,2026-09-06T03:34:41.453917
3269,20220630,4586,49,10,0.00,0.00,Central Warehouse Inventory,2026-09-06T03:34:41.453917
3270,20220630,4587,75,10,0.00,0.00,Central Warehouse Inventory,2026-09-06T03:34:41.453917
3271,20220630,4588,24,10,0.00,0.00,Central Warehouse Inventory,2026-09-06T03:34:41.453917
3272,20220630,4589,21,10,0.00,0.00,Central Warehouse Inventory,2026-09-06T03:34:41.453917
3273,20220630,4590,8,10,0.00,0.00,Central Warehouse Inventory,2026-09-06T03:34:41.453917
3274,20220630,4591,8,10,0.00,0.00,Central Warehouse Inventory,2026-09-06T03:34:41.453917
3275,20220630,4592,18,10,0.00,0.00,Central Warehouse Inventory,2026-09-06T03:34:41.453917
3276,20220630,4593,32,10,0.00,0.00,Central Warehouse Inventory,2026-09-06T03:34:41.453917
3277,20220630,4594,4,10,0.00,0.00,Central Warehouse Inventory,2026-09-06T03:34:41.453917
3278,20220630,4595,174,10,0.00,0.00,Central Warehouse Inventory,2026-09-06T03:34:41.453917
3279,20220630,4596,32,10,0.00,0.00,Central Warehouse Inventory,2026-09-06T03:34:41.453917
3280,20220630,4597,404,10,0.00,0.00,Central Warehouse Inventory,2026-09-06T03:34:41.453917
3281,20220630,4598,103,10,0.00,0.00,Central Warehouse Inventory,2026-09-06T03:34:41.453917
3282,20220630,4599,262,10,0.00,0.00,Central Warehouse Inventory,2026-09-06T03:34:41.453917
3283,20220630,4600,55,10,0.00,0.00,Central Warehouse Inventory,2026-09-06T03:34:41.453917
3284,20220630,4601,119,10,0.00,0.00,Central Warehouse Inventory,2026-09-06T03:34:41.453917
3285,20220630,4602,874,10,0.00,0.00,Central Warehouse Inventory,2026-09-06T03:34:41.453917
3286,20220630,4603,1082,10,0.00,0.00,Central Warehouse Inventory,2026-09-06T03:34:41.453917
3287,20220630,4604,775,10,0.00,0.00,Central Warehouse Inventory,2026-09-06T03:34:41.453917
3288,20220630,4605,844,10,0.00,0.00,Central Warehouse Inventory,2026-09-06T03:34:41.453917
3289,20220630,4606,563,10,0.00,0.00,Central Warehouse Inventory,2026-09-06T03:34:41.453917
3290,20220630,4607,448,10,0.00,0.00,Central Warehouse Inventory,2026-09-06T03:34:41.453917
3291,20220630,4608,222,10,0.00,0.00,Central Warehouse Inventory,2026-09-06T03:34:41.453917
3292,20220630,4609,4,10,0.00,0.00,Central Warehouse Inventory,2026-09-06T03:34:41.453917
3293,20220630,4610,10,10,0.00,0.00,Central Warehouse Inventory,2026-09-06T03:34:41.453917
3294,20220630,4611,21,10,0.00,0.00,Central Warehouse Inventory,2026-09-06T03:34:41.453917
3295,20220630,4612,10,10,0.00,0.00,Central Warehouse Inventory,2026-09-06T03:34:41.453917
3296,20220630,4613,34,10,0.00,0.00,Central Warehouse Inventory,2026-09-06T03:34:41.453917
3297,20220630,4614,7,10,0.00,0.00,Central Warehouse Inventory,2026-09-06T03:34:41.453917
3298,20220630,4615,1,10,0.00,0.00,Central Warehouse Inventory,2026-09-06T03:34:41.453917
3299,20220630,4616,5,10,0.00,0.00,Central Warehouse Inventory,2026-09-06T03:34:41.453917
3300,20220630,4617,8,10,0.00,0.00,Central Warehouse Inventory,2026-09-06T03:34:41.453917
3301,20220630,4618,23,10,0.00,0.00,Central Warehouse Inventory,2026-09-06T03:34:41.453917
3302,20220630,4619,0,10,0.00,0.00,Central Warehouse Inventory,2026-09-06T03:34:41.453917
3303,20220630,4620,15,10,0.00,0.00,Central Warehouse Inventory,2026-09-06T03:34:41.453917
3304,20220630,4621,4,10,0.00,0.00,Central Warehouse Inventory,2026-09-06T03:34:41.453917
3305,20220630,4622,0,10,0.00,0.00,Central Warehouse Inventory,2026-09-06T03:34:41.453917
3306,20220630,4623,1,10,0.00,0.00,Central Warehouse Inventory,2026-09-06T03:34:41.453917
3307,20220630,4624,0,10,0.00,0.00,Central Warehouse Inventory,2026-09-06T03:34:41.453917
3308,20220630,4625,2,10,0.00,0.00,Central Warehouse Inventory,2026-09-06T03:34:41.453917
3309,20220630,4626,0,10,0.00,0.00,Central Warehouse Inventory,2026-09-06T03:34:41.453917
3310,20220630,4627,2,10,0.00,0.00,Central Warehouse Inventory,2026-09-06T03:34:41.453917
3311,20220630,4628,2,10,0.00,0.00,Central Warehouse Inventory,2026-09-06T03:34:41.453917
3312,20220630,4629,0,10,0.00,0.00,Central Warehouse Inventory,2026-09-06T03:34:41.453917
3313,20220630,4630,8,10,0.00,0.00,Central Warehouse Inventory,2026-09-06T03:34:41.453917
3314,20220630,4631,3,10,0.00,0.00,Central Warehouse Inventory,2026-09-06T03:34:41.453917
3315,20220630,4632,3,10,0.00,0.00,Central Warehouse Inventory,2026-09-06T03:34:41.453917
3316,20220630,4633,11,10,0.00,0.00,Central Warehouse Inventory,2026-09-06T03:34:41.453917
3317,20220630,4634,6,10,0.00,0.00,Central Warehouse Inventory,2026-09-06T03:34:41.453917
3318,20220630,4635,3,10,0.00,0.00,Central Warehouse Inventory,2026-09-06T03:34:41.453917
3319,20220630,4636,2,10,0.00,0.00,Central Warehouse Inventory,2026-09-06T03:34:41.453917
3320,20220630,4637,2,10,0.00,0.00,Central Warehouse Inventory,2026-09-06T03:34:41.453917
3321,20220630,4638,1,10,0.00,0.00,Central Warehouse Inventory,2026-09-06T03:34:41.453917
3322,20220630,4639,1,10,0.00,0.00,Central Warehouse Inventory,2026-09-06T03:34:41.453917
3323,20220630,4640,0,10,0.00,0.00,Central Warehouse Inventory,2026-09-06T03:34:41.453917
3324,20220630,4641,2,10,0.00,0.00,Central Warehouse Inventory,2026-09-06T03:34:41.453917
3325,20220630,4642,2,10,0.00,0.00,Central Warehouse Inventory,2026-09-06T03:34:41.453917
3326,20220630,4643,1,10,0.00,0.00,Central Warehouse Inventory,2026-09-06T03:34:41.453917
3327,20220630,4644,2,10,0.00,0.00,Central Warehouse Inventory,2026-09-06T03:34:41.453917
3328,20220630,4645,8,10,0.00,0.00,Central Warehouse Inventory,2026-09-06T03:34:41.453917
3329,20220630,4646,54,10,0.00,0.00,Central Warehouse Inventory,2026-09-06T03:34:41.453917
3330,20220630,4647,17,10,0.00,0.00,Central Warehouse Inventory,2026-09-06T03:34:41.453917
3331,20220630,4648,3,10,0.00,0.00,Central Warehouse Inventory,2026-09-06T03:34:41.453917
3332,20220630,4649,5,10,0.00,0.00,Central Warehouse Inventory,2026-09-06T03:34:41.453917
3333,20220630,4650,4,10,0.00,0.00,Central Warehouse Inventory,2026-09-06T03:34:41.453917
3334,20220630,4651,10,10,0.00,0.00,Central Warehouse Inventory,2026-09-06T03:34:41.453917
3335,20220630,4652,10,10,0.00,0.00,Central Warehouse Inventory,2026-09-06T03:34:41.453917
3336,20220630,4653,2,10,0.00,0.00,Central Warehouse Inventory,2026-09-06T03:34:41.453917
3337,20220630,4654,12,10,0.00,0.00,Central Warehouse Inventory,2026-09-06T03:34:41.453917
3338,20220630,4655,2,10,0.00,0.00,Central Warehouse Inventory,2026-09-06T03:34:41.453917
3339,20220630,4656,12,10,0.00,0.00,Central Warehouse Inventory,2026-09-06T03:34:41.453917
3340,20220630,4657,27,10,0.00,0.00,Central Warehouse Inventory,2026-09-06T03:34:41.453917
3341,20220630,4658,16,10,0.00,0.00,Central Warehouse Inventory,2026-09-06T03:34:41.453917
3342,20220630,4659,20,10,0.00,0.00,Central Warehouse Inventory,2026-09-06T03:34:41.453917
3343,20220630,4660,21,10,0.00,0.00,Central Warehouse Inventory,2026-09-06T03:34:41.453917
3344,20220630,4661,28,10,0.00,0.00,Central Warehouse Inventory,2026-09-06T03:34:41.453917
3345,20220630,4662,29,10,0.00,0.00,Central Warehouse Inventory,2026-09-06T03:34:41.453917
3346,20220630,4663,0,10,0.00,0.00,Central Warehouse Inventory,2026-09-06T03:34:41.453917
3347,20220630,4664,0,10,0.00,0.00,Central Warehouse Inventory,2026-09-06T03:34:41.453917
3348,20220630,4665,46,10,0.00,0.00,Central Warehouse Inventory,2026-09-06T03:34:41.453917
3349,20220630,4666,6,10,0.00,0.00,Central Warehouse Inventory,2026-09-06T03:34:41.453917
3350,20220630,4667,45,10,0.00,0.00,Central Warehouse Inventory,2026-09-06T03:34:41.453917
3351,20220630,4668,11,10,0.00,0.00,Central Warehouse Inventory,2026-09-06T03:34:41.453917
3352,20220630,4669,4,10,0.00,0.00,Central Warehouse Inventory,2026-09-06T03:34:41.453917
3353,20220630,4670,3,10,0.00,0.00,Central Warehouse Inventory,2026-09-06T03:34:41.453917
3354,20220630,4671,6,10,0.00,0.00,Central Warehouse Inventory,2026-09-06T03:34:41.453917
3355,20220630,4672,6,10,0.00,0.00,Central Warehouse Inventory,2026-09-06T03:34:41.453917
3356,20220630,4673,2,10,0.00,0.00,Central Warehouse Inventory,2026-09-06T03:34:41.453917
3357,20220630,4674,5,10,0.00,0.00,Central Warehouse Inventory,2026-09-06T03:34:41.453917
3358,20220630,4675,3,10,0.00,0.00,Central Warehouse Inventory,2026-09-06T03:34:41.453917
3359,20220630,4676,12,10,0.00,0.00,Central Warehouse Inventory,2026-09-06T03:34:41.453917
3360,20220630,4677,4,10,0.00,0.00,Central Warehouse Inventory,2026-09-06T03:34:41.453917
3361,20220630,4678,62,10,0.00,0.00,Central Warehouse Inventory,2026-09-06T03:34:41.453917
3362,20220630,4679,159,10,0.00,0.00,Central Warehouse Inventory,2026-09-06T03:34:41.453917
3363,20220630,4680,41,10,0.00,0.00,Central Warehouse Inventory,2026-09-06T03:34:41.453917
3364,20220630,4681,20,10,0.00,0.00,Central Warehouse Inventory,2026-09-06T03:34:41.453917
3365,20220630,4682,43,10,0.00,0.00,Central Warehouse Inventory,2026-09-06T03:34:41.453917
3366,20220630,4683,33,10,0.00,0.00,Central Warehouse Inventory,2026-09-06T03:34:41.453917
3367,20220630,4684,155,10,0.00,0.00,Central Warehouse Inventory,2026-09-06T03:34:41.453917
3368,20220630,4685,35,10,0.00,0.00,Central Warehouse Inventory,2026-09-06T03:34:41.453917
3369,20220630,4686,38,10,0.00,0.00,Central Warehouse Inventory,2026-09-06T03:34:41.453917
3370,20220630,4687,32,10,0.00,0.00,Central Warehouse Inventory,2026-09-06T03:34:41.453917
3371,20220630,4688,30,10,0.00,0.00,Central Warehouse Inventory,2026-09-06T03:34:41.453917
3372,20220630,4689,27,10,0.00,0.00,Central Warehouse Inventory,2026-09-06T03:34:41.453917
3373,20220630,4690,96,10,0.00,0.00,Central Warehouse Inventory,2026-09-06T03:34:41.453917
3374,20220630,4691,8,10,0.00,0.00,Central Warehouse Inventory,2026-09-06T03:34:41.453917
3375,20220630,4692,8,10,0.00,0.00,Central Warehouse Inventory,2026-09-06T03:34:41.453917
3376,20220630,4693,76,10,0.00,0.00,Central Warehouse Inventory,2026-09-06T03:34:41.453917
3377,20220630,4694,11,10,0.00,0.00,Central Warehouse Inventory,2026-09-06T03:34:41.453917
3378,20220630,4695,239,10,0.00,0.00,Central Warehouse Inventory,2026-09-06T03:34:41.453917
3379,20220630,4696,8,10,0.00,0.00,Central Warehouse Inventory,2026-09-06T03:34:41.453917
3380,20220630,4697,13,10,0.00,0.00,Central Warehouse Inventory,2026-09-06T03:34:41.453917
3381,20220630,4698,0,10,0.00,0.00,Central Warehouse Inventory,2026-09-06T03:34:41.453917
3382,20220630,4699,2,10,0.00,0.00,Central Warehouse Inventory,2026-09-06T03:34:41.453917
3383,20220630,4700,2,10,0.00,0.00,Central Warehouse Inventory,2026-09-06T03:34:41.453917
3384,20220630,4701,0,10,0.00,0.00,Central Warehouse Inventory,2026-09-06T03:34:41.453917
3385,20220630,4702,1,10,0.00,0.00,Central Warehouse Inventory,2026-09-06T03:34:41.453917
3386,20220630,4703,0,10,0.00,0.00,Central Warehouse Inventory,2026-09-06T03:34:41.453917
3387,20220630,4704,2,10,0.00,0.00,Central Warehouse Inventory,2026-09-06T03:34:41.453917
3388,20220630,4705,1,10,0.00,0.00,Central Warehouse Inventory,2026-09-06T03:34:41.453917
3389,20220630,4706,3,10,0.00,0.00,Central Warehouse Inventory,2026-09-06T03:34:41.453917
3390,20220630,4707,4,10,0.00,0.00,Central Warehouse Inventory,2026-09-06T03:34:41.453917
3391,20220630,4708,5,10,0.00,0.00,Central Warehouse Inventory,2026-09-06T03:34:41.453917
3392,20220630,4709,6,10,0.00,0.00,Central Warehouse Inventory,2026-09-06T03:34:41.453917
3393,20220630,4710,9,10,0.00,0.00,Central Warehouse Inventory,2026-09-06T03:34:41.453917
3394,20220630,4711,6,10,0.00,0.00,Central Warehouse Inventory,2026-09-06T03:34:41.453917
3395,20220630,4712,6,10,0.00,0.00,Central Warehouse Inventory,2026-09-06T03:34:41.453917
3396,20220630,4713,10,10,0.00,0.00,Central Warehouse Inventory,2026-09-06T03:34:41.453917
3397,20220630,4714,6,10,0.00,0.00,Central Warehouse Inventory,2026-09-06T03:34:41.453917
3398,20220630,4715,8,10,0.00,0.00,Central Warehouse Inventory,2026-09-06T03:34:41.453917
3399,20220630,4716,7,10,0.00,0.00,Central Warehouse Inventory,2026-09-06T03:34:41.453917
3400,20220630,4717,8,10,0.00,0.00,Central Warehouse Inventory,2026-09-06T03:34:41.453917
3401,20220630,4718,4,10,0.00,0.00,Central Warehouse Inventory,2026-09-06T03:34:41.453917
3402,20220630,4719,3,10,0.00,0.00,Central Warehouse Inventory,2026-09-06T03:34:41.453917
3403,20220630,4720,4,10,0.00,0.00,Central Warehouse Inventory,2026-09-06T03:34:41.453917
3404,20220630,4721,2,10,0.00,0.00,Central Warehouse Inventory,2026-09-06T03:34:41.453917
3405,20220630,4722,1,10,0.00,0.00,Central Warehouse Inventory,2026-09-06T03:34:41.453917
3406,20220630,4723,9,10,0.00,0.00,Central Warehouse Inventory,2026-09-06T03:34:41.453917
3407,20220630,4724,5,10,0.00,0.00,Central Warehouse Inventory,2026-09-06T03:34:41.453917
3408,20220630,4725,0,10,0.00,0.00,Central Warehouse Inventory,2026-09-06T03:34:41.453917
3409,20220630,4726,3,10,0.00,0.00,Central Warehouse Inventory,2026-09-06T03:34:41.453917
3410,20220630,4727,2,10,0.00,0.00,Central Warehouse Inventory,2026-09-06T03:34:41.453917
3411,20220630,4728,1,10,0.00,0.00,Central Warehouse Inventory,2026-09-06T03:34:41.453917
3412,20220630,4729,1,10,0.00,0.00,Central Warehouse Inventory,2026-09-06T03:34:41.453917
3413,20220630,4730,2,10,0.00,0.00,Central Warehouse Inventory,2026-09-06T03:34:41.453917
3414,20220630,4731,3,10,0.00,0.00,Central Warehouse Inventory,2026-09-06T03:34:41.453917
3415,20220630,4732,1,10,0.00,0.00,Central Warehouse Inventory,2026-09-06T03:34:41.453917
3416,20220630,4733,5,10,0.00,0.00,Central Warehouse Inventory,2026-09-06T03:34:41.453917
3417,20220630,4734,37,10,0.00,0.00,Central Warehouse Inventory,2026-09-06T03:34:41.453917
3418,20220630,4735,4,10,0.00,0.00,Central Warehouse Inventory,2026-09-06T03:34:41.453917
3419,20220630,4736,150,10,0.00,0.00,Central Warehouse Inventory,2026-09-06T03:34:41.453917
3420,20220630,4737,3,10,0.00,0.00,Central Warehouse Inventory,2026-09-06T03:34:41.453917
3421,20220630,4738,2,10,0.00,0.00,Central Warehouse Inventory,2026-09-06T03:34:41.453917
3422,20220630,4739,54,10,0.00,0.00,Central Warehouse Inventory,2026-09-06T03:34:41.453917
3423,20220630,4740,83,10,0.00,0.00,Central Warehouse Inventory,2026-09-06T03:34:41.453917
3424,20220630,4741,49,10,0.00,0.00,Central Warehouse Inventory,2026-09-06T03:34:41.453917
3425,20220630,4742,56,10,0.00,0.00,Central Warehouse Inventory,2026-09-06T03:34:41.453917
3426,20220630,4743,13,10,0.00,0.00,Central Warehouse Inventory,2026-09-06T03:34:41.453917
3427,20220630,4744,29,10,0.00,0.00,Central Warehouse Inventory,2026-09-06T03:34:41.453917
3428,20220630,4745,3,10,0.00,0.00,Central Warehouse Inventory,2026-09-06T03:34:41.453917
3429,20220630,4746,5,10,0.00,0.00,Central Warehouse Inventory,2026-09-06T03:34:41.453917
3430,20220630,4747,5,10,0.00,0.00,Central Warehouse Inventory,2026-09-06T03:34:41.453917
3431,20220630,4748,92,10,0.00,0.00,Central Warehouse Inventory,2026-09-06T03:34:41.453917
3432,20220630,4749,4,10,0.00,0.00,Central Warehouse Inventory,2026-09-06T03:34:41.453917
3433,20220630,4750,29,10,0.00,0.00,Central Warehouse Inventory,2026-09-06T03:34:41.453917
3434,20220630,4751,1,10,0.00,0.00,Central Warehouse Inventory,2026-09-06T03:34:41.453917
3435,20220630,4752,1,10,0.00,0.00,Central Warehouse Inventory,2026-09-06T03:34:41.453917
3436,20220630,4753,21,10,0.00,0.00,Central Warehouse Inventory,2026-09-06T03:34:41.453917
3437,20220630,4754,59,10,0.00,0.00,Central Warehouse Inventory,2026-09-06T03:34:41.453917
3438,20220630,4755,35,10,0.00,0.00,Central Warehouse Inventory,2026-09-06T03:34:41.453917
3439,20220630,4756,157,10,0.00,0.00,Central Warehouse Inventory,2026-09-06T03:34:41.453917
3440,20220630,4757,6,10,0.00,0.00,Central Warehouse Inventory,2026-09-06T03:34:41.453917
3441,20220630,4758,55,10,0.00,0.00,Central Warehouse Inventory,2026-09-06T03:34:41.453917
3442,20220630,4759,122,10,0.00,0.00,Central Warehouse Inventory,2026-09-06T03:34:41.453917
3443,20220630,4760,1,10,0.00,0.00,Central Warehouse Inventory,2026-09-06T03:34:41.453917
3444,20220630,4761,0,10,0.00,0.00,Central Warehouse Inventory,2026-09-06T03:34:41.453917
3445,20220630,4762,2,10,0.00,0.00,Central Warehouse Inventory,2026-09-06T03:34:41.453917
3446,20220630,4763,3,10,0.00,0.00,Central Warehouse Inventory,2026-09-06T03:34:41.453917
3447,20220630,4764,8,10,0.00,0.00,Central Warehouse Inventory,2026-09-06T03:34:41.453917
3448,20220630,4765,7,10,0.00,0.00,Central Warehouse Inventory,2026-09-06T03:34:41.453917
3449,20220630,4766,2,10,0.00,0.00,Central Warehouse Inventory,2026-09-06T03:34:41.453917
3450,20220630,4767,2,10,0.00,0.00,Central Warehouse Inventory,2026-09-06T03:34:41.453917
3451,20220630,4768,3,10,0.00,0.00,Central Warehouse Inventory,2026-09-06T03:34:41.453917
3452,20220630,4769,1,10,0.00,0.00,Central Warehouse Inventory,2026-09-06T03:34:41.453917
3453,20220630,4770,2,10,0.00,0.00,Central Warehouse Inventory,2026-09-06T03:34:41.453917
3454,20220630,4771,2,10,0.00,0.00,Central Warehouse Inventory,2026-09-06T03:34:41.453917
3455,20220630,4772,2,10,0.00,0.00,Central Warehouse Inventory,2026-09-06T03:34:41.453917
3456,20220630,4773,3,10,0.00,0.00,Central Warehouse Inventory,2026-09-06T03:34:41.453917
3457,20220630,4774,1,10,0.00,0.00,Central Warehouse Inventory,2026-09-06T03:34:41.453917
3458,20220630,4775,4,10,0.00,0.00,Central Warehouse Inventory,2026-09-06T03:34:41.453917
3459,20220630,4776,0,10,0.00,0.00,Central Warehouse Inventory,2026-09-06T03:34:41.453917
3460,20220630,4777,12,10,0.00,0.00,Central Warehouse Inventory,2026-09-06T03:34:41.453917
3461,20220630,4778,8,10,0.00,0.00,Central Warehouse Inventory,2026-09-06T03:34:41.453917
3462,20220630,4779,5,10,0.00,0.00,Central Warehouse Inventory,2026-09-06T03:34:41.453917
3463,20220630,4780,13,10,0.00,0.00,Central Warehouse Inventory,2026-09-06T03:34:41.453917
3464,20220630,4781,26,10,0.00,0.00,Central Warehouse Inventory,2026-09-06T03:34:41.453917
3465,20220630,4782,16,10,0.00,0.00,Central Warehouse Inventory,2026-09-06T03:34:41.453917
3466,20220630,4783,1,10,0.00,0.00,Central Warehouse Inventory,2026-09-06T03:34:41.453917
3467,20220630,4784,2,10,0.00,0.00,Central Warehouse Inventory,2026-09-06T03:34:41.453917
3468,20220630,4785,19,10,0.00,0.00,Central Warehouse Inventory,2026-09-06T03:34:41.453917
3469,20220630,4786,5,10,0.00,0.00,Central Warehouse Inventory,2026-09-06T03:34:41.453917
3470,20220630,4787,20,10,0.00,0.00,Central Warehouse Inventory,2026-09-06T03:34:41.453917
3471,20220630,4788,60,10,0.00,0.00,Central Warehouse Inventory,2026-09-06T03:34:41.453917
3472,20220630,4789,6,10,0.00,0.00,Central Warehouse Inventory,2026-09-06T03:34:41.453917
3473,20220630,4790,414,10,0.00,0.00,Central Warehouse Inventory,2026-09-06T03:34:41.453917
3474,20220630,4791,478,10,0.00,0.00,Central Warehouse Inventory,2026-09-06T03:34:41.453917
3475,20220630,4792,193,10,0.00,0.00,Central Warehouse Inventory,2026-09-06T03:34:41.453917
3476,20220630,4793,333,10,0.00,0.00,Central Warehouse Inventory,2026-09-06T03:34:41.453917
3477,20220630,4794,173,10,0.00,0.00,Central Warehouse Inventory,2026-09-06T03:34:41.453917
3478,20220630,4795,949,10,0.00,0.00,Central Warehouse Inventory,2026-09-06T03:34:41.453917
3479,20220630,4796,0,10,0.00,0.00,Central Warehouse Inventory,2026-09-06T03:34:41.453917
3480,20220630,4797,35,10,0.00,0.00,Central Warehouse Inventory,2026-09-06T03:34:41.453917
3481,20220630,4798,25,10,0.00,0.00,Central Warehouse Inventory,2026-09-06T03:34:41.453917
3482,20220630,4799,28,10,0.00,0.00,Central Warehouse Inventory,2026-09-06T03:34:41.453917
3483,20220630,4800,22,10,0.00,0.00,Central Warehouse Inventory,2026-09-06T03:34:41.453917
3484,20220630,4801,25,10,0.00,0.00,Central Warehouse Inventory,2026-09-06T03:34:41.453917
3485,20220630,4802,6,10,0.00,0.00,Central Warehouse Inventory,2026-09-06T03:34:41.453917
3486,20220630,4803,44,10,0.00,0.00,Central Warehouse Inventory,2026-09-06T03:34:41.453917
3487,20220630,4804,62,10,0.00,0.00,Central Warehouse Inventory,2026-09-06T03:34:41.453917
3488,20220630,4805,24,10,0.00,0.00,Central Warehouse Inventory,2026-09-06T03:34:41.453917
3489,20220630,4806,60,10,0.00,0.00,Central Warehouse Inventory,2026-09-06T03:34:41.453917
3490,20220630,4807,19,10,0.00,0.00,Central Warehouse Inventory,2026-09-06T03:34:41.453917
3491,20220630,4808,10,10,0.00,0.00,Central Warehouse Inventory,2026-09-06T03:34:41.453917
3492,20220630,4809,3,10,0.00,0.00,Central Warehouse Inventory,2026-09-06T03:34:41.453917
3493,20220630,4810,8,10,0.00,0.00,Central Warehouse Inventory,2026-09-06T03:34:41.453917
3494,20220630,4811,8,10,0.00,0.00,Central Warehouse Inventory,2026-09-06T03:34:41.453917
3495,20220630,4812,6,10,0.00,0.00,Central Warehouse Inventory,2026-09-06T03:34:41.453917
3496,20220630,4813,9,10,0.00,0.00,Central Warehouse Inventory,2026-09-06T03:34:41.453917
3497,20220630,4814,3,10,0.00,0.00,Central Warehouse Inventory,2026-09-06T03:34:41.453917
3498,20220630,4815,4,10,0.00,0.00,Central Warehouse Inventory,2026-09-06T03:34:41.453917
3499,20220630,4816,284,10,0.00,0.00,Central Warehouse Inventory,2026-09-06T03:34:41.453917
3500,20220630,4817,186,10,0.00,0.00,Central Warehouse Inventory,2026-09-06T03:34:41.453917
3501,20220630,4818,12,10,0.00,0.00,Central Warehouse Inventory,2026-09-06T03:34:41.453917
3502,20220630,4819,284,10,0.00,0.00,Central Warehouse Inventory,2026-09-06T03:34:41.453917
3503,20220630,4820,173,10,0.00,0.00,Central Warehouse Inventory,2026-09-06T03:34:41.453917
3504,20220630,4821,126,10,0.00,0.00,Central Warehouse Inventory,2026-09-06T03:34:41.453917
3505,20220630,4822,0,10,0.00,0.00,Central Warehouse Inventory,2026-09-06T03:34:41.453917
3506,20220630,4823,3,10,0.00,0.00,Central Warehouse Inventory,2026-09-06T03:34:41.453917
3507,20220630,4824,1,10,0.00,0.00,Central Warehouse Inventory,2026-09-06T03:34:41.453917
3508,20220630,4825,2,10,0.00,0.00,Central Warehouse Inventory,2026-09-06T03:34:41.453917
3509,20220630,4826,2,10,0.00,0.00,Central Warehouse Inventory,2026-09-06T03:34:41.453917
3510,20220630,4827,3,10,0.00,0.00,Central Warehouse Inventory,2026-09-06T03:34:41.453917
3511,20220630,4828,7,10,0.00,0.00,Central Warehouse Inventory,2026-09-06T03:34:41.453917
3512,20220630,4829,48,10,0.00,0.00,Central Warehouse Inventory,2026-09-06T03:34:41.453917
3513,20220630,4830,33,10,0.00,0.00,Central Warehouse Inventory,2026-09-06T03:34:41.453917
3514,20220630,4831,5,10,0.00,0.00,Central Warehouse Inventory,2026-09-06T03:34:41.453917
3515,20220630,4832,25,10,0.00,0.00,Central Warehouse Inventory,2026-09-06T03:34:41.453917
3516,20220630,4833,23,10,0.00,0.00,Central Warehouse Inventory,2026-09-06T03:34:41.453917
3517,20220630,4834,3,10,0.00,0.00,Central Warehouse Inventory,2026-09-06T03:34:41.453917
3518,20220630,4835,3,10,0.00,0.00,Central Warehouse Inventory,2026-09-06T03:34:41.453917
3519,20220630,4836,7,10,0.00,0.00,Central Warehouse Inventory,2026-09-06T03:34:41.453917
3520,20220630,4837,3,10,0.00,0.00,Central Warehouse Inventory,2026-09-06T03:34:41.453917
3521,20220630,4838,2,10,0.00,0.00,Central Warehouse Inventory,2026-09-06T03:34:41.453917
3522,20220630,4839,6,10,0.00,0.00,Central Warehouse Inventory,2026-09-06T03:34:41.453917
3523,20220630,4840,5,10,0.00,0.00,Central Warehouse Inventory,2026-09-06T03:34:41.453917
3524,20220630,4841,0,10,0.00,0.00,Central Warehouse Inventory,2026-09-06T03:34:41.453917
3525,20220630,4842,8,10,0.00,0.00,Central Warehouse Inventory,2026-09-06T03:34:41.453917
3526,20220630,4843,2,10,0.00,0.00,Central Warehouse Inventory,2026-09-06T03:34:41.453917
3527,20220630,4844,13,10,0.00,0.00,Central Warehouse Inventory,2026-09-06T03:34:41.453917
3528,20220630,4845,7,10,0.00,0.00,Central Warehouse Inventory,2026-09-06T03:34:41.453917
3529,20220630,4846,3,10,0.00,0.00,Central Warehouse Inventory,2026-09-06T03:34:41.453917
3530,20220630,4847,45,10,0.00,0.00,Central Warehouse Inventory,2026-09-06T03:34:41.453917
3531,20220630,4848,35,10,0.00,0.00,Central Warehouse Inventory,2026-09-06T03:34:41.453917
3532,20220630,4849,39,10,0.00,0.00,Central Warehouse Inventory,2026-09-06T03:34:41.453917
3533,20220630,4850,9,10,0.00,0.00,Central Warehouse Inventory,2026-09-06T03:34:41.453917
3534,20220630,4851,4,10,0.00,0.00,Central Warehouse Inventory,2026-09-06T03:34:41.453917
3535,20220630,4852,20,10,0.00,0.00,Central Warehouse Inventory,2026-09-06T03:34:41.453917
3536,20220630,4853,12,10,0.00,0.00,Central Warehouse Inventory,2026-09-06T03:34:41.453917
3537,20220630,4854,53,10,0.00,0.00,Central Warehouse Inventory,2026-09-06T03:34:41.453917
3538,20220630,4855,30,10,0.00,0.00,Central Warehouse Inventory,2026-09-06T03:34:41.453917
3539,20220630,4856,26,10,0.00,0.00,Central Warehouse Inventory,2026-09-06T03:34:41.453917
3540,20220630,4857,37,10,0.00,0.00,Central Warehouse Inventory,2026-09-06T03:34:41.453917
3541,20220630,4858,38,10,0.00,0.00,Central Warehouse Inventory,2026-09-06T03:34:41.453917
3542,20220630,4859,0,10,0.00,0.00,Central Warehouse Inventory,2026-09-06T03:34:41.453917
3543,20220630,4860,1,10,0.00,0.00,Central Warehouse Inventory,2026-09-06T03:34:41.453917
3544,20220630,4861,3,10,0.00,0.00,Central Warehouse Inventory,2026-09-06T03:34:41.453917
3545,20220630,4862,0,10,0.00,0.00,Central Warehouse Inventory,2026-09-06T03:34:41.453917
3546,20220630,4863,4,10,0.00,0.00,Central Warehouse Inventory,2026-09-06T03:34:41.453917
3547,20220630,4864,0,10,0.00,0.00,Central Warehouse Inventory,2026-09-06T03:34:41.453917
3548,20220630,4865,4,10,0.00,0.00,Central Warehouse Inventory,2026-09-06T03:34:41.453917
3549,20220630,4866,1,10,0.00,0.00,Central Warehouse Inventory,2026-09-06T03:34:41.453917
3550,20220630,4867,2,10,0.00,0.00,Central Warehouse Inventory,2026-09-06T03:34:41.453917
3551,20220630,4868,2,10,0.00,0.00,Central Warehouse Inventory,2026-09-06T03:34:41.453917
3552,20220630,4869,3,10,0.00,0.00,Central Warehouse Inventory,2026-09-06T03:34:41.453917
3553,20220630,4870,1,10,0.00,0.00,Central Warehouse Inventory,2026-09-06T03:34:41.453917
3554,20220630,4871,46,10,0.00,0.00,Central Warehouse Inventory,2026-09-06T03:34:41.453917
3555,20220630,4872,69,10,0.00,0.00,Central Warehouse Inventory,2026-09-06T03:34:41.453917
3556,20220630,4873,90,10,0.00,0.00,Central Warehouse Inventory,2026-09-06T03:34:41.453917
3557,20220630,4874,70,10,0.00,0.00,Central Warehouse Inventory,2026-09-06T03:34:41.453917
3558,20220630,4875,56,10,0.00,0.00,Central Warehouse Inventory,2026-09-06T03:34:41.453917
3559,20220630,4876,5,10,0.00,0.00,Central Warehouse Inventory,2026-09-06T03:34:41.453917
3560,20220630,4877,11,10,0.00,0.00,Central Warehouse Inventory,2026-09-06T03:34:41.453917
3561,20220630,4878,8,10,0.00,0.00,Central Warehouse Inventory,2026-09-06T03:34:41.453917
3562,20220630,4879,11,10,0.00,0.00,Central Warehouse Inventory,2026-09-06T03:34:41.453917
3563,20220630,4880,10,10,0.00,0.00,Central Warehouse Inventory,2026-09-06T03:34:41.453917
3564,20220630,4881,5,10,0.00,0.00,Central Warehouse Inventory,2026-09-06T03:34:41.453917
3565,20220630,4882,10,10,0.00,0.00,Central Warehouse Inventory,2026-09-06T03:34:41.453917
3566,20220630,4883,21,10,0.00,0.00,Central Warehouse Inventory,2026-09-06T03:34:41.453917
3567,20220630,4884,23,10,0.00,0.00,Central Warehouse Inventory,2026-09-06T03:34:41.453917
3568,20220630,4885,22,10,0.00,0.00,Central Warehouse Inventory,2026-09-06T03:34:41.453917
3569,20220630,4886,21,10,0.00,0.00,Central Warehouse Inventory,2026-09-06T03:34:41.453917
3570,20220630,4887,19,10,0.00,0.00,Central Warehouse Inventory,2026-09-06T03:34:41.453917
3571,20220630,4888,21,10,0.00,0.00,Central Warehouse Inventory,2026-09-06T03:34:41.453917
3572,20220630,4889,25,10,0.00,0.00,Central Warehouse Inventory,2026-09-06T03:34:41.453917
3573,20220630,4890,16,10,0.00,0.00,Central Warehouse Inventory,2026-09-06T03:34:41.453917
3574,20220630,4891,11,10,0.00,0.00,Central Warehouse Inventory,2026-09-06T03:34:41.453917
3575,20220630,4892,66,10,0.00,0.00,Central Warehouse Inventory,2026-09-06T03:34:41.453917
3576,20220630,4893,8,10,0.00,0.00,Central Warehouse Inventory,2026-09-06T03:34:41.453917
3577,20220630,4894,6,10,0.00,0.00,Central Warehouse Inventory,2026-09-06T03:34:41.453917
3578,20220630,4895,187,10,0.00,0.00,Central Warehouse Inventory,2026-09-06T03:34:41.453917
3579,20220630,4896,90,10,0.00,0.00,Central Warehouse Inventory,2026-09-06T03:34:41.453917
3580,20220630,4897,62,10,0.00,0.00,Central Warehouse Inventory,2026-09-06T03:34:41.453917
3581,20220630,4898,87,10,0.00,0.00,Central Warehouse Inventory,2026-09-06T03:34:41.453917
3582,20220630,4899,63,10,0.00,0.00,Central Warehouse Inventory,2026-09-06T03:34:41.453917
3583,20220630,4900,112,10,0.00,0.00,Central Warehouse Inventory,2026-09-06T03:34:41.453917
3584,20220630,4901,103,10,0.00,0.00,Central Warehouse Inventory,2026-09-06T03:34:41.453917
3585,20220630,4902,8,10,0.00,0.00,Central Warehouse Inventory,2026-09-06T03:34:41.453917
3586,20220630,4903,9,10,0.00,0.00,Central Warehouse Inventory,2026-09-06T03:34:41.453917
3587,20220630,4904,13,10,0.00,0.00,Central Warehouse Inventory,2026-09-06T03:34:41.453917
3588,20220630,4905,12,10,0.00,0.00,Central Warehouse Inventory,2026-09-06T03:34:41.453917
3589,20220630,4906,9,10,0.00,0.00,Central Warehouse Inventory,2026-09-06T03:34:41.453917
3590,20220630,4907,26,10,0.00,0.00,Central Warehouse Inventory,2026-09-06T03:34:41.453917
3591,20220630,4908,41,10,0.00,0.00,Central Warehouse Inventory,2026-09-06T03:34:41.453917
3592,20220630,4909,15,10,0.00,0.00,Central Warehouse Inventory,2026-09-06T03:34:41.453917
3593,20220630,4910,147,10,0.00,0.00,Central Warehouse Inventory,2026-09-06T03:34:41.453917
3594,20220630,4911,5,10,0.00,0.00,Central Warehouse Inventory,2026-09-06T03:34:41.453917
3595,20220630,4912,38,10,0.00,0.00,Central Warehouse Inventory,2026-09-06T03:34:41.453917
3596,20220630,4913,50,10,0.00,0.00,Central Warehouse Inventory,2026-09-06T03:34:41.453917
3597,20220630,4914,1,10,0.00,0.00,Central Warehouse Inventory,2026-09-06T03:34:41.453917
3598,20220630,4915,8,10,0.00,0.00,Central Warehouse Inventory,2026-09-06T03:34:41.453917
3599,20220630,4916,6,10,0.00,0.00,Central Warehouse Inventory,2026-09-06T03:34:41.453917
3600,20220630,4917,24,10,0.00,0.00,Central Warehouse Inventory,2026-09-06T03:34:41.453917
3601,20220630,4918,4,10,0.00,0.00,Central Warehouse Inventory,2026-09-06T03:34:41.453917
3602,20220630,4919,3,10,0.00,0.00,Central Warehouse Inventory,2026-09-06T03:34:41.453917
3603,20220630,4920,45,10,0.00,0.00,Central Warehouse Inventory,2026-09-06T03:34:41.453917
3604,20220630,4921,31,10,0.00,0.00,Central Warehouse Inventory,2026-09-06T03:34:41.453917
3605,20220630,4922,38,10,0.00,0.00,Central Warehouse Inventory,2026-09-06T03:34:41.453917
3606,20220630,4923,29,10,0.00,0.00,Central Warehouse Inventory,2026-09-06T03:34:41.453917
3607,20220630,4924,44,10,0.00,0.00,Central Warehouse Inventory,2026-09-06T03:34:41.453917
3608,20220630,4925,4,10,0.00,0.00,Central Warehouse Inventory,2026-09-06T03:34:41.453917
3609,20220630,4926,11,10,0.00,0.00,Central Warehouse Inventory,2026-09-06T03:34:41.453917
3610,20220630,4927,4,10,0.00,0.00,Central Warehouse Inventory,2026-09-06T03:34:41.453917
3611,20220630,4928,14,10,0.00,0.00,Central Warehouse Inventory,2026-09-06T03:34:41.453917
3612,20220630,4929,6,10,0.00,0.00,Central Warehouse Inventory,2026-09-06T03:34:41.453917
3613,20220630,4930,15,10,0.00,0.00,Central Warehouse Inventory,2026-09-06T03:34:41.453917
3614,20220630,4931,26,10,0.00,0.00,Central Warehouse Inventory,2026-09-06T03:34:41.453917
3615,20220630,4932,2,10,0.00,0.00,Central Warehouse Inventory,2026-09-06T03:34:41.453917
3616,20220630,4933,3,10,0.00,0.00,Central Warehouse Inventory,2026-09-06T03:34:41.453917
3617,20220630,4934,2,10,0.00,0.00,Central Warehouse Inventory,2026-09-06T03:34:41.453917
3618,20220630,4935,2,10,0.00,0.00,Central Warehouse Inventory,2026-09-06T03:34:41.453917
3619,20220630,4936,3,10,0.00,0.00,Central Warehouse Inventory,2026-09-06T03:34:41.453917
3620,20220630,4937,1,10,0.00,0.00,Central Warehouse Inventory,2026-09-06T03:34:41.453917
3621,20220630,4938,3,10,0.00,0.00,Central Warehouse Inventory,2026-09-06T03:34:41.453917
3622,20220630,4939,3,10,0.00,0.00,Central Warehouse Inventory,2026-09-06T03:34:41.453917
3623,20220630,4940,4,10,0.00,0.00,Central Warehouse Inventory,2026-09-06T03:34:41.453917
3624,20220630,4941,4,10,0.00,0.00,Central Warehouse Inventory,2026-09-06T03:34:41.453917
3625,20220630,4942,3,10,0.00,0.00,Central Warehouse Inventory,2026-09-06T03:34:41.453917
3626,20220630,4943,7,10,0.00,0.00,Central Warehouse Inventory,2026-09-06T03:34:41.453917
3627,20220630,4944,4,10,0.00,0.00,Central Warehouse Inventory,2026-09-06T03:34:41.453917
3628,20220630,4945,5,10,0.00,0.00,Central Warehouse Inventory,2026-09-06T03:34:41.453917
3629,20220630,4946,13,10,0.00,0.00,Central Warehouse Inventory,2026-09-06T03:34:41.453917
3630,20220630,4947,16,10,0.00,0.00,Central Warehouse Inventory,2026-09-06T03:34:41.453917
3631,20220630,4948,30,10,0.00,0.00,Central Warehouse Inventory,2026-09-06T03:34:41.453917
3632,20220630,4949,19,10,0.00,0.00,Central Warehouse Inventory,2026-09-06T03:34:41.453917
3633,20220630,4950,8,10,0.00,0.00,Central Warehouse Inventory,2026-09-06T03:34:41.453917
3634,20220630,4951,16,10,0.00,0.00,Central Warehouse Inventory,2026-09-06T03:34:41.453917
3635,20220630,4952,35,10,0.00,0.00,Central Warehouse Inventory,2026-09-06T03:34:41.453917
3636,20220630,4953,151,10,0.00,0.00,Central Warehouse Inventory,2026-09-06T03:34:41.453917
3637,20220630,4954,122,10,0.00,0.00,Central Warehouse Inventory,2026-09-06T03:34:41.453917
3638,20220630,4955,19,10,0.00,0.00,Central Warehouse Inventory,2026-09-06T03:34:41.453917
3639,20220630,4956,81,10,0.00,0.00,Central Warehouse Inventory,2026-09-06T03:34:41.453917
3640,20220630,4957,8,10,0.00,0.00,Central Warehouse Inventory,2026-09-06T03:34:41.453917
3641,20220630,4958,131,10,0.00,0.00,Central Warehouse Inventory,2026-09-06T03:34:41.453917
3642,20220630,4959,140,10,0.00,0.00,Central Warehouse Inventory,2026-09-06T03:34:41.453917
3643,20220630,4960,5,10,0.00,0.00,Central Warehouse Inventory,2026-09-06T03:34:41.453917
3644,20220630,4961,4,10,0.00,0.00,Central Warehouse Inventory,2026-09-06T03:34:41.453917
3645,20220630,4962,1,10,0.00,0.00,Central Warehouse Inventory,2026-09-06T03:34:41.453917
3646,20220630,4963,7,10,0.00,0.00,Central Warehouse Inventory,2026-09-06T03:34:41.453917
3647,20220630,4964,33,10,0.00,0.00,Central Warehouse Inventory,2026-09-06T03:34:41.453917
3648,20220630,4965,5,10,0.00,0.00,Central Warehouse Inventory,2026-09-06T03:34:41.453917
3649,20220630,4966,5,10,0.00,0.00,Central Warehouse Inventory,2026-09-06T03:34:41.453917
3650,20220630,4967,2,10,0.00,0.00,Central Warehouse Inventory,2026-09-06T03:34:41.453917
3651,20220630,4968,2,10,0.00,0.00,Central Warehouse Inventory,2026-09-06T03:34:41.453917
3652,20220630,4969,4,10,0.00,0.00,Central Warehouse Inventory,2026-09-06T03:34:41.453917
3653,20220630,4970,3,10,0.00,0.00,Central Warehouse Inventory,2026-09-06T03:34:41.453917
3654,20220630,4971,3,10,0.00,0.00,Central Warehouse Inventory,2026-09-06T03:34:41.453917
3655,20220630,4972,0,10,0.00,0.00,Central Warehouse Inventory,2026-09-06T03:34:41.453917
3656,20220630,4973,2,10,0.00,0.00,Central Warehouse Inventory,2026-09-06T03:34:41.453917
3657,20220630,4974,29,10,0.00,0.00,Central Warehouse Inventory,2026-09-06T03:34:41.453917
3658,20220630,4975,51,10,0.00,0.00,Central Warehouse Inventory,2026-09-06T03:34:41.453917
3659,20220630,4976,57,10,0.00,0.00,Central Warehouse Inventory,2026-09-06T03:34:41.453917
3660,20220630,4977,20,10,0.00,0.00,Central Warehouse Inventory,2026-09-06T03:34:41.453917
3661,20220630,4978,16,10,0.00,0.00,Central Warehouse Inventory,2026-09-06T03:34:41.453917
3662,20220630,4979,66,10,0.00,0.00,Central Warehouse Inventory,2026-09-06T03:34:41.453917
3663,20220630,4980,9,10,0.00,0.00,Central Warehouse Inventory,2026-09-06T03:34:41.453917
3664,20220630,4981,3,10,0.00,0.00,Central Warehouse Inventory,2026-09-06T03:34:41.453917
3665,20220630,4982,1,10,0.00,0.00,Central Warehouse Inventory,2026-09-06T03:34:41.453917
3666,20220630,4983,3,10,0.00,0.00,Central Warehouse Inventory,2026-09-06T03:34:41.453917
3667,20220630,4984,2,10,0.00,0.00,Central Warehouse Inventory,2026-09-06T03:34:41.453917
3668,20220630,4985,3,10,0.00,0.00,Central Warehouse Inventory,2026-09-06T03:34:41.453917
3669,20220630,4986,7,10,0.00,0.00,Central Warehouse Inventory,2026-09-06T03:34:41.453917
3670,20220630,4987,2,10,0.00,0.00,Central Warehouse Inventory,2026-09-06T03:34:41.453917
3671,20220630,4988,1,10,0.00,0.00,Central Warehouse Inventory,2026-09-06T03:34:41.453917
3672,20220630,4989,6,10,0.00,0.00,Central Warehouse Inventory,2026-09-06T03:34:41.453917
3673,20220630,4990,12,10,0.00,0.00,Central Warehouse Inventory,2026-09-06T03:34:41.453917
3674,20220630,4991,37,10,0.00,0.00,Central Warehouse Inventory,2026-09-06T03:34:41.453917
3675,20220630,4992,6,10,0.00,0.00,Central Warehouse Inventory,2026-09-06T03:34:41.453917
3676,20220630,4993,4,10,0.00,0.00,Central Warehouse Inventory,2026-09-06T03:34:41.453917
3677,20220630,4994,2,10,0.00,0.00,Central Warehouse Inventory,2026-09-06T03:34:41.453917
3678,20220630,4995,5,10,0.00,0.00,Central Warehouse Inventory,2026-09-06T03:34:41.453917
3679,20220630,4996,14,10,0.00,0.00,Central Warehouse Inventory,2026-09-06T03:34:41.453917
3680,20220630,4997,3,10,0.00,0.00,Central Warehouse Inventory,2026-09-06T03:34:41.453917
3681,20220630,4998,9,10,0.00,0.00,Central Warehouse Inventory,2026-09-06T03:34:41.453917
3682,20220630,4999,2,10,0.00,0.00,Central Warehouse Inventory,2026-09-06T03:34:41.453917
3683,20220630,5000,2,10,0.00,0.00,Central Warehouse Inventory,2026-09-06T03:34:41.453917
3684,20220630,5001,2,10,0.00,0.00,Central Warehouse Inventory,2026-09-06T03:34:41.453917
3685,20220630,5002,3,10,0.00,0.00,Central Warehouse Inventory,2026-09-06T03:34:41.453917
3686,20220630,5003,3,10,0.00,0.00,Central Warehouse Inventory,2026-09-06T03:34:41.453917
3687,20220630,5004,2,10,0.00,0.00,Central Warehouse Inventory,2026-09-06T03:34:41.453917
3688,20220630,5005,2,10,0.00,0.00,Central Warehouse Inventory,2026-09-06T03:34:41.453917
3689,20220630,5006,2,10,0.00,0.00,Central Warehouse Inventory,2026-09-06T03:34:41.453917
3690,20220630,5007,13,10,0.00,0.00,Central Warehouse Inventory,2026-09-06T03:34:41.453917
3691,20220630,5008,13,10,0.00,0.00,Central Warehouse Inventory,2026-09-06T03:34:41.453917
3692,20220630,5009,5,10,0.00,0.00,Central Warehouse Inventory,2026-09-06T03:34:41.453917
3693,20220630,5010,9,10,0.00,0.00,Central Warehouse Inventory,2026-09-06T03:34:41.453917
3694,20220630,5011,10,10,0.00,0.00,Central Warehouse Inventory,2026-09-06T03:34:41.453917
3695,20220630,5012,63,10,0.00,0.00,Central Warehouse Inventory,2026-09-06T03:34:41.453917
3696,20220630,5013,13,10,0.00,0.00,Central Warehouse Inventory,2026-09-06T03:34:41.453917
3697,20220630,5014,44,10,0.00,0.00,Central Warehouse Inventory,2026-09-06T03:34:41.453917
3698,20220630,5015,25,10,0.00,0.00,Central Warehouse Inventory,2026-09-06T03:34:41.453917
3699,20220630,5016,43,10,0.00,0.00,Central Warehouse Inventory,2026-09-06T03:34:41.453917
3700,20220630,5017,61,10,0.00,0.00,Central Warehouse Inventory,2026-09-06T03:34:41.453917
3701,20220630,5018,18,10,0.00,0.00,Central Warehouse Inventory,2026-09-06T03:34:41.453917
3702,20220630,5019,17,10,0.00,0.00,Central Warehouse Inventory,2026-09-06T03:34:41.453917
3703,20220630,5020,19,10,0.00,0.00,Central Warehouse Inventory,2026-09-06T03:34:41.453917
3704,20220630,5021,0,10,0.00,0.00,Central Warehouse Inventory,2026-09-06T03:34:41.453917
3705,20220630,5022,0,10,0.00,0.00,Central Warehouse Inventory,2026-09-06T03:34:41.453917
3706,20220630,5023,56,10,0.00,0.00,Central Warehouse Inventory,2026-09-06T03:34:41.453917
3707,20220630,5024,60,10,0.00,0.00,Central Warehouse Inventory,2026-09-06T03:34:41.453917
3708,20220630,5025,63,10,0.00,0.00,Central Warehouse Inventory,2026-09-06T03:34:41.453917
3709,20220630,5026,52,10,0.00,0.00,Central Warehouse Inventory,2026-09-06T03:34:41.453917
3710,20220630,5027,51,10,0.00,0.00,Central Warehouse Inventory,2026-09-06T03:34:41.453917
3711,20220630,5028,44,10,0.00,0.00,Central Warehouse Inventory,2026-09-06T03:34:41.453917
3712,20220630,5029,54,10,0.00,0.00,Central Warehouse Inventory,2026-09-06T03:34:41.453917
3713,20220630,5030,56,10,0.00,0.00,Central Warehouse Inventory,2026-09-06T03:34:41.453917
3714,20220630,5031,47,10,0.00,0.00,Central Warehouse Inventory,2026-09-06T03:34:41.453917
3715,20220630,5032,48,10,0.00,0.00,Central Warehouse Inventory,2026-09-06T03:34:41.453917
3716,20220630,5033,49,10,0.00,0.00,Central Warehouse Inventory,2026-09-06T03:34:41.453917
3717,20220630,5034,50,10,0.00,0.00,Central Warehouse Inventory,2026-09-06T03:34:41.453917
3718,20220630,5035,82,10,0.00,0.00,Central Warehouse Inventory,2026-09-06T03:34:41.453917
3719,20220630,5036,49,10,0.00,0.00,Central Warehouse Inventory,2026-09-06T03:34:41.453917
3720,20220630,5037,48,10,0.00,0.00,Central Warehouse Inventory,2026-09-06T03:34:41.453917
3721,20220630,5038,22,10,0.00,0.00,Central Warehouse Inventory,2026-09-06T03:34:41.453917
3722,20220630,5039,26,10,0.00,0.00,Central Warehouse Inventory,2026-09-06T03:34:41.453917
3723,20220630,5040,26,10,0.00,0.00,Central Warehouse Inventory,2026-09-06T03:34:41.453917
3724,20220630,5041,28,10,0.00,0.00,Central Warehouse Inventory,2026-09-06T03:34:41.453917
3725,20220630,5042,29,10,0.00,0.00,Central Warehouse Inventory,2026-09-06T03:34:41.453917
3726,20220630,5043,7,10,0.00,0.00,Central Warehouse Inventory,2026-09-06T03:34:41.453917
3727,20220630,5044,7,10,0.00,0.00,Central Warehouse Inventory,2026-09-06T03:34:41.453917
3728,20220630,5045,4,10,0.00,0.00,Central Warehouse Inventory,2026-09-06T03:34:41.453917
3729,20220630,5046,4,10,0.00,0.00,Central Warehouse Inventory,2026-09-06T03:34:41.453917
3730,20220630,5047,2,10,0.00,0.00,Central Warehouse Inventory,2026-09-06T03:34:41.453917
3731,20220630,5048,3,10,0.00,0.00,Central Warehouse Inventory,2026-09-06T03:34:41.453917
3732,20220630,5049,1,10,0.00,0.00,Central Warehouse Inventory,2026-09-06T03:34:41.453917
3733,20220630,5050,1,10,0.00,0.00,Central Warehouse Inventory,2026-09-06T03:34:41.453917
3734,20220630,5051,158,10,0.00,0.00,Central Warehouse Inventory,2026-09-06T03:34:41.453917
3735,20220630,5052,130,10,0.00,0.00,Central Warehouse Inventory,2026-09-06T03:34:41.453917
3736,20220630,5053,23,10,0.00,0.00,Central Warehouse Inventory,2026-09-06T03:34:41.453917
3737,20220630,5054,22,10,0.00,0.00,Central Warehouse Inventory,2026-09-06T03:34:41.453917
3738,20220630,5055,11,10,0.00,0.00,Central Warehouse Inventory,2026-09-06T03:34:41.453917
3739,20220630,5056,158,10,0.00,0.00,Central Warehouse Inventory,2026-09-06T03:34:41.453917
3740,20220630,5057,10,10,0.00,0.00,Central Warehouse Inventory,2026-09-06T03:34:41.453917
3741,20220630,5058,158,10,0.00,0.00,Central Warehouse Inventory,2026-09-06T03:34:41.453917
3742,20220630,5059,306,10,0.00,0.00,Central Warehouse Inventory,2026-09-06T03:34:41.453917
3743,20220630,5060,150,10,0.00,0.00,Central Warehouse Inventory,2026-09-06T03:34:41.453917
3744,20220630,5061,170,10,0.00,0.00,Central Warehouse Inventory,2026-09-06T03:34:41.453917
3745,20220630,5062,169,10,0.00,0.00,Central Warehouse Inventory,2026-09-06T03:34:41.453917
3746,20220630,5063,135,10,0.00,0.00,Central Warehouse Inventory,2026-09-06T03:34:41.453917
3747,20220630,5064,156,10,0.00,0.00,Central Warehouse Inventory,2026-09-06T03:34:41.453917
3748,20220630,5065,15,10,0.00,0.00,Central Warehouse Inventory,2026-09-06T03:34:41.453917
3749,20220630,5066,6,10,0.00,0.00,Central Warehouse Inventory,2026-09-06T03:34:41.453917
3750,20220630,5067,10,10,0.00,0.00,Central Warehouse Inventory,2026-09-06T03:34:41.453917
3751,20220630,5068,10,10,0.00,0.00,Central Warehouse Inventory,2026-09-06T03:34:41.453917
3752,20220630,5069,14,10,0.00,0.00,Central Warehouse Inventory,2026-09-06T03:34:41.453917
3753,20220630,5070,4,10,0.00,0.00,Central Warehouse Inventory,2026-09-06T03:34:41.453917
3754,20220630,5071,12,10,0.00,0.00,Central Warehouse Inventory,2026-09-06T03:34:41.453917
3755,20220630,5072,246,10,0.00,0.00,Central Warehouse Inventory,2026-09-06T03:34:41.453917
3756,20220630,5073,168,10,0.00,0.00,Central Warehouse Inventory,2026-09-06T03:34:41.453917
3757,20220630,5074,181,10,0.00,0.00,Central Warehouse Inventory,2026-09-06T03:34:41.453917
3758,20220630,5075,243,10,0.00,0.00,Central Warehouse Inventory,2026-09-06T03:34:41.453917
3759,20220630,5076,128,10,0.00,0.00,Central Warehouse Inventory,2026-09-06T03:34:41.453917
3760,20220630,5077,73,10,0.00,0.00,Central Warehouse Inventory,2026-09-06T03:34:41.453917
3761,20220630,5078,100,10,0.00,0.00,Central Warehouse Inventory,2026-09-06T03:34:41.453917
3762,20220630,5079,429,10,0.00,0.00,Central Warehouse Inventory,2026-09-06T03:34:41.453917
3763,20220630,5080,63,10,0.00,0.00,Central Warehouse Inventory,2026-09-06T03:34:41.453917
3764,20220630,5081,296,10,0.00,0.00,Central Warehouse Inventory,2026-09-06T03:34:41.453917
3765,20220630,5082,481,10,0.00,0.00,Central Warehouse Inventory,2026-09-06T03:34:41.453917
3766,20220630,5083,107,10,0.00,0.00,Central Warehouse Inventory,2026-09-06T03:34:41.453917
3767,20220630,5084,757,10,0.00,0.00,Central Warehouse Inventory,2026-09-06T03:34:41.453917
3768,20220630,5085,985,10,0.00,0.00,Central Warehouse Inventory,2026-09-06T03:34:41.453917
3769,20220630,5086,9,10,0.00,0.00,Central Warehouse Inventory,2026-09-06T03:34:41.453917
3770,20220630,5087,2,10,0.00,0.00,Central Warehouse Inventory,2026-09-06T03:34:41.453917
3771,20220630,5088,3,10,0.00,0.00,Central Warehouse Inventory,2026-09-06T03:34:41.453917
3772,20220630,5089,15,10,0.00,0.00,Central Warehouse Inventory,2026-09-06T03:34:41.453917
3773,20220630,5090,41,10,0.00,0.00,Central Warehouse Inventory,2026-09-06T03:34:41.453917
3774,20220630,5091,4,10,0.00,0.00,Central Warehouse Inventory,2026-09-06T03:34:41.453917
3775,20220630,5092,8,10,0.00,0.00,Central Warehouse Inventory,2026-09-06T03:34:41.453917
3776,20220630,5093,2,10,0.00,0.00,Central Warehouse Inventory,2026-09-06T03:34:41.453917
3777,20220630,5094,4,10,0.00,0.00,Central Warehouse Inventory,2026-09-06T03:34:41.453917
3778,20220630,5095,4,10,0.00,0.00,Central Warehouse Inventory,2026-09-06T03:34:41.453917
3779,20220630,5096,4,10,0.00,0.00,Central Warehouse Inventory,2026-09-06T03:34:41.453917
3780,20220630,5097,4,10,0.00,0.00,Central Warehouse Inventory,2026-09-06T03:34:41.453917
3781,20220630,5098,2,10,0.00,0.00,Central Warehouse Inventory,2026-09-06T03:34:41.453917
3782,20220630,5099,7,10,0.00,0.00,Central Warehouse Inventory,2026-09-06T03:34:41.453917
3783,20220630,5100,3,10,0.00,0.00,Central Warehouse Inventory,2026-09-06T03:34:41.453917
3784,20220630,5101,4,10,0.00,0.00,Central Warehouse Inventory,2026-09-06T03:34:41.453917
3785,20220630,5102,7,10,0.00,0.00,Central Warehouse Inventory,2026-09-06T03:34:41.453917
3786,20220630,5103,4,10,0.00,0.00,Central Warehouse Inventory,2026-09-06T03:34:41.453917
3787,20220630,5104,2,10,0.00,0.00,Central Warehouse Inventory,2026-09-06T03:34:41.453917
3788,20220630,5105,62,10,0.00,0.00,Central Warehouse Inventory,2026-09-06T03:34:41.453917
3789,20220630,5106,47,10,0.00,0.00,Central Warehouse Inventory,2026-09-06T03:34:41.453917
3790,20220630,5107,21,10,0.00,0.00,Central Warehouse Inventory,2026-09-06T03:34:41.453917
3791,20220630,5108,45,10,0.00,0.00,Central Warehouse Inventory,2026-09-06T03:34:41.453917
3792,20220630,5109,32,10,0.00,0.00,Central Warehouse Inventory,2026-09-06T03:34:41.453917
3793,20220630,5110,59,10,0.00,0.00,Central Warehouse Inventory,2026-09-06T03:34:41.453917
3794,20220630,5111,36,10,0.00,0.00,Central Warehouse Inventory,2026-09-06T03:34:41.453917
3795,20220630,5112,0,10,0.00,0.00,Central Warehouse Inventory,2026-09-06T03:34:41.453917
3796,20220630,5113,2,10,0.00,0.00,Central Warehouse Inventory,2026-09-06T03:34:41.453917
3797,20220630,5114,2,10,0.00,0.00,Central Warehouse Inventory,2026-09-06T03:34:41.453917
3798,20220630,5115,0,10,0.00,0.00,Central Warehouse Inventory,2026-09-06T03:34:41.453917
3799,20220630,5116,2,10,0.00,0.00,Central Warehouse Inventory,2026-09-06T03:34:41.453917
3800,20220630,5117,0,10,0.00,0.00,Central Warehouse Inventory,2026-09-06T03:34:41.453917
3801,20220630,5118,0,10,0.00,0.00,Central Warehouse Inventory,2026-09-06T03:34:41.453917
3802,20220630,5119,7,10,0.00,0.00,Central Warehouse Inventory,2026-09-06T03:34:41.453917
3803,20220630,5120,39,10,0.00,0.00,Central Warehouse Inventory,2026-09-06T03:34:41.453917
3804,20220630,5121,11,10,0.00,0.00,Central Warehouse Inventory,2026-09-06T03:34:41.453917
3805,20220630,5122,33,10,0.00,0.00,Central Warehouse Inventory,2026-09-06T03:34:41.453917
3806,20220630,5123,28,10,0.00,0.00,Central Warehouse Inventory,2026-09-06T03:34:41.453917
3807,20220630,5124,15,10,0.00,0.00,Central Warehouse Inventory,2026-09-06T03:34:41.453917
3808,20220630,5125,6,10,0.00,0.00,Central Warehouse Inventory,2026-09-06T03:34:41.453917
3809,20220630,5126,42,10,0.00,0.00,Central Warehouse Inventory,2026-09-06T03:34:41.453917
3810,20220630,5127,65,10,0.00,0.00,Central Warehouse Inventory,2026-09-06T03:34:41.453917
3811,20220630,5128,64,10,0.00,0.00,Central Warehouse Inventory,2026-09-06T03:34:41.453917
3812,20220630,5129,70,10,0.00,0.00,Central Warehouse Inventory,2026-09-06T03:34:41.453917
3813,20220630,5130,11,10,0.00,0.00,Central Warehouse Inventory,2026-09-06T03:34:41.453917
3814,20220630,5131,98,10,0.00,0.00,Central Warehouse Inventory,2026-09-06T03:34:41.453917
3815,20220630,5132,46,10,0.00,0.00,Central Warehouse Inventory,2026-09-06T03:34:41.453917
3816,20220630,5133,6,10,0.00,0.00,Central Warehouse Inventory,2026-09-06T03:34:41.453917
3817,20220630,5134,7,10,0.00,0.00,Central Warehouse Inventory,2026-09-06T03:34:41.453917
3818,20220630,5135,17,10,0.00,0.00,Central Warehouse Inventory,2026-09-06T03:34:41.453917
3819,20220630,5136,3,10,0.00,0.00,Central Warehouse Inventory,2026-09-06T03:34:41.453917
3820,20220630,5137,8,10,0.00,0.00,Central Warehouse Inventory,2026-09-06T03:34:41.453917
3821,20220630,5138,6,10,0.00,0.00,Central Warehouse Inventory,2026-09-06T03:34:41.453917
3822,20220630,5139,7,10,0.00,0.00,Central Warehouse Inventory,2026-09-06T03:34:41.453917
3823,20220630,5140,25,10,0.00,0.00,Central Warehouse Inventory,2026-09-06T03:34:41.453917
3824,20220630,5141,15,10,0.00,0.00,Central Warehouse Inventory,2026-09-06T03:34:41.453917
3825,20220630,5142,37,10,0.00,0.00,Central Warehouse Inventory,2026-09-06T03:34:41.453917
3826,20220630,5143,17,10,0.00,0.00,Central Warehouse Inventory,2026-09-06T03:34:41.453917
3827,20220630,5144,24,10,0.00,0.00,Central Warehouse Inventory,2026-09-06T03:34:41.453917
3828,20220630,5145,2,10,0.00,0.00,Central Warehouse Inventory,2026-09-06T03:34:41.453917
3829,20220630,5146,1,10,0.00,0.00,Central Warehouse Inventory,2026-09-06T03:34:41.453917
3830,20220630,5147,1,10,0.00,0.00,Central Warehouse Inventory,2026-09-06T03:34:41.453917
3831,20220630,5148,39,10,0.00,0.00,Central Warehouse Inventory,2026-09-06T03:34:41.453917
3832,20220630,5149,46,10,0.00,0.00,Central Warehouse Inventory,2026-09-06T03:34:41.453917
3833,20220630,5150,45,10,0.00,0.00,Central Warehouse Inventory,2026-09-06T03:34:41.453917
3834,20220630,5151,39,10,0.00,0.00,Central Warehouse Inventory,2026-09-06T03:34:41.453917
3835,20220630,5152,29,10,0.00,0.00,Central Warehouse Inventory,2026-09-06T03:34:41.453917
3836,20220630,5153,2,10,0.00,0.00,Central Warehouse Inventory,2026-09-06T03:34:41.453917
3837,20220630,5154,2,10,0.00,0.00,Central Warehouse Inventory,2026-09-06T03:34:41.453917
3838,20220630,5155,4,10,0.00,0.00,Central Warehouse Inventory,2026-09-06T03:34:41.453917
3839,20220630,5156,4,10,0.00,0.00,Central Warehouse Inventory,2026-09-06T03:34:41.453917
3840,20220630,5157,6,10,0.00,0.00,Central Warehouse Inventory,2026-09-06T03:34:41.453917
3841,20220630,5158,4,10,0.00,0.00,Central Warehouse Inventory,2026-09-06T03:34:41.453917
3842,20220630,5159,2,10,0.00,0.00,Central Warehouse Inventory,2026-09-06T03:34:41.453917
3843,20220630,5160,1,10,0.00,0.00,Central Warehouse Inventory,2026-09-06T03:34:41.453917
3844,20220630,5161,2,10,0.00,0.00,Central Warehouse Inventory,2026-09-06T03:34:41.453917
3845,20220630,5162,2,10,0.00,0.00,Central Warehouse Inventory,2026-09-06T03:34:41.453917
3846,20220630,5163,0,10,0.00,0.00,Central Warehouse Inventory,2026-09-06T03:34:41.453917
3847,20220630,5164,2,10,0.00,0.00,Central Warehouse Inventory,2026-09-06T03:34:41.453917
3848,20220630,5165,2,10,0.00,0.00,Central Warehouse Inventory,2026-09-06T03:34:41.453917
3849,20220630,5166,2,10,0.00,0.00,Central Warehouse Inventory,2026-09-06T03:34:41.453917
3850,20220630,5167,3,10,0.00,0.00,Central Warehouse Inventory,2026-09-06T03:34:41.453917
3851,20220630,5168,6,10,0.00,0.00,Central Warehouse Inventory,2026-09-06T03:34:41.453917
3852,20220630,5169,2,10,0.00,0.00,Central Warehouse Inventory,2026-09-06T03:34:41.453917
3853,20220630,5170,17,10,0.00,0.00,Central Warehouse Inventory,2026-09-06T03:34:41.453917
3854,20220630,5171,3,10,0.00,0.00,Central Warehouse Inventory,2026-09-06T03:34:41.453917
3855,20220630,5172,3,10,0.00,0.00,Central Warehouse Inventory,2026-09-06T03:34:41.453917
3856,20220630,5173,3,10,0.00,0.00,Central Warehouse Inventory,2026-09-06T03:34:41.453917
3857,20220630,5174,0,10,0.00,0.00,Central Warehouse Inventory,2026-09-06T03:34:41.453917
3858,20220630,5175,1,10,0.00,0.00,Central Warehouse Inventory,2026-09-06T03:34:41.453917
3859,20220630,5176,1,10,0.00,0.00,Central Warehouse Inventory,2026-09-06T03:34:41.453917
3860,20220630,5177,1,10,0.00,0.00,Central Warehouse Inventory,2026-09-06T03:34:41.453917
3861,20220630,5178,1,10,0.00,0.00,Central Warehouse Inventory,2026-09-06T03:34:41.453917
3862,20220630,5179,2,10,0.00,0.00,Central Warehouse Inventory,2026-09-06T03:34:41.453917
3863,20220630,5180,60,10,0.00,0.00,Central Warehouse Inventory,2026-09-06T03:34:41.453917
3864,20220630,5181,49,10,0.00,0.00,Central Warehouse Inventory,2026-09-06T03:34:41.453917
3865,20220630,5182,54,10,0.00,0.00,Central Warehouse Inventory,2026-09-06T03:34:41.453917
3866,20220630,5183,60,10,0.00,0.00,Central Warehouse Inventory,2026-09-06T03:34:41.453917
3867,20220630,5184,20,10,0.00,0.00,Central Warehouse Inventory,2026-09-06T03:34:41.453917
3868,20220630,5185,53,10,0.00,0.00,Central Warehouse Inventory,2026-09-06T03:34:41.453917
3869,20220630,5186,2,10,0.00,0.00,Central Warehouse Inventory,2026-09-06T03:34:41.453917
3870,20220630,5187,60,10,0.00,0.00,Central Warehouse Inventory,2026-09-06T03:34:41.453917
3871,20220630,5188,32,10,0.00,0.00,Central Warehouse Inventory,2026-09-06T03:34:41.453917
3872,20220630,5189,45,10,0.00,0.00,Central Warehouse Inventory,2026-09-06T03:34:41.453917
3873,20220630,5190,12,10,0.00,0.00,Central Warehouse Inventory,2026-09-06T03:34:41.453917
3874,20220630,5191,44,10,0.00,0.00,Central Warehouse Inventory,2026-09-06T03:34:41.453917
3875,20220630,5192,7,10,0.00,0.00,Central Warehouse Inventory,2026-09-06T03:34:41.453917
3876,20220630,5193,43,10,0.00,0.00,Central Warehouse Inventory,2026-09-06T03:34:41.453917
3877,20220630,5194,2,10,0.00,0.00,Central Warehouse Inventory,2026-09-06T03:34:41.453917
3878,20220630,5195,0,10,0.00,0.00,Central Warehouse Inventory,2026-09-06T03:34:41.453917
3879,20220630,5196,0,10,0.00,0.00,Central Warehouse Inventory,2026-09-06T03:34:41.453917
3880,20220630,5197,2,10,0.00,0.00,Central Warehouse Inventory,2026-09-06T03:34:41.453917
3881,20220630,5198,7,10,0.00,0.00,Central Warehouse Inventory,2026-09-06T03:34:41.453917
3882,20220630,5199,3,10,0.00,0.00,Central Warehouse Inventory,2026-09-06T03:34:41.453917
3883,20220630,5200,94,10,0.00,0.00,Central Warehouse Inventory,2026-09-06T03:34:41.453917
3884,20220630,5201,230,10,0.00,0.00,Central Warehouse Inventory,2026-09-06T03:34:41.453917
3885,20220630,5202,43,10,0.00,0.00,Central Warehouse Inventory,2026-09-06T03:34:41.453917
3886,20220630,5203,16,10,0.00,0.00,Central Warehouse Inventory,2026-09-06T03:34:41.453917
3887,20220630,5204,198,10,0.00,0.00,Central Warehouse Inventory,2026-09-06T03:34:41.453917
3888,20220630,5205,131,10,0.00,0.00,Central Warehouse Inventory,2026-09-06T03:34:41.453917
3889,20220630,5206,19,10,0.00,0.00,Central Warehouse Inventory,2026-09-06T03:34:41.453917
3890,20220630,5207,3,10,0.00,0.00,Central Warehouse Inventory,2026-09-06T03:34:41.453917
3891,20220630,5208,2,10,0.00,0.00,Central Warehouse Inventory,2026-09-06T03:34:41.453917
3892,20220630,5209,5,10,0.00,0.00,Central Warehouse Inventory,2026-09-06T03:34:41.453917
3893,20220630,5210,2,10,0.00,0.00,Central Warehouse Inventory,2026-09-06T03:34:41.453917
3894,20220630,5211,19,10,0.00,0.00,Central Warehouse Inventory,2026-09-06T03:34:41.453917
3895,20220630,5212,2,10,0.00,0.00,Central Warehouse Inventory,2026-09-06T03:34:41.453917
3896,20220630,5213,11,10,0.00,0.00,Central Warehouse Inventory,2026-09-06T03:34:41.453917
3897,20220630,5214,3,10,0.00,0.00,Central Warehouse Inventory,2026-09-06T03:34:41.453917
3898,20220630,5215,3,10,0.00,0.00,Central Warehouse Inventory,2026-09-06T03:34:41.453917
3899,20220630,5216,4,10,0.00,0.00,Central Warehouse Inventory,2026-09-06T03:34:41.453917
3900,20220630,5217,0,10,0.00,0.00,Central Warehouse Inventory,2026-09-06T03:34:41.453917
3901,20220630,5218,8,10,0.00,0.00,Central Warehouse Inventory,2026-09-06T03:34:41.453917
3902,20220630,5219,0,10,0.00,0.00,Central Warehouse Inventory,2026-09-06T03:34:41.453917
3903,20220630,5220,1,10,0.00,0.00,Central Warehouse Inventory,2026-09-06T03:34:41.453917
3904,20220630,5221,2,10,0.00,0.00,Central Warehouse Inventory,2026-09-06T03:34:41.453917
3905,20220630,5222,2,10,0.00,0.00,Central Warehouse Inventory,2026-09-06T03:34:41.453917
3906,20220630,5223,8,10,0.00,0.00,Central Warehouse Inventory,2026-09-06T03:34:41.453917
3907,20220630,5224,1,10,0.00,0.00,Central Warehouse Inventory,2026-09-06T03:34:41.453917
3908,20220630,5225,39,10,0.00,0.00,Central Warehouse Inventory,2026-09-06T03:34:41.453917
3909,20220630,5226,4,10,0.00,0.00,Central Warehouse Inventory,2026-09-06T03:34:41.453917
3910,20220630,5227,2,10,0.00,0.00,Central Warehouse Inventory,2026-09-06T03:34:41.453917
3911,20220630,5228,35,10,0.00,0.00,Central Warehouse Inventory,2026-09-06T03:34:41.453917
3912,20220630,5229,64,10,0.00,0.00,Central Warehouse Inventory,2026-09-06T03:34:41.453917
3913,20220630,5230,71,10,0.00,0.00,Central Warehouse Inventory,2026-09-06T03:34:41.453917
3914,20220630,5231,44,10,0.00,0.00,Central Warehouse Inventory,2026-09-06T03:34:41.453917
3915,20220630,5232,70,10,0.00,0.00,Central Warehouse Inventory,2026-09-06T03:34:41.453917
3916,20220630,5233,6,10,0.00,0.00,Central Warehouse Inventory,2026-09-06T03:34:41.453917
3917,20220630,5234,31,10,0.00,0.00,Central Warehouse Inventory,2026-09-06T03:34:41.453917
3918,20220630,5235,446,10,0.00,0.00,Central Warehouse Inventory,2026-09-06T03:34:41.453917
3919,20220630,5236,432,10,0.00,0.00,Central Warehouse Inventory,2026-09-06T03:34:41.453917
3920,20220630,5237,423,10,0.00,0.00,Central Warehouse Inventory,2026-09-06T03:34:41.453917
3921,20220630,5238,515,10,0.00,0.00,Central Warehouse Inventory,2026-09-06T03:34:41.453917
3922,20220630,5239,1230,10,0.00,0.00,Central Warehouse Inventory,2026-09-06T03:34:41.453917
3923,20220630,5240,1234,10,0.00,0.00,Central Warehouse Inventory,2026-09-06T03:34:41.453917
3924,20220630,5241,677,10,0.00,0.00,Central Warehouse Inventory,2026-09-06T03:34:41.453917
3925,20220630,5242,3,10,0.00,0.00,Central Warehouse Inventory,2026-09-06T03:34:41.453917
3926,20220630,5243,1,10,0.00,0.00,Central Warehouse Inventory,2026-09-06T03:34:41.453917
3927,20220630,5244,0,10,0.00,0.00,Central Warehouse Inventory,2026-09-06T03:34:41.453917
3928,20220630,5245,2,10,0.00,0.00,Central Warehouse Inventory,2026-09-06T03:34:41.453917
3929,20220630,5246,4,10,0.00,0.00,Central Warehouse Inventory,2026-09-06T03:34:41.453917
3930,20220630,5247,2,10,0.00,0.00,Central Warehouse Inventory,2026-09-06T03:34:41.453917
3931,20220630,5248,2,10,0.00,0.00,Central Warehouse Inventory,2026-09-06T03:34:41.453917
3932,20220630,5249,42,10,0.00,0.00,Central Warehouse Inventory,2026-09-06T03:34:41.453917
3933,20220630,5250,31,10,0.00,0.00,Central Warehouse Inventory,2026-09-06T03:34:41.453917
3934,20220630,5251,0,10,0.00,0.00,Central Warehouse Inventory,2026-09-06T03:34:41.453917
3935,20220630,5252,27,10,0.00,0.00,Central Warehouse Inventory,2026-09-06T03:34:41.453917
3936,20220630,5253,13,10,0.00,0.00,Central Warehouse Inventory,2026-09-06T03:34:41.453917
3937,20220630,5254,24,10,0.00,0.00,Central Warehouse Inventory,2026-09-06T03:34:41.453917
3938,20220630,5255,66,10,0.00,0.00,Central Warehouse Inventory,2026-09-06T03:34:41.453917
3939,20220630,5256,42,10,0.00,0.00,Central Warehouse Inventory,2026-09-06T03:34:41.453917
3940,20220630,5257,23,10,0.00,0.00,Central Warehouse Inventory,2026-09-06T03:34:41.453917
3941,20220630,5258,54,10,0.00,0.00,Central Warehouse Inventory,2026-09-06T03:34:41.453917
3942,20220630,5259,34,10,0.00,0.00,Central Warehouse Inventory,2026-09-06T03:34:41.453917
3943,20220630,5260,23,10,0.00,0.00,Central Warehouse Inventory,2026-09-06T03:34:41.453917
3944,20220630,5261,17,10,0.00,0.00,Central Warehouse Inventory,2026-09-06T03:34:41.453917
3945,20220630,5262,4,10,0.00,0.00,Central Warehouse Inventory,2026-09-06T03:34:41.453917
3946,20220630,5263,11,10,0.00,0.00,Central Warehouse Inventory,2026-09-06T03:34:41.453917
3947,20220630,5264,4,10,0.00,0.00,Central Warehouse Inventory,2026-09-06T03:34:41.453917
3948,20220630,5265,22,10,0.00,0.00,Central Warehouse Inventory,2026-09-06T03:34:41.453917
3949,20220630,5266,31,10,0.00,0.00,Central Warehouse Inventory,2026-09-06T03:34:41.453917
3950,20220630,5267,3,10,0.00,0.00,Central Warehouse Inventory,2026-09-06T03:34:41.453917
3951,20220630,5268,41,10,0.00,0.00,Central Warehouse Inventory,2026-09-06T03:34:41.453917
3952,20220630,5269,3,10,0.00,0.00,Central Warehouse Inventory,2026-09-06T03:34:41.453917
3953,20220630,5270,6,10,0.00,0.00,Central Warehouse Inventory,2026-09-06T03:34:41.453917
3954,20220630,5271,2,10,0.00,0.00,Central Warehouse Inventory,2026-09-06T03:34:41.453917
3955,20220630,5272,4,10,0.00,0.00,Central Warehouse Inventory,2026-09-06T03:34:41.453917
3956,20220630,5273,2,10,0.00,0.00,Central Warehouse Inventory,2026-09-06T03:34:41.453917
3957,20220630,5274,10,10,0.00,0.00,Central Warehouse Inventory,2026-09-06T03:34:41.453917
3958,20220630,5275,4,10,0.00,0.00,Central Warehouse Inventory,2026-09-06T03:34:41.453917
3959,20220630,5276,3,10,0.00,0.00,Central Warehouse Inventory,2026-09-06T03:34:41.453917
3960,20220630,5277,16,10,0.00,0.00,Central Warehouse Inventory,2026-09-06T03:34:41.453917
3961,20220630,5278,38,10,0.00,0.00,Central Warehouse Inventory,2026-09-06T03:34:41.453917
3962,20220630,5279,47,10,0.00,0.00,Central Warehouse Inventory,2026-09-06T03:34:41.453917
3963,20220630,5280,26,10,0.00,0.00,Central Warehouse Inventory,2026-09-06T03:34:41.453917
3964,20220630,5281,6,10,0.00,0.00,Central Warehouse Inventory,2026-09-06T03:34:41.453917
3965,20220630,5282,32,10,0.00,0.00,Central Warehouse Inventory,2026-09-06T03:34:41.453917
3966,20220630,5283,20,10,0.00,0.00,Central Warehouse Inventory,2026-09-06T03:34:41.453917
3967,20220630,5284,27,10,0.00,0.00,Central Warehouse Inventory,2026-09-06T03:34:41.453917
3968,20220630,5285,45,10,0.00,0.00,Central Warehouse Inventory,2026-09-06T03:34:41.453917
3969,20220630,5286,27,10,0.00,0.00,Central Warehouse Inventory,2026-09-06T03:34:41.453917
3970,20220630,5287,21,10,0.00,0.00,Central Warehouse Inventory,2026-09-06T03:34:41.453917
3971,20220630,5288,5,10,0.00,0.00,Central Warehouse Inventory,2026-09-06T03:34:41.453917
3972,20220630,5289,6,10,0.00,0.00,Central Warehouse Inventory,2026-09-06T03:34:41.453917
3973,20220630,5290,9,10,0.00,0.00,Central Warehouse Inventory,2026-09-06T03:34:41.453917
3974,20220630,5291,4,10,0.00,0.00,Central Warehouse Inventory,2026-09-06T03:34:41.453917
3975,20220630,5292,2,10,0.00,0.00,Central Warehouse Inventory,2026-09-06T03:34:41.453917
3976,20220630,5293,20,10,0.00,0.00,Central Warehouse Inventory,2026-09-06T03:34:41.453917
3977,20220630,5294,10,10,0.00,0.00,Central Warehouse Inventory,2026-09-06T03:34:41.453917
3978,20220630,5295,17,10,0.00,0.00,Central Warehouse Inventory,2026-09-06T03:34:41.453917
3979,20220630,5296,8,10,0.00,0.00,Central Warehouse Inventory,2026-09-06T03:34:41.453917
3980,20220630,5297,3,10,0.00,0.00,Central Warehouse Inventory,2026-09-06T03:34:41.453917
3981,20220630,5298,122,10,0.00,0.00,Central Warehouse Inventory,2026-09-06T03:34:41.453917
3982,20220630,5299,3,10,0.00,0.00,Central Warehouse Inventory,2026-09-06T03:34:41.453917
3983,20220630,5300,6,10,0.00,0.00,Central Warehouse Inventory,2026-09-06T03:34:41.453917
3984,20220630,5301,7,10,0.00,0.00,Central Warehouse Inventory,2026-09-06T03:34:41.453917
3985,20220630,5302,4,10,0.00,0.00,Central Warehouse Inventory,2026-09-06T03:34:41.453917
3986,20220630,5303,3,10,0.00,0.00,Central Warehouse Inventory,2026-09-06T03:34:41.453917
3987,20220630,5304,5,10,0.00,0.00,Central Warehouse Inventory,2026-09-06T03:34:41.453917
3988,20220630,5305,2,10,0.00,0.00,Central Warehouse Inventory,2026-09-06T03:34:41.453917
3989,20220630,5306,26,10,0.00,0.00,Central Warehouse Inventory,2026-09-06T03:34:41.453917
3990,20220630,5307,136,10,0.00,0.00,Central Warehouse Inventory,2026-09-06T03:34:41.453917
3991,20220630,5308,5,10,0.00,0.00,Central Warehouse Inventory,2026-09-06T03:34:41.453917
3992,20220630,5309,32,10,0.00,0.00,Central Warehouse Inventory,2026-09-06T03:34:41.453917
3993,20220630,5310,10,10,0.00,0.00,Central Warehouse Inventory,2026-09-06T03:34:41.453917
3994,20220630,5311,1,10,0.00,0.00,Central Warehouse Inventory,2026-09-06T03:34:41.453917
3995,20220630,5312,0,10,0.00,0.00,Central Warehouse Inventory,2026-09-06T03:34:41.453917
3996,20220630,5313,14,10,0.00,0.00,Central Warehouse Inventory,2026-09-06T03:34:41.453917
3997,20220630,5314,10,10,0.00,0.00,Central Warehouse Inventory,2026-09-06T03:34:41.453917
3998,20220630,5315,11,10,0.00,0.00,Central Warehouse Inventory,2026-09-06T03:34:41.453917
3999,20220630,5316,15,10,0.00,0.00,Central Warehouse Inventory,2026-09-06T03:34:41.453917
4000,20220630,5317,4,10,0.00,0.00,Central Warehouse Inventory,2026-09-06T03:34:41.453917
4001,20220630,5318,11,10,0.00,0.00,Central Warehouse Inventory,2026-09-06T03:34:41.453917
4002,20220630,5319,1,10,0.00,0.00,Central Warehouse Inventory,2026-09-06T03:34:41.453917
4003,20220630,5320,21,10,0.00,0.00,Central Warehouse Inventory,2026-09-06T03:34:41.453917
4004,20220630,5321,28,10,0.00,0.00,Central Warehouse Inventory,2026-09-06T03:34:41.453917
4005,20220630,5322,31,10,0.00,0.00,Central Warehouse Inventory,2026-09-06T03:34:41.453917
4006,20220630,5323,12,10,0.00,0.00,Central Warehouse Inventory,2026-09-06T03:34:41.453917
4007,20220630,5324,16,10,0.00,0.00,Central Warehouse Inventory,2026-09-06T03:34:41.453917
4008,20220630,5325,15,10,0.00,0.00,Central Warehouse Inventory,2026-09-06T03:34:41.453917
4009,20220630,5326,5,10,0.00,0.00,Central Warehouse Inventory,2026-09-06T03:34:41.453917
4010,20220630,5327,2,10,0.00,0.00,Central Warehouse Inventory,2026-09-06T03:34:41.453917
4011,20220630,5328,2,10,0.00,0.00,Central Warehouse Inventory,2026-09-06T03:34:41.453917
4012,20220630,5329,2,10,0.00,0.00,Central Warehouse Inventory,2026-09-06T03:34:41.453917
4013,20220630,5330,4,10,0.00,0.00,Central Warehouse Inventory,2026-09-06T03:34:41.453917
4014,20220630,5331,3,10,0.00,0.00,Central Warehouse Inventory,2026-09-06T03:34:41.453917
4015,20220630,5332,4,10,0.00,0.00,Central Warehouse Inventory,2026-09-06T03:34:41.453917
4016,20220630,5333,5,10,0.00,0.00,Central Warehouse Inventory,2026-09-06T03:34:41.453917
4017,20220630,5334,5,10,0.00,0.00,Central Warehouse Inventory,2026-09-06T03:34:41.453917
4018,20220630,5335,1,10,0.00,0.00,Central Warehouse Inventory,2026-09-06T03:34:41.453917
4019,20220630,5336,3,10,0.00,0.00,Central Warehouse Inventory,2026-09-06T03:34:41.453917
4020,20220630,5337,0,10,0.00,0.00,Central Warehouse Inventory,2026-09-06T03:34:41.453917
4021,20220630,5338,1,10,0.00,0.00,Central Warehouse Inventory,2026-09-06T03:34:41.453917
4022,20220630,5339,3,10,0.00,0.00,Central Warehouse Inventory,2026-09-06T03:34:41.453917
4023,20220630,5340,9,10,0.00,0.00,Central Warehouse Inventory,2026-09-06T03:34:41.453917
4024,20220630,5341,3,10,0.00,0.00,Central Warehouse Inventory,2026-09-06T03:34:41.453917
4025,20220630,5342,2,10,0.00,0.00,Central Warehouse Inventory,2026-09-06T03:34:41.453917
4026,20220630,5343,2,10,0.00,0.00,Central Warehouse Inventory,2026-09-06T03:34:41.453917
4027,20220630,5344,0,10,0.00,0.00,Central Warehouse Inventory,2026-09-06T03:34:41.453917
4028,20220630,5345,10,10,0.00,0.00,Central Warehouse Inventory,2026-09-06T03:34:41.453917
4029,20220630,5346,18,10,0.00,0.00,Central Warehouse Inventory,2026-09-06T03:34:41.453917
4030,20220630,5347,29,10,0.00,0.00,Central Warehouse Inventory,2026-09-06T03:34:41.453917
4031,20220630,5348,15,10,0.00,0.00,Central Warehouse Inventory,2026-09-06T03:34:41.453917
4032,20220630,5349,7,10,0.00,0.00,Central Warehouse Inventory,2026-09-06T03:34:41.453917
4033,20220630,5350,13,10,0.00,0.00,Central Warehouse Inventory,2026-09-06T03:34:41.453917
4034,20220630,5351,3,10,0.00,0.00,Central Warehouse Inventory,2026-09-06T03:34:41.453917
4035,20220630,5352,13,10,0.00,0.00,Central Warehouse Inventory,2026-09-06T03:34:41.453917
4036,20220630,5353,9,10,0.00,0.00,Central Warehouse Inventory,2026-09-06T03:34:41.453917
4037,20220630,5354,15,10,0.00,0.00,Central Warehouse Inventory,2026-09-06T03:34:41.453917
4038,20220630,5355,8,10,0.00,0.00,Central Warehouse Inventory,2026-09-06T03:34:41.453917
4039,20220630,5356,2,10,0.00,0.00,Central Warehouse Inventory,2026-09-06T03:34:41.453917
4040,20220630,5357,11,10,0.00,0.00,Central Warehouse Inventory,2026-09-06T03:34:41.453917
4041,20220630,5358,32,10,0.00,0.00,Central Warehouse Inventory,2026-09-06T03:34:41.453917
4042,20220630,5359,40,10,0.00,0.00,Central Warehouse Inventory,2026-09-06T03:34:41.453917
4043,20220630,5360,32,10,0.00,0.00,Central Warehouse Inventory,2026-09-06T03:34:41.453917
4044,20220630,5361,13,10,0.00,0.00,Central Warehouse Inventory,2026-09-06T03:34:41.453917
4045,20220630,5362,8,10,0.00,0.00,Central Warehouse Inventory,2026-09-06T03:34:41.453917
4046,20220630,5363,5,10,0.00,0.00,Central Warehouse Inventory,2026-09-06T03:34:41.453917
4047,20220630,5364,2,10,0.00,0.00,Central Warehouse Inventory,2026-09-06T03:34:41.453917
4048,20220630,5365,12,10,0.00,0.00,Central Warehouse Inventory,2026-09-06T03:34:41.453917
4049,20220630,5366,23,10,0.00,0.00,Central Warehouse Inventory,2026-09-06T03:34:41.453917
4050,20220630,5367,5,10,0.00,0.00,Central Warehouse Inventory,2026-09-06T03:34:41.453917
4051,20220630,5368,8,10,0.00,0.00,Central Warehouse Inventory,2026-09-06T03:34:41.453917
4052,20220630,5369,12,10,0.00,0.00,Central Warehouse Inventory,2026-09-06T03:34:41.453917
4053,20220630,5370,4,10,0.00,0.00,Central Warehouse Inventory,2026-09-06T03:34:41.453917
4054,20220630,5371,21,10,0.00,0.00,Central Warehouse Inventory,2026-09-06T03:34:41.453917
4055,20220630,5372,2,10,0.00,0.00,Central Warehouse Inventory,2026-09-06T03:34:41.453917
4056,20220630,5373,5,10,0.00,0.00,Central Warehouse Inventory,2026-09-06T03:34:41.453917
4057,20220630,5374,6,10,0.00,0.00,Central Warehouse Inventory,2026-09-06T03:34:41.453917
4058,20220630,5375,5,10,0.00,0.00,Central Warehouse Inventory,2026-09-06T03:34:41.453917
4059,20220630,5376,6,10,0.00,0.00,Central Warehouse Inventory,2026-09-06T03:34:41.453917
4060,20220630,5377,3,10,0.00,0.00,Central Warehouse Inventory,2026-09-06T03:34:41.453917
4061,20220630,5378,2,10,0.00,0.00,Central Warehouse Inventory,2026-09-06T03:34:41.453917
4062,20220630,5379,96,10,0.00,0.00,Central Warehouse Inventory,2026-09-06T03:34:41.453917
4063,20220630,5380,268,10,0.00,0.00,Central Warehouse Inventory,2026-09-06T03:34:41.453917
4064,20220630,5381,490,10,0.00,0.00,Central Warehouse Inventory,2026-09-06T03:34:41.453917
4065,20220630,5382,107,10,0.00,0.00,Central Warehouse Inventory,2026-09-06T03:34:41.453917
4066,20220630,5383,135,10,0.00,0.00,Central Warehouse Inventory,2026-09-06T03:34:41.453917
4067,20220630,5384,65,10,0.00,0.00,Central Warehouse Inventory,2026-09-06T03:34:41.453917
4068,20220630,5385,16,10,0.00,0.00,Central Warehouse Inventory,2026-09-06T03:34:41.453917
4069,20220630,5386,5,10,0.00,0.00,Central Warehouse Inventory,2026-09-06T03:34:41.453917
4070,20220630,5387,1,10,0.00,0.00,Central Warehouse Inventory,2026-09-06T03:34:41.453917
4071,20220630,5388,3,10,0.00,0.00,Central Warehouse Inventory,2026-09-06T03:34:41.453917
4072,20220630,5389,5,10,0.00,0.00,Central Warehouse Inventory,2026-09-06T03:34:41.453917
4073,20220630,5390,3,10,0.00,0.00,Central Warehouse Inventory,2026-09-06T03:34:41.453917
4074,20220630,5391,1,10,0.00,0.00,Central Warehouse Inventory,2026-09-06T03:34:41.453917
4075,20220630,5392,5,10,0.00,0.00,Central Warehouse Inventory,2026-09-06T03:34:41.453917
4076,20220630,5393,11,10,0.00,0.00,Central Warehouse Inventory,2026-09-06T03:34:41.453917
4077,20220630,5394,47,10,0.00,0.00,Central Warehouse Inventory,2026-09-06T03:34:41.453917
4078,20220630,5395,88,10,0.00,0.00,Central Warehouse Inventory,2026-09-06T03:34:41.453917
4079,20220630,5396,31,10,0.00,0.00,Central Warehouse Inventory,2026-09-06T03:34:41.453917
4080,20220630,5397,47,10,0.00,0.00,Central Warehouse Inventory,2026-09-06T03:34:41.453917
4081,20220630,5398,59,10,0.00,0.00,Central Warehouse Inventory,2026-09-06T03:34:41.453917
4082,20220630,5399,122,10,0.00,0.00,Central Warehouse Inventory,2026-09-06T03:34:41.453917
4083,20220630,5400,3,10,0.00,0.00,Central Warehouse Inventory,2026-09-06T03:34:41.453917
4084,20220630,5401,7,10,0.00,0.00,Central Warehouse Inventory,2026-09-06T03:34:41.453917
4085,20220630,5402,28,10,0.00,0.00,Central Warehouse Inventory,2026-09-06T03:34:41.453917
4086,20220630,5403,4,10,0.00,0.00,Central Warehouse Inventory,2026-09-06T03:34:41.453917
4087,20220630,5404,7,10,0.00,0.00,Central Warehouse Inventory,2026-09-06T03:34:41.453917
4088,20220630,5405,6,10,0.00,0.00,Central Warehouse Inventory,2026-09-06T03:34:41.453917
4089,20220630,5406,1,10,0.00,0.00,Central Warehouse Inventory,2026-09-06T03:34:41.453917
4090,20220630,5407,1,10,0.00,0.00,Central Warehouse Inventory,2026-09-06T03:34:41.453917
4091,20220630,5408,0,10,0.00,0.00,Central Warehouse Inventory,2026-09-06T03:34:41.453917
4092,20220630,5409,55,10,0.00,0.00,Central Warehouse Inventory,2026-09-06T03:34:41.453917
4093,20220630,5410,99,10,0.00,0.00,Central Warehouse Inventory,2026-09-06T03:34:41.453917
4094,20220630,5411,104,10,0.00,0.00,Central Warehouse Inventory,2026-09-06T03:34:41.453917
4095,20220630,5412,49,10,0.00,0.00,Central Warehouse Inventory,2026-09-06T03:34:41.453917
4096,20220630,5413,47,10,0.00,0.00,Central Warehouse Inventory,2026-09-06T03:34:41.453917
4097,20220630,5414,94,10,0.00,0.00,Central Warehouse Inventory,2026-09-06T03:34:41.453917
4098,20220630,5415,15,10,0.00,0.00,Central Warehouse Inventory,2026-09-06T03:34:41.453917
4099,20220630,5416,156,10,0.00,0.00,Central Warehouse Inventory,2026-09-06T03:34:41.453917
4100,20220630,5417,170,10,0.00,0.00,Central Warehouse Inventory,2026-09-06T03:34:41.453917
4101,20220630,5418,345,10,0.00,0.00,Central Warehouse Inventory,2026-09-06T03:34:41.453917
4102,20220630,5419,242,10,0.00,0.00,Central Warehouse Inventory,2026-09-06T03:34:41.453917
4103,20220630,5420,16,10,0.00,0.00,Central Warehouse Inventory,2026-09-06T03:34:41.453917
4104,20220630,5421,123,10,0.00,0.00,Central Warehouse Inventory,2026-09-06T03:34:41.453917
4105,20220630,5422,37,10,0.00,0.00,Central Warehouse Inventory,2026-09-06T03:34:41.453917
4106,20220630,5423,92,10,0.00,0.00,Central Warehouse Inventory,2026-09-06T03:34:41.453917
4107,20220630,5424,77,10,0.00,0.00,Central Warehouse Inventory,2026-09-06T03:34:41.453917
4108,20220630,5425,53,10,0.00,0.00,Central Warehouse Inventory,2026-09-06T03:34:41.453917
4109,20220630,5426,18,10,0.00,0.00,Central Warehouse Inventory,2026-09-06T03:34:41.453917
4110,20220630,5427,13,10,0.00,0.00,Central Warehouse Inventory,2026-09-06T03:34:41.453917
4111,20220630,5428,17,10,0.00,0.00,Central Warehouse Inventory,2026-09-06T03:34:41.453917
4112,20220630,5429,13,10,0.00,0.00,Central Warehouse Inventory,2026-09-06T03:34:41.453917
4113,20220630,5430,99,10,0.00,0.00,Central Warehouse Inventory,2026-09-06T03:34:41.453917
4114,20220630,5431,103,10,0.00,0.00,Central Warehouse Inventory,2026-09-06T03:34:41.453917
4115,20220630,5432,176,10,0.00,0.00,Central Warehouse Inventory,2026-09-06T03:34:41.453917
4116,20220630,5433,146,10,0.00,0.00,Central Warehouse Inventory,2026-09-06T03:34:41.453917
4117,20220630,5434,4,10,0.00,0.00,Central Warehouse Inventory,2026-09-06T03:34:41.453917
4118,20220630,5435,89,10,0.00,0.00,Central Warehouse Inventory,2026-09-06T03:34:41.453917
4119,20220630,5436,32,10,0.00,0.00,Central Warehouse Inventory,2026-09-06T03:34:41.453917
4120,20220630,5437,1,10,0.00,0.00,Central Warehouse Inventory,2026-09-06T03:34:41.453917
4121,20220630,5438,1,10,0.00,0.00,Central Warehouse Inventory,2026-09-06T03:34:41.453917
4122,20220630,5439,57,10,0.00,0.00,Central Warehouse Inventory,2026-09-06T03:34:41.453917
4123,20220630,5440,4,10,0.00,0.00,Central Warehouse Inventory,2026-09-06T03:34:41.453917
4124,20220630,5441,7,10,0.00,0.00,Central Warehouse Inventory,2026-09-06T03:34:41.453917
4125,20220630,5442,7,10,0.00,0.00,Central Warehouse Inventory,2026-09-06T03:34:41.453917
4126,20220630,5443,2,10,0.00,0.00,Central Warehouse Inventory,2026-09-06T03:34:41.453917
4127,20220630,5444,2,10,0.00,0.00,Central Warehouse Inventory,2026-09-06T03:34:41.453917
4128,20220630,5445,1,10,0.00,0.00,Central Warehouse Inventory,2026-09-06T03:34:41.453917
4129,20220630,5446,3,10,0.00,0.00,Central Warehouse Inventory,2026-09-06T03:34:41.453917
4130,20220630,5447,1,10,0.00,0.00,Central Warehouse Inventory,2026-09-06T03:34:41.453917
4131,20220630,5448,1,10,0.00,0.00,Central Warehouse Inventory,2026-09-06T03:34:41.453917
4132,20220630,5449,1,10,0.00,0.00,Central Warehouse Inventory,2026-09-06T03:34:41.453917
4133,20220630,5450,0,10,0.00,0.00,Central Warehouse Inventory,2026-09-06T03:34:41.453917
4134,20220630,5451,3,10,0.00,0.00,Central Warehouse Inventory,2026-09-06T03:34:41.453917
4135,20220630,5452,4,10,0.00,0.00,Central Warehouse Inventory,2026-09-06T03:34:41.453917
4136,20220630,5453,8,10,0.00,0.00,Central Warehouse Inventory,2026-09-06T03:34:41.453917
4137,20220630,5454,0,10,0.00,0.00,Central Warehouse Inventory,2026-09-06T03:34:41.453917
4138,20220630,5455,4,10,0.00,0.00,Central Warehouse Inventory,2026-09-06T03:34:41.453917
4139,20220630,5456,2,10,0.00,0.00,Central Warehouse Inventory,2026-09-06T03:34:41.453917
4140,20220630,5457,2,10,0.00,0.00,Central Warehouse Inventory,2026-09-06T03:34:41.453917
4141,20220630,5458,3,10,0.00,0.00,Central Warehouse Inventory,2026-09-06T03:34:41.453917
4142,20220630,5459,4,10,0.00,0.00,Central Warehouse Inventory,2026-09-06T03:34:41.453917
4143,20220630,5460,7,10,0.00,0.00,Central Warehouse Inventory,2026-09-06T03:34:41.453917
4144,20220630,5461,5,10,0.00,0.00,Central Warehouse Inventory,2026-09-06T03:34:41.453917
4145,20220630,5462,7,10,0.00,0.00,Central Warehouse Inventory,2026-09-06T03:34:41.453917
4146,20220630,5463,3,10,0.00,0.00,Central Warehouse Inventory,2026-09-06T03:34:41.453917
4147,20220630,5464,3,10,0.00,0.00,Central Warehouse Inventory,2026-09-06T03:34:41.453917
4148,20220630,5465,6,10,0.00,0.00,Central Warehouse Inventory,2026-09-06T03:34:41.453917
4149,20220630,5466,7,10,0.00,0.00,Central Warehouse Inventory,2026-09-06T03:34:41.453917
4150,20220630,5467,42,10,0.00,0.00,Central Warehouse Inventory,2026-09-06T03:34:41.453917
4151,20220630,5468,31,10,0.00,0.00,Central Warehouse Inventory,2026-09-06T03:34:41.453917
4152,20220630,5469,17,10,0.00,0.00,Central Warehouse Inventory,2026-09-06T03:34:41.453917
4153,20220630,5470,42,10,0.00,0.00,Central Warehouse Inventory,2026-09-06T03:34:41.453917
4154,20220630,5471,1,10,0.00,0.00,Central Warehouse Inventory,2026-09-06T03:34:41.453917
4155,20220630,5472,35,10,0.00,0.00,Central Warehouse Inventory,2026-09-06T03:34:41.453917
4156,20220630,5473,57,10,0.00,0.00,Central Warehouse Inventory,2026-09-06T03:34:41.453917
4157,20220630,5474,68,10,0.00,0.00,Central Warehouse Inventory,2026-09-06T03:34:41.453917
4158,20220630,5475,58,10,0.00,0.00,Central Warehouse Inventory,2026-09-06T03:34:41.453917
4159,20220630,5476,20,10,0.00,0.00,Central Warehouse Inventory,2026-09-06T03:34:41.453917
4160,20220630,5477,40,10,0.00,0.00,Central Warehouse Inventory,2026-09-06T03:34:41.453917
4161,20220630,5478,6,10,0.00,0.00,Central Warehouse Inventory,2026-09-06T03:34:41.453917
4162,20220630,5479,4,10,0.00,0.00,Central Warehouse Inventory,2026-09-06T03:34:41.453917
4163,20220630,5480,6,10,0.00,0.00,Central Warehouse Inventory,2026-09-06T03:34:41.453917
4164,20220630,5481,12,10,0.00,0.00,Central Warehouse Inventory,2026-09-06T03:34:41.453917
4165,20220630,5482,2,10,0.00,0.00,Central Warehouse Inventory,2026-09-06T03:34:41.453917
4166,20220630,5483,7,10,0.00,0.00,Central Warehouse Inventory,2026-09-06T03:34:41.453917
4167,20220630,5484,7,10,0.00,0.00,Central Warehouse Inventory,2026-09-06T03:34:41.453917
4168,20220630,5485,1,10,0.00,0.00,Central Warehouse Inventory,2026-09-06T03:34:41.453917
4169,20220630,5486,43,10,0.00,0.00,Central Warehouse Inventory,2026-09-06T03:34:41.453917
4170,20220630,5487,42,10,0.00,0.00,Central Warehouse Inventory,2026-09-06T03:34:41.453917
4171,20220630,5488,53,10,0.00,0.00,Central Warehouse Inventory,2026-09-06T03:34:41.453917
4172,20220630,5489,55,10,0.00,0.00,Central Warehouse Inventory,2026-09-06T03:34:41.453917
4173,20220630,5490,3,10,0.00,0.00,Central Warehouse Inventory,2026-09-06T03:34:41.453917
4174,20220630,5491,21,10,0.00,0.00,Central Warehouse Inventory,2026-09-06T03:34:41.453917
4175,20220630,5492,28,10,0.00,0.00,Central Warehouse Inventory,2026-09-06T03:34:41.453917
4176,20220630,5493,52,10,0.00,0.00,Central Warehouse Inventory,2026-09-06T03:34:41.453917
4177,20220630,5494,83,10,0.00,0.00,Central Warehouse Inventory,2026-09-06T03:34:41.453917
4178,20220630,5495,63,10,0.00,0.00,Central Warehouse Inventory,2026-09-06T03:34:41.453917
4179,20220630,5496,24,10,0.00,0.00,Central Warehouse Inventory,2026-09-06T03:34:41.453917
4180,20220630,5497,33,10,0.00,0.00,Central Warehouse Inventory,2026-09-06T03:34:41.453917
4181,20220630,5498,9,10,0.00,0.00,Central Warehouse Inventory,2026-09-06T03:34:41.453917
4182,20220630,5499,7,10,0.00,0.00,Central Warehouse Inventory,2026-09-06T03:34:41.453917
4183,20220630,5500,18,10,0.00,0.00,Central Warehouse Inventory,2026-09-06T03:34:41.453917
4184,20220630,5501,16,10,0.00,0.00,Central Warehouse Inventory,2026-09-06T03:34:41.453917
4185,20220630,5502,15,10,0.00,0.00,Central Warehouse Inventory,2026-09-06T03:34:41.453917
4186,20220630,5503,1,10,0.00,0.00,Central Warehouse Inventory,2026-09-06T03:34:41.453917
4187,20220630,5504,13,10,0.00,0.00,Central Warehouse Inventory,2026-09-06T03:34:41.453917
4188,20220630,5505,1,10,0.00,0.00,Central Warehouse Inventory,2026-09-06T03:34:41.453917
4189,20220630,5506,3,10,0.00,0.00,Central Warehouse Inventory,2026-09-06T03:34:41.453917
4190,20220630,5507,3,10,0.00,0.00,Central Warehouse Inventory,2026-09-06T03:34:41.453917
4191,20220630,5508,5,10,0.00,0.00,Central Warehouse Inventory,2026-09-06T03:34:41.453917
4192,20220630,5509,5,10,0.00,0.00,Central Warehouse Inventory,2026-09-06T03:34:41.453917
4193,20220630,5510,1,10,0.00,0.00,Central Warehouse Inventory,2026-09-06T03:34:41.453917
4194,20220630,5511,3,10,0.00,0.00,Central Warehouse Inventory,2026-09-06T03:34:41.453917
4195,20220630,5512,1,10,0.00,0.00,Central Warehouse Inventory,2026-09-06T03:34:41.453917
4196,20220630,5513,37,10,0.00,0.00,Central Warehouse Inventory,2026-09-06T03:34:41.453917
4197,20220630,5514,46,10,0.00,0.00,Central Warehouse Inventory,2026-09-06T03:34:41.453917
4198,20220630,5515,28,10,0.00,0.00,Central Warehouse Inventory,2026-09-06T03:34:41.453917
4199,20220630,5516,27,10,0.00,0.00,Central Warehouse Inventory,2026-09-06T03:34:41.453917
4200,20220630,5517,30,10,0.00,0.00,Central Warehouse Inventory,2026-09-06T03:34:41.453917
4201,20220630,5518,35,10,0.00,0.00,Central Warehouse Inventory,2026-09-06T03:34:41.453917
4202,20220630,5519,88,10,0.00,0.00,Central Warehouse Inventory,2026-09-06T03:34:41.453917
4203,20220630,5520,3,10,0.00,0.00,Central Warehouse Inventory,2026-09-06T03:34:41.453917
4204,20220630,5521,24,10,0.00,0.00,Central Warehouse Inventory,2026-09-06T03:34:41.453917
4205,20220630,5522,35,10,0.00,0.00,Central Warehouse Inventory,2026-09-06T03:34:41.453917
4206,20220630,5523,5,10,0.00,0.00,Central Warehouse Inventory,2026-09-06T03:34:41.453917
4207,20220630,5524,53,10,0.00,0.00,Central Warehouse Inventory,2026-09-06T03:34:41.453917
4208,20220630,5525,12,10,0.00,0.00,Central Warehouse Inventory,2026-09-06T03:34:41.453917
4209,20220630,5526,9,10,0.00,0.00,Central Warehouse Inventory,2026-09-06T03:34:41.453917
4210,20220630,5527,21,10,0.00,0.00,Central Warehouse Inventory,2026-09-06T03:34:41.453917
4211,20220630,5528,33,10,0.00,0.00,Central Warehouse Inventory,2026-09-06T03:34:41.453917
4212,20220630,5529,8,10,0.00,0.00,Central Warehouse Inventory,2026-09-06T03:34:41.453917
4213,20220630,5530,2,10,0.00,0.00,Central Warehouse Inventory,2026-09-06T03:34:41.453917
4214,20220630,5531,11,10,0.00,0.00,Central Warehouse Inventory,2026-09-06T03:34:41.453917
4215,20220630,5532,6,10,0.00,0.00,Central Warehouse Inventory,2026-09-06T03:34:41.453917
4216,20220630,5533,5,10,0.00,0.00,Central Warehouse Inventory,2026-09-06T03:34:41.453917
4217,20220630,5534,24,10,0.00,0.00,Central Warehouse Inventory,2026-09-06T03:34:41.453917
4218,20220630,5535,32,10,0.00,0.00,Central Warehouse Inventory,2026-09-06T03:34:41.453917
4219,20220630,5536,60,10,0.00,0.00,Central Warehouse Inventory,2026-09-06T03:34:41.453917
4220,20220630,5537,32,10,0.00,0.00,Central Warehouse Inventory,2026-09-06T03:34:41.453917
4221,20220630,5538,21,10,0.00,0.00,Central Warehouse Inventory,2026-09-06T03:34:41.453917
4222,20220630,5539,27,10,0.00,0.00,Central Warehouse Inventory,2026-09-06T03:34:41.453917
4223,20220630,5540,4,10,0.00,0.00,Central Warehouse Inventory,2026-09-06T03:34:41.453917
4224,20220630,5541,5,10,0.00,0.00,Central Warehouse Inventory,2026-09-06T03:34:41.453917
4225,20220630,5542,53,10,0.00,0.00,Central Warehouse Inventory,2026-09-06T03:34:41.453917
4226,20220630,5543,2,10,0.00,0.00,Central Warehouse Inventory,2026-09-06T03:34:41.453917
4227,20220630,5544,80,10,0.00,0.00,Central Warehouse Inventory,2026-09-06T03:34:41.453917
4228,20220630,5545,2,10,0.00,0.00,Central Warehouse Inventory,2026-09-06T03:34:41.453917
4229,20220630,5546,0,10,0.00,0.00,Central Warehouse Inventory,2026-09-06T03:34:41.453917
4230,20220630,5547,16,10,0.00,0.00,Central Warehouse Inventory,2026-09-06T03:34:41.453917
4231,20220630,5548,23,10,0.00,0.00,Central Warehouse Inventory,2026-09-06T03:34:41.453917
4232,20220630,5549,32,10,0.00,0.00,Central Warehouse Inventory,2026-09-06T03:34:41.453917
4233,20220630,5550,25,10,0.00,0.00,Central Warehouse Inventory,2026-09-06T03:34:41.453917
4234,20220630,5551,4,10,0.00,0.00,Central Warehouse Inventory,2026-09-06T03:34:41.453917
4235,20220630,5552,19,10,0.00,0.00,Central Warehouse Inventory,2026-09-06T03:34:41.453917
4236,20220630,5553,1,10,0.00,0.00,Central Warehouse Inventory,2026-09-06T03:34:41.453917
4237,20220630,5554,235,10,0.00,0.00,Central Warehouse Inventory,2026-09-06T03:34:41.453917
4238,20220630,5555,153,10,0.00,0.00,Central Warehouse Inventory,2026-09-06T03:34:41.453917
4239,20220630,5556,107,10,0.00,0.00,Central Warehouse Inventory,2026-09-06T03:34:41.453917
4240,20220630,5557,145,10,0.00,0.00,Central Warehouse Inventory,2026-09-06T03:34:41.453917
4241,20220630,5558,90,10,0.00,0.00,Central Warehouse Inventory,2026-09-06T03:34:41.453917
4242,20220630,5559,98,10,0.00,0.00,Central Warehouse Inventory,2026-09-06T03:34:41.453917
4243,20220630,5560,154,10,0.00,0.00,Central Warehouse Inventory,2026-09-06T03:34:41.453917
4244,20220630,5561,2,10,0.00,0.00,Central Warehouse Inventory,2026-09-06T03:34:41.453917
4245,20220630,5562,18,10,0.00,0.00,Central Warehouse Inventory,2026-09-06T03:34:41.453917
4246,20220630,5563,6,10,0.00,0.00,Central Warehouse Inventory,2026-09-06T03:34:41.453917
4247,20220630,5564,21,10,0.00,0.00,Central Warehouse Inventory,2026-09-06T03:34:41.453917
4248,20220630,5565,108,10,0.00,0.00,Central Warehouse Inventory,2026-09-06T03:34:41.453917
4249,20220630,5566,131,10,0.00,0.00,Central Warehouse Inventory,2026-09-06T03:34:41.453917
4250,20220630,5567,46,10,0.00,0.00,Central Warehouse Inventory,2026-09-06T03:34:41.453917
4251,20220630,5568,100,10,0.00,0.00,Central Warehouse Inventory,2026-09-06T03:34:41.453917
4252,20220630,5569,46,10,0.00,0.00,Central Warehouse Inventory,2026-09-06T03:34:41.453917
4253,20220630,5570,98,10,0.00,0.00,Central Warehouse Inventory,2026-09-06T03:34:41.453917
4254,20220630,5571,121,10,0.00,0.00,Central Warehouse Inventory,2026-09-06T03:34:41.453917
4255,20220630,5572,4,10,0.00,0.00,Central Warehouse Inventory,2026-09-06T03:34:41.453917
4256,20220630,5573,4,10,0.00,0.00,Central Warehouse Inventory,2026-09-06T03:34:41.453917
4257,20220630,5574,12,10,0.00,0.00,Central Warehouse Inventory,2026-09-06T03:34:41.453917
4258,20220630,5575,2,10,0.00,0.00,Central Warehouse Inventory,2026-09-06T03:34:41.453917
4259,20220630,5576,11,10,0.00,0.00,Central Warehouse Inventory,2026-09-06T03:34:41.453917
4260,20220630,5577,4,10,0.00,0.00,Central Warehouse Inventory,2026-09-06T03:34:41.453917
4261,20220630,5578,2,10,0.00,0.00,Central Warehouse Inventory,2026-09-06T03:34:41.453917
4262,20220630,5579,2,10,0.00,0.00,Central Warehouse Inventory,2026-09-06T03:34:41.453917
4263,20220630,5580,5,10,0.00,0.00,Central Warehouse Inventory,2026-09-06T03:34:41.453917
4264,20220630,5581,4,10,0.00,0.00,Central Warehouse Inventory,2026-09-06T03:34:41.453917
4265,20220630,5582,4,10,0.00,0.00,Central Warehouse Inventory,2026-09-06T03:34:41.453917
4266,20220630,5583,9,10,0.00,0.00,Central Warehouse Inventory,2026-09-06T03:34:41.453917
4267,20220630,5584,2,10,0.00,0.00,Central Warehouse Inventory,2026-09-06T03:34:41.453917
4268,20220630,5585,4,10,0.00,0.00,Central Warehouse Inventory,2026-09-06T03:34:41.453917
4269,20220630,5586,200,10,0.00,0.00,Central Warehouse Inventory,2026-09-06T03:34:41.453917
4270,20220630,5587,192,10,0.00,0.00,Central Warehouse Inventory,2026-09-06T03:34:41.453917
4271,20220630,5588,100,10,0.00,0.00,Central Warehouse Inventory,2026-09-06T03:34:41.453917
4272,20220630,5589,197,10,0.00,0.00,Central Warehouse Inventory,2026-09-06T03:34:41.453917
4273,20220630,5590,20,10,0.00,0.00,Central Warehouse Inventory,2026-09-06T03:34:41.453917
4274,20220630,5591,139,10,0.00,0.00,Central Warehouse Inventory,2026-09-06T03:34:41.453917
4275,20220630,5592,67,10,0.00,0.00,Central Warehouse Inventory,2026-09-06T03:34:41.453917
4276,20220630,5593,1,10,0.00,0.00,Central Warehouse Inventory,2026-09-06T03:34:41.453917
4277,20220630,5594,2,10,0.00,0.00,Central Warehouse Inventory,2026-09-06T03:34:41.453917
4278,20220630,5595,2,10,0.00,0.00,Central Warehouse Inventory,2026-09-06T03:34:41.453917
4279,20220630,5596,0,10,0.00,0.00,Central Warehouse Inventory,2026-09-06T03:34:41.453917
4280,20220630,5597,1,10,0.00,0.00,Central Warehouse Inventory,2026-09-06T03:34:41.453917
4281,20220630,5598,1,10,0.00,0.00,Central Warehouse Inventory,2026-09-06T03:34:41.453917
4282,20220630,5599,33,10,0.00,0.00,Central Warehouse Inventory,2026-09-06T03:34:41.453917
4283,20220630,5600,36,10,0.00,0.00,Central Warehouse Inventory,2026-09-06T03:34:41.453917
4284,20220630,5601,49,10,0.00,0.00,Central Warehouse Inventory,2026-09-06T03:34:41.453917
4285,20220630,5602,30,10,0.00,0.00,Central Warehouse Inventory,2026-09-06T03:34:41.453917
4286,20220630,5603,23,10,0.00,0.00,Central Warehouse Inventory,2026-09-06T03:34:41.453917
4287,20220630,5604,35,10,0.00,0.00,Central Warehouse Inventory,2026-09-06T03:34:41.453917
4288,20220630,5605,2,10,0.00,0.00,Central Warehouse Inventory,2026-09-06T03:34:41.453917
4289,20220630,5606,2,10,0.00,0.00,Central Warehouse Inventory,2026-09-06T03:34:41.453917
4290,20220630,5607,3,10,0.00,0.00,Central Warehouse Inventory,2026-09-06T03:34:41.453917
4291,20220630,5608,11,10,0.00,0.00,Central Warehouse Inventory,2026-09-06T03:34:41.453917
4292,20220630,5609,1,10,0.00,0.00,Central Warehouse Inventory,2026-09-06T03:34:41.453917
4293,20220630,5610,41,10,0.00,0.00,Central Warehouse Inventory,2026-09-06T03:34:41.453917
4294,20220630,5611,0,10,0.00,0.00,Central Warehouse Inventory,2026-09-06T03:34:41.453917
4295,20220630,5612,0,10,0.00,0.00,Central Warehouse Inventory,2026-09-06T03:34:41.453917
4296,20220630,5613,2,10,0.00,0.00,Central Warehouse Inventory,2026-09-06T03:34:41.453917
4297,20220630,5614,7,10,0.00,0.00,Central Warehouse Inventory,2026-09-06T03:34:41.453917
4298,20220630,5615,1,10,0.00,0.00,Central Warehouse Inventory,2026-09-06T03:34:41.453917
4299,20220630,5616,6,10,0.00,0.00,Central Warehouse Inventory,2026-09-06T03:34:41.453917
4300,20220630,5617,1,10,0.00,0.00,Central Warehouse Inventory,2026-09-06T03:34:41.453917
4301,20220630,5618,46,10,0.00,0.00,Central Warehouse Inventory,2026-09-06T03:34:41.453917
4302,20220630,5619,78,10,0.00,0.00,Central Warehouse Inventory,2026-09-06T03:34:41.453917
4303,20220630,5620,75,10,0.00,0.00,Central Warehouse Inventory,2026-09-06T03:34:41.453917
4304,20220630,5621,64,10,0.00,0.00,Central Warehouse Inventory,2026-09-06T03:34:41.453917
4305,20220630,5622,63,10,0.00,0.00,Central Warehouse Inventory,2026-09-06T03:34:41.453917
4306,20220630,5623,54,10,0.00,0.00,Central Warehouse Inventory,2026-09-06T03:34:41.453917
4307,20220630,5624,5,10,0.00,0.00,Central Warehouse Inventory,2026-09-06T03:34:41.453917
4308,20220630,5625,23,10,0.00,0.00,Central Warehouse Inventory,2026-09-06T03:34:41.453917
4309,20220630,5626,54,10,0.00,0.00,Central Warehouse Inventory,2026-09-06T03:34:41.453917
4310,20220630,5627,26,10,0.00,0.00,Central Warehouse Inventory,2026-09-06T03:34:41.453917
4311,20220630,5628,44,10,0.00,0.00,Central Warehouse Inventory,2026-09-06T03:34:41.453917
4312,20220630,5629,11,10,0.00,0.00,Central Warehouse Inventory,2026-09-06T03:34:41.453917
4313,20220630,5630,34,10,0.00,0.00,Central Warehouse Inventory,2026-09-06T03:34:41.453917
4314,20220630,5631,26,10,0.00,0.00,Central Warehouse Inventory,2026-09-06T03:34:41.453917
4315,20220630,5632,7,10,0.00,0.00,Central Warehouse Inventory,2026-09-06T03:34:41.453917
4316,20220630,5633,8,10,0.00,0.00,Central Warehouse Inventory,2026-09-06T03:34:41.453917
4317,20220630,5634,18,10,0.00,0.00,Central Warehouse Inventory,2026-09-06T03:34:41.453917
4318,20220630,5635,4,10,0.00,0.00,Central Warehouse Inventory,2026-09-06T03:34:41.453917
4319,20220630,5636,4,10,0.00,0.00,Central Warehouse Inventory,2026-09-06T03:34:41.453917
4320,20220630,5637,8,10,0.00,0.00,Central Warehouse Inventory,2026-09-06T03:34:41.453917
4321,20220630,5638,2,10,0.00,0.00,Central Warehouse Inventory,2026-09-06T03:34:41.453917
4322,20220630,5639,25,10,0.00,0.00,Central Warehouse Inventory,2026-09-06T03:34:41.453917
4323,20220630,5640,9,10,0.00,0.00,Central Warehouse Inventory,2026-09-06T03:34:41.453917
4324,20220630,5641,13,10,0.00,0.00,Central Warehouse Inventory,2026-09-06T03:34:41.453917
4325,20220630,5642,1,10,0.00,0.00,Central Warehouse Inventory,2026-09-06T03:34:41.453917
4326,20220630,5643,10,10,0.00,0.00,Central Warehouse Inventory,2026-09-06T03:34:41.453917
4327,20220630,5644,6,10,0.00,0.00,Central Warehouse Inventory,2026-09-06T03:34:41.453917
4328,20220630,5645,26,10,0.00,0.00,Central Warehouse Inventory,2026-09-06T03:34:41.453917
4329,20220630,5646,8,10,0.00,0.00,Central Warehouse Inventory,2026-09-06T03:34:41.453917
4330,20220630,5647,8,10,0.00,0.00,Central Warehouse Inventory,2026-09-06T03:34:41.453917
4331,20220630,5648,4,10,0.00,0.00,Central Warehouse Inventory,2026-09-06T03:34:41.453917
4332,20220630,5649,4,10,0.00,0.00,Central Warehouse Inventory,2026-09-06T03:34:41.453917
4333,20220630,5650,1,10,0.00,0.00,Central Warehouse Inventory,2026-09-06T03:34:41.453917
4334,20220630,5651,3,10,0.00,0.00,Central Warehouse Inventory,2026-09-06T03:34:41.453917
4335,20220630,5652,7,10,0.00,0.00,Central Warehouse Inventory,2026-09-06T03:34:41.453917
4336,20220630,5653,6,10,0.00,0.00,Central Warehouse Inventory,2026-09-06T03:34:41.453917
4337,20220630,5654,82,10,0.00,0.00,Central Warehouse Inventory,2026-09-06T03:34:41.453917
4338,20220630,5655,3,10,0.00,0.00,Central Warehouse Inventory,2026-09-06T03:34:41.453917
4339,20220630,5656,4,10,0.00,0.00,Central Warehouse Inventory,2026-09-06T03:34:41.453917
4340,20220630,5657,12,10,0.00,0.00,Central Warehouse Inventory,2026-09-06T03:34:41.453917
4341,20220630,5658,3,10,0.00,0.00,Central Warehouse Inventory,2026-09-06T03:34:41.453917
4342,20220630,5659,6,10,0.00,0.00,Central Warehouse Inventory,2026-09-06T03:34:41.453917
4343,20220630,5660,6,10,0.00,0.00,Central Warehouse Inventory,2026-09-06T03:34:41.453917
4344,20220630,5661,7,10,0.00,0.00,Central Warehouse Inventory,2026-09-06T03:34:41.453917
4345,20220630,5662,5,10,0.00,0.00,Central Warehouse Inventory,2026-09-06T03:34:41.453917
4346,20220630,5663,8,10,0.00,0.00,Central Warehouse Inventory,2026-09-06T03:34:41.453917
4347,20220630,5664,5,10,0.00,0.00,Central Warehouse Inventory,2026-09-06T03:34:41.453917
4348,20220630,5665,2,10,0.00,0.00,Central Warehouse Inventory,2026-09-06T03:34:41.453917
4349,20220630,5666,1,10,0.00,0.00,Central Warehouse Inventory,2026-09-06T03:34:41.453917
4350,20220630,5667,1,10,0.00,0.00,Central Warehouse Inventory,2026-09-06T03:34:41.453917
4351,20220630,5668,3,10,0.00,0.00,Central Warehouse Inventory,2026-09-06T03:34:41.453917
4352,20220630,5669,2,10,0.00,0.00,Central Warehouse Inventory,2026-09-06T03:34:41.453917
4353,20220630,5670,7,10,0.00,0.00,Central Warehouse Inventory,2026-09-06T03:34:41.453917
4354,20220630,5671,1,10,0.00,0.00,Central Warehouse Inventory,2026-09-06T03:34:41.453917
4355,20220630,5672,1,10,0.00,0.00,Central Warehouse Inventory,2026-09-06T03:34:41.453917
4356,20220630,5673,4,10,0.00,0.00,Central Warehouse Inventory,2026-09-06T03:34:41.453917
4357,20220630,5674,3,10,0.00,0.00,Central Warehouse Inventory,2026-09-06T03:34:41.453917
4358,20220630,5675,22,10,0.00,0.00,Central Warehouse Inventory,2026-09-06T03:34:41.453917
4359,20220630,5676,3,10,0.00,0.00,Central Warehouse Inventory,2026-09-06T03:34:41.453917
4360,20220630,5677,16,10,0.00,0.00,Central Warehouse Inventory,2026-09-06T03:34:41.453917
4361,20220630,5678,5,10,0.00,0.00,Central Warehouse Inventory,2026-09-06T03:34:41.453917
4362,20220630,5679,1,10,0.00,0.00,Central Warehouse Inventory,2026-09-06T03:34:41.453917
4363,20220630,5680,32,10,0.00,0.00,Central Warehouse Inventory,2026-09-06T03:34:41.453917
4364,20220630,5681,44,10,0.00,0.00,Central Warehouse Inventory,2026-09-06T03:34:41.453917
4365,20220630,5682,48,10,0.00,0.00,Central Warehouse Inventory,2026-09-06T03:34:41.453917
4366,20220630,5683,36,10,0.00,0.00,Central Warehouse Inventory,2026-09-06T03:34:41.453917
4367,20220630,5684,33,10,0.00,0.00,Central Warehouse Inventory,2026-09-06T03:34:41.453917
4368,20220630,5685,21,10,0.00,0.00,Central Warehouse Inventory,2026-09-06T03:34:41.453917
4369,20220630,5686,4,10,0.00,0.00,Central Warehouse Inventory,2026-09-06T03:34:41.453917
4370,20220630,5687,6,10,0.00,0.00,Central Warehouse Inventory,2026-09-06T03:34:41.453917
4371,20220630,5688,32,10,0.00,0.00,Central Warehouse Inventory,2026-09-06T03:34:41.453917
4372,20220630,5689,47,10,0.00,0.00,Central Warehouse Inventory,2026-09-06T03:34:41.453917
4373,20220630,5690,7,10,0.00,0.00,Central Warehouse Inventory,2026-09-06T03:34:41.453917
4374,20220630,5691,15,10,0.00,0.00,Central Warehouse Inventory,2026-09-06T03:34:41.453917
4375,20220630,5692,11,10,0.00,0.00,Central Warehouse Inventory,2026-09-06T03:34:41.453917
4376,20220630,5693,1,10,0.00,0.00,Central Warehouse Inventory,2026-09-06T03:34:41.453917
4377,20220630,5694,71,10,0.00,0.00,Central Warehouse Inventory,2026-09-06T03:34:41.453917
4378,20220630,5695,80,10,0.00,0.00,Central Warehouse Inventory,2026-09-06T03:34:41.453917
4379,20220630,5696,81,10,0.00,0.00,Central Warehouse Inventory,2026-09-06T03:34:41.453917
4380,20220630,5697,69,10,0.00,0.00,Central Warehouse Inventory,2026-09-06T03:34:41.453917
4381,20220630,5698,71,10,0.00,0.00,Central Warehouse Inventory,2026-09-06T03:34:41.453917
4382,20220630,5699,64,10,0.00,0.00,Central Warehouse Inventory,2026-09-06T03:34:41.453917
4383,20220630,5700,21,10,0.00,0.00,Central Warehouse Inventory,2026-09-06T03:34:41.453917
4384,20220630,5701,90,10,0.00,0.00,Central Warehouse Inventory,2026-09-06T03:34:41.453917
4385,20220630,5702,83,10,0.00,0.00,Central Warehouse Inventory,2026-09-06T03:34:41.453917
4386,20220630,5703,102,10,0.00,0.00,Central Warehouse Inventory,2026-09-06T03:34:41.453917
4387,20220630,5704,89,10,0.00,0.00,Central Warehouse Inventory,2026-09-06T03:34:41.453917
4388,20220630,5705,32,10,0.00,0.00,Central Warehouse Inventory,2026-09-06T03:34:41.453917
4389,20220630,5706,97,10,0.00,0.00,Central Warehouse Inventory,2026-09-06T03:34:41.453917
4390,20220630,5707,6,10,0.00,0.00,Central Warehouse Inventory,2026-09-06T03:34:41.453917
4391,20220630,5708,6,10,0.00,0.00,Central Warehouse Inventory,2026-09-06T03:34:41.453917
4392,20220630,5709,23,10,0.00,0.00,Central Warehouse Inventory,2026-09-06T03:34:41.453917
4393,20220630,5710,77,10,0.00,0.00,Central Warehouse Inventory,2026-09-06T03:34:41.453917
4394,20220630,5711,7,10,0.00,0.00,Central Warehouse Inventory,2026-09-06T03:34:41.453917
4395,20220630,5712,6,10,0.00,0.00,Central Warehouse Inventory,2026-09-06T03:34:41.453917
4396,20220630,5713,13,10,0.00,0.00,Central Warehouse Inventory,2026-09-06T03:34:41.453917
4397,20220630,5714,4,10,0.00,0.00,Central Warehouse Inventory,2026-09-06T03:34:41.453917
4398,20220630,5715,2,10,0.00,0.00,Central Warehouse Inventory,2026-09-06T03:34:41.453917
4399,20220630,5716,2,10,0.00,0.00,Central Warehouse Inventory,2026-09-06T03:34:41.453917
4400,20220630,5717,4,10,0.00,0.00,Central Warehouse Inventory,2026-09-06T03:34:41.453917
4401,20220630,5718,0,10,0.00,0.00,Central Warehouse Inventory,2026-09-06T03:34:41.453917
4402,20220630,5719,7,10,0.00,0.00,Central Warehouse Inventory,2026-09-06T03:34:41.453917
4403,20220630,5720,0,10,0.00,0.00,Central Warehouse Inventory,2026-09-06T03:34:41.453917
4404,20220630,5721,3,10,0.00,0.00,Central Warehouse Inventory,2026-09-06T03:34:41.453917
4405,20220630,5722,140,10,0.00,0.00,Central Warehouse Inventory,2026-09-06T03:34:41.453917
4406,20220630,5723,87,10,0.00,0.00,Central Warehouse Inventory,2026-09-06T03:34:41.453917
4407,20220630,5724,114,10,0.00,0.00,Central Warehouse Inventory,2026-09-06T03:34:41.453917
4408,20220630,5725,70,10,0.00,0.00,Central Warehouse Inventory,2026-09-06T03:34:41.453917
4409,20220630,5726,38,10,0.00,0.00,Central Warehouse Inventory,2026-09-06T03:34:41.453917
4410,20220630,5727,166,10,0.00,0.00,Central Warehouse Inventory,2026-09-06T03:34:41.453917
4411,20220630,5728,10,10,0.00,0.00,Central Warehouse Inventory,2026-09-06T03:34:41.453917
4412,20220630,5729,2,10,0.00,0.00,Central Warehouse Inventory,2026-09-06T03:34:41.453917
4413,20220630,5730,3,10,0.00,0.00,Central Warehouse Inventory,2026-09-06T03:34:41.453917
4414,20220630,5731,5,10,0.00,0.00,Central Warehouse Inventory,2026-09-06T03:34:41.453917
4415,20220630,5732,4,10,0.00,0.00,Central Warehouse Inventory,2026-09-06T03:34:41.453917
4416,20220630,5733,9,10,0.00,0.00,Central Warehouse Inventory,2026-09-06T03:34:41.453917
4417,20220630,5734,4,10,0.00,0.00,Central Warehouse Inventory,2026-09-06T03:34:41.453917
4418,20220630,5735,2,10,0.00,0.00,Central Warehouse Inventory,2026-09-06T03:34:41.453917
4419,20220630,5736,1,10,0.00,0.00,Central Warehouse Inventory,2026-09-06T03:34:41.453917
4420,20220630,5737,1,10,0.00,0.00,Central Warehouse Inventory,2026-09-06T03:34:41.453917
4421,20220630,5738,2,10,0.00,0.00,Central Warehouse Inventory,2026-09-06T03:34:41.453917
4422,20220630,5739,1,10,0.00,0.00,Central Warehouse Inventory,2026-09-06T03:34:41.453917
4423,20220630,5740,3,10,0.00,0.00,Central Warehouse Inventory,2026-09-06T03:34:41.453917
4424,20220630,5741,0,10,0.00,0.00,Central Warehouse Inventory,2026-09-06T03:34:41.453917
4425,20220630,5742,1,10,0.00,0.00,Central Warehouse Inventory,2026-09-06T03:34:41.453917
4426,20220630,5743,3,10,0.00,0.00,Central Warehouse Inventory,2026-09-06T03:34:41.453917
4427,20220630,5744,1,10,0.00,0.00,Central Warehouse Inventory,2026-09-06T03:34:41.453917
4428,20220630,5745,6,10,0.00,0.00,Central Warehouse Inventory,2026-09-06T03:34:41.453917
4429,20220630,5746,2,10,0.00,0.00,Central Warehouse Inventory,2026-09-06T03:34:41.453917
4430,20220630,5747,16,10,0.00,0.00,Central Warehouse Inventory,2026-09-06T03:34:41.453917
4431,20220630,5748,2,10,0.00,0.00,Central Warehouse Inventory,2026-09-06T03:34:41.453917
4432,20220630,5749,5,10,0.00,0.00,Central Warehouse Inventory,2026-09-06T03:34:41.453917
4433,20220630,5750,5,10,0.00,0.00,Central Warehouse Inventory,2026-09-06T03:34:41.453917
4434,20220630,5751,7,10,0.00,0.00,Central Warehouse Inventory,2026-09-06T03:34:41.453917
4435,20220630,5752,29,10,0.00,0.00,Central Warehouse Inventory,2026-09-06T03:34:41.453917
4436,20220630,5753,23,10,0.00,0.00,Central Warehouse Inventory,2026-09-06T03:34:41.453917
4437,20220630,5754,27,10,0.00,0.00,Central Warehouse Inventory,2026-09-06T03:34:41.453917
4438,20220630,5755,20,10,0.00,0.00,Central Warehouse Inventory,2026-09-06T03:34:41.453917
4439,20220630,5756,14,10,0.00,0.00,Central Warehouse Inventory,2026-09-06T03:34:41.453917
4440,20220630,5757,1,10,0.00,0.00,Central Warehouse Inventory,2026-09-06T03:34:41.453917
4441,20220630,5758,1,10,0.00,0.00,Central Warehouse Inventory,2026-09-06T03:34:41.453917
4442,20220630,5759,1,10,0.00,0.00,Central Warehouse Inventory,2026-09-06T03:34:41.453917
4443,20220630,5760,0,10,0.00,0.00,Central Warehouse Inventory,2026-09-06T03:34:41.453917
4444,20220630,5761,2,10,0.00,0.00,Central Warehouse Inventory,2026-09-06T03:34:41.453917
4445,20220630,5762,2,10,0.00,0.00,Central Warehouse Inventory,2026-09-06T03:34:41.453917
4446,20220630,5763,3,10,0.00,0.00,Central Warehouse Inventory,2026-09-06T03:34:41.453917
4447,20220630,5764,3,10,0.00,0.00,Central Warehouse Inventory,2026-09-06T03:34:41.453917
4448,20220630,5765,3,10,0.00,0.00,Central Warehouse Inventory,2026-09-06T03:34:41.453917
4449,20220630,5766,3,10,0.00,0.00,Central Warehouse Inventory,2026-09-06T03:34:41.453917
4450,20220630,5767,11,10,0.00,0.00,Central Warehouse Inventory,2026-09-06T03:34:41.453917
4451,20220630,5768,10,10,0.00,0.00,Central Warehouse Inventory,2026-09-06T03:34:41.453917
4452,20220630,5769,2,10,0.00,0.00,Central Warehouse Inventory,2026-09-06T03:34:41.453917
4453,20220630,5770,3,10,0.00,0.00,Central Warehouse Inventory,2026-09-06T03:34:41.453917
4454,20220630,5771,27,10,0.00,0.00,Central Warehouse Inventory,2026-09-06T03:34:41.453917
4455,20220630,5772,19,10,0.00,0.00,Central Warehouse Inventory,2026-09-06T03:34:41.453917
4456,20220630,5773,24,10,0.00,0.00,Central Warehouse Inventory,2026-09-06T03:34:41.453917
4457,20220630,5774,18,10,0.00,0.00,Central Warehouse Inventory,2026-09-06T03:34:41.453917
4458,20220630,5775,13,10,0.00,0.00,Central Warehouse Inventory,2026-09-06T03:34:41.453917
4459,20220630,5776,3,10,0.00,0.00,Central Warehouse Inventory,2026-09-06T03:34:41.453917
4460,20220630,5777,2,10,0.00,0.00,Central Warehouse Inventory,2026-09-06T03:34:41.453917
4461,20220630,5778,1,10,0.00,0.00,Central Warehouse Inventory,2026-09-06T03:34:41.453917
4462,20220630,5779,1,10,0.00,0.00,Central Warehouse Inventory,2026-09-06T03:34:41.453917
4463,20220630,5780,0,10,0.00,0.00,Central Warehouse Inventory,2026-09-06T03:34:41.453917
4464,20220630,5781,0,10,0.00,0.00,Central Warehouse Inventory,2026-09-06T03:34:41.453917
4465,20220630,5782,1,10,0.00,0.00,Central Warehouse Inventory,2026-09-06T03:34:41.453917
4466,20220630,5783,3,10,0.00,0.00,Central Warehouse Inventory,2026-09-06T03:34:41.453917
4467,20220630,5784,0,10,0.00,0.00,Central Warehouse Inventory,2026-09-06T03:34:41.453917
4468,20220630,5785,1,10,0.00,0.00,Central Warehouse Inventory,2026-09-06T03:34:41.453917
4469,20220630,5786,0,10,0.00,0.00,Central Warehouse Inventory,2026-09-06T03:34:41.453917
4470,20220630,5787,2,10,0.00,0.00,Central Warehouse Inventory,2026-09-06T03:34:41.453917
4471,20220630,5788,4,10,0.00,0.00,Central Warehouse Inventory,2026-09-06T03:34:41.453917
4472,20220630,5789,66,10,0.00,0.00,Central Warehouse Inventory,2026-09-06T03:34:41.453917
4473,20220630,5790,6,10,0.00,0.00,Central Warehouse Inventory,2026-09-06T03:34:41.453917
4474,20220630,5791,58,10,0.00,0.00,Central Warehouse Inventory,2026-09-06T03:34:41.453917
4475,20220630,5792,62,10,0.00,0.00,Central Warehouse Inventory,2026-09-06T03:34:41.453917
4476,20220630,5793,25,10,0.00,0.00,Central Warehouse Inventory,2026-09-06T03:34:41.453917
4477,20220630,5794,5,10,0.00,0.00,Central Warehouse Inventory,2026-09-06T03:34:41.453917
4478,20220630,5795,63,10,0.00,0.00,Central Warehouse Inventory,2026-09-06T03:34:41.453917
4479,20220630,5796,25,10,0.00,0.00,Central Warehouse Inventory,2026-09-06T03:34:41.453917
4480,20220630,5797,5,10,0.00,0.00,Central Warehouse Inventory,2026-09-06T03:34:41.453917
4481,20220630,5798,55,10,0.00,0.00,Central Warehouse Inventory,2026-09-06T03:34:41.453917
4482,20220630,5799,6,10,0.00,0.00,Central Warehouse Inventory,2026-09-06T03:34:41.453917
4483,20220630,5800,9,10,0.00,0.00,Central Warehouse Inventory,2026-09-06T03:34:41.453917
4484,20220630,5801,25,10,0.00,0.00,Central Warehouse Inventory,2026-09-06T03:34:41.453917
4485,20220630,5802,13,10,0.00,0.00,Central Warehouse Inventory,2026-09-06T03:34:41.453917
4486,20220630,5803,3,10,0.00,0.00,Central Warehouse Inventory,2026-09-06T03:34:41.453917
4487,20220630,5804,10,10,0.00,0.00,Central Warehouse Inventory,2026-09-06T03:34:41.453917
4488,20220630,5805,1,10,0.00,0.00,Central Warehouse Inventory,2026-09-06T03:34:41.453917
4489,20220630,5806,6,10,0.00,0.00,Central Warehouse Inventory,2026-09-06T03:34:41.453917
4490,20220630,5807,4,10,0.00,0.00,Central Warehouse Inventory,2026-09-06T03:34:41.453917
4491,20220630,5808,3,10,0.00,0.00,Central Warehouse Inventory,2026-09-06T03:34:41.453917
4492,20220630,5809,4,10,0.00,0.00,Central Warehouse Inventory,2026-09-06T03:34:41.453917
4493,20220630,5810,2,10,0.00,0.00,Central Warehouse Inventory,2026-09-06T03:34:41.453917
4494,20220630,5811,4,10,0.00,0.00,Central Warehouse Inventory,2026-09-06T03:34:41.453917
4495,20220630,5812,3,10,0.00,0.00,Central Warehouse Inventory,2026-09-06T03:34:41.453917
4496,20220630,5813,6,10,0.00,0.00,Central Warehouse Inventory,2026-09-06T03:34:41.453917
4497,20220630,5814,39,10,0.00,0.00,Central Warehouse Inventory,2026-09-06T03:34:41.453917
4498,20220630,5815,6,10,0.00,0.00,Central Warehouse Inventory,2026-09-06T03:34:41.453917
4499,20220630,5816,22,10,0.00,0.00,Central Warehouse Inventory,2026-09-06T03:34:41.453917
4500,20220630,5817,12,10,0.00,0.00,Central Warehouse Inventory,2026-09-06T03:34:41.453917
4501,20220630,5818,4,10,0.00,0.00,Central Warehouse Inventory,2026-09-06T03:34:41.453917
4502,20220630,5819,64,10,0.00,0.00,Central Warehouse Inventory,2026-09-06T03:34:41.453917
4503,20220630,5820,64,10,0.00,0.00,Central Warehouse Inventory,2026-09-06T03:34:41.453917
4504,20220630,5821,61,10,0.00,0.00,Central Warehouse Inventory,2026-09-06T03:34:41.453917
4505,20220630,5822,56,10,0.00,0.00,Central Warehouse Inventory,2026-09-06T03:34:41.453917
4506,20220630,5823,15,10,0.00,0.00,Central Warehouse Inventory,2026-09-06T03:34:41.453917
4507,20220630,5824,71,10,0.00,0.00,Central Warehouse Inventory,2026-09-06T03:34:41.453917
4508,20220630,5825,9,10,0.00,0.00,Central Warehouse Inventory,2026-09-06T03:34:41.453917
4509,20220630,5826,22,10,0.00,0.00,Central Warehouse Inventory,2026-09-06T03:34:41.453917
4510,20220630,5827,9,10,0.00,0.00,Central Warehouse Inventory,2026-09-06T03:34:41.453917
4511,20220630,5828,0,10,0.00,0.00,Central Warehouse Inventory,2026-09-06T03:34:41.453917
4512,20220630,5829,3,10,0.00,0.00,Central Warehouse Inventory,2026-09-06T03:34:41.453917
4513,20220630,5830,2,10,0.00,0.00,Central Warehouse Inventory,2026-09-06T03:34:41.453917
4514,20220630,5831,24,10,0.00,0.00,Central Warehouse Inventory,2026-09-06T03:34:41.453917
4515,20220630,5832,18,10,0.00,0.00,Central Warehouse Inventory,2026-09-06T03:34:41.453917
4516,20220630,5833,29,10,0.00,0.00,Central Warehouse Inventory,2026-09-06T03:34:41.453917
4517,20220630,5834,83,10,0.00,0.00,Central Warehouse Inventory,2026-09-06T03:34:41.453917
4518,20220630,5835,11,10,0.00,0.00,Central Warehouse Inventory,2026-09-06T03:34:41.453917
4519,20220630,5836,17,10,0.00,0.00,Central Warehouse Inventory,2026-09-06T03:34:41.453917
4520,20220630,5837,16,10,0.00,0.00,Central Warehouse Inventory,2026-09-06T03:34:41.453917
4521,20220630,5838,1,10,0.00,0.00,Central Warehouse Inventory,2026-09-06T03:34:41.453917
4522,20220630,5839,0,10,0.00,0.00,Central Warehouse Inventory,2026-09-06T03:34:41.453917
4523,20220630,5840,0,10,0.00,0.00,Central Warehouse Inventory,2026-09-06T03:34:41.453917
4524,20220630,5841,0,10,0.00,0.00,Central Warehouse Inventory,2026-09-06T03:34:41.453917
4525,20220630,5842,0,10,0.00,0.00,Central Warehouse Inventory,2026-09-06T03:34:41.453917
4526,20220630,5843,19,10,0.00,0.00,Central Warehouse Inventory,2026-09-06T03:34:41.453917
4527,20220630,5844,0,10,0.00,0.00,Central Warehouse Inventory,2026-09-06T03:34:41.453917
4528,20220630,5845,0,10,0.00,0.00,Central Warehouse Inventory,2026-09-06T03:34:41.453917
4529,20220630,5846,27,10,0.00,0.00,Central Warehouse Inventory,2026-09-06T03:34:41.453917
4530,20220630,5847,26,10,0.00,0.00,Central Warehouse Inventory,2026-09-06T03:34:41.453917
4531,20220630,5848,11,10,0.00,0.00,Central Warehouse Inventory,2026-09-06T03:34:41.453917
4532,20220630,5849,33,10,0.00,0.00,Central Warehouse Inventory,2026-09-06T03:34:41.453917
4533,20220630,5850,5,10,0.00,0.00,Central Warehouse Inventory,2026-09-06T03:34:41.453917
4534,20220630,5851,22,10,0.00,0.00,Central Warehouse Inventory,2026-09-06T03:34:41.453917
4535,20220630,5852,13,10,0.00,0.00,Central Warehouse Inventory,2026-09-06T03:34:41.453917
4536,20220630,5853,2,10,0.00,0.00,Central Warehouse Inventory,2026-09-06T03:34:41.453917
4537,20220630,5854,2,10,0.00,0.00,Central Warehouse Inventory,2026-09-06T03:34:41.453917
4538,20220630,5855,5,10,0.00,0.00,Central Warehouse Inventory,2026-09-06T03:34:41.453917
4539,20220630,5856,2,10,0.00,0.00,Central Warehouse Inventory,2026-09-06T03:34:41.453917
4540,20220630,5857,3,10,0.00,0.00,Central Warehouse Inventory,2026-09-06T03:34:41.453917
4541,20220630,5858,3,10,0.00,0.00,Central Warehouse Inventory,2026-09-06T03:34:41.453917
4542,20220630,5859,2,10,0.00,0.00,Central Warehouse Inventory,2026-09-06T03:34:41.453917
4543,20220630,5860,2,10,0.00,0.00,Central Warehouse Inventory,2026-09-06T03:34:41.453917
4544,20220630,5861,0,10,0.00,0.00,Central Warehouse Inventory,2026-09-06T03:34:41.453917
4545,20220630,5862,2,10,0.00,0.00,Central Warehouse Inventory,2026-09-06T03:34:41.453917
4546,20220630,5863,0,10,0.00,0.00,Central Warehouse Inventory,2026-09-06T03:34:41.453917
4547,20220630,5864,1,10,0.00,0.00,Central Warehouse Inventory,2026-09-06T03:34:41.453917
4548,20220630,5865,3,10,0.00,0.00,Central Warehouse Inventory,2026-09-06T03:34:41.453917
4549,20220630,5866,3,10,0.00,0.00,Central Warehouse Inventory,2026-09-06T03:34:41.453917
4550,20220630,5867,2,10,0.00,0.00,Central Warehouse Inventory,2026-09-06T03:34:41.453917
4551,20220630,5868,3,10,0.00,0.00,Central Warehouse Inventory,2026-09-06T03:34:41.453917
4552,20220630,5869,4,10,0.00,0.00,Central Warehouse Inventory,2026-09-06T03:34:41.453917
4553,20220630,5870,1,10,0.00,0.00,Central Warehouse Inventory,2026-09-06T03:34:41.453917
4554,20220630,5871,8,10,0.00,0.00,Central Warehouse Inventory,2026-09-06T03:34:41.453917
4555,20220630,5872,0,10,0.00,0.00,Central Warehouse Inventory,2026-09-06T03:34:41.453917
4556,20220630,5873,3,10,0.00,0.00,Central Warehouse Inventory,2026-09-06T03:34:41.453917
4557,20220630,5874,3,10,0.00,0.00,Central Warehouse Inventory,2026-09-06T03:34:41.453917
4558,20220630,5875,4,10,0.00,0.00,Central Warehouse Inventory,2026-09-06T03:34:41.453917
4559,20220630,5876,6,10,0.00,0.00,Central Warehouse Inventory,2026-09-06T03:34:41.453917
4560,20220630,5877,2,10,0.00,0.00,Central Warehouse Inventory,2026-09-06T03:34:41.453917
4561,20220630,5878,11,10,0.00,0.00,Central Warehouse Inventory,2026-09-06T03:34:41.453917
4562,20220630,5879,6,10,0.00,0.00,Central Warehouse Inventory,2026-09-06T03:34:41.453917
4563,20220630,5880,3,10,0.00,0.00,Central Warehouse Inventory,2026-09-06T03:34:41.453917
4564,20220630,5881,1,10,0.00,0.00,Central Warehouse Inventory,2026-09-06T03:34:41.453917
4565,20220630,5882,0,10,0.00,0.00,Central Warehouse Inventory,2026-09-06T03:34:41.453917
4566,20220630,5883,1,10,0.00,0.00,Central Warehouse Inventory,2026-09-06T03:34:41.453917
4567,20220630,5884,1,10,0.00,0.00,Central Warehouse Inventory,2026-09-06T03:34:41.453917
4568,20220630,5885,2,10,0.00,0.00,Central Warehouse Inventory,2026-09-06T03:34:41.453917
4569,20220630,5886,6,10,0.00,0.00,Central Warehouse Inventory,2026-09-06T03:34:41.453917
4570,20220630,5887,7,10,0.00,0.00,Central Warehouse Inventory,2026-09-06T03:34:41.453917
4571,20220630,5888,5,10,0.00,0.00,Central Warehouse Inventory,2026-09-06T03:34:41.453917
4572,20220630,5889,14,10,0.00,0.00,Central Warehouse Inventory,2026-09-06T03:34:41.453917
4573,20220630,5890,3,10,0.00,0.00,Central Warehouse Inventory,2026-09-06T03:34:41.453917
4574,20220630,5891,3,10,0.00,0.00,Central Warehouse Inventory,2026-09-06T03:34:41.453917
4575,20220630,5892,2,10,0.00,0.00,Central Warehouse Inventory,2026-09-06T03:34:41.453917
4576,20220630,5893,0,10,0.00,0.00,Central Warehouse Inventory,2026-09-06T03:34:41.453917
4577,20220630,5894,1,10,0.00,0.00,Central Warehouse Inventory,2026-09-06T03:34:41.453917
4578,20220630,5895,2,10,0.00,0.00,Central Warehouse Inventory,2026-09-06T03:34:41.453917
4579,20220630,5896,10,10,0.00,0.00,Central Warehouse Inventory,2026-09-06T03:34:41.453917
4580,20220630,5897,6,10,0.00,0.00,Central Warehouse Inventory,2026-09-06T03:34:41.453917
4581,20220630,5898,1,10,0.00,0.00,Central Warehouse Inventory,2026-09-06T03:34:41.453917
4582,20220630,5899,0,10,0.00,0.00,Central Warehouse Inventory,2026-09-06T03:34:41.453917
4583,20220630,5900,3,10,0.00,0.00,Central Warehouse Inventory,2026-09-06T03:34:41.453917
4584,20220630,5901,2,10,0.00,0.00,Central Warehouse Inventory,2026-09-06T03:34:41.453917
4585,20220630,5902,1,10,0.00,0.00,Central Warehouse Inventory,2026-09-06T03:34:41.453917
4586,20220630,5903,6,10,0.00,0.00,Central Warehouse Inventory,2026-09-06T03:34:41.453917
4587,20220630,5904,0,10,0.00,0.00,Central Warehouse Inventory,2026-09-06T03:34:41.453917
4588,20220630,5905,0,10,0.00,0.00,Central Warehouse Inventory,2026-09-06T03:34:41.453917
4589,20220630,5906,0,10,0.00,0.00,Central Warehouse Inventory,2026-09-06T03:34:41.453917
4590,20220630,5907,1,10,0.00,0.00,Central Warehouse Inventory,2026-09-06T03:34:41.453917
4591,20220630,5908,2,10,0.00,0.00,Central Warehouse Inventory,2026-09-06T03:34:41.453917
4592,20220630,5909,1,10,0.00,0.00,Central Warehouse Inventory,2026-09-06T03:34:41.453917
4593,20220630,5910,2,10,0.00,0.00,Central Warehouse Inventory,2026-09-06T03:34:41.453917
4594,20220630,5911,1,10,0.00,0.00,Central Warehouse Inventory,2026-09-06T03:34:41.453917
4595,20220630,5912,0,10,0.00,0.00,Central Warehouse Inventory,2026-09-06T03:34:41.453917
4596,20220630,5913,0,10,0.00,0.00,Central Warehouse Inventory,2026-09-06T03:34:41.453917
4597,20220630,5914,2,10,0.00,0.00,Central Warehouse Inventory,2026-09-06T03:34:41.453917
4598,20220630,5915,7,10,0.00,0.00,Central Warehouse Inventory,2026-09-06T03:34:41.453917
4599,20220630,5916,3,10,0.00,0.00,Central Warehouse Inventory,2026-09-06T03:34:41.453917
4600,20220630,5917,7,10,0.00,0.00,Central Warehouse Inventory,2026-09-06T03:34:41.453917
4601,20220630,5918,2,10,0.00,0.00,Central Warehouse Inventory,2026-09-06T03:34:41.453917
4602,20220630,5919,2,10,0.00,0.00,Central Warehouse Inventory,2026-09-06T03:34:41.453917
4603,20220630,5920,1,10,0.00,0.00,Central Warehouse Inventory,2026-09-06T03:34:41.453917
4604,20220630,5921,0,10,0.00,0.00,Central Warehouse Inventory,2026-09-06T03:34:41.453917
4605,20220630,5922,1,10,0.00,0.00,Central Warehouse Inventory,2026-09-06T03:34:41.453917
4606,20220630,5923,1,10,0.00,0.00,Central Warehouse Inventory,2026-09-06T03:34:41.453917
4607,20220630,5924,0,10,0.00,0.00,Central Warehouse Inventory,2026-09-06T03:34:41.453917
4608,20220630,5925,0,10,0.00,0.00,Central Warehouse Inventory,2026-09-06T03:34:41.453917
4609,20220630,5926,3,10,0.00,0.00,Central Warehouse Inventory,2026-09-06T03:34:41.453917
4610,20220630,5927,2,10,0.00,0.00,Central Warehouse Inventory,2026-09-06T03:34:41.453917
4611,20220630,5928,6,10,0.00,0.00,Central Warehouse Inventory,2026-09-06T03:34:41.453917
4612,20220630,5929,2,10,0.00,0.00,Central Warehouse Inventory,2026-09-06T03:34:41.453917
4613,20220630,5930,6,10,0.00,0.00,Central Warehouse Inventory,2026-09-06T03:34:41.453917
4614,20220630,5931,1,10,0.00,0.00,Central Warehouse Inventory,2026-09-06T03:34:41.453917
4615,20220630,5932,1,10,0.00,0.00,Central Warehouse Inventory,2026-09-06T03:34:41.453917
4616,20220630,5933,2,10,0.00,0.00,Central Warehouse Inventory,2026-09-06T03:34:41.453917
4617,20220630,5934,4,10,0.00,0.00,Central Warehouse Inventory,2026-09-06T03:34:41.453917
4618,20220630,5935,5,10,0.00,0.00,Central Warehouse Inventory,2026-09-06T03:34:41.453917
4619,20220630,5936,3,10,0.00,0.00,Central Warehouse Inventory,2026-09-06T03:34:41.453917
4620,20220630,5937,7,10,0.00,0.00,Central Warehouse Inventory,2026-09-06T03:34:41.453917
4621,20220630,5938,3,10,0.00,0.00,Central Warehouse Inventory,2026-09-06T03:34:41.453917
4622,20220630,5939,2,10,0.00,0.00,Central Warehouse Inventory,2026-09-06T03:34:41.453917
4623,20220630,5940,3,10,0.00,0.00,Central Warehouse Inventory,2026-09-06T03:34:41.453917
4624,20220630,5941,2,10,0.00,0.00,Central Warehouse Inventory,2026-09-06T03:34:41.453917
4625,20220630,5942,2,10,0.00,0.00,Central Warehouse Inventory,2026-09-06T03:34:41.453917
4626,20220630,5943,2,10,0.00,0.00,Central Warehouse Inventory,2026-09-06T03:34:41.453917
4627,20220630,5944,3,10,0.00,0.00,Central Warehouse Inventory,2026-09-06T03:34:41.453917
4628,20220630,5945,3,10,0.00,0.00,Central Warehouse Inventory,2026-09-06T03:34:41.453917
4629,20220630,5946,1,10,0.00,0.00,Central Warehouse Inventory,2026-09-06T03:34:41.453917
4630,20220630,5947,0,10,0.00,0.00,Central Warehouse Inventory,2026-09-06T03:34:41.453917
4631,20220630,5948,1,10,0.00,0.00,Central Warehouse Inventory,2026-09-06T03:34:41.453917
4632,20220630,5949,0,10,0.00,0.00,Central Warehouse Inventory,2026-09-06T03:34:41.453917
4633,20220630,5950,0,10,0.00,0.00,Central Warehouse Inventory,2026-09-06T03:34:41.453917
4634,20220630,5951,2,10,0.00,0.00,Central Warehouse Inventory,2026-09-06T03:34:41.453917
4635,20220630,5952,1,10,0.00,0.00,Central Warehouse Inventory,2026-09-06T03:34:41.453917
4636,20220630,5953,2,10,0.00,0.00,Central Warehouse Inventory,2026-09-06T03:34:41.453917
4637,20220630,5954,10,10,0.00,0.00,Central Warehouse Inventory,2026-09-06T03:34:41.453917
4638,20220630,5955,29,10,0.00,0.00,Central Warehouse Inventory,2026-09-06T03:34:41.453917
4639,20220630,5956,7,10,0.00,0.00,Central Warehouse Inventory,2026-09-06T03:34:41.453917
4640,20220630,5957,6,10,0.00,0.00,Central Warehouse Inventory,2026-09-06T03:34:41.453917
4641,20220630,5958,17,10,0.00,0.00,Central Warehouse Inventory,2026-09-06T03:34:41.453917
4642,20220630,5959,4,10,0.00,0.00,Central Warehouse Inventory,2026-09-06T03:34:41.453917
4643,20220630,5960,2,10,0.00,0.00,Central Warehouse Inventory,2026-09-06T03:34:41.453917
4644,20220630,5961,26,10,0.00,0.00,Central Warehouse Inventory,2026-09-06T03:34:41.453917
4645,20220630,5962,26,10,0.00,0.00,Central Warehouse Inventory,2026-09-06T03:34:41.453917
4646,20220630,5963,5,10,0.00,0.00,Central Warehouse Inventory,2026-09-06T03:34:41.453917
4647,20220630,5964,66,10,0.00,0.00,Central Warehouse Inventory,2026-09-06T03:34:41.453917
4648,20220630,5965,5,10,0.00,0.00,Central Warehouse Inventory,2026-09-06T03:34:41.453917
4649,20220630,5966,19,10,0.00,0.00,Central Warehouse Inventory,2026-09-06T03:34:41.453917
4650,20220630,5967,46,10,0.00,0.00,Central Warehouse Inventory,2026-09-06T03:34:41.453917
4651,20220630,5968,146,10,0.00,0.00,Central Warehouse Inventory,2026-09-06T03:34:41.453917
4652,20220630,5969,112,10,0.00,0.00,Central Warehouse Inventory,2026-09-06T03:34:41.453917
4653,20220630,5970,87,10,0.00,0.00,Central Warehouse Inventory,2026-09-06T03:34:41.453917
4654,20220630,5971,154,10,0.00,0.00,Central Warehouse Inventory,2026-09-06T03:34:41.453917
4655,20220630,5972,38,10,0.00,0.00,Central Warehouse Inventory,2026-09-06T03:34:41.453917
4656,20220630,5973,112,10,0.00,0.00,Central Warehouse Inventory,2026-09-06T03:34:41.453917
4657,20220630,5974,84,10,0.00,0.00,Central Warehouse Inventory,2026-09-06T03:34:41.453917
4658,20220630,5975,25,10,0.00,0.00,Central Warehouse Inventory,2026-09-06T03:34:41.453917
4659,20220630,5976,13,10,0.00,0.00,Central Warehouse Inventory,2026-09-06T03:34:41.453917
4660,20220630,5977,54,10,0.00,0.00,Central Warehouse Inventory,2026-09-06T03:34:41.453917
4661,20220630,5978,7,10,0.00,0.00,Central Warehouse Inventory,2026-09-06T03:34:41.453917
4662,20220630,5979,27,10,0.00,0.00,Central Warehouse Inventory,2026-09-06T03:34:41.453917
4663,20220630,5980,8,10,0.00,0.00,Central Warehouse Inventory,2026-09-06T03:34:41.453917
4664,20220630,5981,3,10,0.00,0.00,Central Warehouse Inventory,2026-09-06T03:34:41.453917
4665,20220630,5982,0,10,0.00,0.00,Central Warehouse Inventory,2026-09-06T03:34:41.453917
4666,20220630,5983,1,10,0.00,0.00,Central Warehouse Inventory,2026-09-06T03:34:41.453917
4667,20220630,5984,2,10,0.00,0.00,Central Warehouse Inventory,2026-09-06T03:34:41.453917
4668,20220630,5985,0,10,0.00,0.00,Central Warehouse Inventory,2026-09-06T03:34:41.453917
4669,20220630,5986,4,10,0.00,0.00,Central Warehouse Inventory,2026-09-06T03:34:41.453917
4670,20220630,5987,2,10,0.00,0.00,Central Warehouse Inventory,2026-09-06T03:34:41.453917
4671,20220630,5988,2,10,0.00,0.00,Central Warehouse Inventory,2026-09-06T03:34:41.453917
4672,20220630,5989,2,10,0.00,0.00,Central Warehouse Inventory,2026-09-06T03:34:41.453917
4673,20220630,5990,0,10,0.00,0.00,Central Warehouse Inventory,2026-09-06T03:34:41.453917
4674,20220630,5991,51,10,0.00,0.00,Central Warehouse Inventory,2026-09-06T03:34:41.453917
4675,20220630,5992,0,10,0.00,0.00,Central Warehouse Inventory,2026-09-06T03:34:41.453917
4676,20220630,5993,46,10,0.00,0.00,Central Warehouse Inventory,2026-09-06T03:34:41.453917
4677,20220630,5994,25,10,0.00,0.00,Central Warehouse Inventory,2026-09-06T03:34:41.453917
4678,20220630,5995,20,10,0.00,0.00,Central Warehouse Inventory,2026-09-06T03:34:41.453917
4679,20220630,5996,7,10,0.00,0.00,Central Warehouse Inventory,2026-09-06T03:34:41.453917
4680,20220630,5997,1,10,0.00,0.00,Central Warehouse Inventory,2026-09-06T03:34:41.453917
4681,20220630,5998,33,10,0.00,0.00,Central Warehouse Inventory,2026-09-06T03:34:41.453917
4682,20220630,5999,3,10,0.00,0.00,Central Warehouse Inventory,2026-09-06T03:34:41.453917
4683,20220630,6000,40,10,0.00,0.00,Central Warehouse Inventory,2026-09-06T03:34:41.453917
4684,20220630,6001,1,10,0.00,0.00,Central Warehouse Inventory,2026-09-06T03:34:41.453917
4685,20220630,6002,20,10,0.00,0.00,Central Warehouse Inventory,2026-09-06T03:34:41.453917
4686,20220630,6003,25,10,0.00,0.00,Central Warehouse Inventory,2026-09-06T03:34:41.453917
4687,20220630,6004,28,10,0.00,0.00,Central Warehouse Inventory,2026-09-06T03:34:41.453917
4688,20220630,6005,19,10,0.00,0.00,Central Warehouse Inventory,2026-09-06T03:34:41.453917
4689,20220630,6006,16,10,0.00,0.00,Central Warehouse Inventory,2026-09-06T03:34:41.453917
4690,20220630,6007,21,10,0.00,0.00,Central Warehouse Inventory,2026-09-06T03:34:41.453917
4691,20220630,6008,2,10,0.00,0.00,Central Warehouse Inventory,2026-09-06T03:34:41.453917
4692,20220630,6009,20,10,0.00,0.00,Central Warehouse Inventory,2026-09-06T03:34:41.453917
4693,20220630,6010,13,10,0.00,0.00,Central Warehouse Inventory,2026-09-06T03:34:41.453917
4694,20220630,6011,14,10,0.00,0.00,Central Warehouse Inventory,2026-09-06T03:34:41.453917
4695,20220630,6012,18,10,0.00,0.00,Central Warehouse Inventory,2026-09-06T03:34:41.453917
4696,20220630,6013,21,10,0.00,0.00,Central Warehouse Inventory,2026-09-06T03:34:41.453917
4697,20220630,6014,23,10,0.00,0.00,Central Warehouse Inventory,2026-09-06T03:34:41.453917
4698,20220630,6015,23,10,0.00,0.00,Central Warehouse Inventory,2026-09-06T03:34:41.453917
4699,20220630,6016,44,10,0.00,0.00,Central Warehouse Inventory,2026-09-06T03:34:41.453917
4700,20220630,6017,44,10,0.00,0.00,Central Warehouse Inventory,2026-09-06T03:34:41.453917
4701,20220630,6018,20,10,0.00,0.00,Central Warehouse Inventory,2026-09-06T03:34:41.453917
4702,20220630,6019,36,10,0.00,0.00,Central Warehouse Inventory,2026-09-06T03:34:41.453917
4703,20220630,6020,14,10,0.00,0.00,Central Warehouse Inventory,2026-09-06T03:34:41.453917
4704,20220630,6021,0,10,0.00,0.00,Central Warehouse Inventory,2026-09-06T03:34:41.453917
4705,20220630,6022,1,10,0.00,0.00,Central Warehouse Inventory,2026-09-06T03:34:41.453917
4706,20220630,6023,2,10,0.00,0.00,Central Warehouse Inventory,2026-09-06T03:34:41.453917
4707,20220630,6024,2,10,0.00,0.00,Central Warehouse Inventory,2026-09-06T03:34:41.453917
4708,20220630,6025,2,10,0.00,0.00,Central Warehouse Inventory,2026-09-06T03:34:41.453917
4709,20220630,6026,2,10,0.00,0.00,Central Warehouse Inventory,2026-09-06T03:34:41.453917
4710,20220630,6027,1,10,0.00,0.00,Central Warehouse Inventory,2026-09-06T03:34:41.453917
4711,20220630,6028,11,10,0.00,0.00,Central Warehouse Inventory,2026-09-06T03:34:41.453917
4712,20220630,6029,2,10,0.00,0.00,Central Warehouse Inventory,2026-09-06T03:34:41.453917
4713,20220630,6030,13,10,0.00,0.00,Central Warehouse Inventory,2026-09-06T03:34:41.453917
4714,20220630,6031,21,10,0.00,0.00,Central Warehouse Inventory,2026-09-06T03:34:41.453917
4715,20220630,6032,13,10,0.00,0.00,Central Warehouse Inventory,2026-09-06T03:34:41.453917
4716,20220630,6033,5,10,0.00,0.00,Central Warehouse Inventory,2026-09-06T03:34:41.453917
4717,20220630,6034,3,10,0.00,0.00,Central Warehouse Inventory,2026-09-06T03:34:41.453917
4718,20220630,6035,138,10,0.00,0.00,Central Warehouse Inventory,2026-09-06T03:34:41.453917
4719,20220630,6036,106,10,0.00,0.00,Central Warehouse Inventory,2026-09-06T03:34:41.453917
4720,20220630,6037,199,10,0.00,0.00,Central Warehouse Inventory,2026-09-06T03:34:41.453917
4721,20220630,6038,223,10,0.00,0.00,Central Warehouse Inventory,2026-09-06T03:34:41.453917
4722,20220630,6039,48,10,0.00,0.00,Central Warehouse Inventory,2026-09-06T03:34:41.453917
4723,20220630,6040,168,10,0.00,0.00,Central Warehouse Inventory,2026-09-06T03:34:41.453917
4724,20220630,6041,87,10,0.00,0.00,Central Warehouse Inventory,2026-09-06T03:34:41.453917
4725,20220630,6042,1,10,0.00,0.00,Central Warehouse Inventory,2026-09-06T03:34:41.453917
4726,20220630,6043,4,10,0.00,0.00,Central Warehouse Inventory,2026-09-06T03:34:41.453917
4727,20220630,6044,8,10,0.00,0.00,Central Warehouse Inventory,2026-09-06T03:34:41.453917
4728,20220630,6045,4,10,0.00,0.00,Central Warehouse Inventory,2026-09-06T03:34:41.453917
4729,20220630,6046,53,10,0.00,0.00,Central Warehouse Inventory,2026-09-06T03:34:41.453917
4730,20220630,6047,6,10,0.00,0.00,Central Warehouse Inventory,2026-09-06T03:34:41.453917
4731,20220630,6048,3,10,0.00,0.00,Central Warehouse Inventory,2026-09-06T03:34:41.453917
4732,20220630,6049,2,10,0.00,0.00,Central Warehouse Inventory,2026-09-06T03:34:41.453917
4733,20220630,6050,4,10,0.00,0.00,Central Warehouse Inventory,2026-09-06T03:34:41.453917
4734,20220630,6051,17,10,0.00,0.00,Central Warehouse Inventory,2026-09-06T03:34:41.453917
4735,20220630,6052,1,10,0.00,0.00,Central Warehouse Inventory,2026-09-06T03:34:41.453917
4736,20220630,6053,5,10,0.00,0.00,Central Warehouse Inventory,2026-09-06T03:34:41.453917
4737,20220630,6054,1,10,0.00,0.00,Central Warehouse Inventory,2026-09-06T03:34:41.453917
4738,20220630,6055,2,10,0.00,0.00,Central Warehouse Inventory,2026-09-06T03:34:41.453917
4739,20220630,6056,4,10,0.00,0.00,Central Warehouse Inventory,2026-09-06T03:34:41.453917
4740,20220630,6057,2,10,0.00,0.00,Central Warehouse Inventory,2026-09-06T03:34:41.453917
4741,20220630,6058,4,10,0.00,0.00,Central Warehouse Inventory,2026-09-06T03:34:41.453917
4742,20220630,6059,1,10,0.00,0.00,Central Warehouse Inventory,2026-09-06T03:34:41.453917
4743,20220630,6060,1,10,0.00,0.00,Central Warehouse Inventory,2026-09-06T03:34:41.453917
4744,20220630,6061,90,10,0.00,0.00,Central Warehouse Inventory,2026-09-06T03:34:41.453917
4745,20220630,6062,107,10,0.00,0.00,Central Warehouse Inventory,2026-09-06T03:34:41.453917
4746,20220630,6063,105,10,0.00,0.00,Central Warehouse Inventory,2026-09-06T03:34:41.453917
4747,20220630,6064,105,10,0.00,0.00,Central Warehouse Inventory,2026-09-06T03:34:41.453917
4748,20220630,6065,64,10,0.00,0.00,Central Warehouse Inventory,2026-09-06T03:34:41.453917
4749,20220630,6066,51,10,0.00,0.00,Central Warehouse Inventory,2026-09-06T03:34:41.453917
4750,20220630,6067,12,10,0.00,0.00,Central Warehouse Inventory,2026-09-06T03:34:41.453917
4751,20220630,6068,4,10,0.00,0.00,Central Warehouse Inventory,2026-09-06T03:34:41.453917
4752,20220630,6069,5,10,0.00,0.00,Central Warehouse Inventory,2026-09-06T03:34:41.453917
4753,20220630,6070,6,10,0.00,0.00,Central Warehouse Inventory,2026-09-06T03:34:41.453917
4754,20220630,6071,2,10,0.00,0.00,Central Warehouse Inventory,2026-09-06T03:34:41.453917
4755,20220630,6072,16,10,0.00,0.00,Central Warehouse Inventory,2026-09-06T03:34:41.453917
4756,20220630,6073,3,10,0.00,0.00,Central Warehouse Inventory,2026-09-06T03:34:41.453917
4757,20220630,6074,2,10,0.00,0.00,Central Warehouse Inventory,2026-09-06T03:34:41.453917
4758,20220630,6075,11,10,0.00,0.00,Central Warehouse Inventory,2026-09-06T03:34:41.453917
4759,20220630,6076,20,10,0.00,0.00,Central Warehouse Inventory,2026-09-06T03:34:41.453917
4760,20220630,6077,44,10,0.00,0.00,Central Warehouse Inventory,2026-09-06T03:34:41.453917
4761,20220630,6078,25,10,0.00,0.00,Central Warehouse Inventory,2026-09-06T03:34:41.453917
4762,20220630,6079,11,10,0.00,0.00,Central Warehouse Inventory,2026-09-06T03:34:41.453917
4763,20220630,6080,377,10,0.00,0.00,Central Warehouse Inventory,2026-09-06T03:34:41.453917
4764,20220630,6081,186,10,0.00,0.00,Central Warehouse Inventory,2026-09-06T03:34:41.453917
4765,20220630,6082,210,10,0.00,0.00,Central Warehouse Inventory,2026-09-06T03:34:41.453917
4766,20220630,6083,336,10,0.00,0.00,Central Warehouse Inventory,2026-09-06T03:34:41.453917
4767,20220630,6084,181,10,0.00,0.00,Central Warehouse Inventory,2026-09-06T03:34:41.453917
4768,20220630,6085,295,10,0.00,0.00,Central Warehouse Inventory,2026-09-06T03:34:41.453917
4769,20220630,6086,235,10,0.00,0.00,Central Warehouse Inventory,2026-09-06T03:34:41.453917
4770,20220630,6087,147,10,0.00,0.00,Central Warehouse Inventory,2026-09-06T03:34:41.453917
4771,20220630,6088,197,10,0.00,0.00,Central Warehouse Inventory,2026-09-06T03:34:41.453917
4772,20220630,6089,155,10,0.00,0.00,Central Warehouse Inventory,2026-09-06T03:34:41.453917
4773,20220630,6090,94,10,0.00,0.00,Central Warehouse Inventory,2026-09-06T03:34:41.453917
4774,20220630,6091,118,10,0.00,0.00,Central Warehouse Inventory,2026-09-06T03:34:41.453917
4775,20220630,6092,29,10,0.00,0.00,Central Warehouse Inventory,2026-09-06T03:34:41.453917
4776,20220630,6093,28,10,0.00,0.00,Central Warehouse Inventory,2026-09-06T03:34:41.453917
4777,20220630,6094,1,10,0.00,0.00,Central Warehouse Inventory,2026-09-06T03:34:41.453917
4778,20220630,6095,0,10,0.00,0.00,Central Warehouse Inventory,2026-09-06T03:34:41.453917
4779,20220630,6096,3,10,0.00,0.00,Central Warehouse Inventory,2026-09-06T03:34:41.453917
4780,20220630,6097,1,10,0.00,0.00,Central Warehouse Inventory,2026-09-06T03:34:41.453917
4781,20220630,6098,3,10,0.00,0.00,Central Warehouse Inventory,2026-09-06T03:34:41.453917
4782,20220630,6099,2,10,0.00,0.00,Central Warehouse Inventory,2026-09-06T03:34:41.453917
4783,20220630,6100,0,10,0.00,0.00,Central Warehouse Inventory,2026-09-06T03:34:41.453917
4784,20220630,6101,123,10,0.00,0.00,Central Warehouse Inventory,2026-09-06T03:34:41.453917
4785,20220630,6102,113,10,0.00,0.00,Central Warehouse Inventory,2026-09-06T03:34:41.453917
4786,20220630,6103,30,10,0.00,0.00,Central Warehouse Inventory,2026-09-06T03:34:41.453917
4787,20220630,6104,63,10,0.00,0.00,Central Warehouse Inventory,2026-09-06T03:34:41.453917
4788,20220630,6105,13,10,0.00,0.00,Central Warehouse Inventory,2026-09-06T03:34:41.453917
4789,20220630,6106,19,10,0.00,0.00,Central Warehouse Inventory,2026-09-06T03:34:41.453917
4790,20220630,6107,6,10,0.00,0.00,Central Warehouse Inventory,2026-09-06T03:34:41.453917
4791,20220630,6108,0,10,0.00,0.00,Central Warehouse Inventory,2026-09-06T03:34:41.453917
4792,20220630,6109,1,10,0.00,0.00,Central Warehouse Inventory,2026-09-06T03:34:41.453917
4793,20220630,6110,0,10,0.00,0.00,Central Warehouse Inventory,2026-09-06T03:34:41.453917
4794,20220630,6111,5,10,0.00,0.00,Central Warehouse Inventory,2026-09-06T03:34:41.453917
4795,20220630,6112,2,10,0.00,0.00,Central Warehouse Inventory,2026-09-06T03:34:41.453917
4796,20220630,6113,2,10,0.00,0.00,Central Warehouse Inventory,2026-09-06T03:34:41.453917
4797,20220630,6114,4,10,0.00,0.00,Central Warehouse Inventory,2026-09-06T03:34:41.453917
4798,20220630,6115,3,10,0.00,0.00,Central Warehouse Inventory,2026-09-06T03:34:41.453917
4799,20220630,6116,2,10,0.00,0.00,Central Warehouse Inventory,2026-09-06T03:34:41.453917
4800,20220630,6117,1,10,0.00,0.00,Central Warehouse Inventory,2026-09-06T03:34:41.453917
4801,20220630,6118,4,10,0.00,0.00,Central Warehouse Inventory,2026-09-06T03:34:41.453917
4802,20220630,6119,1,10,0.00,0.00,Central Warehouse Inventory,2026-09-06T03:34:41.453917
4803,20220630,6120,1,10,0.00,0.00,Central Warehouse Inventory,2026-09-06T03:34:41.453917
4804,20220630,6121,1,10,0.00,0.00,Central Warehouse Inventory,2026-09-06T03:34:41.453917
4805,20220630,6122,2,10,0.00,0.00,Central Warehouse Inventory,2026-09-06T03:34:41.453917
4806,20220630,6123,1,10,0.00,0.00,Central Warehouse Inventory,2026-09-06T03:34:41.453917
4807,20220630,6124,4,10,0.00,0.00,Central Warehouse Inventory,2026-09-06T03:34:41.453917
4808,20220630,6125,28,10,0.00,0.00,Central Warehouse Inventory,2026-09-06T03:34:41.453917
4809,20220630,6126,3,10,0.00,0.00,Central Warehouse Inventory,2026-09-06T03:34:41.453917
4810,20220630,6127,21,10,0.00,0.00,Central Warehouse Inventory,2026-09-06T03:34:41.453917
4811,20220630,6128,13,10,0.00,0.00,Central Warehouse Inventory,2026-09-06T03:34:41.453917
4812,20220630,6129,9,10,0.00,0.00,Central Warehouse Inventory,2026-09-06T03:34:41.453917
4813,20220630,6130,56,10,0.00,0.00,Central Warehouse Inventory,2026-09-06T03:34:41.453917
4814,20220630,6131,39,10,0.00,0.00,Central Warehouse Inventory,2026-09-06T03:34:41.453917
4815,20220630,6132,21,10,0.00,0.00,Central Warehouse Inventory,2026-09-06T03:34:41.453917
4816,20220630,6133,5,10,0.00,0.00,Central Warehouse Inventory,2026-09-06T03:34:41.453917
4817,20220630,6134,8,10,0.00,0.00,Central Warehouse Inventory,2026-09-06T03:34:41.453917
4818,20220630,6135,6,10,0.00,0.00,Central Warehouse Inventory,2026-09-06T03:34:41.453917
4819,20220630,6136,3,10,0.00,0.00,Central Warehouse Inventory,2026-09-06T03:34:41.453917
4820,20220630,6137,17,10,0.00,0.00,Central Warehouse Inventory,2026-09-06T03:34:41.453917
4821,20220630,6138,17,10,0.00,0.00,Central Warehouse Inventory,2026-09-06T03:34:41.453917
4822,20220630,6139,14,10,0.00,0.00,Central Warehouse Inventory,2026-09-06T03:34:41.453917
4823,20220630,6140,17,10,0.00,0.00,Central Warehouse Inventory,2026-09-06T03:34:41.453917
4824,20220630,6141,26,10,0.00,0.00,Central Warehouse Inventory,2026-09-06T03:34:41.453917
4825,20220630,6142,36,10,0.00,0.00,Central Warehouse Inventory,2026-09-06T03:34:41.453917
4826,20220630,6143,26,10,0.00,0.00,Central Warehouse Inventory,2026-09-06T03:34:41.453917
4827,20220630,6144,5,10,0.00,0.00,Central Warehouse Inventory,2026-09-06T03:34:41.453917
4828,20220630,6145,1,10,0.00,0.00,Central Warehouse Inventory,2026-09-06T03:34:41.453917
4829,20220630,6146,3,10,0.00,0.00,Central Warehouse Inventory,2026-09-06T03:34:41.453917
4830,20220630,6147,8,10,0.00,0.00,Central Warehouse Inventory,2026-09-06T03:34:41.453917
4831,20220630,6148,6,10,0.00,0.00,Central Warehouse Inventory,2026-09-06T03:34:41.453917
4832,20220630,6149,25,10,0.00,0.00,Central Warehouse Inventory,2026-09-06T03:34:41.453917
4833,20220630,6150,2,10,0.00,0.00,Central Warehouse Inventory,2026-09-06T03:34:41.453917
4834,20220630,6151,2,10,0.00,0.00,Central Warehouse Inventory,2026-09-06T03:34:41.453917
4835,20220630,6152,6,10,0.00,0.00,Central Warehouse Inventory,2026-09-06T03:34:41.453917
4836,20220630,6153,8,10,0.00,0.00,Central Warehouse Inventory,2026-09-06T03:34:41.453917
4837,20220630,6154,3,10,0.00,0.00,Central Warehouse Inventory,2026-09-06T03:34:41.453917
4838,20220630,6155,2,10,0.00,0.00,Central Warehouse Inventory,2026-09-06T03:34:41.453917
4839,20220630,6156,3,10,0.00,0.00,Central Warehouse Inventory,2026-09-06T03:34:41.453917
4840,20220630,6157,4,10,0.00,0.00,Central Warehouse Inventory,2026-09-06T03:34:41.453917
4841,20220630,6158,2,10,0.00,0.00,Central Warehouse Inventory,2026-09-06T03:34:41.453917
4842,20220630,6159,1,10,0.00,0.00,Central Warehouse Inventory,2026-09-06T03:34:41.453917
4843,20220630,6160,0,10,0.00,0.00,Central Warehouse Inventory,2026-09-06T03:34:41.453917
4844,20220630,6161,0,10,0.00,0.00,Central Warehouse Inventory,2026-09-06T03:34:41.453917
4845,20220630,6162,3,10,0.00,0.00,Central Warehouse Inventory,2026-09-06T03:34:41.453917
4846,20220630,6163,2,10,0.00,0.00,Central Warehouse Inventory,2026-09-06T03:34:41.453917
4847,20220630,6164,2,10,0.00,0.00,Central Warehouse Inventory,2026-09-06T03:34:41.453917
4848,20220630,6165,0,10,0.00,0.00,Central Warehouse Inventory,2026-09-06T03:34:41.453917
4849,20220630,6166,13,10,0.00,0.00,Central Warehouse Inventory,2026-09-06T03:34:41.453917
4850,20220630,6167,48,10,0.00,0.00,Central Warehouse Inventory,2026-09-06T03:34:41.453917
4851,20220630,6168,23,10,0.00,0.00,Central Warehouse Inventory,2026-09-06T03:34:41.453917
4852,20220630,6169,35,10,0.00,0.00,Central Warehouse Inventory,2026-09-06T03:34:41.453917
4853,20220630,6170,70,10,0.00,0.00,Central Warehouse Inventory,2026-09-06T03:34:41.453917
4854,20220630,6171,83,10,0.00,0.00,Central Warehouse Inventory,2026-09-06T03:34:41.453917
4855,20220630,6172,56,10,0.00,0.00,Central Warehouse Inventory,2026-09-06T03:34:41.453917
4856,20220630,6173,75,10,0.00,0.00,Central Warehouse Inventory,2026-09-06T03:34:41.453917
4857,20220630,6174,1,10,0.00,0.00,Central Warehouse Inventory,2026-09-06T03:34:41.453917
4858,20220630,6175,15,10,0.00,0.00,Central Warehouse Inventory,2026-09-06T03:34:41.453917
4859,20220630,6176,1,10,0.00,0.00,Central Warehouse Inventory,2026-09-06T03:34:41.453917
4860,20220630,6177,128,10,0.00,0.00,Central Warehouse Inventory,2026-09-06T03:34:41.453917
4861,20220630,6178,93,10,0.00,0.00,Central Warehouse Inventory,2026-09-06T03:34:41.453917
4862,20220630,6179,42,10,0.00,0.00,Central Warehouse Inventory,2026-09-06T03:34:41.453917
4863,20220630,6180,154,10,0.00,0.00,Central Warehouse Inventory,2026-09-06T03:34:41.453917
4864,20220630,6181,22,10,0.00,0.00,Central Warehouse Inventory,2026-09-06T03:34:41.453917
4865,20220630,6182,76,10,0.00,0.00,Central Warehouse Inventory,2026-09-06T03:34:41.453917
4866,20220630,6183,78,10,0.00,0.00,Central Warehouse Inventory,2026-09-06T03:34:41.453917
4867,20220630,6184,8,10,0.00,0.00,Central Warehouse Inventory,2026-09-06T03:34:41.453917
4868,20220630,6185,9,10,0.00,0.00,Central Warehouse Inventory,2026-09-06T03:34:41.453917
4869,20220630,6186,20,10,0.00,0.00,Central Warehouse Inventory,2026-09-06T03:34:41.453917
4870,20220630,6187,5,10,0.00,0.00,Central Warehouse Inventory,2026-09-06T03:34:41.453917
4871,20220630,6188,56,10,0.00,0.00,Central Warehouse Inventory,2026-09-06T03:34:41.453917
4872,20220630,6189,6,10,0.00,0.00,Central Warehouse Inventory,2026-09-06T03:34:41.453917
4873,20220630,6190,1,10,0.00,0.00,Central Warehouse Inventory,2026-09-06T03:34:41.453917
4874,20220630,6191,75,10,0.00,0.00,Central Warehouse Inventory,2026-09-06T03:34:41.453917
4875,20220630,6192,67,10,0.00,0.00,Central Warehouse Inventory,2026-09-06T03:34:41.453917
4876,20220630,6193,90,10,0.00,0.00,Central Warehouse Inventory,2026-09-06T03:34:41.453917
4877,20220630,6194,62,10,0.00,0.00,Central Warehouse Inventory,2026-09-06T03:34:41.453917
4878,20220630,6195,15,10,0.00,0.00,Central Warehouse Inventory,2026-09-06T03:34:41.453917
4879,20220630,6196,74,10,0.00,0.00,Central Warehouse Inventory,2026-09-06T03:34:41.453917
4880,20220630,6197,2,10,0.00,0.00,Central Warehouse Inventory,2026-09-06T03:34:41.453917
4881,20220630,6198,3,10,0.00,0.00,Central Warehouse Inventory,2026-09-06T03:34:41.453917
4882,20220630,6199,3,10,0.00,0.00,Central Warehouse Inventory,2026-09-06T03:34:41.453917
4883,20220630,6200,12,10,0.00,0.00,Central Warehouse Inventory,2026-09-06T03:34:41.453917
4884,20220630,6201,7,10,0.00,0.00,Central Warehouse Inventory,2026-09-06T03:34:41.453917
4885,20220630,6202,9,10,0.00,0.00,Central Warehouse Inventory,2026-09-06T03:34:41.453917
4886,20220630,6203,2,10,0.00,0.00,Central Warehouse Inventory,2026-09-06T03:34:41.453917
4887,20220630,6204,15,10,0.00,0.00,Central Warehouse Inventory,2026-09-06T03:34:41.453917
4888,20220630,6205,5,10,0.00,0.00,Central Warehouse Inventory,2026-09-06T03:34:41.453917
4889,20220630,6206,2,10,0.00,0.00,Central Warehouse Inventory,2026-09-06T03:34:41.453917
4890,20220630,6207,12,10,0.00,0.00,Central Warehouse Inventory,2026-09-06T03:34:41.453917
4891,20220630,6208,4,10,0.00,0.00,Central Warehouse Inventory,2026-09-06T03:34:41.453917
4892,20220630,6209,7,10,0.00,0.00,Central Warehouse Inventory,2026-09-06T03:34:41.453917
4893,20220630,6210,15,10,0.00,0.00,Central Warehouse Inventory,2026-09-06T03:34:41.453917
4894,20220630,6211,4,10,0.00,0.00,Central Warehouse Inventory,2026-09-06T03:34:41.453917
4895,20220630,6212,350,10,0.00,0.00,Central Warehouse Inventory,2026-09-06T03:34:41.453917
4896,20220630,6213,257,10,0.00,0.00,Central Warehouse Inventory,2026-09-06T03:34:41.453917
4897,20220630,6214,72,10,0.00,0.00,Central Warehouse Inventory,2026-09-06T03:34:41.453917
4898,20220630,6215,317,10,0.00,0.00,Central Warehouse Inventory,2026-09-06T03:34:41.453917
4899,20220630,6216,244,10,0.00,0.00,Central Warehouse Inventory,2026-09-06T03:34:41.453917
4900,20220630,6217,281,10,0.00,0.00,Central Warehouse Inventory,2026-09-06T03:34:41.453917
4901,20220630,6218,181,10,0.00,0.00,Central Warehouse Inventory,2026-09-06T03:34:41.453917
4902,20220630,6219,9,10,0.00,0.00,Central Warehouse Inventory,2026-09-06T03:34:41.453917
4903,20220630,6220,30,10,0.00,0.00,Central Warehouse Inventory,2026-09-06T03:34:41.453917
4904,20220630,6221,30,10,0.00,0.00,Central Warehouse Inventory,2026-09-06T03:34:41.453917
4905,20220630,6222,13,10,0.00,0.00,Central Warehouse Inventory,2026-09-06T03:34:41.453917
4906,20220630,6223,9,10,0.00,0.00,Central Warehouse Inventory,2026-09-06T03:34:41.453917
4907,20220630,6224,24,10,0.00,0.00,Central Warehouse Inventory,2026-09-06T03:34:41.453917
4908,20220630,6225,2,10,0.00,0.00,Central Warehouse Inventory,2026-09-06T03:34:41.453917
4909,20220630,6226,13,10,0.00,0.00,Central Warehouse Inventory,2026-09-06T03:34:41.453917
4910,20220630,6227,34,10,0.00,0.00,Central Warehouse Inventory,2026-09-06T03:34:41.453917
4911,20220630,6228,7,10,0.00,0.00,Central Warehouse Inventory,2026-09-06T03:34:41.453917
4912,20220630,6229,7,10,0.00,0.00,Central Warehouse Inventory,2026-09-06T03:34:41.453917
4913,20220630,6230,28,10,0.00,0.00,Central Warehouse Inventory,2026-09-06T03:34:41.453917
4914,20220630,6231,10,10,0.00,0.00,Central Warehouse Inventory,2026-09-06T03:34:41.453917
4915,20220630,6232,10,10,0.00,0.00,Central Warehouse Inventory,2026-09-06T03:34:41.453917
4916,20220630,6233,32,10,0.00,0.00,Central Warehouse Inventory,2026-09-06T03:34:41.453917
4917,20220630,6234,41,10,0.00,0.00,Central Warehouse Inventory,2026-09-06T03:34:41.453917
4918,20220630,6235,50,10,0.00,0.00,Central Warehouse Inventory,2026-09-06T03:34:41.453917
4919,20220630,6236,40,10,0.00,0.00,Central Warehouse Inventory,2026-09-06T03:34:41.453917
4920,20220630,6237,20,10,0.00,0.00,Central Warehouse Inventory,2026-09-06T03:34:41.453917
4921,20220630,6238,17,10,0.00,0.00,Central Warehouse Inventory,2026-09-06T03:34:41.453917
4922,20220630,6239,3,10,0.00,0.00,Central Warehouse Inventory,2026-09-06T03:34:41.453917
4923,20220630,6240,267,10,0.00,0.00,Central Warehouse Inventory,2026-09-06T03:34:41.453917
4924,20220630,6241,217,10,0.00,0.00,Central Warehouse Inventory,2026-09-06T03:34:41.453917
4925,20220630,6242,304,10,0.00,0.00,Central Warehouse Inventory,2026-09-06T03:34:41.453917
4926,20220630,6243,140,10,0.00,0.00,Central Warehouse Inventory,2026-09-06T03:34:41.453917
4927,20220630,6244,260,10,0.00,0.00,Central Warehouse Inventory,2026-09-06T03:34:41.453917
4928,20220630,6245,98,10,0.00,0.00,Central Warehouse Inventory,2026-09-06T03:34:41.453917
4929,20220630,6246,207,10,0.00,0.00,Central Warehouse Inventory,2026-09-06T03:34:41.453917
4930,20220630,6247,14,10,0.00,0.00,Central Warehouse Inventory,2026-09-06T03:34:41.453917
4931,20220630,6248,45,10,0.00,0.00,Central Warehouse Inventory,2026-09-06T03:34:41.453917
4932,20220630,6249,15,10,0.00,0.00,Central Warehouse Inventory,2026-09-06T03:34:41.453917
4933,20220630,6250,7,10,0.00,0.00,Central Warehouse Inventory,2026-09-06T03:34:41.453917
4934,20220630,6251,8,10,0.00,0.00,Central Warehouse Inventory,2026-09-06T03:34:41.453917
4935,20220630,6252,19,10,0.00,0.00,Central Warehouse Inventory,2026-09-06T03:34:41.453917
4936,20220630,6253,2,10,0.00,0.00,Central Warehouse Inventory,2026-09-06T03:34:41.453917
4937,20220630,6254,779,10,0.00,0.00,Central Warehouse Inventory,2026-09-06T03:34:41.453917
4938,20220630,6255,485,10,0.00,0.00,Central Warehouse Inventory,2026-09-06T03:34:41.453917
4939,20220630,6256,259,10,0.00,0.00,Central Warehouse Inventory,2026-09-06T03:34:41.453917
4940,20220630,6257,593,10,0.00,0.00,Central Warehouse Inventory,2026-09-06T03:34:41.453917
4941,20220630,6258,192,10,0.00,0.00,Central Warehouse Inventory,2026-09-06T03:34:41.453917
4942,20220630,6259,504,10,0.00,0.00,Central Warehouse Inventory,2026-09-06T03:34:41.453917
4943,20220630,6260,609,10,0.00,0.00,Central Warehouse Inventory,2026-09-06T03:34:41.453917
4944,20220630,6261,57,10,0.00,0.00,Central Warehouse Inventory,2026-09-06T03:34:41.453917
4945,20220630,6262,76,10,0.00,0.00,Central Warehouse Inventory,2026-09-06T03:34:41.453917
4946,20220630,6263,81,10,0.00,0.00,Central Warehouse Inventory,2026-09-06T03:34:41.453917
4947,20220630,6264,54,10,0.00,0.00,Central Warehouse Inventory,2026-09-06T03:34:41.453917
4948,20220630,6265,17,10,0.00,0.00,Central Warehouse Inventory,2026-09-06T03:34:41.453917
4949,20220630,6266,39,10,0.00,0.00,Central Warehouse Inventory,2026-09-06T03:34:41.453917
4950,20220630,6267,27,10,0.00,0.00,Central Warehouse Inventory,2026-09-06T03:34:41.453917
4951,20220630,6268,91,10,0.00,0.00,Central Warehouse Inventory,2026-09-06T03:34:41.453917
4952,20220630,6269,57,10,0.00,0.00,Central Warehouse Inventory,2026-09-06T03:34:41.453917
4953,20220630,6270,68,10,0.00,0.00,Central Warehouse Inventory,2026-09-06T03:34:41.453917
4954,20220630,6271,22,10,0.00,0.00,Central Warehouse Inventory,2026-09-06T03:34:41.453917
4955,20220630,6272,8,10,0.00,0.00,Central Warehouse Inventory,2026-09-06T03:34:41.453917
4956,20220630,6273,13,10,0.00,0.00,Central Warehouse Inventory,2026-09-06T03:34:41.453917
4957,20220630,6274,0,10,0.00,0.00,Central Warehouse Inventory,2026-09-06T03:34:41.453917
4958,20220630,6275,5,10,0.00,0.00,Central Warehouse Inventory,2026-09-06T03:34:41.453917
4959,20220630,6276,7,10,0.00,0.00,Central Warehouse Inventory,2026-09-06T03:34:41.453917
4960,20220630,6277,16,10,0.00,0.00,Central Warehouse Inventory,2026-09-06T03:34:41.453917
4961,20220630,6278,4,10,0.00,0.00,Central Warehouse Inventory,2026-09-06T03:34:41.453917
4962,20220630,6279,5,10,0.00,0.00,Central Warehouse Inventory,2026-09-06T03:34:41.453917
4963,20220630,6280,3,10,0.00,0.00,Central Warehouse Inventory,2026-09-06T03:34:41.453917
4964,20220630,6281,6,10,0.00,0.00,Central Warehouse Inventory,2026-09-06T03:34:41.453917
4965,20220630,6282,44,10,0.00,0.00,Central Warehouse Inventory,2026-09-06T03:34:41.453917
4966,20220630,6283,47,10,0.00,0.00,Central Warehouse Inventory,2026-09-06T03:34:41.453917
4967,20220630,6284,120,10,0.00,0.00,Central Warehouse Inventory,2026-09-06T03:34:41.453917
4968,20220630,6285,45,10,0.00,0.00,Central Warehouse Inventory,2026-09-06T03:34:41.453917
4969,20220630,6286,13,10,0.00,0.00,Central Warehouse Inventory,2026-09-06T03:34:41.453917
4970,20220630,6287,91,10,0.00,0.00,Central Warehouse Inventory,2026-09-06T03:34:41.453917
4971,20220630,6288,3,10,0.00,0.00,Central Warehouse Inventory,2026-09-06T03:34:41.453917
4972,20220630,6289,1,10,0.00,0.00,Central Warehouse Inventory,2026-09-06T03:34:41.453917
4973,20220630,6290,9,10,0.00,0.00,Central Warehouse Inventory,2026-09-06T03:34:41.453917
4974,20220630,6291,7,10,0.00,0.00,Central Warehouse Inventory,2026-09-06T03:34:41.453917
4975,20220630,6292,5,10,0.00,0.00,Central Warehouse Inventory,2026-09-06T03:34:41.453917
4976,20220630,6293,8,10,0.00,0.00,Central Warehouse Inventory,2026-09-06T03:34:41.453917
4977,20220630,6294,2,10,0.00,0.00,Central Warehouse Inventory,2026-09-06T03:34:41.453917
4978,20220630,6295,13,10,0.00,0.00,Central Warehouse Inventory,2026-09-06T03:34:41.453917
4979,20220630,6296,10,10,0.00,0.00,Central Warehouse Inventory,2026-09-06T03:34:41.453917
4980,20220630,6297,9,10,0.00,0.00,Central Warehouse Inventory,2026-09-06T03:34:41.453917
4981,20220630,6298,24,10,0.00,0.00,Central Warehouse Inventory,2026-09-06T03:34:41.453917
4982,20220630,6299,10,10,0.00,0.00,Central Warehouse Inventory,2026-09-06T03:34:41.453917
4983,20220630,6300,3,10,0.00,0.00,Central Warehouse Inventory,2026-09-06T03:34:41.453917
4984,20220630,6301,4,10,0.00,0.00,Central Warehouse Inventory,2026-09-06T03:34:41.453917
4985,20220630,6302,1,10,0.00,0.00,Central Warehouse Inventory,2026-09-06T03:34:41.453917
4986,20220630,6303,14,10,0.00,0.00,Central Warehouse Inventory,2026-09-06T03:34:41.453917
4987,20220630,6304,23,10,0.00,0.00,Central Warehouse Inventory,2026-09-06T03:34:41.453917
4988,20220630,6305,21,10,0.00,0.00,Central Warehouse Inventory,2026-09-06T03:34:41.453917
4989,20220630,6306,20,10,0.00,0.00,Central Warehouse Inventory,2026-09-06T03:34:41.453917
4990,20220630,6307,1,10,0.00,0.00,Central Warehouse Inventory,2026-09-06T03:34:41.453917
4991,20220630,6308,2,10,0.00,0.00,Central Warehouse Inventory,2026-09-06T03:34:41.453917
4992,20220630,6309,2,10,0.00,0.00,Central Warehouse Inventory,2026-09-06T03:34:41.453917
4993,20220630,6310,9,10,0.00,0.00,Central Warehouse Inventory,2026-09-06T03:34:41.453917
4994,20220630,6311,4,10,0.00,0.00,Central Warehouse Inventory,2026-09-06T03:34:41.453917
4995,20220630,6312,8,10,0.00,0.00,Central Warehouse Inventory,2026-09-06T03:34:41.453917
4996,20220630,6313,5,10,0.00,0.00,Central Warehouse Inventory,2026-09-06T03:34:41.453917
4997,20220630,6314,18,10,0.00,0.00,Central Warehouse Inventory,2026-09-06T03:34:41.453917
4998,20220630,6315,5,10,0.00,0.00,Central Warehouse Inventory,2026-09-06T03:34:41.453917
4999,20220630,6316,17,10,0.00,0.00,Central Warehouse Inventory,2026-09-06T03:34:41.453917
5000,20220630,6317,5,10,0.00,0.00,Central Warehouse Inventory,2026-09-06T03:34:41.453917
5001,20220630,6318,2,10,0.00,0.00,Central Warehouse Inventory,2026-09-06T03:34:41.453917
5002,20220630,6319,38,10,0.00,0.00,Central Warehouse Inventory,2026-09-06T03:34:41.453917
5003,20220630,6320,1,10,0.00,0.00,Central Warehouse Inventory,2026-09-06T03:34:41.453917
5004,20220630,6321,25,10,0.00,0.00,Central Warehouse Inventory,2026-09-06T03:34:41.453917
5005,20220630,6322,6,10,0.00,0.00,Central Warehouse Inventory,2026-09-06T03:34:41.453917
5006,20220630,6323,2,10,0.00,0.00,Central Warehouse Inventory,2026-09-06T03:34:41.453917
5007,20220630,6324,0,10,0.00,0.00,Central Warehouse Inventory,2026-09-06T03:34:41.453917
5008,20220630,6325,2,10,0.00,0.00,Central Warehouse Inventory,2026-09-06T03:34:41.453917
5009,20220630,6326,2,10,0.00,0.00,Central Warehouse Inventory,2026-09-06T03:34:41.453917
5010,20220630,6327,0,10,0.00,0.00,Central Warehouse Inventory,2026-09-06T03:34:41.453917
5011,20220630,6328,6,10,0.00,0.00,Central Warehouse Inventory,2026-09-06T03:34:41.453917
5012,20220630,6329,0,10,0.00,0.00,Central Warehouse Inventory,2026-09-06T03:34:41.453917
5013,20220630,6330,8,10,0.00,0.00,Central Warehouse Inventory,2026-09-06T03:34:41.453917
5014,20220630,6331,0,10,0.00,0.00,Central Warehouse Inventory,2026-09-06T03:34:41.453917
5015,20220630,6332,0,10,0.00,0.00,Central Warehouse Inventory,2026-09-06T03:34:41.453917
5016,20220630,6333,3,10,0.00,0.00,Central Warehouse Inventory,2026-09-06T03:34:41.453917
5017,20220630,6334,1,10,0.00,0.00,Central Warehouse Inventory,2026-09-06T03:34:41.453917
5018,20220630,6335,1,10,0.00,0.00,Central Warehouse Inventory,2026-09-06T03:34:41.453917
5019,20220630,6336,5,10,0.00,0.00,Central Warehouse Inventory,2026-09-06T03:34:41.453917
5020,20220630,6337,9,10,0.00,0.00,Central Warehouse Inventory,2026-09-06T03:34:41.453917
5021,20220630,6338,32,10,0.00,0.00,Central Warehouse Inventory,2026-09-06T03:34:41.453917
5022,20220630,6339,8,10,0.00,0.00,Central Warehouse Inventory,2026-09-06T03:34:41.453917
5023,20220630,6340,38,10,0.00,0.00,Central Warehouse Inventory,2026-09-06T03:34:41.453917
5024,20220630,6341,21,10,0.00,0.00,Central Warehouse Inventory,2026-09-06T03:34:41.453917
5025,20220630,6342,31,10,0.00,0.00,Central Warehouse Inventory,2026-09-06T03:34:41.453917
5026,20220630,6343,1,10,0.00,0.00,Central Warehouse Inventory,2026-09-06T03:34:41.453917
5027,20220630,6344,2,10,0.00,0.00,Central Warehouse Inventory,2026-09-06T03:34:41.453917
5028,20220630,6345,4,10,0.00,0.00,Central Warehouse Inventory,2026-09-06T03:34:41.453917
5029,20220630,6346,1,10,0.00,0.00,Central Warehouse Inventory,2026-09-06T03:34:41.453917
5030,20220630,6347,2,10,0.00,0.00,Central Warehouse Inventory,2026-09-06T03:34:41.453917
5031,20220630,6348,2,10,0.00,0.00,Central Warehouse Inventory,2026-09-06T03:34:41.453917
5032,20220630,6349,4,10,0.00,0.00,Central Warehouse Inventory,2026-09-06T03:34:41.453917
5033,20220630,6350,3,10,0.00,0.00,Central Warehouse Inventory,2026-09-06T03:34:41.453917
5034,20220630,6351,4,10,0.00,0.00,Central Warehouse Inventory,2026-09-06T03:34:41.453917
5035,20220630,6352,7,10,0.00,0.00,Central Warehouse Inventory,2026-09-06T03:34:41.453917
5036,20220630,6353,3,10,0.00,0.00,Central Warehouse Inventory,2026-09-06T03:34:41.453917
5037,20220630,6354,2,10,0.00,0.00,Central Warehouse Inventory,2026-09-06T03:34:41.453917
5038,20220630,6355,3,10,0.00,0.00,Central Warehouse Inventory,2026-09-06T03:34:41.453917
5039,20220630,6356,2,10,0.00,0.00,Central Warehouse Inventory,2026-09-06T03:34:41.453917
5040,20220630,6357,37,10,0.00,0.00,Central Warehouse Inventory,2026-09-06T03:34:41.453917
5041,20220630,6358,2,10,0.00,0.00,Central Warehouse Inventory,2026-09-06T03:34:41.453917
5042,20220630,6359,56,10,0.00,0.00,Central Warehouse Inventory,2026-09-06T03:34:41.453917
5043,20220630,6360,6,10,0.00,0.00,Central Warehouse Inventory,2026-09-06T03:34:41.453917
5044,20220630,6361,34,10,0.00,0.00,Central Warehouse Inventory,2026-09-06T03:34:41.453917
5045,20220630,6362,3,10,0.00,0.00,Central Warehouse Inventory,2026-09-06T03:34:41.453917
5046,20220630,6363,1,10,0.00,0.00,Central Warehouse Inventory,2026-09-06T03:34:41.453917
5047,20220630,6364,10,10,0.00,0.00,Central Warehouse Inventory,2026-09-06T03:34:41.453917
5048,20220630,6365,2,10,0.00,0.00,Central Warehouse Inventory,2026-09-06T03:34:41.453917
5049,20220630,6366,21,10,0.00,0.00,Central Warehouse Inventory,2026-09-06T03:34:41.453917
5050,20220630,6367,1,10,0.00,0.00,Central Warehouse Inventory,2026-09-06T03:34:41.453917
5051,20220630,6368,7,10,0.00,0.00,Central Warehouse Inventory,2026-09-06T03:34:41.453917
5052,20220630,6369,11,10,0.00,0.00,Central Warehouse Inventory,2026-09-06T03:34:41.453917
5053,20220630,6370,9,10,0.00,0.00,Central Warehouse Inventory,2026-09-06T03:34:41.453917
5054,20220630,6371,16,10,0.00,0.00,Central Warehouse Inventory,2026-09-06T03:34:41.453917
5055,20220630,6372,8,10,0.00,0.00,Central Warehouse Inventory,2026-09-06T03:34:41.453917
5056,20220630,6373,17,10,0.00,0.00,Central Warehouse Inventory,2026-09-06T03:34:41.453917
5057,20220630,6374,4,10,0.00,0.00,Central Warehouse Inventory,2026-09-06T03:34:41.453917
5058,20220630,6375,4,10,0.00,0.00,Central Warehouse Inventory,2026-09-06T03:34:41.453917
5059,20220630,6376,1,10,0.00,0.00,Central Warehouse Inventory,2026-09-06T03:34:41.453917
5060,20220630,6377,2,10,0.00,0.00,Central Warehouse Inventory,2026-09-06T03:34:41.453917
5061,20220630,6378,5,10,0.00,0.00,Central Warehouse Inventory,2026-09-06T03:34:41.453917
5062,20220630,6379,2,10,0.00,0.00,Central Warehouse Inventory,2026-09-06T03:34:41.453917
5063,20220630,6380,4,10,0.00,0.00,Central Warehouse Inventory,2026-09-06T03:34:41.453917
5064,20220630,6381,2,10,0.00,0.00,Central Warehouse Inventory,2026-09-06T03:34:41.453917
5065,20220630,6382,2,10,0.00,0.00,Central Warehouse Inventory,2026-09-06T03:34:41.453917
5066,20220630,6383,52,10,0.00,0.00,Central Warehouse Inventory,2026-09-06T03:34:41.453917
5067,20220630,6384,55,10,0.00,0.00,Central Warehouse Inventory,2026-09-06T03:34:41.453917
5068,20220630,6385,30,10,0.00,0.00,Central Warehouse Inventory,2026-09-06T03:34:41.453917
5069,20220630,6386,27,10,0.00,0.00,Central Warehouse Inventory,2026-09-06T03:34:41.453917
5070,20220630,6387,8,10,0.00,0.00,Central Warehouse Inventory,2026-09-06T03:34:41.453917
5071,20220630,6388,11,10,0.00,0.00,Central Warehouse Inventory,2026-09-06T03:34:41.453917
5072,20220630,6389,13,10,0.00,0.00,Central Warehouse Inventory,2026-09-06T03:34:41.453917
5073,20220630,6390,19,10,0.00,0.00,Central Warehouse Inventory,2026-09-06T03:34:41.453917
5074,20220630,6391,21,10,0.00,0.00,Central Warehouse Inventory,2026-09-06T03:34:41.453917
5075,20220630,6392,54,10,0.00,0.00,Central Warehouse Inventory,2026-09-06T03:34:41.453917
5076,20220630,6393,9,10,0.00,0.00,Central Warehouse Inventory,2026-09-06T03:34:41.453917
5077,20220630,6394,29,10,0.00,0.00,Central Warehouse Inventory,2026-09-06T03:34:41.453917
5078,20220630,6395,103,10,0.00,0.00,Central Warehouse Inventory,2026-09-06T03:34:41.453917
5079,20220630,6396,3,10,0.00,0.00,Central Warehouse Inventory,2026-09-06T03:34:41.453917
5080,20220630,6397,105,10,0.00,0.00,Central Warehouse Inventory,2026-09-06T03:34:41.453917
5081,20220630,6398,102,10,0.00,0.00,Central Warehouse Inventory,2026-09-06T03:34:41.453917
5082,20220630,6399,101,10,0.00,0.00,Central Warehouse Inventory,2026-09-06T03:34:41.453917
5083,20220630,6400,88,10,0.00,0.00,Central Warehouse Inventory,2026-09-06T03:34:41.453917
5084,20220630,6401,23,10,0.00,0.00,Central Warehouse Inventory,2026-09-06T03:34:41.453917
5085,20220630,6402,87,10,0.00,0.00,Central Warehouse Inventory,2026-09-06T03:34:41.453917
5086,20220630,6403,7,10,0.00,0.00,Central Warehouse Inventory,2026-09-06T03:34:41.453917
5087,20220630,6404,51,10,0.00,0.00,Central Warehouse Inventory,2026-09-06T03:34:41.453917
5088,20220630,6405,62,10,0.00,0.00,Central Warehouse Inventory,2026-09-06T03:34:41.453917
5089,20220630,6406,14,10,0.00,0.00,Central Warehouse Inventory,2026-09-06T03:34:41.453917
5090,20220630,6407,61,10,0.00,0.00,Central Warehouse Inventory,2026-09-06T03:34:41.453917
5091,20220630,6408,7,10,0.00,0.00,Central Warehouse Inventory,2026-09-06T03:34:41.453917
5092,20220630,6409,74,10,0.00,0.00,Central Warehouse Inventory,2026-09-06T03:34:41.453917
5093,20220630,6410,8,10,0.00,0.00,Central Warehouse Inventory,2026-09-06T03:34:41.453917
5094,20220630,6411,2,10,0.00,0.00,Central Warehouse Inventory,2026-09-06T03:34:41.453917
5095,20220630,6412,11,10,0.00,0.00,Central Warehouse Inventory,2026-09-06T03:34:41.453917
5096,20220630,6413,53,10,0.00,0.00,Central Warehouse Inventory,2026-09-06T03:34:41.453917
5097,20220630,6414,1,10,0.00,0.00,Central Warehouse Inventory,2026-09-06T03:34:41.453917
5098,20220630,6415,27,10,0.00,0.00,Central Warehouse Inventory,2026-09-06T03:34:41.453917
5099,20220630,6416,2,10,0.00,0.00,Central Warehouse Inventory,2026-09-06T03:34:41.453917
5100,20220630,6417,12,10,0.00,0.00,Central Warehouse Inventory,2026-09-06T03:34:41.453917
5101,20220630,6418,58,10,0.00,0.00,Central Warehouse Inventory,2026-09-06T03:34:41.453917
5102,20220630,6419,72,10,0.00,0.00,Central Warehouse Inventory,2026-09-06T03:34:41.453917
5103,20220630,6420,28,10,0.00,0.00,Central Warehouse Inventory,2026-09-06T03:34:41.453917
5104,20220630,6421,73,10,0.00,0.00,Central Warehouse Inventory,2026-09-06T03:34:41.453917
5105,20220630,6422,37,10,0.00,0.00,Central Warehouse Inventory,2026-09-06T03:34:41.453917
5106,20220630,6423,21,10,0.00,0.00,Central Warehouse Inventory,2026-09-06T03:34:41.453917
5107,20220630,6424,29,10,0.00,0.00,Central Warehouse Inventory,2026-09-06T03:34:41.453917
5108,20220630,6425,30,10,0.00,0.00,Central Warehouse Inventory,2026-09-06T03:34:41.453917
5109,20220630,6426,8,10,0.00,0.00,Central Warehouse Inventory,2026-09-06T03:34:41.453917
5110,20220630,6427,10,10,0.00,0.00,Central Warehouse Inventory,2026-09-06T03:34:41.453917
5111,20220630,6428,5,10,0.00,0.00,Central Warehouse Inventory,2026-09-06T03:34:41.453917
5112,20220630,6429,21,10,0.00,0.00,Central Warehouse Inventory,2026-09-06T03:34:41.453917
5113,20220630,6430,15,10,0.00,0.00,Central Warehouse Inventory,2026-09-06T03:34:41.453917
5114,20220630,6431,61,10,0.00,0.00,Central Warehouse Inventory,2026-09-06T03:34:41.453917
5115,20220630,6432,56,10,0.00,0.00,Central Warehouse Inventory,2026-09-06T03:34:41.453917
5116,20220630,6433,6,10,0.00,0.00,Central Warehouse Inventory,2026-09-06T03:34:41.453917
5117,20220630,6434,6,10,0.00,0.00,Central Warehouse Inventory,2026-09-06T03:34:41.453917
5118,20220630,6435,18,10,0.00,0.00,Central Warehouse Inventory,2026-09-06T03:34:41.453917
5119,20220630,6436,3,10,0.00,0.00,Central Warehouse Inventory,2026-09-06T03:34:41.453917
5120,20220630,6437,0,10,0.00,0.00,Central Warehouse Inventory,2026-09-06T03:34:41.453917
5121,20220630,6438,0,10,0.00,0.00,Central Warehouse Inventory,2026-09-06T03:34:41.453917
5122,20220630,6439,4,10,0.00,0.00,Central Warehouse Inventory,2026-09-06T03:34:41.453917
5123,20220630,6440,0,10,0.00,0.00,Central Warehouse Inventory,2026-09-06T03:34:41.453917
5124,20220630,6441,3,10,0.00,0.00,Central Warehouse Inventory,2026-09-06T03:34:41.453917
5125,20220630,6442,2,10,0.00,0.00,Central Warehouse Inventory,2026-09-06T03:34:41.453917
5126,20220630,6443,2,10,0.00,0.00,Central Warehouse Inventory,2026-09-06T03:34:41.453917
5127,20220630,6444,0,10,0.00,0.00,Central Warehouse Inventory,2026-09-06T03:34:41.453917
5128,20220630,6445,0,10,0.00,0.00,Central Warehouse Inventory,2026-09-06T03:34:41.453917
5129,20220630,6446,3,10,0.00,0.00,Central Warehouse Inventory,2026-09-06T03:34:41.453917
5130,20220630,6447,3,10,0.00,0.00,Central Warehouse Inventory,2026-09-06T03:34:41.453917
5131,20220630,6448,3,10,0.00,0.00,Central Warehouse Inventory,2026-09-06T03:34:41.453917
5132,20220630,6449,0,10,0.00,0.00,Central Warehouse Inventory,2026-09-06T03:34:41.453917
5133,20220630,6450,1,10,0.00,0.00,Central Warehouse Inventory,2026-09-06T03:34:41.453917
5134,20220630,6451,2,10,0.00,0.00,Central Warehouse Inventory,2026-09-06T03:34:41.453917
5135,20220630,6452,2,10,0.00,0.00,Central Warehouse Inventory,2026-09-06T03:34:41.453917
5136,20220630,6453,4,10,0.00,0.00,Central Warehouse Inventory,2026-09-06T03:34:41.453917
5137,20220630,6454,2,10,0.00,0.00,Central Warehouse Inventory,2026-09-06T03:34:41.453917
5138,20220630,6455,1,10,0.00,0.00,Central Warehouse Inventory,2026-09-06T03:34:41.453917
5139,20220630,6456,0,10,0.00,0.00,Central Warehouse Inventory,2026-09-06T03:34:41.453917
5140,20220630,6457,1,10,0.00,0.00,Central Warehouse Inventory,2026-09-06T03:34:41.453917
5141,20220630,6458,3,10,0.00,0.00,Central Warehouse Inventory,2026-09-06T03:34:41.453917
5142,20220630,6459,1,10,0.00,0.00,Central Warehouse Inventory,2026-09-06T03:34:41.453917
5143,20220630,6460,3,10,0.00,0.00,Central Warehouse Inventory,2026-09-06T03:34:41.453917
5144,20220630,6461,205,10,0.00,0.00,Central Warehouse Inventory,2026-09-06T03:34:41.453917
5145,20220630,6462,214,10,0.00,0.00,Central Warehouse Inventory,2026-09-06T03:34:41.453917
5146,20220630,6463,315,10,0.00,0.00,Central Warehouse Inventory,2026-09-06T03:34:41.453917
5147,20220630,6464,81,10,0.00,0.00,Central Warehouse Inventory,2026-09-06T03:34:41.453917
5148,20220630,6465,288,10,0.00,0.00,Central Warehouse Inventory,2026-09-06T03:34:41.453917
5149,20220630,6466,99,10,0.00,0.00,Central Warehouse Inventory,2026-09-06T03:34:41.453917
5150,20220630,6467,1,10,0.00,0.00,Central Warehouse Inventory,2026-09-06T03:34:41.453917
5151,20220630,6468,2,10,0.00,0.00,Central Warehouse Inventory,2026-09-06T03:34:41.453917
5152,20220630,6469,2,10,0.00,0.00,Central Warehouse Inventory,2026-09-06T03:34:41.453917
5153,20220630,6470,1,10,0.00,0.00,Central Warehouse Inventory,2026-09-06T03:34:41.453917
5154,20220630,6471,6,10,0.00,0.00,Central Warehouse Inventory,2026-09-06T03:34:41.453917
5155,20220630,6472,1,10,0.00,0.00,Central Warehouse Inventory,2026-09-06T03:34:41.453917
5156,20220630,6473,6,10,0.00,0.00,Central Warehouse Inventory,2026-09-06T03:34:41.453917
5157,20220630,6474,3,10,0.00,0.00,Central Warehouse Inventory,2026-09-06T03:34:41.453917
5158,20220630,6475,7,10,0.00,0.00,Central Warehouse Inventory,2026-09-06T03:34:41.453917
5159,20220630,6476,5,10,0.00,0.00,Central Warehouse Inventory,2026-09-06T03:34:41.453917
5160,20220630,6477,4,10,0.00,0.00,Central Warehouse Inventory,2026-09-06T03:34:41.453917
5161,20220630,6478,7,10,0.00,0.00,Central Warehouse Inventory,2026-09-06T03:34:41.453917
5162,20220630,6479,1,10,0.00,0.00,Central Warehouse Inventory,2026-09-06T03:34:41.453917
5163,20220630,6480,0,10,0.00,0.00,Central Warehouse Inventory,2026-09-06T03:34:41.453917
5164,20220630,6481,2,10,0.00,0.00,Central Warehouse Inventory,2026-09-06T03:34:41.453917
5165,20220630,6482,3,10,0.00,0.00,Central Warehouse Inventory,2026-09-06T03:34:41.453917
5166,20220630,6483,4,10,0.00,0.00,Central Warehouse Inventory,2026-09-06T03:34:41.453917
5167,20220630,6484,2,10,0.00,0.00,Central Warehouse Inventory,2026-09-06T03:34:41.453917
5168,20220630,6485,19,10,0.00,0.00,Central Warehouse Inventory,2026-09-06T03:34:41.453917
5169,20220630,6486,7,10,0.00,0.00,Central Warehouse Inventory,2026-09-06T03:34:41.453917
5170,20220630,6487,11,10,0.00,0.00,Central Warehouse Inventory,2026-09-06T03:34:41.453917
5171,20220630,6488,3,10,0.00,0.00,Central Warehouse Inventory,2026-09-06T03:34:41.453917
5172,20220630,6489,19,10,0.00,0.00,Central Warehouse Inventory,2026-09-06T03:34:41.453917
5173,20220630,6490,6,10,0.00,0.00,Central Warehouse Inventory,2026-09-06T03:34:41.453917
5174,20220630,6491,9,10,0.00,0.00,Central Warehouse Inventory,2026-09-06T03:34:41.453917
5175,20220630,6492,3,10,0.00,0.00,Central Warehouse Inventory,2026-09-06T03:34:41.453917
5176,20220630,6493,2,10,0.00,0.00,Central Warehouse Inventory,2026-09-06T03:34:41.453917
5177,20220630,6494,5,10,0.00,0.00,Central Warehouse Inventory,2026-09-06T03:34:41.453917
5178,20220630,6495,2,10,0.00,0.00,Central Warehouse Inventory,2026-09-06T03:34:41.453917
5179,20220630,6496,4,10,0.00,0.00,Central Warehouse Inventory,2026-09-06T03:34:41.453917
5180,20220630,6497,1,10,0.00,0.00,Central Warehouse Inventory,2026-09-06T03:34:41.453917
5181,20220630,6498,2,10,0.00,0.00,Central Warehouse Inventory,2026-09-06T03:34:41.453917
5182,20220630,6499,1,10,0.00,0.00,Central Warehouse Inventory,2026-09-06T03:34:41.453917
5183,20220630,6500,0,10,0.00,0.00,Central Warehouse Inventory,2026-09-06T03:34:41.453917
5184,20220630,6501,4,10,0.00,0.00,Central Warehouse Inventory,2026-09-06T03:34:41.453917
5185,20220630,6502,3,10,0.00,0.00,Central Warehouse Inventory,2026-09-06T03:34:41.453917
5186,20220630,6503,3,10,0.00,0.00,Central Warehouse Inventory,2026-09-06T03:34:41.453917
5187,20220630,6504,7,10,0.00,0.00,Central Warehouse Inventory,2026-09-06T03:34:41.453917
5188,20220630,6505,4,10,0.00,0.00,Central Warehouse Inventory,2026-09-06T03:34:41.453917
5189,20220630,6506,2,10,0.00,0.00,Central Warehouse Inventory,2026-09-06T03:34:41.453917
5190,20220630,6507,11,10,0.00,0.00,Central Warehouse Inventory,2026-09-06T03:34:41.453917
5191,20220630,6508,3,10,0.00,0.00,Central Warehouse Inventory,2026-09-06T03:34:41.453917
5192,20220630,6509,4,10,0.00,0.00,Central Warehouse Inventory,2026-09-06T03:34:41.453917
5193,20220630,6510,27,10,0.00,0.00,Central Warehouse Inventory,2026-09-06T03:34:41.453917
5194,20220630,6511,1,10,0.00,0.00,Central Warehouse Inventory,2026-09-06T03:34:41.453917
5195,20220630,6512,12,10,0.00,0.00,Central Warehouse Inventory,2026-09-06T03:34:41.453917
5196,20220630,6513,33,10,0.00,0.00,Central Warehouse Inventory,2026-09-06T03:34:41.453917
5197,20220630,6514,8,10,0.00,0.00,Central Warehouse Inventory,2026-09-06T03:34:41.453917
5198,20220630,6515,35,10,0.00,0.00,Central Warehouse Inventory,2026-09-06T03:34:41.453917
5199,20220630,6516,70,10,0.00,0.00,Central Warehouse Inventory,2026-09-06T03:34:41.453917
5200,20220630,6517,52,10,0.00,0.00,Central Warehouse Inventory,2026-09-06T03:34:41.453917
5201,20220630,6518,49,10,0.00,0.00,Central Warehouse Inventory,2026-09-06T03:34:41.453917
5202,20220630,6519,67,10,0.00,0.00,Central Warehouse Inventory,2026-09-06T03:34:41.453917
5203,20220630,6520,26,10,0.00,0.00,Central Warehouse Inventory,2026-09-06T03:34:41.453917
5204,20220630,6521,54,10,0.00,0.00,Central Warehouse Inventory,2026-09-06T03:34:41.453917
5205,20220630,6522,2,10,0.00,0.00,Central Warehouse Inventory,2026-09-06T03:34:41.453917
5206,20220630,6523,2,10,0.00,0.00,Central Warehouse Inventory,2026-09-06T03:34:41.453917
5207,20220630,6524,0,10,0.00,0.00,Central Warehouse Inventory,2026-09-06T03:34:41.453917
5208,20220630,6525,2,10,0.00,0.00,Central Warehouse Inventory,2026-09-06T03:34:41.453917
5209,20220630,6526,3,10,0.00,0.00,Central Warehouse Inventory,2026-09-06T03:34:41.453917
5210,20220630,6527,2,10,0.00,0.00,Central Warehouse Inventory,2026-09-06T03:34:41.453917
5211,20220630,6528,6,10,0.00,0.00,Central Warehouse Inventory,2026-09-06T03:34:41.453917
5212,20220630,6529,3,10,0.00,0.00,Central Warehouse Inventory,2026-09-06T03:34:41.453917
5213,20220630,6530,5,10,0.00,0.00,Central Warehouse Inventory,2026-09-06T03:34:41.453917
5214,20220630,6531,21,10,0.00,0.00,Central Warehouse Inventory,2026-09-06T03:34:41.453917
5215,20220630,6532,2,10,0.00,0.00,Central Warehouse Inventory,2026-09-06T03:34:41.453917
5216,20220630,6533,4,10,0.00,0.00,Central Warehouse Inventory,2026-09-06T03:34:41.453917
5217,20220630,6534,29,10,0.00,0.00,Central Warehouse Inventory,2026-09-06T03:34:41.453917
5218,20220630,6535,123,10,0.00,0.00,Central Warehouse Inventory,2026-09-06T03:34:41.453917
5219,20220630,6536,77,10,0.00,0.00,Central Warehouse Inventory,2026-09-06T03:34:41.453917
5220,20220630,6537,76,10,0.00,0.00,Central Warehouse Inventory,2026-09-06T03:34:41.453917
5221,20220630,6538,12,10,0.00,0.00,Central Warehouse Inventory,2026-09-06T03:34:41.453917
5222,20220630,6539,47,10,0.00,0.00,Central Warehouse Inventory,2026-09-06T03:34:41.453917
5223,20220630,6540,16,10,0.00,0.00,Central Warehouse Inventory,2026-09-06T03:34:41.453917
5224,20220630,6541,11,10,0.00,0.00,Central Warehouse Inventory,2026-09-06T03:34:41.453917
5225,20220630,6542,17,10,0.00,0.00,Central Warehouse Inventory,2026-09-06T03:34:41.453917
5226,20220630,6543,19,10,0.00,0.00,Central Warehouse Inventory,2026-09-06T03:34:41.453917
5227,20220630,6544,10,10,0.00,0.00,Central Warehouse Inventory,2026-09-06T03:34:41.453917
5228,20220630,6545,11,10,0.00,0.00,Central Warehouse Inventory,2026-09-06T03:34:41.453917
5229,20220630,6546,2,10,0.00,0.00,Central Warehouse Inventory,2026-09-06T03:34:41.453917
5230,20220630,6547,0,10,0.00,0.00,Central Warehouse Inventory,2026-09-06T03:34:41.453917
5231,20220630,6548,0,10,0.00,0.00,Central Warehouse Inventory,2026-09-06T03:34:41.453917
5232,20220630,6549,5,10,0.00,0.00,Central Warehouse Inventory,2026-09-06T03:34:41.453917
5233,20220630,6550,2,10,0.00,0.00,Central Warehouse Inventory,2026-09-06T03:34:41.453917
5234,20220630,6551,5,10,0.00,0.00,Central Warehouse Inventory,2026-09-06T03:34:41.453917
5235,20220630,6552,1,10,0.00,0.00,Central Warehouse Inventory,2026-09-06T03:34:41.453917
5236,20220630,6553,2,10,0.00,0.00,Central Warehouse Inventory,2026-09-06T03:34:41.453917
5237,20220630,6554,4,10,0.00,0.00,Central Warehouse Inventory,2026-09-06T03:34:41.453917
5238,20220630,6555,2,10,0.00,0.00,Central Warehouse Inventory,2026-09-06T03:34:41.453917
5239,20220630,6556,6,10,0.00,0.00,Central Warehouse Inventory,2026-09-06T03:34:41.453917
5240,20220630,6557,4,10,0.00,0.00,Central Warehouse Inventory,2026-09-06T03:34:41.453917
5241,20220630,6558,2,10,0.00,0.00,Central Warehouse Inventory,2026-09-06T03:34:41.453917
5242,20220630,6559,3,10,0.00,0.00,Central Warehouse Inventory,2026-09-06T03:34:41.453917
5243,20220630,6560,1,10,0.00,0.00,Central Warehouse Inventory,2026-09-06T03:34:41.453917
5244,20220630,6561,1,10,0.00,0.00,Central Warehouse Inventory,2026-09-06T03:34:41.453917
5245,20220630,6562,0,10,0.00,0.00,Central Warehouse Inventory,2026-09-06T03:34:41.453917
5246,20220630,6563,2,10,0.00,0.00,Central Warehouse Inventory,2026-09-06T03:34:41.453917
5247,20220630,6564,2,10,0.00,0.00,Central Warehouse Inventory,2026-09-06T03:34:41.453917
5248,20220630,6565,2,10,0.00,0.00,Central Warehouse Inventory,2026-09-06T03:34:41.453917
5249,20220630,6566,8,10,0.00,0.00,Central Warehouse Inventory,2026-09-06T03:34:41.453917
5250,20220630,6567,2,10,0.00,0.00,Central Warehouse Inventory,2026-09-06T03:34:41.453917
5251,20220630,6568,11,10,0.00,0.00,Central Warehouse Inventory,2026-09-06T03:34:41.453917
5252,20220630,6569,0,10,0.00,0.00,Central Warehouse Inventory,2026-09-06T03:34:41.453917
5253,20220630,6570,43,10,0.00,0.00,Central Warehouse Inventory,2026-09-06T03:34:41.453917
5254,20220630,6571,39,10,0.00,0.00,Central Warehouse Inventory,2026-09-06T03:34:41.453917
5255,20220630,6572,1,10,0.00,0.00,Central Warehouse Inventory,2026-09-06T03:34:41.453917
5256,20220630,6573,5,10,0.00,0.00,Central Warehouse Inventory,2026-09-06T03:34:41.453917
5257,20220630,6574,8,10,0.00,0.00,Central Warehouse Inventory,2026-09-06T03:34:41.453917
5258,20220630,6575,5,10,0.00,0.00,Central Warehouse Inventory,2026-09-06T03:34:41.453917
5259,20220630,6576,2,10,0.00,0.00,Central Warehouse Inventory,2026-09-06T03:34:41.453917
5260,20220630,6577,2,10,0.00,0.00,Central Warehouse Inventory,2026-09-06T03:34:41.453917
5261,20220630,6578,3,10,0.00,0.00,Central Warehouse Inventory,2026-09-06T03:34:41.453917
5262,20220630,6579,5,10,0.00,0.00,Central Warehouse Inventory,2026-09-06T03:34:41.453917
5263,20220630,6580,0,10,0.00,0.00,Central Warehouse Inventory,2026-09-06T03:34:41.453917
5264,20220630,6581,17,10,0.00,0.00,Central Warehouse Inventory,2026-09-06T03:34:41.453917
5265,20220630,6582,3,10,0.00,0.00,Central Warehouse Inventory,2026-09-06T03:34:41.453917
5266,20220630,6583,4,10,0.00,0.00,Central Warehouse Inventory,2026-09-06T03:34:41.453917
5267,20220630,6584,6,10,0.00,0.00,Central Warehouse Inventory,2026-09-06T03:34:41.453917
5268,20220630,6585,7,10,0.00,0.00,Central Warehouse Inventory,2026-09-06T03:34:41.453917
5269,20220630,6586,5,10,0.00,0.00,Central Warehouse Inventory,2026-09-06T03:34:41.453917
5270,20220630,6587,4,10,0.00,0.00,Central Warehouse Inventory,2026-09-06T03:34:41.453917
5271,20220630,6588,2,10,0.00,0.00,Central Warehouse Inventory,2026-09-06T03:34:41.453917
5272,20220630,6589,7,10,0.00,0.00,Central Warehouse Inventory,2026-09-06T03:34:41.453917
5273,20220630,6590,6,10,0.00,0.00,Central Warehouse Inventory,2026-09-06T03:34:41.453917
5274,20220630,6591,2,10,0.00,0.00,Central Warehouse Inventory,2026-09-06T03:34:41.453917
5275,20220630,6592,13,10,0.00,0.00,Central Warehouse Inventory,2026-09-06T03:34:41.453917
5276,20220630,6593,2,10,0.00,0.00,Central Warehouse Inventory,2026-09-06T03:34:41.453917
5277,20220630,6594,1,10,0.00,0.00,Central Warehouse Inventory,2026-09-06T03:34:41.453917
5278,20220630,6595,2,10,0.00,0.00,Central Warehouse Inventory,2026-09-06T03:34:41.453917
5279,20220630,6596,3,10,0.00,0.00,Central Warehouse Inventory,2026-09-06T03:34:41.453917
5280,20220630,6597,3,10,0.00,0.00,Central Warehouse Inventory,2026-09-06T03:34:41.453917
5281,20220630,6598,2,10,0.00,0.00,Central Warehouse Inventory,2026-09-06T03:34:41.453917
5282,20220630,6599,3,10,0.00,0.00,Central Warehouse Inventory,2026-09-06T03:34:41.453917
5283,20220630,6600,3,10,0.00,0.00,Central Warehouse Inventory,2026-09-06T03:34:41.453917
5284,20220630,6601,3,10,0.00,0.00,Central Warehouse Inventory,2026-09-06T03:34:41.453917
5285,20220630,6602,2,10,0.00,0.00,Central Warehouse Inventory,2026-09-06T03:34:41.453917
5286,20220630,6603,3,10,0.00,0.00,Central Warehouse Inventory,2026-09-06T03:34:41.453917
5287,20220630,6604,4,10,0.00,0.00,Central Warehouse Inventory,2026-09-06T03:34:41.453917
5288,20220630,6605,5,10,0.00,0.00,Central Warehouse Inventory,2026-09-06T03:34:41.453917
5289,20220630,6606,2,10,0.00,0.00,Central Warehouse Inventory,2026-09-06T03:34:41.453917
5290,20220630,6607,2,10,0.00,0.00,Central Warehouse Inventory,2026-09-06T03:34:41.453917
5291,20220630,6608,3,10,0.00,0.00,Central Warehouse Inventory,2026-09-06T03:34:41.453917
5292,20220630,6609,7,10,0.00,0.00,Central Warehouse Inventory,2026-09-06T03:34:41.453917
5293,20220630,6610,8,10,0.00,0.00,Central Warehouse Inventory,2026-09-06T03:34:41.453917
5294,20220630,6611,14,10,0.00,0.00,Central Warehouse Inventory,2026-09-06T03:34:41.453917
5295,20220630,6612,4,10,0.00,0.00,Central Warehouse Inventory,2026-09-06T03:34:41.453917
5296,20220630,6613,3,10,0.00,0.00,Central Warehouse Inventory,2026-09-06T03:34:41.453917
5297,20220630,6614,6,10,0.00,0.00,Central Warehouse Inventory,2026-09-06T03:34:41.453917
5298,20220630,6615,2,10,0.00,0.00,Central Warehouse Inventory,2026-09-06T03:34:41.453917
5299,20220630,6616,1,10,0.00,0.00,Central Warehouse Inventory,2026-09-06T03:34:41.453917
5300,20220630,6617,3,10,0.00,0.00,Central Warehouse Inventory,2026-09-06T03:34:41.453917
5301,20220630,6618,0,10,0.00,0.00,Central Warehouse Inventory,2026-09-06T03:34:41.453917
5302,20220630,6619,10,10,0.00,0.00,Central Warehouse Inventory,2026-09-06T03:34:41.453917
5303,20220630,6620,3,10,0.00,0.00,Central Warehouse Inventory,2026-09-06T03:34:41.453917
5304,20220630,6621,3,10,0.00,0.00,Central Warehouse Inventory,2026-09-06T03:34:41.453917
5305,20220630,6622,1,10,0.00,0.00,Central Warehouse Inventory,2026-09-06T03:34:41.453917
5306,20220630,6623,6,10,0.00,0.00,Central Warehouse Inventory,2026-09-06T03:34:41.453917
5307,20220630,6624,3,10,0.00,0.00,Central Warehouse Inventory,2026-09-06T03:34:41.453917
5308,20220630,6625,3,10,0.00,0.00,Central Warehouse Inventory,2026-09-06T03:34:41.453917
5309,20220630,6626,11,10,0.00,0.00,Central Warehouse Inventory,2026-09-06T03:34:41.453917
5310,20220630,6627,2,10,0.00,0.00,Central Warehouse Inventory,2026-09-06T03:34:41.453917
5311,20220630,6628,2,10,0.00,0.00,Central Warehouse Inventory,2026-09-06T03:34:41.453917
5312,20220630,6629,29,10,0.00,0.00,Central Warehouse Inventory,2026-09-06T03:34:41.453917
5313,20220630,6630,130,10,0.00,0.00,Central Warehouse Inventory,2026-09-06T03:34:41.453917
5314,20220630,6631,12,10,0.00,0.00,Central Warehouse Inventory,2026-09-06T03:34:41.453917
5315,20220630,6632,63,10,0.00,0.00,Central Warehouse Inventory,2026-09-06T03:34:41.453917
5316,20220630,6633,9,10,0.00,0.00,Central Warehouse Inventory,2026-09-06T03:34:41.453917
5317,20220630,6634,38,10,0.00,0.00,Central Warehouse Inventory,2026-09-06T03:34:41.453917
5318,20220630,6635,32,10,0.00,0.00,Central Warehouse Inventory,2026-09-06T03:34:41.453917
5319,20220630,6636,37,10,0.00,0.00,Central Warehouse Inventory,2026-09-06T03:34:41.453917
5320,20220630,6637,16,10,0.00,0.00,Central Warehouse Inventory,2026-09-06T03:34:41.453917
5321,20220630,6638,30,10,0.00,0.00,Central Warehouse Inventory,2026-09-06T03:34:41.453917
5322,20220630,6639,23,10,0.00,0.00,Central Warehouse Inventory,2026-09-06T03:34:41.453917
5323,20220630,6640,20,10,0.00,0.00,Central Warehouse Inventory,2026-09-06T03:34:41.453917
5324,20220630,6641,17,10,0.00,0.00,Central Warehouse Inventory,2026-09-06T03:34:41.453917
5325,20220630,6642,35,10,0.00,0.00,Central Warehouse Inventory,2026-09-06T03:34:41.453917
5326,20220630,6643,79,10,0.00,0.00,Central Warehouse Inventory,2026-09-06T03:34:41.453917
5327,20220630,6644,4,10,0.00,0.00,Central Warehouse Inventory,2026-09-06T03:34:41.453917
5328,20220630,6645,42,10,0.00,0.00,Central Warehouse Inventory,2026-09-06T03:34:41.453917
5329,20220630,6646,43,10,0.00,0.00,Central Warehouse Inventory,2026-09-06T03:34:41.453917
5330,20220630,6647,10,10,0.00,0.00,Central Warehouse Inventory,2026-09-06T03:34:41.453917
5331,20220630,6648,4,10,0.00,0.00,Central Warehouse Inventory,2026-09-06T03:34:41.453917
5332,20220630,6649,1,10,0.00,0.00,Central Warehouse Inventory,2026-09-06T03:34:41.453917
5333,20220630,6650,3,10,0.00,0.00,Central Warehouse Inventory,2026-09-06T03:34:41.453917
5334,20220630,6651,2,10,0.00,0.00,Central Warehouse Inventory,2026-09-06T03:34:41.453917
5335,20220630,6652,7,10,0.00,0.00,Central Warehouse Inventory,2026-09-06T03:34:41.453917
5336,20220630,6653,4,10,0.00,0.00,Central Warehouse Inventory,2026-09-06T03:34:41.453917
5337,20220630,6654,7,10,0.00,0.00,Central Warehouse Inventory,2026-09-06T03:34:41.453917
5338,20220630,6655,3,10,0.00,0.00,Central Warehouse Inventory,2026-09-06T03:34:41.453917
5339,20220630,6656,3,10,0.00,0.00,Central Warehouse Inventory,2026-09-06T03:34:41.453917
5340,20220630,6657,3,10,0.00,0.00,Central Warehouse Inventory,2026-09-06T03:34:41.453917
5341,20220630,6658,1,10,0.00,0.00,Central Warehouse Inventory,2026-09-06T03:34:41.453917
5342,20220630,6659,2,10,0.00,0.00,Central Warehouse Inventory,2026-09-06T03:34:41.453917
5343,20220630,6660,2,10,0.00,0.00,Central Warehouse Inventory,2026-09-06T03:34:41.453917
5344,20220630,6661,2,10,0.00,0.00,Central Warehouse Inventory,2026-09-06T03:34:41.453917
5345,20220630,6662,2,10,0.00,0.00,Central Warehouse Inventory,2026-09-06T03:34:41.453917
5346,20220630,6663,2,10,0.00,0.00,Central Warehouse Inventory,2026-09-06T03:34:41.453917
5347,20220630,6664,157,10,0.00,0.00,Central Warehouse Inventory,2026-09-06T03:34:41.453917
5348,20220630,6665,106,10,0.00,0.00,Central Warehouse Inventory,2026-09-06T03:34:41.453917
5349,20220630,6666,73,10,0.00,0.00,Central Warehouse Inventory,2026-09-06T03:34:41.453917
5350,20220630,6667,145,10,0.00,0.00,Central Warehouse Inventory,2026-09-06T03:34:41.453917
5351,20220630,6668,51,10,0.00,0.00,Central Warehouse Inventory,2026-09-06T03:34:41.453917
5352,20220630,6669,78,10,0.00,0.00,Central Warehouse Inventory,2026-09-06T03:34:41.453917
5353,20220630,6670,9,10,0.00,0.00,Central Warehouse Inventory,2026-09-06T03:34:41.453917
5354,20220630,6671,0,10,0.00,0.00,Central Warehouse Inventory,2026-09-06T03:34:41.453917
5355,20220630,6672,2,10,0.00,0.00,Central Warehouse Inventory,2026-09-06T03:34:41.453917
5356,20220630,6673,1,10,0.00,0.00,Central Warehouse Inventory,2026-09-06T03:34:41.453917
5357,20220630,6674,1,10,0.00,0.00,Central Warehouse Inventory,2026-09-06T03:34:41.453917
5358,20220630,6675,7,10,0.00,0.00,Central Warehouse Inventory,2026-09-06T03:34:41.453917
5359,20220630,6676,2,10,0.00,0.00,Central Warehouse Inventory,2026-09-06T03:34:41.453917
5360,20220630,6677,3,10,0.00,0.00,Central Warehouse Inventory,2026-09-06T03:34:41.453917
5361,20220630,6678,2,10,0.00,0.00,Central Warehouse Inventory,2026-09-06T03:34:41.453917
5362,20220630,6679,3,10,0.00,0.00,Central Warehouse Inventory,2026-09-06T03:34:41.453917
5363,20220630,6680,5,10,0.00,0.00,Central Warehouse Inventory,2026-09-06T03:34:41.453917
5364,20220630,6681,2,10,0.00,0.00,Central Warehouse Inventory,2026-09-06T03:34:41.453917
5365,20220630,6682,9,10,0.00,0.00,Central Warehouse Inventory,2026-09-06T03:34:41.453917
5366,20220630,6683,0,10,0.00,0.00,Central Warehouse Inventory,2026-09-06T03:34:41.453917
5367,20220630,6684,1,10,0.00,0.00,Central Warehouse Inventory,2026-09-06T03:34:41.453917
5368,20220630,6685,3,10,0.00,0.00,Central Warehouse Inventory,2026-09-06T03:34:41.453917
5369,20220630,6686,2,10,0.00,0.00,Central Warehouse Inventory,2026-09-06T03:34:41.453917
5370,20220630,6687,3,10,0.00,0.00,Central Warehouse Inventory,2026-09-06T03:34:41.453917
5371,20220630,6688,2,10,0.00,0.00,Central Warehouse Inventory,2026-09-06T03:34:41.453917
5372,20220630,6689,1,10,0.00,0.00,Central Warehouse Inventory,2026-09-06T03:34:41.453917
5373,20220630,6690,5,10,0.00,0.00,Central Warehouse Inventory,2026-09-06T03:34:41.453917
5374,20220630,6691,2,10,0.00,0.00,Central Warehouse Inventory,2026-09-06T03:34:41.453917
5375,20220630,6692,37,10,0.00,0.00,Central Warehouse Inventory,2026-09-06T03:34:41.453917
5376,20220630,6693,41,10,0.00,0.00,Central Warehouse Inventory,2026-09-06T03:34:41.453917
5377,20220630,6694,35,10,0.00,0.00,Central Warehouse Inventory,2026-09-06T03:34:41.453917
5378,20220630,6695,9,10,0.00,0.00,Central Warehouse Inventory,2026-09-06T03:34:41.453917
5379,20220630,6696,19,10,0.00,0.00,Central Warehouse Inventory,2026-09-06T03:34:41.453917
5380,20220630,6697,11,10,0.00,0.00,Central Warehouse Inventory,2026-09-06T03:34:41.453917
5381,20220630,6698,22,10,0.00,0.00,Central Warehouse Inventory,2026-09-06T03:34:41.453917
5382,20220630,6699,38,10,0.00,0.00,Central Warehouse Inventory,2026-09-06T03:34:41.453917
5383,20220630,6700,49,10,0.00,0.00,Central Warehouse Inventory,2026-09-06T03:34:41.453917
5384,20220630,6701,57,10,0.00,0.00,Central Warehouse Inventory,2026-09-06T03:34:41.453917
5385,20220630,6702,39,10,0.00,0.00,Central Warehouse Inventory,2026-09-06T03:34:41.453917
5386,20220630,6703,2,10,0.00,0.00,Central Warehouse Inventory,2026-09-06T03:34:41.453917
5387,20220630,6704,22,10,0.00,0.00,Central Warehouse Inventory,2026-09-06T03:34:41.453917
5388,20220630,6705,22,10,0.00,0.00,Central Warehouse Inventory,2026-09-06T03:34:41.453917
5389,20220630,6706,0,10,0.00,0.00,Central Warehouse Inventory,2026-09-06T03:34:41.453917
5390,20220630,6707,3,10,0.00,0.00,Central Warehouse Inventory,2026-09-06T03:34:41.453917
5391,20220630,6708,3,10,0.00,0.00,Central Warehouse Inventory,2026-09-06T03:34:41.453917
5392,20220630,6709,17,10,0.00,0.00,Central Warehouse Inventory,2026-09-06T03:34:41.453917
5393,20220630,6710,3,10,0.00,0.00,Central Warehouse Inventory,2026-09-06T03:34:41.453917
5394,20220630,6711,12,10,0.00,0.00,Central Warehouse Inventory,2026-09-06T03:34:41.453917
5395,20220630,6712,15,10,0.00,0.00,Central Warehouse Inventory,2026-09-06T03:34:41.453917
5396,20220630,6713,38,10,0.00,0.00,Central Warehouse Inventory,2026-09-06T03:34:41.453917
5397,20220630,6714,51,10,0.00,0.00,Central Warehouse Inventory,2026-09-06T03:34:41.453917
5398,20220630,6715,144,10,0.00,0.00,Central Warehouse Inventory,2026-09-06T03:34:41.453917
5399,20220630,6716,38,10,0.00,0.00,Central Warehouse Inventory,2026-09-06T03:34:41.453917
5400,20220630,6717,105,10,0.00,0.00,Central Warehouse Inventory,2026-09-06T03:34:41.453917
5401,20220630,6718,11,10,0.00,0.00,Central Warehouse Inventory,2026-09-06T03:34:41.453917
5402,20220630,6719,6,10,0.00,0.00,Central Warehouse Inventory,2026-09-06T03:34:41.453917
5403,20220630,6720,9,10,0.00,0.00,Central Warehouse Inventory,2026-09-06T03:34:41.453917
5404,20220630,6721,7,10,0.00,0.00,Central Warehouse Inventory,2026-09-06T03:34:41.453917
5405,20220630,6722,6,10,0.00,0.00,Central Warehouse Inventory,2026-09-06T03:34:41.453917
5406,20220630,6723,3,10,0.00,0.00,Central Warehouse Inventory,2026-09-06T03:34:41.453917
5407,20220630,6724,11,10,0.00,0.00,Central Warehouse Inventory,2026-09-06T03:34:41.453917
5408,20220630,6725,6,10,0.00,0.00,Central Warehouse Inventory,2026-09-06T03:34:41.453917
5409,20220630,6726,12,10,0.00,0.00,Central Warehouse Inventory,2026-09-06T03:34:41.453917
5410,20220630,6727,1,10,0.00,0.00,Central Warehouse Inventory,2026-09-06T03:34:41.453917
5411,20220630,6728,2,10,0.00,0.00,Central Warehouse Inventory,2026-09-06T03:34:41.453917
5412,20220630,6729,2,10,0.00,0.00,Central Warehouse Inventory,2026-09-06T03:34:41.453917
5413,20220630,6730,1,10,0.00,0.00,Central Warehouse Inventory,2026-09-06T03:34:41.453917
5414,20220630,6731,2,10,0.00,0.00,Central Warehouse Inventory,2026-09-06T03:34:41.453917
5415,20220630,6732,1,10,0.00,0.00,Central Warehouse Inventory,2026-09-06T03:34:41.453917
5416,20220630,6733,7,10,0.00,0.00,Central Warehouse Inventory,2026-09-06T03:34:41.453917
5417,20220630,6734,6,10,0.00,0.00,Central Warehouse Inventory,2026-09-06T03:34:41.453917
5418,20220630,6735,4,10,0.00,0.00,Central Warehouse Inventory,2026-09-06T03:34:41.453917
5419,20220630,6736,6,10,0.00,0.00,Central Warehouse Inventory,2026-09-06T03:34:41.453917
5420,20220630,6737,2,10,0.00,0.00,Central Warehouse Inventory,2026-09-06T03:34:41.453917
5421,20220630,6738,5,10,0.00,0.00,Central Warehouse Inventory,2026-09-06T03:34:41.453917
5422,20220630,6739,6,10,0.00,0.00,Central Warehouse Inventory,2026-09-06T03:34:41.453917
5423,20220630,6740,3,10,0.00,0.00,Central Warehouse Inventory,2026-09-06T03:34:41.453917
5424,20220630,6741,2,10,0.00,0.00,Central Warehouse Inventory,2026-09-06T03:34:41.453917
5425,20220630,6742,40,10,0.00,0.00,Central Warehouse Inventory,2026-09-06T03:34:41.453917
5426,20220630,6743,81,10,0.00,0.00,Central Warehouse Inventory,2026-09-06T03:34:41.453917
5427,20220630,6744,18,10,0.00,0.00,Central Warehouse Inventory,2026-09-06T03:34:41.453917
5428,20220630,6745,69,10,0.00,0.00,Central Warehouse Inventory,2026-09-06T03:34:41.453917
5429,20220630,6746,0,10,0.00,0.00,Central Warehouse Inventory,2026-09-06T03:34:41.453917
5430,20220630,6747,81,10,0.00,0.00,Central Warehouse Inventory,2026-09-06T03:34:41.453917
5431,20220630,6748,2,10,0.00,0.00,Central Warehouse Inventory,2026-09-06T03:34:41.453917
5432,20220630,6749,3,10,0.00,0.00,Central Warehouse Inventory,2026-09-06T03:34:41.453917
5433,20220630,6750,38,10,0.00,0.00,Central Warehouse Inventory,2026-09-06T03:34:41.453917
5434,20220630,6751,6,10,0.00,0.00,Central Warehouse Inventory,2026-09-06T03:34:41.453917
5435,20220630,6752,16,10,0.00,0.00,Central Warehouse Inventory,2026-09-06T03:34:41.453917
5436,20220630,6753,12,10,0.00,0.00,Central Warehouse Inventory,2026-09-06T03:34:41.453917
5437,20220630,6754,26,10,0.00,0.00,Central Warehouse Inventory,2026-09-06T03:34:41.453917
5438,20220630,6755,20,10,0.00,0.00,Central Warehouse Inventory,2026-09-06T03:34:41.453917
5439,20220630,6756,22,10,0.00,0.00,Central Warehouse Inventory,2026-09-06T03:34:41.453917
5440,20220630,6757,0,10,0.00,0.00,Central Warehouse Inventory,2026-09-06T03:34:41.453917
5441,20220630,6758,32,10,0.00,0.00,Central Warehouse Inventory,2026-09-06T03:34:41.453917
5442,20220630,6759,0,10,0.00,0.00,Central Warehouse Inventory,2026-09-06T03:34:41.453917
5443,20220630,6760,111,10,0.00,0.00,Central Warehouse Inventory,2026-09-06T03:34:41.453917
5444,20220630,6761,129,10,0.00,0.00,Central Warehouse Inventory,2026-09-06T03:34:41.453917
5445,20220630,6762,123,10,0.00,0.00,Central Warehouse Inventory,2026-09-06T03:34:41.453917
5446,20220630,6763,80,10,0.00,0.00,Central Warehouse Inventory,2026-09-06T03:34:41.453917
5447,20220630,6764,43,10,0.00,0.00,Central Warehouse Inventory,2026-09-06T03:34:41.453917
5448,20220630,6765,88,10,0.00,0.00,Central Warehouse Inventory,2026-09-06T03:34:41.453917
5449,20220630,6766,9,10,0.00,0.00,Central Warehouse Inventory,2026-09-06T03:34:41.453917
5450,20220630,6767,29,10,0.00,0.00,Central Warehouse Inventory,2026-09-06T03:34:41.453917
5451,20220630,6768,36,10,0.00,0.00,Central Warehouse Inventory,2026-09-06T03:34:41.453917
5452,20220630,6769,57,10,0.00,0.00,Central Warehouse Inventory,2026-09-06T03:34:41.453917
5453,20220630,6770,29,10,0.00,0.00,Central Warehouse Inventory,2026-09-06T03:34:41.453917
5454,20220630,6771,66,10,0.00,0.00,Central Warehouse Inventory,2026-09-06T03:34:41.453917
5455,20220630,6772,51,10,0.00,0.00,Central Warehouse Inventory,2026-09-06T03:34:41.453917
5456,20220630,6773,9,10,0.00,0.00,Central Warehouse Inventory,2026-09-06T03:34:41.453917
5457,20220630,6774,3,10,0.00,0.00,Central Warehouse Inventory,2026-09-06T03:34:41.453917
5458,20220630,6775,5,10,0.00,0.00,Central Warehouse Inventory,2026-09-06T03:34:41.453917
5459,20220630,6776,14,10,0.00,0.00,Central Warehouse Inventory,2026-09-06T03:34:41.453917
5460,20220630,6777,6,10,0.00,0.00,Central Warehouse Inventory,2026-09-06T03:34:41.453917
5461,20220630,6778,4,10,0.00,0.00,Central Warehouse Inventory,2026-09-06T03:34:41.453917
5462,20220630,6779,5,10,0.00,0.00,Central Warehouse Inventory,2026-09-06T03:34:41.453917
5463,20220630,6780,3,10,0.00,0.00,Central Warehouse Inventory,2026-09-06T03:34:41.453917
5464,20220630,6781,19,10,0.00,0.00,Central Warehouse Inventory,2026-09-06T03:34:41.453917
5465,20220630,6782,19,10,0.00,0.00,Central Warehouse Inventory,2026-09-06T03:34:41.453917
5466,20220630,6783,4,10,0.00,0.00,Central Warehouse Inventory,2026-09-06T03:34:41.453917
5467,20220630,6784,17,10,0.00,0.00,Central Warehouse Inventory,2026-09-06T03:34:41.453917
5468,20220630,6785,19,10,0.00,0.00,Central Warehouse Inventory,2026-09-06T03:34:41.453917
5469,20220630,6786,10,10,0.00,0.00,Central Warehouse Inventory,2026-09-06T03:34:41.453917
5470,20220630,6787,2,10,0.00,0.00,Central Warehouse Inventory,2026-09-06T03:34:41.453917
5471,20220630,6788,3,10,0.00,0.00,Central Warehouse Inventory,2026-09-06T03:34:41.453917
5472,20220630,6789,3,10,0.00,0.00,Central Warehouse Inventory,2026-09-06T03:34:41.453917
5473,20220630,6790,24,10,0.00,0.00,Central Warehouse Inventory,2026-09-06T03:34:41.453917
5474,20220630,6791,5,10,0.00,0.00,Central Warehouse Inventory,2026-09-06T03:34:41.453917
5475,20220630,6792,38,10,0.00,0.00,Central Warehouse Inventory,2026-09-06T03:34:41.453917
5476,20220630,6793,3,10,0.00,0.00,Central Warehouse Inventory,2026-09-06T03:34:41.453917
5477,20220630,6794,2,10,0.00,0.00,Central Warehouse Inventory,2026-09-06T03:34:41.453917
5478,20220630,6795,9,10,0.00,0.00,Central Warehouse Inventory,2026-09-06T03:34:41.453917
5479,20220630,6796,5,10,0.00,0.00,Central Warehouse Inventory,2026-09-06T03:34:41.453917
5480,20220630,6797,27,10,0.00,0.00,Central Warehouse Inventory,2026-09-06T03:34:41.453917
5481,20220630,6798,19,10,0.00,0.00,Central Warehouse Inventory,2026-09-06T03:34:41.453917
5482,20220630,6799,40,10,0.00,0.00,Central Warehouse Inventory,2026-09-06T03:34:41.453917
5483,20220630,6800,19,10,0.00,0.00,Central Warehouse Inventory,2026-09-06T03:34:41.453917
5484,20220630,6801,5,10,0.00,0.00,Central Warehouse Inventory,2026-09-06T03:34:41.453917
5485,20220630,6802,72,10,0.00,0.00,Central Warehouse Inventory,2026-09-06T03:34:41.453917
5486,20220630,6803,96,10,0.00,0.00,Central Warehouse Inventory,2026-09-06T03:34:41.453917
5487,20220630,6804,27,10,0.00,0.00,Central Warehouse Inventory,2026-09-06T03:34:41.453917
5488,20220630,6805,45,10,0.00,0.00,Central Warehouse Inventory,2026-09-06T03:34:41.453917
5489,20220630,6806,24,10,0.00,0.00,Central Warehouse Inventory,2026-09-06T03:34:41.453917
5490,20220630,6807,11,10,0.00,0.00,Central Warehouse Inventory,2026-09-06T03:34:41.453917
5491,20220630,6808,27,10,0.00,0.00,Central Warehouse Inventory,2026-09-06T03:34:41.453917
5492,20220630,6809,2,10,0.00,0.00,Central Warehouse Inventory,2026-09-06T03:34:41.453917
5493,20220630,6810,1,10,0.00,0.00,Central Warehouse Inventory,2026-09-06T03:34:41.453917
5494,20220630,6811,3,10,0.00,0.00,Central Warehouse Inventory,2026-09-06T03:34:41.453917
5495,20220630,6812,3,10,0.00,0.00,Central Warehouse Inventory,2026-09-06T03:34:41.453917
5496,20220630,6813,2,10,0.00,0.00,Central Warehouse Inventory,2026-09-06T03:34:41.453917
5497,20220630,6814,2,10,0.00,0.00,Central Warehouse Inventory,2026-09-06T03:34:41.453917
5498,20220630,6815,3,10,0.00,0.00,Central Warehouse Inventory,2026-09-06T03:34:41.453917
5499,20220630,6816,2,10,0.00,0.00,Central Warehouse Inventory,2026-09-06T03:34:41.453917
5500,20220630,6817,4,10,0.00,0.00,Central Warehouse Inventory,2026-09-06T03:34:41.453917
5501,20220630,6818,5,10,0.00,0.00,Central Warehouse Inventory,2026-09-06T03:34:41.453917
5502,20220630,6819,2,10,0.00,0.00,Central Warehouse Inventory,2026-09-06T03:34:41.453917
5503,20220630,6820,4,10,0.00,0.00,Central Warehouse Inventory,2026-09-06T03:34:41.453917
5504,20220630,6821,5,10,0.00,0.00,Central Warehouse Inventory,2026-09-06T03:34:41.453917
5505,20220630,6822,2,10,0.00,0.00,Central Warehouse Inventory,2026-09-06T03:34:41.453917
5506,20220630,6823,6,10,0.00,0.00,Central Warehouse Inventory,2026-09-06T03:34:41.453917
5507,20220630,6824,7,10,0.00,0.00,Central Warehouse Inventory,2026-09-06T03:34:41.453917
5508,20220630,6825,6,10,0.00,0.00,Central Warehouse Inventory,2026-09-06T03:34:41.453917
5509,20220630,6826,11,10,0.00,0.00,Central Warehouse Inventory,2026-09-06T03:34:41.453917
5510,20220630,6827,24,10,0.00,0.00,Central Warehouse Inventory,2026-09-06T03:34:41.453917
5511,20220630,6828,24,10,0.00,0.00,Central Warehouse Inventory,2026-09-06T03:34:41.453917
5512,20220630,6829,2,10,0.00,0.00,Central Warehouse Inventory,2026-09-06T03:34:41.453917
5513,20220630,6830,0,10,0.00,0.00,Central Warehouse Inventory,2026-09-06T03:34:41.453917
5514,20220630,6831,1,10,0.00,0.00,Central Warehouse Inventory,2026-09-06T03:34:41.453917
5515,20220630,6832,3,10,0.00,0.00,Central Warehouse Inventory,2026-09-06T03:34:41.453917
5516,20220630,6833,3,10,0.00,0.00,Central Warehouse Inventory,2026-09-06T03:34:41.453917
5517,20220630,6834,23,10,0.00,0.00,Central Warehouse Inventory,2026-09-06T03:34:41.453917
5518,20220630,6835,14,10,0.00,0.00,Central Warehouse Inventory,2026-09-06T03:34:41.453917
5519,20220630,6836,53,10,0.00,0.00,Central Warehouse Inventory,2026-09-06T03:34:41.453917
5520,20220630,6837,10,10,0.00,0.00,Central Warehouse Inventory,2026-09-06T03:34:41.453917
5521,20220630,6838,14,10,0.00,0.00,Central Warehouse Inventory,2026-09-06T03:34:41.453917
5522,20220630,6839,26,10,0.00,0.00,Central Warehouse Inventory,2026-09-06T03:34:41.453917
5523,20220630,6840,6,10,0.00,0.00,Central Warehouse Inventory,2026-09-06T03:34:41.453917
5524,20220630,6841,9,10,0.00,0.00,Central Warehouse Inventory,2026-09-06T03:34:41.453917
5525,20220630,6842,16,10,0.00,0.00,Central Warehouse Inventory,2026-09-06T03:34:41.453917
5526,20220630,6843,63,10,0.00,0.00,Central Warehouse Inventory,2026-09-06T03:34:41.453917
5527,20220630,6844,99,10,0.00,0.00,Central Warehouse Inventory,2026-09-06T03:34:41.453917
5528,20220630,6845,24,10,0.00,0.00,Central Warehouse Inventory,2026-09-06T03:34:41.453917
5529,20220630,6846,16,10,0.00,0.00,Central Warehouse Inventory,2026-09-06T03:34:41.453917
5530,20220630,6847,25,10,0.00,0.00,Central Warehouse Inventory,2026-09-06T03:34:41.453917
5531,20220630,6848,2,10,0.00,0.00,Central Warehouse Inventory,2026-09-06T03:34:41.453917
5532,20220630,6849,104,10,0.00,0.00,Central Warehouse Inventory,2026-09-06T03:34:41.453917
5533,20220630,6850,109,10,0.00,0.00,Central Warehouse Inventory,2026-09-06T03:34:41.453917
5534,20220630,6851,99,10,0.00,0.00,Central Warehouse Inventory,2026-09-06T03:34:41.453917
5535,20220630,6852,144,10,0.00,0.00,Central Warehouse Inventory,2026-09-06T03:34:41.453917
5536,20220630,6853,17,10,0.00,0.00,Central Warehouse Inventory,2026-09-06T03:34:41.453917
5537,20220630,6854,138,10,0.00,0.00,Central Warehouse Inventory,2026-09-06T03:34:41.453917
5538,20220630,6855,129,10,0.00,0.00,Central Warehouse Inventory,2026-09-06T03:34:41.453917
5539,20220630,6856,41,10,0.00,0.00,Central Warehouse Inventory,2026-09-06T03:34:41.453917
5540,20220630,6857,74,10,0.00,0.00,Central Warehouse Inventory,2026-09-06T03:34:41.453917
5541,20220630,6858,69,10,0.00,0.00,Central Warehouse Inventory,2026-09-06T03:34:41.453917
5542,20220630,6859,7,10,0.00,0.00,Central Warehouse Inventory,2026-09-06T03:34:41.453917
5543,20220630,6860,10,10,0.00,0.00,Central Warehouse Inventory,2026-09-06T03:34:41.453917
5544,20220630,6861,25,10,0.00,0.00,Central Warehouse Inventory,2026-09-06T03:34:41.453917
5545,20220630,6862,4,10,0.00,0.00,Central Warehouse Inventory,2026-09-06T03:34:41.453917
5546,20220630,6863,104,10,0.00,0.00,Central Warehouse Inventory,2026-09-06T03:34:41.453917
5547,20220630,6864,216,10,0.00,0.00,Central Warehouse Inventory,2026-09-06T03:34:41.453917
5548,20220630,6865,205,10,0.00,0.00,Central Warehouse Inventory,2026-09-06T03:34:41.453917
5549,20220630,6866,197,10,0.00,0.00,Central Warehouse Inventory,2026-09-06T03:34:41.453917
5550,20220630,6867,101,10,0.00,0.00,Central Warehouse Inventory,2026-09-06T03:34:41.453917
5551,20220630,6868,132,10,0.00,0.00,Central Warehouse Inventory,2026-09-06T03:34:41.453917
5552,20220630,6869,154,10,0.00,0.00,Central Warehouse Inventory,2026-09-06T03:34:41.453917
5553,20220630,6870,56,10,0.00,0.00,Central Warehouse Inventory,2026-09-06T03:34:41.453917
5554,20220630,6871,5,10,0.00,0.00,Central Warehouse Inventory,2026-09-06T03:34:41.453917
5555,20220630,6872,24,10,0.00,0.00,Central Warehouse Inventory,2026-09-06T03:34:41.453917
5556,20220630,6873,89,10,0.00,0.00,Central Warehouse Inventory,2026-09-06T03:34:41.453917
5557,20220630,6874,4,10,0.00,0.00,Central Warehouse Inventory,2026-09-06T03:34:41.453917
5558,20220630,6875,38,10,0.00,0.00,Central Warehouse Inventory,2026-09-06T03:34:41.453917
5559,20220630,6876,2,10,0.00,0.00,Central Warehouse Inventory,2026-09-06T03:34:41.453917
5560,20220630,6877,312,10,0.00,0.00,Central Warehouse Inventory,2026-09-06T03:34:41.453917
5561,20220630,6878,326,10,0.00,0.00,Central Warehouse Inventory,2026-09-06T03:34:41.453917
5562,20220630,6879,197,10,0.00,0.00,Central Warehouse Inventory,2026-09-06T03:34:41.453917
5563,20220630,6880,255,10,0.00,0.00,Central Warehouse Inventory,2026-09-06T03:34:41.453917
5564,20220630,6881,182,10,0.00,0.00,Central Warehouse Inventory,2026-09-06T03:34:41.453917
5565,20220630,6882,133,10,0.00,0.00,Central Warehouse Inventory,2026-09-06T03:34:41.453917
5566,20220630,6883,78,10,0.00,0.00,Central Warehouse Inventory,2026-09-06T03:34:41.453917
5567,20220630,6884,4,10,0.00,0.00,Central Warehouse Inventory,2026-09-06T03:34:41.453917
5568,20220630,6885,6,10,0.00,0.00,Central Warehouse Inventory,2026-09-06T03:34:41.453917
5569,20220630,6886,4,10,0.00,0.00,Central Warehouse Inventory,2026-09-06T03:34:41.453917
5570,20220630,6887,2,10,0.00,0.00,Central Warehouse Inventory,2026-09-06T03:34:41.453917
5571,20220630,6888,3,10,0.00,0.00,Central Warehouse Inventory,2026-09-06T03:34:41.453917
5572,20220630,6889,7,10,0.00,0.00,Central Warehouse Inventory,2026-09-06T03:34:41.453917
5573,20220630,6890,3,10,0.00,0.00,Central Warehouse Inventory,2026-09-06T03:34:41.453917
5574,20220630,6891,4,10,0.00,0.00,Central Warehouse Inventory,2026-09-06T03:34:41.453917
5575,20220630,6892,5,10,0.00,0.00,Central Warehouse Inventory,2026-09-06T03:34:41.453917
5576,20220630,6893,4,10,0.00,0.00,Central Warehouse Inventory,2026-09-06T03:34:41.453917
5577,20220630,6894,2,10,0.00,0.00,Central Warehouse Inventory,2026-09-06T03:34:41.453917
5578,20220630,6895,0,10,0.00,0.00,Central Warehouse Inventory,2026-09-06T03:34:41.453917
5579,20220630,6896,6,10,0.00,0.00,Central Warehouse Inventory,2026-09-06T03:34:41.453917
5580,20220630,6897,2,10,0.00,0.00,Central Warehouse Inventory,2026-09-06T03:34:41.453917
5581,20220630,6898,8,10,0.00,0.00,Central Warehouse Inventory,2026-09-06T03:34:41.453917
5582,20220630,6899,4,10,0.00,0.00,Central Warehouse Inventory,2026-09-06T03:34:41.453917
5583,20220630,6900,0,10,0.00,0.00,Central Warehouse Inventory,2026-09-06T03:34:41.453917
5584,20220630,6901,10,10,0.00,0.00,Central Warehouse Inventory,2026-09-06T03:34:41.453917
5585,20220630,6902,2,10,0.00,0.00,Central Warehouse Inventory,2026-09-06T03:34:41.453917
5586,20220630,6903,3,10,0.00,0.00,Central Warehouse Inventory,2026-09-06T03:34:41.453917
5587,20220630,6904,1,10,0.00,0.00,Central Warehouse Inventory,2026-09-06T03:34:41.453917
5588,20220630,6905,3,10,0.00,0.00,Central Warehouse Inventory,2026-09-06T03:34:41.453917
5589,20220630,6906,5,10,0.00,0.00,Central Warehouse Inventory,2026-09-06T03:34:41.453917
5590,20220630,6907,2,10,0.00,0.00,Central Warehouse Inventory,2026-09-06T03:34:41.453917
5591,20220630,6908,3,10,0.00,0.00,Central Warehouse Inventory,2026-09-06T03:34:41.453917
5592,20220630,6909,9,10,0.00,0.00,Central Warehouse Inventory,2026-09-06T03:34:41.453917
5593,20220630,6910,20,10,0.00,0.00,Central Warehouse Inventory,2026-09-06T03:34:41.453917
5594,20220630,6911,4,10,0.00,0.00,Central Warehouse Inventory,2026-09-06T03:34:41.453917
5595,20220630,6912,5,10,0.00,0.00,Central Warehouse Inventory,2026-09-06T03:34:41.453917
5596,20220630,6913,21,10,0.00,0.00,Central Warehouse Inventory,2026-09-06T03:34:41.453917
5597,20220630,6914,5,10,0.00,0.00,Central Warehouse Inventory,2026-09-06T03:34:41.453917
5598,20220630,6915,9,10,0.00,0.00,Central Warehouse Inventory,2026-09-06T03:34:41.453917
5599,20220630,6916,6,10,0.00,0.00,Central Warehouse Inventory,2026-09-06T03:34:41.453917
5600,20220630,6917,2,10,0.00,0.00,Central Warehouse Inventory,2026-09-06T03:34:41.453917
5601,20220630,6918,12,10,0.00,0.00,Central Warehouse Inventory,2026-09-06T03:34:41.453917
5602,20220630,6919,22,10,0.00,0.00,Central Warehouse Inventory,2026-09-06T03:34:41.453917
5603,20220630,6920,31,10,0.00,0.00,Central Warehouse Inventory,2026-09-06T03:34:41.453917
5604,20220630,6921,29,10,0.00,0.00,Central Warehouse Inventory,2026-09-06T03:34:41.453917
5605,20220630,6922,57,10,0.00,0.00,Central Warehouse Inventory,2026-09-06T03:34:41.453917
5606,20220630,6923,32,10,0.00,0.00,Central Warehouse Inventory,2026-09-06T03:34:41.453917
5607,20220630,6924,36,10,0.00,0.00,Central Warehouse Inventory,2026-09-06T03:34:41.453917
5608,20220630,6925,2,10,0.00,0.00,Central Warehouse Inventory,2026-09-06T03:34:41.453917
5609,20220630,6926,5,10,0.00,0.00,Central Warehouse Inventory,2026-09-06T03:34:41.453917
5610,20220630,6927,16,10,0.00,0.00,Central Warehouse Inventory,2026-09-06T03:34:41.453917
5611,20220630,6928,3,10,0.00,0.00,Central Warehouse Inventory,2026-09-06T03:34:41.453917
5612,20220630,6929,3,10,0.00,0.00,Central Warehouse Inventory,2026-09-06T03:34:41.453917
5613,20220630,6930,3,10,0.00,0.00,Central Warehouse Inventory,2026-09-06T03:34:41.453917
5614,20220630,6931,5,10,0.00,0.00,Central Warehouse Inventory,2026-09-06T03:34:41.453917
5615,20220630,6932,3,10,0.00,0.00,Central Warehouse Inventory,2026-09-06T03:34:41.453917
5616,20220630,6933,3,10,0.00,0.00,Central Warehouse Inventory,2026-09-06T03:34:41.453917
5617,20220630,6934,8,10,0.00,0.00,Central Warehouse Inventory,2026-09-06T03:34:41.453917
5618,20220630,6935,8,10,0.00,0.00,Central Warehouse Inventory,2026-09-06T03:34:41.453917
5619,20220630,6936,3,10,0.00,0.00,Central Warehouse Inventory,2026-09-06T03:34:41.453917
5620,20220630,6937,11,10,0.00,0.00,Central Warehouse Inventory,2026-09-06T03:34:41.453917
5621,20220630,6938,15,10,0.00,0.00,Central Warehouse Inventory,2026-09-06T03:34:41.453917
5622,20220630,6939,73,10,0.00,0.00,Central Warehouse Inventory,2026-09-06T03:34:41.453917
5623,20220630,6940,9,10,0.00,0.00,Central Warehouse Inventory,2026-09-06T03:34:41.453917
5624,20220630,6941,11,10,0.00,0.00,Central Warehouse Inventory,2026-09-06T03:34:41.453917
5625,20220630,6942,10,10,0.00,0.00,Central Warehouse Inventory,2026-09-06T03:34:41.453917
5626,20220630,6943,2,10,0.00,0.00,Central Warehouse Inventory,2026-09-06T03:34:41.453917
5627,20220630,6944,13,10,0.00,0.00,Central Warehouse Inventory,2026-09-06T03:34:41.453917
5628,20220630,6945,15,10,0.00,0.00,Central Warehouse Inventory,2026-09-06T03:34:41.453917
5629,20220630,6946,35,10,0.00,0.00,Central Warehouse Inventory,2026-09-06T03:34:41.453917
5630,20220630,6947,14,10,0.00,0.00,Central Warehouse Inventory,2026-09-06T03:34:41.453917
5631,20220630,6948,65,10,0.00,0.00,Central Warehouse Inventory,2026-09-06T03:34:41.453917
5632,20220630,6949,26,10,0.00,0.00,Central Warehouse Inventory,2026-09-06T03:34:41.453917
5633,20220630,6950,42,10,0.00,0.00,Central Warehouse Inventory,2026-09-06T03:34:41.453917
5634,20220630,6951,3,10,0.00,0.00,Central Warehouse Inventory,2026-09-06T03:34:41.453917
5635,20220630,6952,3,10,0.00,0.00,Central Warehouse Inventory,2026-09-06T03:34:41.453917
5636,20220630,6953,3,10,0.00,0.00,Central Warehouse Inventory,2026-09-06T03:34:41.453917
5637,20220630,6954,3,10,0.00,0.00,Central Warehouse Inventory,2026-09-06T03:34:41.453917
5638,20220630,6955,28,10,0.00,0.00,Central Warehouse Inventory,2026-09-06T03:34:41.453917
5639,20220630,6956,6,10,0.00,0.00,Central Warehouse Inventory,2026-09-06T03:34:41.453917
5640,20220630,6957,2,10,0.00,0.00,Central Warehouse Inventory,2026-09-06T03:34:41.453917
5641,20220630,6958,11,10,0.00,0.00,Central Warehouse Inventory,2026-09-06T03:34:41.453917
5642,20220630,6959,17,10,0.00,0.00,Central Warehouse Inventory,2026-09-06T03:34:41.453917
5643,20220630,6960,52,10,0.00,0.00,Central Warehouse Inventory,2026-09-06T03:34:41.453917
5644,20220630,6961,7,10,0.00,0.00,Central Warehouse Inventory,2026-09-06T03:34:41.453917
5645,20220630,6962,62,10,0.00,0.00,Central Warehouse Inventory,2026-09-06T03:34:41.453917
5646,20220630,6963,11,10,0.00,0.00,Central Warehouse Inventory,2026-09-06T03:34:41.453917
5647,20220630,6964,18,10,0.00,0.00,Central Warehouse Inventory,2026-09-06T03:34:41.453917
5648,20220630,6965,6,10,0.00,0.00,Central Warehouse Inventory,2026-09-06T03:34:41.453917
5649,20220630,6966,11,10,0.00,0.00,Central Warehouse Inventory,2026-09-06T03:34:41.453917
5650,20220630,6967,29,10,0.00,0.00,Central Warehouse Inventory,2026-09-06T03:34:41.453917
5651,20220630,6968,3,10,0.00,0.00,Central Warehouse Inventory,2026-09-06T03:34:41.453917
5652,20220630,6969,65,10,0.00,0.00,Central Warehouse Inventory,2026-09-06T03:34:41.453917
5653,20220630,6970,3,10,0.00,0.00,Central Warehouse Inventory,2026-09-06T03:34:41.453917
5654,20220630,6971,8,10,0.00,0.00,Central Warehouse Inventory,2026-09-06T03:34:41.453917
5655,20220630,6972,11,10,0.00,0.00,Central Warehouse Inventory,2026-09-06T03:34:41.453917
5656,20220630,6973,11,10,0.00,0.00,Central Warehouse Inventory,2026-09-06T03:34:41.453917
5657,20220630,6974,32,10,0.00,0.00,Central Warehouse Inventory,2026-09-06T03:34:41.453917
5658,20220630,6975,21,10,0.00,0.00,Central Warehouse Inventory,2026-09-06T03:34:41.453917
5659,20220630,6976,10,10,0.00,0.00,Central Warehouse Inventory,2026-09-06T03:34:41.453917
5660,20220630,6977,4,10,0.00,0.00,Central Warehouse Inventory,2026-09-06T03:34:41.453917
5661,20220630,6978,6,10,0.00,0.00,Central Warehouse Inventory,2026-09-06T03:34:41.453917
5662,20220630,6979,35,10,0.00,0.00,Central Warehouse Inventory,2026-09-06T03:34:41.453917
5663,20220630,6980,59,10,0.00,0.00,Central Warehouse Inventory,2026-09-06T03:34:41.453917
5664,20220630,6981,101,10,0.00,0.00,Central Warehouse Inventory,2026-09-06T03:34:41.453917
5665,20220630,6982,40,10,0.00,0.00,Central Warehouse Inventory,2026-09-06T03:34:41.453917
5666,20220630,6983,10,10,0.00,0.00,Central Warehouse Inventory,2026-09-06T03:34:41.453917
5667,20220630,6984,5,10,0.00,0.00,Central Warehouse Inventory,2026-09-06T03:34:41.453917
5668,20220630,6985,4,10,0.00,0.00,Central Warehouse Inventory,2026-09-06T03:34:41.453917
5669,20220630,6986,15,10,0.00,0.00,Central Warehouse Inventory,2026-09-06T03:34:41.453917
5670,20220630,6987,95,10,0.00,0.00,Central Warehouse Inventory,2026-09-06T03:34:41.453917
5671,20220630,6988,71,10,0.00,0.00,Central Warehouse Inventory,2026-09-06T03:34:41.453917
5672,20220630,6989,21,10,0.00,0.00,Central Warehouse Inventory,2026-09-06T03:34:41.453917
5673,20220630,6990,60,10,0.00,0.00,Central Warehouse Inventory,2026-09-06T03:34:41.453917
5674,20220630,6991,9,10,0.00,0.00,Central Warehouse Inventory,2026-09-06T03:34:41.453917
5675,20220630,6992,14,10,0.00,0.00,Central Warehouse Inventory,2026-09-06T03:34:41.453917
5676,20220630,6993,8,10,0.00,0.00,Central Warehouse Inventory,2026-09-06T03:34:41.453917
5677,20220630,6994,41,10,0.00,0.00,Central Warehouse Inventory,2026-09-06T03:34:41.453917
5678,20220630,6995,72,10,0.00,0.00,Central Warehouse Inventory,2026-09-06T03:34:41.453917
5679,20220630,6996,17,10,0.00,0.00,Central Warehouse Inventory,2026-09-06T03:34:41.453917
5680,20220630,6997,26,10,0.00,0.00,Central Warehouse Inventory,2026-09-06T03:34:41.453917
5681,20220630,6998,15,10,0.00,0.00,Central Warehouse Inventory,2026-09-06T03:34:41.453917
5682,20220630,6999,3,10,0.00,0.00,Central Warehouse Inventory,2026-09-06T03:34:41.453917
5683,20220630,7000,1,10,0.00,0.00,Central Warehouse Inventory,2026-09-06T03:34:41.453917
5684,20220630,7001,69,10,0.00,0.00,Central Warehouse Inventory,2026-09-06T03:34:41.453917
5685,20220630,7002,143,10,0.00,0.00,Central Warehouse Inventory,2026-09-06T03:34:41.453917
5686,20220630,7003,37,10,0.00,0.00,Central Warehouse Inventory,2026-09-06T03:34:41.453917
5687,20220630,7004,26,10,0.00,0.00,Central Warehouse Inventory,2026-09-06T03:34:41.453917
5688,20220630,7005,62,10,0.00,0.00,Central Warehouse Inventory,2026-09-06T03:34:41.453917
5689,20220630,7006,8,10,0.00,0.00,Central Warehouse Inventory,2026-09-06T03:34:41.453917
5690,20220630,7007,34,10,0.00,0.00,Central Warehouse Inventory,2026-09-06T03:34:41.453917
5691,20220630,7008,51,10,0.00,0.00,Central Warehouse Inventory,2026-09-06T03:34:41.453917
5692,20220630,7009,78,10,0.00,0.00,Central Warehouse Inventory,2026-09-06T03:34:41.453917
5693,20220630,7010,68,10,0.00,0.00,Central Warehouse Inventory,2026-09-06T03:34:41.453917
5694,20220630,7011,31,10,0.00,0.00,Central Warehouse Inventory,2026-09-06T03:34:41.453917
5695,20220630,7012,74,10,0.00,0.00,Central Warehouse Inventory,2026-09-06T03:34:41.453917
5696,20220630,7013,6,10,0.00,0.00,Central Warehouse Inventory,2026-09-06T03:34:41.453917
5697,20220630,7014,9,10,0.00,0.00,Central Warehouse Inventory,2026-09-06T03:34:41.453917
5698,20220630,7015,21,10,0.00,0.00,Central Warehouse Inventory,2026-09-06T03:34:41.453917
5699,20220630,7016,7,10,0.00,0.00,Central Warehouse Inventory,2026-09-06T03:34:41.453917
5700,20220630,7017,48,10,0.00,0.00,Central Warehouse Inventory,2026-09-06T03:34:41.453917
5701,20220630,7018,11,10,0.00,0.00,Central Warehouse Inventory,2026-09-06T03:34:41.453917
5702,20220630,7019,21,10,0.00,0.00,Central Warehouse Inventory,2026-09-06T03:34:41.453917
5703,20220630,7020,61,10,0.00,0.00,Central Warehouse Inventory,2026-09-06T03:34:41.453917
5704,20220630,7021,70,10,0.00,0.00,Central Warehouse Inventory,2026-09-06T03:34:41.453917
5705,20220630,7022,39,10,0.00,0.00,Central Warehouse Inventory,2026-09-06T03:34:41.453917
5706,20220630,7023,96,10,0.00,0.00,Central Warehouse Inventory,2026-09-06T03:34:41.453917
5707,20220630,7024,19,10,0.00,0.00,Central Warehouse Inventory,2026-09-06T03:34:41.453917
5708,20220630,7025,11,10,0.00,0.00,Central Warehouse Inventory,2026-09-06T03:34:41.453917
5709,20220630,7026,27,10,0.00,0.00,Central Warehouse Inventory,2026-09-06T03:34:41.453917
5710,20220630,7027,55,10,0.00,0.00,Central Warehouse Inventory,2026-09-06T03:34:41.453917
5711,20220630,7028,61,10,0.00,0.00,Central Warehouse Inventory,2026-09-06T03:34:41.453917
5712,20220630,7029,89,10,0.00,0.00,Central Warehouse Inventory,2026-09-06T03:34:41.453917
5713,20220630,7030,99,10,0.00,0.00,Central Warehouse Inventory,2026-09-06T03:34:41.453917
5714,20220630,7031,4,10,0.00,0.00,Central Warehouse Inventory,2026-09-06T03:34:41.453917
5715,20220630,7032,99,10,0.00,0.00,Central Warehouse Inventory,2026-09-06T03:34:41.453917
5716,20220630,7033,3,10,0.00,0.00,Central Warehouse Inventory,2026-09-06T03:34:41.453917
5717,20220630,7034,4,10,0.00,0.00,Central Warehouse Inventory,2026-09-06T03:34:41.453917
5718,20220630,7035,17,10,0.00,0.00,Central Warehouse Inventory,2026-09-06T03:34:41.453917
5719,20220630,7036,51,10,0.00,0.00,Central Warehouse Inventory,2026-09-06T03:34:41.453917
5720,20220630,7037,7,10,0.00,0.00,Central Warehouse Inventory,2026-09-06T03:34:41.453917
5721,20220630,7038,79,10,0.00,0.00,Central Warehouse Inventory,2026-09-06T03:34:41.453917
5722,20220630,7039,33,10,0.00,0.00,Central Warehouse Inventory,2026-09-06T03:34:41.453917
5723,20220630,7040,15,10,0.00,0.00,Central Warehouse Inventory,2026-09-06T03:34:41.453917
5724,20220630,7041,6,10,0.00,0.00,Central Warehouse Inventory,2026-09-06T03:34:41.453917
5725,20220630,7042,2,10,0.00,0.00,Central Warehouse Inventory,2026-09-06T03:34:41.453917
5726,20220630,7043,8,10,0.00,0.00,Central Warehouse Inventory,2026-09-06T03:34:41.453917
5727,20220630,7044,6,10,0.00,0.00,Central Warehouse Inventory,2026-09-06T03:34:41.453917
5728,20220630,7045,24,10,0.00,0.00,Central Warehouse Inventory,2026-09-06T03:34:41.453917
5729,20220630,7046,5,10,0.00,0.00,Central Warehouse Inventory,2026-09-06T03:34:41.453917
5730,20220630,7047,12,10,0.00,0.00,Central Warehouse Inventory,2026-09-06T03:34:41.453917
5731,20220630,7048,30,10,0.00,0.00,Central Warehouse Inventory,2026-09-06T03:34:41.453917
5732,20220630,7049,19,10,0.00,0.00,Central Warehouse Inventory,2026-09-06T03:34:41.453917
5733,20220630,7050,29,10,0.00,0.00,Central Warehouse Inventory,2026-09-06T03:34:41.453917
5734,20220630,7051,9,10,0.00,0.00,Central Warehouse Inventory,2026-09-06T03:34:41.453917
5735,20220630,7052,19,10,0.00,0.00,Central Warehouse Inventory,2026-09-06T03:34:41.453917
5736,20220630,7053,2,10,0.00,0.00,Central Warehouse Inventory,2026-09-06T03:34:41.453917
5737,20220630,7054,25,10,0.00,0.00,Central Warehouse Inventory,2026-09-06T03:34:41.453917
5738,20220630,7055,2,10,0.00,0.00,Central Warehouse Inventory,2026-09-06T03:34:41.453917
5739,20220630,7056,3,10,0.00,0.00,Central Warehouse Inventory,2026-09-06T03:34:41.453917
5740,20220630,7057,23,10,0.00,0.00,Central Warehouse Inventory,2026-09-06T03:34:41.453917
5741,20220630,7058,4,10,0.00,0.00,Central Warehouse Inventory,2026-09-06T03:34:41.453917
5742,20220630,7059,59,10,0.00,0.00,Central Warehouse Inventory,2026-09-06T03:34:41.453917
5743,20220630,7060,6,10,0.00,0.00,Central Warehouse Inventory,2026-09-06T03:34:41.453917
5744,20220630,7061,11,10,0.00,0.00,Central Warehouse Inventory,2026-09-06T03:34:41.453917
5745,20220630,7062,5,10,0.00,0.00,Central Warehouse Inventory,2026-09-06T03:34:41.453917
5746,20220630,7063,4,10,0.00,0.00,Central Warehouse Inventory,2026-09-06T03:34:41.453917
5747,20220630,7064,7,10,0.00,0.00,Central Warehouse Inventory,2026-09-06T03:34:41.453917
5748,20220630,7065,1,10,0.00,0.00,Central Warehouse Inventory,2026-09-06T03:34:41.453917
5749,20220630,7066,10,10,0.00,0.00,Central Warehouse Inventory,2026-09-06T03:34:41.453917
5750,20220630,7067,1,10,0.00,0.00,Central Warehouse Inventory,2026-09-06T03:34:41.453917
5751,20220630,7068,3,10,0.00,0.00,Central Warehouse Inventory,2026-09-06T03:34:41.453917
5752,20220630,7069,5,10,0.00,0.00,Central Warehouse Inventory,2026-09-06T03:34:41.453917
5753,20220630,7070,5,10,0.00,0.00,Central Warehouse Inventory,2026-09-06T03:34:41.453917
5754,20220630,7071,17,10,0.00,0.00,Central Warehouse Inventory,2026-09-06T03:34:41.453917
5755,20220630,7072,4,10,0.00,0.00,Central Warehouse Inventory,2026-09-06T03:34:41.453917
5756,20220630,7073,43,10,0.00,0.00,Central Warehouse Inventory,2026-09-06T03:34:41.453917
5757,20220630,7074,6,10,0.00,0.00,Central Warehouse Inventory,2026-09-06T03:34:41.453917
5758,20220630,7075,5,10,0.00,0.00,Central Warehouse Inventory,2026-09-06T03:34:41.453917
5759,20220630,7076,70,10,0.00,0.00,Central Warehouse Inventory,2026-09-06T03:34:41.453917
5760,20220630,7077,78,10,0.00,0.00,Central Warehouse Inventory,2026-09-06T03:34:41.453917
5761,20220630,7078,48,10,0.00,0.00,Central Warehouse Inventory,2026-09-06T03:34:41.453917
5762,20220630,7079,68,10,0.00,0.00,Central Warehouse Inventory,2026-09-06T03:34:41.453917
5763,20220630,7080,26,10,0.00,0.00,Central Warehouse Inventory,2026-09-06T03:34:41.453917
5764,20220630,7081,43,10,0.00,0.00,Central Warehouse Inventory,2026-09-06T03:34:41.453917
5765,20220630,7082,8,10,0.00,0.00,Central Warehouse Inventory,2026-09-06T03:34:41.453917
5766,20220630,7083,29,10,0.00,0.00,Central Warehouse Inventory,2026-09-06T03:34:41.453917
5767,20220630,7084,34,10,0.00,0.00,Central Warehouse Inventory,2026-09-06T03:34:41.453917
5768,20220630,7085,57,10,0.00,0.00,Central Warehouse Inventory,2026-09-06T03:34:41.453917
5769,20220630,7086,18,10,0.00,0.00,Central Warehouse Inventory,2026-09-06T03:34:41.453917
5770,20220630,7087,5,10,0.00,0.00,Central Warehouse Inventory,2026-09-06T03:34:41.453917
5771,20220630,7088,18,10,0.00,0.00,Central Warehouse Inventory,2026-09-06T03:34:41.453917
5772,20220630,7089,37,10,0.00,0.00,Central Warehouse Inventory,2026-09-06T03:34:41.453917
5773,20220630,7090,36,10,0.00,0.00,Central Warehouse Inventory,2026-09-06T03:34:41.453917
5774,20220630,7091,49,10,0.00,0.00,Central Warehouse Inventory,2026-09-06T03:34:41.453917
5775,20220630,7092,44,10,0.00,0.00,Central Warehouse Inventory,2026-09-06T03:34:41.453917
5776,20220630,7093,82,10,0.00,0.00,Central Warehouse Inventory,2026-09-06T03:34:41.453917
5777,20220630,7094,3,10,0.00,0.00,Central Warehouse Inventory,2026-09-06T03:34:41.453917
5778,20220630,7095,50,10,0.00,0.00,Central Warehouse Inventory,2026-09-06T03:34:41.453917
5779,20220630,7096,3,10,0.00,0.00,Central Warehouse Inventory,2026-09-06T03:34:41.453917
5780,20220630,7097,113,10,0.00,0.00,Central Warehouse Inventory,2026-09-06T03:34:41.453917
5781,20220630,7098,134,10,0.00,0.00,Central Warehouse Inventory,2026-09-06T03:34:41.453917
5782,20220630,7099,128,10,0.00,0.00,Central Warehouse Inventory,2026-09-06T03:34:41.453917
5783,20220630,7100,46,10,0.00,0.00,Central Warehouse Inventory,2026-09-06T03:34:41.453917
5784,20220630,7101,57,10,0.00,0.00,Central Warehouse Inventory,2026-09-06T03:34:41.453917
5785,20220630,7102,12,10,0.00,0.00,Central Warehouse Inventory,2026-09-06T03:34:41.453917
5786,20220630,7103,22,10,0.00,0.00,Central Warehouse Inventory,2026-09-06T03:34:41.453917
5787,20220630,7104,55,10,0.00,0.00,Central Warehouse Inventory,2026-09-06T03:34:41.453917
5788,20220630,7105,23,10,0.00,0.00,Central Warehouse Inventory,2026-09-06T03:34:41.453917
5789,20220630,7106,10,10,0.00,0.00,Central Warehouse Inventory,2026-09-06T03:34:41.453917
5790,20220630,7107,76,10,0.00,0.00,Central Warehouse Inventory,2026-09-06T03:34:41.453917
5791,20220630,7108,7,10,0.00,0.00,Central Warehouse Inventory,2026-09-06T03:34:41.453917
5792,20220630,7109,104,10,0.00,0.00,Central Warehouse Inventory,2026-09-06T03:34:41.453917
5793,20220630,7110,138,10,0.00,0.00,Central Warehouse Inventory,2026-09-06T03:34:41.453917
5794,20220630,7111,226,10,0.00,0.00,Central Warehouse Inventory,2026-09-06T03:34:41.453917
5795,20220630,7112,69,10,0.00,0.00,Central Warehouse Inventory,2026-09-06T03:34:41.453917
5796,20220630,7113,30,10,0.00,0.00,Central Warehouse Inventory,2026-09-06T03:34:41.453917
5797,20220630,7114,36,10,0.00,0.00,Central Warehouse Inventory,2026-09-06T03:34:41.453917
5798,20220630,7115,4,10,0.00,0.00,Central Warehouse Inventory,2026-09-06T03:34:41.453917
5799,20220630,7116,51,10,0.00,0.00,Central Warehouse Inventory,2026-09-06T03:34:41.453917
5800,20220630,7117,72,10,0.00,0.00,Central Warehouse Inventory,2026-09-06T03:34:41.453917
5801,20220630,7118,80,10,0.00,0.00,Central Warehouse Inventory,2026-09-06T03:34:41.453917
5802,20220630,7119,52,10,0.00,0.00,Central Warehouse Inventory,2026-09-06T03:34:41.453917
5803,20220630,7120,14,10,0.00,0.00,Central Warehouse Inventory,2026-09-06T03:34:41.453917
5804,20220630,7121,52,10,0.00,0.00,Central Warehouse Inventory,2026-09-06T03:34:41.453917
5805,20220630,7122,3,10,0.00,0.00,Central Warehouse Inventory,2026-09-06T03:34:41.453917
5806,20220630,7123,13,10,0.00,0.00,Central Warehouse Inventory,2026-09-06T03:34:41.453917
5807,20220630,7124,16,10,0.00,0.00,Central Warehouse Inventory,2026-09-06T03:34:41.453917
5808,20220630,7125,90,10,0.00,0.00,Central Warehouse Inventory,2026-09-06T03:34:41.453917
5809,20220630,7126,69,10,0.00,0.00,Central Warehouse Inventory,2026-09-06T03:34:41.453917
5810,20220630,7127,68,10,0.00,0.00,Central Warehouse Inventory,2026-09-06T03:34:41.453917
5811,20220630,7128,113,10,0.00,0.00,Central Warehouse Inventory,2026-09-06T03:34:41.453917
5812,20220630,7129,24,10,0.00,0.00,Central Warehouse Inventory,2026-09-06T03:34:41.453917
5813,20220630,7130,75,10,0.00,0.00,Central Warehouse Inventory,2026-09-06T03:34:41.453917
5814,20220630,7131,38,10,0.00,0.00,Central Warehouse Inventory,2026-09-06T03:34:41.453917
5815,20220630,7132,18,10,0.00,0.00,Central Warehouse Inventory,2026-09-06T03:34:41.453917
5816,20220630,7133,33,10,0.00,0.00,Central Warehouse Inventory,2026-09-06T03:34:41.453917
5817,20220630,7134,3,10,0.00,0.00,Central Warehouse Inventory,2026-09-06T03:34:41.453917
5818,20220630,7135,5,10,0.00,0.00,Central Warehouse Inventory,2026-09-06T03:34:41.453917
5819,20220630,7136,2,10,0.00,0.00,Central Warehouse Inventory,2026-09-06T03:34:41.453917
5820,20220630,7137,141,10,0.00,0.00,Central Warehouse Inventory,2026-09-06T03:34:41.453917
5821,20220630,7138,103,10,0.00,0.00,Central Warehouse Inventory,2026-09-06T03:34:41.453917
5822,20220630,7139,112,10,0.00,0.00,Central Warehouse Inventory,2026-09-06T03:34:41.453917
5823,20220630,7140,131,10,0.00,0.00,Central Warehouse Inventory,2026-09-06T03:34:41.453917
5824,20220630,7141,78,10,0.00,0.00,Central Warehouse Inventory,2026-09-06T03:34:41.453917
5825,20220630,7142,100,10,0.00,0.00,Central Warehouse Inventory,2026-09-06T03:34:41.453917
5826,20220630,7143,74,10,0.00,0.00,Central Warehouse Inventory,2026-09-06T03:34:41.453917
5827,20220630,7144,17,10,0.00,0.00,Central Warehouse Inventory,2026-09-06T03:34:41.453917
5828,20220630,7145,21,10,0.00,0.00,Central Warehouse Inventory,2026-09-06T03:34:41.453917
5829,20220630,7146,24,10,0.00,0.00,Central Warehouse Inventory,2026-09-06T03:34:41.453917
5830,20220630,7147,19,10,0.00,0.00,Central Warehouse Inventory,2026-09-06T03:34:41.453917
5831,20220630,7148,25,10,0.00,0.00,Central Warehouse Inventory,2026-09-06T03:34:41.453917
5832,20220630,7149,26,10,0.00,0.00,Central Warehouse Inventory,2026-09-06T03:34:41.453917
5833,20220630,7150,13,10,0.00,0.00,Central Warehouse Inventory,2026-09-06T03:34:41.453917
5834,20220630,7151,164,10,0.00,0.00,Central Warehouse Inventory,2026-09-06T03:34:41.453917
5835,20220630,7152,99,10,0.00,0.00,Central Warehouse Inventory,2026-09-06T03:34:41.453917
5836,20220630,7153,73,10,0.00,0.00,Central Warehouse Inventory,2026-09-06T03:34:41.453917
5837,20220630,7154,150,10,0.00,0.00,Central Warehouse Inventory,2026-09-06T03:34:41.453917
5838,20220630,7155,21,10,0.00,0.00,Central Warehouse Inventory,2026-09-06T03:34:41.453917
5839,20220630,7156,77,10,0.00,0.00,Central Warehouse Inventory,2026-09-06T03:34:41.453917
5840,20220630,7157,17,10,0.00,0.00,Central Warehouse Inventory,2026-09-06T03:34:41.453917
5841,20220630,7158,70,10,0.00,0.00,Central Warehouse Inventory,2026-09-06T03:34:41.453917
5842,20220630,7159,47,10,0.00,0.00,Central Warehouse Inventory,2026-09-06T03:34:41.453917
5843,20220630,7160,30,10,0.00,0.00,Central Warehouse Inventory,2026-09-06T03:34:41.453917
5844,20220630,7161,52,10,0.00,0.00,Central Warehouse Inventory,2026-09-06T03:34:41.453917
5845,20220630,7162,22,10,0.00,0.00,Central Warehouse Inventory,2026-09-06T03:34:41.453917
5846,20220630,7163,15,10,0.00,0.00,Central Warehouse Inventory,2026-09-06T03:34:41.453917
5847,20220630,7164,19,10,0.00,0.00,Central Warehouse Inventory,2026-09-06T03:34:41.453917
5848,20220630,7165,3,10,0.00,0.00,Central Warehouse Inventory,2026-09-06T03:34:41.453917
5849,20220630,7166,13,10,0.00,0.00,Central Warehouse Inventory,2026-09-06T03:34:41.453917
5850,20220630,7167,33,10,0.00,0.00,Central Warehouse Inventory,2026-09-06T03:34:41.453917
5851,20220630,7168,9,10,0.00,0.00,Central Warehouse Inventory,2026-09-06T03:34:41.453917
5852,20220630,7169,8,10,0.00,0.00,Central Warehouse Inventory,2026-09-06T03:34:41.453917
5853,20220630,7170,19,10,0.00,0.00,Central Warehouse Inventory,2026-09-06T03:34:41.453917
5854,20220630,7171,9,10,0.00,0.00,Central Warehouse Inventory,2026-09-06T03:34:41.453917
5855,20220630,7172,135,10,0.00,0.00,Central Warehouse Inventory,2026-09-06T03:34:41.453917
5856,20220630,7173,72,10,0.00,0.00,Central Warehouse Inventory,2026-09-06T03:34:41.453917
5857,20220630,7174,15,10,0.00,0.00,Central Warehouse Inventory,2026-09-06T03:34:41.453917
5858,20220630,7175,41,10,0.00,0.00,Central Warehouse Inventory,2026-09-06T03:34:41.453917
5859,20220630,7176,82,10,0.00,0.00,Central Warehouse Inventory,2026-09-06T03:34:41.453917
5860,20220630,7177,81,10,0.00,0.00,Central Warehouse Inventory,2026-09-06T03:34:41.453917
5861,20220630,7178,62,10,0.00,0.00,Central Warehouse Inventory,2026-09-06T03:34:41.453917
5862,20220630,7179,37,10,0.00,0.00,Central Warehouse Inventory,2026-09-06T03:34:41.453917
5863,20220630,7180,32,10,0.00,0.00,Central Warehouse Inventory,2026-09-06T03:34:41.453917
5864,20220630,7181,10,10,0.00,0.00,Central Warehouse Inventory,2026-09-06T03:34:41.453917
5865,20220630,7182,51,10,0.00,0.00,Central Warehouse Inventory,2026-09-06T03:34:41.453917
5866,20220630,7183,14,10,0.00,0.00,Central Warehouse Inventory,2026-09-06T03:34:41.453917
5867,20220630,7184,47,10,0.00,0.00,Central Warehouse Inventory,2026-09-06T03:34:41.453917
5868,20220630,7185,11,10,0.00,0.00,Central Warehouse Inventory,2026-09-06T03:34:41.453917
5869,20220630,7186,3,10,0.00,0.00,Central Warehouse Inventory,2026-09-06T03:34:41.453917
5870,20220630,7187,3,10,0.00,0.00,Central Warehouse Inventory,2026-09-06T03:34:41.453917
5871,20220630,7188,4,10,0.00,0.00,Central Warehouse Inventory,2026-09-06T03:34:41.453917
5872,20220630,7189,3,10,0.00,0.00,Central Warehouse Inventory,2026-09-06T03:34:41.453917
5873,20220630,7190,6,10,0.00,0.00,Central Warehouse Inventory,2026-09-06T03:34:41.453917
5874,20220630,7191,5,10,0.00,0.00,Central Warehouse Inventory,2026-09-06T03:34:41.453917
5875,20220630,7192,2,10,0.00,0.00,Central Warehouse Inventory,2026-09-06T03:34:41.453917
5876,20220630,7193,3,10,0.00,0.00,Central Warehouse Inventory,2026-09-06T03:34:41.453917
5877,20220630,7194,7,10,0.00,0.00,Central Warehouse Inventory,2026-09-06T03:34:41.453917
5878,20220630,7195,10,10,0.00,0.00,Central Warehouse Inventory,2026-09-06T03:34:41.453917
5879,20220630,7196,4,10,0.00,0.00,Central Warehouse Inventory,2026-09-06T03:34:41.453917
5880,20220630,7197,14,10,0.00,0.00,Central Warehouse Inventory,2026-09-06T03:34:41.453917
5881,20220630,7198,10,10,0.00,0.00,Central Warehouse Inventory,2026-09-06T03:34:41.453917
5882,20220630,7199,9,10,0.00,0.00,Central Warehouse Inventory,2026-09-06T03:34:41.453917
5883,20220630,7200,72,10,0.00,0.00,Central Warehouse Inventory,2026-09-06T03:34:41.453917
5884,20220630,7201,70,10,0.00,0.00,Central Warehouse Inventory,2026-09-06T03:34:41.453917
5885,20220630,7202,99,10,0.00,0.00,Central Warehouse Inventory,2026-09-06T03:34:41.453917
5886,20220630,7203,59,10,0.00,0.00,Central Warehouse Inventory,2026-09-06T03:34:41.453917
5887,20220630,7204,56,10,0.00,0.00,Central Warehouse Inventory,2026-09-06T03:34:41.453917
5888,20220630,7205,72,10,0.00,0.00,Central Warehouse Inventory,2026-09-06T03:34:41.453917
5889,20220630,7206,6,10,0.00,0.00,Central Warehouse Inventory,2026-09-06T03:34:41.453917
5890,20220630,7207,3,10,0.00,0.00,Central Warehouse Inventory,2026-09-06T03:34:41.453917
5891,20220630,7208,6,10,0.00,0.00,Central Warehouse Inventory,2026-09-06T03:34:41.453917
5892,20220630,7209,6,10,0.00,0.00,Central Warehouse Inventory,2026-09-06T03:34:41.453917
5893,20220630,7210,4,10,0.00,0.00,Central Warehouse Inventory,2026-09-06T03:34:41.453917
5894,20220630,7211,3,10,0.00,0.00,Central Warehouse Inventory,2026-09-06T03:34:41.453917
5895,20220630,7212,8,10,0.00,0.00,Central Warehouse Inventory,2026-09-06T03:34:41.453917
5896,20220630,7213,2,10,0.00,0.00,Central Warehouse Inventory,2026-09-06T03:34:41.453917
5897,20220630,7214,7,10,0.00,0.00,Central Warehouse Inventory,2026-09-06T03:34:41.453917
5898,20220630,7215,9,10,0.00,0.00,Central Warehouse Inventory,2026-09-06T03:34:41.453917
5899,20220630,7216,44,10,0.00,0.00,Central Warehouse Inventory,2026-09-06T03:34:41.453917
5900,20220630,7217,15,10,0.00,0.00,Central Warehouse Inventory,2026-09-06T03:34:41.453917
5901,20220630,7218,45,10,0.00,0.00,Central Warehouse Inventory,2026-09-06T03:34:41.453917
5902,20220630,7219,56,10,0.00,0.00,Central Warehouse Inventory,2026-09-06T03:34:41.453917
5903,20220630,7220,8,10,0.00,0.00,Central Warehouse Inventory,2026-09-06T03:34:41.453917
5904,20220630,7221,38,10,0.00,0.00,Central Warehouse Inventory,2026-09-06T03:34:41.453917
5905,20220630,7222,47,10,0.00,0.00,Central Warehouse Inventory,2026-09-06T03:34:41.453917
5906,20220630,7223,57,10,0.00,0.00,Central Warehouse Inventory,2026-09-06T03:34:41.453917
5907,20220630,7224,26,10,0.00,0.00,Central Warehouse Inventory,2026-09-06T03:34:41.453917
5908,20220630,7225,81,10,0.00,0.00,Central Warehouse Inventory,2026-09-06T03:34:41.453917
5909,20220630,7226,40,10,0.00,0.00,Central Warehouse Inventory,2026-09-06T03:34:41.453917
5910,20220630,7227,22,10,0.00,0.00,Central Warehouse Inventory,2026-09-06T03:34:41.453917
5911,20220630,7228,15,10,0.00,0.00,Central Warehouse Inventory,2026-09-06T03:34:41.453917
5912,20220630,7229,15,10,0.00,0.00,Central Warehouse Inventory,2026-09-06T03:34:41.453917
5913,20220630,7230,34,10,0.00,0.00,Central Warehouse Inventory,2026-09-06T03:34:41.453917
5914,20220630,7231,18,10,0.00,0.00,Central Warehouse Inventory,2026-09-06T03:34:41.453917
5915,20220630,7232,31,10,0.00,0.00,Central Warehouse Inventory,2026-09-06T03:34:41.453917
5916,20220630,7233,27,10,0.00,0.00,Central Warehouse Inventory,2026-09-06T03:34:41.453917
5917,20220630,7234,33,10,0.00,0.00,Central Warehouse Inventory,2026-09-06T03:34:41.453917
5918,20220630,7235,110,10,0.00,0.00,Central Warehouse Inventory,2026-09-06T03:34:41.453917
5919,20220630,7236,112,10,0.00,0.00,Central Warehouse Inventory,2026-09-06T03:34:41.453917
5920,20220630,7237,121,10,0.00,0.00,Central Warehouse Inventory,2026-09-06T03:34:41.453917
5921,20220630,7238,99,10,0.00,0.00,Central Warehouse Inventory,2026-09-06T03:34:41.453917
5922,20220630,7239,54,10,0.00,0.00,Central Warehouse Inventory,2026-09-06T03:34:41.453917
5923,20220630,7240,112,10,0.00,0.00,Central Warehouse Inventory,2026-09-06T03:34:41.453917
5924,20220630,7241,40,10,0.00,0.00,Central Warehouse Inventory,2026-09-06T03:34:41.453917
5925,20220630,7242,86,10,0.00,0.00,Central Warehouse Inventory,2026-09-06T03:34:41.453917
5926,20220630,7243,52,10,0.00,0.00,Central Warehouse Inventory,2026-09-06T03:34:41.453917
5927,20220630,7244,26,10,0.00,0.00,Central Warehouse Inventory,2026-09-06T03:34:41.453917
5928,20220630,7245,83,10,0.00,0.00,Central Warehouse Inventory,2026-09-06T03:34:41.453917
5929,20220630,7246,49,10,0.00,0.00,Central Warehouse Inventory,2026-09-06T03:34:41.453917
5930,20220630,7247,112,10,0.00,0.00,Central Warehouse Inventory,2026-09-06T03:34:41.453917
5931,20220630,7248,96,10,0.00,0.00,Central Warehouse Inventory,2026-09-06T03:34:41.453917
5932,20220630,7249,135,10,0.00,0.00,Central Warehouse Inventory,2026-09-06T03:34:41.453917
5933,20220630,7250,170,10,0.00,0.00,Central Warehouse Inventory,2026-09-06T03:34:41.453917
5934,20220630,7251,105,10,0.00,0.00,Central Warehouse Inventory,2026-09-06T03:34:41.453917
5935,20220630,7252,198,10,0.00,0.00,Central Warehouse Inventory,2026-09-06T03:34:41.453917
5936,20220630,7253,39,10,0.00,0.00,Central Warehouse Inventory,2026-09-06T03:34:41.453917
5937,20220630,7254,60,10,0.00,0.00,Central Warehouse Inventory,2026-09-06T03:34:41.453917
5938,20220630,7255,71,10,0.00,0.00,Central Warehouse Inventory,2026-09-06T03:34:41.453917
5939,20220630,7256,0,10,0.00,0.00,Central Warehouse Inventory,2026-09-06T03:34:41.453917
5940,20220630,7257,0,10,0.00,0.00,Central Warehouse Inventory,2026-09-06T03:34:41.453917
5941,20220630,7258,0,10,0.00,0.00,Central Warehouse Inventory,2026-09-06T03:34:41.453917
5942,20220630,7259,0,10,0.00,0.00,Central Warehouse Inventory,2026-09-06T03:34:41.453917
5943,20220630,7260,0,10,0.00,0.00,Central Warehouse Inventory,2026-09-06T03:34:41.453917
5944,20220630,7261,0,10,0.00,0.00,Central Warehouse Inventory,2026-09-06T03:34:41.453917
5945,20220630,7262,0,10,0.00,0.00,Central Warehouse Inventory,2026-09-06T03:34:41.453917
5946,20220630,7263,139,10,0.00,0.00,Central Warehouse Inventory,2026-09-06T03:34:41.453917
5947,20220630,7264,90,10,0.00,0.00,Central Warehouse Inventory,2026-09-06T03:34:41.453917
5948,20220630,7265,116,10,0.00,0.00,Central Warehouse Inventory,2026-09-06T03:34:41.453917
5949,20220630,7266,163,10,0.00,0.00,Central Warehouse Inventory,2026-09-06T03:34:41.453917
5950,20220630,7267,89,10,0.00,0.00,Central Warehouse Inventory,2026-09-06T03:34:41.453917
5951,20220630,7268,112,10,0.00,0.00,Central Warehouse Inventory,2026-09-06T03:34:41.453917
5952,20220630,7269,137,10,0.00,0.00,Central Warehouse Inventory,2026-09-06T03:34:41.453917
5953,20220630,7270,4,10,0.00,0.00,Central Warehouse Inventory,2026-09-06T03:34:41.453917
5954,20220630,7271,5,10,0.00,0.00,Central Warehouse Inventory,2026-09-06T03:34:41.453917
5955,20220630,7272,8,10,0.00,0.00,Central Warehouse Inventory,2026-09-06T03:34:41.453917
5956,20220630,7273,5,10,0.00,0.00,Central Warehouse Inventory,2026-09-06T03:34:41.453917
5957,20220630,7274,45,10,0.00,0.00,Central Warehouse Inventory,2026-09-06T03:34:41.453917
5958,20220630,7275,5,10,0.00,0.00,Central Warehouse Inventory,2026-09-06T03:34:41.453917
5959,20220630,7276,4,10,0.00,0.00,Central Warehouse Inventory,2026-09-06T03:34:41.453917
5960,20220630,7277,2,10,0.00,0.00,Central Warehouse Inventory,2026-09-06T03:34:41.453917
5961,20220630,7278,0,10,0.00,0.00,Central Warehouse Inventory,2026-09-06T03:34:41.453917
5962,20220630,7279,56,10,0.00,0.00,Central Warehouse Inventory,2026-09-06T03:34:41.453917
5963,20220630,7280,2,10,0.00,0.00,Central Warehouse Inventory,2026-09-06T03:34:41.453917
5964,20220630,7281,63,10,0.00,0.00,Central Warehouse Inventory,2026-09-06T03:34:41.453917
5965,20220630,7282,19,10,0.00,0.00,Central Warehouse Inventory,2026-09-06T03:34:41.453917
5966,20220630,7283,4,10,0.00,0.00,Central Warehouse Inventory,2026-09-06T03:34:41.453917
5967,20220630,7284,3,10,0.00,0.00,Central Warehouse Inventory,2026-09-06T03:34:41.453917
5968,20220630,7285,2,10,0.00,0.00,Central Warehouse Inventory,2026-09-06T03:34:41.453917
5969,20220630,7286,0,10,0.00,0.00,Central Warehouse Inventory,2026-09-06T03:34:41.453917
5970,20220630,7287,6,10,0.00,0.00,Central Warehouse Inventory,2026-09-06T03:34:41.453917
5971,20220630,7288,9,10,0.00,0.00,Central Warehouse Inventory,2026-09-06T03:34:41.453917
5972,20220630,7289,5,10,0.00,0.00,Central Warehouse Inventory,2026-09-06T03:34:41.453917
5973,20220630,7290,7,10,0.00,0.00,Central Warehouse Inventory,2026-09-06T03:34:41.453917
5974,20220630,7291,9,10,0.00,0.00,Central Warehouse Inventory,2026-09-06T03:34:41.453917
5975,20220630,7292,12,10,0.00,0.00,Central Warehouse Inventory,2026-09-06T03:34:41.453917
5976,20220630,7293,46,10,0.00,0.00,Central Warehouse Inventory,2026-09-06T03:34:41.453917
5977,20220630,7294,18,10,0.00,0.00,Central Warehouse Inventory,2026-09-06T03:34:41.453917
5978,20220630,7295,23,10,0.00,0.00,Central Warehouse Inventory,2026-09-06T03:34:41.453917
5979,20220630,7296,25,10,0.00,0.00,Central Warehouse Inventory,2026-09-06T03:34:41.453917
5980,20220630,7297,6,10,0.00,0.00,Central Warehouse Inventory,2026-09-06T03:34:41.453917
5981,20220630,7298,42,10,0.00,0.00,Central Warehouse Inventory,2026-09-06T03:34:41.453917
5982,20220630,7299,73,10,0.00,0.00,Central Warehouse Inventory,2026-09-06T03:34:41.453917
5983,20220630,7300,34,10,0.00,0.00,Central Warehouse Inventory,2026-09-06T03:34:41.453917
5984,20220630,7301,35,10,0.00,0.00,Central Warehouse Inventory,2026-09-06T03:34:41.453917
5985,20220630,7302,9,10,0.00,0.00,Central Warehouse Inventory,2026-09-06T03:34:41.453917
5986,20220630,7303,56,10,0.00,0.00,Central Warehouse Inventory,2026-09-06T03:34:41.453917
5987,20220630,7304,7,10,0.00,0.00,Central Warehouse Inventory,2026-09-06T03:34:41.453917
5988,20220630,7305,20,10,0.00,0.00,Central Warehouse Inventory,2026-09-06T03:34:41.453917
5989,20220630,7306,42,10,0.00,0.00,Central Warehouse Inventory,2026-09-06T03:34:41.453917
5990,20220630,7307,68,10,0.00,0.00,Central Warehouse Inventory,2026-09-06T03:34:41.453917
5991,20220630,7308,12,10,0.00,0.00,Central Warehouse Inventory,2026-09-06T03:34:41.453917
5992,20220630,7309,45,10,0.00,0.00,Central Warehouse Inventory,2026-09-06T03:34:41.453917
5993,20220630,7310,34,10,0.00,0.00,Central Warehouse Inventory,2026-09-06T03:34:41.453917
5994,20220630,7311,5,10,0.00,0.00,Central Warehouse Inventory,2026-09-06T03:34:41.453917
5995,20220630,7312,8,10,0.00,0.00,Central Warehouse Inventory,2026-09-06T03:34:41.453917
5996,20220630,7313,14,10,0.00,0.00,Central Warehouse Inventory,2026-09-06T03:34:41.453917
5997,20220630,7314,6,10,0.00,0.00,Central Warehouse Inventory,2026-09-06T03:34:41.453917
5998,20220630,7315,38,10,0.00,0.00,Central Warehouse Inventory,2026-09-06T03:34:41.453917
5999,20220630,7316,17,10,0.00,0.00,Central Warehouse Inventory,2026-09-06T03:34:41.453917
6000,20220630,7317,33,10,0.00,0.00,Central Warehouse Inventory,2026-09-06T03:34:41.453917
6001,20220630,7318,12,10,0.00,0.00,Central Warehouse Inventory,2026-09-06T03:34:41.453917
6002,20220630,7319,35,10,0.00,0.00,Central Warehouse Inventory,2026-09-06T03:34:41.453917
6003,20220630,7320,45,10,0.00,0.00,Central Warehouse Inventory,2026-09-06T03:34:41.453917
6004,20220630,7321,69,10,0.00,0.00,Central Warehouse Inventory,2026-09-06T03:34:41.453917
6005,20220630,7322,49,10,0.00,0.00,Central Warehouse Inventory,2026-09-06T03:34:41.453917
6006,20220630,7323,28,10,0.00,0.00,Central Warehouse Inventory,2026-09-06T03:34:41.453917
6007,20220630,7324,42,10,0.00,0.00,Central Warehouse Inventory,2026-09-06T03:34:41.453917
6008,20220630,7325,14,10,0.00,0.00,Central Warehouse Inventory,2026-09-06T03:34:41.453917
6009,20220630,7326,31,10,0.00,0.00,Central Warehouse Inventory,2026-09-06T03:34:41.453917
6010,20220630,7327,67,10,0.00,0.00,Central Warehouse Inventory,2026-09-06T03:34:41.453917
6011,20220630,7328,98,10,0.00,0.00,Central Warehouse Inventory,2026-09-06T03:34:41.453917
6012,20220630,7329,42,10,0.00,0.00,Central Warehouse Inventory,2026-09-06T03:34:41.453917
6013,20220630,7330,75,10,0.00,0.00,Central Warehouse Inventory,2026-09-06T03:34:41.453917
6014,20220630,7331,12,10,0.00,0.00,Central Warehouse Inventory,2026-09-06T03:34:41.453917
6015,20220630,7332,5,10,0.00,0.00,Central Warehouse Inventory,2026-09-06T03:34:41.453917
6016,20220630,7333,75,10,0.00,0.00,Central Warehouse Inventory,2026-09-06T03:34:41.453917
6017,20220630,7334,101,10,0.00,0.00,Central Warehouse Inventory,2026-09-06T03:34:41.453917
6018,20220630,7335,94,10,0.00,0.00,Central Warehouse Inventory,2026-09-06T03:34:41.453917
6019,20220630,7336,104,10,0.00,0.00,Central Warehouse Inventory,2026-09-06T03:34:41.453917
6020,20220630,7337,26,10,0.00,0.00,Central Warehouse Inventory,2026-09-06T03:34:41.453917
6021,20220630,7338,101,10,0.00,0.00,Central Warehouse Inventory,2026-09-06T03:34:41.453917
6022,20220630,7339,104,10,0.00,0.00,Central Warehouse Inventory,2026-09-06T03:34:41.453917
6023,20220630,7340,118,10,0.00,0.00,Central Warehouse Inventory,2026-09-06T03:34:41.453917
6024,20220630,7341,163,10,0.00,0.00,Central Warehouse Inventory,2026-09-06T03:34:41.453917
6025,20220630,7342,47,10,0.00,0.00,Central Warehouse Inventory,2026-09-06T03:34:41.453917
6026,20220630,7343,180,10,0.00,0.00,Central Warehouse Inventory,2026-09-06T03:34:41.453917
6027,20220630,7344,57,10,0.00,0.00,Central Warehouse Inventory,2026-09-06T03:34:41.453917
6028,20220630,7345,151,10,0.00,0.00,Central Warehouse Inventory,2026-09-06T03:34:41.453917
6029,20220630,7346,122,10,0.00,0.00,Central Warehouse Inventory,2026-09-06T03:34:41.453917
6030,20220630,7347,5,10,0.00,0.00,Central Warehouse Inventory,2026-09-06T03:34:41.453917
6031,20220630,7348,5,10,0.00,0.00,Central Warehouse Inventory,2026-09-06T03:34:41.453917
6032,20220630,7349,6,10,0.00,0.00,Central Warehouse Inventory,2026-09-06T03:34:41.453917
6033,20220630,7350,5,10,0.00,0.00,Central Warehouse Inventory,2026-09-06T03:34:41.453917
6034,20220630,7351,12,10,0.00,0.00,Central Warehouse Inventory,2026-09-06T03:34:41.453917
6035,20220630,7352,9,10,0.00,0.00,Central Warehouse Inventory,2026-09-06T03:34:41.453917
6036,20220630,7353,3,10,0.00,0.00,Central Warehouse Inventory,2026-09-06T03:34:41.453917
6037,20220630,7354,5,10,0.00,0.00,Central Warehouse Inventory,2026-09-06T03:34:41.453917
6038,20220630,7355,6,10,0.00,0.00,Central Warehouse Inventory,2026-09-06T03:34:41.453917
6039,20220630,7356,2,10,0.00,0.00,Central Warehouse Inventory,2026-09-06T03:34:41.453917
6040,20220630,7357,13,10,0.00,0.00,Central Warehouse Inventory,2026-09-06T03:34:41.453917
6041,20220630,7358,101,10,0.00,0.00,Central Warehouse Inventory,2026-09-06T03:34:41.453917
6042,20220630,7359,0,10,0.00,0.00,Central Warehouse Inventory,2026-09-06T03:34:41.453917
6043,20220630,7360,4,10,0.00,0.00,Central Warehouse Inventory,2026-09-06T03:34:41.453917
6044,20220630,7361,3,10,0.00,0.00,Central Warehouse Inventory,2026-09-06T03:34:41.453917
6045,20220630,7362,2,10,0.00,0.00,Central Warehouse Inventory,2026-09-06T03:34:41.453917
6046,20220630,7363,5,10,0.00,0.00,Central Warehouse Inventory,2026-09-06T03:34:41.453917
6047,20220630,7364,4,10,0.00,0.00,Central Warehouse Inventory,2026-09-06T03:34:41.453917
6048,20220630,7365,13,10,0.00,0.00,Central Warehouse Inventory,2026-09-06T03:34:41.453917
6049,20220630,7366,8,10,0.00,0.00,Central Warehouse Inventory,2026-09-06T03:34:41.453917
6050,20220630,7367,9,10,0.00,0.00,Central Warehouse Inventory,2026-09-06T03:34:41.453917
6051,20220630,7368,48,10,0.00,0.00,Central Warehouse Inventory,2026-09-06T03:34:41.453917
6052,20220630,7369,28,10,0.00,0.00,Central Warehouse Inventory,2026-09-06T03:34:41.453917
6053,20220630,7370,41,10,0.00,0.00,Central Warehouse Inventory,2026-09-06T03:34:41.453917
6054,20220630,7371,8,10,0.00,0.00,Central Warehouse Inventory,2026-09-06T03:34:41.453917
6055,20220630,7372,17,10,0.00,0.00,Central Warehouse Inventory,2026-09-06T03:34:41.453917
6056,20220630,7373,7,10,0.00,0.00,Central Warehouse Inventory,2026-09-06T03:34:41.453917
6057,20220630,7374,14,10,0.00,0.00,Central Warehouse Inventory,2026-09-06T03:34:41.453917
6058,20220630,7375,37,10,0.00,0.00,Central Warehouse Inventory,2026-09-06T03:34:41.453917
6059,20220630,7376,3,10,0.00,0.00,Central Warehouse Inventory,2026-09-06T03:34:41.453917
6060,20220630,7377,13,10,0.00,0.00,Central Warehouse Inventory,2026-09-06T03:34:41.453917
6061,20220630,7378,62,10,0.00,0.00,Central Warehouse Inventory,2026-09-06T03:34:41.453917
6062,20220630,7379,89,10,0.00,0.00,Central Warehouse Inventory,2026-09-06T03:34:41.453917
6063,20220630,7380,0,10,0.00,0.00,Central Warehouse Inventory,2026-09-06T03:34:41.453917
6064,20220630,7381,93,10,0.00,0.00,Central Warehouse Inventory,2026-09-06T03:34:41.453917
6065,20220630,7382,3,10,0.00,0.00,Central Warehouse Inventory,2026-09-06T03:34:41.453917
6066,20220630,7383,4,10,0.00,0.00,Central Warehouse Inventory,2026-09-06T03:34:41.453917
6067,20220630,7384,3,10,0.00,0.00,Central Warehouse Inventory,2026-09-06T03:34:41.453917
6068,20220630,7385,1,10,0.00,0.00,Central Warehouse Inventory,2026-09-06T03:34:41.453917
6069,20220630,7386,5,10,0.00,0.00,Central Warehouse Inventory,2026-09-06T03:34:41.453917
6070,20220630,7387,2,10,0.00,0.00,Central Warehouse Inventory,2026-09-06T03:34:41.453917
6071,20220630,7388,8,10,0.00,0.00,Central Warehouse Inventory,2026-09-06T03:34:41.453917
6072,20220630,7389,6,10,0.00,0.00,Central Warehouse Inventory,2026-09-06T03:34:41.453917
6073,20220630,7390,7,10,0.00,0.00,Central Warehouse Inventory,2026-09-06T03:34:41.453917
6074,20220630,7391,4,10,0.00,0.00,Central Warehouse Inventory,2026-09-06T03:34:41.453917
6075,20220630,7392,6,10,0.00,0.00,Central Warehouse Inventory,2026-09-06T03:34:41.453917
6076,20220630,7393,46,10,0.00,0.00,Central Warehouse Inventory,2026-09-06T03:34:41.453917
6077,20220630,7394,15,10,0.00,0.00,Central Warehouse Inventory,2026-09-06T03:34:41.453917
6078,20220630,7395,7,10,0.00,0.00,Central Warehouse Inventory,2026-09-06T03:34:41.453917
6079,20220630,7396,15,10,0.00,0.00,Central Warehouse Inventory,2026-09-06T03:34:41.453917
6080,20220630,7397,16,10,0.00,0.00,Central Warehouse Inventory,2026-09-06T03:34:41.453917
6081,20220630,7398,20,10,0.00,0.00,Central Warehouse Inventory,2026-09-06T03:34:41.453917
6082,20220630,7399,9,10,0.00,0.00,Central Warehouse Inventory,2026-09-06T03:34:41.453917
6083,20220630,7400,13,10,0.00,0.00,Central Warehouse Inventory,2026-09-06T03:34:41.453917
6084,20220630,7401,46,10,0.00,0.00,Central Warehouse Inventory,2026-09-06T03:34:41.453917
6085,20220630,7402,74,10,0.00,0.00,Central Warehouse Inventory,2026-09-06T03:34:41.453917
6086,20220630,7403,130,10,0.00,0.00,Central Warehouse Inventory,2026-09-06T03:34:41.453917
6087,20220630,7404,55,10,0.00,0.00,Central Warehouse Inventory,2026-09-06T03:34:41.453917
6088,20220630,7405,23,10,0.00,0.00,Central Warehouse Inventory,2026-09-06T03:34:41.453917
6089,20220630,7406,64,10,0.00,0.00,Central Warehouse Inventory,2026-09-06T03:34:41.453917
6090,20220630,7407,28,10,0.00,0.00,Central Warehouse Inventory,2026-09-06T03:34:41.453917
6091,20220630,7408,30,10,0.00,0.00,Central Warehouse Inventory,2026-09-06T03:34:41.453917
6092,20220630,7409,7,10,0.00,0.00,Central Warehouse Inventory,2026-09-06T03:34:41.453917
6093,20220630,7410,68,10,0.00,0.00,Central Warehouse Inventory,2026-09-06T03:34:41.453917
6094,20220630,7411,89,10,0.00,0.00,Central Warehouse Inventory,2026-09-06T03:34:41.453917
6095,20220630,7412,106,10,0.00,0.00,Central Warehouse Inventory,2026-09-06T03:34:41.453917
6096,20220630,7413,95,10,0.00,0.00,Central Warehouse Inventory,2026-09-06T03:34:41.453917
6097,20220630,7414,84,10,0.00,0.00,Central Warehouse Inventory,2026-09-06T03:34:41.453917
6098,20220630,7415,116,10,0.00,0.00,Central Warehouse Inventory,2026-09-06T03:34:41.453917
6099,20220630,7416,77,10,0.00,0.00,Central Warehouse Inventory,2026-09-06T03:34:41.453917
6100,20220630,7417,10,10,0.00,0.00,Central Warehouse Inventory,2026-09-06T03:34:41.453917
6101,20220630,7418,9,10,0.00,0.00,Central Warehouse Inventory,2026-09-06T03:34:41.453917
6102,20220630,7419,37,10,0.00,0.00,Central Warehouse Inventory,2026-09-06T03:34:41.453917
6103,20220630,7420,4,10,0.00,0.00,Central Warehouse Inventory,2026-09-06T03:34:41.453917
6104,20220630,7421,36,10,0.00,0.00,Central Warehouse Inventory,2026-09-06T03:34:41.453917
6105,20220630,7422,11,10,0.00,0.00,Central Warehouse Inventory,2026-09-06T03:34:41.453917
6106,20220630,7423,6,10,0.00,0.00,Central Warehouse Inventory,2026-09-06T03:34:41.453917
6107,20220630,7424,9,10,0.00,0.00,Central Warehouse Inventory,2026-09-06T03:34:41.453917
6108,20220630,7425,62,10,0.00,0.00,Central Warehouse Inventory,2026-09-06T03:34:41.453917
6109,20220630,7426,10,10,0.00,0.00,Central Warehouse Inventory,2026-09-06T03:34:41.453917
6110,20220630,7427,7,10,0.00,0.00,Central Warehouse Inventory,2026-09-06T03:34:41.453917
6111,20220630,7428,5,10,0.00,0.00,Central Warehouse Inventory,2026-09-06T03:34:41.453917
6112,20220630,7429,2,10,0.00,0.00,Central Warehouse Inventory,2026-09-06T03:34:41.453917
6113,20220630,7430,12,10,0.00,0.00,Central Warehouse Inventory,2026-09-06T03:34:41.453917
6114,20220630,7431,0,10,0.00,0.00,Central Warehouse Inventory,2026-09-06T03:34:41.453917
6115,20220630,7432,13,10,0.00,0.00,Central Warehouse Inventory,2026-09-06T03:34:41.453917
6116,20220630,7433,37,10,0.00,0.00,Central Warehouse Inventory,2026-09-06T03:34:41.453917
6117,20220630,7434,1,10,0.00,0.00,Central Warehouse Inventory,2026-09-06T03:34:41.453917
6118,20220630,7435,37,10,0.00,0.00,Central Warehouse Inventory,2026-09-06T03:34:41.453917
6119,20220630,7436,16,10,0.00,0.00,Central Warehouse Inventory,2026-09-06T03:34:41.453917
6120,20220630,7437,21,10,0.00,0.00,Central Warehouse Inventory,2026-09-06T03:34:41.453917
6121,20220630,7438,7,10,0.00,0.00,Central Warehouse Inventory,2026-09-06T03:34:41.453917
6122,20220630,7439,6,10,0.00,0.00,Central Warehouse Inventory,2026-09-06T03:34:41.453917
6123,20220630,7440,5,10,0.00,0.00,Central Warehouse Inventory,2026-09-06T03:34:41.453917
6124,20220630,7441,7,10,0.00,0.00,Central Warehouse Inventory,2026-09-06T03:34:41.453917
6125,20220630,7442,5,10,0.00,0.00,Central Warehouse Inventory,2026-09-06T03:34:41.453917
6126,20220630,7443,18,10,0.00,0.00,Central Warehouse Inventory,2026-09-06T03:34:41.453917
6127,20220630,7444,12,10,0.00,0.00,Central Warehouse Inventory,2026-09-06T03:34:41.453917
6128,20220630,7445,1,10,0.00,0.00,Central Warehouse Inventory,2026-09-06T03:34:41.453917
6129,20220630,7446,0,10,0.00,0.00,Central Warehouse Inventory,2026-09-06T03:34:41.453917
6130,20220630,7447,15,10,0.00,0.00,Central Warehouse Inventory,2026-09-06T03:34:41.453917
6131,20220630,7448,0,10,0.00,0.00,Central Warehouse Inventory,2026-09-06T03:34:41.453917
6132,20220630,7449,17,10,0.00,0.00,Central Warehouse Inventory,2026-09-06T03:34:41.453917
6133,20220630,7450,2,10,0.00,0.00,Central Warehouse Inventory,2026-09-06T03:34:41.453917
6134,20220630,7451,0,10,0.00,0.00,Central Warehouse Inventory,2026-09-06T03:34:41.453917
6135,20220630,7452,5,10,0.00,0.00,Central Warehouse Inventory,2026-09-06T03:34:41.453917
6136,20220630,7453,7,10,0.00,0.00,Central Warehouse Inventory,2026-09-06T03:34:41.453917
6137,20220630,7454,6,10,0.00,0.00,Central Warehouse Inventory,2026-09-06T03:34:41.453917
6138,20220630,7455,2,10,0.00,0.00,Central Warehouse Inventory,2026-09-06T03:34:41.453917
6139,20220630,7456,9,10,0.00,0.00,Central Warehouse Inventory,2026-09-06T03:34:41.453917
6140,20220630,7457,7,10,0.00,0.00,Central Warehouse Inventory,2026-09-06T03:34:41.453917
6141,20220630,7458,4,10,0.00,0.00,Central Warehouse Inventory,2026-09-06T03:34:41.453917
6142,20220630,7459,4,10,0.00,0.00,Central Warehouse Inventory,2026-09-06T03:34:41.453917
6143,20220630,7460,4,10,0.00,0.00,Central Warehouse Inventory,2026-09-06T03:34:41.453917
6144,20220630,7461,4,10,0.00,0.00,Central Warehouse Inventory,2026-09-06T03:34:41.453917
6145,20220630,7462,4,10,0.00,0.00,Central Warehouse Inventory,2026-09-06T03:34:41.453917
6146,20220630,7463,4,10,0.00,0.00,Central Warehouse Inventory,2026-09-06T03:34:41.453917
6147,20220630,7464,4,10,0.00,0.00,Central Warehouse Inventory,2026-09-06T03:34:41.453917
6148,20220630,7465,1,10,0.00,0.00,Central Warehouse Inventory,2026-09-06T03:34:41.453917
6149,20220630,7466,4,10,0.00,0.00,Central Warehouse Inventory,2026-09-06T03:34:41.453917
6150,20220630,7467,5,10,0.00,0.00,Central Warehouse Inventory,2026-09-06T03:34:41.453917
6151,20220630,7468,4,10,0.00,0.00,Central Warehouse Inventory,2026-09-06T03:34:41.453917
6152,20220630,7469,3,10,0.00,0.00,Central Warehouse Inventory,2026-09-06T03:34:41.453917
6153,20220630,7470,16,10,0.00,0.00,Central Warehouse Inventory,2026-09-06T03:34:41.453917
6154,20220630,7471,2,10,0.00,0.00,Central Warehouse Inventory,2026-09-06T03:34:41.453917
6155,20220630,7472,4,10,0.00,0.00,Central Warehouse Inventory,2026-09-06T03:34:41.453917
6156,20220630,7473,8,10,0.00,0.00,Central Warehouse Inventory,2026-09-06T03:34:41.453917
6157,20220630,7474,7,10,0.00,0.00,Central Warehouse Inventory,2026-09-06T03:34:41.453917
6158,20220630,7475,11,10,0.00,0.00,Central Warehouse Inventory,2026-09-06T03:34:41.453917
6159,20220630,7476,2,10,0.00,0.00,Central Warehouse Inventory,2026-09-06T03:34:41.453917
6160,20220630,7477,6,10,0.00,0.00,Central Warehouse Inventory,2026-09-06T03:34:41.453917
6161,20220630,7478,9,10,0.00,0.00,Central Warehouse Inventory,2026-09-06T03:34:41.453917
6162,20220630,7479,3,10,0.00,0.00,Central Warehouse Inventory,2026-09-06T03:34:41.453917
6163,20220630,7480,3,10,0.00,0.00,Central Warehouse Inventory,2026-09-06T03:34:41.453917
6164,20220630,7481,3,10,0.00,0.00,Central Warehouse Inventory,2026-09-06T03:34:41.453917
6165,20220630,7482,10,10,0.00,0.00,Central Warehouse Inventory,2026-09-06T03:34:41.453917
6166,20220630,7483,2,10,0.00,0.00,Central Warehouse Inventory,2026-09-06T03:34:41.453917
6167,20220630,7484,16,10,0.00,0.00,Central Warehouse Inventory,2026-09-06T03:34:41.453917
6168,20220630,7485,3,10,0.00,0.00,Central Warehouse Inventory,2026-09-06T03:34:41.453917
6169,20220630,7486,2,10,0.00,0.00,Central Warehouse Inventory,2026-09-06T03:34:41.453917
6170,20220630,7487,4,10,0.00,0.00,Central Warehouse Inventory,2026-09-06T03:34:41.453917
6171,20220630,7488,4,10,0.00,0.00,Central Warehouse Inventory,2026-09-06T03:34:41.453917
6172,20220630,7489,4,10,0.00,0.00,Central Warehouse Inventory,2026-09-06T03:34:41.453917
6173,20220630,7490,2,10,0.00,0.00,Central Warehouse Inventory,2026-09-06T03:34:41.453917
6174,20220630,7491,7,10,0.00,0.00,Central Warehouse Inventory,2026-09-06T03:34:41.453917
6175,20220630,7492,4,10,0.00,0.00,Central Warehouse Inventory,2026-09-06T03:34:41.453917
6176,20220630,7493,4,10,0.00,0.00,Central Warehouse Inventory,2026-09-06T03:34:41.453917
6177,20220630,7494,6,10,0.00,0.00,Central Warehouse Inventory,2026-09-06T03:34:41.453917
6178,20220630,7495,6,10,0.00,0.00,Central Warehouse Inventory,2026-09-06T03:34:41.453917
6179,20220630,7496,67,10,0.00,0.00,Central Warehouse Inventory,2026-09-06T03:34:41.453917
6180,20220630,7497,18,10,0.00,0.00,Central Warehouse Inventory,2026-09-06T03:34:41.453917
6181,20220630,7498,51,10,0.00,0.00,Central Warehouse Inventory,2026-09-06T03:34:41.453917
6182,20220630,7499,7,10,0.00,0.00,Central Warehouse Inventory,2026-09-06T03:34:41.453917
6183,20220630,7500,2,10,0.00,0.00,Central Warehouse Inventory,2026-09-06T03:34:41.453917
6184,20220630,7501,4,10,0.00,0.00,Central Warehouse Inventory,2026-09-06T03:34:41.453917
6185,20220630,7502,3,10,0.00,0.00,Central Warehouse Inventory,2026-09-06T03:34:41.453917
6186,20220630,7503,6,10,0.00,0.00,Central Warehouse Inventory,2026-09-06T03:34:41.453917
6187,20220630,7504,2,10,0.00,0.00,Central Warehouse Inventory,2026-09-06T03:34:41.453917
6188,20220630,7505,9,10,0.00,0.00,Central Warehouse Inventory,2026-09-06T03:34:41.453917
6189,20220630,7506,3,10,0.00,0.00,Central Warehouse Inventory,2026-09-06T03:34:41.453917
6190,20220630,7507,2,10,0.00,0.00,Central Warehouse Inventory,2026-09-06T03:34:41.453917
6191,20220630,7508,2,10,0.00,0.00,Central Warehouse Inventory,2026-09-06T03:34:41.453917
6192,20220630,7509,4,10,0.00,0.00,Central Warehouse Inventory,2026-09-06T03:34:41.453917
6193,20220630,7510,6,10,0.00,0.00,Central Warehouse Inventory,2026-09-06T03:34:41.453917
6194,20220630,7511,0,10,0.00,0.00,Central Warehouse Inventory,2026-09-06T03:34:41.453917
6195,20220630,7512,10,10,0.00,0.00,Central Warehouse Inventory,2026-09-06T03:34:41.453917
6196,20220630,7513,2,10,0.00,0.00,Central Warehouse Inventory,2026-09-06T03:34:41.453917
6197,20220630,7514,1,10,0.00,0.00,Central Warehouse Inventory,2026-09-06T03:34:41.453917
6198,20220630,7515,19,10,0.00,0.00,Central Warehouse Inventory,2026-09-06T03:34:41.453917
6199,20220630,7516,14,10,0.00,0.00,Central Warehouse Inventory,2026-09-06T03:34:41.453917
6200,20220630,7517,22,10,0.00,0.00,Central Warehouse Inventory,2026-09-06T03:34:41.453917
6201,20220630,7518,14,10,0.00,0.00,Central Warehouse Inventory,2026-09-06T03:34:41.453917
6202,20220630,7519,21,10,0.00,0.00,Central Warehouse Inventory,2026-09-06T03:34:41.453917
6203,20220630,7520,14,10,0.00,0.00,Central Warehouse Inventory,2026-09-06T03:34:41.453917
6204,20220630,7521,12,10,0.00,0.00,Central Warehouse Inventory,2026-09-06T03:34:41.453917
6205,20220630,7522,8,10,0.00,0.00,Central Warehouse Inventory,2026-09-06T03:34:41.453917
6206,20220630,7523,20,10,0.00,0.00,Central Warehouse Inventory,2026-09-06T03:34:41.453917
6207,20220630,7524,2,10,0.00,0.00,Central Warehouse Inventory,2026-09-06T03:34:41.453917
6208,20220630,7525,7,10,0.00,0.00,Central Warehouse Inventory,2026-09-06T03:34:41.453917
6209,20220630,7526,26,10,0.00,0.00,Central Warehouse Inventory,2026-09-06T03:34:41.453917
6210,20220630,7527,18,10,0.00,0.00,Central Warehouse Inventory,2026-09-06T03:34:41.453917
6211,20220630,7528,1,10,0.00,0.00,Central Warehouse Inventory,2026-09-06T03:34:41.453917
6212,20220630,7529,1,10,0.00,0.00,Central Warehouse Inventory,2026-09-06T03:34:41.453917
6213,20220630,7530,20,10,0.00,0.00,Central Warehouse Inventory,2026-09-06T03:34:41.453917
6214,20220630,7531,4,10,0.00,0.00,Central Warehouse Inventory,2026-09-06T03:34:41.453917
6215,20220630,7532,5,10,0.00,0.00,Central Warehouse Inventory,2026-09-06T03:34:41.453917
6216,20220630,7533,7,10,0.00,0.00,Central Warehouse Inventory,2026-09-06T03:34:41.453917
6217,20220630,7534,3,10,0.00,0.00,Central Warehouse Inventory,2026-09-06T03:34:41.453917
6218,20220630,7535,2,10,0.00,0.00,Central Warehouse Inventory,2026-09-06T03:34:41.453917
6219,20220630,7536,1,10,0.00,0.00,Central Warehouse Inventory,2026-09-06T03:34:41.453917
6220,20220630,7537,3,10,0.00,0.00,Central Warehouse Inventory,2026-09-06T03:34:41.453917
6221,20220630,7538,3,10,0.00,0.00,Central Warehouse Inventory,2026-09-06T03:34:41.453917
6222,20220630,7539,12,10,0.00,0.00,Central Warehouse Inventory,2026-09-06T03:34:41.453917
6223,20220630,7540,1,10,0.00,0.00,Central Warehouse Inventory,2026-09-06T03:34:41.453917
6224,20220630,7541,4,10,0.00,0.00,Central Warehouse Inventory,2026-09-06T03:34:41.453917
6225,20220630,7542,9,10,0.00,0.00,Central Warehouse Inventory,2026-09-06T03:34:41.453917
6226,20220630,7543,7,10,0.00,0.00,Central Warehouse Inventory,2026-09-06T03:34:41.453917
6227,20220630,7544,3,10,0.00,0.00,Central Warehouse Inventory,2026-09-06T03:34:41.453917
6228,20220630,7545,14,10,0.00,0.00,Central Warehouse Inventory,2026-09-06T03:34:41.453917
6229,20220630,7546,42,10,0.00,0.00,Central Warehouse Inventory,2026-09-06T03:34:41.453917
6230,20220630,7547,34,10,0.00,0.00,Central Warehouse Inventory,2026-09-06T03:34:41.453917
6231,20220630,7548,7,10,0.00,0.00,Central Warehouse Inventory,2026-09-06T03:34:41.453917
6232,20220630,7549,9,10,0.00,0.00,Central Warehouse Inventory,2026-09-06T03:34:41.453917
6233,20220630,7550,45,10,0.00,0.00,Central Warehouse Inventory,2026-09-06T03:34:41.453917
6234,20220630,7551,42,10,0.00,0.00,Central Warehouse Inventory,2026-09-06T03:34:41.453917
6235,20220630,7552,43,10,0.00,0.00,Central Warehouse Inventory,2026-09-06T03:34:41.453917
6236,20220630,7553,42,10,0.00,0.00,Central Warehouse Inventory,2026-09-06T03:34:41.453917
6237,20220630,7554,43,10,0.00,0.00,Central Warehouse Inventory,2026-09-06T03:34:41.453917
6238,20220630,7555,46,10,0.00,0.00,Central Warehouse Inventory,2026-09-06T03:34:41.453917
6239,20220630,7556,35,10,0.00,0.00,Central Warehouse Inventory,2026-09-06T03:34:41.453917
6240,20220630,7557,49,10,0.00,0.00,Central Warehouse Inventory,2026-09-06T03:34:41.453917
6241,20220630,7558,41,10,0.00,0.00,Central Warehouse Inventory,2026-09-06T03:34:41.453917
6242,20220630,7559,54,10,0.00,0.00,Central Warehouse Inventory,2026-09-06T03:34:41.453917
6243,20220630,7560,51,10,0.00,0.00,Central Warehouse Inventory,2026-09-06T03:34:41.453917
6244,20220630,7561,42,10,0.00,0.00,Central Warehouse Inventory,2026-09-06T03:34:41.453917
6245,20220630,7562,44,10,0.00,0.00,Central Warehouse Inventory,2026-09-06T03:34:41.453917
6246,20220630,7563,10,10,0.00,0.00,Central Warehouse Inventory,2026-09-06T03:34:41.453917
6247,20220630,7564,35,10,0.00,0.00,Central Warehouse Inventory,2026-09-06T03:34:41.453917
6248,20220630,7565,46,10,0.00,0.00,Central Warehouse Inventory,2026-09-06T03:34:41.453917
6249,20220630,7566,37,10,0.00,0.00,Central Warehouse Inventory,2026-09-06T03:34:41.453917
6250,20220630,7567,25,10,0.00,0.00,Central Warehouse Inventory,2026-09-06T03:34:41.453917
6251,20220630,7568,44,10,0.00,0.00,Central Warehouse Inventory,2026-09-06T03:34:41.453917
6252,20220630,7569,55,10,0.00,0.00,Central Warehouse Inventory,2026-09-06T03:34:41.453917
6253,20220630,7570,42,10,0.00,0.00,Central Warehouse Inventory,2026-09-06T03:34:41.453917
6254,20220630,7571,49,10,0.00,0.00,Central Warehouse Inventory,2026-09-06T03:34:41.453917
6255,20220630,7572,47,10,0.00,0.00,Central Warehouse Inventory,2026-09-06T03:34:41.453917
6256,20220630,7573,21,10,0.00,0.00,Central Warehouse Inventory,2026-09-06T03:34:41.453917
6257,20220630,7574,47,10,0.00,0.00,Central Warehouse Inventory,2026-09-06T03:34:41.453917
6258,20220630,7575,36,10,0.00,0.00,Central Warehouse Inventory,2026-09-06T03:34:41.453917
6259,20220630,7576,25,10,0.00,0.00,Central Warehouse Inventory,2026-09-06T03:34:41.453917
6260,20220630,7577,34,10,0.00,0.00,Central Warehouse Inventory,2026-09-06T03:34:41.453917
6261,20220630,7578,16,10,0.00,0.00,Central Warehouse Inventory,2026-09-06T03:34:41.453917
6262,20220630,7579,9,10,0.00,0.00,Central Warehouse Inventory,2026-09-06T03:34:41.453917
6263,20220630,7580,40,10,0.00,0.00,Central Warehouse Inventory,2026-09-06T03:34:41.453917
6264,20220630,7581,19,10,0.00,0.00,Central Warehouse Inventory,2026-09-06T03:34:41.453917
6265,20220630,7582,55,10,0.00,0.00,Central Warehouse Inventory,2026-09-06T03:34:41.453917
6266,20220630,7583,29,10,0.00,0.00,Central Warehouse Inventory,2026-09-06T03:34:41.453917
6267,20220630,7584,18,10,0.00,0.00,Central Warehouse Inventory,2026-09-06T03:34:41.453917
6268,20220630,7585,5,10,0.00,0.00,Central Warehouse Inventory,2026-09-06T03:34:41.453917
6269,20220630,7586,5,10,0.00,0.00,Central Warehouse Inventory,2026-09-06T03:34:41.453917
6270,20220630,7587,41,10,0.00,0.00,Central Warehouse Inventory,2026-09-06T03:34:41.453917
6271,20220630,7588,2,10,0.00,0.00,Central Warehouse Inventory,2026-09-06T03:34:41.453917
6272,20220630,7589,35,10,0.00,0.00,Central Warehouse Inventory,2026-09-06T03:34:41.453917
6273,20220630,7590,2,10,0.00,0.00,Central Warehouse Inventory,2026-09-06T03:34:41.453917
6274,20220630,7591,2,10,0.00,0.00,Central Warehouse Inventory,2026-09-06T03:34:41.453917
6275,20220630,7592,27,10,0.00,0.00,Central Warehouse Inventory,2026-09-06T03:34:41.453917
6276,20220630,7593,27,10,0.00,0.00,Central Warehouse Inventory,2026-09-06T03:34:41.453917
6277,20220630,7594,65,10,0.00,0.00,Central Warehouse Inventory,2026-09-06T03:34:41.453917
6278,20220630,7595,28,10,0.00,0.00,Central Warehouse Inventory,2026-09-06T03:34:41.453917
6279,20220630,7596,32,10,0.00,0.00,Central Warehouse Inventory,2026-09-06T03:34:41.453917
6280,20220630,7597,10,10,0.00,0.00,Central Warehouse Inventory,2026-09-06T03:34:41.453917
6281,20220630,7598,6,10,0.00,0.00,Central Warehouse Inventory,2026-09-06T03:34:41.453917
6282,20220630,7599,9,10,0.00,0.00,Central Warehouse Inventory,2026-09-06T03:34:41.453917
6283,20220630,7600,10,10,0.00,0.00,Central Warehouse Inventory,2026-09-06T03:34:41.453917
6284,20220630,7601,9,10,0.00,0.00,Central Warehouse Inventory,2026-09-06T03:34:41.453917
6285,20220630,7602,3,10,0.00,0.00,Central Warehouse Inventory,2026-09-06T03:34:41.453917
6286,20220630,7603,5,10,0.00,0.00,Central Warehouse Inventory,2026-09-06T03:34:41.453917
6287,20220630,7604,6,10,0.00,0.00,Central Warehouse Inventory,2026-09-06T03:34:41.453917
6288,20220630,7605,5,10,0.00,0.00,Central Warehouse Inventory,2026-09-06T03:34:41.453917
6289,20220630,7606,5,10,0.00,0.00,Central Warehouse Inventory,2026-09-06T03:34:41.453917
6290,20220630,7607,27,10,0.00,0.00,Central Warehouse Inventory,2026-09-06T03:34:41.453917
6291,20220630,7608,27,10,0.00,0.00,Central Warehouse Inventory,2026-09-06T03:34:41.453917
6292,20220630,7609,29,10,0.00,0.00,Central Warehouse Inventory,2026-09-06T03:34:41.453917
6293,20220630,7610,25,10,0.00,0.00,Central Warehouse Inventory,2026-09-06T03:34:41.453917
6294,20220630,7611,28,10,0.00,0.00,Central Warehouse Inventory,2026-09-06T03:34:41.453917
6295,20220630,7612,13,10,0.00,0.00,Central Warehouse Inventory,2026-09-06T03:34:41.453917
6296,20220630,7613,13,10,0.00,0.00,Central Warehouse Inventory,2026-09-06T03:34:41.453917
6297,20220630,7614,17,10,0.00,0.00,Central Warehouse Inventory,2026-09-06T03:34:41.453917
6298,20220630,7615,10,10,0.00,0.00,Central Warehouse Inventory,2026-09-06T03:34:41.453917
6299,20220630,7616,9,10,0.00,0.00,Central Warehouse Inventory,2026-09-06T03:34:41.453917
6300,20220630,7617,5,10,0.00,0.00,Central Warehouse Inventory,2026-09-06T03:34:41.453917
6301,20220630,7618,7,10,0.00,0.00,Central Warehouse Inventory,2026-09-06T03:34:41.453917
6302,20220630,7619,12,10,0.00,0.00,Central Warehouse Inventory,2026-09-06T03:34:41.453917
6303,20220630,7620,10,10,0.00,0.00,Central Warehouse Inventory,2026-09-06T03:34:41.453917
6304,20220630,7621,7,10,0.00,0.00,Central Warehouse Inventory,2026-09-06T03:34:41.453917
6305,20220630,7622,12,10,0.00,0.00,Central Warehouse Inventory,2026-09-06T03:34:41.453917
6306,20220630,7623,9,10,0.00,0.00,Central Warehouse Inventory,2026-09-06T03:34:41.453917
6307,20220630,7624,13,10,0.00,0.00,Central Warehouse Inventory,2026-09-06T03:34:41.453917
6308,20220630,7625,14,10,0.00,0.00,Central Warehouse Inventory,2026-09-06T03:34:41.453917
6309,20220630,7626,14,10,0.00,0.00,Central Warehouse Inventory,2026-09-06T03:34:41.453917
6310,20220630,7627,9,10,0.00,0.00,Central Warehouse Inventory,2026-09-06T03:34:41.453917
6311,20220630,7628,12,10,0.00,0.00,Central Warehouse Inventory,2026-09-06T03:34:41.453917
6312,20220630,7629,20,10,0.00,0.00,Central Warehouse Inventory,2026-09-06T03:34:41.453917
6313,20220630,7630,8,10,0.00,0.00,Central Warehouse Inventory,2026-09-06T03:34:41.453917
6314,20220630,7631,5,10,0.00,0.00,Central Warehouse Inventory,2026-09-06T03:34:41.453917
6315,20220630,7632,2,10,0.00,0.00,Central Warehouse Inventory,2026-09-06T03:34:41.453917
6316,20220630,7633,4,10,0.00,0.00,Central Warehouse Inventory,2026-09-06T03:34:41.453917
6317,20220630,7634,6,10,0.00,0.00,Central Warehouse Inventory,2026-09-06T03:34:41.453917
6318,20220630,7635,6,10,0.00,0.00,Central Warehouse Inventory,2026-09-06T03:34:41.453917
6319,20220630,7636,5,10,0.00,0.00,Central Warehouse Inventory,2026-09-06T03:34:41.453917
6320,20220630,7637,6,10,0.00,0.00,Central Warehouse Inventory,2026-09-06T03:34:41.453917
6321,20220630,7638,9,10,0.00,0.00,Central Warehouse Inventory,2026-09-06T03:34:41.453917
6322,20220630,7639,9,10,0.00,0.00,Central Warehouse Inventory,2026-09-06T03:34:41.453917
6323,20220630,7640,17,10,0.00,0.00,Central Warehouse Inventory,2026-09-06T03:34:41.453917
6324,20220630,7641,13,10,0.00,0.00,Central Warehouse Inventory,2026-09-06T03:34:41.453917
6325,20220630,7642,3,10,0.00,0.00,Central Warehouse Inventory,2026-09-06T03:34:41.453917
6326,20220630,7643,8,10,0.00,0.00,Central Warehouse Inventory,2026-09-06T03:34:41.453917
6327,20220630,7644,15,10,0.00,0.00,Central Warehouse Inventory,2026-09-06T03:34:41.453917
6328,20220630,7645,5,10,0.00,0.00,Central Warehouse Inventory,2026-09-06T03:34:41.453917
6329,20220630,7646,2,10,0.00,0.00,Central Warehouse Inventory,2026-09-06T03:34:41.453917
6330,20220630,7647,16,10,0.00,0.00,Central Warehouse Inventory,2026-09-06T03:34:41.453917
6331,20220630,7648,17,10,0.00,0.00,Central Warehouse Inventory,2026-09-06T03:34:41.453917
6332,20220630,7649,3,10,0.00,0.00,Central Warehouse Inventory,2026-09-06T03:34:41.453917
6333,20220630,7650,1,10,0.00,0.00,Central Warehouse Inventory,2026-09-06T03:34:41.453917
6334,20220630,7651,6,10,0.00,0.00,Central Warehouse Inventory,2026-09-06T03:34:41.453917
6335,20220630,7652,7,10,0.00,0.00,Central Warehouse Inventory,2026-09-06T03:34:41.453917
6336,20220630,7653,24,10,0.00,0.00,Central Warehouse Inventory,2026-09-06T03:34:41.453917
6337,20220630,7654,35,10,0.00,0.00,Central Warehouse Inventory,2026-09-06T03:34:41.453917
6338,20220630,7655,6,10,0.00,0.00,Central Warehouse Inventory,2026-09-06T03:34:41.453917
6339,20220630,7656,3,10,0.00,0.00,Central Warehouse Inventory,2026-09-06T03:34:41.453917
6340,20220630,7657,8,10,0.00,0.00,Central Warehouse Inventory,2026-09-06T03:34:41.453917
6341,20220630,7658,30,10,0.00,0.00,Central Warehouse Inventory,2026-09-06T03:34:41.453917
6342,20220630,7659,27,10,0.00,0.00,Central Warehouse Inventory,2026-09-06T03:34:41.453917
6343,20220630,7660,33,10,0.00,0.00,Central Warehouse Inventory,2026-09-06T03:34:41.453917
6344,20220630,7661,8,10,0.00,0.00,Central Warehouse Inventory,2026-09-06T03:34:41.453917
6345,20220630,7662,14,10,0.00,0.00,Central Warehouse Inventory,2026-09-06T03:34:41.453917
6346,20220630,7663,30,10,0.00,0.00,Central Warehouse Inventory,2026-09-06T03:34:41.453917
6347,20220630,7664,6,10,0.00,0.00,Central Warehouse Inventory,2026-09-06T03:34:41.453917
6348,20220630,7665,4,10,0.00,0.00,Central Warehouse Inventory,2026-09-06T03:34:41.453917
6349,20220630,7666,14,10,0.00,0.00,Central Warehouse Inventory,2026-09-06T03:34:41.453917
6350,20220630,7667,9,10,0.00,0.00,Central Warehouse Inventory,2026-09-06T03:34:41.453917
6351,20220630,7668,16,10,0.00,0.00,Central Warehouse Inventory,2026-09-06T03:34:41.453917
6352,20220630,7669,5,10,0.00,0.00,Central Warehouse Inventory,2026-09-06T03:34:41.453917
6353,20220630,7670,5,10,0.00,0.00,Central Warehouse Inventory,2026-09-06T03:34:41.453917
6354,20220630,7671,12,10,0.00,0.00,Central Warehouse Inventory,2026-09-06T03:34:41.453917
6355,20220630,7672,12,10,0.00,0.00,Central Warehouse Inventory,2026-09-06T03:34:41.453917
6356,20220630,7673,8,10,0.00,0.00,Central Warehouse Inventory,2026-09-06T03:34:41.453917
6357,20220630,7674,9,10,0.00,0.00,Central Warehouse Inventory,2026-09-06T03:34:41.453917
6358,20220630,7675,27,10,0.00,0.00,Central Warehouse Inventory,2026-09-06T03:34:41.453917
6359,20220630,7676,34,10,0.00,0.00,Central Warehouse Inventory,2026-09-06T03:34:41.453917
6360,20220630,7677,24,10,0.00,0.00,Central Warehouse Inventory,2026-09-06T03:34:41.453917
6361,20220630,7678,17,10,0.00,0.00,Central Warehouse Inventory,2026-09-06T03:34:41.453917
6362,20220630,7679,21,10,0.00,0.00,Central Warehouse Inventory,2026-09-06T03:34:41.453917
6363,20220630,7680,32,10,0.00,0.00,Central Warehouse Inventory,2026-09-06T03:34:41.453917
6364,20220630,7681,16,10,0.00,0.00,Central Warehouse Inventory,2026-09-06T03:34:41.453917
6365,20220630,7682,6,10,0.00,0.00,Central Warehouse Inventory,2026-09-06T03:34:41.453917
6366,20220630,7683,2,10,0.00,0.00,Central Warehouse Inventory,2026-09-06T03:34:41.453917
6367,20220630,7684,1,10,0.00,0.00,Central Warehouse Inventory,2026-09-06T03:34:41.453917
6368,20220630,7685,8,10,0.00,0.00,Central Warehouse Inventory,2026-09-06T03:34:41.453917
6369,20220630,7686,5,10,0.00,0.00,Central Warehouse Inventory,2026-09-06T03:34:41.453917
6370,20220630,7687,26,10,0.00,0.00,Central Warehouse Inventory,2026-09-06T03:34:41.453917
6371,20220630,7688,2,10,0.00,0.00,Central Warehouse Inventory,2026-09-06T03:34:41.453917
6372,20220630,7689,4,10,0.00,0.00,Central Warehouse Inventory,2026-09-06T03:34:41.453917
6373,20220630,7690,26,10,0.00,0.00,Central Warehouse Inventory,2026-09-06T03:34:41.453917
6374,20220630,7691,20,10,0.00,0.00,Central Warehouse Inventory,2026-09-06T03:34:41.453917
6375,20220630,7692,4,10,0.00,0.00,Central Warehouse Inventory,2026-09-06T03:34:41.453917
6376,20220630,7693,7,10,0.00,0.00,Central Warehouse Inventory,2026-09-06T03:34:41.453917
6377,20220630,7694,11,10,0.00,0.00,Central Warehouse Inventory,2026-09-06T03:34:41.453917
6378,20220630,7695,5,10,0.00,0.00,Central Warehouse Inventory,2026-09-06T03:34:41.453917
6379,20220630,7696,6,10,0.00,0.00,Central Warehouse Inventory,2026-09-06T03:34:41.453917
6380,20220630,7697,8,10,0.00,0.00,Central Warehouse Inventory,2026-09-06T03:34:41.453917
6381,20220630,7698,13,10,0.00,0.00,Central Warehouse Inventory,2026-09-06T03:34:41.453917
6382,20220630,7699,47,10,0.00,0.00,Central Warehouse Inventory,2026-09-06T03:34:41.453917
6383,20220630,7700,6,10,0.00,0.00,Central Warehouse Inventory,2026-09-06T03:34:41.453917
6384,20220630,7701,54,10,0.00,0.00,Central Warehouse Inventory,2026-09-06T03:34:41.453917
6385,20220630,7702,15,10,0.00,0.00,Central Warehouse Inventory,2026-09-06T03:34:41.453917
6386,20220630,7703,6,10,0.00,0.00,Central Warehouse Inventory,2026-09-06T03:34:41.453917
6387,20220630,7704,0,10,0.00,0.00,Central Warehouse Inventory,2026-09-06T03:34:41.453917
6388,20220630,7705,1,10,0.00,0.00,Central Warehouse Inventory,2026-09-06T03:34:41.453917
6389,20220630,7706,12,10,0.00,0.00,Central Warehouse Inventory,2026-09-06T03:34:41.453917
6390,20220630,7707,3,10,0.00,0.00,Central Warehouse Inventory,2026-09-06T03:34:41.453917
6391,20220630,7708,32,10,0.00,0.00,Central Warehouse Inventory,2026-09-06T03:34:41.453917
6392,20220630,7709,10,10,0.00,0.00,Central Warehouse Inventory,2026-09-06T03:34:41.453917
6393,20220630,7710,4,10,0.00,0.00,Central Warehouse Inventory,2026-09-06T03:34:41.453917
6394,20220630,7711,3,10,0.00,0.00,Central Warehouse Inventory,2026-09-06T03:34:41.453917
6395,20220630,7712,4,10,0.00,0.00,Central Warehouse Inventory,2026-09-06T03:34:41.453917
6396,20220630,7713,12,10,0.00,0.00,Central Warehouse Inventory,2026-09-06T03:34:41.453917
6397,20220630,7714,6,10,0.00,0.00,Central Warehouse Inventory,2026-09-06T03:34:41.453917
6398,20220630,7715,25,10,0.00,0.00,Central Warehouse Inventory,2026-09-06T03:34:41.453917
6399,20220630,7716,5,10,0.00,0.00,Central Warehouse Inventory,2026-09-06T03:34:41.453917
6400,20220630,7717,3,10,0.00,0.00,Central Warehouse Inventory,2026-09-06T03:34:41.453917
6401,20220630,7718,4,10,0.00,0.00,Central Warehouse Inventory,2026-09-06T03:34:41.453917
6402,20220630,7719,3,10,0.00,0.00,Central Warehouse Inventory,2026-09-06T03:34:41.453917
6403,20220630,7720,19,10,0.00,0.00,Central Warehouse Inventory,2026-09-06T03:34:41.453917
6404,20220630,7721,2,10,0.00,0.00,Central Warehouse Inventory,2026-09-06T03:34:41.453917
6405,20220630,7722,42,10,0.00,0.00,Central Warehouse Inventory,2026-09-06T03:34:41.453917
6406,20220630,7723,3,10,0.00,0.00,Central Warehouse Inventory,2026-09-06T03:34:41.453917
6407,20220630,7724,1,10,0.00,0.00,Central Warehouse Inventory,2026-09-06T03:34:41.453917
6408,20220630,7725,6,10,0.00,0.00,Central Warehouse Inventory,2026-09-06T03:34:41.453917
6409,20220630,7726,5,10,0.00,0.00,Central Warehouse Inventory,2026-09-06T03:34:41.453917
6410,20220630,7727,42,10,0.00,0.00,Central Warehouse Inventory,2026-09-06T03:34:41.453917
6411,20220630,7728,2,10,0.00,0.00,Central Warehouse Inventory,2026-09-06T03:34:41.453917
6412,20220630,7729,59,10,0.00,0.00,Central Warehouse Inventory,2026-09-06T03:34:41.453917
6413,20220630,7730,5,10,0.00,0.00,Central Warehouse Inventory,2026-09-06T03:34:41.453917
6414,20220630,7731,3,10,0.00,0.00,Central Warehouse Inventory,2026-09-06T03:34:41.453917
6415,20220630,7732,3,10,0.00,0.00,Central Warehouse Inventory,2026-09-06T03:34:41.453917
6416,20220630,7733,2,10,0.00,0.00,Central Warehouse Inventory,2026-09-06T03:34:41.453917
6417,20220630,7734,6,10,0.00,0.00,Central Warehouse Inventory,2026-09-06T03:34:41.453917
6418,20220630,7735,3,10,0.00,0.00,Central Warehouse Inventory,2026-09-06T03:34:41.453917
6419,20220630,7736,13,10,0.00,0.00,Central Warehouse Inventory,2026-09-06T03:34:41.453917
6420,20220630,7737,4,10,0.00,0.00,Central Warehouse Inventory,2026-09-06T03:34:41.453917
6421,20220630,7738,1,10,0.00,0.00,Central Warehouse Inventory,2026-09-06T03:34:41.453917
6422,20220630,7739,58,10,0.00,0.00,Central Warehouse Inventory,2026-09-06T03:34:41.453917
6423,20220630,7740,59,10,0.00,0.00,Central Warehouse Inventory,2026-09-06T03:34:41.453917
6424,20220630,7741,85,10,0.00,0.00,Central Warehouse Inventory,2026-09-06T03:34:41.453917
6425,20220630,7742,66,10,0.00,0.00,Central Warehouse Inventory,2026-09-06T03:34:41.453917
6426,20220630,7743,76,10,0.00,0.00,Central Warehouse Inventory,2026-09-06T03:34:41.453917
6427,20220630,7744,75,10,0.00,0.00,Central Warehouse Inventory,2026-09-06T03:34:41.453917
6428,20220630,7745,64,10,0.00,0.00,Central Warehouse Inventory,2026-09-06T03:34:41.453917
6429,20220630,7746,6,10,0.00,0.00,Central Warehouse Inventory,2026-09-06T03:34:41.453917
6430,20220630,7747,3,10,0.00,0.00,Central Warehouse Inventory,2026-09-06T03:34:41.453917
6431,20220630,7748,4,10,0.00,0.00,Central Warehouse Inventory,2026-09-06T03:34:41.453917
6432,20220630,7749,3,10,0.00,0.00,Central Warehouse Inventory,2026-09-06T03:34:41.453917
6433,20220630,7750,6,10,0.00,0.00,Central Warehouse Inventory,2026-09-06T03:34:41.453917
6434,20220630,7751,2,10,0.00,0.00,Central Warehouse Inventory,2026-09-06T03:34:41.453917
6435,20220630,7752,2,10,0.00,0.00,Central Warehouse Inventory,2026-09-06T03:34:41.453917
6436,20220630,7753,2,10,0.00,0.00,Central Warehouse Inventory,2026-09-06T03:34:41.453917
6437,20220630,7754,4,10,0.00,0.00,Central Warehouse Inventory,2026-09-06T03:34:41.453917
6438,20220630,7755,3,10,0.00,0.00,Central Warehouse Inventory,2026-09-06T03:34:41.453917
6439,20220630,7756,1,10,0.00,0.00,Central Warehouse Inventory,2026-09-06T03:34:41.453917
6440,20220630,7757,6,10,0.00,0.00,Central Warehouse Inventory,2026-09-06T03:34:41.453917
6441,20220630,7758,2,10,0.00,0.00,Central Warehouse Inventory,2026-09-06T03:34:41.453917
6442,20220630,7759,5,10,0.00,0.00,Central Warehouse Inventory,2026-09-06T03:34:41.453917
6443,20220630,7760,95,10,0.00,0.00,Central Warehouse Inventory,2026-09-06T03:34:41.453917
6444,20220630,7761,92,10,0.00,0.00,Central Warehouse Inventory,2026-09-06T03:34:41.453917
6445,20220630,7762,103,10,0.00,0.00,Central Warehouse Inventory,2026-09-06T03:34:41.453917
6446,20220630,7763,96,10,0.00,0.00,Central Warehouse Inventory,2026-09-06T03:34:41.453917
6447,20220630,7764,78,10,0.00,0.00,Central Warehouse Inventory,2026-09-06T03:34:41.453917
6448,20220630,7765,97,10,0.00,0.00,Central Warehouse Inventory,2026-09-06T03:34:41.453917
6449,20220630,7766,76,10,0.00,0.00,Central Warehouse Inventory,2026-09-06T03:34:41.453917
6450,20220630,7767,89,10,0.00,0.00,Central Warehouse Inventory,2026-09-06T03:34:41.453917
6451,20220630,7768,91,10,0.00,0.00,Central Warehouse Inventory,2026-09-06T03:34:41.453917
6452,20220630,7769,88,10,0.00,0.00,Central Warehouse Inventory,2026-09-06T03:34:41.453917
6453,20220630,7770,86,10,0.00,0.00,Central Warehouse Inventory,2026-09-06T03:34:41.453917
6454,20220630,7771,80,10,0.00,0.00,Central Warehouse Inventory,2026-09-06T03:34:41.453917
6455,20220630,7772,92,10,0.00,0.00,Central Warehouse Inventory,2026-09-06T03:34:41.453917
6456,20220630,7773,74,10,0.00,0.00,Central Warehouse Inventory,2026-09-06T03:34:41.453917
6457,20220630,7774,90,10,0.00,0.00,Central Warehouse Inventory,2026-09-06T03:34:41.453917
6458,20220630,7775,84,10,0.00,0.00,Central Warehouse Inventory,2026-09-06T03:34:41.453917
6459,20220630,7776,89,10,0.00,0.00,Central Warehouse Inventory,2026-09-06T03:34:41.453917
6460,20220630,7777,95,10,0.00,0.00,Central Warehouse Inventory,2026-09-06T03:34:41.453917
6461,20220630,7778,66,10,0.00,0.00,Central Warehouse Inventory,2026-09-06T03:34:41.453917
6462,20220630,7779,95,10,0.00,0.00,Central Warehouse Inventory,2026-09-06T03:34:41.453917
6463,20220630,7780,59,10,0.00,0.00,Central Warehouse Inventory,2026-09-06T03:34:41.453917
6464,20220630,7781,24,10,0.00,0.00,Central Warehouse Inventory,2026-09-06T03:34:41.453917
6465,20220630,7782,55,10,0.00,0.00,Central Warehouse Inventory,2026-09-06T03:34:41.453917
6466,20220630,7783,59,10,0.00,0.00,Central Warehouse Inventory,2026-09-06T03:34:41.453917
6467,20220630,7784,16,10,0.00,0.00,Central Warehouse Inventory,2026-09-06T03:34:41.453917
6468,20220630,7785,63,10,0.00,0.00,Central Warehouse Inventory,2026-09-06T03:34:41.453917
6469,20220630,7786,27,10,0.00,0.00,Central Warehouse Inventory,2026-09-06T03:34:41.453917
6470,20220630,7787,3,10,0.00,0.00,Central Warehouse Inventory,2026-09-06T03:34:41.453917
6471,20220630,7788,16,10,0.00,0.00,Central Warehouse Inventory,2026-09-06T03:34:41.453917
6472,20220630,7789,20,10,0.00,0.00,Central Warehouse Inventory,2026-09-06T03:34:41.453917
6473,20220630,7790,45,10,0.00,0.00,Central Warehouse Inventory,2026-09-06T03:34:41.453917
6474,20220630,7791,17,10,0.00,0.00,Central Warehouse Inventory,2026-09-06T03:34:41.453917
6475,20220630,7792,46,10,0.00,0.00,Central Warehouse Inventory,2026-09-06T03:34:41.453917
6476,20220630,7793,12,10,0.00,0.00,Central Warehouse Inventory,2026-09-06T03:34:41.453917
6477,20220630,7794,5,10,0.00,0.00,Central Warehouse Inventory,2026-09-06T03:34:41.453917
6478,20220630,7795,33,10,0.00,0.00,Central Warehouse Inventory,2026-09-06T03:34:41.453917
6479,20220630,7796,36,10,0.00,0.00,Central Warehouse Inventory,2026-09-06T03:34:41.453917
6480,20220630,7797,42,10,0.00,0.00,Central Warehouse Inventory,2026-09-06T03:34:41.453917
6481,20220630,7798,32,10,0.00,0.00,Central Warehouse Inventory,2026-09-06T03:34:41.453917
6482,20220630,7799,49,10,0.00,0.00,Central Warehouse Inventory,2026-09-06T03:34:41.453917
6483,20220630,7800,34,10,0.00,0.00,Central Warehouse Inventory,2026-09-06T03:34:41.453917
6484,20220630,7801,17,10,0.00,0.00,Central Warehouse Inventory,2026-09-06T03:34:41.453917
6485,20220630,7802,2,10,0.00,0.00,Central Warehouse Inventory,2026-09-06T03:34:41.453917
6486,20220630,7803,3,10,0.00,0.00,Central Warehouse Inventory,2026-09-06T03:34:41.453917
6487,20220630,7804,2,10,0.00,0.00,Central Warehouse Inventory,2026-09-06T03:34:41.453917
6488,20220630,7805,0,10,0.00,0.00,Central Warehouse Inventory,2026-09-06T03:34:41.453917
6489,20220630,7806,6,10,0.00,0.00,Central Warehouse Inventory,2026-09-06T03:34:41.453917
6490,20220630,7807,1,10,0.00,0.00,Central Warehouse Inventory,2026-09-06T03:34:41.453917
6491,20220630,7808,1,10,0.00,0.00,Central Warehouse Inventory,2026-09-06T03:34:41.453917
6492,20220630,7809,52,10,0.00,0.00,Central Warehouse Inventory,2026-09-06T03:34:41.453917
6493,20220630,7810,61,10,0.00,0.00,Central Warehouse Inventory,2026-09-06T03:34:41.453917
6494,20220630,7811,71,10,0.00,0.00,Central Warehouse Inventory,2026-09-06T03:34:41.453917
6495,20220630,7812,41,10,0.00,0.00,Central Warehouse Inventory,2026-09-06T03:34:41.453917
6496,20220630,7813,56,10,0.00,0.00,Central Warehouse Inventory,2026-09-06T03:34:41.453917
6497,20220630,7814,60,10,0.00,0.00,Central Warehouse Inventory,2026-09-06T03:34:41.453917
6498,20220630,7815,36,10,0.00,0.00,Central Warehouse Inventory,2026-09-06T03:34:41.453917
6499,20220630,7816,67,10,0.00,0.00,Central Warehouse Inventory,2026-09-06T03:34:41.453917
6500,20220630,7817,68,10,0.00,0.00,Central Warehouse Inventory,2026-09-06T03:34:41.453917
6501,20220630,7818,72,10,0.00,0.00,Central Warehouse Inventory,2026-09-06T03:34:41.453917
6502,20220630,7819,72,10,0.00,0.00,Central Warehouse Inventory,2026-09-06T03:34:41.453917
6503,20220630,7820,60,10,0.00,0.00,Central Warehouse Inventory,2026-09-06T03:34:41.453917
6504,20220630,7821,68,10,0.00,0.00,Central Warehouse Inventory,2026-09-06T03:34:41.453917
6505,20220630,7822,46,10,0.00,0.00,Central Warehouse Inventory,2026-09-06T03:34:41.453917
6506,20220630,7823,17,10,0.00,0.00,Central Warehouse Inventory,2026-09-06T03:34:41.453917
6507,20220630,7824,16,10,0.00,0.00,Central Warehouse Inventory,2026-09-06T03:34:41.453917
6508,20220630,7825,56,10,0.00,0.00,Central Warehouse Inventory,2026-09-06T03:34:41.453917
6509,20220630,7826,30,10,0.00,0.00,Central Warehouse Inventory,2026-09-06T03:34:41.453917
6510,20220630,7827,39,10,0.00,0.00,Central Warehouse Inventory,2026-09-06T03:34:41.453917
6511,20220630,7828,48,10,0.00,0.00,Central Warehouse Inventory,2026-09-06T03:34:41.453917
6512,20220630,7829,29,10,0.00,0.00,Central Warehouse Inventory,2026-09-06T03:34:41.453917
6513,20220630,7830,41,10,0.00,0.00,Central Warehouse Inventory,2026-09-06T03:34:41.453917
6514,20220630,7831,35,10,0.00,0.00,Central Warehouse Inventory,2026-09-06T03:34:41.453917
6515,20220630,7832,48,10,0.00,0.00,Central Warehouse Inventory,2026-09-06T03:34:41.453917
6516,20220630,7833,28,10,0.00,0.00,Central Warehouse Inventory,2026-09-06T03:34:41.453917
6517,20220630,7834,49,10,0.00,0.00,Central Warehouse Inventory,2026-09-06T03:34:41.453917
6518,20220630,7835,39,10,0.00,0.00,Central Warehouse Inventory,2026-09-06T03:34:41.453917
6519,20220630,7836,30,10,0.00,0.00,Central Warehouse Inventory,2026-09-06T03:34:41.453917
6520,20220630,7837,43,10,0.00,0.00,Central Warehouse Inventory,2026-09-06T03:34:41.453917
6521,20220630,7838,58,10,0.00,0.00,Central Warehouse Inventory,2026-09-06T03:34:41.453917
6522,20220630,7839,50,10,0.00,0.00,Central Warehouse Inventory,2026-09-06T03:34:41.453917
6523,20220630,7840,48,10,0.00,0.00,Central Warehouse Inventory,2026-09-06T03:34:41.453917
6524,20220630,7841,50,10,0.00,0.00,Central Warehouse Inventory,2026-09-06T03:34:41.453917
6525,20220630,7842,41,10,0.00,0.00,Central Warehouse Inventory,2026-09-06T03:34:41.453917
6526,20220630,7843,54,10,0.00,0.00,Central Warehouse Inventory,2026-09-06T03:34:41.453917
6527,20220630,7844,51,10,0.00,0.00,Central Warehouse Inventory,2026-09-06T03:34:41.453917
6528,20220630,7845,60,10,0.00,0.00,Central Warehouse Inventory,2026-09-06T03:34:41.453917
6529,20220630,7846,77,10,0.00,0.00,Central Warehouse Inventory,2026-09-06T03:34:41.453917
6530,20220630,7847,61,10,0.00,0.00,Central Warehouse Inventory,2026-09-06T03:34:41.453917
6531,20220630,7848,60,10,0.00,0.00,Central Warehouse Inventory,2026-09-06T03:34:41.453917
6532,20220630,7849,58,10,0.00,0.00,Central Warehouse Inventory,2026-09-06T03:34:41.453917
6533,20220630,7850,51,10,0.00,0.00,Central Warehouse Inventory,2026-09-06T03:34:41.453917
6534,20220630,7851,57,10,0.00,0.00,Central Warehouse Inventory,2026-09-06T03:34:41.453917
6535,20220630,7852,57,10,0.00,0.00,Central Warehouse Inventory,2026-09-06T03:34:41.453917
6536,20220630,7853,68,10,0.00,0.00,Central Warehouse Inventory,2026-09-06T03:34:41.453917
6537,20220630,7854,58,10,0.00,0.00,Central Warehouse Inventory,2026-09-06T03:34:41.453917
6538,20220630,7855,69,10,0.00,0.00,Central Warehouse Inventory,2026-09-06T03:34:41.453917
6539,20220630,7856,66,10,0.00,0.00,Central Warehouse Inventory,2026-09-06T03:34:41.453917
6540,20220630,7857,64,10,0.00,0.00,Central Warehouse Inventory,2026-09-06T03:34:41.453917
6541,20220630,7858,40,10,0.00,0.00,Central Warehouse Inventory,2026-09-06T03:34:41.453917
6542,20220630,7859,43,10,0.00,0.00,Central Warehouse Inventory,2026-09-06T03:34:41.453917
6543,20220630,7860,68,10,0.00,0.00,Central Warehouse Inventory,2026-09-06T03:34:41.453917
6544,20220630,7861,32,10,0.00,0.00,Central Warehouse Inventory,2026-09-06T03:34:41.453917
6545,20220630,7862,70,10,0.00,0.00,Central Warehouse Inventory,2026-09-06T03:34:41.453917
6546,20220630,7863,46,10,0.00,0.00,Central Warehouse Inventory,2026-09-06T03:34:41.453917
6547,20220630,7864,42,10,0.00,0.00,Central Warehouse Inventory,2026-09-06T03:34:41.453917
6548,20220630,7865,62,10,0.00,0.00,Central Warehouse Inventory,2026-09-06T03:34:41.453917
6549,20220630,7866,56,10,0.00,0.00,Central Warehouse Inventory,2026-09-06T03:34:41.453917
6550,20220630,7867,74,10,0.00,0.00,Central Warehouse Inventory,2026-09-06T03:34:41.453917
6551,20220630,7868,55,10,0.00,0.00,Central Warehouse Inventory,2026-09-06T03:34:41.453917
6552,20220630,7869,68,10,0.00,0.00,Central Warehouse Inventory,2026-09-06T03:34:41.453917
6553,20220630,7870,58,10,0.00,0.00,Central Warehouse Inventory,2026-09-06T03:34:41.453917
6554,20220630,7871,47,10,0.00,0.00,Central Warehouse Inventory,2026-09-06T03:34:41.453917
6555,20220630,7872,0,10,0.00,0.00,Central Warehouse Inventory,2026-09-06T03:34:41.453917
6556,20220630,7873,0,10,0.00,0.00,Central Warehouse Inventory,2026-09-06T03:34:41.453917
6557,20220630,7874,37,10,0.00,0.00,Central Warehouse Inventory,2026-09-06T03:34:41.453917
6558,20220630,7875,0,10,0.00,0.00,Central Warehouse Inventory,2026-09-06T03:34:41.453917
6559,20220630,7876,53,10,0.00,0.00,Central Warehouse Inventory,2026-09-06T03:34:41.453917
6560,20220630,7877,0,10,0.00,0.00,Central Warehouse Inventory,2026-09-06T03:34:41.453917
6561,20220630,7878,0,10,0.00,0.00,Central Warehouse Inventory,2026-09-06T03:34:41.453917
6562,20220630,7879,60,10,0.00,0.00,Central Warehouse Inventory,2026-09-06T03:34:41.453917
6563,20220630,7880,41,10,0.00,0.00,Central Warehouse Inventory,2026-09-06T03:34:41.453917
6564,20220630,7881,67,10,0.00,0.00,Central Warehouse Inventory,2026-09-06T03:34:41.453917
6565,20220630,7882,37,10,0.00,0.00,Central Warehouse Inventory,2026-09-06T03:34:41.453917
6566,20220630,7883,61,10,0.00,0.00,Central Warehouse Inventory,2026-09-06T03:34:41.453917
6567,20220630,7884,61,10,0.00,0.00,Central Warehouse Inventory,2026-09-06T03:34:41.453917
6568,20220630,7885,57,10,0.00,0.00,Central Warehouse Inventory,2026-09-06T03:34:41.453917
6569,20220630,7886,5,10,0.00,0.00,Central Warehouse Inventory,2026-09-06T03:34:41.453917
6570,20220630,7887,12,10,0.00,0.00,Central Warehouse Inventory,2026-09-06T03:34:41.453917
6571,20220630,7888,14,10,0.00,0.00,Central Warehouse Inventory,2026-09-06T03:34:41.453917
6572,20220630,7889,12,10,0.00,0.00,Central Warehouse Inventory,2026-09-06T03:34:41.453917
6573,20220630,7890,9,10,0.00,0.00,Central Warehouse Inventory,2026-09-06T03:34:41.453917
6574,20220630,7891,14,10,0.00,0.00,Central Warehouse Inventory,2026-09-06T03:34:41.453917
6575,20220630,7892,7,10,0.00,0.00,Central Warehouse Inventory,2026-09-06T03:34:41.453917
6576,20220630,7893,17,10,0.00,0.00,Central Warehouse Inventory,2026-09-06T03:34:41.453917
6577,20220630,7894,33,10,0.00,0.00,Central Warehouse Inventory,2026-09-06T03:34:41.453917
6578,20220630,7895,39,10,0.00,0.00,Central Warehouse Inventory,2026-09-06T03:34:41.453917
6579,20220630,7896,28,10,0.00,0.00,Central Warehouse Inventory,2026-09-06T03:34:41.453917
6580,20220630,7897,22,10,0.00,0.00,Central Warehouse Inventory,2026-09-06T03:34:41.453917
6581,20220630,7898,30,10,0.00,0.00,Central Warehouse Inventory,2026-09-06T03:34:41.453917
6582,20220630,7899,20,10,0.00,0.00,Central Warehouse Inventory,2026-09-06T03:34:41.453917
6583,20220630,7900,17,10,0.00,0.00,Central Warehouse Inventory,2026-09-06T03:34:41.453917
6584,20220630,7901,19,10,0.00,0.00,Central Warehouse Inventory,2026-09-06T03:34:41.453917
6585,20220630,7902,38,10,0.00,0.00,Central Warehouse Inventory,2026-09-06T03:34:41.453917
6586,20220630,7903,23,10,0.00,0.00,Central Warehouse Inventory,2026-09-06T03:34:41.453917
6587,20220630,7904,23,10,0.00,0.00,Central Warehouse Inventory,2026-09-06T03:34:41.453917
6588,20220630,7905,21,10,0.00,0.00,Central Warehouse Inventory,2026-09-06T03:34:41.453917
6589,20220630,7906,24,10,0.00,0.00,Central Warehouse Inventory,2026-09-06T03:34:41.453917
6590,20220630,7907,12,10,0.00,0.00,Central Warehouse Inventory,2026-09-06T03:34:41.453917
6591,20220630,7908,24,10,0.00,0.00,Central Warehouse Inventory,2026-09-06T03:34:41.453917
6592,20220630,7909,22,10,0.00,0.00,Central Warehouse Inventory,2026-09-06T03:34:41.453917
6593,20220630,7910,22,10,0.00,0.00,Central Warehouse Inventory,2026-09-06T03:34:41.453917
6594,20220630,7911,22,10,0.00,0.00,Central Warehouse Inventory,2026-09-06T03:34:41.453917
6595,20220630,7912,17,10,0.00,0.00,Central Warehouse Inventory,2026-09-06T03:34:41.453917
6596,20220630,7913,12,10,0.00,0.00,Central Warehouse Inventory,2026-09-06T03:34:41.453917
6597,20220630,7914,28,10,0.00,0.00,Central Warehouse Inventory,2026-09-06T03:34:41.453917
6598,20220630,7915,21,10,0.00,0.00,Central Warehouse Inventory,2026-09-06T03:34:41.453917
6599,20220630,7916,28,10,0.00,0.00,Central Warehouse Inventory,2026-09-06T03:34:41.453917
6600,20220630,7917,20,10,0.00,0.00,Central Warehouse Inventory,2026-09-06T03:34:41.453917
6601,20220630,7918,22,10,0.00,0.00,Central Warehouse Inventory,2026-09-06T03:34:41.453917
6602,20220630,7919,23,10,0.00,0.00,Central Warehouse Inventory,2026-09-06T03:34:41.453917
6603,20220630,7920,19,10,0.00,0.00,Central Warehouse Inventory,2026-09-06T03:34:41.453917
6604,20220630,7921,71,10,0.00,0.00,Central Warehouse Inventory,2026-09-06T03:34:41.453917
6605,20220630,7922,70,10,0.00,0.00,Central Warehouse Inventory,2026-09-06T03:34:41.453917
6606,20220630,7923,71,10,0.00,0.00,Central Warehouse Inventory,2026-09-06T03:34:41.453917
6607,20220630,7924,72,10,0.00,0.00,Central Warehouse Inventory,2026-09-06T03:34:41.453917
6608,20220630,7925,58,10,0.00,0.00,Central Warehouse Inventory,2026-09-06T03:34:41.453917
6609,20220630,7926,70,10,0.00,0.00,Central Warehouse Inventory,2026-09-06T03:34:41.453917
6610,20220630,7927,58,10,0.00,0.00,Central Warehouse Inventory,2026-09-06T03:34:41.453917
6611,20220630,7928,15,10,0.00,0.00,Central Warehouse Inventory,2026-09-06T03:34:41.453917
6612,20220630,7929,17,10,0.00,0.00,Central Warehouse Inventory,2026-09-06T03:34:41.453917
6613,20220630,7930,15,10,0.00,0.00,Central Warehouse Inventory,2026-09-06T03:34:41.453917
6614,20220630,7931,19,10,0.00,0.00,Central Warehouse Inventory,2026-09-06T03:34:41.453917
6615,20220630,7932,26,10,0.00,0.00,Central Warehouse Inventory,2026-09-06T03:34:41.453917
6616,20220630,7933,11,10,0.00,0.00,Central Warehouse Inventory,2026-09-06T03:34:41.453917
6617,20220630,7934,15,10,0.00,0.00,Central Warehouse Inventory,2026-09-06T03:34:41.453917
6618,20220630,7935,39,10,0.00,0.00,Central Warehouse Inventory,2026-09-06T03:34:41.453917
6619,20220630,7936,40,10,0.00,0.00,Central Warehouse Inventory,2026-09-06T03:34:41.453917
6620,20220630,7937,41,10,0.00,0.00,Central Warehouse Inventory,2026-09-06T03:34:41.453917
6621,20220630,7938,33,10,0.00,0.00,Central Warehouse Inventory,2026-09-06T03:34:41.453917
6622,20220630,7939,35,10,0.00,0.00,Central Warehouse Inventory,2026-09-06T03:34:41.453917
6623,20220630,7940,32,10,0.00,0.00,Central Warehouse Inventory,2026-09-06T03:34:41.453917
6624,20220630,7941,30,10,0.00,0.00,Central Warehouse Inventory,2026-09-06T03:34:41.453917
6625,20220630,7942,10,10,0.00,0.00,Central Warehouse Inventory,2026-09-06T03:34:41.453917
6626,20220630,7943,7,10,0.00,0.00,Central Warehouse Inventory,2026-09-06T03:34:41.453917
6627,20220630,7944,12,10,0.00,0.00,Central Warehouse Inventory,2026-09-06T03:34:41.453917
6628,20220630,7945,5,10,0.00,0.00,Central Warehouse Inventory,2026-09-06T03:34:41.453917
6629,20220630,7946,29,10,0.00,0.00,Central Warehouse Inventory,2026-09-06T03:34:41.453917
6630,20220630,7947,12,10,0.00,0.00,Central Warehouse Inventory,2026-09-06T03:34:41.453917
6631,20220630,7948,11,10,0.00,0.00,Central Warehouse Inventory,2026-09-06T03:34:41.453917
6632,20220630,7949,4,10,0.00,0.00,Central Warehouse Inventory,2026-09-06T03:34:41.453917
6633,20220630,7950,4,10,0.00,0.00,Central Warehouse Inventory,2026-09-06T03:34:41.453917
6634,20220630,7951,5,10,0.00,0.00,Central Warehouse Inventory,2026-09-06T03:34:41.453917
6635,20220630,7952,3,10,0.00,0.00,Central Warehouse Inventory,2026-09-06T03:34:41.453917
6636,20220630,7953,12,10,0.00,0.00,Central Warehouse Inventory,2026-09-06T03:34:41.453917
6637,20220630,7954,2,10,0.00,0.00,Central Warehouse Inventory,2026-09-06T03:34:41.453917
6638,20220630,7955,4,10,0.00,0.00,Central Warehouse Inventory,2026-09-06T03:34:41.453917
6639,20220630,7956,66,10,0.00,0.00,Central Warehouse Inventory,2026-09-06T03:34:41.453917
6640,20220630,7957,68,10,0.00,0.00,Central Warehouse Inventory,2026-09-06T03:34:41.453917
6641,20220630,7958,72,10,0.00,0.00,Central Warehouse Inventory,2026-09-06T03:34:41.453917
6642,20220630,7959,71,10,0.00,0.00,Central Warehouse Inventory,2026-09-06T03:34:41.453917
6643,20220630,7960,58,10,0.00,0.00,Central Warehouse Inventory,2026-09-06T03:34:41.453917
6644,20220630,7961,70,10,0.00,0.00,Central Warehouse Inventory,2026-09-06T03:34:41.453917
6645,20220630,7962,56,10,0.00,0.00,Central Warehouse Inventory,2026-09-06T03:34:41.453917
6646,20220630,7963,69,10,0.00,0.00,Central Warehouse Inventory,2026-09-06T03:34:41.453917
6647,20220630,7964,69,10,0.00,0.00,Central Warehouse Inventory,2026-09-06T03:34:41.453917
6648,20220630,7965,67,10,0.00,0.00,Central Warehouse Inventory,2026-09-06T03:34:41.453917
6649,20220630,7966,71,10,0.00,0.00,Central Warehouse Inventory,2026-09-06T03:34:41.453917
6650,20220630,7967,57,10,0.00,0.00,Central Warehouse Inventory,2026-09-06T03:34:41.453917
6651,20220630,7968,70,10,0.00,0.00,Central Warehouse Inventory,2026-09-06T03:34:41.453917
6652,20220630,7969,56,10,0.00,0.00,Central Warehouse Inventory,2026-09-06T03:34:41.453917
6653,20220630,7970,54,10,0.00,0.00,Central Warehouse Inventory,2026-09-06T03:34:41.453917
6654,20220630,7971,64,10,0.00,0.00,Central Warehouse Inventory,2026-09-06T03:34:41.453917
6655,20220630,7972,67,10,0.00,0.00,Central Warehouse Inventory,2026-09-06T03:34:41.453917
6656,20220630,7973,47,10,0.00,0.00,Central Warehouse Inventory,2026-09-06T03:34:41.453917
6657,20220630,7974,38,10,0.00,0.00,Central Warehouse Inventory,2026-09-06T03:34:41.453917
6658,20220630,7975,69,10,0.00,0.00,Central Warehouse Inventory,2026-09-06T03:34:41.453917
6659,20220630,7976,41,10,0.00,0.00,Central Warehouse Inventory,2026-09-06T03:34:41.453917
6660,20220630,7977,66,10,0.00,0.00,Central Warehouse Inventory,2026-09-06T03:34:41.453917
6661,20220630,7978,62,10,0.00,0.00,Central Warehouse Inventory,2026-09-06T03:34:41.453917
6662,20220630,7979,63,10,0.00,0.00,Central Warehouse Inventory,2026-09-06T03:34:41.453917
6663,20220630,7980,61,10,0.00,0.00,Central Warehouse Inventory,2026-09-06T03:34:41.453917
6664,20220630,7981,58,10,0.00,0.00,Central Warehouse Inventory,2026-09-06T03:34:41.453917
6665,20220630,7982,69,10,0.00,0.00,Central Warehouse Inventory,2026-09-06T03:34:41.453917
6666,20220630,7983,57,10,0.00,0.00,Central Warehouse Inventory,2026-09-06T03:34:41.453917
6667,20220630,7984,59,10,0.00,0.00,Central Warehouse Inventory,2026-09-06T03:34:41.453917
6668,20220630,7985,66,10,0.00,0.00,Central Warehouse Inventory,2026-09-06T03:34:41.453917
6669,20220630,7986,52,10,0.00,0.00,Central Warehouse Inventory,2026-09-06T03:34:41.453917
6670,20220630,7987,68,10,0.00,0.00,Central Warehouse Inventory,2026-09-06T03:34:41.453917
6671,20220630,7988,51,10,0.00,0.00,Central Warehouse Inventory,2026-09-06T03:34:41.453917
6672,20220630,7989,70,10,0.00,0.00,Central Warehouse Inventory,2026-09-06T03:34:41.453917
6673,20220630,7990,55,10,0.00,0.00,Central Warehouse Inventory,2026-09-06T03:34:41.453917
6674,20220630,7991,32,10,0.00,0.00,Central Warehouse Inventory,2026-09-06T03:34:41.453917
6675,20220630,7992,35,10,0.00,0.00,Central Warehouse Inventory,2026-09-06T03:34:41.453917
6676,20220630,7993,41,10,0.00,0.00,Central Warehouse Inventory,2026-09-06T03:34:41.453917
6677,20220630,7994,32,10,0.00,0.00,Central Warehouse Inventory,2026-09-06T03:34:41.453917
6678,20220630,7995,34,10,0.00,0.00,Central Warehouse Inventory,2026-09-06T03:34:41.453917
6679,20220630,7996,34,10,0.00,0.00,Central Warehouse Inventory,2026-09-06T03:34:41.453917
6680,20220630,7997,27,10,0.00,0.00,Central Warehouse Inventory,2026-09-06T03:34:41.453917
6681,20220630,7998,47,10,0.00,0.00,Central Warehouse Inventory,2026-09-06T03:34:41.453917
6682,20220630,7999,46,10,0.00,0.00,Central Warehouse Inventory,2026-09-06T03:34:41.453917
6683,20220630,8000,54,10,0.00,0.00,Central Warehouse Inventory,2026-09-06T03:34:41.453917
6684,20220630,8001,49,10,0.00,0.00,Central Warehouse Inventory,2026-09-06T03:34:41.453917
6685,20220630,8002,41,10,0.00,0.00,Central Warehouse Inventory,2026-09-06T03:34:41.453917
6686,20220630,8003,48,10,0.00,0.00,Central Warehouse Inventory,2026-09-06T03:34:41.453917
6687,20220630,8004,35,10,0.00,0.00,Central Warehouse Inventory,2026-09-06T03:34:41.453917
6688,20220630,8005,58,10,0.00,0.00,Central Warehouse Inventory,2026-09-06T03:34:41.453917
6689,20220630,8006,61,10,0.00,0.00,Central Warehouse Inventory,2026-09-06T03:34:41.453917
6690,20220630,8007,49,10,0.00,0.00,Central Warehouse Inventory,2026-09-06T03:34:41.453917
6691,20220630,8008,51,10,0.00,0.00,Central Warehouse Inventory,2026-09-06T03:34:41.453917
6692,20220630,8009,43,10,0.00,0.00,Central Warehouse Inventory,2026-09-06T03:34:41.453917
6693,20220630,8010,51,10,0.00,0.00,Central Warehouse Inventory,2026-09-06T03:34:41.453917
6694,20220630,8011,42,10,0.00,0.00,Central Warehouse Inventory,2026-09-06T03:34:41.453917
6695,20220630,8012,60,10,0.00,0.00,Central Warehouse Inventory,2026-09-06T03:34:41.453917
6696,20220630,8013,65,10,0.00,0.00,Central Warehouse Inventory,2026-09-06T03:34:41.453917
6697,20220630,8014,68,10,0.00,0.00,Central Warehouse Inventory,2026-09-06T03:34:41.453917
6698,20220630,8015,62,10,0.00,0.00,Central Warehouse Inventory,2026-09-06T03:34:41.453917
6699,20220630,8016,52,10,0.00,0.00,Central Warehouse Inventory,2026-09-06T03:34:41.453917
6700,20220630,8017,67,10,0.00,0.00,Central Warehouse Inventory,2026-09-06T03:34:41.453917
6701,20220630,8018,50,10,0.00,0.00,Central Warehouse Inventory,2026-09-06T03:34:41.453917
6702,20220630,8019,3,10,0.00,0.00,Central Warehouse Inventory,2026-09-06T03:34:41.453917
6703,20220630,8020,4,10,0.00,0.00,Central Warehouse Inventory,2026-09-06T03:34:41.453917
6704,20220630,8021,4,10,0.00,0.00,Central Warehouse Inventory,2026-09-06T03:34:41.453917
6705,20220630,8022,5,10,0.00,0.00,Central Warehouse Inventory,2026-09-06T03:34:41.453917
6706,20220630,8023,4,10,0.00,0.00,Central Warehouse Inventory,2026-09-06T03:34:41.453917
6707,20220630,8024,5,10,0.00,0.00,Central Warehouse Inventory,2026-09-06T03:34:41.453917
6708,20220630,8025,3,10,0.00,0.00,Central Warehouse Inventory,2026-09-06T03:34:41.453917
6709,20220630,8026,42,10,0.00,0.00,Central Warehouse Inventory,2026-09-06T03:34:41.453917
6710,20220630,8027,38,10,0.00,0.00,Central Warehouse Inventory,2026-09-06T03:34:41.453917
6711,20220630,8028,11,10,0.00,0.00,Central Warehouse Inventory,2026-09-06T03:34:41.453917
6712,20220630,8029,37,10,0.00,0.00,Central Warehouse Inventory,2026-09-06T03:34:41.453917
6713,20220630,8030,4,10,0.00,0.00,Central Warehouse Inventory,2026-09-06T03:34:41.453917
6714,20220630,8031,1,10,0.00,0.00,Central Warehouse Inventory,2026-09-06T03:34:41.453917
6715,20220630,8032,12,10,0.00,0.00,Central Warehouse Inventory,2026-09-06T03:34:41.453917
6716,20220630,8033,19,10,0.00,0.00,Central Warehouse Inventory,2026-09-06T03:34:41.453917
6717,20220630,8034,6,10,0.00,0.00,Central Warehouse Inventory,2026-09-06T03:34:41.453917
6718,20220630,8035,12,10,0.00,0.00,Central Warehouse Inventory,2026-09-06T03:34:41.453917
6719,20220630,8036,4,10,0.00,0.00,Central Warehouse Inventory,2026-09-06T03:34:41.453917
6720,20220630,8037,5,10,0.00,0.00,Central Warehouse Inventory,2026-09-06T03:34:41.453917
6721,20220630,8038,21,10,0.00,0.00,Central Warehouse Inventory,2026-09-06T03:34:41.453917
6722,20220630,8039,31,10,0.00,0.00,Central Warehouse Inventory,2026-09-06T03:34:41.453917
6723,20220630,8040,18,10,0.00,0.00,Central Warehouse Inventory,2026-09-06T03:34:41.453917
6724,20220630,8041,17,10,0.00,0.00,Central Warehouse Inventory,2026-09-06T03:34:41.453917
6725,20220630,8042,4,10,0.00,0.00,Central Warehouse Inventory,2026-09-06T03:34:41.453917
6726,20220630,8043,11,10,0.00,0.00,Central Warehouse Inventory,2026-09-06T03:34:41.453917
6727,20220630,8044,5,10,0.00,0.00,Central Warehouse Inventory,2026-09-06T03:34:41.453917
6728,20220630,8045,3,10,0.00,0.00,Central Warehouse Inventory,2026-09-06T03:34:41.453917
6729,20220630,8046,9,10,0.00,0.00,Central Warehouse Inventory,2026-09-06T03:34:41.453917
6730,20220630,8047,11,10,0.00,0.00,Central Warehouse Inventory,2026-09-06T03:34:41.453917
6731,20220630,8048,3,10,0.00,0.00,Central Warehouse Inventory,2026-09-06T03:34:41.453917
6732,20220630,8049,2,10,0.00,0.00,Central Warehouse Inventory,2026-09-06T03:34:41.453917
6733,20220630,8050,4,10,0.00,0.00,Central Warehouse Inventory,2026-09-06T03:34:41.453917
6734,20220630,8051,3,10,0.00,0.00,Central Warehouse Inventory,2026-09-06T03:34:41.453917
6735,20220630,8052,2,10,0.00,0.00,Central Warehouse Inventory,2026-09-06T03:34:41.453917
6736,20220630,8053,2,10,0.00,0.00,Central Warehouse Inventory,2026-09-06T03:34:41.453917
6737,20220630,8054,6,10,0.00,0.00,Central Warehouse Inventory,2026-09-06T03:34:41.453917
6738,20220630,8055,7,10,0.00,0.00,Central Warehouse Inventory,2026-09-06T03:34:41.453917
6739,20220630,8056,20,10,0.00,0.00,Central Warehouse Inventory,2026-09-06T03:34:41.453917
6740,20220630,8057,25,10,0.00,0.00,Central Warehouse Inventory,2026-09-06T03:34:41.453917
6741,20220630,8058,26,10,0.00,0.00,Central Warehouse Inventory,2026-09-06T03:34:41.453917
6742,20220630,8059,16,10,0.00,0.00,Central Warehouse Inventory,2026-09-06T03:34:41.453917
6743,20220630,8060,26,10,0.00,0.00,Central Warehouse Inventory,2026-09-06T03:34:41.453917
6744,20220630,8061,2,10,0.00,0.00,Central Warehouse Inventory,2026-09-06T03:34:41.453917
6745,20220630,8062,30,10,0.00,0.00,Central Warehouse Inventory,2026-09-06T03:34:41.453917
6746,20220630,8063,31,10,0.00,0.00,Central Warehouse Inventory,2026-09-06T03:34:41.453917
6747,20220630,8064,4,10,0.00,0.00,Central Warehouse Inventory,2026-09-06T03:34:41.453917
6748,20220630,8065,30,10,0.00,0.00,Central Warehouse Inventory,2026-09-06T03:34:41.453917
6749,20220630,8066,24,10,0.00,0.00,Central Warehouse Inventory,2026-09-06T03:34:41.453917
6750,20220630,8067,3,10,0.00,0.00,Central Warehouse Inventory,2026-09-06T03:34:41.453917
6751,20220630,8068,11,10,0.00,0.00,Central Warehouse Inventory,2026-09-06T03:34:41.453917
6752,20220630,8069,3,10,0.00,0.00,Central Warehouse Inventory,2026-09-06T03:34:41.453917
6753,20220630,8070,5,10,0.00,0.00,Central Warehouse Inventory,2026-09-06T03:34:41.453917
6754,20220630,8071,32,10,0.00,0.00,Central Warehouse Inventory,2026-09-06T03:34:41.453917
6755,20220630,8072,5,10,0.00,0.00,Central Warehouse Inventory,2026-09-06T03:34:41.453917
6756,20220630,8073,2,10,0.00,0.00,Central Warehouse Inventory,2026-09-06T03:34:41.453917
6757,20220630,8074,12,10,0.00,0.00,Central Warehouse Inventory,2026-09-06T03:34:41.453917
6758,20220630,8075,16,10,0.00,0.00,Central Warehouse Inventory,2026-09-06T03:34:41.453917
6759,20220630,8076,2,10,0.00,0.00,Central Warehouse Inventory,2026-09-06T03:34:41.453917
6760,20220630,8077,8,10,0.00,0.00,Central Warehouse Inventory,2026-09-06T03:34:41.453917
6761,20220630,8078,5,10,0.00,0.00,Central Warehouse Inventory,2026-09-06T03:34:41.453917
6762,20220630,8079,3,10,0.00,0.00,Central Warehouse Inventory,2026-09-06T03:34:41.453917
6763,20220630,8080,2,10,0.00,0.00,Central Warehouse Inventory,2026-09-06T03:34:41.453917
6764,20220630,8081,9,10,0.00,0.00,Central Warehouse Inventory,2026-09-06T03:34:41.453917
6765,20220630,8082,8,10,0.00,0.00,Central Warehouse Inventory,2026-09-06T03:34:41.453917
6766,20220630,8083,3,10,0.00,0.00,Central Warehouse Inventory,2026-09-06T03:34:41.453917
6767,20220630,8084,5,10,0.00,0.00,Central Warehouse Inventory,2026-09-06T03:34:41.453917
6768,20220630,8085,4,10,0.00,0.00,Central Warehouse Inventory,2026-09-06T03:34:41.453917
6769,20220630,8086,7,10,0.00,0.00,Central Warehouse Inventory,2026-09-06T03:34:41.453917
6770,20220630,8087,9,10,0.00,0.00,Central Warehouse Inventory,2026-09-06T03:34:41.453917
6771,20220630,8088,4,10,0.00,0.00,Central Warehouse Inventory,2026-09-06T03:34:41.453917
6772,20220630,8089,9,10,0.00,0.00,Central Warehouse Inventory,2026-09-06T03:34:41.453917
6773,20220630,8090,4,10,0.00,0.00,Central Warehouse Inventory,2026-09-06T03:34:41.453917
6774,20220630,8091,3,10,0.00,0.00,Central Warehouse Inventory,2026-09-06T03:34:41.453917
6775,20220630,8092,58,10,0.00,0.00,Central Warehouse Inventory,2026-09-06T03:34:41.453917
6776,20220630,8093,62,10,0.00,0.00,Central Warehouse Inventory,2026-09-06T03:34:41.453917
6777,20220630,8094,21,10,0.00,0.00,Central Warehouse Inventory,2026-09-06T03:34:41.453917
6778,20220630,8095,40,10,0.00,0.00,Central Warehouse Inventory,2026-09-06T03:34:41.453917
6779,20220630,8096,2,10,0.00,0.00,Central Warehouse Inventory,2026-09-06T03:34:41.453917
6780,20220630,8097,3,10,0.00,0.00,Central Warehouse Inventory,2026-09-06T03:34:41.453917
6781,20220630,8098,7,10,0.00,0.00,Central Warehouse Inventory,2026-09-06T03:34:41.453917
6782,20220630,8099,5,10,0.00,0.00,Central Warehouse Inventory,2026-09-06T03:34:41.453917
6783,20220630,8100,5,10,0.00,0.00,Central Warehouse Inventory,2026-09-06T03:34:41.453917
6784,20220630,8101,11,10,0.00,0.00,Central Warehouse Inventory,2026-09-06T03:34:41.453917
6785,20220630,8102,6,10,0.00,0.00,Central Warehouse Inventory,2026-09-06T03:34:41.453917
6786,20220630,8103,2,10,0.00,0.00,Central Warehouse Inventory,2026-09-06T03:34:41.453917
6787,20220630,8104,26,10,0.00,0.00,Central Warehouse Inventory,2026-09-06T03:34:41.453917
6788,20220630,8105,34,10,0.00,0.00,Central Warehouse Inventory,2026-09-06T03:34:41.453917
6789,20220630,8106,28,10,0.00,0.00,Central Warehouse Inventory,2026-09-06T03:34:41.453917
6790,20220630,8107,14,10,0.00,0.00,Central Warehouse Inventory,2026-09-06T03:34:41.453917
6791,20220630,8108,8,10,0.00,0.00,Central Warehouse Inventory,2026-09-06T03:34:41.453917
6792,20220630,8109,8,10,0.00,0.00,Central Warehouse Inventory,2026-09-06T03:34:41.453917
6793,20220630,8110,11,10,0.00,0.00,Central Warehouse Inventory,2026-09-06T03:34:41.453917
6794,20220630,8111,26,10,0.00,0.00,Central Warehouse Inventory,2026-09-06T03:34:41.453917
6795,20220630,8112,34,10,0.00,0.00,Central Warehouse Inventory,2026-09-06T03:34:41.453917
6796,20220630,8113,16,10,0.00,0.00,Central Warehouse Inventory,2026-09-06T03:34:41.453917
6797,20220630,8114,4,10,0.00,0.00,Central Warehouse Inventory,2026-09-06T03:34:41.453917
6798,20220630,8115,1,10,0.00,0.00,Central Warehouse Inventory,2026-09-06T03:34:41.453917
6799,20220630,8116,1,10,0.00,0.00,Central Warehouse Inventory,2026-09-06T03:34:41.453917
6800,20220630,8117,4,10,0.00,0.00,Central Warehouse Inventory,2026-09-06T03:34:41.453917
6801,20220630,8118,7,10,0.00,0.00,Central Warehouse Inventory,2026-09-06T03:34:41.453917
6802,20220630,8119,2,10,0.00,0.00,Central Warehouse Inventory,2026-09-06T03:34:41.453917
6803,20220630,8120,3,10,0.00,0.00,Central Warehouse Inventory,2026-09-06T03:34:41.453917
6804,20220630,8121,7,10,0.00,0.00,Central Warehouse Inventory,2026-09-06T03:34:41.453917
6805,20220630,8122,2,10,0.00,0.00,Central Warehouse Inventory,2026-09-06T03:34:41.453917
6806,20220630,8123,4,10,0.00,0.00,Central Warehouse Inventory,2026-09-06T03:34:41.453917
6807,20220630,8124,11,10,0.00,0.00,Central Warehouse Inventory,2026-09-06T03:34:41.453917
6808,20220630,8125,4,10,0.00,0.00,Central Warehouse Inventory,2026-09-06T03:34:41.453917
6809,20220630,8126,2,10,0.00,0.00,Central Warehouse Inventory,2026-09-06T03:34:41.453917
6810,20220630,8127,3,10,0.00,0.00,Central Warehouse Inventory,2026-09-06T03:34:41.453917
6811,20220630,8128,12,10,0.00,0.00,Central Warehouse Inventory,2026-09-06T03:34:41.453917
6812,20220630,8129,33,10,0.00,0.00,Central Warehouse Inventory,2026-09-06T03:34:41.453917
6813,20220630,8130,23,10,0.00,0.00,Central Warehouse Inventory,2026-09-06T03:34:41.453917
6814,20220630,8131,23,10,0.00,0.00,Central Warehouse Inventory,2026-09-06T03:34:41.453917
6815,20220630,8132,32,10,0.00,0.00,Central Warehouse Inventory,2026-09-06T03:34:41.453917
6816,20220630,8133,35,10,0.00,0.00,Central Warehouse Inventory,2026-09-06T03:34:41.453917
6817,20220630,8134,23,10,0.00,0.00,Central Warehouse Inventory,2026-09-06T03:34:41.453917
6818,20220630,8135,11,10,0.00,0.00,Central Warehouse Inventory,2026-09-06T03:34:41.453917
6819,20220630,8136,6,10,0.00,0.00,Central Warehouse Inventory,2026-09-06T03:34:41.453917
6820,20220630,8137,5,10,0.00,0.00,Central Warehouse Inventory,2026-09-06T03:34:41.453917
6821,20220630,8138,3,10,0.00,0.00,Central Warehouse Inventory,2026-09-06T03:34:41.453917
6822,20220630,8139,3,10,0.00,0.00,Central Warehouse Inventory,2026-09-06T03:34:41.453917
6823,20220630,8140,3,10,0.00,0.00,Central Warehouse Inventory,2026-09-06T03:34:41.453917
6824,20220630,8141,2,10,0.00,0.00,Central Warehouse Inventory,2026-09-06T03:34:41.453917
6825,20220630,8142,6,10,0.00,0.00,Central Warehouse Inventory,2026-09-06T03:34:41.453917
6826,20220630,8143,2,10,0.00,0.00,Central Warehouse Inventory,2026-09-06T03:34:41.453917
6827,20220630,8144,2,10,0.00,0.00,Central Warehouse Inventory,2026-09-06T03:34:41.453917
6828,20220630,8145,4,10,0.00,0.00,Central Warehouse Inventory,2026-09-06T03:34:41.453917
6829,20220630,8146,7,10,0.00,0.00,Central Warehouse Inventory,2026-09-06T03:34:41.453917
6830,20220630,8147,7,10,0.00,0.00,Central Warehouse Inventory,2026-09-06T03:34:41.453917
6831,20220630,8148,8,10,0.00,0.00,Central Warehouse Inventory,2026-09-06T03:34:41.453917
6832,20220630,8149,6,10,0.00,0.00,Central Warehouse Inventory,2026-09-06T03:34:41.453917
6833,20220630,8150,7,10,0.00,0.00,Central Warehouse Inventory,2026-09-06T03:34:41.453917
6834,20220630,8151,8,10,0.00,0.00,Central Warehouse Inventory,2026-09-06T03:34:41.453917
6835,20220630,8152,4,10,0.00,0.00,Central Warehouse Inventory,2026-09-06T03:34:41.453917
6836,20220630,8153,2,10,0.00,0.00,Central Warehouse Inventory,2026-09-06T03:34:41.453917
6837,20220630,8154,12,10,0.00,0.00,Central Warehouse Inventory,2026-09-06T03:34:41.453917
6838,20220630,8155,2,10,0.00,0.00,Central Warehouse Inventory,2026-09-06T03:34:41.453917
6839,20220630,8156,27,10,0.00,0.00,Central Warehouse Inventory,2026-09-06T03:34:41.453917
6840,20220630,8157,6,10,0.00,0.00,Central Warehouse Inventory,2026-09-06T03:34:41.453917
6841,20220630,8158,2,10,0.00,0.00,Central Warehouse Inventory,2026-09-06T03:34:41.453917
6842,20220630,8159,5,10,0.00,0.00,Central Warehouse Inventory,2026-09-06T03:34:41.453917
6843,20220630,8160,8,10,0.00,0.00,Central Warehouse Inventory,2026-09-06T03:34:41.453917
6844,20220630,8161,11,10,0.00,0.00,Central Warehouse Inventory,2026-09-06T03:34:41.453917
6845,20220630,8162,3,10,0.00,0.00,Central Warehouse Inventory,2026-09-06T03:34:41.453917
6846,20220630,8163,6,10,0.00,0.00,Central Warehouse Inventory,2026-09-06T03:34:41.453917
6847,20220630,8164,11,10,0.00,0.00,Central Warehouse Inventory,2026-09-06T03:34:41.453917
6848,20220630,8165,8,10,0.00,0.00,Central Warehouse Inventory,2026-09-06T03:34:41.453917
6849,20220630,8166,10,10,0.00,0.00,Central Warehouse Inventory,2026-09-06T03:34:41.453917
6850,20220630,8167,25,10,0.00,0.00,Central Warehouse Inventory,2026-09-06T03:34:41.453917
6851,20220630,8168,31,10,0.00,0.00,Central Warehouse Inventory,2026-09-06T03:34:41.453917
6852,20220630,8169,8,10,0.00,0.00,Central Warehouse Inventory,2026-09-06T03:34:41.453917
6853,20220630,8170,4,10,0.00,0.00,Central Warehouse Inventory,2026-09-06T03:34:41.453917
6854,20220630,8171,3,10,0.00,0.00,Central Warehouse Inventory,2026-09-06T03:34:41.453917
6855,20220630,8172,10,10,0.00,0.00,Central Warehouse Inventory,2026-09-06T03:34:41.453917
6856,20220630,8173,4,10,0.00,0.00,Central Warehouse Inventory,2026-09-06T03:34:41.453917
6857,20220630,8174,4,10,0.00,0.00,Central Warehouse Inventory,2026-09-06T03:34:41.453917
6858,20220630,8175,4,10,0.00,0.00,Central Warehouse Inventory,2026-09-06T03:34:41.453917
6859,20220630,8176,5,10,0.00,0.00,Central Warehouse Inventory,2026-09-06T03:34:41.453917
6860,20220630,8177,3,10,0.00,0.00,Central Warehouse Inventory,2026-09-06T03:34:41.453917
6861,20220630,8178,9,10,0.00,0.00,Central Warehouse Inventory,2026-09-06T03:34:41.453917
6862,20220630,8179,7,10,0.00,0.00,Central Warehouse Inventory,2026-09-06T03:34:41.453917
6863,20220630,8180,12,10,0.00,0.00,Central Warehouse Inventory,2026-09-06T03:34:41.453917
6864,20220630,8181,8,10,0.00,0.00,Central Warehouse Inventory,2026-09-06T03:34:41.453917
6865,20220630,8182,18,10,0.00,0.00,Central Warehouse Inventory,2026-09-06T03:34:41.453917
6866,20220630,8183,27,10,0.00,0.00,Central Warehouse Inventory,2026-09-06T03:34:41.453917
6867,20220630,8184,3,10,0.00,0.00,Central Warehouse Inventory,2026-09-06T03:34:41.453917
6868,20220630,8185,25,10,0.00,0.00,Central Warehouse Inventory,2026-09-06T03:34:41.453917
6869,20220630,8186,12,10,0.00,0.00,Central Warehouse Inventory,2026-09-06T03:34:41.453917
6870,20220630,8187,2,10,0.00,0.00,Central Warehouse Inventory,2026-09-06T03:34:41.453917
6871,20220630,8188,19,10,0.00,0.00,Central Warehouse Inventory,2026-09-06T03:34:41.453917
6872,20220630,8189,7,10,0.00,0.00,Central Warehouse Inventory,2026-09-06T03:34:41.453917
6873,20220630,8190,15,10,0.00,0.00,Central Warehouse Inventory,2026-09-06T03:34:41.453917
6874,20220630,8191,9,10,0.00,0.00,Central Warehouse Inventory,2026-09-06T03:34:41.453917
6875,20220630,8192,15,10,0.00,0.00,Central Warehouse Inventory,2026-09-06T03:34:41.453917
6876,20220630,8193,4,10,0.00,0.00,Central Warehouse Inventory,2026-09-06T03:34:41.453917
6877,20220630,8194,24,10,0.00,0.00,Central Warehouse Inventory,2026-09-06T03:34:41.453917
6878,20220630,8195,32,10,0.00,0.00,Central Warehouse Inventory,2026-09-06T03:34:41.453917
6879,20220630,8196,9,10,0.00,0.00,Central Warehouse Inventory,2026-09-06T03:34:41.453917
6880,20220630,8197,19,10,0.00,0.00,Central Warehouse Inventory,2026-09-06T03:34:41.453917
6881,20220630,8198,16,10,0.00,0.00,Central Warehouse Inventory,2026-09-06T03:34:41.453917
6882,20220630,8199,5,10,0.00,0.00,Central Warehouse Inventory,2026-09-06T03:34:41.453917
6883,20220630,8200,3,10,0.00,0.00,Central Warehouse Inventory,2026-09-06T03:34:41.453917
6884,20220630,8201,6,10,0.00,0.00,Central Warehouse Inventory,2026-09-06T03:34:41.453917
6885,20220630,8202,30,10,0.00,0.00,Central Warehouse Inventory,2026-09-06T03:34:41.453917
6886,20220630,8203,2,10,0.00,0.00,Central Warehouse Inventory,2026-09-06T03:34:41.453917
6887,20220630,8204,3,10,0.00,0.00,Central Warehouse Inventory,2026-09-06T03:34:41.453917
6888,20220630,8205,4,10,0.00,0.00,Central Warehouse Inventory,2026-09-06T03:34:41.453917
6889,20220630,8206,39,10,0.00,0.00,Central Warehouse Inventory,2026-09-06T03:34:41.453917
6890,20220630,8207,21,10,0.00,0.00,Central Warehouse Inventory,2026-09-06T03:34:41.453917
6891,20220630,8208,14,10,0.00,0.00,Central Warehouse Inventory,2026-09-06T03:34:41.453917
6892,20220630,8209,21,10,0.00,0.00,Central Warehouse Inventory,2026-09-06T03:34:41.453917
6893,20220630,8210,28,10,0.00,0.00,Central Warehouse Inventory,2026-09-06T03:34:41.453917
6894,20220630,8211,10,10,0.00,0.00,Central Warehouse Inventory,2026-09-06T03:34:41.453917
6895,20220630,8212,4,10,0.00,0.00,Central Warehouse Inventory,2026-09-06T03:34:41.453917
6896,20220630,8213,3,10,0.00,0.00,Central Warehouse Inventory,2026-09-06T03:34:41.453917
6897,20220630,8214,8,10,0.00,0.00,Central Warehouse Inventory,2026-09-06T03:34:41.453917
6898,20220630,8215,2,10,0.00,0.00,Central Warehouse Inventory,2026-09-06T03:34:41.453917
6899,20220630,8216,15,10,0.00,0.00,Central Warehouse Inventory,2026-09-06T03:34:41.453917
6900,20220630,8217,2,10,0.00,0.00,Central Warehouse Inventory,2026-09-06T03:34:41.453917
6901,20220630,8218,4,10,0.00,0.00,Central Warehouse Inventory,2026-09-06T03:34:41.453917
6902,20220630,8219,6,10,0.00,0.00,Central Warehouse Inventory,2026-09-06T03:34:41.453917
6903,20220630,8220,26,10,0.00,0.00,Central Warehouse Inventory,2026-09-06T03:34:41.453917
6904,20220630,8221,3,10,0.00,0.00,Central Warehouse Inventory,2026-09-06T03:34:41.453917
6905,20220630,8222,42,10,0.00,0.00,Central Warehouse Inventory,2026-09-06T03:34:41.453917
6906,20220630,8223,9,10,0.00,0.00,Central Warehouse Inventory,2026-09-06T03:34:41.453917
6907,20220630,8224,7,10,0.00,0.00,Central Warehouse Inventory,2026-09-06T03:34:41.453917
6908,20220630,8225,36,10,0.00,0.00,Central Warehouse Inventory,2026-09-06T03:34:41.453917
6909,20220630,8226,25,10,0.00,0.00,Central Warehouse Inventory,2026-09-06T03:34:41.453917
6910,20220630,8227,39,10,0.00,0.00,Central Warehouse Inventory,2026-09-06T03:34:41.453917
6911,20220630,8228,29,10,0.00,0.00,Central Warehouse Inventory,2026-09-06T03:34:41.453917
6912,20220630,8229,19,10,0.00,0.00,Central Warehouse Inventory,2026-09-06T03:34:41.453917
6913,20220630,8230,26,10,0.00,0.00,Central Warehouse Inventory,2026-09-06T03:34:41.453917
6914,20220630,8231,53,10,0.00,0.00,Central Warehouse Inventory,2026-09-06T03:34:41.453917
6915,20220630,8232,6,10,0.00,0.00,Central Warehouse Inventory,2026-09-06T03:34:41.453917
6916,20220630,8233,15,10,0.00,0.00,Central Warehouse Inventory,2026-09-06T03:34:41.453917
6917,20220630,8234,8,10,0.00,0.00,Central Warehouse Inventory,2026-09-06T03:34:41.453917
6918,20220630,8235,12,10,0.00,0.00,Central Warehouse Inventory,2026-09-06T03:34:41.453917
6919,20220630,8236,14,10,0.00,0.00,Central Warehouse Inventory,2026-09-06T03:34:41.453917
6920,20220630,8237,26,10,0.00,0.00,Central Warehouse Inventory,2026-09-06T03:34:41.453917
6921,20220630,8238,25,10,0.00,0.00,Central Warehouse Inventory,2026-09-06T03:34:41.453917
6922,20220630,8239,40,10,0.00,0.00,Central Warehouse Inventory,2026-09-06T03:34:41.453917
6923,20220630,8240,61,10,0.00,0.00,Central Warehouse Inventory,2026-09-06T03:34:41.453917
6924,20220630,8241,56,10,0.00,0.00,Central Warehouse Inventory,2026-09-06T03:34:41.453917
6925,20220630,8242,50,10,0.00,0.00,Central Warehouse Inventory,2026-09-06T03:34:41.453917
6926,20220630,8243,72,10,0.00,0.00,Central Warehouse Inventory,2026-09-06T03:34:41.453917
6927,20220630,8244,41,10,0.00,0.00,Central Warehouse Inventory,2026-09-06T03:34:41.453917
6928,20220630,8245,12,10,0.00,0.00,Central Warehouse Inventory,2026-09-06T03:34:41.453917
6929,20220630,8246,3,10,0.00,0.00,Central Warehouse Inventory,2026-09-06T03:34:41.453917
6930,20220630,8247,6,10,0.00,0.00,Central Warehouse Inventory,2026-09-06T03:34:41.453917
6931,20220630,8248,31,10,0.00,0.00,Central Warehouse Inventory,2026-09-06T03:34:41.453917
6932,20220630,8249,11,10,0.00,0.00,Central Warehouse Inventory,2026-09-06T03:34:41.453917
6933,20220630,8250,5,10,0.00,0.00,Central Warehouse Inventory,2026-09-06T03:34:41.453917
6934,20220630,8251,9,10,0.00,0.00,Central Warehouse Inventory,2026-09-06T03:34:41.453917
6935,20220630,8252,10,10,0.00,0.00,Central Warehouse Inventory,2026-09-06T03:34:41.453917
6936,20220630,8253,35,10,0.00,0.00,Central Warehouse Inventory,2026-09-06T03:34:41.453917
6937,20220630,8254,27,10,0.00,0.00,Central Warehouse Inventory,2026-09-06T03:34:41.453917
6938,20220630,8255,13,10,0.00,0.00,Central Warehouse Inventory,2026-09-06T03:34:41.453917
6939,20220630,8256,31,10,0.00,0.00,Central Warehouse Inventory,2026-09-06T03:34:41.453917
6940,20220630,8257,28,10,0.00,0.00,Central Warehouse Inventory,2026-09-06T03:34:41.453917
6941,20220630,8258,26,10,0.00,0.00,Central Warehouse Inventory,2026-09-06T03:34:41.453917
6942,20220630,8259,7,10,0.00,0.00,Central Warehouse Inventory,2026-09-06T03:34:41.453917
6943,20220630,8260,23,10,0.00,0.00,Central Warehouse Inventory,2026-09-06T03:34:41.453917
6944,20220630,8261,32,10,0.00,0.00,Central Warehouse Inventory,2026-09-06T03:34:41.453917
6945,20220630,8262,37,10,0.00,0.00,Central Warehouse Inventory,2026-09-06T03:34:41.453917
6946,20220630,8263,26,10,0.00,0.00,Central Warehouse Inventory,2026-09-06T03:34:41.453917
6947,20220630,8264,24,10,0.00,0.00,Central Warehouse Inventory,2026-09-06T03:34:41.453917
6948,20220630,8265,18,10,0.00,0.00,Central Warehouse Inventory,2026-09-06T03:34:41.453917
6949,20220630,8266,8,10,0.00,0.00,Central Warehouse Inventory,2026-09-06T03:34:41.453917
6950,20220630,8267,28,10,0.00,0.00,Central Warehouse Inventory,2026-09-06T03:34:41.453917
6951,20220630,8268,51,10,0.00,0.00,Central Warehouse Inventory,2026-09-06T03:34:41.453917
6952,20220630,8269,41,10,0.00,0.00,Central Warehouse Inventory,2026-09-06T03:34:41.453917
6953,20220630,8270,58,10,0.00,0.00,Central Warehouse Inventory,2026-09-06T03:34:41.453917
6954,20220630,8271,26,10,0.00,0.00,Central Warehouse Inventory,2026-09-06T03:34:41.453917
6955,20220630,8272,43,10,0.00,0.00,Central Warehouse Inventory,2026-09-06T03:34:41.453917
6956,20220630,8273,29,10,0.00,0.00,Central Warehouse Inventory,2026-09-06T03:34:41.453917
6957,20220630,8274,11,10,0.00,0.00,Central Warehouse Inventory,2026-09-06T03:34:41.453917
6958,20220630,8275,7,10,0.00,0.00,Central Warehouse Inventory,2026-09-06T03:34:41.453917
6959,20220630,8276,18,10,0.00,0.00,Central Warehouse Inventory,2026-09-06T03:34:41.453917
6960,20220630,8277,12,10,0.00,0.00,Central Warehouse Inventory,2026-09-06T03:34:41.453917
6961,20220630,8278,16,10,0.00,0.00,Central Warehouse Inventory,2026-09-06T03:34:41.453917
6962,20220630,8279,5,10,0.00,0.00,Central Warehouse Inventory,2026-09-06T03:34:41.453917
6963,20220630,8280,2,10,0.00,0.00,Central Warehouse Inventory,2026-09-06T03:34:41.453917
6964,20220630,8281,2,10,0.00,0.00,Central Warehouse Inventory,2026-09-06T03:34:41.453917
6965,20220630,8282,5,10,0.00,0.00,Central Warehouse Inventory,2026-09-06T03:34:41.453917
6966,20220630,8283,3,10,0.00,0.00,Central Warehouse Inventory,2026-09-06T03:34:41.453917
6967,20220630,8284,4,10,0.00,0.00,Central Warehouse Inventory,2026-09-06T03:34:41.453917
6968,20220630,8285,9,10,0.00,0.00,Central Warehouse Inventory,2026-09-06T03:34:41.453917
6969,20220630,8286,4,10,0.00,0.00,Central Warehouse Inventory,2026-09-06T03:34:41.453917
6970,20220630,8287,2,10,0.00,0.00,Central Warehouse Inventory,2026-09-06T03:34:41.453917
6971,20220630,8288,11,10,0.00,0.00,Central Warehouse Inventory,2026-09-06T03:34:41.453917
6972,20220630,8289,12,10,0.00,0.00,Central Warehouse Inventory,2026-09-06T03:34:41.453917
6973,20220630,8290,13,10,0.00,0.00,Central Warehouse Inventory,2026-09-06T03:34:41.453917
6974,20220630,8291,33,10,0.00,0.00,Central Warehouse Inventory,2026-09-06T03:34:41.453917
6975,20220630,8292,6,10,0.00,0.00,Central Warehouse Inventory,2026-09-06T03:34:41.453917
6976,20220630,8293,18,10,0.00,0.00,Central Warehouse Inventory,2026-09-06T03:34:41.453917
6977,20220630,8294,2,10,0.00,0.00,Central Warehouse Inventory,2026-09-06T03:34:41.453917
6978,20220630,8295,8,10,0.00,0.00,Central Warehouse Inventory,2026-09-06T03:34:41.453917
6979,20220630,8296,44,10,0.00,0.00,Central Warehouse Inventory,2026-09-06T03:34:41.453917
6980,20220630,8297,9,10,0.00,0.00,Central Warehouse Inventory,2026-09-06T03:34:41.453917
6981,20220630,8298,22,10,0.00,0.00,Central Warehouse Inventory,2026-09-06T03:34:41.453917
6982,20220630,8299,25,10,0.00,0.00,Central Warehouse Inventory,2026-09-06T03:34:41.453917
6983,20220630,8300,26,10,0.00,0.00,Central Warehouse Inventory,2026-09-06T03:34:41.453917
6984,20220630,8301,23,10,0.00,0.00,Central Warehouse Inventory,2026-09-06T03:34:41.453917
6985,20220630,8302,2,10,0.00,0.00,Central Warehouse Inventory,2026-09-06T03:34:41.453917
6986,20220630,8303,3,10,0.00,0.00,Central Warehouse Inventory,2026-09-06T03:34:41.453917
6987,20220630,8304,20,10,0.00,0.00,Central Warehouse Inventory,2026-09-06T03:34:41.453917
6988,20220630,8305,2,10,0.00,0.00,Central Warehouse Inventory,2026-09-06T03:34:41.453917
6989,20220630,8306,42,10,0.00,0.00,Central Warehouse Inventory,2026-09-06T03:34:41.453917
6990,20220630,8307,6,10,0.00,0.00,Central Warehouse Inventory,2026-09-06T03:34:41.453917
6991,20220630,8308,2,10,0.00,0.00,Central Warehouse Inventory,2026-09-06T03:34:41.453917
6992,20220630,8309,8,10,0.00,0.00,Central Warehouse Inventory,2026-09-06T03:34:41.453917
6993,20220630,8310,2,10,0.00,0.00,Central Warehouse Inventory,2026-09-06T03:34:41.453917
6994,20220630,8311,4,10,0.00,0.00,Central Warehouse Inventory,2026-09-06T03:34:41.453917
6995,20220630,8312,7,10,0.00,0.00,Central Warehouse Inventory,2026-09-06T03:34:41.453917
6996,20220630,8313,5,10,0.00,0.00,Central Warehouse Inventory,2026-09-06T03:34:41.453917
6997,20220630,8314,16,10,0.00,0.00,Central Warehouse Inventory,2026-09-06T03:34:41.453917
6998,20220630,8315,25,10,0.00,0.00,Central Warehouse Inventory,2026-09-06T03:34:41.453917
6999,20220630,8316,2,10,0.00,0.00,Central Warehouse Inventory,2026-09-06T03:34:41.453917
7000,20220630,8317,2,10,0.00,0.00,Central Warehouse Inventory,2026-09-06T03:34:41.453917
7001,20220630,8318,3,10,0.00,0.00,Central Warehouse Inventory,2026-09-06T03:34:41.453917
7002,20220630,8319,6,10,0.00,0.00,Central Warehouse Inventory,2026-09-06T03:34:41.453917
7003,20220630,8320,3,10,0.00,0.00,Central Warehouse Inventory,2026-09-06T03:34:41.453917
7004,20220630,8321,9,10,0.00,0.00,Central Warehouse Inventory,2026-09-06T03:34:41.453917
7005,20220630,8322,9,10,0.00,0.00,Central Warehouse Inventory,2026-09-06T03:34:41.453917
7006,20220630,8323,2,10,0.00,0.00,Central Warehouse Inventory,2026-09-06T03:34:41.453917
7007,20220630,8324,3,10,0.00,0.00,Central Warehouse Inventory,2026-09-06T03:34:41.453917
7008,20220630,8325,2,10,0.00,0.00,Central Warehouse Inventory,2026-09-06T03:34:41.453917
7009,20220630,8326,3,10,0.00,0.00,Central Warehouse Inventory,2026-09-06T03:34:41.453917
7010,20220630,8327,7,10,0.00,0.00,Central Warehouse Inventory,2026-09-06T03:34:41.453917
7011,20220630,8328,11,10,0.00,0.00,Central Warehouse Inventory,2026-09-06T03:34:41.453917
7012,20220630,8329,2,10,0.00,0.00,Central Warehouse Inventory,2026-09-06T03:34:41.453917
7013,20220630,8330,32,10,0.00,0.00,Central Warehouse Inventory,2026-09-06T03:34:41.453917
7014,20220630,8331,33,10,0.00,0.00,Central Warehouse Inventory,2026-09-06T03:34:41.453917
7015,20220630,8332,36,10,0.00,0.00,Central Warehouse Inventory,2026-09-06T03:34:41.453917
7016,20220630,8333,41,10,0.00,0.00,Central Warehouse Inventory,2026-09-06T03:34:41.453917
7017,20220630,8334,45,10,0.00,0.00,Central Warehouse Inventory,2026-09-06T03:34:41.453917
7018,20220630,8335,37,10,0.00,0.00,Central Warehouse Inventory,2026-09-06T03:34:41.453917
7019,20220630,8336,29,10,0.00,0.00,Central Warehouse Inventory,2026-09-06T03:34:41.453917
7020,20220630,8337,2,10,0.00,0.00,Central Warehouse Inventory,2026-09-06T03:34:41.453917
7021,20220630,8338,1,10,0.00,0.00,Central Warehouse Inventory,2026-09-06T03:34:41.453917
7022,20220630,8339,8,10,0.00,0.00,Central Warehouse Inventory,2026-09-06T03:34:41.453917
7023,20220630,8340,3,10,0.00,0.00,Central Warehouse Inventory,2026-09-06T03:34:41.453917
7024,20220630,8341,29,10,0.00,0.00,Central Warehouse Inventory,2026-09-06T03:34:41.453917
7025,20220630,8342,4,10,0.00,0.00,Central Warehouse Inventory,2026-09-06T03:34:41.453917
7026,20220630,8343,2,10,0.00,0.00,Central Warehouse Inventory,2026-09-06T03:34:41.453917
7027,20220630,8344,2,10,0.00,0.00,Central Warehouse Inventory,2026-09-06T03:34:41.453917
7028,20220630,8345,3,10,0.00,0.00,Central Warehouse Inventory,2026-09-06T03:34:41.453917
7029,20220630,8346,3,10,0.00,0.00,Central Warehouse Inventory,2026-09-06T03:34:41.453917
7030,20220630,8347,2,10,0.00,0.00,Central Warehouse Inventory,2026-09-06T03:34:41.453917
7031,20220630,8348,7,10,0.00,0.00,Central Warehouse Inventory,2026-09-06T03:34:41.453917
7032,20220630,8349,10,10,0.00,0.00,Central Warehouse Inventory,2026-09-06T03:34:41.453917
7033,20220630,8350,2,10,0.00,0.00,Central Warehouse Inventory,2026-09-06T03:34:41.453917
7034,20220630,8351,1,10,0.00,0.00,Central Warehouse Inventory,2026-09-06T03:34:41.453917
7035,20220630,8352,9,10,0.00,0.00,Central Warehouse Inventory,2026-09-06T03:34:41.453917
7036,20220630,8353,23,10,0.00,0.00,Central Warehouse Inventory,2026-09-06T03:34:41.453917
7037,20220630,8354,5,10,0.00,0.00,Central Warehouse Inventory,2026-09-06T03:34:41.453917
7038,20220630,8355,30,10,0.00,0.00,Central Warehouse Inventory,2026-09-06T03:34:41.453917
7039,20220630,8356,4,10,0.00,0.00,Central Warehouse Inventory,2026-09-06T03:34:41.453917
7040,20220630,8357,2,10,0.00,0.00,Central Warehouse Inventory,2026-09-06T03:34:41.453917
7041,20220630,8358,7,10,0.00,0.00,Central Warehouse Inventory,2026-09-06T03:34:41.453917
7042,20220630,8359,1,10,0.00,0.00,Central Warehouse Inventory,2026-09-06T03:34:41.453917
7043,20220630,8360,3,10,0.00,0.00,Central Warehouse Inventory,2026-09-06T03:34:41.453917
7044,20220630,8361,24,10,0.00,0.00,Central Warehouse Inventory,2026-09-06T03:34:41.453917
7045,20220630,8362,27,10,0.00,0.00,Central Warehouse Inventory,2026-09-06T03:34:41.453917
7046,20220630,8363,26,10,0.00,0.00,Central Warehouse Inventory,2026-09-06T03:34:41.453917
7047,20220630,8364,8,10,0.00,0.00,Central Warehouse Inventory,2026-09-06T03:34:41.453917
7048,20220630,8365,4,10,0.00,0.00,Central Warehouse Inventory,2026-09-06T03:34:41.453917
7049,20220630,8366,2,10,0.00,0.00,Central Warehouse Inventory,2026-09-06T03:34:41.453917
7050,20220630,8367,4,10,0.00,0.00,Central Warehouse Inventory,2026-09-06T03:34:41.453917
7051,20220630,8368,2,10,0.00,0.00,Central Warehouse Inventory,2026-09-06T03:34:41.453917
7052,20220630,8369,18,10,0.00,0.00,Central Warehouse Inventory,2026-09-06T03:34:41.453917
7053,20220630,8370,3,10,0.00,0.00,Central Warehouse Inventory,2026-09-06T03:34:41.453917
7054,20220630,8371,3,10,0.00,0.00,Central Warehouse Inventory,2026-09-06T03:34:41.453917
7055,20220630,8372,2,10,0.00,0.00,Central Warehouse Inventory,2026-09-06T03:34:41.453917
7056,20220630,8373,3,10,0.00,0.00,Central Warehouse Inventory,2026-09-06T03:34:41.453917
7057,20220630,8374,26,10,0.00,0.00,Central Warehouse Inventory,2026-09-06T03:34:41.453917
7058,20220630,8375,3,10,0.00,0.00,Central Warehouse Inventory,2026-09-06T03:34:41.453917
7059,20220630,8376,41,10,0.00,0.00,Central Warehouse Inventory,2026-09-06T03:34:41.453917
7060,20220630,8377,3,10,0.00,0.00,Central Warehouse Inventory,2026-09-06T03:34:41.453917
7061,20220630,8378,2,10,0.00,0.00,Central Warehouse Inventory,2026-09-06T03:34:41.453917
7062,20220630,8379,19,10,0.00,0.00,Central Warehouse Inventory,2026-09-06T03:34:41.453917
7063,20220630,8380,24,10,0.00,0.00,Central Warehouse Inventory,2026-09-06T03:34:41.453917
7064,20220630,8381,21,10,0.00,0.00,Central Warehouse Inventory,2026-09-06T03:34:41.453917
7065,20220630,8382,24,10,0.00,0.00,Central Warehouse Inventory,2026-09-06T03:34:41.453917
7066,20220630,8383,17,10,0.00,0.00,Central Warehouse Inventory,2026-09-06T03:34:41.453917
7067,20220630,8384,14,10,0.00,0.00,Central Warehouse Inventory,2026-09-06T03:34:41.453917
7068,20220630,8385,7,10,0.00,0.00,Central Warehouse Inventory,2026-09-06T03:34:41.453917
7069,20220630,8386,30,10,0.00,0.00,Central Warehouse Inventory,2026-09-06T03:34:41.453917
7070,20220630,8387,25,10,0.00,0.00,Central Warehouse Inventory,2026-09-06T03:34:41.453917
7071,20220630,8388,30,10,0.00,0.00,Central Warehouse Inventory,2026-09-06T03:34:41.453917
7072,20220630,8389,22,10,0.00,0.00,Central Warehouse Inventory,2026-09-06T03:34:41.453917
7073,20220630,8390,19,10,0.00,0.00,Central Warehouse Inventory,2026-09-06T03:34:41.453917
7074,20220630,8391,22,10,0.00,0.00,Central Warehouse Inventory,2026-09-06T03:34:41.453917
7075,20220630,8392,19,10,0.00,0.00,Central Warehouse Inventory,2026-09-06T03:34:41.453917
7076,20220630,8393,2,10,0.00,0.00,Central Warehouse Inventory,2026-09-06T03:34:41.453917
7077,20220630,8394,2,10,0.00,0.00,Central Warehouse Inventory,2026-09-06T03:34:41.453917
7078,20220630,8395,3,10,0.00,0.00,Central Warehouse Inventory,2026-09-06T03:34:41.453917
7079,20220630,8396,2,10,0.00,0.00,Central Warehouse Inventory,2026-09-06T03:34:41.453917
7080,20220630,8397,7,10,0.00,0.00,Central Warehouse Inventory,2026-09-06T03:34:41.453917
7081,20220630,8398,6,10,0.00,0.00,Central Warehouse Inventory,2026-09-06T03:34:41.453917
7082,20220630,8399,3,10,0.00,0.00,Central Warehouse Inventory,2026-09-06T03:34:41.453917
7083,20220630,8400,14,10,0.00,0.00,Central Warehouse Inventory,2026-09-06T03:34:41.453917
7084,20220630,8401,6,10,0.00,0.00,Central Warehouse Inventory,2026-09-06T03:34:41.453917
7085,20220630,8402,13,10,0.00,0.00,Central Warehouse Inventory,2026-09-06T03:34:41.453917
7086,20220630,8403,18,10,0.00,0.00,Central Warehouse Inventory,2026-09-06T03:34:41.453917
7087,20220630,8404,9,10,0.00,0.00,Central Warehouse Inventory,2026-09-06T03:34:41.453917
7088,20220630,8405,20,10,0.00,0.00,Central Warehouse Inventory,2026-09-06T03:34:41.453917
7089,20220630,8406,6,10,0.00,0.00,Central Warehouse Inventory,2026-09-06T03:34:41.453917
7090,20220630,8407,24,10,0.00,0.00,Central Warehouse Inventory,2026-09-06T03:34:41.453917
7091,20220630,8408,21,10,0.00,0.00,Central Warehouse Inventory,2026-09-06T03:34:41.453917
7092,20220630,8409,11,10,0.00,0.00,Central Warehouse Inventory,2026-09-06T03:34:41.453917
7093,20220630,8410,18,10,0.00,0.00,Central Warehouse Inventory,2026-09-06T03:34:41.453917
7094,20220630,8411,19,10,0.00,0.00,Central Warehouse Inventory,2026-09-06T03:34:41.453917
7095,20220630,8412,20,10,0.00,0.00,Central Warehouse Inventory,2026-09-06T03:34:41.453917
7096,20220630,8413,13,10,0.00,0.00,Central Warehouse Inventory,2026-09-06T03:34:41.453917
7097,20220630,8414,3,10,0.00,0.00,Central Warehouse Inventory,2026-09-06T03:34:41.453917
7098,20220630,8415,7,10,0.00,0.00,Central Warehouse Inventory,2026-09-06T03:34:41.453917
7099,20220630,8416,10,10,0.00,0.00,Central Warehouse Inventory,2026-09-06T03:34:41.453917
7100,20220630,8417,9,10,0.00,0.00,Central Warehouse Inventory,2026-09-06T03:34:41.453917
7101,20220630,8418,10,10,0.00,0.00,Central Warehouse Inventory,2026-09-06T03:34:41.453917
7102,20220630,8419,9,10,0.00,0.00,Central Warehouse Inventory,2026-09-06T03:34:41.453917
7103,20220630,8420,3,10,0.00,0.00,Central Warehouse Inventory,2026-09-06T03:34:41.453917
7104,20220630,8421,2,10,0.00,0.00,Central Warehouse Inventory,2026-09-06T03:34:41.453917
7105,20220630,8422,2,10,0.00,0.00,Central Warehouse Inventory,2026-09-06T03:34:41.453917
7106,20220630,8423,2,10,0.00,0.00,Central Warehouse Inventory,2026-09-06T03:34:41.453917
7107,20220630,8424,15,10,0.00,0.00,Central Warehouse Inventory,2026-09-06T03:34:41.453917
7108,20220630,8425,3,10,0.00,0.00,Central Warehouse Inventory,2026-09-06T03:34:41.453917
7109,20220630,8426,9,10,0.00,0.00,Central Warehouse Inventory,2026-09-06T03:34:41.453917
7110,20220630,8427,6,10,0.00,0.00,Central Warehouse Inventory,2026-09-06T03:34:41.453917
7111,20220630,8428,7,10,0.00,0.00,Central Warehouse Inventory,2026-09-06T03:34:41.453917
7112,20220630,8429,8,10,0.00,0.00,Central Warehouse Inventory,2026-09-06T03:34:41.453917
7113,20220630,8430,4,10,0.00,0.00,Central Warehouse Inventory,2026-09-06T03:34:41.453917
7114,20220630,8431,6,10,0.00,0.00,Central Warehouse Inventory,2026-09-06T03:34:41.453917
7115,20220630,8432,7,10,0.00,0.00,Central Warehouse Inventory,2026-09-06T03:34:41.453917
7116,20220630,8433,9,10,0.00,0.00,Central Warehouse Inventory,2026-09-06T03:34:41.453917
7117,20220630,8434,2,10,0.00,0.00,Central Warehouse Inventory,2026-09-06T03:34:41.453917
7118,20220630,8435,70,10,0.00,0.00,Central Warehouse Inventory,2026-09-06T03:34:41.453917
7119,20220630,8436,90,10,0.00,0.00,Central Warehouse Inventory,2026-09-06T03:34:41.453917
7120,20220630,8437,85,10,0.00,0.00,Central Warehouse Inventory,2026-09-06T03:34:41.453917
7121,20220630,8438,8,10,0.00,0.00,Central Warehouse Inventory,2026-09-06T03:34:41.453917
7122,20220630,8439,36,10,0.00,0.00,Central Warehouse Inventory,2026-09-06T03:34:41.453917
7123,20220630,8440,55,10,0.00,0.00,Central Warehouse Inventory,2026-09-06T03:34:41.453917
7124,20220630,8441,30,10,0.00,0.00,Central Warehouse Inventory,2026-09-06T03:34:41.453917
7125,20220630,8442,57,10,0.00,0.00,Central Warehouse Inventory,2026-09-06T03:34:41.453917
7126,20220630,8443,87,10,0.00,0.00,Central Warehouse Inventory,2026-09-06T03:34:41.453917
7127,20220630,8444,70,10,0.00,0.00,Central Warehouse Inventory,2026-09-06T03:34:41.453917
7128,20220630,8445,47,10,0.00,0.00,Central Warehouse Inventory,2026-09-06T03:34:41.453917
7129,20220630,8446,104,10,0.00,0.00,Central Warehouse Inventory,2026-09-06T03:34:41.453917
7130,20220630,8447,38,10,0.00,0.00,Central Warehouse Inventory,2026-09-06T03:34:41.453917
7131,20220630,8448,43,10,0.00,0.00,Central Warehouse Inventory,2026-09-06T03:34:41.453917
7132,20220630,8449,61,10,0.00,0.00,Central Warehouse Inventory,2026-09-06T03:34:41.453917
7133,20220630,8450,53,10,0.00,0.00,Central Warehouse Inventory,2026-09-06T03:34:41.453917
7134,20220630,8451,54,10,0.00,0.00,Central Warehouse Inventory,2026-09-06T03:34:41.453917
7135,20220630,8452,11,10,0.00,0.00,Central Warehouse Inventory,2026-09-06T03:34:41.453917
7136,20220630,8453,24,10,0.00,0.00,Central Warehouse Inventory,2026-09-06T03:34:41.453917
7137,20220630,8454,6,10,0.00,0.00,Central Warehouse Inventory,2026-09-06T03:34:41.453917
7138,20220630,8455,3,10,0.00,0.00,Central Warehouse Inventory,2026-09-06T03:34:41.453917
7139,20220630,8456,25,10,0.00,0.00,Central Warehouse Inventory,2026-09-06T03:34:41.453917
7140,20220630,8457,31,10,0.00,0.00,Central Warehouse Inventory,2026-09-06T03:34:41.453917
7141,20220630,8458,27,10,0.00,0.00,Central Warehouse Inventory,2026-09-06T03:34:41.453917
7142,20220630,8459,56,10,0.00,0.00,Central Warehouse Inventory,2026-09-06T03:34:41.453917
7143,20220630,8460,48,10,0.00,0.00,Central Warehouse Inventory,2026-09-06T03:34:41.453917
7144,20220630,8461,94,10,0.00,0.00,Central Warehouse Inventory,2026-09-06T03:34:41.453917
7145,20220630,8462,22,10,0.00,0.00,Central Warehouse Inventory,2026-09-06T03:34:41.453917
7146,20220630,8463,47,10,0.00,0.00,Central Warehouse Inventory,2026-09-06T03:34:41.453917
7147,20220630,8464,24,10,0.00,0.00,Central Warehouse Inventory,2026-09-06T03:34:41.453917
7148,20220630,8465,90,10,0.00,0.00,Central Warehouse Inventory,2026-09-06T03:34:41.453917
7149,20220630,8466,164,10,0.00,0.00,Central Warehouse Inventory,2026-09-06T03:34:41.453917
7150,20220630,8467,138,10,0.00,0.00,Central Warehouse Inventory,2026-09-06T03:34:41.453917
7151,20220630,8468,9,10,0.00,0.00,Central Warehouse Inventory,2026-09-06T03:34:41.453917
7152,20220630,8469,9,10,0.00,0.00,Central Warehouse Inventory,2026-09-06T03:34:41.453917
7153,20220630,8470,8,10,0.00,0.00,Central Warehouse Inventory,2026-09-06T03:34:41.453917
7154,20220630,8471,12,10,0.00,0.00,Central Warehouse Inventory,2026-09-06T03:34:41.453917
7155,20220630,8472,6,10,0.00,0.00,Central Warehouse Inventory,2026-09-06T03:34:41.453917
7156,20220630,8473,34,10,0.00,0.00,Central Warehouse Inventory,2026-09-06T03:34:41.453917
7157,20220630,8474,8,10,0.00,0.00,Central Warehouse Inventory,2026-09-06T03:34:41.453917
7158,20220630,8475,2,10,0.00,0.00,Central Warehouse Inventory,2026-09-06T03:34:41.453917
7159,20220630,8476,17,10,0.00,0.00,Central Warehouse Inventory,2026-09-06T03:34:41.453917
7160,20220630,8477,12,10,0.00,0.00,Central Warehouse Inventory,2026-09-06T03:34:41.453917
7161,20220630,8478,19,10,0.00,0.00,Central Warehouse Inventory,2026-09-06T03:34:41.453917
7162,20220630,8479,24,10,0.00,0.00,Central Warehouse Inventory,2026-09-06T03:34:41.453917
7163,20220630,8480,0,10,0.00,0.00,Central Warehouse Inventory,2026-09-06T03:34:41.453917
7164,20220630,8480,23,10,0.00,0.00,Central Warehouse Inventory,2026-09-06T03:34:41.453917
7165,20220630,8481,0,10,0.00,0.00,Central Warehouse Inventory,2026-09-06T03:34:41.453917
7166,20220630,8481,2,10,0.00,0.00,Central Warehouse Inventory,2026-09-06T03:34:41.453917
7167,20220630,8482,3,10,0.00,0.00,Central Warehouse Inventory,2026-09-06T03:34:41.453917
7168,20220630,8483,100,10,0.00,0.00,Central Warehouse Inventory,2026-09-06T03:34:41.453917
7169,20220630,8484,0,10,0.00,0.00,Central Warehouse Inventory,2026-09-06T03:34:41.453917
7170,20220630,8484,158,10,0.00,0.00,Central Warehouse Inventory,2026-09-06T03:34:41.453917
7171,20220630,8485,0,10,0.00,0.00,Central Warehouse Inventory,2026-09-06T03:34:41.453917
7172,20220630,8485,149,10,0.00,0.00,Central Warehouse Inventory,2026-09-06T03:34:41.453917
7173,20220630,8486,64,10,0.00,0.00,Central Warehouse Inventory,2026-09-06T03:34:41.453917
7174,20220630,8487,41,10,0.00,0.00,Central Warehouse Inventory,2026-09-06T03:34:41.453917
7175,20220630,8488,14,10,0.00,0.00,Central Warehouse Inventory,2026-09-06T03:34:41.453917
7176,20220630,8489,15,10,0.00,0.00,Central Warehouse Inventory,2026-09-06T03:34:41.453917
7177,20220630,8490,43,10,0.00,0.00,Central Warehouse Inventory,2026-09-06T03:34:41.453917
7178,20220630,8491,6,10,0.00,0.00,Central Warehouse Inventory,2026-09-06T03:34:41.453917
7179,20220630,8492,27,10,0.00,0.00,Central Warehouse Inventory,2026-09-06T03:34:41.453917
7180,20220630,8493,14,10,0.00,0.00,Central Warehouse Inventory,2026-09-06T03:34:41.453917
7181,20220630,8494,19,10,0.00,0.00,Central Warehouse Inventory,2026-09-06T03:34:41.453917
7182,20220630,8495,47,10,0.00,0.00,Central Warehouse Inventory,2026-09-06T03:34:41.453917
7183,20220630,8496,21,10,0.00,0.00,Central Warehouse Inventory,2026-09-06T03:34:41.453917
7184,20220630,8497,4,10,0.00,0.00,Central Warehouse Inventory,2026-09-06T03:34:41.453917
7185,20220630,8498,41,10,0.00,0.00,Central Warehouse Inventory,2026-09-06T03:34:41.453917
7186,20220630,8499,14,10,0.00,0.00,Central Warehouse Inventory,2026-09-06T03:34:41.453917
7187,20220630,8500,10,10,0.00,0.00,Central Warehouse Inventory,2026-09-06T03:34:41.453917
7188,20220630,8501,42,10,0.00,0.00,Central Warehouse Inventory,2026-09-06T03:34:41.453917
7189,20220630,8502,32,10,0.00,0.00,Central Warehouse Inventory,2026-09-06T03:34:41.453917
7190,20220630,8503,46,10,0.00,0.00,Central Warehouse Inventory,2026-09-06T03:34:41.453917
7191,20220630,8504,3,10,0.00,0.00,Central Warehouse Inventory,2026-09-06T03:34:41.453917
7192,20220630,8505,7,10,0.00,0.00,Central Warehouse Inventory,2026-09-06T03:34:41.453917
7193,20220630,8506,4,10,0.00,0.00,Central Warehouse Inventory,2026-09-06T03:34:41.453917
7194,20220630,8507,7,10,0.00,0.00,Central Warehouse Inventory,2026-09-06T03:34:41.453917
7195,20220630,8508,2,10,0.00,0.00,Central Warehouse Inventory,2026-09-06T03:34:41.453917
7196,20220630,8509,21,10,0.00,0.00,Central Warehouse Inventory,2026-09-06T03:34:41.453917
7197,20220630,8510,2,10,0.00,0.00,Central Warehouse Inventory,2026-09-06T03:34:41.453917
7198,20220630,8511,0,10,0.00,0.00,Central Warehouse Inventory,2026-09-06T03:34:41.453917
7199,20220630,8512,0,10,0.00,0.00,Central Warehouse Inventory,2026-09-06T03:34:41.453917
7200,20220630,8513,2,10,0.00,0.00,Central Warehouse Inventory,2026-09-06T03:34:41.453917
7201,20220630,8514,2,10,0.00,0.00,Central Warehouse Inventory,2026-09-06T03:34:41.453917
7202,20220630,8515,0,10,0.00,0.00,Central Warehouse Inventory,2026-09-06T03:34:41.453917
7203,20220630,8516,30,10,0.00,0.00,Central Warehouse Inventory,2026-09-06T03:34:41.453917
7204,20220630,8517,39,10,0.00,0.00,Central Warehouse Inventory,2026-09-06T03:34:41.453917
7205,20220630,8518,24,10,0.00,0.00,Central Warehouse Inventory,2026-09-06T03:34:41.453917
7206,20220630,8519,45,10,0.00,0.00,Central Warehouse Inventory,2026-09-06T03:34:41.453917
7207,20220630,8520,26,10,0.00,0.00,Central Warehouse Inventory,2026-09-06T03:34:41.453917
7208,20220630,8521,37,10,0.00,0.00,Central Warehouse Inventory,2026-09-06T03:34:41.453917
7209,20220630,8522,5,10,0.00,0.00,Central Warehouse Inventory,2026-09-06T03:34:41.453917
7210,20220630,8523,4,10,0.00,0.00,Central Warehouse Inventory,2026-09-06T03:34:41.453917
7211,20220630,8524,1,10,0.00,0.00,Central Warehouse Inventory,2026-09-06T03:34:41.453917
7212,20220630,8525,4,10,0.00,0.00,Central Warehouse Inventory,2026-09-06T03:34:41.453917
7213,20220630,8526,3,10,0.00,0.00,Central Warehouse Inventory,2026-09-06T03:34:41.453917
7214,20220630,8527,19,10,0.00,0.00,Central Warehouse Inventory,2026-09-06T03:34:41.453917
7215,20220630,8528,3,10,0.00,0.00,Central Warehouse Inventory,2026-09-06T03:34:41.453917
7216,20220630,8529,10,10,0.00,0.00,Central Warehouse Inventory,2026-09-06T03:34:41.453917
7217,20220630,8530,0,10,0.00,0.00,Central Warehouse Inventory,2026-09-06T03:34:41.453917
7218,20220630,8531,2,10,0.00,0.00,Central Warehouse Inventory,2026-09-06T03:34:41.453917
7219,20220630,8532,8,10,0.00,0.00,Central Warehouse Inventory,2026-09-06T03:34:41.453917
7220,20220630,8533,0,10,0.00,0.00,Central Warehouse Inventory,2026-09-06T03:34:41.453917
7221,20220630,8534,3,10,0.00,0.00,Central Warehouse Inventory,2026-09-06T03:34:41.453917
7222,20220630,8535,8,10,0.00,0.00,Central Warehouse Inventory,2026-09-06T03:34:41.453917
7223,20220630,8536,3,10,0.00,0.00,Central Warehouse Inventory,2026-09-06T03:34:41.453917
7224,20220630,8537,4,10,0.00,0.00,Central Warehouse Inventory,2026-09-06T03:34:41.453917
7225,20220630,8538,2,10,0.00,0.00,Central Warehouse Inventory,2026-09-06T03:34:41.453917
7226,20220630,8539,3,10,0.00,0.00,Central Warehouse Inventory,2026-09-06T03:34:41.453917
7227,20220630,8540,6,10,0.00,0.00,Central Warehouse Inventory,2026-09-06T03:34:41.453917
7228,20220630,8541,2,10,0.00,0.00,Central Warehouse Inventory,2026-09-06T03:34:41.453917
7229,20220630,8542,29,10,0.00,0.00,Central Warehouse Inventory,2026-09-06T03:34:41.453917
7230,20220630,8543,83,10,0.00,0.00,Central Warehouse Inventory,2026-09-06T03:34:41.453917
7231,20220630,8544,19,10,0.00,0.00,Central Warehouse Inventory,2026-09-06T03:34:41.453917
7232,20220630,8545,93,10,0.00,0.00,Central Warehouse Inventory,2026-09-06T03:34:41.453917
7233,20220630,8546,32,10,0.00,0.00,Central Warehouse Inventory,2026-09-06T03:34:41.453917
7234,20220630,8547,30,10,0.00,0.00,Central Warehouse Inventory,2026-09-06T03:34:41.453917
7235,20220630,8548,79,10,0.00,0.00,Central Warehouse Inventory,2026-09-06T03:34:41.453917
7236,20220630,8549,1,10,0.00,0.00,Central Warehouse Inventory,2026-09-06T03:34:41.453917
7237,20220630,8550,46,10,0.00,0.00,Central Warehouse Inventory,2026-09-06T03:34:41.453917
7238,20220630,8551,33,10,0.00,0.00,Central Warehouse Inventory,2026-09-06T03:34:41.453917
7239,20220630,8552,37,10,0.00,0.00,Central Warehouse Inventory,2026-09-06T03:34:41.453917
7240,20220630,8553,42,10,0.00,0.00,Central Warehouse Inventory,2026-09-06T03:34:41.453917
7241,20220630,8554,2,10,0.00,0.00,Central Warehouse Inventory,2026-09-06T03:34:41.453917
7242,20220630,8555,2,10,0.00,0.00,Central Warehouse Inventory,2026-09-06T03:34:41.453917
7243,20220630,8556,2,10,0.00,0.00,Central Warehouse Inventory,2026-09-06T03:34:41.453917
7244,20220630,8557,2,10,0.00,0.00,Central Warehouse Inventory,2026-09-06T03:34:41.453917
7245,20220630,8558,26,10,0.00,0.00,Central Warehouse Inventory,2026-09-06T03:34:41.453917
7246,20220630,8559,40,10,0.00,0.00,Central Warehouse Inventory,2026-09-06T03:34:41.453917
7247,20220630,8560,25,10,0.00,0.00,Central Warehouse Inventory,2026-09-06T03:34:41.453917
7248,20220630,8561,18,10,0.00,0.00,Central Warehouse Inventory,2026-09-06T03:34:41.453917
7249,20220630,8562,0,10,0.00,0.00,Central Warehouse Inventory,2026-09-06T03:34:41.453917
7250,20220630,8563,2,10,0.00,0.00,Central Warehouse Inventory,2026-09-06T03:34:41.453917
7251,20220630,8564,0,10,0.00,0.00,Central Warehouse Inventory,2026-09-06T03:34:41.453917
7252,20220630,8565,0,10,0.00,0.00,Central Warehouse Inventory,2026-09-06T03:34:41.453917
7253,20220630,8566,0,10,0.00,0.00,Central Warehouse Inventory,2026-09-06T03:34:41.453917
7254,20220630,8567,5,10,0.00,0.00,Central Warehouse Inventory,2026-09-06T03:34:41.453917
7255,20220630,8568,20,10,0.00,0.00,Central Warehouse Inventory,2026-09-06T03:34:41.453917
7256,20220630,8569,30,10,0.00,0.00,Central Warehouse Inventory,2026-09-06T03:34:41.453917
7257,20220630,8570,6,10,0.00,0.00,Central Warehouse Inventory,2026-09-06T03:34:41.453917
7258,20220630,8571,2,10,0.00,0.00,Central Warehouse Inventory,2026-09-06T03:34:41.453917
7259,20220630,8572,2,10,0.00,0.00,Central Warehouse Inventory,2026-09-06T03:34:41.453917
7260,20220630,8573,5,10,0.00,0.00,Central Warehouse Inventory,2026-09-06T03:34:41.453917
7261,20220630,8574,6,10,0.00,0.00,Central Warehouse Inventory,2026-09-06T03:34:41.453917
7262,20220630,8575,3,10,0.00,0.00,Central Warehouse Inventory,2026-09-06T03:34:41.453917
7263,20220630,8576,0,10,0.00,0.00,Central Warehouse Inventory,2026-09-06T03:34:41.453917
7264,20220630,8577,0,10,0.00,0.00,Central Warehouse Inventory,2026-09-06T03:34:41.453917
7265,20220630,8578,0,10,0.00,0.00,Central Warehouse Inventory,2026-09-06T03:34:41.453917
7266,20220630,8579,19,10,0.00,0.00,Central Warehouse Inventory,2026-09-06T03:34:41.453917
7267,20220630,8580,50,10,0.00,0.00,Central Warehouse Inventory,2026-09-06T03:34:41.453917
7268,20220630,8581,14,10,0.00,0.00,Central Warehouse Inventory,2026-09-06T03:34:41.453917
7269,20220630,8582,4,10,0.00,0.00,Central Warehouse Inventory,2026-09-06T03:34:41.453917
7270,20220630,8583,9,10,0.00,0.00,Central Warehouse Inventory,2026-09-06T03:34:41.453917
7271,20220630,8584,46,10,0.00,0.00,Central Warehouse Inventory,2026-09-06T03:34:41.453917
7272,20220630,8585,47,10,0.00,0.00,Central Warehouse Inventory,2026-09-06T03:34:41.453917
7273,20220630,8586,52,10,0.00,0.00,Central Warehouse Inventory,2026-09-06T03:34:41.453917
7274,20220630,8587,5,10,0.00,0.00,Central Warehouse Inventory,2026-09-06T03:34:41.453917
7275,20220630,8588,5,10,0.00,0.00,Central Warehouse Inventory,2026-09-06T03:34:41.453917
7276,20220630,8589,46,10,0.00,0.00,Central Warehouse Inventory,2026-09-06T03:34:41.453917
7277,20220630,8590,3,10,0.00,0.00,Central Warehouse Inventory,2026-09-06T03:34:41.453917
7278,20220630,8591,4,10,0.00,0.00,Central Warehouse Inventory,2026-09-06T03:34:41.453917
7279,20220630,8592,10,10,0.00,0.00,Central Warehouse Inventory,2026-09-06T03:34:41.453917
7280,20220630,8593,7,10,0.00,0.00,Central Warehouse Inventory,2026-09-06T03:34:41.453917
7281,20220630,8594,7,10,0.00,0.00,Central Warehouse Inventory,2026-09-06T03:34:41.453917
7282,20220630,8595,4,10,0.00,0.00,Central Warehouse Inventory,2026-09-06T03:34:41.453917
7283,20220630,8596,5,10,0.00,0.00,Central Warehouse Inventory,2026-09-06T03:34:41.453917
7284,20220630,8597,7,10,0.00,0.00,Central Warehouse Inventory,2026-09-06T03:34:41.453917
7285,20220630,8598,7,10,0.00,0.00,Central Warehouse Inventory,2026-09-06T03:34:41.453917
7286,20220630,8599,19,10,0.00,0.00,Central Warehouse Inventory,2026-09-06T03:34:41.453917
7287,20220630,8600,25,10,0.00,0.00,Central Warehouse Inventory,2026-09-06T03:34:41.453917
7288,20220630,8601,10,10,0.00,0.00,Central Warehouse Inventory,2026-09-06T03:34:41.453917
7289,20220630,8602,13,10,0.00,0.00,Central Warehouse Inventory,2026-09-06T03:34:41.453917
7290,20220630,8603,1,10,0.00,0.00,Central Warehouse Inventory,2026-09-06T03:34:41.453917
7291,20220630,8604,62,10,0.00,0.00,Central Warehouse Inventory,2026-09-06T03:34:41.453917
7292,20220630,8605,6,10,0.00,0.00,Central Warehouse Inventory,2026-09-06T03:34:41.453917
7293,20220630,8606,0,10,0.00,0.00,Central Warehouse Inventory,2026-09-06T03:34:41.453917
7294,20220630,8607,4,10,0.00,0.00,Central Warehouse Inventory,2026-09-06T03:34:41.453917
7295,20220630,8608,14,10,0.00,0.00,Central Warehouse Inventory,2026-09-06T03:34:41.453917
7296,20220630,8609,7,10,0.00,0.00,Central Warehouse Inventory,2026-09-06T03:34:41.453917
7297,20220630,8610,6,10,0.00,0.00,Central Warehouse Inventory,2026-09-06T03:34:41.453917
7298,20220630,8611,6,10,0.00,0.00,Central Warehouse Inventory,2026-09-06T03:34:41.453917
7299,20220630,8612,1,10,0.00,0.00,Central Warehouse Inventory,2026-09-06T03:34:41.453917
7300,20220630,8613,2,10,0.00,0.00,Central Warehouse Inventory,2026-09-06T03:34:41.453917
7301,20220630,8614,2,10,0.00,0.00,Central Warehouse Inventory,2026-09-06T03:34:41.453917
7302,20220630,8615,6,10,0.00,0.00,Central Warehouse Inventory,2026-09-06T03:34:41.453917
7303,20220630,8616,3,10,0.00,0.00,Central Warehouse Inventory,2026-09-06T03:34:41.453917
7304,20220630,8617,6,10,0.00,0.00,Central Warehouse Inventory,2026-09-06T03:34:41.453917
7305,20220630,8618,32,10,0.00,0.00,Central Warehouse Inventory,2026-09-06T03:34:41.453917
7306,20220630,8619,32,10,0.00,0.00,Central Warehouse Inventory,2026-09-06T03:34:41.453917
7307,20220630,8620,30,10,0.00,0.00,Central Warehouse Inventory,2026-09-06T03:34:41.453917
7308,20220630,8621,25,10,0.00,0.00,Central Warehouse Inventory,2026-09-06T03:34:41.453917
7309,20220630,8622,28,10,0.00,0.00,Central Warehouse Inventory,2026-09-06T03:34:41.453917
7310,20220630,8623,31,10,0.00,0.00,Central Warehouse Inventory,2026-09-06T03:34:41.453917
7311,20220630,8624,20,10,0.00,0.00,Central Warehouse Inventory,2026-09-06T03:34:41.453917
7312,20220630,8625,32,10,0.00,0.00,Central Warehouse Inventory,2026-09-06T03:34:41.453917
7313,20220630,8626,16,10,0.00,0.00,Central Warehouse Inventory,2026-09-06T03:34:41.453917
7314,20220630,8627,28,10,0.00,0.00,Central Warehouse Inventory,2026-09-06T03:34:41.453917
7315,20220630,8628,23,10,0.00,0.00,Central Warehouse Inventory,2026-09-06T03:34:41.453917
7316,20220630,8629,30,10,0.00,0.00,Central Warehouse Inventory,2026-09-06T03:34:41.453917
7317,20220630,8630,25,10,0.00,0.00,Central Warehouse Inventory,2026-09-06T03:34:41.453917
7318,20220630,8631,32,10,0.00,0.00,Central Warehouse Inventory,2026-09-06T03:34:41.453917
7319,20220630,8632,34,10,0.00,0.00,Central Warehouse Inventory,2026-09-06T03:34:41.453917
7320,20220630,8633,31,10,0.00,0.00,Central Warehouse Inventory,2026-09-06T03:34:41.453917
7321,20220630,8634,40,10,0.00,0.00,Central Warehouse Inventory,2026-09-06T03:34:41.453917
7322,20220630,8635,52,10,0.00,0.00,Central Warehouse Inventory,2026-09-06T03:34:41.453917
7323,20220630,8636,33,10,0.00,0.00,Central Warehouse Inventory,2026-09-06T03:34:41.453917
7324,20220630,8637,25,10,0.00,0.00,Central Warehouse Inventory,2026-09-06T03:34:41.453917
7325,20220630,8638,10,10,0.00,0.00,Central Warehouse Inventory,2026-09-06T03:34:41.453917
7326,20220630,8639,21,10,0.00,0.00,Central Warehouse Inventory,2026-09-06T03:34:41.453917
7327,20220630,8640,16,10,0.00,0.00,Central Warehouse Inventory,2026-09-06T03:34:41.453917
7328,20220630,8641,0,10,0.00,0.00,Central Warehouse Inventory,2026-09-06T03:34:41.453917
7329,20220630,8642,16,10,0.00,0.00,Central Warehouse Inventory,2026-09-06T03:34:41.453917
7330,20220630,8643,45,10,0.00,0.00,Central Warehouse Inventory,2026-09-06T03:34:41.453917
7331,20220630,8644,35,10,0.00,0.00,Central Warehouse Inventory,2026-09-06T03:34:41.453917
7332,20220630,8645,37,10,0.00,0.00,Central Warehouse Inventory,2026-09-06T03:34:41.453917
7333,20220630,8646,44,10,0.00,0.00,Central Warehouse Inventory,2026-09-06T03:34:41.453917
7334,20220630,8647,8,10,0.00,0.00,Central Warehouse Inventory,2026-09-06T03:34:41.453917
7335,20220630,8648,7,10,0.00,0.00,Central Warehouse Inventory,2026-09-06T03:34:41.453917
7336,20220630,8649,50,10,0.00,0.00,Central Warehouse Inventory,2026-09-06T03:34:41.453917
7337,20220630,8650,14,10,0.00,0.00,Central Warehouse Inventory,2026-09-06T03:34:41.453917
7338,20220630,8651,55,10,0.00,0.00,Central Warehouse Inventory,2026-09-06T03:34:41.453917
7339,20220630,8652,3,10,0.00,0.00,Central Warehouse Inventory,2026-09-06T03:34:41.453917
7340,20220630,8653,10,10,0.00,0.00,Central Warehouse Inventory,2026-09-06T03:34:41.453917
7341,20220630,8654,16,10,0.00,0.00,Central Warehouse Inventory,2026-09-06T03:34:41.453917
7342,20220630,8655,7,10,0.00,0.00,Central Warehouse Inventory,2026-09-06T03:34:41.453917
7343,20220630,8656,4,10,0.00,0.00,Central Warehouse Inventory,2026-09-06T03:34:41.453917
7344,20220630,8657,18,10,0.00,0.00,Central Warehouse Inventory,2026-09-06T03:34:41.453917
7345,20220630,8658,13,10,0.00,0.00,Central Warehouse Inventory,2026-09-06T03:34:41.453917
7346,20220630,8659,10,10,0.00,0.00,Central Warehouse Inventory,2026-09-06T03:34:41.453917
7347,20220630,8660,2,10,0.00,0.00,Central Warehouse Inventory,2026-09-06T03:34:41.453917
7348,20220630,8661,2,10,0.00,0.00,Central Warehouse Inventory,2026-09-06T03:34:41.453917
7349,20220630,8662,19,10,0.00,0.00,Central Warehouse Inventory,2026-09-06T03:34:41.453917
7350,20220630,8663,2,10,0.00,0.00,Central Warehouse Inventory,2026-09-06T03:34:41.453917
7351,20220630,8664,22,10,0.00,0.00,Central Warehouse Inventory,2026-09-06T03:34:41.453917
7352,20220630,8665,1,10,0.00,0.00,Central Warehouse Inventory,2026-09-06T03:34:41.453917
7353,20220630,8666,1,10,0.00,0.00,Central Warehouse Inventory,2026-09-06T03:34:41.453917
7354,20220630,8667,1,10,0.00,0.00,Central Warehouse Inventory,2026-09-06T03:34:41.453917
7355,20220630,8668,1,10,0.00,0.00,Central Warehouse Inventory,2026-09-06T03:34:41.453917
7356,20220630,8669,1,10,0.00,0.00,Central Warehouse Inventory,2026-09-06T03:34:41.453917
7357,20220630,8670,2,10,0.00,0.00,Central Warehouse Inventory,2026-09-06T03:34:41.453917
7358,20220630,8671,10,10,0.00,0.00,Central Warehouse Inventory,2026-09-06T03:34:41.453917
7359,20220630,8672,22,10,0.00,0.00,Central Warehouse Inventory,2026-09-06T03:34:41.453917
7360,20220630,8673,8,10,0.00,0.00,Central Warehouse Inventory,2026-09-06T03:34:41.453917
7361,20220630,8674,41,10,0.00,0.00,Central Warehouse Inventory,2026-09-06T03:34:41.453917
7362,20220630,8675,2,10,0.00,0.00,Central Warehouse Inventory,2026-09-06T03:34:41.453917
7363,20220630,8676,3,10,0.00,0.00,Central Warehouse Inventory,2026-09-06T03:34:41.453917
7364,20220630,8677,1,10,0.00,0.00,Central Warehouse Inventory,2026-09-06T03:34:41.453917
7365,20220630,8678,1,10,0.00,0.00,Central Warehouse Inventory,2026-09-06T03:34:41.453917
7366,20220630,8679,0,10,0.00,0.00,Central Warehouse Inventory,2026-09-06T03:34:41.453917
7367,20220630,8680,0,10,0.00,0.00,Central Warehouse Inventory,2026-09-06T03:34:41.453917
7368,20220630,8681,2,10,0.00,0.00,Central Warehouse Inventory,2026-09-06T03:34:41.453917
7369,20220630,8682,3,10,0.00,0.00,Central Warehouse Inventory,2026-09-06T03:34:41.453917
7370,20220630,8683,1,10,0.00,0.00,Central Warehouse Inventory,2026-09-06T03:34:41.453917
7371,20220630,8684,5,10,0.00,0.00,Central Warehouse Inventory,2026-09-06T03:34:41.453917
7372,20220630,8685,1,10,0.00,0.00,Central Warehouse Inventory,2026-09-06T03:34:41.453917
7373,20220630,8686,1,10,0.00,0.00,Central Warehouse Inventory,2026-09-06T03:34:41.453917
7374,20220630,8687,1,10,0.00,0.00,Central Warehouse Inventory,2026-09-06T03:34:41.453917
7375,20220630,8688,4,10,0.00,0.00,Central Warehouse Inventory,2026-09-06T03:34:41.453917
7376,20220630,8689,1,10,0.00,0.00,Central Warehouse Inventory,2026-09-06T03:34:41.453917
7377,20220630,8690,0,10,0.00,0.00,Central Warehouse Inventory,2026-09-06T03:34:41.453917
7378,20220630,8691,1,10,0.00,0.00,Central Warehouse Inventory,2026-09-06T03:34:41.453917
7379,20220630,8692,0,10,0.00,0.00,Central Warehouse Inventory,2026-09-06T03:34:41.453917
7380,20220630,8693,0,10,0.00,0.00,Central Warehouse Inventory,2026-09-06T03:34:41.453917
7381,20220630,8694,0,10,0.00,0.00,Central Warehouse Inventory,2026-09-06T03:34:41.453917
7382,20220630,8695,0,10,0.00,0.00,Central Warehouse Inventory,2026-09-06T03:34:41.453917
7383,20220630,8696,1,10,0.00,0.00,Central Warehouse Inventory,2026-09-06T03:34:41.453917
7384,20220630,8697,0,10,0.00,0.00,Central Warehouse Inventory,2026-09-06T03:34:41.453917
7385,20220630,8698,11,10,0.00,0.00,Central Warehouse Inventory,2026-09-06T03:34:41.453917
7386,20220630,8699,8,10,0.00,0.00,Central Warehouse Inventory,2026-09-06T03:34:41.453917
7387,20220630,8700,11,10,0.00,0.00,Central Warehouse Inventory,2026-09-06T03:34:41.453917
7388,20220630,8701,5,10,0.00,0.00,Central Warehouse Inventory,2026-09-06T03:34:41.453917
7389,20220630,8702,10,10,0.00,0.00,Central Warehouse Inventory,2026-09-06T03:34:41.453917
7390,20220630,8703,7,10,0.00,0.00,Central Warehouse Inventory,2026-09-06T03:34:41.453917
7391,20220630,8704,4,10,0.00,0.00,Central Warehouse Inventory,2026-09-06T03:34:41.453917
7392,20220630,8705,49,10,0.00,0.00,Central Warehouse Inventory,2026-09-06T03:34:41.453917
7393,20220630,8706,15,10,0.00,0.00,Central Warehouse Inventory,2026-09-06T03:34:41.453917
7394,20220630,8707,93,10,0.00,0.00,Central Warehouse Inventory,2026-09-06T03:34:41.453917
7395,20220630,8708,5,10,0.00,0.00,Central Warehouse Inventory,2026-09-06T03:34:41.453917
7396,20220630,8709,65,10,0.00,0.00,Central Warehouse Inventory,2026-09-06T03:34:41.453917
7397,20220630,8710,37,10,0.00,0.00,Central Warehouse Inventory,2026-09-06T03:34:41.453917
7398,20220630,8711,1,10,0.00,0.00,Central Warehouse Inventory,2026-09-06T03:34:41.453917
7399,20220630,8712,58,10,0.00,0.00,Central Warehouse Inventory,2026-09-06T03:34:41.453917
7400,20220630,8713,94,10,0.00,0.00,Central Warehouse Inventory,2026-09-06T03:34:41.453917
7401,20220630,8714,232,10,0.00,0.00,Central Warehouse Inventory,2026-09-06T03:34:41.453917
7402,20220630,8715,115,10,0.00,0.00,Central Warehouse Inventory,2026-09-06T03:34:41.453917
7403,20220630,8716,141,10,0.00,0.00,Central Warehouse Inventory,2026-09-06T03:34:41.453917
7404,20220630,8717,60,10,0.00,0.00,Central Warehouse Inventory,2026-09-06T03:34:41.453917
7405,20220630,8718,18,10,0.00,0.00,Central Warehouse Inventory,2026-09-06T03:34:41.453917
7406,20220630,8719,19,10,0.00,0.00,Central Warehouse Inventory,2026-09-06T03:34:41.453917
7407,20220630,8720,8,10,0.00,0.00,Central Warehouse Inventory,2026-09-06T03:34:41.453917
7408,20220630,8721,9,10,0.00,0.00,Central Warehouse Inventory,2026-09-06T03:34:41.453917
7409,20220630,8722,1,10,0.00,0.00,Central Warehouse Inventory,2026-09-06T03:34:41.453917
7410,20220630,8723,14,10,0.00,0.00,Central Warehouse Inventory,2026-09-06T03:34:41.453917
7411,20220630,8724,2,10,0.00,0.00,Central Warehouse Inventory,2026-09-06T03:34:41.453917
7412,20220630,8725,3,10,0.00,0.00,Central Warehouse Inventory,2026-09-06T03:34:41.453917
7413,20220630,8726,11,10,0.00,0.00,Central Warehouse Inventory,2026-09-06T03:34:41.453917
7414,20220630,8727,7,10,0.00,0.00,Central Warehouse Inventory,2026-09-06T03:34:41.453917
7415,20220630,8728,7,10,0.00,0.00,Central Warehouse Inventory,2026-09-06T03:34:41.453917
7416,20220630,8729,5,10,0.00,0.00,Central Warehouse Inventory,2026-09-06T03:34:41.453917
7417,20220630,8730,2,10,0.00,0.00,Central Warehouse Inventory,2026-09-06T03:34:41.453917
7418,20220630,8731,7,10,0.00,0.00,Central Warehouse Inventory,2026-09-06T03:34:41.453917
7419,20220630,8732,1,10,0.00,0.00,Central Warehouse Inventory,2026-09-06T03:34:41.453917
7420,20220630,8733,0,10,0.00,0.00,Central Warehouse Inventory,2026-09-06T03:34:41.453917
7421,20220630,8734,1,10,0.00,0.00,Central Warehouse Inventory,2026-09-06T03:34:41.453917
7422,20220630,8735,0,10,0.00,0.00,Central Warehouse Inventory,2026-09-06T03:34:41.453917
7423,20220630,8736,1,10,0.00,0.00,Central Warehouse Inventory,2026-09-06T03:34:41.453917
7424,20220630,8737,1,10,0.00,0.00,Central Warehouse Inventory,2026-09-06T03:34:41.453917
7425,20220630,8738,1,10,0.00,0.00,Central Warehouse Inventory,2026-09-06T03:34:41.453917
7426,20220630,8739,1,10,0.00,0.00,Central Warehouse Inventory,2026-09-06T03:34:41.453917
7427,20220630,8740,2,10,0.00,0.00,Central Warehouse Inventory,2026-09-06T03:34:41.453917
7428,20220630,8741,13,10,0.00,0.00,Central Warehouse Inventory,2026-09-06T03:34:41.453917
7429,20220630,8742,4,10,0.00,0.00,Central Warehouse Inventory,2026-09-06T03:34:41.453917
7430,20220630,8743,8,10,0.00,0.00,Central Warehouse Inventory,2026-09-06T03:34:41.453917
7431,20220630,8744,6,10,0.00,0.00,Central Warehouse Inventory,2026-09-06T03:34:41.453917
7432,20220630,8745,2,10,0.00,0.00,Central Warehouse Inventory,2026-09-06T03:34:41.453917
7433,20220630,8746,11,10,0.00,0.00,Central Warehouse Inventory,2026-09-06T03:34:41.453917
7434,20220630,8747,9,10,0.00,0.00,Central Warehouse Inventory,2026-09-06T03:34:41.453917
7435,20220630,8748,5,10,0.00,0.00,Central Warehouse Inventory,2026-09-06T03:34:41.453917
7436,20220630,8749,68,10,0.00,0.00,Central Warehouse Inventory,2026-09-06T03:34:41.453917
7437,20220630,8750,15,10,0.00,0.00,Central Warehouse Inventory,2026-09-06T03:34:41.453917
7438,20220630,8751,98,10,0.00,0.00,Central Warehouse Inventory,2026-09-06T03:34:41.453917
7439,20220630,8752,69,10,0.00,0.00,Central Warehouse Inventory,2026-09-06T03:34:41.453917
7440,20220630,8753,9,10,0.00,0.00,Central Warehouse Inventory,2026-09-06T03:34:41.453917
7441,20220630,8754,3,10,0.00,0.00,Central Warehouse Inventory,2026-09-06T03:34:41.453917
7442,20220630,8755,326,10,0.00,0.00,Central Warehouse Inventory,2026-09-06T03:34:41.453917
7443,20220630,8756,14,10,0.00,0.00,Central Warehouse Inventory,2026-09-06T03:34:41.453917
7444,20220630,8757,696,10,0.00,0.00,Central Warehouse Inventory,2026-09-06T03:34:41.453917
7445,20220630,8758,33,10,0.00,0.00,Central Warehouse Inventory,2026-09-06T03:34:41.453917
7446,20220630,8759,65,10,0.00,0.00,Central Warehouse Inventory,2026-09-06T03:34:41.453917
7447,20220630,8760,0,10,0.00,0.00,Central Warehouse Inventory,2026-09-06T03:34:41.453917
7448,20220630,8761,3,10,0.00,0.00,Central Warehouse Inventory,2026-09-06T03:34:41.453917
7449,20220630,8762,3,10,0.00,0.00,Central Warehouse Inventory,2026-09-06T03:34:41.453917
7450,20220630,8763,11,10,0.00,0.00,Central Warehouse Inventory,2026-09-06T03:34:41.453917
7451,20220630,8764,1,10,0.00,0.00,Central Warehouse Inventory,2026-09-06T03:34:41.453917
7452,20220630,8765,54,10,0.00,0.00,Central Warehouse Inventory,2026-09-06T03:34:41.453917
7453,20220630,8766,2,10,0.00,0.00,Central Warehouse Inventory,2026-09-06T03:34:41.453917
7454,20220630,8767,1,10,0.00,0.00,Central Warehouse Inventory,2026-09-06T03:34:41.453917
7455,20220630,8768,3,10,0.00,0.00,Central Warehouse Inventory,2026-09-06T03:34:41.453917
7456,20220630,8769,1,10,0.00,0.00,Central Warehouse Inventory,2026-09-06T03:34:41.453917
7457,20220630,8770,0,10,0.00,0.00,Central Warehouse Inventory,2026-09-06T03:34:41.453917
7458,20220630,8771,0,10,0.00,0.00,Central Warehouse Inventory,2026-09-06T03:34:41.453917
7459,20220630,8772,0,10,0.00,0.00,Central Warehouse Inventory,2026-09-06T03:34:41.453917
7460,20220630,8773,0,10,0.00,0.00,Central Warehouse Inventory,2026-09-06T03:34:41.453917
7461,20220630,8774,0,10,0.00,0.00,Central Warehouse Inventory,2026-09-06T03:34:41.453917
7462,20220630,8775,0,10,0.00,0.00,Central Warehouse Inventory,2026-09-06T03:34:41.453917
7463,20220630,8776,113,10,0.00,0.00,Central Warehouse Inventory,2026-09-06T03:34:41.453917
7464,20220630,8777,250,10,0.00,0.00,Central Warehouse Inventory,2026-09-06T03:34:41.453917
7465,20220630,8778,249,10,0.00,0.00,Central Warehouse Inventory,2026-09-06T03:34:41.453917
7466,20220630,8779,216,10,0.00,0.00,Central Warehouse Inventory,2026-09-06T03:34:41.453917
7467,20220630,8780,289,10,0.00,0.00,Central Warehouse Inventory,2026-09-06T03:34:41.453917
7468,20220630,8781,23,10,0.00,0.00,Central Warehouse Inventory,2026-09-06T03:34:41.453917
7469,20220630,8782,136,10,0.00,0.00,Central Warehouse Inventory,2026-09-06T03:34:41.453917
7470,20220630,8783,0,10,0.00,0.00,Central Warehouse Inventory,2026-09-06T03:34:41.453917
7471,20220630,8784,2,10,0.00,0.00,Central Warehouse Inventory,2026-09-06T03:34:41.453917
7472,20220630,8785,5,10,0.00,0.00,Central Warehouse Inventory,2026-09-06T03:34:41.453917
7473,20220630,8786,1,10,0.00,0.00,Central Warehouse Inventory,2026-09-06T03:34:41.453917
7474,20220630,8787,2,10,0.00,0.00,Central Warehouse Inventory,2026-09-06T03:34:41.453917
7475,20220630,8788,0,10,0.00,0.00,Central Warehouse Inventory,2026-09-06T03:34:41.453917
7476,20220630,8789,1,10,0.00,0.00,Central Warehouse Inventory,2026-09-06T03:34:41.453917
7477,20220630,8790,0,10,0.00,0.00,Central Warehouse Inventory,2026-09-06T03:34:41.453917
7478,20220630,8791,0,10,0.00,0.00,Central Warehouse Inventory,2026-09-06T03:34:41.453917
7479,20220630,8792,3,10,0.00,0.00,Central Warehouse Inventory,2026-09-06T03:34:41.453917
7480,20220630,8793,1,10,0.00,0.00,Central Warehouse Inventory,2026-09-06T03:34:41.453917
7481,20220630,8794,0,10,0.00,0.00,Central Warehouse Inventory,2026-09-06T03:34:41.453917
7482,20220630,8795,2,10,0.00,0.00,Central Warehouse Inventory,2026-09-06T03:34:41.453917
7483,20220630,8796,0,10,0.00,0.00,Central Warehouse Inventory,2026-09-06T03:34:41.453917
7484,20220630,8797,6,10,0.00,0.00,Central Warehouse Inventory,2026-09-06T03:34:41.453917
7485,20220630,8798,1,10,0.00,0.00,Central Warehouse Inventory,2026-09-06T03:34:41.453917
7486,20220630,8799,36,10,0.00,0.00,Central Warehouse Inventory,2026-09-06T03:34:41.453917
7487,20220630,8800,2,10,0.00,0.00,Central Warehouse Inventory,2026-09-06T03:34:41.453917
7488,20220630,8801,0,10,0.00,0.00,Central Warehouse Inventory,2026-09-06T03:34:41.453917
7489,20220630,8802,0,10,0.00,0.00,Central Warehouse Inventory,2026-09-06T03:34:41.453917
7490,20220630,8803,0,10,0.00,0.00,Central Warehouse Inventory,2026-09-06T03:34:41.453917
7491,20220630,8804,0,10,0.00,0.00,Central Warehouse Inventory,2026-09-06T03:34:41.453917
7492,20220630,8805,0,10,0.00,0.00,Central Warehouse Inventory,2026-09-06T03:34:41.453917
7493,20220630,8806,2,10,0.00,0.00,Central Warehouse Inventory,2026-09-06T03:34:41.453917
7494,20220630,8807,0,10,0.00,0.00,Central Warehouse Inventory,2026-09-06T03:34:41.453917
7495,20220630,8808,0,10,0.00,0.00,Central Warehouse Inventory,2026-09-06T03:34:41.453917
7496,20220630,8809,3,10,0.00,0.00,Central Warehouse Inventory,2026-09-06T03:34:41.453917
7497,20220630,8810,4,10,0.00,0.00,Central Warehouse Inventory,2026-09-06T03:34:41.453917
7498,20220630,8811,30,10,0.00,0.00,Central Warehouse Inventory,2026-09-06T03:34:41.453917
7499,20220630,8812,2,10,0.00,0.00,Central Warehouse Inventory,2026-09-06T03:34:41.453917
7500,20220630,8813,4,10,0.00,0.00,Central Warehouse Inventory,2026-09-06T03:34:41.453917
7501,20220630,8814,9,10,0.00,0.00,Central Warehouse Inventory,2026-09-06T03:34:41.453917
7502,20220630,8815,3,10,0.00,0.00,Central Warehouse Inventory,2026-09-06T03:34:41.453917
7503,20220630,8816,1,10,0.00,0.00,Central Warehouse Inventory,2026-09-06T03:34:41.453917
7504,20220630,8817,1,10,0.00,0.00,Central Warehouse Inventory,2026-09-06T03:34:41.453917
7505,20220630,8818,3,10,0.00,0.00,Central Warehouse Inventory,2026-09-06T03:34:41.453917
7506,20220630,8819,1,10,0.00,0.00,Central Warehouse Inventory,2026-09-06T03:34:41.453917
7507,20220630,8820,5,10,0.00,0.00,Central Warehouse Inventory,2026-09-06T03:34:41.453917
7508,20220630,8821,1,10,0.00,0.00,Central Warehouse Inventory,2026-09-06T03:34:41.453917
7509,20220630,8822,0,10,0.00,0.00,Central Warehouse Inventory,2026-09-06T03:34:41.453917
7510,20220630,8823,9,10,0.00,0.00,Central Warehouse Inventory,2026-09-06T03:34:41.453917
7511,20220630,8824,10,10,0.00,0.00,Central Warehouse Inventory,2026-09-06T03:34:41.453917
7512,20220630,8825,13,10,0.00,0.00,Central Warehouse Inventory,2026-09-06T03:34:41.453917
7513,20220630,8826,41,10,0.00,0.00,Central Warehouse Inventory,2026-09-06T03:34:41.453917
7514,20220630,8827,2,10,0.00,0.00,Central Warehouse Inventory,2026-09-06T03:34:41.453917
7515,20220630,8828,58,10,0.00,0.00,Central Warehouse Inventory,2026-09-06T03:34:41.453917
7516,20220630,8829,8,10,0.00,0.00,Central Warehouse Inventory,2026-09-06T03:34:41.453917
7517,20220630,8830,13,10,0.00,0.00,Central Warehouse Inventory,2026-09-06T03:34:41.453917
7518,20220630,8831,30,10,0.00,0.00,Central Warehouse Inventory,2026-09-06T03:34:41.453917
7519,20220630,8832,17,10,0.00,0.00,Central Warehouse Inventory,2026-09-06T03:34:41.453917
7520,20220630,8833,25,10,0.00,0.00,Central Warehouse Inventory,2026-09-06T03:34:41.453917
7521,20220630,8834,57,10,0.00,0.00,Central Warehouse Inventory,2026-09-06T03:34:41.453917
7522,20220630,8835,1,10,0.00,0.00,Central Warehouse Inventory,2026-09-06T03:34:41.453917
7523,20220630,8836,6,10,0.00,0.00,Central Warehouse Inventory,2026-09-06T03:34:41.453917
7524,20220630,8837,66,10,0.00,0.00,Central Warehouse Inventory,2026-09-06T03:34:41.453917
7525,20220630,8838,163,10,0.00,0.00,Central Warehouse Inventory,2026-09-06T03:34:41.453917
7526,20220630,8839,53,10,0.00,0.00,Central Warehouse Inventory,2026-09-06T03:34:41.453917
7527,20220630,8840,50,10,0.00,0.00,Central Warehouse Inventory,2026-09-06T03:34:41.453917
7528,20220630,8841,132,10,0.00,0.00,Central Warehouse Inventory,2026-09-06T03:34:41.453917
7529,20220630,8842,16,10,0.00,0.00,Central Warehouse Inventory,2026-09-06T03:34:41.453917
7530,20220630,8843,25,10,0.00,0.00,Central Warehouse Inventory,2026-09-06T03:34:41.453917
7531,20220630,8844,3,10,0.00,0.00,Central Warehouse Inventory,2026-09-06T03:34:41.453917
7532,20220630,8845,3,10,0.00,0.00,Central Warehouse Inventory,2026-09-06T03:34:41.453917
7533,20220630,8846,22,10,0.00,0.00,Central Warehouse Inventory,2026-09-06T03:34:41.453917
7534,20220630,8847,2,10,0.00,0.00,Central Warehouse Inventory,2026-09-06T03:34:41.453917
7535,20220630,8848,40,10,0.00,0.00,Central Warehouse Inventory,2026-09-06T03:34:41.453917
7536,20220630,8849,2,10,0.00,0.00,Central Warehouse Inventory,2026-09-06T03:34:41.453917
7537,20220630,8850,0,10,0.00,0.00,Central Warehouse Inventory,2026-09-06T03:34:41.453917
7538,20220630,8851,1,10,0.00,0.00,Central Warehouse Inventory,2026-09-06T03:34:41.453917
7539,20220630,8852,0,10,0.00,0.00,Central Warehouse Inventory,2026-09-06T03:34:41.453917
7540,20220630,8853,1,10,0.00,0.00,Central Warehouse Inventory,2026-09-06T03:34:41.453917
7541,20220630,8854,2,10,0.00,0.00,Central Warehouse Inventory,2026-09-06T03:34:41.453917
7542,20220630,8855,1,10,0.00,0.00,Central Warehouse Inventory,2026-09-06T03:34:41.453917
7543,20220630,8856,5,10,0.00,0.00,Central Warehouse Inventory,2026-09-06T03:34:41.453917
7544,20220630,8857,9,10,0.00,0.00,Central Warehouse Inventory,2026-09-06T03:34:41.453917
7545,20220630,8858,37,10,0.00,0.00,Central Warehouse Inventory,2026-09-06T03:34:41.453917
7546,20220630,8859,2,10,0.00,0.00,Central Warehouse Inventory,2026-09-06T03:34:41.453917
7547,20220630,8860,47,10,0.00,0.00,Central Warehouse Inventory,2026-09-06T03:34:41.453917
7548,20220630,8861,9,10,0.00,0.00,Central Warehouse Inventory,2026-09-06T03:34:41.453917
7549,20220630,8862,44,10,0.00,0.00,Central Warehouse Inventory,2026-09-06T03:34:41.453917
7550,20220630,8863,3,10,0.00,0.00,Central Warehouse Inventory,2026-09-06T03:34:41.453917
7551,20220630,8864,0,10,0.00,0.00,Central Warehouse Inventory,2026-09-06T03:34:41.453917
7552,20220630,8865,4,10,0.00,0.00,Central Warehouse Inventory,2026-09-06T03:34:41.453917
7553,20220630,8866,3,10,0.00,0.00,Central Warehouse Inventory,2026-09-06T03:34:41.453917
7554,20220630,8867,5,10,0.00,0.00,Central Warehouse Inventory,2026-09-06T03:34:41.453917
7555,20220630,8868,5,10,0.00,0.00,Central Warehouse Inventory,2026-09-06T03:34:41.453917
7556,20220630,8869,6,10,0.00,0.00,Central Warehouse Inventory,2026-09-06T03:34:41.453917
7557,20220630,8870,1,10,0.00,0.00,Central Warehouse Inventory,2026-09-06T03:34:41.453917
7558,20220630,8871,0,10,0.00,0.00,Central Warehouse Inventory,2026-09-06T03:34:41.453917
7559,20220630,8872,0,10,0.00,0.00,Central Warehouse Inventory,2026-09-06T03:34:41.453917
7560,20220630,8873,0,10,0.00,0.00,Central Warehouse Inventory,2026-09-06T03:34:41.453917
7561,20220630,8874,0,10,0.00,0.00,Central Warehouse Inventory,2026-09-06T03:34:41.453917
7562,20220630,8875,0,10,0.00,0.00,Central Warehouse Inventory,2026-09-06T03:34:41.453917
7563,20220630,8876,0,10,0.00,0.00,Central Warehouse Inventory,2026-09-06T03:34:41.453917
7564,20220630,8877,0,10,0.00,0.00,Central Warehouse Inventory,2026-09-06T03:34:41.453917
7565,20220630,8878,16,10,0.00,0.00,Central Warehouse Inventory,2026-09-06T03:34:41.453917
7566,20220630,8879,10,10,0.00,0.00,Central Warehouse Inventory,2026-09-06T03:34:41.453917
7567,20220630,8880,48,10,0.00,0.00,Central Warehouse Inventory,2026-09-06T03:34:41.453917
7568,20220630,8881,4,10,0.00,0.00,Central Warehouse Inventory,2026-09-06T03:34:41.453917
7569,20220630,8882,63,10,0.00,0.00,Central Warehouse Inventory,2026-09-06T03:34:41.453917
7570,20220630,8883,10,10,0.00,0.00,Central Warehouse Inventory,2026-09-06T03:34:41.453917
7571,20220630,8884,18,10,0.00,0.00,Central Warehouse Inventory,2026-09-06T03:34:41.453917
7572,20220630,8885,3,10,0.00,0.00,Central Warehouse Inventory,2026-09-06T03:34:41.453917
7573,20220630,8886,77,10,0.00,0.00,Central Warehouse Inventory,2026-09-06T03:34:41.453917
7574,20220630,8887,43,10,0.00,0.00,Central Warehouse Inventory,2026-09-06T03:34:41.453917
7575,20220630,8888,41,10,0.00,0.00,Central Warehouse Inventory,2026-09-06T03:34:41.453917
7576,20220630,8889,46,10,0.00,0.00,Central Warehouse Inventory,2026-09-06T03:34:41.453917
7577,20220630,8890,10,10,0.00,0.00,Central Warehouse Inventory,2026-09-06T03:34:41.453917
7578,20220630,8891,7,10,0.00,0.00,Central Warehouse Inventory,2026-09-06T03:34:41.453917
7579,20220630,8892,5,10,0.00,0.00,Central Warehouse Inventory,2026-09-06T03:34:41.453917
7580,20220630,8893,4,10,0.00,0.00,Central Warehouse Inventory,2026-09-06T03:34:41.453917
7581,20220630,8894,10,10,0.00,0.00,Central Warehouse Inventory,2026-09-06T03:34:41.453917
7582,20220630,8895,12,10,0.00,0.00,Central Warehouse Inventory,2026-09-06T03:34:41.453917
7583,20220630,8896,114,10,0.00,0.00,Central Warehouse Inventory,2026-09-06T03:34:41.453917
7584,20220630,8897,5,10,0.00,0.00,Central Warehouse Inventory,2026-09-06T03:34:41.453917
7585,20220630,8898,10,10,0.00,0.00,Central Warehouse Inventory,2026-09-06T03:34:41.453917
7586,20220630,8899,3,10,0.00,0.00,Central Warehouse Inventory,2026-09-06T03:34:41.453917
7587,20220630,8900,8,10,0.00,0.00,Central Warehouse Inventory,2026-09-06T03:34:41.453917
7588,20220630,8901,38,10,0.00,0.00,Central Warehouse Inventory,2026-09-06T03:34:41.453917
7589,20220630,8902,4,10,0.00,0.00,Central Warehouse Inventory,2026-09-06T03:34:41.453917
7590,20220630,8903,23,10,0.00,0.00,Central Warehouse Inventory,2026-09-06T03:34:41.453917
7591,20220630,8904,10,10,0.00,0.00,Central Warehouse Inventory,2026-09-06T03:34:41.453917
7592,20220630,8905,3,10,0.00,0.00,Central Warehouse Inventory,2026-09-06T03:34:41.453917
7593,20220630,8906,2,10,0.00,0.00,Central Warehouse Inventory,2026-09-06T03:34:41.453917
7594,20220630,8907,0,10,0.00,0.00,Central Warehouse Inventory,2026-09-06T03:34:41.453917
7595,20220630,8908,1,10,0.00,0.00,Central Warehouse Inventory,2026-09-06T03:34:41.453917
7596,20220630,8909,3,10,0.00,0.00,Central Warehouse Inventory,2026-09-06T03:34:41.453917
7597,20220630,8910,3,10,0.00,0.00,Central Warehouse Inventory,2026-09-06T03:34:41.453917
7598,20220630,8911,1,10,0.00,0.00,Central Warehouse Inventory,2026-09-06T03:34:41.453917
7599,20220630,8912,2,10,0.00,0.00,Central Warehouse Inventory,2026-09-06T03:34:41.453917
7600,20220630,8913,4,10,0.00,0.00,Central Warehouse Inventory,2026-09-06T03:34:41.453917
7601,20220630,8914,2,10,0.00,0.00,Central Warehouse Inventory,2026-09-06T03:34:41.453917
7602,20220630,8915,6,10,0.00,0.00,Central Warehouse Inventory,2026-09-06T03:34:41.453917
7603,20220630,8916,3,10,0.00,0.00,Central Warehouse Inventory,2026-09-06T03:34:41.453917
7604,20220630,8917,2,10,0.00,0.00,Central Warehouse Inventory,2026-09-06T03:34:41.453917
7605,20220630,8918,0,10,0.00,0.00,Central Warehouse Inventory,2026-09-06T03:34:41.453917
7606,20220630,8919,1,10,0.00,0.00,Central Warehouse Inventory,2026-09-06T03:34:41.453917
7607,20220630,8920,0,10,0.00,0.00,Central Warehouse Inventory,2026-09-06T03:34:41.453917
7608,20220630,8921,0,10,0.00,0.00,Central Warehouse Inventory,2026-09-06T03:34:41.453917
7609,20220630,8922,1,10,0.00,0.00,Central Warehouse Inventory,2026-09-06T03:34:41.453917
7610,20220630,8923,0,10,0.00,0.00,Central Warehouse Inventory,2026-09-06T03:34:41.453917
7611,20220630,8924,0,10,0.00,0.00,Central Warehouse Inventory,2026-09-06T03:34:41.453917
7612,20220630,8925,0,10,0.00,0.00,Central Warehouse Inventory,2026-09-06T03:34:41.453917
7613,20220630,8926,3,10,0.00,0.00,Central Warehouse Inventory,2026-09-06T03:34:41.453917
7614,20220630,8927,2,10,0.00,0.00,Central Warehouse Inventory,2026-09-06T03:34:41.453917
7615,20220630,8928,1,10,0.00,0.00,Central Warehouse Inventory,2026-09-06T03:34:41.453917
7616,20220630,8929,2,10,0.00,0.00,Central Warehouse Inventory,2026-09-06T03:34:41.453917
7617,20220630,8930,0,10,0.00,0.00,Central Warehouse Inventory,2026-09-06T03:34:41.453917
7618,20220630,8931,0,10,0.00,0.00,Central Warehouse Inventory,2026-09-06T03:34:41.453917
7619,20220630,8932,51,10,0.00,0.00,Central Warehouse Inventory,2026-09-06T03:34:41.453917
7620,20220630,8933,51,10,0.00,0.00,Central Warehouse Inventory,2026-09-06T03:34:41.453917
7621,20220630,8934,61,10,0.00,0.00,Central Warehouse Inventory,2026-09-06T03:34:41.453917
7622,20220630,8935,48,10,0.00,0.00,Central Warehouse Inventory,2026-09-06T03:34:41.453917
7623,20220630,8936,19,10,0.00,0.00,Central Warehouse Inventory,2026-09-06T03:34:41.453917
7624,20220630,8937,23,10,0.00,0.00,Central Warehouse Inventory,2026-09-06T03:34:41.453917
7625,20220630,8938,33,10,0.00,0.00,Central Warehouse Inventory,2026-09-06T03:34:41.453917
7626,20220630,8939,4,10,0.00,0.00,Central Warehouse Inventory,2026-09-06T03:34:41.453917
7627,20220630,8940,3,10,0.00,0.00,Central Warehouse Inventory,2026-09-06T03:34:41.453917
7628,20220630,8941,5,10,0.00,0.00,Central Warehouse Inventory,2026-09-06T03:34:41.453917
7629,20220630,8942,5,10,0.00,0.00,Central Warehouse Inventory,2026-09-06T03:34:41.453917
7630,20220630,8943,7,10,0.00,0.00,Central Warehouse Inventory,2026-09-06T03:34:41.453917
7631,20220630,8944,3,10,0.00,0.00,Central Warehouse Inventory,2026-09-06T03:34:41.453917
7632,20220630,8945,3,10,0.00,0.00,Central Warehouse Inventory,2026-09-06T03:34:41.453917
7633,20220630,8946,0,10,0.00,0.00,Central Warehouse Inventory,2026-09-06T03:34:41.453917
7634,20220630,8947,1,10,0.00,0.00,Central Warehouse Inventory,2026-09-06T03:34:41.453917
7635,20220630,8948,0,10,0.00,0.00,Central Warehouse Inventory,2026-09-06T03:34:41.453917
7636,20220630,8949,1,10,0.00,0.00,Central Warehouse Inventory,2026-09-06T03:34:41.453917
7637,20220630,8950,2,10,0.00,0.00,Central Warehouse Inventory,2026-09-06T03:34:41.453917
7638,20220630,8951,0,10,0.00,0.00,Central Warehouse Inventory,2026-09-06T03:34:41.453917
7639,20220630,8952,3,10,0.00,0.00,Central Warehouse Inventory,2026-09-06T03:34:41.453917
7640,20220630,8953,0,10,0.00,0.00,Central Warehouse Inventory,2026-09-06T03:34:41.453917
7641,20220630,8954,0,10,0.00,0.00,Central Warehouse Inventory,2026-09-06T03:34:41.453917
7642,20220630,8955,0,10,0.00,0.00,Central Warehouse Inventory,2026-09-06T03:34:41.453917
7643,20220630,8956,0,10,0.00,0.00,Central Warehouse Inventory,2026-09-06T03:34:41.453917
7644,20220630,8957,3,10,0.00,0.00,Central Warehouse Inventory,2026-09-06T03:34:41.453917
7645,20220630,8958,0,10,0.00,0.00,Central Warehouse Inventory,2026-09-06T03:34:41.453917
7646,20220630,8959,0,10,0.00,0.00,Central Warehouse Inventory,2026-09-06T03:34:41.453917
7647,20220630,8960,0,10,0.00,0.00,Central Warehouse Inventory,2026-09-06T03:34:41.453917
7648,20220630,8961,1,10,0.00,0.00,Central Warehouse Inventory,2026-09-06T03:34:41.453917
7649,20220630,8962,0,10,0.00,0.00,Central Warehouse Inventory,2026-09-06T03:34:41.453917
7650,20220630,8963,1,10,0.00,0.00,Central Warehouse Inventory,2026-09-06T03:34:41.453917
7651,20220630,8964,3,10,0.00,0.00,Central Warehouse Inventory,2026-09-06T03:34:41.453917
7652,20220630,8965,0,10,0.00,0.00,Central Warehouse Inventory,2026-09-06T03:34:41.453917
7653,20220630,8966,0,10,0.00,0.00,Central Warehouse Inventory,2026-09-06T03:34:41.453917
7654,20220630,8967,20,10,0.00,0.00,Central Warehouse Inventory,2026-09-06T03:34:41.453917
7655,20220630,8968,38,10,0.00,0.00,Central Warehouse Inventory,2026-09-06T03:34:41.453917
7656,20220630,8969,16,10,0.00,0.00,Central Warehouse Inventory,2026-09-06T03:34:41.453917
7657,20220630,8970,19,10,0.00,0.00,Central Warehouse Inventory,2026-09-06T03:34:41.453917
7658,20220630,8971,22,10,0.00,0.00,Central Warehouse Inventory,2026-09-06T03:34:41.453917
7659,20220630,8972,3,10,0.00,0.00,Central Warehouse Inventory,2026-09-06T03:34:41.453917
7660,20220630,8973,4,10,0.00,0.00,Central Warehouse Inventory,2026-09-06T03:34:41.453917
7661,20220630,8974,0,10,0.00,0.00,Central Warehouse Inventory,2026-09-06T03:34:41.453917
7662,20220630,8975,1,10,0.00,0.00,Central Warehouse Inventory,2026-09-06T03:34:41.453917
7663,20220630,8976,1,10,0.00,0.00,Central Warehouse Inventory,2026-09-06T03:34:41.453917
7664,20220630,8977,1,10,0.00,0.00,Central Warehouse Inventory,2026-09-06T03:34:41.453917
7665,20220630,8978,2,10,0.00,0.00,Central Warehouse Inventory,2026-09-06T03:34:41.453917
7666,20220630,8979,0,10,0.00,0.00,Central Warehouse Inventory,2026-09-06T03:34:41.453917
7667,20220630,8980,0,10,0.00,0.00,Central Warehouse Inventory,2026-09-06T03:34:41.453917
7668,20220630,8981,10,10,0.00,0.00,Central Warehouse Inventory,2026-09-06T03:34:41.453917
7669,20220630,8982,9,10,0.00,0.00,Central Warehouse Inventory,2026-09-06T03:34:41.453917
7670,20220630,8983,21,10,0.00,0.00,Central Warehouse Inventory,2026-09-06T03:34:41.453917
7671,20220630,8984,14,10,0.00,0.00,Central Warehouse Inventory,2026-09-06T03:34:41.453917
7672,20220630,8985,9,10,0.00,0.00,Central Warehouse Inventory,2026-09-06T03:34:41.453917
7673,20220630,8986,25,10,0.00,0.00,Central Warehouse Inventory,2026-09-06T03:34:41.453917
7674,20220630,8987,14,10,0.00,0.00,Central Warehouse Inventory,2026-09-06T03:34:41.453917
7675,20220630,8988,28,10,0.00,0.00,Central Warehouse Inventory,2026-09-06T03:34:41.453917
7676,20220630,8989,35,10,0.00,0.00,Central Warehouse Inventory,2026-09-06T03:34:41.453917
7677,20220630,8990,52,10,0.00,0.00,Central Warehouse Inventory,2026-09-06T03:34:41.453917
7678,20220630,8991,51,10,0.00,0.00,Central Warehouse Inventory,2026-09-06T03:34:41.453917
7679,20220630,8992,49,10,0.00,0.00,Central Warehouse Inventory,2026-09-06T03:34:41.453917
7680,20220630,8993,71,10,0.00,0.00,Central Warehouse Inventory,2026-09-06T03:34:41.453917
7681,20220630,8994,21,10,0.00,0.00,Central Warehouse Inventory,2026-09-06T03:34:41.453917
7682,20220630,8995,1,10,0.00,0.00,Central Warehouse Inventory,2026-09-06T03:34:41.453917
7683,20220630,8996,1,10,0.00,0.00,Central Warehouse Inventory,2026-09-06T03:34:41.453917
7684,20220630,8997,0,10,0.00,0.00,Central Warehouse Inventory,2026-09-06T03:34:41.453917
7685,20220630,8998,1,10,0.00,0.00,Central Warehouse Inventory,2026-09-06T03:34:41.453917
7686,20220630,8999,0,10,0.00,0.00,Central Warehouse Inventory,2026-09-06T03:34:41.453917
7687,20220630,9000,0,10,0.00,0.00,Central Warehouse Inventory,2026-09-06T03:34:41.453917
7688,20220630,9001,4,10,0.00,0.00,Central Warehouse Inventory,2026-09-06T03:34:41.453917
7689,20220630,9002,1,10,0.00,0.00,Central Warehouse Inventory,2026-09-06T03:34:41.453917
7690,20220630,9003,1,10,0.00,0.00,Central Warehouse Inventory,2026-09-06T03:34:41.453917
7691,20220630,9004,4,10,0.00,0.00,Central Warehouse Inventory,2026-09-06T03:34:41.453917
7692,20220630,9005,8,10,0.00,0.00,Central Warehouse Inventory,2026-09-06T03:34:41.453917
7693,20220630,9006,7,10,0.00,0.00,Central Warehouse Inventory,2026-09-06T03:34:41.453917
7694,20220630,9007,0,10,0.00,0.00,Central Warehouse Inventory,2026-09-06T03:34:41.453917
7695,20220630,9008,6,10,0.00,0.00,Central Warehouse Inventory,2026-09-06T03:34:41.453917
7696,20220630,9009,2,10,0.00,0.00,Central Warehouse Inventory,2026-09-06T03:34:41.453917
7697,20220630,9010,5,10,0.00,0.00,Central Warehouse Inventory,2026-09-06T03:34:41.453917
7698,20220630,9011,4,10,0.00,0.00,Central Warehouse Inventory,2026-09-06T03:34:41.453917
7699,20220630,9012,52,10,0.00,0.00,Central Warehouse Inventory,2026-09-06T03:34:41.453917
7700,20220630,9013,1,10,0.00,0.00,Central Warehouse Inventory,2026-09-06T03:34:41.453917
7701,20220630,9014,9,10,0.00,0.00,Central Warehouse Inventory,2026-09-06T03:34:41.453917
7702,20220630,9015,51,10,0.00,0.00,Central Warehouse Inventory,2026-09-06T03:34:41.453917
7703,20220630,9016,59,10,0.00,0.00,Central Warehouse Inventory,2026-09-06T03:34:41.453917
7704,20220630,9017,22,10,0.00,0.00,Central Warehouse Inventory,2026-09-06T03:34:41.453917
7705,20220630,9018,9,10,0.00,0.00,Central Warehouse Inventory,2026-09-06T03:34:41.453917
7706,20220630,9019,28,10,0.00,0.00,Central Warehouse Inventory,2026-09-06T03:34:41.453917
7707,20220630,9020,65,10,0.00,0.00,Central Warehouse Inventory,2026-09-06T03:34:41.453917
7708,20220630,9021,104,10,0.00,0.00,Central Warehouse Inventory,2026-09-06T03:34:41.453917
7709,20220630,9022,0,10,0.00,0.00,Central Warehouse Inventory,2026-09-06T03:34:41.453917
7710,20220630,9023,1,10,0.00,0.00,Central Warehouse Inventory,2026-09-06T03:34:41.453917
7711,20220630,9024,0,10,0.00,0.00,Central Warehouse Inventory,2026-09-06T03:34:41.453917
7712,20220630,9025,0,10,0.00,0.00,Central Warehouse Inventory,2026-09-06T03:34:41.453917
7713,20220630,9026,6,10,0.00,0.00,Central Warehouse Inventory,2026-09-06T03:34:41.453917
7714,20220630,9027,1,10,0.00,0.00,Central Warehouse Inventory,2026-09-06T03:34:41.453917
7715,20220630,9028,3,10,0.00,0.00,Central Warehouse Inventory,2026-09-06T03:34:41.453917
7716,20220630,9029,18,10,0.00,0.00,Central Warehouse Inventory,2026-09-06T03:34:41.453917
7717,20220630,9030,4,10,0.00,0.00,Central Warehouse Inventory,2026-09-06T03:34:41.453917
7718,20220630,9031,6,10,0.00,0.00,Central Warehouse Inventory,2026-09-06T03:34:41.453917
7719,20220630,9032,44,10,0.00,0.00,Central Warehouse Inventory,2026-09-06T03:34:41.453917
7720,20220630,9033,109,10,0.00,0.00,Central Warehouse Inventory,2026-09-06T03:34:41.453917
7721,20220630,9034,2,10,0.00,0.00,Central Warehouse Inventory,2026-09-06T03:34:41.453917
7722,20220630,9035,4,10,0.00,0.00,Central Warehouse Inventory,2026-09-06T03:34:41.453917
7723,20220630,9036,123,10,0.00,0.00,Central Warehouse Inventory,2026-09-06T03:34:41.453917
7724,20220630,9037,73,10,0.00,0.00,Central Warehouse Inventory,2026-09-06T03:34:41.453917
7725,20220630,9038,293,10,0.00,0.00,Central Warehouse Inventory,2026-09-06T03:34:41.453917
7726,20220630,9039,116,10,0.00,0.00,Central Warehouse Inventory,2026-09-06T03:34:41.453917
7727,20220630,9040,45,10,0.00,0.00,Central Warehouse Inventory,2026-09-06T03:34:41.453917
7728,20220630,9041,52,10,0.00,0.00,Central Warehouse Inventory,2026-09-06T03:34:41.453917
7729,20220630,9042,26,10,0.00,0.00,Central Warehouse Inventory,2026-09-06T03:34:41.453917
7730,20220630,9043,11,10,0.00,0.00,Central Warehouse Inventory,2026-09-06T03:34:41.453917
7731,20220630,9044,6,10,0.00,0.00,Central Warehouse Inventory,2026-09-06T03:34:41.453917
7732,20220630,9045,10,10,0.00,0.00,Central Warehouse Inventory,2026-09-06T03:34:41.453917
7733,20220630,9046,11,10,0.00,0.00,Central Warehouse Inventory,2026-09-06T03:34:41.453917
7734,20220630,9047,10,10,0.00,0.00,Central Warehouse Inventory,2026-09-06T03:34:41.453917
7735,20220630,9048,2,10,0.00,0.00,Central Warehouse Inventory,2026-09-06T03:34:41.453917
7736,20220630,9049,4,10,0.00,0.00,Central Warehouse Inventory,2026-09-06T03:34:41.453917
7737,20220630,9050,39,10,0.00,0.00,Central Warehouse Inventory,2026-09-06T03:34:41.453917
7738,20220630,9051,31,10,0.00,0.00,Central Warehouse Inventory,2026-09-06T03:34:41.453917
7739,20220630,9052,39,10,0.00,0.00,Central Warehouse Inventory,2026-09-06T03:34:41.453917
7740,20220630,9053,42,10,0.00,0.00,Central Warehouse Inventory,2026-09-06T03:34:41.453917
7741,20220630,9054,26,10,0.00,0.00,Central Warehouse Inventory,2026-09-06T03:34:41.453917
7742,20220630,9055,38,10,0.00,0.00,Central Warehouse Inventory,2026-09-06T03:34:41.453917
7743,20220630,9056,7,10,0.00,0.00,Central Warehouse Inventory,2026-09-06T03:34:41.453917
7744,20220630,9057,13,10,0.00,0.00,Central Warehouse Inventory,2026-09-06T03:34:41.453917
7745,20220630,9058,94,10,0.00,0.00,Central Warehouse Inventory,2026-09-06T03:34:41.453917
7746,20220630,9059,38,10,0.00,0.00,Central Warehouse Inventory,2026-09-06T03:34:41.453917
7747,20220630,9060,38,10,0.00,0.00,Central Warehouse Inventory,2026-09-06T03:34:41.453917
7748,20220630,9061,108,10,0.00,0.00,Central Warehouse Inventory,2026-09-06T03:34:41.453917
7749,20220630,9062,1,10,0.00,0.00,Central Warehouse Inventory,2026-09-06T03:34:41.453917
7750,20220630,9063,0,10,0.00,0.00,Central Warehouse Inventory,2026-09-06T03:34:41.453917
7751,20220630,9064,113,10,0.00,0.00,Central Warehouse Inventory,2026-09-06T03:34:41.453917
7752,20220630,9065,318,10,0.00,0.00,Central Warehouse Inventory,2026-09-06T03:34:41.453917
7753,20220630,9066,136,10,0.00,0.00,Central Warehouse Inventory,2026-09-06T03:34:41.453917
7754,20220630,9067,71,10,0.00,0.00,Central Warehouse Inventory,2026-09-06T03:34:41.453917
7755,20220630,9068,102,10,0.00,0.00,Central Warehouse Inventory,2026-09-06T03:34:41.453917
7756,20220630,9069,63,10,0.00,0.00,Central Warehouse Inventory,2026-09-06T03:34:41.453917
7757,20220630,9070,52,10,0.00,0.00,Central Warehouse Inventory,2026-09-06T03:34:41.453917
7758,20220630,9071,30,10,0.00,0.00,Central Warehouse Inventory,2026-09-06T03:34:41.453917
7759,20220630,9072,85,10,0.00,0.00,Central Warehouse Inventory,2026-09-06T03:34:41.453917
7760,20220630,9073,31,10,0.00,0.00,Central Warehouse Inventory,2026-09-06T03:34:41.453917
7761,20220630,9074,10,10,0.00,0.00,Central Warehouse Inventory,2026-09-06T03:34:41.453917
7762,20220630,9075,106,10,0.00,0.00,Central Warehouse Inventory,2026-09-06T03:34:41.453917
7763,20220630,9076,13,10,0.00,0.00,Central Warehouse Inventory,2026-09-06T03:34:41.453917
7764,20220630,9077,58,10,0.00,0.00,Central Warehouse Inventory,2026-09-06T03:34:41.453917
7765,20220630,9078,1,10,0.00,0.00,Central Warehouse Inventory,2026-09-06T03:34:41.453917
7766,20220630,9079,2,10,0.00,0.00,Central Warehouse Inventory,2026-09-06T03:34:41.453917
7767,20220630,9080,3,10,0.00,0.00,Central Warehouse Inventory,2026-09-06T03:34:41.453917
7768,20220630,9081,3,10,0.00,0.00,Central Warehouse Inventory,2026-09-06T03:34:41.453917
7769,20220630,9082,35,10,0.00,0.00,Central Warehouse Inventory,2026-09-06T03:34:41.453917
7770,20220630,9083,2,10,0.00,0.00,Central Warehouse Inventory,2026-09-06T03:34:41.453917
7771,20220630,9084,1,10,0.00,0.00,Central Warehouse Inventory,2026-09-06T03:34:41.453917
7772,20220630,9085,3,10,0.00,0.00,Central Warehouse Inventory,2026-09-06T03:34:41.453917
7773,20220630,9086,6,10,0.00,0.00,Central Warehouse Inventory,2026-09-06T03:34:41.453917
7774,20220630,9087,18,10,0.00,0.00,Central Warehouse Inventory,2026-09-06T03:34:41.453917
7775,20220630,9088,4,10,0.00,0.00,Central Warehouse Inventory,2026-09-06T03:34:41.453917
7776,20220630,9089,25,10,0.00,0.00,Central Warehouse Inventory,2026-09-06T03:34:41.453917
7777,20220630,9090,7,10,0.00,0.00,Central Warehouse Inventory,2026-09-06T03:34:41.453917
7778,20220630,9091,8,10,0.00,0.00,Central Warehouse Inventory,2026-09-06T03:34:41.453917
7779,20220630,9092,1,10,0.00,0.00,Central Warehouse Inventory,2026-09-06T03:34:41.453917
7780,20220630,9093,4,10,0.00,0.00,Central Warehouse Inventory,2026-09-06T03:34:41.453917
7781,20220630,9094,29,10,0.00,0.00,Central Warehouse Inventory,2026-09-06T03:34:41.453917
7782,20220630,9095,11,10,0.00,0.00,Central Warehouse Inventory,2026-09-06T03:34:41.453917
7783,20220630,9096,10,10,0.00,0.00,Central Warehouse Inventory,2026-09-06T03:34:41.453917
7784,20220630,9097,32,10,0.00,0.00,Central Warehouse Inventory,2026-09-06T03:34:41.453917
7785,20220630,9098,42,10,0.00,0.00,Central Warehouse Inventory,2026-09-06T03:34:41.453917
7786,20220630,9099,84,10,0.00,0.00,Central Warehouse Inventory,2026-09-06T03:34:41.453917
7787,20220630,9100,96,10,0.00,0.00,Central Warehouse Inventory,2026-09-06T03:34:41.453917
7788,20220630,9101,53,10,0.00,0.00,Central Warehouse Inventory,2026-09-06T03:34:41.453917
7789,20220630,9102,27,10,0.00,0.00,Central Warehouse Inventory,2026-09-06T03:34:41.453917
7790,20220630,9103,114,10,0.00,0.00,Central Warehouse Inventory,2026-09-06T03:34:41.453917
7791,20220630,9104,167,10,0.00,0.00,Central Warehouse Inventory,2026-09-06T03:34:41.453917
7792,20220630,9105,82,10,0.00,0.00,Central Warehouse Inventory,2026-09-06T03:34:41.453917
7793,20220630,9106,8,10,0.00,0.00,Central Warehouse Inventory,2026-09-06T03:34:41.453917
7794,20220630,9107,3,10,0.00,0.00,Central Warehouse Inventory,2026-09-06T03:34:41.453917
7795,20220630,9108,6,10,0.00,0.00,Central Warehouse Inventory,2026-09-06T03:34:41.453917
7796,20220630,9109,4,10,0.00,0.00,Central Warehouse Inventory,2026-09-06T03:34:41.453917
7797,20220630,9110,19,10,0.00,0.00,Central Warehouse Inventory,2026-09-06T03:34:41.453917
7798,20220630,9111,7,10,0.00,0.00,Central Warehouse Inventory,2026-09-06T03:34:41.453917
7799,20220630,9112,16,10,0.00,0.00,Central Warehouse Inventory,2026-09-06T03:34:41.453917
7800,20220630,9113,51,10,0.00,0.00,Central Warehouse Inventory,2026-09-06T03:34:41.453917
7801,20220630,9114,85,10,0.00,0.00,Central Warehouse Inventory,2026-09-06T03:34:41.453917
7802,20220630,9115,81,10,0.00,0.00,Central Warehouse Inventory,2026-09-06T03:34:41.453917
7803,20220630,9116,40,10,0.00,0.00,Central Warehouse Inventory,2026-09-06T03:34:41.453917
7804,20220630,9117,67,10,0.00,0.00,Central Warehouse Inventory,2026-09-06T03:34:41.453917
7805,20220630,9118,26,10,0.00,0.00,Central Warehouse Inventory,2026-09-06T03:34:41.453917
7806,20220630,9119,22,10,0.00,0.00,Central Warehouse Inventory,2026-09-06T03:34:41.453917
7807,20220630,9120,358,10,0.00,0.00,Central Warehouse Inventory,2026-09-06T03:34:41.453917
7808,20220630,9121,11,10,0.00,0.00,Central Warehouse Inventory,2026-09-06T03:34:41.453917
7809,20220630,9122,196,10,0.00,0.00,Central Warehouse Inventory,2026-09-06T03:34:41.453917
7810,20220630,9123,117,10,0.00,0.00,Central Warehouse Inventory,2026-09-06T03:34:41.453917
7811,20220630,9124,191,10,0.00,0.00,Central Warehouse Inventory,2026-09-06T03:34:41.453917
7812,20220630,9125,104,10,0.00,0.00,Central Warehouse Inventory,2026-09-06T03:34:41.453917
7813,20220630,9126,49,10,0.00,0.00,Central Warehouse Inventory,2026-09-06T03:34:41.453917
7814,20220630,9127,2,10,0.00,0.00,Central Warehouse Inventory,2026-09-06T03:34:41.453917
7815,20220630,9128,3,10,0.00,0.00,Central Warehouse Inventory,2026-09-06T03:34:41.453917
7816,20220630,9129,4,10,0.00,0.00,Central Warehouse Inventory,2026-09-06T03:34:41.453917
7817,20220630,9130,3,10,0.00,0.00,Central Warehouse Inventory,2026-09-06T03:34:41.453917
7818,20220630,9131,25,10,0.00,0.00,Central Warehouse Inventory,2026-09-06T03:34:41.453917
7819,20220630,9132,3,10,0.00,0.00,Central Warehouse Inventory,2026-09-06T03:34:41.453917
7820,20220630,9133,2,10,0.00,0.00,Central Warehouse Inventory,2026-09-06T03:34:41.453917
7821,20220630,9134,11,10,0.00,0.00,Central Warehouse Inventory,2026-09-06T03:34:41.453917
7822,20220630,9135,44,10,0.00,0.00,Central Warehouse Inventory,2026-09-06T03:34:41.453917
7823,20220630,9136,45,10,0.00,0.00,Central Warehouse Inventory,2026-09-06T03:34:41.453917
7824,20220630,9137,5,10,0.00,0.00,Central Warehouse Inventory,2026-09-06T03:34:41.453917
7825,20220630,9138,40,10,0.00,0.00,Central Warehouse Inventory,2026-09-06T03:34:41.453917
7826,20220630,9139,7,10,0.00,0.00,Central Warehouse Inventory,2026-09-06T03:34:41.453917
7827,20220630,9140,21,10,0.00,0.00,Central Warehouse Inventory,2026-09-06T03:34:41.453917
7828,20220630,9141,1,10,0.00,0.00,Central Warehouse Inventory,2026-09-06T03:34:41.453917
7829,20220630,9142,3,10,0.00,0.00,Central Warehouse Inventory,2026-09-06T03:34:41.453917
7830,20220630,9143,13,10,0.00,0.00,Central Warehouse Inventory,2026-09-06T03:34:41.453917
7831,20220630,9144,2,10,0.00,0.00,Central Warehouse Inventory,2026-09-06T03:34:41.453917
7832,20220630,9145,68,10,0.00,0.00,Central Warehouse Inventory,2026-09-06T03:34:41.453917
7833,20220630,9146,5,10,0.00,0.00,Central Warehouse Inventory,2026-09-06T03:34:41.453917
7834,20220630,9147,1,10,0.00,0.00,Central Warehouse Inventory,2026-09-06T03:34:41.453917
7835,20220630,9148,2,10,0.00,0.00,Central Warehouse Inventory,2026-09-06T03:34:41.453917
7836,20220630,9149,4,10,0.00,0.00,Central Warehouse Inventory,2026-09-06T03:34:41.453917
7837,20220630,9150,2,10,0.00,0.00,Central Warehouse Inventory,2026-09-06T03:34:41.453917
7838,20220630,9151,2,10,0.00,0.00,Central Warehouse Inventory,2026-09-06T03:34:41.453917
7839,20220630,9152,11,10,0.00,0.00,Central Warehouse Inventory,2026-09-06T03:34:41.453917
7840,20220630,9153,1,10,0.00,0.00,Central Warehouse Inventory,2026-09-06T03:34:41.453917
7841,20220630,9154,2,10,0.00,0.00,Central Warehouse Inventory,2026-09-06T03:34:41.453917
7842,20220630,9155,0,10,0.00,0.00,Central Warehouse Inventory,2026-09-06T03:34:41.453917
7843,20220630,9156,0,10,0.00,0.00,Central Warehouse Inventory,2026-09-06T03:34:41.453917
7844,20220630,9157,0,10,0.00,0.00,Central Warehouse Inventory,2026-09-06T03:34:41.453917
7845,20220630,9158,1,10,0.00,0.00,Central Warehouse Inventory,2026-09-06T03:34:41.453917
7846,20220630,9159,0,10,0.00,0.00,Central Warehouse Inventory,2026-09-06T03:34:41.453917
7847,20220630,9160,0,10,0.00,0.00,Central Warehouse Inventory,2026-09-06T03:34:41.453917
7848,20220630,9161,1,10,0.00,0.00,Central Warehouse Inventory,2026-09-06T03:34:41.453917
7849,20220630,9162,8,10,0.00,0.00,Central Warehouse Inventory,2026-09-06T03:34:41.453917
7850,20220630,9163,37,10,0.00,0.00,Central Warehouse Inventory,2026-09-06T03:34:41.453917
7851,20220630,9164,16,10,0.00,0.00,Central Warehouse Inventory,2026-09-06T03:34:41.453917
7852,20220630,9165,7,10,0.00,0.00,Central Warehouse Inventory,2026-09-06T03:34:41.453917
7853,20220630,9166,14,10,0.00,0.00,Central Warehouse Inventory,2026-09-06T03:34:41.453917
7854,20220630,9167,12,10,0.00,0.00,Central Warehouse Inventory,2026-09-06T03:34:41.453917
7855,20220630,9168,8,10,0.00,0.00,Central Warehouse Inventory,2026-09-06T03:34:41.453917
7856,20220630,9169,4,10,0.00,0.00,Central Warehouse Inventory,2026-09-06T03:34:41.453917
7857,20220630,9170,2,10,0.00,0.00,Central Warehouse Inventory,2026-09-06T03:34:41.453917
7858,20220630,9171,5,10,0.00,0.00,Central Warehouse Inventory,2026-09-06T03:34:41.453917
7859,20220630,9172,4,10,0.00,0.00,Central Warehouse Inventory,2026-09-06T03:34:41.453917
7860,20220630,9173,3,10,0.00,0.00,Central Warehouse Inventory,2026-09-06T03:34:41.453917
7861,20220630,9174,3,10,0.00,0.00,Central Warehouse Inventory,2026-09-06T03:34:41.453917
7862,20220630,9175,5,10,0.00,0.00,Central Warehouse Inventory,2026-09-06T03:34:41.453917
7863,20220630,9176,2,10,0.00,0.00,Central Warehouse Inventory,2026-09-06T03:34:41.453917
7864,20220630,9177,9,10,0.00,0.00,Central Warehouse Inventory,2026-09-06T03:34:41.453917
7865,20220630,9178,15,10,0.00,0.00,Central Warehouse Inventory,2026-09-06T03:34:41.453917
7866,20220630,9179,3,10,0.00,0.00,Central Warehouse Inventory,2026-09-06T03:34:41.453917
7867,20220630,9180,15,10,0.00,0.00,Central Warehouse Inventory,2026-09-06T03:34:41.453917
7868,20220630,9181,6,10,0.00,0.00,Central Warehouse Inventory,2026-09-06T03:34:41.453917
7869,20220630,9182,4,10,0.00,0.00,Central Warehouse Inventory,2026-09-06T03:34:41.453917
7870,20220630,9183,0,10,0.00,0.00,Central Warehouse Inventory,2026-09-06T03:34:41.453917
7871,20220630,9184,0,10,0.00,0.00,Central Warehouse Inventory,2026-09-06T03:34:41.453917
7872,20220630,9185,1,10,0.00,0.00,Central Warehouse Inventory,2026-09-06T03:34:41.453917
7873,20220630,9186,0,10,0.00,0.00,Central Warehouse Inventory,2026-09-06T03:34:41.453917
7874,20220630,9187,2,10,0.00,0.00,Central Warehouse Inventory,2026-09-06T03:34:41.453917
7875,20220630,9188,1,10,0.00,0.00,Central Warehouse Inventory,2026-09-06T03:34:41.453917
7876,20220630,9189,0,10,0.00,0.00,Central Warehouse Inventory,2026-09-06T03:34:41.453917
7877,20220630,9190,7,10,0.00,0.00,Central Warehouse Inventory,2026-09-06T03:34:41.453917
7878,20220630,9191,15,10,0.00,0.00,Central Warehouse Inventory,2026-09-06T03:34:41.453917
7879,20220630,9192,38,10,0.00,0.00,Central Warehouse Inventory,2026-09-06T03:34:41.453917
7880,20220630,9193,8,10,0.00,0.00,Central Warehouse Inventory,2026-09-06T03:34:41.453917
7881,20220630,9194,27,10,0.00,0.00,Central Warehouse Inventory,2026-09-06T03:34:41.453917
7882,20220630,9195,15,10,0.00,0.00,Central Warehouse Inventory,2026-09-06T03:34:41.453917
7883,20220630,9196,2,10,0.00,0.00,Central Warehouse Inventory,2026-09-06T03:34:41.453917
7884,20220630,9197,2,10,0.00,0.00,Central Warehouse Inventory,2026-09-06T03:34:41.453917
7885,20220630,9198,5,10,0.00,0.00,Central Warehouse Inventory,2026-09-06T03:34:41.453917
7886,20220630,9199,2,10,0.00,0.00,Central Warehouse Inventory,2026-09-06T03:34:41.453917
7887,20220630,9200,3,10,0.00,0.00,Central Warehouse Inventory,2026-09-06T03:34:41.453917
7888,20220630,9201,18,10,0.00,0.00,Central Warehouse Inventory,2026-09-06T03:34:41.453917
7889,20220630,9202,0,10,0.00,0.00,Central Warehouse Inventory,2026-09-06T03:34:41.453917
7890,20220630,9203,0,10,0.00,0.00,Central Warehouse Inventory,2026-09-06T03:34:41.453917
7891,20220630,9204,1,10,0.00,0.00,Central Warehouse Inventory,2026-09-06T03:34:41.453917
7892,20220630,9205,1,10,0.00,0.00,Central Warehouse Inventory,2026-09-06T03:34:41.453917
7893,20220630,9206,2,10,0.00,0.00,Central Warehouse Inventory,2026-09-06T03:34:41.453917
7894,20220630,9207,1,10,0.00,0.00,Central Warehouse Inventory,2026-09-06T03:34:41.453917
7895,20220630,9208,2,10,0.00,0.00,Central Warehouse Inventory,2026-09-06T03:34:41.453917
7896,20220630,9209,3,10,0.00,0.00,Central Warehouse Inventory,2026-09-06T03:34:41.453917
7897,20220630,9210,1,10,0.00,0.00,Central Warehouse Inventory,2026-09-06T03:34:41.453917
7898,20220630,9211,0,10,0.00,0.00,Central Warehouse Inventory,2026-09-06T03:34:41.453917
7899,20220630,9212,2,10,0.00,0.00,Central Warehouse Inventory,2026-09-06T03:34:41.453917
7900,20220630,9213,2,10,0.00,0.00,Central Warehouse Inventory,2026-09-06T03:34:41.453917
7901,20220630,9214,1,10,0.00,0.00,Central Warehouse Inventory,2026-09-06T03:34:41.453917
7902,20220630,9215,2,10,0.00,0.00,Central Warehouse Inventory,2026-09-06T03:34:41.453917
7903,20220630,9216,2,10,0.00,0.00,Central Warehouse Inventory,2026-09-06T03:34:41.453917
7904,20220630,9217,3,10,0.00,0.00,Central Warehouse Inventory,2026-09-06T03:34:41.453917
7905,20220630,9218,2,10,0.00,0.00,Central Warehouse Inventory,2026-09-06T03:34:41.453917
7906,20220630,9219,0,10,0.00,0.00,Central Warehouse Inventory,2026-09-06T03:34:41.453917
7907,20220630,9220,3,10,0.00,0.00,Central Warehouse Inventory,2026-09-06T03:34:41.453917
7908,20220630,9221,3,10,0.00,0.00,Central Warehouse Inventory,2026-09-06T03:34:41.453917
7909,20220630,9222,2,10,0.00,0.00,Central Warehouse Inventory,2026-09-06T03:34:41.453917
7910,20220630,9223,1,10,0.00,0.00,Central Warehouse Inventory,2026-09-06T03:34:41.453917
7911,20220630,9224,3,10,0.00,0.00,Central Warehouse Inventory,2026-09-06T03:34:41.453917
7912,20220630,9225,7,10,0.00,0.00,Central Warehouse Inventory,2026-09-06T03:34:41.453917
7913,20220630,9226,10,10,0.00,0.00,Central Warehouse Inventory,2026-09-06T03:34:41.453917
7914,20220630,9227,6,10,0.00,0.00,Central Warehouse Inventory,2026-09-06T03:34:41.453917
7915,20220630,9228,18,10,0.00,0.00,Central Warehouse Inventory,2026-09-06T03:34:41.453917
7916,20220630,9229,9,10,0.00,0.00,Central Warehouse Inventory,2026-09-06T03:34:41.453917
7917,20220630,9230,4,10,0.00,0.00,Central Warehouse Inventory,2026-09-06T03:34:41.453917
7918,20220630,9231,4,10,0.00,0.00,Central Warehouse Inventory,2026-09-06T03:34:41.453917
7919,20220630,9232,3,10,0.00,0.00,Central Warehouse Inventory,2026-09-06T03:34:41.453917
7920,20220630,9233,5,10,0.00,0.00,Central Warehouse Inventory,2026-09-06T03:34:41.453917
7921,20220630,9234,4,10,0.00,0.00,Central Warehouse Inventory,2026-09-06T03:34:41.453917
7922,20220630,9235,9,10,0.00,0.00,Central Warehouse Inventory,2026-09-06T03:34:41.453917
7923,20220630,9236,10,10,0.00,0.00,Central Warehouse Inventory,2026-09-06T03:34:41.453917
7924,20220630,9237,5,10,0.00,0.00,Central Warehouse Inventory,2026-09-06T03:34:41.453917
7925,20220630,9238,6,10,0.00,0.00,Central Warehouse Inventory,2026-09-06T03:34:41.453917
7926,20220630,9239,5,10,0.00,0.00,Central Warehouse Inventory,2026-09-06T03:34:41.453917
7927,20220630,9240,23,10,0.00,0.00,Central Warehouse Inventory,2026-09-06T03:34:41.453917
7928,20220630,9241,5,10,0.00,0.00,Central Warehouse Inventory,2026-09-06T03:34:41.453917
7929,20220630,9242,65,10,0.00,0.00,Central Warehouse Inventory,2026-09-06T03:34:41.453917
7930,20220630,9243,2,10,0.00,0.00,Central Warehouse Inventory,2026-09-06T03:34:41.453917
7931,20220630,9244,2,10,0.00,0.00,Central Warehouse Inventory,2026-09-06T03:34:41.453917
7932,20220630,9245,2,10,0.00,0.00,Central Warehouse Inventory,2026-09-06T03:34:41.453917
7933,20220630,9246,3,10,0.00,0.00,Central Warehouse Inventory,2026-09-06T03:34:41.453917
7934,20220630,9247,33,10,0.00,0.00,Central Warehouse Inventory,2026-09-06T03:34:41.453917
7935,20220630,9248,3,10,0.00,0.00,Central Warehouse Inventory,2026-09-06T03:34:41.453917
7936,20220630,9249,31,10,0.00,0.00,Central Warehouse Inventory,2026-09-06T03:34:41.453917
7937,20220630,9250,7,10,0.00,0.00,Central Warehouse Inventory,2026-09-06T03:34:41.453917
7938,20220630,9251,3,10,0.00,0.00,Central Warehouse Inventory,2026-09-06T03:34:41.453917
7939,20220630,9252,0,10,0.00,0.00,Central Warehouse Inventory,2026-09-06T03:34:41.453917
7940,20220630,9253,8,10,0.00,0.00,Central Warehouse Inventory,2026-09-06T03:34:41.453917
7941,20220630,9254,13,10,0.00,0.00,Central Warehouse Inventory,2026-09-06T03:34:41.453917
7942,20220630,9255,2,10,0.00,0.00,Central Warehouse Inventory,2026-09-06T03:34:41.453917
7943,20220630,9256,44,10,0.00,0.00,Central Warehouse Inventory,2026-09-06T03:34:41.453917
7944,20220630,9257,11,10,0.00,0.00,Central Warehouse Inventory,2026-09-06T03:34:41.453917
7945,20220630,9258,29,10,0.00,0.00,Central Warehouse Inventory,2026-09-06T03:34:41.453917
7946,20220630,9259,1,10,0.00,0.00,Central Warehouse Inventory,2026-09-06T03:34:41.453917
7947,20220630,9260,2,10,0.00,0.00,Central Warehouse Inventory,2026-09-06T03:34:41.453917
7948,20220630,9261,5,10,0.00,0.00,Central Warehouse Inventory,2026-09-06T03:34:41.453917
7949,20220630,9262,2,10,0.00,0.00,Central Warehouse Inventory,2026-09-06T03:34:41.453917
7950,20220630,9263,28,10,0.00,0.00,Central Warehouse Inventory,2026-09-06T03:34:41.453917
7951,20220630,9264,4,10,0.00,0.00,Central Warehouse Inventory,2026-09-06T03:34:41.453917
7952,20220630,9265,3,10,0.00,0.00,Central Warehouse Inventory,2026-09-06T03:34:41.453917
7953,20220630,9266,2,10,0.00,0.00,Central Warehouse Inventory,2026-09-06T03:34:41.453917
7954,20220630,9267,0,10,0.00,0.00,Central Warehouse Inventory,2026-09-06T03:34:41.453917
7955,20220630,9268,6,10,0.00,0.00,Central Warehouse Inventory,2026-09-06T03:34:41.453917
7956,20220630,9269,3,10,0.00,0.00,Central Warehouse Inventory,2026-09-06T03:34:41.453917
7957,20220630,9270,6,10,0.00,0.00,Central Warehouse Inventory,2026-09-06T03:34:41.453917
7958,20220630,9271,5,10,0.00,0.00,Central Warehouse Inventory,2026-09-06T03:34:41.453917
7959,20220630,9272,65,10,0.00,0.00,Central Warehouse Inventory,2026-09-06T03:34:41.453917
7960,20220630,9273,2,10,0.00,0.00,Central Warehouse Inventory,2026-09-06T03:34:41.453917
7961,20220630,9274,2,10,0.00,0.00,Central Warehouse Inventory,2026-09-06T03:34:41.453917
7962,20220630,9275,2,10,0.00,0.00,Central Warehouse Inventory,2026-09-06T03:34:41.453917
7963,20220630,9276,14,10,0.00,0.00,Central Warehouse Inventory,2026-09-06T03:34:41.453917
7964,20220630,9277,9,10,0.00,0.00,Central Warehouse Inventory,2026-09-06T03:34:41.453917
7965,20220630,9278,5,10,0.00,0.00,Central Warehouse Inventory,2026-09-06T03:34:41.453917
7966,20220630,9279,4,10,0.00,0.00,Central Warehouse Inventory,2026-09-06T03:34:41.453917
7967,20220630,9280,33,10,0.00,0.00,Central Warehouse Inventory,2026-09-06T03:34:41.453917
7968,20220630,9281,13,10,0.00,0.00,Central Warehouse Inventory,2026-09-06T03:34:41.453917
7969,20220630,9282,49,10,0.00,0.00,Central Warehouse Inventory,2026-09-06T03:34:41.453917
7970,20220630,9283,4,10,0.00,0.00,Central Warehouse Inventory,2026-09-06T03:34:41.453917
7971,20220630,9284,4,10,0.00,0.00,Central Warehouse Inventory,2026-09-06T03:34:41.453917
7972,20220630,9285,6,10,0.00,0.00,Central Warehouse Inventory,2026-09-06T03:34:41.453917
7973,20220630,9286,4,10,0.00,0.00,Central Warehouse Inventory,2026-09-06T03:34:41.453917
7974,20220630,9287,2,10,0.00,0.00,Central Warehouse Inventory,2026-09-06T03:34:41.453917
7975,20220630,9288,6,10,0.00,0.00,Central Warehouse Inventory,2026-09-06T03:34:41.453917
7976,20220630,9289,4,10,0.00,0.00,Central Warehouse Inventory,2026-09-06T03:34:41.453917
7977,20220630,9290,6,10,0.00,0.00,Central Warehouse Inventory,2026-09-06T03:34:41.453917
7978,20220630,9291,6,10,0.00,0.00,Central Warehouse Inventory,2026-09-06T03:34:41.453917
7979,20220630,9292,6,10,0.00,0.00,Central Warehouse Inventory,2026-09-06T03:34:41.453917
7980,20220630,9293,2,10,0.00,0.00,Central Warehouse Inventory,2026-09-06T03:34:41.453917
7981,20220630,9294,9,10,0.00,0.00,Central Warehouse Inventory,2026-09-06T03:34:41.453917
7982,20220630,9295,30,10,0.00,0.00,Central Warehouse Inventory,2026-09-06T03:34:41.453917
7983,20220630,9296,6,10,0.00,0.00,Central Warehouse Inventory,2026-09-06T03:34:41.453917
7984,20220630,9297,2,10,0.00,0.00,Central Warehouse Inventory,2026-09-06T03:34:41.453917
7985,20220630,9298,46,10,0.00,0.00,Central Warehouse Inventory,2026-09-06T03:34:41.453917
7986,20220630,9299,6,10,0.00,0.00,Central Warehouse Inventory,2026-09-06T03:34:41.453917
7987,20220630,9300,2,10,0.00,0.00,Central Warehouse Inventory,2026-09-06T03:34:41.453917
7988,20220630,9301,21,10,0.00,0.00,Central Warehouse Inventory,2026-09-06T03:34:41.453917
7989,20220630,9302,25,10,0.00,0.00,Central Warehouse Inventory,2026-09-06T03:34:41.453917
7990,20220630,9303,36,10,0.00,0.00,Central Warehouse Inventory,2026-09-06T03:34:41.453917
7991,20220630,9304,18,10,0.00,0.00,Central Warehouse Inventory,2026-09-06T03:34:41.453917
7992,20220630,9305,25,10,0.00,0.00,Central Warehouse Inventory,2026-09-06T03:34:41.453917
7993,20220630,9306,28,10,0.00,0.00,Central Warehouse Inventory,2026-09-06T03:34:41.453917
7994,20220630,9307,29,10,0.00,0.00,Central Warehouse Inventory,2026-09-06T03:34:41.453917
7995,20220630,9308,29,10,0.00,0.00,Central Warehouse Inventory,2026-09-06T03:34:41.453917
7996,20220630,9309,30,10,0.00,0.00,Central Warehouse Inventory,2026-09-06T03:34:41.453917
7997,20220630,9310,35,10,0.00,0.00,Central Warehouse Inventory,2026-09-06T03:34:41.453917
7998,20220630,9311,53,10,0.00,0.00,Central Warehouse Inventory,2026-09-06T03:34:41.453917
7999,20220630,9312,23,10,0.00,0.00,Central Warehouse Inventory,2026-09-06T03:34:41.453917
8000,20220630,9313,21,10,0.00,0.00,Central Warehouse Inventory,2026-09-06T03:34:41.453917
8001,20220630,9314,10,10,0.00,0.00,Central Warehouse Inventory,2026-09-06T03:34:41.453917
8002,20220630,9315,0,10,0.00,0.00,Central Warehouse Inventory,2026-09-06T03:34:41.453917
8003,20220630,9316,2,10,0.00,0.00,Central Warehouse Inventory,2026-09-06T03:34:41.453917
8004,20220630,9317,2,10,0.00,0.00,Central Warehouse Inventory,2026-09-06T03:34:41.453917
8005,20220630,9318,2,10,0.00,0.00,Central Warehouse Inventory,2026-09-06T03:34:41.453917
8006,20220630,9319,13,10,0.00,0.00,Central Warehouse Inventory,2026-09-06T03:34:41.453917
8007,20220630,9320,37,10,0.00,0.00,Central Warehouse Inventory,2026-09-06T03:34:41.453917
8008,20220630,9321,44,10,0.00,0.00,Central Warehouse Inventory,2026-09-06T03:34:41.453917
8009,20220630,9322,4,10,0.00,0.00,Central Warehouse Inventory,2026-09-06T03:34:41.453917
8010,20220630,9323,30,10,0.00,0.00,Central Warehouse Inventory,2026-09-06T03:34:41.453917
8011,20220630,9324,2,10,0.00,0.00,Central Warehouse Inventory,2026-09-06T03:34:41.453917
8012,20220630,9325,8,10,0.00,0.00,Central Warehouse Inventory,2026-09-06T03:34:41.453917
8013,20220630,9326,4,10,0.00,0.00,Central Warehouse Inventory,2026-09-06T03:34:41.453917
8014,20220630,9327,4,10,0.00,0.00,Central Warehouse Inventory,2026-09-06T03:34:41.453917
8015,20220630,9328,5,10,0.00,0.00,Central Warehouse Inventory,2026-09-06T03:34:41.453917
8016,20220630,9329,2,10,0.00,0.00,Central Warehouse Inventory,2026-09-06T03:34:41.453917
8017,20220630,9330,17,10,0.00,0.00,Central Warehouse Inventory,2026-09-06T03:34:41.453917
8018,20220630,9331,1,10,0.00,0.00,Central Warehouse Inventory,2026-09-06T03:34:41.453917
8019,20220630,9332,2,10,0.00,0.00,Central Warehouse Inventory,2026-09-06T03:34:41.453917
8020,20220630,9333,0,10,0.00,0.00,Central Warehouse Inventory,2026-09-06T03:34:41.453917
8021,20220630,9334,0,10,0.00,0.00,Central Warehouse Inventory,2026-09-06T03:34:41.453917
8022,20220630,9335,0,10,0.00,0.00,Central Warehouse Inventory,2026-09-06T03:34:41.453917
8023,20220630,9336,0,10,0.00,0.00,Central Warehouse Inventory,2026-09-06T03:34:41.453917
8024,20220630,9337,0,10,0.00,0.00,Central Warehouse Inventory,2026-09-06T03:34:41.453917
8025,20220630,9338,0,10,0.00,0.00,Central Warehouse Inventory,2026-09-06T03:34:41.453917
8026,20220630,9339,0,10,0.00,0.00,Central Warehouse Inventory,2026-09-06T03:34:41.453917
8027,20220630,9340,1,10,0.00,0.00,Central Warehouse Inventory,2026-09-06T03:34:41.453917
8028,20220630,9341,1,10,0.00,0.00,Central Warehouse Inventory,2026-09-06T03:34:41.453917
8029,20220630,9342,0,10,0.00,0.00,Central Warehouse Inventory,2026-09-06T03:34:41.453917
8030,20220630,9343,8,10,0.00,0.00,Central Warehouse Inventory,2026-09-06T03:34:41.453917
8031,20220630,9344,6,10,0.00,0.00,Central Warehouse Inventory,2026-09-06T03:34:41.453917
8032,20220630,9345,9,10,0.00,0.00,Central Warehouse Inventory,2026-09-06T03:34:41.453917
8033,20220630,9346,8,10,0.00,0.00,Central Warehouse Inventory,2026-09-06T03:34:41.453917
8034,20220630,9347,18,10,0.00,0.00,Central Warehouse Inventory,2026-09-06T03:34:41.453917
8035,20220630,9348,0,10,0.00,0.00,Central Warehouse Inventory,2026-09-06T03:34:41.453917
8036,20220630,9349,4,10,0.00,0.00,Central Warehouse Inventory,2026-09-06T03:34:41.453917
8037,20220630,9350,2,10,0.00,0.00,Central Warehouse Inventory,2026-09-06T03:34:41.453917
8038,20220630,9351,2,10,0.00,0.00,Central Warehouse Inventory,2026-09-06T03:34:41.453917
8039,20220630,9352,5,10,0.00,0.00,Central Warehouse Inventory,2026-09-06T03:34:41.453917
8040,20220630,9353,1,10,0.00,0.00,Central Warehouse Inventory,2026-09-06T03:34:41.453917
8041,20220630,9354,35,10,0.00,0.00,Central Warehouse Inventory,2026-09-06T03:34:41.453917
8042,20220630,9355,2,10,0.00,0.00,Central Warehouse Inventory,2026-09-06T03:34:41.453917
8043,20220630,9356,2,10,0.00,0.00,Central Warehouse Inventory,2026-09-06T03:34:41.453917
8044,20220630,9357,4,10,0.00,0.00,Central Warehouse Inventory,2026-09-06T03:34:41.453917
8045,20220630,9358,4,10,0.00,0.00,Central Warehouse Inventory,2026-09-06T03:34:41.453917
8046,20220630,9359,7,10,0.00,0.00,Central Warehouse Inventory,2026-09-06T03:34:41.453917
8047,20220630,9360,2,10,0.00,0.00,Central Warehouse Inventory,2026-09-06T03:34:41.453917
8048,20220630,9361,3,10,0.00,0.00,Central Warehouse Inventory,2026-09-06T03:34:41.453917
8049,20220630,9362,2,10,0.00,0.00,Central Warehouse Inventory,2026-09-06T03:34:41.453917
8050,20220630,9363,4,10,0.00,0.00,Central Warehouse Inventory,2026-09-06T03:34:41.453917
8051,20220630,9364,17,10,0.00,0.00,Central Warehouse Inventory,2026-09-06T03:34:41.453917
8052,20220630,9365,17,10,0.00,0.00,Central Warehouse Inventory,2026-09-06T03:34:41.453917
8053,20220630,9366,43,10,0.00,0.00,Central Warehouse Inventory,2026-09-06T03:34:41.453917
8054,20220630,9367,27,10,0.00,0.00,Central Warehouse Inventory,2026-09-06T03:34:41.453917
8055,20220630,9368,26,10,0.00,0.00,Central Warehouse Inventory,2026-09-06T03:34:41.453917
8056,20220630,9369,10,10,0.00,0.00,Central Warehouse Inventory,2026-09-06T03:34:41.453917
8057,20220630,9370,7,10,0.00,0.00,Central Warehouse Inventory,2026-09-06T03:34:41.453917
8058,20220630,9371,0,10,0.00,0.00,Central Warehouse Inventory,2026-09-06T03:34:41.453917
8059,20220630,9372,0,10,0.00,0.00,Central Warehouse Inventory,2026-09-06T03:34:41.453917
8060,20220630,9373,0,10,0.00,0.00,Central Warehouse Inventory,2026-09-06T03:34:41.453917
8061,20220630,9374,1,10,0.00,0.00,Central Warehouse Inventory,2026-09-06T03:34:41.453917
8062,20220630,9375,1,10,0.00,0.00,Central Warehouse Inventory,2026-09-06T03:34:41.453917
8063,20220630,9376,0,10,0.00,0.00,Central Warehouse Inventory,2026-09-06T03:34:41.453917
8064,20220630,9377,2,10,0.00,0.00,Central Warehouse Inventory,2026-09-06T03:34:41.453917
8065,20220630,9378,2,10,0.00,0.00,Central Warehouse Inventory,2026-09-06T03:34:41.453917
8066,20220630,9379,12,10,0.00,0.00,Central Warehouse Inventory,2026-09-06T03:34:41.453917
8067,20220630,9380,3,10,0.00,0.00,Central Warehouse Inventory,2026-09-06T03:34:41.453917
8068,20220630,9381,5,10,0.00,0.00,Central Warehouse Inventory,2026-09-06T03:34:41.453917
8069,20220630,9382,2,10,0.00,0.00,Central Warehouse Inventory,2026-09-06T03:34:41.453917
8070,20220630,9383,2,10,0.00,0.00,Central Warehouse Inventory,2026-09-06T03:34:41.453917
8071,20220630,9384,4,10,0.00,0.00,Central Warehouse Inventory,2026-09-06T03:34:41.453917
8072,20220630,9385,10,10,0.00,0.00,Central Warehouse Inventory,2026-09-06T03:34:41.453917
8073,20220630,9386,8,10,0.00,0.00,Central Warehouse Inventory,2026-09-06T03:34:41.453917
8074,20220630,9387,10,10,0.00,0.00,Central Warehouse Inventory,2026-09-06T03:34:41.453917
8075,20220630,9388,12,10,0.00,0.00,Central Warehouse Inventory,2026-09-06T03:34:41.453917
8076,20220630,9389,3,10,0.00,0.00,Central Warehouse Inventory,2026-09-06T03:34:41.453917
8077,20220630,9390,3,10,0.00,0.00,Central Warehouse Inventory,2026-09-06T03:34:41.453917
8078,20220630,9391,30,10,0.00,0.00,Central Warehouse Inventory,2026-09-06T03:34:41.453917
8079,20220630,9392,26,10,0.00,0.00,Central Warehouse Inventory,2026-09-06T03:34:41.453917
8080,20220630,9393,35,10,0.00,0.00,Central Warehouse Inventory,2026-09-06T03:34:41.453917
8081,20220630,9394,34,10,0.00,0.00,Central Warehouse Inventory,2026-09-06T03:34:41.453917
8082,20220630,9395,20,10,0.00,0.00,Central Warehouse Inventory,2026-09-06T03:34:41.453917
8083,20220630,9396,13,10,0.00,0.00,Central Warehouse Inventory,2026-09-06T03:34:41.453917
8084,20220630,9397,27,10,0.00,0.00,Central Warehouse Inventory,2026-09-06T03:34:41.453917
8085,20220630,9398,85,10,0.00,0.00,Central Warehouse Inventory,2026-09-06T03:34:41.453917
8086,20220630,9399,113,10,0.00,0.00,Central Warehouse Inventory,2026-09-06T03:34:41.453917
8087,20220630,9400,131,10,0.00,0.00,Central Warehouse Inventory,2026-09-06T03:34:41.453917
8088,20220630,9401,103,10,0.00,0.00,Central Warehouse Inventory,2026-09-06T03:34:41.453917
8089,20220630,9402,92,10,0.00,0.00,Central Warehouse Inventory,2026-09-06T03:34:41.453917
8090,20220630,9403,43,10,0.00,0.00,Central Warehouse Inventory,2026-09-06T03:34:41.453917
8091,20220630,9404,39,10,0.00,0.00,Central Warehouse Inventory,2026-09-06T03:34:41.453917
8092,20220630,9405,8,10,0.00,0.00,Central Warehouse Inventory,2026-09-06T03:34:41.453917
8093,20220630,9406,22,10,0.00,0.00,Central Warehouse Inventory,2026-09-06T03:34:41.453917
8094,20220630,9407,39,10,0.00,0.00,Central Warehouse Inventory,2026-09-06T03:34:41.453917
8095,20220630,9408,4,10,0.00,0.00,Central Warehouse Inventory,2026-09-06T03:34:41.453917
8096,20220630,9409,42,10,0.00,0.00,Central Warehouse Inventory,2026-09-06T03:34:41.453917
8097,20220630,9410,10,10,0.00,0.00,Central Warehouse Inventory,2026-09-06T03:34:41.453917
8098,20220630,9411,4,10,0.00,0.00,Central Warehouse Inventory,2026-09-06T03:34:41.453917
8099,20220630,9412,5,10,0.00,0.00,Central Warehouse Inventory,2026-09-06T03:34:41.453917
8100,20220630,9413,6,10,0.00,0.00,Central Warehouse Inventory,2026-09-06T03:34:41.453917
8101,20220630,9414,25,10,0.00,0.00,Central Warehouse Inventory,2026-09-06T03:34:41.453917
8102,20220630,9415,3,10,0.00,0.00,Central Warehouse Inventory,2026-09-06T03:34:41.453917
8103,20220630,9416,49,10,0.00,0.00,Central Warehouse Inventory,2026-09-06T03:34:41.453917
8104,20220630,9417,2,10,0.00,0.00,Central Warehouse Inventory,2026-09-06T03:34:41.453917
8105,20220630,9418,4,10,0.00,0.00,Central Warehouse Inventory,2026-09-06T03:34:41.453917
8106,20220630,9419,4,10,0.00,0.00,Central Warehouse Inventory,2026-09-06T03:34:41.453917
8107,20220630,9420,7,10,0.00,0.00,Central Warehouse Inventory,2026-09-06T03:34:41.453917
8108,20220630,9421,4,10,0.00,0.00,Central Warehouse Inventory,2026-09-06T03:34:41.453917
8109,20220630,9422,12,10,0.00,0.00,Central Warehouse Inventory,2026-09-06T03:34:41.453917
8110,20220630,9423,7,10,0.00,0.00,Central Warehouse Inventory,2026-09-06T03:34:41.453917
8111,20220630,9424,4,10,0.00,0.00,Central Warehouse Inventory,2026-09-06T03:34:41.453917
8112,20220630,9425,10,10,0.00,0.00,Central Warehouse Inventory,2026-09-06T03:34:41.453917
8113,20220630,9426,2,10,0.00,0.00,Central Warehouse Inventory,2026-09-06T03:34:41.453917
8114,20220630,9427,9,10,0.00,0.00,Central Warehouse Inventory,2026-09-06T03:34:41.453917
8115,20220630,9428,18,10,0.00,0.00,Central Warehouse Inventory,2026-09-06T03:34:41.453917
8116,20220630,9429,4,10,0.00,0.00,Central Warehouse Inventory,2026-09-06T03:34:41.453917
8117,20220630,9430,52,10,0.00,0.00,Central Warehouse Inventory,2026-09-06T03:34:41.453917
8118,20220630,9431,3,10,0.00,0.00,Central Warehouse Inventory,2026-09-06T03:34:41.453917
8119,20220630,9432,13,10,0.00,0.00,Central Warehouse Inventory,2026-09-06T03:34:41.453917
8120,20220630,9433,13,10,0.00,0.00,Central Warehouse Inventory,2026-09-06T03:34:41.453917
8121,20220630,9434,35,10,0.00,0.00,Central Warehouse Inventory,2026-09-06T03:34:41.453917
8122,20220630,9435,5,10,0.00,0.00,Central Warehouse Inventory,2026-09-06T03:34:41.453917
8123,20220630,9436,2,10,0.00,0.00,Central Warehouse Inventory,2026-09-06T03:34:41.453917
8124,20220630,9437,2,10,0.00,0.00,Central Warehouse Inventory,2026-09-06T03:34:41.453917
8125,20220630,9438,4,10,0.00,0.00,Central Warehouse Inventory,2026-09-06T03:34:41.453917
8126,20220630,9439,5,10,0.00,0.00,Central Warehouse Inventory,2026-09-06T03:34:41.453917
8127,20220630,9440,44,10,0.00,0.00,Central Warehouse Inventory,2026-09-06T03:34:41.453917
8128,20220630,9441,15,10,0.00,0.00,Central Warehouse Inventory,2026-09-06T03:34:41.453917
8129,20220630,9442,53,10,0.00,0.00,Central Warehouse Inventory,2026-09-06T03:34:41.453917
8130,20220630,9443,32,10,0.00,0.00,Central Warehouse Inventory,2026-09-06T03:34:41.453917
8131,20220630,9444,40,10,0.00,0.00,Central Warehouse Inventory,2026-09-06T03:34:41.453917
8132,20220630,9445,31,10,0.00,0.00,Central Warehouse Inventory,2026-09-06T03:34:41.453917
8133,20220630,9446,26,10,0.00,0.00,Central Warehouse Inventory,2026-09-06T03:34:41.453917
8134,20220630,9447,105,10,0.00,0.00,Central Warehouse Inventory,2026-09-06T03:34:41.453917
8135,20220630,9448,154,10,0.00,0.00,Central Warehouse Inventory,2026-09-06T03:34:41.453917
8136,20220630,9449,223,10,0.00,0.00,Central Warehouse Inventory,2026-09-06T03:34:41.453917
8137,20220630,9450,55,10,0.00,0.00,Central Warehouse Inventory,2026-09-06T03:34:41.453917
8138,20220630,9451,148,10,0.00,0.00,Central Warehouse Inventory,2026-09-06T03:34:41.453917
8139,20220630,9452,76,10,0.00,0.00,Central Warehouse Inventory,2026-09-06T03:34:41.453917
8140,20220630,9453,95,10,0.00,0.00,Central Warehouse Inventory,2026-09-06T03:34:41.453917
8141,20220630,9454,6,10,0.00,0.00,Central Warehouse Inventory,2026-09-06T03:34:41.453917
8142,20220630,9455,11,10,0.00,0.00,Central Warehouse Inventory,2026-09-06T03:34:41.453917
8143,20220630,9456,26,10,0.00,0.00,Central Warehouse Inventory,2026-09-06T03:34:41.453917
8144,20220630,9457,8,10,0.00,0.00,Central Warehouse Inventory,2026-09-06T03:34:41.453917
8145,20220630,9458,13,10,0.00,0.00,Central Warehouse Inventory,2026-09-06T03:34:41.453917
8146,20220630,9459,8,10,0.00,0.00,Central Warehouse Inventory,2026-09-06T03:34:41.453917
8147,20220630,9460,2,10,0.00,0.00,Central Warehouse Inventory,2026-09-06T03:34:41.453917
8148,20220630,9461,2,10,0.00,0.00,Central Warehouse Inventory,2026-09-06T03:34:41.453917
8149,20220630,9462,3,10,0.00,0.00,Central Warehouse Inventory,2026-09-06T03:34:41.453917
8150,20220630,9463,7,10,0.00,0.00,Central Warehouse Inventory,2026-09-06T03:34:41.453917
8151,20220630,9464,2,10,0.00,0.00,Central Warehouse Inventory,2026-09-06T03:34:41.453917
8152,20220630,9465,10,10,0.00,0.00,Central Warehouse Inventory,2026-09-06T03:34:41.453917
8153,20220630,9466,3,10,0.00,0.00,Central Warehouse Inventory,2026-09-06T03:34:41.453917
8154,20220630,9467,2,10,0.00,0.00,Central Warehouse Inventory,2026-09-06T03:34:41.453917
8155,20220630,9468,1,10,0.00,0.00,Central Warehouse Inventory,2026-09-06T03:34:41.453917
8156,20220630,9469,3,10,0.00,0.00,Central Warehouse Inventory,2026-09-06T03:34:41.453917
8157,20220630,9470,5,10,0.00,0.00,Central Warehouse Inventory,2026-09-06T03:34:41.453917
8158,20220630,9471,3,10,0.00,0.00,Central Warehouse Inventory,2026-09-06T03:34:41.453917
8159,20220630,9472,2,10,0.00,0.00,Central Warehouse Inventory,2026-09-06T03:34:41.453917
8160,20220630,9473,0,10,0.00,0.00,Central Warehouse Inventory,2026-09-06T03:34:41.453917
8161,20220630,9474,2,10,0.00,0.00,Central Warehouse Inventory,2026-09-06T03:34:41.453917
8162,20220630,9475,0,10,0.00,0.00,Central Warehouse Inventory,2026-09-06T03:34:41.453917
8163,20220630,9476,1,10,0.00,0.00,Central Warehouse Inventory,2026-09-06T03:34:41.453917
8164,20220630,9477,7,10,0.00,0.00,Central Warehouse Inventory,2026-09-06T03:34:41.453917
8165,20220630,9478,1,10,0.00,0.00,Central Warehouse Inventory,2026-09-06T03:34:41.453917
8166,20220630,9479,6,10,0.00,0.00,Central Warehouse Inventory,2026-09-06T03:34:41.453917
8167,20220630,9480,1,10,0.00,0.00,Central Warehouse Inventory,2026-09-06T03:34:41.453917
8168,20220630,9481,3,10,0.00,0.00,Central Warehouse Inventory,2026-09-06T03:34:41.453917
8169,20220630,9482,0,10,0.00,0.00,Central Warehouse Inventory,2026-09-06T03:34:41.453917
8170,20220630,9483,1,10,0.00,0.00,Central Warehouse Inventory,2026-09-06T03:34:41.453917
8171,20220630,9484,0,10,0.00,0.00,Central Warehouse Inventory,2026-09-06T03:34:41.453917
8172,20220630,9485,1,10,0.00,0.00,Central Warehouse Inventory,2026-09-06T03:34:41.453917
8173,20220630,9486,3,10,0.00,0.00,Central Warehouse Inventory,2026-09-06T03:34:41.453917
8174,20220630,9487,1,10,0.00,0.00,Central Warehouse Inventory,2026-09-06T03:34:41.453917
8175,20220630,9488,0,10,0.00,0.00,Central Warehouse Inventory,2026-09-06T03:34:41.453917
8176,20220630,9489,3,10,0.00,0.00,Central Warehouse Inventory,2026-09-06T03:34:41.453917
8177,20220630,9490,0,10,0.00,0.00,Central Warehouse Inventory,2026-09-06T03:34:41.453917
8178,20220630,9491,0,10,0.00,0.00,Central Warehouse Inventory,2026-09-06T03:34:41.453917
8179,20220630,9492,4,10,0.00,0.00,Central Warehouse Inventory,2026-09-06T03:34:41.453917
8180,20220630,9493,1,10,0.00,0.00,Central Warehouse Inventory,2026-09-06T03:34:41.453917
8181,20220630,9494,4,10,0.00,0.00,Central Warehouse Inventory,2026-09-06T03:34:41.453917
8182,20220630,9495,2,10,0.00,0.00,Central Warehouse Inventory,2026-09-06T03:34:41.453917
8183,20220630,9496,44,10,0.00,0.00,Central Warehouse Inventory,2026-09-06T03:34:41.453917
8184,20220630,9497,2,10,0.00,0.00,Central Warehouse Inventory,2026-09-06T03:34:41.453917
8185,20220630,9498,45,10,0.00,0.00,Central Warehouse Inventory,2026-09-06T03:34:41.453917
8186,20220630,9499,4,10,0.00,0.00,Central Warehouse Inventory,2026-09-06T03:34:41.453917
8187,20220630,9500,6,10,0.00,0.00,Central Warehouse Inventory,2026-09-06T03:34:41.453917
8188,20220630,9501,15,10,0.00,0.00,Central Warehouse Inventory,2026-09-06T03:34:41.453917
8189,20220630,9502,5,10,0.00,0.00,Central Warehouse Inventory,2026-09-06T03:34:41.453917
8190,20220630,9503,40,10,0.00,0.00,Central Warehouse Inventory,2026-09-06T03:34:41.453917
8191,20220630,9504,17,10,0.00,0.00,Central Warehouse Inventory,2026-09-06T03:34:41.453917
8192,20220630,9505,28,10,0.00,0.00,Central Warehouse Inventory,2026-09-06T03:34:41.453917
8193,20220630,9506,76,10,0.00,0.00,Central Warehouse Inventory,2026-09-06T03:34:41.453917
8194,20220630,9507,295,10,0.00,0.00,Central Warehouse Inventory,2026-09-06T03:34:41.453917
8195,20220630,9508,330,10,0.00,0.00,Central Warehouse Inventory,2026-09-06T03:34:41.453917
8196,20220630,9509,81,10,0.00,0.00,Central Warehouse Inventory,2026-09-06T03:34:41.453917
8197,20220630,9510,237,10,0.00,0.00,Central Warehouse Inventory,2026-09-06T03:34:41.453917
8198,20220630,9511,127,10,0.00,0.00,Central Warehouse Inventory,2026-09-06T03:34:41.453917
8199,20220630,9512,12,10,0.00,0.00,Central Warehouse Inventory,2026-09-06T03:34:41.453917
8200,20220630,9513,9,10,0.00,0.00,Central Warehouse Inventory,2026-09-06T03:34:41.453917
8201,20220630,9514,84,10,0.00,0.00,Central Warehouse Inventory,2026-09-06T03:34:41.453917
8202,20220630,9515,19,10,0.00,0.00,Central Warehouse Inventory,2026-09-06T03:34:41.453917
8203,20220630,9516,33,10,0.00,0.00,Central Warehouse Inventory,2026-09-06T03:34:41.453917
8204,20220630,9517,18,10,0.00,0.00,Central Warehouse Inventory,2026-09-06T03:34:41.453917
8205,20220630,9518,14,10,0.00,0.00,Central Warehouse Inventory,2026-09-06T03:34:41.453917
8206,20220630,9519,16,10,0.00,0.00,Central Warehouse Inventory,2026-09-06T03:34:41.453917
8207,20220630,9520,35,10,0.00,0.00,Central Warehouse Inventory,2026-09-06T03:34:41.453917
8208,20220630,9521,112,10,0.00,0.00,Central Warehouse Inventory,2026-09-06T03:34:41.453917
8209,20220630,9522,57,10,0.00,0.00,Central Warehouse Inventory,2026-09-06T03:34:41.453917
8210,20220630,9523,60,10,0.00,0.00,Central Warehouse Inventory,2026-09-06T03:34:41.453917
8211,20220630,9524,47,10,0.00,0.00,Central Warehouse Inventory,2026-09-06T03:34:41.453917
8212,20220630,9525,19,10,0.00,0.00,Central Warehouse Inventory,2026-09-06T03:34:41.453917
8213,20220630,9526,53,10,0.00,0.00,Central Warehouse Inventory,2026-09-06T03:34:41.453917
8214,20220630,9527,97,10,0.00,0.00,Central Warehouse Inventory,2026-09-06T03:34:41.453917
8215,20220630,9528,109,10,0.00,0.00,Central Warehouse Inventory,2026-09-06T03:34:41.453917
8216,20220630,9529,128,10,0.00,0.00,Central Warehouse Inventory,2026-09-06T03:34:41.453917
8217,20220630,9530,67,10,0.00,0.00,Central Warehouse Inventory,2026-09-06T03:34:41.453917
8218,20220630,9531,107,10,0.00,0.00,Central Warehouse Inventory,2026-09-06T03:34:41.453917
8219,20220630,9532,103,10,0.00,0.00,Central Warehouse Inventory,2026-09-06T03:34:41.453917
8220,20220630,9533,103,10,0.00,0.00,Central Warehouse Inventory,2026-09-06T03:34:41.453917
8221,20220630,9534,384,10,0.00,0.00,Central Warehouse Inventory,2026-09-06T03:34:41.453917
8222,20220630,9535,542,10,0.00,0.00,Central Warehouse Inventory,2026-09-06T03:34:41.453917
8223,20220630,9536,807,10,0.00,0.00,Central Warehouse Inventory,2026-09-06T03:34:41.453917
8224,20220630,9537,176,10,0.00,0.00,Central Warehouse Inventory,2026-09-06T03:34:41.453917
8225,20220630,9538,403,10,0.00,0.00,Central Warehouse Inventory,2026-09-06T03:34:41.453917
8226,20220630,9539,191,10,0.00,0.00,Central Warehouse Inventory,2026-09-06T03:34:41.453917
8227,20220630,9540,112,10,0.00,0.00,Central Warehouse Inventory,2026-09-06T03:34:41.453917
8228,20220630,9541,89,10,0.00,0.00,Central Warehouse Inventory,2026-09-06T03:34:41.453917
8229,20220630,9542,310,10,0.00,0.00,Central Warehouse Inventory,2026-09-06T03:34:41.453917
8230,20220630,9543,143,10,0.00,0.00,Central Warehouse Inventory,2026-09-06T03:34:41.453917
8231,20220630,9544,90,10,0.00,0.00,Central Warehouse Inventory,2026-09-06T03:34:41.453917
8232,20220630,9545,162,10,0.00,0.00,Central Warehouse Inventory,2026-09-06T03:34:41.453917
8233,20220630,9546,13,10,0.00,0.00,Central Warehouse Inventory,2026-09-06T03:34:41.453917
8234,20220630,9547,26,10,0.00,0.00,Central Warehouse Inventory,2026-09-06T03:34:41.453917
8235,20220630,9548,0,10,0.00,0.00,Central Warehouse Inventory,2026-09-06T03:34:41.453917
8236,20220630,9549,1,10,0.00,0.00,Central Warehouse Inventory,2026-09-06T03:34:41.453917
8237,20220630,9550,10,10,0.00,0.00,Central Warehouse Inventory,2026-09-06T03:34:41.453917
8238,20220630,9551,3,10,0.00,0.00,Central Warehouse Inventory,2026-09-06T03:34:41.453917
8239,20220630,9552,5,10,0.00,0.00,Central Warehouse Inventory,2026-09-06T03:34:41.453917
8240,20220630,9553,0,10,0.00,0.00,Central Warehouse Inventory,2026-09-06T03:34:41.453917
8241,20220630,9554,2,10,0.00,0.00,Central Warehouse Inventory,2026-09-06T03:34:41.453917
8242,20220630,9555,8,10,0.00,0.00,Central Warehouse Inventory,2026-09-06T03:34:41.453917
8243,20220630,9556,5,10,0.00,0.00,Central Warehouse Inventory,2026-09-06T03:34:41.453917
8244,20220630,9557,1,10,0.00,0.00,Central Warehouse Inventory,2026-09-06T03:34:41.453917
8245,20220630,9558,2,10,0.00,0.00,Central Warehouse Inventory,2026-09-06T03:34:41.453917
8246,20220630,9559,3,10,0.00,0.00,Central Warehouse Inventory,2026-09-06T03:34:41.453917
8247,20220630,9560,3,10,0.00,0.00,Central Warehouse Inventory,2026-09-06T03:34:41.453917
8248,20220630,9561,8,10,0.00,0.00,Central Warehouse Inventory,2026-09-06T03:34:41.453917
8249,20220630,9562,6,10,0.00,0.00,Central Warehouse Inventory,2026-09-06T03:34:41.453917
8250,20220630,9563,4,10,0.00,0.00,Central Warehouse Inventory,2026-09-06T03:34:41.453917
8251,20220630,9564,46,10,0.00,0.00,Central Warehouse Inventory,2026-09-06T03:34:41.453917
8252,20220630,9565,5,10,0.00,0.00,Central Warehouse Inventory,2026-09-06T03:34:41.453917
8253,20220630,9566,17,10,0.00,0.00,Central Warehouse Inventory,2026-09-06T03:34:41.453917
8254,20220630,9567,637,10,0.00,0.00,Central Warehouse Inventory,2026-09-06T03:34:41.453917
8255,20220630,9568,880,10,0.00,0.00,Central Warehouse Inventory,2026-09-06T03:34:41.453917
8256,20220630,9569,871,10,0.00,0.00,Central Warehouse Inventory,2026-09-06T03:34:41.453917
8257,20220630,9570,445,10,0.00,0.00,Central Warehouse Inventory,2026-09-06T03:34:41.453917
8258,20220630,9571,862,10,0.00,0.00,Central Warehouse Inventory,2026-09-06T03:34:41.453917
8259,20220630,9572,146,10,0.00,0.00,Central Warehouse Inventory,2026-09-06T03:34:41.453917
8260,20220630,9573,51,10,0.00,0.00,Central Warehouse Inventory,2026-09-06T03:34:41.453917
8261,20220630,9574,2,10,0.00,0.00,Central Warehouse Inventory,2026-09-06T03:34:41.453917
8262,20220630,9575,11,10,0.00,0.00,Central Warehouse Inventory,2026-09-06T03:34:41.453917
8263,20220630,9576,14,10,0.00,0.00,Central Warehouse Inventory,2026-09-06T03:34:41.453917
8264,20220630,9577,13,10,0.00,0.00,Central Warehouse Inventory,2026-09-06T03:34:41.453917
8265,20220630,9578,25,10,0.00,0.00,Central Warehouse Inventory,2026-09-06T03:34:41.453917
8266,20220630,9579,39,10,0.00,0.00,Central Warehouse Inventory,2026-09-06T03:34:41.453917
8267,20220630,9580,3,10,0.00,0.00,Central Warehouse Inventory,2026-09-06T03:34:41.453917
8268,20220630,9581,2,10,0.00,0.00,Central Warehouse Inventory,2026-09-06T03:34:41.453917
8269,20220630,9582,2,10,0.00,0.00,Central Warehouse Inventory,2026-09-06T03:34:41.453917
8270,20220630,9583,6,10,0.00,0.00,Central Warehouse Inventory,2026-09-06T03:34:41.453917
8271,20220630,9584,3,10,0.00,0.00,Central Warehouse Inventory,2026-09-06T03:34:41.453917
8272,20220630,9585,21,10,0.00,0.00,Central Warehouse Inventory,2026-09-06T03:34:41.453917
8273,20220630,9586,8,10,0.00,0.00,Central Warehouse Inventory,2026-09-06T03:34:41.453917
8274,20220630,9587,5,10,0.00,0.00,Central Warehouse Inventory,2026-09-06T03:34:41.453917
8275,20220630,9588,45,10,0.00,0.00,Central Warehouse Inventory,2026-09-06T03:34:41.453917
8276,20220630,9589,86,10,0.00,0.00,Central Warehouse Inventory,2026-09-06T03:34:41.453917
8277,20220630,9590,72,10,0.00,0.00,Central Warehouse Inventory,2026-09-06T03:34:41.453917
8278,20220630,9591,40,10,0.00,0.00,Central Warehouse Inventory,2026-09-06T03:34:41.453917
8279,20220630,9592,82,10,0.00,0.00,Central Warehouse Inventory,2026-09-06T03:34:41.453917
8280,20220630,9593,45,10,0.00,0.00,Central Warehouse Inventory,2026-09-06T03:34:41.453917
8281,20220630,9594,35,10,0.00,0.00,Central Warehouse Inventory,2026-09-06T03:34:41.453917
8282,20220630,9595,6,10,0.00,0.00,Central Warehouse Inventory,2026-09-06T03:34:41.453917
8283,20220630,9596,4,10,0.00,0.00,Central Warehouse Inventory,2026-09-06T03:34:41.453917
8284,20220630,9597,32,10,0.00,0.00,Central Warehouse Inventory,2026-09-06T03:34:41.453917
8285,20220630,9598,5,10,0.00,0.00,Central Warehouse Inventory,2026-09-06T03:34:41.453917
8286,20220630,9599,8,10,0.00,0.00,Central Warehouse Inventory,2026-09-06T03:34:41.453917
8287,20220630,9600,9,10,0.00,0.00,Central Warehouse Inventory,2026-09-06T03:34:41.453917
8288,20220630,9601,11,10,0.00,0.00,Central Warehouse Inventory,2026-09-06T03:34:41.453917
8289,20220630,9602,7,10,0.00,0.00,Central Warehouse Inventory,2026-09-06T03:34:41.453917
8290,20220630,9603,4,10,0.00,0.00,Central Warehouse Inventory,2026-09-06T03:34:41.453917
8291,20220630,9604,10,10,0.00,0.00,Central Warehouse Inventory,2026-09-06T03:34:41.453917
8292,20220630,9605,3,10,0.00,0.00,Central Warehouse Inventory,2026-09-06T03:34:41.453917
8293,20220630,9606,16,10,0.00,0.00,Central Warehouse Inventory,2026-09-06T03:34:41.453917
8294,20220630,9607,7,10,0.00,0.00,Central Warehouse Inventory,2026-09-06T03:34:41.453917
8295,20220630,9608,10,10,0.00,0.00,Central Warehouse Inventory,2026-09-06T03:34:41.453917
8296,20220630,9609,33,10,0.00,0.00,Central Warehouse Inventory,2026-09-06T03:34:41.453917
8297,20220630,9610,10,10,0.00,0.00,Central Warehouse Inventory,2026-09-06T03:34:41.453917
8298,20220630,9611,5,10,0.00,0.00,Central Warehouse Inventory,2026-09-06T03:34:41.453917
8299,20220630,9612,40,10,0.00,0.00,Central Warehouse Inventory,2026-09-06T03:34:41.453917
8300,20220630,9613,14,10,0.00,0.00,Central Warehouse Inventory,2026-09-06T03:34:41.453917
8301,20220630,9614,31,10,0.00,0.00,Central Warehouse Inventory,2026-09-06T03:34:41.453917
8302,20220630,9615,15,10,0.00,0.00,Central Warehouse Inventory,2026-09-06T03:34:41.453917
8303,20220630,9616,1,10,0.00,0.00,Central Warehouse Inventory,2026-09-06T03:34:41.453917
8304,20220630,9617,3,10,0.00,0.00,Central Warehouse Inventory,2026-09-06T03:34:41.453917
8305,20220630,9618,4,10,0.00,0.00,Central Warehouse Inventory,2026-09-06T03:34:41.453917
8306,20220630,9619,2,10,0.00,0.00,Central Warehouse Inventory,2026-09-06T03:34:41.453917
8307,20220630,9620,7,10,0.00,0.00,Central Warehouse Inventory,2026-09-06T03:34:41.453917
8308,20220630,9621,2,10,0.00,0.00,Central Warehouse Inventory,2026-09-06T03:34:41.453917
8309,20220630,9622,3,10,0.00,0.00,Central Warehouse Inventory,2026-09-06T03:34:41.453917
8310,20220630,9623,4,10,0.00,0.00,Central Warehouse Inventory,2026-09-06T03:34:41.453917
8311,20220630,9624,4,10,0.00,0.00,Central Warehouse Inventory,2026-09-06T03:34:41.453917
8312,20220630,9625,20,10,0.00,0.00,Central Warehouse Inventory,2026-09-06T03:34:41.453917
8313,20220630,9626,3,10,0.00,0.00,Central Warehouse Inventory,2026-09-06T03:34:41.453917
8314,20220630,9627,17,10,0.00,0.00,Central Warehouse Inventory,2026-09-06T03:34:41.453917
8315,20220630,9628,4,10,0.00,0.00,Central Warehouse Inventory,2026-09-06T03:34:41.453917
8316,20220630,9629,8,10,0.00,0.00,Central Warehouse Inventory,2026-09-06T03:34:41.453917
8317,20220630,9630,2,10,0.00,0.00,Central Warehouse Inventory,2026-09-06T03:34:41.453917
8318,20220630,9631,3,10,0.00,0.00,Central Warehouse Inventory,2026-09-06T03:34:41.453917
8319,20220630,9632,14,10,0.00,0.00,Central Warehouse Inventory,2026-09-06T03:34:41.453917
8320,20220630,9633,2,10,0.00,0.00,Central Warehouse Inventory,2026-09-06T03:34:41.453917
8321,20220630,9634,32,10,0.00,0.00,Central Warehouse Inventory,2026-09-06T03:34:41.453917
8322,20220630,9635,3,10,0.00,0.00,Central Warehouse Inventory,2026-09-06T03:34:41.453917
8323,20220630,9636,0,10,0.00,0.00,Central Warehouse Inventory,2026-09-06T03:34:41.453917
8324,20220630,9637,7,10,0.00,0.00,Central Warehouse Inventory,2026-09-06T03:34:41.453917
8325,20220630,9638,2,10,0.00,0.00,Central Warehouse Inventory,2026-09-06T03:34:41.453917
8326,20220630,9639,5,10,0.00,0.00,Central Warehouse Inventory,2026-09-06T03:34:41.453917
8327,20220630,9640,2,10,0.00,0.00,Central Warehouse Inventory,2026-09-06T03:34:41.453917
8328,20220630,9641,19,10,0.00,0.00,Central Warehouse Inventory,2026-09-06T03:34:41.453917
8329,20220630,9642,4,10,0.00,0.00,Central Warehouse Inventory,2026-09-06T03:34:41.453917
8330,20220630,9643,3,10,0.00,0.00,Central Warehouse Inventory,2026-09-06T03:34:41.453917
8331,20220630,9644,27,10,0.00,0.00,Central Warehouse Inventory,2026-09-06T03:34:41.453917
8332,20220630,9645,40,10,0.00,0.00,Central Warehouse Inventory,2026-09-06T03:34:41.453917
8333,20220630,9646,33,10,0.00,0.00,Central Warehouse Inventory,2026-09-06T03:34:41.453917
8334,20220630,9647,30,10,0.00,0.00,Central Warehouse Inventory,2026-09-06T03:34:41.453917
8335,20220630,9648,31,10,0.00,0.00,Central Warehouse Inventory,2026-09-06T03:34:41.453917
8336,20220630,9649,5,10,0.00,0.00,Central Warehouse Inventory,2026-09-06T03:34:41.453917
8337,20220630,9650,9,10,0.00,0.00,Central Warehouse Inventory,2026-09-06T03:34:41.453917
8338,20220630,9651,139,10,0.00,0.00,Central Warehouse Inventory,2026-09-06T03:34:41.453917
8339,20220630,9652,218,10,0.00,0.00,Central Warehouse Inventory,2026-09-06T03:34:41.453917
8340,20220630,9653,162,10,0.00,0.00,Central Warehouse Inventory,2026-09-06T03:34:41.453917
8341,20220630,9654,138,10,0.00,0.00,Central Warehouse Inventory,2026-09-06T03:34:41.453917
8342,20220630,9655,104,10,0.00,0.00,Central Warehouse Inventory,2026-09-06T03:34:41.453917
8343,20220630,9656,86,10,0.00,0.00,Central Warehouse Inventory,2026-09-06T03:34:41.453917
8344,20220630,9657,80,10,0.00,0.00,Central Warehouse Inventory,2026-09-06T03:34:41.453917
8345,20220630,9658,5,10,0.00,0.00,Central Warehouse Inventory,2026-09-06T03:34:41.453917
8346,20220630,9659,6,10,0.00,0.00,Central Warehouse Inventory,2026-09-06T03:34:41.453917
8347,20220630,9660,16,10,0.00,0.00,Central Warehouse Inventory,2026-09-06T03:34:41.453917
8348,20220630,9661,10,10,0.00,0.00,Central Warehouse Inventory,2026-09-06T03:34:41.453917
8349,20220630,9662,44,10,0.00,0.00,Central Warehouse Inventory,2026-09-06T03:34:41.453917
8350,20220630,9663,10,10,0.00,0.00,Central Warehouse Inventory,2026-09-06T03:34:41.453917
8351,20220630,9664,6,10,0.00,0.00,Central Warehouse Inventory,2026-09-06T03:34:41.453917
8352,20220630,9665,14,10,0.00,0.00,Central Warehouse Inventory,2026-09-06T03:34:41.453917
8353,20220630,9666,23,10,0.00,0.00,Central Warehouse Inventory,2026-09-06T03:34:41.453917
8354,20220630,9667,26,10,0.00,0.00,Central Warehouse Inventory,2026-09-06T03:34:41.453917
8355,20220630,9668,23,10,0.00,0.00,Central Warehouse Inventory,2026-09-06T03:34:41.453917
8356,20220630,9669,42,10,0.00,0.00,Central Warehouse Inventory,2026-09-06T03:34:41.453917
8357,20220630,9670,26,10,0.00,0.00,Central Warehouse Inventory,2026-09-06T03:34:41.453917
8358,20220630,9671,20,10,0.00,0.00,Central Warehouse Inventory,2026-09-06T03:34:41.453917
8359,20220630,9672,53,10,0.00,0.00,Central Warehouse Inventory,2026-09-06T03:34:41.453917
8360,20220630,9673,18,10,0.00,0.00,Central Warehouse Inventory,2026-09-06T03:34:41.453917
8361,20220630,9674,6,10,0.00,0.00,Central Warehouse Inventory,2026-09-06T03:34:41.453917
8362,20220630,9675,34,10,0.00,0.00,Central Warehouse Inventory,2026-09-06T03:34:41.453917
8363,20220630,9676,38,10,0.00,0.00,Central Warehouse Inventory,2026-09-06T03:34:41.453917
8364,20220630,9677,34,10,0.00,0.00,Central Warehouse Inventory,2026-09-06T03:34:41.453917
8365,20220630,9678,37,10,0.00,0.00,Central Warehouse Inventory,2026-09-06T03:34:41.453917
8366,20220630,9679,6,10,0.00,0.00,Central Warehouse Inventory,2026-09-06T03:34:41.453917
8367,20220630,9680,13,10,0.00,0.00,Central Warehouse Inventory,2026-09-06T03:34:41.453917
8368,20220630,9681,15,10,0.00,0.00,Central Warehouse Inventory,2026-09-06T03:34:41.453917
8369,20220630,9682,3,10,0.00,0.00,Central Warehouse Inventory,2026-09-06T03:34:41.453917
8370,20220630,9683,6,10,0.00,0.00,Central Warehouse Inventory,2026-09-06T03:34:41.453917
8371,20220630,9684,4,10,0.00,0.00,Central Warehouse Inventory,2026-09-06T03:34:41.453917
8372,20220630,9685,8,10,0.00,0.00,Central Warehouse Inventory,2026-09-06T03:34:41.453917
8373,20220630,9686,4,10,0.00,0.00,Central Warehouse Inventory,2026-09-06T03:34:41.453917
8374,20220630,9687,6,10,0.00,0.00,Central Warehouse Inventory,2026-09-06T03:34:41.453917
8375,20220630,9688,2,10,0.00,0.00,Central Warehouse Inventory,2026-09-06T03:34:41.453917
8376,20220630,9689,4,10,0.00,0.00,Central Warehouse Inventory,2026-09-06T03:34:41.453917
8377,20220630,9690,5,10,0.00,0.00,Central Warehouse Inventory,2026-09-06T03:34:41.453917
8378,20220630,9691,7,10,0.00,0.00,Central Warehouse Inventory,2026-09-06T03:34:41.453917
8379,20220630,9692,7,10,0.00,0.00,Central Warehouse Inventory,2026-09-06T03:34:41.453917
8380,20220630,9693,4,10,0.00,0.00,Central Warehouse Inventory,2026-09-06T03:34:41.453917
8381,20220630,9694,2,10,0.00,0.00,Central Warehouse Inventory,2026-09-06T03:34:41.453917
8382,20220630,9695,4,10,0.00,0.00,Central Warehouse Inventory,2026-09-06T03:34:41.453917
8383,20220630,9696,2,10,0.00,0.00,Central Warehouse Inventory,2026-09-06T03:34:41.453917
8384,20220630,9697,4,10,0.00,0.00,Central Warehouse Inventory,2026-09-06T03:34:41.453917
8385,20220630,9698,2,10,0.00,0.00,Central Warehouse Inventory,2026-09-06T03:34:41.453917
8386,20220630,9699,4,10,0.00,0.00,Central Warehouse Inventory,2026-09-06T03:34:41.453917
8387,20220630,9700,0,10,0.00,0.00,Central Warehouse Inventory,2026-09-06T03:34:41.453917
8388,20220630,9701,0,10,0.00,0.00,Central Warehouse Inventory,2026-09-06T03:34:41.453917
8389,20220630,9702,0,10,0.00,0.00,Central Warehouse Inventory,2026-09-06T03:34:41.453917
8390,20220630,9703,0,10,0.00,0.00,Central Warehouse Inventory,2026-09-06T03:34:41.453917
8391,20220630,9704,2,10,0.00,0.00,Central Warehouse Inventory,2026-09-06T03:34:41.453917
8392,20220630,9705,3,10,0.00,0.00,Central Warehouse Inventory,2026-09-06T03:34:41.453917
8393,20220630,9706,17,10,0.00,0.00,Central Warehouse Inventory,2026-09-06T03:34:41.453917
8394,20220630,9707,49,10,0.00,0.00,Central Warehouse Inventory,2026-09-06T03:34:41.453917
8395,20220630,9708,46,10,0.00,0.00,Central Warehouse Inventory,2026-09-06T03:34:41.453917
8396,20220630,9709,45,10,0.00,0.00,Central Warehouse Inventory,2026-09-06T03:34:41.453917
8397,20220630,9710,55,10,0.00,0.00,Central Warehouse Inventory,2026-09-06T03:34:41.453917
8398,20220630,9711,47,10,0.00,0.00,Central Warehouse Inventory,2026-09-06T03:34:41.453917
8399,20220630,9712,54,10,0.00,0.00,Central Warehouse Inventory,2026-09-06T03:34:41.453917
8400,20220630,9713,43,10,0.00,0.00,Central Warehouse Inventory,2026-09-06T03:34:41.453917
8401,20220630,9714,16,10,0.00,0.00,Central Warehouse Inventory,2026-09-06T03:34:41.453917
8402,20220630,9715,31,10,0.00,0.00,Central Warehouse Inventory,2026-09-06T03:34:41.453917
8403,20220630,9716,33,10,0.00,0.00,Central Warehouse Inventory,2026-09-06T03:34:41.453917
8404,20220630,9717,34,10,0.00,0.00,Central Warehouse Inventory,2026-09-06T03:34:41.453917
8405,20220630,9718,18,10,0.00,0.00,Central Warehouse Inventory,2026-09-06T03:34:41.453917
8406,20220630,9719,24,10,0.00,0.00,Central Warehouse Inventory,2026-09-06T03:34:41.453917
8407,20220630,9720,7,10,0.00,0.00,Central Warehouse Inventory,2026-09-06T03:34:41.453917
8408,20220630,9721,53,10,0.00,0.00,Central Warehouse Inventory,2026-09-06T03:34:41.453917
8409,20220630,9722,57,10,0.00,0.00,Central Warehouse Inventory,2026-09-06T03:34:41.453917
8410,20220630,9723,66,10,0.00,0.00,Central Warehouse Inventory,2026-09-06T03:34:41.453917
8411,20220630,9724,62,10,0.00,0.00,Central Warehouse Inventory,2026-09-06T03:34:41.453917
8412,20220630,9725,55,10,0.00,0.00,Central Warehouse Inventory,2026-09-06T03:34:41.453917
8413,20220630,9726,53,10,0.00,0.00,Central Warehouse Inventory,2026-09-06T03:34:41.453917
8414,20220630,9727,56,10,0.00,0.00,Central Warehouse Inventory,2026-09-06T03:34:41.453917
8415,20220630,9728,2,10,0.00,0.00,Central Warehouse Inventory,2026-09-06T03:34:41.453917
8416,20220630,9729,12,10,0.00,0.00,Central Warehouse Inventory,2026-09-06T03:34:41.453917
8417,20220630,9730,19,10,0.00,0.00,Central Warehouse Inventory,2026-09-06T03:34:41.453917
8418,20220630,9731,5,10,0.00,0.00,Central Warehouse Inventory,2026-09-06T03:34:41.453917
8419,20220630,9732,21,10,0.00,0.00,Central Warehouse Inventory,2026-09-06T03:34:41.453917
8420,20220630,9733,17,10,0.00,0.00,Central Warehouse Inventory,2026-09-06T03:34:41.453917
8421,20220630,9734,9,10,0.00,0.00,Central Warehouse Inventory,2026-09-06T03:34:41.453917
8422,20220630,9735,37,10,0.00,0.00,Central Warehouse Inventory,2026-09-06T03:34:41.453917
8423,20220630,9736,41,10,0.00,0.00,Central Warehouse Inventory,2026-09-06T03:34:41.453917
8424,20220630,9737,5,10,0.00,0.00,Central Warehouse Inventory,2026-09-06T03:34:41.453917
8425,20220630,9738,32,10,0.00,0.00,Central Warehouse Inventory,2026-09-06T03:34:41.453917
8426,20220630,9739,47,10,0.00,0.00,Central Warehouse Inventory,2026-09-06T03:34:41.453917
8427,20220630,9740,24,10,0.00,0.00,Central Warehouse Inventory,2026-09-06T03:34:41.453917
8428,20220630,9741,8,10,0.00,0.00,Central Warehouse Inventory,2026-09-06T03:34:41.453917
8429,20220630,9742,22,10,0.00,0.00,Central Warehouse Inventory,2026-09-06T03:34:41.453917
8430,20220630,9743,154,10,0.00,0.00,Central Warehouse Inventory,2026-09-06T03:34:41.453917
8431,20220630,9744,74,10,0.00,0.00,Central Warehouse Inventory,2026-09-06T03:34:41.453917
8432,20220630,9745,59,10,0.00,0.00,Central Warehouse Inventory,2026-09-06T03:34:41.453917
8433,20220630,9746,180,10,0.00,0.00,Central Warehouse Inventory,2026-09-06T03:34:41.453917
8434,20220630,9747,14,10,0.00,0.00,Central Warehouse Inventory,2026-09-06T03:34:41.453917
8435,20220630,9748,34,10,0.00,0.00,Central Warehouse Inventory,2026-09-06T03:34:41.453917
8436,20220630,9749,22,10,0.00,0.00,Central Warehouse Inventory,2026-09-06T03:34:41.453917
8437,20220630,9750,55,10,0.00,0.00,Central Warehouse Inventory,2026-09-06T03:34:41.453917
8438,20220630,9751,98,10,0.00,0.00,Central Warehouse Inventory,2026-09-06T03:34:41.453917
8439,20220630,9752,37,10,0.00,0.00,Central Warehouse Inventory,2026-09-06T03:34:41.453917
8440,20220630,9753,39,10,0.00,0.00,Central Warehouse Inventory,2026-09-06T03:34:41.453917
8441,20220630,9754,18,10,0.00,0.00,Central Warehouse Inventory,2026-09-06T03:34:41.453917
8442,20220630,9755,7,10,0.00,0.00,Central Warehouse Inventory,2026-09-06T03:34:41.453917
8443,20220630,9756,93,10,0.00,0.00,Central Warehouse Inventory,2026-09-06T03:34:41.453917
8444,20220630,9757,75,10,0.00,0.00,Central Warehouse Inventory,2026-09-06T03:34:41.453917
8445,20220630,9758,67,10,0.00,0.00,Central Warehouse Inventory,2026-09-06T03:34:41.453917
8446,20220630,9759,77,10,0.00,0.00,Central Warehouse Inventory,2026-09-06T03:34:41.453917
8447,20220630,9760,61,10,0.00,0.00,Central Warehouse Inventory,2026-09-06T03:34:41.453917
8448,20220630,9761,45,10,0.00,0.00,Central Warehouse Inventory,2026-09-06T03:34:41.453917
8449,20220630,9762,23,10,0.00,0.00,Central Warehouse Inventory,2026-09-06T03:34:41.453917
8450,20220630,9763,34,10,0.00,0.00,Central Warehouse Inventory,2026-09-06T03:34:41.453917
8451,20220630,9764,46,10,0.00,0.00,Central Warehouse Inventory,2026-09-06T03:34:41.453917
8452,20220630,9765,53,10,0.00,0.00,Central Warehouse Inventory,2026-09-06T03:34:41.453917
8453,20220630,9766,29,10,0.00,0.00,Central Warehouse Inventory,2026-09-06T03:34:41.453917
8454,20220630,9767,37,10,0.00,0.00,Central Warehouse Inventory,2026-09-06T03:34:41.453917
8455,20220630,9768,15,10,0.00,0.00,Central Warehouse Inventory,2026-09-06T03:34:41.453917
8456,20220630,9769,29,10,0.00,0.00,Central Warehouse Inventory,2026-09-06T03:34:41.453917
8457,20220630,9770,48,10,0.00,0.00,Central Warehouse Inventory,2026-09-06T03:34:41.453917
8458,20220630,9771,90,10,0.00,0.00,Central Warehouse Inventory,2026-09-06T03:34:41.453917
8459,20220630,9772,58,10,0.00,0.00,Central Warehouse Inventory,2026-09-06T03:34:41.453917
8460,20220630,9773,43,10,0.00,0.00,Central Warehouse Inventory,2026-09-06T03:34:41.453917
8461,20220630,9774,29,10,0.00,0.00,Central Warehouse Inventory,2026-09-06T03:34:41.453917
8462,20220630,9775,29,10,0.00,0.00,Central Warehouse Inventory,2026-09-06T03:34:41.453917
8463,20220630,9776,27,10,0.00,0.00,Central Warehouse Inventory,2026-09-06T03:34:41.453917
8464,20220630,9777,6,10,0.00,0.00,Central Warehouse Inventory,2026-09-06T03:34:41.453917
8465,20220630,9778,15,10,0.00,0.00,Central Warehouse Inventory,2026-09-06T03:34:41.453917
8466,20220630,9779,27,10,0.00,0.00,Central Warehouse Inventory,2026-09-06T03:34:41.453917
8467,20220630,9780,3,10,0.00,0.00,Central Warehouse Inventory,2026-09-06T03:34:41.453917
8468,20220630,9781,34,10,0.00,0.00,Central Warehouse Inventory,2026-09-06T03:34:41.453917
8469,20220630,9782,13,10,0.00,0.00,Central Warehouse Inventory,2026-09-06T03:34:41.453917
8470,20220630,9783,15,10,0.00,0.00,Central Warehouse Inventory,2026-09-06T03:34:41.453917
8471,20220630,9784,53,10,0.00,0.00,Central Warehouse Inventory,2026-09-06T03:34:41.453917
8472,20220630,9785,56,10,0.00,0.00,Central Warehouse Inventory,2026-09-06T03:34:41.453917
8473,20220630,9786,56,10,0.00,0.00,Central Warehouse Inventory,2026-09-06T03:34:41.453917
8474,20220630,9787,60,10,0.00,0.00,Central Warehouse Inventory,2026-09-06T03:34:41.453917
8475,20220630,9788,61,10,0.00,0.00,Central Warehouse Inventory,2026-09-06T03:34:41.453917
8476,20220630,9789,64,10,0.00,0.00,Central Warehouse Inventory,2026-09-06T03:34:41.453917
8477,20220630,9790,61,10,0.00,0.00,Central Warehouse Inventory,2026-09-06T03:34:41.453917
8478,20220630,9791,33,10,0.00,0.00,Central Warehouse Inventory,2026-09-06T03:34:41.453917
8479,20220630,9792,3,10,0.00,0.00,Central Warehouse Inventory,2026-09-06T03:34:41.453917
8480,20220630,9793,14,10,0.00,0.00,Central Warehouse Inventory,2026-09-06T03:34:41.453917
8481,20220630,9794,22,10,0.00,0.00,Central Warehouse Inventory,2026-09-06T03:34:41.453917
8482,20220630,9795,7,10,0.00,0.00,Central Warehouse Inventory,2026-09-06T03:34:41.453917
8483,20220630,9796,44,10,0.00,0.00,Central Warehouse Inventory,2026-09-06T03:34:41.453917
8484,20220630,9797,34,10,0.00,0.00,Central Warehouse Inventory,2026-09-06T03:34:41.453917
8485,20220630,9798,62,10,0.00,0.00,Central Warehouse Inventory,2026-09-06T03:34:41.453917
8486,20220630,9799,49,10,0.00,0.00,Central Warehouse Inventory,2026-09-06T03:34:41.453917
8487,20220630,9800,63,10,0.00,0.00,Central Warehouse Inventory,2026-09-06T03:34:41.453917
8488,20220630,9801,55,10,0.00,0.00,Central Warehouse Inventory,2026-09-06T03:34:41.453917
8489,20220630,9802,32,10,0.00,0.00,Central Warehouse Inventory,2026-09-06T03:34:41.453917
8490,20220630,9803,58,10,0.00,0.00,Central Warehouse Inventory,2026-09-06T03:34:41.453917
8491,20220630,9804,38,10,0.00,0.00,Central Warehouse Inventory,2026-09-06T03:34:41.453917
8492,20220630,9805,93,10,0.00,0.00,Central Warehouse Inventory,2026-09-06T03:34:41.453917
8493,20220630,9806,52,10,0.00,0.00,Central Warehouse Inventory,2026-09-06T03:34:41.453917
8494,20220630,9807,63,10,0.00,0.00,Central Warehouse Inventory,2026-09-06T03:34:41.453917
8495,20220630,9808,42,10,0.00,0.00,Central Warehouse Inventory,2026-09-06T03:34:41.453917
8496,20220630,9809,76,10,0.00,0.00,Central Warehouse Inventory,2026-09-06T03:34:41.453917
8497,20220630,9810,52,10,0.00,0.00,Central Warehouse Inventory,2026-09-06T03:34:41.453917
8498,20220630,9811,9,10,0.00,0.00,Central Warehouse Inventory,2026-09-06T03:34:41.453917
8499,20220630,9812,6,10,0.00,0.00,Central Warehouse Inventory,2026-09-06T03:34:41.453917
8500,20220630,9813,5,10,0.00,0.00,Central Warehouse Inventory,2026-09-06T03:34:41.453917
8501,20220630,9814,9,10,0.00,0.00,Central Warehouse Inventory,2026-09-06T03:34:41.453917
8502,20220630,9815,18,10,0.00,0.00,Central Warehouse Inventory,2026-09-06T03:34:41.453917
8503,20220630,9816,20,10,0.00,0.00,Central Warehouse Inventory,2026-09-06T03:34:41.453917
8504,20220630,9817,32,10,0.00,0.00,Central Warehouse Inventory,2026-09-06T03:34:41.453917
8505,20220630,9818,7,10,0.00,0.00,Central Warehouse Inventory,2026-09-06T03:34:41.453917
8506,20220630,9819,19,10,0.00,0.00,Central Warehouse Inventory,2026-09-06T03:34:41.453917
8507,20220630,9820,3,10,0.00,0.00,Central Warehouse Inventory,2026-09-06T03:34:41.453917
8508,20220630,9821,4,10,0.00,0.00,Central Warehouse Inventory,2026-09-06T03:34:41.453917
8509,20220630,9822,30,10,0.00,0.00,Central Warehouse Inventory,2026-09-06T03:34:41.453917
8510,20220630,9823,3,10,0.00,0.00,Central Warehouse Inventory,2026-09-06T03:34:41.453917
8511,20220630,9824,55,10,0.00,0.00,Central Warehouse Inventory,2026-09-06T03:34:41.453917
8512,20220630,9825,38,10,0.00,0.00,Central Warehouse Inventory,2026-09-06T03:34:41.453917
8513,20220630,9826,9,10,0.00,0.00,Central Warehouse Inventory,2026-09-06T03:34:41.453917
8514,20220630,9827,5,10,0.00,0.00,Central Warehouse Inventory,2026-09-06T03:34:41.453917
8515,20220630,9828,10,10,0.00,0.00,Central Warehouse Inventory,2026-09-06T03:34:41.453917
8516,20220630,9829,8,10,0.00,0.00,Central Warehouse Inventory,2026-09-06T03:34:41.453917
8517,20220630,9830,6,10,0.00,0.00,Central Warehouse Inventory,2026-09-06T03:34:41.453917
8518,20220630,9831,6,10,0.00,0.00,Central Warehouse Inventory,2026-09-06T03:34:41.453917
8519,20220630,9832,10,10,0.00,0.00,Central Warehouse Inventory,2026-09-06T03:34:41.453917
8520,20220630,9833,32,10,0.00,0.00,Central Warehouse Inventory,2026-09-06T03:34:41.453917
8521,20220630,9834,66,10,0.00,0.00,Central Warehouse Inventory,2026-09-06T03:34:41.453917
8522,20220630,9835,42,10,0.00,0.00,Central Warehouse Inventory,2026-09-06T03:34:41.453917
8523,20220630,9836,27,10,0.00,0.00,Central Warehouse Inventory,2026-09-06T03:34:41.453917
8524,20220630,9837,24,10,0.00,0.00,Central Warehouse Inventory,2026-09-06T03:34:41.453917
8525,20220630,9838,40,10,0.00,0.00,Central Warehouse Inventory,2026-09-06T03:34:41.453917
8526,20220630,9839,1,10,0.00,0.00,Central Warehouse Inventory,2026-09-06T03:34:41.453917
8527,20220630,9840,76,10,0.00,0.00,Central Warehouse Inventory,2026-09-06T03:34:41.453917
8528,20220630,9841,58,10,0.00,0.00,Central Warehouse Inventory,2026-09-06T03:34:41.453917
8529,20220630,9842,47,10,0.00,0.00,Central Warehouse Inventory,2026-09-06T03:34:41.453917
8530,20220630,9843,35,10,0.00,0.00,Central Warehouse Inventory,2026-09-06T03:34:41.453917
8531,20220630,9844,16,10,0.00,0.00,Central Warehouse Inventory,2026-09-06T03:34:41.453917
8532,20220630,9845,54,10,0.00,0.00,Central Warehouse Inventory,2026-09-06T03:34:41.453917
8533,20220630,9846,27,10,0.00,0.00,Central Warehouse Inventory,2026-09-06T03:34:41.453917
8534,20220630,9847,3,10,0.00,0.00,Central Warehouse Inventory,2026-09-06T03:34:41.453917
8535,20220630,9848,4,10,0.00,0.00,Central Warehouse Inventory,2026-09-06T03:34:41.453917
8536,20220630,9849,2,10,0.00,0.00,Central Warehouse Inventory,2026-09-06T03:34:41.453917
8537,20220630,9850,15,10,0.00,0.00,Central Warehouse Inventory,2026-09-06T03:34:41.453917
8538,20220630,9851,5,10,0.00,0.00,Central Warehouse Inventory,2026-09-06T03:34:41.453917
8539,20220630,9852,22,10,0.00,0.00,Central Warehouse Inventory,2026-09-06T03:34:41.453917
8540,20220630,9853,11,10,0.00,0.00,Central Warehouse Inventory,2026-09-06T03:34:41.453917
8541,20220630,9854,27,10,0.00,0.00,Central Warehouse Inventory,2026-09-06T03:34:41.453917
8542,20220630,9855,15,10,0.00,0.00,Central Warehouse Inventory,2026-09-06T03:34:41.453917
8543,20220630,9856,9,10,0.00,0.00,Central Warehouse Inventory,2026-09-06T03:34:41.453917
8544,20220630,9857,7,10,0.00,0.00,Central Warehouse Inventory,2026-09-06T03:34:41.453917
8545,20220630,9858,10,10,0.00,0.00,Central Warehouse Inventory,2026-09-06T03:34:41.453917
8546,20220630,9859,8,10,0.00,0.00,Central Warehouse Inventory,2026-09-06T03:34:41.453917
8547,20220630,9860,14,10,0.00,0.00,Central Warehouse Inventory,2026-09-06T03:34:41.453917
8548,20220630,9861,6,10,0.00,0.00,Central Warehouse Inventory,2026-09-06T03:34:41.453917
8549,20220630,9862,8,10,0.00,0.00,Central Warehouse Inventory,2026-09-06T03:34:41.453917
8550,20220630,9863,10,10,0.00,0.00,Central Warehouse Inventory,2026-09-06T03:34:41.453917
8551,20220630,9864,11,10,0.00,0.00,Central Warehouse Inventory,2026-09-06T03:34:41.453917
8552,20220630,9865,16,10,0.00,0.00,Central Warehouse Inventory,2026-09-06T03:34:41.453917
8553,20220630,9866,5,10,0.00,0.00,Central Warehouse Inventory,2026-09-06T03:34:41.453917
8554,20220630,9867,8,10,0.00,0.00,Central Warehouse Inventory,2026-09-06T03:34:41.453917
8555,20220630,9868,69,10,0.00,0.00,Central Warehouse Inventory,2026-09-06T03:34:41.453917
8556,20220630,9869,60,10,0.00,0.00,Central Warehouse Inventory,2026-09-06T03:34:41.453917
8557,20220630,9870,61,10,0.00,0.00,Central Warehouse Inventory,2026-09-06T03:34:41.453917
8558,20220630,9871,44,10,0.00,0.00,Central Warehouse Inventory,2026-09-06T03:34:41.453917
8559,20220630,9872,19,10,0.00,0.00,Central Warehouse Inventory,2026-09-06T03:34:41.453917
8560,20220630,9873,28,10,0.00,0.00,Central Warehouse Inventory,2026-09-06T03:34:41.453917
8561,20220630,9874,9,10,0.00,0.00,Central Warehouse Inventory,2026-09-06T03:34:41.453917
8562,20220630,9875,5,10,0.00,0.00,Central Warehouse Inventory,2026-09-06T03:34:41.453917
8563,20220630,9876,35,10,0.00,0.00,Central Warehouse Inventory,2026-09-06T03:34:41.453917
8564,20220630,9877,35,10,0.00,0.00,Central Warehouse Inventory,2026-09-06T03:34:41.453917
8565,20220630,9878,13,10,0.00,0.00,Central Warehouse Inventory,2026-09-06T03:34:41.453917
8566,20220630,9879,42,10,0.00,0.00,Central Warehouse Inventory,2026-09-06T03:34:41.453917
8567,20220630,9880,14,10,0.00,0.00,Central Warehouse Inventory,2026-09-06T03:34:41.453917
8568,20220630,9881,29,10,0.00,0.00,Central Warehouse Inventory,2026-09-06T03:34:41.453917
8569,20220630,9882,12,10,0.00,0.00,Central Warehouse Inventory,2026-09-06T03:34:41.453917
8570,20220630,9883,9,10,0.00,0.00,Central Warehouse Inventory,2026-09-06T03:34:41.453917
8571,20220630,9884,49,10,0.00,0.00,Central Warehouse Inventory,2026-09-06T03:34:41.453917
8572,20220630,9885,27,10,0.00,0.00,Central Warehouse Inventory,2026-09-06T03:34:41.453917
8573,20220630,9886,63,10,0.00,0.00,Central Warehouse Inventory,2026-09-06T03:34:41.453917
8574,20220630,9887,52,10,0.00,0.00,Central Warehouse Inventory,2026-09-06T03:34:41.453917
8575,20220630,9888,49,10,0.00,0.00,Central Warehouse Inventory,2026-09-06T03:34:41.453917
8576,20220630,9889,16,10,0.00,0.00,Central Warehouse Inventory,2026-09-06T03:34:41.453917
8577,20220630,9890,20,10,0.00,0.00,Central Warehouse Inventory,2026-09-06T03:34:41.453917
8578,20220630,9891,14,10,0.00,0.00,Central Warehouse Inventory,2026-09-06T03:34:41.453917
8579,20220630,9892,2,10,0.00,0.00,Central Warehouse Inventory,2026-09-06T03:34:41.453917
8580,20220630,9893,12,10,0.00,0.00,Central Warehouse Inventory,2026-09-06T03:34:41.453917
8581,20220630,9894,15,10,0.00,0.00,Central Warehouse Inventory,2026-09-06T03:34:41.453917
8582,20220630,9895,38,10,0.00,0.00,Central Warehouse Inventory,2026-09-06T03:34:41.453917
8583,20220630,9896,97,10,0.00,0.00,Central Warehouse Inventory,2026-09-06T03:34:41.453917
8584,20220630,9897,292,10,0.00,0.00,Central Warehouse Inventory,2026-09-06T03:34:41.453917
8585,20220630,9898,252,10,0.00,0.00,Central Warehouse Inventory,2026-09-06T03:34:41.453917
8586,20220630,9899,196,10,0.00,0.00,Central Warehouse Inventory,2026-09-06T03:34:41.453917
8587,20220630,9900,227,10,0.00,0.00,Central Warehouse Inventory,2026-09-06T03:34:41.453917
8588,20220630,9901,97,10,0.00,0.00,Central Warehouse Inventory,2026-09-06T03:34:41.453917
8589,20220630,9902,85,10,0.00,0.00,Central Warehouse Inventory,2026-09-06T03:34:41.453917
8590,20220630,9903,2,10,0.00,0.00,Central Warehouse Inventory,2026-09-06T03:34:41.453917
8591,20220630,9904,1,10,0.00,0.00,Central Warehouse Inventory,2026-09-06T03:34:41.453917
8592,20220630,9905,3,10,0.00,0.00,Central Warehouse Inventory,2026-09-06T03:34:41.453917
8593,20220630,9906,3,10,0.00,0.00,Central Warehouse Inventory,2026-09-06T03:34:41.453917
8594,20220630,9907,29,10,0.00,0.00,Central Warehouse Inventory,2026-09-06T03:34:41.453917
8595,20220630,9908,28,10,0.00,0.00,Central Warehouse Inventory,2026-09-06T03:34:41.453917
8596,20220630,9909,5,10,0.00,0.00,Central Warehouse Inventory,2026-09-06T03:34:41.453917
8597,20220630,9910,217,10,0.00,0.00,Central Warehouse Inventory,2026-09-06T03:34:41.453917
8598,20220630,9911,229,10,0.00,0.00,Central Warehouse Inventory,2026-09-06T03:34:41.453917
8599,20220630,9912,161,10,0.00,0.00,Central Warehouse Inventory,2026-09-06T03:34:41.453917
8600,20220630,9913,198,10,0.00,0.00,Central Warehouse Inventory,2026-09-06T03:34:41.453917
8601,20220630,9914,209,10,0.00,0.00,Central Warehouse Inventory,2026-09-06T03:34:41.453917
8602,20220630,9915,116,10,0.00,0.00,Central Warehouse Inventory,2026-09-06T03:34:41.453917
8603,20220630,9916,158,10,0.00,0.00,Central Warehouse Inventory,2026-09-06T03:34:41.453917
8604,20220630,9917,38,10,0.00,0.00,Central Warehouse Inventory,2026-09-06T03:34:41.453917
8605,20220630,9918,33,10,0.00,0.00,Central Warehouse Inventory,2026-09-06T03:34:41.453917
8606,20220630,9919,39,10,0.00,0.00,Central Warehouse Inventory,2026-09-06T03:34:41.453917
8607,20220630,9920,59,10,0.00,0.00,Central Warehouse Inventory,2026-09-06T03:34:41.453917
8608,20220630,9921,48,10,0.00,0.00,Central Warehouse Inventory,2026-09-06T03:34:41.453917
8609,20220630,9922,51,10,0.00,0.00,Central Warehouse Inventory,2026-09-06T03:34:41.453917
8610,20220630,9923,14,10,0.00,0.00,Central Warehouse Inventory,2026-09-06T03:34:41.453917
8611,20220630,9924,5,10,0.00,0.00,Central Warehouse Inventory,2026-09-06T03:34:41.453917
8612,20220630,9925,3,10,0.00,0.00,Central Warehouse Inventory,2026-09-06T03:34:41.453917
8613,20220630,9926,4,10,0.00,0.00,Central Warehouse Inventory,2026-09-06T03:34:41.453917
8614,20220630,9927,4,10,0.00,0.00,Central Warehouse Inventory,2026-09-06T03:34:41.453917
8615,20220630,9928,7,10,0.00,0.00,Central Warehouse Inventory,2026-09-06T03:34:41.453917
8616,20220630,9929,7,10,0.00,0.00,Central Warehouse Inventory,2026-09-06T03:34:41.453917
8617,20220630,9930,9,10,0.00,0.00,Central Warehouse Inventory,2026-09-06T03:34:41.453917
8618,20220630,9931,47,10,0.00,0.00,Central Warehouse Inventory,2026-09-06T03:34:41.453917
8619,20220630,9932,46,10,0.00,0.00,Central Warehouse Inventory,2026-09-06T03:34:41.453917
8620,20220630,9933,18,10,0.00,0.00,Central Warehouse Inventory,2026-09-06T03:34:41.453917
8621,20220630,9934,33,10,0.00,0.00,Central Warehouse Inventory,2026-09-06T03:34:41.453917
8622,20220630,9935,11,10,0.00,0.00,Central Warehouse Inventory,2026-09-06T03:34:41.453917
8623,20220630,9936,14,10,0.00,0.00,Central Warehouse Inventory,2026-09-06T03:34:41.453917
8624,20220630,9937,35,10,0.00,0.00,Central Warehouse Inventory,2026-09-06T03:34:41.453917
8625,20220630,9938,2,10,0.00,0.00,Central Warehouse Inventory,2026-09-06T03:34:41.453917
8626,20220630,9939,12,10,0.00,0.00,Central Warehouse Inventory,2026-09-06T03:34:41.453917
8627,20220630,9940,58,10,0.00,0.00,Central Warehouse Inventory,2026-09-06T03:34:41.453917
8628,20220630,9941,59,10,0.00,0.00,Central Warehouse Inventory,2026-09-06T03:34:41.453917
8629,20220630,9942,59,10,0.00,0.00,Central Warehouse Inventory,2026-09-06T03:34:41.453917
8630,20220630,9943,65,10,0.00,0.00,Central Warehouse Inventory,2026-09-06T03:34:41.453917
8631,20220630,9944,49,10,0.00,0.00,Central Warehouse Inventory,2026-09-06T03:34:41.453917
8632,20220630,9945,4,10,0.00,0.00,Central Warehouse Inventory,2026-09-06T03:34:41.453917
8633,20220630,9946,2,10,0.00,0.00,Central Warehouse Inventory,2026-09-06T03:34:41.453917
8634,20220630,9947,3,10,0.00,0.00,Central Warehouse Inventory,2026-09-06T03:34:41.453917
8635,20220630,9948,3,10,0.00,0.00,Central Warehouse Inventory,2026-09-06T03:34:41.453917
8636,20220630,9949,2,10,0.00,0.00,Central Warehouse Inventory,2026-09-06T03:34:41.453917
8637,20220630,9950,5,10,0.00,0.00,Central Warehouse Inventory,2026-09-06T03:34:41.453917
8638,20220630,9951,2,10,0.00,0.00,Central Warehouse Inventory,2026-09-06T03:34:41.453917
8639,20220630,9952,1,10,0.00,0.00,Central Warehouse Inventory,2026-09-06T03:34:41.453917
8640,20220630,9953,4,10,0.00,0.00,Central Warehouse Inventory,2026-09-06T03:34:41.453917
8641,20220630,9954,2,10,0.00,0.00,Central Warehouse Inventory,2026-09-06T03:34:41.453917
8642,20220630,9955,5,10,0.00,0.00,Central Warehouse Inventory,2026-09-06T03:34:41.453917
8643,20220630,9956,3,10,0.00,0.00,Central Warehouse Inventory,2026-09-06T03:34:41.453917
8644,20220630,9957,8,10,0.00,0.00,Central Warehouse Inventory,2026-09-06T03:34:41.453917
8645,20220630,9958,13,10,0.00,0.00,Central Warehouse Inventory,2026-09-06T03:34:41.453917
8646,20220630,9959,7,10,0.00,0.00,Central Warehouse Inventory,2026-09-06T03:34:41.453917
8647,20220630,9960,8,10,0.00,0.00,Central Warehouse Inventory,2026-09-06T03:34:41.453917
8648,20220630,9961,28,10,0.00,0.00,Central Warehouse Inventory,2026-09-06T03:34:41.453917
8649,20220630,9962,13,10,0.00,0.00,Central Warehouse Inventory,2026-09-06T03:34:41.453917
8650,20220630,9963,5,10,0.00,0.00,Central Warehouse Inventory,2026-09-06T03:34:41.453917
8651,20220630,9964,4,10,0.00,0.00,Central Warehouse Inventory,2026-09-06T03:34:41.453917
8652,20220630,9965,8,10,0.00,0.00,Central Warehouse Inventory,2026-09-06T03:34:41.453917
8653,20220630,9966,5,10,0.00,0.00,Central Warehouse Inventory,2026-09-06T03:34:41.453917
8654,20220630,9967,6,10,0.00,0.00,Central Warehouse Inventory,2026-09-06T03:34:41.453917
8655,20220630,9968,8,10,0.00,0.00,Central Warehouse Inventory,2026-09-06T03:34:41.453917
8656,20220630,9969,8,10,0.00,0.00,Central Warehouse Inventory,2026-09-06T03:34:41.453917
8657,20220630,9970,1,10,0.00,0.00,Central Warehouse Inventory,2026-09-06T03:34:41.453917
8658,20220630,9971,2,10,0.00,0.00,Central Warehouse Inventory,2026-09-06T03:34:41.453917
8659,20220630,9972,7,10,0.00,0.00,Central Warehouse Inventory,2026-09-06T03:34:41.453917
8660,20220630,9973,3,10,0.00,0.00,Central Warehouse Inventory,2026-09-06T03:34:41.453917
8661,20220630,9974,5,10,0.00,0.00,Central Warehouse Inventory,2026-09-06T03:34:41.453917
8662,20220630,9975,6,10,0.00,0.00,Central Warehouse Inventory,2026-09-06T03:34:41.453917
8663,20220630,9976,8,10,0.00,0.00,Central Warehouse Inventory,2026-09-06T03:34:41.453917
8664,20220630,9977,5,10,0.00,0.00,Central Warehouse Inventory,2026-09-06T03:34:41.453917
8665,20220630,9978,10,10,0.00,0.00,Central Warehouse Inventory,2026-09-06T03:34:41.453917
8666,20220630,9979,25,10,0.00,0.00,Central Warehouse Inventory,2026-09-06T03:34:41.453917
8667,20220630,9980,3,10,0.00,0.00,Central Warehouse Inventory,2026-09-06T03:34:41.453917
8668,20220630,9981,53,10,0.00,0.00,Central Warehouse Inventory,2026-09-06T03:34:41.453917
8669,20220630,9982,7,10,0.00,0.00,Central Warehouse Inventory,2026-09-06T03:34:41.453917
8670,20220630,9983,26,10,0.00,0.00,Central Warehouse Inventory,2026-09-06T03:34:41.453917
8671,20220630,9984,10,10,0.00,0.00,Central Warehouse Inventory,2026-09-06T03:34:41.453917
8672,20220630,9985,16,10,0.00,0.00,Central Warehouse Inventory,2026-09-06T03:34:41.453917
8673,20220630,9986,56,10,0.00,0.00,Central Warehouse Inventory,2026-09-06T03:34:41.453917
8674,20220630,9987,19,10,0.00,0.00,Central Warehouse Inventory,2026-09-06T03:34:41.453917
8675,20220630,9988,45,10,0.00,0.00,Central Warehouse Inventory,2026-09-06T03:34:41.453917
8676,20220630,9989,43,10,0.00,0.00,Central Warehouse Inventory,2026-09-06T03:34:41.453917
8677,20220630,9990,54,10,0.00,0.00,Central Warehouse Inventory,2026-09-06T03:34:41.453917
8678,20220630,9991,4,10,0.00,0.00,Central Warehouse Inventory,2026-09-06T03:34:41.453917
8679,20220630,9992,7,10,0.00,0.00,Central Warehouse Inventory,2026-09-06T03:34:41.453917
8680,20220630,9993,45,10,0.00,0.00,Central Warehouse Inventory,2026-09-06T03:34:41.453917
8681,20220630,9994,11,10,0.00,0.00,Central Warehouse Inventory,2026-09-06T03:34:41.453917
8682,20220630,9995,11,10,0.00,0.00,Central Warehouse Inventory,2026-09-06T03:34:41.453917
8683,20220630,9996,23,10,0.00,0.00,Central Warehouse Inventory,2026-09-06T03:34:41.453917
8684,20220630,9997,4,10,0.00,0.00,Central Warehouse Inventory,2026-09-06T03:34:41.453917
8685,20220630,9998,3,10,0.00,0.00,Central Warehouse Inventory,2026-09-06T03:34:41.453917
8686,20220630,9999,6,10,0.00,0.00,Central Warehouse Inventory,2026-09-06T03:34:41.453917
8687,20220630,10000,17,10,0.00,0.00,Central Warehouse Inventory,2026-09-06T03:34:41.453917
8688,20220630,10001,1,10,0.00,0.00,Central Warehouse Inventory,2026-09-06T03:34:41.453917
8689,20220630,10002,23,10,0.00,0.00,Central Warehouse Inventory,2026-09-06T03:34:41.453917
8690,20220630,10003,1,10,0.00,0.00,Central Warehouse Inventory,2026-09-06T03:34:41.453917
8691,20220630,10004,0,10,0.00,0.00,Central Warehouse Inventory,2026-09-06T03:34:41.453917
8692,20220630,10005,34,10,0.00,0.00,Central Warehouse Inventory,2026-09-06T03:34:41.453917
8693,20220630,10006,49,10,0.00,0.00,Central Warehouse Inventory,2026-09-06T03:34:41.453917
8694,20220630,10007,266,10,0.00,0.00,Central Warehouse Inventory,2026-09-06T03:34:41.453917
8695,20220630,10008,74,10,0.00,0.00,Central Warehouse Inventory,2026-09-06T03:34:41.453917
8696,20220630,10009,86,10,0.00,0.00,Central Warehouse Inventory,2026-09-06T03:34:41.453917
8697,20220630,10010,54,10,0.00,0.00,Central Warehouse Inventory,2026-09-06T03:34:41.453917
8698,20220630,10011,17,10,0.00,0.00,Central Warehouse Inventory,2026-09-06T03:34:41.453917
8699,20220630,10012,38,10,0.00,0.00,Central Warehouse Inventory,2026-09-06T03:34:41.453917
8700,20220630,10013,50,10,0.00,0.00,Central Warehouse Inventory,2026-09-06T03:34:41.453917
8701,20220630,10014,56,10,0.00,0.00,Central Warehouse Inventory,2026-09-06T03:34:41.453917
8702,20220630,10015,35,10,0.00,0.00,Central Warehouse Inventory,2026-09-06T03:34:41.453917
8703,20220630,10016,59,10,0.00,0.00,Central Warehouse Inventory,2026-09-06T03:34:41.453917
8704,20220630,10017,53,10,0.00,0.00,Central Warehouse Inventory,2026-09-06T03:34:41.453917
8705,20220630,10018,57,10,0.00,0.00,Central Warehouse Inventory,2026-09-06T03:34:41.453917
8706,20220630,10019,3,10,0.00,0.00,Central Warehouse Inventory,2026-09-06T03:34:41.453917
8707,20220630,10020,4,10,0.00,0.00,Central Warehouse Inventory,2026-09-06T03:34:41.453917
8708,20220630,10021,4,10,0.00,0.00,Central Warehouse Inventory,2026-09-06T03:34:41.453917
8709,20220630,10022,3,10,0.00,0.00,Central Warehouse Inventory,2026-09-06T03:34:41.453917
8710,20220630,10023,6,10,0.00,0.00,Central Warehouse Inventory,2026-09-06T03:34:41.453917
8711,20220630,10024,4,10,0.00,0.00,Central Warehouse Inventory,2026-09-06T03:34:41.453917
8712,20220630,10025,4,10,0.00,0.00,Central Warehouse Inventory,2026-09-06T03:34:41.453917
8713,20220630,10026,10,10,0.00,0.00,Central Warehouse Inventory,2026-09-06T03:34:41.453917
8714,20220630,10027,15,10,0.00,0.00,Central Warehouse Inventory,2026-09-06T03:34:41.453917
8715,20220630,10028,37,10,0.00,0.00,Central Warehouse Inventory,2026-09-06T03:34:41.453917
8716,20220630,10029,6,10,0.00,0.00,Central Warehouse Inventory,2026-09-06T03:34:41.453917
8717,20220630,10030,4,10,0.00,0.00,Central Warehouse Inventory,2026-09-06T03:34:41.453917
8718,20220630,10031,5,10,0.00,0.00,Central Warehouse Inventory,2026-09-06T03:34:41.453917
8719,20220630,10032,2,10,0.00,0.00,Central Warehouse Inventory,2026-09-06T03:34:41.453917
8720,20220630,10033,3,10,0.00,0.00,Central Warehouse Inventory,2026-09-06T03:34:41.453917
8721,20220630,10034,3,10,0.00,0.00,Central Warehouse Inventory,2026-09-06T03:34:41.453917
8722,20220630,10035,9,10,0.00,0.00,Central Warehouse Inventory,2026-09-06T03:34:41.453917
8723,20220630,10036,3,10,0.00,0.00,Central Warehouse Inventory,2026-09-06T03:34:41.453917
8724,20220630,10037,16,10,0.00,0.00,Central Warehouse Inventory,2026-09-06T03:34:41.453917
8725,20220630,10038,3,10,0.00,0.00,Central Warehouse Inventory,2026-09-06T03:34:41.453917
8726,20220630,10039,3,10,0.00,0.00,Central Warehouse Inventory,2026-09-06T03:34:41.453917
8727,20220630,10040,7,10,0.00,0.00,Central Warehouse Inventory,2026-09-06T03:34:41.453917
8728,20220630,10041,5,10,0.00,0.00,Central Warehouse Inventory,2026-09-06T03:34:41.453917
8729,20220630,10042,34,10,0.00,0.00,Central Warehouse Inventory,2026-09-06T03:34:41.453917
8730,20220630,10043,5,10,0.00,0.00,Central Warehouse Inventory,2026-09-06T03:34:41.453917
8731,20220630,10044,23,10,0.00,0.00,Central Warehouse Inventory,2026-09-06T03:34:41.453917
8732,20220630,10045,56,10,0.00,0.00,Central Warehouse Inventory,2026-09-06T03:34:41.453917
8733,20220630,10046,6,10,0.00,0.00,Central Warehouse Inventory,2026-09-06T03:34:41.453917
8734,20220630,10047,19,10,0.00,0.00,Central Warehouse Inventory,2026-09-06T03:34:41.453917
8735,20220630,10048,30,10,0.00,0.00,Central Warehouse Inventory,2026-09-06T03:34:41.453917
8736,20220630,10049,34,10,0.00,0.00,Central Warehouse Inventory,2026-09-06T03:34:41.453917
8737,20220630,10050,13,10,0.00,0.00,Central Warehouse Inventory,2026-09-06T03:34:41.453917
8738,20220630,10051,38,10,0.00,0.00,Central Warehouse Inventory,2026-09-06T03:34:41.453917
8739,20220630,10052,11,10,0.00,0.00,Central Warehouse Inventory,2026-09-06T03:34:41.453917
8740,20220630,10053,6,10,0.00,0.00,Central Warehouse Inventory,2026-09-06T03:34:41.453917
8741,20220630,10054,32,10,0.00,0.00,Central Warehouse Inventory,2026-09-06T03:34:41.453917
8742,20220630,10055,42,10,0.00,0.00,Central Warehouse Inventory,2026-09-06T03:34:41.453917
8743,20220630,10056,50,10,0.00,0.00,Central Warehouse Inventory,2026-09-06T03:34:41.453917
8744,20220630,10057,25,10,0.00,0.00,Central Warehouse Inventory,2026-09-06T03:34:41.453917
8745,20220630,10058,51,10,0.00,0.00,Central Warehouse Inventory,2026-09-06T03:34:41.453917
8746,20220630,10059,41,10,0.00,0.00,Central Warehouse Inventory,2026-09-06T03:34:41.453917
8747,20220630,10060,30,10,0.00,0.00,Central Warehouse Inventory,2026-09-06T03:34:41.453917
8748,20220630,10061,73,10,0.00,0.00,Central Warehouse Inventory,2026-09-06T03:34:41.453917
8749,20220630,10062,87,10,0.00,0.00,Central Warehouse Inventory,2026-09-06T03:34:41.453917
8750,20220630,10063,42,10,0.00,0.00,Central Warehouse Inventory,2026-09-06T03:34:41.453917
8751,20220630,10064,82,10,0.00,0.00,Central Warehouse Inventory,2026-09-06T03:34:41.453917
8752,20220630,10065,23,10,0.00,0.00,Central Warehouse Inventory,2026-09-06T03:34:41.453917
8753,20220630,10066,54,10,0.00,0.00,Central Warehouse Inventory,2026-09-06T03:34:41.453917
8754,20220630,10067,25,10,0.00,0.00,Central Warehouse Inventory,2026-09-06T03:34:41.453917
8755,20220630,10068,0,10,0.00,0.00,Central Warehouse Inventory,2026-09-06T03:34:41.453917
8756,20220630,10069,2,10,0.00,0.00,Central Warehouse Inventory,2026-09-06T03:34:41.453917
8757,20220630,10070,13,10,0.00,0.00,Central Warehouse Inventory,2026-09-06T03:34:41.453917
8758,20220630,10071,3,10,0.00,0.00,Central Warehouse Inventory,2026-09-06T03:34:41.453917
8759,20220630,10072,3,10,0.00,0.00,Central Warehouse Inventory,2026-09-06T03:34:41.453917
8760,20220630,10073,3,10,0.00,0.00,Central Warehouse Inventory,2026-09-06T03:34:41.453917
8761,20220630,10074,12,10,0.00,0.00,Central Warehouse Inventory,2026-09-06T03:34:41.453917
8762,20220630,10075,3,10,0.00,0.00,Central Warehouse Inventory,2026-09-06T03:34:41.453917
8763,20220630,10076,2,10,0.00,0.00,Central Warehouse Inventory,2026-09-06T03:34:41.453917
8764,20220630,10077,17,10,0.00,0.00,Central Warehouse Inventory,2026-09-06T03:34:41.453917
8765,20220630,10078,4,10,0.00,0.00,Central Warehouse Inventory,2026-09-06T03:34:41.453917
8766,20220630,10079,14,10,0.00,0.00,Central Warehouse Inventory,2026-09-06T03:34:41.453917
8767,20220630,10080,3,10,0.00,0.00,Central Warehouse Inventory,2026-09-06T03:34:41.453917
8768,20220630,10081,3,10,0.00,0.00,Central Warehouse Inventory,2026-09-06T03:34:41.453917
8769,20220630,10082,2,10,0.00,0.00,Central Warehouse Inventory,2026-09-06T03:34:41.453917
8770,20220630,10083,2,10,0.00,0.00,Central Warehouse Inventory,2026-09-06T03:34:41.453917
8771,20220630,10084,1,10,0.00,0.00,Central Warehouse Inventory,2026-09-06T03:34:41.453917
8772,20220630,10085,3,10,0.00,0.00,Central Warehouse Inventory,2026-09-06T03:34:41.453917
8773,20220630,10086,3,10,0.00,0.00,Central Warehouse Inventory,2026-09-06T03:34:41.453917
8774,20220630,10087,11,10,0.00,0.00,Central Warehouse Inventory,2026-09-06T03:34:41.453917
8775,20220630,10088,16,10,0.00,0.00,Central Warehouse Inventory,2026-09-06T03:34:41.453917
8776,20220630,10089,2,10,0.00,0.00,Central Warehouse Inventory,2026-09-06T03:34:41.453917
8777,20220630,10090,1,10,0.00,0.00,Central Warehouse Inventory,2026-09-06T03:34:41.453917
8778,20220630,10091,18,10,0.00,0.00,Central Warehouse Inventory,2026-09-06T03:34:41.453917
8779,20220630,10092,1,10,0.00,0.00,Central Warehouse Inventory,2026-09-06T03:34:41.453917
8780,20220630,10093,14,10,0.00,0.00,Central Warehouse Inventory,2026-09-06T03:34:41.453917
8781,20220630,10094,2,10,0.00,0.00,Central Warehouse Inventory,2026-09-06T03:34:41.453917
8782,20220630,10095,4,10,0.00,0.00,Central Warehouse Inventory,2026-09-06T03:34:41.453917
8783,20220630,10096,4,10,0.00,0.00,Central Warehouse Inventory,2026-09-06T03:34:41.453917
8784,20220630,10097,12,10,0.00,0.00,Central Warehouse Inventory,2026-09-06T03:34:41.453917
8785,20220630,10098,32,10,0.00,0.00,Central Warehouse Inventory,2026-09-06T03:34:41.453917
8786,20220630,10099,10,10,0.00,0.00,Central Warehouse Inventory,2026-09-06T03:34:41.453917
8787,20220630,10100,30,10,0.00,0.00,Central Warehouse Inventory,2026-09-06T03:34:41.453917
8788,20220630,10101,13,10,0.00,0.00,Central Warehouse Inventory,2026-09-06T03:34:41.453917
8789,20220630,10102,6,10,0.00,0.00,Central Warehouse Inventory,2026-09-06T03:34:41.453917
8790,20220630,10103,5,10,0.00,0.00,Central Warehouse Inventory,2026-09-06T03:34:41.453917
8791,20220630,10104,5,10,0.00,0.00,Central Warehouse Inventory,2026-09-06T03:34:41.453917
8792,20220630,10105,13,10,0.00,0.00,Central Warehouse Inventory,2026-09-06T03:34:41.453917
8793,20220630,10106,1,10,0.00,0.00,Central Warehouse Inventory,2026-09-06T03:34:41.453917
8794,20220630,10107,15,10,0.00,0.00,Central Warehouse Inventory,2026-09-06T03:34:41.453917
8795,20220630,10108,6,10,0.00,0.00,Central Warehouse Inventory,2026-09-06T03:34:41.453917
8796,20220630,10109,7,10,0.00,0.00,Central Warehouse Inventory,2026-09-06T03:34:41.453917
8797,20220630,10110,0,10,0.00,0.00,Central Warehouse Inventory,2026-09-06T03:34:41.453917
8798,20220630,10111,2,10,0.00,0.00,Central Warehouse Inventory,2026-09-06T03:34:41.453917
8799,20220630,10112,1,10,0.00,0.00,Central Warehouse Inventory,2026-09-06T03:34:41.453917
8800,20220630,10113,0,10,0.00,0.00,Central Warehouse Inventory,2026-09-06T03:34:41.453917
8801,20220630,10114,6,10,0.00,0.00,Central Warehouse Inventory,2026-09-06T03:34:41.453917
8802,20220630,10115,0,10,0.00,0.00,Central Warehouse Inventory,2026-09-06T03:34:41.453917
8803,20220630,10116,0,10,0.00,0.00,Central Warehouse Inventory,2026-09-06T03:34:41.453917
8804,20220630,10117,0,10,0.00,0.00,Central Warehouse Inventory,2026-09-06T03:34:41.453917
8805,20220630,10118,0,10,0.00,0.00,Central Warehouse Inventory,2026-09-06T03:34:41.453917
8806,20220630,10119,4,10,0.00,0.00,Central Warehouse Inventory,2026-09-06T03:34:41.453917
8807,20220630,10120,3,10,0.00,0.00,Central Warehouse Inventory,2026-09-06T03:34:41.453917
8808,20220630,10121,7,10,0.00,0.00,Central Warehouse Inventory,2026-09-06T03:34:41.453917
8809,20220630,10122,2,10,0.00,0.00,Central Warehouse Inventory,2026-09-06T03:34:41.453917
8810,20220630,10123,4,10,0.00,0.00,Central Warehouse Inventory,2026-09-06T03:34:41.453917
8811,20220630,10124,3,10,0.00,0.00,Central Warehouse Inventory,2026-09-06T03:34:41.453917
8812,20220630,10125,6,10,0.00,0.00,Central Warehouse Inventory,2026-09-06T03:34:41.453917
8813,20220630,10126,13,10,0.00,0.00,Central Warehouse Inventory,2026-09-06T03:34:41.453917
8814,20220630,10127,2,10,0.00,0.00,Central Warehouse Inventory,2026-09-06T03:34:41.453917
8815,20220630,10128,4,10,0.00,0.00,Central Warehouse Inventory,2026-09-06T03:34:41.453917
8816,20220630,10129,8,10,0.00,0.00,Central Warehouse Inventory,2026-09-06T03:34:41.453917
8817,20220630,10130,1,10,0.00,0.00,Central Warehouse Inventory,2026-09-06T03:34:41.453917
8818,20220630,10131,7,10,0.00,0.00,Central Warehouse Inventory,2026-09-06T03:34:41.453917
8819,20220630,10132,3,10,0.00,0.00,Central Warehouse Inventory,2026-09-06T03:34:41.453917
8820,20220630,10133,8,10,0.00,0.00,Central Warehouse Inventory,2026-09-06T03:34:41.453917
8821,20220630,10134,2,10,0.00,0.00,Central Warehouse Inventory,2026-09-06T03:34:41.453917
8822,20220630,10135,13,10,0.00,0.00,Central Warehouse Inventory,2026-09-06T03:34:41.453917
8823,20220630,10136,3,10,0.00,0.00,Central Warehouse Inventory,2026-09-06T03:34:41.453917
8824,20220630,10137,4,10,0.00,0.00,Central Warehouse Inventory,2026-09-06T03:34:41.453917
8825,20220630,10138,33,10,0.00,0.00,Central Warehouse Inventory,2026-09-06T03:34:41.453917
8826,20220630,10139,33,10,0.00,0.00,Central Warehouse Inventory,2026-09-06T03:34:41.453917
8827,20220630,10140,11,10,0.00,0.00,Central Warehouse Inventory,2026-09-06T03:34:41.453917
8828,20220630,10141,31,10,0.00,0.00,Central Warehouse Inventory,2026-09-06T03:34:41.453917
8829,20220630,10142,14,10,0.00,0.00,Central Warehouse Inventory,2026-09-06T03:34:41.453917
8830,20220630,10143,3,10,0.00,0.00,Central Warehouse Inventory,2026-09-06T03:34:41.453917
8831,20220630,10144,28,10,0.00,0.00,Central Warehouse Inventory,2026-09-06T03:34:41.453917
8832,20220630,10145,39,10,0.00,0.00,Central Warehouse Inventory,2026-09-06T03:34:41.453917
8833,20220630,10146,20,10,0.00,0.00,Central Warehouse Inventory,2026-09-06T03:34:41.453917
8834,20220630,10147,10,10,0.00,0.00,Central Warehouse Inventory,2026-09-06T03:34:41.453917
8835,20220630,10148,23,10,0.00,0.00,Central Warehouse Inventory,2026-09-06T03:34:41.453917
8836,20220630,10149,0,10,0.00,0.00,Central Warehouse Inventory,2026-09-06T03:34:41.453917
8837,20220630,10150,4,10,0.00,0.00,Central Warehouse Inventory,2026-09-06T03:34:41.453917
8838,20220630,10151,4,10,0.00,0.00,Central Warehouse Inventory,2026-09-06T03:34:41.453917
8839,20220630,10152,42,10,0.00,0.00,Central Warehouse Inventory,2026-09-06T03:34:41.453917
8840,20220630,10153,40,10,0.00,0.00,Central Warehouse Inventory,2026-09-06T03:34:41.453917
8841,20220630,10154,55,10,0.00,0.00,Central Warehouse Inventory,2026-09-06T03:34:41.453917
8842,20220630,10155,40,10,0.00,0.00,Central Warehouse Inventory,2026-09-06T03:34:41.453917
8843,20220630,10156,64,10,0.00,0.00,Central Warehouse Inventory,2026-09-06T03:34:41.453917
8844,20220630,10157,46,10,0.00,0.00,Central Warehouse Inventory,2026-09-06T03:34:41.453917
8845,20220630,10158,33,10,0.00,0.00,Central Warehouse Inventory,2026-09-06T03:34:41.453917
8846,20220630,10159,51,10,0.00,0.00,Central Warehouse Inventory,2026-09-06T03:34:41.453917
8847,20220630,10160,47,10,0.00,0.00,Central Warehouse Inventory,2026-09-06T03:34:41.453917
8848,20220630,10161,61,10,0.00,0.00,Central Warehouse Inventory,2026-09-06T03:34:41.453917
8849,20220630,10162,38,10,0.00,0.00,Central Warehouse Inventory,2026-09-06T03:34:41.453917
8850,20220630,10163,66,10,0.00,0.00,Central Warehouse Inventory,2026-09-06T03:34:41.453917
8851,20220630,10164,55,10,0.00,0.00,Central Warehouse Inventory,2026-09-06T03:34:41.453917
8852,20220630,10165,52,10,0.00,0.00,Central Warehouse Inventory,2026-09-06T03:34:41.453917
8853,20220630,10166,53,10,0.00,0.00,Central Warehouse Inventory,2026-09-06T03:34:41.453917
8854,20220630,10167,41,10,0.00,0.00,Central Warehouse Inventory,2026-09-06T03:34:41.453917
8855,20220630,10168,34,10,0.00,0.00,Central Warehouse Inventory,2026-09-06T03:34:41.453917
8856,20220630,10169,38,10,0.00,0.00,Central Warehouse Inventory,2026-09-06T03:34:41.453917
8857,20220630,10170,22,10,0.00,0.00,Central Warehouse Inventory,2026-09-06T03:34:41.453917
8858,20220630,10171,40,10,0.00,0.00,Central Warehouse Inventory,2026-09-06T03:34:41.453917
8859,20220630,10172,23,10,0.00,0.00,Central Warehouse Inventory,2026-09-06T03:34:41.453917
8860,20220630,10173,8,10,0.00,0.00,Central Warehouse Inventory,2026-09-06T03:34:41.453917
8861,20220630,10174,4,10,0.00,0.00,Central Warehouse Inventory,2026-09-06T03:34:41.453917
8862,20220630,10175,8,10,0.00,0.00,Central Warehouse Inventory,2026-09-06T03:34:41.453917
8863,20220630,10176,7,10,0.00,0.00,Central Warehouse Inventory,2026-09-06T03:34:41.453917
8864,20220630,10177,14,10,0.00,0.00,Central Warehouse Inventory,2026-09-06T03:34:41.453917
8865,20220630,10178,39,10,0.00,0.00,Central Warehouse Inventory,2026-09-06T03:34:41.453917
8866,20220630,10179,11,10,0.00,0.00,Central Warehouse Inventory,2026-09-06T03:34:41.453917
8867,20220630,10180,9,10,0.00,0.00,Central Warehouse Inventory,2026-09-06T03:34:41.453917
8868,20220630,10181,10,10,0.00,0.00,Central Warehouse Inventory,2026-09-06T03:34:41.453917
8869,20220630,10182,11,10,0.00,0.00,Central Warehouse Inventory,2026-09-06T03:34:41.453917
8870,20220630,10183,27,10,0.00,0.00,Central Warehouse Inventory,2026-09-06T03:34:41.453917
8871,20220630,10184,11,10,0.00,0.00,Central Warehouse Inventory,2026-09-06T03:34:41.453917
8872,20220630,10185,46,10,0.00,0.00,Central Warehouse Inventory,2026-09-06T03:34:41.453917
8873,20220630,10186,30,10,0.00,0.00,Central Warehouse Inventory,2026-09-06T03:34:41.453917
8874,20220630,10187,1,10,0.00,0.00,Central Warehouse Inventory,2026-09-06T03:34:41.453917
8875,20220630,10188,2,10,0.00,0.00,Central Warehouse Inventory,2026-09-06T03:34:41.453917
8876,20220630,10189,2,10,0.00,0.00,Central Warehouse Inventory,2026-09-06T03:34:41.453917
8877,20220630,10190,2,10,0.00,0.00,Central Warehouse Inventory,2026-09-06T03:34:41.453917
8878,20220630,10191,3,10,0.00,0.00,Central Warehouse Inventory,2026-09-06T03:34:41.453917
8879,20220630,10192,5,10,0.00,0.00,Central Warehouse Inventory,2026-09-06T03:34:41.453917
8880,20220630,10193,3,10,0.00,0.00,Central Warehouse Inventory,2026-09-06T03:34:41.453917
8881,20220630,10194,1,10,0.00,0.00,Central Warehouse Inventory,2026-09-06T03:34:41.453917
8882,20220630,10195,3,10,0.00,0.00,Central Warehouse Inventory,2026-09-06T03:34:41.453917
8883,20220630,10196,1,10,0.00,0.00,Central Warehouse Inventory,2026-09-06T03:34:41.453917
8884,20220630,10197,3,10,0.00,0.00,Central Warehouse Inventory,2026-09-06T03:34:41.453917
8885,20220630,10198,1,10,0.00,0.00,Central Warehouse Inventory,2026-09-06T03:34:41.453917
8886,20220630,10199,5,10,0.00,0.00,Central Warehouse Inventory,2026-09-06T03:34:41.453917
8887,20220630,10200,2,10,0.00,0.00,Central Warehouse Inventory,2026-09-06T03:34:41.453917
8888,20220630,10201,3,10,0.00,0.00,Central Warehouse Inventory,2026-09-06T03:34:41.453917
8889,20220630,10202,5,10,0.00,0.00,Central Warehouse Inventory,2026-09-06T03:34:41.453917
8890,20220630,10203,9,10,0.00,0.00,Central Warehouse Inventory,2026-09-06T03:34:41.453917
8891,20220630,10204,2,10,0.00,0.00,Central Warehouse Inventory,2026-09-06T03:34:41.453917
8892,20220630,10205,11,10,0.00,0.00,Central Warehouse Inventory,2026-09-06T03:34:41.453917
8893,20220630,10206,2,10,0.00,0.00,Central Warehouse Inventory,2026-09-06T03:34:41.453917
8894,20220630,10207,6,10,0.00,0.00,Central Warehouse Inventory,2026-09-06T03:34:41.453917
8895,20220630,10208,4,10,0.00,0.00,Central Warehouse Inventory,2026-09-06T03:34:41.453917
8896,20220630,10209,3,10,0.00,0.00,Central Warehouse Inventory,2026-09-06T03:34:41.453917
8897,20220630,10210,42,10,0.00,0.00,Central Warehouse Inventory,2026-09-06T03:34:41.453917
8898,20220630,10211,3,10,0.00,0.00,Central Warehouse Inventory,2026-09-06T03:34:41.453917
8899,20220630,10212,48,10,0.00,0.00,Central Warehouse Inventory,2026-09-06T03:34:41.453917
8900,20220630,10213,7,10,0.00,0.00,Central Warehouse Inventory,2026-09-06T03:34:41.453917
8901,20220630,10214,5,10,0.00,0.00,Central Warehouse Inventory,2026-09-06T03:34:41.453917
8902,20220630,10215,9,10,0.00,0.00,Central Warehouse Inventory,2026-09-06T03:34:41.453917
8903,20220630,10216,6,10,0.00,0.00,Central Warehouse Inventory,2026-09-06T03:34:41.453917
8904,20220630,10217,48,10,0.00,0.00,Central Warehouse Inventory,2026-09-06T03:34:41.453917
8905,20220630,10218,11,10,0.00,0.00,Central Warehouse Inventory,2026-09-06T03:34:41.453917
8906,20220630,10219,57,10,0.00,0.00,Central Warehouse Inventory,2026-09-06T03:34:41.453917
8907,20220630,10220,8,10,0.00,0.00,Central Warehouse Inventory,2026-09-06T03:34:41.453917
8908,20220630,10221,5,10,0.00,0.00,Central Warehouse Inventory,2026-09-06T03:34:41.453917
8909,20220630,10222,5,10,0.00,0.00,Central Warehouse Inventory,2026-09-06T03:34:41.453917
8910,20220630,10223,3,10,0.00,0.00,Central Warehouse Inventory,2026-09-06T03:34:41.453917
8911,20220630,10224,26,10,0.00,0.00,Central Warehouse Inventory,2026-09-06T03:34:41.453917
8912,20220630,10225,3,10,0.00,0.00,Central Warehouse Inventory,2026-09-06T03:34:41.453917
8913,20220630,10226,35,10,0.00,0.00,Central Warehouse Inventory,2026-09-06T03:34:41.453917
8914,20220630,10227,8,10,0.00,0.00,Central Warehouse Inventory,2026-09-06T03:34:41.453917
8915,20220630,10228,2,10,0.00,0.00,Central Warehouse Inventory,2026-09-06T03:34:41.453917
8916,20220630,10229,4,10,0.00,0.00,Central Warehouse Inventory,2026-09-06T03:34:41.453917
8917,20220630,10230,2,10,0.00,0.00,Central Warehouse Inventory,2026-09-06T03:34:41.453917
8918,20220630,10231,26,10,0.00,0.00,Central Warehouse Inventory,2026-09-06T03:34:41.453917
8919,20220630,10232,3,10,0.00,0.00,Central Warehouse Inventory,2026-09-06T03:34:41.453917
8920,20220630,10233,43,10,0.00,0.00,Central Warehouse Inventory,2026-09-06T03:34:41.453917
8921,20220630,10234,2,10,0.00,0.00,Central Warehouse Inventory,2026-09-06T03:34:41.453917
8922,20220630,10235,3,10,0.00,0.00,Central Warehouse Inventory,2026-09-06T03:34:41.453917
8923,20220630,10236,0,10,0.00,0.00,Central Warehouse Inventory,2026-09-06T03:34:41.453917
8924,20220630,10237,0,10,0.00,0.00,Central Warehouse Inventory,2026-09-06T03:34:41.453917
8925,20220630,10238,0,10,0.00,0.00,Central Warehouse Inventory,2026-09-06T03:34:41.453917
8926,20220630,10239,2,10,0.00,0.00,Central Warehouse Inventory,2026-09-06T03:34:41.453917
8927,20220630,10240,0,10,0.00,0.00,Central Warehouse Inventory,2026-09-06T03:34:41.453917
8928,20220630,10241,1,10,0.00,0.00,Central Warehouse Inventory,2026-09-06T03:34:41.453917
8929,20220630,10242,2,10,0.00,0.00,Central Warehouse Inventory,2026-09-06T03:34:41.453917
8930,20220630,10243,2,10,0.00,0.00,Central Warehouse Inventory,2026-09-06T03:34:41.453917
8931,20220630,10244,3,10,0.00,0.00,Central Warehouse Inventory,2026-09-06T03:34:41.453917
8932,20220630,10245,32,10,0.00,0.00,Central Warehouse Inventory,2026-09-06T03:34:41.453917
8933,20220630,10246,4,10,0.00,0.00,Central Warehouse Inventory,2026-09-06T03:34:41.453917
8934,20220630,10247,49,10,0.00,0.00,Central Warehouse Inventory,2026-09-06T03:34:41.453917
8935,20220630,10248,5,10,0.00,0.00,Central Warehouse Inventory,2026-09-06T03:34:41.453917
8936,20220630,10249,2,10,0.00,0.00,Central Warehouse Inventory,2026-09-06T03:34:41.453917
8937,20220630,10250,2,10,0.00,0.00,Central Warehouse Inventory,2026-09-06T03:34:41.453917
8938,20220630,10251,68,10,0.00,0.00,Central Warehouse Inventory,2026-09-06T03:34:41.453917
8939,20220630,10252,61,10,0.00,0.00,Central Warehouse Inventory,2026-09-06T03:34:41.453917
8940,20220630,10253,65,10,0.00,0.00,Central Warehouse Inventory,2026-09-06T03:34:41.453917
8941,20220630,10254,38,10,0.00,0.00,Central Warehouse Inventory,2026-09-06T03:34:41.453917
8942,20220630,10255,88,10,0.00,0.00,Central Warehouse Inventory,2026-09-06T03:34:41.453917
8943,20220630,10256,60,10,0.00,0.00,Central Warehouse Inventory,2026-09-06T03:34:41.453917
8944,20220630,10257,3,10,0.00,0.00,Central Warehouse Inventory,2026-09-06T03:34:41.453917
8945,20220630,10258,6,10,0.00,0.00,Central Warehouse Inventory,2026-09-06T03:34:41.453917
8946,20220630,10259,5,10,0.00,0.00,Central Warehouse Inventory,2026-09-06T03:34:41.453917
8947,20220630,10260,4,10,0.00,0.00,Central Warehouse Inventory,2026-09-06T03:34:41.453917
8948,20220630,10261,4,10,0.00,0.00,Central Warehouse Inventory,2026-09-06T03:34:41.453917
8949,20220630,10262,2,10,0.00,0.00,Central Warehouse Inventory,2026-09-06T03:34:41.453917
8950,20220630,10263,2,10,0.00,0.00,Central Warehouse Inventory,2026-09-06T03:34:41.453917
8951,20220630,10264,3,10,0.00,0.00,Central Warehouse Inventory,2026-09-06T03:34:41.453917
8952,20220630,10265,4,10,0.00,0.00,Central Warehouse Inventory,2026-09-06T03:34:41.453917
8953,20220630,10266,6,10,0.00,0.00,Central Warehouse Inventory,2026-09-06T03:34:41.453917
8954,20220630,10267,3,10,0.00,0.00,Central Warehouse Inventory,2026-09-06T03:34:41.453917
8955,20220630,10268,6,10,0.00,0.00,Central Warehouse Inventory,2026-09-06T03:34:41.453917
8956,20220630,10269,2,10,0.00,0.00,Central Warehouse Inventory,2026-09-06T03:34:41.453917
8957,20220630,10270,4,10,0.00,0.00,Central Warehouse Inventory,2026-09-06T03:34:41.453917
8958,20220630,10271,2,10,0.00,0.00,Central Warehouse Inventory,2026-09-06T03:34:41.453917
8959,20220630,10272,1,10,0.00,0.00,Central Warehouse Inventory,2026-09-06T03:34:41.453917
8960,20220630,10273,4,10,0.00,0.00,Central Warehouse Inventory,2026-09-06T03:34:41.453917
8961,20220630,10274,3,10,0.00,0.00,Central Warehouse Inventory,2026-09-06T03:34:41.453917
8962,20220630,10275,4,10,0.00,0.00,Central Warehouse Inventory,2026-09-06T03:34:41.453917
8963,20220630,10276,14,10,0.00,0.00,Central Warehouse Inventory,2026-09-06T03:34:41.453917
8964,20220630,10277,31,10,0.00,0.00,Central Warehouse Inventory,2026-09-06T03:34:41.453917
8965,20220630,10278,44,10,0.00,0.00,Central Warehouse Inventory,2026-09-06T03:34:41.453917
8966,20220630,10279,46,10,0.00,0.00,Central Warehouse Inventory,2026-09-06T03:34:41.453917
8967,20220630,10280,78,10,0.00,0.00,Central Warehouse Inventory,2026-09-06T03:34:41.453917
8968,20220630,10281,45,10,0.00,0.00,Central Warehouse Inventory,2026-09-06T03:34:41.453917
8969,20220630,10282,59,10,0.00,0.00,Central Warehouse Inventory,2026-09-06T03:34:41.453917
8970,20220630,10283,38,10,0.00,0.00,Central Warehouse Inventory,2026-09-06T03:34:41.453917
8971,20220630,10284,31,10,0.00,0.00,Central Warehouse Inventory,2026-09-06T03:34:41.453917
8972,20220630,10285,9,10,0.00,0.00,Central Warehouse Inventory,2026-09-06T03:34:41.453917
8973,20220630,10286,11,10,0.00,0.00,Central Warehouse Inventory,2026-09-06T03:34:41.453917
8974,20220630,10287,60,10,0.00,0.00,Central Warehouse Inventory,2026-09-06T03:34:41.453917
8975,20220630,10288,5,10,0.00,0.00,Central Warehouse Inventory,2026-09-06T03:34:41.453917
8976,20220630,10289,59,10,0.00,0.00,Central Warehouse Inventory,2026-09-06T03:34:41.453917
8977,20220630,10290,26,10,0.00,0.00,Central Warehouse Inventory,2026-09-06T03:34:41.453917
8978,20220630,10291,14,10,0.00,0.00,Central Warehouse Inventory,2026-09-06T03:34:41.453917
8979,20220630,10292,2,10,0.00,0.00,Central Warehouse Inventory,2026-09-06T03:34:41.453917
8980,20220630,10293,8,10,0.00,0.00,Central Warehouse Inventory,2026-09-06T03:34:41.453917
8981,20220630,10294,3,10,0.00,0.00,Central Warehouse Inventory,2026-09-06T03:34:41.453917
8982,20220630,10295,3,10,0.00,0.00,Central Warehouse Inventory,2026-09-06T03:34:41.453917
8983,20220630,10296,6,10,0.00,0.00,Central Warehouse Inventory,2026-09-06T03:34:41.453917
8984,20220630,10297,3,10,0.00,0.00,Central Warehouse Inventory,2026-09-06T03:34:41.453917
8985,20220630,10298,2,10,0.00,0.00,Central Warehouse Inventory,2026-09-06T03:34:41.453917
8986,20220630,10299,2,10,0.00,0.00,Central Warehouse Inventory,2026-09-06T03:34:41.453917
8987,20220630,10300,4,10,0.00,0.00,Central Warehouse Inventory,2026-09-06T03:34:41.453917
8988,20220630,10301,14,10,0.00,0.00,Central Warehouse Inventory,2026-09-06T03:34:41.453917
8989,20220630,10302,6,10,0.00,0.00,Central Warehouse Inventory,2026-09-06T03:34:41.453917
8990,20220630,10303,12,10,0.00,0.00,Central Warehouse Inventory,2026-09-06T03:34:41.453917
8991,20220630,10304,6,10,0.00,0.00,Central Warehouse Inventory,2026-09-06T03:34:41.453917
8992,20220630,10305,4,10,0.00,0.00,Central Warehouse Inventory,2026-09-06T03:34:41.453917
8993,20220630,10306,14,10,0.00,0.00,Central Warehouse Inventory,2026-09-06T03:34:41.453917
8994,20220630,10307,48,10,0.00,0.00,Central Warehouse Inventory,2026-09-06T03:34:41.453917
8995,20220630,10308,73,10,0.00,0.00,Central Warehouse Inventory,2026-09-06T03:34:41.453917
8996,20220630,10309,38,10,0.00,0.00,Central Warehouse Inventory,2026-09-06T03:34:41.453917
8997,20220630,10310,57,10,0.00,0.00,Central Warehouse Inventory,2026-09-06T03:34:41.453917
8998,20220630,10311,53,10,0.00,0.00,Central Warehouse Inventory,2026-09-06T03:34:41.453917
8999,20220630,10312,26,10,0.00,0.00,Central Warehouse Inventory,2026-09-06T03:34:41.453917
9000,20220630,10313,2,10,0.00,0.00,Central Warehouse Inventory,2026-09-06T03:34:41.453917
9001,20220630,10314,7,10,0.00,0.00,Central Warehouse Inventory,2026-09-06T03:34:41.453917
9002,20220630,10315,14,10,0.00,0.00,Central Warehouse Inventory,2026-09-06T03:34:41.453917
9003,20220630,10316,2,10,0.00,0.00,Central Warehouse Inventory,2026-09-06T03:34:41.453917
9004,20220630,10317,37,10,0.00,0.00,Central Warehouse Inventory,2026-09-06T03:34:41.453917
9005,20220630,10318,8,10,0.00,0.00,Central Warehouse Inventory,2026-09-06T03:34:41.453917
9006,20220630,10319,24,10,0.00,0.00,Central Warehouse Inventory,2026-09-06T03:34:41.453917
9007,20220630,10320,6,10,0.00,0.00,Central Warehouse Inventory,2026-09-06T03:34:41.453917
9008,20220630,10321,8,10,0.00,0.00,Central Warehouse Inventory,2026-09-06T03:34:41.453917
9009,20220630,10322,28,10,0.00,0.00,Central Warehouse Inventory,2026-09-06T03:34:41.453917
9010,20220630,10323,8,10,0.00,0.00,Central Warehouse Inventory,2026-09-06T03:34:41.453917
9011,20220630,10324,61,10,0.00,0.00,Central Warehouse Inventory,2026-09-06T03:34:41.453917
9012,20220630,10325,10,10,0.00,0.00,Central Warehouse Inventory,2026-09-06T03:34:41.453917
9013,20220630,10326,10,10,0.00,0.00,Central Warehouse Inventory,2026-09-06T03:34:41.453917
9014,20220630,10327,44,10,0.00,0.00,Central Warehouse Inventory,2026-09-06T03:34:41.453917
9015,20220630,10328,56,10,0.00,0.00,Central Warehouse Inventory,2026-09-06T03:34:41.453917
9016,20220630,10329,51,10,0.00,0.00,Central Warehouse Inventory,2026-09-06T03:34:41.453917
9017,20220630,10330,35,10,0.00,0.00,Central Warehouse Inventory,2026-09-06T03:34:41.453917
9018,20220630,10331,48,10,0.00,0.00,Central Warehouse Inventory,2026-09-06T03:34:41.453917
9019,20220630,10332,53,10,0.00,0.00,Central Warehouse Inventory,2026-09-06T03:34:41.453917
9020,20220630,10333,43,10,0.00,0.00,Central Warehouse Inventory,2026-09-06T03:34:41.453917
9021,20220630,10334,44,10,0.00,0.00,Central Warehouse Inventory,2026-09-06T03:34:41.453917
9022,20220630,10335,61,10,0.00,0.00,Central Warehouse Inventory,2026-09-06T03:34:41.453917
9023,20220630,10336,67,10,0.00,0.00,Central Warehouse Inventory,2026-09-06T03:34:41.453917
9024,20220630,10337,55,10,0.00,0.00,Central Warehouse Inventory,2026-09-06T03:34:41.453917
9025,20220630,10338,52,10,0.00,0.00,Central Warehouse Inventory,2026-09-06T03:34:41.453917
9026,20220630,10339,49,10,0.00,0.00,Central Warehouse Inventory,2026-09-06T03:34:41.453917
9027,20220630,10340,43,10,0.00,0.00,Central Warehouse Inventory,2026-09-06T03:34:41.453917
9028,20220630,10341,8,10,0.00,0.00,Central Warehouse Inventory,2026-09-06T03:34:41.453917
9029,20220630,10342,6,10,0.00,0.00,Central Warehouse Inventory,2026-09-06T03:34:41.453917
9030,20220630,10343,38,10,0.00,0.00,Central Warehouse Inventory,2026-09-06T03:34:41.453917
9031,20220630,10344,17,10,0.00,0.00,Central Warehouse Inventory,2026-09-06T03:34:41.453917
9032,20220630,10345,22,10,0.00,0.00,Central Warehouse Inventory,2026-09-06T03:34:41.453917
9033,20220630,10346,29,10,0.00,0.00,Central Warehouse Inventory,2026-09-06T03:34:41.453917
9034,20220630,10347,53,10,0.00,0.00,Central Warehouse Inventory,2026-09-06T03:34:41.453917
9035,20220630,10348,19,10,0.00,0.00,Central Warehouse Inventory,2026-09-06T03:34:41.453917
9036,20220630,10349,2,10,0.00,0.00,Central Warehouse Inventory,2026-09-06T03:34:41.453917
9037,20220630,10350,52,10,0.00,0.00,Central Warehouse Inventory,2026-09-06T03:34:41.453917
9038,20220630,10351,16,10,0.00,0.00,Central Warehouse Inventory,2026-09-06T03:34:41.453917
9039,20220630,10352,42,10,0.00,0.00,Central Warehouse Inventory,2026-09-06T03:34:41.453917
9040,20220630,10353,33,10,0.00,0.00,Central Warehouse Inventory,2026-09-06T03:34:41.453917
9041,20220630,10354,3,10,0.00,0.00,Central Warehouse Inventory,2026-09-06T03:34:41.453917
9042,20220630,10355,75,10,0.00,0.00,Central Warehouse Inventory,2026-09-06T03:34:41.453917
9043,20220630,10356,64,10,0.00,0.00,Central Warehouse Inventory,2026-09-06T03:34:41.453917
9044,20220630,10357,81,10,0.00,0.00,Central Warehouse Inventory,2026-09-06T03:34:41.453917
9045,20220630,10358,73,10,0.00,0.00,Central Warehouse Inventory,2026-09-06T03:34:41.453917
9046,20220630,10359,65,10,0.00,0.00,Central Warehouse Inventory,2026-09-06T03:34:41.453917
9047,20220630,10360,74,10,0.00,0.00,Central Warehouse Inventory,2026-09-06T03:34:41.453917
9048,20220630,10361,57,10,0.00,0.00,Central Warehouse Inventory,2026-09-06T03:34:41.453917
9049,20220630,10362,23,10,0.00,0.00,Central Warehouse Inventory,2026-09-06T03:34:41.453917
9050,20220630,10363,35,10,0.00,0.00,Central Warehouse Inventory,2026-09-06T03:34:41.453917
9051,20220630,10364,36,10,0.00,0.00,Central Warehouse Inventory,2026-09-06T03:34:41.453917
9052,20220630,10365,31,10,0.00,0.00,Central Warehouse Inventory,2026-09-06T03:34:41.453917
9053,20220630,10366,42,10,0.00,0.00,Central Warehouse Inventory,2026-09-06T03:34:41.453917
9054,20220630,10367,37,10,0.00,0.00,Central Warehouse Inventory,2026-09-06T03:34:41.453917
9055,20220630,10368,36,10,0.00,0.00,Central Warehouse Inventory,2026-09-06T03:34:41.453917
9056,20220630,10369,8,10,0.00,0.00,Central Warehouse Inventory,2026-09-06T03:34:41.453917
9057,20220630,10370,6,10,0.00,0.00,Central Warehouse Inventory,2026-09-06T03:34:41.453917
9058,20220630,10371,21,10,0.00,0.00,Central Warehouse Inventory,2026-09-06T03:34:41.453917
9059,20220630,10372,11,10,0.00,0.00,Central Warehouse Inventory,2026-09-06T03:34:41.453917
9060,20220630,10373,7,10,0.00,0.00,Central Warehouse Inventory,2026-09-06T03:34:41.453917
9061,20220630,10374,22,10,0.00,0.00,Central Warehouse Inventory,2026-09-06T03:34:41.453917
9062,20220630,10375,13,10,0.00,0.00,Central Warehouse Inventory,2026-09-06T03:34:41.453917
9063,20220630,10376,45,10,0.00,0.00,Central Warehouse Inventory,2026-09-06T03:34:41.453917
9064,20220630,10377,46,10,0.00,0.00,Central Warehouse Inventory,2026-09-06T03:34:41.453917
9065,20220630,10378,59,10,0.00,0.00,Central Warehouse Inventory,2026-09-06T03:34:41.453917
9066,20220630,10379,27,10,0.00,0.00,Central Warehouse Inventory,2026-09-06T03:34:41.453917
9067,20220630,10380,48,10,0.00,0.00,Central Warehouse Inventory,2026-09-06T03:34:41.453917
9068,20220630,10381,45,10,0.00,0.00,Central Warehouse Inventory,2026-09-06T03:34:41.453917
9069,20220630,10382,34,10,0.00,0.00,Central Warehouse Inventory,2026-09-06T03:34:41.453917
9070,20220630,10383,31,10,0.00,0.00,Central Warehouse Inventory,2026-09-06T03:34:41.453917
9071,20220630,10384,42,10,0.00,0.00,Central Warehouse Inventory,2026-09-06T03:34:41.453917
9072,20220630,10385,60,10,0.00,0.00,Central Warehouse Inventory,2026-09-06T03:34:41.453917
9073,20220630,10386,34,10,0.00,0.00,Central Warehouse Inventory,2026-09-06T03:34:41.453917
9074,20220630,10387,49,10,0.00,0.00,Central Warehouse Inventory,2026-09-06T03:34:41.453917
9075,20220630,10388,56,10,0.00,0.00,Central Warehouse Inventory,2026-09-06T03:34:41.453917
9076,20220630,10389,34,10,0.00,0.00,Central Warehouse Inventory,2026-09-06T03:34:41.453917
9077,20220630,10390,53,10,0.00,0.00,Central Warehouse Inventory,2026-09-06T03:34:41.453917
9078,20220630,10391,68,10,0.00,0.00,Central Warehouse Inventory,2026-09-06T03:34:41.453917
9079,20220630,10392,98,10,0.00,0.00,Central Warehouse Inventory,2026-09-06T03:34:41.453917
9080,20220630,10393,96,10,0.00,0.00,Central Warehouse Inventory,2026-09-06T03:34:41.453917
9081,20220630,10394,56,10,0.00,0.00,Central Warehouse Inventory,2026-09-06T03:34:41.453917
9082,20220630,10395,94,10,0.00,0.00,Central Warehouse Inventory,2026-09-06T03:34:41.453917
9083,20220630,10396,70,10,0.00,0.00,Central Warehouse Inventory,2026-09-06T03:34:41.453917
9084,20220630,10397,89,10,0.00,0.00,Central Warehouse Inventory,2026-09-06T03:34:41.453917
9085,20220630,10398,83,10,0.00,0.00,Central Warehouse Inventory,2026-09-06T03:34:41.453917
9086,20220630,10399,88,10,0.00,0.00,Central Warehouse Inventory,2026-09-06T03:34:41.453917
9087,20220630,10400,91,10,0.00,0.00,Central Warehouse Inventory,2026-09-06T03:34:41.453917
9088,20220630,10401,50,10,0.00,0.00,Central Warehouse Inventory,2026-09-06T03:34:41.453917
9089,20220630,10402,91,10,0.00,0.00,Central Warehouse Inventory,2026-09-06T03:34:41.453917
9090,20220630,10403,69,10,0.00,0.00,Central Warehouse Inventory,2026-09-06T03:34:41.453917
9091,20220630,10404,50,10,0.00,0.00,Central Warehouse Inventory,2026-09-06T03:34:41.453917
9092,20220630,10405,44,10,0.00,0.00,Central Warehouse Inventory,2026-09-06T03:34:41.453917
9093,20220630,10406,61,10,0.00,0.00,Central Warehouse Inventory,2026-09-06T03:34:41.453917
9094,20220630,10407,31,10,0.00,0.00,Central Warehouse Inventory,2026-09-06T03:34:41.453917
9095,20220630,10408,54,10,0.00,0.00,Central Warehouse Inventory,2026-09-06T03:34:41.453917
9096,20220630,10409,43,10,0.00,0.00,Central Warehouse Inventory,2026-09-06T03:34:41.453917
9097,20220630,10410,42,10,0.00,0.00,Central Warehouse Inventory,2026-09-06T03:34:41.453917
9098,20220630,10411,22,10,0.00,0.00,Central Warehouse Inventory,2026-09-06T03:34:41.453917
9099,20220630,10412,20,10,0.00,0.00,Central Warehouse Inventory,2026-09-06T03:34:41.453917
9100,20220630,10413,45,10,0.00,0.00,Central Warehouse Inventory,2026-09-06T03:34:41.453917
9101,20220630,10414,40,10,0.00,0.00,Central Warehouse Inventory,2026-09-06T03:34:41.453917
9102,20220630,10415,52,10,0.00,0.00,Central Warehouse Inventory,2026-09-06T03:34:41.453917
9103,20220630,10416,32,10,0.00,0.00,Central Warehouse Inventory,2026-09-06T03:34:41.453917
9104,20220630,10417,37,10,0.00,0.00,Central Warehouse Inventory,2026-09-06T03:34:41.453917
9105,20220630,10418,34,10,0.00,0.00,Central Warehouse Inventory,2026-09-06T03:34:41.453917
9106,20220630,10419,14,10,0.00,0.00,Central Warehouse Inventory,2026-09-06T03:34:41.453917
9107,20220630,10420,21,10,0.00,0.00,Central Warehouse Inventory,2026-09-06T03:34:41.453917
9108,20220630,10421,22,10,0.00,0.00,Central Warehouse Inventory,2026-09-06T03:34:41.453917
9109,20220630,10422,41,10,0.00,0.00,Central Warehouse Inventory,2026-09-06T03:34:41.453917
9110,20220630,10423,36,10,0.00,0.00,Central Warehouse Inventory,2026-09-06T03:34:41.453917
9111,20220630,10424,7,10,0.00,0.00,Central Warehouse Inventory,2026-09-06T03:34:41.453917
9112,20220630,10425,72,10,0.00,0.00,Central Warehouse Inventory,2026-09-06T03:34:41.453917
9113,20220630,10426,77,10,0.00,0.00,Central Warehouse Inventory,2026-09-06T03:34:41.453917
9114,20220630,10427,75,10,0.00,0.00,Central Warehouse Inventory,2026-09-06T03:34:41.453917
9115,20220630,10428,70,10,0.00,0.00,Central Warehouse Inventory,2026-09-06T03:34:41.453917
9116,20220630,10429,69,10,0.00,0.00,Central Warehouse Inventory,2026-09-06T03:34:41.453917
9117,20220630,10430,72,10,0.00,0.00,Central Warehouse Inventory,2026-09-06T03:34:41.453917
9118,20220630,10431,67,10,0.00,0.00,Central Warehouse Inventory,2026-09-06T03:34:41.453917
9119,20220630,10432,66,10,0.00,0.00,Central Warehouse Inventory,2026-09-06T03:34:41.453917
9120,20220630,10433,69,10,0.00,0.00,Central Warehouse Inventory,2026-09-06T03:34:41.453917
9121,20220630,10434,68,10,0.00,0.00,Central Warehouse Inventory,2026-09-06T03:34:41.453917
9122,20220630,10435,66,10,0.00,0.00,Central Warehouse Inventory,2026-09-06T03:34:41.453917
9123,20220630,10436,62,10,0.00,0.00,Central Warehouse Inventory,2026-09-06T03:34:41.453917
9124,20220630,10437,64,10,0.00,0.00,Central Warehouse Inventory,2026-09-06T03:34:41.453917
9125,20220630,10438,61,10,0.00,0.00,Central Warehouse Inventory,2026-09-06T03:34:41.453917
9126,20220630,10439,65,10,0.00,0.00,Central Warehouse Inventory,2026-09-06T03:34:41.453917
9127,20220630,10440,66,10,0.00,0.00,Central Warehouse Inventory,2026-09-06T03:34:41.453917
9128,20220630,10441,64,10,0.00,0.00,Central Warehouse Inventory,2026-09-06T03:34:41.453917
9129,20220630,10442,66,10,0.00,0.00,Central Warehouse Inventory,2026-09-06T03:34:41.453917
9130,20220630,10443,60,10,0.00,0.00,Central Warehouse Inventory,2026-09-06T03:34:41.453917
9131,20220630,10444,35,10,0.00,0.00,Central Warehouse Inventory,2026-09-06T03:34:41.453917
9132,20220630,10445,53,10,0.00,0.00,Central Warehouse Inventory,2026-09-06T03:34:41.453917
9133,20220630,10446,26,10,0.00,0.00,Central Warehouse Inventory,2026-09-06T03:34:41.453917
9134,20220630,10447,49,10,0.00,0.00,Central Warehouse Inventory,2026-09-06T03:34:41.453917
9135,20220630,10448,51,10,0.00,0.00,Central Warehouse Inventory,2026-09-06T03:34:41.453917
9136,20220630,10449,29,10,0.00,0.00,Central Warehouse Inventory,2026-09-06T03:34:41.453917
9137,20220630,10450,45,10,0.00,0.00,Central Warehouse Inventory,2026-09-06T03:34:41.453917
9138,20220630,10451,44,10,0.00,0.00,Central Warehouse Inventory,2026-09-06T03:34:41.453917
9139,20220630,10452,43,10,0.00,0.00,Central Warehouse Inventory,2026-09-06T03:34:41.453917
9140,20220630,10453,28,10,0.00,0.00,Central Warehouse Inventory,2026-09-06T03:34:41.453917
9141,20220630,10454,34,10,0.00,0.00,Central Warehouse Inventory,2026-09-06T03:34:41.453917
9142,20220630,10455,44,10,0.00,0.00,Central Warehouse Inventory,2026-09-06T03:34:41.453917
9143,20220630,10456,44,10,0.00,0.00,Central Warehouse Inventory,2026-09-06T03:34:41.453917
9144,20220630,10457,17,10,0.00,0.00,Central Warehouse Inventory,2026-09-06T03:34:41.453917
9145,20220630,10458,12,10,0.00,0.00,Central Warehouse Inventory,2026-09-06T03:34:41.453917
9146,20220630,10459,17,10,0.00,0.00,Central Warehouse Inventory,2026-09-06T03:34:41.453917
9147,20220630,10460,61,10,0.00,0.00,Central Warehouse Inventory,2026-09-06T03:34:41.453917
9148,20220630,10461,59,10,0.00,0.00,Central Warehouse Inventory,2026-09-06T03:34:41.453917
9149,20220630,10462,75,10,0.00,0.00,Central Warehouse Inventory,2026-09-06T03:34:41.453917
9150,20220630,10463,38,10,0.00,0.00,Central Warehouse Inventory,2026-09-06T03:34:41.453917
9151,20220630,10464,40,10,0.00,0.00,Central Warehouse Inventory,2026-09-06T03:34:41.453917
9152,20220630,10465,76,10,0.00,0.00,Central Warehouse Inventory,2026-09-06T03:34:41.453917
9153,20220630,10466,40,10,0.00,0.00,Central Warehouse Inventory,2026-09-06T03:34:41.453917
9154,20220630,10467,17,10,0.00,0.00,Central Warehouse Inventory,2026-09-06T03:34:41.453917
9155,20220630,10468,40,10,0.00,0.00,Central Warehouse Inventory,2026-09-06T03:34:41.453917
9156,20220630,10469,77,10,0.00,0.00,Central Warehouse Inventory,2026-09-06T03:34:41.453917
9157,20220630,10470,38,10,0.00,0.00,Central Warehouse Inventory,2026-09-06T03:34:41.453917
9158,20220630,10471,39,10,0.00,0.00,Central Warehouse Inventory,2026-09-06T03:34:41.453917
9159,20220630,10472,38,10,0.00,0.00,Central Warehouse Inventory,2026-09-06T03:34:41.453917
9160,20220630,10473,40,10,0.00,0.00,Central Warehouse Inventory,2026-09-06T03:34:41.453917
9161,20220630,10474,51,10,0.00,0.00,Central Warehouse Inventory,2026-09-06T03:34:41.453917
9162,20220630,10475,79,10,0.00,0.00,Central Warehouse Inventory,2026-09-06T03:34:41.453917
9163,20220630,10476,59,10,0.00,0.00,Central Warehouse Inventory,2026-09-06T03:34:41.453917
9164,20220630,10477,60,10,0.00,0.00,Central Warehouse Inventory,2026-09-06T03:34:41.453917
9165,20220630,10478,62,10,0.00,0.00,Central Warehouse Inventory,2026-09-06T03:34:41.453917
9166,20220630,10479,60,10,0.00,0.00,Central Warehouse Inventory,2026-09-06T03:34:41.453917
9167,20220630,10480,65,10,0.00,0.00,Central Warehouse Inventory,2026-09-06T03:34:41.453917
9168,20220630,10481,35,10,0.00,0.00,Central Warehouse Inventory,2026-09-06T03:34:41.453917
9169,20220630,10482,35,10,0.00,0.00,Central Warehouse Inventory,2026-09-06T03:34:41.453917
9170,20220630,10483,35,10,0.00,0.00,Central Warehouse Inventory,2026-09-06T03:34:41.453917
9171,20220630,10484,33,10,0.00,0.00,Central Warehouse Inventory,2026-09-06T03:34:41.453917
9172,20220630,10485,40,10,0.00,0.00,Central Warehouse Inventory,2026-09-06T03:34:41.453917
9173,20220630,10486,76,10,0.00,0.00,Central Warehouse Inventory,2026-09-06T03:34:41.453917
9174,20220630,10487,61,10,0.00,0.00,Central Warehouse Inventory,2026-09-06T03:34:41.453917
9175,20220630,10488,74,10,0.00,0.00,Central Warehouse Inventory,2026-09-06T03:34:41.453917
9176,20220630,10489,73,10,0.00,0.00,Central Warehouse Inventory,2026-09-06T03:34:41.453917
9177,20220630,10490,73,10,0.00,0.00,Central Warehouse Inventory,2026-09-06T03:34:41.453917
9178,20220630,10491,74,10,0.00,0.00,Central Warehouse Inventory,2026-09-06T03:34:41.453917
9179,20220630,10492,57,10,0.00,0.00,Central Warehouse Inventory,2026-09-06T03:34:41.453917
9180,20220630,10493,74,10,0.00,0.00,Central Warehouse Inventory,2026-09-06T03:34:41.453917
9181,20220630,10494,57,10,0.00,0.00,Central Warehouse Inventory,2026-09-06T03:34:41.453917
9182,20220630,10495,67,10,0.00,0.00,Central Warehouse Inventory,2026-09-06T03:34:41.453917
9183,20220630,10496,60,10,0.00,0.00,Central Warehouse Inventory,2026-09-06T03:34:41.453917
9184,20220630,10497,44,10,0.00,0.00,Central Warehouse Inventory,2026-09-06T03:34:41.453917
9185,20220630,10498,58,10,0.00,0.00,Central Warehouse Inventory,2026-09-06T03:34:41.453917
9186,20220630,10499,20,10,0.00,0.00,Central Warehouse Inventory,2026-09-06T03:34:41.453917
9187,20220630,10500,66,10,0.00,0.00,Central Warehouse Inventory,2026-09-06T03:34:41.453917
9188,20220630,10501,40,10,0.00,0.00,Central Warehouse Inventory,2026-09-06T03:34:41.453917
1,20220630,1332,0,10,0.00,0.00,Central Warehouse Inventory,2026-09-06T03:34:41.453917
2,20220630,1332,0,10,0.00,0.00,Central Warehouse Inventory,2026-09-06T03:34:41.453917
3,20220630,1332,0,10,0.00,0.00,Central Warehouse Inventory,2026-09-06T03:34:41.453917
4,20220630,1332,0,10,0.00,0.00,Central Warehouse Inventory,2026-09-06T03:34:41.453917
5,20220630,1332,0,10,0.00,0.00,Central Warehouse Inventory,2026-09-06T03:34:41.453917
6,20220630,1332,0,10,0.00,0.00,Central Warehouse Inventory,2026-09-06T03:34:41.453917
7,20220630,1332,0,10,0.00,0.00,Central Warehouse Inventory,2026-09-06T03:34:41.453917
8,20220630,1332,0,10,0.00,0.00,Central Warehouse Inventory,2026-09-06T03:34:41.453917
9,20220630,1332,0,10,0.00,0.00,Central Warehouse Inventory,2026-09-06T03:34:41.453917
10,20220630,1332,0,10,0.00,0.00,Central Warehouse Inventory,2026-09-06T03:34:41.453917
11,20220630,1332,1,10,0.00,0.00,Central Warehouse Inventory,2026-09-06T03:34:41.453917
12,20220630,1332,0,10,0.00,0.00,Central Warehouse Inventory,2026-09-06T03:34:41.453917
13,20220630,1332,0,10,0.00,0.00,Central Warehouse Inventory,2026-09-06T03:34:41.453917
14,20220630,1332,0,10,0.00,0.00,Central Warehouse Inventory,2026-09-06T03:34:41.453917
15,20220630,1332,0,10,0.00,0.00,Central Warehouse Inventory,2026-09-06T03:34:41.453917
16,20220630,1333,5,10,0.00,0.00,Central Warehouse Inventory,2026-09-06T03:34:41.453917
17,20220630,1334,5,10,0.00,0.00,Central Warehouse Inventory,2026-09-06T03:34:41.453917
18,20220630,1335,3,10,0.00,0.00,Central Warehouse Inventory,2026-09-06T03:34:41.453917
19,20220630,1336,6,10,0.00,0.00,Central Warehouse Inventory,2026-09-06T03:34:41.453917
20,20220630,1337,3,10,0.00,0.00,Central Warehouse Inventory,2026-09-06T03:34:41.453917
21,20220630,1338,11,10,0.00,0.00,Central Warehouse Inventory,2026-09-06T03:34:41.453917
22,20220630,1339,3,10,0.00,0.00,Central Warehouse Inventory,2026-09-06T03:34:41.453917
23,20220630,1340,16,10,0.00,0.00,Central Warehouse Inventory,2026-09-06T03:34:41.453917
24,20220630,1341,8,10,0.00,0.00,Central Warehouse Inventory,2026-09-06T03:34:41.453917
25,20220630,1342,14,10,0.00,0.00,Central Warehouse Inventory,2026-09-06T03:34:41.453917
26,20220630,1343,1,10,0.00,0.00,Central Warehouse Inventory,2026-09-06T03:34:41.453917
27,20220630,1344,2,10,0.00,0.00,Central Warehouse Inventory,2026-09-06T03:34:41.453917
28,20220630,1345,2,10,0.00,0.00,Central Warehouse Inventory,2026-09-06T03:34:41.453917
29,20220630,1346,2,10,0.00,0.00,Central Warehouse Inventory,2026-09-06T03:34:41.453917
30,20220630,1347,3,10,0.00,0.00,Central Warehouse Inventory,2026-09-06T03:34:41.453917
31,20220630,1348,10,10,0.00,0.00,Central Warehouse Inventory,2026-09-06T03:34:41.453917
32,20220630,1349,4,10,0.00,0.00,Central Warehouse Inventory,2026-09-06T03:34:41.453917
33,20220630,1350,6,10,0.00,0.00,Central Warehouse Inventory,2026-09-06T03:34:41.453917
34,20220630,1351,3,10,0.00,0.00,Central Warehouse Inventory,2026-09-06T03:34:41.453917
35,20220630,1352,5,10,0.00,0.00,Central Warehouse Inventory,2026-09-06T03:34:41.453917
36,20220630,1353,9,10,0.00,0.00,Central Warehouse Inventory,2026-09-06T03:34:41.453917
37,20220630,1354,7,10,0.00,0.00,Central Warehouse Inventory,2026-09-06T03:34:41.453917
38,20220630,1355,6,10,0.00,0.00,Central Warehouse Inventory,2026-09-06T03:34:41.453917
39,20220630,1356,7,10,0.00,0.00,Central Warehouse Inventory,2026-09-06T03:34:41.453917
40,20220630,1357,13,10,0.00,0.00,Central Warehouse Inventory,2026-09-06T03:34:41.453917
41,20220630,1358,10,10,0.00,0.00,Central Warehouse Inventory,2026-09-06T03:34:41.453917
42,20220630,1359,13,10,0.00,0.00,Central Warehouse Inventory,2026-09-06T03:34:41.453917
43,20220630,1360,13,10,0.00,0.00,Central Warehouse Inventory,2026-09-06T03:34:41.453917
44,20220630,1361,15,10,0.00,0.00,Central Warehouse Inventory,2026-09-06T03:34:41.453917
45,20220630,1362,13,10,0.00,0.00,Central Warehouse Inventory,2026-09-06T03:34:41.453917
46,20220630,1363,4,10,0.00,0.00,Central Warehouse Inventory,2026-09-06T03:34:41.453917
47,20220630,1364,2,10,0.00,0.00,Central Warehouse Inventory,2026-09-06T03:34:41.453917
48,20220630,1365,4,10,0.00,0.00,Central Warehouse Inventory,2026-09-06T03:34:41.453917
49,20220630,1366,1,10,0.00,0.00,Central Warehouse Inventory,2026-09-06T03:34:41.453917
50,20220630,1367,2,10,0.00,0.00,Central Warehouse Inventory,2026-09-06T03:34:41.453917
51,20220630,1368,18,10,0.00,0.00,Central Warehouse Inventory,2026-09-06T03:34:41.453917
52,20220630,1369,5,10,0.00,0.00,Central Warehouse Inventory,2026-09-06T03:34:41.453917
53,20220630,1370,23,10,0.00,0.00,Central Warehouse Inventory,2026-09-06T03:34:41.453917
54,20220630,1371,21,10,0.00,0.00,Central Warehouse Inventory,2026-09-06T03:34:41.453917
55,20220630,1372,17,10,0.00,0.00,Central Warehouse Inventory,2026-09-06T03:34:41.453917
56,20220630,1373,4,10,0.00,0.00,Central Warehouse Inventory,2026-09-06T03:34:41.453917
57,20220630,1374,7,10,0.00,0.00,Central Warehouse Inventory,2026-09-06T03:34:41.453917
58,20220630,1375,4,10,0.00,0.00,Central Warehouse Inventory,2026-09-06T03:34:41.453917
59,20220630,1376,3,10,0.00,0.00,Central Warehouse Inventory,2026-09-06T03:34:41.453917
60,20220630,1377,3,10,0.00,0.00,Central Warehouse Inventory,2026-09-06T03:34:41.453917
61,20220630,1378,5,10,0.00,0.00,Central Warehouse Inventory,2026-09-06T03:34:41.453917
62,20220630,1379,3,10,0.00,0.00,Central Warehouse Inventory,2026-09-06T03:34:41.453917
63,20220630,1380,4,10,0.00,0.00,Central Warehouse Inventory,2026-09-06T03:34:41.453917
64,20220630,1381,2,10,0.00,0.00,Central Warehouse Inventory,2026-09-06T03:34:41.453917
65,20220630,1382,2,10,0.00,0.00,Central Warehouse Inventory,2026-09-06T03:34:41.453917
66,20220630,1383,2,10,0.00,0.00,Central Warehouse Inventory,2026-09-06T03:34:41.453917
67,20220630,1384,1,10,0.00,0.00,Central Warehouse Inventory,2026-09-06T03:34:41.453917
68,20220630,1385,7,10,0.00,0.00,Central Warehouse Inventory,2026-09-06T03:34:41.453917
69,20220630,1386,3,10,0.00,0.00,Central Warehouse Inventory,2026-09-06T03:34:41.453917
70,20220630,1387,3,10,0.00,0.00,Central Warehouse Inventory,2026-09-06T03:34:41.453917
71,20220630,1388,11,10,0.00,0.00,Central Warehouse Inventory,2026-09-06T03:34:41.453917
72,20220630,1389,8,10,0.00,0.00,Central Warehouse Inventory,2026-09-06T03:34:41.453917
73,20220630,1390,13,10,0.00,0.00,Central Warehouse Inventory,2026-09-06T03:34:41.453917
74,20220630,1391,21,10,0.00,0.00,Central Warehouse Inventory,2026-09-06T03:34:41.453917
75,20220630,1392,12,10,0.00,0.00,Central Warehouse Inventory,2026-09-06T03:34:41.453917
76,20220630,1393,2,10,0.00,0.00,Central Warehouse Inventory,2026-09-06T03:34:41.453917
77,20220630,1394,7,10,0.00,0.00,Central Warehouse Inventory,2026-09-06T03:34:41.453917
78,20220630,1395,8,10,0.00,0.00,Central Warehouse Inventory,2026-09-06T03:34:41.453917
79,20220630,1396,6,10,0.00,0.00,Central Warehouse Inventory,2026-09-06T03:34:41.453917
80,20220630,1397,8,10,0.00,0.00,Central Warehouse Inventory,2026-09-06T03:34:41.453917
81,20220630,1398,33,10,0.00,0.00,Central Warehouse Inventory,2026-09-06T03:34:41.453917
82,20220630,1399,117,10,0.00,0.00,Central Warehouse Inventory,2026-09-06T03:34:41.453917
83,20220630,1400,38,10,0.00,0.00,Central Warehouse Inventory,2026-09-06T03:34:41.453917
84,20220630,1401,16,10,0.00,0.00,Central Warehouse Inventory,2026-09-06T03:34:41.453917
85,20220630,1402,112,10,0.00,0.00,Central Warehouse Inventory,2026-09-06T03:34:41.453917
86,20220630,1403,56,10,0.00,0.00,Central Warehouse Inventory,2026-09-06T03:34:41.453917
87,20220630,1404,35,10,0.00,0.00,Central Warehouse Inventory,2026-09-06T03:34:41.453917
88,20220630,1405,575,10,0.00,0.00,Central Warehouse Inventory,2026-09-06T03:34:41.453917
89,20220630,1406,75,10,0.00,0.00,Central Warehouse Inventory,2026-09-06T03:34:41.453917
90,20220630,1407,2,10,0.00,0.00,Central Warehouse Inventory,2026-09-06T03:34:41.453917
91,20220630,1408,22,10,0.00,0.00,Central Warehouse Inventory,2026-09-06T03:34:41.453917
92,20220630,1409,399,10,0.00,0.00,Central Warehouse Inventory,2026-09-06T03:34:41.453917
93,20220630,1410,73,10,0.00,0.00,Central Warehouse Inventory,2026-09-06T03:34:41.453917
94,20220630,1411,14,10,0.00,0.00,Central Warehouse Inventory,2026-09-06T03:34:41.453917
95,20220630,1412,24,10,0.00,0.00,Central Warehouse Inventory,2026-09-06T03:34:41.453917
96,20220630,1413,208,10,0.00,0.00,Central Warehouse Inventory,2026-09-06T03:34:41.453917
97,20220630,1414,39,10,0.00,0.00,Central Warehouse Inventory,2026-09-06T03:34:41.453917
98,20220630,1415,76,10,0.00,0.00,Central Warehouse Inventory,2026-09-06T03:34:41.453917
99,20220630,1416,38,10,0.00,0.00,Central Warehouse Inventory,2026-09-06T03:34:41.453917
100,20220630,1417,628,10,0.00,0.00,Central Warehouse Inventory,2026-09-06T03:34:41.453917
101,20220630,1418,106,10,0.00,0.00,Central Warehouse Inventory,2026-09-06T03:34:41.453917
102,20220630,1419,50,10,0.00,0.00,Central Warehouse Inventory,2026-09-06T03:34:41.453917
103,20220630,1420,103,10,0.00,0.00,Central Warehouse Inventory,2026-09-06T03:34:41.453917
104,20220630,1421,199,10,0.00,0.00,Central Warehouse Inventory,2026-09-06T03:34:41.453917
105,20220630,1422,98,10,0.00,0.00,Central Warehouse Inventory,2026-09-06T03:34:41.453917
106,20220630,1423,201,10,0.00,0.00,Central Warehouse Inventory,2026-09-06T03:34:41.453917
107,20220630,1424,10,10,0.00,0.00,Central Warehouse Inventory,2026-09-06T03:34:41.453917
108,20220630,1425,8,10,0.00,0.00,Central Warehouse Inventory,2026-09-06T03:34:41.453917
109,20220630,1426,31,10,0.00,0.00,Central Warehouse Inventory,2026-09-06T03:34:41.453917
110,20220630,1427,448,10,0.00,0.00,Central Warehouse Inventory,2026-09-06T03:34:41.453917
111,20220630,1428,45,10,0.00,0.00,Central Warehouse Inventory,2026-09-06T03:34:41.453917
112,20220630,1429,31,10,0.00,0.00,Central Warehouse Inventory,2026-09-06T03:34:41.453917
113,20220630,1430,30,10,0.00,0.00,Central Warehouse Inventory,2026-09-06T03:34:41.453917
114,20220630,1431,23,10,0.00,0.00,Central Warehouse Inventory,2026-09-06T03:34:41.453917
115,20220630,1432,63,10,0.00,0.00,Central Warehouse Inventory,2026-09-06T03:34:41.453917
116,20220630,1433,42,10,0.00,0.00,Central Warehouse Inventory,2026-09-06T03:34:41.453917
117,20220630,1434,20,10,0.00,0.00,Central Warehouse Inventory,2026-09-06T03:34:41.453917
118,20220630,1435,68,10,0.00,0.00,Central Warehouse Inventory,2026-09-06T03:34:41.453917
119,20220630,1436,23,10,0.00,0.00,Central Warehouse Inventory,2026-09-06T03:34:41.453917
120,20220630,1437,114,10,0.00,0.00,Central Warehouse Inventory,2026-09-06T03:34:41.453917
121,20220630,1438,20,10,0.00,0.00,Central Warehouse Inventory,2026-09-06T03:34:41.453917
122,20220630,1439,49,10,0.00,0.00,Central Warehouse Inventory,2026-09-06T03:34:41.453917
123,20220630,1440,488,10,0.00,0.00,Central Warehouse Inventory,2026-09-06T03:34:41.453917
124,20220630,1441,48,10,0.00,0.00,Central Warehouse Inventory,2026-09-06T03:34:41.453917
125,20220630,1442,17,10,0.00,0.00,Central Warehouse Inventory,2026-09-06T03:34:41.453917
126,20220630,1443,7,10,0.00,0.00,Central Warehouse Inventory,2026-09-06T03:34:41.453917
127,20220630,1444,21,10,0.00,0.00,Central Warehouse Inventory,2026-09-06T03:34:41.453917
128,20220630,1445,8,10,0.00,0.00,Central Warehouse Inventory,2026-09-06T03:34:41.453917
129,20220630,1446,18,10,0.00,0.00,Central Warehouse Inventory,2026-09-06T03:34:41.453917
130,20220630,1447,12,10,0.00,0.00,Central Warehouse Inventory,2026-09-06T03:34:41.453917
131,20220630,1448,12,10,0.00,0.00,Central Warehouse Inventory,2026-09-06T03:34:41.453917
132,20220630,1449,30,10,0.00,0.00,Central Warehouse Inventory,2026-09-06T03:34:41.453917
133,20220630,1450,9,10,0.00,0.00,Central Warehouse Inventory,2026-09-06T03:34:41.453917
134,20220630,1451,16,10,0.00,0.00,Central Warehouse Inventory,2026-09-06T03:34:41.453917
135,20220630,1452,11,10,0.00,0.00,Central Warehouse Inventory,2026-09-06T03:34:41.453917
136,20220630,1453,24,10,0.00,0.00,Central Warehouse Inventory,2026-09-06T03:34:41.453917
137,20220630,1454,15,10,0.00,0.00,Central Warehouse Inventory,2026-09-06T03:34:41.453917
138,20220630,1455,12,10,0.00,0.00,Central Warehouse Inventory,2026-09-06T03:34:41.453917
139,20220630,1456,13,10,0.00,0.00,Central Warehouse Inventory,2026-09-06T03:34:41.453917
140,20220630,1457,6,10,0.00,0.00,Central Warehouse Inventory,2026-09-06T03:34:41.453917
141,20220630,1458,11,10,0.00,0.00,Central Warehouse Inventory,2026-09-06T03:34:41.453917
142,20220630,1459,4,10,0.00,0.00,Central Warehouse Inventory,2026-09-06T03:34:41.453917
143,20220630,1460,5,10,0.00,0.00,Central Warehouse Inventory,2026-09-06T03:34:41.453917
144,20220630,1461,2,10,0.00,0.00,Central Warehouse Inventory,2026-09-06T03:34:41.453917
145,20220630,1462,5,10,0.00,0.00,Central Warehouse Inventory,2026-09-06T03:34:41.453917
146,20220630,1463,8,10,0.00,0.00,Central Warehouse Inventory,2026-09-06T03:34:41.453917
147,20220630,1464,3,10,0.00,0.00,Central Warehouse Inventory,2026-09-06T03:34:41.453917
148,20220630,1465,48,10,0.00,0.00,Central Warehouse Inventory,2026-09-06T03:34:41.453917
149,20220630,1466,89,10,0.00,0.00,Central Warehouse Inventory,2026-09-06T03:34:41.453917
150,20220630,1467,11,10,0.00,0.00,Central Warehouse Inventory,2026-09-06T03:34:41.453917
151,20220630,1468,5,10,0.00,0.00,Central Warehouse Inventory,2026-09-06T03:34:41.453917
152,20220630,1469,18,10,0.00,0.00,Central Warehouse Inventory,2026-09-06T03:34:41.453917
153,20220630,1470,86,10,0.00,0.00,Central Warehouse Inventory,2026-09-06T03:34:41.453917
154,20220630,1471,4,10,0.00,0.00,Central Warehouse Inventory,2026-09-06T03:34:41.453917
155,20220630,1472,4,10,0.00,0.00,Central Warehouse Inventory,2026-09-06T03:34:41.453917
156,20220630,1473,3,10,0.00,0.00,Central Warehouse Inventory,2026-09-06T03:34:41.453917
157,20220630,1474,8,10,0.00,0.00,Central Warehouse Inventory,2026-09-06T03:34:41.453917
158,20220630,1475,4,10,0.00,0.00,Central Warehouse Inventory,2026-09-06T03:34:41.453917
159,20220630,1476,7,10,0.00,0.00,Central Warehouse Inventory,2026-09-06T03:34:41.453917
160,20220630,1477,30,10,0.00,0.00,Central Warehouse Inventory,2026-09-06T03:34:41.453917
161,20220630,1478,44,10,0.00,0.00,Central Warehouse Inventory,2026-09-06T03:34:41.453917
162,20220630,1479,11,10,0.00,0.00,Central Warehouse Inventory,2026-09-06T03:34:41.453917
163,20220630,1480,16,10,0.00,0.00,Central Warehouse Inventory,2026-09-06T03:34:41.453917
164,20220630,1481,29,10,0.00,0.00,Central Warehouse Inventory,2026-09-06T03:34:41.453917
165,20220630,1482,19,10,0.00,0.00,Central Warehouse Inventory,2026-09-06T03:34:41.453917
166,20220630,1483,4,10,0.00,0.00,Central Warehouse Inventory,2026-09-06T03:34:41.453917
167,20220630,1484,4,10,0.00,0.00,Central Warehouse Inventory,2026-09-06T03:34:41.453917
168,20220630,1485,7,10,0.00,0.00,Central Warehouse Inventory,2026-09-06T03:34:41.453917
169,20220630,1486,3,10,0.00,0.00,Central Warehouse Inventory,2026-09-06T03:34:41.453917
170,20220630,1487,7,10,0.00,0.00,Central Warehouse Inventory,2026-09-06T03:34:41.453917
171,20220630,1488,3,10,0.00,0.00,Central Warehouse Inventory,2026-09-06T03:34:41.453917
172,20220630,1489,20,10,0.00,0.00,Central Warehouse Inventory,2026-09-06T03:34:41.453917
173,20220630,1490,22,10,0.00,0.00,Central Warehouse Inventory,2026-09-06T03:34:41.453917
174,20220630,1491,13,10,0.00,0.00,Central Warehouse Inventory,2026-09-06T03:34:41.453917
175,20220630,1492,27,10,0.00,0.00,Central Warehouse Inventory,2026-09-06T03:34:41.453917
176,20220630,1493,17,10,0.00,0.00,Central Warehouse Inventory,2026-09-06T03:34:41.453917
177,20220630,1494,25,10,0.00,0.00,Central Warehouse Inventory,2026-09-06T03:34:41.453917
178,20220630,1495,2,10,0.00,0.00,Central Warehouse Inventory,2026-09-06T03:34:41.453917
179,20220630,1496,2,10,0.00,0.00,Central Warehouse Inventory,2026-09-06T03:34:41.453917
180,20220630,1497,11,10,0.00,0.00,Central Warehouse Inventory,2026-09-06T03:34:41.453917
181,20220630,1498,4,10,0.00,0.00,Central Warehouse Inventory,2026-09-06T03:34:41.453917
182,20220630,1499,4,10,0.00,0.00,Central Warehouse Inventory,2026-09-06T03:34:41.453917
183,20220630,1500,3,10,0.00,0.00,Central Warehouse Inventory,2026-09-06T03:34:41.453917
184,20220630,1501,51,10,0.00,0.00,Central Warehouse Inventory,2026-09-06T03:34:41.453917
185,20220630,1502,34,10,0.00,0.00,Central Warehouse Inventory,2026-09-06T03:34:41.453917
186,20220630,1503,51,10,0.00,0.00,Central Warehouse Inventory,2026-09-06T03:34:41.453917
187,20220630,1504,26,10,0.00,0.00,Central Warehouse Inventory,2026-09-06T03:34:41.453917
188,20220630,1505,59,10,0.00,0.00,Central Warehouse Inventory,2026-09-06T03:34:41.453917
189,20220630,1506,32,10,0.00,0.00,Central Warehouse Inventory,2026-09-06T03:34:41.453917
190,20220630,1507,2,10,0.00,0.00,Central Warehouse Inventory,2026-09-06T03:34:41.453917
191,20220630,1508,2,10,0.00,0.00,Central Warehouse Inventory,2026-09-06T03:34:41.453917
192,20220630,1509,8,10,0.00,0.00,Central Warehouse Inventory,2026-09-06T03:34:41.453917
193,20220630,1510,2,10,0.00,0.00,Central Warehouse Inventory,2026-09-06T03:34:41.453917
194,20220630,1511,8,10,0.00,0.00,Central Warehouse Inventory,2026-09-06T03:34:41.453917
195,20220630,1512,2,10,0.00,0.00,Central Warehouse Inventory,2026-09-06T03:34:41.453917
196,20220630,1513,42,10,0.00,0.00,Central Warehouse Inventory,2026-09-06T03:34:41.453917
197,20220630,1514,25,10,0.00,0.00,Central Warehouse Inventory,2026-09-06T03:34:41.453917
198,20220630,1515,39,10,0.00,0.00,Central Warehouse Inventory,2026-09-06T03:34:41.453917
199,20220630,1516,11,10,0.00,0.00,Central Warehouse Inventory,2026-09-06T03:34:41.453917
200,20220630,1517,9,10,0.00,0.00,Central Warehouse Inventory,2026-09-06T03:34:41.453917
201,20220630,1518,35,10,0.00,0.00,Central Warehouse Inventory,2026-09-06T03:34:41.453917
202,20220630,1519,25,10,0.00,0.00,Central Warehouse Inventory,2026-09-06T03:34:41.453917
203,20220630,1520,31,10,0.00,0.00,Central Warehouse Inventory,2026-09-06T03:34:41.453917
204,20220630,1521,39,10,0.00,0.00,Central Warehouse Inventory,2026-09-06T03:34:41.453917
205,20220630,1522,34,10,0.00,0.00,Central Warehouse Inventory,2026-09-06T03:34:41.453917
206,20220630,1523,31,10,0.00,0.00,Central Warehouse Inventory,2026-09-06T03:34:41.453917
207,20220630,1524,27,10,0.00,0.00,Central Warehouse Inventory,2026-09-06T03:34:41.453917
208,20220630,1525,5,10,0.00,0.00,Central Warehouse Inventory,2026-09-06T03:34:41.453917
209,20220630,1526,6,10,0.00,0.00,Central Warehouse Inventory,2026-09-06T03:34:41.453917
210,20220630,1527,9,10,0.00,0.00,Central Warehouse Inventory,2026-09-06T03:34:41.453917
211,20220630,1528,6,10,0.00,0.00,Central Warehouse Inventory,2026-09-06T03:34:41.453917
212,20220630,1529,12,10,0.00,0.00,Central Warehouse Inventory,2026-09-06T03:34:41.453917
213,20220630,1530,4,10,0.00,0.00,Central Warehouse Inventory,2026-09-06T03:34:41.453917
214,20220630,1531,4,10,0.00,0.00,Central Warehouse Inventory,2026-09-06T03:34:41.453917
215,20220630,1532,5,10,0.00,0.00,Central Warehouse Inventory,2026-09-06T03:34:41.453917
216,20220630,1533,6,10,0.00,0.00,Central Warehouse Inventory,2026-09-06T03:34:41.453917
217,20220630,1534,8,10,0.00,0.00,Central Warehouse Inventory,2026-09-06T03:34:41.453917
218,20220630,1535,9,10,0.00,0.00,Central Warehouse Inventory,2026-09-06T03:34:41.453917
219,20220630,1536,5,10,0.00,0.00,Central Warehouse Inventory,2026-09-06T03:34:41.453917
220,20220630,1537,2,10,0.00,0.00,Central Warehouse Inventory,2026-09-06T03:34:41.453917
221,20220630,1538,3,10,0.00,0.00,Central Warehouse Inventory,2026-09-06T03:34:41.453917
222,20220630,1539,8,10,0.00,0.00,Central Warehouse Inventory,2026-09-06T03:34:41.453917
223,20220630,1540,4,10,0.00,0.00,Central Warehouse Inventory,2026-09-06T03:34:41.453917
224,20220630,1541,6,10,0.00,0.00,Central Warehouse Inventory,2026-09-06T03:34:41.453917
225,20220630,1542,2,10,0.00,0.00,Central Warehouse Inventory,2026-09-06T03:34:41.453917
226,20220630,1543,7,10,0.00,0.00,Central Warehouse Inventory,2026-09-06T03:34:41.453917
227,20220630,1544,5,10,0.00,0.00,Central Warehouse Inventory,2026-09-06T03:34:41.453917
228,20220630,1545,16,10,0.00,0.00,Central Warehouse Inventory,2026-09-06T03:34:41.453917
229,20220630,1546,19,10,0.00,0.00,Central Warehouse Inventory,2026-09-06T03:34:41.453917
230,20220630,1547,16,10,0.00,0.00,Central Warehouse Inventory,2026-09-06T03:34:41.453917
231,20220630,1548,6,10,0.00,0.00,Central Warehouse Inventory,2026-09-06T03:34:41.453917
232,20220630,1549,7,10,0.00,0.00,Central Warehouse Inventory,2026-09-06T03:34:41.453917
233,20220630,1550,3,10,0.00,0.00,Central Warehouse Inventory,2026-09-06T03:34:41.453917
234,20220630,1551,29,10,0.00,0.00,Central Warehouse Inventory,2026-09-06T03:34:41.453917
235,20220630,1552,8,10,0.00,0.00,Central Warehouse Inventory,2026-09-06T03:34:41.453917
236,20220630,1553,27,10,0.00,0.00,Central Warehouse Inventory,2026-09-06T03:34:41.453917
237,20220630,1554,4,10,0.00,0.00,Central Warehouse Inventory,2026-09-06T03:34:41.453917
238,20220630,1555,32,10,0.00,0.00,Central Warehouse Inventory,2026-09-06T03:34:41.453917
239,20220630,1556,49,10,0.00,0.00,Central Warehouse Inventory,2026-09-06T03:34:41.453917
240,20220630,1557,14,10,0.00,0.00,Central Warehouse Inventory,2026-09-06T03:34:41.453917
241,20220630,1558,20,10,0.00,0.00,Central Warehouse Inventory,2026-09-06T03:34:41.453917
242,20220630,1559,29,10,0.00,0.00,Central Warehouse Inventory,2026-09-06T03:34:41.453917
243,20220630,1560,26,10,0.00,0.00,Central Warehouse Inventory,2026-09-06T03:34:41.453917
244,20220630,1561,2,10,0.00,0.00,Central Warehouse Inventory,2026-09-06T03:34:41.453917
245,20220630,1562,2,10,0.00,0.00,Central Warehouse Inventory,2026-09-06T03:34:41.453917
246,20220630,1563,15,10,0.00,0.00,Central Warehouse Inventory,2026-09-06T03:34:41.453917
247,20220630,1564,3,10,0.00,0.00,Central Warehouse Inventory,2026-09-06T03:34:41.453917
248,20220630,1565,6,10,0.00,0.00,Central Warehouse Inventory,2026-09-06T03:34:41.453917
249,20220630,1566,4,10,0.00,0.00,Central Warehouse Inventory,2026-09-06T03:34:41.453917
250,20220630,1567,23,10,0.00,0.00,Central Warehouse Inventory,2026-09-06T03:34:41.453917
251,20220630,1568,37,10,0.00,0.00,Central Warehouse Inventory,2026-09-06T03:34:41.453917
252,20220630,1569,34,10,0.00,0.00,Central Warehouse Inventory,2026-09-06T03:34:41.453917
253,20220630,1570,17,10,0.00,0.00,Central Warehouse Inventory,2026-09-06T03:34:41.453917
254,20220630,1571,15,10,0.00,0.00,Central Warehouse Inventory,2026-09-06T03:34:41.453917
255,20220630,1572,9,10,0.00,0.00,Central Warehouse Inventory,2026-09-06T03:34:41.453917
256,20220630,1573,8,10,0.00,0.00,Central Warehouse Inventory,2026-09-06T03:34:41.453917
257,20220630,1574,7,10,0.00,0.00,Central Warehouse Inventory,2026-09-06T03:34:41.453917
258,20220630,1575,18,10,0.00,0.00,Central Warehouse Inventory,2026-09-06T03:34:41.453917
259,20220630,1576,8,10,0.00,0.00,Central Warehouse Inventory,2026-09-06T03:34:41.453917
260,20220630,1577,16,10,0.00,0.00,Central Warehouse Inventory,2026-09-06T03:34:41.453917
261,20220630,1578,5,10,0.00,0.00,Central Warehouse Inventory,2026-09-06T03:34:41.453917
262,20220630,1579,9,10,0.00,0.00,Central Warehouse Inventory,2026-09-06T03:34:41.453917
263,20220630,1580,6,10,0.00,0.00,Central Warehouse Inventory,2026-09-06T03:34:41.453917
264,20220630,1581,11,10,0.00,0.00,Central Warehouse Inventory,2026-09-06T03:34:41.453917
265,20220630,1582,4,10,0.00,0.00,Central Warehouse Inventory,2026-09-06T03:34:41.453917
266,20220630,1583,13,10,0.00,0.00,Central Warehouse Inventory,2026-09-06T03:34:41.453917
267,20220630,1584,2,10,0.00,0.00,Central Warehouse Inventory,2026-09-06T03:34:41.453917
268,20220630,1585,4,10,0.00,0.00,Central Warehouse Inventory,2026-09-06T03:34:41.453917
269,20220630,1586,3,10,0.00,0.00,Central Warehouse Inventory,2026-09-06T03:34:41.453917
270,20220630,1587,11,10,0.00,0.00,Central Warehouse Inventory,2026-09-06T03:34:41.453917
271,20220630,1588,8,10,0.00,0.00,Central Warehouse Inventory,2026-09-06T03:34:41.453917
272,20220630,1589,27,10,0.00,0.00,Central Warehouse Inventory,2026-09-06T03:34:41.453917
273,20220630,1590,7,10,0.00,0.00,Central Warehouse Inventory,2026-09-06T03:34:41.453917
274,20220630,1591,61,10,0.00,0.00,Central Warehouse Inventory,2026-09-06T03:34:41.453917
275,20220630,1592,40,10,0.00,0.00,Central Warehouse Inventory,2026-09-06T03:34:41.453917
276,20220630,1593,85,10,0.00,0.00,Central Warehouse Inventory,2026-09-06T03:34:41.453917
277,20220630,1594,22,10,0.00,0.00,Central Warehouse Inventory,2026-09-06T03:34:41.453917
278,20220630,1595,158,10,0.00,0.00,Central Warehouse Inventory,2026-09-06T03:34:41.453917
279,20220630,1596,158,10,0.00,0.00,Central Warehouse Inventory,2026-09-06T03:34:41.453917
280,20220630,1597,194,10,0.00,0.00,Central Warehouse Inventory,2026-09-06T03:34:41.453917
281,20220630,1598,32,10,0.00,0.00,Central Warehouse Inventory,2026-09-06T03:34:41.453917
282,20220630,1599,25,10,0.00,0.00,Central Warehouse Inventory,2026-09-06T03:34:41.453917
283,20220630,1600,35,10,0.00,0.00,Central Warehouse Inventory,2026-09-06T03:34:41.453917
284,20220630,1601,24,10,0.00,0.00,Central Warehouse Inventory,2026-09-06T03:34:41.453917
285,20220630,1602,40,10,0.00,0.00,Central Warehouse Inventory,2026-09-06T03:34:41.453917
286,20220630,1603,4,10,0.00,0.00,Central Warehouse Inventory,2026-09-06T03:34:41.453917
287,20220630,1604,4,10,0.00,0.00,Central Warehouse Inventory,2026-09-06T03:34:41.453917
288,20220630,1605,1,10,0.00,0.00,Central Warehouse Inventory,2026-09-06T03:34:41.453917
289,20220630,1606,2,10,0.00,0.00,Central Warehouse Inventory,2026-09-06T03:34:41.453917
290,20220630,1607,3,10,0.00,0.00,Central Warehouse Inventory,2026-09-06T03:34:41.453917
291,20220630,1608,0,10,0.00,0.00,Central Warehouse Inventory,2026-09-06T03:34:41.453917
292,20220630,1609,2,10,0.00,0.00,Central Warehouse Inventory,2026-09-06T03:34:41.453917
293,20220630,1610,3,10,0.00,0.00,Central Warehouse Inventory,2026-09-06T03:34:41.453917
294,20220630,1611,398,10,0.00,0.00,Central Warehouse Inventory,2026-09-06T03:34:41.453917
295,20220630,1612,250,10,0.00,0.00,Central Warehouse Inventory,2026-09-06T03:34:41.453917
296,20220630,1613,347,10,0.00,0.00,Central Warehouse Inventory,2026-09-06T03:34:41.453917
297,20220630,1614,75,10,0.00,0.00,Central Warehouse Inventory,2026-09-06T03:34:41.453917
298,20220630,1615,88,10,0.00,0.00,Central Warehouse Inventory,2026-09-06T03:34:41.453917
299,20220630,1616,21,10,0.00,0.00,Central Warehouse Inventory,2026-09-06T03:34:41.453917
300,20220630,1617,59,10,0.00,0.00,Central Warehouse Inventory,2026-09-06T03:34:41.453917
301,20220630,1618,2,10,0.00,0.00,Central Warehouse Inventory,2026-09-06T03:34:41.453917
302,20220630,1619,2,10,0.00,0.00,Central Warehouse Inventory,2026-09-06T03:34:41.453917
303,20220630,1620,1,10,0.00,0.00,Central Warehouse Inventory,2026-09-06T03:34:41.453917
304,20220630,1621,3,10,0.00,0.00,Central Warehouse Inventory,2026-09-06T03:34:41.453917
305,20220630,1622,3,10,0.00,0.00,Central Warehouse Inventory,2026-09-06T03:34:41.453917
306,20220630,1623,3,10,0.00,0.00,Central Warehouse Inventory,2026-09-06T03:34:41.453917
307,20220630,1624,4,10,0.00,0.00,Central Warehouse Inventory,2026-09-06T03:34:41.453917
308,20220630,1625,2,10,0.00,0.00,Central Warehouse Inventory,2026-09-06T03:34:41.453917
309,20220630,1626,1,10,0.00,0.00,Central Warehouse Inventory,2026-09-06T03:34:41.453917
310,20220630,1627,2,10,0.00,0.00,Central Warehouse Inventory,2026-09-06T03:34:41.453917
311,20220630,1628,3,10,0.00,0.00,Central Warehouse Inventory,2026-09-06T03:34:41.453917
312,20220630,1629,2,10,0.00,0.00,Central Warehouse Inventory,2026-09-06T03:34:41.453917
313,20220630,1630,2,10,0.00,0.00,Central Warehouse Inventory,2026-09-06T03:34:41.453917
314,20220630,1631,6,10,0.00,0.00,Central Warehouse Inventory,2026-09-06T03:34:41.453917
315,20220630,1632,1,10,0.00,0.00,Central Warehouse Inventory,2026-09-06T03:34:41.453917
316,20220630,1633,5,10,0.00,0.00,Central Warehouse Inventory,2026-09-06T03:34:41.453917
317,20220630,1634,10,10,0.00,0.00,Central Warehouse Inventory,2026-09-06T03:34:41.453917
318,20220630,1635,21,10,0.00,0.00,Central Warehouse Inventory,2026-09-06T03:34:41.453917
319,20220630,1636,6,10,0.00,0.00,Central Warehouse Inventory,2026-09-06T03:34:41.453917
320,20220630,1637,15,10,0.00,0.00,Central Warehouse Inventory,2026-09-06T03:34:41.453917
321,20220630,1638,136,10,0.00,0.00,Central Warehouse Inventory,2026-09-06T03:34:41.453917
322,20220630,1639,63,10,0.00,0.00,Central Warehouse Inventory,2026-09-06T03:34:41.453917
323,20220630,1640,134,10,0.00,0.00,Central Warehouse Inventory,2026-09-06T03:34:41.453917
324,20220630,1641,176,10,0.00,0.00,Central Warehouse Inventory,2026-09-06T03:34:41.453917
325,20220630,1642,41,10,0.00,0.00,Central Warehouse Inventory,2026-09-06T03:34:41.453917
326,20220630,1643,92,10,0.00,0.00,Central Warehouse Inventory,2026-09-06T03:34:41.453917
327,20220630,1644,102,10,0.00,0.00,Central Warehouse Inventory,2026-09-06T03:34:41.453917
328,20220630,1645,1,10,0.00,0.00,Central Warehouse Inventory,2026-09-06T03:34:41.453917
329,20220630,1646,6,10,0.00,0.00,Central Warehouse Inventory,2026-09-06T03:34:41.453917
330,20220630,1647,6,10,0.00,0.00,Central Warehouse Inventory,2026-09-06T03:34:41.453917
331,20220630,1648,0,10,0.00,0.00,Central Warehouse Inventory,2026-09-06T03:34:41.453917
332,20220630,1649,23,10,0.00,0.00,Central Warehouse Inventory,2026-09-06T03:34:41.453917
333,20220630,1650,0,10,0.00,0.00,Central Warehouse Inventory,2026-09-06T03:34:41.453917
334,20220630,1651,3,10,0.00,0.00,Central Warehouse Inventory,2026-09-06T03:34:41.453917
335,20220630,1652,14,10,0.00,0.00,Central Warehouse Inventory,2026-09-06T03:34:41.453917
336,20220630,1653,14,10,0.00,0.00,Central Warehouse Inventory,2026-09-06T03:34:41.453917
337,20220630,1654,37,10,0.00,0.00,Central Warehouse Inventory,2026-09-06T03:34:41.453917
338,20220630,1655,8,10,0.00,0.00,Central Warehouse Inventory,2026-09-06T03:34:41.453917
339,20220630,1656,25,10,0.00,0.00,Central Warehouse Inventory,2026-09-06T03:34:41.453917
340,20220630,1657,25,10,0.00,0.00,Central Warehouse Inventory,2026-09-06T03:34:41.453917
341,20220630,1658,16,10,0.00,0.00,Central Warehouse Inventory,2026-09-06T03:34:41.453917
342,20220630,1659,2,10,0.00,0.00,Central Warehouse Inventory,2026-09-06T03:34:41.453917
343,20220630,1660,4,10,0.00,0.00,Central Warehouse Inventory,2026-09-06T03:34:41.453917
344,20220630,1661,1,10,0.00,0.00,Central Warehouse Inventory,2026-09-06T03:34:41.453917
345,20220630,1662,2,10,0.00,0.00,Central Warehouse Inventory,2026-09-06T03:34:41.453917
346,20220630,1663,2,10,0.00,0.00,Central Warehouse Inventory,2026-09-06T03:34:41.453917
347,20220630,1664,0,10,0.00,0.00,Central Warehouse Inventory,2026-09-06T03:34:41.453917
348,20220630,1665,1,10,0.00,0.00,Central Warehouse Inventory,2026-09-06T03:34:41.453917
349,20220630,1666,0,10,0.00,0.00,Central Warehouse Inventory,2026-09-06T03:34:41.453917
350,20220630,1667,1,10,0.00,0.00,Central Warehouse Inventory,2026-09-06T03:34:41.453917
351,20220630,1668,8,10,0.00,0.00,Central Warehouse Inventory,2026-09-06T03:34:41.453917
352,20220630,1669,1,10,0.00,0.00,Central Warehouse Inventory,2026-09-06T03:34:41.453917
353,20220630,1670,7,10,0.00,0.00,Central Warehouse Inventory,2026-09-06T03:34:41.453917
354,20220630,1671,1,10,0.00,0.00,Central Warehouse Inventory,2026-09-06T03:34:41.453917
355,20220630,1672,5,10,0.00,0.00,Central Warehouse Inventory,2026-09-06T03:34:41.453917
356,20220630,1673,43,10,0.00,0.00,Central Warehouse Inventory,2026-09-06T03:34:41.453917
357,20220630,1674,6,10,0.00,0.00,Central Warehouse Inventory,2026-09-06T03:34:41.453917
358,20220630,1675,56,10,0.00,0.00,Central Warehouse Inventory,2026-09-06T03:34:41.453917
359,20220630,1676,13,10,0.00,0.00,Central Warehouse Inventory,2026-09-06T03:34:41.453917
360,20220630,1677,20,10,0.00,0.00,Central Warehouse Inventory,2026-09-06T03:34:41.453917
361,20220630,1678,56,10,0.00,0.00,Central Warehouse Inventory,2026-09-06T03:34:41.453917
362,20220630,1679,50,10,0.00,0.00,Central Warehouse Inventory,2026-09-06T03:34:41.453917
363,20220630,1680,1,10,0.00,0.00,Central Warehouse Inventory,2026-09-06T03:34:41.453917
364,20220630,1681,1,10,0.00,0.00,Central Warehouse Inventory,2026-09-06T03:34:41.453917
365,20220630,1682,2,10,0.00,0.00,Central Warehouse Inventory,2026-09-06T03:34:41.453917
366,20220630,1683,1,10,0.00,0.00,Central Warehouse Inventory,2026-09-06T03:34:41.453917
367,20220630,1684,5,10,0.00,0.00,Central Warehouse Inventory,2026-09-06T03:34:41.453917
368,20220630,1685,3,10,0.00,0.00,Central Warehouse Inventory,2026-09-06T03:34:41.453917
369,20220630,1686,1,10,0.00,0.00,Central Warehouse Inventory,2026-09-06T03:34:41.453917
370,20220630,1687,0,10,0.00,0.00,Central Warehouse Inventory,2026-09-06T03:34:41.453917
371,20220630,1688,1,10,0.00,0.00,Central Warehouse Inventory,2026-09-06T03:34:41.453917
372,20220630,1689,1,10,0.00,0.00,Central Warehouse Inventory,2026-09-06T03:34:41.453917
373,20220630,1690,1,10,0.00,0.00,Central Warehouse Inventory,2026-09-06T03:34:41.453917
374,20220630,1691,5,10,0.00,0.00,Central Warehouse Inventory,2026-09-06T03:34:41.453917
375,20220630,1692,3,10,0.00,0.00,Central Warehouse Inventory,2026-09-06T03:34:41.453917
376,20220630,1693,2,10,0.00,0.00,Central Warehouse Inventory,2026-09-06T03:34:41.453917
377,20220630,1694,0,10,0.00,0.00,Central Warehouse Inventory,2026-09-06T03:34:41.453917
378,20220630,1695,0,10,0.00,0.00,Central Warehouse Inventory,2026-09-06T03:34:41.453917
379,20220630,1696,4,10,0.00,0.00,Central Warehouse Inventory,2026-09-06T03:34:41.453917
380,20220630,1697,1,10,0.00,0.00,Central Warehouse Inventory,2026-09-06T03:34:41.453917
381,20220630,1698,12,10,0.00,0.00,Central Warehouse Inventory,2026-09-06T03:34:41.453917
382,20220630,1699,3,10,0.00,0.00,Central Warehouse Inventory,2026-09-06T03:34:41.453917
383,20220630,1700,4,10,0.00,0.00,Central Warehouse Inventory,2026-09-06T03:34:41.453917
384,20220630,1701,3,10,0.00,0.00,Central Warehouse Inventory,2026-09-06T03:34:41.453917
385,20220630,1702,10,10,0.00,0.00,Central Warehouse Inventory,2026-09-06T03:34:41.453917
386,20220630,1703,8,10,0.00,0.00,Central Warehouse Inventory,2026-09-06T03:34:41.453917
387,20220630,1704,6,10,0.00,0.00,Central Warehouse Inventory,2026-09-06T03:34:41.453917
388,20220630,1705,33,10,0.00,0.00,Central Warehouse Inventory,2026-09-06T03:34:41.453917
389,20220630,1706,3,10,0.00,0.00,Central Warehouse Inventory,2026-09-06T03:34:41.453917
390,20220630,1707,6,10,0.00,0.00,Central Warehouse Inventory,2026-09-06T03:34:41.453917
391,20220630,1708,2,10,0.00,0.00,Central Warehouse Inventory,2026-09-06T03:34:41.453917
392,20220630,1709,4,10,0.00,0.00,Central Warehouse Inventory,2026-09-06T03:34:41.453917
393,20220630,1710,7,10,0.00,0.00,Central Warehouse Inventory,2026-09-06T03:34:41.453917
394,20220630,1711,3,10,0.00,0.00,Central Warehouse Inventory,2026-09-06T03:34:41.453917
395,20220630,1712,21,10,0.00,0.00,Central Warehouse Inventory,2026-09-06T03:34:41.453917
396,20220630,1713,3,10,0.00,0.00,Central Warehouse Inventory,2026-09-06T03:34:41.453917
397,20220630,1714,3,10,0.00,0.00,Central Warehouse Inventory,2026-09-06T03:34:41.453917
398,20220630,1715,3,10,0.00,0.00,Central Warehouse Inventory,2026-09-06T03:34:41.453917
399,20220630,1716,2,10,0.00,0.00,Central Warehouse Inventory,2026-09-06T03:34:41.453917
400,20220630,1717,6,10,0.00,0.00,Central Warehouse Inventory,2026-09-06T03:34:41.453917
401,20220630,1718,2,10,0.00,0.00,Central Warehouse Inventory,2026-09-06T03:34:41.453917
402,20220630,1719,30,10,0.00,0.00,Central Warehouse Inventory,2026-09-06T03:34:41.453917
403,20220630,1720,3,10,0.00,0.00,Central Warehouse Inventory,2026-09-06T03:34:41.453917
404,20220630,1721,1,10,0.00,0.00,Central Warehouse Inventory,2026-09-06T03:34:41.453917
405,20220630,1722,2,10,0.00,0.00,Central Warehouse Inventory,2026-09-06T03:34:41.453917
406,20220630,1723,2,10,0.00,0.00,Central Warehouse Inventory,2026-09-06T03:34:41.453917
407,20220630,1724,4,10,0.00,0.00,Central Warehouse Inventory,2026-09-06T03:34:41.453917
408,20220630,1725,2,10,0.00,0.00,Central Warehouse Inventory,2026-09-06T03:34:41.453917
409,20220630,1726,11,10,0.00,0.00,Central Warehouse Inventory,2026-09-06T03:34:41.453917
410,20220630,1727,2,10,0.00,0.00,Central Warehouse Inventory,2026-09-06T03:34:41.453917
411,20220630,1728,4,10,0.00,0.00,Central Warehouse Inventory,2026-09-06T03:34:41.453917
412,20220630,1729,2,10,0.00,0.00,Central Warehouse Inventory,2026-09-06T03:34:41.453917
413,20220630,1730,4,10,0.00,0.00,Central Warehouse Inventory,2026-09-06T03:34:41.453917
414,20220630,1731,36,10,0.00,0.00,Central Warehouse Inventory,2026-09-06T03:34:41.453917
415,20220630,1732,3,10,0.00,0.00,Central Warehouse Inventory,2026-09-06T03:34:41.453917
416,20220630,1733,35,10,0.00,0.00,Central Warehouse Inventory,2026-09-06T03:34:41.453917
417,20220630,1734,4,10,0.00,0.00,Central Warehouse Inventory,2026-09-06T03:34:41.453917
418,20220630,1735,2,10,0.00,0.00,Central Warehouse Inventory,2026-09-06T03:34:41.453917
419,20220630,1736,6,10,0.00,0.00,Central Warehouse Inventory,2026-09-06T03:34:41.453917
420,20220630,1737,5,10,0.00,0.00,Central Warehouse Inventory,2026-09-06T03:34:41.453917
421,20220630,1738,51,10,0.00,0.00,Central Warehouse Inventory,2026-09-06T03:34:41.453917
422,20220630,1739,7,10,0.00,0.00,Central Warehouse Inventory,2026-09-06T03:34:41.453917
423,20220630,1740,50,10,0.00,0.00,Central Warehouse Inventory,2026-09-06T03:34:41.453917
424,20220630,1741,7,10,0.00,0.00,Central Warehouse Inventory,2026-09-06T03:34:41.453917
425,20220630,1742,7,10,0.00,0.00,Central Warehouse Inventory,2026-09-06T03:34:41.453917
426,20220630,1743,3,10,0.00,0.00,Central Warehouse Inventory,2026-09-06T03:34:41.453917
427,20220630,1744,3,10,0.00,0.00,Central Warehouse Inventory,2026-09-06T03:34:41.453917
428,20220630,1745,29,10,0.00,0.00,Central Warehouse Inventory,2026-09-06T03:34:41.453917
429,20220630,1746,3,10,0.00,0.00,Central Warehouse Inventory,2026-09-06T03:34:41.453917
430,20220630,1747,55,10,0.00,0.00,Central Warehouse Inventory,2026-09-06T03:34:41.453917
431,20220630,1748,6,10,0.00,0.00,Central Warehouse Inventory,2026-09-06T03:34:41.453917
432,20220630,1749,3,10,0.00,0.00,Central Warehouse Inventory,2026-09-06T03:34:41.453917
433,20220630,1750,2,10,0.00,0.00,Central Warehouse Inventory,2026-09-06T03:34:41.453917
434,20220630,1751,2,10,0.00,0.00,Central Warehouse Inventory,2026-09-06T03:34:41.453917
435,20220630,1752,4,10,0.00,0.00,Central Warehouse Inventory,2026-09-06T03:34:41.453917
436,20220630,1753,3,10,0.00,0.00,Central Warehouse Inventory,2026-09-06T03:34:41.453917
437,20220630,1754,8,10,0.00,0.00,Central Warehouse Inventory,2026-09-06T03:34:41.453917
438,20220630,1755,3,10,0.00,0.00,Central Warehouse Inventory,2026-09-06T03:34:41.453917
439,20220630,1756,3,10,0.00,0.00,Central Warehouse Inventory,2026-09-06T03:34:41.453917
440,20220630,1757,2,10,0.00,0.00,Central Warehouse Inventory,2026-09-06T03:34:41.453917
441,20220630,1758,3,10,0.00,0.00,Central Warehouse Inventory,2026-09-06T03:34:41.453917
442,20220630,1759,5,10,0.00,0.00,Central Warehouse Inventory,2026-09-06T03:34:41.453917
443,20220630,1760,2,10,0.00,0.00,Central Warehouse Inventory,2026-09-06T03:34:41.453917
444,20220630,1761,55,10,0.00,0.00,Central Warehouse Inventory,2026-09-06T03:34:41.453917
445,20220630,1762,3,10,0.00,0.00,Central Warehouse Inventory,2026-09-06T03:34:41.453917
446,20220630,1763,5,10,0.00,0.00,Central Warehouse Inventory,2026-09-06T03:34:41.453917
447,20220630,1764,4,10,0.00,0.00,Central Warehouse Inventory,2026-09-06T03:34:41.453917
448,20220630,1765,3,10,0.00,0.00,Central Warehouse Inventory,2026-09-06T03:34:41.453917
449,20220630,1766,34,10,0.00,0.00,Central Warehouse Inventory,2026-09-06T03:34:41.453917
450,20220630,1767,4,10,0.00,0.00,Central Warehouse Inventory,2026-09-06T03:34:41.453917
451,20220630,1768,26,10,0.00,0.00,Central Warehouse Inventory,2026-09-06T03:34:41.453917
452,20220630,1769,24,10,0.00,0.00,Central Warehouse Inventory,2026-09-06T03:34:41.453917
453,20220630,1770,6,10,0.00,0.00,Central Warehouse Inventory,2026-09-06T03:34:41.453917
454,20220630,1771,3,10,0.00,0.00,Central Warehouse Inventory,2026-09-06T03:34:41.453917
455,20220630,1772,10,10,0.00,0.00,Central Warehouse Inventory,2026-09-06T03:34:41.453917
456,20220630,1773,29,10,0.00,0.00,Central Warehouse Inventory,2026-09-06T03:34:41.453917
457,20220630,1774,3,10,0.00,0.00,Central Warehouse Inventory,2026-09-06T03:34:41.453917
458,20220630,1775,27,10,0.00,0.00,Central Warehouse Inventory,2026-09-06T03:34:41.453917
459,20220630,1776,2,10,0.00,0.00,Central Warehouse Inventory,2026-09-06T03:34:41.453917
460,20220630,1777,3,10,0.00,0.00,Central Warehouse Inventory,2026-09-06T03:34:41.453917
461,20220630,1778,3,10,0.00,0.00,Central Warehouse Inventory,2026-09-06T03:34:41.453917
462,20220630,1779,10,10,0.00,0.00,Central Warehouse Inventory,2026-09-06T03:34:41.453917
463,20220630,1780,15,10,0.00,0.00,Central Warehouse Inventory,2026-09-06T03:34:41.453917
464,20220630,1781,6,10,0.00,0.00,Central Warehouse Inventory,2026-09-06T03:34:41.453917
465,20220630,1782,32,10,0.00,0.00,Central Warehouse Inventory,2026-09-06T03:34:41.453917
466,20220630,1783,11,10,0.00,0.00,Central Warehouse Inventory,2026-09-06T03:34:41.453917
467,20220630,1784,4,10,0.00,0.00,Central Warehouse Inventory,2026-09-06T03:34:41.453917
468,20220630,1785,3,10,0.00,0.00,Central Warehouse Inventory,2026-09-06T03:34:41.453917
469,20220630,1786,3,10,0.00,0.00,Central Warehouse Inventory,2026-09-06T03:34:41.453917
470,20220630,1787,6,10,0.00,0.00,Central Warehouse Inventory,2026-09-06T03:34:41.453917
471,20220630,1788,2,10,0.00,0.00,Central Warehouse Inventory,2026-09-06T03:34:41.453917
472,20220630,1789,51,10,0.00,0.00,Central Warehouse Inventory,2026-09-06T03:34:41.453917
473,20220630,1790,16,10,0.00,0.00,Central Warehouse Inventory,2026-09-06T03:34:41.453917
474,20220630,1791,16,10,0.00,0.00,Central Warehouse Inventory,2026-09-06T03:34:41.453917
475,20220630,1792,19,10,0.00,0.00,Central Warehouse Inventory,2026-09-06T03:34:41.453917
476,20220630,1793,22,10,0.00,0.00,Central Warehouse Inventory,2026-09-06T03:34:41.453917
477,20220630,1794,29,10,0.00,0.00,Central Warehouse Inventory,2026-09-06T03:34:41.453917
478,20220630,1795,25,10,0.00,0.00,Central Warehouse Inventory,2026-09-06T03:34:41.453917
479,20220630,1796,28,10,0.00,0.00,Central Warehouse Inventory,2026-09-06T03:34:41.453917
480,20220630,1797,20,10,0.00,0.00,Central Warehouse Inventory,2026-09-06T03:34:41.453917
481,20220630,1798,25,10,0.00,0.00,Central Warehouse Inventory,2026-09-06T03:34:41.453917
482,20220630,1799,26,10,0.00,0.00,Central Warehouse Inventory,2026-09-06T03:34:41.453917
483,20220630,1800,23,10,0.00,0.00,Central Warehouse Inventory,2026-09-06T03:34:41.453917
484,20220630,1801,25,10,0.00,0.00,Central Warehouse Inventory,2026-09-06T03:34:41.453917
485,20220630,1802,28,10,0.00,0.00,Central Warehouse Inventory,2026-09-06T03:34:41.453917
486,20220630,1803,30,10,0.00,0.00,Central Warehouse Inventory,2026-09-06T03:34:41.453917
487,20220630,1804,34,10,0.00,0.00,Central Warehouse Inventory,2026-09-06T03:34:41.453917
488,20220630,1805,32,10,0.00,0.00,Central Warehouse Inventory,2026-09-06T03:34:41.453917
489,20220630,1806,35,10,0.00,0.00,Central Warehouse Inventory,2026-09-06T03:34:41.453917
490,20220630,1807,32,10,0.00,0.00,Central Warehouse Inventory,2026-09-06T03:34:41.453917
491,20220630,1808,27,10,0.00,0.00,Central Warehouse Inventory,2026-09-06T03:34:41.453917
492,20220630,1809,42,10,0.00,0.00,Central Warehouse Inventory,2026-09-06T03:34:41.453917
493,20220630,1810,37,10,0.00,0.00,Central Warehouse Inventory,2026-09-06T03:34:41.453917
494,20220630,1811,36,10,0.00,0.00,Central Warehouse Inventory,2026-09-06T03:34:41.453917
495,20220630,1812,17,10,0.00,0.00,Central Warehouse Inventory,2026-09-06T03:34:41.453917
496,20220630,1813,34,10,0.00,0.00,Central Warehouse Inventory,2026-09-06T03:34:41.453917
497,20220630,1814,41,10,0.00,0.00,Central Warehouse Inventory,2026-09-06T03:34:41.453917
498,20220630,1815,36,10,0.00,0.00,Central Warehouse Inventory,2026-09-06T03:34:41.453917
499,20220630,1816,39,10,0.00,0.00,Central Warehouse Inventory,2026-09-06T03:34:41.453917
500,20220630,1817,31,10,0.00,0.00,Central Warehouse Inventory,2026-09-06T03:34:41.453917
501,20220630,1818,35,10,0.00,0.00,Central Warehouse Inventory,2026-09-06T03:34:41.453917
502,20220630,1819,37,10,0.00,0.00,Central Warehouse Inventory,2026-09-06T03:34:41.453917
503,20220630,1820,36,10,0.00,0.00,Central Warehouse Inventory,2026-09-06T03:34:41.453917
504,20220630,1821,38,10,0.00,0.00,Central Warehouse Inventory,2026-09-06T03:34:41.453917
505,20220630,1822,31,10,0.00,0.00,Central Warehouse Inventory,2026-09-06T03:34:41.453917
506,20220630,1823,33,10,0.00,0.00,Central Warehouse Inventory,2026-09-06T03:34:41.453917
507,20220630,1824,36,10,0.00,0.00,Central Warehouse Inventory,2026-09-06T03:34:41.453917
508,20220630,1825,36,10,0.00,0.00,Central Warehouse Inventory,2026-09-06T03:34:41.453917
509,20220630,1826,36,10,0.00,0.00,Central Warehouse Inventory,2026-09-06T03:34:41.453917
510,20220630,1827,21,10,0.00,0.00,Central Warehouse Inventory,2026-09-06T03:34:41.453917
511,20220630,1828,31,10,0.00,0.00,Central Warehouse Inventory,2026-09-06T03:34:41.453917
512,20220630,1829,32,10,0.00,0.00,Central Warehouse Inventory,2026-09-06T03:34:41.453917
513,20220630,1830,31,10,0.00,0.00,Central Warehouse Inventory,2026-09-06T03:34:41.453917
514,20220630,1831,31,10,0.00,0.00,Central Warehouse Inventory,2026-09-06T03:34:41.453917
515,20220630,1832,30,10,0.00,0.00,Central Warehouse Inventory,2026-09-06T03:34:41.453917
516,20220630,1833,30,10,0.00,0.00,Central Warehouse Inventory,2026-09-06T03:34:41.453917
517,20220630,1834,31,10,0.00,0.00,Central Warehouse Inventory,2026-09-06T03:34:41.453917
518,20220630,1835,33,10,0.00,0.00,Central Warehouse Inventory,2026-09-06T03:34:41.453917
519,20220630,1836,31,10,0.00,0.00,Central Warehouse Inventory,2026-09-06T03:34:41.453917
520,20220630,1837,26,10,0.00,0.00,Central Warehouse Inventory,2026-09-06T03:34:41.453917
521,20220630,1838,28,10,0.00,0.00,Central Warehouse Inventory,2026-09-06T03:34:41.453917
522,20220630,1839,33,10,0.00,0.00,Central Warehouse Inventory,2026-09-06T03:34:41.453917
523,20220630,1840,30,10,0.00,0.00,Central Warehouse Inventory,2026-09-06T03:34:41.453917
524,20220630,1841,30,10,0.00,0.00,Central Warehouse Inventory,2026-09-06T03:34:41.453917
525,20220630,1842,29,10,0.00,0.00,Central Warehouse Inventory,2026-09-06T03:34:41.453917
526,20220630,1843,32,10,0.00,0.00,Central Warehouse Inventory,2026-09-06T03:34:41.453917
527,20220630,1844,34,10,0.00,0.00,Central Warehouse Inventory,2026-09-06T03:34:41.453917
528,20220630,1845,32,10,0.00,0.00,Central Warehouse Inventory,2026-09-06T03:34:41.453917
529,20220630,1846,34,10,0.00,0.00,Central Warehouse Inventory,2026-09-06T03:34:41.453917
530,20220630,1847,33,10,0.00,0.00,Central Warehouse Inventory,2026-09-06T03:34:41.453917
531,20220630,1848,30,10,0.00,0.00,Central Warehouse Inventory,2026-09-06T03:34:41.453917
532,20220630,1849,34,10,0.00,0.00,Central Warehouse Inventory,2026-09-06T03:34:41.453917
533,20220630,1850,33,10,0.00,0.00,Central Warehouse Inventory,2026-09-06T03:34:41.453917
534,20220630,1851,33,10,0.00,0.00,Central Warehouse Inventory,2026-09-06T03:34:41.453917
535,20220630,1852,3,10,0.00,0.00,Central Warehouse Inventory,2026-09-06T03:34:41.453917
536,20220630,1853,3,10,0.00,0.00,Central Warehouse Inventory,2026-09-06T03:34:41.453917
537,20220630,1854,6,10,0.00,0.00,Central Warehouse Inventory,2026-09-06T03:34:41.453917
538,20220630,1855,4,10,0.00,0.00,Central Warehouse Inventory,2026-09-06T03:34:41.453917
539,20220630,1856,2,10,0.00,0.00,Central Warehouse Inventory,2026-09-06T03:34:41.453917
540,20220630,1857,3,10,0.00,0.00,Central Warehouse Inventory,2026-09-06T03:34:41.453917
541,20220630,1858,8,10,0.00,0.00,Central Warehouse Inventory,2026-09-06T03:34:41.453917
542,20220630,1859,7,10,0.00,0.00,Central Warehouse Inventory,2026-09-06T03:34:41.453917
543,20220630,1860,5,10,0.00,0.00,Central Warehouse Inventory,2026-09-06T03:34:41.453917
544,20220630,1861,3,10,0.00,0.00,Central Warehouse Inventory,2026-09-06T03:34:41.453917
545,20220630,1862,6,10,0.00,0.00,Central Warehouse Inventory,2026-09-06T03:34:41.453917
546,20220630,1863,4,10,0.00,0.00,Central Warehouse Inventory,2026-09-06T03:34:41.453917
547,20220630,1864,2,10,0.00,0.00,Central Warehouse Inventory,2026-09-06T03:34:41.453917
548,20220630,1865,3,10,0.00,0.00,Central Warehouse Inventory,2026-09-06T03:34:41.453917
549,20220630,1866,2,10,0.00,0.00,Central Warehouse Inventory,2026-09-06T03:34:41.453917
550,20220630,1867,3,10,0.00,0.00,Central Warehouse Inventory,2026-09-06T03:34:41.453917
551,20220630,1868,3,10,0.00,0.00,Central Warehouse Inventory,2026-09-06T03:34:41.453917
552,20220630,1869,5,10,0.00,0.00,Central Warehouse Inventory,2026-09-06T03:34:41.453917
553,20220630,1870,2,10,0.00,0.00,Central Warehouse Inventory,2026-09-06T03:34:41.453917
554,20220630,1871,2,10,0.00,0.00,Central Warehouse Inventory,2026-09-06T03:34:41.453917
555,20220630,1872,3,10,0.00,0.00,Central Warehouse Inventory,2026-09-06T03:34:41.453917
556,20220630,1873,4,10,0.00,0.00,Central Warehouse Inventory,2026-09-06T03:34:41.453917
557,20220630,1874,12,10,0.00,0.00,Central Warehouse Inventory,2026-09-06T03:34:41.453917
558,20220630,1875,5,10,0.00,0.00,Central Warehouse Inventory,2026-09-06T03:34:41.453917
559,20220630,1876,2,10,0.00,0.00,Central Warehouse Inventory,2026-09-06T03:34:41.453917
560,20220630,1877,5,10,0.00,0.00,Central Warehouse Inventory,2026-09-06T03:34:41.453917
561,20220630,1878,6,10,0.00,0.00,Central Warehouse Inventory,2026-09-06T03:34:41.453917
562,20220630,1879,10,10,0.00,0.00,Central Warehouse Inventory,2026-09-06T03:34:41.453917
563,20220630,1880,5,10,0.00,0.00,Central Warehouse Inventory,2026-09-06T03:34:41.453917
564,20220630,1881,2,10,0.00,0.00,Central Warehouse Inventory,2026-09-06T03:34:41.453917
565,20220630,1882,3,10,0.00,0.00,Central Warehouse Inventory,2026-09-06T03:34:41.453917
566,20220630,1883,3,10,0.00,0.00,Central Warehouse Inventory,2026-09-06T03:34:41.453917
567,20220630,1884,5,10,0.00,0.00,Central Warehouse Inventory,2026-09-06T03:34:41.453917
568,20220630,1885,2,10,0.00,0.00,Central Warehouse Inventory,2026-09-06T03:34:41.453917
569,20220630,1886,2,10,0.00,0.00,Central Warehouse Inventory,2026-09-06T03:34:41.453917
570,20220630,1887,7,10,0.00,0.00,Central Warehouse Inventory,2026-09-06T03:34:41.453917
571,20220630,1888,13,10,0.00,0.00,Central Warehouse Inventory,2026-09-06T03:34:41.453917
572,20220630,1889,7,10,0.00,0.00,Central Warehouse Inventory,2026-09-06T03:34:41.453917
573,20220630,1890,4,10,0.00,0.00,Central Warehouse Inventory,2026-09-06T03:34:41.453917
574,20220630,1891,4,10,0.00,0.00,Central Warehouse Inventory,2026-09-06T03:34:41.453917
575,20220630,1892,3,10,0.00,0.00,Central Warehouse Inventory,2026-09-06T03:34:41.453917
576,20220630,1893,3,10,0.00,0.00,Central Warehouse Inventory,2026-09-06T03:34:41.453917
577,20220630,1894,4,10,0.00,0.00,Central Warehouse Inventory,2026-09-06T03:34:41.453917
578,20220630,1895,4,10,0.00,0.00,Central Warehouse Inventory,2026-09-06T03:34:41.453917
579,20220630,1896,2,10,0.00,0.00,Central Warehouse Inventory,2026-09-06T03:34:41.453917
580,20220630,1897,2,10,0.00,0.00,Central Warehouse Inventory,2026-09-06T03:34:41.453917
581,20220630,1898,4,10,0.00,0.00,Central Warehouse Inventory,2026-09-06T03:34:41.453917
582,20220630,1899,3,10,0.00,0.00,Central Warehouse Inventory,2026-09-06T03:34:41.453917
583,20220630,1900,2,10,0.00,0.00,Central Warehouse Inventory,2026-09-06T03:34:41.453917
584,20220630,1901,3,10,0.00,0.00,Central Warehouse Inventory,2026-09-06T03:34:41.453917
585,20220630,1902,2,10,0.00,0.00,Central Warehouse Inventory,2026-09-06T03:34:41.453917
586,20220630,1903,5,10,0.00,0.00,Central Warehouse Inventory,2026-09-06T03:34:41.453917
587,20220630,1904,3,10,0.00,0.00,Central Warehouse Inventory,2026-09-06T03:34:41.453917
588,20220630,1905,3,10,0.00,0.00,Central Warehouse Inventory,2026-09-06T03:34:41.453917
589,20220630,1906,1,10,0.00,0.00,Central Warehouse Inventory,2026-09-06T03:34:41.453917
590,20220630,1907,2,10,0.00,0.00,Central Warehouse Inventory,2026-09-06T03:34:41.453917
591,20220630,1908,2,10,0.00,0.00,Central Warehouse Inventory,2026-09-06T03:34:41.453917
592,20220630,1909,2,10,0.00,0.00,Central Warehouse Inventory,2026-09-06T03:34:41.453917
593,20220630,1910,2,10,0.00,0.00,Central Warehouse Inventory,2026-09-06T03:34:41.453917
594,20220630,1911,1,10,0.00,0.00,Central Warehouse Inventory,2026-09-06T03:34:41.453917
595,20220630,1912,4,10,0.00,0.00,Central Warehouse Inventory,2026-09-06T03:34:41.453917
596,20220630,1913,4,10,0.00,0.00,Central Warehouse Inventory,2026-09-06T03:34:41.453917
597,20220630,1914,4,10,0.00,0.00,Central Warehouse Inventory,2026-09-06T03:34:41.453917
598,20220630,1915,3,10,0.00,0.00,Central Warehouse Inventory,2026-09-06T03:34:41.453917
599,20220630,1916,3,10,0.00,0.00,Central Warehouse Inventory,2026-09-06T03:34:41.453917
600,20220630,1917,2,10,0.00,0.00,Central Warehouse Inventory,2026-09-06T03:34:41.453917
601,20220630,1918,19,10,0.00,0.00,Central Warehouse Inventory,2026-09-06T03:34:41.453917
602,20220630,1919,9,10,0.00,0.00,Central Warehouse Inventory,2026-09-06T03:34:41.453917
603,20220630,1920,26,10,0.00,0.00,Central Warehouse Inventory,2026-09-06T03:34:41.453917
604,20220630,1921,42,10,0.00,0.00,Central Warehouse Inventory,2026-09-06T03:34:41.453917
605,20220630,1922,20,10,0.00,0.00,Central Warehouse Inventory,2026-09-06T03:34:41.453917
606,20220630,1923,14,10,0.00,0.00,Central Warehouse Inventory,2026-09-06T03:34:41.453917
607,20220630,1924,93,10,0.00,0.00,Central Warehouse Inventory,2026-09-06T03:34:41.453917
608,20220630,1925,82,10,0.00,0.00,Central Warehouse Inventory,2026-09-06T03:34:41.453917
609,20220630,1926,165,10,0.00,0.00,Central Warehouse Inventory,2026-09-06T03:34:41.453917
610,20220630,1927,62,10,0.00,0.00,Central Warehouse Inventory,2026-09-06T03:34:41.453917
611,20220630,1928,97,10,0.00,0.00,Central Warehouse Inventory,2026-09-06T03:34:41.453917
612,20220630,1929,73,10,0.00,0.00,Central Warehouse Inventory,2026-09-06T03:34:41.453917
613,20220630,1930,7,10,0.00,0.00,Central Warehouse Inventory,2026-09-06T03:34:41.453917
614,20220630,1931,3,10,0.00,0.00,Central Warehouse Inventory,2026-09-06T03:34:41.453917
615,20220630,1932,7,10,0.00,0.00,Central Warehouse Inventory,2026-09-06T03:34:41.453917
616,20220630,1933,9,10,0.00,0.00,Central Warehouse Inventory,2026-09-06T03:34:41.453917
617,20220630,1934,5,10,0.00,0.00,Central Warehouse Inventory,2026-09-06T03:34:41.453917
618,20220630,1935,13,10,0.00,0.00,Central Warehouse Inventory,2026-09-06T03:34:41.453917
619,20220630,1936,3,10,0.00,0.00,Central Warehouse Inventory,2026-09-06T03:34:41.453917
620,20220630,1937,9,10,0.00,0.00,Central Warehouse Inventory,2026-09-06T03:34:41.453917
621,20220630,1938,57,10,0.00,0.00,Central Warehouse Inventory,2026-09-06T03:34:41.453917
622,20220630,1939,61,10,0.00,0.00,Central Warehouse Inventory,2026-09-06T03:34:41.453917
623,20220630,1940,58,10,0.00,0.00,Central Warehouse Inventory,2026-09-06T03:34:41.453917
624,20220630,1941,18,10,0.00,0.00,Central Warehouse Inventory,2026-09-06T03:34:41.453917
625,20220630,1942,53,10,0.00,0.00,Central Warehouse Inventory,2026-09-06T03:34:41.453917
626,20220630,1943,11,10,0.00,0.00,Central Warehouse Inventory,2026-09-06T03:34:41.453917
627,20220630,1944,33,10,0.00,0.00,Central Warehouse Inventory,2026-09-06T03:34:41.453917
628,20220630,1945,20,10,0.00,0.00,Central Warehouse Inventory,2026-09-06T03:34:41.453917
629,20220630,1946,49,10,0.00,0.00,Central Warehouse Inventory,2026-09-06T03:34:41.453917
630,20220630,1947,29,10,0.00,0.00,Central Warehouse Inventory,2026-09-06T03:34:41.453917
631,20220630,1948,31,10,0.00,0.00,Central Warehouse Inventory,2026-09-06T03:34:41.453917
632,20220630,1949,45,10,0.00,0.00,Central Warehouse Inventory,2026-09-06T03:34:41.453917
633,20220630,1950,30,10,0.00,0.00,Central Warehouse Inventory,2026-09-06T03:34:41.453917
634,20220630,1951,73,10,0.00,0.00,Central Warehouse Inventory,2026-09-06T03:34:41.453917
635,20220630,1952,132,10,0.00,0.00,Central Warehouse Inventory,2026-09-06T03:34:41.453917
636,20220630,1953,86,10,0.00,0.00,Central Warehouse Inventory,2026-09-06T03:34:41.453917
637,20220630,1954,51,10,0.00,0.00,Central Warehouse Inventory,2026-09-06T03:34:41.453917
638,20220630,1955,23,10,0.00,0.00,Central Warehouse Inventory,2026-09-06T03:34:41.453917
639,20220630,1956,149,10,0.00,0.00,Central Warehouse Inventory,2026-09-06T03:34:41.453917
640,20220630,1957,35,10,0.00,0.00,Central Warehouse Inventory,2026-09-06T03:34:41.453917
641,20220630,1958,33,10,0.00,0.00,Central Warehouse Inventory,2026-09-06T03:34:41.453917
642,20220630,1959,11,10,0.00,0.00,Central Warehouse Inventory,2026-09-06T03:34:41.453917
643,20220630,1960,6,10,0.00,0.00,Central Warehouse Inventory,2026-09-06T03:34:41.453917
644,20220630,1961,31,10,0.00,0.00,Central Warehouse Inventory,2026-09-06T03:34:41.453917
645,20220630,1962,13,10,0.00,0.00,Central Warehouse Inventory,2026-09-06T03:34:41.453917
646,20220630,1963,89,10,0.00,0.00,Central Warehouse Inventory,2026-09-06T03:34:41.453917
647,20220630,1964,19,10,0.00,0.00,Central Warehouse Inventory,2026-09-06T03:34:41.453917
648,20220630,1965,45,10,0.00,0.00,Central Warehouse Inventory,2026-09-06T03:34:41.453917
649,20220630,1966,89,10,0.00,0.00,Central Warehouse Inventory,2026-09-06T03:34:41.453917
650,20220630,1967,29,10,0.00,0.00,Central Warehouse Inventory,2026-09-06T03:34:41.453917
651,20220630,1968,171,10,0.00,0.00,Central Warehouse Inventory,2026-09-06T03:34:41.453917
652,20220630,1969,318,10,0.00,0.00,Central Warehouse Inventory,2026-09-06T03:34:41.453917
653,20220630,1970,161,10,0.00,0.00,Central Warehouse Inventory,2026-09-06T03:34:41.453917
654,20220630,1971,28,10,0.00,0.00,Central Warehouse Inventory,2026-09-06T03:34:41.453917
655,20220630,1972,51,10,0.00,0.00,Central Warehouse Inventory,2026-09-06T03:34:41.453917
656,20220630,1973,30,10,0.00,0.00,Central Warehouse Inventory,2026-09-06T03:34:41.453917
657,20220630,1974,88,10,0.00,0.00,Central Warehouse Inventory,2026-09-06T03:34:41.453917
658,20220630,1975,44,10,0.00,0.00,Central Warehouse Inventory,2026-09-06T03:34:41.453917
659,20220630,1976,34,10,0.00,0.00,Central Warehouse Inventory,2026-09-06T03:34:41.453917
660,20220630,1977,64,10,0.00,0.00,Central Warehouse Inventory,2026-09-06T03:34:41.453917
661,20220630,1978,13,10,0.00,0.00,Central Warehouse Inventory,2026-09-06T03:34:41.453917
662,20220630,1979,26,10,0.00,0.00,Central Warehouse Inventory,2026-09-06T03:34:41.453917
663,20220630,1980,11,10,0.00,0.00,Central Warehouse Inventory,2026-09-06T03:34:41.453917
664,20220630,1981,3,10,0.00,0.00,Central Warehouse Inventory,2026-09-06T03:34:41.453917
665,20220630,1982,14,10,0.00,0.00,Central Warehouse Inventory,2026-09-06T03:34:41.453917
666,20220630,1983,10,10,0.00,0.00,Central Warehouse Inventory,2026-09-06T03:34:41.453917
667,20220630,1984,7,10,0.00,0.00,Central Warehouse Inventory,2026-09-06T03:34:41.453917
668,20220630,1985,37,10,0.00,0.00,Central Warehouse Inventory,2026-09-06T03:34:41.453917
669,20220630,1986,45,10,0.00,0.00,Central Warehouse Inventory,2026-09-06T03:34:41.453917
670,20220630,1987,71,10,0.00,0.00,Central Warehouse Inventory,2026-09-06T03:34:41.453917
671,20220630,1988,13,10,0.00,0.00,Central Warehouse Inventory,2026-09-06T03:34:41.453917
672,20220630,1989,9,10,0.00,0.00,Central Warehouse Inventory,2026-09-06T03:34:41.453917
673,20220630,1990,3,10,0.00,0.00,Central Warehouse Inventory,2026-09-06T03:34:41.453917
674,20220630,1991,7,10,0.00,0.00,Central Warehouse Inventory,2026-09-06T03:34:41.453917
675,20220630,1992,41,10,0.00,0.00,Central Warehouse Inventory,2026-09-06T03:34:41.453917
676,20220630,1993,29,10,0.00,0.00,Central Warehouse Inventory,2026-09-06T03:34:41.453917
677,20220630,1994,10,10,0.00,0.00,Central Warehouse Inventory,2026-09-06T03:34:41.453917
678,20220630,1995,57,10,0.00,0.00,Central Warehouse Inventory,2026-09-06T03:34:41.453917
679,20220630,1996,136,10,0.00,0.00,Central Warehouse Inventory,2026-09-06T03:34:41.453917
680,20220630,1997,25,10,0.00,0.00,Central Warehouse Inventory,2026-09-06T03:34:41.453917
681,20220630,1998,93,10,0.00,0.00,Central Warehouse Inventory,2026-09-06T03:34:41.453917
682,20220630,1999,22,10,0.00,0.00,Central Warehouse Inventory,2026-09-06T03:34:41.453917
683,20220630,2000,69,10,0.00,0.00,Central Warehouse Inventory,2026-09-06T03:34:41.453917
684,20220630,2001,7,10,0.00,0.00,Central Warehouse Inventory,2026-09-06T03:34:41.453917
685,20220630,2002,4,10,0.00,0.00,Central Warehouse Inventory,2026-09-06T03:34:41.453917
686,20220630,2003,8,10,0.00,0.00,Central Warehouse Inventory,2026-09-06T03:34:41.453917
687,20220630,2004,4,10,0.00,0.00,Central Warehouse Inventory,2026-09-06T03:34:41.453917
688,20220630,2005,17,10,0.00,0.00,Central Warehouse Inventory,2026-09-06T03:34:41.453917
689,20220630,2006,5,10,0.00,0.00,Central Warehouse Inventory,2026-09-06T03:34:41.453917
690,20220630,2007,6,10,0.00,0.00,Central Warehouse Inventory,2026-09-06T03:34:41.453917
691,20220630,2008,28,10,0.00,0.00,Central Warehouse Inventory,2026-09-06T03:34:41.453917
692,20220630,2009,4,10,0.00,0.00,Central Warehouse Inventory,2026-09-06T03:34:41.453917
693,20220630,2010,70,10,0.00,0.00,Central Warehouse Inventory,2026-09-06T03:34:41.453917
694,20220630,2011,27,10,0.00,0.00,Central Warehouse Inventory,2026-09-06T03:34:41.453917
695,20220630,2012,17,10,0.00,0.00,Central Warehouse Inventory,2026-09-06T03:34:41.453917
696,20220630,2013,29,10,0.00,0.00,Central Warehouse Inventory,2026-09-06T03:34:41.453917
697,20220630,2014,72,10,0.00,0.00,Central Warehouse Inventory,2026-09-06T03:34:41.453917
698,20220630,2015,0,10,0.00,0.00,Central Warehouse Inventory,2026-09-06T03:34:41.453917
699,20220630,2016,1,10,0.00,0.00,Central Warehouse Inventory,2026-09-06T03:34:41.453917
700,20220630,2017,3,10,0.00,0.00,Central Warehouse Inventory,2026-09-06T03:34:41.453917
701,20220630,2018,2,10,0.00,0.00,Central Warehouse Inventory,2026-09-06T03:34:41.453917
702,20220630,2019,4,10,0.00,0.00,Central Warehouse Inventory,2026-09-06T03:34:41.453917
703,20220630,2020,0,10,0.00,0.00,Central Warehouse Inventory,2026-09-06T03:34:41.453917
704,20220630,2021,0,10,0.00,0.00,Central Warehouse Inventory,2026-09-06T03:34:41.453917
705,20220630,2022,2,10,0.00,0.00,Central Warehouse Inventory,2026-09-06T03:34:41.453917
706,20220630,2023,2,10,0.00,0.00,Central Warehouse Inventory,2026-09-06T03:34:41.453917
707,20220630,2024,2,10,0.00,0.00,Central Warehouse Inventory,2026-09-06T03:34:41.453917
708,20220630,2025,1,10,0.00,0.00,Central Warehouse Inventory,2026-09-06T03:34:41.453917
709,20220630,2026,2,10,0.00,0.00,Central Warehouse Inventory,2026-09-06T03:34:41.453917
710,20220630,2027,2,10,0.00,0.00,Central Warehouse Inventory,2026-09-06T03:34:41.453917
711,20220630,2028,1,10,0.00,0.00,Central Warehouse Inventory,2026-09-06T03:34:41.453917
712,20220630,2029,0,10,0.00,0.00,Central Warehouse Inventory,2026-09-06T03:34:41.453917
713,20220630,2030,0,10,0.00,0.00,Central Warehouse Inventory,2026-09-06T03:34:41.453917
714,20220630,2031,4,10,0.00,0.00,Central Warehouse Inventory,2026-09-06T03:34:41.453917
715,20220630,2032,9,10,0.00,0.00,Central Warehouse Inventory,2026-09-06T03:34:41.453917
716,20220630,2033,1,10,0.00,0.00,Central Warehouse Inventory,2026-09-06T03:34:41.453917
717,20220630,2034,1,10,0.00,0.00,Central Warehouse Inventory,2026-09-06T03:34:41.453917
718,20220630,2035,2,10,0.00,0.00,Central Warehouse Inventory,2026-09-06T03:34:41.453917
719,20220630,2036,3,10,0.00,0.00,Central Warehouse Inventory,2026-09-06T03:34:41.453917
720,20220630,2037,4,10,0.00,0.00,Central Warehouse Inventory,2026-09-06T03:34:41.453917
721,20220630,2038,3,10,0.00,0.00,Central Warehouse Inventory,2026-09-06T03:34:41.453917
722,20220630,2039,11,10,0.00,0.00,Central Warehouse Inventory,2026-09-06T03:34:41.453917
723,20220630,2040,3,10,0.00,0.00,Central Warehouse Inventory,2026-09-06T03:34:41.453917
724,20220630,2041,3,10,0.00,0.00,Central Warehouse Inventory,2026-09-06T03:34:41.453917
725,20220630,2042,0,10,0.00,0.00,Central Warehouse Inventory,2026-09-06T03:34:41.453917
726,20220630,2043,1,10,0.00,0.00,Central Warehouse Inventory,2026-09-06T03:34:41.453917
727,20220630,2044,1,10,0.00,0.00,Central Warehouse Inventory,2026-09-06T03:34:41.453917
728,20220630,2045,0,10,0.00,0.00,Central Warehouse Inventory,2026-09-06T03:34:41.453917
729,20220630,2046,3,10,0.00,0.00,Central Warehouse Inventory,2026-09-06T03:34:41.453917
730,20220630,2047,1,10,0.00,0.00,Central Warehouse Inventory,2026-09-06T03:34:41.453917
731,20220630,2048,1,10,0.00,0.00,Central Warehouse Inventory,2026-09-06T03:34:41.453917
732,20220630,2049,2,10,0.00,0.00,Central Warehouse Inventory,2026-09-06T03:34:41.453917
733,20220630,2050,1,10,0.00,0.00,Central Warehouse Inventory,2026-09-06T03:34:41.453917
734,20220630,2051,2,10,0.00,0.00,Central Warehouse Inventory,2026-09-06T03:34:41.453917
735,20220630,2052,2,10,0.00,0.00,Central Warehouse Inventory,2026-09-06T03:34:41.453917
736,20220630,2053,4,10,0.00,0.00,Central Warehouse Inventory,2026-09-06T03:34:41.453917
737,20220630,2054,2,10,0.00,0.00,Central Warehouse Inventory,2026-09-06T03:34:41.453917
738,20220630,2055,6,10,0.00,0.00,Central Warehouse Inventory,2026-09-06T03:34:41.453917
739,20220630,2056,3,10,0.00,0.00,Central Warehouse Inventory,2026-09-06T03:34:41.453917
740,20220630,2057,4,10,0.00,0.00,Central Warehouse Inventory,2026-09-06T03:34:41.453917
741,20220630,2058,6,10,0.00,0.00,Central Warehouse Inventory,2026-09-06T03:34:41.453917
742,20220630,2059,1,10,0.00,0.00,Central Warehouse Inventory,2026-09-06T03:34:41.453917
743,20220630,2060,135,10,0.00,0.00,Central Warehouse Inventory,2026-09-06T03:34:41.453917
744,20220630,2061,94,10,0.00,0.00,Central Warehouse Inventory,2026-09-06T03:34:41.453917
745,20220630,2062,176,10,0.00,0.00,Central Warehouse Inventory,2026-09-06T03:34:41.453917
746,20220630,2063,83,10,0.00,0.00,Central Warehouse Inventory,2026-09-06T03:34:41.453917
747,20220630,2064,151,10,0.00,0.00,Central Warehouse Inventory,2026-09-06T03:34:41.453917
748,20220630,2065,92,10,0.00,0.00,Central Warehouse Inventory,2026-09-06T03:34:41.453917
749,20220630,2066,63,10,0.00,0.00,Central Warehouse Inventory,2026-09-06T03:34:41.453917
750,20220630,2067,1,10,0.00,0.00,Central Warehouse Inventory,2026-09-06T03:34:41.453917
751,20220630,2068,0,10,0.00,0.00,Central Warehouse Inventory,2026-09-06T03:34:41.453917
752,20220630,2069,4,10,0.00,0.00,Central Warehouse Inventory,2026-09-06T03:34:41.453917
753,20220630,2070,0,10,0.00,0.00,Central Warehouse Inventory,2026-09-06T03:34:41.453917
754,20220630,2071,7,10,0.00,0.00,Central Warehouse Inventory,2026-09-06T03:34:41.453917
755,20220630,2072,3,10,0.00,0.00,Central Warehouse Inventory,2026-09-06T03:34:41.453917
756,20220630,2073,4,10,0.00,0.00,Central Warehouse Inventory,2026-09-06T03:34:41.453917
757,20220630,2074,1,10,0.00,0.00,Central Warehouse Inventory,2026-09-06T03:34:41.453917
758,20220630,2075,1,10,0.00,0.00,Central Warehouse Inventory,2026-09-06T03:34:41.453917
759,20220630,2076,0,10,0.00,0.00,Central Warehouse Inventory,2026-09-06T03:34:41.453917
760,20220630,2077,0,10,0.00,0.00,Central Warehouse Inventory,2026-09-06T03:34:41.453917
761,20220630,2078,3,10,0.00,0.00,Central Warehouse Inventory,2026-09-06T03:34:41.453917
762,20220630,2079,1,10,0.00,0.00,Central Warehouse Inventory,2026-09-06T03:34:41.453917
763,20220630,2080,0,10,0.00,0.00,Central Warehouse Inventory,2026-09-06T03:34:41.453917
764,20220630,2081,0,10,0.00,0.00,Central Warehouse Inventory,2026-09-06T03:34:41.453917
765,20220630,2082,0,10,0.00,0.00,Central Warehouse Inventory,2026-09-06T03:34:41.453917
766,20220630,2083,0,10,0.00,0.00,Central Warehouse Inventory,2026-09-06T03:34:41.453917
767,20220630,2084,1,10,0.00,0.00,Central Warehouse Inventory,2026-09-06T03:34:41.453917
768,20220630,2085,0,10,0.00,0.00,Central Warehouse Inventory,2026-09-06T03:34:41.453917
769,20220630,2086,0,10,0.00,0.00,Central Warehouse Inventory,2026-09-06T03:34:41.453917
770,20220630,2087,0,10,0.00,0.00,Central Warehouse Inventory,2026-09-06T03:34:41.453917
771,20220630,2088,2,10,0.00,0.00,Central Warehouse Inventory,2026-09-06T03:34:41.453917
772,20220630,2089,0,10,0.00,0.00,Central Warehouse Inventory,2026-09-06T03:34:41.453917
773,20220630,2090,1,10,0.00,0.00,Central Warehouse Inventory,2026-09-06T03:34:41.453917
774,20220630,2091,1,10,0.00,0.00,Central Warehouse Inventory,2026-09-06T03:34:41.453917
775,20220630,2092,4,10,0.00,0.00,Central Warehouse Inventory,2026-09-06T03:34:41.453917
776,20220630,2093,1,10,0.00,0.00,Central Warehouse Inventory,2026-09-06T03:34:41.453917
777,20220630,2094,1,10,0.00,0.00,Central Warehouse Inventory,2026-09-06T03:34:41.453917
778,20220630,2095,1,10,0.00,0.00,Central Warehouse Inventory,2026-09-06T03:34:41.453917
779,20220630,2096,0,10,0.00,0.00,Central Warehouse Inventory,2026-09-06T03:34:41.453917
780,20220630,2097,0,10,0.00,0.00,Central Warehouse Inventory,2026-09-06T03:34:41.453917
781,20220630,2098,1,10,0.00,0.00,Central Warehouse Inventory,2026-09-06T03:34:41.453917
782,20220630,2099,1,10,0.00,0.00,Central Warehouse Inventory,2026-09-06T03:34:41.453917
783,20220630,2100,1,10,0.00,0.00,Central Warehouse Inventory,2026-09-06T03:34:41.453917
784,20220630,2101,0,10,0.00,0.00,Central Warehouse Inventory,2026-09-06T03:34:41.453917
785,20220630,2102,0,10,0.00,0.00,Central Warehouse Inventory,2026-09-06T03:34:41.453917
786,20220630,2103,0,10,0.00,0.00,Central Warehouse Inventory,2026-09-06T03:34:41.453917
787,20220630,2104,1,10,0.00,0.00,Central Warehouse Inventory,2026-09-06T03:34:41.453917
788,20220630,2105,0,10,0.00,0.00,Central Warehouse Inventory,2026-09-06T03:34:41.453917
789,20220630,2106,0,10,0.00,0.00,Central Warehouse Inventory,2026-09-06T03:34:41.453917
790,20220630,2107,4,10,0.00,0.00,Central Warehouse Inventory,2026-09-06T03:34:41.453917
791,20220630,2108,9,10,0.00,0.00,Central Warehouse Inventory,2026-09-06T03:34:41.453917
792,20220630,2109,3,10,0.00,0.00,Central Warehouse Inventory,2026-09-06T03:34:41.453917
793,20220630,2110,9,10,0.00,0.00,Central Warehouse Inventory,2026-09-06T03:34:41.453917
794,20220630,2111,3,10,0.00,0.00,Central Warehouse Inventory,2026-09-06T03:34:41.453917
795,20220630,2112,4,10,0.00,0.00,Central Warehouse Inventory,2026-09-06T03:34:41.453917
796,20220630,2113,2,10,0.00,0.00,Central Warehouse Inventory,2026-09-06T03:34:41.453917
797,20220630,2114,47,10,0.00,0.00,Central Warehouse Inventory,2026-09-06T03:34:41.453917
798,20220630,2115,34,10,0.00,0.00,Central Warehouse Inventory,2026-09-06T03:34:41.453917
799,20220630,2116,3,10,0.00,0.00,Central Warehouse Inventory,2026-09-06T03:34:41.453917
800,20220630,2117,56,10,0.00,0.00,Central Warehouse Inventory,2026-09-06T03:34:41.453917
801,20220630,2118,4,10,0.00,0.00,Central Warehouse Inventory,2026-09-06T03:34:41.453917
802,20220630,2119,4,10,0.00,0.00,Central Warehouse Inventory,2026-09-06T03:34:41.453917
803,20220630,2120,2,10,0.00,0.00,Central Warehouse Inventory,2026-09-06T03:34:41.453917
804,20220630,2121,5,10,0.00,0.00,Central Warehouse Inventory,2026-09-06T03:34:41.453917
805,20220630,2122,2,10,0.00,0.00,Central Warehouse Inventory,2026-09-06T03:34:41.453917
806,20220630,2123,6,10,0.00,0.00,Central Warehouse Inventory,2026-09-06T03:34:41.453917
807,20220630,2124,2,10,0.00,0.00,Central Warehouse Inventory,2026-09-06T03:34:41.453917
808,20220630,2125,0,10,0.00,0.00,Central Warehouse Inventory,2026-09-06T03:34:41.453917
809,20220630,2126,1,10,0.00,0.00,Central Warehouse Inventory,2026-09-06T03:34:41.453917
810,20220630,2127,2,10,0.00,0.00,Central Warehouse Inventory,2026-09-06T03:34:41.453917
811,20220630,2128,1,10,0.00,0.00,Central Warehouse Inventory,2026-09-06T03:34:41.453917
812,20220630,2129,3,10,0.00,0.00,Central Warehouse Inventory,2026-09-06T03:34:41.453917
813,20220630,2130,1,10,0.00,0.00,Central Warehouse Inventory,2026-09-06T03:34:41.453917
814,20220630,2131,0,10,0.00,0.00,Central Warehouse Inventory,2026-09-06T03:34:41.453917
815,20220630,2132,5,10,0.00,0.00,Central Warehouse Inventory,2026-09-06T03:34:41.453917
816,20220630,2133,5,10,0.00,0.00,Central Warehouse Inventory,2026-09-06T03:34:41.453917
817,20220630,2134,9,10,0.00,0.00,Central Warehouse Inventory,2026-09-06T03:34:41.453917
818,20220630,2135,2,10,0.00,0.00,Central Warehouse Inventory,2026-09-06T03:34:41.453917
819,20220630,2136,27,10,0.00,0.00,Central Warehouse Inventory,2026-09-06T03:34:41.453917
820,20220630,2137,7,10,0.00,0.00,Central Warehouse Inventory,2026-09-06T03:34:41.453917
821,20220630,2138,5,10,0.00,0.00,Central Warehouse Inventory,2026-09-06T03:34:41.453917
822,20220630,2139,1,10,0.00,0.00,Central Warehouse Inventory,2026-09-06T03:34:41.453917
823,20220630,2140,1,10,0.00,0.00,Central Warehouse Inventory,2026-09-06T03:34:41.453917
824,20220630,2141,2,10,0.00,0.00,Central Warehouse Inventory,2026-09-06T03:34:41.453917
825,20220630,2142,1,10,0.00,0.00,Central Warehouse Inventory,2026-09-06T03:34:41.453917
826,20220630,2143,7,10,0.00,0.00,Central Warehouse Inventory,2026-09-06T03:34:41.453917
827,20220630,2144,1,10,0.00,0.00,Central Warehouse Inventory,2026-09-06T03:34:41.453917
828,20220630,2145,2,10,0.00,0.00,Central Warehouse Inventory,2026-09-06T03:34:41.453917
829,20220630,2146,2,10,0.00,0.00,Central Warehouse Inventory,2026-09-06T03:34:41.453917
830,20220630,2147,1,10,0.00,0.00,Central Warehouse Inventory,2026-09-06T03:34:41.453917
831,20220630,2148,0,10,0.00,0.00,Central Warehouse Inventory,2026-09-06T03:34:41.453917
832,20220630,2149,3,10,0.00,0.00,Central Warehouse Inventory,2026-09-06T03:34:41.453917
833,20220630,2150,4,10,0.00,0.00,Central Warehouse Inventory,2026-09-06T03:34:41.453917
834,20220630,2151,0,10,0.00,0.00,Central Warehouse Inventory,2026-09-06T03:34:41.453917
835,20220630,2152,0,10,0.00,0.00,Central Warehouse Inventory,2026-09-06T03:34:41.453917
836,20220630,2153,1,10,0.00,0.00,Central Warehouse Inventory,2026-09-06T03:34:41.453917
837,20220630,2154,1,10,0.00,0.00,Central Warehouse Inventory,2026-09-06T03:34:41.453917
838,20220630,2155,0,10,0.00,0.00,Central Warehouse Inventory,2026-09-06T03:34:41.453917
839,20220630,2156,2,10,0.00,0.00,Central Warehouse Inventory,2026-09-06T03:34:41.453917
840,20220630,2157,4,10,0.00,0.00,Central Warehouse Inventory,2026-09-06T03:34:41.453917
841,20220630,2158,0,10,0.00,0.00,Central Warehouse Inventory,2026-09-06T03:34:41.453917
842,20220630,2159,3,10,0.00,0.00,Central Warehouse Inventory,2026-09-06T03:34:41.453917
843,20220630,2160,5,10,0.00,0.00,Central Warehouse Inventory,2026-09-06T03:34:41.453917
844,20220630,2161,2,10,0.00,0.00,Central Warehouse Inventory,2026-09-06T03:34:41.453917
845,20220630,2162,3,10,0.00,0.00,Central Warehouse Inventory,2026-09-06T03:34:41.453917
846,20220630,2163,7,10,0.00,0.00,Central Warehouse Inventory,2026-09-06T03:34:41.453917
847,20220630,2164,3,10,0.00,0.00,Central Warehouse Inventory,2026-09-06T03:34:41.453917
848,20220630,2165,3,10,0.00,0.00,Central Warehouse Inventory,2026-09-06T03:34:41.453917
849,20220630,2166,3,10,0.00,0.00,Central Warehouse Inventory,2026-09-06T03:34:41.453917
850,20220630,2167,2,10,0.00,0.00,Central Warehouse Inventory,2026-09-06T03:34:41.453917
851,20220630,2168,0,10,0.00,0.00,Central Warehouse Inventory,2026-09-06T03:34:41.453917
852,20220630,2169,2,10,0.00,0.00,Central Warehouse Inventory,2026-09-06T03:34:41.453917
853,20220630,2170,1,10,0.00,0.00,Central Warehouse Inventory,2026-09-06T03:34:41.453917
854,20220630,2171,4,10,0.00,0.00,Central Warehouse Inventory,2026-09-06T03:34:41.453917
855,20220630,2172,1,10,0.00,0.00,Central Warehouse Inventory,2026-09-06T03:34:41.453917
856,20220630,2173,2,10,0.00,0.00,Central Warehouse Inventory,2026-09-06T03:34:41.453917
857,20220630,2174,1,10,0.00,0.00,Central Warehouse Inventory,2026-09-06T03:34:41.453917
858,20220630,2175,0,10,0.00,0.00,Central Warehouse Inventory,2026-09-06T03:34:41.453917
859,20220630,2176,2,10,0.00,0.00,Central Warehouse Inventory,2026-09-06T03:34:41.453917
860,20220630,2177,2,10,0.00,0.00,Central Warehouse Inventory,2026-09-06T03:34:41.453917
861,20220630,2178,4,10,0.00,0.00,Central Warehouse Inventory,2026-09-06T03:34:41.453917
862,20220630,2179,0,10,0.00,0.00,Central Warehouse Inventory,2026-09-06T03:34:41.453917
863,20220630,2180,0,10,0.00,0.00,Central Warehouse Inventory,2026-09-06T03:34:41.453917
864,20220630,2181,1,10,0.00,0.00,Central Warehouse Inventory,2026-09-06T03:34:41.453917
865,20220630,2182,0,10,0.00,0.00,Central Warehouse Inventory,2026-09-06T03:34:41.453917
866,20220630,2183,3,10,0.00,0.00,Central Warehouse Inventory,2026-09-06T03:34:41.453917
867,20220630,2184,0,10,0.00,0.00,Central Warehouse Inventory,2026-09-06T03:34:41.453917
868,20220630,2185,2,10,0.00,0.00,Central Warehouse Inventory,2026-09-06T03:34:41.453917
869,20220630,2186,0,10,0.00,0.00,Central Warehouse Inventory,2026-09-06T03:34:41.453917
870,20220630,2187,0,10,0.00,0.00,Central Warehouse Inventory,2026-09-06T03:34:41.453917
871,20220630,2188,2,10,0.00,0.00,Central Warehouse Inventory,2026-09-06T03:34:41.453917
872,20220630,2189,1,10,0.00,0.00,Central Warehouse Inventory,2026-09-06T03:34:41.453917
873,20220630,2190,1,10,0.00,0.00,Central Warehouse Inventory,2026-09-06T03:34:41.453917
874,20220630,2191,0,10,0.00,0.00,Central Warehouse Inventory,2026-09-06T03:34:41.453917
875,20220630,2192,2,10,0.00,0.00,Central Warehouse Inventory,2026-09-06T03:34:41.453917
876,20220630,2193,1,10,0.00,0.00,Central Warehouse Inventory,2026-09-06T03:34:41.453917
877,20220630,2194,1,10,0.00,0.00,Central Warehouse Inventory,2026-09-06T03:34:41.453917
878,20220630,2195,1,10,0.00,0.00,Central Warehouse Inventory,2026-09-06T03:34:41.453917
879,20220630,2196,2,10,0.00,0.00,Central Warehouse Inventory,2026-09-06T03:34:41.453917
880,20220630,2197,1,10,0.00,0.00,Central Warehouse Inventory,2026-09-06T03:34:41.453917
881,20220630,2198,2,10,0.00,0.00,Central Warehouse Inventory,2026-09-06T03:34:41.453917
882,20220630,2199,4,10,0.00,0.00,Central Warehouse Inventory,2026-09-06T03:34:41.453917
883,20220630,2200,3,10,0.00,0.00,Central Warehouse Inventory,2026-09-06T03:34:41.453917
884,20220630,2201,2,10,0.00,0.00,Central Warehouse Inventory,2026-09-06T03:34:41.453917
885,20220630,2202,2,10,0.00,0.00,Central Warehouse Inventory,2026-09-06T03:34:41.453917
886,20220630,2203,3,10,0.00,0.00,Central Warehouse Inventory,2026-09-06T03:34:41.453917
887,20220630,2204,6,10,0.00,0.00,Central Warehouse Inventory,2026-09-06T03:34:41.453917
888,20220630,2205,1,10,0.00,0.00,Central Warehouse Inventory,2026-09-06T03:34:41.453917
889,20220630,2206,5,10,0.00,0.00,Central Warehouse Inventory,2026-09-06T03:34:41.453917
890,20220630,2207,3,10,0.00,0.00,Central Warehouse Inventory,2026-09-06T03:34:41.453917
891,20220630,2208,1,10,0.00,0.00,Central Warehouse Inventory,2026-09-06T03:34:41.453917
892,20220630,2209,2,10,0.00,0.00,Central Warehouse Inventory,2026-09-06T03:34:41.453917
893,20220630,2210,4,10,0.00,0.00,Central Warehouse Inventory,2026-09-06T03:34:41.453917
894,20220630,2211,4,10,0.00,0.00,Central Warehouse Inventory,2026-09-06T03:34:41.453917
895,20220630,2212,4,10,0.00,0.00,Central Warehouse Inventory,2026-09-06T03:34:41.453917
896,20220630,2213,8,10,0.00,0.00,Central Warehouse Inventory,2026-09-06T03:34:41.453917
897,20220630,2214,2,10,0.00,0.00,Central Warehouse Inventory,2026-09-06T03:34:41.453917
898,20220630,2215,2,10,0.00,0.00,Central Warehouse Inventory,2026-09-06T03:34:41.453917
899,20220630,2216,2,10,0.00,0.00,Central Warehouse Inventory,2026-09-06T03:34:41.453917
900,20220630,2217,2,10,0.00,0.00,Central Warehouse Inventory,2026-09-06T03:34:41.453917
901,20220630,2218,4,10,0.00,0.00,Central Warehouse Inventory,2026-09-06T03:34:41.453917
902,20220630,2219,2,10,0.00,0.00,Central Warehouse Inventory,2026-09-06T03:34:41.453917
903,20220630,2220,18,10,0.00,0.00,Central Warehouse Inventory,2026-09-06T03:34:41.453917
904,20220630,2221,2,10,0.00,0.00,Central Warehouse Inventory,2026-09-06T03:34:41.453917
905,20220630,2222,2,10,0.00,0.00,Central Warehouse Inventory,2026-09-06T03:34:41.453917
906,20220630,2223,2,10,0.00,0.00,Central Warehouse Inventory,2026-09-06T03:34:41.453917
907,20220630,2224,2,10,0.00,0.00,Central Warehouse Inventory,2026-09-06T03:34:41.453917
908,20220630,2225,3,10,0.00,0.00,Central Warehouse Inventory,2026-09-06T03:34:41.453917
909,20220630,2226,1,10,0.00,0.00,Central Warehouse Inventory,2026-09-06T03:34:41.453917
910,20220630,2227,0,10,0.00,0.00,Central Warehouse Inventory,2026-09-06T03:34:41.453917
911,20220630,2228,1,10,0.00,0.00,Central Warehouse Inventory,2026-09-06T03:34:41.453917
912,20220630,2229,0,10,0.00,0.00,Central Warehouse Inventory,2026-09-06T03:34:41.453917
913,20220630,2230,1,10,0.00,0.00,Central Warehouse Inventory,2026-09-06T03:34:41.453917
914,20220630,2231,2,10,0.00,0.00,Central Warehouse Inventory,2026-09-06T03:34:41.453917
915,20220630,2232,2,10,0.00,0.00,Central Warehouse Inventory,2026-09-06T03:34:41.453917
916,20220630,2233,1,10,0.00,0.00,Central Warehouse Inventory,2026-09-06T03:34:41.453917
917,20220630,2234,4,10,0.00,0.00,Central Warehouse Inventory,2026-09-06T03:34:41.453917
918,20220630,2235,2,10,0.00,0.00,Central Warehouse Inventory,2026-09-06T03:34:41.453917
919,20220630,2236,4,10,0.00,0.00,Central Warehouse Inventory,2026-09-06T03:34:41.453917
920,20220630,2237,1,10,0.00,0.00,Central Warehouse Inventory,2026-09-06T03:34:41.453917
921,20220630,2238,2,10,0.00,0.00,Central Warehouse Inventory,2026-09-06T03:34:41.453917
922,20220630,2239,6,10,0.00,0.00,Central Warehouse Inventory,2026-09-06T03:34:41.453917
923,20220630,2240,4,10,0.00,0.00,Central Warehouse Inventory,2026-09-06T03:34:41.453917
924,20220630,2241,3,10,0.00,0.00,Central Warehouse Inventory,2026-09-06T03:34:41.453917
925,20220630,2242,1,10,0.00,0.00,Central Warehouse Inventory,2026-09-06T03:34:41.453917
926,20220630,2243,1,10,0.00,0.00,Central Warehouse Inventory,2026-09-06T03:34:41.453917
927,20220630,2244,0,10,0.00,0.00,Central Warehouse Inventory,2026-09-06T03:34:41.453917
928,20220630,2245,0,10,0.00,0.00,Central Warehouse Inventory,2026-09-06T03:34:41.453917
929,20220630,2246,2,10,0.00,0.00,Central Warehouse Inventory,2026-09-06T03:34:41.453917
930,20220630,2247,1,10,0.00,0.00,Central Warehouse Inventory,2026-09-06T03:34:41.453917
931,20220630,2248,0,10,0.00,0.00,Central Warehouse Inventory,2026-09-06T03:34:41.453917
932,20220630,2249,1,10,0.00,0.00,Central Warehouse Inventory,2026-09-06T03:34:41.453917
933,20220630,2250,1,10,0.00,0.00,Central Warehouse Inventory,2026-09-06T03:34:41.453917
934,20220630,2251,0,10,0.00,0.00,Central Warehouse Inventory,2026-09-06T03:34:41.453917
935,20220630,2252,1,10,0.00,0.00,Central Warehouse Inventory,2026-09-06T03:34:41.453917
936,20220630,2253,2,10,0.00,0.00,Central Warehouse Inventory,2026-09-06T03:34:41.453917
937,20220630,2254,3,10,0.00,0.00,Central Warehouse Inventory,2026-09-06T03:34:41.453917
938,20220630,2255,1,10,0.00,0.00,Central Warehouse Inventory,2026-09-06T03:34:41.453917
939,20220630,2256,2,10,0.00,0.00,Central Warehouse Inventory,2026-09-06T03:34:41.453917
940,20220630,2257,0,10,0.00,0.00,Central Warehouse Inventory,2026-09-06T03:34:41.453917
941,20220630,2258,3,10,0.00,0.00,Central Warehouse Inventory,2026-09-06T03:34:41.453917
942,20220630,2259,2,10,0.00,0.00,Central Warehouse Inventory,2026-09-06T03:34:41.453917
943,20220630,2260,4,10,0.00,0.00,Central Warehouse Inventory,2026-09-06T03:34:41.453917
944,20220630,2261,1,10,0.00,0.00,Central Warehouse Inventory,2026-09-06T03:34:41.453917
945,20220630,2262,0,10,0.00,0.00,Central Warehouse Inventory,2026-09-06T03:34:41.453917
946,20220630,2263,0,10,0.00,0.00,Central Warehouse Inventory,2026-09-06T03:34:41.453917
947,20220630,2264,0,10,0.00,0.00,Central Warehouse Inventory,2026-09-06T03:34:41.453917
948,20220630,2265,0,10,0.00,0.00,Central Warehouse Inventory,2026-09-06T03:34:41.453917
949,20220630,2266,1,10,0.00,0.00,Central Warehouse Inventory,2026-09-06T03:34:41.453917
950,20220630,2267,1,10,0.00,0.00,Central Warehouse Inventory,2026-09-06T03:34:41.453917
951,20220630,2268,1,10,0.00,0.00,Central Warehouse Inventory,2026-09-06T03:34:41.453917
952,20220630,2269,1,10,0.00,0.00,Central Warehouse Inventory,2026-09-06T03:34:41.453917
953,20220630,2270,1,10,0.00,0.00,Central Warehouse Inventory,2026-09-06T03:34:41.453917
954,20220630,2271,0,10,0.00,0.00,Central Warehouse Inventory,2026-09-06T03:34:41.453917
955,20220630,2272,0,10,0.00,0.00,Central Warehouse Inventory,2026-09-06T03:34:41.453917
956,20220630,2273,1,10,0.00,0.00,Central Warehouse Inventory,2026-09-06T03:34:41.453917
957,20220630,2274,1,10,0.00,0.00,Central Warehouse Inventory,2026-09-06T03:34:41.453917
958,20220630,2275,3,10,0.00,0.00,Central Warehouse Inventory,2026-09-06T03:34:41.453917
959,20220630,2276,1,10,0.00,0.00,Central Warehouse Inventory,2026-09-06T03:34:41.453917
960,20220630,2277,0,10,0.00,0.00,Central Warehouse Inventory,2026-09-06T03:34:41.453917
961,20220630,2278,1,10,0.00,0.00,Central Warehouse Inventory,2026-09-06T03:34:41.453917
962,20220630,2279,3,10,0.00,0.00,Central Warehouse Inventory,2026-09-06T03:34:41.453917
963,20220630,2280,2,10,0.00,0.00,Central Warehouse Inventory,2026-09-06T03:34:41.453917
964,20220630,2281,7,10,0.00,0.00,Central Warehouse Inventory,2026-09-06T03:34:41.453917
965,20220630,2282,2,10,0.00,0.00,Central Warehouse Inventory,2026-09-06T03:34:41.453917
966,20220630,2283,8,10,0.00,0.00,Central Warehouse Inventory,2026-09-06T03:34:41.453917
967,20220630,2284,2,10,0.00,0.00,Central Warehouse Inventory,2026-09-06T03:34:41.453917
968,20220630,2285,2,10,0.00,0.00,Central Warehouse Inventory,2026-09-06T03:34:41.453917
969,20220630,2286,0,10,0.00,0.00,Central Warehouse Inventory,2026-09-06T03:34:41.453917
970,20220630,2287,3,10,0.00,0.00,Central Warehouse Inventory,2026-09-06T03:34:41.453917
971,20220630,2288,21,10,0.00,0.00,Central Warehouse Inventory,2026-09-06T03:34:41.453917
972,20220630,2289,5,10,0.00,0.00,Central Warehouse Inventory,2026-09-06T03:34:41.453917
973,20220630,2290,17,10,0.00,0.00,Central Warehouse Inventory,2026-09-06T03:34:41.453917
974,20220630,2291,30,10,0.00,0.00,Central Warehouse Inventory,2026-09-06T03:34:41.453917
975,20220630,2292,6,10,0.00,0.00,Central Warehouse Inventory,2026-09-06T03:34:41.453917
976,20220630,2293,21,10,0.00,0.00,Central Warehouse Inventory,2026-09-06T03:34:41.453917
977,20220630,2294,36,10,0.00,0.00,Central Warehouse Inventory,2026-09-06T03:34:41.453917
978,20220630,2295,49,10,0.00,0.00,Central Warehouse Inventory,2026-09-06T03:34:41.453917
979,20220630,2296,45,10,0.00,0.00,Central Warehouse Inventory,2026-09-06T03:34:41.453917
980,20220630,2297,51,10,0.00,0.00,Central Warehouse Inventory,2026-09-06T03:34:41.453917
981,20220630,2298,53,10,0.00,0.00,Central Warehouse Inventory,2026-09-06T03:34:41.453917
982,20220630,2299,37,10,0.00,0.00,Central Warehouse Inventory,2026-09-06T03:34:41.453917
983,20220630,2300,0,10,0.00,0.00,Central Warehouse Inventory,2026-09-06T03:34:41.453917
984,20220630,2301,0,10,0.00,0.00,Central Warehouse Inventory,2026-09-06T03:34:41.453917
985,20220630,2302,2,10,0.00,0.00,Central Warehouse Inventory,2026-09-06T03:34:41.453917
986,20220630,2303,0,10,0.00,0.00,Central Warehouse Inventory,2026-09-06T03:34:41.453917
987,20220630,2304,2,10,0.00,0.00,Central Warehouse Inventory,2026-09-06T03:34:41.453917
988,20220630,2305,0,10,0.00,0.00,Central Warehouse Inventory,2026-09-06T03:34:41.453917
989,20220630,2306,0,10,0.00,0.00,Central Warehouse Inventory,2026-09-06T03:34:41.453917
990,20220630,2307,10,10,0.00,0.00,Central Warehouse Inventory,2026-09-06T03:34:41.453917
991,20220630,2308,8,10,0.00,0.00,Central Warehouse Inventory,2026-09-06T03:34:41.453917
992,20220630,2309,14,10,0.00,0.00,Central Warehouse Inventory,2026-09-06T03:34:41.453917
993,20220630,2310,4,10,0.00,0.00,Central Warehouse Inventory,2026-09-06T03:34:41.453917
994,20220630,2311,24,10,0.00,0.00,Central Warehouse Inventory,2026-09-06T03:34:41.453917
995,20220630,2312,3,10,0.00,0.00,Central Warehouse Inventory,2026-09-06T03:34:41.453917
996,20220630,2313,4,10,0.00,0.00,Central Warehouse Inventory,2026-09-06T03:34:41.453917
997,20220630,2314,3,10,0.00,0.00,Central Warehouse Inventory,2026-09-06T03:34:41.453917
998,20220630,2315,2,10,0.00,0.00,Central Warehouse Inventory,2026-09-06T03:34:41.453917
999,20220630,2316,8,10,0.00,0.00,Central Warehouse Inventory,2026-09-06T03:34:41.453917
1000,20220630,2317,2,10,0.00,0.00,Central Warehouse Inventory,2026-09-06T03:34:41.453917
1001,20220630,2318,4,10,0.00,0.00,Central Warehouse Inventory,2026-09-06T03:34:41.453917
1002,20220630,2319,5,10,0.00,0.00,Central Warehouse Inventory,2026-09-06T03:34:41.453917
1003,20220630,2320,2,10,0.00,0.00,Central Warehouse Inventory,2026-09-06T03:34:41.453917
1004,20220630,2321,18,10,0.00,0.00,Central Warehouse Inventory,2026-09-06T03:34:41.453917
1005,20220630,2322,50,10,0.00,0.00,Central Warehouse Inventory,2026-09-06T03:34:41.453917
1006,20220630,2323,59,10,0.00,0.00,Central Warehouse Inventory,2026-09-06T03:34:41.453917
1007,20220630,2324,30,10,0.00,0.00,Central Warehouse Inventory,2026-09-06T03:34:41.453917
1008,20220630,2325,88,10,0.00,0.00,Central Warehouse Inventory,2026-09-06T03:34:41.453917
1009,20220630,2326,41,10,0.00,0.00,Central Warehouse Inventory,2026-09-06T03:34:41.453917
1010,20220630,2327,61,10,0.00,0.00,Central Warehouse Inventory,2026-09-06T03:34:41.453917
1011,20220630,2328,1,10,0.00,0.00,Central Warehouse Inventory,2026-09-06T03:34:41.453917
1012,20220630,2329,0,10,0.00,0.00,Central Warehouse Inventory,2026-09-06T03:34:41.453917
1013,20220630,2330,0,10,0.00,0.00,Central Warehouse Inventory,2026-09-06T03:34:41.453917
1014,20220630,2331,2,10,0.00,0.00,Central Warehouse Inventory,2026-09-06T03:34:41.453917
1015,20220630,2332,0,10,0.00,0.00,Central Warehouse Inventory,2026-09-06T03:34:41.453917
1016,20220630,2333,0,10,0.00,0.00,Central Warehouse Inventory,2026-09-06T03:34:41.453917
1017,20220630,2334,3,10,0.00,0.00,Central Warehouse Inventory,2026-09-06T03:34:41.453917
1018,20220630,2335,6,10,0.00,0.00,Central Warehouse Inventory,2026-09-06T03:34:41.453917
1019,20220630,2336,8,10,0.00,0.00,Central Warehouse Inventory,2026-09-06T03:34:41.453917
1020,20220630,2337,5,10,0.00,0.00,Central Warehouse Inventory,2026-09-06T03:34:41.453917
1021,20220630,2338,5,10,0.00,0.00,Central Warehouse Inventory,2026-09-06T03:34:41.453917
1022,20220630,2339,11,10,0.00,0.00,Central Warehouse Inventory,2026-09-06T03:34:41.453917
1023,20220630,2340,4,10,0.00,0.00,Central Warehouse Inventory,2026-09-06T03:34:41.453917
1024,20220630,2341,0,10,0.00,0.00,Central Warehouse Inventory,2026-09-06T03:34:41.453917
1025,20220630,2342,0,10,0.00,0.00,Central Warehouse Inventory,2026-09-06T03:34:41.453917
1026,20220630,2343,0,10,0.00,0.00,Central Warehouse Inventory,2026-09-06T03:34:41.453917
1027,20220630,2344,1,10,0.00,0.00,Central Warehouse Inventory,2026-09-06T03:34:41.453917
1028,20220630,2345,0,10,0.00,0.00,Central Warehouse Inventory,2026-09-06T03:34:41.453917
1029,20220630,2346,1,10,0.00,0.00,Central Warehouse Inventory,2026-09-06T03:34:41.453917
1030,20220630,2347,1,10,0.00,0.00,Central Warehouse Inventory,2026-09-06T03:34:41.453917
1031,20220630,2348,21,10,0.00,0.00,Central Warehouse Inventory,2026-09-06T03:34:41.453917
1032,20220630,2349,14,10,0.00,0.00,Central Warehouse Inventory,2026-09-06T03:34:41.453917
1033,20220630,2350,28,10,0.00,0.00,Central Warehouse Inventory,2026-09-06T03:34:41.453917
1034,20220630,2351,21,10,0.00,0.00,Central Warehouse Inventory,2026-09-06T03:34:41.453917
1035,20220630,2352,45,10,0.00,0.00,Central Warehouse Inventory,2026-09-06T03:34:41.453917
1036,20220630,2353,21,10,0.00,0.00,Central Warehouse Inventory,2026-09-06T03:34:41.453917
1037,20220630,2354,29,10,0.00,0.00,Central Warehouse Inventory,2026-09-06T03:34:41.453917
