PricingKey,ProductKey,ChannelKey,EffectiveDateKey,ChannelMRP,TransferPrice,MarginSpreadAmount,MarginSpreadPct,SourceSystem,ETL_LoadedAt
1,813,1,20220501,2295.00,538.00,1757.00,326.58,May 2022 Pricing Master,2026-09-07T07:48:47.421676
2,812,1,20220501,2295.00,538.00,1757.00,326.58,May 2022 Pricing Master,2026-09-07T07:48:47.421676
3,811,1,20220501,2295.00,538.00,1757.00,326.58,May 2022 Pricing Master,2026-09-07T07:48:47.421676
4,814,1,20220501,2295.00,538.00,1757.00,326.58,May 2022 Pricing Master,2026-09-07T07:48:47.421676
5,809,1,20220501,2295.00,538.00,1757.00,326.58,May 2022 Pricing Master,2026-09-07T07:48:47.421676
6,810,1,20220501,2295.00,538.00,1757.00,326.58,May 2022 Pricing Master,2026-09-07T07:48:47.421676
7,914,1,20220501,2295.00,538.00,1757.00,326.58,May 2022 Pricing Master,2026-09-07T07:48:47.421676
8,913,1,20220501,2295.00,538.00,1757.00,326.58,May 2022 Pricing Master,2026-09-07T07:48:47.421676
9,912,1,20220501,2295.00,538.00,1757.00,326.58,May 2022 Pricing Master,2026-09-07T07:48:47.421676
10,915,1,20220501,2295.00,538.00,1757.00,326.58,May 2022 Pricing Master,2026-09-07T07:48:47.421676
11,910,1,20220501,2295.00,538.00,1757.00,326.58,May 2022 Pricing Master,2026-09-07T07:48:47.421676
12,911,1,20220501,2295.00,538.00,1757.00,326.58,May 2022 Pricing Master,2026-09-07T07:48:47.421676
13,849,1,20220501,2295.00,538.00,1757.00,326.58,May 2022 Pricing Master,2026-09-07T07:48:47.421676
14,848,1,20220501,2295.00,538.00,1757.00,326.58,May 2022 Pricing Master,2026-09-07T07:48:47.421676
15,847,1,20220501,2295.00,538.00,1757.00,326.58,May 2022 Pricing Master,2026-09-07T07:48:47.421676
16,850,1,20220501,2295.00,538.00,1757.00,326.58,May 2022 Pricing Master,2026-09-07T07:48:47.421676
17,845,1,20220501,2295.00,538.00,1757.00,326.58,May 2022 Pricing Master,2026-09-07T07:48:47.421676
18,846,1,20220501,2295.00,538.00,1757.00,326.58,May 2022 Pricing Master,2026-09-07T07:48:47.421676
19,860,1,20220501,2295.00,538.00,1757.00,326.58,May 2022 Pricing Master,2026-09-07T07:48:47.421676
20,859,1,20220501,2295.00,538.00,1757.00,326.58,May 2022 Pricing Master,2026-09-07T07:48:47.421676
21,858,1,20220501,2295.00,538.00,1757.00,326.58,May 2022 Pricing Master,2026-09-07T07:48:47.421676
22,861,1,20220501,2295.00,538.00,1757.00,326.58,May 2022 Pricing Master,2026-09-07T07:48:47.421676
23,856,1,20220501,2295.00,538.00,1757.00,326.58,May 2022 Pricing Master,2026-09-07T07:48:47.421676
24,857,1,20220501,2295.00,538.00,1757.00,326.58,May 2022 Pricing Master,2026-09-07T07:48:47.421676
25,819,1,20220501,2295.00,538.00,1757.00,326.58,May 2022 Pricing Master,2026-09-07T07:48:47.421676
26,818,1,20220501,2295.00,538.00,1757.00,326.58,May 2022 Pricing Master,2026-09-07T07:48:47.421676
27,817,1,20220501,2295.00,538.00,1757.00,326.58,May 2022 Pricing Master,2026-09-07T07:48:47.421676
28,820,1,20220501,2295.00,538.00,1757.00,326.58,May 2022 Pricing Master,2026-09-07T07:48:47.421676
29,815,1,20220501,2295.00,538.00,1757.00,326.58,May 2022 Pricing Master,2026-09-07T07:48:47.421676
30,816,1,20220501,2295.00,538.00,1757.00,326.58,May 2022 Pricing Master,2026-09-07T07:48:47.421676
31,789,1,20220501,2295.00,538.00,1757.00,326.58,May 2022 Pricing Master,2026-09-07T07:48:47.421676
32,788,1,20220501,2295.00,538.00,1757.00,326.58,May 2022 Pricing Master,2026-09-07T07:48:47.421676
33,787,1,20220501,2295.00,538.00,1757.00,326.58,May 2022 Pricing Master,2026-09-07T07:48:47.421676
34,790,1,20220501,2295.00,538.00,1757.00,326.58,May 2022 Pricing Master,2026-09-07T07:48:47.421676
35,785,1,20220501,2295.00,538.00,1757.00,326.58,May 2022 Pricing Master,2026-09-07T07:48:47.421676
36,786,1,20220501,2295.00,538.00,1757.00,326.58,May 2022 Pricing Master,2026-09-07T07:48:47.421676
37,667,1,20220501,1895.00,438.00,1457.00,332.65,May 2022 Pricing Master,2026-09-07T07:48:47.421676
38,666,1,20220501,1895.00,438.00,1457.00,332.65,May 2022 Pricing Master,2026-09-07T07:48:47.421676
39,665,1,20220501,1895.00,438.00,1457.00,332.65,May 2022 Pricing Master,2026-09-07T07:48:47.421676
40,668,1,20220501,1895.00,438.00,1457.00,332.65,May 2022 Pricing Master,2026-09-07T07:48:47.421676
41,663,1,20220501,1895.00,438.00,1457.00,332.65,May 2022 Pricing Master,2026-09-07T07:48:47.421676
42,664,1,20220501,1895.00,438.00,1457.00,332.65,May 2022 Pricing Master,2026-09-07T07:48:47.421676
43,727,1,20220501,1895.00,438.00,1457.00,332.65,May 2022 Pricing Master,2026-09-07T07:48:47.421676
44,726,1,20220501,1895.00,438.00,1457.00,332.65,May 2022 Pricing Master,2026-09-07T07:48:47.421676
45,725,1,20220501,1895.00,438.00,1457.00,332.65,May 2022 Pricing Master,2026-09-07T07:48:47.421676
46,728,1,20220501,1895.00,438.00,1457.00,332.65,May 2022 Pricing Master,2026-09-07T07:48:47.421676
47,723,1,20220501,1895.00,438.00,1457.00,332.65,May 2022 Pricing Master,2026-09-07T07:48:47.421676
48,724,1,20220501,1895.00,438.00,1457.00,332.65,May 2022 Pricing Master,2026-09-07T07:48:47.421676
49,758,1,20220501,1895.00,438.00,1457.00,332.65,May 2022 Pricing Master,2026-09-07T07:48:47.421676
50,757,1,20220501,1895.00,438.00,1457.00,332.65,May 2022 Pricing Master,2026-09-07T07:48:47.421676
51,756,1,20220501,1895.00,438.00,1457.00,332.65,May 2022 Pricing Master,2026-09-07T07:48:47.421676
52,759,1,20220501,1895.00,438.00,1457.00,332.65,May 2022 Pricing Master,2026-09-07T07:48:47.421676
53,754,1,20220501,1895.00,438.00,1457.00,332.65,May 2022 Pricing Master,2026-09-07T07:48:47.421676
54,755,1,20220501,1895.00,438.00,1457.00,332.65,May 2022 Pricing Master,2026-09-07T07:48:47.421676
55,890,1,20220501,1895.00,438.00,1457.00,332.65,May 2022 Pricing Master,2026-09-07T07:48:47.421676
56,889,1,20220501,1895.00,438.00,1457.00,332.65,May 2022 Pricing Master,2026-09-07T07:48:47.421676
57,888,1,20220501,1895.00,438.00,1457.00,332.65,May 2022 Pricing Master,2026-09-07T07:48:47.421676
58,891,1,20220501,1895.00,438.00,1457.00,332.65,May 2022 Pricing Master,2026-09-07T07:48:47.421676
59,886,1,20220501,1895.00,438.00,1457.00,332.65,May 2022 Pricing Master,2026-09-07T07:48:47.421676
60,887,1,20220501,1895.00,438.00,1457.00,332.65,May 2022 Pricing Master,2026-09-07T07:48:47.421676
61,746,1,20220501,1895.00,438.00,1457.00,332.65,May 2022 Pricing Master,2026-09-07T07:48:47.421676
62,745,1,20220501,1895.00,438.00,1457.00,332.65,May 2022 Pricing Master,2026-09-07T07:48:47.421676
63,744,1,20220501,1895.00,438.00,1457.00,332.65,May 2022 Pricing Master,2026-09-07T07:48:47.421676
64,747,1,20220501,1895.00,438.00,1457.00,332.65,May 2022 Pricing Master,2026-09-07T07:48:47.421676
65,742,1,20220501,1895.00,438.00,1457.00,332.65,May 2022 Pricing Master,2026-09-07T07:48:47.421676
66,743,1,20220501,1895.00,438.00,1457.00,332.65,May 2022 Pricing Master,2026-09-07T07:48:47.421676
67,715,1,20220501,1895.00,438.00,1457.00,332.65,May 2022 Pricing Master,2026-09-07T07:48:47.421676
68,714,1,20220501,1895.00,438.00,1457.00,332.65,May 2022 Pricing Master,2026-09-07T07:48:47.421676
69,713,1,20220501,1895.00,438.00,1457.00,332.65,May 2022 Pricing Master,2026-09-07T07:48:47.421676
70,716,1,20220501,1895.00,438.00,1457.00,332.65,May 2022 Pricing Master,2026-09-07T07:48:47.421676
71,711,1,20220501,1895.00,438.00,1457.00,332.65,May 2022 Pricing Master,2026-09-07T07:48:47.421676
72,712,1,20220501,1895.00,438.00,1457.00,332.65,May 2022 Pricing Master,2026-09-07T07:48:47.421676
73,673,1,20220501,1895.00,438.00,1457.00,332.65,May 2022 Pricing Master,2026-09-07T07:48:47.421676
74,672,1,20220501,1895.00,438.00,1457.00,332.65,May 2022 Pricing Master,2026-09-07T07:48:47.421676
75,671,1,20220501,1895.00,438.00,1457.00,332.65,May 2022 Pricing Master,2026-09-07T07:48:47.421676
76,674,1,20220501,1895.00,438.00,1457.00,332.65,May 2022 Pricing Master,2026-09-07T07:48:47.421676
77,669,1,20220501,1895.00,438.00,1457.00,332.65,May 2022 Pricing Master,2026-09-07T07:48:47.421676
78,670,1,20220501,1895.00,438.00,1457.00,332.65,May 2022 Pricing Master,2026-09-07T07:48:47.421676
79,831,1,20220501,1895.00,438.00,1457.00,332.65,May 2022 Pricing Master,2026-09-07T07:48:47.421676
80,830,1,20220501,1895.00,438.00,1457.00,332.65,May 2022 Pricing Master,2026-09-07T07:48:47.421676
81,829,1,20220501,1895.00,438.00,1457.00,332.65,May 2022 Pricing Master,2026-09-07T07:48:47.421676
82,832,1,20220501,1895.00,438.00,1457.00,332.65,May 2022 Pricing Master,2026-09-07T07:48:47.421676
83,827,1,20220501,1895.00,438.00,1457.00,332.65,May 2022 Pricing Master,2026-09-07T07:48:47.421676
84,828,1,20220501,1895.00,438.00,1457.00,332.65,May 2022 Pricing Master,2026-09-07T07:48:47.421676
85,884,1,20220501,2195.00,505.00,1690.00,334.65,May 2022 Pricing Master,2026-09-07T07:48:47.421676
86,883,1,20220501,2195.00,505.00,1690.00,334.65,May 2022 Pricing Master,2026-09-07T07:48:47.421676
87,882,1,20220501,2195.00,505.00,1690.00,334.65,May 2022 Pricing Master,2026-09-07T07:48:47.421676
88,885,1,20220501,2195.00,505.00,1690.00,334.65,May 2022 Pricing Master,2026-09-07T07:48:47.421676
89,880,1,20220501,2195.00,505.00,1690.00,334.65,May 2022 Pricing Master,2026-09-07T07:48:47.421676
90,403,7,20220501,2795.00,695.00,2100.00,302.16,May 2022 Pricing Master,2026-09-07T07:48:47.421676
91,399,7,20220501,2795.00,695.00,2100.00,302.16,May 2022 Pricing Master,2026-09-07T07:48:47.421676
92,413,7,20220501,2795.00,695.00,2100.00,302.16,May 2022 Pricing Master,2026-09-07T07:48:47.421676
93,412,7,20220501,2795.00,695.00,2100.00,302.16,May 2022 Pricing Master,2026-09-07T07:48:47.421676
94,411,7,20220501,2795.00,695.00,2100.00,302.16,May 2022 Pricing Master,2026-09-07T07:48:47.421676
95,414,7,20220501,2795.00,695.00,2100.00,302.16,May 2022 Pricing Master,2026-09-07T07:48:47.421676
96,410,7,20220501,2795.00,695.00,2100.00,302.16,May 2022 Pricing Master,2026-09-07T07:48:47.421676
97,418,7,20220501,2795.00,695.00,2100.00,302.16,May 2022 Pricing Master,2026-09-07T07:48:47.421676
98,417,7,20220501,2795.00,695.00,2100.00,302.16,May 2022 Pricing Master,2026-09-07T07:48:47.421676
99,416,7,20220501,2795.00,695.00,2100.00,302.16,May 2022 Pricing Master,2026-09-07T07:48:47.421676
100,419,7,20220501,2795.00,695.00,2100.00,302.16,May 2022 Pricing Master,2026-09-07T07:48:47.421676
101,415,7,20220501,2795.00,695.00,2100.00,302.16,May 2022 Pricing Master,2026-09-07T07:48:47.421676
102,423,7,20220501,2795.00,695.00,2100.00,302.16,May 2022 Pricing Master,2026-09-07T07:48:47.421676
103,422,7,20220501,2795.00,695.00,2100.00,302.16,May 2022 Pricing Master,2026-09-07T07:48:47.421676
104,421,7,20220501,2795.00,695.00,2100.00,302.16,May 2022 Pricing Master,2026-09-07T07:48:47.421676
105,424,7,20220501,2795.00,695.00,2100.00,302.16,May 2022 Pricing Master,2026-09-07T07:48:47.421676
106,420,7,20220501,2795.00,695.00,2100.00,302.16,May 2022 Pricing Master,2026-09-07T07:48:47.421676
107,986,7,20220501,1695.00,395.00,1300.00,329.11,May 2022 Pricing Master,2026-09-07T07:48:47.421676
108,985,7,20220501,1695.00,395.00,1300.00,329.11,May 2022 Pricing Master,2026-09-07T07:48:47.421676
109,984,7,20220501,1695.00,395.00,1300.00,329.11,May 2022 Pricing Master,2026-09-07T07:48:47.421676
110,987,7,20220501,1695.00,395.00,1300.00,329.11,May 2022 Pricing Master,2026-09-07T07:48:47.421676
111,982,7,20220501,1695.00,395.00,1300.00,329.11,May 2022 Pricing Master,2026-09-07T07:48:47.421676
112,983,7,20220501,1695.00,395.00,1300.00,329.11,May 2022 Pricing Master,2026-09-07T07:48:47.421676
113,992,7,20220501,1695.00,395.00,1300.00,329.11,May 2022 Pricing Master,2026-09-07T07:48:47.421676
114,991,7,20220501,1695.00,395.00,1300.00,329.11,May 2022 Pricing Master,2026-09-07T07:48:47.421676
115,990,7,20220501,1695.00,395.00,1300.00,329.11,May 2022 Pricing Master,2026-09-07T07:48:47.421676
116,993,7,20220501,1695.00,395.00,1300.00,329.11,May 2022 Pricing Master,2026-09-07T07:48:47.421676
117,988,7,20220501,1695.00,395.00,1300.00,329.11,May 2022 Pricing Master,2026-09-07T07:48:47.421676
118,989,7,20220501,1695.00,395.00,1300.00,329.11,May 2022 Pricing Master,2026-09-07T07:48:47.421676
119,998,7,20220501,1695.00,395.00,1300.00,329.11,May 2022 Pricing Master,2026-09-07T07:48:47.421676
120,997,7,20220501,1695.00,395.00,1300.00,329.11,May 2022 Pricing Master,2026-09-07T07:48:47.421676
121,996,7,20220501,1695.00,395.00,1300.00,329.11,May 2022 Pricing Master,2026-09-07T07:48:47.421676
122,999,7,20220501,1695.00,395.00,1300.00,329.11,May 2022 Pricing Master,2026-09-07T07:48:47.421676
123,994,7,20220501,1695.00,395.00,1300.00,329.11,May 2022 Pricing Master,2026-09-07T07:48:47.421676
124,995,7,20220501,1695.00,395.00,1300.00,329.11,May 2022 Pricing Master,2026-09-07T07:48:47.421676
125,1004,7,20220501,1695.00,395.00,1300.00,329.11,May 2022 Pricing Master,2026-09-07T07:48:47.421676
126,1003,7,20220501,1695.00,395.00,1300.00,329.11,May 2022 Pricing Master,2026-09-07T07:48:47.421676
127,1002,7,20220501,1695.00,395.00,1300.00,329.11,May 2022 Pricing Master,2026-09-07T07:48:47.421676
128,1005,7,20220501,1695.00,395.00,1300.00,329.11,May 2022 Pricing Master,2026-09-07T07:48:47.421676
129,1000,7,20220501,1695.00,395.00,1300.00,329.11,May 2022 Pricing Master,2026-09-07T07:48:47.421676
130,1001,7,20220501,1695.00,395.00,1300.00,329.11,May 2022 Pricing Master,2026-09-07T07:48:47.421676
131,1010,7,20220501,1695.00,395.00,1300.00,329.11,May 2022 Pricing Master,2026-09-07T07:48:47.421676
132,1009,7,20220501,1695.00,395.00,1300.00,329.11,May 2022 Pricing Master,2026-09-07T07:48:47.421676
133,1008,7,20220501,1695.00,395.00,1300.00,329.11,May 2022 Pricing Master,2026-09-07T07:48:47.421676
134,1011,7,20220501,1695.00,395.00,1300.00,329.11,May 2022 Pricing Master,2026-09-07T07:48:47.421676
135,1006,7,20220501,1695.00,395.00,1300.00,329.11,May 2022 Pricing Master,2026-09-07T07:48:47.421676
136,1007,7,20220501,1695.00,395.00,1300.00,329.11,May 2022 Pricing Master,2026-09-07T07:48:47.421676
137,1016,7,20220501,1695.00,395.00,1300.00,329.11,May 2022 Pricing Master,2026-09-07T07:48:47.421676
138,1015,7,20220501,1695.00,395.00,1300.00,329.11,May 2022 Pricing Master,2026-09-07T07:48:47.421676
139,1014,7,20220501,1695.00,395.00,1300.00,329.11,May 2022 Pricing Master,2026-09-07T07:48:47.421676
140,1017,7,20220501,1695.00,395.00,1300.00,329.11,May 2022 Pricing Master,2026-09-07T07:48:47.421676
141,1012,7,20220501,1695.00,395.00,1300.00,329.11,May 2022 Pricing Master,2026-09-07T07:48:47.421676
142,1013,7,20220501,1695.00,395.00,1300.00,329.11,May 2022 Pricing Master,2026-09-07T07:48:47.421676
143,1022,7,20220501,1695.00,395.00,1300.00,329.11,May 2022 Pricing Master,2026-09-07T07:48:47.421676
144,1021,7,20220501,1695.00,395.00,1300.00,329.11,May 2022 Pricing Master,2026-09-07T07:48:47.421676
145,1020,7,20220501,1695.00,395.00,1300.00,329.11,May 2022 Pricing Master,2026-09-07T07:48:47.421676
146,1023,7,20220501,1695.00,395.00,1300.00,329.11,May 2022 Pricing Master,2026-09-07T07:48:47.421676
147,1018,7,20220501,1695.00,395.00,1300.00,329.11,May 2022 Pricing Master,2026-09-07T07:48:47.421676
148,1019,7,20220501,1695.00,395.00,1300.00,329.11,May 2022 Pricing Master,2026-09-07T07:48:47.421676
149,1028,7,20220501,1695.00,395.00,1300.00,329.11,May 2022 Pricing Master,2026-09-07T07:48:47.421676
150,1027,7,20220501,1695.00,395.00,1300.00,329.11,May 2022 Pricing Master,2026-09-07T07:48:47.421676
151,1026,7,20220501,1695.00,395.00,1300.00,329.11,May 2022 Pricing Master,2026-09-07T07:48:47.421676
152,1029,7,20220501,1695.00,395.00,1300.00,329.11,May 2022 Pricing Master,2026-09-07T07:48:47.421676
153,1024,7,20220501,1695.00,395.00,1300.00,329.11,May 2022 Pricing Master,2026-09-07T07:48:47.421676
154,1025,7,20220501,1695.00,395.00,1300.00,329.11,May 2022 Pricing Master,2026-09-07T07:48:47.421676
155,1040,7,20220501,1795.00,425.00,1370.00,322.35,May 2022 Pricing Master,2026-09-07T07:48:47.421676
156,1039,7,20220501,1795.00,425.00,1370.00,322.35,May 2022 Pricing Master,2026-09-07T07:48:47.421676
157,1038,7,20220501,1795.00,425.00,1370.00,322.35,May 2022 Pricing Master,2026-09-07T07:48:47.421676
158,1041,7,20220501,1795.00,425.00,1370.00,322.35,May 2022 Pricing Master,2026-09-07T07:48:47.421676
159,1036,7,20220501,1795.00,425.00,1370.00,322.35,May 2022 Pricing Master,2026-09-07T07:48:47.421676
160,1037,7,20220501,1795.00,425.00,1370.00,322.35,May 2022 Pricing Master,2026-09-07T07:48:47.421676
161,158,7,20220501,2495.00,1040.00,1455.00,139.90,May 2022 Pricing Master,2026-09-07T07:48:47.421676
162,157,7,20220501,2495.00,1040.00,1455.00,139.90,May 2022 Pricing Master,2026-09-07T07:48:47.421676
163,156,7,20220501,2495.00,1040.00,1455.00,139.90,May 2022 Pricing Master,2026-09-07T07:48:47.421676
164,159,7,20220501,2495.00,1040.00,1455.00,139.90,May 2022 Pricing Master,2026-09-07T07:48:47.421676
165,154,7,20220501,2495.00,1040.00,1455.00,139.90,May 2022 Pricing Master,2026-09-07T07:48:47.421676
166,155,7,20220501,2495.00,1040.00,1455.00,139.90,May 2022 Pricing Master,2026-09-07T07:48:47.421676
167,146,7,20220501,2495.00,1040.00,1455.00,139.90,May 2022 Pricing Master,2026-09-07T07:48:47.421676
168,145,7,20220501,2495.00,1040.00,1455.00,139.90,May 2022 Pricing Master,2026-09-07T07:48:47.421676
169,144,7,20220501,2495.00,1040.00,1455.00,139.90,May 2022 Pricing Master,2026-09-07T07:48:47.421676
170,147,7,20220501,2495.00,1040.00,1455.00,139.90,May 2022 Pricing Master,2026-09-07T07:48:47.421676
171,142,7,20220501,2495.00,1040.00,1455.00,139.90,May 2022 Pricing Master,2026-09-07T07:48:47.421676
172,143,7,20220501,2495.00,1040.00,1455.00,139.90,May 2022 Pricing Master,2026-09-07T07:48:47.421676
173,98,7,20220501,2495.00,950.00,1545.00,162.63,May 2022 Pricing Master,2026-09-07T07:48:47.421676
174,97,7,20220501,2495.00,950.00,1545.00,162.63,May 2022 Pricing Master,2026-09-07T07:48:47.421676
175,96,7,20220501,2495.00,950.00,1545.00,162.63,May 2022 Pricing Master,2026-09-07T07:48:47.421676
176,99,7,20220501,2495.00,950.00,1545.00,162.63,May 2022 Pricing Master,2026-09-07T07:48:47.421676
177,94,7,20220501,2495.00,950.00,1545.00,162.63,May 2022 Pricing Master,2026-09-07T07:48:47.421676
178,95,7,20220501,2495.00,950.00,1545.00,162.63,May 2022 Pricing Master,2026-09-07T07:48:47.421676
179,176,7,20220501,2150.00,940.00,1210.00,128.72,May 2022 Pricing Master,2026-09-07T07:48:47.421676
180,175,7,20220501,2150.00,940.00,1210.00,128.72,May 2022 Pricing Master,2026-09-07T07:48:47.421676
181,174,7,20220501,2150.00,940.00,1210.00,128.72,May 2022 Pricing Master,2026-09-07T07:48:47.421676
182,177,7,20220501,2150.00,940.00,1210.00,128.72,May 2022 Pricing Master,2026-09-07T07:48:47.421676
183,172,7,20220501,2150.00,940.00,1210.00,128.72,May 2022 Pricing Master,2026-09-07T07:48:47.421676
184,173,7,20220501,2150.00,940.00,1210.00,128.72,May 2022 Pricing Master,2026-09-07T07:48:47.421676
185,182,7,20220501,2250.00,925.00,1325.00,143.24,May 2022 Pricing Master,2026-09-07T07:48:47.421676
186,181,7,20220501,2250.00,925.00,1325.00,143.24,May 2022 Pricing Master,2026-09-07T07:48:47.421676
187,180,7,20220501,2250.00,925.00,1325.00,143.24,May 2022 Pricing Master,2026-09-07T07:48:47.421676
188,183,7,20220501,2250.00,925.00,1325.00,143.24,May 2022 Pricing Master,2026-09-07T07:48:47.421676
189,178,7,20220501,2250.00,925.00,1325.00,143.24,May 2022 Pricing Master,2026-09-07T07:48:47.421676
190,179,7,20220501,2250.00,925.00,1325.00,143.24,May 2022 Pricing Master,2026-09-07T07:48:47.421676
191,74,7,20220501,1995.00,900.00,1095.00,121.67,May 2022 Pricing Master,2026-09-07T07:48:47.421676
192,73,7,20220501,1995.00,900.00,1095.00,121.67,May 2022 Pricing Master,2026-09-07T07:48:47.421676
193,72,7,20220501,1995.00,900.00,1095.00,121.67,May 2022 Pricing Master,2026-09-07T07:48:47.421676
194,75,7,20220501,1995.00,900.00,1095.00,121.67,May 2022 Pricing Master,2026-09-07T07:48:47.421676
195,70,7,20220501,1995.00,900.00,1095.00,121.67,May 2022 Pricing Master,2026-09-07T07:48:47.421676
196,71,7,20220501,1995.00,900.00,1095.00,121.67,May 2022 Pricing Master,2026-09-07T07:48:47.421676
197,301,7,20220501,2695.00,1150.00,1545.00,134.35,May 2022 Pricing Master,2026-09-07T07:48:47.421676
198,300,7,20220501,2695.00,1150.00,1545.00,134.35,May 2022 Pricing Master,2026-09-07T07:48:47.421676
199,299,7,20220501,2695.00,1150.00,1545.00,134.35,May 2022 Pricing Master,2026-09-07T07:48:47.421676
200,302,7,20220501,2695.00,1150.00,1545.00,134.35,May 2022 Pricing Master,2026-09-07T07:48:47.421676
201,297,7,20220501,2695.00,1150.00,1545.00,134.35,May 2022 Pricing Master,2026-09-07T07:48:47.421676
202,298,7,20220501,2695.00,1150.00,1545.00,134.35,May 2022 Pricing Master,2026-09-07T07:48:47.421676
203,307,7,20220501,2695.00,1150.00,1545.00,134.35,May 2022 Pricing Master,2026-09-07T07:48:47.421676
204,306,7,20220501,2695.00,1150.00,1545.00,134.35,May 2022 Pricing Master,2026-09-07T07:48:47.421676
205,305,7,20220501,2695.00,1150.00,1545.00,134.35,May 2022 Pricing Master,2026-09-07T07:48:47.421676
206,308,7,20220501,2695.00,1150.00,1545.00,134.35,May 2022 Pricing Master,2026-09-07T07:48:47.421676
207,303,7,20220501,2695.00,1150.00,1545.00,134.35,May 2022 Pricing Master,2026-09-07T07:48:47.421676
208,304,7,20220501,2695.00,1150.00,1545.00,134.35,May 2022 Pricing Master,2026-09-07T07:48:47.421676
209,242,7,20220501,2150.00,910.00,1240.00,136.26,May 2022 Pricing Master,2026-09-07T07:48:47.421676
210,241,7,20220501,2150.00,910.00,1240.00,136.26,May 2022 Pricing Master,2026-09-07T07:48:47.421676
211,240,7,20220501,2150.00,910.00,1240.00,136.26,May 2022 Pricing Master,2026-09-07T07:48:47.421676
212,243,7,20220501,2150.00,910.00,1240.00,136.26,May 2022 Pricing Master,2026-09-07T07:48:47.421676
213,238,7,20220501,2150.00,910.00,1240.00,136.26,May 2022 Pricing Master,2026-09-07T07:48:47.421676
214,239,7,20220501,2150.00,910.00,1240.00,136.26,May 2022 Pricing Master,2026-09-07T07:48:47.421676
215,460,7,20220501,1595.00,361.00,1234.00,341.83,May 2022 Pricing Master,2026-09-07T07:48:47.421676
216,458,7,20220501,1595.00,361.00,1234.00,341.83,May 2022 Pricing Master,2026-09-07T07:48:47.421676
217,457,7,20220501,1595.00,361.00,1234.00,341.83,May 2022 Pricing Master,2026-09-07T07:48:47.421676
218,456,7,20220501,1595.00,361.00,1234.00,341.83,May 2022 Pricing Master,2026-09-07T07:48:47.421676
219,459,7,20220501,1595.00,361.00,1234.00,341.83,May 2022 Pricing Master,2026-09-07T07:48:47.421676
220,855,7,20220501,1695.00,375.00,1320.00,352.00,May 2022 Pricing Master,2026-09-07T07:48:47.421676
221,853,7,20220501,1695.00,375.00,1320.00,352.00,May 2022 Pricing Master,2026-09-07T07:48:47.421676
222,852,7,20220501,1695.00,375.00,1320.00,352.00,May 2022 Pricing Master,2026-09-07T07:48:47.421676
223,851,7,20220501,1695.00,375.00,1320.00,352.00,May 2022 Pricing Master,2026-09-07T07:48:47.421676
224,854,7,20220501,1695.00,375.00,1320.00,352.00,May 2022 Pricing Master,2026-09-07T07:48:47.421676
225,595,7,20220501,1795.00,435.00,1360.00,312.64,May 2022 Pricing Master,2026-09-07T07:48:47.421676
226,594,7,20220501,1795.00,435.00,1360.00,312.64,May 2022 Pricing Master,2026-09-07T07:48:47.421676
227,593,7,20220501,1795.00,435.00,1360.00,312.64,May 2022 Pricing Master,2026-09-07T07:48:47.421676
228,596,7,20220501,1795.00,435.00,1360.00,312.64,May 2022 Pricing Master,2026-09-07T07:48:47.421676
229,591,7,20220501,1795.00,435.00,1360.00,312.64,May 2022 Pricing Master,2026-09-07T07:48:47.421676
230,592,7,20220501,1795.00,435.00,1360.00,312.64,May 2022 Pricing Master,2026-09-07T07:48:47.421676
231,435,7,20220501,1695.00,395.00,1300.00,329.11,May 2022 Pricing Master,2026-09-07T07:48:47.421676
232,433,7,20220501,1695.00,395.00,1300.00,329.11,May 2022 Pricing Master,2026-09-07T07:48:47.421676
233,432,7,20220501,1695.00,395.00,1300.00,329.11,May 2022 Pricing Master,2026-09-07T07:48:47.421676
234,431,7,20220501,1695.00,395.00,1300.00,329.11,May 2022 Pricing Master,2026-09-07T07:48:47.421676
235,434,7,20220501,1695.00,395.00,1300.00,329.11,May 2022 Pricing Master,2026-09-07T07:48:47.421676
236,445,7,20220501,1795.00,425.00,1370.00,322.35,May 2022 Pricing Master,2026-09-07T07:48:47.421676
237,443,7,20220501,1795.00,425.00,1370.00,322.35,May 2022 Pricing Master,2026-09-07T07:48:47.421676
238,442,7,20220501,1795.00,425.00,1370.00,322.35,May 2022 Pricing Master,2026-09-07T07:48:47.421676
239,441,7,20220501,1795.00,425.00,1370.00,322.35,May 2022 Pricing Master,2026-09-07T07:48:47.421676
240,444,7,20220501,1795.00,425.00,1370.00,322.35,May 2022 Pricing Master,2026-09-07T07:48:47.421676
241,450,7,20220501,1895.00,450.00,1445.00,321.11,May 2022 Pricing Master,2026-09-07T07:48:47.421676
242,448,7,20220501,1895.00,450.00,1445.00,321.11,May 2022 Pricing Master,2026-09-07T07:48:47.421676
243,447,7,20220501,1895.00,450.00,1445.00,321.11,May 2022 Pricing Master,2026-09-07T07:48:47.421676
244,446,7,20220501,1895.00,450.00,1445.00,321.11,May 2022 Pricing Master,2026-09-07T07:48:47.421676
245,449,7,20220501,1895.00,450.00,1445.00,321.11,May 2022 Pricing Master,2026-09-07T07:48:47.421676
246,455,7,20220501,1795.00,415.00,1380.00,332.53,May 2022 Pricing Master,2026-09-07T07:48:47.421676
247,453,7,20220501,1795.00,415.00,1380.00,332.53,May 2022 Pricing Master,2026-09-07T07:48:47.421676
248,452,7,20220501,1795.00,415.00,1380.00,332.53,May 2022 Pricing Master,2026-09-07T07:48:47.421676
249,451,7,20220501,1795.00,415.00,1380.00,332.53,May 2022 Pricing Master,2026-09-07T07:48:47.421676
250,454,7,20220501,1795.00,415.00,1380.00,332.53,May 2022 Pricing Master,2026-09-07T07:48:47.421676
251,264,7,20220501,1895.00,825.00,1070.00,129.70,May 2022 Pricing Master,2026-09-07T07:48:47.421676
252,263,7,20220501,1895.00,825.00,1070.00,129.70,May 2022 Pricing Master,2026-09-07T07:48:47.421676
253,262,7,20220501,1895.00,825.00,1070.00,129.70,May 2022 Pricing Master,2026-09-07T07:48:47.421676
254,265,7,20220501,1895.00,825.00,1070.00,129.70,May 2022 Pricing Master,2026-09-07T07:48:47.421676
255,260,7,20220501,1895.00,825.00,1070.00,129.70,May 2022 Pricing Master,2026-09-07T07:48:47.421676
256,261,7,20220501,1895.00,825.00,1070.00,129.70,May 2022 Pricing Master,2026-09-07T07:48:47.421676
257,134,7,20220501,2495.00,950.00,1545.00,162.63,May 2022 Pricing Master,2026-09-07T07:48:47.421676
258,133,7,20220501,2495.00,950.00,1545.00,162.63,May 2022 Pricing Master,2026-09-07T07:48:47.421676
259,132,7,20220501,2495.00,950.00,1545.00,162.63,May 2022 Pricing Master,2026-09-07T07:48:47.421676
260,135,7,20220501,2495.00,950.00,1545.00,162.63,May 2022 Pricing Master,2026-09-07T07:48:47.421676
261,130,7,20220501,2495.00,950.00,1545.00,162.63,May 2022 Pricing Master,2026-09-07T07:48:47.421676
262,131,7,20220501,2495.00,950.00,1545.00,162.63,May 2022 Pricing Master,2026-09-07T07:48:47.421676
263,164,7,20220501,2195.00,895.00,1300.00,145.25,May 2022 Pricing Master,2026-09-07T07:48:47.421676
264,163,7,20220501,2195.00,895.00,1300.00,145.25,May 2022 Pricing Master,2026-09-07T07:48:47.421676
265,162,7,20220501,2195.00,895.00,1300.00,145.25,May 2022 Pricing Master,2026-09-07T07:48:47.421676
266,165,7,20220501,2195.00,895.00,1300.00,145.25,May 2022 Pricing Master,2026-09-07T07:48:47.421676
267,160,7,20220501,2195.00,895.00,1300.00,145.25,May 2022 Pricing Master,2026-09-07T07:48:47.421676
268,161,7,20220501,2195.00,895.00,1300.00,145.25,May 2022 Pricing Master,2026-09-07T07:48:47.421676
269,188,7,20220501,2050.00,875.00,1175.00,134.29,May 2022 Pricing Master,2026-09-07T07:48:47.421676
270,187,7,20220501,2050.00,875.00,1175.00,134.29,May 2022 Pricing Master,2026-09-07T07:48:47.421676
271,186,7,20220501,2050.00,875.00,1175.00,134.29,May 2022 Pricing Master,2026-09-07T07:48:47.421676
272,189,7,20220501,2050.00,875.00,1175.00,134.29,May 2022 Pricing Master,2026-09-07T07:48:47.421676
273,184,7,20220501,2050.00,875.00,1175.00,134.29,May 2022 Pricing Master,2026-09-07T07:48:47.421676
274,185,7,20220501,2050.00,875.00,1175.00,134.29,May 2022 Pricing Master,2026-09-07T07:48:47.421676
275,170,7,20220501,2395.00,1050.00,1345.00,128.10,May 2022 Pricing Master,2026-09-07T07:48:47.421676
276,169,7,20220501,2395.00,1050.00,1345.00,128.10,May 2022 Pricing Master,2026-09-07T07:48:47.421676
277,168,7,20220501,2395.00,1050.00,1345.00,128.10,May 2022 Pricing Master,2026-09-07T07:48:47.421676
278,171,7,20220501,2395.00,1050.00,1345.00,128.10,May 2022 Pricing Master,2026-09-07T07:48:47.421676
279,166,7,20220501,2395.00,1050.00,1345.00,128.10,May 2022 Pricing Master,2026-09-07T07:48:47.421676
280,167,7,20220501,2395.00,1050.00,1345.00,128.10,May 2022 Pricing Master,2026-09-07T07:48:47.421676
281,282,7,20220501,1895.00,510.00,1385.00,271.57,May 2022 Pricing Master,2026-09-07T07:48:47.421676
282,281,7,20220501,1895.00,510.00,1385.00,271.57,May 2022 Pricing Master,2026-09-07T07:48:47.421676
283,280,7,20220501,1895.00,510.00,1385.00,271.57,May 2022 Pricing Master,2026-09-07T07:48:47.421676
284,283,7,20220501,1895.00,510.00,1385.00,271.57,May 2022 Pricing Master,2026-09-07T07:48:47.421676
285,278,7,20220501,1895.00,510.00,1385.00,271.57,May 2022 Pricing Master,2026-09-07T07:48:47.421676
286,279,7,20220501,1895.00,510.00,1385.00,271.57,May 2022 Pricing Master,2026-09-07T07:48:47.421676
287,218,7,20220501,1895.00,825.00,1070.00,129.70,May 2022 Pricing Master,2026-09-07T07:48:47.421676
288,217,7,20220501,1895.00,825.00,1070.00,129.70,May 2022 Pricing Master,2026-09-07T07:48:47.421676
289,216,7,20220501,1895.00,825.00,1070.00,129.70,May 2022 Pricing Master,2026-09-07T07:48:47.421676
290,219,7,20220501,1895.00,825.00,1070.00,129.70,May 2022 Pricing Master,2026-09-07T07:48:47.421676
291,214,7,20220501,1895.00,825.00,1070.00,129.70,May 2022 Pricing Master,2026-09-07T07:48:47.421676
292,215,7,20220501,1895.00,825.00,1070.00,129.70,May 2022 Pricing Master,2026-09-07T07:48:47.421676
293,212,7,20220501,1995.00,845.00,1150.00,136.09,May 2022 Pricing Master,2026-09-07T07:48:47.421676
294,211,7,20220501,1995.00,845.00,1150.00,136.09,May 2022 Pricing Master,2026-09-07T07:48:47.421676
295,210,7,20220501,1995.00,845.00,1150.00,136.09,May 2022 Pricing Master,2026-09-07T07:48:47.421676
296,213,7,20220501,1995.00,845.00,1150.00,136.09,May 2022 Pricing Master,2026-09-07T07:48:47.421676
297,208,7,20220501,1995.00,845.00,1150.00,136.09,May 2022 Pricing Master,2026-09-07T07:48:47.421676
298,209,7,20220501,1995.00,845.00,1150.00,136.09,May 2022 Pricing Master,2026-09-07T07:48:47.421676
299,116,7,20220501,1895.00,695.00,1200.00,172.66,May 2022 Pricing Master,2026-09-07T07:48:47.421676
300,115,7,20220501,1895.00,695.00,1200.00,172.66,May 2022 Pricing Master,2026-09-07T07:48:47.421676
301,114,7,20220501,1895.00,695.00,1200.00,172.66,May 2022 Pricing Master,2026-09-07T07:48:47.421676
302,117,7,20220501,1895.00,695.00,1200.00,172.66,May 2022 Pricing Master,2026-09-07T07:48:47.421676
303,112,7,20220501,1895.00,695.00,1200.00,172.66,May 2022 Pricing Master,2026-09-07T07:48:47.421676
304,113,7,20220501,1895.00,695.00,1200.00,172.66,May 2022 Pricing Master,2026-09-07T07:48:47.421676
305,206,7,20220501,2595.00,1140.00,1455.00,127.63,May 2022 Pricing Master,2026-09-07T07:48:47.421676
306,205,7,20220501,2595.00,1140.00,1455.00,127.63,May 2022 Pricing Master,2026-09-07T07:48:47.421676
307,204,7,20220501,2595.00,1140.00,1455.00,127.63,May 2022 Pricing Master,2026-09-07T07:48:47.421676
308,207,7,20220501,2595.00,1140.00,1455.00,127.63,May 2022 Pricing Master,2026-09-07T07:48:47.421676
309,202,7,20220501,2595.00,1140.00,1455.00,127.63,May 2022 Pricing Master,2026-09-07T07:48:47.421676
310,203,7,20220501,2595.00,1140.00,1455.00,127.63,May 2022 Pricing Master,2026-09-07T07:48:47.421676
311,200,7,20220501,2295.00,980.00,1315.00,134.18,May 2022 Pricing Master,2026-09-07T07:48:47.421676
312,199,7,20220501,2295.00,980.00,1315.00,134.18,May 2022 Pricing Master,2026-09-07T07:48:47.421676
313,198,7,20220501,2295.00,980.00,1315.00,134.18,May 2022 Pricing Master,2026-09-07T07:48:47.421676
314,201,7,20220501,2295.00,980.00,1315.00,134.18,May 2022 Pricing Master,2026-09-07T07:48:47.421676
315,196,7,20220501,2295.00,980.00,1315.00,134.18,May 2022 Pricing Master,2026-09-07T07:48:47.421676
316,197,7,20220501,2295.00,980.00,1315.00,134.18,May 2022 Pricing Master,2026-09-07T07:48:47.421676
317,128,7,20220501,2495.00,950.00,1545.00,162.63,May 2022 Pricing Master,2026-09-07T07:48:47.421676
318,127,7,20220501,2495.00,950.00,1545.00,162.63,May 2022 Pricing Master,2026-09-07T07:48:47.421676
319,126,7,20220501,2495.00,950.00,1545.00,162.63,May 2022 Pricing Master,2026-09-07T07:48:47.421676
320,129,7,20220501,2495.00,950.00,1545.00,162.63,May 2022 Pricing Master,2026-09-07T07:48:47.421676
321,124,7,20220501,2495.00,950.00,1545.00,162.63,May 2022 Pricing Master,2026-09-07T07:48:47.421676
322,125,7,20220501,2495.00,950.00,1545.00,162.63,May 2022 Pricing Master,2026-09-07T07:48:47.421676
323,1093,7,20220501,2995.00,680.00,2315.00,340.44,May 2022 Pricing Master,2026-09-07T07:48:47.421676
324,1092,7,20220501,2995.00,680.00,2315.00,340.44,May 2022 Pricing Master,2026-09-07T07:48:47.421676
325,1091,7,20220501,2995.00,680.00,2315.00,340.44,May 2022 Pricing Master,2026-09-07T07:48:47.421676
326,1094,7,20220501,2995.00,680.00,2315.00,340.44,May 2022 Pricing Master,2026-09-07T07:48:47.421676
327,1089,7,20220501,2995.00,680.00,2315.00,340.44,May 2022 Pricing Master,2026-09-07T07:48:47.421676
328,1090,7,20220501,2995.00,680.00,2315.00,340.44,May 2022 Pricing Master,2026-09-07T07:48:47.421676
329,1087,7,20220501,2995.00,680.00,2315.00,340.44,May 2022 Pricing Master,2026-09-07T07:48:47.421676
330,1086,7,20220501,2995.00,680.00,2315.00,340.44,May 2022 Pricing Master,2026-09-07T07:48:47.421676
331,1085,7,20220501,2995.00,680.00,2315.00,340.44,May 2022 Pricing Master,2026-09-07T07:48:47.421676
332,1088,7,20220501,2995.00,680.00,2315.00,340.44,May 2022 Pricing Master,2026-09-07T07:48:47.421676
333,1083,7,20220501,2995.00,680.00,2315.00,340.44,May 2022 Pricing Master,2026-09-07T07:48:47.421676
334,1084,7,20220501,2995.00,680.00,2315.00,340.44,May 2022 Pricing Master,2026-09-07T07:48:47.421676
335,1081,7,20220501,2995.00,680.00,2315.00,340.44,May 2022 Pricing Master,2026-09-07T07:48:47.421676
336,1080,7,20220501,2995.00,680.00,2315.00,340.44,May 2022 Pricing Master,2026-09-07T07:48:47.421676
337,1079,7,20220501,2995.00,680.00,2315.00,340.44,May 2022 Pricing Master,2026-09-07T07:48:47.421676
338,1082,7,20220501,2995.00,680.00,2315.00,340.44,May 2022 Pricing Master,2026-09-07T07:48:47.421676
339,1077,7,20220501,2995.00,680.00,2315.00,340.44,May 2022 Pricing Master,2026-09-07T07:48:47.421676
340,1078,7,20220501,2995.00,680.00,2315.00,340.44,May 2022 Pricing Master,2026-09-07T07:48:47.421676
341,1075,7,20220501,2995.00,680.00,2315.00,340.44,May 2022 Pricing Master,2026-09-07T07:48:47.421676
342,1074,7,20220501,2995.00,680.00,2315.00,340.44,May 2022 Pricing Master,2026-09-07T07:48:47.421676
343,1073,7,20220501,2995.00,680.00,2315.00,340.44,May 2022 Pricing Master,2026-09-07T07:48:47.421676
344,1076,7,20220501,2995.00,680.00,2315.00,340.44,May 2022 Pricing Master,2026-09-07T07:48:47.421676
345,1071,7,20220501,2995.00,680.00,2315.00,340.44,May 2022 Pricing Master,2026-09-07T07:48:47.421676
346,1072,7,20220501,2995.00,680.00,2315.00,340.44,May 2022 Pricing Master,2026-09-07T07:48:47.421676
347,1058,7,20220501,1995.00,425.00,1570.00,369.41,May 2022 Pricing Master,2026-09-07T07:48:47.421676
348,1057,7,20220501,1995.00,425.00,1570.00,369.41,May 2022 Pricing Master,2026-09-07T07:48:47.421676
349,1056,7,20220501,1995.00,425.00,1570.00,369.41,May 2022 Pricing Master,2026-09-07T07:48:47.421676
350,1059,7,20220501,1995.00,425.00,1570.00,369.41,May 2022 Pricing Master,2026-09-07T07:48:47.421676
351,1054,7,20220501,1995.00,425.00,1570.00,369.41,May 2022 Pricing Master,2026-09-07T07:48:47.421676
352,1055,7,20220501,1995.00,425.00,1570.00,369.41,May 2022 Pricing Master,2026-09-07T07:48:47.421676
353,483,7,20220501,1995.00,425.00,1570.00,369.41,May 2022 Pricing Master,2026-09-07T07:48:47.421676
354,482,7,20220501,1995.00,425.00,1570.00,369.41,May 2022 Pricing Master,2026-09-07T07:48:47.421676
355,481,7,20220501,1995.00,425.00,1570.00,369.41,May 2022 Pricing Master,2026-09-07T07:48:47.421676
356,484,7,20220501,1995.00,425.00,1570.00,369.41,May 2022 Pricing Master,2026-09-07T07:48:47.421676
357,479,7,20220501,1995.00,425.00,1570.00,369.41,May 2022 Pricing Master,2026-09-07T07:48:47.421676
358,480,7,20220501,1995.00,425.00,1570.00,369.41,May 2022 Pricing Master,2026-09-07T07:48:47.421676
359,558,7,20220501,1995.00,425.00,1570.00,369.41,May 2022 Pricing Master,2026-09-07T07:48:47.421676
360,557,7,20220501,1995.00,425.00,1570.00,369.41,May 2022 Pricing Master,2026-09-07T07:48:47.421676
361,556,7,20220501,1995.00,425.00,1570.00,369.41,May 2022 Pricing Master,2026-09-07T07:48:47.421676
362,559,7,20220501,1995.00,425.00,1570.00,369.41,May 2022 Pricing Master,2026-09-07T07:48:47.421676
363,553,7,20220501,1995.00,425.00,1570.00,369.41,May 2022 Pricing Master,2026-09-07T07:48:47.421676
364,555,7,20220501,1995.00,425.00,1570.00,369.41,May 2022 Pricing Master,2026-09-07T07:48:47.421676
365,1069,7,20220501,1195.00,220.00,975.00,443.18,May 2022 Pricing Master,2026-09-07T07:48:47.421676
366,1068,7,20220501,1195.00,220.00,975.00,443.18,May 2022 Pricing Master,2026-09-07T07:48:47.421676
367,1067,7,20220501,1195.00,220.00,975.00,443.18,May 2022 Pricing Master,2026-09-07T07:48:47.421676
368,1070,7,20220501,1195.00,220.00,975.00,443.18,May 2022 Pricing Master,2026-09-07T07:48:47.421676
369,1066,7,20220501,1195.00,220.00,975.00,443.18,May 2022 Pricing Master,2026-09-07T07:48:47.421676
370,289,7,20220501,1250.00,525.00,725.00,138.10,May 2022 Pricing Master,2026-09-07T07:48:47.421676
371,288,7,20220501,1250.00,525.00,725.00,138.10,May 2022 Pricing Master,2026-09-07T07:48:47.421676
372,287,7,20220501,1250.00,525.00,725.00,138.10,May 2022 Pricing Master,2026-09-07T07:48:47.421676
373,290,7,20220501,1250.00,525.00,725.00,138.10,May 2022 Pricing Master,2026-09-07T07:48:47.421676
374,285,7,20220501,1250.00,525.00,725.00,138.10,May 2022 Pricing Master,2026-09-07T07:48:47.421676
375,286,7,20220501,1250.00,525.00,725.00,138.10,May 2022 Pricing Master,2026-09-07T07:48:47.421676
376,104,7,20220501,1895.00,880.00,1015.00,115.34,May 2022 Pricing Master,2026-09-07T07:48:47.421676
377,103,7,20220501,1895.00,880.00,1015.00,115.34,May 2022 Pricing Master,2026-09-07T07:48:47.421676
378,102,7,20220501,1895.00,880.00,1015.00,115.34,May 2022 Pricing Master,2026-09-07T07:48:47.421676
379,105,7,20220501,1895.00,880.00,1015.00,115.34,May 2022 Pricing Master,2026-09-07T07:48:47.421676
380,100,7,20220501,1895.00,880.00,1015.00,115.34,May 2022 Pricing Master,2026-09-07T07:48:47.421676
381,101,7,20220501,1895.00,880.00,1015.00,115.34,May 2022 Pricing Master,2026-09-07T07:48:47.421676
382,1034,7,20220501,1995.00,425.00,1570.00,369.41,May 2022 Pricing Master,2026-09-07T07:48:47.421676
383,1033,7,20220501,1995.00,425.00,1570.00,369.41,May 2022 Pricing Master,2026-09-07T07:48:47.421676
384,1032,7,20220501,1995.00,425.00,1570.00,369.41,May 2022 Pricing Master,2026-09-07T07:48:47.421676
385,1035,7,20220501,1995.00,425.00,1570.00,369.41,May 2022 Pricing Master,2026-09-07T07:48:47.421676
386,1030,7,20220501,1995.00,425.00,1570.00,369.41,May 2022 Pricing Master,2026-09-07T07:48:47.421676
387,1031,7,20220501,1995.00,425.00,1570.00,369.41,May 2022 Pricing Master,2026-09-07T07:48:47.421676
388,1046,7,20220501,1895.00,410.00,1485.00,362.20,May 2022 Pricing Master,2026-09-07T07:48:47.421676
389,1045,7,20220501,1895.00,410.00,1485.00,362.20,May 2022 Pricing Master,2026-09-07T07:48:47.421676
390,1044,7,20220501,1895.00,410.00,1485.00,362.20,May 2022 Pricing Master,2026-09-07T07:48:47.421676
391,1047,7,20220501,1895.00,410.00,1485.00,362.20,May 2022 Pricing Master,2026-09-07T07:48:47.421676
392,1042,7,20220501,1895.00,410.00,1485.00,362.20,May 2022 Pricing Master,2026-09-07T07:48:47.421676
393,1043,7,20220501,1895.00,410.00,1485.00,362.20,May 2022 Pricing Master,2026-09-07T07:48:47.421676
394,1052,7,20220501,1895.00,410.00,1485.00,362.20,May 2022 Pricing Master,2026-09-07T07:48:47.421676
395,1051,7,20220501,1895.00,410.00,1485.00,362.20,May 2022 Pricing Master,2026-09-07T07:48:47.421676
396,1050,7,20220501,1895.00,410.00,1485.00,362.20,May 2022 Pricing Master,2026-09-07T07:48:47.421676
397,1053,7,20220501,1895.00,410.00,1485.00,362.20,May 2022 Pricing Master,2026-09-07T07:48:47.421676
398,1048,7,20220501,1895.00,410.00,1485.00,362.20,May 2022 Pricing Master,2026-09-07T07:48:47.421676
399,1049,7,20220501,1895.00,410.00,1485.00,362.20,May 2022 Pricing Master,2026-09-07T07:48:47.421676
400,507,7,20220501,1895.00,395.00,1500.00,379.75,May 2022 Pricing Master,2026-09-07T07:48:47.421676
401,506,7,20220501,1895.00,395.00,1500.00,379.75,May 2022 Pricing Master,2026-09-07T07:48:47.421676
402,505,7,20220501,1895.00,395.00,1500.00,379.75,May 2022 Pricing Master,2026-09-07T07:48:47.421676
403,508,7,20220501,1895.00,395.00,1500.00,379.75,May 2022 Pricing Master,2026-09-07T07:48:47.421676
404,503,7,20220501,1895.00,395.00,1500.00,379.75,May 2022 Pricing Master,2026-09-07T07:48:47.421676
405,504,7,20220501,1895.00,395.00,1500.00,379.75,May 2022 Pricing Master,2026-09-07T07:48:47.421676
406,513,7,20220501,1895.00,395.00,1500.00,379.75,May 2022 Pricing Master,2026-09-07T07:48:47.421676
407,512,7,20220501,1895.00,395.00,1500.00,379.75,May 2022 Pricing Master,2026-09-07T07:48:47.421676
408,511,7,20220501,1895.00,395.00,1500.00,379.75,May 2022 Pricing Master,2026-09-07T07:48:47.421676
409,514,7,20220501,1895.00,395.00,1500.00,379.75,May 2022 Pricing Master,2026-09-07T07:48:47.421676
410,509,7,20220501,1895.00,395.00,1500.00,379.75,May 2022 Pricing Master,2026-09-07T07:48:47.421676
411,510,7,20220501,1895.00,395.00,1500.00,379.75,May 2022 Pricing Master,2026-09-07T07:48:47.421676
412,576,7,20220501,1895.00,395.00,1500.00,379.75,May 2022 Pricing Master,2026-09-07T07:48:47.421676
413,575,7,20220501,1895.00,395.00,1500.00,379.75,May 2022 Pricing Master,2026-09-07T07:48:47.421676
414,574,7,20220501,1895.00,395.00,1500.00,379.75,May 2022 Pricing Master,2026-09-07T07:48:47.421676
415,577,7,20220501,1895.00,395.00,1500.00,379.75,May 2022 Pricing Master,2026-09-07T07:48:47.421676
416,572,7,20220501,1895.00,395.00,1500.00,379.75,May 2022 Pricing Master,2026-09-07T07:48:47.421676
417,573,7,20220501,1895.00,395.00,1500.00,379.75,May 2022 Pricing Master,2026-09-07T07:48:47.421676
418,570,7,20220501,1895.00,385.00,1510.00,392.21,May 2022 Pricing Master,2026-09-07T07:48:47.421676
419,569,7,20220501,1895.00,385.00,1510.00,392.21,May 2022 Pricing Master,2026-09-07T07:48:47.421676
420,568,7,20220501,1895.00,385.00,1510.00,392.21,May 2022 Pricing Master,2026-09-07T07:48:47.421676
421,571,7,20220501,1895.00,385.00,1510.00,392.21,May 2022 Pricing Master,2026-09-07T07:48:47.421676
422,566,7,20220501,1895.00,385.00,1510.00,392.21,May 2022 Pricing Master,2026-09-07T07:48:47.421676
423,567,7,20220501,1895.00,385.00,1510.00,392.21,May 2022 Pricing Master,2026-09-07T07:48:47.421676
424,531,7,20220501,1895.00,385.00,1510.00,392.21,May 2022 Pricing Master,2026-09-07T07:48:47.421676
425,530,7,20220501,1895.00,385.00,1510.00,392.21,May 2022 Pricing Master,2026-09-07T07:48:47.421676
426,529,7,20220501,1895.00,385.00,1510.00,392.21,May 2022 Pricing Master,2026-09-07T07:48:47.421676
427,532,7,20220501,1895.00,385.00,1510.00,392.21,May 2022 Pricing Master,2026-09-07T07:48:47.421676
428,527,7,20220501,1895.00,385.00,1510.00,392.21,May 2022 Pricing Master,2026-09-07T07:48:47.421676
429,528,7,20220501,1895.00,385.00,1510.00,392.21,May 2022 Pricing Master,2026-09-07T07:48:47.421676
430,1064,7,20220501,1395.00,220.00,1175.00,534.09,May 2022 Pricing Master,2026-09-07T07:48:47.421676
431,1063,7,20220501,1395.00,220.00,1175.00,534.09,May 2022 Pricing Master,2026-09-07T07:48:47.421676
432,1062,7,20220501,1395.00,220.00,1175.00,534.09,May 2022 Pricing Master,2026-09-07T07:48:47.421676
433,1065,7,20220501,1395.00,220.00,1175.00,534.09,May 2022 Pricing Master,2026-09-07T07:48:47.421676
434,1060,7,20220501,1395.00,220.00,1175.00,534.09,May 2022 Pricing Master,2026-09-07T07:48:47.421676
435,1061,7,20220501,1395.00,220.00,1175.00,534.09,May 2022 Pricing Master,2026-09-07T07:48:47.421676
436,140,7,20220501,2095.00,500.00,1595.00,319.00,May 2022 Pricing Master,2026-09-07T07:48:47.421676
437,139,7,20220501,2095.00,500.00,1595.00,319.00,May 2022 Pricing Master,2026-09-07T07:48:47.421676
438,138,7,20220501,2095.00,500.00,1595.00,319.00,May 2022 Pricing Master,2026-09-07T07:48:47.421676
439,141,7,20220501,2095.00,500.00,1595.00,319.00,May 2022 Pricing Master,2026-09-07T07:48:47.421676
440,136,7,20220501,2095.00,500.00,1595.00,319.00,May 2022 Pricing Master,2026-09-07T07:48:47.421676
441,137,7,20220501,2095.00,500.00,1595.00,319.00,May 2022 Pricing Master,2026-09-07T07:48:47.421676
442,230,7,20220501,2295.00,1035.00,1260.00,121.74,May 2022 Pricing Master,2026-09-07T07:48:47.421676
443,229,7,20220501,2295.00,1035.00,1260.00,121.74,May 2022 Pricing Master,2026-09-07T07:48:47.421676
444,228,7,20220501,2295.00,1035.00,1260.00,121.74,May 2022 Pricing Master,2026-09-07T07:48:47.421676
445,231,7,20220501,2295.00,1035.00,1260.00,121.74,May 2022 Pricing Master,2026-09-07T07:48:47.421676
446,226,7,20220501,2295.00,1035.00,1260.00,121.74,May 2022 Pricing Master,2026-09-07T07:48:47.421676
447,227,7,20220501,2295.00,1035.00,1260.00,121.74,May 2022 Pricing Master,2026-09-07T07:48:47.421676
448,80,7,20220501,2150.00,975.00,1175.00,120.51,May 2022 Pricing Master,2026-09-07T07:48:47.421676
449,79,7,20220501,2150.00,975.00,1175.00,120.51,May 2022 Pricing Master,2026-09-07T07:48:47.421676
450,78,7,20220501,2150.00,975.00,1175.00,120.51,May 2022 Pricing Master,2026-09-07T07:48:47.421676
451,81,7,20220501,2150.00,975.00,1175.00,120.51,May 2022 Pricing Master,2026-09-07T07:48:47.421676
452,76,7,20220501,2150.00,975.00,1175.00,120.51,May 2022 Pricing Master,2026-09-07T07:48:47.421676
453,77,7,20220501,2150.00,975.00,1175.00,120.51,May 2022 Pricing Master,2026-09-07T07:48:47.421676
454,313,7,20220501,2695.00,1150.00,1545.00,134.35,May 2022 Pricing Master,2026-09-07T07:48:47.421676
455,312,7,20220501,2695.00,1150.00,1545.00,134.35,May 2022 Pricing Master,2026-09-07T07:48:47.421676
456,311,7,20220501,2695.00,1150.00,1545.00,134.35,May 2022 Pricing Master,2026-09-07T07:48:47.421676
457,314,7,20220501,2695.00,1150.00,1545.00,134.35,May 2022 Pricing Master,2026-09-07T07:48:47.421676
458,309,7,20220501,2695.00,1150.00,1545.00,134.35,May 2022 Pricing Master,2026-09-07T07:48:47.421676
459,310,7,20220501,2695.00,1150.00,1545.00,134.35,May 2022 Pricing Master,2026-09-07T07:48:47.421676
460,270,7,20220501,2195.00,930.00,1265.00,136.02,May 2022 Pricing Master,2026-09-07T07:48:47.421676
461,269,7,20220501,2195.00,930.00,1265.00,136.02,May 2022 Pricing Master,2026-09-07T07:48:47.421676
462,268,7,20220501,2195.00,930.00,1265.00,136.02,May 2022 Pricing Master,2026-09-07T07:48:47.421676
463,271,7,20220501,2195.00,930.00,1265.00,136.02,May 2022 Pricing Master,2026-09-07T07:48:47.421676
464,266,7,20220501,2195.00,930.00,1265.00,136.02,May 2022 Pricing Master,2026-09-07T07:48:47.421676
465,267,7,20220501,2195.00,930.00,1265.00,136.02,May 2022 Pricing Master,2026-09-07T07:48:47.421676
466,248,7,20220501,1795.00,780.00,1015.00,130.13,May 2022 Pricing Master,2026-09-07T07:48:47.421676
467,247,7,20220501,1795.00,780.00,1015.00,130.13,May 2022 Pricing Master,2026-09-07T07:48:47.421676
468,246,7,20220501,1795.00,780.00,1015.00,130.13,May 2022 Pricing Master,2026-09-07T07:48:47.421676
469,249,7,20220501,1795.00,780.00,1015.00,130.13,May 2022 Pricing Master,2026-09-07T07:48:47.421676
470,244,7,20220501,1795.00,780.00,1015.00,130.13,May 2022 Pricing Master,2026-09-07T07:48:47.421676
471,245,7,20220501,1795.00,780.00,1015.00,130.13,May 2022 Pricing Master,2026-09-07T07:48:47.421676
472,1099,7,20220501,1695.00,340.00,1355.00,398.53,May 2022 Pricing Master,2026-09-07T07:48:47.421676
473,1097,7,20220501,1695.00,340.00,1355.00,398.53,May 2022 Pricing Master,2026-09-07T07:48:47.421676
474,1096,7,20220501,1695.00,340.00,1355.00,398.53,May 2022 Pricing Master,2026-09-07T07:48:47.421676
475,1095,7,20220501,1695.00,340.00,1355.00,398.53,May 2022 Pricing Master,2026-09-07T07:48:47.421676
476,1098,7,20220501,1695.00,340.00,1355.00,398.53,May 2022 Pricing Master,2026-09-07T07:48:47.421676
477,440,7,20220501,1995.00,425.00,1570.00,369.41,May 2022 Pricing Master,2026-09-07T07:48:47.421676
478,438,7,20220501,1995.00,425.00,1570.00,369.41,May 2022 Pricing Master,2026-09-07T07:48:47.421676
479,437,7,20220501,1995.00,425.00,1570.00,369.41,May 2022 Pricing Master,2026-09-07T07:48:47.421676
480,436,7,20220501,1995.00,425.00,1570.00,369.41,May 2022 Pricing Master,2026-09-07T07:48:47.421676
481,439,7,20220501,1995.00,425.00,1570.00,369.41,May 2022 Pricing Master,2026-09-07T07:48:47.421676
482,1226,7,20220501,1795.00,440.00,1355.00,307.95,May 2022 Pricing Master,2026-09-07T07:48:47.421676
483,1225,7,20220501,1795.00,440.00,1355.00,307.95,May 2022 Pricing Master,2026-09-07T07:48:47.421676
484,1224,7,20220501,1795.00,440.00,1355.00,307.95,May 2022 Pricing Master,2026-09-07T07:48:47.421676
485,1227,7,20220501,1795.00,440.00,1355.00,307.95,May 2022 Pricing Master,2026-09-07T07:48:47.421676
486,1222,7,20220501,1795.00,440.00,1355.00,307.95,May 2022 Pricing Master,2026-09-07T07:48:47.421676
487,1223,7,20220501,1795.00,440.00,1355.00,307.95,May 2022 Pricing Master,2026-09-07T07:48:47.421676
488,110,7,20220501,2395.00,540.00,1855.00,343.52,May 2022 Pricing Master,2026-09-07T07:48:47.421676
489,109,7,20220501,2395.00,540.00,1855.00,343.52,May 2022 Pricing Master,2026-09-07T07:48:47.421676
490,108,7,20220501,2395.00,540.00,1855.00,343.52,May 2022 Pricing Master,2026-09-07T07:48:47.421676
491,111,7,20220501,2395.00,540.00,1855.00,343.52,May 2022 Pricing Master,2026-09-07T07:48:47.421676
492,106,7,20220501,2395.00,540.00,1855.00,343.52,May 2022 Pricing Master,2026-09-07T07:48:47.421676
493,107,7,20220501,2395.00,540.00,1855.00,343.52,May 2022 Pricing Master,2026-09-07T07:48:47.421676
494,152,7,20220501,2495.00,550.00,1945.00,353.64,May 2022 Pricing Master,2026-09-07T07:48:47.421676
495,151,7,20220501,2495.00,550.00,1945.00,353.64,May 2022 Pricing Master,2026-09-07T07:48:47.421676
496,150,7,20220501,2495.00,550.00,1945.00,353.64,May 2022 Pricing Master,2026-09-07T07:48:47.421676
497,153,7,20220501,2495.00,550.00,1945.00,353.64,May 2022 Pricing Master,2026-09-07T07:48:47.421676
498,148,7,20220501,2495.00,550.00,1945.00,353.64,May 2022 Pricing Master,2026-09-07T07:48:47.421676
499,149,7,20220501,2495.00,550.00,1945.00,353.64,May 2022 Pricing Master,2026-09-07T07:48:47.421676
500,1185,7,20220501,1595.00,314.00,1281.00,407.96,May 2022 Pricing Master,2026-09-07T07:48:47.421676
501,1183,7,20220501,1595.00,314.00,1281.00,407.96,May 2022 Pricing Master,2026-09-07T07:48:47.421676
502,1182,7,20220501,1595.00,314.00,1281.00,407.96,May 2022 Pricing Master,2026-09-07T07:48:47.421676
503,1181,7,20220501,1595.00,314.00,1281.00,407.96,May 2022 Pricing Master,2026-09-07T07:48:47.421676
504,1184,7,20220501,1595.00,314.00,1281.00,407.96,May 2022 Pricing Master,2026-09-07T07:48:47.421676
505,319,7,20220501,1995.00,425.00,1570.00,369.41,May 2022 Pricing Master,2026-09-07T07:48:47.421676
506,318,7,20220501,1995.00,425.00,1570.00,369.41,May 2022 Pricing Master,2026-09-07T07:48:47.421676
507,317,7,20220501,1995.00,425.00,1570.00,369.41,May 2022 Pricing Master,2026-09-07T07:48:47.421676
508,320,7,20220501,1995.00,425.00,1570.00,369.41,May 2022 Pricing Master,2026-09-07T07:48:47.421676
509,315,7,20220501,1995.00,425.00,1570.00,369.41,May 2022 Pricing Master,2026-09-07T07:48:47.421676
510,316,7,20220501,1995.00,425.00,1570.00,369.41,May 2022 Pricing Master,2026-09-07T07:48:47.421676
511,337,7,20220501,1895.00,395.00,1500.00,379.75,May 2022 Pricing Master,2026-09-07T07:48:47.421676
512,336,7,20220501,1895.00,395.00,1500.00,379.75,May 2022 Pricing Master,2026-09-07T07:48:47.421676
513,335,7,20220501,1895.00,395.00,1500.00,379.75,May 2022 Pricing Master,2026-09-07T07:48:47.421676
514,338,7,20220501,1895.00,395.00,1500.00,379.75,May 2022 Pricing Master,2026-09-07T07:48:47.421676
515,333,7,20220501,1895.00,395.00,1500.00,379.75,May 2022 Pricing Master,2026-09-07T07:48:47.421676
516,334,7,20220501,1895.00,395.00,1500.00,379.75,May 2022 Pricing Master,2026-09-07T07:48:47.421676
517,367,7,20220501,2095.00,450.00,1645.00,365.56,May 2022 Pricing Master,2026-09-07T07:48:47.421676
518,366,7,20220501,2095.00,450.00,1645.00,365.56,May 2022 Pricing Master,2026-09-07T07:48:47.421676
519,365,7,20220501,2095.00,450.00,1645.00,365.56,May 2022 Pricing Master,2026-09-07T07:48:47.421676
520,368,7,20220501,2095.00,450.00,1645.00,365.56,May 2022 Pricing Master,2026-09-07T07:48:47.421676
521,363,7,20220501,2095.00,450.00,1645.00,365.56,May 2022 Pricing Master,2026-09-07T07:48:47.421676
522,364,7,20220501,2095.00,450.00,1645.00,365.56,May 2022 Pricing Master,2026-09-07T07:48:47.421676
523,379,7,20220501,1995.00,425.00,1570.00,369.41,May 2022 Pricing Master,2026-09-07T07:48:47.421676
524,378,7,20220501,1995.00,425.00,1570.00,369.41,May 2022 Pricing Master,2026-09-07T07:48:47.421676
525,377,7,20220501,1995.00,425.00,1570.00,369.41,May 2022 Pricing Master,2026-09-07T07:48:47.421676
526,380,7,20220501,1995.00,425.00,1570.00,369.41,May 2022 Pricing Master,2026-09-07T07:48:47.421676
527,375,7,20220501,1995.00,425.00,1570.00,369.41,May 2022 Pricing Master,2026-09-07T07:48:47.421676
528,376,7,20220501,1995.00,425.00,1570.00,369.41,May 2022 Pricing Master,2026-09-07T07:48:47.421676
529,391,7,20220501,3495.00,790.00,2705.00,342.41,May 2022 Pricing Master,2026-09-07T07:48:47.421676
530,390,7,20220501,3495.00,790.00,2705.00,342.41,May 2022 Pricing Master,2026-09-07T07:48:47.421676
531,389,7,20220501,3495.00,790.00,2705.00,342.41,May 2022 Pricing Master,2026-09-07T07:48:47.421676
532,392,7,20220501,3495.00,790.00,2705.00,342.41,May 2022 Pricing Master,2026-09-07T07:48:47.421676
533,387,7,20220501,3495.00,790.00,2705.00,342.41,May 2022 Pricing Master,2026-09-07T07:48:47.421676
534,388,7,20220501,3495.00,790.00,2705.00,342.41,May 2022 Pricing Master,2026-09-07T07:48:47.421676
535,397,7,20220501,3495.00,790.00,2705.00,342.41,May 2022 Pricing Master,2026-09-07T07:48:47.421676
536,396,7,20220501,3495.00,790.00,2705.00,342.41,May 2022 Pricing Master,2026-09-07T07:48:47.421676
537,395,7,20220501,3495.00,790.00,2705.00,342.41,May 2022 Pricing Master,2026-09-07T07:48:47.421676
538,398,7,20220501,3495.00,790.00,2705.00,342.41,May 2022 Pricing Master,2026-09-07T07:48:47.421676
539,393,7,20220501,3495.00,790.00,2705.00,342.41,May 2022 Pricing Master,2026-09-07T07:48:47.421676
540,394,7,20220501,3495.00,790.00,2705.00,342.41,May 2022 Pricing Master,2026-09-07T07:48:47.421676
541,408,7,20220501,3195.00,695.00,2500.00,359.71,May 2022 Pricing Master,2026-09-07T07:48:47.421676
542,407,7,20220501,3195.00,695.00,2500.00,359.71,May 2022 Pricing Master,2026-09-07T07:48:47.421676
543,406,7,20220501,3195.00,695.00,2500.00,359.71,May 2022 Pricing Master,2026-09-07T07:48:47.421676
544,409,7,20220501,3195.00,695.00,2500.00,359.71,May 2022 Pricing Master,2026-09-07T07:48:47.421676
545,404,7,20220501,3195.00,695.00,2500.00,359.71,May 2022 Pricing Master,2026-09-07T07:48:47.421676
546,405,7,20220501,3195.00,695.00,2500.00,359.71,May 2022 Pricing Master,2026-09-07T07:48:47.421676
547,86,7,20220501,5395.00,1295.00,4100.00,316.60,May 2022 Pricing Master,2026-09-07T07:48:47.421676
548,85,7,20220501,5395.00,1295.00,4100.00,316.60,May 2022 Pricing Master,2026-09-07T07:48:47.421676
549,84,7,20220501,5395.00,1295.00,4100.00,316.60,May 2022 Pricing Master,2026-09-07T07:48:47.421676
550,87,7,20220501,5395.00,1295.00,4100.00,316.60,May 2022 Pricing Master,2026-09-07T07:48:47.421676
551,82,7,20220501,5395.00,1295.00,4100.00,316.60,May 2022 Pricing Master,2026-09-07T07:48:47.421676
552,83,7,20220501,5395.00,1295.00,4100.00,316.60,May 2022 Pricing Master,2026-09-07T07:48:47.421676
553,122,7,20220501,4895.00,1150.00,3745.00,325.65,May 2022 Pricing Master,2026-09-07T07:48:47.421676
554,121,7,20220501,4895.00,1150.00,3745.00,325.65,May 2022 Pricing Master,2026-09-07T07:48:47.421676
555,120,7,20220501,4895.00,1150.00,3745.00,325.65,May 2022 Pricing Master,2026-09-07T07:48:47.421676
556,123,7,20220501,4895.00,1150.00,3745.00,325.65,May 2022 Pricing Master,2026-09-07T07:48:47.421676
557,118,7,20220501,4895.00,1150.00,3745.00,325.65,May 2022 Pricing Master,2026-09-07T07:48:47.421676
558,119,7,20220501,4895.00,1150.00,3745.00,325.65,May 2022 Pricing Master,2026-09-07T07:48:47.421676
559,236,7,20220501,4295.00,995.00,3300.00,331.66,May 2022 Pricing Master,2026-09-07T07:48:47.421676
560,235,7,20220501,4295.00,995.00,3300.00,331.66,May 2022 Pricing Master,2026-09-07T07:48:47.421676
561,234,7,20220501,4295.00,995.00,3300.00,331.66,May 2022 Pricing Master,2026-09-07T07:48:47.421676
562,237,7,20220501,4295.00,995.00,3300.00,331.66,May 2022 Pricing Master,2026-09-07T07:48:47.421676
563,232,7,20220501,4295.00,995.00,3300.00,331.66,May 2022 Pricing Master,2026-09-07T07:48:47.421676
564,233,7,20220501,4295.00,995.00,3300.00,331.66,May 2022 Pricing Master,2026-09-07T07:48:47.421676
565,276,7,20220501,4895.00,1150.00,3745.00,325.65,May 2022 Pricing Master,2026-09-07T07:48:47.421676
566,275,7,20220501,4895.00,1150.00,3745.00,325.65,May 2022 Pricing Master,2026-09-07T07:48:47.421676
567,274,7,20220501,4895.00,1150.00,3745.00,325.65,May 2022 Pricing Master,2026-09-07T07:48:47.421676
568,277,7,20220501,4895.00,1150.00,3745.00,325.65,May 2022 Pricing Master,2026-09-07T07:48:47.421676
569,272,7,20220501,4895.00,1150.00,3745.00,325.65,May 2022 Pricing Master,2026-09-07T07:48:47.421676
570,273,7,20220501,4895.00,1150.00,3745.00,325.65,May 2022 Pricing Master,2026-09-07T07:48:47.421676
571,1190,7,20220501,3495.00,695.00,2800.00,402.88,May 2022 Pricing Master,2026-09-07T07:48:47.421676
572,1189,7,20220501,3495.00,695.00,2800.00,402.88,May 2022 Pricing Master,2026-09-07T07:48:47.421676
573,1188,7,20220501,3495.00,695.00,2800.00,402.88,May 2022 Pricing Master,2026-09-07T07:48:47.421676
574,1191,7,20220501,3495.00,695.00,2800.00,402.88,May 2022 Pricing Master,2026-09-07T07:48:47.421676
575,1186,7,20220501,3495.00,695.00,2800.00,402.88,May 2022 Pricing Master,2026-09-07T07:48:47.421676
576,1187,7,20220501,3495.00,695.00,2800.00,402.88,May 2022 Pricing Master,2026-09-07T07:48:47.421676
577,1196,7,20220501,2195.00,425.00,1770.00,416.47,May 2022 Pricing Master,2026-09-07T07:48:47.421676
578,1195,7,20220501,2195.00,425.00,1770.00,416.47,May 2022 Pricing Master,2026-09-07T07:48:47.421676
579,1194,7,20220501,2195.00,425.00,1770.00,416.47,May 2022 Pricing Master,2026-09-07T07:48:47.421676
580,1197,7,20220501,2195.00,425.00,1770.00,416.47,May 2022 Pricing Master,2026-09-07T07:48:47.421676
581,1192,7,20220501,2195.00,425.00,1770.00,416.47,May 2022 Pricing Master,2026-09-07T07:48:47.421676
582,1193,7,20220501,2195.00,425.00,1770.00,416.47,May 2022 Pricing Master,2026-09-07T07:48:47.421676
583,1131,7,20220501,3295.00,650.00,2645.00,406.92,May 2022 Pricing Master,2026-09-07T07:48:47.421676
584,1130,7,20220501,3295.00,650.00,2645.00,406.92,May 2022 Pricing Master,2026-09-07T07:48:47.421676
585,1129,7,20220501,3295.00,650.00,2645.00,406.92,May 2022 Pricing Master,2026-09-07T07:48:47.421676
586,1132,7,20220501,3295.00,650.00,2645.00,406.92,May 2022 Pricing Master,2026-09-07T07:48:47.421676
587,1127,7,20220501,3295.00,650.00,2645.00,406.92,May 2022 Pricing Master,2026-09-07T07:48:47.421676
588,1128,7,20220501,3295.00,650.00,2645.00,406.92,May 2022 Pricing Master,2026-09-07T07:48:47.421676
589,1137,7,20220501,2397.00,460.00,1937.00,421.09,May 2022 Pricing Master,2026-09-07T07:48:47.421676
590,1136,7,20220501,2397.00,460.00,1937.00,421.09,May 2022 Pricing Master,2026-09-07T07:48:47.421676
591,1135,7,20220501,2397.00,460.00,1937.00,421.09,May 2022 Pricing Master,2026-09-07T07:48:47.421676
592,1138,7,20220501,2397.00,460.00,1937.00,421.09,May 2022 Pricing Master,2026-09-07T07:48:47.421676
593,1133,7,20220501,2397.00,460.00,1937.00,421.09,May 2022 Pricing Master,2026-09-07T07:48:47.421676
594,1134,7,20220501,2397.00,460.00,1937.00,421.09,May 2022 Pricing Master,2026-09-07T07:48:47.421676
595,1119,7,20220501,3397.00,675.00,2722.00,403.26,May 2022 Pricing Master,2026-09-07T07:48:47.421676
596,1118,7,20220501,3397.00,675.00,2722.00,403.26,May 2022 Pricing Master,2026-09-07T07:48:47.421676
597,1117,7,20220501,3397.00,675.00,2722.00,403.26,May 2022 Pricing Master,2026-09-07T07:48:47.421676
598,1120,7,20220501,3397.00,675.00,2722.00,403.26,May 2022 Pricing Master,2026-09-07T07:48:47.421676
599,1115,7,20220501,3397.00,675.00,2722.00,403.26,May 2022 Pricing Master,2026-09-07T07:48:47.421676
600,1116,7,20220501,3397.00,675.00,2722.00,403.26,May 2022 Pricing Master,2026-09-07T07:48:47.421676
601,1125,7,20220501,2295.00,440.00,1855.00,421.59,May 2022 Pricing Master,2026-09-07T07:48:47.421676
602,1124,7,20220501,2295.00,440.00,1855.00,421.59,May 2022 Pricing Master,2026-09-07T07:48:47.421676
603,1123,7,20220501,2295.00,440.00,1855.00,421.59,May 2022 Pricing Master,2026-09-07T07:48:47.421676
604,1126,7,20220501,2295.00,440.00,1855.00,421.59,May 2022 Pricing Master,2026-09-07T07:48:47.421676
605,1121,7,20220501,2295.00,440.00,1855.00,421.59,May 2022 Pricing Master,2026-09-07T07:48:47.421676
606,1122,7,20220501,2295.00,440.00,1855.00,421.59,May 2022 Pricing Master,2026-09-07T07:48:47.421676
607,1107,7,20220501,3495.00,695.00,2800.00,402.88,May 2022 Pricing Master,2026-09-07T07:48:47.421676
608,1106,7,20220501,3495.00,695.00,2800.00,402.88,May 2022 Pricing Master,2026-09-07T07:48:47.421676
609,1105,7,20220501,3495.00,695.00,2800.00,402.88,May 2022 Pricing Master,2026-09-07T07:48:47.421676
610,1108,7,20220501,3495.00,695.00,2800.00,402.88,May 2022 Pricing Master,2026-09-07T07:48:47.421676
611,1103,7,20220501,3495.00,695.00,2800.00,402.88,May 2022 Pricing Master,2026-09-07T07:48:47.421676
612,1104,7,20220501,3495.00,695.00,2800.00,402.88,May 2022 Pricing Master,2026-09-07T07:48:47.421676
613,1113,7,20220501,2495.00,490.00,2005.00,409.18,May 2022 Pricing Master,2026-09-07T07:48:47.421676
614,1112,7,20220501,2495.00,490.00,2005.00,409.18,May 2022 Pricing Master,2026-09-07T07:48:47.421676
615,1111,7,20220501,2495.00,490.00,2005.00,409.18,May 2022 Pricing Master,2026-09-07T07:48:47.421676
616,1114,7,20220501,2495.00,490.00,2005.00,409.18,May 2022 Pricing Master,2026-09-07T07:48:47.421676
617,1109,7,20220501,2495.00,490.00,2005.00,409.18,May 2022 Pricing Master,2026-09-07T07:48:47.421676
618,1110,7,20220501,2495.00,490.00,2005.00,409.18,May 2022 Pricing Master,2026-09-07T07:48:47.421676
619,1264,7,20220501,2097.00,415.00,1682.00,405.30,May 2022 Pricing Master,2026-09-07T07:48:47.421676
620,1263,7,20220501,2097.00,415.00,1682.00,405.30,May 2022 Pricing Master,2026-09-07T07:48:47.421676
621,1262,7,20220501,2097.00,415.00,1682.00,405.30,May 2022 Pricing Master,2026-09-07T07:48:47.421676
622,1265,7,20220501,2097.00,415.00,1682.00,405.30,May 2022 Pricing Master,2026-09-07T07:48:47.421676
623,1260,7,20220501,2097.00,415.00,1682.00,405.30,May 2022 Pricing Master,2026-09-07T07:48:47.421676
624,1261,7,20220501,2097.00,415.00,1682.00,405.30,May 2022 Pricing Master,2026-09-07T07:48:47.421676
625,1155,7,20220501,3297.00,650.00,2647.00,407.23,May 2022 Pricing Master,2026-09-07T07:48:47.421676
626,1154,7,20220501,3297.00,650.00,2647.00,407.23,May 2022 Pricing Master,2026-09-07T07:48:47.421676
627,1153,7,20220501,3297.00,650.00,2647.00,407.23,May 2022 Pricing Master,2026-09-07T07:48:47.421676
628,1156,7,20220501,3297.00,650.00,2647.00,407.23,May 2022 Pricing Master,2026-09-07T07:48:47.421676
629,1151,7,20220501,3297.00,650.00,2647.00,407.23,May 2022 Pricing Master,2026-09-07T07:48:47.421676
630,1152,7,20220501,3297.00,650.00,2647.00,407.23,May 2022 Pricing Master,2026-09-07T07:48:47.421676
631,1161,7,20220501,2195.00,425.00,1770.00,416.47,May 2022 Pricing Master,2026-09-07T07:48:47.421676
632,1160,7,20220501,2195.00,425.00,1770.00,416.47,May 2022 Pricing Master,2026-09-07T07:48:47.421676
633,1159,7,20220501,2195.00,425.00,1770.00,416.47,May 2022 Pricing Master,2026-09-07T07:48:47.421676
634,1162,7,20220501,2195.00,425.00,1770.00,416.47,May 2022 Pricing Master,2026-09-07T07:48:47.421676
635,1157,7,20220501,2195.00,425.00,1770.00,416.47,May 2022 Pricing Master,2026-09-07T07:48:47.421676
636,1158,7,20220501,2195.00,425.00,1770.00,416.47,May 2022 Pricing Master,2026-09-07T07:48:47.421676
637,1143,7,20220501,3197.00,625.00,2572.00,411.52,May 2022 Pricing Master,2026-09-07T07:48:47.421676
638,1142,7,20220501,3197.00,625.00,2572.00,411.52,May 2022 Pricing Master,2026-09-07T07:48:47.421676
639,1141,7,20220501,3197.00,625.00,2572.00,411.52,May 2022 Pricing Master,2026-09-07T07:48:47.421676
640,1144,7,20220501,3197.00,625.00,2572.00,411.52,May 2022 Pricing Master,2026-09-07T07:48:47.421676
641,1139,7,20220501,3197.00,625.00,2572.00,411.52,May 2022 Pricing Master,2026-09-07T07:48:47.421676
642,1140,7,20220501,3197.00,625.00,2572.00,411.52,May 2022 Pricing Master,2026-09-07T07:48:47.421676
643,1179,7,20220501,2197.00,425.00,1772.00,416.94,May 2022 Pricing Master,2026-09-07T07:48:47.421676
644,1178,7,20220501,2197.00,425.00,1772.00,416.94,May 2022 Pricing Master,2026-09-07T07:48:47.421676
645,1177,7,20220501,2197.00,425.00,1772.00,416.94,May 2022 Pricing Master,2026-09-07T07:48:47.421676
646,1180,7,20220501,2197.00,425.00,1772.00,416.94,May 2022 Pricing Master,2026-09-07T07:48:47.421676
647,1175,7,20220501,2197.00,425.00,1772.00,416.94,May 2022 Pricing Master,2026-09-07T07:48:47.421676
648,1176,7,20220501,2197.00,425.00,1772.00,416.94,May 2022 Pricing Master,2026-09-07T07:48:47.421676
649,1232,7,20220501,2975.00,595.00,2380.00,400.00,May 2022 Pricing Master,2026-09-07T07:48:47.421676
650,1231,7,20220501,2975.00,595.00,2380.00,400.00,May 2022 Pricing Master,2026-09-07T07:48:47.421676
651,1230,7,20220501,2975.00,595.00,2380.00,400.00,May 2022 Pricing Master,2026-09-07T07:48:47.421676
652,1233,7,20220501,2975.00,595.00,2380.00,400.00,May 2022 Pricing Master,2026-09-07T07:48:47.421676
653,1228,7,20220501,2975.00,595.00,2380.00,400.00,May 2022 Pricing Master,2026-09-07T07:48:47.421676
654,1229,7,20220501,2975.00,595.00,2380.00,400.00,May 2022 Pricing Master,2026-09-07T07:48:47.421676
655,1238,7,20220501,2095.00,410.00,1685.00,410.98,May 2022 Pricing Master,2026-09-07T07:48:47.421676
656,1237,7,20220501,2095.00,410.00,1685.00,410.98,May 2022 Pricing Master,2026-09-07T07:48:47.421676
657,1236,7,20220501,2095.00,410.00,1685.00,410.98,May 2022 Pricing Master,2026-09-07T07:48:47.421676
658,1239,7,20220501,2095.00,410.00,1685.00,410.98,May 2022 Pricing Master,2026-09-07T07:48:47.421676
659,1234,7,20220501,2095.00,410.00,1685.00,410.98,May 2022 Pricing Master,2026-09-07T07:48:47.421676
660,1235,7,20220501,2095.00,410.00,1685.00,410.98,May 2022 Pricing Master,2026-09-07T07:48:47.421676
661,1250,7,20220501,3297.00,650.00,2647.00,407.23,May 2022 Pricing Master,2026-09-07T07:48:47.421676
662,1249,7,20220501,3297.00,650.00,2647.00,407.23,May 2022 Pricing Master,2026-09-07T07:48:47.421676
663,1248,7,20220501,3297.00,650.00,2647.00,407.23,May 2022 Pricing Master,2026-09-07T07:48:47.421676
664,1251,7,20220501,3297.00,650.00,2647.00,407.23,May 2022 Pricing Master,2026-09-07T07:48:47.421676
665,1246,7,20220501,3297.00,650.00,2647.00,407.23,May 2022 Pricing Master,2026-09-07T07:48:47.421676
666,1247,7,20220501,3297.00,650.00,2647.00,407.23,May 2022 Pricing Master,2026-09-07T07:48:47.421676
667,1256,7,20220501,2195.00,425.00,1770.00,416.47,May 2022 Pricing Master,2026-09-07T07:48:47.421676
668,1255,7,20220501,2195.00,425.00,1770.00,416.47,May 2022 Pricing Master,2026-09-07T07:48:47.421676
669,1254,7,20220501,2195.00,425.00,1770.00,416.47,May 2022 Pricing Master,2026-09-07T07:48:47.421676
670,1257,7,20220501,2195.00,425.00,1770.00,416.47,May 2022 Pricing Master,2026-09-07T07:48:47.421676
671,1252,7,20220501,2195.00,425.00,1770.00,416.47,May 2022 Pricing Master,2026-09-07T07:48:47.421676
672,1253,7,20220501,2195.00,425.00,1770.00,416.47,May 2022 Pricing Master,2026-09-07T07:48:47.421676
673,1244,7,20220501,2097.00,415.00,1682.00,405.30,May 2022 Pricing Master,2026-09-07T07:48:47.421676
674,1243,7,20220501,2097.00,415.00,1682.00,405.30,May 2022 Pricing Master,2026-09-07T07:48:47.421676
675,1242,7,20220501,2097.00,415.00,1682.00,405.30,May 2022 Pricing Master,2026-09-07T07:48:47.421676
676,1245,7,20220501,2097.00,415.00,1682.00,405.30,May 2022 Pricing Master,2026-09-07T07:48:47.421676
677,1240,7,20220501,2097.00,415.00,1682.00,405.30,May 2022 Pricing Master,2026-09-07T07:48:47.421676
678,1241,7,20220501,2097.00,415.00,1682.00,405.30,May 2022 Pricing Master,2026-09-07T07:48:47.421676
679,1167,7,20220501,3295.00,640.00,2655.00,414.84,May 2022 Pricing Master,2026-09-07T07:48:47.421676
680,1166,7,20220501,3295.00,640.00,2655.00,414.84,May 2022 Pricing Master,2026-09-07T07:48:47.421676
681,1165,7,20220501,3295.00,640.00,2655.00,414.84,May 2022 Pricing Master,2026-09-07T07:48:47.421676
682,1168,7,20220501,3295.00,640.00,2655.00,414.84,May 2022 Pricing Master,2026-09-07T07:48:47.421676
683,1163,7,20220501,3295.00,640.00,2655.00,414.84,May 2022 Pricing Master,2026-09-07T07:48:47.421676
684,1164,7,20220501,3295.00,640.00,2655.00,414.84,May 2022 Pricing Master,2026-09-07T07:48:47.421676
685,1173,7,20220501,2095.00,415.00,1680.00,404.82,May 2022 Pricing Master,2026-09-07T07:48:47.421676
686,1172,7,20220501,2095.00,415.00,1680.00,404.82,May 2022 Pricing Master,2026-09-07T07:48:47.421676
687,1171,7,20220501,2095.00,415.00,1680.00,404.82,May 2022 Pricing Master,2026-09-07T07:48:47.421676
688,1174,7,20220501,2095.00,415.00,1680.00,404.82,May 2022 Pricing Master,2026-09-07T07:48:47.421676
689,1169,7,20220501,2095.00,415.00,1680.00,404.82,May 2022 Pricing Master,2026-09-07T07:48:47.421676
690,1170,7,20220501,2095.00,415.00,1680.00,404.82,May 2022 Pricing Master,2026-09-07T07:48:47.421676
691,1214,7,20220501,3195.00,625.00,2570.00,411.20,May 2022 Pricing Master,2026-09-07T07:48:47.421676
692,1213,7,20220501,3195.00,625.00,2570.00,411.20,May 2022 Pricing Master,2026-09-07T07:48:47.421676
693,1212,7,20220501,3195.00,625.00,2570.00,411.20,May 2022 Pricing Master,2026-09-07T07:48:47.421676
694,1215,7,20220501,3195.00,625.00,2570.00,411.20,May 2022 Pricing Master,2026-09-07T07:48:47.421676
695,1210,7,20220501,3195.00,625.00,2570.00,411.20,May 2022 Pricing Master,2026-09-07T07:48:47.421676
696,1211,7,20220501,3195.00,625.00,2570.00,411.20,May 2022 Pricing Master,2026-09-07T07:48:47.421676
697,1220,7,20220501,2097.00,400.00,1697.00,424.25,May 2022 Pricing Master,2026-09-07T07:48:47.421676
698,1219,7,20220501,2097.00,400.00,1697.00,424.25,May 2022 Pricing Master,2026-09-07T07:48:47.421676
699,1218,7,20220501,2097.00,400.00,1697.00,424.25,May 2022 Pricing Master,2026-09-07T07:48:47.421676
700,1221,7,20220501,2097.00,400.00,1697.00,424.25,May 2022 Pricing Master,2026-09-07T07:48:47.421676
701,1216,7,20220501,2097.00,400.00,1697.00,424.25,May 2022 Pricing Master,2026-09-07T07:48:47.421676
702,1217,7,20220501,2097.00,400.00,1697.00,424.25,May 2022 Pricing Master,2026-09-07T07:48:47.421676
703,1202,7,20220501,3095.00,615.00,2480.00,403.25,May 2022 Pricing Master,2026-09-07T07:48:47.421676
704,1201,7,20220501,3095.00,615.00,2480.00,403.25,May 2022 Pricing Master,2026-09-07T07:48:47.421676
705,1200,7,20220501,3095.00,615.00,2480.00,403.25,May 2022 Pricing Master,2026-09-07T07:48:47.421676
706,1203,7,20220501,3095.00,615.00,2480.00,403.25,May 2022 Pricing Master,2026-09-07T07:48:47.421676
707,1198,7,20220501,3095.00,615.00,2480.00,403.25,May 2022 Pricing Master,2026-09-07T07:48:47.421676
708,1199,7,20220501,3095.00,615.00,2480.00,403.25,May 2022 Pricing Master,2026-09-07T07:48:47.421676
709,1208,7,20220501,2195.00,425.00,1770.00,416.47,May 2022 Pricing Master,2026-09-07T07:48:47.421676
710,1207,7,20220501,2195.00,425.00,1770.00,416.47,May 2022 Pricing Master,2026-09-07T07:48:47.421676
711,1206,7,20220501,2195.00,425.00,1770.00,416.47,May 2022 Pricing Master,2026-09-07T07:48:47.421676
712,1209,7,20220501,2195.00,425.00,1770.00,416.47,May 2022 Pricing Master,2026-09-07T07:48:47.421676
713,1204,7,20220501,2195.00,425.00,1770.00,416.47,May 2022 Pricing Master,2026-09-07T07:48:47.421676
714,1205,7,20220501,2195.00,425.00,1770.00,416.47,May 2022 Pricing Master,2026-09-07T07:48:47.421676
715,252,7,20220501,5997.00,1195.00,4802.00,401.84,May 2022 Pricing Master,2026-09-07T07:48:47.421676
716,251,7,20220501,5997.00,1195.00,4802.00,401.84,May 2022 Pricing Master,2026-09-07T07:48:47.421676
717,253,7,20220501,5997.00,1195.00,4802.00,401.84,May 2022 Pricing Master,2026-09-07T07:48:47.421676
718,250,7,20220501,5997.00,1195.00,4802.00,401.84,May 2022 Pricing Master,2026-09-07T07:48:47.421676
719,14,7,20220501,2494.00,818.00,1676.00,204.89,May 2022 Pricing Master,2026-09-07T07:48:47.421676
720,37,7,20220501,4099.00,1044.00,3055.00,292.62,May 2022 Pricing Master,2026-09-07T07:48:47.421676
721,13,7,20220501,2449.00,795.00,1654.00,208.05,May 2022 Pricing Master,2026-09-07T07:48:47.421676
722,1320,7,20220501,4049.00,1395.00,2654.00,190.25,May 2022 Pricing Master,2026-09-07T07:48:47.421676
723,1321,7,20220501,4049.00,1395.00,2654.00,190.25,May 2022 Pricing Master,2026-09-07T07:48:47.421676
724,1319,7,20220501,4049.00,1395.00,2654.00,190.25,May 2022 Pricing Master,2026-09-07T07:48:47.421676
725,1323,7,20220501,4049.00,1395.00,2654.00,190.25,May 2022 Pricing Master,2026-09-07T07:48:47.421676
726,1322,7,20220501,4049.00,1395.00,2654.00,190.25,May 2022 Pricing Master,2026-09-07T07:48:47.421676
727,1329,7,20220501,3149.00,895.00,2254.00,251.84,May 2022 Pricing Master,2026-09-07T07:48:47.421676
728,284,7,20220501,2449.00,625.00,1824.00,291.84,May 2022 Pricing Master,2026-09-07T07:48:47.421676
729,10,7,20220501,4549.00,1165.00,3384.00,290.47,May 2022 Pricing Master,2026-09-07T07:48:47.421676
730,9,7,20220501,4549.00,1165.00,3384.00,290.47,May 2022 Pricing Master,2026-09-07T07:48:47.421676
731,8,7,20220501,4549.00,1165.00,3384.00,290.47,May 2022 Pricing Master,2026-09-07T07:48:47.421676
732,7,7,20220501,4549.00,1165.00,3384.00,290.47,May 2022 Pricing Master,2026-09-07T07:48:47.421676
733,12,7,20220501,2449.00,795.00,1654.00,208.05,May 2022 Pricing Master,2026-09-07T07:48:47.421676
734,3,7,20220501,299.00,150.00,149.00,99.33,May 2022 Pricing Master,2026-09-07T07:48:47.421676
735,2,7,20220501,199.00,100.00,99.00,99.00,May 2022 Pricing Master,2026-09-07T07:48:47.421676
736,6,7,20220501,1695.00,899.00,796.00,88.54,May 2022 Pricing Master,2026-09-07T07:48:47.421676
737,1326,7,20220501,1695.00,699.00,996.00,142.49,May 2022 Pricing Master,2026-09-07T07:48:47.421676
738,766,7,20220501,1595.00,381.00,1214.00,318.64,May 2022 Pricing Master,2026-09-07T07:48:47.421676
739,735,7,20220501,2295.00,570.00,1725.00,302.63,May 2022 Pricing Master,2026-09-07T07:48:47.421676
740,1330,7,20220501,3149.00,895.00,2254.00,251.84,May 2022 Pricing Master,2026-09-07T07:48:47.421676
741,1328,7,20220501,3149.00,895.00,2254.00,251.84,May 2022 Pricing Master,2026-09-07T07:48:47.421676
742,5,7,20220501,3499.00,995.00,2504.00,251.66,May 2022 Pricing Master,2026-09-07T07:48:47.421676
743,1324,7,20220501,4049.00,1395.00,2654.00,190.25,May 2022 Pricing Master,2026-09-07T07:48:47.421676
744,30,7,20220501,299.00,126.00,173.00,137.30,May 2022 Pricing Master,2026-09-07T07:48:47.421676
745,32,7,20220501,499.00,252.00,247.00,98.02,May 2022 Pricing Master,2026-09-07T07:48:47.421676
746,31,7,20220501,299.00,126.00,173.00,137.30,May 2022 Pricing Master,2026-09-07T07:48:47.421676
747,1297,7,20220501,1995.00,500.00,1495.00,299.00,May 2022 Pricing Master,2026-09-07T07:48:47.421676
748,1100,7,20220501,2195.00,425.00,1770.00,416.47,May 2022 Pricing Master,2026-09-07T07:48:47.421676
749,1325,7,20220501,4899.00,1395.00,3504.00,251.18,May 2022 Pricing Master,2026-09-07T07:48:47.421676
750,36,7,20220501,3149.00,806.00,2343.00,290.69,May 2022 Pricing Master,2026-09-07T07:48:47.421676
751,34,7,20220501,3149.00,859.00,2290.00,266.59,May 2022 Pricing Master,2026-09-07T07:48:47.421676
752,1259,7,20220501,2195.00,615.00,1580.00,256.91,May 2022 Pricing Master,2026-09-07T07:48:47.421676
753,1102,7,20220501,2195.00,425.00,1770.00,416.47,May 2022 Pricing Master,2026-09-07T07:48:47.421676
754,20,7,20220501,2494.00,818.00,1676.00,204.89,May 2022 Pricing Master,2026-09-07T07:48:47.421676
755,1304,7,20220501,1695.00,395.00,1300.00,329.11,May 2022 Pricing Master,2026-09-07T07:48:47.421676
756,1302,7,20220501,1695.00,395.00,1300.00,329.11,May 2022 Pricing Master,2026-09-07T07:48:47.421676
757,1301,7,20220501,1695.00,395.00,1300.00,329.11,May 2022 Pricing Master,2026-09-07T07:48:47.421676
758,1300,7,20220501,1695.00,395.00,1300.00,329.11,May 2022 Pricing Master,2026-09-07T07:48:47.421676
759,1303,7,20220501,1695.00,395.00,1300.00,329.11,May 2022 Pricing Master,2026-09-07T07:48:47.421676
760,1298,7,20220501,1695.00,395.00,1300.00,329.11,May 2022 Pricing Master,2026-09-07T07:48:47.421676
761,1299,7,20220501,1695.00,395.00,1300.00,329.11,May 2022 Pricing Master,2026-09-07T07:48:47.421676
762,1318,7,20220501,1995.00,425.00,1570.00,369.41,May 2022 Pricing Master,2026-09-07T07:48:47.421676
763,1316,7,20220501,1995.00,425.00,1570.00,369.41,May 2022 Pricing Master,2026-09-07T07:48:47.421676
764,1315,7,20220501,1995.00,425.00,1570.00,369.41,May 2022 Pricing Master,2026-09-07T07:48:47.421676
765,1314,7,20220501,1995.00,425.00,1570.00,369.41,May 2022 Pricing Master,2026-09-07T07:48:47.421676
766,1317,7,20220501,1995.00,425.00,1570.00,369.41,May 2022 Pricing Master,2026-09-07T07:48:47.421676
767,1312,7,20220501,1995.00,425.00,1570.00,369.41,May 2022 Pricing Master,2026-09-07T07:48:47.421676
768,1313,7,20220501,1995.00,425.00,1570.00,369.41,May 2022 Pricing Master,2026-09-07T07:48:47.421676
769,1311,7,20220501,1795.00,435.00,1360.00,312.64,May 2022 Pricing Master,2026-09-07T07:48:47.421676
770,1309,7,20220501,1795.00,435.00,1360.00,312.64,May 2022 Pricing Master,2026-09-07T07:48:47.421676
771,1308,7,20220501,1795.00,435.00,1360.00,312.64,May 2022 Pricing Master,2026-09-07T07:48:47.421676
772,1307,7,20220501,1795.00,435.00,1360.00,312.64,May 2022 Pricing Master,2026-09-07T07:48:47.421676
773,1310,7,20220501,1795.00,435.00,1360.00,312.64,May 2022 Pricing Master,2026-09-07T07:48:47.421676
774,1305,7,20220501,1795.00,435.00,1360.00,312.64,May 2022 Pricing Master,2026-09-07T07:48:47.421676
775,1306,7,20220501,1795.00,435.00,1360.00,312.64,May 2022 Pricing Master,2026-09-07T07:48:47.421676
776,23,7,20220501,2494.00,818.00,1676.00,204.89,May 2022 Pricing Master,2026-09-07T07:48:47.421676
777,1101,7,20220501,2195.00,425.00,1770.00,416.47,May 2022 Pricing Master,2026-09-07T07:48:47.421676
778,11,7,20220501,4549.00,1165.00,3384.00,290.47,May 2022 Pricing Master,2026-09-07T07:48:47.421676
779,4,7,20220501,630.50,630.50,0.00,0.00,May 2022 Pricing Master,2026-09-07T07:48:47.421676
780,1331,7,20220501,498.00,498.00,0.00,0.00,May 2022 Pricing Master,2026-09-07T07:48:47.421676
781,1258,7,20220501,2195.00,615.00,1580.00,256.91,May 2022 Pricing Master,2026-09-07T07:48:47.421676
782,1327,7,20220501,1365.00,1523.00,-158.00,-10.37,May 2022 Pricing Master,2026-09-07T07:48:47.421676
783,33,7,20220501,733.95,733.95,0.00,0.00,May 2022 Pricing Master,2026-09-07T07:48:47.421676
784,554,7,20220501,1995.00,425.00,1570.00,369.41,May 2022 Pricing Master,2026-09-07T07:48:47.421676
785,537,7,20220501,1695.00,424.00,1271.00,299.76,May 2022 Pricing Master,2026-09-07T07:48:47.421676
786,35,7,20220501,3149.00,859.00,2290.00,266.59,May 2022 Pricing Master,2026-09-07T07:48:47.421676
787,15,7,20220501,2494.00,818.00,1676.00,204.89,May 2022 Pricing Master,2026-09-07T07:48:47.421676
788,16,7,20220501,2494.00,818.00,1676.00,204.89,May 2022 Pricing Master,2026-09-07T07:48:47.421676
789,17,7,20220501,2494.00,818.00,1676.00,204.89,May 2022 Pricing Master,2026-09-07T07:48:47.421676
790,18,7,20220501,2494.00,818.00,1676.00,204.89,May 2022 Pricing Master,2026-09-07T07:48:47.421676
791,19,7,20220501,2494.00,818.00,1676.00,204.89,May 2022 Pricing Master,2026-09-07T07:48:47.421676
792,21,7,20220501,2494.00,818.00,1676.00,204.89,May 2022 Pricing Master,2026-09-07T07:48:47.421676
793,22,7,20220501,2494.00,818.00,1676.00,204.89,May 2022 Pricing Master,2026-09-07T07:48:47.421676
794,24,7,20220501,2494.00,818.00,1676.00,204.89,May 2022 Pricing Master,2026-09-07T07:48:47.421676
795,25,7,20220501,2494.00,818.00,1676.00,204.89,May 2022 Pricing Master,2026-09-07T07:48:47.421676
796,26,7,20220501,2494.00,818.00,1676.00,204.89,May 2022 Pricing Master,2026-09-07T07:48:47.421676
797,27,7,20220501,2494.00,818.00,1676.00,204.89,May 2022 Pricing Master,2026-09-07T07:48:47.421676
798,28,7,20220501,2494.00,818.00,1676.00,204.89,May 2022 Pricing Master,2026-09-07T07:48:47.421676
799,29,7,20220501,2494.00,818.00,1676.00,204.89,May 2022 Pricing Master,2026-09-07T07:48:47.421676
800,540,7,20220501,1695.00,424.00,1271.00,299.76,May 2022 Pricing Master,2026-09-07T07:48:47.421676
801,1296,7,20220501,1995.00,467.00,1528.00,327.19,May 2022 Pricing Master,2026-09-07T07:48:47.421676
802,1294,7,20220501,1995.00,467.00,1528.00,327.19,May 2022 Pricing Master,2026-09-07T07:48:47.421676
803,1293,7,20220501,1995.00,467.00,1528.00,327.19,May 2022 Pricing Master,2026-09-07T07:48:47.421676
804,1292,7,20220501,1995.00,467.00,1528.00,327.19,May 2022 Pricing Master,2026-09-07T07:48:47.421676
805,1295,7,20220501,1995.00,467.00,1528.00,327.19,May 2022 Pricing Master,2026-09-07T07:48:47.421676
806,1290,7,20220501,1995.00,467.00,1528.00,327.19,May 2022 Pricing Master,2026-09-07T07:48:47.421676
807,1291,7,20220501,1995.00,467.00,1528.00,327.19,May 2022 Pricing Master,2026-09-07T07:48:47.421676
808,813,8,20220501,2295.00,538.00,1757.00,326.58,May 2022 Pricing Master,2026-09-07T07:48:47.421676
809,812,8,20220501,2295.00,538.00,1757.00,326.58,May 2022 Pricing Master,2026-09-07T07:48:47.421676
810,811,8,20220501,2295.00,538.00,1757.00,326.58,May 2022 Pricing Master,2026-09-07T07:48:47.421676
811,814,8,20220501,2295.00,538.00,1757.00,326.58,May 2022 Pricing Master,2026-09-07T07:48:47.421676
812,809,8,20220501,2295.00,538.00,1757.00,326.58,May 2022 Pricing Master,2026-09-07T07:48:47.421676
813,810,8,20220501,2295.00,538.00,1757.00,326.58,May 2022 Pricing Master,2026-09-07T07:48:47.421676
814,914,8,20220501,2295.00,538.00,1757.00,326.58,May 2022 Pricing Master,2026-09-07T07:48:47.421676
815,913,8,20220501,2295.00,538.00,1757.00,326.58,May 2022 Pricing Master,2026-09-07T07:48:47.421676
816,912,8,20220501,2295.00,538.00,1757.00,326.58,May 2022 Pricing Master,2026-09-07T07:48:47.421676
817,915,8,20220501,2295.00,538.00,1757.00,326.58,May 2022 Pricing Master,2026-09-07T07:48:47.421676
818,910,8,20220501,2295.00,538.00,1757.00,326.58,May 2022 Pricing Master,2026-09-07T07:48:47.421676
819,911,8,20220501,2295.00,538.00,1757.00,326.58,May 2022 Pricing Master,2026-09-07T07:48:47.421676
820,849,8,20220501,2295.00,538.00,1757.00,326.58,May 2022 Pricing Master,2026-09-07T07:48:47.421676
821,848,8,20220501,2295.00,538.00,1757.00,326.58,May 2022 Pricing Master,2026-09-07T07:48:47.421676
822,847,8,20220501,2295.00,538.00,1757.00,326.58,May 2022 Pricing Master,2026-09-07T07:48:47.421676
823,850,8,20220501,2295.00,538.00,1757.00,326.58,May 2022 Pricing Master,2026-09-07T07:48:47.421676
824,845,8,20220501,2295.00,538.00,1757.00,326.58,May 2022 Pricing Master,2026-09-07T07:48:47.421676
825,846,8,20220501,2295.00,538.00,1757.00,326.58,May 2022 Pricing Master,2026-09-07T07:48:47.421676
826,860,8,20220501,2295.00,538.00,1757.00,326.58,May 2022 Pricing Master,2026-09-07T07:48:47.421676
827,859,8,20220501,2295.00,538.00,1757.00,326.58,May 2022 Pricing Master,2026-09-07T07:48:47.421676
828,858,8,20220501,2295.00,538.00,1757.00,326.58,May 2022 Pricing Master,2026-09-07T07:48:47.421676
829,861,8,20220501,2295.00,538.00,1757.00,326.58,May 2022 Pricing Master,2026-09-07T07:48:47.421676
830,856,8,20220501,2295.00,538.00,1757.00,326.58,May 2022 Pricing Master,2026-09-07T07:48:47.421676
831,857,8,20220501,2295.00,538.00,1757.00,326.58,May 2022 Pricing Master,2026-09-07T07:48:47.421676
832,819,8,20220501,2295.00,538.00,1757.00,326.58,May 2022 Pricing Master,2026-09-07T07:48:47.421676
833,818,8,20220501,2295.00,538.00,1757.00,326.58,May 2022 Pricing Master,2026-09-07T07:48:47.421676
834,817,8,20220501,2295.00,538.00,1757.00,326.58,May 2022 Pricing Master,2026-09-07T07:48:47.421676
835,820,8,20220501,2295.00,538.00,1757.00,326.58,May 2022 Pricing Master,2026-09-07T07:48:47.421676
836,815,8,20220501,2295.00,538.00,1757.00,326.58,May 2022 Pricing Master,2026-09-07T07:48:47.421676
837,816,8,20220501,2295.00,538.00,1757.00,326.58,May 2022 Pricing Master,2026-09-07T07:48:47.421676
838,789,8,20220501,2295.00,538.00,1757.00,326.58,May 2022 Pricing Master,2026-09-07T07:48:47.421676
839,788,8,20220501,2295.00,538.00,1757.00,326.58,May 2022 Pricing Master,2026-09-07T07:48:47.421676
840,787,8,20220501,2295.00,538.00,1757.00,326.58,May 2022 Pricing Master,2026-09-07T07:48:47.421676
841,790,8,20220501,2295.00,538.00,1757.00,326.58,May 2022 Pricing Master,2026-09-07T07:48:47.421676
842,785,8,20220501,2295.00,538.00,1757.00,326.58,May 2022 Pricing Master,2026-09-07T07:48:47.421676
843,786,8,20220501,2295.00,538.00,1757.00,326.58,May 2022 Pricing Master,2026-09-07T07:48:47.421676
844,667,8,20220501,1895.00,438.00,1457.00,332.65,May 2022 Pricing Master,2026-09-07T07:48:47.421676
845,666,8,20220501,1895.00,438.00,1457.00,332.65,May 2022 Pricing Master,2026-09-07T07:48:47.421676
846,665,8,20220501,1895.00,438.00,1457.00,332.65,May 2022 Pricing Master,2026-09-07T07:48:47.421676
847,668,8,20220501,1895.00,438.00,1457.00,332.65,May 2022 Pricing Master,2026-09-07T07:48:47.421676
848,663,8,20220501,1895.00,438.00,1457.00,332.65,May 2022 Pricing Master,2026-09-07T07:48:47.421676
849,664,8,20220501,1895.00,438.00,1457.00,332.65,May 2022 Pricing Master,2026-09-07T07:48:47.421676
850,727,8,20220501,1895.00,438.00,1457.00,332.65,May 2022 Pricing Master,2026-09-07T07:48:47.421676
851,726,8,20220501,1895.00,438.00,1457.00,332.65,May 2022 Pricing Master,2026-09-07T07:48:47.421676
852,725,8,20220501,1895.00,438.00,1457.00,332.65,May 2022 Pricing Master,2026-09-07T07:48:47.421676
853,728,8,20220501,1895.00,438.00,1457.00,332.65,May 2022 Pricing Master,2026-09-07T07:48:47.421676
854,723,8,20220501,1895.00,438.00,1457.00,332.65,May 2022 Pricing Master,2026-09-07T07:48:47.421676
855,724,8,20220501,1895.00,438.00,1457.00,332.65,May 2022 Pricing Master,2026-09-07T07:48:47.421676
856,758,8,20220501,1895.00,438.00,1457.00,332.65,May 2022 Pricing Master,2026-09-07T07:48:47.421676
857,757,8,20220501,1895.00,438.00,1457.00,332.65,May 2022 Pricing Master,2026-09-07T07:48:47.421676
858,756,8,20220501,1895.00,438.00,1457.00,332.65,May 2022 Pricing Master,2026-09-07T07:48:47.421676
859,759,8,20220501,1895.00,438.00,1457.00,332.65,May 2022 Pricing Master,2026-09-07T07:48:47.421676
860,754,8,20220501,1895.00,438.00,1457.00,332.65,May 2022 Pricing Master,2026-09-07T07:48:47.421676
861,755,8,20220501,1895.00,438.00,1457.00,332.65,May 2022 Pricing Master,2026-09-07T07:48:47.421676
862,890,8,20220501,1895.00,438.00,1457.00,332.65,May 2022 Pricing Master,2026-09-07T07:48:47.421676
863,889,8,20220501,1895.00,438.00,1457.00,332.65,May 2022 Pricing Master,2026-09-07T07:48:47.421676
864,888,8,20220501,1895.00,438.00,1457.00,332.65,May 2022 Pricing Master,2026-09-07T07:48:47.421676
865,891,8,20220501,1895.00,438.00,1457.00,332.65,May 2022 Pricing Master,2026-09-07T07:48:47.421676
866,886,8,20220501,1895.00,438.00,1457.00,332.65,May 2022 Pricing Master,2026-09-07T07:48:47.421676
867,887,8,20220501,1895.00,438.00,1457.00,332.65,May 2022 Pricing Master,2026-09-07T07:48:47.421676
868,746,8,20220501,1895.00,438.00,1457.00,332.65,May 2022 Pricing Master,2026-09-07T07:48:47.421676
869,745,8,20220501,1895.00,438.00,1457.00,332.65,May 2022 Pricing Master,2026-09-07T07:48:47.421676
870,744,8,20220501,1895.00,438.00,1457.00,332.65,May 2022 Pricing Master,2026-09-07T07:48:47.421676
871,747,8,20220501,1895.00,438.00,1457.00,332.65,May 2022 Pricing Master,2026-09-07T07:48:47.421676
872,742,8,20220501,1895.00,438.00,1457.00,332.65,May 2022 Pricing Master,2026-09-07T07:48:47.421676
873,743,8,20220501,1895.00,438.00,1457.00,332.65,May 2022 Pricing Master,2026-09-07T07:48:47.421676
874,715,8,20220501,1895.00,438.00,1457.00,332.65,May 2022 Pricing Master,2026-09-07T07:48:47.421676
875,714,8,20220501,1895.00,438.00,1457.00,332.65,May 2022 Pricing Master,2026-09-07T07:48:47.421676
876,713,8,20220501,1895.00,438.00,1457.00,332.65,May 2022 Pricing Master,2026-09-07T07:48:47.421676
877,716,8,20220501,1895.00,438.00,1457.00,332.65,May 2022 Pricing Master,2026-09-07T07:48:47.421676
878,711,8,20220501,1895.00,438.00,1457.00,332.65,May 2022 Pricing Master,2026-09-07T07:48:47.421676
879,712,8,20220501,1895.00,438.00,1457.00,332.65,May 2022 Pricing Master,2026-09-07T07:48:47.421676
880,673,8,20220501,1895.00,438.00,1457.00,332.65,May 2022 Pricing Master,2026-09-07T07:48:47.421676
881,672,8,20220501,1895.00,438.00,1457.00,332.65,May 2022 Pricing Master,2026-09-07T07:48:47.421676
882,671,8,20220501,1895.00,438.00,1457.00,332.65,May 2022 Pricing Master,2026-09-07T07:48:47.421676
883,674,8,20220501,1895.00,438.00,1457.00,332.65,May 2022 Pricing Master,2026-09-07T07:48:47.421676
884,669,8,20220501,1895.00,438.00,1457.00,332.65,May 2022 Pricing Master,2026-09-07T07:48:47.421676
885,670,8,20220501,1895.00,438.00,1457.00,332.65,May 2022 Pricing Master,2026-09-07T07:48:47.421676
886,831,8,20220501,1895.00,438.00,1457.00,332.65,May 2022 Pricing Master,2026-09-07T07:48:47.421676
887,830,8,20220501,1895.00,438.00,1457.00,332.65,May 2022 Pricing Master,2026-09-07T07:48:47.421676
888,829,8,20220501,1895.00,438.00,1457.00,332.65,May 2022 Pricing Master,2026-09-07T07:48:47.421676
889,832,8,20220501,1895.00,438.00,1457.00,332.65,May 2022 Pricing Master,2026-09-07T07:48:47.421676
890,827,8,20220501,1895.00,438.00,1457.00,332.65,May 2022 Pricing Master,2026-09-07T07:48:47.421676
891,828,8,20220501,1895.00,438.00,1457.00,332.65,May 2022 Pricing Master,2026-09-07T07:48:47.421676
892,884,8,20220501,2195.00,505.00,1690.00,334.65,May 2022 Pricing Master,2026-09-07T07:48:47.421676
893,883,8,20220501,2195.00,505.00,1690.00,334.65,May 2022 Pricing Master,2026-09-07T07:48:47.421676
894,882,8,20220501,2195.00,505.00,1690.00,334.65,May 2022 Pricing Master,2026-09-07T07:48:47.421676
895,885,8,20220501,2195.00,505.00,1690.00,334.65,May 2022 Pricing Master,2026-09-07T07:48:47.421676
896,880,8,20220501,2195.00,505.00,1690.00,334.65,May 2022 Pricing Master,2026-09-07T07:48:47.421676
897,881,8,20220501,2195.00,505.00,1690.00,334.65,May 2022 Pricing Master,2026-09-07T07:48:47.421676
898,783,8,20220501,2195.00,505.00,1690.00,334.65,May 2022 Pricing Master,2026-09-07T07:48:47.421676
899,782,8,20220501,2195.00,505.00,1690.00,334.65,May 2022 Pricing Master,2026-09-07T07:48:47.421676
900,781,8,20220501,2195.00,505.00,1690.00,334.65,May 2022 Pricing Master,2026-09-07T07:48:47.421676
901,784,8,20220501,2195.00,505.00,1690.00,334.65,May 2022 Pricing Master,2026-09-07T07:48:47.421676
902,779,8,20220501,2195.00,505.00,1690.00,334.65,May 2022 Pricing Master,2026-09-07T07:48:47.421676
903,780,8,20220501,2195.00,505.00,1690.00,334.65,May 2022 Pricing Master,2026-09-07T07:48:47.421676
904,631,8,20220501,2195.00,505.00,1690.00,334.65,May 2022 Pricing Master,2026-09-07T07:48:47.421676
905,630,8,20220501,2195.00,505.00,1690.00,334.65,May 2022 Pricing Master,2026-09-07T07:48:47.421676
906,629,8,20220501,2195.00,505.00,1690.00,334.65,May 2022 Pricing Master,2026-09-07T07:48:47.421676
907,632,8,20220501,2195.00,505.00,1690.00,334.65,May 2022 Pricing Master,2026-09-07T07:48:47.421676
908,627,8,20220501,2195.00,505.00,1690.00,334.65,May 2022 Pricing Master,2026-09-07T07:48:47.421676
909,628,8,20220501,2195.00,505.00,1690.00,334.65,May 2022 Pricing Master,2026-09-07T07:48:47.421676
910,896,8,20220501,2195.00,505.00,1690.00,334.65,May 2022 Pricing Master,2026-09-07T07:48:47.421676
911,895,8,20220501,2195.00,505.00,1690.00,334.65,May 2022 Pricing Master,2026-09-07T07:48:47.421676
912,894,8,20220501,2195.00,505.00,1690.00,334.65,May 2022 Pricing Master,2026-09-07T07:48:47.421676
913,897,8,20220501,2195.00,505.00,1690.00,334.65,May 2022 Pricing Master,2026-09-07T07:48:47.421676
914,892,8,20220501,2195.00,505.00,1690.00,334.65,May 2022 Pricing Master,2026-09-07T07:48:47.421676
915,893,8,20220501,2195.00,505.00,1690.00,334.65,May 2022 Pricing Master,2026-09-07T07:48:47.421676
916,625,8,20220501,2195.00,505.00,1690.00,334.65,May 2022 Pricing Master,2026-09-07T07:48:47.421676
917,624,8,20220501,2195.00,505.00,1690.00,334.65,May 2022 Pricing Master,2026-09-07T07:48:47.421676
918,623,8,20220501,2195.00,505.00,1690.00,334.65,May 2022 Pricing Master,2026-09-07T07:48:47.421676
919,1259,9,20220501,2195.00,615.00,1580.00,256.91,May 2022 Pricing Master,2026-09-07T07:48:47.421676
920,1102,9,20220501,2195.00,425.00,1770.00,416.47,May 2022 Pricing Master,2026-09-07T07:48:47.421676
921,20,9,20220501,2494.00,818.00,1676.00,204.89,May 2022 Pricing Master,2026-09-07T07:48:47.421676
922,1304,9,20220501,1695.00,395.00,1300.00,329.11,May 2022 Pricing Master,2026-09-07T07:48:47.421676
923,1302,9,20220501,1695.00,395.00,1300.00,329.11,May 2022 Pricing Master,2026-09-07T07:48:47.421676
924,1301,9,20220501,1695.00,395.00,1300.00,329.11,May 2022 Pricing Master,2026-09-07T07:48:47.421676
925,1300,9,20220501,1695.00,395.00,1300.00,329.11,May 2022 Pricing Master,2026-09-07T07:48:47.421676
926,1303,9,20220501,1695.00,395.00,1300.00,329.11,May 2022 Pricing Master,2026-09-07T07:48:47.421676
927,1298,9,20220501,1695.00,395.00,1300.00,329.11,May 2022 Pricing Master,2026-09-07T07:48:47.421676
928,1299,9,20220501,1695.00,395.00,1300.00,329.11,May 2022 Pricing Master,2026-09-07T07:48:47.421676
929,1318,9,20220501,1995.00,425.00,1570.00,369.41,May 2022 Pricing Master,2026-09-07T07:48:47.421676
930,1316,9,20220501,1995.00,425.00,1570.00,369.41,May 2022 Pricing Master,2026-09-07T07:48:47.421676
931,1315,9,20220501,1995.00,425.00,1570.00,369.41,May 2022 Pricing Master,2026-09-07T07:48:47.421676
932,1314,9,20220501,1995.00,425.00,1570.00,369.41,May 2022 Pricing Master,2026-09-07T07:48:47.421676
933,1317,9,20220501,1995.00,425.00,1570.00,369.41,May 2022 Pricing Master,2026-09-07T07:48:47.421676
934,1312,9,20220501,1995.00,425.00,1570.00,369.41,May 2022 Pricing Master,2026-09-07T07:48:47.421676
935,1313,9,20220501,1995.00,425.00,1570.00,369.41,May 2022 Pricing Master,2026-09-07T07:48:47.421676
936,1311,9,20220501,1795.00,435.00,1360.00,312.64,May 2022 Pricing Master,2026-09-07T07:48:47.421676
937,1309,9,20220501,1795.00,435.00,1360.00,312.64,May 2022 Pricing Master,2026-09-07T07:48:47.421676
938,1308,9,20220501,1795.00,435.00,1360.00,312.64,May 2022 Pricing Master,2026-09-07T07:48:47.421676
939,1307,9,20220501,1795.00,435.00,1360.00,312.64,May 2022 Pricing Master,2026-09-07T07:48:47.421676
940,1310,9,20220501,1795.00,435.00,1360.00,312.64,May 2022 Pricing Master,2026-09-07T07:48:47.421676
941,1305,9,20220501,1795.00,435.00,1360.00,312.64,May 2022 Pricing Master,2026-09-07T07:48:47.421676
942,1306,9,20220501,1795.00,435.00,1360.00,312.64,May 2022 Pricing Master,2026-09-07T07:48:47.421676
943,23,9,20220501,2494.00,818.00,1676.00,204.89,May 2022 Pricing Master,2026-09-07T07:48:47.421676
944,1101,9,20220501,2195.00,425.00,1770.00,416.47,May 2022 Pricing Master,2026-09-07T07:48:47.421676
945,11,9,20220501,4549.00,1165.00,3384.00,290.47,May 2022 Pricing Master,2026-09-07T07:48:47.421676
946,4,9,20220501,630.50,630.50,0.00,0.00,May 2022 Pricing Master,2026-09-07T07:48:47.421676
947,1331,9,20220501,498.00,498.00,0.00,0.00,May 2022 Pricing Master,2026-09-07T07:48:47.421676
948,1258,9,20220501,2195.00,615.00,1580.00,256.91,May 2022 Pricing Master,2026-09-07T07:48:47.421676
949,1327,9,20220501,1365.00,1523.00,-158.00,-10.37,May 2022 Pricing Master,2026-09-07T07:48:47.421676
950,33,9,20220501,733.95,733.95,0.00,0.00,May 2022 Pricing Master,2026-09-07T07:48:47.421676
951,554,9,20220501,1995.00,425.00,1570.00,369.41,May 2022 Pricing Master,2026-09-07T07:48:47.421676
952,537,9,20220501,1895.00,424.00,1471.00,346.93,May 2022 Pricing Master,2026-09-07T07:48:47.421676
953,35,9,20220501,3149.00,859.00,2290.00,266.59,May 2022 Pricing Master,2026-09-07T07:48:47.421676
954,15,9,20220501,2494.00,818.00,1676.00,204.89,May 2022 Pricing Master,2026-09-07T07:48:47.421676
955,16,9,20220501,2494.00,818.00,1676.00,204.89,May 2022 Pricing Master,2026-09-07T07:48:47.421676
956,17,9,20220501,2494.00,818.00,1676.00,204.89,May 2022 Pricing Master,2026-09-07T07:48:47.421676
957,18,9,20220501,2494.00,818.00,1676.00,204.89,May 2022 Pricing Master,2026-09-07T07:48:47.421676
958,19,9,20220501,2494.00,818.00,1676.00,204.89,May 2022 Pricing Master,2026-09-07T07:48:47.421676
959,21,9,20220501,2494.00,818.00,1676.00,204.89,May 2022 Pricing Master,2026-09-07T07:48:47.421676
960,22,9,20220501,2494.00,818.00,1676.00,204.89,May 2022 Pricing Master,2026-09-07T07:48:47.421676
961,24,9,20220501,2494.00,818.00,1676.00,204.89,May 2022 Pricing Master,2026-09-07T07:48:47.421676
962,25,9,20220501,2494.00,818.00,1676.00,204.89,May 2022 Pricing Master,2026-09-07T07:48:47.421676
963,26,9,20220501,2494.00,818.00,1676.00,204.89,May 2022 Pricing Master,2026-09-07T07:48:47.421676
964,27,9,20220501,2494.00,818.00,1676.00,204.89,May 2022 Pricing Master,2026-09-07T07:48:47.421676
965,28,9,20220501,2494.00,818.00,1676.00,204.89,May 2022 Pricing Master,2026-09-07T07:48:47.421676
966,29,9,20220501,2494.00,818.00,1676.00,204.89,May 2022 Pricing Master,2026-09-07T07:48:47.421676
967,540,9,20220501,1895.00,424.00,1471.00,346.93,May 2022 Pricing Master,2026-09-07T07:48:47.421676
968,1296,9,20220501,1995.00,467.00,1528.00,327.19,May 2022 Pricing Master,2026-09-07T07:48:47.421676
969,1294,9,20220501,1995.00,467.00,1528.00,327.19,May 2022 Pricing Master,2026-09-07T07:48:47.421676
970,1293,9,20220501,1995.00,467.00,1528.00,327.19,May 2022 Pricing Master,2026-09-07T07:48:47.421676
971,1292,9,20220501,1995.00,467.00,1528.00,327.19,May 2022 Pricing Master,2026-09-07T07:48:47.421676
972,1295,9,20220501,1995.00,467.00,1528.00,327.19,May 2022 Pricing Master,2026-09-07T07:48:47.421676
973,1290,9,20220501,1995.00,467.00,1528.00,327.19,May 2022 Pricing Master,2026-09-07T07:48:47.421676
974,1291,9,20220501,1995.00,467.00,1528.00,327.19,May 2022 Pricing Master,2026-09-07T07:48:47.421676
975,813,10,20220501,2295.00,538.00,1757.00,326.58,May 2022 Pricing Master,2026-09-07T07:48:47.421676
976,812,10,20220501,2295.00,538.00,1757.00,326.58,May 2022 Pricing Master,2026-09-07T07:48:47.421676
977,811,10,20220501,2295.00,538.00,1757.00,326.58,May 2022 Pricing Master,2026-09-07T07:48:47.421676
978,814,10,20220501,2295.00,538.00,1757.00,326.58,May 2022 Pricing Master,2026-09-07T07:48:47.421676
979,809,10,20220501,2295.00,538.00,1757.00,326.58,May 2022 Pricing Master,2026-09-07T07:48:47.421676
980,810,10,20220501,2295.00,538.00,1757.00,326.58,May 2022 Pricing Master,2026-09-07T07:48:47.421676
981,914,10,20220501,2295.00,538.00,1757.00,326.58,May 2022 Pricing Master,2026-09-07T07:48:47.421676
982,913,10,20220501,2295.00,538.00,1757.00,326.58,May 2022 Pricing Master,2026-09-07T07:48:47.421676
983,912,10,20220501,2295.00,538.00,1757.00,326.58,May 2022 Pricing Master,2026-09-07T07:48:47.421676
984,915,10,20220501,2295.00,538.00,1757.00,326.58,May 2022 Pricing Master,2026-09-07T07:48:47.421676
985,910,10,20220501,2295.00,538.00,1757.00,326.58,May 2022 Pricing Master,2026-09-07T07:48:47.421676
986,911,10,20220501,2295.00,538.00,1757.00,326.58,May 2022 Pricing Master,2026-09-07T07:48:47.421676
987,849,10,20220501,2295.00,538.00,1757.00,326.58,May 2022 Pricing Master,2026-09-07T07:48:47.421676
988,848,10,20220501,2295.00,538.00,1757.00,326.58,May 2022 Pricing Master,2026-09-07T07:48:47.421676
989,847,10,20220501,2295.00,538.00,1757.00,326.58,May 2022 Pricing Master,2026-09-07T07:48:47.421676
990,850,10,20220501,2295.00,538.00,1757.00,326.58,May 2022 Pricing Master,2026-09-07T07:48:47.421676
991,845,10,20220501,2295.00,538.00,1757.00,326.58,May 2022 Pricing Master,2026-09-07T07:48:47.421676
992,846,10,20220501,2295.00,538.00,1757.00,326.58,May 2022 Pricing Master,2026-09-07T07:48:47.421676
993,860,10,20220501,2295.00,538.00,1757.00,326.58,May 2022 Pricing Master,2026-09-07T07:48:47.421676
994,859,10,20220501,2295.00,538.00,1757.00,326.58,May 2022 Pricing Master,2026-09-07T07:48:47.421676
995,858,10,20220501,2295.00,538.00,1757.00,326.58,May 2022 Pricing Master,2026-09-07T07:48:47.421676
996,861,10,20220501,2295.00,538.00,1757.00,326.58,May 2022 Pricing Master,2026-09-07T07:48:47.421676
997,856,10,20220501,2295.00,538.00,1757.00,326.58,May 2022 Pricing Master,2026-09-07T07:48:47.421676
998,857,10,20220501,2295.00,538.00,1757.00,326.58,May 2022 Pricing Master,2026-09-07T07:48:47.421676
999,819,10,20220501,2295.00,538.00,1757.00,326.58,May 2022 Pricing Master,2026-09-07T07:48:47.421676
1000,818,10,20220501,2295.00,538.00,1757.00,326.58,May 2022 Pricing Master,2026-09-07T07:48:47.421676
1001,817,10,20220501,2295.00,538.00,1757.00,326.58,May 2022 Pricing Master,2026-09-07T07:48:47.421676
1002,820,10,20220501,2295.00,538.00,1757.00,326.58,May 2022 Pricing Master,2026-09-07T07:48:47.421676
1003,815,10,20220501,2295.00,538.00,1757.00,326.58,May 2022 Pricing Master,2026-09-07T07:48:47.421676
1004,816,10,20220501,2295.00,538.00,1757.00,326.58,May 2022 Pricing Master,2026-09-07T07:48:47.421676
1005,789,10,20220501,2295.00,538.00,1757.00,326.58,May 2022 Pricing Master,2026-09-07T07:48:47.421676
1006,788,10,20220501,2295.00,538.00,1757.00,326.58,May 2022 Pricing Master,2026-09-07T07:48:47.421676
1007,787,10,20220501,2295.00,538.00,1757.00,326.58,May 2022 Pricing Master,2026-09-07T07:48:47.421676
1008,790,10,20220501,2295.00,538.00,1757.00,326.58,May 2022 Pricing Master,2026-09-07T07:48:47.421676
1009,785,10,20220501,2295.00,538.00,1757.00,326.58,May 2022 Pricing Master,2026-09-07T07:48:47.421676
1010,786,10,20220501,2295.00,538.00,1757.00,326.58,May 2022 Pricing Master,2026-09-07T07:48:47.421676
1011,667,10,20220501,1895.00,438.00,1457.00,332.65,May 2022 Pricing Master,2026-09-07T07:48:47.421676
1012,666,10,20220501,1895.00,438.00,1457.00,332.65,May 2022 Pricing Master,2026-09-07T07:48:47.421676
1013,665,10,20220501,1895.00,438.00,1457.00,332.65,May 2022 Pricing Master,2026-09-07T07:48:47.421676
1014,668,10,20220501,1895.00,438.00,1457.00,332.65,May 2022 Pricing Master,2026-09-07T07:48:47.421676
1015,663,10,20220501,1895.00,438.00,1457.00,332.65,May 2022 Pricing Master,2026-09-07T07:48:47.421676
1016,664,10,20220501,1895.00,438.00,1457.00,332.65,May 2022 Pricing Master,2026-09-07T07:48:47.421676
1017,727,10,20220501,1895.00,438.00,1457.00,332.65,May 2022 Pricing Master,2026-09-07T07:48:47.421676
1018,726,10,20220501,1895.00,438.00,1457.00,332.65,May 2022 Pricing Master,2026-09-07T07:48:47.421676
1019,725,10,20220501,1895.00,438.00,1457.00,332.65,May 2022 Pricing Master,2026-09-07T07:48:47.421676
1020,728,10,20220501,1895.00,438.00,1457.00,332.65,May 2022 Pricing Master,2026-09-07T07:48:47.421676
1021,723,10,20220501,1895.00,438.00,1457.00,332.65,May 2022 Pricing Master,2026-09-07T07:48:47.421676
1022,724,10,20220501,1895.00,438.00,1457.00,332.65,May 2022 Pricing Master,2026-09-07T07:48:47.421676
1023,758,10,20220501,1895.00,438.00,1457.00,332.65,May 2022 Pricing Master,2026-09-07T07:48:47.421676
1024,757,10,20220501,1895.00,438.00,1457.00,332.65,May 2022 Pricing Master,2026-09-07T07:48:47.421676
1025,756,10,20220501,1895.00,438.00,1457.00,332.65,May 2022 Pricing Master,2026-09-07T07:48:47.421676
1026,759,10,20220501,1895.00,438.00,1457.00,332.65,May 2022 Pricing Master,2026-09-07T07:48:47.421676
1027,754,10,20220501,1895.00,438.00,1457.00,332.65,May 2022 Pricing Master,2026-09-07T07:48:47.421676
1028,755,10,20220501,1895.00,438.00,1457.00,332.65,May 2022 Pricing Master,2026-09-07T07:48:47.421676
1029,890,10,20220501,1895.00,438.00,1457.00,332.65,May 2022 Pricing Master,2026-09-07T07:48:47.421676
1030,889,10,20220501,1895.00,438.00,1457.00,332.65,May 2022 Pricing Master,2026-09-07T07:48:47.421676
1031,888,10,20220501,1895.00,438.00,1457.00,332.65,May 2022 Pricing Master,2026-09-07T07:48:47.421676
1032,891,10,20220501,1895.00,438.00,1457.00,332.65,May 2022 Pricing Master,2026-09-07T07:48:47.421676
1033,886,10,20220501,1895.00,438.00,1457.00,332.65,May 2022 Pricing Master,2026-09-07T07:48:47.421676
1034,887,10,20220501,1895.00,438.00,1457.00,332.65,May 2022 Pricing Master,2026-09-07T07:48:47.421676
1035,746,10,20220501,1895.00,438.00,1457.00,332.65,May 2022 Pricing Master,2026-09-07T07:48:47.421676
1036,745,10,20220501,1895.00,438.00,1457.00,332.65,May 2022 Pricing Master,2026-09-07T07:48:47.421676
1037,744,10,20220501,1895.00,438.00,1457.00,332.65,May 2022 Pricing Master,2026-09-07T07:48:47.421676
1038,747,10,20220501,1895.00,438.00,1457.00,332.65,May 2022 Pricing Master,2026-09-07T07:48:47.421676
1039,742,10,20220501,1895.00,438.00,1457.00,332.65,May 2022 Pricing Master,2026-09-07T07:48:47.421676
1040,743,10,20220501,1895.00,438.00,1457.00,332.65,May 2022 Pricing Master,2026-09-07T07:48:47.421676
1041,715,10,20220501,1895.00,438.00,1457.00,332.65,May 2022 Pricing Master,2026-09-07T07:48:47.421676
1042,714,10,20220501,1895.00,438.00,1457.00,332.65,May 2022 Pricing Master,2026-09-07T07:48:47.421676
1043,713,10,20220501,1895.00,438.00,1457.00,332.65,May 2022 Pricing Master,2026-09-07T07:48:47.421676
1044,716,10,20220501,1895.00,438.00,1457.00,332.65,May 2022 Pricing Master,2026-09-07T07:48:47.421676
1045,711,10,20220501,1895.00,438.00,1457.00,332.65,May 2022 Pricing Master,2026-09-07T07:48:47.421676
1046,712,10,20220501,1895.00,438.00,1457.00,332.65,May 2022 Pricing Master,2026-09-07T07:48:47.421676
1047,673,10,20220501,1895.00,438.00,1457.00,332.65,May 2022 Pricing Master,2026-09-07T07:48:47.421676
1048,672,10,20220501,1895.00,438.00,1457.00,332.65,May 2022 Pricing Master,2026-09-07T07:48:47.421676
1049,671,10,20220501,1895.00,438.00,1457.00,332.65,May 2022 Pricing Master,2026-09-07T07:48:47.421676
1050,674,10,20220501,1895.00,438.00,1457.00,332.65,May 2022 Pricing Master,2026-09-07T07:48:47.421676
1051,669,10,20220501,1895.00,438.00,1457.00,332.65,May 2022 Pricing Master,2026-09-07T07:48:47.421676
1052,670,10,20220501,1895.00,438.00,1457.00,332.65,May 2022 Pricing Master,2026-09-07T07:48:47.421676
1053,831,10,20220501,1895.00,438.00,1457.00,332.65,May 2022 Pricing Master,2026-09-07T07:48:47.421676
1054,830,10,20220501,1895.00,438.00,1457.00,332.65,May 2022 Pricing Master,2026-09-07T07:48:47.421676
1055,829,10,20220501,1895.00,438.00,1457.00,332.65,May 2022 Pricing Master,2026-09-07T07:48:47.421676
1056,832,10,20220501,1895.00,438.00,1457.00,332.65,May 2022 Pricing Master,2026-09-07T07:48:47.421676
1057,827,10,20220501,1895.00,438.00,1457.00,332.65,May 2022 Pricing Master,2026-09-07T07:48:47.421676
1058,828,10,20220501,1895.00,438.00,1457.00,332.65,May 2022 Pricing Master,2026-09-07T07:48:47.421676
1059,884,10,20220501,2195.00,505.00,1690.00,334.65,May 2022 Pricing Master,2026-09-07T07:48:47.421676
1060,883,10,20220501,2195.00,505.00,1690.00,334.65,May 2022 Pricing Master,2026-09-07T07:48:47.421676
1061,882,10,20220501,2195.00,505.00,1690.00,334.65,May 2022 Pricing Master,2026-09-07T07:48:47.421676
1062,885,10,20220501,2195.00,505.00,1690.00,334.65,May 2022 Pricing Master,2026-09-07T07:48:47.421676
1063,880,10,20220501,2195.00,505.00,1690.00,334.65,May 2022 Pricing Master,2026-09-07T07:48:47.421676
1064,881,10,20220501,2195.00,505.00,1690.00,334.65,May 2022 Pricing Master,2026-09-07T07:48:47.421676
1065,783,10,20220501,2195.00,505.00,1690.00,334.65,May 2022 Pricing Master,2026-09-07T07:48:47.421676
1066,782,10,20220501,2195.00,505.00,1690.00,334.65,May 2022 Pricing Master,2026-09-07T07:48:47.421676
1067,781,10,20220501,2195.00,505.00,1690.00,334.65,May 2022 Pricing Master,2026-09-07T07:48:47.421676
1068,784,10,20220501,2195.00,505.00,1690.00,334.65,May 2022 Pricing Master,2026-09-07T07:48:47.421676
1069,779,10,20220501,2195.00,505.00,1690.00,334.65,May 2022 Pricing Master,2026-09-07T07:48:47.421676
1070,780,10,20220501,2195.00,505.00,1690.00,334.65,May 2022 Pricing Master,2026-09-07T07:48:47.421676
1071,631,10,20220501,2195.00,505.00,1690.00,334.65,May 2022 Pricing Master,2026-09-07T07:48:47.421676
1072,630,10,20220501,2195.00,505.00,1690.00,334.65,May 2022 Pricing Master,2026-09-07T07:48:47.421676
1073,629,10,20220501,2195.00,505.00,1690.00,334.65,May 2022 Pricing Master,2026-09-07T07:48:47.421676
1074,632,10,20220501,2195.00,505.00,1690.00,334.65,May 2022 Pricing Master,2026-09-07T07:48:47.421676
1075,627,10,20220501,2195.00,505.00,1690.00,334.65,May 2022 Pricing Master,2026-09-07T07:48:47.421676
1076,628,10,20220501,2195.00,505.00,1690.00,334.65,May 2022 Pricing Master,2026-09-07T07:48:47.421676
1077,896,10,20220501,2195.00,505.00,1690.00,334.65,May 2022 Pricing Master,2026-09-07T07:48:47.421676
1078,895,10,20220501,2195.00,505.00,1690.00,334.65,May 2022 Pricing Master,2026-09-07T07:48:47.421676
1079,894,10,20220501,2195.00,505.00,1690.00,334.65,May 2022 Pricing Master,2026-09-07T07:48:47.421676
1080,897,10,20220501,2195.00,505.00,1690.00,334.65,May 2022 Pricing Master,2026-09-07T07:48:47.421676
1081,892,10,20220501,2195.00,505.00,1690.00,334.65,May 2022 Pricing Master,2026-09-07T07:48:47.421676
1082,893,10,20220501,2195.00,505.00,1690.00,334.65,May 2022 Pricing Master,2026-09-07T07:48:47.421676
1083,625,10,20220501,2195.00,505.00,1690.00,334.65,May 2022 Pricing Master,2026-09-07T07:48:47.421676
1084,624,10,20220501,2195.00,505.00,1690.00,334.65,May 2022 Pricing Master,2026-09-07T07:48:47.421676
1085,623,10,20220501,2195.00,505.00,1690.00,334.65,May 2022 Pricing Master,2026-09-07T07:48:47.421676
1086,626,10,20220501,2195.00,505.00,1690.00,334.65,May 2022 Pricing Master,2026-09-07T07:48:47.421676
1087,621,10,20220501,2195.00,505.00,1690.00,334.65,May 2022 Pricing Master,2026-09-07T07:48:47.421676
1088,622,10,20220501,2195.00,505.00,1690.00,334.65,May 2022 Pricing Master,2026-09-07T07:48:47.421676
1089,908,10,20220501,2195.00,505.00,1690.00,334.65,May 2022 Pricing Master,2026-09-07T07:48:47.421676
1090,907,10,20220501,2195.00,505.00,1690.00,334.65,May 2022 Pricing Master,2026-09-07T07:48:47.421676
1091,906,10,20220501,2195.00,505.00,1690.00,334.65,May 2022 Pricing Master,2026-09-07T07:48:47.421676
1092,909,10,20220501,2195.00,505.00,1690.00,334.65,May 2022 Pricing Master,2026-09-07T07:48:47.421676
1093,904,10,20220501,2195.00,505.00,1690.00,334.65,May 2022 Pricing Master,2026-09-07T07:48:47.421676
1094,905,10,20220501,2195.00,505.00,1690.00,334.65,May 2022 Pricing Master,2026-09-07T07:48:47.421676
1095,944,10,20220501,2495.00,590.00,1905.00,322.88,May 2022 Pricing Master,2026-09-07T07:48:47.421676
1096,943,10,20220501,2495.00,590.00,1905.00,322.88,May 2022 Pricing Master,2026-09-07T07:48:47.421676
1097,942,10,20220501,2495.00,590.00,1905.00,322.88,May 2022 Pricing Master,2026-09-07T07:48:47.421676
1098,945,10,20220501,2495.00,590.00,1905.00,322.88,May 2022 Pricing Master,2026-09-07T07:48:47.421676
1099,940,10,20220501,2495.00,590.00,1905.00,322.88,May 2022 Pricing Master,2026-09-07T07:48:47.421676
1100,941,10,20220501,2495.00,590.00,1905.00,322.88,May 2022 Pricing Master,2026-09-07T07:48:47.421676
1101,938,10,20220501,2495.00,590.00,1905.00,322.88,May 2022 Pricing Master,2026-09-07T07:48:47.421676
1102,937,10,20220501,2495.00,590.00,1905.00,322.88,May 2022 Pricing Master,2026-09-07T07:48:47.421676
1103,936,10,20220501,2495.00,590.00,1905.00,322.88,May 2022 Pricing Master,2026-09-07T07:48:47.421676
1104,939,10,20220501,2495.00,590.00,1905.00,322.88,May 2022 Pricing Master,2026-09-07T07:48:47.421676
1105,934,10,20220501,2495.00,590.00,1905.00,322.88,May 2022 Pricing Master,2026-09-07T07:48:47.421676
1106,935,10,20220501,2495.00,590.00,1905.00,322.88,May 2022 Pricing Master,2026-09-07T07:48:47.421676
1107,920,10,20220501,2495.00,590.00,1905.00,322.88,May 2022 Pricing Master,2026-09-07T07:48:47.421676
1108,919,10,20220501,2495.00,590.00,1905.00,322.88,May 2022 Pricing Master,2026-09-07T07:48:47.421676
1109,918,10,20220501,2495.00,590.00,1905.00,322.88,May 2022 Pricing Master,2026-09-07T07:48:47.421676
1110,921,10,20220501,2495.00,590.00,1905.00,322.88,May 2022 Pricing Master,2026-09-07T07:48:47.421676
1111,916,10,20220501,2495.00,590.00,1905.00,322.88,May 2022 Pricing Master,2026-09-07T07:48:47.421676
1112,917,10,20220501,2495.00,590.00,1905.00,322.88,May 2022 Pricing Master,2026-09-07T07:48:47.421676
1113,968,10,20220501,2495.00,590.00,1905.00,322.88,May 2022 Pricing Master,2026-09-07T07:48:47.421676
1114,967,10,20220501,2495.00,590.00,1905.00,322.88,May 2022 Pricing Master,2026-09-07T07:48:47.421676
1115,966,10,20220501,2495.00,590.00,1905.00,322.88,May 2022 Pricing Master,2026-09-07T07:48:47.421676
1116,969,10,20220501,2495.00,590.00,1905.00,322.88,May 2022 Pricing Master,2026-09-07T07:48:47.421676
1117,964,10,20220501,2495.00,590.00,1905.00,322.88,May 2022 Pricing Master,2026-09-07T07:48:47.421676
1118,965,10,20220501,2495.00,590.00,1905.00,322.88,May 2022 Pricing Master,2026-09-07T07:48:47.421676
1119,932,10,20220501,2495.00,590.00,1905.00,322.88,May 2022 Pricing Master,2026-09-07T07:48:47.421676
1120,931,10,20220501,2495.00,590.00,1905.00,322.88,May 2022 Pricing Master,2026-09-07T07:48:47.421676
1121,930,10,20220501,2495.00,590.00,1905.00,322.88,May 2022 Pricing Master,2026-09-07T07:48:47.421676
1122,933,10,20220501,2495.00,590.00,1905.00,322.88,May 2022 Pricing Master,2026-09-07T07:48:47.421676
1123,928,10,20220501,2495.00,590.00,1905.00,322.88,May 2022 Pricing Master,2026-09-07T07:48:47.421676
1124,929,10,20220501,2495.00,590.00,1905.00,322.88,May 2022 Pricing Master,2026-09-07T07:48:47.421676
1125,956,10,20220501,2495.00,590.00,1905.00,322.88,May 2022 Pricing Master,2026-09-07T07:48:47.421676
1126,955,10,20220501,2495.00,590.00,1905.00,322.88,May 2022 Pricing Master,2026-09-07T07:48:47.421676
1127,954,10,20220501,2495.00,590.00,1905.00,322.88,May 2022 Pricing Master,2026-09-07T07:48:47.421676
1128,957,10,20220501,2495.00,590.00,1905.00,322.88,May 2022 Pricing Master,2026-09-07T07:48:47.421676
1129,952,10,20220501,2495.00,590.00,1905.00,322.88,May 2022 Pricing Master,2026-09-07T07:48:47.421676
1130,953,10,20220501,2495.00,590.00,1905.00,322.88,May 2022 Pricing Master,2026-09-07T07:48:47.421676
1131,926,10,20220501,2495.00,590.00,1905.00,322.88,May 2022 Pricing Master,2026-09-07T07:48:47.421676
1132,925,10,20220501,2495.00,590.00,1905.00,322.88,May 2022 Pricing Master,2026-09-07T07:48:47.421676
1133,924,10,20220501,2495.00,590.00,1905.00,322.88,May 2022 Pricing Master,2026-09-07T07:48:47.421676
1134,927,10,20220501,2495.00,590.00,1905.00,322.88,May 2022 Pricing Master,2026-09-07T07:48:47.421676
1135,922,10,20220501,2495.00,590.00,1905.00,322.88,May 2022 Pricing Master,2026-09-07T07:48:47.421676
1136,923,10,20220501,2495.00,590.00,1905.00,322.88,May 2022 Pricing Master,2026-09-07T07:48:47.421676
1137,950,10,20220501,2495.00,590.00,1905.00,322.88,May 2022 Pricing Master,2026-09-07T07:48:47.421676
1138,949,10,20220501,2495.00,590.00,1905.00,322.88,May 2022 Pricing Master,2026-09-07T07:48:47.421676
1139,948,10,20220501,2495.00,590.00,1905.00,322.88,May 2022 Pricing Master,2026-09-07T07:48:47.421676
1140,951,10,20220501,2495.00,590.00,1905.00,322.88,May 2022 Pricing Master,2026-09-07T07:48:47.421676
1141,946,10,20220501,2495.00,590.00,1905.00,322.88,May 2022 Pricing Master,2026-09-07T07:48:47.421676
1142,947,10,20220501,2495.00,590.00,1905.00,322.88,May 2022 Pricing Master,2026-09-07T07:48:47.421676
1143,777,10,20220501,1595.00,381.00,1214.00,318.64,May 2022 Pricing Master,2026-09-07T07:48:47.421676
1144,776,10,20220501,1595.00,381.00,1214.00,318.64,May 2022 Pricing Master,2026-09-07T07:48:47.421676
1145,775,10,20220501,1595.00,381.00,1214.00,318.64,May 2022 Pricing Master,2026-09-07T07:48:47.421676
1146,778,10,20220501,1595.00,381.00,1214.00,318.64,May 2022 Pricing Master,2026-09-07T07:48:47.421676
1147,773,10,20220501,1595.00,381.00,1214.00,318.64,May 2022 Pricing Master,2026-09-07T07:48:47.421676
1148,774,10,20220501,1595.00,381.00,1214.00,318.64,May 2022 Pricing Master,2026-09-07T07:48:47.421676
1149,709,10,20220501,1595.00,381.00,1214.00,318.64,May 2022 Pricing Master,2026-09-07T07:48:47.421676
1150,708,10,20220501,1595.00,381.00,1214.00,318.64,May 2022 Pricing Master,2026-09-07T07:48:47.421676
1151,707,10,20220501,1595.00,381.00,1214.00,318.64,May 2022 Pricing Master,2026-09-07T07:48:47.421676
1152,710,10,20220501,1595.00,381.00,1214.00,318.64,May 2022 Pricing Master,2026-09-07T07:48:47.421676
1153,705,10,20220501,1595.00,381.00,1214.00,318.64,May 2022 Pricing Master,2026-09-07T07:48:47.421676
1154,706,10,20220501,1595.00,381.00,1214.00,318.64,May 2022 Pricing Master,2026-09-07T07:48:47.421676
1155,825,10,20220501,1595.00,381.00,1214.00,318.64,May 2022 Pricing Master,2026-09-07T07:48:47.421676
1156,824,10,20220501,1595.00,381.00,1214.00,318.64,May 2022 Pricing Master,2026-09-07T07:48:47.421676
1157,823,10,20220501,1595.00,381.00,1214.00,318.64,May 2022 Pricing Master,2026-09-07T07:48:47.421676
1158,826,10,20220501,1595.00,381.00,1214.00,318.64,May 2022 Pricing Master,2026-09-07T07:48:47.421676
1159,821,10,20220501,1595.00,381.00,1214.00,318.64,May 2022 Pricing Master,2026-09-07T07:48:47.421676
1160,822,10,20220501,1595.00,381.00,1214.00,318.64,May 2022 Pricing Master,2026-09-07T07:48:47.421676
1161,679,10,20220501,1595.00,381.00,1214.00,318.64,May 2022 Pricing Master,2026-09-07T07:48:47.421676
1162,678,10,20220501,1595.00,381.00,1214.00,318.64,May 2022 Pricing Master,2026-09-07T07:48:47.421676
1163,677,10,20220501,1595.00,381.00,1214.00,318.64,May 2022 Pricing Master,2026-09-07T07:48:47.421676
1164,680,10,20220501,1595.00,381.00,1214.00,318.64,May 2022 Pricing Master,2026-09-07T07:48:47.421676
1165,675,10,20220501,1595.00,381.00,1214.00,318.64,May 2022 Pricing Master,2026-09-07T07:48:47.421676
1166,676,10,20220501,1595.00,381.00,1214.00,318.64,May 2022 Pricing Master,2026-09-07T07:48:47.421676
1167,764,10,20220501,1595.00,381.00,1214.00,318.64,May 2022 Pricing Master,2026-09-07T07:48:47.421676
1168,763,10,20220501,1595.00,381.00,1214.00,318.64,May 2022 Pricing Master,2026-09-07T07:48:47.421676
1169,762,10,20220501,1595.00,381.00,1214.00,318.64,May 2022 Pricing Master,2026-09-07T07:48:47.421676
1170,765,10,20220501,1595.00,381.00,1214.00,318.64,May 2022 Pricing Master,2026-09-07T07:48:47.421676
1171,760,10,20220501,1595.00,381.00,1214.00,318.64,May 2022 Pricing Master,2026-09-07T07:48:47.421676
1172,761,10,20220501,1595.00,381.00,1214.00,318.64,May 2022 Pricing Master,2026-09-07T07:48:47.421676
1173,771,10,20220501,1595.00,381.00,1214.00,318.64,May 2022 Pricing Master,2026-09-07T07:48:47.421676
1174,770,10,20220501,1595.00,381.00,1214.00,318.64,May 2022 Pricing Master,2026-09-07T07:48:47.421676
1175,769,10,20220501,1595.00,381.00,1214.00,318.64,May 2022 Pricing Master,2026-09-07T07:48:47.421676
1176,772,10,20220501,1595.00,381.00,1214.00,318.64,May 2022 Pricing Master,2026-09-07T07:48:47.421676
1177,767,10,20220501,1595.00,381.00,1214.00,318.64,May 2022 Pricing Master,2026-09-07T07:48:47.421676
1178,768,10,20220501,1595.00,381.00,1214.00,318.64,May 2022 Pricing Master,2026-09-07T07:48:47.421676
1179,601,10,20220501,1595.00,381.00,1214.00,318.64,May 2022 Pricing Master,2026-09-07T07:48:47.421676
1180,600,10,20220501,1595.00,381.00,1214.00,318.64,May 2022 Pricing Master,2026-09-07T07:48:47.421676
1181,599,10,20220501,1595.00,381.00,1214.00,318.64,May 2022 Pricing Master,2026-09-07T07:48:47.421676
1182,602,10,20220501,1595.00,381.00,1214.00,318.64,May 2022 Pricing Master,2026-09-07T07:48:47.421676
1183,597,10,20220501,1595.00,381.00,1214.00,318.64,May 2022 Pricing Master,2026-09-07T07:48:47.421676
1184,598,10,20220501,1595.00,381.00,1214.00,318.64,May 2022 Pricing Master,2026-09-07T07:48:47.421676
1185,980,10,20220501,3995.00,952.00,3043.00,319.64,May 2022 Pricing Master,2026-09-07T07:48:47.421676
1186,979,10,20220501,3995.00,952.00,3043.00,319.64,May 2022 Pricing Master,2026-09-07T07:48:47.421676
1187,978,10,20220501,3995.00,952.00,3043.00,319.64,May 2022 Pricing Master,2026-09-07T07:48:47.421676
1188,981,10,20220501,3995.00,952.00,3043.00,319.64,May 2022 Pricing Master,2026-09-07T07:48:47.421676
1189,976,10,20220501,3995.00,952.00,3043.00,319.64,May 2022 Pricing Master,2026-09-07T07:48:47.421676
1190,977,10,20220501,3995.00,952.00,3043.00,319.64,May 2022 Pricing Master,2026-09-07T07:48:47.421676
1191,974,10,20220501,3995.00,952.00,3043.00,319.64,May 2022 Pricing Master,2026-09-07T07:48:47.421676
1192,973,10,20220501,3995.00,952.00,3043.00,319.64,May 2022 Pricing Master,2026-09-07T07:48:47.421676
1193,972,10,20220501,3995.00,952.00,3043.00,319.64,May 2022 Pricing Master,2026-09-07T07:48:47.421676
1194,975,10,20220501,3995.00,952.00,3043.00,319.64,May 2022 Pricing Master,2026-09-07T07:48:47.421676
1195,970,10,20220501,3995.00,952.00,3043.00,319.64,May 2022 Pricing Master,2026-09-07T07:48:47.421676
1196,971,10,20220501,3995.00,952.00,3043.00,319.64,May 2022 Pricing Master,2026-09-07T07:48:47.421676
1197,655,10,20220501,2395.00,570.00,1825.00,320.18,May 2022 Pricing Master,2026-09-07T07:48:47.421676
1198,654,10,20220501,2395.00,570.00,1825.00,320.18,May 2022 Pricing Master,2026-09-07T07:48:47.421676
1199,653,10,20220501,2395.00,570.00,1825.00,320.18,May 2022 Pricing Master,2026-09-07T07:48:47.421676
1200,656,10,20220501,2395.00,570.00,1825.00,320.18,May 2022 Pricing Master,2026-09-07T07:48:47.421676
1201,651,10,20220501,2395.00,570.00,1825.00,320.18,May 2022 Pricing Master,2026-09-07T07:48:47.421676
1202,652,10,20220501,2395.00,570.00,1825.00,320.18,May 2022 Pricing Master,2026-09-07T07:48:47.421676
1203,837,10,20220501,2195.00,519.00,1676.00,322.93,May 2022 Pricing Master,2026-09-07T07:48:47.421676
1204,836,10,20220501,2195.00,519.00,1676.00,322.93,May 2022 Pricing Master,2026-09-07T07:48:47.421676
1205,835,10,20220501,2195.00,519.00,1676.00,322.93,May 2022 Pricing Master,2026-09-07T07:48:47.421676
1206,838,10,20220501,2195.00,519.00,1676.00,322.93,May 2022 Pricing Master,2026-09-07T07:48:47.421676
1207,833,10,20220501,2195.00,519.00,1676.00,322.93,May 2022 Pricing Master,2026-09-07T07:48:47.421676
1208,834,10,20220501,2195.00,519.00,1676.00,322.93,May 2022 Pricing Master,2026-09-07T07:48:47.421676
1209,643,10,20220501,2995.00,714.00,2281.00,319.47,May 2022 Pricing Master,2026-09-07T07:48:47.421676
1210,642,10,20220501,2995.00,714.00,2281.00,319.47,May 2022 Pricing Master,2026-09-07T07:48:47.421676
1211,641,10,20220501,2995.00,714.00,2281.00,319.47,May 2022 Pricing Master,2026-09-07T07:48:47.421676
1212,644,10,20220501,2995.00,714.00,2281.00,319.47,May 2022 Pricing Master,2026-09-07T07:48:47.421676
1213,639,10,20220501,2995.00,714.00,2281.00,319.47,May 2022 Pricing Master,2026-09-07T07:48:47.421676
1214,640,10,20220501,2995.00,714.00,2281.00,319.47,May 2022 Pricing Master,2026-09-07T07:48:47.421676
1215,661,10,20220501,2195.00,519.00,1676.00,322.93,May 2022 Pricing Master,2026-09-07T07:48:47.421676
1216,660,10,20220501,2195.00,519.00,1676.00,322.93,May 2022 Pricing Master,2026-09-07T07:48:47.421676
1217,659,10,20220501,2195.00,519.00,1676.00,322.93,May 2022 Pricing Master,2026-09-07T07:48:47.421676
1218,662,10,20220501,2195.00,519.00,1676.00,322.93,May 2022 Pricing Master,2026-09-07T07:48:47.421676
1219,657,10,20220501,2195.00,519.00,1676.00,322.93,May 2022 Pricing Master,2026-09-07T07:48:47.421676
1220,658,10,20220501,2195.00,519.00,1676.00,322.93,May 2022 Pricing Master,2026-09-07T07:48:47.421676
1221,649,10,20220501,2495.00,595.00,1900.00,319.33,May 2022 Pricing Master,2026-09-07T07:48:47.421676
1222,648,10,20220501,2495.00,595.00,1900.00,319.33,May 2022 Pricing Master,2026-09-07T07:48:47.421676
1223,647,10,20220501,2495.00,595.00,1900.00,319.33,May 2022 Pricing Master,2026-09-07T07:48:47.421676
1224,650,10,20220501,2495.00,595.00,1900.00,319.33,May 2022 Pricing Master,2026-09-07T07:48:47.421676
1225,645,10,20220501,2495.00,595.00,1900.00,319.33,May 2022 Pricing Master,2026-09-07T07:48:47.421676
1226,646,10,20220501,2495.00,595.00,1900.00,319.33,May 2022 Pricing Master,2026-09-07T07:48:47.421676
1227,843,10,20220501,1995.00,467.00,1528.00,327.19,May 2022 Pricing Master,2026-09-07T07:48:47.421676
1228,842,10,20220501,1995.00,467.00,1528.00,327.19,May 2022 Pricing Master,2026-09-07T07:48:47.421676
1229,841,10,20220501,1995.00,467.00,1528.00,327.19,May 2022 Pricing Master,2026-09-07T07:48:47.421676
1230,844,10,20220501,1995.00,467.00,1528.00,327.19,May 2022 Pricing Master,2026-09-07T07:48:47.421676
1231,839,10,20220501,1995.00,467.00,1528.00,327.19,May 2022 Pricing Master,2026-09-07T07:48:47.421676
1232,840,10,20220501,1995.00,467.00,1528.00,327.19,May 2022 Pricing Master,2026-09-07T07:48:47.421676
1233,607,10,20220501,2395.00,552.00,1843.00,333.88,May 2022 Pricing Master,2026-09-07T07:48:47.421676
1234,606,10,20220501,2395.00,552.00,1843.00,333.88,May 2022 Pricing Master,2026-09-07T07:48:47.421676
1235,605,10,20220501,2395.00,552.00,1843.00,333.88,May 2022 Pricing Master,2026-09-07T07:48:47.421676
1236,608,10,20220501,2395.00,552.00,1843.00,333.88,May 2022 Pricing Master,2026-09-07T07:48:47.421676
1237,603,10,20220501,2395.00,552.00,1843.00,333.88,May 2022 Pricing Master,2026-09-07T07:48:47.421676
1238,604,10,20220501,2395.00,552.00,1843.00,333.88,May 2022 Pricing Master,2026-09-07T07:48:47.421676
1239,685,10,20220501,2295.00,529.00,1766.00,333.84,May 2022 Pricing Master,2026-09-07T07:48:47.421676
1240,684,10,20220501,2295.00,529.00,1766.00,333.84,May 2022 Pricing Master,2026-09-07T07:48:47.421676
1241,683,10,20220501,2295.00,529.00,1766.00,333.84,May 2022 Pricing Master,2026-09-07T07:48:47.421676
1242,686,10,20220501,2295.00,529.00,1766.00,333.84,May 2022 Pricing Master,2026-09-07T07:48:47.421676
1243,681,10,20220501,2295.00,529.00,1766.00,333.84,May 2022 Pricing Master,2026-09-07T07:48:47.421676
1244,682,10,20220501,2295.00,529.00,1766.00,333.84,May 2022 Pricing Master,2026-09-07T07:48:47.421676
1245,962,10,20220501,2795.00,662.00,2133.00,322.21,May 2022 Pricing Master,2026-09-07T07:48:47.421676
1246,961,10,20220501,2795.00,662.00,2133.00,322.21,May 2022 Pricing Master,2026-09-07T07:48:47.421676
1247,960,10,20220501,2795.00,662.00,2133.00,322.21,May 2022 Pricing Master,2026-09-07T07:48:47.421676
1248,963,10,20220501,2795.00,662.00,2133.00,322.21,May 2022 Pricing Master,2026-09-07T07:48:47.421676
1249,958,10,20220501,2795.00,662.00,2133.00,322.21,May 2022 Pricing Master,2026-09-07T07:48:47.421676
1250,959,10,20220501,2795.00,662.00,2133.00,322.21,May 2022 Pricing Master,2026-09-07T07:48:47.421676
1251,697,10,20220501,2295.00,538.00,1757.00,326.58,May 2022 Pricing Master,2026-09-07T07:48:47.421676
1252,696,10,20220501,2295.00,538.00,1757.00,326.58,May 2022 Pricing Master,2026-09-07T07:48:47.421676
1253,695,10,20220501,2295.00,538.00,1757.00,326.58,May 2022 Pricing Master,2026-09-07T07:48:47.421676
1254,698,10,20220501,2295.00,538.00,1757.00,326.58,May 2022 Pricing Master,2026-09-07T07:48:47.421676
1255,693,10,20220501,2295.00,538.00,1757.00,326.58,May 2022 Pricing Master,2026-09-07T07:48:47.421676
1256,694,10,20220501,2295.00,538.00,1757.00,326.58,May 2022 Pricing Master,2026-09-07T07:48:47.421676
1257,691,10,20220501,2295.00,529.00,1766.00,333.84,May 2022 Pricing Master,2026-09-07T07:48:47.421676
1258,690,10,20220501,2295.00,529.00,1766.00,333.84,May 2022 Pricing Master,2026-09-07T07:48:47.421676
1259,689,10,20220501,2295.00,529.00,1766.00,333.84,May 2022 Pricing Master,2026-09-07T07:48:47.421676
1260,692,10,20220501,2295.00,529.00,1766.00,333.84,May 2022 Pricing Master,2026-09-07T07:48:47.421676
1261,687,10,20220501,2295.00,529.00,1766.00,333.84,May 2022 Pricing Master,2026-09-07T07:48:47.421676
1262,688,10,20220501,2295.00,529.00,1766.00,333.84,May 2022 Pricing Master,2026-09-07T07:48:47.421676
1263,721,10,20220501,2295.00,570.00,1725.00,302.63,May 2022 Pricing Master,2026-09-07T07:48:47.421676
1264,720,10,20220501,2295.00,570.00,1725.00,302.63,May 2022 Pricing Master,2026-09-07T07:48:47.421676
1265,719,10,20220501,2295.00,570.00,1725.00,302.63,May 2022 Pricing Master,2026-09-07T07:48:47.421676
1266,722,10,20220501,2295.00,570.00,1725.00,302.63,May 2022 Pricing Master,2026-09-07T07:48:47.421676
1267,717,10,20220501,2295.00,570.00,1725.00,302.63,May 2022 Pricing Master,2026-09-07T07:48:47.421676
1268,718,10,20220501,2295.00,570.00,1725.00,302.63,May 2022 Pricing Master,2026-09-07T07:48:47.421676
1269,733,10,20220501,2295.00,570.00,1725.00,302.63,May 2022 Pricing Master,2026-09-07T07:48:47.421676
1270,732,10,20220501,2295.00,570.00,1725.00,302.63,May 2022 Pricing Master,2026-09-07T07:48:47.421676
1271,731,10,20220501,2295.00,570.00,1725.00,302.63,May 2022 Pricing Master,2026-09-07T07:48:47.421676
1272,734,10,20220501,2295.00,570.00,1725.00,302.63,May 2022 Pricing Master,2026-09-07T07:48:47.421676
1273,729,10,20220501,2295.00,570.00,1725.00,302.63,May 2022 Pricing Master,2026-09-07T07:48:47.421676
1274,730,10,20220501,2295.00,570.00,1725.00,302.63,May 2022 Pricing Master,2026-09-07T07:48:47.421676
1275,613,10,20220501,2295.00,570.00,1725.00,302.63,May 2022 Pricing Master,2026-09-07T07:48:47.421676
1276,612,10,20220501,2295.00,570.00,1725.00,302.63,May 2022 Pricing Master,2026-09-07T07:48:47.421676
1277,611,10,20220501,2295.00,570.00,1725.00,302.63,May 2022 Pricing Master,2026-09-07T07:48:47.421676
1278,614,10,20220501,2295.00,570.00,1725.00,302.63,May 2022 Pricing Master,2026-09-07T07:48:47.421676
1279,609,10,20220501,2295.00,570.00,1725.00,302.63,May 2022 Pricing Master,2026-09-07T07:48:47.421676
1280,610,10,20220501,2295.00,570.00,1725.00,302.63,May 2022 Pricing Master,2026-09-07T07:48:47.421676
1281,637,10,20220501,3095.00,724.00,2371.00,327.49,May 2022 Pricing Master,2026-09-07T07:48:47.421676
1282,636,10,20220501,3095.00,724.00,2371.00,327.49,May 2022 Pricing Master,2026-09-07T07:48:47.421676
1283,635,10,20220501,3095.00,724.00,2371.00,327.49,May 2022 Pricing Master,2026-09-07T07:48:47.421676
1284,638,10,20220501,3095.00,724.00,2371.00,327.49,May 2022 Pricing Master,2026-09-07T07:48:47.421676
1285,633,10,20220501,3095.00,724.00,2371.00,327.49,May 2022 Pricing Master,2026-09-07T07:48:47.421676
1286,634,10,20220501,3095.00,724.00,2371.00,327.49,May 2022 Pricing Master,2026-09-07T07:48:47.421676
1287,752,10,20220501,2295.00,538.00,1757.00,326.58,May 2022 Pricing Master,2026-09-07T07:48:47.421676
1288,751,10,20220501,2295.00,538.00,1757.00,326.58,May 2022 Pricing Master,2026-09-07T07:48:47.421676
1289,750,10,20220501,2295.00,538.00,1757.00,326.58,May 2022 Pricing Master,2026-09-07T07:48:47.421676
1290,753,10,20220501,2295.00,538.00,1757.00,326.58,May 2022 Pricing Master,2026-09-07T07:48:47.421676
1291,748,10,20220501,2295.00,538.00,1757.00,326.58,May 2022 Pricing Master,2026-09-07T07:48:47.421676
1292,749,10,20220501,2295.00,538.00,1757.00,326.58,May 2022 Pricing Master,2026-09-07T07:48:47.421676
1293,740,10,20220501,2395.00,570.00,1825.00,320.18,May 2022 Pricing Master,2026-09-07T07:48:47.421676
1294,739,10,20220501,2395.00,570.00,1825.00,320.18,May 2022 Pricing Master,2026-09-07T07:48:47.421676
1295,738,10,20220501,2395.00,570.00,1825.00,320.18,May 2022 Pricing Master,2026-09-07T07:48:47.421676
1296,741,10,20220501,2395.00,570.00,1825.00,320.18,May 2022 Pricing Master,2026-09-07T07:48:47.421676
1297,736,10,20220501,2395.00,570.00,1825.00,320.18,May 2022 Pricing Master,2026-09-07T07:48:47.421676
1298,737,10,20220501,2395.00,570.00,1825.00,320.18,May 2022 Pricing Master,2026-09-07T07:48:47.421676
1299,807,10,20220501,2395.00,570.00,1825.00,320.18,May 2022 Pricing Master,2026-09-07T07:48:47.421676
1300,806,10,20220501,2395.00,570.00,1825.00,320.18,May 2022 Pricing Master,2026-09-07T07:48:47.421676
1301,805,10,20220501,2395.00,570.00,1825.00,320.18,May 2022 Pricing Master,2026-09-07T07:48:47.421676
1302,808,10,20220501,2395.00,570.00,1825.00,320.18,May 2022 Pricing Master,2026-09-07T07:48:47.421676
1303,803,10,20220501,2395.00,570.00,1825.00,320.18,May 2022 Pricing Master,2026-09-07T07:48:47.421676
1304,804,10,20220501,2395.00,570.00,1825.00,320.18,May 2022 Pricing Master,2026-09-07T07:48:47.421676
1305,795,10,20220501,2395.00,529.00,1866.00,352.74,May 2022 Pricing Master,2026-09-07T07:48:47.421676
1306,794,10,20220501,2395.00,529.00,1866.00,352.74,May 2022 Pricing Master,2026-09-07T07:48:47.421676
1307,793,10,20220501,2395.00,529.00,1866.00,352.74,May 2022 Pricing Master,2026-09-07T07:48:47.421676
1308,796,10,20220501,2395.00,529.00,1866.00,352.74,May 2022 Pricing Master,2026-09-07T07:48:47.421676
1309,791,10,20220501,2395.00,529.00,1866.00,352.74,May 2022 Pricing Master,2026-09-07T07:48:47.421676
1310,792,10,20220501,2395.00,529.00,1866.00,352.74,May 2022 Pricing Master,2026-09-07T07:48:47.421676
1311,801,10,20220501,2395.00,529.00,1866.00,352.74,May 2022 Pricing Master,2026-09-07T07:48:47.421676
1312,800,10,20220501,2395.00,529.00,1866.00,352.74,May 2022 Pricing Master,2026-09-07T07:48:47.421676
1313,799,10,20220501,2395.00,529.00,1866.00,352.74,May 2022 Pricing Master,2026-09-07T07:48:47.421676
1314,802,10,20220501,2395.00,529.00,1866.00,352.74,May 2022 Pricing Master,2026-09-07T07:48:47.421676
1315,797,10,20220501,2395.00,529.00,1866.00,352.74,May 2022 Pricing Master,2026-09-07T07:48:47.421676
1316,798,10,20220501,2395.00,529.00,1866.00,352.74,May 2022 Pricing Master,2026-09-07T07:48:47.421676
1317,538,10,20220501,1695.00,424.00,1271.00,299.76,May 2022 Pricing Master,2026-09-07T07:48:47.421676
1318,536,10,20220501,1695.00,424.00,1271.00,299.76,May 2022 Pricing Master,2026-09-07T07:48:47.421676
1319,535,10,20220501,1695.00,424.00,1271.00,299.76,May 2022 Pricing Master,2026-09-07T07:48:47.421676
1320,539,10,20220501,1695.00,424.00,1271.00,299.76,May 2022 Pricing Master,2026-09-07T07:48:47.421676
1321,533,10,20220501,1695.00,424.00,1271.00,299.76,May 2022 Pricing Master,2026-09-07T07:48:47.421676
1322,534,10,20220501,1695.00,424.00,1271.00,299.76,May 2022 Pricing Master,2026-09-07T07:48:47.421676
1323,551,10,20220501,1695.00,424.00,1271.00,299.76,May 2022 Pricing Master,2026-09-07T07:48:47.421676
1324,550,10,20220501,1695.00,424.00,1271.00,299.76,May 2022 Pricing Master,2026-09-07T07:48:47.421676
1325,549,10,20220501,1695.00,424.00,1271.00,299.76,May 2022 Pricing Master,2026-09-07T07:48:47.421676
1326,552,10,20220501,1695.00,424.00,1271.00,299.76,May 2022 Pricing Master,2026-09-07T07:48:47.421676
1327,547,10,20220501,1695.00,424.00,1271.00,299.76,May 2022 Pricing Master,2026-09-07T07:48:47.421676
1328,548,10,20220501,1695.00,424.00,1271.00,299.76,May 2022 Pricing Master,2026-09-07T07:48:47.421676
1329,224,10,20220501,1595.00,381.00,1214.00,318.64,May 2022 Pricing Master,2026-09-07T07:48:47.421676
1330,223,10,20220501,1595.00,381.00,1214.00,318.64,May 2022 Pricing Master,2026-09-07T07:48:47.421676
1331,222,10,20220501,1595.00,381.00,1214.00,318.64,May 2022 Pricing Master,2026-09-07T07:48:47.421676
1332,225,10,20220501,1595.00,381.00,1214.00,318.64,May 2022 Pricing Master,2026-09-07T07:48:47.421676
1333,220,10,20220501,1595.00,381.00,1214.00,318.64,May 2022 Pricing Master,2026-09-07T07:48:47.421676
1334,221,10,20220501,1595.00,381.00,1214.00,318.64,May 2022 Pricing Master,2026-09-07T07:48:47.421676
1335,331,10,20220501,1595.00,381.00,1214.00,318.64,May 2022 Pricing Master,2026-09-07T07:48:47.421676
1336,330,10,20220501,1595.00,381.00,1214.00,318.64,May 2022 Pricing Master,2026-09-07T07:48:47.421676
1337,329,10,20220501,1595.00,381.00,1214.00,318.64,May 2022 Pricing Master,2026-09-07T07:48:47.421676
1338,332,10,20220501,1595.00,381.00,1214.00,318.64,May 2022 Pricing Master,2026-09-07T07:48:47.421676
1339,327,10,20220501,1595.00,381.00,1214.00,318.64,May 2022 Pricing Master,2026-09-07T07:48:47.421676
1340,328,10,20220501,1595.00,381.00,1214.00,318.64,May 2022 Pricing Master,2026-09-07T07:48:47.421676
1341,355,10,20220501,1895.00,471.00,1424.00,302.34,May 2022 Pricing Master,2026-09-07T07:48:47.421676
1342,354,10,20220501,1895.00,471.00,1424.00,302.34,May 2022 Pricing Master,2026-09-07T07:48:47.421676
1343,353,10,20220501,1995.00,471.00,1524.00,323.57,May 2022 Pricing Master,2026-09-07T07:48:47.421676
1344,356,10,20220501,1995.00,471.00,1524.00,323.57,May 2022 Pricing Master,2026-09-07T07:48:47.421676
1345,351,10,20220501,1895.00,471.00,1424.00,302.34,May 2022 Pricing Master,2026-09-07T07:48:47.421676
1346,352,10,20220501,1895.00,471.00,1424.00,302.34,May 2022 Pricing Master,2026-09-07T07:48:47.421676
1347,343,10,20220501,1995.00,471.00,1524.00,323.57,May 2022 Pricing Master,2026-09-07T07:48:47.421676
1348,342,10,20220501,1995.00,471.00,1524.00,323.57,May 2022 Pricing Master,2026-09-07T07:48:47.421676
1349,341,10,20220501,1995.00,471.00,1524.00,323.57,May 2022 Pricing Master,2026-09-07T07:48:47.421676
1350,344,10,20220501,1995.00,471.00,1524.00,323.57,May 2022 Pricing Master,2026-09-07T07:48:47.421676
1351,339,10,20220501,1995.00,471.00,1524.00,323.57,May 2022 Pricing Master,2026-09-07T07:48:47.421676
1352,340,10,20220501,1995.00,471.00,1524.00,323.57,May 2022 Pricing Master,2026-09-07T07:48:47.421676
1353,349,10,20220501,1895.00,471.00,1424.00,302.34,May 2022 Pricing Master,2026-09-07T07:48:47.421676
1354,348,10,20220501,1995.00,471.00,1524.00,323.57,May 2022 Pricing Master,2026-09-07T07:48:47.421676
1355,347,10,20220501,1995.00,471.00,1524.00,323.57,May 2022 Pricing Master,2026-09-07T07:48:47.421676
1356,350,10,20220501,1995.00,471.00,1524.00,323.57,May 2022 Pricing Master,2026-09-07T07:48:47.421676
1357,345,10,20220501,1895.00,471.00,1424.00,302.34,May 2022 Pricing Master,2026-09-07T07:48:47.421676
1358,346,10,20220501,1895.00,471.00,1424.00,302.34,May 2022 Pricing Master,2026-09-07T07:48:47.421676
1359,373,10,20220501,1595.00,381.00,1214.00,318.64,May 2022 Pricing Master,2026-09-07T07:48:47.421676
1360,372,10,20220501,1595.00,381.00,1214.00,318.64,May 2022 Pricing Master,2026-09-07T07:48:47.421676
1361,371,10,20220501,1595.00,381.00,1214.00,318.64,May 2022 Pricing Master,2026-09-07T07:48:47.421676
1362,374,10,20220501,1595.00,381.00,1214.00,318.64,May 2022 Pricing Master,2026-09-07T07:48:47.421676
1363,369,10,20220501,1595.00,381.00,1214.00,318.64,May 2022 Pricing Master,2026-09-07T07:48:47.421676
1364,370,10,20220501,1595.00,381.00,1214.00,318.64,May 2022 Pricing Master,2026-09-07T07:48:47.421676
1365,385,10,20220501,1195.00,286.00,909.00,317.83,May 2022 Pricing Master,2026-09-07T07:48:47.421676
1366,384,10,20220501,1195.00,286.00,909.00,317.83,May 2022 Pricing Master,2026-09-07T07:48:47.421676
1367,383,10,20220501,1195.00,286.00,909.00,317.83,May 2022 Pricing Master,2026-09-07T07:48:47.421676
1368,386,10,20220501,1195.00,286.00,909.00,317.83,May 2022 Pricing Master,2026-09-07T07:48:47.421676
1369,381,10,20220501,1195.00,286.00,909.00,317.83,May 2022 Pricing Master,2026-09-07T07:48:47.421676
1370,382,10,20220501,1195.00,286.00,909.00,317.83,May 2022 Pricing Master,2026-09-07T07:48:47.421676
1371,325,10,20220501,1595.00,381.00,1214.00,318.64,May 2022 Pricing Master,2026-09-07T07:48:47.421676
1372,324,10,20220501,1595.00,381.00,1214.00,318.64,May 2022 Pricing Master,2026-09-07T07:48:47.421676
1373,323,10,20220501,1595.00,381.00,1214.00,318.64,May 2022 Pricing Master,2026-09-07T07:48:47.421676
1374,326,10,20220501,1595.00,381.00,1214.00,318.64,May 2022 Pricing Master,2026-09-07T07:48:47.421676
1375,321,10,20220501,1595.00,381.00,1214.00,318.64,May 2022 Pricing Master,2026-09-07T07:48:47.421676
1376,322,10,20220501,1595.00,381.00,1214.00,318.64,May 2022 Pricing Master,2026-09-07T07:48:47.421676
1377,295,10,20220501,2095.00,500.00,1595.00,319.00,May 2022 Pricing Master,2026-09-07T07:48:47.421676
1378,294,10,20220501,2095.00,500.00,1595.00,319.00,May 2022 Pricing Master,2026-09-07T07:48:47.421676
1379,293,10,20220501,2095.00,500.00,1595.00,319.00,May 2022 Pricing Master,2026-09-07T07:48:47.421676
1380,296,10,20220501,2095.00,500.00,1595.00,319.00,May 2022 Pricing Master,2026-09-07T07:48:47.421676
1381,291,10,20220501,2095.00,500.00,1595.00,319.00,May 2022 Pricing Master,2026-09-07T07:48:47.421676
1382,292,10,20220501,2095.00,500.00,1595.00,319.00,May 2022 Pricing Master,2026-09-07T07:48:47.421676
1383,258,10,20220501,1995.00,471.00,1524.00,323.57,May 2022 Pricing Master,2026-09-07T07:48:47.421676
1384,257,10,20220501,1995.00,471.00,1524.00,323.57,May 2022 Pricing Master,2026-09-07T07:48:47.421676
1385,256,10,20220501,1995.00,471.00,1524.00,323.57,May 2022 Pricing Master,2026-09-07T07:48:47.421676
1386,259,10,20220501,1995.00,471.00,1524.00,323.57,May 2022 Pricing Master,2026-09-07T07:48:47.421676
1387,254,10,20220501,1995.00,471.00,1524.00,323.57,May 2022 Pricing Master,2026-09-07T07:48:47.421676
1388,255,10,20220501,1995.00,471.00,1524.00,323.57,May 2022 Pricing Master,2026-09-07T07:48:47.421676
1389,361,10,20220501,1595.00,381.00,1214.00,318.64,May 2022 Pricing Master,2026-09-07T07:48:47.421676
1390,360,10,20220501,1595.00,381.00,1214.00,318.64,May 2022 Pricing Master,2026-09-07T07:48:47.421676
1391,359,10,20220501,1595.00,381.00,1214.00,318.64,May 2022 Pricing Master,2026-09-07T07:48:47.421676
1392,362,10,20220501,1595.00,381.00,1214.00,318.64,May 2022 Pricing Master,2026-09-07T07:48:47.421676
1393,357,10,20220501,1595.00,381.00,1214.00,318.64,May 2022 Pricing Master,2026-09-07T07:48:47.421676
1394,358,10,20220501,1595.00,381.00,1214.00,318.64,May 2022 Pricing Master,2026-09-07T07:48:47.421676
1395,429,10,20220501,1595.00,381.00,1214.00,318.64,May 2022 Pricing Master,2026-09-07T07:48:47.421676
1396,428,10,20220501,1595.00,381.00,1214.00,318.64,May 2022 Pricing Master,2026-09-07T07:48:47.421676
1397,427,10,20220501,1595.00,381.00,1214.00,318.64,May 2022 Pricing Master,2026-09-07T07:48:47.421676
1398,430,10,20220501,1595.00,381.00,1214.00,318.64,May 2022 Pricing Master,2026-09-07T07:48:47.421676
1399,425,10,20220501,1595.00,381.00,1214.00,318.64,May 2022 Pricing Master,2026-09-07T07:48:47.421676
1400,426,10,20220501,1595.00,381.00,1214.00,318.64,May 2022 Pricing Master,2026-09-07T07:48:47.421676
1401,42,10,20220501,1595.00,381.00,1214.00,318.64,May 2022 Pricing Master,2026-09-07T07:48:47.421676
1402,41,10,20220501,1595.00,381.00,1214.00,318.64,May 2022 Pricing Master,2026-09-07T07:48:47.421676
1403,40,10,20220501,1595.00,381.00,1214.00,318.64,May 2022 Pricing Master,2026-09-07T07:48:47.421676
1404,43,10,20220501,1595.00,381.00,1214.00,318.64,May 2022 Pricing Master,2026-09-07T07:48:47.421676
1405,38,10,20220501,1595.00,381.00,1214.00,318.64,May 2022 Pricing Master,2026-09-07T07:48:47.421676
1406,39,10,20220501,1595.00,381.00,1214.00,318.64,May 2022 Pricing Master,2026-09-07T07:48:47.421676
1407,56,10,20220501,1595.00,381.00,1214.00,318.64,May 2022 Pricing Master,2026-09-07T07:48:47.421676
1408,55,10,20220501,1595.00,381.00,1214.00,318.64,May 2022 Pricing Master,2026-09-07T07:48:47.421676
1409,54,10,20220501,1595.00,381.00,1214.00,318.64,May 2022 Pricing Master,2026-09-07T07:48:47.421676
1410,57,10,20220501,1595.00,381.00,1214.00,318.64,May 2022 Pricing Master,2026-09-07T07:48:47.421676
1411,52,10,20220501,1595.00,381.00,1214.00,318.64,May 2022 Pricing Master,2026-09-07T07:48:47.421676
1412,53,10,20220501,1595.00,381.00,1214.00,318.64,May 2022 Pricing Master,2026-09-07T07:48:47.421676
1413,92,10,20220501,2395.00,581.00,1814.00,312.22,May 2022 Pricing Master,2026-09-07T07:48:47.421676
1414,91,10,20220501,2395.00,581.00,1814.00,312.22,May 2022 Pricing Master,2026-09-07T07:48:47.421676
1415,90,10,20220501,2495.00,581.00,1914.00,329.43,May 2022 Pricing Master,2026-09-07T07:48:47.421676
1416,93,10,20220501,2495.00,581.00,1914.00,329.43,May 2022 Pricing Master,2026-09-07T07:48:47.421676
1417,88,10,20220501,2395.00,581.00,1814.00,312.22,May 2022 Pricing Master,2026-09-07T07:48:47.421676
1418,89,10,20220501,2395.00,581.00,1814.00,312.22,May 2022 Pricing Master,2026-09-07T07:48:47.421676
1419,68,10,20220501,1595.00,381.00,1214.00,318.64,May 2022 Pricing Master,2026-09-07T07:48:47.421676
1420,67,10,20220501,1595.00,381.00,1214.00,318.64,May 2022 Pricing Master,2026-09-07T07:48:47.421676
1421,66,10,20220501,1595.00,381.00,1214.00,318.64,May 2022 Pricing Master,2026-09-07T07:48:47.421676
1422,69,10,20220501,1595.00,381.00,1214.00,318.64,May 2022 Pricing Master,2026-09-07T07:48:47.421676
1423,64,10,20220501,1595.00,381.00,1214.00,318.64,May 2022 Pricing Master,2026-09-07T07:48:47.421676
1424,65,10,20220501,1595.00,381.00,1214.00,318.64,May 2022 Pricing Master,2026-09-07T07:48:47.421676
1425,194,10,20220501,1995.00,471.00,1524.00,323.57,May 2022 Pricing Master,2026-09-07T07:48:47.421676
1426,193,10,20220501,1995.00,471.00,1524.00,323.57,May 2022 Pricing Master,2026-09-07T07:48:47.421676
1427,192,10,20220501,1995.00,471.00,1524.00,323.57,May 2022 Pricing Master,2026-09-07T07:48:47.421676
1428,195,10,20220501,1995.00,471.00,1524.00,323.57,May 2022 Pricing Master,2026-09-07T07:48:47.421676
1429,190,10,20220501,1995.00,471.00,1524.00,323.57,May 2022 Pricing Master,2026-09-07T07:48:47.421676
1430,191,10,20220501,1995.00,471.00,1524.00,323.57,May 2022 Pricing Master,2026-09-07T07:48:47.421676
1431,619,10,20220501,1895.00,457.00,1438.00,314.66,May 2022 Pricing Master,2026-09-07T07:48:47.421676
1432,618,10,20220501,1895.00,457.00,1438.00,314.66,May 2022 Pricing Master,2026-09-07T07:48:47.421676
1433,617,10,20220501,1895.00,457.00,1438.00,314.66,May 2022 Pricing Master,2026-09-07T07:48:47.421676
1434,620,10,20220501,1895.00,457.00,1438.00,314.66,May 2022 Pricing Master,2026-09-07T07:48:47.421676
1435,615,10,20220501,1895.00,457.00,1438.00,314.66,May 2022 Pricing Master,2026-09-07T07:48:47.421676
1436,616,10,20220501,1895.00,457.00,1438.00,314.66,May 2022 Pricing Master,2026-09-07T07:48:47.421676
1437,703,10,20220501,1695.00,424.00,1271.00,299.76,May 2022 Pricing Master,2026-09-07T07:48:47.421676
1438,702,10,20220501,1695.00,424.00,1271.00,299.76,May 2022 Pricing Master,2026-09-07T07:48:47.421676
1439,701,10,20220501,1695.00,424.00,1271.00,299.76,May 2022 Pricing Master,2026-09-07T07:48:47.421676
1440,704,10,20220501,1695.00,424.00,1271.00,299.76,May 2022 Pricing Master,2026-09-07T07:48:47.421676
1441,699,10,20220501,1695.00,424.00,1271.00,299.76,May 2022 Pricing Master,2026-09-07T07:48:47.421676
1442,700,10,20220501,1695.00,424.00,1271.00,299.76,May 2022 Pricing Master,2026-09-07T07:48:47.421676
1443,866,10,20220501,1795.00,424.00,1371.00,323.35,May 2022 Pricing Master,2026-09-07T07:48:47.421676
1444,865,10,20220501,1795.00,424.00,1371.00,323.35,May 2022 Pricing Master,2026-09-07T07:48:47.421676
1445,864,10,20220501,1795.00,424.00,1371.00,323.35,May 2022 Pricing Master,2026-09-07T07:48:47.421676
1446,867,10,20220501,1795.00,424.00,1371.00,323.35,May 2022 Pricing Master,2026-09-07T07:48:47.421676
1447,862,10,20220501,1795.00,424.00,1371.00,323.35,May 2022 Pricing Master,2026-09-07T07:48:47.421676
1448,863,10,20220501,1795.00,424.00,1371.00,323.35,May 2022 Pricing Master,2026-09-07T07:48:47.421676
1449,49,10,20220501,2095.00,500.00,1595.00,319.00,May 2022 Pricing Master,2026-09-07T07:48:47.421676
1450,51,10,20220501,2095.00,500.00,1595.00,319.00,May 2022 Pricing Master,2026-09-07T07:48:47.421676
1451,48,10,20220501,2095.00,500.00,1595.00,319.00,May 2022 Pricing Master,2026-09-07T07:48:47.421676
1452,47,10,20220501,2095.00,500.00,1595.00,319.00,May 2022 Pricing Master,2026-09-07T07:48:47.421676
1453,50,10,20220501,2095.00,500.00,1595.00,319.00,May 2022 Pricing Master,2026-09-07T07:48:47.421676
1454,45,10,20220501,2095.00,500.00,1595.00,319.00,May 2022 Pricing Master,2026-09-07T07:48:47.421676
1455,46,10,20220501,2095.00,500.00,1595.00,319.00,May 2022 Pricing Master,2026-09-07T07:48:47.421676
1456,871,10,20220501,1995.00,457.00,1538.00,336.54,May 2022 Pricing Master,2026-09-07T07:48:47.421676
1457,872,10,20220501,1995.00,457.00,1538.00,336.54,May 2022 Pricing Master,2026-09-07T07:48:47.421676
1458,870,10,20220501,1995.00,457.00,1538.00,336.54,May 2022 Pricing Master,2026-09-07T07:48:47.421676
1459,873,10,20220501,1995.00,457.00,1538.00,336.54,May 2022 Pricing Master,2026-09-07T07:48:47.421676
1460,868,10,20220501,1995.00,457.00,1538.00,336.54,May 2022 Pricing Master,2026-09-07T07:48:47.421676
1461,869,10,20220501,1995.00,457.00,1538.00,336.54,May 2022 Pricing Master,2026-09-07T07:48:47.421676
1462,878,10,20220501,1695.00,424.00,1271.00,299.76,May 2022 Pricing Master,2026-09-07T07:48:47.421676
1463,877,10,20220501,1695.00,424.00,1271.00,299.76,May 2022 Pricing Master,2026-09-07T07:48:47.421676
1464,876,10,20220501,1695.00,424.00,1271.00,299.76,May 2022 Pricing Master,2026-09-07T07:48:47.421676
1465,879,10,20220501,1695.00,424.00,1271.00,299.76,May 2022 Pricing Master,2026-09-07T07:48:47.421676
1466,874,10,20220501,1695.00,424.00,1271.00,299.76,May 2022 Pricing Master,2026-09-07T07:48:47.421676
1467,875,10,20220501,1695.00,424.00,1271.00,299.76,May 2022 Pricing Master,2026-09-07T07:48:47.421676
1468,489,10,20220501,1795.00,425.00,1370.00,322.35,May 2022 Pricing Master,2026-09-07T07:48:47.421676
1469,488,10,20220501,1795.00,425.00,1370.00,322.35,May 2022 Pricing Master,2026-09-07T07:48:47.421676
1470,487,10,20220501,1795.00,425.00,1370.00,322.35,May 2022 Pricing Master,2026-09-07T07:48:47.421676
1471,490,10,20220501,1795.00,425.00,1370.00,322.35,May 2022 Pricing Master,2026-09-07T07:48:47.421676
1472,485,10,20220501,1795.00,425.00,1370.00,322.35,May 2022 Pricing Master,2026-09-07T07:48:47.421676
1473,486,10,20220501,1795.00,425.00,1370.00,322.35,May 2022 Pricing Master,2026-09-07T07:48:47.421676
1474,471,10,20220501,1795.00,425.00,1370.00,322.35,May 2022 Pricing Master,2026-09-07T07:48:47.421676
1475,470,10,20220501,1795.00,425.00,1370.00,322.35,May 2022 Pricing Master,2026-09-07T07:48:47.421676
1476,469,10,20220501,1795.00,425.00,1370.00,322.35,May 2022 Pricing Master,2026-09-07T07:48:47.421676
1477,472,10,20220501,1795.00,425.00,1370.00,322.35,May 2022 Pricing Master,2026-09-07T07:48:47.421676
1478,467,10,20220501,1795.00,425.00,1370.00,322.35,May 2022 Pricing Master,2026-09-07T07:48:47.421676
1479,468,10,20220501,1795.00,425.00,1370.00,322.35,May 2022 Pricing Master,2026-09-07T07:48:47.421676
1480,902,10,20220501,1795.00,425.00,1370.00,322.35,May 2022 Pricing Master,2026-09-07T07:48:47.421676
1481,901,10,20220501,1795.00,425.00,1370.00,322.35,May 2022 Pricing Master,2026-09-07T07:48:47.421676
1482,900,10,20220501,1795.00,425.00,1370.00,322.35,May 2022 Pricing Master,2026-09-07T07:48:47.421676
1483,903,10,20220501,1795.00,425.00,1370.00,322.35,May 2022 Pricing Master,2026-09-07T07:48:47.421676
1484,898,10,20220501,1795.00,425.00,1370.00,322.35,May 2022 Pricing Master,2026-09-07T07:48:47.421676
1485,899,10,20220501,1795.00,425.00,1370.00,322.35,May 2022 Pricing Master,2026-09-07T07:48:47.421676
1486,495,10,20220501,1695.00,395.00,1300.00,329.11,May 2022 Pricing Master,2026-09-07T07:48:47.421676
1487,494,10,20220501,1695.00,395.00,1300.00,329.11,May 2022 Pricing Master,2026-09-07T07:48:47.421676
1488,493,10,20220501,1695.00,395.00,1300.00,329.11,May 2022 Pricing Master,2026-09-07T07:48:47.421676
1489,496,10,20220501,1695.00,395.00,1300.00,329.11,May 2022 Pricing Master,2026-09-07T07:48:47.421676
1490,491,10,20220501,1695.00,395.00,1300.00,329.11,May 2022 Pricing Master,2026-09-07T07:48:47.421676
1491,492,10,20220501,1695.00,395.00,1300.00,329.11,May 2022 Pricing Master,2026-09-07T07:48:47.421676
1492,525,10,20220501,1695.00,395.00,1300.00,329.11,May 2022 Pricing Master,2026-09-07T07:48:47.421676
1493,524,10,20220501,1695.00,395.00,1300.00,329.11,May 2022 Pricing Master,2026-09-07T07:48:47.421676
1494,523,10,20220501,1695.00,395.00,1300.00,329.11,May 2022 Pricing Master,2026-09-07T07:48:47.421676
1495,526,10,20220501,1695.00,395.00,1300.00,329.11,May 2022 Pricing Master,2026-09-07T07:48:47.421676
1496,521,10,20220501,1695.00,395.00,1300.00,329.11,May 2022 Pricing Master,2026-09-07T07:48:47.421676
1497,522,10,20220501,1695.00,395.00,1300.00,329.11,May 2022 Pricing Master,2026-09-07T07:48:47.421676
1498,477,10,20220501,1695.00,395.00,1300.00,329.11,May 2022 Pricing Master,2026-09-07T07:48:47.421676
1499,476,10,20220501,1695.00,395.00,1300.00,329.11,May 2022 Pricing Master,2026-09-07T07:48:47.421676
1500,475,10,20220501,1695.00,395.00,1300.00,329.11,May 2022 Pricing Master,2026-09-07T07:48:47.421676
1501,478,10,20220501,1695.00,395.00,1300.00,329.11,May 2022 Pricing Master,2026-09-07T07:48:47.421676
1502,473,10,20220501,1695.00,395.00,1300.00,329.11,May 2022 Pricing Master,2026-09-07T07:48:47.421676
1503,474,10,20220501,1695.00,395.00,1300.00,329.11,May 2022 Pricing Master,2026-09-07T07:48:47.421676
1504,465,10,20220501,1695.00,395.00,1300.00,329.11,May 2022 Pricing Master,2026-09-07T07:48:47.421676
1505,464,10,20220501,1695.00,395.00,1300.00,329.11,May 2022 Pricing Master,2026-09-07T07:48:47.421676
1506,463,10,20220501,1695.00,395.00,1300.00,329.11,May 2022 Pricing Master,2026-09-07T07:48:47.421676
1507,466,10,20220501,1695.00,395.00,1300.00,329.11,May 2022 Pricing Master,2026-09-07T07:48:47.421676
1508,461,10,20220501,1695.00,395.00,1300.00,329.11,May 2022 Pricing Master,2026-09-07T07:48:47.421676
1509,462,10,20220501,1695.00,395.00,1300.00,329.11,May 2022 Pricing Master,2026-09-07T07:48:47.421676
1510,501,10,20220501,1695.00,395.00,1300.00,329.11,May 2022 Pricing Master,2026-09-07T07:48:47.421676
1511,500,10,20220501,1695.00,395.00,1300.00,329.11,May 2022 Pricing Master,2026-09-07T07:48:47.421676
1512,499,10,20220501,1695.00,395.00,1300.00,329.11,May 2022 Pricing Master,2026-09-07T07:48:47.421676
1513,502,10,20220501,1695.00,395.00,1300.00,329.11,May 2022 Pricing Master,2026-09-07T07:48:47.421676
1514,497,10,20220501,1695.00,395.00,1300.00,329.11,May 2022 Pricing Master,2026-09-07T07:48:47.421676
1515,498,10,20220501,1695.00,395.00,1300.00,329.11,May 2022 Pricing Master,2026-09-07T07:48:47.421676
1516,564,10,20220501,1695.00,395.00,1300.00,329.11,May 2022 Pricing Master,2026-09-07T07:48:47.421676
1517,563,10,20220501,1695.00,395.00,1300.00,329.11,May 2022 Pricing Master,2026-09-07T07:48:47.421676
1518,562,10,20220501,1695.00,395.00,1300.00,329.11,May 2022 Pricing Master,2026-09-07T07:48:47.421676
1519,565,10,20220501,1695.00,395.00,1300.00,329.11,May 2022 Pricing Master,2026-09-07T07:48:47.421676
1520,560,10,20220501,1695.00,395.00,1300.00,329.11,May 2022 Pricing Master,2026-09-07T07:48:47.421676
1521,561,10,20220501,1695.00,395.00,1300.00,329.11,May 2022 Pricing Master,2026-09-07T07:48:47.421676
1522,589,10,20220501,1695.00,395.00,1300.00,329.11,May 2022 Pricing Master,2026-09-07T07:48:47.421676
1523,588,10,20220501,1695.00,395.00,1300.00,329.11,May 2022 Pricing Master,2026-09-07T07:48:47.421676
1524,587,10,20220501,1695.00,395.00,1300.00,329.11,May 2022 Pricing Master,2026-09-07T07:48:47.421676
1525,590,10,20220501,1695.00,395.00,1300.00,329.11,May 2022 Pricing Master,2026-09-07T07:48:47.421676
1526,585,10,20220501,1695.00,395.00,1300.00,329.11,May 2022 Pricing Master,2026-09-07T07:48:47.421676
1527,586,10,20220501,1695.00,395.00,1300.00,329.11,May 2022 Pricing Master,2026-09-07T07:48:47.421676
1528,519,10,20220501,1795.00,425.00,1370.00,322.35,May 2022 Pricing Master,2026-09-07T07:48:47.421676
1529,518,10,20220501,1795.00,425.00,1370.00,322.35,May 2022 Pricing Master,2026-09-07T07:48:47.421676
1530,517,10,20220501,1795.00,425.00,1370.00,322.35,May 2022 Pricing Master,2026-09-07T07:48:47.421676
1531,520,10,20220501,1795.00,425.00,1370.00,322.35,May 2022 Pricing Master,2026-09-07T07:48:47.421676
1532,515,10,20220501,1795.00,425.00,1370.00,322.35,May 2022 Pricing Master,2026-09-07T07:48:47.421676
1533,516,10,20220501,1795.00,425.00,1370.00,322.35,May 2022 Pricing Master,2026-09-07T07:48:47.421676
1534,584,10,20220501,1695.00,395.00,1300.00,329.11,May 2022 Pricing Master,2026-09-07T07:48:47.421676
1535,582,10,20220501,1695.00,395.00,1300.00,329.11,May 2022 Pricing Master,2026-09-07T07:48:47.421676
1536,581,10,20220501,1695.00,395.00,1300.00,329.11,May 2022 Pricing Master,2026-09-07T07:48:47.421676
1537,580,10,20220501,1695.00,395.00,1300.00,329.11,May 2022 Pricing Master,2026-09-07T07:48:47.421676
1538,583,10,20220501,1695.00,395.00,1300.00,329.11,May 2022 Pricing Master,2026-09-07T07:48:47.421676
1539,578,10,20220501,1695.00,395.00,1300.00,329.11,May 2022 Pricing Master,2026-09-07T07:48:47.421676
1540,579,10,20220501,1695.00,395.00,1300.00,329.11,May 2022 Pricing Master,2026-09-07T07:48:47.421676
1541,545,10,20220501,1695.00,395.00,1300.00,329.11,May 2022 Pricing Master,2026-09-07T07:48:47.421676
1542,544,10,20220501,1695.00,395.00,1300.00,329.11,May 2022 Pricing Master,2026-09-07T07:48:47.421676
1543,543,10,20220501,1695.00,395.00,1300.00,329.11,May 2022 Pricing Master,2026-09-07T07:48:47.421676
1544,546,10,20220501,1695.00,395.00,1300.00,329.11,May 2022 Pricing Master,2026-09-07T07:48:47.421676
1545,541,10,20220501,1695.00,395.00,1300.00,329.11,May 2022 Pricing Master,2026-09-07T07:48:47.421676
1546,542,10,20220501,1695.00,395.00,1300.00,329.11,May 2022 Pricing Master,2026-09-07T07:48:47.421676
1547,402,10,20220501,2795.00,695.00,2100.00,302.16,May 2022 Pricing Master,2026-09-07T07:48:47.421676
1548,401,10,20220501,2795.00,695.00,2100.00,302.16,May 2022 Pricing Master,2026-09-07T07:48:47.421676
1549,400,10,20220501,2795.00,695.00,2100.00,302.16,May 2022 Pricing Master,2026-09-07T07:48:47.421676
1550,403,10,20220501,2795.00,695.00,2100.00,302.16,May 2022 Pricing Master,2026-09-07T07:48:47.421676
1551,399,10,20220501,2795.00,695.00,2100.00,302.16,May 2022 Pricing Master,2026-09-07T07:48:47.421676
1552,413,10,20220501,2795.00,695.00,2100.00,302.16,May 2022 Pricing Master,2026-09-07T07:48:47.421676
1553,412,10,20220501,2795.00,695.00,2100.00,302.16,May 2022 Pricing Master,2026-09-07T07:48:47.421676
1554,411,10,20220501,2795.00,695.00,2100.00,302.16,May 2022 Pricing Master,2026-09-07T07:48:47.421676
1555,414,10,20220501,2795.00,695.00,2100.00,302.16,May 2022 Pricing Master,2026-09-07T07:48:47.421676
1556,410,10,20220501,2795.00,695.00,2100.00,302.16,May 2022 Pricing Master,2026-09-07T07:48:47.421676
1557,418,10,20220501,2795.00,695.00,2100.00,302.16,May 2022 Pricing Master,2026-09-07T07:48:47.421676
1558,417,10,20220501,2795.00,695.00,2100.00,302.16,May 2022 Pricing Master,2026-09-07T07:48:47.421676
1559,416,10,20220501,2795.00,695.00,2100.00,302.16,May 2022 Pricing Master,2026-09-07T07:48:47.421676
1560,419,10,20220501,2795.00,695.00,2100.00,302.16,May 2022 Pricing Master,2026-09-07T07:48:47.421676
1561,415,10,20220501,2795.00,695.00,2100.00,302.16,May 2022 Pricing Master,2026-09-07T07:48:47.421676
1562,423,10,20220501,2795.00,695.00,2100.00,302.16,May 2022 Pricing Master,2026-09-07T07:48:47.421676
1563,422,10,20220501,2795.00,695.00,2100.00,302.16,May 2022 Pricing Master,2026-09-07T07:48:47.421676
1564,421,10,20220501,2795.00,695.00,2100.00,302.16,May 2022 Pricing Master,2026-09-07T07:48:47.421676
1565,424,10,20220501,2795.00,695.00,2100.00,302.16,May 2022 Pricing Master,2026-09-07T07:48:47.421676
1566,420,10,20220501,2795.00,695.00,2100.00,302.16,May 2022 Pricing Master,2026-09-07T07:48:47.421676
1567,986,10,20220501,1695.00,395.00,1300.00,329.11,May 2022 Pricing Master,2026-09-07T07:48:47.421676
1568,985,10,20220501,1695.00,395.00,1300.00,329.11,May 2022 Pricing Master,2026-09-07T07:48:47.421676
1569,984,10,20220501,1695.00,395.00,1300.00,329.11,May 2022 Pricing Master,2026-09-07T07:48:47.421676
1570,987,10,20220501,1695.00,395.00,1300.00,329.11,May 2022 Pricing Master,2026-09-07T07:48:47.421676
1571,982,10,20220501,1695.00,395.00,1300.00,329.11,May 2022 Pricing Master,2026-09-07T07:48:47.421676
1572,983,10,20220501,1695.00,395.00,1300.00,329.11,May 2022 Pricing Master,2026-09-07T07:48:47.421676
1573,992,10,20220501,1695.00,395.00,1300.00,329.11,May 2022 Pricing Master,2026-09-07T07:48:47.421676
1574,991,10,20220501,1695.00,395.00,1300.00,329.11,May 2022 Pricing Master,2026-09-07T07:48:47.421676
1575,990,10,20220501,1695.00,395.00,1300.00,329.11,May 2022 Pricing Master,2026-09-07T07:48:47.421676
1576,993,10,20220501,1695.00,395.00,1300.00,329.11,May 2022 Pricing Master,2026-09-07T07:48:47.421676
1577,988,10,20220501,1695.00,395.00,1300.00,329.11,May 2022 Pricing Master,2026-09-07T07:48:47.421676
1578,989,10,20220501,1695.00,395.00,1300.00,329.11,May 2022 Pricing Master,2026-09-07T07:48:47.421676
1579,998,10,20220501,1695.00,395.00,1300.00,329.11,May 2022 Pricing Master,2026-09-07T07:48:47.421676
1580,997,10,20220501,1695.00,395.00,1300.00,329.11,May 2022 Pricing Master,2026-09-07T07:48:47.421676
1581,996,10,20220501,1695.00,395.00,1300.00,329.11,May 2022 Pricing Master,2026-09-07T07:48:47.421676
1582,999,10,20220501,1695.00,395.00,1300.00,329.11,May 2022 Pricing Master,2026-09-07T07:48:47.421676
1583,994,10,20220501,1695.00,395.00,1300.00,329.11,May 2022 Pricing Master,2026-09-07T07:48:47.421676
1584,995,10,20220501,1695.00,395.00,1300.00,329.11,May 2022 Pricing Master,2026-09-07T07:48:47.421676
1585,1004,10,20220501,1695.00,395.00,1300.00,329.11,May 2022 Pricing Master,2026-09-07T07:48:47.421676
1586,1003,10,20220501,1695.00,395.00,1300.00,329.11,May 2022 Pricing Master,2026-09-07T07:48:47.421676
1587,1002,10,20220501,1695.00,395.00,1300.00,329.11,May 2022 Pricing Master,2026-09-07T07:48:47.421676
1588,1005,10,20220501,1695.00,395.00,1300.00,329.11,May 2022 Pricing Master,2026-09-07T07:48:47.421676
1589,1000,10,20220501,1695.00,395.00,1300.00,329.11,May 2022 Pricing Master,2026-09-07T07:48:47.421676
1590,1001,10,20220501,1695.00,395.00,1300.00,329.11,May 2022 Pricing Master,2026-09-07T07:48:47.421676
1591,1010,10,20220501,1695.00,395.00,1300.00,329.11,May 2022 Pricing Master,2026-09-07T07:48:47.421676
1592,1009,10,20220501,1695.00,395.00,1300.00,329.11,May 2022 Pricing Master,2026-09-07T07:48:47.421676
1593,1008,10,20220501,1695.00,395.00,1300.00,329.11,May 2022 Pricing Master,2026-09-07T07:48:47.421676
1594,881,1,20220501,2195.00,505.00,1690.00,334.65,May 2022 Pricing Master,2026-09-07T07:48:47.421676
1595,783,1,20220501,2195.00,505.00,1690.00,334.65,May 2022 Pricing Master,2026-09-07T07:48:47.421676
1596,782,1,20220501,2195.00,505.00,1690.00,334.65,May 2022 Pricing Master,2026-09-07T07:48:47.421676
1597,781,1,20220501,2195.00,505.00,1690.00,334.65,May 2022 Pricing Master,2026-09-07T07:48:47.421676
1598,784,1,20220501,2195.00,505.00,1690.00,334.65,May 2022 Pricing Master,2026-09-07T07:48:47.421676
1599,779,1,20220501,2195.00,505.00,1690.00,334.65,May 2022 Pricing Master,2026-09-07T07:48:47.421676
1600,780,1,20220501,2195.00,505.00,1690.00,334.65,May 2022 Pricing Master,2026-09-07T07:48:47.421676
1601,631,1,20220501,2195.00,505.00,1690.00,334.65,May 2022 Pricing Master,2026-09-07T07:48:47.421676
1602,630,1,20220501,2195.00,505.00,1690.00,334.65,May 2022 Pricing Master,2026-09-07T07:48:47.421676
1603,629,1,20220501,2195.00,505.00,1690.00,334.65,May 2022 Pricing Master,2026-09-07T07:48:47.421676
1604,632,1,20220501,2195.00,505.00,1690.00,334.65,May 2022 Pricing Master,2026-09-07T07:48:47.421676
1605,627,1,20220501,2195.00,505.00,1690.00,334.65,May 2022 Pricing Master,2026-09-07T07:48:47.421676
1606,628,1,20220501,2195.00,505.00,1690.00,334.65,May 2022 Pricing Master,2026-09-07T07:48:47.421676
1607,896,1,20220501,2195.00,505.00,1690.00,334.65,May 2022 Pricing Master,2026-09-07T07:48:47.421676
1608,895,1,20220501,2195.00,505.00,1690.00,334.65,May 2022 Pricing Master,2026-09-07T07:48:47.421676
1609,894,1,20220501,2195.00,505.00,1690.00,334.65,May 2022 Pricing Master,2026-09-07T07:48:47.421676
1610,897,1,20220501,2195.00,505.00,1690.00,334.65,May 2022 Pricing Master,2026-09-07T07:48:47.421676
1611,892,1,20220501,2195.00,505.00,1690.00,334.65,May 2022 Pricing Master,2026-09-07T07:48:47.421676
1612,893,1,20220501,2195.00,505.00,1690.00,334.65,May 2022 Pricing Master,2026-09-07T07:48:47.421676
1613,625,1,20220501,2195.00,505.00,1690.00,334.65,May 2022 Pricing Master,2026-09-07T07:48:47.421676
1614,624,1,20220501,2195.00,505.00,1690.00,334.65,May 2022 Pricing Master,2026-09-07T07:48:47.421676
1615,623,1,20220501,2195.00,505.00,1690.00,334.65,May 2022 Pricing Master,2026-09-07T07:48:47.421676
1616,626,1,20220501,2195.00,505.00,1690.00,334.65,May 2022 Pricing Master,2026-09-07T07:48:47.421676
1617,621,1,20220501,2195.00,505.00,1690.00,334.65,May 2022 Pricing Master,2026-09-07T07:48:47.421676
1618,622,1,20220501,2195.00,505.00,1690.00,334.65,May 2022 Pricing Master,2026-09-07T07:48:47.421676
1619,908,1,20220501,2195.00,505.00,1690.00,334.65,May 2022 Pricing Master,2026-09-07T07:48:47.421676
1620,907,1,20220501,2195.00,505.00,1690.00,334.65,May 2022 Pricing Master,2026-09-07T07:48:47.421676
1621,906,1,20220501,2195.00,505.00,1690.00,334.65,May 2022 Pricing Master,2026-09-07T07:48:47.421676
1622,909,1,20220501,2195.00,505.00,1690.00,334.65,May 2022 Pricing Master,2026-09-07T07:48:47.421676
1623,904,1,20220501,2195.00,505.00,1690.00,334.65,May 2022 Pricing Master,2026-09-07T07:48:47.421676
1624,905,1,20220501,2195.00,505.00,1690.00,334.65,May 2022 Pricing Master,2026-09-07T07:48:47.421676
1625,944,1,20220501,2495.00,590.00,1905.00,322.88,May 2022 Pricing Master,2026-09-07T07:48:47.421676
1626,943,1,20220501,2495.00,590.00,1905.00,322.88,May 2022 Pricing Master,2026-09-07T07:48:47.421676
1627,942,1,20220501,2495.00,590.00,1905.00,322.88,May 2022 Pricing Master,2026-09-07T07:48:47.421676
1628,945,1,20220501,2495.00,590.00,1905.00,322.88,May 2022 Pricing Master,2026-09-07T07:48:47.421676
1629,940,1,20220501,2495.00,590.00,1905.00,322.88,May 2022 Pricing Master,2026-09-07T07:48:47.421676
1630,941,1,20220501,2495.00,590.00,1905.00,322.88,May 2022 Pricing Master,2026-09-07T07:48:47.421676
1631,938,1,20220501,2495.00,590.00,1905.00,322.88,May 2022 Pricing Master,2026-09-07T07:48:47.421676
1632,937,1,20220501,2495.00,590.00,1905.00,322.88,May 2022 Pricing Master,2026-09-07T07:48:47.421676
1633,936,1,20220501,2495.00,590.00,1905.00,322.88,May 2022 Pricing Master,2026-09-07T07:48:47.421676
1634,939,1,20220501,2495.00,590.00,1905.00,322.88,May 2022 Pricing Master,2026-09-07T07:48:47.421676
1635,934,1,20220501,2495.00,590.00,1905.00,322.88,May 2022 Pricing Master,2026-09-07T07:48:47.421676
1636,935,1,20220501,2495.00,590.00,1905.00,322.88,May 2022 Pricing Master,2026-09-07T07:48:47.421676
1637,920,1,20220501,2495.00,590.00,1905.00,322.88,May 2022 Pricing Master,2026-09-07T07:48:47.421676
1638,919,1,20220501,2495.00,590.00,1905.00,322.88,May 2022 Pricing Master,2026-09-07T07:48:47.421676
1639,918,1,20220501,2495.00,590.00,1905.00,322.88,May 2022 Pricing Master,2026-09-07T07:48:47.421676
1640,921,1,20220501,2495.00,590.00,1905.00,322.88,May 2022 Pricing Master,2026-09-07T07:48:47.421676
1641,916,1,20220501,2495.00,590.00,1905.00,322.88,May 2022 Pricing Master,2026-09-07T07:48:47.421676
1642,917,1,20220501,2495.00,590.00,1905.00,322.88,May 2022 Pricing Master,2026-09-07T07:48:47.421676
1643,968,1,20220501,2495.00,590.00,1905.00,322.88,May 2022 Pricing Master,2026-09-07T07:48:47.421676
1644,967,1,20220501,2495.00,590.00,1905.00,322.88,May 2022 Pricing Master,2026-09-07T07:48:47.421676
1645,966,1,20220501,2495.00,590.00,1905.00,322.88,May 2022 Pricing Master,2026-09-07T07:48:47.421676
1646,969,1,20220501,2495.00,590.00,1905.00,322.88,May 2022 Pricing Master,2026-09-07T07:48:47.421676
1647,964,1,20220501,2495.00,590.00,1905.00,322.88,May 2022 Pricing Master,2026-09-07T07:48:47.421676
1648,965,1,20220501,2495.00,590.00,1905.00,322.88,May 2022 Pricing Master,2026-09-07T07:48:47.421676
1649,932,1,20220501,2495.00,590.00,1905.00,322.88,May 2022 Pricing Master,2026-09-07T07:48:47.421676
1650,931,1,20220501,2495.00,590.00,1905.00,322.88,May 2022 Pricing Master,2026-09-07T07:48:47.421676
1651,930,1,20220501,2495.00,590.00,1905.00,322.88,May 2022 Pricing Master,2026-09-07T07:48:47.421676
1652,933,1,20220501,2495.00,590.00,1905.00,322.88,May 2022 Pricing Master,2026-09-07T07:48:47.421676
1653,928,1,20220501,2495.00,590.00,1905.00,322.88,May 2022 Pricing Master,2026-09-07T07:48:47.421676
1654,929,1,20220501,2495.00,590.00,1905.00,322.88,May 2022 Pricing Master,2026-09-07T07:48:47.421676
1655,956,1,20220501,2495.00,590.00,1905.00,322.88,May 2022 Pricing Master,2026-09-07T07:48:47.421676
1656,955,1,20220501,2495.00,590.00,1905.00,322.88,May 2022 Pricing Master,2026-09-07T07:48:47.421676
1657,954,1,20220501,2495.00,590.00,1905.00,322.88,May 2022 Pricing Master,2026-09-07T07:48:47.421676
1658,957,1,20220501,2495.00,590.00,1905.00,322.88,May 2022 Pricing Master,2026-09-07T07:48:47.421676
1659,952,1,20220501,2495.00,590.00,1905.00,322.88,May 2022 Pricing Master,2026-09-07T07:48:47.421676
1660,953,1,20220501,2495.00,590.00,1905.00,322.88,May 2022 Pricing Master,2026-09-07T07:48:47.421676
1661,926,1,20220501,2495.00,590.00,1905.00,322.88,May 2022 Pricing Master,2026-09-07T07:48:47.421676
1662,925,1,20220501,2495.00,590.00,1905.00,322.88,May 2022 Pricing Master,2026-09-07T07:48:47.421676
1663,924,1,20220501,2495.00,590.00,1905.00,322.88,May 2022 Pricing Master,2026-09-07T07:48:47.421676
1664,927,1,20220501,2495.00,590.00,1905.00,322.88,May 2022 Pricing Master,2026-09-07T07:48:47.421676
1665,922,1,20220501,2495.00,590.00,1905.00,322.88,May 2022 Pricing Master,2026-09-07T07:48:47.421676
1666,923,1,20220501,2495.00,590.00,1905.00,322.88,May 2022 Pricing Master,2026-09-07T07:48:47.421676
1667,950,1,20220501,2495.00,590.00,1905.00,322.88,May 2022 Pricing Master,2026-09-07T07:48:47.421676
1668,949,1,20220501,2495.00,590.00,1905.00,322.88,May 2022 Pricing Master,2026-09-07T07:48:47.421676
1669,948,1,20220501,2495.00,590.00,1905.00,322.88,May 2022 Pricing Master,2026-09-07T07:48:47.421676
1670,951,1,20220501,2495.00,590.00,1905.00,322.88,May 2022 Pricing Master,2026-09-07T07:48:47.421676
1671,946,1,20220501,2495.00,590.00,1905.00,322.88,May 2022 Pricing Master,2026-09-07T07:48:47.421676
1672,947,1,20220501,2495.00,590.00,1905.00,322.88,May 2022 Pricing Master,2026-09-07T07:48:47.421676
1673,777,1,20220501,1595.00,381.00,1214.00,318.64,May 2022 Pricing Master,2026-09-07T07:48:47.421676
1674,776,1,20220501,1595.00,381.00,1214.00,318.64,May 2022 Pricing Master,2026-09-07T07:48:47.421676
1675,775,1,20220501,1595.00,381.00,1214.00,318.64,May 2022 Pricing Master,2026-09-07T07:48:47.421676
1676,778,1,20220501,1595.00,381.00,1214.00,318.64,May 2022 Pricing Master,2026-09-07T07:48:47.421676
1677,773,1,20220501,1595.00,381.00,1214.00,318.64,May 2022 Pricing Master,2026-09-07T07:48:47.421676
1678,774,1,20220501,1595.00,381.00,1214.00,318.64,May 2022 Pricing Master,2026-09-07T07:48:47.421676
1679,709,1,20220501,1595.00,381.00,1214.00,318.64,May 2022 Pricing Master,2026-09-07T07:48:47.421676
1680,708,1,20220501,1595.00,381.00,1214.00,318.64,May 2022 Pricing Master,2026-09-07T07:48:47.421676
1681,707,1,20220501,1595.00,381.00,1214.00,318.64,May 2022 Pricing Master,2026-09-07T07:48:47.421676
1682,710,1,20220501,1595.00,381.00,1214.00,318.64,May 2022 Pricing Master,2026-09-07T07:48:47.421676
1683,705,1,20220501,1595.00,381.00,1214.00,318.64,May 2022 Pricing Master,2026-09-07T07:48:47.421676
1684,706,1,20220501,1595.00,381.00,1214.00,318.64,May 2022 Pricing Master,2026-09-07T07:48:47.421676
1685,825,1,20220501,1595.00,381.00,1214.00,318.64,May 2022 Pricing Master,2026-09-07T07:48:47.421676
1686,824,1,20220501,1595.00,381.00,1214.00,318.64,May 2022 Pricing Master,2026-09-07T07:48:47.421676
1687,823,1,20220501,1595.00,381.00,1214.00,318.64,May 2022 Pricing Master,2026-09-07T07:48:47.421676
1688,826,1,20220501,1595.00,381.00,1214.00,318.64,May 2022 Pricing Master,2026-09-07T07:48:47.421676
1689,821,1,20220501,1595.00,381.00,1214.00,318.64,May 2022 Pricing Master,2026-09-07T07:48:47.421676
1690,822,1,20220501,1595.00,381.00,1214.00,318.64,May 2022 Pricing Master,2026-09-07T07:48:47.421676
1691,679,1,20220501,1595.00,381.00,1214.00,318.64,May 2022 Pricing Master,2026-09-07T07:48:47.421676
1692,678,1,20220501,1595.00,381.00,1214.00,318.64,May 2022 Pricing Master,2026-09-07T07:48:47.421676
1693,677,1,20220501,1595.00,381.00,1214.00,318.64,May 2022 Pricing Master,2026-09-07T07:48:47.421676
1694,680,1,20220501,1595.00,381.00,1214.00,318.64,May 2022 Pricing Master,2026-09-07T07:48:47.421676
1695,675,1,20220501,1595.00,381.00,1214.00,318.64,May 2022 Pricing Master,2026-09-07T07:48:47.421676
1696,676,1,20220501,1595.00,381.00,1214.00,318.64,May 2022 Pricing Master,2026-09-07T07:48:47.421676
1697,764,1,20220501,1595.00,381.00,1214.00,318.64,May 2022 Pricing Master,2026-09-07T07:48:47.421676
1698,763,1,20220501,1595.00,381.00,1214.00,318.64,May 2022 Pricing Master,2026-09-07T07:48:47.421676
1699,762,1,20220501,1595.00,381.00,1214.00,318.64,May 2022 Pricing Master,2026-09-07T07:48:47.421676
1700,765,1,20220501,1595.00,381.00,1214.00,318.64,May 2022 Pricing Master,2026-09-07T07:48:47.421676
1701,760,1,20220501,1595.00,381.00,1214.00,318.64,May 2022 Pricing Master,2026-09-07T07:48:47.421676
1702,761,1,20220501,1595.00,381.00,1214.00,318.64,May 2022 Pricing Master,2026-09-07T07:48:47.421676
1703,771,1,20220501,1595.00,381.00,1214.00,318.64,May 2022 Pricing Master,2026-09-07T07:48:47.421676
1704,770,1,20220501,1595.00,381.00,1214.00,318.64,May 2022 Pricing Master,2026-09-07T07:48:47.421676
1705,769,1,20220501,1595.00,381.00,1214.00,318.64,May 2022 Pricing Master,2026-09-07T07:48:47.421676
1706,772,1,20220501,1595.00,381.00,1214.00,318.64,May 2022 Pricing Master,2026-09-07T07:48:47.421676
1707,767,1,20220501,1595.00,381.00,1214.00,318.64,May 2022 Pricing Master,2026-09-07T07:48:47.421676
1708,768,1,20220501,1595.00,381.00,1214.00,318.64,May 2022 Pricing Master,2026-09-07T07:48:47.421676
1709,601,1,20220501,1595.00,381.00,1214.00,318.64,May 2022 Pricing Master,2026-09-07T07:48:47.421676
1710,600,1,20220501,1595.00,381.00,1214.00,318.64,May 2022 Pricing Master,2026-09-07T07:48:47.421676
1711,599,1,20220501,1595.00,381.00,1214.00,318.64,May 2022 Pricing Master,2026-09-07T07:48:47.421676
1712,602,1,20220501,1595.00,381.00,1214.00,318.64,May 2022 Pricing Master,2026-09-07T07:48:47.421676
1713,597,1,20220501,1595.00,381.00,1214.00,318.64,May 2022 Pricing Master,2026-09-07T07:48:47.421676
1714,598,1,20220501,1595.00,381.00,1214.00,318.64,May 2022 Pricing Master,2026-09-07T07:48:47.421676
1715,980,1,20220501,3995.00,952.00,3043.00,319.64,May 2022 Pricing Master,2026-09-07T07:48:47.421676
1716,979,1,20220501,3995.00,952.00,3043.00,319.64,May 2022 Pricing Master,2026-09-07T07:48:47.421676
1717,978,1,20220501,3995.00,952.00,3043.00,319.64,May 2022 Pricing Master,2026-09-07T07:48:47.421676
1718,981,1,20220501,3995.00,952.00,3043.00,319.64,May 2022 Pricing Master,2026-09-07T07:48:47.421676
1719,976,1,20220501,3995.00,952.00,3043.00,319.64,May 2022 Pricing Master,2026-09-07T07:48:47.421676
1720,977,1,20220501,3995.00,952.00,3043.00,319.64,May 2022 Pricing Master,2026-09-07T07:48:47.421676
1721,974,1,20220501,3995.00,952.00,3043.00,319.64,May 2022 Pricing Master,2026-09-07T07:48:47.421676
1722,973,1,20220501,3995.00,952.00,3043.00,319.64,May 2022 Pricing Master,2026-09-07T07:48:47.421676
1723,972,1,20220501,3995.00,952.00,3043.00,319.64,May 2022 Pricing Master,2026-09-07T07:48:47.421676
1724,975,1,20220501,3995.00,952.00,3043.00,319.64,May 2022 Pricing Master,2026-09-07T07:48:47.421676
1725,970,1,20220501,3995.00,952.00,3043.00,319.64,May 2022 Pricing Master,2026-09-07T07:48:47.421676
1726,971,1,20220501,3995.00,952.00,3043.00,319.64,May 2022 Pricing Master,2026-09-07T07:48:47.421676
1727,655,1,20220501,2395.00,570.00,1825.00,320.18,May 2022 Pricing Master,2026-09-07T07:48:47.421676
1728,654,1,20220501,2395.00,570.00,1825.00,320.18,May 2022 Pricing Master,2026-09-07T07:48:47.421676
1729,653,1,20220501,2395.00,570.00,1825.00,320.18,May 2022 Pricing Master,2026-09-07T07:48:47.421676
1730,656,1,20220501,2395.00,570.00,1825.00,320.18,May 2022 Pricing Master,2026-09-07T07:48:47.421676
1731,651,1,20220501,2395.00,570.00,1825.00,320.18,May 2022 Pricing Master,2026-09-07T07:48:47.421676
1732,652,1,20220501,2395.00,570.00,1825.00,320.18,May 2022 Pricing Master,2026-09-07T07:48:47.421676
1733,837,1,20220501,2195.00,519.00,1676.00,322.93,May 2022 Pricing Master,2026-09-07T07:48:47.421676
1734,836,1,20220501,2195.00,519.00,1676.00,322.93,May 2022 Pricing Master,2026-09-07T07:48:47.421676
1735,835,1,20220501,2195.00,519.00,1676.00,322.93,May 2022 Pricing Master,2026-09-07T07:48:47.421676
1736,838,1,20220501,2195.00,519.00,1676.00,322.93,May 2022 Pricing Master,2026-09-07T07:48:47.421676
1737,833,1,20220501,2195.00,519.00,1676.00,322.93,May 2022 Pricing Master,2026-09-07T07:48:47.421676
1738,834,1,20220501,2195.00,519.00,1676.00,322.93,May 2022 Pricing Master,2026-09-07T07:48:47.421676
1739,643,1,20220501,2995.00,714.00,2281.00,319.47,May 2022 Pricing Master,2026-09-07T07:48:47.421676
1740,642,1,20220501,2995.00,714.00,2281.00,319.47,May 2022 Pricing Master,2026-09-07T07:48:47.421676
1741,641,1,20220501,2995.00,714.00,2281.00,319.47,May 2022 Pricing Master,2026-09-07T07:48:47.421676
1742,644,1,20220501,2995.00,714.00,2281.00,319.47,May 2022 Pricing Master,2026-09-07T07:48:47.421676
1743,639,1,20220501,2995.00,714.00,2281.00,319.47,May 2022 Pricing Master,2026-09-07T07:48:47.421676
1744,640,1,20220501,2995.00,714.00,2281.00,319.47,May 2022 Pricing Master,2026-09-07T07:48:47.421676
1745,661,1,20220501,2195.00,519.00,1676.00,322.93,May 2022 Pricing Master,2026-09-07T07:48:47.421676
1746,660,1,20220501,2195.00,519.00,1676.00,322.93,May 2022 Pricing Master,2026-09-07T07:48:47.421676
1747,659,1,20220501,2195.00,519.00,1676.00,322.93,May 2022 Pricing Master,2026-09-07T07:48:47.421676
1748,662,1,20220501,2195.00,519.00,1676.00,322.93,May 2022 Pricing Master,2026-09-07T07:48:47.421676
1749,657,1,20220501,2195.00,519.00,1676.00,322.93,May 2022 Pricing Master,2026-09-07T07:48:47.421676
1750,658,1,20220501,2195.00,519.00,1676.00,322.93,May 2022 Pricing Master,2026-09-07T07:48:47.421676
1751,649,1,20220501,2495.00,595.00,1900.00,319.33,May 2022 Pricing Master,2026-09-07T07:48:47.421676
1752,648,1,20220501,2495.00,595.00,1900.00,319.33,May 2022 Pricing Master,2026-09-07T07:48:47.421676
1753,647,1,20220501,2495.00,595.00,1900.00,319.33,May 2022 Pricing Master,2026-09-07T07:48:47.421676
1754,650,1,20220501,2495.00,595.00,1900.00,319.33,May 2022 Pricing Master,2026-09-07T07:48:47.421676
1755,645,1,20220501,2495.00,595.00,1900.00,319.33,May 2022 Pricing Master,2026-09-07T07:48:47.421676
1756,646,1,20220501,2495.00,595.00,1900.00,319.33,May 2022 Pricing Master,2026-09-07T07:48:47.421676
1757,843,1,20220501,1995.00,467.00,1528.00,327.19,May 2022 Pricing Master,2026-09-07T07:48:47.421676
1758,842,1,20220501,1995.00,467.00,1528.00,327.19,May 2022 Pricing Master,2026-09-07T07:48:47.421676
1759,841,1,20220501,1995.00,467.00,1528.00,327.19,May 2022 Pricing Master,2026-09-07T07:48:47.421676
1760,844,1,20220501,1995.00,467.00,1528.00,327.19,May 2022 Pricing Master,2026-09-07T07:48:47.421676
1761,839,1,20220501,1995.00,467.00,1528.00,327.19,May 2022 Pricing Master,2026-09-07T07:48:47.421676
1762,840,1,20220501,1995.00,467.00,1528.00,327.19,May 2022 Pricing Master,2026-09-07T07:48:47.421676
1763,607,1,20220501,2395.00,552.00,1843.00,333.88,May 2022 Pricing Master,2026-09-07T07:48:47.421676
1764,606,1,20220501,2395.00,552.00,1843.00,333.88,May 2022 Pricing Master,2026-09-07T07:48:47.421676
1765,605,1,20220501,2395.00,552.00,1843.00,333.88,May 2022 Pricing Master,2026-09-07T07:48:47.421676
1766,608,1,20220501,2395.00,552.00,1843.00,333.88,May 2022 Pricing Master,2026-09-07T07:48:47.421676
1767,603,1,20220501,2395.00,552.00,1843.00,333.88,May 2022 Pricing Master,2026-09-07T07:48:47.421676
1768,604,1,20220501,2395.00,552.00,1843.00,333.88,May 2022 Pricing Master,2026-09-07T07:48:47.421676
1769,685,1,20220501,2295.00,529.00,1766.00,333.84,May 2022 Pricing Master,2026-09-07T07:48:47.421676
1770,684,1,20220501,2295.00,529.00,1766.00,333.84,May 2022 Pricing Master,2026-09-07T07:48:47.421676
1771,683,1,20220501,2295.00,529.00,1766.00,333.84,May 2022 Pricing Master,2026-09-07T07:48:47.421676
1772,686,1,20220501,2295.00,529.00,1766.00,333.84,May 2022 Pricing Master,2026-09-07T07:48:47.421676
1773,681,1,20220501,2295.00,529.00,1766.00,333.84,May 2022 Pricing Master,2026-09-07T07:48:47.421676
1774,682,1,20220501,2295.00,529.00,1766.00,333.84,May 2022 Pricing Master,2026-09-07T07:48:47.421676
1775,962,1,20220501,2795.00,662.00,2133.00,322.21,May 2022 Pricing Master,2026-09-07T07:48:47.421676
1776,961,1,20220501,2795.00,662.00,2133.00,322.21,May 2022 Pricing Master,2026-09-07T07:48:47.421676
1777,960,1,20220501,2795.00,662.00,2133.00,322.21,May 2022 Pricing Master,2026-09-07T07:48:47.421676
1778,963,1,20220501,2795.00,662.00,2133.00,322.21,May 2022 Pricing Master,2026-09-07T07:48:47.421676
1779,958,1,20220501,2795.00,662.00,2133.00,322.21,May 2022 Pricing Master,2026-09-07T07:48:47.421676
1780,959,1,20220501,2795.00,662.00,2133.00,322.21,May 2022 Pricing Master,2026-09-07T07:48:47.421676
1781,697,1,20220501,2295.00,538.00,1757.00,326.58,May 2022 Pricing Master,2026-09-07T07:48:47.421676
1782,696,1,20220501,2295.00,538.00,1757.00,326.58,May 2022 Pricing Master,2026-09-07T07:48:47.421676
1783,695,1,20220501,2295.00,538.00,1757.00,326.58,May 2022 Pricing Master,2026-09-07T07:48:47.421676
1784,698,1,20220501,2295.00,538.00,1757.00,326.58,May 2022 Pricing Master,2026-09-07T07:48:47.421676
1785,693,1,20220501,2295.00,538.00,1757.00,326.58,May 2022 Pricing Master,2026-09-07T07:48:47.421676
1786,694,1,20220501,2295.00,538.00,1757.00,326.58,May 2022 Pricing Master,2026-09-07T07:48:47.421676
1787,691,1,20220501,2295.00,529.00,1766.00,333.84,May 2022 Pricing Master,2026-09-07T07:48:47.421676
1788,690,1,20220501,2295.00,529.00,1766.00,333.84,May 2022 Pricing Master,2026-09-07T07:48:47.421676
1789,689,1,20220501,2295.00,529.00,1766.00,333.84,May 2022 Pricing Master,2026-09-07T07:48:47.421676
1790,692,1,20220501,2295.00,529.00,1766.00,333.84,May 2022 Pricing Master,2026-09-07T07:48:47.421676
1791,687,1,20220501,2295.00,529.00,1766.00,333.84,May 2022 Pricing Master,2026-09-07T07:48:47.421676
1792,688,1,20220501,2295.00,529.00,1766.00,333.84,May 2022 Pricing Master,2026-09-07T07:48:47.421676
1793,721,1,20220501,2295.00,570.00,1725.00,302.63,May 2022 Pricing Master,2026-09-07T07:48:47.421676
1794,720,1,20220501,2295.00,570.00,1725.00,302.63,May 2022 Pricing Master,2026-09-07T07:48:47.421676
1795,719,1,20220501,2295.00,570.00,1725.00,302.63,May 2022 Pricing Master,2026-09-07T07:48:47.421676
1796,722,1,20220501,2295.00,570.00,1725.00,302.63,May 2022 Pricing Master,2026-09-07T07:48:47.421676
1797,717,1,20220501,2295.00,570.00,1725.00,302.63,May 2022 Pricing Master,2026-09-07T07:48:47.421676
1798,718,1,20220501,2295.00,570.00,1725.00,302.63,May 2022 Pricing Master,2026-09-07T07:48:47.421676
1799,733,1,20220501,2295.00,570.00,1725.00,302.63,May 2022 Pricing Master,2026-09-07T07:48:47.421676
1800,732,1,20220501,2295.00,570.00,1725.00,302.63,May 2022 Pricing Master,2026-09-07T07:48:47.421676
1801,731,1,20220501,2295.00,570.00,1725.00,302.63,May 2022 Pricing Master,2026-09-07T07:48:47.421676
1802,734,1,20220501,2295.00,570.00,1725.00,302.63,May 2022 Pricing Master,2026-09-07T07:48:47.421676
1803,729,1,20220501,2295.00,570.00,1725.00,302.63,May 2022 Pricing Master,2026-09-07T07:48:47.421676
1804,730,1,20220501,2295.00,570.00,1725.00,302.63,May 2022 Pricing Master,2026-09-07T07:48:47.421676
1805,613,1,20220501,2295.00,570.00,1725.00,302.63,May 2022 Pricing Master,2026-09-07T07:48:47.421676
1806,612,1,20220501,2295.00,570.00,1725.00,302.63,May 2022 Pricing Master,2026-09-07T07:48:47.421676
1807,611,1,20220501,2295.00,570.00,1725.00,302.63,May 2022 Pricing Master,2026-09-07T07:48:47.421676
1808,614,1,20220501,2295.00,570.00,1725.00,302.63,May 2022 Pricing Master,2026-09-07T07:48:47.421676
1809,609,1,20220501,2295.00,570.00,1725.00,302.63,May 2022 Pricing Master,2026-09-07T07:48:47.421676
1810,610,1,20220501,2295.00,570.00,1725.00,302.63,May 2022 Pricing Master,2026-09-07T07:48:47.421676
1811,637,1,20220501,3095.00,724.00,2371.00,327.49,May 2022 Pricing Master,2026-09-07T07:48:47.421676
1812,636,1,20220501,3095.00,724.00,2371.00,327.49,May 2022 Pricing Master,2026-09-07T07:48:47.421676
1813,635,1,20220501,3095.00,724.00,2371.00,327.49,May 2022 Pricing Master,2026-09-07T07:48:47.421676
1814,638,1,20220501,3095.00,724.00,2371.00,327.49,May 2022 Pricing Master,2026-09-07T07:48:47.421676
1815,633,1,20220501,3095.00,724.00,2371.00,327.49,May 2022 Pricing Master,2026-09-07T07:48:47.421676
1816,634,1,20220501,3095.00,724.00,2371.00,327.49,May 2022 Pricing Master,2026-09-07T07:48:47.421676
1817,752,1,20220501,2295.00,538.00,1757.00,326.58,May 2022 Pricing Master,2026-09-07T07:48:47.421676
1818,751,1,20220501,2295.00,538.00,1757.00,326.58,May 2022 Pricing Master,2026-09-07T07:48:47.421676
1819,750,1,20220501,2295.00,538.00,1757.00,326.58,May 2022 Pricing Master,2026-09-07T07:48:47.421676
1820,753,1,20220501,2295.00,538.00,1757.00,326.58,May 2022 Pricing Master,2026-09-07T07:48:47.421676
1821,748,1,20220501,2295.00,538.00,1757.00,326.58,May 2022 Pricing Master,2026-09-07T07:48:47.421676
1822,749,1,20220501,2295.00,538.00,1757.00,326.58,May 2022 Pricing Master,2026-09-07T07:48:47.421676
1823,740,1,20220501,2395.00,570.00,1825.00,320.18,May 2022 Pricing Master,2026-09-07T07:48:47.421676
1824,739,1,20220501,2395.00,570.00,1825.00,320.18,May 2022 Pricing Master,2026-09-07T07:48:47.421676
1825,738,1,20220501,2395.00,570.00,1825.00,320.18,May 2022 Pricing Master,2026-09-07T07:48:47.421676
1826,741,1,20220501,2395.00,570.00,1825.00,320.18,May 2022 Pricing Master,2026-09-07T07:48:47.421676
1827,736,1,20220501,2395.00,570.00,1825.00,320.18,May 2022 Pricing Master,2026-09-07T07:48:47.421676
1828,737,1,20220501,2395.00,570.00,1825.00,320.18,May 2022 Pricing Master,2026-09-07T07:48:47.421676
1829,807,1,20220501,2395.00,570.00,1825.00,320.18,May 2022 Pricing Master,2026-09-07T07:48:47.421676
1830,806,1,20220501,2395.00,570.00,1825.00,320.18,May 2022 Pricing Master,2026-09-07T07:48:47.421676
1831,805,1,20220501,2395.00,570.00,1825.00,320.18,May 2022 Pricing Master,2026-09-07T07:48:47.421676
1832,808,1,20220501,2395.00,570.00,1825.00,320.18,May 2022 Pricing Master,2026-09-07T07:48:47.421676
1833,803,1,20220501,2395.00,570.00,1825.00,320.18,May 2022 Pricing Master,2026-09-07T07:48:47.421676
1834,804,1,20220501,2395.00,570.00,1825.00,320.18,May 2022 Pricing Master,2026-09-07T07:48:47.421676
1835,795,1,20220501,2395.00,529.00,1866.00,352.74,May 2022 Pricing Master,2026-09-07T07:48:47.421676
1836,794,1,20220501,2395.00,529.00,1866.00,352.74,May 2022 Pricing Master,2026-09-07T07:48:47.421676
1837,793,1,20220501,2395.00,529.00,1866.00,352.74,May 2022 Pricing Master,2026-09-07T07:48:47.421676
1838,796,1,20220501,2395.00,529.00,1866.00,352.74,May 2022 Pricing Master,2026-09-07T07:48:47.421676
1839,791,1,20220501,2395.00,529.00,1866.00,352.74,May 2022 Pricing Master,2026-09-07T07:48:47.421676
1840,792,1,20220501,2395.00,529.00,1866.00,352.74,May 2022 Pricing Master,2026-09-07T07:48:47.421676
1841,801,1,20220501,2395.00,529.00,1866.00,352.74,May 2022 Pricing Master,2026-09-07T07:48:47.421676
1842,800,1,20220501,2395.00,529.00,1866.00,352.74,May 2022 Pricing Master,2026-09-07T07:48:47.421676
1843,799,1,20220501,2395.00,529.00,1866.00,352.74,May 2022 Pricing Master,2026-09-07T07:48:47.421676
1844,802,1,20220501,2395.00,529.00,1866.00,352.74,May 2022 Pricing Master,2026-09-07T07:48:47.421676
1845,797,1,20220501,2395.00,529.00,1866.00,352.74,May 2022 Pricing Master,2026-09-07T07:48:47.421676
1846,798,1,20220501,2395.00,529.00,1866.00,352.74,May 2022 Pricing Master,2026-09-07T07:48:47.421676
1847,538,1,20220501,1695.00,424.00,1271.00,299.76,May 2022 Pricing Master,2026-09-07T07:48:47.421676
1848,536,1,20220501,1695.00,424.00,1271.00,299.76,May 2022 Pricing Master,2026-09-07T07:48:47.421676
1849,535,1,20220501,1695.00,424.00,1271.00,299.76,May 2022 Pricing Master,2026-09-07T07:48:47.421676
1850,539,1,20220501,1695.00,424.00,1271.00,299.76,May 2022 Pricing Master,2026-09-07T07:48:47.421676
1851,533,1,20220501,1695.00,424.00,1271.00,299.76,May 2022 Pricing Master,2026-09-07T07:48:47.421676
1852,534,1,20220501,1695.00,424.00,1271.00,299.76,May 2022 Pricing Master,2026-09-07T07:48:47.421676
1853,551,1,20220501,1695.00,424.00,1271.00,299.76,May 2022 Pricing Master,2026-09-07T07:48:47.421676
1854,550,1,20220501,1695.00,424.00,1271.00,299.76,May 2022 Pricing Master,2026-09-07T07:48:47.421676
1855,549,1,20220501,1695.00,424.00,1271.00,299.76,May 2022 Pricing Master,2026-09-07T07:48:47.421676
1856,552,1,20220501,1695.00,424.00,1271.00,299.76,May 2022 Pricing Master,2026-09-07T07:48:47.421676
1857,547,1,20220501,1695.00,424.00,1271.00,299.76,May 2022 Pricing Master,2026-09-07T07:48:47.421676
1858,548,1,20220501,1695.00,424.00,1271.00,299.76,May 2022 Pricing Master,2026-09-07T07:48:47.421676
1859,224,1,20220501,1595.00,381.00,1214.00,318.64,May 2022 Pricing Master,2026-09-07T07:48:47.421676
1860,223,1,20220501,1595.00,381.00,1214.00,318.64,May 2022 Pricing Master,2026-09-07T07:48:47.421676
1861,222,1,20220501,1595.00,381.00,1214.00,318.64,May 2022 Pricing Master,2026-09-07T07:48:47.421676
1862,225,1,20220501,1595.00,381.00,1214.00,318.64,May 2022 Pricing Master,2026-09-07T07:48:47.421676
1863,220,1,20220501,1595.00,381.00,1214.00,318.64,May 2022 Pricing Master,2026-09-07T07:48:47.421676
1864,221,1,20220501,1595.00,381.00,1214.00,318.64,May 2022 Pricing Master,2026-09-07T07:48:47.421676
1865,331,1,20220501,1595.00,381.00,1214.00,318.64,May 2022 Pricing Master,2026-09-07T07:48:47.421676
1866,330,1,20220501,1595.00,381.00,1214.00,318.64,May 2022 Pricing Master,2026-09-07T07:48:47.421676
1867,329,1,20220501,1595.00,381.00,1214.00,318.64,May 2022 Pricing Master,2026-09-07T07:48:47.421676
1868,332,1,20220501,1595.00,381.00,1214.00,318.64,May 2022 Pricing Master,2026-09-07T07:48:47.421676
1869,327,1,20220501,1595.00,381.00,1214.00,318.64,May 2022 Pricing Master,2026-09-07T07:48:47.421676
1870,328,1,20220501,1595.00,381.00,1214.00,318.64,May 2022 Pricing Master,2026-09-07T07:48:47.421676
1871,355,1,20220501,1895.00,471.00,1424.00,302.34,May 2022 Pricing Master,2026-09-07T07:48:47.421676
1872,354,1,20220501,1895.00,471.00,1424.00,302.34,May 2022 Pricing Master,2026-09-07T07:48:47.421676
1873,353,1,20220501,1895.00,471.00,1424.00,302.34,May 2022 Pricing Master,2026-09-07T07:48:47.421676
1874,356,1,20220501,1895.00,471.00,1424.00,302.34,May 2022 Pricing Master,2026-09-07T07:48:47.421676
1875,351,1,20220501,1895.00,471.00,1424.00,302.34,May 2022 Pricing Master,2026-09-07T07:48:47.421676
1876,352,1,20220501,1895.00,471.00,1424.00,302.34,May 2022 Pricing Master,2026-09-07T07:48:47.421676
1877,343,1,20220501,1895.00,471.00,1424.00,302.34,May 2022 Pricing Master,2026-09-07T07:48:47.421676
1878,342,1,20220501,1895.00,471.00,1424.00,302.34,May 2022 Pricing Master,2026-09-07T07:48:47.421676
1879,341,1,20220501,1895.00,471.00,1424.00,302.34,May 2022 Pricing Master,2026-09-07T07:48:47.421676
1880,344,1,20220501,1895.00,471.00,1424.00,302.34,May 2022 Pricing Master,2026-09-07T07:48:47.421676
1881,339,1,20220501,1895.00,471.00,1424.00,302.34,May 2022 Pricing Master,2026-09-07T07:48:47.421676
1882,340,1,20220501,1895.00,471.00,1424.00,302.34,May 2022 Pricing Master,2026-09-07T07:48:47.421676
1883,349,1,20220501,1895.00,471.00,1424.00,302.34,May 2022 Pricing Master,2026-09-07T07:48:47.421676
1884,348,1,20220501,1895.00,471.00,1424.00,302.34,May 2022 Pricing Master,2026-09-07T07:48:47.421676
1885,347,1,20220501,1895.00,471.00,1424.00,302.34,May 2022 Pricing Master,2026-09-07T07:48:47.421676
1886,350,1,20220501,1895.00,471.00,1424.00,302.34,May 2022 Pricing Master,2026-09-07T07:48:47.421676
1887,345,1,20220501,1895.00,471.00,1424.00,302.34,May 2022 Pricing Master,2026-09-07T07:48:47.421676
1888,346,1,20220501,1895.00,471.00,1424.00,302.34,May 2022 Pricing Master,2026-09-07T07:48:47.421676
1889,373,1,20220501,1595.00,381.00,1214.00,318.64,May 2022 Pricing Master,2026-09-07T07:48:47.421676
1890,372,1,20220501,1595.00,381.00,1214.00,318.64,May 2022 Pricing Master,2026-09-07T07:48:47.421676
1891,371,1,20220501,1595.00,381.00,1214.00,318.64,May 2022 Pricing Master,2026-09-07T07:48:47.421676
1892,374,1,20220501,1595.00,381.00,1214.00,318.64,May 2022 Pricing Master,2026-09-07T07:48:47.421676
1893,369,1,20220501,1595.00,381.00,1214.00,318.64,May 2022 Pricing Master,2026-09-07T07:48:47.421676
1894,370,1,20220501,1595.00,381.00,1214.00,318.64,May 2022 Pricing Master,2026-09-07T07:48:47.421676
1895,385,1,20220501,1195.00,286.00,909.00,317.83,May 2022 Pricing Master,2026-09-07T07:48:47.421676
1896,384,1,20220501,1195.00,286.00,909.00,317.83,May 2022 Pricing Master,2026-09-07T07:48:47.421676
1897,383,1,20220501,1195.00,286.00,909.00,317.83,May 2022 Pricing Master,2026-09-07T07:48:47.421676
1898,386,1,20220501,1195.00,286.00,909.00,317.83,May 2022 Pricing Master,2026-09-07T07:48:47.421676
1899,381,1,20220501,1195.00,286.00,909.00,317.83,May 2022 Pricing Master,2026-09-07T07:48:47.421676
1900,382,1,20220501,1195.00,286.00,909.00,317.83,May 2022 Pricing Master,2026-09-07T07:48:47.421676
1901,325,1,20220501,1595.00,381.00,1214.00,318.64,May 2022 Pricing Master,2026-09-07T07:48:47.421676
1902,324,1,20220501,1595.00,381.00,1214.00,318.64,May 2022 Pricing Master,2026-09-07T07:48:47.421676
1903,323,1,20220501,1595.00,381.00,1214.00,318.64,May 2022 Pricing Master,2026-09-07T07:48:47.421676
1904,326,1,20220501,1595.00,381.00,1214.00,318.64,May 2022 Pricing Master,2026-09-07T07:48:47.421676
1905,321,1,20220501,1595.00,381.00,1214.00,318.64,May 2022 Pricing Master,2026-09-07T07:48:47.421676
1906,322,1,20220501,1595.00,381.00,1214.00,318.64,May 2022 Pricing Master,2026-09-07T07:48:47.421676
1907,295,1,20220501,1995.00,500.00,1495.00,299.00,May 2022 Pricing Master,2026-09-07T07:48:47.421676
1908,294,1,20220501,1995.00,500.00,1495.00,299.00,May 2022 Pricing Master,2026-09-07T07:48:47.421676
1909,293,1,20220501,1995.00,500.00,1495.00,299.00,May 2022 Pricing Master,2026-09-07T07:48:47.421676
1910,296,1,20220501,1995.00,500.00,1495.00,299.00,May 2022 Pricing Master,2026-09-07T07:48:47.421676
1911,291,1,20220501,1995.00,500.00,1495.00,299.00,May 2022 Pricing Master,2026-09-07T07:48:47.421676
1912,292,1,20220501,1995.00,500.00,1495.00,299.00,May 2022 Pricing Master,2026-09-07T07:48:47.421676
1913,258,1,20220501,1895.00,471.00,1424.00,302.34,May 2022 Pricing Master,2026-09-07T07:48:47.421676
1914,257,1,20220501,1895.00,471.00,1424.00,302.34,May 2022 Pricing Master,2026-09-07T07:48:47.421676
1915,256,1,20220501,1895.00,471.00,1424.00,302.34,May 2022 Pricing Master,2026-09-07T07:48:47.421676
1916,259,1,20220501,1895.00,471.00,1424.00,302.34,May 2022 Pricing Master,2026-09-07T07:48:47.421676
1917,254,1,20220501,1895.00,471.00,1424.00,302.34,May 2022 Pricing Master,2026-09-07T07:48:47.421676
1918,255,1,20220501,1895.00,471.00,1424.00,302.34,May 2022 Pricing Master,2026-09-07T07:48:47.421676
1919,361,1,20220501,1595.00,381.00,1214.00,318.64,May 2022 Pricing Master,2026-09-07T07:48:47.421676
1920,360,1,20220501,1595.00,381.00,1214.00,318.64,May 2022 Pricing Master,2026-09-07T07:48:47.421676
1921,359,1,20220501,1595.00,381.00,1214.00,318.64,May 2022 Pricing Master,2026-09-07T07:48:47.421676
1922,362,1,20220501,1595.00,381.00,1214.00,318.64,May 2022 Pricing Master,2026-09-07T07:48:47.421676
1923,357,1,20220501,1595.00,381.00,1214.00,318.64,May 2022 Pricing Master,2026-09-07T07:48:47.421676
1924,358,1,20220501,1595.00,381.00,1214.00,318.64,May 2022 Pricing Master,2026-09-07T07:48:47.421676
1925,429,1,20220501,1595.00,381.00,1214.00,318.64,May 2022 Pricing Master,2026-09-07T07:48:47.421676
1926,428,1,20220501,1595.00,381.00,1214.00,318.64,May 2022 Pricing Master,2026-09-07T07:48:47.421676
1927,427,1,20220501,1595.00,381.00,1214.00,318.64,May 2022 Pricing Master,2026-09-07T07:48:47.421676
1928,430,1,20220501,1595.00,381.00,1214.00,318.64,May 2022 Pricing Master,2026-09-07T07:48:47.421676
1929,425,1,20220501,1595.00,381.00,1214.00,318.64,May 2022 Pricing Master,2026-09-07T07:48:47.421676
1930,426,1,20220501,1595.00,381.00,1214.00,318.64,May 2022 Pricing Master,2026-09-07T07:48:47.421676
1931,42,1,20220501,1595.00,381.00,1214.00,318.64,May 2022 Pricing Master,2026-09-07T07:48:47.421676
1932,41,1,20220501,1595.00,381.00,1214.00,318.64,May 2022 Pricing Master,2026-09-07T07:48:47.421676
1933,40,1,20220501,1595.00,381.00,1214.00,318.64,May 2022 Pricing Master,2026-09-07T07:48:47.421676
1934,43,1,20220501,1595.00,381.00,1214.00,318.64,May 2022 Pricing Master,2026-09-07T07:48:47.421676
1935,38,1,20220501,1595.00,381.00,1214.00,318.64,May 2022 Pricing Master,2026-09-07T07:48:47.421676
1936,39,1,20220501,1595.00,381.00,1214.00,318.64,May 2022 Pricing Master,2026-09-07T07:48:47.421676
1937,56,1,20220501,1595.00,381.00,1214.00,318.64,May 2022 Pricing Master,2026-09-07T07:48:47.421676
1938,55,1,20220501,1595.00,381.00,1214.00,318.64,May 2022 Pricing Master,2026-09-07T07:48:47.421676
1939,54,1,20220501,1595.00,381.00,1214.00,318.64,May 2022 Pricing Master,2026-09-07T07:48:47.421676
1940,57,1,20220501,1595.00,381.00,1214.00,318.64,May 2022 Pricing Master,2026-09-07T07:48:47.421676
1941,52,1,20220501,1595.00,381.00,1214.00,318.64,May 2022 Pricing Master,2026-09-07T07:48:47.421676
1942,53,1,20220501,1595.00,381.00,1214.00,318.64,May 2022 Pricing Master,2026-09-07T07:48:47.421676
1943,92,1,20220501,2395.00,581.00,1814.00,312.22,May 2022 Pricing Master,2026-09-07T07:48:47.421676
1944,91,1,20220501,2395.00,581.00,1814.00,312.22,May 2022 Pricing Master,2026-09-07T07:48:47.421676
1945,90,1,20220501,2395.00,581.00,1814.00,312.22,May 2022 Pricing Master,2026-09-07T07:48:47.421676
1946,93,1,20220501,2395.00,581.00,1814.00,312.22,May 2022 Pricing Master,2026-09-07T07:48:47.421676
1947,88,1,20220501,2395.00,581.00,1814.00,312.22,May 2022 Pricing Master,2026-09-07T07:48:47.421676
1948,89,1,20220501,2395.00,581.00,1814.00,312.22,May 2022 Pricing Master,2026-09-07T07:48:47.421676
1949,68,1,20220501,1595.00,381.00,1214.00,318.64,May 2022 Pricing Master,2026-09-07T07:48:47.421676
1950,67,1,20220501,1595.00,381.00,1214.00,318.64,May 2022 Pricing Master,2026-09-07T07:48:47.421676
1951,66,1,20220501,1595.00,381.00,1214.00,318.64,May 2022 Pricing Master,2026-09-07T07:48:47.421676
1952,69,1,20220501,1595.00,381.00,1214.00,318.64,May 2022 Pricing Master,2026-09-07T07:48:47.421676
1953,64,1,20220501,1595.00,381.00,1214.00,318.64,May 2022 Pricing Master,2026-09-07T07:48:47.421676
1954,65,1,20220501,1595.00,381.00,1214.00,318.64,May 2022 Pricing Master,2026-09-07T07:48:47.421676
1955,194,1,20220501,1895.00,471.00,1424.00,302.34,May 2022 Pricing Master,2026-09-07T07:48:47.421676
1956,193,1,20220501,1895.00,471.00,1424.00,302.34,May 2022 Pricing Master,2026-09-07T07:48:47.421676
1957,192,1,20220501,1895.00,471.00,1424.00,302.34,May 2022 Pricing Master,2026-09-07T07:48:47.421676
1958,195,1,20220501,1895.00,471.00,1424.00,302.34,May 2022 Pricing Master,2026-09-07T07:48:47.421676
1959,190,1,20220501,1895.00,471.00,1424.00,302.34,May 2022 Pricing Master,2026-09-07T07:48:47.421676
1960,191,1,20220501,1895.00,471.00,1424.00,302.34,May 2022 Pricing Master,2026-09-07T07:48:47.421676
1961,619,1,20220501,1895.00,457.00,1438.00,314.66,May 2022 Pricing Master,2026-09-07T07:48:47.421676
1962,618,1,20220501,1895.00,457.00,1438.00,314.66,May 2022 Pricing Master,2026-09-07T07:48:47.421676
1963,617,1,20220501,1895.00,457.00,1438.00,314.66,May 2022 Pricing Master,2026-09-07T07:48:47.421676
1964,620,1,20220501,1895.00,457.00,1438.00,314.66,May 2022 Pricing Master,2026-09-07T07:48:47.421676
1965,615,1,20220501,1895.00,457.00,1438.00,314.66,May 2022 Pricing Master,2026-09-07T07:48:47.421676
1966,616,1,20220501,1895.00,457.00,1438.00,314.66,May 2022 Pricing Master,2026-09-07T07:48:47.421676
1967,703,1,20220501,1695.00,424.00,1271.00,299.76,May 2022 Pricing Master,2026-09-07T07:48:47.421676
1968,702,1,20220501,1695.00,424.00,1271.00,299.76,May 2022 Pricing Master,2026-09-07T07:48:47.421676
1969,701,1,20220501,1695.00,424.00,1271.00,299.76,May 2022 Pricing Master,2026-09-07T07:48:47.421676
1970,704,1,20220501,1695.00,424.00,1271.00,299.76,May 2022 Pricing Master,2026-09-07T07:48:47.421676
1971,699,1,20220501,1695.00,424.00,1271.00,299.76,May 2022 Pricing Master,2026-09-07T07:48:47.421676
1972,700,1,20220501,1695.00,424.00,1271.00,299.76,May 2022 Pricing Master,2026-09-07T07:48:47.421676
1973,866,1,20220501,1695.00,424.00,1271.00,299.76,May 2022 Pricing Master,2026-09-07T07:48:47.421676
1974,865,1,20220501,1695.00,424.00,1271.00,299.76,May 2022 Pricing Master,2026-09-07T07:48:47.421676
1975,864,1,20220501,1695.00,424.00,1271.00,299.76,May 2022 Pricing Master,2026-09-07T07:48:47.421676
1976,867,1,20220501,1695.00,424.00,1271.00,299.76,May 2022 Pricing Master,2026-09-07T07:48:47.421676
1977,862,1,20220501,1695.00,424.00,1271.00,299.76,May 2022 Pricing Master,2026-09-07T07:48:47.421676
1978,863,1,20220501,1695.00,424.00,1271.00,299.76,May 2022 Pricing Master,2026-09-07T07:48:47.421676
1979,49,1,20220501,1995.00,500.00,1495.00,299.00,May 2022 Pricing Master,2026-09-07T07:48:47.421676
1980,51,1,20220501,1995.00,500.00,1495.00,299.00,May 2022 Pricing Master,2026-09-07T07:48:47.421676
1981,48,1,20220501,1995.00,500.00,1495.00,299.00,May 2022 Pricing Master,2026-09-07T07:48:47.421676
1982,47,1,20220501,1995.00,500.00,1495.00,299.00,May 2022 Pricing Master,2026-09-07T07:48:47.421676
1983,50,1,20220501,1995.00,500.00,1495.00,299.00,May 2022 Pricing Master,2026-09-07T07:48:47.421676
1984,45,1,20220501,1995.00,500.00,1495.00,299.00,May 2022 Pricing Master,2026-09-07T07:48:47.421676
1985,46,1,20220501,1995.00,500.00,1495.00,299.00,May 2022 Pricing Master,2026-09-07T07:48:47.421676
1986,871,1,20220501,1895.00,457.00,1438.00,314.66,May 2022 Pricing Master,2026-09-07T07:48:47.421676
1987,872,1,20220501,1895.00,457.00,1438.00,314.66,May 2022 Pricing Master,2026-09-07T07:48:47.421676
1988,870,1,20220501,1895.00,457.00,1438.00,314.66,May 2022 Pricing Master,2026-09-07T07:48:47.421676
1989,873,1,20220501,1895.00,457.00,1438.00,314.66,May 2022 Pricing Master,2026-09-07T07:48:47.421676
1990,868,1,20220501,1895.00,457.00,1438.00,314.66,May 2022 Pricing Master,2026-09-07T07:48:47.421676
1991,869,1,20220501,1895.00,457.00,1438.00,314.66,May 2022 Pricing Master,2026-09-07T07:48:47.421676
1992,878,1,20220501,1695.00,424.00,1271.00,299.76,May 2022 Pricing Master,2026-09-07T07:48:47.421676
1993,877,1,20220501,1695.00,424.00,1271.00,299.76,May 2022 Pricing Master,2026-09-07T07:48:47.421676
1994,876,1,20220501,1695.00,424.00,1271.00,299.76,May 2022 Pricing Master,2026-09-07T07:48:47.421676
1995,879,1,20220501,1695.00,424.00,1271.00,299.76,May 2022 Pricing Master,2026-09-07T07:48:47.421676
1996,874,1,20220501,1695.00,424.00,1271.00,299.76,May 2022 Pricing Master,2026-09-07T07:48:47.421676
1997,875,1,20220501,1695.00,424.00,1271.00,299.76,May 2022 Pricing Master,2026-09-07T07:48:47.421676
1998,489,1,20220501,1695.00,425.00,1270.00,298.82,May 2022 Pricing Master,2026-09-07T07:48:47.421676
1999,488,1,20220501,1695.00,425.00,1270.00,298.82,May 2022 Pricing Master,2026-09-07T07:48:47.421676
2000,487,1,20220501,1695.00,425.00,1270.00,298.82,May 2022 Pricing Master,2026-09-07T07:48:47.421676
2001,490,1,20220501,1695.00,425.00,1270.00,298.82,May 2022 Pricing Master,2026-09-07T07:48:47.421676
2002,485,1,20220501,1695.00,425.00,1270.00,298.82,May 2022 Pricing Master,2026-09-07T07:48:47.421676
2003,486,1,20220501,1695.00,425.00,1270.00,298.82,May 2022 Pricing Master,2026-09-07T07:48:47.421676
2004,471,1,20220501,1695.00,425.00,1270.00,298.82,May 2022 Pricing Master,2026-09-07T07:48:47.421676
2005,470,1,20220501,1695.00,425.00,1270.00,298.82,May 2022 Pricing Master,2026-09-07T07:48:47.421676
2006,469,1,20220501,1695.00,425.00,1270.00,298.82,May 2022 Pricing Master,2026-09-07T07:48:47.421676
2007,472,1,20220501,1695.00,425.00,1270.00,298.82,May 2022 Pricing Master,2026-09-07T07:48:47.421676
2008,467,1,20220501,1695.00,425.00,1270.00,298.82,May 2022 Pricing Master,2026-09-07T07:48:47.421676
2009,468,1,20220501,1695.00,425.00,1270.00,298.82,May 2022 Pricing Master,2026-09-07T07:48:47.421676
2010,902,1,20220501,1695.00,425.00,1270.00,298.82,May 2022 Pricing Master,2026-09-07T07:48:47.421676
2011,901,1,20220501,1695.00,425.00,1270.00,298.82,May 2022 Pricing Master,2026-09-07T07:48:47.421676
2012,900,1,20220501,1695.00,425.00,1270.00,298.82,May 2022 Pricing Master,2026-09-07T07:48:47.421676
2013,903,1,20220501,1695.00,425.00,1270.00,298.82,May 2022 Pricing Master,2026-09-07T07:48:47.421676
2014,898,1,20220501,1695.00,425.00,1270.00,298.82,May 2022 Pricing Master,2026-09-07T07:48:47.421676
2015,899,1,20220501,1695.00,425.00,1270.00,298.82,May 2022 Pricing Master,2026-09-07T07:48:47.421676
2016,495,1,20220501,1895.00,395.00,1500.00,379.75,May 2022 Pricing Master,2026-09-07T07:48:47.421676
2017,494,1,20220501,1895.00,395.00,1500.00,379.75,May 2022 Pricing Master,2026-09-07T07:48:47.421676
2018,493,1,20220501,1895.00,395.00,1500.00,379.75,May 2022 Pricing Master,2026-09-07T07:48:47.421676
2019,496,1,20220501,1895.00,395.00,1500.00,379.75,May 2022 Pricing Master,2026-09-07T07:48:47.421676
2020,491,1,20220501,1895.00,395.00,1500.00,379.75,May 2022 Pricing Master,2026-09-07T07:48:47.421676
2021,492,1,20220501,1895.00,395.00,1500.00,379.75,May 2022 Pricing Master,2026-09-07T07:48:47.421676
2022,525,1,20220501,1895.00,395.00,1500.00,379.75,May 2022 Pricing Master,2026-09-07T07:48:47.421676
2023,524,1,20220501,1895.00,395.00,1500.00,379.75,May 2022 Pricing Master,2026-09-07T07:48:47.421676
2024,523,1,20220501,1895.00,395.00,1500.00,379.75,May 2022 Pricing Master,2026-09-07T07:48:47.421676
2025,526,1,20220501,1895.00,395.00,1500.00,379.75,May 2022 Pricing Master,2026-09-07T07:48:47.421676
2026,521,1,20220501,1895.00,395.00,1500.00,379.75,May 2022 Pricing Master,2026-09-07T07:48:47.421676
2027,522,1,20220501,1895.00,395.00,1500.00,379.75,May 2022 Pricing Master,2026-09-07T07:48:47.421676
2028,477,1,20220501,1895.00,395.00,1500.00,379.75,May 2022 Pricing Master,2026-09-07T07:48:47.421676
2029,476,1,20220501,1895.00,395.00,1500.00,379.75,May 2022 Pricing Master,2026-09-07T07:48:47.421676
2030,475,1,20220501,1895.00,395.00,1500.00,379.75,May 2022 Pricing Master,2026-09-07T07:48:47.421676
2031,478,1,20220501,1895.00,395.00,1500.00,379.75,May 2022 Pricing Master,2026-09-07T07:48:47.421676
2032,473,1,20220501,1895.00,395.00,1500.00,379.75,May 2022 Pricing Master,2026-09-07T07:48:47.421676
2033,474,1,20220501,1895.00,395.00,1500.00,379.75,May 2022 Pricing Master,2026-09-07T07:48:47.421676
2034,465,1,20220501,1695.00,395.00,1300.00,329.11,May 2022 Pricing Master,2026-09-07T07:48:47.421676
2035,464,1,20220501,1695.00,395.00,1300.00,329.11,May 2022 Pricing Master,2026-09-07T07:48:47.421676
2036,463,1,20220501,1695.00,395.00,1300.00,329.11,May 2022 Pricing Master,2026-09-07T07:48:47.421676
2037,466,1,20220501,1695.00,395.00,1300.00,329.11,May 2022 Pricing Master,2026-09-07T07:48:47.421676
2038,461,1,20220501,1695.00,395.00,1300.00,329.11,May 2022 Pricing Master,2026-09-07T07:48:47.421676
2039,462,1,20220501,1695.00,395.00,1300.00,329.11,May 2022 Pricing Master,2026-09-07T07:48:47.421676
2040,501,1,20220501,1895.00,395.00,1500.00,379.75,May 2022 Pricing Master,2026-09-07T07:48:47.421676
2041,500,1,20220501,1895.00,395.00,1500.00,379.75,May 2022 Pricing Master,2026-09-07T07:48:47.421676
2042,499,1,20220501,1895.00,395.00,1500.00,379.75,May 2022 Pricing Master,2026-09-07T07:48:47.421676
2043,502,1,20220501,1895.00,395.00,1500.00,379.75,May 2022 Pricing Master,2026-09-07T07:48:47.421676
2044,497,1,20220501,1895.00,395.00,1500.00,379.75,May 2022 Pricing Master,2026-09-07T07:48:47.421676
2045,498,1,20220501,1895.00,395.00,1500.00,379.75,May 2022 Pricing Master,2026-09-07T07:48:47.421676
2046,564,1,20220501,1695.00,395.00,1300.00,329.11,May 2022 Pricing Master,2026-09-07T07:48:47.421676
2047,563,1,20220501,1695.00,395.00,1300.00,329.11,May 2022 Pricing Master,2026-09-07T07:48:47.421676
2048,562,1,20220501,1695.00,395.00,1300.00,329.11,May 2022 Pricing Master,2026-09-07T07:48:47.421676
2049,565,1,20220501,1695.00,395.00,1300.00,329.11,May 2022 Pricing Master,2026-09-07T07:48:47.421676
2050,560,1,20220501,1695.00,395.00,1300.00,329.11,May 2022 Pricing Master,2026-09-07T07:48:47.421676
2051,561,1,20220501,1695.00,395.00,1300.00,329.11,May 2022 Pricing Master,2026-09-07T07:48:47.421676
2052,589,1,20220501,2495.00,395.00,2100.00,531.65,May 2022 Pricing Master,2026-09-07T07:48:47.421676
2053,588,1,20220501,2495.00,395.00,2100.00,531.65,May 2022 Pricing Master,2026-09-07T07:48:47.421676
2054,587,1,20220501,2495.00,395.00,2100.00,531.65,May 2022 Pricing Master,2026-09-07T07:48:47.421676
2055,590,1,20220501,2495.00,395.00,2100.00,531.65,May 2022 Pricing Master,2026-09-07T07:48:47.421676
2056,585,1,20220501,2495.00,395.00,2100.00,531.65,May 2022 Pricing Master,2026-09-07T07:48:47.421676
2057,586,1,20220501,2495.00,395.00,2100.00,531.65,May 2022 Pricing Master,2026-09-07T07:48:47.421676
2058,519,1,20220501,1795.00,425.00,1370.00,322.35,May 2022 Pricing Master,2026-09-07T07:48:47.421676
2059,518,1,20220501,1795.00,425.00,1370.00,322.35,May 2022 Pricing Master,2026-09-07T07:48:47.421676
2060,517,1,20220501,1795.00,425.00,1370.00,322.35,May 2022 Pricing Master,2026-09-07T07:48:47.421676
2061,520,1,20220501,1795.00,425.00,1370.00,322.35,May 2022 Pricing Master,2026-09-07T07:48:47.421676
2062,515,1,20220501,1795.00,425.00,1370.00,322.35,May 2022 Pricing Master,2026-09-07T07:48:47.421676
2063,516,1,20220501,1795.00,425.00,1370.00,322.35,May 2022 Pricing Master,2026-09-07T07:48:47.421676
2064,584,1,20220501,1695.00,395.00,1300.00,329.11,May 2022 Pricing Master,2026-09-07T07:48:47.421676
2065,582,1,20220501,1695.00,395.00,1300.00,329.11,May 2022 Pricing Master,2026-09-07T07:48:47.421676
2066,581,1,20220501,1695.00,395.00,1300.00,329.11,May 2022 Pricing Master,2026-09-07T07:48:47.421676
2067,580,1,20220501,1695.00,395.00,1300.00,329.11,May 2022 Pricing Master,2026-09-07T07:48:47.421676
2068,583,1,20220501,1695.00,395.00,1300.00,329.11,May 2022 Pricing Master,2026-09-07T07:48:47.421676
2069,578,1,20220501,1695.00,395.00,1300.00,329.11,May 2022 Pricing Master,2026-09-07T07:48:47.421676
2070,579,1,20220501,1695.00,395.00,1300.00,329.11,May 2022 Pricing Master,2026-09-07T07:48:47.421676
2071,545,1,20220501,1695.00,395.00,1300.00,329.11,May 2022 Pricing Master,2026-09-07T07:48:47.421676
2072,544,1,20220501,1695.00,395.00,1300.00,329.11,May 2022 Pricing Master,2026-09-07T07:48:47.421676
2073,543,1,20220501,1695.00,395.00,1300.00,329.11,May 2022 Pricing Master,2026-09-07T07:48:47.421676
2074,546,1,20220501,1695.00,395.00,1300.00,329.11,May 2022 Pricing Master,2026-09-07T07:48:47.421676
2075,541,1,20220501,1695.00,395.00,1300.00,329.11,May 2022 Pricing Master,2026-09-07T07:48:47.421676
2076,542,1,20220501,1695.00,395.00,1300.00,329.11,May 2022 Pricing Master,2026-09-07T07:48:47.421676
2077,402,1,20220501,2795.00,695.00,2100.00,302.16,May 2022 Pricing Master,2026-09-07T07:48:47.421676
2078,401,1,20220501,2795.00,695.00,2100.00,302.16,May 2022 Pricing Master,2026-09-07T07:48:47.421676
2079,400,1,20220501,2795.00,695.00,2100.00,302.16,May 2022 Pricing Master,2026-09-07T07:48:47.421676
2080,403,1,20220501,2795.00,695.00,2100.00,302.16,May 2022 Pricing Master,2026-09-07T07:48:47.421676
2081,399,1,20220501,2795.00,695.00,2100.00,302.16,May 2022 Pricing Master,2026-09-07T07:48:47.421676
2082,413,1,20220501,2795.00,695.00,2100.00,302.16,May 2022 Pricing Master,2026-09-07T07:48:47.421676
2083,412,1,20220501,2795.00,695.00,2100.00,302.16,May 2022 Pricing Master,2026-09-07T07:48:47.421676
2084,411,1,20220501,2795.00,695.00,2100.00,302.16,May 2022 Pricing Master,2026-09-07T07:48:47.421676
2085,414,1,20220501,2795.00,695.00,2100.00,302.16,May 2022 Pricing Master,2026-09-07T07:48:47.421676
2086,410,1,20220501,2795.00,695.00,2100.00,302.16,May 2022 Pricing Master,2026-09-07T07:48:47.421676
2087,418,1,20220501,2795.00,695.00,2100.00,302.16,May 2022 Pricing Master,2026-09-07T07:48:47.421676
2088,417,1,20220501,2795.00,695.00,2100.00,302.16,May 2022 Pricing Master,2026-09-07T07:48:47.421676
2089,416,1,20220501,2795.00,695.00,2100.00,302.16,May 2022 Pricing Master,2026-09-07T07:48:47.421676
2090,419,1,20220501,2795.00,695.00,2100.00,302.16,May 2022 Pricing Master,2026-09-07T07:48:47.421676
2091,415,1,20220501,2795.00,695.00,2100.00,302.16,May 2022 Pricing Master,2026-09-07T07:48:47.421676
2092,423,1,20220501,2795.00,695.00,2100.00,302.16,May 2022 Pricing Master,2026-09-07T07:48:47.421676
2093,422,1,20220501,2795.00,695.00,2100.00,302.16,May 2022 Pricing Master,2026-09-07T07:48:47.421676
2094,421,1,20220501,2795.00,695.00,2100.00,302.16,May 2022 Pricing Master,2026-09-07T07:48:47.421676
2095,424,1,20220501,2795.00,695.00,2100.00,302.16,May 2022 Pricing Master,2026-09-07T07:48:47.421676
2096,420,1,20220501,2795.00,695.00,2100.00,302.16,May 2022 Pricing Master,2026-09-07T07:48:47.421676
2097,986,1,20220501,1695.00,395.00,1300.00,329.11,May 2022 Pricing Master,2026-09-07T07:48:47.421676
2098,985,1,20220501,1695.00,395.00,1300.00,329.11,May 2022 Pricing Master,2026-09-07T07:48:47.421676
2099,984,1,20220501,1695.00,395.00,1300.00,329.11,May 2022 Pricing Master,2026-09-07T07:48:47.421676
2100,987,1,20220501,1695.00,395.00,1300.00,329.11,May 2022 Pricing Master,2026-09-07T07:48:47.421676
2101,982,1,20220501,1695.00,395.00,1300.00,329.11,May 2022 Pricing Master,2026-09-07T07:48:47.421676
2102,983,1,20220501,1695.00,395.00,1300.00,329.11,May 2022 Pricing Master,2026-09-07T07:48:47.421676
2103,992,1,20220501,1695.00,395.00,1300.00,329.11,May 2022 Pricing Master,2026-09-07T07:48:47.421676
2104,991,1,20220501,1695.00,395.00,1300.00,329.11,May 2022 Pricing Master,2026-09-07T07:48:47.421676
2105,990,1,20220501,1695.00,395.00,1300.00,329.11,May 2022 Pricing Master,2026-09-07T07:48:47.421676
2106,993,1,20220501,1695.00,395.00,1300.00,329.11,May 2022 Pricing Master,2026-09-07T07:48:47.421676
2107,988,1,20220501,1695.00,395.00,1300.00,329.11,May 2022 Pricing Master,2026-09-07T07:48:47.421676
2108,989,1,20220501,1695.00,395.00,1300.00,329.11,May 2022 Pricing Master,2026-09-07T07:48:47.421676
2109,998,1,20220501,1695.00,395.00,1300.00,329.11,May 2022 Pricing Master,2026-09-07T07:48:47.421676
2110,997,1,20220501,1695.00,395.00,1300.00,329.11,May 2022 Pricing Master,2026-09-07T07:48:47.421676
2111,996,1,20220501,1695.00,395.00,1300.00,329.11,May 2022 Pricing Master,2026-09-07T07:48:47.421676
2112,999,1,20220501,1695.00,395.00,1300.00,329.11,May 2022 Pricing Master,2026-09-07T07:48:47.421676
2113,994,1,20220501,1695.00,395.00,1300.00,329.11,May 2022 Pricing Master,2026-09-07T07:48:47.421676
2114,995,1,20220501,1695.00,395.00,1300.00,329.11,May 2022 Pricing Master,2026-09-07T07:48:47.421676
2115,1004,1,20220501,1695.00,395.00,1300.00,329.11,May 2022 Pricing Master,2026-09-07T07:48:47.421676
2116,1003,1,20220501,1695.00,395.00,1300.00,329.11,May 2022 Pricing Master,2026-09-07T07:48:47.421676
2117,1002,1,20220501,1695.00,395.00,1300.00,329.11,May 2022 Pricing Master,2026-09-07T07:48:47.421676
2118,1005,1,20220501,1695.00,395.00,1300.00,329.11,May 2022 Pricing Master,2026-09-07T07:48:47.421676
2119,1000,1,20220501,1695.00,395.00,1300.00,329.11,May 2022 Pricing Master,2026-09-07T07:48:47.421676
2120,1001,1,20220501,1695.00,395.00,1300.00,329.11,May 2022 Pricing Master,2026-09-07T07:48:47.421676
2121,1010,1,20220501,1695.00,395.00,1300.00,329.11,May 2022 Pricing Master,2026-09-07T07:48:47.421676
2122,1009,1,20220501,1695.00,395.00,1300.00,329.11,May 2022 Pricing Master,2026-09-07T07:48:47.421676
2123,1008,1,20220501,1695.00,395.00,1300.00,329.11,May 2022 Pricing Master,2026-09-07T07:48:47.421676
2124,1011,1,20220501,1695.00,395.00,1300.00,329.11,May 2022 Pricing Master,2026-09-07T07:48:47.421676
2125,1006,1,20220501,1695.00,395.00,1300.00,329.11,May 2022 Pricing Master,2026-09-07T07:48:47.421676
2126,1007,1,20220501,1695.00,395.00,1300.00,329.11,May 2022 Pricing Master,2026-09-07T07:48:47.421676
2127,1016,1,20220501,1695.00,395.00,1300.00,329.11,May 2022 Pricing Master,2026-09-07T07:48:47.421676
2128,1015,1,20220501,1695.00,395.00,1300.00,329.11,May 2022 Pricing Master,2026-09-07T07:48:47.421676
2129,1014,1,20220501,1695.00,395.00,1300.00,329.11,May 2022 Pricing Master,2026-09-07T07:48:47.421676
2130,1017,1,20220501,1695.00,395.00,1300.00,329.11,May 2022 Pricing Master,2026-09-07T07:48:47.421676
2131,1012,1,20220501,1695.00,395.00,1300.00,329.11,May 2022 Pricing Master,2026-09-07T07:48:47.421676
2132,1013,1,20220501,1695.00,395.00,1300.00,329.11,May 2022 Pricing Master,2026-09-07T07:48:47.421676
2133,1022,1,20220501,1695.00,395.00,1300.00,329.11,May 2022 Pricing Master,2026-09-07T07:48:47.421676
2134,1021,1,20220501,1695.00,395.00,1300.00,329.11,May 2022 Pricing Master,2026-09-07T07:48:47.421676
2135,1020,1,20220501,1695.00,395.00,1300.00,329.11,May 2022 Pricing Master,2026-09-07T07:48:47.421676
2136,1023,1,20220501,1695.00,395.00,1300.00,329.11,May 2022 Pricing Master,2026-09-07T07:48:47.421676
2137,1018,1,20220501,1695.00,395.00,1300.00,329.11,May 2022 Pricing Master,2026-09-07T07:48:47.421676
2138,1019,1,20220501,1695.00,395.00,1300.00,329.11,May 2022 Pricing Master,2026-09-07T07:48:47.421676
2139,1028,1,20220501,1695.00,395.00,1300.00,329.11,May 2022 Pricing Master,2026-09-07T07:48:47.421676
2140,1027,1,20220501,1695.00,395.00,1300.00,329.11,May 2022 Pricing Master,2026-09-07T07:48:47.421676
2141,1026,1,20220501,1695.00,395.00,1300.00,329.11,May 2022 Pricing Master,2026-09-07T07:48:47.421676
2142,1029,1,20220501,1695.00,395.00,1300.00,329.11,May 2022 Pricing Master,2026-09-07T07:48:47.421676
2143,1024,1,20220501,1695.00,395.00,1300.00,329.11,May 2022 Pricing Master,2026-09-07T07:48:47.421676
2144,1025,1,20220501,1695.00,395.00,1300.00,329.11,May 2022 Pricing Master,2026-09-07T07:48:47.421676
2145,1040,1,20220501,1795.00,425.00,1370.00,322.35,May 2022 Pricing Master,2026-09-07T07:48:47.421676
2146,1039,1,20220501,1795.00,425.00,1370.00,322.35,May 2022 Pricing Master,2026-09-07T07:48:47.421676
2147,1038,1,20220501,1795.00,425.00,1370.00,322.35,May 2022 Pricing Master,2026-09-07T07:48:47.421676
2148,1041,1,20220501,1795.00,425.00,1370.00,322.35,May 2022 Pricing Master,2026-09-07T07:48:47.421676
2149,1036,1,20220501,1795.00,425.00,1370.00,322.35,May 2022 Pricing Master,2026-09-07T07:48:47.421676
2150,1037,1,20220501,1795.00,425.00,1370.00,322.35,May 2022 Pricing Master,2026-09-07T07:48:47.421676
2151,158,1,20220501,2495.00,1040.00,1455.00,139.90,May 2022 Pricing Master,2026-09-07T07:48:47.421676
2152,157,1,20220501,2495.00,1040.00,1455.00,139.90,May 2022 Pricing Master,2026-09-07T07:48:47.421676
2153,156,1,20220501,2495.00,1040.00,1455.00,139.90,May 2022 Pricing Master,2026-09-07T07:48:47.421676
2154,159,1,20220501,2495.00,1040.00,1455.00,139.90,May 2022 Pricing Master,2026-09-07T07:48:47.421676
2155,154,1,20220501,2495.00,1040.00,1455.00,139.90,May 2022 Pricing Master,2026-09-07T07:48:47.421676
2156,155,1,20220501,2495.00,1040.00,1455.00,139.90,May 2022 Pricing Master,2026-09-07T07:48:47.421676
2157,146,1,20220501,2495.00,1040.00,1455.00,139.90,May 2022 Pricing Master,2026-09-07T07:48:47.421676
2158,145,1,20220501,2495.00,1040.00,1455.00,139.90,May 2022 Pricing Master,2026-09-07T07:48:47.421676
2159,144,1,20220501,2495.00,1040.00,1455.00,139.90,May 2022 Pricing Master,2026-09-07T07:48:47.421676
2160,147,1,20220501,2495.00,1040.00,1455.00,139.90,May 2022 Pricing Master,2026-09-07T07:48:47.421676
2161,142,1,20220501,2495.00,1040.00,1455.00,139.90,May 2022 Pricing Master,2026-09-07T07:48:47.421676
2162,143,1,20220501,2495.00,1040.00,1455.00,139.90,May 2022 Pricing Master,2026-09-07T07:48:47.421676
2163,98,1,20220501,2495.00,950.00,1545.00,162.63,May 2022 Pricing Master,2026-09-07T07:48:47.421676
2164,97,1,20220501,2495.00,950.00,1545.00,162.63,May 2022 Pricing Master,2026-09-07T07:48:47.421676
2165,96,1,20220501,2495.00,950.00,1545.00,162.63,May 2022 Pricing Master,2026-09-07T07:48:47.421676
2166,99,1,20220501,2495.00,950.00,1545.00,162.63,May 2022 Pricing Master,2026-09-07T07:48:47.421676
2167,94,1,20220501,2495.00,950.00,1545.00,162.63,May 2022 Pricing Master,2026-09-07T07:48:47.421676
2168,95,1,20220501,2495.00,950.00,1545.00,162.63,May 2022 Pricing Master,2026-09-07T07:48:47.421676
2169,176,1,20220501,2150.00,940.00,1210.00,128.72,May 2022 Pricing Master,2026-09-07T07:48:47.421676
2170,175,1,20220501,2150.00,940.00,1210.00,128.72,May 2022 Pricing Master,2026-09-07T07:48:47.421676
2171,174,1,20220501,2150.00,940.00,1210.00,128.72,May 2022 Pricing Master,2026-09-07T07:48:47.421676
2172,177,1,20220501,2150.00,940.00,1210.00,128.72,May 2022 Pricing Master,2026-09-07T07:48:47.421676
2173,172,1,20220501,2150.00,940.00,1210.00,128.72,May 2022 Pricing Master,2026-09-07T07:48:47.421676
2174,173,1,20220501,2150.00,940.00,1210.00,128.72,May 2022 Pricing Master,2026-09-07T07:48:47.421676
2175,182,1,20220501,2250.00,925.00,1325.00,143.24,May 2022 Pricing Master,2026-09-07T07:48:47.421676
2176,181,1,20220501,2250.00,925.00,1325.00,143.24,May 2022 Pricing Master,2026-09-07T07:48:47.421676
2177,180,1,20220501,2250.00,925.00,1325.00,143.24,May 2022 Pricing Master,2026-09-07T07:48:47.421676
2178,183,1,20220501,2250.00,925.00,1325.00,143.24,May 2022 Pricing Master,2026-09-07T07:48:47.421676
2179,178,1,20220501,2250.00,925.00,1325.00,143.24,May 2022 Pricing Master,2026-09-07T07:48:47.421676
2180,179,1,20220501,2250.00,925.00,1325.00,143.24,May 2022 Pricing Master,2026-09-07T07:48:47.421676
2181,74,1,20220501,1995.00,900.00,1095.00,121.67,May 2022 Pricing Master,2026-09-07T07:48:47.421676
2182,73,1,20220501,1995.00,900.00,1095.00,121.67,May 2022 Pricing Master,2026-09-07T07:48:47.421676
2183,72,1,20220501,1995.00,900.00,1095.00,121.67,May 2022 Pricing Master,2026-09-07T07:48:47.421676
2184,75,1,20220501,1995.00,900.00,1095.00,121.67,May 2022 Pricing Master,2026-09-07T07:48:47.421676
2185,70,1,20220501,1995.00,900.00,1095.00,121.67,May 2022 Pricing Master,2026-09-07T07:48:47.421676
2186,71,1,20220501,1995.00,900.00,1095.00,121.67,May 2022 Pricing Master,2026-09-07T07:48:47.421676
2187,301,1,20220501,2695.00,1150.00,1545.00,134.35,May 2022 Pricing Master,2026-09-07T07:48:47.421676
2188,300,1,20220501,2695.00,1150.00,1545.00,134.35,May 2022 Pricing Master,2026-09-07T07:48:47.421676
2189,299,1,20220501,2695.00,1150.00,1545.00,134.35,May 2022 Pricing Master,2026-09-07T07:48:47.421676
2190,302,1,20220501,2695.00,1150.00,1545.00,134.35,May 2022 Pricing Master,2026-09-07T07:48:47.421676
2191,297,1,20220501,2695.00,1150.00,1545.00,134.35,May 2022 Pricing Master,2026-09-07T07:48:47.421676
2192,298,1,20220501,2695.00,1150.00,1545.00,134.35,May 2022 Pricing Master,2026-09-07T07:48:47.421676
2193,307,1,20220501,2695.00,1150.00,1545.00,134.35,May 2022 Pricing Master,2026-09-07T07:48:47.421676
2194,306,1,20220501,2695.00,1150.00,1545.00,134.35,May 2022 Pricing Master,2026-09-07T07:48:47.421676
2195,305,1,20220501,2695.00,1150.00,1545.00,134.35,May 2022 Pricing Master,2026-09-07T07:48:47.421676
2196,308,1,20220501,2695.00,1150.00,1545.00,134.35,May 2022 Pricing Master,2026-09-07T07:48:47.421676
2197,303,1,20220501,2695.00,1150.00,1545.00,134.35,May 2022 Pricing Master,2026-09-07T07:48:47.421676
2198,304,1,20220501,2695.00,1150.00,1545.00,134.35,May 2022 Pricing Master,2026-09-07T07:48:47.421676
2199,242,1,20220501,2150.00,910.00,1240.00,136.26,May 2022 Pricing Master,2026-09-07T07:48:47.421676
2200,241,1,20220501,2150.00,910.00,1240.00,136.26,May 2022 Pricing Master,2026-09-07T07:48:47.421676
2201,240,1,20220501,2150.00,910.00,1240.00,136.26,May 2022 Pricing Master,2026-09-07T07:48:47.421676
2202,243,1,20220501,2150.00,910.00,1240.00,136.26,May 2022 Pricing Master,2026-09-07T07:48:47.421676
2203,238,1,20220501,2150.00,910.00,1240.00,136.26,May 2022 Pricing Master,2026-09-07T07:48:47.421676
2204,239,1,20220501,2150.00,910.00,1240.00,136.26,May 2022 Pricing Master,2026-09-07T07:48:47.421676
2205,460,1,20220501,1595.00,361.00,1234.00,341.83,May 2022 Pricing Master,2026-09-07T07:48:47.421676
2206,458,1,20220501,1595.00,361.00,1234.00,341.83,May 2022 Pricing Master,2026-09-07T07:48:47.421676
2207,457,1,20220501,1595.00,361.00,1234.00,341.83,May 2022 Pricing Master,2026-09-07T07:48:47.421676
2208,456,1,20220501,1595.00,361.00,1234.00,341.83,May 2022 Pricing Master,2026-09-07T07:48:47.421676
2209,459,1,20220501,1595.00,361.00,1234.00,341.83,May 2022 Pricing Master,2026-09-07T07:48:47.421676
2210,855,1,20220501,1695.00,375.00,1320.00,352.00,May 2022 Pricing Master,2026-09-07T07:48:47.421676
2211,853,1,20220501,1695.00,375.00,1320.00,352.00,May 2022 Pricing Master,2026-09-07T07:48:47.421676
2212,852,1,20220501,1695.00,375.00,1320.00,352.00,May 2022 Pricing Master,2026-09-07T07:48:47.421676
2213,851,1,20220501,1695.00,375.00,1320.00,352.00,May 2022 Pricing Master,2026-09-07T07:48:47.421676
2214,854,1,20220501,1695.00,375.00,1320.00,352.00,May 2022 Pricing Master,2026-09-07T07:48:47.421676
2215,595,1,20220501,1795.00,435.00,1360.00,312.64,May 2022 Pricing Master,2026-09-07T07:48:47.421676
2216,594,1,20220501,1795.00,435.00,1360.00,312.64,May 2022 Pricing Master,2026-09-07T07:48:47.421676
2217,593,1,20220501,1795.00,435.00,1360.00,312.64,May 2022 Pricing Master,2026-09-07T07:48:47.421676
2218,596,1,20220501,1795.00,435.00,1360.00,312.64,May 2022 Pricing Master,2026-09-07T07:48:47.421676
2219,591,1,20220501,1795.00,435.00,1360.00,312.64,May 2022 Pricing Master,2026-09-07T07:48:47.421676
2220,592,1,20220501,1795.00,435.00,1360.00,312.64,May 2022 Pricing Master,2026-09-07T07:48:47.421676
2221,435,1,20220501,1695.00,395.00,1300.00,329.11,May 2022 Pricing Master,2026-09-07T07:48:47.421676
2222,433,1,20220501,1695.00,395.00,1300.00,329.11,May 2022 Pricing Master,2026-09-07T07:48:47.421676
2223,432,1,20220501,1695.00,395.00,1300.00,329.11,May 2022 Pricing Master,2026-09-07T07:48:47.421676
2224,431,1,20220501,1695.00,395.00,1300.00,329.11,May 2022 Pricing Master,2026-09-07T07:48:47.421676
2225,434,1,20220501,1695.00,395.00,1300.00,329.11,May 2022 Pricing Master,2026-09-07T07:48:47.421676
2226,445,1,20220501,1795.00,425.00,1370.00,322.35,May 2022 Pricing Master,2026-09-07T07:48:47.421676
2227,443,1,20220501,1795.00,425.00,1370.00,322.35,May 2022 Pricing Master,2026-09-07T07:48:47.421676
2228,442,1,20220501,1795.00,425.00,1370.00,322.35,May 2022 Pricing Master,2026-09-07T07:48:47.421676
2229,441,1,20220501,1795.00,425.00,1370.00,322.35,May 2022 Pricing Master,2026-09-07T07:48:47.421676
2230,444,1,20220501,1795.00,425.00,1370.00,322.35,May 2022 Pricing Master,2026-09-07T07:48:47.421676
2231,450,1,20220501,1895.00,450.00,1445.00,321.11,May 2022 Pricing Master,2026-09-07T07:48:47.421676
2232,448,1,20220501,1895.00,450.00,1445.00,321.11,May 2022 Pricing Master,2026-09-07T07:48:47.421676
2233,447,1,20220501,1895.00,450.00,1445.00,321.11,May 2022 Pricing Master,2026-09-07T07:48:47.421676
2234,446,1,20220501,1895.00,450.00,1445.00,321.11,May 2022 Pricing Master,2026-09-07T07:48:47.421676
2235,449,1,20220501,1895.00,450.00,1445.00,321.11,May 2022 Pricing Master,2026-09-07T07:48:47.421676
2236,455,1,20220501,1795.00,415.00,1380.00,332.53,May 2022 Pricing Master,2026-09-07T07:48:47.421676
2237,453,1,20220501,1795.00,415.00,1380.00,332.53,May 2022 Pricing Master,2026-09-07T07:48:47.421676
2238,452,1,20220501,1795.00,415.00,1380.00,332.53,May 2022 Pricing Master,2026-09-07T07:48:47.421676
2239,451,1,20220501,1795.00,415.00,1380.00,332.53,May 2022 Pricing Master,2026-09-07T07:48:47.421676
2240,454,1,20220501,1795.00,415.00,1380.00,332.53,May 2022 Pricing Master,2026-09-07T07:48:47.421676
2241,264,1,20220501,1895.00,825.00,1070.00,129.70,May 2022 Pricing Master,2026-09-07T07:48:47.421676
2242,263,1,20220501,1895.00,825.00,1070.00,129.70,May 2022 Pricing Master,2026-09-07T07:48:47.421676
2243,262,1,20220501,1895.00,825.00,1070.00,129.70,May 2022 Pricing Master,2026-09-07T07:48:47.421676
2244,265,1,20220501,1895.00,825.00,1070.00,129.70,May 2022 Pricing Master,2026-09-07T07:48:47.421676
2245,260,1,20220501,1895.00,825.00,1070.00,129.70,May 2022 Pricing Master,2026-09-07T07:48:47.421676
2246,261,1,20220501,1895.00,825.00,1070.00,129.70,May 2022 Pricing Master,2026-09-07T07:48:47.421676
2247,134,1,20220501,2495.00,950.00,1545.00,162.63,May 2022 Pricing Master,2026-09-07T07:48:47.421676
2248,133,1,20220501,2495.00,950.00,1545.00,162.63,May 2022 Pricing Master,2026-09-07T07:48:47.421676
2249,132,1,20220501,2495.00,950.00,1545.00,162.63,May 2022 Pricing Master,2026-09-07T07:48:47.421676
2250,135,1,20220501,2495.00,950.00,1545.00,162.63,May 2022 Pricing Master,2026-09-07T07:48:47.421676
2251,130,1,20220501,2495.00,950.00,1545.00,162.63,May 2022 Pricing Master,2026-09-07T07:48:47.421676
2252,131,1,20220501,2495.00,950.00,1545.00,162.63,May 2022 Pricing Master,2026-09-07T07:48:47.421676
2253,164,1,20220501,2195.00,895.00,1300.00,145.25,May 2022 Pricing Master,2026-09-07T07:48:47.421676
2254,163,1,20220501,2195.00,895.00,1300.00,145.25,May 2022 Pricing Master,2026-09-07T07:48:47.421676
2255,162,1,20220501,2195.00,895.00,1300.00,145.25,May 2022 Pricing Master,2026-09-07T07:48:47.421676
2256,165,1,20220501,2195.00,895.00,1300.00,145.25,May 2022 Pricing Master,2026-09-07T07:48:47.421676
2257,160,1,20220501,2195.00,895.00,1300.00,145.25,May 2022 Pricing Master,2026-09-07T07:48:47.421676
2258,161,1,20220501,2195.00,895.00,1300.00,145.25,May 2022 Pricing Master,2026-09-07T07:48:47.421676
2259,188,1,20220501,2050.00,875.00,1175.00,134.29,May 2022 Pricing Master,2026-09-07T07:48:47.421676
2260,187,1,20220501,2050.00,875.00,1175.00,134.29,May 2022 Pricing Master,2026-09-07T07:48:47.421676
2261,186,1,20220501,2050.00,875.00,1175.00,134.29,May 2022 Pricing Master,2026-09-07T07:48:47.421676
2262,189,1,20220501,2050.00,875.00,1175.00,134.29,May 2022 Pricing Master,2026-09-07T07:48:47.421676
2263,184,1,20220501,2050.00,875.00,1175.00,134.29,May 2022 Pricing Master,2026-09-07T07:48:47.421676
2264,185,1,20220501,2050.00,875.00,1175.00,134.29,May 2022 Pricing Master,2026-09-07T07:48:47.421676
2265,170,1,20220501,2395.00,1050.00,1345.00,128.10,May 2022 Pricing Master,2026-09-07T07:48:47.421676
2266,169,1,20220501,2395.00,1050.00,1345.00,128.10,May 2022 Pricing Master,2026-09-07T07:48:47.421676
2267,168,1,20220501,2395.00,1050.00,1345.00,128.10,May 2022 Pricing Master,2026-09-07T07:48:47.421676
2268,171,1,20220501,2395.00,1050.00,1345.00,128.10,May 2022 Pricing Master,2026-09-07T07:48:47.421676
2269,166,1,20220501,2395.00,1050.00,1345.00,128.10,May 2022 Pricing Master,2026-09-07T07:48:47.421676
2270,167,1,20220501,2395.00,1050.00,1345.00,128.10,May 2022 Pricing Master,2026-09-07T07:48:47.421676
2271,282,1,20220501,1895.00,510.00,1385.00,271.57,May 2022 Pricing Master,2026-09-07T07:48:47.421676
2272,281,1,20220501,1895.00,510.00,1385.00,271.57,May 2022 Pricing Master,2026-09-07T07:48:47.421676
2273,280,1,20220501,1895.00,510.00,1385.00,271.57,May 2022 Pricing Master,2026-09-07T07:48:47.421676
2274,283,1,20220501,1895.00,510.00,1385.00,271.57,May 2022 Pricing Master,2026-09-07T07:48:47.421676
2275,278,1,20220501,1895.00,510.00,1385.00,271.57,May 2022 Pricing Master,2026-09-07T07:48:47.421676
2276,279,1,20220501,1895.00,510.00,1385.00,271.57,May 2022 Pricing Master,2026-09-07T07:48:47.421676
2277,218,1,20220501,1895.00,825.00,1070.00,129.70,May 2022 Pricing Master,2026-09-07T07:48:47.421676
2278,217,1,20220501,1895.00,825.00,1070.00,129.70,May 2022 Pricing Master,2026-09-07T07:48:47.421676
2279,216,1,20220501,1895.00,825.00,1070.00,129.70,May 2022 Pricing Master,2026-09-07T07:48:47.421676
2280,219,1,20220501,1895.00,825.00,1070.00,129.70,May 2022 Pricing Master,2026-09-07T07:48:47.421676
2281,214,1,20220501,1895.00,825.00,1070.00,129.70,May 2022 Pricing Master,2026-09-07T07:48:47.421676
2282,215,1,20220501,1895.00,825.00,1070.00,129.70,May 2022 Pricing Master,2026-09-07T07:48:47.421676
2283,212,1,20220501,1995.00,845.00,1150.00,136.09,May 2022 Pricing Master,2026-09-07T07:48:47.421676
2284,211,1,20220501,1995.00,845.00,1150.00,136.09,May 2022 Pricing Master,2026-09-07T07:48:47.421676
2285,210,1,20220501,1995.00,845.00,1150.00,136.09,May 2022 Pricing Master,2026-09-07T07:48:47.421676
2286,213,1,20220501,1995.00,845.00,1150.00,136.09,May 2022 Pricing Master,2026-09-07T07:48:47.421676
2287,208,1,20220501,1995.00,845.00,1150.00,136.09,May 2022 Pricing Master,2026-09-07T07:48:47.421676
2288,209,1,20220501,1995.00,845.00,1150.00,136.09,May 2022 Pricing Master,2026-09-07T07:48:47.421676
2289,116,1,20220501,1895.00,695.00,1200.00,172.66,May 2022 Pricing Master,2026-09-07T07:48:47.421676
2290,115,1,20220501,1895.00,695.00,1200.00,172.66,May 2022 Pricing Master,2026-09-07T07:48:47.421676
2291,114,1,20220501,1895.00,695.00,1200.00,172.66,May 2022 Pricing Master,2026-09-07T07:48:47.421676
2292,117,1,20220501,1895.00,695.00,1200.00,172.66,May 2022 Pricing Master,2026-09-07T07:48:47.421676
2293,112,1,20220501,1895.00,695.00,1200.00,172.66,May 2022 Pricing Master,2026-09-07T07:48:47.421676
2294,113,1,20220501,1895.00,695.00,1200.00,172.66,May 2022 Pricing Master,2026-09-07T07:48:47.421676
2295,206,1,20220501,2595.00,1140.00,1455.00,127.63,May 2022 Pricing Master,2026-09-07T07:48:47.421676
2296,205,1,20220501,2595.00,1140.00,1455.00,127.63,May 2022 Pricing Master,2026-09-07T07:48:47.421676
2297,204,1,20220501,2595.00,1140.00,1455.00,127.63,May 2022 Pricing Master,2026-09-07T07:48:47.421676
2298,207,1,20220501,2595.00,1140.00,1455.00,127.63,May 2022 Pricing Master,2026-09-07T07:48:47.421676
2299,202,1,20220501,2595.00,1140.00,1455.00,127.63,May 2022 Pricing Master,2026-09-07T07:48:47.421676
2300,203,1,20220501,2595.00,1140.00,1455.00,127.63,May 2022 Pricing Master,2026-09-07T07:48:47.421676
2301,200,1,20220501,2295.00,980.00,1315.00,134.18,May 2022 Pricing Master,2026-09-07T07:48:47.421676
2302,199,1,20220501,2295.00,980.00,1315.00,134.18,May 2022 Pricing Master,2026-09-07T07:48:47.421676
2303,198,1,20220501,2295.00,980.00,1315.00,134.18,May 2022 Pricing Master,2026-09-07T07:48:47.421676
2304,201,1,20220501,2295.00,980.00,1315.00,134.18,May 2022 Pricing Master,2026-09-07T07:48:47.421676
2305,196,1,20220501,2295.00,980.00,1315.00,134.18,May 2022 Pricing Master,2026-09-07T07:48:47.421676
2306,197,1,20220501,2295.00,980.00,1315.00,134.18,May 2022 Pricing Master,2026-09-07T07:48:47.421676
2307,128,1,20220501,2495.00,950.00,1545.00,162.63,May 2022 Pricing Master,2026-09-07T07:48:47.421676
2308,127,1,20220501,2495.00,950.00,1545.00,162.63,May 2022 Pricing Master,2026-09-07T07:48:47.421676
2309,126,1,20220501,2495.00,950.00,1545.00,162.63,May 2022 Pricing Master,2026-09-07T07:48:47.421676
2310,129,1,20220501,2495.00,950.00,1545.00,162.63,May 2022 Pricing Master,2026-09-07T07:48:47.421676
2311,124,1,20220501,2495.00,950.00,1545.00,162.63,May 2022 Pricing Master,2026-09-07T07:48:47.421676
2312,125,1,20220501,2495.00,950.00,1545.00,162.63,May 2022 Pricing Master,2026-09-07T07:48:47.421676
2313,1093,1,20220501,2795.00,680.00,2115.00,311.03,May 2022 Pricing Master,2026-09-07T07:48:47.421676
2314,1092,1,20220501,2795.00,680.00,2115.00,311.03,May 2022 Pricing Master,2026-09-07T07:48:47.421676
2315,1091,1,20220501,2795.00,680.00,2115.00,311.03,May 2022 Pricing Master,2026-09-07T07:48:47.421676
2316,1094,1,20220501,2795.00,680.00,2115.00,311.03,May 2022 Pricing Master,2026-09-07T07:48:47.421676
2317,1089,1,20220501,2795.00,680.00,2115.00,311.03,May 2022 Pricing Master,2026-09-07T07:48:47.421676
2318,1090,1,20220501,2795.00,680.00,2115.00,311.03,May 2022 Pricing Master,2026-09-07T07:48:47.421676
2319,1087,1,20220501,2795.00,680.00,2115.00,311.03,May 2022 Pricing Master,2026-09-07T07:48:47.421676
2320,1086,1,20220501,2795.00,680.00,2115.00,311.03,May 2022 Pricing Master,2026-09-07T07:48:47.421676
2321,1085,1,20220501,2795.00,680.00,2115.00,311.03,May 2022 Pricing Master,2026-09-07T07:48:47.421676
2322,1088,1,20220501,2795.00,680.00,2115.00,311.03,May 2022 Pricing Master,2026-09-07T07:48:47.421676
2323,1083,1,20220501,2795.00,680.00,2115.00,311.03,May 2022 Pricing Master,2026-09-07T07:48:47.421676
2324,1084,1,20220501,2795.00,680.00,2115.00,311.03,May 2022 Pricing Master,2026-09-07T07:48:47.421676
2325,1081,1,20220501,2795.00,680.00,2115.00,311.03,May 2022 Pricing Master,2026-09-07T07:48:47.421676
2326,1080,1,20220501,2795.00,680.00,2115.00,311.03,May 2022 Pricing Master,2026-09-07T07:48:47.421676
2327,1079,1,20220501,2795.00,680.00,2115.00,311.03,May 2022 Pricing Master,2026-09-07T07:48:47.421676
2328,506,4,20220501,1895.00,395.00,1500.00,379.75,May 2022 Pricing Master,2026-09-07T07:48:47.421676
2329,505,4,20220501,1895.00,395.00,1500.00,379.75,May 2022 Pricing Master,2026-09-07T07:48:47.421676
2330,508,4,20220501,1895.00,395.00,1500.00,379.75,May 2022 Pricing Master,2026-09-07T07:48:47.421676
2331,503,4,20220501,1895.00,395.00,1500.00,379.75,May 2022 Pricing Master,2026-09-07T07:48:47.421676
2332,504,4,20220501,1895.00,395.00,1500.00,379.75,May 2022 Pricing Master,2026-09-07T07:48:47.421676
2333,513,4,20220501,1895.00,395.00,1500.00,379.75,May 2022 Pricing Master,2026-09-07T07:48:47.421676
2334,512,4,20220501,1895.00,395.00,1500.00,379.75,May 2022 Pricing Master,2026-09-07T07:48:47.421676
2335,511,4,20220501,1895.00,395.00,1500.00,379.75,May 2022 Pricing Master,2026-09-07T07:48:47.421676
2336,514,4,20220501,1895.00,395.00,1500.00,379.75,May 2022 Pricing Master,2026-09-07T07:48:47.421676
2337,509,4,20220501,1895.00,395.00,1500.00,379.75,May 2022 Pricing Master,2026-09-07T07:48:47.421676
2338,510,4,20220501,1895.00,395.00,1500.00,379.75,May 2022 Pricing Master,2026-09-07T07:48:47.421676
2339,576,4,20220501,1895.00,395.00,1500.00,379.75,May 2022 Pricing Master,2026-09-07T07:48:47.421676
2340,575,4,20220501,1895.00,395.00,1500.00,379.75,May 2022 Pricing Master,2026-09-07T07:48:47.421676
2341,574,4,20220501,1895.00,395.00,1500.00,379.75,May 2022 Pricing Master,2026-09-07T07:48:47.421676
2342,577,4,20220501,1895.00,395.00,1500.00,379.75,May 2022 Pricing Master,2026-09-07T07:48:47.421676
2343,572,4,20220501,1895.00,395.00,1500.00,379.75,May 2022 Pricing Master,2026-09-07T07:48:47.421676
2344,573,4,20220501,1895.00,395.00,1500.00,379.75,May 2022 Pricing Master,2026-09-07T07:48:47.421676
2345,570,4,20220501,1895.00,385.00,1510.00,392.21,May 2022 Pricing Master,2026-09-07T07:48:47.421676
2346,569,4,20220501,1895.00,385.00,1510.00,392.21,May 2022 Pricing Master,2026-09-07T07:48:47.421676
2347,568,4,20220501,1895.00,385.00,1510.00,392.21,May 2022 Pricing Master,2026-09-07T07:48:47.421676
2348,571,4,20220501,1895.00,385.00,1510.00,392.21,May 2022 Pricing Master,2026-09-07T07:48:47.421676
2349,566,4,20220501,1895.00,385.00,1510.00,392.21,May 2022 Pricing Master,2026-09-07T07:48:47.421676
2350,567,4,20220501,1895.00,385.00,1510.00,392.21,May 2022 Pricing Master,2026-09-07T07:48:47.421676
2351,531,4,20220501,1895.00,385.00,1510.00,392.21,May 2022 Pricing Master,2026-09-07T07:48:47.421676
2352,530,4,20220501,1895.00,385.00,1510.00,392.21,May 2022 Pricing Master,2026-09-07T07:48:47.421676
2353,529,4,20220501,1895.00,385.00,1510.00,392.21,May 2022 Pricing Master,2026-09-07T07:48:47.421676
2354,532,4,20220501,1895.00,385.00,1510.00,392.21,May 2022 Pricing Master,2026-09-07T07:48:47.421676
2355,527,4,20220501,1895.00,385.00,1510.00,392.21,May 2022 Pricing Master,2026-09-07T07:48:47.421676
2356,528,4,20220501,1895.00,385.00,1510.00,392.21,May 2022 Pricing Master,2026-09-07T07:48:47.421676
2357,1064,4,20220501,1395.00,220.00,1175.00,534.09,May 2022 Pricing Master,2026-09-07T07:48:47.421676
2358,1063,4,20220501,1395.00,220.00,1175.00,534.09,May 2022 Pricing Master,2026-09-07T07:48:47.421676
2359,1062,4,20220501,1395.00,220.00,1175.00,534.09,May 2022 Pricing Master,2026-09-07T07:48:47.421676
2360,1065,4,20220501,1395.00,220.00,1175.00,534.09,May 2022 Pricing Master,2026-09-07T07:48:47.421676
2361,1060,4,20220501,1395.00,220.00,1175.00,534.09,May 2022 Pricing Master,2026-09-07T07:48:47.421676
2362,1061,4,20220501,1395.00,220.00,1175.00,534.09,May 2022 Pricing Master,2026-09-07T07:48:47.421676
2363,140,4,20220501,2095.00,500.00,1595.00,319.00,May 2022 Pricing Master,2026-09-07T07:48:47.421676
2364,139,4,20220501,2095.00,500.00,1595.00,319.00,May 2022 Pricing Master,2026-09-07T07:48:47.421676
2365,138,4,20220501,2095.00,500.00,1595.00,319.00,May 2022 Pricing Master,2026-09-07T07:48:47.421676
2366,141,4,20220501,2095.00,500.00,1595.00,319.00,May 2022 Pricing Master,2026-09-07T07:48:47.421676
2367,136,4,20220501,2095.00,500.00,1595.00,319.00,May 2022 Pricing Master,2026-09-07T07:48:47.421676
2368,137,4,20220501,2095.00,500.00,1595.00,319.00,May 2022 Pricing Master,2026-09-07T07:48:47.421676
2369,230,4,20220501,2295.00,1035.00,1260.00,121.74,May 2022 Pricing Master,2026-09-07T07:48:47.421676
2370,229,4,20220501,2295.00,1035.00,1260.00,121.74,May 2022 Pricing Master,2026-09-07T07:48:47.421676
2371,228,4,20220501,2295.00,1035.00,1260.00,121.74,May 2022 Pricing Master,2026-09-07T07:48:47.421676
2372,231,4,20220501,2295.00,1035.00,1260.00,121.74,May 2022 Pricing Master,2026-09-07T07:48:47.421676
2373,226,4,20220501,2295.00,1035.00,1260.00,121.74,May 2022 Pricing Master,2026-09-07T07:48:47.421676
2374,227,4,20220501,2295.00,1035.00,1260.00,121.74,May 2022 Pricing Master,2026-09-07T07:48:47.421676
2375,80,4,20220501,2150.00,975.00,1175.00,120.51,May 2022 Pricing Master,2026-09-07T07:48:47.421676
2376,79,4,20220501,2150.00,975.00,1175.00,120.51,May 2022 Pricing Master,2026-09-07T07:48:47.421676
2377,78,4,20220501,2150.00,975.00,1175.00,120.51,May 2022 Pricing Master,2026-09-07T07:48:47.421676
2378,81,4,20220501,2150.00,975.00,1175.00,120.51,May 2022 Pricing Master,2026-09-07T07:48:47.421676
2379,76,4,20220501,2150.00,975.00,1175.00,120.51,May 2022 Pricing Master,2026-09-07T07:48:47.421676
2380,77,4,20220501,2150.00,975.00,1175.00,120.51,May 2022 Pricing Master,2026-09-07T07:48:47.421676
2381,313,4,20220501,2695.00,1150.00,1545.00,134.35,May 2022 Pricing Master,2026-09-07T07:48:47.421676
2382,312,4,20220501,2695.00,1150.00,1545.00,134.35,May 2022 Pricing Master,2026-09-07T07:48:47.421676
2383,311,4,20220501,2695.00,1150.00,1545.00,134.35,May 2022 Pricing Master,2026-09-07T07:48:47.421676
2384,314,4,20220501,2695.00,1150.00,1545.00,134.35,May 2022 Pricing Master,2026-09-07T07:48:47.421676
2385,309,4,20220501,2695.00,1150.00,1545.00,134.35,May 2022 Pricing Master,2026-09-07T07:48:47.421676
2386,310,4,20220501,2695.00,1150.00,1545.00,134.35,May 2022 Pricing Master,2026-09-07T07:48:47.421676
2387,270,4,20220501,2195.00,930.00,1265.00,136.02,May 2022 Pricing Master,2026-09-07T07:48:47.421676
2388,269,4,20220501,2195.00,930.00,1265.00,136.02,May 2022 Pricing Master,2026-09-07T07:48:47.421676
2389,268,4,20220501,2195.00,930.00,1265.00,136.02,May 2022 Pricing Master,2026-09-07T07:48:47.421676
2390,271,4,20220501,2195.00,930.00,1265.00,136.02,May 2022 Pricing Master,2026-09-07T07:48:47.421676
2391,266,4,20220501,2195.00,930.00,1265.00,136.02,May 2022 Pricing Master,2026-09-07T07:48:47.421676
2392,267,4,20220501,2195.00,930.00,1265.00,136.02,May 2022 Pricing Master,2026-09-07T07:48:47.421676
2393,248,4,20220501,1795.00,780.00,1015.00,130.13,May 2022 Pricing Master,2026-09-07T07:48:47.421676
2394,247,4,20220501,1795.00,780.00,1015.00,130.13,May 2022 Pricing Master,2026-09-07T07:48:47.421676
2395,246,4,20220501,1795.00,780.00,1015.00,130.13,May 2022 Pricing Master,2026-09-07T07:48:47.421676
2396,249,4,20220501,1795.00,780.00,1015.00,130.13,May 2022 Pricing Master,2026-09-07T07:48:47.421676
2397,244,4,20220501,1795.00,780.00,1015.00,130.13,May 2022 Pricing Master,2026-09-07T07:48:47.421676
2398,245,4,20220501,1795.00,780.00,1015.00,130.13,May 2022 Pricing Master,2026-09-07T07:48:47.421676
2399,1099,4,20220501,1695.00,340.00,1355.00,398.53,May 2022 Pricing Master,2026-09-07T07:48:47.421676
2400,1097,4,20220501,1695.00,340.00,1355.00,398.53,May 2022 Pricing Master,2026-09-07T07:48:47.421676
2401,1096,4,20220501,1695.00,340.00,1355.00,398.53,May 2022 Pricing Master,2026-09-07T07:48:47.421676
2402,1095,4,20220501,1695.00,340.00,1355.00,398.53,May 2022 Pricing Master,2026-09-07T07:48:47.421676
2403,1098,4,20220501,1695.00,340.00,1355.00,398.53,May 2022 Pricing Master,2026-09-07T07:48:47.421676
2404,440,4,20220501,1795.00,425.00,1370.00,322.35,May 2022 Pricing Master,2026-09-07T07:48:47.421676
2405,438,4,20220501,1795.00,425.00,1370.00,322.35,May 2022 Pricing Master,2026-09-07T07:48:47.421676
2406,437,4,20220501,1795.00,425.00,1370.00,322.35,May 2022 Pricing Master,2026-09-07T07:48:47.421676
2407,436,4,20220501,1795.00,425.00,1370.00,322.35,May 2022 Pricing Master,2026-09-07T07:48:47.421676
2408,439,4,20220501,1795.00,425.00,1370.00,322.35,May 2022 Pricing Master,2026-09-07T07:48:47.421676
2409,1226,4,20220501,2295.00,440.00,1855.00,421.59,May 2022 Pricing Master,2026-09-07T07:48:47.421676
2410,1225,4,20220501,2295.00,440.00,1855.00,421.59,May 2022 Pricing Master,2026-09-07T07:48:47.421676
2411,1224,4,20220501,2295.00,440.00,1855.00,421.59,May 2022 Pricing Master,2026-09-07T07:48:47.421676
2412,1227,4,20220501,2295.00,440.00,1855.00,421.59,May 2022 Pricing Master,2026-09-07T07:48:47.421676
2413,1222,4,20220501,2295.00,440.00,1855.00,421.59,May 2022 Pricing Master,2026-09-07T07:48:47.421676
2414,1223,4,20220501,2295.00,440.00,1855.00,421.59,May 2022 Pricing Master,2026-09-07T07:48:47.421676
2415,110,4,20220501,2695.00,540.00,2155.00,399.07,May 2022 Pricing Master,2026-09-07T07:48:47.421676
2416,109,4,20220501,2695.00,540.00,2155.00,399.07,May 2022 Pricing Master,2026-09-07T07:48:47.421676
2417,108,4,20220501,2695.00,540.00,2155.00,399.07,May 2022 Pricing Master,2026-09-07T07:48:47.421676
2418,111,4,20220501,2695.00,540.00,2155.00,399.07,May 2022 Pricing Master,2026-09-07T07:48:47.421676
2419,106,4,20220501,2695.00,540.00,2155.00,399.07,May 2022 Pricing Master,2026-09-07T07:48:47.421676
2420,107,4,20220501,2695.00,540.00,2155.00,399.07,May 2022 Pricing Master,2026-09-07T07:48:47.421676
2421,152,4,20220501,2795.00,550.00,2245.00,408.18,May 2022 Pricing Master,2026-09-07T07:48:47.421676
2422,151,4,20220501,2795.00,550.00,2245.00,408.18,May 2022 Pricing Master,2026-09-07T07:48:47.421676
2423,150,4,20220501,2795.00,550.00,2245.00,408.18,May 2022 Pricing Master,2026-09-07T07:48:47.421676
2424,153,4,20220501,2795.00,550.00,2245.00,408.18,May 2022 Pricing Master,2026-09-07T07:48:47.421676
2425,148,4,20220501,2795.00,550.00,2245.00,408.18,May 2022 Pricing Master,2026-09-07T07:48:47.421676
2426,149,4,20220501,2795.00,550.00,2245.00,408.18,May 2022 Pricing Master,2026-09-07T07:48:47.421676
2427,1185,4,20220501,1595.00,314.00,1281.00,407.96,May 2022 Pricing Master,2026-09-07T07:48:47.421676
2428,1183,4,20220501,1595.00,314.00,1281.00,407.96,May 2022 Pricing Master,2026-09-07T07:48:47.421676
2429,1182,4,20220501,1595.00,314.00,1281.00,407.96,May 2022 Pricing Master,2026-09-07T07:48:47.421676
2430,1181,4,20220501,1595.00,314.00,1281.00,407.96,May 2022 Pricing Master,2026-09-07T07:48:47.421676
2431,1184,4,20220501,1595.00,314.00,1281.00,407.96,May 2022 Pricing Master,2026-09-07T07:48:47.421676
2432,319,4,20220501,1995.00,425.00,1570.00,369.41,May 2022 Pricing Master,2026-09-07T07:48:47.421676
2433,318,4,20220501,1995.00,425.00,1570.00,369.41,May 2022 Pricing Master,2026-09-07T07:48:47.421676
2434,317,4,20220501,1995.00,425.00,1570.00,369.41,May 2022 Pricing Master,2026-09-07T07:48:47.421676
2435,320,4,20220501,1995.00,425.00,1570.00,369.41,May 2022 Pricing Master,2026-09-07T07:48:47.421676
2436,315,4,20220501,1995.00,425.00,1570.00,369.41,May 2022 Pricing Master,2026-09-07T07:48:47.421676
2437,316,4,20220501,1995.00,425.00,1570.00,369.41,May 2022 Pricing Master,2026-09-07T07:48:47.421676
2438,337,4,20220501,1895.00,395.00,1500.00,379.75,May 2022 Pricing Master,2026-09-07T07:48:47.421676
2439,336,4,20220501,1895.00,395.00,1500.00,379.75,May 2022 Pricing Master,2026-09-07T07:48:47.421676
2440,335,4,20220501,1895.00,395.00,1500.00,379.75,May 2022 Pricing Master,2026-09-07T07:48:47.421676
2441,338,4,20220501,1895.00,395.00,1500.00,379.75,May 2022 Pricing Master,2026-09-07T07:48:47.421676
2442,333,4,20220501,1895.00,395.00,1500.00,379.75,May 2022 Pricing Master,2026-09-07T07:48:47.421676
2443,334,4,20220501,1895.00,395.00,1500.00,379.75,May 2022 Pricing Master,2026-09-07T07:48:47.421676
2444,367,4,20220501,2095.00,450.00,1645.00,365.56,May 2022 Pricing Master,2026-09-07T07:48:47.421676
2445,366,4,20220501,2095.00,450.00,1645.00,365.56,May 2022 Pricing Master,2026-09-07T07:48:47.421676
2446,365,4,20220501,2095.00,450.00,1645.00,365.56,May 2022 Pricing Master,2026-09-07T07:48:47.421676
2447,368,4,20220501,2095.00,450.00,1645.00,365.56,May 2022 Pricing Master,2026-09-07T07:48:47.421676
2448,363,4,20220501,2095.00,450.00,1645.00,365.56,May 2022 Pricing Master,2026-09-07T07:48:47.421676
2449,364,4,20220501,2095.00,450.00,1645.00,365.56,May 2022 Pricing Master,2026-09-07T07:48:47.421676
2450,379,4,20220501,1995.00,425.00,1570.00,369.41,May 2022 Pricing Master,2026-09-07T07:48:47.421676
2451,378,4,20220501,1995.00,425.00,1570.00,369.41,May 2022 Pricing Master,2026-09-07T07:48:47.421676
2452,377,4,20220501,1995.00,425.00,1570.00,369.41,May 2022 Pricing Master,2026-09-07T07:48:47.421676
2453,380,4,20220501,1995.00,425.00,1570.00,369.41,May 2022 Pricing Master,2026-09-07T07:48:47.421676
2454,375,4,20220501,1995.00,425.00,1570.00,369.41,May 2022 Pricing Master,2026-09-07T07:48:47.421676
2455,376,4,20220501,1995.00,425.00,1570.00,369.41,May 2022 Pricing Master,2026-09-07T07:48:47.421676
2456,391,4,20220501,3495.00,790.00,2705.00,342.41,May 2022 Pricing Master,2026-09-07T07:48:47.421676
2457,390,4,20220501,3495.00,790.00,2705.00,342.41,May 2022 Pricing Master,2026-09-07T07:48:47.421676
2458,389,4,20220501,3495.00,790.00,2705.00,342.41,May 2022 Pricing Master,2026-09-07T07:48:47.421676
2459,392,4,20220501,3495.00,790.00,2705.00,342.41,May 2022 Pricing Master,2026-09-07T07:48:47.421676
2460,387,4,20220501,3495.00,790.00,2705.00,342.41,May 2022 Pricing Master,2026-09-07T07:48:47.421676
2461,388,4,20220501,3495.00,790.00,2705.00,342.41,May 2022 Pricing Master,2026-09-07T07:48:47.421676
2462,397,4,20220501,3495.00,790.00,2705.00,342.41,May 2022 Pricing Master,2026-09-07T07:48:47.421676
2463,396,4,20220501,3495.00,790.00,2705.00,342.41,May 2022 Pricing Master,2026-09-07T07:48:47.421676
2464,395,4,20220501,3495.00,790.00,2705.00,342.41,May 2022 Pricing Master,2026-09-07T07:48:47.421676
2465,398,4,20220501,3495.00,790.00,2705.00,342.41,May 2022 Pricing Master,2026-09-07T07:48:47.421676
2466,393,4,20220501,3495.00,790.00,2705.00,342.41,May 2022 Pricing Master,2026-09-07T07:48:47.421676
2467,394,4,20220501,3495.00,790.00,2705.00,342.41,May 2022 Pricing Master,2026-09-07T07:48:47.421676
2468,408,4,20220501,3195.00,695.00,2500.00,359.71,May 2022 Pricing Master,2026-09-07T07:48:47.421676
2469,407,4,20220501,3195.00,695.00,2500.00,359.71,May 2022 Pricing Master,2026-09-07T07:48:47.421676
2470,406,4,20220501,3195.00,695.00,2500.00,359.71,May 2022 Pricing Master,2026-09-07T07:48:47.421676
2471,409,4,20220501,3195.00,695.00,2500.00,359.71,May 2022 Pricing Master,2026-09-07T07:48:47.421676
2472,404,4,20220501,3195.00,695.00,2500.00,359.71,May 2022 Pricing Master,2026-09-07T07:48:47.421676
2473,405,4,20220501,3195.00,695.00,2500.00,359.71,May 2022 Pricing Master,2026-09-07T07:48:47.421676
2474,86,4,20220501,5395.00,1295.00,4100.00,316.60,May 2022 Pricing Master,2026-09-07T07:48:47.421676
2475,85,4,20220501,5395.00,1295.00,4100.00,316.60,May 2022 Pricing Master,2026-09-07T07:48:47.421676
2476,84,4,20220501,5395.00,1295.00,4100.00,316.60,May 2022 Pricing Master,2026-09-07T07:48:47.421676
2477,87,4,20220501,5395.00,1295.00,4100.00,316.60,May 2022 Pricing Master,2026-09-07T07:48:47.421676
2478,82,4,20220501,5395.00,1295.00,4100.00,316.60,May 2022 Pricing Master,2026-09-07T07:48:47.421676
2479,83,4,20220501,5395.00,1295.00,4100.00,316.60,May 2022 Pricing Master,2026-09-07T07:48:47.421676
2480,122,4,20220501,4895.00,1150.00,3745.00,325.65,May 2022 Pricing Master,2026-09-07T07:48:47.421676
2481,121,4,20220501,4895.00,1150.00,3745.00,325.65,May 2022 Pricing Master,2026-09-07T07:48:47.421676
2482,120,4,20220501,4895.00,1150.00,3745.00,325.65,May 2022 Pricing Master,2026-09-07T07:48:47.421676
2483,123,4,20220501,4895.00,1150.00,3745.00,325.65,May 2022 Pricing Master,2026-09-07T07:48:47.421676
2484,118,4,20220501,4895.00,1150.00,3745.00,325.65,May 2022 Pricing Master,2026-09-07T07:48:47.421676
2485,119,4,20220501,4895.00,1150.00,3745.00,325.65,May 2022 Pricing Master,2026-09-07T07:48:47.421676
2486,236,4,20220501,4295.00,995.00,3300.00,331.66,May 2022 Pricing Master,2026-09-07T07:48:47.421676
2487,235,4,20220501,4295.00,995.00,3300.00,331.66,May 2022 Pricing Master,2026-09-07T07:48:47.421676
2488,234,4,20220501,4295.00,995.00,3300.00,331.66,May 2022 Pricing Master,2026-09-07T07:48:47.421676
2489,237,4,20220501,4295.00,995.00,3300.00,331.66,May 2022 Pricing Master,2026-09-07T07:48:47.421676
2490,232,4,20220501,4295.00,995.00,3300.00,331.66,May 2022 Pricing Master,2026-09-07T07:48:47.421676
2491,233,4,20220501,4295.00,995.00,3300.00,331.66,May 2022 Pricing Master,2026-09-07T07:48:47.421676
2492,276,4,20220501,4895.00,1150.00,3745.00,325.65,May 2022 Pricing Master,2026-09-07T07:48:47.421676
2493,275,4,20220501,4895.00,1150.00,3745.00,325.65,May 2022 Pricing Master,2026-09-07T07:48:47.421676
2494,274,4,20220501,4895.00,1150.00,3745.00,325.65,May 2022 Pricing Master,2026-09-07T07:48:47.421676
2495,277,4,20220501,4895.00,1150.00,3745.00,325.65,May 2022 Pricing Master,2026-09-07T07:48:47.421676
2496,272,4,20220501,4895.00,1150.00,3745.00,325.65,May 2022 Pricing Master,2026-09-07T07:48:47.421676
2497,273,4,20220501,4895.00,1150.00,3745.00,325.65,May 2022 Pricing Master,2026-09-07T07:48:47.421676
2498,1190,4,20220501,3495.00,695.00,2800.00,402.88,May 2022 Pricing Master,2026-09-07T07:48:47.421676
2499,1189,4,20220501,3495.00,695.00,2800.00,402.88,May 2022 Pricing Master,2026-09-07T07:48:47.421676
2500,1188,4,20220501,3495.00,695.00,2800.00,402.88,May 2022 Pricing Master,2026-09-07T07:48:47.421676
2501,1191,4,20220501,3495.00,695.00,2800.00,402.88,May 2022 Pricing Master,2026-09-07T07:48:47.421676
2502,1186,4,20220501,3495.00,695.00,2800.00,402.88,May 2022 Pricing Master,2026-09-07T07:48:47.421676
2503,1187,4,20220501,3495.00,695.00,2800.00,402.88,May 2022 Pricing Master,2026-09-07T07:48:47.421676
2504,1196,4,20220501,2195.00,425.00,1770.00,416.47,May 2022 Pricing Master,2026-09-07T07:48:47.421676
2505,1195,4,20220501,2195.00,425.00,1770.00,416.47,May 2022 Pricing Master,2026-09-07T07:48:47.421676
2506,1194,4,20220501,2195.00,425.00,1770.00,416.47,May 2022 Pricing Master,2026-09-07T07:48:47.421676
2507,1197,4,20220501,2195.00,425.00,1770.00,416.47,May 2022 Pricing Master,2026-09-07T07:48:47.421676
2508,1192,4,20220501,2195.00,425.00,1770.00,416.47,May 2022 Pricing Master,2026-09-07T07:48:47.421676
2509,1193,4,20220501,2195.00,425.00,1770.00,416.47,May 2022 Pricing Master,2026-09-07T07:48:47.421676
2510,1131,4,20220501,3295.00,650.00,2645.00,406.92,May 2022 Pricing Master,2026-09-07T07:48:47.421676
2511,1130,4,20220501,3295.00,650.00,2645.00,406.92,May 2022 Pricing Master,2026-09-07T07:48:47.421676
2512,1129,4,20220501,3295.00,650.00,2645.00,406.92,May 2022 Pricing Master,2026-09-07T07:48:47.421676
2513,1132,4,20220501,3295.00,650.00,2645.00,406.92,May 2022 Pricing Master,2026-09-07T07:48:47.421676
2514,1127,4,20220501,3295.00,650.00,2645.00,406.92,May 2022 Pricing Master,2026-09-07T07:48:47.421676
2515,1128,4,20220501,3295.00,650.00,2645.00,406.92,May 2022 Pricing Master,2026-09-07T07:48:47.421676
2516,1137,4,20220501,2397.00,460.00,1937.00,421.09,May 2022 Pricing Master,2026-09-07T07:48:47.421676
2517,1136,4,20220501,2397.00,460.00,1937.00,421.09,May 2022 Pricing Master,2026-09-07T07:48:47.421676
2518,1135,4,20220501,2397.00,460.00,1937.00,421.09,May 2022 Pricing Master,2026-09-07T07:48:47.421676
2519,1138,4,20220501,2397.00,460.00,1937.00,421.09,May 2022 Pricing Master,2026-09-07T07:48:47.421676
2520,1133,4,20220501,2397.00,460.00,1937.00,421.09,May 2022 Pricing Master,2026-09-07T07:48:47.421676
2521,1134,4,20220501,2397.00,460.00,1937.00,421.09,May 2022 Pricing Master,2026-09-07T07:48:47.421676
2522,1119,4,20220501,3397.00,675.00,2722.00,403.26,May 2022 Pricing Master,2026-09-07T07:48:47.421676
2523,1118,4,20220501,3397.00,675.00,2722.00,403.26,May 2022 Pricing Master,2026-09-07T07:48:47.421676
2524,1117,4,20220501,3397.00,675.00,2722.00,403.26,May 2022 Pricing Master,2026-09-07T07:48:47.421676
2525,1120,4,20220501,3397.00,675.00,2722.00,403.26,May 2022 Pricing Master,2026-09-07T07:48:47.421676
2526,1115,4,20220501,3397.00,675.00,2722.00,403.26,May 2022 Pricing Master,2026-09-07T07:48:47.421676
2527,1116,4,20220501,3397.00,675.00,2722.00,403.26,May 2022 Pricing Master,2026-09-07T07:48:47.421676
2528,1125,4,20220501,2295.00,440.00,1855.00,421.59,May 2022 Pricing Master,2026-09-07T07:48:47.421676
2529,1124,4,20220501,2295.00,440.00,1855.00,421.59,May 2022 Pricing Master,2026-09-07T07:48:47.421676
2530,1123,4,20220501,2295.00,440.00,1855.00,421.59,May 2022 Pricing Master,2026-09-07T07:48:47.421676
2531,1126,4,20220501,2295.00,440.00,1855.00,421.59,May 2022 Pricing Master,2026-09-07T07:48:47.421676
2532,1121,4,20220501,2295.00,440.00,1855.00,421.59,May 2022 Pricing Master,2026-09-07T07:48:47.421676
2533,1122,4,20220501,2295.00,440.00,1855.00,421.59,May 2022 Pricing Master,2026-09-07T07:48:47.421676
2534,1107,4,20220501,3495.00,695.00,2800.00,402.88,May 2022 Pricing Master,2026-09-07T07:48:47.421676
2535,1106,4,20220501,3495.00,695.00,2800.00,402.88,May 2022 Pricing Master,2026-09-07T07:48:47.421676
2536,1105,4,20220501,3495.00,695.00,2800.00,402.88,May 2022 Pricing Master,2026-09-07T07:48:47.421676
2537,1108,4,20220501,3495.00,695.00,2800.00,402.88,May 2022 Pricing Master,2026-09-07T07:48:47.421676
2538,1103,4,20220501,3495.00,695.00,2800.00,402.88,May 2022 Pricing Master,2026-09-07T07:48:47.421676
2539,1104,4,20220501,3495.00,695.00,2800.00,402.88,May 2022 Pricing Master,2026-09-07T07:48:47.421676
2540,1113,4,20220501,2495.00,490.00,2005.00,409.18,May 2022 Pricing Master,2026-09-07T07:48:47.421676
2541,1112,4,20220501,2495.00,490.00,2005.00,409.18,May 2022 Pricing Master,2026-09-07T07:48:47.421676
2542,1111,4,20220501,2495.00,490.00,2005.00,409.18,May 2022 Pricing Master,2026-09-07T07:48:47.421676
2543,1114,4,20220501,2495.00,490.00,2005.00,409.18,May 2022 Pricing Master,2026-09-07T07:48:47.421676
2544,1109,4,20220501,2495.00,490.00,2005.00,409.18,May 2022 Pricing Master,2026-09-07T07:48:47.421676
2545,1110,4,20220501,2495.00,490.00,2005.00,409.18,May 2022 Pricing Master,2026-09-07T07:48:47.421676
2546,1264,4,20220501,2097.00,415.00,1682.00,405.30,May 2022 Pricing Master,2026-09-07T07:48:47.421676
2547,1263,4,20220501,2097.00,415.00,1682.00,405.30,May 2022 Pricing Master,2026-09-07T07:48:47.421676
2548,1262,4,20220501,2097.00,415.00,1682.00,405.30,May 2022 Pricing Master,2026-09-07T07:48:47.421676
2549,1265,4,20220501,2097.00,415.00,1682.00,405.30,May 2022 Pricing Master,2026-09-07T07:48:47.421676
2550,1260,4,20220501,2097.00,415.00,1682.00,405.30,May 2022 Pricing Master,2026-09-07T07:48:47.421676
2551,1261,4,20220501,2097.00,415.00,1682.00,405.30,May 2022 Pricing Master,2026-09-07T07:48:47.421676
2552,1155,4,20220501,3297.00,650.00,2647.00,407.23,May 2022 Pricing Master,2026-09-07T07:48:47.421676
2553,1154,4,20220501,3297.00,650.00,2647.00,407.23,May 2022 Pricing Master,2026-09-07T07:48:47.421676
2554,1153,4,20220501,3297.00,650.00,2647.00,407.23,May 2022 Pricing Master,2026-09-07T07:48:47.421676
2555,1156,4,20220501,3297.00,650.00,2647.00,407.23,May 2022 Pricing Master,2026-09-07T07:48:47.421676
2556,1151,4,20220501,3297.00,650.00,2647.00,407.23,May 2022 Pricing Master,2026-09-07T07:48:47.421676
2557,1152,4,20220501,3297.00,650.00,2647.00,407.23,May 2022 Pricing Master,2026-09-07T07:48:47.421676
2558,1161,4,20220501,2195.00,425.00,1770.00,416.47,May 2022 Pricing Master,2026-09-07T07:48:47.421676
2559,1160,4,20220501,2195.00,425.00,1770.00,416.47,May 2022 Pricing Master,2026-09-07T07:48:47.421676
2560,1159,4,20220501,2195.00,425.00,1770.00,416.47,May 2022 Pricing Master,2026-09-07T07:48:47.421676
2561,1162,4,20220501,2195.00,425.00,1770.00,416.47,May 2022 Pricing Master,2026-09-07T07:48:47.421676
2562,1157,4,20220501,2195.00,425.00,1770.00,416.47,May 2022 Pricing Master,2026-09-07T07:48:47.421676
2563,1158,4,20220501,2195.00,425.00,1770.00,416.47,May 2022 Pricing Master,2026-09-07T07:48:47.421676
2564,1143,4,20220501,3197.00,625.00,2572.00,411.52,May 2022 Pricing Master,2026-09-07T07:48:47.421676
2565,1142,4,20220501,3197.00,625.00,2572.00,411.52,May 2022 Pricing Master,2026-09-07T07:48:47.421676
2566,1141,4,20220501,3197.00,625.00,2572.00,411.52,May 2022 Pricing Master,2026-09-07T07:48:47.421676
2567,1144,4,20220501,3197.00,625.00,2572.00,411.52,May 2022 Pricing Master,2026-09-07T07:48:47.421676
2568,1139,4,20220501,3197.00,625.00,2572.00,411.52,May 2022 Pricing Master,2026-09-07T07:48:47.421676
2569,1140,4,20220501,3197.00,625.00,2572.00,411.52,May 2022 Pricing Master,2026-09-07T07:48:47.421676
2570,1179,4,20220501,2197.00,425.00,1772.00,416.94,May 2022 Pricing Master,2026-09-07T07:48:47.421676
2571,1178,4,20220501,2197.00,425.00,1772.00,416.94,May 2022 Pricing Master,2026-09-07T07:48:47.421676
2572,1177,4,20220501,2197.00,425.00,1772.00,416.94,May 2022 Pricing Master,2026-09-07T07:48:47.421676
2573,1180,4,20220501,2197.00,425.00,1772.00,416.94,May 2022 Pricing Master,2026-09-07T07:48:47.421676
2574,1175,4,20220501,2197.00,425.00,1772.00,416.94,May 2022 Pricing Master,2026-09-07T07:48:47.421676
2575,1176,4,20220501,2197.00,425.00,1772.00,416.94,May 2022 Pricing Master,2026-09-07T07:48:47.421676
2576,1232,4,20220501,2975.00,595.00,2380.00,400.00,May 2022 Pricing Master,2026-09-07T07:48:47.421676
2577,1231,4,20220501,2975.00,595.00,2380.00,400.00,May 2022 Pricing Master,2026-09-07T07:48:47.421676
2578,1230,4,20220501,2975.00,595.00,2380.00,400.00,May 2022 Pricing Master,2026-09-07T07:48:47.421676
2579,1233,4,20220501,2975.00,595.00,2380.00,400.00,May 2022 Pricing Master,2026-09-07T07:48:47.421676
2580,1228,4,20220501,2975.00,595.00,2380.00,400.00,May 2022 Pricing Master,2026-09-07T07:48:47.421676
2581,1229,4,20220501,2975.00,595.00,2380.00,400.00,May 2022 Pricing Master,2026-09-07T07:48:47.421676
2582,1238,4,20220501,2095.00,410.00,1685.00,410.98,May 2022 Pricing Master,2026-09-07T07:48:47.421676
2583,1237,4,20220501,2095.00,410.00,1685.00,410.98,May 2022 Pricing Master,2026-09-07T07:48:47.421676
2584,1236,4,20220501,2095.00,410.00,1685.00,410.98,May 2022 Pricing Master,2026-09-07T07:48:47.421676
2585,1239,4,20220501,2095.00,410.00,1685.00,410.98,May 2022 Pricing Master,2026-09-07T07:48:47.421676
2586,1234,4,20220501,2095.00,410.00,1685.00,410.98,May 2022 Pricing Master,2026-09-07T07:48:47.421676
2587,1235,4,20220501,2095.00,410.00,1685.00,410.98,May 2022 Pricing Master,2026-09-07T07:48:47.421676
2588,1250,4,20220501,3297.00,650.00,2647.00,407.23,May 2022 Pricing Master,2026-09-07T07:48:47.421676
2589,1249,4,20220501,3297.00,650.00,2647.00,407.23,May 2022 Pricing Master,2026-09-07T07:48:47.421676
2590,1248,4,20220501,3297.00,650.00,2647.00,407.23,May 2022 Pricing Master,2026-09-07T07:48:47.421676
2591,1251,4,20220501,3297.00,650.00,2647.00,407.23,May 2022 Pricing Master,2026-09-07T07:48:47.421676
2592,1246,4,20220501,3297.00,650.00,2647.00,407.23,May 2022 Pricing Master,2026-09-07T07:48:47.421676
2593,1247,4,20220501,3297.00,650.00,2647.00,407.23,May 2022 Pricing Master,2026-09-07T07:48:47.421676
2594,1256,4,20220501,2195.00,425.00,1770.00,416.47,May 2022 Pricing Master,2026-09-07T07:48:47.421676
2595,1255,4,20220501,2195.00,425.00,1770.00,416.47,May 2022 Pricing Master,2026-09-07T07:48:47.421676
2596,1254,4,20220501,2195.00,425.00,1770.00,416.47,May 2022 Pricing Master,2026-09-07T07:48:47.421676
2597,1257,4,20220501,2195.00,425.00,1770.00,416.47,May 2022 Pricing Master,2026-09-07T07:48:47.421676
2598,1252,4,20220501,2195.00,425.00,1770.00,416.47,May 2022 Pricing Master,2026-09-07T07:48:47.421676
2599,1253,4,20220501,2195.00,425.00,1770.00,416.47,May 2022 Pricing Master,2026-09-07T07:48:47.421676
2600,1244,4,20220501,2097.00,415.00,1682.00,405.30,May 2022 Pricing Master,2026-09-07T07:48:47.421676
2601,1243,4,20220501,2097.00,415.00,1682.00,405.30,May 2022 Pricing Master,2026-09-07T07:48:47.421676
2602,1242,4,20220501,2097.00,415.00,1682.00,405.30,May 2022 Pricing Master,2026-09-07T07:48:47.421676
2603,1245,4,20220501,2097.00,415.00,1682.00,405.30,May 2022 Pricing Master,2026-09-07T07:48:47.421676
2604,1240,4,20220501,2097.00,415.00,1682.00,405.30,May 2022 Pricing Master,2026-09-07T07:48:47.421676
2605,1241,4,20220501,2097.00,415.00,1682.00,405.30,May 2022 Pricing Master,2026-09-07T07:48:47.421676
2606,1167,4,20220501,3295.00,640.00,2655.00,414.84,May 2022 Pricing Master,2026-09-07T07:48:47.421676
2607,1166,4,20220501,3295.00,640.00,2655.00,414.84,May 2022 Pricing Master,2026-09-07T07:48:47.421676
2608,1165,4,20220501,3295.00,640.00,2655.00,414.84,May 2022 Pricing Master,2026-09-07T07:48:47.421676
2609,1168,4,20220501,3295.00,640.00,2655.00,414.84,May 2022 Pricing Master,2026-09-07T07:48:47.421676
2610,1163,4,20220501,3295.00,640.00,2655.00,414.84,May 2022 Pricing Master,2026-09-07T07:48:47.421676
2611,1164,4,20220501,3295.00,640.00,2655.00,414.84,May 2022 Pricing Master,2026-09-07T07:48:47.421676
2612,1173,4,20220501,2295.00,415.00,1880.00,453.01,May 2022 Pricing Master,2026-09-07T07:48:47.421676
2613,1172,4,20220501,2295.00,415.00,1880.00,453.01,May 2022 Pricing Master,2026-09-07T07:48:47.421676
2614,1171,4,20220501,2295.00,415.00,1880.00,453.01,May 2022 Pricing Master,2026-09-07T07:48:47.421676
2615,1174,4,20220501,2295.00,415.00,1880.00,453.01,May 2022 Pricing Master,2026-09-07T07:48:47.421676
2616,1169,4,20220501,2295.00,415.00,1880.00,453.01,May 2022 Pricing Master,2026-09-07T07:48:47.421676
2617,1170,4,20220501,2295.00,415.00,1880.00,453.01,May 2022 Pricing Master,2026-09-07T07:48:47.421676
2618,1214,4,20220501,3195.00,625.00,2570.00,411.20,May 2022 Pricing Master,2026-09-07T07:48:47.421676
2619,1213,4,20220501,3195.00,625.00,2570.00,411.20,May 2022 Pricing Master,2026-09-07T07:48:47.421676
2620,1212,4,20220501,3195.00,625.00,2570.00,411.20,May 2022 Pricing Master,2026-09-07T07:48:47.421676
2621,1215,4,20220501,3195.00,625.00,2570.00,411.20,May 2022 Pricing Master,2026-09-07T07:48:47.421676
2622,1210,4,20220501,3195.00,625.00,2570.00,411.20,May 2022 Pricing Master,2026-09-07T07:48:47.421676
2623,1211,4,20220501,3195.00,625.00,2570.00,411.20,May 2022 Pricing Master,2026-09-07T07:48:47.421676
2624,1220,4,20220501,2097.00,400.00,1697.00,424.25,May 2022 Pricing Master,2026-09-07T07:48:47.421676
2625,1219,4,20220501,2097.00,400.00,1697.00,424.25,May 2022 Pricing Master,2026-09-07T07:48:47.421676
2626,1218,4,20220501,2097.00,400.00,1697.00,424.25,May 2022 Pricing Master,2026-09-07T07:48:47.421676
2627,1221,4,20220501,2097.00,400.00,1697.00,424.25,May 2022 Pricing Master,2026-09-07T07:48:47.421676
2628,1216,4,20220501,2097.00,400.00,1697.00,424.25,May 2022 Pricing Master,2026-09-07T07:48:47.421676
2629,1217,4,20220501,2097.00,400.00,1697.00,424.25,May 2022 Pricing Master,2026-09-07T07:48:47.421676
2630,1202,4,20220501,3095.00,615.00,2480.00,403.25,May 2022 Pricing Master,2026-09-07T07:48:47.421676
2631,1201,4,20220501,3095.00,615.00,2480.00,403.25,May 2022 Pricing Master,2026-09-07T07:48:47.421676
2632,1200,4,20220501,3095.00,615.00,2480.00,403.25,May 2022 Pricing Master,2026-09-07T07:48:47.421676
2633,1203,4,20220501,3095.00,615.00,2480.00,403.25,May 2022 Pricing Master,2026-09-07T07:48:47.421676
2634,1198,4,20220501,3095.00,615.00,2480.00,403.25,May 2022 Pricing Master,2026-09-07T07:48:47.421676
2635,1199,4,20220501,3095.00,615.00,2480.00,403.25,May 2022 Pricing Master,2026-09-07T07:48:47.421676
2636,1208,4,20220501,2195.00,425.00,1770.00,416.47,May 2022 Pricing Master,2026-09-07T07:48:47.421676
2637,1207,4,20220501,2195.00,425.00,1770.00,416.47,May 2022 Pricing Master,2026-09-07T07:48:47.421676
2638,1206,4,20220501,2195.00,425.00,1770.00,416.47,May 2022 Pricing Master,2026-09-07T07:48:47.421676
2639,1209,4,20220501,2195.00,425.00,1770.00,416.47,May 2022 Pricing Master,2026-09-07T07:48:47.421676
2640,1204,4,20220501,2195.00,425.00,1770.00,416.47,May 2022 Pricing Master,2026-09-07T07:48:47.421676
2641,1205,4,20220501,2195.00,425.00,1770.00,416.47,May 2022 Pricing Master,2026-09-07T07:48:47.421676
2642,252,4,20220501,5997.00,1195.00,4802.00,401.84,May 2022 Pricing Master,2026-09-07T07:48:47.421676
2643,251,4,20220501,5997.00,1195.00,4802.00,401.84,May 2022 Pricing Master,2026-09-07T07:48:47.421676
2644,253,4,20220501,5997.00,1195.00,4802.00,401.84,May 2022 Pricing Master,2026-09-07T07:48:47.421676
2645,250,4,20220501,5997.00,1195.00,4802.00,401.84,May 2022 Pricing Master,2026-09-07T07:48:47.421676
2646,14,4,20220501,2494.00,818.00,1676.00,204.89,May 2022 Pricing Master,2026-09-07T07:48:47.421676
2647,37,4,20220501,4099.00,1044.00,3055.00,292.62,May 2022 Pricing Master,2026-09-07T07:48:47.421676
2648,13,4,20220501,2449.00,795.00,1654.00,208.05,May 2022 Pricing Master,2026-09-07T07:48:47.421676
2649,1320,4,20220501,4049.00,1395.00,2654.00,190.25,May 2022 Pricing Master,2026-09-07T07:48:47.421676
2650,1321,4,20220501,4049.00,1395.00,2654.00,190.25,May 2022 Pricing Master,2026-09-07T07:48:47.421676
2651,1319,4,20220501,4049.00,1395.00,2654.00,190.25,May 2022 Pricing Master,2026-09-07T07:48:47.421676
2652,1323,4,20220501,4049.00,1395.00,2654.00,190.25,May 2022 Pricing Master,2026-09-07T07:48:47.421676
2653,1322,4,20220501,4049.00,1395.00,2654.00,190.25,May 2022 Pricing Master,2026-09-07T07:48:47.421676
2654,1329,4,20220501,3149.00,895.00,2254.00,251.84,May 2022 Pricing Master,2026-09-07T07:48:47.421676
2655,284,4,20220501,2449.00,625.00,1824.00,291.84,May 2022 Pricing Master,2026-09-07T07:48:47.421676
2656,10,4,20220501,4549.00,1165.00,3384.00,290.47,May 2022 Pricing Master,2026-09-07T07:48:47.421676
2657,9,4,20220501,4549.00,1165.00,3384.00,290.47,May 2022 Pricing Master,2026-09-07T07:48:47.421676
2658,8,4,20220501,4549.00,1165.00,3384.00,290.47,May 2022 Pricing Master,2026-09-07T07:48:47.421676
2659,7,4,20220501,4549.00,1165.00,3384.00,290.47,May 2022 Pricing Master,2026-09-07T07:48:47.421676
2660,12,4,20220501,2449.00,795.00,1654.00,208.05,May 2022 Pricing Master,2026-09-07T07:48:47.421676
2661,3,4,20220501,299.00,150.00,149.00,99.33,May 2022 Pricing Master,2026-09-07T07:48:47.421676
2662,2,4,20220501,199.00,100.00,99.00,99.00,May 2022 Pricing Master,2026-09-07T07:48:47.421676
2663,6,4,20220501,1695.00,899.00,796.00,88.54,May 2022 Pricing Master,2026-09-07T07:48:47.421676
2664,1326,4,20220501,1695.00,699.00,996.00,142.49,May 2022 Pricing Master,2026-09-07T07:48:47.421676
2665,766,4,20220501,1595.00,381.00,1214.00,318.64,May 2022 Pricing Master,2026-09-07T07:48:47.421676
2666,735,4,20220501,2295.00,570.00,1725.00,302.63,May 2022 Pricing Master,2026-09-07T07:48:47.421676
2667,1330,4,20220501,3149.00,895.00,2254.00,251.84,May 2022 Pricing Master,2026-09-07T07:48:47.421676
2668,1328,4,20220501,3149.00,895.00,2254.00,251.84,May 2022 Pricing Master,2026-09-07T07:48:47.421676
2669,5,4,20220501,3499.00,995.00,2504.00,251.66,May 2022 Pricing Master,2026-09-07T07:48:47.421676
2670,1324,4,20220501,4049.00,1395.00,2654.00,190.25,May 2022 Pricing Master,2026-09-07T07:48:47.421676
2671,30,4,20220501,299.00,126.00,173.00,137.30,May 2022 Pricing Master,2026-09-07T07:48:47.421676
2672,32,4,20220501,499.00,252.00,247.00,98.02,May 2022 Pricing Master,2026-09-07T07:48:47.421676
2673,31,4,20220501,299.00,126.00,173.00,137.30,May 2022 Pricing Master,2026-09-07T07:48:47.421676
2674,1297,4,20220501,1995.00,500.00,1495.00,299.00,May 2022 Pricing Master,2026-09-07T07:48:47.421676
2675,1100,4,20220501,2195.00,425.00,1770.00,416.47,May 2022 Pricing Master,2026-09-07T07:48:47.421676
2676,1325,4,20220501,4899.00,1395.00,3504.00,251.18,May 2022 Pricing Master,2026-09-07T07:48:47.421676
2677,36,4,20220501,3149.00,806.00,2343.00,290.69,May 2022 Pricing Master,2026-09-07T07:48:47.421676
2678,34,4,20220501,3149.00,859.00,2290.00,266.59,May 2022 Pricing Master,2026-09-07T07:48:47.421676
2679,1259,4,20220501,2195.00,615.00,1580.00,256.91,May 2022 Pricing Master,2026-09-07T07:48:47.421676
2680,1102,4,20220501,2195.00,425.00,1770.00,416.47,May 2022 Pricing Master,2026-09-07T07:48:47.421676
2681,20,4,20220501,2494.00,818.00,1676.00,204.89,May 2022 Pricing Master,2026-09-07T07:48:47.421676
2682,1304,4,20220501,1695.00,395.00,1300.00,329.11,May 2022 Pricing Master,2026-09-07T07:48:47.421676
2683,1302,4,20220501,1695.00,395.00,1300.00,329.11,May 2022 Pricing Master,2026-09-07T07:48:47.421676
2684,1301,4,20220501,1695.00,395.00,1300.00,329.11,May 2022 Pricing Master,2026-09-07T07:48:47.421676
2685,1300,4,20220501,1695.00,395.00,1300.00,329.11,May 2022 Pricing Master,2026-09-07T07:48:47.421676
2686,1303,4,20220501,1695.00,395.00,1300.00,329.11,May 2022 Pricing Master,2026-09-07T07:48:47.421676
2687,1298,4,20220501,1695.00,395.00,1300.00,329.11,May 2022 Pricing Master,2026-09-07T07:48:47.421676
2688,1299,4,20220501,1695.00,395.00,1300.00,329.11,May 2022 Pricing Master,2026-09-07T07:48:47.421676
2689,1318,4,20220501,1995.00,425.00,1570.00,369.41,May 2022 Pricing Master,2026-09-07T07:48:47.421676
2690,1316,4,20220501,1995.00,425.00,1570.00,369.41,May 2022 Pricing Master,2026-09-07T07:48:47.421676
2691,1315,4,20220501,1995.00,425.00,1570.00,369.41,May 2022 Pricing Master,2026-09-07T07:48:47.421676
2692,1314,4,20220501,1995.00,425.00,1570.00,369.41,May 2022 Pricing Master,2026-09-07T07:48:47.421676
2693,1317,4,20220501,1995.00,425.00,1570.00,369.41,May 2022 Pricing Master,2026-09-07T07:48:47.421676
2694,1312,4,20220501,1995.00,425.00,1570.00,369.41,May 2022 Pricing Master,2026-09-07T07:48:47.421676
2695,1313,4,20220501,1995.00,425.00,1570.00,369.41,May 2022 Pricing Master,2026-09-07T07:48:47.421676
2696,1311,4,20220501,1795.00,435.00,1360.00,312.64,May 2022 Pricing Master,2026-09-07T07:48:47.421676
2697,1309,4,20220501,1795.00,435.00,1360.00,312.64,May 2022 Pricing Master,2026-09-07T07:48:47.421676
2698,1308,4,20220501,1795.00,435.00,1360.00,312.64,May 2022 Pricing Master,2026-09-07T07:48:47.421676
2699,1307,4,20220501,1795.00,435.00,1360.00,312.64,May 2022 Pricing Master,2026-09-07T07:48:47.421676
2700,1310,4,20220501,1795.00,435.00,1360.00,312.64,May 2022 Pricing Master,2026-09-07T07:48:47.421676
2701,1305,4,20220501,1795.00,435.00,1360.00,312.64,May 2022 Pricing Master,2026-09-07T07:48:47.421676
2702,1306,4,20220501,1795.00,435.00,1360.00,312.64,May 2022 Pricing Master,2026-09-07T07:48:47.421676
2703,23,4,20220501,2494.00,818.00,1676.00,204.89,May 2022 Pricing Master,2026-09-07T07:48:47.421676
2704,1101,4,20220501,2195.00,425.00,1770.00,416.47,May 2022 Pricing Master,2026-09-07T07:48:47.421676
2705,11,4,20220501,4549.00,1165.00,3384.00,290.47,May 2022 Pricing Master,2026-09-07T07:48:47.421676
2706,4,4,20220501,630.50,630.50,0.00,0.00,May 2022 Pricing Master,2026-09-07T07:48:47.421676
2707,1331,4,20220501,498.00,498.00,0.00,0.00,May 2022 Pricing Master,2026-09-07T07:48:47.421676
2708,1258,4,20220501,2195.00,615.00,1580.00,256.91,May 2022 Pricing Master,2026-09-07T07:48:47.421676
2709,1327,4,20220501,1365.00,1523.00,-158.00,-10.37,May 2022 Pricing Master,2026-09-07T07:48:47.421676
2710,33,4,20220501,733.95,733.95,0.00,0.00,May 2022 Pricing Master,2026-09-07T07:48:47.421676
2711,554,4,20220501,1995.00,425.00,1570.00,369.41,May 2022 Pricing Master,2026-09-07T07:48:47.421676
2712,537,4,20220501,1695.00,424.00,1271.00,299.76,May 2022 Pricing Master,2026-09-07T07:48:47.421676
2713,35,4,20220501,3149.00,859.00,2290.00,266.59,May 2022 Pricing Master,2026-09-07T07:48:47.421676
2714,15,4,20220501,2494.00,818.00,1676.00,204.89,May 2022 Pricing Master,2026-09-07T07:48:47.421676
2715,16,4,20220501,2494.00,818.00,1676.00,204.89,May 2022 Pricing Master,2026-09-07T07:48:47.421676
2716,17,4,20220501,2494.00,818.00,1676.00,204.89,May 2022 Pricing Master,2026-09-07T07:48:47.421676
2717,18,4,20220501,2494.00,818.00,1676.00,204.89,May 2022 Pricing Master,2026-09-07T07:48:47.421676
2718,19,4,20220501,2494.00,818.00,1676.00,204.89,May 2022 Pricing Master,2026-09-07T07:48:47.421676
2719,21,4,20220501,2494.00,818.00,1676.00,204.89,May 2022 Pricing Master,2026-09-07T07:48:47.421676
2720,22,4,20220501,2494.00,818.00,1676.00,204.89,May 2022 Pricing Master,2026-09-07T07:48:47.421676
2721,24,4,20220501,2494.00,818.00,1676.00,204.89,May 2022 Pricing Master,2026-09-07T07:48:47.421676
2722,25,4,20220501,2494.00,818.00,1676.00,204.89,May 2022 Pricing Master,2026-09-07T07:48:47.421676
2723,26,4,20220501,2494.00,818.00,1676.00,204.89,May 2022 Pricing Master,2026-09-07T07:48:47.421676
2724,27,4,20220501,2494.00,818.00,1676.00,204.89,May 2022 Pricing Master,2026-09-07T07:48:47.421676
2725,28,4,20220501,2494.00,818.00,1676.00,204.89,May 2022 Pricing Master,2026-09-07T07:48:47.421676
2726,29,4,20220501,2494.00,818.00,1676.00,204.89,May 2022 Pricing Master,2026-09-07T07:48:47.421676
2727,540,4,20220501,1695.00,424.00,1271.00,299.76,May 2022 Pricing Master,2026-09-07T07:48:47.421676
2728,1296,4,20220501,1995.00,467.00,1528.00,327.19,May 2022 Pricing Master,2026-09-07T07:48:47.421676
2729,1294,4,20220501,1995.00,467.00,1528.00,327.19,May 2022 Pricing Master,2026-09-07T07:48:47.421676
2730,1293,4,20220501,1995.00,467.00,1528.00,327.19,May 2022 Pricing Master,2026-09-07T07:48:47.421676
2731,1292,4,20220501,1995.00,467.00,1528.00,327.19,May 2022 Pricing Master,2026-09-07T07:48:47.421676
2732,1295,4,20220501,1995.00,467.00,1528.00,327.19,May 2022 Pricing Master,2026-09-07T07:48:47.421676
2733,1290,4,20220501,1995.00,467.00,1528.00,327.19,May 2022 Pricing Master,2026-09-07T07:48:47.421676
2734,1291,4,20220501,1995.00,467.00,1528.00,327.19,May 2022 Pricing Master,2026-09-07T07:48:47.421676
2735,813,6,20220501,2295.00,538.00,1757.00,326.58,May 2022 Pricing Master,2026-09-07T07:48:47.421676
2736,812,6,20220501,2295.00,538.00,1757.00,326.58,May 2022 Pricing Master,2026-09-07T07:48:47.421676
2737,811,6,20220501,2295.00,538.00,1757.00,326.58,May 2022 Pricing Master,2026-09-07T07:48:47.421676
2738,814,6,20220501,2295.00,538.00,1757.00,326.58,May 2022 Pricing Master,2026-09-07T07:48:47.421676
2739,809,6,20220501,2295.00,538.00,1757.00,326.58,May 2022 Pricing Master,2026-09-07T07:48:47.421676
2740,810,6,20220501,2295.00,538.00,1757.00,326.58,May 2022 Pricing Master,2026-09-07T07:48:47.421676
2741,914,6,20220501,2295.00,538.00,1757.00,326.58,May 2022 Pricing Master,2026-09-07T07:48:47.421676
2742,913,6,20220501,2295.00,538.00,1757.00,326.58,May 2022 Pricing Master,2026-09-07T07:48:47.421676
2743,912,6,20220501,2295.00,538.00,1757.00,326.58,May 2022 Pricing Master,2026-09-07T07:48:47.421676
2744,915,6,20220501,2295.00,538.00,1757.00,326.58,May 2022 Pricing Master,2026-09-07T07:48:47.421676
2745,910,6,20220501,2295.00,538.00,1757.00,326.58,May 2022 Pricing Master,2026-09-07T07:48:47.421676
2746,911,6,20220501,2295.00,538.00,1757.00,326.58,May 2022 Pricing Master,2026-09-07T07:48:47.421676
2747,849,6,20220501,2295.00,538.00,1757.00,326.58,May 2022 Pricing Master,2026-09-07T07:48:47.421676
2748,848,6,20220501,2295.00,538.00,1757.00,326.58,May 2022 Pricing Master,2026-09-07T07:48:47.421676
2749,847,6,20220501,2295.00,538.00,1757.00,326.58,May 2022 Pricing Master,2026-09-07T07:48:47.421676
2750,850,6,20220501,2295.00,538.00,1757.00,326.58,May 2022 Pricing Master,2026-09-07T07:48:47.421676
2751,845,6,20220501,2295.00,538.00,1757.00,326.58,May 2022 Pricing Master,2026-09-07T07:48:47.421676
2752,846,6,20220501,2295.00,538.00,1757.00,326.58,May 2022 Pricing Master,2026-09-07T07:48:47.421676
2753,860,6,20220501,2295.00,538.00,1757.00,326.58,May 2022 Pricing Master,2026-09-07T07:48:47.421676
2754,859,6,20220501,2295.00,538.00,1757.00,326.58,May 2022 Pricing Master,2026-09-07T07:48:47.421676
2755,858,6,20220501,2295.00,538.00,1757.00,326.58,May 2022 Pricing Master,2026-09-07T07:48:47.421676
2756,861,6,20220501,2295.00,538.00,1757.00,326.58,May 2022 Pricing Master,2026-09-07T07:48:47.421676
2757,856,6,20220501,2295.00,538.00,1757.00,326.58,May 2022 Pricing Master,2026-09-07T07:48:47.421676
2758,857,6,20220501,2295.00,538.00,1757.00,326.58,May 2022 Pricing Master,2026-09-07T07:48:47.421676
2759,819,6,20220501,2295.00,538.00,1757.00,326.58,May 2022 Pricing Master,2026-09-07T07:48:47.421676
2760,818,6,20220501,2295.00,538.00,1757.00,326.58,May 2022 Pricing Master,2026-09-07T07:48:47.421676
2761,817,6,20220501,2295.00,538.00,1757.00,326.58,May 2022 Pricing Master,2026-09-07T07:48:47.421676
2762,820,6,20220501,2295.00,538.00,1757.00,326.58,May 2022 Pricing Master,2026-09-07T07:48:47.421676
2763,815,6,20220501,2295.00,538.00,1757.00,326.58,May 2022 Pricing Master,2026-09-07T07:48:47.421676
2764,816,6,20220501,2295.00,538.00,1757.00,326.58,May 2022 Pricing Master,2026-09-07T07:48:47.421676
2765,789,6,20220501,2295.00,538.00,1757.00,326.58,May 2022 Pricing Master,2026-09-07T07:48:47.421676
2766,788,6,20220501,2295.00,538.00,1757.00,326.58,May 2022 Pricing Master,2026-09-07T07:48:47.421676
2767,787,6,20220501,2295.00,538.00,1757.00,326.58,May 2022 Pricing Master,2026-09-07T07:48:47.421676
2768,790,6,20220501,2295.00,538.00,1757.00,326.58,May 2022 Pricing Master,2026-09-07T07:48:47.421676
2769,785,6,20220501,2295.00,538.00,1757.00,326.58,May 2022 Pricing Master,2026-09-07T07:48:47.421676
2770,786,6,20220501,2295.00,538.00,1757.00,326.58,May 2022 Pricing Master,2026-09-07T07:48:47.421676
2771,667,6,20220501,1895.00,438.00,1457.00,332.65,May 2022 Pricing Master,2026-09-07T07:48:47.421676
2772,666,6,20220501,1895.00,438.00,1457.00,332.65,May 2022 Pricing Master,2026-09-07T07:48:47.421676
2773,665,6,20220501,1895.00,438.00,1457.00,332.65,May 2022 Pricing Master,2026-09-07T07:48:47.421676
2774,668,6,20220501,1895.00,438.00,1457.00,332.65,May 2022 Pricing Master,2026-09-07T07:48:47.421676
2775,663,6,20220501,1895.00,438.00,1457.00,332.65,May 2022 Pricing Master,2026-09-07T07:48:47.421676
2776,664,6,20220501,1895.00,438.00,1457.00,332.65,May 2022 Pricing Master,2026-09-07T07:48:47.421676
2777,727,6,20220501,1895.00,438.00,1457.00,332.65,May 2022 Pricing Master,2026-09-07T07:48:47.421676
2778,726,6,20220501,1895.00,438.00,1457.00,332.65,May 2022 Pricing Master,2026-09-07T07:48:47.421676
2779,725,6,20220501,1895.00,438.00,1457.00,332.65,May 2022 Pricing Master,2026-09-07T07:48:47.421676
2780,728,6,20220501,1895.00,438.00,1457.00,332.65,May 2022 Pricing Master,2026-09-07T07:48:47.421676
2781,723,6,20220501,1895.00,438.00,1457.00,332.65,May 2022 Pricing Master,2026-09-07T07:48:47.421676
2782,724,6,20220501,1895.00,438.00,1457.00,332.65,May 2022 Pricing Master,2026-09-07T07:48:47.421676
2783,758,6,20220501,1895.00,438.00,1457.00,332.65,May 2022 Pricing Master,2026-09-07T07:48:47.421676
2784,757,6,20220501,1895.00,438.00,1457.00,332.65,May 2022 Pricing Master,2026-09-07T07:48:47.421676
2785,756,6,20220501,1895.00,438.00,1457.00,332.65,May 2022 Pricing Master,2026-09-07T07:48:47.421676
2786,759,6,20220501,1895.00,438.00,1457.00,332.65,May 2022 Pricing Master,2026-09-07T07:48:47.421676
2787,754,6,20220501,1895.00,438.00,1457.00,332.65,May 2022 Pricing Master,2026-09-07T07:48:47.421676
2788,755,6,20220501,1895.00,438.00,1457.00,332.65,May 2022 Pricing Master,2026-09-07T07:48:47.421676
2789,890,6,20220501,1895.00,438.00,1457.00,332.65,May 2022 Pricing Master,2026-09-07T07:48:47.421676
2790,889,6,20220501,1895.00,438.00,1457.00,332.65,May 2022 Pricing Master,2026-09-07T07:48:47.421676
2791,888,6,20220501,1895.00,438.00,1457.00,332.65,May 2022 Pricing Master,2026-09-07T07:48:47.421676
2792,891,6,20220501,1895.00,438.00,1457.00,332.65,May 2022 Pricing Master,2026-09-07T07:48:47.421676
2793,886,6,20220501,1895.00,438.00,1457.00,332.65,May 2022 Pricing Master,2026-09-07T07:48:47.421676
2794,887,6,20220501,1895.00,438.00,1457.00,332.65,May 2022 Pricing Master,2026-09-07T07:48:47.421676
2795,746,6,20220501,1895.00,438.00,1457.00,332.65,May 2022 Pricing Master,2026-09-07T07:48:47.421676
2796,745,6,20220501,1895.00,438.00,1457.00,332.65,May 2022 Pricing Master,2026-09-07T07:48:47.421676
2797,744,6,20220501,1895.00,438.00,1457.00,332.65,May 2022 Pricing Master,2026-09-07T07:48:47.421676
2798,747,6,20220501,1895.00,438.00,1457.00,332.65,May 2022 Pricing Master,2026-09-07T07:48:47.421676
2799,742,6,20220501,1895.00,438.00,1457.00,332.65,May 2022 Pricing Master,2026-09-07T07:48:47.421676
2800,743,6,20220501,1895.00,438.00,1457.00,332.65,May 2022 Pricing Master,2026-09-07T07:48:47.421676
2801,715,6,20220501,1895.00,438.00,1457.00,332.65,May 2022 Pricing Master,2026-09-07T07:48:47.421676
2802,714,6,20220501,1895.00,438.00,1457.00,332.65,May 2022 Pricing Master,2026-09-07T07:48:47.421676
2803,713,6,20220501,1895.00,438.00,1457.00,332.65,May 2022 Pricing Master,2026-09-07T07:48:47.421676
2804,716,6,20220501,1895.00,438.00,1457.00,332.65,May 2022 Pricing Master,2026-09-07T07:48:47.421676
2805,711,6,20220501,1895.00,438.00,1457.00,332.65,May 2022 Pricing Master,2026-09-07T07:48:47.421676
2806,712,6,20220501,1895.00,438.00,1457.00,332.65,May 2022 Pricing Master,2026-09-07T07:48:47.421676
2807,673,6,20220501,1895.00,438.00,1457.00,332.65,May 2022 Pricing Master,2026-09-07T07:48:47.421676
2808,672,6,20220501,1895.00,438.00,1457.00,332.65,May 2022 Pricing Master,2026-09-07T07:48:47.421676
2809,671,6,20220501,1895.00,438.00,1457.00,332.65,May 2022 Pricing Master,2026-09-07T07:48:47.421676
2810,674,6,20220501,1895.00,438.00,1457.00,332.65,May 2022 Pricing Master,2026-09-07T07:48:47.421676
2811,669,6,20220501,1895.00,438.00,1457.00,332.65,May 2022 Pricing Master,2026-09-07T07:48:47.421676
2812,670,6,20220501,1895.00,438.00,1457.00,332.65,May 2022 Pricing Master,2026-09-07T07:48:47.421676
2813,831,6,20220501,1895.00,438.00,1457.00,332.65,May 2022 Pricing Master,2026-09-07T07:48:47.421676
2814,830,6,20220501,1895.00,438.00,1457.00,332.65,May 2022 Pricing Master,2026-09-07T07:48:47.421676
2815,829,6,20220501,1895.00,438.00,1457.00,332.65,May 2022 Pricing Master,2026-09-07T07:48:47.421676
2816,832,6,20220501,1895.00,438.00,1457.00,332.65,May 2022 Pricing Master,2026-09-07T07:48:47.421676
2817,827,6,20220501,1895.00,438.00,1457.00,332.65,May 2022 Pricing Master,2026-09-07T07:48:47.421676
2818,828,6,20220501,1895.00,438.00,1457.00,332.65,May 2022 Pricing Master,2026-09-07T07:48:47.421676
2819,884,6,20220501,2195.00,505.00,1690.00,334.65,May 2022 Pricing Master,2026-09-07T07:48:47.421676
2820,883,6,20220501,2195.00,505.00,1690.00,334.65,May 2022 Pricing Master,2026-09-07T07:48:47.421676
2821,882,6,20220501,2195.00,505.00,1690.00,334.65,May 2022 Pricing Master,2026-09-07T07:48:47.421676
2822,885,6,20220501,2195.00,505.00,1690.00,334.65,May 2022 Pricing Master,2026-09-07T07:48:47.421676
2823,880,6,20220501,2195.00,505.00,1690.00,334.65,May 2022 Pricing Master,2026-09-07T07:48:47.421676
2824,881,6,20220501,2195.00,505.00,1690.00,334.65,May 2022 Pricing Master,2026-09-07T07:48:47.421676
2825,783,6,20220501,2195.00,505.00,1690.00,334.65,May 2022 Pricing Master,2026-09-07T07:48:47.421676
2826,782,6,20220501,2195.00,505.00,1690.00,334.65,May 2022 Pricing Master,2026-09-07T07:48:47.421676
2827,781,6,20220501,2195.00,505.00,1690.00,334.65,May 2022 Pricing Master,2026-09-07T07:48:47.421676
2828,784,6,20220501,2195.00,505.00,1690.00,334.65,May 2022 Pricing Master,2026-09-07T07:48:47.421676
2829,779,6,20220501,2195.00,505.00,1690.00,334.65,May 2022 Pricing Master,2026-09-07T07:48:47.421676
2830,780,6,20220501,2195.00,505.00,1690.00,334.65,May 2022 Pricing Master,2026-09-07T07:48:47.421676
2831,631,6,20220501,2195.00,505.00,1690.00,334.65,May 2022 Pricing Master,2026-09-07T07:48:47.421676
2832,630,6,20220501,2195.00,505.00,1690.00,334.65,May 2022 Pricing Master,2026-09-07T07:48:47.421676
2833,629,6,20220501,2195.00,505.00,1690.00,334.65,May 2022 Pricing Master,2026-09-07T07:48:47.421676
2834,632,6,20220501,2195.00,505.00,1690.00,334.65,May 2022 Pricing Master,2026-09-07T07:48:47.421676
2835,627,6,20220501,2195.00,505.00,1690.00,334.65,May 2022 Pricing Master,2026-09-07T07:48:47.421676
2836,628,6,20220501,2195.00,505.00,1690.00,334.65,May 2022 Pricing Master,2026-09-07T07:48:47.421676
2837,896,6,20220501,2195.00,505.00,1690.00,334.65,May 2022 Pricing Master,2026-09-07T07:48:47.421676
2838,895,6,20220501,2195.00,505.00,1690.00,334.65,May 2022 Pricing Master,2026-09-07T07:48:47.421676
2839,894,6,20220501,2195.00,505.00,1690.00,334.65,May 2022 Pricing Master,2026-09-07T07:48:47.421676
2840,897,6,20220501,2195.00,505.00,1690.00,334.65,May 2022 Pricing Master,2026-09-07T07:48:47.421676
2841,892,6,20220501,2195.00,505.00,1690.00,334.65,May 2022 Pricing Master,2026-09-07T07:48:47.421676
2842,893,6,20220501,2195.00,505.00,1690.00,334.65,May 2022 Pricing Master,2026-09-07T07:48:47.421676
2843,625,6,20220501,2195.00,505.00,1690.00,334.65,May 2022 Pricing Master,2026-09-07T07:48:47.421676
2844,624,6,20220501,2195.00,505.00,1690.00,334.65,May 2022 Pricing Master,2026-09-07T07:48:47.421676
2845,623,6,20220501,2195.00,505.00,1690.00,334.65,May 2022 Pricing Master,2026-09-07T07:48:47.421676
2846,626,6,20220501,2195.00,505.00,1690.00,334.65,May 2022 Pricing Master,2026-09-07T07:48:47.421676
2847,621,6,20220501,2195.00,505.00,1690.00,334.65,May 2022 Pricing Master,2026-09-07T07:48:47.421676
2848,622,6,20220501,2195.00,505.00,1690.00,334.65,May 2022 Pricing Master,2026-09-07T07:48:47.421676
2849,908,6,20220501,2195.00,505.00,1690.00,334.65,May 2022 Pricing Master,2026-09-07T07:48:47.421676
2850,907,6,20220501,2195.00,505.00,1690.00,334.65,May 2022 Pricing Master,2026-09-07T07:48:47.421676
2851,906,6,20220501,2195.00,505.00,1690.00,334.65,May 2022 Pricing Master,2026-09-07T07:48:47.421676
2852,909,6,20220501,2195.00,505.00,1690.00,334.65,May 2022 Pricing Master,2026-09-07T07:48:47.421676
2853,904,6,20220501,2195.00,505.00,1690.00,334.65,May 2022 Pricing Master,2026-09-07T07:48:47.421676
2854,905,6,20220501,2195.00,505.00,1690.00,334.65,May 2022 Pricing Master,2026-09-07T07:48:47.421676
2855,944,6,20220501,2495.00,590.00,1905.00,322.88,May 2022 Pricing Master,2026-09-07T07:48:47.421676
2856,943,6,20220501,2495.00,590.00,1905.00,322.88,May 2022 Pricing Master,2026-09-07T07:48:47.421676
2857,942,6,20220501,2495.00,590.00,1905.00,322.88,May 2022 Pricing Master,2026-09-07T07:48:47.421676
2858,945,6,20220501,2495.00,590.00,1905.00,322.88,May 2022 Pricing Master,2026-09-07T07:48:47.421676
2859,940,6,20220501,2495.00,590.00,1905.00,322.88,May 2022 Pricing Master,2026-09-07T07:48:47.421676
2860,941,6,20220501,2495.00,590.00,1905.00,322.88,May 2022 Pricing Master,2026-09-07T07:48:47.421676
2861,938,6,20220501,2495.00,590.00,1905.00,322.88,May 2022 Pricing Master,2026-09-07T07:48:47.421676
2862,937,6,20220501,2495.00,590.00,1905.00,322.88,May 2022 Pricing Master,2026-09-07T07:48:47.421676
2863,936,6,20220501,2495.00,590.00,1905.00,322.88,May 2022 Pricing Master,2026-09-07T07:48:47.421676
2864,939,6,20220501,2495.00,590.00,1905.00,322.88,May 2022 Pricing Master,2026-09-07T07:48:47.421676
2865,934,6,20220501,2495.00,590.00,1905.00,322.88,May 2022 Pricing Master,2026-09-07T07:48:47.421676
2866,935,6,20220501,2495.00,590.00,1905.00,322.88,May 2022 Pricing Master,2026-09-07T07:48:47.421676
2867,920,6,20220501,2495.00,590.00,1905.00,322.88,May 2022 Pricing Master,2026-09-07T07:48:47.421676
2868,919,6,20220501,2495.00,590.00,1905.00,322.88,May 2022 Pricing Master,2026-09-07T07:48:47.421676
2869,918,6,20220501,2495.00,590.00,1905.00,322.88,May 2022 Pricing Master,2026-09-07T07:48:47.421676
2870,921,6,20220501,2495.00,590.00,1905.00,322.88,May 2022 Pricing Master,2026-09-07T07:48:47.421676
2871,916,6,20220501,2495.00,590.00,1905.00,322.88,May 2022 Pricing Master,2026-09-07T07:48:47.421676
2872,917,6,20220501,2495.00,590.00,1905.00,322.88,May 2022 Pricing Master,2026-09-07T07:48:47.421676
2873,968,6,20220501,2495.00,590.00,1905.00,322.88,May 2022 Pricing Master,2026-09-07T07:48:47.421676
2874,967,6,20220501,2495.00,590.00,1905.00,322.88,May 2022 Pricing Master,2026-09-07T07:48:47.421676
2875,966,6,20220501,2495.00,590.00,1905.00,322.88,May 2022 Pricing Master,2026-09-07T07:48:47.421676
2876,969,6,20220501,2495.00,590.00,1905.00,322.88,May 2022 Pricing Master,2026-09-07T07:48:47.421676
2877,964,6,20220501,2495.00,590.00,1905.00,322.88,May 2022 Pricing Master,2026-09-07T07:48:47.421676
2878,965,6,20220501,2495.00,590.00,1905.00,322.88,May 2022 Pricing Master,2026-09-07T07:48:47.421676
2879,932,6,20220501,2495.00,590.00,1905.00,322.88,May 2022 Pricing Master,2026-09-07T07:48:47.421676
2880,931,6,20220501,2495.00,590.00,1905.00,322.88,May 2022 Pricing Master,2026-09-07T07:48:47.421676
2881,930,6,20220501,2495.00,590.00,1905.00,322.88,May 2022 Pricing Master,2026-09-07T07:48:47.421676
2882,933,6,20220501,2495.00,590.00,1905.00,322.88,May 2022 Pricing Master,2026-09-07T07:48:47.421676
2883,928,6,20220501,2495.00,590.00,1905.00,322.88,May 2022 Pricing Master,2026-09-07T07:48:47.421676
2884,929,6,20220501,2495.00,590.00,1905.00,322.88,May 2022 Pricing Master,2026-09-07T07:48:47.421676
2885,956,6,20220501,2495.00,590.00,1905.00,322.88,May 2022 Pricing Master,2026-09-07T07:48:47.421676
2886,955,6,20220501,2495.00,590.00,1905.00,322.88,May 2022 Pricing Master,2026-09-07T07:48:47.421676
2887,954,6,20220501,2495.00,590.00,1905.00,322.88,May 2022 Pricing Master,2026-09-07T07:48:47.421676
2888,957,6,20220501,2495.00,590.00,1905.00,322.88,May 2022 Pricing Master,2026-09-07T07:48:47.421676
2889,952,6,20220501,2495.00,590.00,1905.00,322.88,May 2022 Pricing Master,2026-09-07T07:48:47.421676
2890,953,6,20220501,2495.00,590.00,1905.00,322.88,May 2022 Pricing Master,2026-09-07T07:48:47.421676
2891,926,6,20220501,2495.00,590.00,1905.00,322.88,May 2022 Pricing Master,2026-09-07T07:48:47.421676
2892,925,6,20220501,2495.00,590.00,1905.00,322.88,May 2022 Pricing Master,2026-09-07T07:48:47.421676
2893,924,6,20220501,2495.00,590.00,1905.00,322.88,May 2022 Pricing Master,2026-09-07T07:48:47.421676
2894,927,6,20220501,2495.00,590.00,1905.00,322.88,May 2022 Pricing Master,2026-09-07T07:48:47.421676
2895,922,6,20220501,2495.00,590.00,1905.00,322.88,May 2022 Pricing Master,2026-09-07T07:48:47.421676
2896,923,6,20220501,2495.00,590.00,1905.00,322.88,May 2022 Pricing Master,2026-09-07T07:48:47.421676
2897,950,6,20220501,2495.00,590.00,1905.00,322.88,May 2022 Pricing Master,2026-09-07T07:48:47.421676
2898,949,6,20220501,2495.00,590.00,1905.00,322.88,May 2022 Pricing Master,2026-09-07T07:48:47.421676
2899,948,6,20220501,2495.00,590.00,1905.00,322.88,May 2022 Pricing Master,2026-09-07T07:48:47.421676
2900,951,6,20220501,2495.00,590.00,1905.00,322.88,May 2022 Pricing Master,2026-09-07T07:48:47.421676
2901,946,6,20220501,2495.00,590.00,1905.00,322.88,May 2022 Pricing Master,2026-09-07T07:48:47.421676
2902,947,6,20220501,2495.00,590.00,1905.00,322.88,May 2022 Pricing Master,2026-09-07T07:48:47.421676
2903,777,6,20220501,1595.00,381.00,1214.00,318.64,May 2022 Pricing Master,2026-09-07T07:48:47.421676
2904,776,6,20220501,1595.00,381.00,1214.00,318.64,May 2022 Pricing Master,2026-09-07T07:48:47.421676
2905,775,6,20220501,1595.00,381.00,1214.00,318.64,May 2022 Pricing Master,2026-09-07T07:48:47.421676
2906,778,6,20220501,1595.00,381.00,1214.00,318.64,May 2022 Pricing Master,2026-09-07T07:48:47.421676
2907,773,6,20220501,1595.00,381.00,1214.00,318.64,May 2022 Pricing Master,2026-09-07T07:48:47.421676
2908,774,6,20220501,1595.00,381.00,1214.00,318.64,May 2022 Pricing Master,2026-09-07T07:48:47.421676
2909,709,6,20220501,1595.00,381.00,1214.00,318.64,May 2022 Pricing Master,2026-09-07T07:48:47.421676
2910,708,6,20220501,1595.00,381.00,1214.00,318.64,May 2022 Pricing Master,2026-09-07T07:48:47.421676
2911,707,6,20220501,1595.00,381.00,1214.00,318.64,May 2022 Pricing Master,2026-09-07T07:48:47.421676
2912,710,6,20220501,1595.00,381.00,1214.00,318.64,May 2022 Pricing Master,2026-09-07T07:48:47.421676
2913,705,6,20220501,1595.00,381.00,1214.00,318.64,May 2022 Pricing Master,2026-09-07T07:48:47.421676
2914,706,6,20220501,1595.00,381.00,1214.00,318.64,May 2022 Pricing Master,2026-09-07T07:48:47.421676
2915,825,6,20220501,1595.00,381.00,1214.00,318.64,May 2022 Pricing Master,2026-09-07T07:48:47.421676
2916,824,6,20220501,1595.00,381.00,1214.00,318.64,May 2022 Pricing Master,2026-09-07T07:48:47.421676
2917,823,6,20220501,1595.00,381.00,1214.00,318.64,May 2022 Pricing Master,2026-09-07T07:48:47.421676
2918,826,6,20220501,1595.00,381.00,1214.00,318.64,May 2022 Pricing Master,2026-09-07T07:48:47.421676
2919,821,6,20220501,1595.00,381.00,1214.00,318.64,May 2022 Pricing Master,2026-09-07T07:48:47.421676
2920,822,6,20220501,1595.00,381.00,1214.00,318.64,May 2022 Pricing Master,2026-09-07T07:48:47.421676
2921,679,6,20220501,1595.00,381.00,1214.00,318.64,May 2022 Pricing Master,2026-09-07T07:48:47.421676
2922,678,6,20220501,1595.00,381.00,1214.00,318.64,May 2022 Pricing Master,2026-09-07T07:48:47.421676
2923,677,6,20220501,1595.00,381.00,1214.00,318.64,May 2022 Pricing Master,2026-09-07T07:48:47.421676
2924,680,6,20220501,1595.00,381.00,1214.00,318.64,May 2022 Pricing Master,2026-09-07T07:48:47.421676
2925,675,6,20220501,1595.00,381.00,1214.00,318.64,May 2022 Pricing Master,2026-09-07T07:48:47.421676
2926,676,6,20220501,1595.00,381.00,1214.00,318.64,May 2022 Pricing Master,2026-09-07T07:48:47.421676
2927,764,6,20220501,1595.00,381.00,1214.00,318.64,May 2022 Pricing Master,2026-09-07T07:48:47.421676
2928,763,6,20220501,1595.00,381.00,1214.00,318.64,May 2022 Pricing Master,2026-09-07T07:48:47.421676
2929,762,6,20220501,1595.00,381.00,1214.00,318.64,May 2022 Pricing Master,2026-09-07T07:48:47.421676
2930,765,6,20220501,1595.00,381.00,1214.00,318.64,May 2022 Pricing Master,2026-09-07T07:48:47.421676
2931,760,6,20220501,1595.00,381.00,1214.00,318.64,May 2022 Pricing Master,2026-09-07T07:48:47.421676
2932,761,6,20220501,1595.00,381.00,1214.00,318.64,May 2022 Pricing Master,2026-09-07T07:48:47.421676
2933,771,6,20220501,1595.00,381.00,1214.00,318.64,May 2022 Pricing Master,2026-09-07T07:48:47.421676
2934,770,6,20220501,1595.00,381.00,1214.00,318.64,May 2022 Pricing Master,2026-09-07T07:48:47.421676
2935,769,6,20220501,1595.00,381.00,1214.00,318.64,May 2022 Pricing Master,2026-09-07T07:48:47.421676
2936,772,6,20220501,1595.00,381.00,1214.00,318.64,May 2022 Pricing Master,2026-09-07T07:48:47.421676
2937,767,6,20220501,1595.00,381.00,1214.00,318.64,May 2022 Pricing Master,2026-09-07T07:48:47.421676
2938,768,6,20220501,1595.00,381.00,1214.00,318.64,May 2022 Pricing Master,2026-09-07T07:48:47.421676
2939,601,6,20220501,1595.00,381.00,1214.00,318.64,May 2022 Pricing Master,2026-09-07T07:48:47.421676
2940,600,6,20220501,1595.00,381.00,1214.00,318.64,May 2022 Pricing Master,2026-09-07T07:48:47.421676
2941,599,6,20220501,1595.00,381.00,1214.00,318.64,May 2022 Pricing Master,2026-09-07T07:48:47.421676
2942,602,6,20220501,1595.00,381.00,1214.00,318.64,May 2022 Pricing Master,2026-09-07T07:48:47.421676
2943,597,6,20220501,1595.00,381.00,1214.00,318.64,May 2022 Pricing Master,2026-09-07T07:48:47.421676
2944,598,6,20220501,1595.00,381.00,1214.00,318.64,May 2022 Pricing Master,2026-09-07T07:48:47.421676
2945,980,6,20220501,3995.00,952.00,3043.00,319.64,May 2022 Pricing Master,2026-09-07T07:48:47.421676
2946,979,6,20220501,3995.00,952.00,3043.00,319.64,May 2022 Pricing Master,2026-09-07T07:48:47.421676
2947,978,6,20220501,3995.00,952.00,3043.00,319.64,May 2022 Pricing Master,2026-09-07T07:48:47.421676
2948,981,6,20220501,3995.00,952.00,3043.00,319.64,May 2022 Pricing Master,2026-09-07T07:48:47.421676
2949,976,6,20220501,3995.00,952.00,3043.00,319.64,May 2022 Pricing Master,2026-09-07T07:48:47.421676
2950,977,6,20220501,3995.00,952.00,3043.00,319.64,May 2022 Pricing Master,2026-09-07T07:48:47.421676
2951,974,6,20220501,3995.00,952.00,3043.00,319.64,May 2022 Pricing Master,2026-09-07T07:48:47.421676
2952,973,6,20220501,3995.00,952.00,3043.00,319.64,May 2022 Pricing Master,2026-09-07T07:48:47.421676
2953,972,6,20220501,3995.00,952.00,3043.00,319.64,May 2022 Pricing Master,2026-09-07T07:48:47.421676
2954,975,6,20220501,3995.00,952.00,3043.00,319.64,May 2022 Pricing Master,2026-09-07T07:48:47.421676
2955,970,6,20220501,3995.00,952.00,3043.00,319.64,May 2022 Pricing Master,2026-09-07T07:48:47.421676
2956,971,6,20220501,3995.00,952.00,3043.00,319.64,May 2022 Pricing Master,2026-09-07T07:48:47.421676
2957,655,6,20220501,2395.00,570.00,1825.00,320.18,May 2022 Pricing Master,2026-09-07T07:48:47.421676
2958,654,6,20220501,2395.00,570.00,1825.00,320.18,May 2022 Pricing Master,2026-09-07T07:48:47.421676
2959,653,6,20220501,2395.00,570.00,1825.00,320.18,May 2022 Pricing Master,2026-09-07T07:48:47.421676
2960,656,6,20220501,2395.00,570.00,1825.00,320.18,May 2022 Pricing Master,2026-09-07T07:48:47.421676
2961,651,6,20220501,2395.00,570.00,1825.00,320.18,May 2022 Pricing Master,2026-09-07T07:48:47.421676
2962,652,6,20220501,2395.00,570.00,1825.00,320.18,May 2022 Pricing Master,2026-09-07T07:48:47.421676
2963,837,6,20220501,2195.00,519.00,1676.00,322.93,May 2022 Pricing Master,2026-09-07T07:48:47.421676
2964,836,6,20220501,2195.00,519.00,1676.00,322.93,May 2022 Pricing Master,2026-09-07T07:48:47.421676
2965,835,6,20220501,2195.00,519.00,1676.00,322.93,May 2022 Pricing Master,2026-09-07T07:48:47.421676
2966,838,6,20220501,2195.00,519.00,1676.00,322.93,May 2022 Pricing Master,2026-09-07T07:48:47.421676
2967,833,6,20220501,2195.00,519.00,1676.00,322.93,May 2022 Pricing Master,2026-09-07T07:48:47.421676
2968,834,6,20220501,2195.00,519.00,1676.00,322.93,May 2022 Pricing Master,2026-09-07T07:48:47.421676
2969,643,6,20220501,2995.00,714.00,2281.00,319.47,May 2022 Pricing Master,2026-09-07T07:48:47.421676
2970,642,6,20220501,2995.00,714.00,2281.00,319.47,May 2022 Pricing Master,2026-09-07T07:48:47.421676
2971,641,6,20220501,2995.00,714.00,2281.00,319.47,May 2022 Pricing Master,2026-09-07T07:48:47.421676
2972,644,6,20220501,2995.00,714.00,2281.00,319.47,May 2022 Pricing Master,2026-09-07T07:48:47.421676
2973,639,6,20220501,2995.00,714.00,2281.00,319.47,May 2022 Pricing Master,2026-09-07T07:48:47.421676
2974,640,6,20220501,2995.00,714.00,2281.00,319.47,May 2022 Pricing Master,2026-09-07T07:48:47.421676
2975,661,6,20220501,2195.00,519.00,1676.00,322.93,May 2022 Pricing Master,2026-09-07T07:48:47.421676
2976,660,6,20220501,2195.00,519.00,1676.00,322.93,May 2022 Pricing Master,2026-09-07T07:48:47.421676
2977,659,6,20220501,2195.00,519.00,1676.00,322.93,May 2022 Pricing Master,2026-09-07T07:48:47.421676
2978,662,6,20220501,2195.00,519.00,1676.00,322.93,May 2022 Pricing Master,2026-09-07T07:48:47.421676
2979,657,6,20220501,2195.00,519.00,1676.00,322.93,May 2022 Pricing Master,2026-09-07T07:48:47.421676
2980,658,6,20220501,2195.00,519.00,1676.00,322.93,May 2022 Pricing Master,2026-09-07T07:48:47.421676
2981,649,6,20220501,2495.00,595.00,1900.00,319.33,May 2022 Pricing Master,2026-09-07T07:48:47.421676
2982,648,6,20220501,2495.00,595.00,1900.00,319.33,May 2022 Pricing Master,2026-09-07T07:48:47.421676
2983,647,6,20220501,2495.00,595.00,1900.00,319.33,May 2022 Pricing Master,2026-09-07T07:48:47.421676
2984,650,6,20220501,2495.00,595.00,1900.00,319.33,May 2022 Pricing Master,2026-09-07T07:48:47.421676
2985,645,6,20220501,2495.00,595.00,1900.00,319.33,May 2022 Pricing Master,2026-09-07T07:48:47.421676
2986,646,6,20220501,2495.00,595.00,1900.00,319.33,May 2022 Pricing Master,2026-09-07T07:48:47.421676
2987,843,6,20220501,1995.00,467.00,1528.00,327.19,May 2022 Pricing Master,2026-09-07T07:48:47.421676
2988,842,6,20220501,1995.00,467.00,1528.00,327.19,May 2022 Pricing Master,2026-09-07T07:48:47.421676
2989,841,6,20220501,1995.00,467.00,1528.00,327.19,May 2022 Pricing Master,2026-09-07T07:48:47.421676
2990,844,6,20220501,1995.00,467.00,1528.00,327.19,May 2022 Pricing Master,2026-09-07T07:48:47.421676
2991,839,6,20220501,1995.00,467.00,1528.00,327.19,May 2022 Pricing Master,2026-09-07T07:48:47.421676
2992,840,6,20220501,1995.00,467.00,1528.00,327.19,May 2022 Pricing Master,2026-09-07T07:48:47.421676
2993,607,6,20220501,2395.00,552.00,1843.00,333.88,May 2022 Pricing Master,2026-09-07T07:48:47.421676
2994,606,6,20220501,2395.00,552.00,1843.00,333.88,May 2022 Pricing Master,2026-09-07T07:48:47.421676
2995,605,6,20220501,2395.00,552.00,1843.00,333.88,May 2022 Pricing Master,2026-09-07T07:48:47.421676
2996,608,6,20220501,2395.00,552.00,1843.00,333.88,May 2022 Pricing Master,2026-09-07T07:48:47.421676
2997,603,6,20220501,2395.00,552.00,1843.00,333.88,May 2022 Pricing Master,2026-09-07T07:48:47.421676
2998,604,6,20220501,2395.00,552.00,1843.00,333.88,May 2022 Pricing Master,2026-09-07T07:48:47.421676
2999,685,6,20220501,2295.00,529.00,1766.00,333.84,May 2022 Pricing Master,2026-09-07T07:48:47.421676
3000,684,6,20220501,2295.00,529.00,1766.00,333.84,May 2022 Pricing Master,2026-09-07T07:48:47.421676
3001,683,6,20220501,2295.00,529.00,1766.00,333.84,May 2022 Pricing Master,2026-09-07T07:48:47.421676
3002,686,6,20220501,2295.00,529.00,1766.00,333.84,May 2022 Pricing Master,2026-09-07T07:48:47.421676
3003,681,6,20220501,2295.00,529.00,1766.00,333.84,May 2022 Pricing Master,2026-09-07T07:48:47.421676
3004,682,6,20220501,2295.00,529.00,1766.00,333.84,May 2022 Pricing Master,2026-09-07T07:48:47.421676
3005,962,6,20220501,2795.00,662.00,2133.00,322.21,May 2022 Pricing Master,2026-09-07T07:48:47.421676
3006,961,6,20220501,2795.00,662.00,2133.00,322.21,May 2022 Pricing Master,2026-09-07T07:48:47.421676
3007,960,6,20220501,2795.00,662.00,2133.00,322.21,May 2022 Pricing Master,2026-09-07T07:48:47.421676
3008,963,6,20220501,2795.00,662.00,2133.00,322.21,May 2022 Pricing Master,2026-09-07T07:48:47.421676
3009,958,6,20220501,2795.00,662.00,2133.00,322.21,May 2022 Pricing Master,2026-09-07T07:48:47.421676
3010,959,6,20220501,2795.00,662.00,2133.00,322.21,May 2022 Pricing Master,2026-09-07T07:48:47.421676
3011,697,6,20220501,2295.00,538.00,1757.00,326.58,May 2022 Pricing Master,2026-09-07T07:48:47.421676
3012,696,6,20220501,2295.00,538.00,1757.00,326.58,May 2022 Pricing Master,2026-09-07T07:48:47.421676
3013,695,6,20220501,2295.00,538.00,1757.00,326.58,May 2022 Pricing Master,2026-09-07T07:48:47.421676
3014,698,6,20220501,2295.00,538.00,1757.00,326.58,May 2022 Pricing Master,2026-09-07T07:48:47.421676
3015,693,6,20220501,2295.00,538.00,1757.00,326.58,May 2022 Pricing Master,2026-09-07T07:48:47.421676
3016,694,6,20220501,2295.00,538.00,1757.00,326.58,May 2022 Pricing Master,2026-09-07T07:48:47.421676
3017,691,6,20220501,2295.00,529.00,1766.00,333.84,May 2022 Pricing Master,2026-09-07T07:48:47.421676
3018,690,6,20220501,2295.00,529.00,1766.00,333.84,May 2022 Pricing Master,2026-09-07T07:48:47.421676
3019,689,6,20220501,2295.00,529.00,1766.00,333.84,May 2022 Pricing Master,2026-09-07T07:48:47.421676
3020,692,6,20220501,2295.00,529.00,1766.00,333.84,May 2022 Pricing Master,2026-09-07T07:48:47.421676
3021,626,8,20220501,2195.00,505.00,1690.00,334.65,May 2022 Pricing Master,2026-09-07T07:48:47.421676
3022,621,8,20220501,2195.00,505.00,1690.00,334.65,May 2022 Pricing Master,2026-09-07T07:48:47.421676
3023,622,8,20220501,2195.00,505.00,1690.00,334.65,May 2022 Pricing Master,2026-09-07T07:48:47.421676
3024,908,8,20220501,2195.00,505.00,1690.00,334.65,May 2022 Pricing Master,2026-09-07T07:48:47.421676
3025,907,8,20220501,2195.00,505.00,1690.00,334.65,May 2022 Pricing Master,2026-09-07T07:48:47.421676
3026,906,8,20220501,2195.00,505.00,1690.00,334.65,May 2022 Pricing Master,2026-09-07T07:48:47.421676
3027,909,8,20220501,2195.00,505.00,1690.00,334.65,May 2022 Pricing Master,2026-09-07T07:48:47.421676
3028,904,8,20220501,2195.00,505.00,1690.00,334.65,May 2022 Pricing Master,2026-09-07T07:48:47.421676
3029,905,8,20220501,2195.00,505.00,1690.00,334.65,May 2022 Pricing Master,2026-09-07T07:48:47.421676
3030,944,8,20220501,2495.00,590.00,1905.00,322.88,May 2022 Pricing Master,2026-09-07T07:48:47.421676
3031,943,8,20220501,2495.00,590.00,1905.00,322.88,May 2022 Pricing Master,2026-09-07T07:48:47.421676
3032,942,8,20220501,2495.00,590.00,1905.00,322.88,May 2022 Pricing Master,2026-09-07T07:48:47.421676
3033,945,8,20220501,2495.00,590.00,1905.00,322.88,May 2022 Pricing Master,2026-09-07T07:48:47.421676
3034,940,8,20220501,2495.00,590.00,1905.00,322.88,May 2022 Pricing Master,2026-09-07T07:48:47.421676
3035,941,8,20220501,2495.00,590.00,1905.00,322.88,May 2022 Pricing Master,2026-09-07T07:48:47.421676
3036,938,8,20220501,2495.00,590.00,1905.00,322.88,May 2022 Pricing Master,2026-09-07T07:48:47.421676
3037,937,8,20220501,2495.00,590.00,1905.00,322.88,May 2022 Pricing Master,2026-09-07T07:48:47.421676
3038,936,8,20220501,2495.00,590.00,1905.00,322.88,May 2022 Pricing Master,2026-09-07T07:48:47.421676
3039,939,8,20220501,2495.00,590.00,1905.00,322.88,May 2022 Pricing Master,2026-09-07T07:48:47.421676
3040,934,8,20220501,2495.00,590.00,1905.00,322.88,May 2022 Pricing Master,2026-09-07T07:48:47.421676
3041,935,8,20220501,2495.00,590.00,1905.00,322.88,May 2022 Pricing Master,2026-09-07T07:48:47.421676
3042,920,8,20220501,2495.00,590.00,1905.00,322.88,May 2022 Pricing Master,2026-09-07T07:48:47.421676
3043,919,8,20220501,2495.00,590.00,1905.00,322.88,May 2022 Pricing Master,2026-09-07T07:48:47.421676
3044,918,8,20220501,2495.00,590.00,1905.00,322.88,May 2022 Pricing Master,2026-09-07T07:48:47.421676
3045,921,8,20220501,2495.00,590.00,1905.00,322.88,May 2022 Pricing Master,2026-09-07T07:48:47.421676
3046,916,8,20220501,2495.00,590.00,1905.00,322.88,May 2022 Pricing Master,2026-09-07T07:48:47.421676
3047,917,8,20220501,2495.00,590.00,1905.00,322.88,May 2022 Pricing Master,2026-09-07T07:48:47.421676
3048,968,8,20220501,2495.00,590.00,1905.00,322.88,May 2022 Pricing Master,2026-09-07T07:48:47.421676
3049,967,8,20220501,2495.00,590.00,1905.00,322.88,May 2022 Pricing Master,2026-09-07T07:48:47.421676
3050,966,8,20220501,2495.00,590.00,1905.00,322.88,May 2022 Pricing Master,2026-09-07T07:48:47.421676
3051,969,8,20220501,2495.00,590.00,1905.00,322.88,May 2022 Pricing Master,2026-09-07T07:48:47.421676
3052,964,8,20220501,2495.00,590.00,1905.00,322.88,May 2022 Pricing Master,2026-09-07T07:48:47.421676
3053,965,8,20220501,2495.00,590.00,1905.00,322.88,May 2022 Pricing Master,2026-09-07T07:48:47.421676
3054,932,8,20220501,2495.00,590.00,1905.00,322.88,May 2022 Pricing Master,2026-09-07T07:48:47.421676
3055,931,8,20220501,2495.00,590.00,1905.00,322.88,May 2022 Pricing Master,2026-09-07T07:48:47.421676
3056,930,8,20220501,2495.00,590.00,1905.00,322.88,May 2022 Pricing Master,2026-09-07T07:48:47.421676
3057,933,8,20220501,2495.00,590.00,1905.00,322.88,May 2022 Pricing Master,2026-09-07T07:48:47.421676
3058,928,8,20220501,2495.00,590.00,1905.00,322.88,May 2022 Pricing Master,2026-09-07T07:48:47.421676
3059,929,8,20220501,2495.00,590.00,1905.00,322.88,May 2022 Pricing Master,2026-09-07T07:48:47.421676
3060,956,8,20220501,2495.00,590.00,1905.00,322.88,May 2022 Pricing Master,2026-09-07T07:48:47.421676
3061,955,8,20220501,2495.00,590.00,1905.00,322.88,May 2022 Pricing Master,2026-09-07T07:48:47.421676
3062,954,8,20220501,2495.00,590.00,1905.00,322.88,May 2022 Pricing Master,2026-09-07T07:48:47.421676
3063,957,8,20220501,2495.00,590.00,1905.00,322.88,May 2022 Pricing Master,2026-09-07T07:48:47.421676
3064,952,8,20220501,2495.00,590.00,1905.00,322.88,May 2022 Pricing Master,2026-09-07T07:48:47.421676
3065,953,8,20220501,2495.00,590.00,1905.00,322.88,May 2022 Pricing Master,2026-09-07T07:48:47.421676
3066,926,8,20220501,2495.00,590.00,1905.00,322.88,May 2022 Pricing Master,2026-09-07T07:48:47.421676
3067,925,8,20220501,2495.00,590.00,1905.00,322.88,May 2022 Pricing Master,2026-09-07T07:48:47.421676
3068,924,8,20220501,2495.00,590.00,1905.00,322.88,May 2022 Pricing Master,2026-09-07T07:48:47.421676
3069,927,8,20220501,2495.00,590.00,1905.00,322.88,May 2022 Pricing Master,2026-09-07T07:48:47.421676
3070,922,8,20220501,2495.00,590.00,1905.00,322.88,May 2022 Pricing Master,2026-09-07T07:48:47.421676
3071,923,8,20220501,2495.00,590.00,1905.00,322.88,May 2022 Pricing Master,2026-09-07T07:48:47.421676
3072,950,8,20220501,2495.00,590.00,1905.00,322.88,May 2022 Pricing Master,2026-09-07T07:48:47.421676
3073,949,8,20220501,2495.00,590.00,1905.00,322.88,May 2022 Pricing Master,2026-09-07T07:48:47.421676
3074,948,8,20220501,2495.00,590.00,1905.00,322.88,May 2022 Pricing Master,2026-09-07T07:48:47.421676
3075,951,8,20220501,2495.00,590.00,1905.00,322.88,May 2022 Pricing Master,2026-09-07T07:48:47.421676
3076,946,8,20220501,2495.00,590.00,1905.00,322.88,May 2022 Pricing Master,2026-09-07T07:48:47.421676
3077,947,8,20220501,2495.00,590.00,1905.00,322.88,May 2022 Pricing Master,2026-09-07T07:48:47.421676
3078,777,8,20220501,1595.00,381.00,1214.00,318.64,May 2022 Pricing Master,2026-09-07T07:48:47.421676
3079,776,8,20220501,1595.00,381.00,1214.00,318.64,May 2022 Pricing Master,2026-09-07T07:48:47.421676
3080,775,8,20220501,1595.00,381.00,1214.00,318.64,May 2022 Pricing Master,2026-09-07T07:48:47.421676
3081,778,8,20220501,1595.00,381.00,1214.00,318.64,May 2022 Pricing Master,2026-09-07T07:48:47.421676
3082,773,8,20220501,1595.00,381.00,1214.00,318.64,May 2022 Pricing Master,2026-09-07T07:48:47.421676
3083,774,8,20220501,1595.00,381.00,1214.00,318.64,May 2022 Pricing Master,2026-09-07T07:48:47.421676
3084,709,8,20220501,1595.00,381.00,1214.00,318.64,May 2022 Pricing Master,2026-09-07T07:48:47.421676
3085,708,8,20220501,1595.00,381.00,1214.00,318.64,May 2022 Pricing Master,2026-09-07T07:48:47.421676
3086,707,8,20220501,1595.00,381.00,1214.00,318.64,May 2022 Pricing Master,2026-09-07T07:48:47.421676
3087,710,8,20220501,1595.00,381.00,1214.00,318.64,May 2022 Pricing Master,2026-09-07T07:48:47.421676
3088,705,8,20220501,1595.00,381.00,1214.00,318.64,May 2022 Pricing Master,2026-09-07T07:48:47.421676
3089,706,8,20220501,1595.00,381.00,1214.00,318.64,May 2022 Pricing Master,2026-09-07T07:48:47.421676
3090,825,8,20220501,1595.00,381.00,1214.00,318.64,May 2022 Pricing Master,2026-09-07T07:48:47.421676
3091,824,8,20220501,1595.00,381.00,1214.00,318.64,May 2022 Pricing Master,2026-09-07T07:48:47.421676
3092,823,8,20220501,1595.00,381.00,1214.00,318.64,May 2022 Pricing Master,2026-09-07T07:48:47.421676
3093,826,8,20220501,1595.00,381.00,1214.00,318.64,May 2022 Pricing Master,2026-09-07T07:48:47.421676
3094,821,8,20220501,1595.00,381.00,1214.00,318.64,May 2022 Pricing Master,2026-09-07T07:48:47.421676
3095,822,8,20220501,1595.00,381.00,1214.00,318.64,May 2022 Pricing Master,2026-09-07T07:48:47.421676
3096,679,8,20220501,1595.00,381.00,1214.00,318.64,May 2022 Pricing Master,2026-09-07T07:48:47.421676
3097,678,8,20220501,1595.00,381.00,1214.00,318.64,May 2022 Pricing Master,2026-09-07T07:48:47.421676
3098,677,8,20220501,1595.00,381.00,1214.00,318.64,May 2022 Pricing Master,2026-09-07T07:48:47.421676
3099,680,8,20220501,1595.00,381.00,1214.00,318.64,May 2022 Pricing Master,2026-09-07T07:48:47.421676
3100,675,8,20220501,1595.00,381.00,1214.00,318.64,May 2022 Pricing Master,2026-09-07T07:48:47.421676
3101,676,8,20220501,1595.00,381.00,1214.00,318.64,May 2022 Pricing Master,2026-09-07T07:48:47.421676
3102,764,8,20220501,1595.00,381.00,1214.00,318.64,May 2022 Pricing Master,2026-09-07T07:48:47.421676
3103,763,8,20220501,1595.00,381.00,1214.00,318.64,May 2022 Pricing Master,2026-09-07T07:48:47.421676
3104,762,8,20220501,1595.00,381.00,1214.00,318.64,May 2022 Pricing Master,2026-09-07T07:48:47.421676
3105,765,8,20220501,1595.00,381.00,1214.00,318.64,May 2022 Pricing Master,2026-09-07T07:48:47.421676
3106,760,8,20220501,1595.00,381.00,1214.00,318.64,May 2022 Pricing Master,2026-09-07T07:48:47.421676
3107,761,8,20220501,1595.00,381.00,1214.00,318.64,May 2022 Pricing Master,2026-09-07T07:48:47.421676
3108,771,8,20220501,1595.00,381.00,1214.00,318.64,May 2022 Pricing Master,2026-09-07T07:48:47.421676
3109,770,8,20220501,1595.00,381.00,1214.00,318.64,May 2022 Pricing Master,2026-09-07T07:48:47.421676
3110,769,8,20220501,1595.00,381.00,1214.00,318.64,May 2022 Pricing Master,2026-09-07T07:48:47.421676
3111,772,8,20220501,1595.00,381.00,1214.00,318.64,May 2022 Pricing Master,2026-09-07T07:48:47.421676
3112,767,8,20220501,1595.00,381.00,1214.00,318.64,May 2022 Pricing Master,2026-09-07T07:48:47.421676
3113,768,8,20220501,1595.00,381.00,1214.00,318.64,May 2022 Pricing Master,2026-09-07T07:48:47.421676
3114,601,8,20220501,1595.00,381.00,1214.00,318.64,May 2022 Pricing Master,2026-09-07T07:48:47.421676
3115,600,8,20220501,1595.00,381.00,1214.00,318.64,May 2022 Pricing Master,2026-09-07T07:48:47.421676
3116,599,8,20220501,1595.00,381.00,1214.00,318.64,May 2022 Pricing Master,2026-09-07T07:48:47.421676
3117,602,8,20220501,1595.00,381.00,1214.00,318.64,May 2022 Pricing Master,2026-09-07T07:48:47.421676
3118,597,8,20220501,1595.00,381.00,1214.00,318.64,May 2022 Pricing Master,2026-09-07T07:48:47.421676
3119,598,8,20220501,1595.00,381.00,1214.00,318.64,May 2022 Pricing Master,2026-09-07T07:48:47.421676
3120,980,8,20220501,3995.00,952.00,3043.00,319.64,May 2022 Pricing Master,2026-09-07T07:48:47.421676
3121,979,8,20220501,3995.00,952.00,3043.00,319.64,May 2022 Pricing Master,2026-09-07T07:48:47.421676
3122,978,8,20220501,3995.00,952.00,3043.00,319.64,May 2022 Pricing Master,2026-09-07T07:48:47.421676
3123,981,8,20220501,3995.00,952.00,3043.00,319.64,May 2022 Pricing Master,2026-09-07T07:48:47.421676
3124,976,8,20220501,3995.00,952.00,3043.00,319.64,May 2022 Pricing Master,2026-09-07T07:48:47.421676
3125,977,8,20220501,3995.00,952.00,3043.00,319.64,May 2022 Pricing Master,2026-09-07T07:48:47.421676
3126,974,8,20220501,3995.00,952.00,3043.00,319.64,May 2022 Pricing Master,2026-09-07T07:48:47.421676
3127,973,8,20220501,3995.00,952.00,3043.00,319.64,May 2022 Pricing Master,2026-09-07T07:48:47.421676
3128,972,8,20220501,3995.00,952.00,3043.00,319.64,May 2022 Pricing Master,2026-09-07T07:48:47.421676
3129,975,8,20220501,3995.00,952.00,3043.00,319.64,May 2022 Pricing Master,2026-09-07T07:48:47.421676
3130,970,8,20220501,3995.00,952.00,3043.00,319.64,May 2022 Pricing Master,2026-09-07T07:48:47.421676
3131,971,8,20220501,3995.00,952.00,3043.00,319.64,May 2022 Pricing Master,2026-09-07T07:48:47.421676
3132,655,8,20220501,2395.00,570.00,1825.00,320.18,May 2022 Pricing Master,2026-09-07T07:48:47.421676
3133,654,8,20220501,2395.00,570.00,1825.00,320.18,May 2022 Pricing Master,2026-09-07T07:48:47.421676
3134,653,8,20220501,2395.00,570.00,1825.00,320.18,May 2022 Pricing Master,2026-09-07T07:48:47.421676
3135,656,8,20220501,2395.00,570.00,1825.00,320.18,May 2022 Pricing Master,2026-09-07T07:48:47.421676
3136,651,8,20220501,2395.00,570.00,1825.00,320.18,May 2022 Pricing Master,2026-09-07T07:48:47.421676
3137,652,8,20220501,2395.00,570.00,1825.00,320.18,May 2022 Pricing Master,2026-09-07T07:48:47.421676
3138,837,8,20220501,2195.00,519.00,1676.00,322.93,May 2022 Pricing Master,2026-09-07T07:48:47.421676
3139,836,8,20220501,2195.00,519.00,1676.00,322.93,May 2022 Pricing Master,2026-09-07T07:48:47.421676
3140,835,8,20220501,2195.00,519.00,1676.00,322.93,May 2022 Pricing Master,2026-09-07T07:48:47.421676
3141,838,8,20220501,2195.00,519.00,1676.00,322.93,May 2022 Pricing Master,2026-09-07T07:48:47.421676
3142,833,8,20220501,2195.00,519.00,1676.00,322.93,May 2022 Pricing Master,2026-09-07T07:48:47.421676
3143,834,8,20220501,2195.00,519.00,1676.00,322.93,May 2022 Pricing Master,2026-09-07T07:48:47.421676
3144,643,8,20220501,2995.00,714.00,2281.00,319.47,May 2022 Pricing Master,2026-09-07T07:48:47.421676
3145,642,8,20220501,2995.00,714.00,2281.00,319.47,May 2022 Pricing Master,2026-09-07T07:48:47.421676
3146,641,8,20220501,2995.00,714.00,2281.00,319.47,May 2022 Pricing Master,2026-09-07T07:48:47.421676
3147,644,8,20220501,2995.00,714.00,2281.00,319.47,May 2022 Pricing Master,2026-09-07T07:48:47.421676
3148,639,8,20220501,2995.00,714.00,2281.00,319.47,May 2022 Pricing Master,2026-09-07T07:48:47.421676
3149,640,8,20220501,2995.00,714.00,2281.00,319.47,May 2022 Pricing Master,2026-09-07T07:48:47.421676
3150,661,8,20220501,2195.00,519.00,1676.00,322.93,May 2022 Pricing Master,2026-09-07T07:48:47.421676
3151,660,8,20220501,2195.00,519.00,1676.00,322.93,May 2022 Pricing Master,2026-09-07T07:48:47.421676
3152,659,8,20220501,2195.00,519.00,1676.00,322.93,May 2022 Pricing Master,2026-09-07T07:48:47.421676
3153,662,8,20220501,2195.00,519.00,1676.00,322.93,May 2022 Pricing Master,2026-09-07T07:48:47.421676
3154,657,8,20220501,2195.00,519.00,1676.00,322.93,May 2022 Pricing Master,2026-09-07T07:48:47.421676
3155,658,8,20220501,2195.00,519.00,1676.00,322.93,May 2022 Pricing Master,2026-09-07T07:48:47.421676
3156,649,8,20220501,2495.00,595.00,1900.00,319.33,May 2022 Pricing Master,2026-09-07T07:48:47.421676
3157,648,8,20220501,2495.00,595.00,1900.00,319.33,May 2022 Pricing Master,2026-09-07T07:48:47.421676
3158,647,8,20220501,2495.00,595.00,1900.00,319.33,May 2022 Pricing Master,2026-09-07T07:48:47.421676
3159,650,8,20220501,2495.00,595.00,1900.00,319.33,May 2022 Pricing Master,2026-09-07T07:48:47.421676
3160,645,8,20220501,2495.00,595.00,1900.00,319.33,May 2022 Pricing Master,2026-09-07T07:48:47.421676
3161,646,8,20220501,2495.00,595.00,1900.00,319.33,May 2022 Pricing Master,2026-09-07T07:48:47.421676
3162,843,8,20220501,1995.00,467.00,1528.00,327.19,May 2022 Pricing Master,2026-09-07T07:48:47.421676
3163,842,8,20220501,1995.00,467.00,1528.00,327.19,May 2022 Pricing Master,2026-09-07T07:48:47.421676
3164,841,8,20220501,1995.00,467.00,1528.00,327.19,May 2022 Pricing Master,2026-09-07T07:48:47.421676
3165,844,8,20220501,1995.00,467.00,1528.00,327.19,May 2022 Pricing Master,2026-09-07T07:48:47.421676
3166,839,8,20220501,1995.00,467.00,1528.00,327.19,May 2022 Pricing Master,2026-09-07T07:48:47.421676
3167,840,8,20220501,1995.00,467.00,1528.00,327.19,May 2022 Pricing Master,2026-09-07T07:48:47.421676
3168,607,8,20220501,2395.00,552.00,1843.00,333.88,May 2022 Pricing Master,2026-09-07T07:48:47.421676
3169,606,8,20220501,2395.00,552.00,1843.00,333.88,May 2022 Pricing Master,2026-09-07T07:48:47.421676
3170,605,8,20220501,2395.00,552.00,1843.00,333.88,May 2022 Pricing Master,2026-09-07T07:48:47.421676
3171,608,8,20220501,2395.00,552.00,1843.00,333.88,May 2022 Pricing Master,2026-09-07T07:48:47.421676
3172,603,8,20220501,2395.00,552.00,1843.00,333.88,May 2022 Pricing Master,2026-09-07T07:48:47.421676
3173,604,8,20220501,2395.00,552.00,1843.00,333.88,May 2022 Pricing Master,2026-09-07T07:48:47.421676
3174,685,8,20220501,2295.00,529.00,1766.00,333.84,May 2022 Pricing Master,2026-09-07T07:48:47.421676
3175,684,8,20220501,2295.00,529.00,1766.00,333.84,May 2022 Pricing Master,2026-09-07T07:48:47.421676
3176,683,8,20220501,2295.00,529.00,1766.00,333.84,May 2022 Pricing Master,2026-09-07T07:48:47.421676
3177,686,8,20220501,2295.00,529.00,1766.00,333.84,May 2022 Pricing Master,2026-09-07T07:48:47.421676
3178,681,8,20220501,2295.00,529.00,1766.00,333.84,May 2022 Pricing Master,2026-09-07T07:48:47.421676
3179,682,8,20220501,2295.00,529.00,1766.00,333.84,May 2022 Pricing Master,2026-09-07T07:48:47.421676
3180,962,8,20220501,2795.00,662.00,2133.00,322.21,May 2022 Pricing Master,2026-09-07T07:48:47.421676
3181,961,8,20220501,2795.00,662.00,2133.00,322.21,May 2022 Pricing Master,2026-09-07T07:48:47.421676
3182,960,8,20220501,2795.00,662.00,2133.00,322.21,May 2022 Pricing Master,2026-09-07T07:48:47.421676
3183,963,8,20220501,2795.00,662.00,2133.00,322.21,May 2022 Pricing Master,2026-09-07T07:48:47.421676
3184,958,8,20220501,2795.00,662.00,2133.00,322.21,May 2022 Pricing Master,2026-09-07T07:48:47.421676
3185,959,8,20220501,2795.00,662.00,2133.00,322.21,May 2022 Pricing Master,2026-09-07T07:48:47.421676
3186,697,8,20220501,2295.00,538.00,1757.00,326.58,May 2022 Pricing Master,2026-09-07T07:48:47.421676
3187,696,8,20220501,2295.00,538.00,1757.00,326.58,May 2022 Pricing Master,2026-09-07T07:48:47.421676
3188,695,8,20220501,2295.00,538.00,1757.00,326.58,May 2022 Pricing Master,2026-09-07T07:48:47.421676
3189,698,8,20220501,2295.00,538.00,1757.00,326.58,May 2022 Pricing Master,2026-09-07T07:48:47.421676
3190,693,8,20220501,2295.00,538.00,1757.00,326.58,May 2022 Pricing Master,2026-09-07T07:48:47.421676
3191,694,8,20220501,2295.00,538.00,1757.00,326.58,May 2022 Pricing Master,2026-09-07T07:48:47.421676
3192,691,8,20220501,2295.00,529.00,1766.00,333.84,May 2022 Pricing Master,2026-09-07T07:48:47.421676
3193,690,8,20220501,2295.00,529.00,1766.00,333.84,May 2022 Pricing Master,2026-09-07T07:48:47.421676
3194,689,8,20220501,2295.00,529.00,1766.00,333.84,May 2022 Pricing Master,2026-09-07T07:48:47.421676
3195,692,8,20220501,2295.00,529.00,1766.00,333.84,May 2022 Pricing Master,2026-09-07T07:48:47.421676
3196,687,8,20220501,2295.00,529.00,1766.00,333.84,May 2022 Pricing Master,2026-09-07T07:48:47.421676
3197,688,8,20220501,2295.00,529.00,1766.00,333.84,May 2022 Pricing Master,2026-09-07T07:48:47.421676
3198,721,8,20220501,2295.00,570.00,1725.00,302.63,May 2022 Pricing Master,2026-09-07T07:48:47.421676
3199,720,8,20220501,2295.00,570.00,1725.00,302.63,May 2022 Pricing Master,2026-09-07T07:48:47.421676
3200,719,8,20220501,2295.00,570.00,1725.00,302.63,May 2022 Pricing Master,2026-09-07T07:48:47.421676
3201,722,8,20220501,2295.00,570.00,1725.00,302.63,May 2022 Pricing Master,2026-09-07T07:48:47.421676
3202,717,8,20220501,2295.00,570.00,1725.00,302.63,May 2022 Pricing Master,2026-09-07T07:48:47.421676
3203,718,8,20220501,2295.00,570.00,1725.00,302.63,May 2022 Pricing Master,2026-09-07T07:48:47.421676
3204,733,8,20220501,2295.00,570.00,1725.00,302.63,May 2022 Pricing Master,2026-09-07T07:48:47.421676
3205,732,8,20220501,2295.00,570.00,1725.00,302.63,May 2022 Pricing Master,2026-09-07T07:48:47.421676
3206,731,8,20220501,2295.00,570.00,1725.00,302.63,May 2022 Pricing Master,2026-09-07T07:48:47.421676
3207,734,8,20220501,2295.00,570.00,1725.00,302.63,May 2022 Pricing Master,2026-09-07T07:48:47.421676
3208,729,8,20220501,2295.00,570.00,1725.00,302.63,May 2022 Pricing Master,2026-09-07T07:48:47.421676
3209,730,8,20220501,2295.00,570.00,1725.00,302.63,May 2022 Pricing Master,2026-09-07T07:48:47.421676
3210,613,8,20220501,2295.00,570.00,1725.00,302.63,May 2022 Pricing Master,2026-09-07T07:48:47.421676
3211,612,8,20220501,2295.00,570.00,1725.00,302.63,May 2022 Pricing Master,2026-09-07T07:48:47.421676
3212,611,8,20220501,2295.00,570.00,1725.00,302.63,May 2022 Pricing Master,2026-09-07T07:48:47.421676
3213,614,8,20220501,2295.00,570.00,1725.00,302.63,May 2022 Pricing Master,2026-09-07T07:48:47.421676
3214,609,8,20220501,2295.00,570.00,1725.00,302.63,May 2022 Pricing Master,2026-09-07T07:48:47.421676
3215,610,8,20220501,2295.00,570.00,1725.00,302.63,May 2022 Pricing Master,2026-09-07T07:48:47.421676
3216,637,8,20220501,3095.00,724.00,2371.00,327.49,May 2022 Pricing Master,2026-09-07T07:48:47.421676
3217,636,8,20220501,3095.00,724.00,2371.00,327.49,May 2022 Pricing Master,2026-09-07T07:48:47.421676
3218,635,8,20220501,3095.00,724.00,2371.00,327.49,May 2022 Pricing Master,2026-09-07T07:48:47.421676
3219,638,8,20220501,3095.00,724.00,2371.00,327.49,May 2022 Pricing Master,2026-09-07T07:48:47.421676
3220,633,8,20220501,3095.00,724.00,2371.00,327.49,May 2022 Pricing Master,2026-09-07T07:48:47.421676
3221,634,8,20220501,3095.00,724.00,2371.00,327.49,May 2022 Pricing Master,2026-09-07T07:48:47.421676
3222,752,8,20220501,2295.00,538.00,1757.00,326.58,May 2022 Pricing Master,2026-09-07T07:48:47.421676
3223,751,8,20220501,2295.00,538.00,1757.00,326.58,May 2022 Pricing Master,2026-09-07T07:48:47.421676
3224,750,8,20220501,2295.00,538.00,1757.00,326.58,May 2022 Pricing Master,2026-09-07T07:48:47.421676
3225,753,8,20220501,2295.00,538.00,1757.00,326.58,May 2022 Pricing Master,2026-09-07T07:48:47.421676
3226,748,8,20220501,2295.00,538.00,1757.00,326.58,May 2022 Pricing Master,2026-09-07T07:48:47.421676
3227,749,8,20220501,2295.00,538.00,1757.00,326.58,May 2022 Pricing Master,2026-09-07T07:48:47.421676
3228,740,8,20220501,2395.00,570.00,1825.00,320.18,May 2022 Pricing Master,2026-09-07T07:48:47.421676
3229,739,8,20220501,2395.00,570.00,1825.00,320.18,May 2022 Pricing Master,2026-09-07T07:48:47.421676
3230,738,8,20220501,2395.00,570.00,1825.00,320.18,May 2022 Pricing Master,2026-09-07T07:48:47.421676
3231,741,8,20220501,2395.00,570.00,1825.00,320.18,May 2022 Pricing Master,2026-09-07T07:48:47.421676
3232,736,8,20220501,2395.00,570.00,1825.00,320.18,May 2022 Pricing Master,2026-09-07T07:48:47.421676
3233,737,8,20220501,2395.00,570.00,1825.00,320.18,May 2022 Pricing Master,2026-09-07T07:48:47.421676
3234,807,8,20220501,2395.00,570.00,1825.00,320.18,May 2022 Pricing Master,2026-09-07T07:48:47.421676
3235,806,8,20220501,2395.00,570.00,1825.00,320.18,May 2022 Pricing Master,2026-09-07T07:48:47.421676
3236,805,8,20220501,2395.00,570.00,1825.00,320.18,May 2022 Pricing Master,2026-09-07T07:48:47.421676
3237,808,8,20220501,2395.00,570.00,1825.00,320.18,May 2022 Pricing Master,2026-09-07T07:48:47.421676
3238,803,8,20220501,2395.00,570.00,1825.00,320.18,May 2022 Pricing Master,2026-09-07T07:48:47.421676
3239,804,8,20220501,2395.00,570.00,1825.00,320.18,May 2022 Pricing Master,2026-09-07T07:48:47.421676
3240,795,8,20220501,2395.00,529.00,1866.00,352.74,May 2022 Pricing Master,2026-09-07T07:48:47.421676
3241,794,8,20220501,2395.00,529.00,1866.00,352.74,May 2022 Pricing Master,2026-09-07T07:48:47.421676
3242,793,8,20220501,2395.00,529.00,1866.00,352.74,May 2022 Pricing Master,2026-09-07T07:48:47.421676
3243,796,8,20220501,2395.00,529.00,1866.00,352.74,May 2022 Pricing Master,2026-09-07T07:48:47.421676
3244,791,8,20220501,2395.00,529.00,1866.00,352.74,May 2022 Pricing Master,2026-09-07T07:48:47.421676
3245,792,8,20220501,2395.00,529.00,1866.00,352.74,May 2022 Pricing Master,2026-09-07T07:48:47.421676
3246,801,8,20220501,2395.00,529.00,1866.00,352.74,May 2022 Pricing Master,2026-09-07T07:48:47.421676
3247,800,8,20220501,2395.00,529.00,1866.00,352.74,May 2022 Pricing Master,2026-09-07T07:48:47.421676
3248,799,8,20220501,2395.00,529.00,1866.00,352.74,May 2022 Pricing Master,2026-09-07T07:48:47.421676
3249,802,8,20220501,2395.00,529.00,1866.00,352.74,May 2022 Pricing Master,2026-09-07T07:48:47.421676
3250,797,8,20220501,2395.00,529.00,1866.00,352.74,May 2022 Pricing Master,2026-09-07T07:48:47.421676
3251,798,8,20220501,2295.00,529.00,1766.00,333.84,May 2022 Pricing Master,2026-09-07T07:48:47.421676
3252,538,8,20220501,1795.00,424.00,1371.00,323.35,May 2022 Pricing Master,2026-09-07T07:48:47.421676
3253,536,8,20220501,1795.00,424.00,1371.00,323.35,May 2022 Pricing Master,2026-09-07T07:48:47.421676
3254,535,8,20220501,1795.00,424.00,1371.00,323.35,May 2022 Pricing Master,2026-09-07T07:48:47.421676
3255,539,8,20220501,1795.00,424.00,1371.00,323.35,May 2022 Pricing Master,2026-09-07T07:48:47.421676
3256,533,8,20220501,1795.00,424.00,1371.00,323.35,May 2022 Pricing Master,2026-09-07T07:48:47.421676
3257,534,8,20220501,1795.00,424.00,1371.00,323.35,May 2022 Pricing Master,2026-09-07T07:48:47.421676
3258,551,8,20220501,1795.00,424.00,1371.00,323.35,May 2022 Pricing Master,2026-09-07T07:48:47.421676
3259,550,8,20220501,1795.00,424.00,1371.00,323.35,May 2022 Pricing Master,2026-09-07T07:48:47.421676
3260,549,8,20220501,1795.00,424.00,1371.00,323.35,May 2022 Pricing Master,2026-09-07T07:48:47.421676
3261,552,8,20220501,1795.00,424.00,1371.00,323.35,May 2022 Pricing Master,2026-09-07T07:48:47.421676
3262,547,8,20220501,1795.00,424.00,1371.00,323.35,May 2022 Pricing Master,2026-09-07T07:48:47.421676
3263,548,8,20220501,1795.00,424.00,1371.00,323.35,May 2022 Pricing Master,2026-09-07T07:48:47.421676
3264,224,8,20220501,1595.00,381.00,1214.00,318.64,May 2022 Pricing Master,2026-09-07T07:48:47.421676
3265,223,8,20220501,1595.00,381.00,1214.00,318.64,May 2022 Pricing Master,2026-09-07T07:48:47.421676
3266,222,8,20220501,1595.00,381.00,1214.00,318.64,May 2022 Pricing Master,2026-09-07T07:48:47.421676
3267,225,8,20220501,1595.00,381.00,1214.00,318.64,May 2022 Pricing Master,2026-09-07T07:48:47.421676
3268,220,8,20220501,1595.00,381.00,1214.00,318.64,May 2022 Pricing Master,2026-09-07T07:48:47.421676
3269,221,8,20220501,1595.00,381.00,1214.00,318.64,May 2022 Pricing Master,2026-09-07T07:48:47.421676
3270,331,8,20220501,1595.00,381.00,1214.00,318.64,May 2022 Pricing Master,2026-09-07T07:48:47.421676
3271,330,8,20220501,1595.00,381.00,1214.00,318.64,May 2022 Pricing Master,2026-09-07T07:48:47.421676
3272,329,8,20220501,1595.00,381.00,1214.00,318.64,May 2022 Pricing Master,2026-09-07T07:48:47.421676
3273,332,8,20220501,1595.00,381.00,1214.00,318.64,May 2022 Pricing Master,2026-09-07T07:48:47.421676
3274,327,8,20220501,1595.00,381.00,1214.00,318.64,May 2022 Pricing Master,2026-09-07T07:48:47.421676
3275,328,8,20220501,1595.00,381.00,1214.00,318.64,May 2022 Pricing Master,2026-09-07T07:48:47.421676
3276,355,8,20220501,1995.00,471.00,1524.00,323.57,May 2022 Pricing Master,2026-09-07T07:48:47.421676
3277,354,8,20220501,1995.00,471.00,1524.00,323.57,May 2022 Pricing Master,2026-09-07T07:48:47.421676
3278,353,8,20220501,1995.00,471.00,1524.00,323.57,May 2022 Pricing Master,2026-09-07T07:48:47.421676
3279,356,8,20220501,1995.00,471.00,1524.00,323.57,May 2022 Pricing Master,2026-09-07T07:48:47.421676
3280,351,8,20220501,1995.00,471.00,1524.00,323.57,May 2022 Pricing Master,2026-09-07T07:48:47.421676
3281,352,8,20220501,1995.00,471.00,1524.00,323.57,May 2022 Pricing Master,2026-09-07T07:48:47.421676
3282,343,8,20220501,1995.00,471.00,1524.00,323.57,May 2022 Pricing Master,2026-09-07T07:48:47.421676
3283,342,8,20220501,1995.00,471.00,1524.00,323.57,May 2022 Pricing Master,2026-09-07T07:48:47.421676
3284,341,8,20220501,1995.00,471.00,1524.00,323.57,May 2022 Pricing Master,2026-09-07T07:48:47.421676
3285,344,8,20220501,1995.00,471.00,1524.00,323.57,May 2022 Pricing Master,2026-09-07T07:48:47.421676
3286,339,8,20220501,1995.00,471.00,1524.00,323.57,May 2022 Pricing Master,2026-09-07T07:48:47.421676
3287,340,8,20220501,1995.00,471.00,1524.00,323.57,May 2022 Pricing Master,2026-09-07T07:48:47.421676
3288,349,8,20220501,1995.00,471.00,1524.00,323.57,May 2022 Pricing Master,2026-09-07T07:48:47.421676
3289,348,8,20220501,1995.00,471.00,1524.00,323.57,May 2022 Pricing Master,2026-09-07T07:48:47.421676
3290,347,8,20220501,1995.00,471.00,1524.00,323.57,May 2022 Pricing Master,2026-09-07T07:48:47.421676
3291,350,8,20220501,1995.00,471.00,1524.00,323.57,May 2022 Pricing Master,2026-09-07T07:48:47.421676
3292,345,8,20220501,1995.00,471.00,1524.00,323.57,May 2022 Pricing Master,2026-09-07T07:48:47.421676
3293,346,8,20220501,1995.00,471.00,1524.00,323.57,May 2022 Pricing Master,2026-09-07T07:48:47.421676
3294,373,8,20220501,1595.00,381.00,1214.00,318.64,May 2022 Pricing Master,2026-09-07T07:48:47.421676
3295,372,8,20220501,1595.00,381.00,1214.00,318.64,May 2022 Pricing Master,2026-09-07T07:48:47.421676
3296,371,8,20220501,1595.00,381.00,1214.00,318.64,May 2022 Pricing Master,2026-09-07T07:48:47.421676
3297,374,8,20220501,1595.00,381.00,1214.00,318.64,May 2022 Pricing Master,2026-09-07T07:48:47.421676
3298,369,8,20220501,1595.00,381.00,1214.00,318.64,May 2022 Pricing Master,2026-09-07T07:48:47.421676
3299,370,8,20220501,1595.00,381.00,1214.00,318.64,May 2022 Pricing Master,2026-09-07T07:48:47.421676
3300,385,8,20220501,1195.00,286.00,909.00,317.83,May 2022 Pricing Master,2026-09-07T07:48:47.421676
3301,384,8,20220501,1195.00,286.00,909.00,317.83,May 2022 Pricing Master,2026-09-07T07:48:47.421676
3302,383,8,20220501,1195.00,286.00,909.00,317.83,May 2022 Pricing Master,2026-09-07T07:48:47.421676
3303,386,8,20220501,1195.00,286.00,909.00,317.83,May 2022 Pricing Master,2026-09-07T07:48:47.421676
3304,381,8,20220501,1195.00,286.00,909.00,317.83,May 2022 Pricing Master,2026-09-07T07:48:47.421676
3305,382,8,20220501,1195.00,286.00,909.00,317.83,May 2022 Pricing Master,2026-09-07T07:48:47.421676
3306,325,8,20220501,1595.00,381.00,1214.00,318.64,May 2022 Pricing Master,2026-09-07T07:48:47.421676
3307,324,8,20220501,1595.00,381.00,1214.00,318.64,May 2022 Pricing Master,2026-09-07T07:48:47.421676
3308,323,8,20220501,1595.00,381.00,1214.00,318.64,May 2022 Pricing Master,2026-09-07T07:48:47.421676
3309,326,8,20220501,1595.00,381.00,1214.00,318.64,May 2022 Pricing Master,2026-09-07T07:48:47.421676
3310,321,8,20220501,1595.00,381.00,1214.00,318.64,May 2022 Pricing Master,2026-09-07T07:48:47.421676
3311,322,8,20220501,1595.00,381.00,1214.00,318.64,May 2022 Pricing Master,2026-09-07T07:48:47.421676
3312,295,8,20220501,2095.00,500.00,1595.00,319.00,May 2022 Pricing Master,2026-09-07T07:48:47.421676
3313,294,8,20220501,2095.00,500.00,1595.00,319.00,May 2022 Pricing Master,2026-09-07T07:48:47.421676
3314,293,8,20220501,2095.00,500.00,1595.00,319.00,May 2022 Pricing Master,2026-09-07T07:48:47.421676
3315,296,8,20220501,2095.00,500.00,1595.00,319.00,May 2022 Pricing Master,2026-09-07T07:48:47.421676
3316,291,8,20220501,2095.00,500.00,1595.00,319.00,May 2022 Pricing Master,2026-09-07T07:48:47.421676
3317,292,8,20220501,2095.00,500.00,1595.00,319.00,May 2022 Pricing Master,2026-09-07T07:48:47.421676
3318,258,8,20220501,1995.00,471.00,1524.00,323.57,May 2022 Pricing Master,2026-09-07T07:48:47.421676
3319,257,8,20220501,1995.00,471.00,1524.00,323.57,May 2022 Pricing Master,2026-09-07T07:48:47.421676
3320,256,8,20220501,1995.00,471.00,1524.00,323.57,May 2022 Pricing Master,2026-09-07T07:48:47.421676
3321,259,8,20220501,1995.00,471.00,1524.00,323.57,May 2022 Pricing Master,2026-09-07T07:48:47.421676
3322,254,8,20220501,1995.00,471.00,1524.00,323.57,May 2022 Pricing Master,2026-09-07T07:48:47.421676
3323,255,8,20220501,1995.00,471.00,1524.00,323.57,May 2022 Pricing Master,2026-09-07T07:48:47.421676
3324,361,8,20220501,1595.00,381.00,1214.00,318.64,May 2022 Pricing Master,2026-09-07T07:48:47.421676
3325,360,8,20220501,1595.00,381.00,1214.00,318.64,May 2022 Pricing Master,2026-09-07T07:48:47.421676
3326,359,8,20220501,1595.00,381.00,1214.00,318.64,May 2022 Pricing Master,2026-09-07T07:48:47.421676
3327,362,8,20220501,1595.00,381.00,1214.00,318.64,May 2022 Pricing Master,2026-09-07T07:48:47.421676
3328,357,8,20220501,1595.00,381.00,1214.00,318.64,May 2022 Pricing Master,2026-09-07T07:48:47.421676
3329,358,8,20220501,1595.00,381.00,1214.00,318.64,May 2022 Pricing Master,2026-09-07T07:48:47.421676
3330,429,8,20220501,1595.00,381.00,1214.00,318.64,May 2022 Pricing Master,2026-09-07T07:48:47.421676
3331,428,8,20220501,1595.00,381.00,1214.00,318.64,May 2022 Pricing Master,2026-09-07T07:48:47.421676
3332,427,8,20220501,1595.00,381.00,1214.00,318.64,May 2022 Pricing Master,2026-09-07T07:48:47.421676
3333,430,8,20220501,1595.00,381.00,1214.00,318.64,May 2022 Pricing Master,2026-09-07T07:48:47.421676
3334,425,8,20220501,1595.00,381.00,1214.00,318.64,May 2022 Pricing Master,2026-09-07T07:48:47.421676
3335,426,8,20220501,1595.00,381.00,1214.00,318.64,May 2022 Pricing Master,2026-09-07T07:48:47.421676
3336,42,8,20220501,1595.00,381.00,1214.00,318.64,May 2022 Pricing Master,2026-09-07T07:48:47.421676
3337,41,8,20220501,1595.00,381.00,1214.00,318.64,May 2022 Pricing Master,2026-09-07T07:48:47.421676
3338,40,8,20220501,1595.00,381.00,1214.00,318.64,May 2022 Pricing Master,2026-09-07T07:48:47.421676
3339,43,8,20220501,1595.00,381.00,1214.00,318.64,May 2022 Pricing Master,2026-09-07T07:48:47.421676
3340,38,8,20220501,1595.00,381.00,1214.00,318.64,May 2022 Pricing Master,2026-09-07T07:48:47.421676
3341,39,8,20220501,1595.00,381.00,1214.00,318.64,May 2022 Pricing Master,2026-09-07T07:48:47.421676
3342,56,8,20220501,1595.00,381.00,1214.00,318.64,May 2022 Pricing Master,2026-09-07T07:48:47.421676
3343,55,8,20220501,1595.00,381.00,1214.00,318.64,May 2022 Pricing Master,2026-09-07T07:48:47.421676
3344,54,8,20220501,1595.00,381.00,1214.00,318.64,May 2022 Pricing Master,2026-09-07T07:48:47.421676
3345,57,8,20220501,1595.00,381.00,1214.00,318.64,May 2022 Pricing Master,2026-09-07T07:48:47.421676
3346,52,8,20220501,1595.00,381.00,1214.00,318.64,May 2022 Pricing Master,2026-09-07T07:48:47.421676
3347,53,8,20220501,1595.00,381.00,1214.00,318.64,May 2022 Pricing Master,2026-09-07T07:48:47.421676
3348,92,8,20220501,2495.00,581.00,1914.00,329.43,May 2022 Pricing Master,2026-09-07T07:48:47.421676
3349,91,8,20220501,2495.00,581.00,1914.00,329.43,May 2022 Pricing Master,2026-09-07T07:48:47.421676
3350,90,8,20220501,2495.00,581.00,1914.00,329.43,May 2022 Pricing Master,2026-09-07T07:48:47.421676
3351,93,8,20220501,2495.00,581.00,1914.00,329.43,May 2022 Pricing Master,2026-09-07T07:48:47.421676
3352,88,8,20220501,2495.00,581.00,1914.00,329.43,May 2022 Pricing Master,2026-09-07T07:48:47.421676
3353,89,8,20220501,2495.00,581.00,1914.00,329.43,May 2022 Pricing Master,2026-09-07T07:48:47.421676
3354,68,8,20220501,1595.00,381.00,1214.00,318.64,May 2022 Pricing Master,2026-09-07T07:48:47.421676
3355,67,8,20220501,1595.00,381.00,1214.00,318.64,May 2022 Pricing Master,2026-09-07T07:48:47.421676
3356,66,8,20220501,1595.00,381.00,1214.00,318.64,May 2022 Pricing Master,2026-09-07T07:48:47.421676
3357,69,8,20220501,1595.00,381.00,1214.00,318.64,May 2022 Pricing Master,2026-09-07T07:48:47.421676
3358,64,8,20220501,1595.00,381.00,1214.00,318.64,May 2022 Pricing Master,2026-09-07T07:48:47.421676
3359,65,8,20220501,1595.00,381.00,1214.00,318.64,May 2022 Pricing Master,2026-09-07T07:48:47.421676
3360,194,8,20220501,1995.00,471.00,1524.00,323.57,May 2022 Pricing Master,2026-09-07T07:48:47.421676
3361,193,8,20220501,1995.00,471.00,1524.00,323.57,May 2022 Pricing Master,2026-09-07T07:48:47.421676
3362,192,8,20220501,1995.00,471.00,1524.00,323.57,May 2022 Pricing Master,2026-09-07T07:48:47.421676
3363,195,8,20220501,1995.00,471.00,1524.00,323.57,May 2022 Pricing Master,2026-09-07T07:48:47.421676
3364,190,8,20220501,1995.00,471.00,1524.00,323.57,May 2022 Pricing Master,2026-09-07T07:48:47.421676
3365,191,8,20220501,1995.00,471.00,1524.00,323.57,May 2022 Pricing Master,2026-09-07T07:48:47.421676
3366,619,8,20220501,1895.00,457.00,1438.00,314.66,May 2022 Pricing Master,2026-09-07T07:48:47.421676
3367,618,8,20220501,1895.00,457.00,1438.00,314.66,May 2022 Pricing Master,2026-09-07T07:48:47.421676
3368,617,8,20220501,1895.00,457.00,1438.00,314.66,May 2022 Pricing Master,2026-09-07T07:48:47.421676
3369,620,8,20220501,1895.00,457.00,1438.00,314.66,May 2022 Pricing Master,2026-09-07T07:48:47.421676
3370,615,8,20220501,1895.00,457.00,1438.00,314.66,May 2022 Pricing Master,2026-09-07T07:48:47.421676
3371,616,8,20220501,1895.00,457.00,1438.00,314.66,May 2022 Pricing Master,2026-09-07T07:48:47.421676
3372,703,8,20220501,1795.00,424.00,1371.00,323.35,May 2022 Pricing Master,2026-09-07T07:48:47.421676
3373,702,8,20220501,1795.00,424.00,1371.00,323.35,May 2022 Pricing Master,2026-09-07T07:48:47.421676
3374,701,8,20220501,1795.00,424.00,1371.00,323.35,May 2022 Pricing Master,2026-09-07T07:48:47.421676
3375,704,8,20220501,1795.00,424.00,1371.00,323.35,May 2022 Pricing Master,2026-09-07T07:48:47.421676
3376,699,8,20220501,1795.00,424.00,1371.00,323.35,May 2022 Pricing Master,2026-09-07T07:48:47.421676
3377,700,8,20220501,1795.00,424.00,1371.00,323.35,May 2022 Pricing Master,2026-09-07T07:48:47.421676
3378,866,8,20220501,1795.00,424.00,1371.00,323.35,May 2022 Pricing Master,2026-09-07T07:48:47.421676
3379,865,8,20220501,1795.00,424.00,1371.00,323.35,May 2022 Pricing Master,2026-09-07T07:48:47.421676
3380,864,8,20220501,1795.00,424.00,1371.00,323.35,May 2022 Pricing Master,2026-09-07T07:48:47.421676
3381,867,8,20220501,1795.00,424.00,1371.00,323.35,May 2022 Pricing Master,2026-09-07T07:48:47.421676
3382,862,8,20220501,1795.00,424.00,1371.00,323.35,May 2022 Pricing Master,2026-09-07T07:48:47.421676
3383,863,8,20220501,1795.00,424.00,1371.00,323.35,May 2022 Pricing Master,2026-09-07T07:48:47.421676
3384,49,8,20220501,2095.00,500.00,1595.00,319.00,May 2022 Pricing Master,2026-09-07T07:48:47.421676
3385,51,8,20220501,2095.00,500.00,1595.00,319.00,May 2022 Pricing Master,2026-09-07T07:48:47.421676
3386,48,8,20220501,2095.00,500.00,1595.00,319.00,May 2022 Pricing Master,2026-09-07T07:48:47.421676
3387,47,8,20220501,2095.00,500.00,1595.00,319.00,May 2022 Pricing Master,2026-09-07T07:48:47.421676
3388,50,8,20220501,2095.00,500.00,1595.00,319.00,May 2022 Pricing Master,2026-09-07T07:48:47.421676
3389,45,8,20220501,2095.00,500.00,1595.00,319.00,May 2022 Pricing Master,2026-09-07T07:48:47.421676
3390,46,8,20220501,2095.00,500.00,1595.00,319.00,May 2022 Pricing Master,2026-09-07T07:48:47.421676
3391,871,8,20220501,1995.00,457.00,1538.00,336.54,May 2022 Pricing Master,2026-09-07T07:48:47.421676
3392,872,8,20220501,1995.00,457.00,1538.00,336.54,May 2022 Pricing Master,2026-09-07T07:48:47.421676
3393,870,8,20220501,1995.00,457.00,1538.00,336.54,May 2022 Pricing Master,2026-09-07T07:48:47.421676
3394,873,8,20220501,1995.00,457.00,1538.00,336.54,May 2022 Pricing Master,2026-09-07T07:48:47.421676
3395,868,8,20220501,1995.00,457.00,1538.00,336.54,May 2022 Pricing Master,2026-09-07T07:48:47.421676
3396,869,8,20220501,1995.00,457.00,1538.00,336.54,May 2022 Pricing Master,2026-09-07T07:48:47.421676
3397,878,8,20220501,1795.00,424.00,1371.00,323.35,May 2022 Pricing Master,2026-09-07T07:48:47.421676
3398,877,8,20220501,1795.00,424.00,1371.00,323.35,May 2022 Pricing Master,2026-09-07T07:48:47.421676
3399,876,8,20220501,1795.00,424.00,1371.00,323.35,May 2022 Pricing Master,2026-09-07T07:48:47.421676
3400,879,8,20220501,1795.00,424.00,1371.00,323.35,May 2022 Pricing Master,2026-09-07T07:48:47.421676
3401,874,8,20220501,1795.00,424.00,1371.00,323.35,May 2022 Pricing Master,2026-09-07T07:48:47.421676
3402,875,8,20220501,1795.00,424.00,1371.00,323.35,May 2022 Pricing Master,2026-09-07T07:48:47.421676
3403,489,8,20220501,1795.00,425.00,1370.00,322.35,May 2022 Pricing Master,2026-09-07T07:48:47.421676
3404,488,8,20220501,1795.00,425.00,1370.00,322.35,May 2022 Pricing Master,2026-09-07T07:48:47.421676
3405,487,8,20220501,1795.00,425.00,1370.00,322.35,May 2022 Pricing Master,2026-09-07T07:48:47.421676
3406,490,8,20220501,1795.00,425.00,1370.00,322.35,May 2022 Pricing Master,2026-09-07T07:48:47.421676
3407,485,8,20220501,1795.00,425.00,1370.00,322.35,May 2022 Pricing Master,2026-09-07T07:48:47.421676
3408,486,8,20220501,1795.00,425.00,1370.00,322.35,May 2022 Pricing Master,2026-09-07T07:48:47.421676
3409,471,8,20220501,1795.00,425.00,1370.00,322.35,May 2022 Pricing Master,2026-09-07T07:48:47.421676
3410,470,8,20220501,1795.00,425.00,1370.00,322.35,May 2022 Pricing Master,2026-09-07T07:48:47.421676
3411,469,8,20220501,1795.00,425.00,1370.00,322.35,May 2022 Pricing Master,2026-09-07T07:48:47.421676
3412,472,8,20220501,1795.00,425.00,1370.00,322.35,May 2022 Pricing Master,2026-09-07T07:48:47.421676
3413,467,8,20220501,1795.00,425.00,1370.00,322.35,May 2022 Pricing Master,2026-09-07T07:48:47.421676
3414,468,8,20220501,1795.00,425.00,1370.00,322.35,May 2022 Pricing Master,2026-09-07T07:48:47.421676
3415,902,8,20220501,1795.00,425.00,1370.00,322.35,May 2022 Pricing Master,2026-09-07T07:48:47.421676
3416,901,8,20220501,1795.00,425.00,1370.00,322.35,May 2022 Pricing Master,2026-09-07T07:48:47.421676
3417,900,8,20220501,1795.00,425.00,1370.00,322.35,May 2022 Pricing Master,2026-09-07T07:48:47.421676
3418,903,8,20220501,1795.00,425.00,1370.00,322.35,May 2022 Pricing Master,2026-09-07T07:48:47.421676
3419,898,8,20220501,1795.00,425.00,1370.00,322.35,May 2022 Pricing Master,2026-09-07T07:48:47.421676
3420,899,8,20220501,1795.00,425.00,1370.00,322.35,May 2022 Pricing Master,2026-09-07T07:48:47.421676
3421,495,8,20220501,1695.00,395.00,1300.00,329.11,May 2022 Pricing Master,2026-09-07T07:48:47.421676
3422,494,8,20220501,1695.00,395.00,1300.00,329.11,May 2022 Pricing Master,2026-09-07T07:48:47.421676
3423,493,8,20220501,1695.00,395.00,1300.00,329.11,May 2022 Pricing Master,2026-09-07T07:48:47.421676
3424,496,8,20220501,1695.00,395.00,1300.00,329.11,May 2022 Pricing Master,2026-09-07T07:48:47.421676
3425,491,8,20220501,1695.00,395.00,1300.00,329.11,May 2022 Pricing Master,2026-09-07T07:48:47.421676
3426,492,8,20220501,1695.00,395.00,1300.00,329.11,May 2022 Pricing Master,2026-09-07T07:48:47.421676
3427,525,8,20220501,1695.00,395.00,1300.00,329.11,May 2022 Pricing Master,2026-09-07T07:48:47.421676
3428,524,8,20220501,1695.00,395.00,1300.00,329.11,May 2022 Pricing Master,2026-09-07T07:48:47.421676
3429,523,8,20220501,1695.00,395.00,1300.00,329.11,May 2022 Pricing Master,2026-09-07T07:48:47.421676
3430,526,8,20220501,1695.00,395.00,1300.00,329.11,May 2022 Pricing Master,2026-09-07T07:48:47.421676
3431,521,8,20220501,1695.00,395.00,1300.00,329.11,May 2022 Pricing Master,2026-09-07T07:48:47.421676
3432,522,8,20220501,1695.00,395.00,1300.00,329.11,May 2022 Pricing Master,2026-09-07T07:48:47.421676
3433,477,8,20220501,1695.00,395.00,1300.00,329.11,May 2022 Pricing Master,2026-09-07T07:48:47.421676
3434,476,8,20220501,1695.00,395.00,1300.00,329.11,May 2022 Pricing Master,2026-09-07T07:48:47.421676
3435,475,8,20220501,1695.00,395.00,1300.00,329.11,May 2022 Pricing Master,2026-09-07T07:48:47.421676
3436,478,8,20220501,1695.00,395.00,1300.00,329.11,May 2022 Pricing Master,2026-09-07T07:48:47.421676
3437,473,8,20220501,1695.00,395.00,1300.00,329.11,May 2022 Pricing Master,2026-09-07T07:48:47.421676
3438,474,8,20220501,1695.00,395.00,1300.00,329.11,May 2022 Pricing Master,2026-09-07T07:48:47.421676
3439,465,8,20220501,1695.00,395.00,1300.00,329.11,May 2022 Pricing Master,2026-09-07T07:48:47.421676
3440,464,8,20220501,1695.00,395.00,1300.00,329.11,May 2022 Pricing Master,2026-09-07T07:48:47.421676
3441,463,8,20220501,1695.00,395.00,1300.00,329.11,May 2022 Pricing Master,2026-09-07T07:48:47.421676
3442,466,8,20220501,1695.00,395.00,1300.00,329.11,May 2022 Pricing Master,2026-09-07T07:48:47.421676
3443,461,8,20220501,1695.00,395.00,1300.00,329.11,May 2022 Pricing Master,2026-09-07T07:48:47.421676
3444,462,8,20220501,1695.00,395.00,1300.00,329.11,May 2022 Pricing Master,2026-09-07T07:48:47.421676
3445,501,8,20220501,1695.00,395.00,1300.00,329.11,May 2022 Pricing Master,2026-09-07T07:48:47.421676
3446,500,8,20220501,1695.00,395.00,1300.00,329.11,May 2022 Pricing Master,2026-09-07T07:48:47.421676
3447,499,8,20220501,1695.00,395.00,1300.00,329.11,May 2022 Pricing Master,2026-09-07T07:48:47.421676
3448,502,8,20220501,1695.00,395.00,1300.00,329.11,May 2022 Pricing Master,2026-09-07T07:48:47.421676
3449,497,8,20220501,1695.00,395.00,1300.00,329.11,May 2022 Pricing Master,2026-09-07T07:48:47.421676
3450,498,8,20220501,1695.00,395.00,1300.00,329.11,May 2022 Pricing Master,2026-09-07T07:48:47.421676
3451,564,8,20220501,1695.00,395.00,1300.00,329.11,May 2022 Pricing Master,2026-09-07T07:48:47.421676
3452,563,8,20220501,1695.00,395.00,1300.00,329.11,May 2022 Pricing Master,2026-09-07T07:48:47.421676
3453,562,8,20220501,1695.00,395.00,1300.00,329.11,May 2022 Pricing Master,2026-09-07T07:48:47.421676
3454,565,8,20220501,1695.00,395.00,1300.00,329.11,May 2022 Pricing Master,2026-09-07T07:48:47.421676
3455,560,8,20220501,1695.00,395.00,1300.00,329.11,May 2022 Pricing Master,2026-09-07T07:48:47.421676
3456,561,8,20220501,1695.00,395.00,1300.00,329.11,May 2022 Pricing Master,2026-09-07T07:48:47.421676
3457,589,8,20220501,1695.00,395.00,1300.00,329.11,May 2022 Pricing Master,2026-09-07T07:48:47.421676
3458,588,8,20220501,1695.00,395.00,1300.00,329.11,May 2022 Pricing Master,2026-09-07T07:48:47.421676
3459,587,8,20220501,1695.00,395.00,1300.00,329.11,May 2022 Pricing Master,2026-09-07T07:48:47.421676
3460,590,8,20220501,1695.00,395.00,1300.00,329.11,May 2022 Pricing Master,2026-09-07T07:48:47.421676
3461,585,8,20220501,1695.00,395.00,1300.00,329.11,May 2022 Pricing Master,2026-09-07T07:48:47.421676
3462,586,8,20220501,1695.00,395.00,1300.00,329.11,May 2022 Pricing Master,2026-09-07T07:48:47.421676
3463,519,8,20220501,1795.00,425.00,1370.00,322.35,May 2022 Pricing Master,2026-09-07T07:48:47.421676
3464,518,8,20220501,1795.00,425.00,1370.00,322.35,May 2022 Pricing Master,2026-09-07T07:48:47.421676
3465,517,8,20220501,1795.00,425.00,1370.00,322.35,May 2022 Pricing Master,2026-09-07T07:48:47.421676
3466,520,8,20220501,1795.00,425.00,1370.00,322.35,May 2022 Pricing Master,2026-09-07T07:48:47.421676
3467,515,8,20220501,1795.00,425.00,1370.00,322.35,May 2022 Pricing Master,2026-09-07T07:48:47.421676
3468,516,8,20220501,1795.00,425.00,1370.00,322.35,May 2022 Pricing Master,2026-09-07T07:48:47.421676
3469,584,8,20220501,1695.00,395.00,1300.00,329.11,May 2022 Pricing Master,2026-09-07T07:48:47.421676
3470,582,8,20220501,1695.00,395.00,1300.00,329.11,May 2022 Pricing Master,2026-09-07T07:48:47.421676
3471,581,8,20220501,1695.00,395.00,1300.00,329.11,May 2022 Pricing Master,2026-09-07T07:48:47.421676
3472,580,8,20220501,1695.00,395.00,1300.00,329.11,May 2022 Pricing Master,2026-09-07T07:48:47.421676
3473,583,8,20220501,1695.00,395.00,1300.00,329.11,May 2022 Pricing Master,2026-09-07T07:48:47.421676
3474,578,8,20220501,1695.00,395.00,1300.00,329.11,May 2022 Pricing Master,2026-09-07T07:48:47.421676
3475,579,8,20220501,1695.00,395.00,1300.00,329.11,May 2022 Pricing Master,2026-09-07T07:48:47.421676
3476,545,8,20220501,1695.00,395.00,1300.00,329.11,May 2022 Pricing Master,2026-09-07T07:48:47.421676
3477,544,8,20220501,1695.00,395.00,1300.00,329.11,May 2022 Pricing Master,2026-09-07T07:48:47.421676
3478,543,8,20220501,1695.00,395.00,1300.00,329.11,May 2022 Pricing Master,2026-09-07T07:48:47.421676
3479,546,8,20220501,1695.00,395.00,1300.00,329.11,May 2022 Pricing Master,2026-09-07T07:48:47.421676
3480,541,8,20220501,1695.00,395.00,1300.00,329.11,May 2022 Pricing Master,2026-09-07T07:48:47.421676
3481,542,8,20220501,1695.00,395.00,1300.00,329.11,May 2022 Pricing Master,2026-09-07T07:48:47.421676
3482,402,8,20220501,2795.00,695.00,2100.00,302.16,May 2022 Pricing Master,2026-09-07T07:48:47.421676
3483,401,8,20220501,2795.00,695.00,2100.00,302.16,May 2022 Pricing Master,2026-09-07T07:48:47.421676
3484,400,8,20220501,2795.00,695.00,2100.00,302.16,May 2022 Pricing Master,2026-09-07T07:48:47.421676
3485,403,8,20220501,2795.00,695.00,2100.00,302.16,May 2022 Pricing Master,2026-09-07T07:48:47.421676
3486,399,8,20220501,2795.00,695.00,2100.00,302.16,May 2022 Pricing Master,2026-09-07T07:48:47.421676
3487,413,8,20220501,2795.00,695.00,2100.00,302.16,May 2022 Pricing Master,2026-09-07T07:48:47.421676
3488,412,8,20220501,2795.00,695.00,2100.00,302.16,May 2022 Pricing Master,2026-09-07T07:48:47.421676
3489,411,8,20220501,2795.00,695.00,2100.00,302.16,May 2022 Pricing Master,2026-09-07T07:48:47.421676
3490,414,8,20220501,2795.00,695.00,2100.00,302.16,May 2022 Pricing Master,2026-09-07T07:48:47.421676
3491,410,8,20220501,2795.00,695.00,2100.00,302.16,May 2022 Pricing Master,2026-09-07T07:48:47.421676
3492,418,8,20220501,2795.00,695.00,2100.00,302.16,May 2022 Pricing Master,2026-09-07T07:48:47.421676
3493,417,8,20220501,2795.00,695.00,2100.00,302.16,May 2022 Pricing Master,2026-09-07T07:48:47.421676
3494,416,8,20220501,2795.00,695.00,2100.00,302.16,May 2022 Pricing Master,2026-09-07T07:48:47.421676
3495,419,8,20220501,2795.00,695.00,2100.00,302.16,May 2022 Pricing Master,2026-09-07T07:48:47.421676
3496,415,8,20220501,2795.00,695.00,2100.00,302.16,May 2022 Pricing Master,2026-09-07T07:48:47.421676
3497,423,8,20220501,2795.00,695.00,2100.00,302.16,May 2022 Pricing Master,2026-09-07T07:48:47.421676
3498,422,8,20220501,2795.00,695.00,2100.00,302.16,May 2022 Pricing Master,2026-09-07T07:48:47.421676
3499,421,8,20220501,2795.00,695.00,2100.00,302.16,May 2022 Pricing Master,2026-09-07T07:48:47.421676
3500,424,8,20220501,2795.00,695.00,2100.00,302.16,May 2022 Pricing Master,2026-09-07T07:48:47.421676
3501,420,8,20220501,2795.00,695.00,2100.00,302.16,May 2022 Pricing Master,2026-09-07T07:48:47.421676
3502,986,8,20220501,1695.00,395.00,1300.00,329.11,May 2022 Pricing Master,2026-09-07T07:48:47.421676
3503,985,8,20220501,1695.00,395.00,1300.00,329.11,May 2022 Pricing Master,2026-09-07T07:48:47.421676
3504,984,8,20220501,1695.00,395.00,1300.00,329.11,May 2022 Pricing Master,2026-09-07T07:48:47.421676
3505,987,8,20220501,1695.00,395.00,1300.00,329.11,May 2022 Pricing Master,2026-09-07T07:48:47.421676
3506,982,8,20220501,1695.00,395.00,1300.00,329.11,May 2022 Pricing Master,2026-09-07T07:48:47.421676
3507,983,8,20220501,1695.00,395.00,1300.00,329.11,May 2022 Pricing Master,2026-09-07T07:48:47.421676
3508,992,8,20220501,1695.00,395.00,1300.00,329.11,May 2022 Pricing Master,2026-09-07T07:48:47.421676
3509,991,8,20220501,1695.00,395.00,1300.00,329.11,May 2022 Pricing Master,2026-09-07T07:48:47.421676
3510,990,8,20220501,1695.00,395.00,1300.00,329.11,May 2022 Pricing Master,2026-09-07T07:48:47.421676
3511,993,8,20220501,1695.00,395.00,1300.00,329.11,May 2022 Pricing Master,2026-09-07T07:48:47.421676
3512,988,8,20220501,1695.00,395.00,1300.00,329.11,May 2022 Pricing Master,2026-09-07T07:48:47.421676
3513,989,8,20220501,1695.00,395.00,1300.00,329.11,May 2022 Pricing Master,2026-09-07T07:48:47.421676
3514,998,8,20220501,1695.00,395.00,1300.00,329.11,May 2022 Pricing Master,2026-09-07T07:48:47.421676
3515,997,8,20220501,1695.00,395.00,1300.00,329.11,May 2022 Pricing Master,2026-09-07T07:48:47.421676
3516,996,8,20220501,1695.00,395.00,1300.00,329.11,May 2022 Pricing Master,2026-09-07T07:48:47.421676
3517,999,8,20220501,1695.00,395.00,1300.00,329.11,May 2022 Pricing Master,2026-09-07T07:48:47.421676
3518,994,8,20220501,1695.00,395.00,1300.00,329.11,May 2022 Pricing Master,2026-09-07T07:48:47.421676
3519,995,8,20220501,1695.00,395.00,1300.00,329.11,May 2022 Pricing Master,2026-09-07T07:48:47.421676
3520,1004,8,20220501,1695.00,395.00,1300.00,329.11,May 2022 Pricing Master,2026-09-07T07:48:47.421676
3521,1003,8,20220501,1695.00,395.00,1300.00,329.11,May 2022 Pricing Master,2026-09-07T07:48:47.421676
3522,1002,8,20220501,1695.00,395.00,1300.00,329.11,May 2022 Pricing Master,2026-09-07T07:48:47.421676
3523,1005,8,20220501,1695.00,395.00,1300.00,329.11,May 2022 Pricing Master,2026-09-07T07:48:47.421676
3524,1000,8,20220501,1695.00,395.00,1300.00,329.11,May 2022 Pricing Master,2026-09-07T07:48:47.421676
3525,1001,8,20220501,1695.00,395.00,1300.00,329.11,May 2022 Pricing Master,2026-09-07T07:48:47.421676
3526,1010,8,20220501,1695.00,395.00,1300.00,329.11,May 2022 Pricing Master,2026-09-07T07:48:47.421676
3527,1009,8,20220501,1695.00,395.00,1300.00,329.11,May 2022 Pricing Master,2026-09-07T07:48:47.421676
3528,1008,8,20220501,1695.00,395.00,1300.00,329.11,May 2022 Pricing Master,2026-09-07T07:48:47.421676
3529,1011,8,20220501,1695.00,395.00,1300.00,329.11,May 2022 Pricing Master,2026-09-07T07:48:47.421676
3530,1006,8,20220501,1695.00,395.00,1300.00,329.11,May 2022 Pricing Master,2026-09-07T07:48:47.421676
3531,1007,8,20220501,1695.00,395.00,1300.00,329.11,May 2022 Pricing Master,2026-09-07T07:48:47.421676
3532,1016,8,20220501,1695.00,395.00,1300.00,329.11,May 2022 Pricing Master,2026-09-07T07:48:47.421676
3533,1015,8,20220501,1695.00,395.00,1300.00,329.11,May 2022 Pricing Master,2026-09-07T07:48:47.421676
3534,1014,8,20220501,1695.00,395.00,1300.00,329.11,May 2022 Pricing Master,2026-09-07T07:48:47.421676
3535,1017,8,20220501,1695.00,395.00,1300.00,329.11,May 2022 Pricing Master,2026-09-07T07:48:47.421676
3536,1012,8,20220501,1695.00,395.00,1300.00,329.11,May 2022 Pricing Master,2026-09-07T07:48:47.421676
3537,1013,8,20220501,1695.00,395.00,1300.00,329.11,May 2022 Pricing Master,2026-09-07T07:48:47.421676
3538,1022,8,20220501,1695.00,395.00,1300.00,329.11,May 2022 Pricing Master,2026-09-07T07:48:47.421676
3539,1021,8,20220501,1695.00,395.00,1300.00,329.11,May 2022 Pricing Master,2026-09-07T07:48:47.421676
3540,1020,8,20220501,1695.00,395.00,1300.00,329.11,May 2022 Pricing Master,2026-09-07T07:48:47.421676
3541,1023,8,20220501,1695.00,395.00,1300.00,329.11,May 2022 Pricing Master,2026-09-07T07:48:47.421676
3542,1018,8,20220501,1695.00,395.00,1300.00,329.11,May 2022 Pricing Master,2026-09-07T07:48:47.421676
3543,1019,8,20220501,1695.00,395.00,1300.00,329.11,May 2022 Pricing Master,2026-09-07T07:48:47.421676
3544,1028,8,20220501,1695.00,395.00,1300.00,329.11,May 2022 Pricing Master,2026-09-07T07:48:47.421676
3545,1027,8,20220501,1695.00,395.00,1300.00,329.11,May 2022 Pricing Master,2026-09-07T07:48:47.421676
3546,1026,8,20220501,1695.00,395.00,1300.00,329.11,May 2022 Pricing Master,2026-09-07T07:48:47.421676
3547,1029,8,20220501,1695.00,395.00,1300.00,329.11,May 2022 Pricing Master,2026-09-07T07:48:47.421676
3548,1024,8,20220501,1695.00,395.00,1300.00,329.11,May 2022 Pricing Master,2026-09-07T07:48:47.421676
3549,1025,8,20220501,1695.00,395.00,1300.00,329.11,May 2022 Pricing Master,2026-09-07T07:48:47.421676
3550,1040,8,20220501,1795.00,425.00,1370.00,322.35,May 2022 Pricing Master,2026-09-07T07:48:47.421676
3551,1039,8,20220501,1795.00,425.00,1370.00,322.35,May 2022 Pricing Master,2026-09-07T07:48:47.421676
3552,1038,8,20220501,1795.00,425.00,1370.00,322.35,May 2022 Pricing Master,2026-09-07T07:48:47.421676
3553,1041,8,20220501,1795.00,425.00,1370.00,322.35,May 2022 Pricing Master,2026-09-07T07:48:47.421676
3554,1036,8,20220501,1795.00,425.00,1370.00,322.35,May 2022 Pricing Master,2026-09-07T07:48:47.421676
3555,1037,8,20220501,1795.00,425.00,1370.00,322.35,May 2022 Pricing Master,2026-09-07T07:48:47.421676
3556,158,8,20220501,2495.00,1040.00,1455.00,139.90,May 2022 Pricing Master,2026-09-07T07:48:47.421676
3557,157,8,20220501,2495.00,1040.00,1455.00,139.90,May 2022 Pricing Master,2026-09-07T07:48:47.421676
3558,156,8,20220501,2495.00,1040.00,1455.00,139.90,May 2022 Pricing Master,2026-09-07T07:48:47.421676
3559,159,8,20220501,2495.00,1040.00,1455.00,139.90,May 2022 Pricing Master,2026-09-07T07:48:47.421676
3560,154,8,20220501,2495.00,1040.00,1455.00,139.90,May 2022 Pricing Master,2026-09-07T07:48:47.421676
3561,155,8,20220501,2495.00,1040.00,1455.00,139.90,May 2022 Pricing Master,2026-09-07T07:48:47.421676
3562,146,8,20220501,2495.00,1040.00,1455.00,139.90,May 2022 Pricing Master,2026-09-07T07:48:47.421676
3563,145,8,20220501,2495.00,1040.00,1455.00,139.90,May 2022 Pricing Master,2026-09-07T07:48:47.421676
3564,144,8,20220501,2495.00,1040.00,1455.00,139.90,May 2022 Pricing Master,2026-09-07T07:48:47.421676
3565,147,8,20220501,2495.00,1040.00,1455.00,139.90,May 2022 Pricing Master,2026-09-07T07:48:47.421676
3566,142,8,20220501,2495.00,1040.00,1455.00,139.90,May 2022 Pricing Master,2026-09-07T07:48:47.421676
3567,143,8,20220501,2495.00,1040.00,1455.00,139.90,May 2022 Pricing Master,2026-09-07T07:48:47.421676
3568,98,8,20220501,2495.00,950.00,1545.00,162.63,May 2022 Pricing Master,2026-09-07T07:48:47.421676
3569,97,8,20220501,2495.00,950.00,1545.00,162.63,May 2022 Pricing Master,2026-09-07T07:48:47.421676
3570,96,8,20220501,2495.00,950.00,1545.00,162.63,May 2022 Pricing Master,2026-09-07T07:48:47.421676
3571,99,8,20220501,2495.00,950.00,1545.00,162.63,May 2022 Pricing Master,2026-09-07T07:48:47.421676
3572,94,8,20220501,2495.00,950.00,1545.00,162.63,May 2022 Pricing Master,2026-09-07T07:48:47.421676
3573,95,8,20220501,2495.00,950.00,1545.00,162.63,May 2022 Pricing Master,2026-09-07T07:48:47.421676
3574,176,8,20220501,2150.00,940.00,1210.00,128.72,May 2022 Pricing Master,2026-09-07T07:48:47.421676
3575,175,8,20220501,2150.00,940.00,1210.00,128.72,May 2022 Pricing Master,2026-09-07T07:48:47.421676
3576,174,8,20220501,2150.00,940.00,1210.00,128.72,May 2022 Pricing Master,2026-09-07T07:48:47.421676
3577,177,8,20220501,2150.00,940.00,1210.00,128.72,May 2022 Pricing Master,2026-09-07T07:48:47.421676
3578,172,8,20220501,2150.00,940.00,1210.00,128.72,May 2022 Pricing Master,2026-09-07T07:48:47.421676
3579,173,8,20220501,2150.00,940.00,1210.00,128.72,May 2022 Pricing Master,2026-09-07T07:48:47.421676
3580,182,8,20220501,2250.00,925.00,1325.00,143.24,May 2022 Pricing Master,2026-09-07T07:48:47.421676
3581,181,8,20220501,2250.00,925.00,1325.00,143.24,May 2022 Pricing Master,2026-09-07T07:48:47.421676
3582,180,8,20220501,2250.00,925.00,1325.00,143.24,May 2022 Pricing Master,2026-09-07T07:48:47.421676
3583,183,8,20220501,2250.00,925.00,1325.00,143.24,May 2022 Pricing Master,2026-09-07T07:48:47.421676
3584,178,8,20220501,2250.00,925.00,1325.00,143.24,May 2022 Pricing Master,2026-09-07T07:48:47.421676
3585,179,8,20220501,2250.00,925.00,1325.00,143.24,May 2022 Pricing Master,2026-09-07T07:48:47.421676
3586,74,8,20220501,1995.00,900.00,1095.00,121.67,May 2022 Pricing Master,2026-09-07T07:48:47.421676
3587,73,8,20220501,1995.00,900.00,1095.00,121.67,May 2022 Pricing Master,2026-09-07T07:48:47.421676
3588,72,8,20220501,1995.00,900.00,1095.00,121.67,May 2022 Pricing Master,2026-09-07T07:48:47.421676
3589,75,8,20220501,1995.00,900.00,1095.00,121.67,May 2022 Pricing Master,2026-09-07T07:48:47.421676
3590,70,8,20220501,1995.00,900.00,1095.00,121.67,May 2022 Pricing Master,2026-09-07T07:48:47.421676
3591,71,8,20220501,1995.00,900.00,1095.00,121.67,May 2022 Pricing Master,2026-09-07T07:48:47.421676
3592,301,8,20220501,2695.00,1150.00,1545.00,134.35,May 2022 Pricing Master,2026-09-07T07:48:47.421676
3593,300,8,20220501,2695.00,1150.00,1545.00,134.35,May 2022 Pricing Master,2026-09-07T07:48:47.421676
3594,299,8,20220501,2695.00,1150.00,1545.00,134.35,May 2022 Pricing Master,2026-09-07T07:48:47.421676
3595,302,8,20220501,2695.00,1150.00,1545.00,134.35,May 2022 Pricing Master,2026-09-07T07:48:47.421676
3596,297,8,20220501,2695.00,1150.00,1545.00,134.35,May 2022 Pricing Master,2026-09-07T07:48:47.421676
3597,298,8,20220501,2695.00,1150.00,1545.00,134.35,May 2022 Pricing Master,2026-09-07T07:48:47.421676
3598,307,8,20220501,2695.00,1150.00,1545.00,134.35,May 2022 Pricing Master,2026-09-07T07:48:47.421676
3599,306,8,20220501,2695.00,1150.00,1545.00,134.35,May 2022 Pricing Master,2026-09-07T07:48:47.421676
3600,305,8,20220501,2695.00,1150.00,1545.00,134.35,May 2022 Pricing Master,2026-09-07T07:48:47.421676
3601,308,8,20220501,2695.00,1150.00,1545.00,134.35,May 2022 Pricing Master,2026-09-07T07:48:47.421676
3602,303,8,20220501,2695.00,1150.00,1545.00,134.35,May 2022 Pricing Master,2026-09-07T07:48:47.421676
3603,304,8,20220501,2695.00,1150.00,1545.00,134.35,May 2022 Pricing Master,2026-09-07T07:48:47.421676
3604,242,8,20220501,2150.00,910.00,1240.00,136.26,May 2022 Pricing Master,2026-09-07T07:48:47.421676
3605,241,8,20220501,2150.00,910.00,1240.00,136.26,May 2022 Pricing Master,2026-09-07T07:48:47.421676
3606,240,8,20220501,2150.00,910.00,1240.00,136.26,May 2022 Pricing Master,2026-09-07T07:48:47.421676
3607,243,8,20220501,2150.00,910.00,1240.00,136.26,May 2022 Pricing Master,2026-09-07T07:48:47.421676
3608,238,8,20220501,2150.00,910.00,1240.00,136.26,May 2022 Pricing Master,2026-09-07T07:48:47.421676
3609,239,8,20220501,2150.00,910.00,1240.00,136.26,May 2022 Pricing Master,2026-09-07T07:48:47.421676
3610,460,8,20220501,1595.00,361.00,1234.00,341.83,May 2022 Pricing Master,2026-09-07T07:48:47.421676
3611,458,8,20220501,1595.00,361.00,1234.00,341.83,May 2022 Pricing Master,2026-09-07T07:48:47.421676
3612,457,8,20220501,1595.00,361.00,1234.00,341.83,May 2022 Pricing Master,2026-09-07T07:48:47.421676
3613,456,8,20220501,1595.00,361.00,1234.00,341.83,May 2022 Pricing Master,2026-09-07T07:48:47.421676
3614,459,8,20220501,1595.00,361.00,1234.00,341.83,May 2022 Pricing Master,2026-09-07T07:48:47.421676
3615,855,8,20220501,1695.00,375.00,1320.00,352.00,May 2022 Pricing Master,2026-09-07T07:48:47.421676
3616,853,8,20220501,1695.00,375.00,1320.00,352.00,May 2022 Pricing Master,2026-09-07T07:48:47.421676
3617,852,8,20220501,1695.00,375.00,1320.00,352.00,May 2022 Pricing Master,2026-09-07T07:48:47.421676
3618,851,8,20220501,1695.00,375.00,1320.00,352.00,May 2022 Pricing Master,2026-09-07T07:48:47.421676
3619,854,8,20220501,1695.00,375.00,1320.00,352.00,May 2022 Pricing Master,2026-09-07T07:48:47.421676
3620,595,8,20220501,1795.00,435.00,1360.00,312.64,May 2022 Pricing Master,2026-09-07T07:48:47.421676
3621,594,8,20220501,1795.00,435.00,1360.00,312.64,May 2022 Pricing Master,2026-09-07T07:48:47.421676
3622,593,8,20220501,1795.00,435.00,1360.00,312.64,May 2022 Pricing Master,2026-09-07T07:48:47.421676
3623,596,8,20220501,1795.00,435.00,1360.00,312.64,May 2022 Pricing Master,2026-09-07T07:48:47.421676
3624,591,8,20220501,1795.00,435.00,1360.00,312.64,May 2022 Pricing Master,2026-09-07T07:48:47.421676
3625,592,8,20220501,1795.00,435.00,1360.00,312.64,May 2022 Pricing Master,2026-09-07T07:48:47.421676
3626,435,8,20220501,1695.00,395.00,1300.00,329.11,May 2022 Pricing Master,2026-09-07T07:48:47.421676
3627,433,8,20220501,1695.00,395.00,1300.00,329.11,May 2022 Pricing Master,2026-09-07T07:48:47.421676
3628,432,8,20220501,1695.00,395.00,1300.00,329.11,May 2022 Pricing Master,2026-09-07T07:48:47.421676
3629,431,8,20220501,1695.00,395.00,1300.00,329.11,May 2022 Pricing Master,2026-09-07T07:48:47.421676
3630,434,8,20220501,1695.00,395.00,1300.00,329.11,May 2022 Pricing Master,2026-09-07T07:48:47.421676
3631,445,8,20220501,1795.00,425.00,1370.00,322.35,May 2022 Pricing Master,2026-09-07T07:48:47.421676
3632,443,8,20220501,1795.00,425.00,1370.00,322.35,May 2022 Pricing Master,2026-09-07T07:48:47.421676
3633,442,8,20220501,1795.00,425.00,1370.00,322.35,May 2022 Pricing Master,2026-09-07T07:48:47.421676
3634,441,8,20220501,1795.00,425.00,1370.00,322.35,May 2022 Pricing Master,2026-09-07T07:48:47.421676
3635,444,8,20220501,1795.00,425.00,1370.00,322.35,May 2022 Pricing Master,2026-09-07T07:48:47.421676
3636,450,8,20220501,1895.00,450.00,1445.00,321.11,May 2022 Pricing Master,2026-09-07T07:48:47.421676
3637,448,8,20220501,1895.00,450.00,1445.00,321.11,May 2022 Pricing Master,2026-09-07T07:48:47.421676
3638,447,8,20220501,1895.00,450.00,1445.00,321.11,May 2022 Pricing Master,2026-09-07T07:48:47.421676
3639,446,8,20220501,1895.00,450.00,1445.00,321.11,May 2022 Pricing Master,2026-09-07T07:48:47.421676
3640,449,8,20220501,1895.00,450.00,1445.00,321.11,May 2022 Pricing Master,2026-09-07T07:48:47.421676
3641,455,8,20220501,1795.00,415.00,1380.00,332.53,May 2022 Pricing Master,2026-09-07T07:48:47.421676
3642,453,8,20220501,1795.00,415.00,1380.00,332.53,May 2022 Pricing Master,2026-09-07T07:48:47.421676
3643,452,8,20220501,1795.00,415.00,1380.00,332.53,May 2022 Pricing Master,2026-09-07T07:48:47.421676
3644,451,8,20220501,1795.00,415.00,1380.00,332.53,May 2022 Pricing Master,2026-09-07T07:48:47.421676
3645,454,8,20220501,1795.00,415.00,1380.00,332.53,May 2022 Pricing Master,2026-09-07T07:48:47.421676
3646,264,8,20220501,1895.00,825.00,1070.00,129.70,May 2022 Pricing Master,2026-09-07T07:48:47.421676
3647,263,8,20220501,1895.00,825.00,1070.00,129.70,May 2022 Pricing Master,2026-09-07T07:48:47.421676
3648,262,8,20220501,1895.00,825.00,1070.00,129.70,May 2022 Pricing Master,2026-09-07T07:48:47.421676
3649,265,8,20220501,1895.00,825.00,1070.00,129.70,May 2022 Pricing Master,2026-09-07T07:48:47.421676
3650,260,8,20220501,1895.00,825.00,1070.00,129.70,May 2022 Pricing Master,2026-09-07T07:48:47.421676
3651,261,8,20220501,1895.00,825.00,1070.00,129.70,May 2022 Pricing Master,2026-09-07T07:48:47.421676
3652,134,8,20220501,2495.00,950.00,1545.00,162.63,May 2022 Pricing Master,2026-09-07T07:48:47.421676
3653,133,8,20220501,2495.00,950.00,1545.00,162.63,May 2022 Pricing Master,2026-09-07T07:48:47.421676
3654,132,8,20220501,2495.00,950.00,1545.00,162.63,May 2022 Pricing Master,2026-09-07T07:48:47.421676
3655,135,8,20220501,2495.00,950.00,1545.00,162.63,May 2022 Pricing Master,2026-09-07T07:48:47.421676
3656,130,8,20220501,2495.00,950.00,1545.00,162.63,May 2022 Pricing Master,2026-09-07T07:48:47.421676
3657,131,8,20220501,2495.00,950.00,1545.00,162.63,May 2022 Pricing Master,2026-09-07T07:48:47.421676
3658,164,8,20220501,2195.00,895.00,1300.00,145.25,May 2022 Pricing Master,2026-09-07T07:48:47.421676
3659,163,8,20220501,2195.00,895.00,1300.00,145.25,May 2022 Pricing Master,2026-09-07T07:48:47.421676
3660,162,8,20220501,2195.00,895.00,1300.00,145.25,May 2022 Pricing Master,2026-09-07T07:48:47.421676
3661,165,8,20220501,2195.00,895.00,1300.00,145.25,May 2022 Pricing Master,2026-09-07T07:48:47.421676
3662,160,8,20220501,2195.00,895.00,1300.00,145.25,May 2022 Pricing Master,2026-09-07T07:48:47.421676
3663,161,8,20220501,2195.00,895.00,1300.00,145.25,May 2022 Pricing Master,2026-09-07T07:48:47.421676
3664,188,8,20220501,2050.00,875.00,1175.00,134.29,May 2022 Pricing Master,2026-09-07T07:48:47.421676
3665,187,8,20220501,2050.00,875.00,1175.00,134.29,May 2022 Pricing Master,2026-09-07T07:48:47.421676
3666,186,8,20220501,2050.00,875.00,1175.00,134.29,May 2022 Pricing Master,2026-09-07T07:48:47.421676
3667,189,8,20220501,2050.00,875.00,1175.00,134.29,May 2022 Pricing Master,2026-09-07T07:48:47.421676
3668,184,8,20220501,2050.00,875.00,1175.00,134.29,May 2022 Pricing Master,2026-09-07T07:48:47.421676
3669,185,8,20220501,2050.00,875.00,1175.00,134.29,May 2022 Pricing Master,2026-09-07T07:48:47.421676
3670,170,8,20220501,2395.00,1050.00,1345.00,128.10,May 2022 Pricing Master,2026-09-07T07:48:47.421676
3671,169,8,20220501,2395.00,1050.00,1345.00,128.10,May 2022 Pricing Master,2026-09-07T07:48:47.421676
3672,168,8,20220501,2395.00,1050.00,1345.00,128.10,May 2022 Pricing Master,2026-09-07T07:48:47.421676
3673,171,8,20220501,2395.00,1050.00,1345.00,128.10,May 2022 Pricing Master,2026-09-07T07:48:47.421676
3674,166,8,20220501,2395.00,1050.00,1345.00,128.10,May 2022 Pricing Master,2026-09-07T07:48:47.421676
3675,167,8,20220501,2395.00,1050.00,1345.00,128.10,May 2022 Pricing Master,2026-09-07T07:48:47.421676
3676,282,8,20220501,1895.00,510.00,1385.00,271.57,May 2022 Pricing Master,2026-09-07T07:48:47.421676
3677,281,8,20220501,1895.00,510.00,1385.00,271.57,May 2022 Pricing Master,2026-09-07T07:48:47.421676
3678,280,8,20220501,1895.00,510.00,1385.00,271.57,May 2022 Pricing Master,2026-09-07T07:48:47.421676
3679,283,8,20220501,1895.00,510.00,1385.00,271.57,May 2022 Pricing Master,2026-09-07T07:48:47.421676
3680,278,8,20220501,1895.00,510.00,1385.00,271.57,May 2022 Pricing Master,2026-09-07T07:48:47.421676
3681,279,8,20220501,1895.00,510.00,1385.00,271.57,May 2022 Pricing Master,2026-09-07T07:48:47.421676
3682,218,8,20220501,1895.00,825.00,1070.00,129.70,May 2022 Pricing Master,2026-09-07T07:48:47.421676
3683,217,8,20220501,1895.00,825.00,1070.00,129.70,May 2022 Pricing Master,2026-09-07T07:48:47.421676
3684,216,8,20220501,1895.00,825.00,1070.00,129.70,May 2022 Pricing Master,2026-09-07T07:48:47.421676
3685,219,8,20220501,1895.00,825.00,1070.00,129.70,May 2022 Pricing Master,2026-09-07T07:48:47.421676
3686,214,8,20220501,1895.00,825.00,1070.00,129.70,May 2022 Pricing Master,2026-09-07T07:48:47.421676
3687,215,8,20220501,1895.00,825.00,1070.00,129.70,May 2022 Pricing Master,2026-09-07T07:48:47.421676
3688,212,8,20220501,1995.00,845.00,1150.00,136.09,May 2022 Pricing Master,2026-09-07T07:48:47.421676
3689,211,8,20220501,1995.00,845.00,1150.00,136.09,May 2022 Pricing Master,2026-09-07T07:48:47.421676
3690,210,8,20220501,1995.00,845.00,1150.00,136.09,May 2022 Pricing Master,2026-09-07T07:48:47.421676
3691,213,8,20220501,1995.00,845.00,1150.00,136.09,May 2022 Pricing Master,2026-09-07T07:48:47.421676
3692,208,8,20220501,1995.00,845.00,1150.00,136.09,May 2022 Pricing Master,2026-09-07T07:48:47.421676
3693,209,8,20220501,1995.00,845.00,1150.00,136.09,May 2022 Pricing Master,2026-09-07T07:48:47.421676
3694,116,8,20220501,1895.00,695.00,1200.00,172.66,May 2022 Pricing Master,2026-09-07T07:48:47.421676
3695,115,8,20220501,1895.00,695.00,1200.00,172.66,May 2022 Pricing Master,2026-09-07T07:48:47.421676
3696,114,8,20220501,1895.00,695.00,1200.00,172.66,May 2022 Pricing Master,2026-09-07T07:48:47.421676
3697,117,8,20220501,1895.00,695.00,1200.00,172.66,May 2022 Pricing Master,2026-09-07T07:48:47.421676
3698,112,8,20220501,1895.00,695.00,1200.00,172.66,May 2022 Pricing Master,2026-09-07T07:48:47.421676
3699,113,8,20220501,1895.00,695.00,1200.00,172.66,May 2022 Pricing Master,2026-09-07T07:48:47.421676
3700,206,8,20220501,2595.00,1140.00,1455.00,127.63,May 2022 Pricing Master,2026-09-07T07:48:47.421676
3701,205,8,20220501,2595.00,1140.00,1455.00,127.63,May 2022 Pricing Master,2026-09-07T07:48:47.421676
3702,204,8,20220501,2595.00,1140.00,1455.00,127.63,May 2022 Pricing Master,2026-09-07T07:48:47.421676
3703,207,8,20220501,2595.00,1140.00,1455.00,127.63,May 2022 Pricing Master,2026-09-07T07:48:47.421676
3704,202,8,20220501,2595.00,1140.00,1455.00,127.63,May 2022 Pricing Master,2026-09-07T07:48:47.421676
3705,203,8,20220501,2595.00,1140.00,1455.00,127.63,May 2022 Pricing Master,2026-09-07T07:48:47.421676
3706,200,8,20220501,2295.00,980.00,1315.00,134.18,May 2022 Pricing Master,2026-09-07T07:48:47.421676
3707,199,8,20220501,2295.00,980.00,1315.00,134.18,May 2022 Pricing Master,2026-09-07T07:48:47.421676
3708,198,8,20220501,2295.00,980.00,1315.00,134.18,May 2022 Pricing Master,2026-09-07T07:48:47.421676
3709,201,8,20220501,2295.00,980.00,1315.00,134.18,May 2022 Pricing Master,2026-09-07T07:48:47.421676
3710,196,8,20220501,2295.00,980.00,1315.00,134.18,May 2022 Pricing Master,2026-09-07T07:48:47.421676
3711,197,8,20220501,2295.00,980.00,1315.00,134.18,May 2022 Pricing Master,2026-09-07T07:48:47.421676
3712,128,8,20220501,2495.00,950.00,1545.00,162.63,May 2022 Pricing Master,2026-09-07T07:48:47.421676
3713,127,8,20220501,2495.00,950.00,1545.00,162.63,May 2022 Pricing Master,2026-09-07T07:48:47.421676
3714,126,8,20220501,2495.00,950.00,1545.00,162.63,May 2022 Pricing Master,2026-09-07T07:48:47.421676
3715,129,8,20220501,2495.00,950.00,1545.00,162.63,May 2022 Pricing Master,2026-09-07T07:48:47.421676
3716,124,8,20220501,2495.00,950.00,1545.00,162.63,May 2022 Pricing Master,2026-09-07T07:48:47.421676
3717,125,8,20220501,2495.00,950.00,1545.00,162.63,May 2022 Pricing Master,2026-09-07T07:48:47.421676
3718,1093,8,20220501,2795.00,680.00,2115.00,311.03,May 2022 Pricing Master,2026-09-07T07:48:47.421676
3719,1092,8,20220501,2795.00,680.00,2115.00,311.03,May 2022 Pricing Master,2026-09-07T07:48:47.421676
3720,1091,8,20220501,2795.00,680.00,2115.00,311.03,May 2022 Pricing Master,2026-09-07T07:48:47.421676
3721,1094,8,20220501,2795.00,680.00,2115.00,311.03,May 2022 Pricing Master,2026-09-07T07:48:47.421676
3722,1089,8,20220501,2795.00,680.00,2115.00,311.03,May 2022 Pricing Master,2026-09-07T07:48:47.421676
3723,1090,8,20220501,2795.00,680.00,2115.00,311.03,May 2022 Pricing Master,2026-09-07T07:48:47.421676
3724,1087,8,20220501,2795.00,680.00,2115.00,311.03,May 2022 Pricing Master,2026-09-07T07:48:47.421676
3725,1086,8,20220501,2795.00,680.00,2115.00,311.03,May 2022 Pricing Master,2026-09-07T07:48:47.421676
3726,1085,8,20220501,2795.00,680.00,2115.00,311.03,May 2022 Pricing Master,2026-09-07T07:48:47.421676
3727,1088,8,20220501,2795.00,680.00,2115.00,311.03,May 2022 Pricing Master,2026-09-07T07:48:47.421676
3728,1083,8,20220501,2795.00,680.00,2115.00,311.03,May 2022 Pricing Master,2026-09-07T07:48:47.421676
3729,1084,8,20220501,2795.00,680.00,2115.00,311.03,May 2022 Pricing Master,2026-09-07T07:48:47.421676
3730,1081,8,20220501,2795.00,680.00,2115.00,311.03,May 2022 Pricing Master,2026-09-07T07:48:47.421676
3731,1080,8,20220501,2795.00,680.00,2115.00,311.03,May 2022 Pricing Master,2026-09-07T07:48:47.421676
3732,1079,8,20220501,2795.00,680.00,2115.00,311.03,May 2022 Pricing Master,2026-09-07T07:48:47.421676
3733,1082,8,20220501,2795.00,680.00,2115.00,311.03,May 2022 Pricing Master,2026-09-07T07:48:47.421676
3734,1077,8,20220501,2795.00,680.00,2115.00,311.03,May 2022 Pricing Master,2026-09-07T07:48:47.421676
3735,1078,8,20220501,2795.00,680.00,2115.00,311.03,May 2022 Pricing Master,2026-09-07T07:48:47.421676
3736,1075,8,20220501,2795.00,680.00,2115.00,311.03,May 2022 Pricing Master,2026-09-07T07:48:47.421676
3737,1074,8,20220501,2795.00,680.00,2115.00,311.03,May 2022 Pricing Master,2026-09-07T07:48:47.421676
3738,1073,8,20220501,2795.00,680.00,2115.00,311.03,May 2022 Pricing Master,2026-09-07T07:48:47.421676
3739,1076,8,20220501,2795.00,680.00,2115.00,311.03,May 2022 Pricing Master,2026-09-07T07:48:47.421676
3740,1071,8,20220501,2795.00,680.00,2115.00,311.03,May 2022 Pricing Master,2026-09-07T07:48:47.421676
3741,1072,8,20220501,2795.00,680.00,2115.00,311.03,May 2022 Pricing Master,2026-09-07T07:48:47.421676
3742,1058,8,20220501,1995.00,425.00,1570.00,369.41,May 2022 Pricing Master,2026-09-07T07:48:47.421676
3743,1057,8,20220501,1995.00,425.00,1570.00,369.41,May 2022 Pricing Master,2026-09-07T07:48:47.421676
3744,1056,8,20220501,1995.00,425.00,1570.00,369.41,May 2022 Pricing Master,2026-09-07T07:48:47.421676
3745,1059,8,20220501,1995.00,425.00,1570.00,369.41,May 2022 Pricing Master,2026-09-07T07:48:47.421676
3746,1054,8,20220501,1995.00,425.00,1570.00,369.41,May 2022 Pricing Master,2026-09-07T07:48:47.421676
3747,1055,8,20220501,1995.00,425.00,1570.00,369.41,May 2022 Pricing Master,2026-09-07T07:48:47.421676
3748,483,8,20220501,1995.00,425.00,1570.00,369.41,May 2022 Pricing Master,2026-09-07T07:48:47.421676
3749,482,8,20220501,1995.00,425.00,1570.00,369.41,May 2022 Pricing Master,2026-09-07T07:48:47.421676
3750,481,8,20220501,1995.00,425.00,1570.00,369.41,May 2022 Pricing Master,2026-09-07T07:48:47.421676
3751,484,8,20220501,1995.00,425.00,1570.00,369.41,May 2022 Pricing Master,2026-09-07T07:48:47.421676
3752,479,8,20220501,1995.00,425.00,1570.00,369.41,May 2022 Pricing Master,2026-09-07T07:48:47.421676
3753,480,8,20220501,1995.00,425.00,1570.00,369.41,May 2022 Pricing Master,2026-09-07T07:48:47.421676
3754,558,8,20220501,1995.00,425.00,1570.00,369.41,May 2022 Pricing Master,2026-09-07T07:48:47.421676
3755,557,8,20220501,1995.00,425.00,1570.00,369.41,May 2022 Pricing Master,2026-09-07T07:48:47.421676
3756,556,8,20220501,1995.00,425.00,1570.00,369.41,May 2022 Pricing Master,2026-09-07T07:48:47.421676
3757,559,8,20220501,1995.00,425.00,1570.00,369.41,May 2022 Pricing Master,2026-09-07T07:48:47.421676
3758,1011,10,20220501,1695.00,395.00,1300.00,329.11,May 2022 Pricing Master,2026-09-07T07:48:47.421676
3759,1006,10,20220501,1695.00,395.00,1300.00,329.11,May 2022 Pricing Master,2026-09-07T07:48:47.421676
3760,1007,10,20220501,1695.00,395.00,1300.00,329.11,May 2022 Pricing Master,2026-09-07T07:48:47.421676
3761,1016,10,20220501,1695.00,395.00,1300.00,329.11,May 2022 Pricing Master,2026-09-07T07:48:47.421676
3762,1015,10,20220501,1695.00,395.00,1300.00,329.11,May 2022 Pricing Master,2026-09-07T07:48:47.421676
3763,1014,10,20220501,1695.00,395.00,1300.00,329.11,May 2022 Pricing Master,2026-09-07T07:48:47.421676
3764,1017,10,20220501,1695.00,395.00,1300.00,329.11,May 2022 Pricing Master,2026-09-07T07:48:47.421676
3765,1012,10,20220501,1695.00,395.00,1300.00,329.11,May 2022 Pricing Master,2026-09-07T07:48:47.421676
3766,1013,10,20220501,1695.00,395.00,1300.00,329.11,May 2022 Pricing Master,2026-09-07T07:48:47.421676
3767,1022,10,20220501,1695.00,395.00,1300.00,329.11,May 2022 Pricing Master,2026-09-07T07:48:47.421676
3768,1021,10,20220501,1695.00,395.00,1300.00,329.11,May 2022 Pricing Master,2026-09-07T07:48:47.421676
3769,1020,10,20220501,1695.00,395.00,1300.00,329.11,May 2022 Pricing Master,2026-09-07T07:48:47.421676
3770,1023,10,20220501,1695.00,395.00,1300.00,329.11,May 2022 Pricing Master,2026-09-07T07:48:47.421676
3771,1018,10,20220501,1695.00,395.00,1300.00,329.11,May 2022 Pricing Master,2026-09-07T07:48:47.421676
3772,1019,10,20220501,1695.00,395.00,1300.00,329.11,May 2022 Pricing Master,2026-09-07T07:48:47.421676
3773,1028,10,20220501,1695.00,395.00,1300.00,329.11,May 2022 Pricing Master,2026-09-07T07:48:47.421676
3774,1027,10,20220501,1695.00,395.00,1300.00,329.11,May 2022 Pricing Master,2026-09-07T07:48:47.421676
3775,1026,10,20220501,1695.00,395.00,1300.00,329.11,May 2022 Pricing Master,2026-09-07T07:48:47.421676
3776,1029,10,20220501,1695.00,395.00,1300.00,329.11,May 2022 Pricing Master,2026-09-07T07:48:47.421676
3777,1024,10,20220501,1695.00,395.00,1300.00,329.11,May 2022 Pricing Master,2026-09-07T07:48:47.421676
3778,1025,10,20220501,1695.00,395.00,1300.00,329.11,May 2022 Pricing Master,2026-09-07T07:48:47.421676
3779,1040,10,20220501,1695.00,425.00,1270.00,298.82,May 2022 Pricing Master,2026-09-07T07:48:47.421676
3780,1039,10,20220501,1695.00,425.00,1270.00,298.82,May 2022 Pricing Master,2026-09-07T07:48:47.421676
3781,1038,10,20220501,1695.00,425.00,1270.00,298.82,May 2022 Pricing Master,2026-09-07T07:48:47.421676
3782,1041,10,20220501,1695.00,425.00,1270.00,298.82,May 2022 Pricing Master,2026-09-07T07:48:47.421676
3783,1036,10,20220501,1695.00,425.00,1270.00,298.82,May 2022 Pricing Master,2026-09-07T07:48:47.421676
3784,1037,10,20220501,1695.00,425.00,1270.00,298.82,May 2022 Pricing Master,2026-09-07T07:48:47.421676
3785,158,10,20220501,2495.00,1040.00,1455.00,139.90,May 2022 Pricing Master,2026-09-07T07:48:47.421676
3786,157,10,20220501,2495.00,1040.00,1455.00,139.90,May 2022 Pricing Master,2026-09-07T07:48:47.421676
3787,156,10,20220501,2495.00,1040.00,1455.00,139.90,May 2022 Pricing Master,2026-09-07T07:48:47.421676
3788,159,10,20220501,2495.00,1040.00,1455.00,139.90,May 2022 Pricing Master,2026-09-07T07:48:47.421676
3789,154,10,20220501,2495.00,1040.00,1455.00,139.90,May 2022 Pricing Master,2026-09-07T07:48:47.421676
3790,155,10,20220501,2495.00,1040.00,1455.00,139.90,May 2022 Pricing Master,2026-09-07T07:48:47.421676
3791,146,10,20220501,2495.00,1040.00,1455.00,139.90,May 2022 Pricing Master,2026-09-07T07:48:47.421676
3792,145,10,20220501,2495.00,1040.00,1455.00,139.90,May 2022 Pricing Master,2026-09-07T07:48:47.421676
3793,144,10,20220501,2495.00,1040.00,1455.00,139.90,May 2022 Pricing Master,2026-09-07T07:48:47.421676
3794,147,10,20220501,2495.00,1040.00,1455.00,139.90,May 2022 Pricing Master,2026-09-07T07:48:47.421676
3795,142,10,20220501,2495.00,1040.00,1455.00,139.90,May 2022 Pricing Master,2026-09-07T07:48:47.421676
3796,143,10,20220501,2495.00,1040.00,1455.00,139.90,May 2022 Pricing Master,2026-09-07T07:48:47.421676
3797,98,10,20220501,2495.00,950.00,1545.00,162.63,May 2022 Pricing Master,2026-09-07T07:48:47.421676
3798,97,10,20220501,2495.00,950.00,1545.00,162.63,May 2022 Pricing Master,2026-09-07T07:48:47.421676
3799,96,10,20220501,2495.00,950.00,1545.00,162.63,May 2022 Pricing Master,2026-09-07T07:48:47.421676
3800,99,10,20220501,2495.00,950.00,1545.00,162.63,May 2022 Pricing Master,2026-09-07T07:48:47.421676
3801,94,10,20220501,2495.00,950.00,1545.00,162.63,May 2022 Pricing Master,2026-09-07T07:48:47.421676
3802,95,10,20220501,2495.00,950.00,1545.00,162.63,May 2022 Pricing Master,2026-09-07T07:48:47.421676
3803,176,10,20220501,2150.00,940.00,1210.00,128.72,May 2022 Pricing Master,2026-09-07T07:48:47.421676
3804,175,10,20220501,2150.00,940.00,1210.00,128.72,May 2022 Pricing Master,2026-09-07T07:48:47.421676
3805,174,10,20220501,2150.00,940.00,1210.00,128.72,May 2022 Pricing Master,2026-09-07T07:48:47.421676
3806,177,10,20220501,2150.00,940.00,1210.00,128.72,May 2022 Pricing Master,2026-09-07T07:48:47.421676
3807,172,10,20220501,2150.00,940.00,1210.00,128.72,May 2022 Pricing Master,2026-09-07T07:48:47.421676
3808,173,10,20220501,2150.00,940.00,1210.00,128.72,May 2022 Pricing Master,2026-09-07T07:48:47.421676
3809,182,10,20220501,2250.00,925.00,1325.00,143.24,May 2022 Pricing Master,2026-09-07T07:48:47.421676
3810,181,10,20220501,2250.00,925.00,1325.00,143.24,May 2022 Pricing Master,2026-09-07T07:48:47.421676
3811,180,10,20220501,2250.00,925.00,1325.00,143.24,May 2022 Pricing Master,2026-09-07T07:48:47.421676
3812,183,10,20220501,2250.00,925.00,1325.00,143.24,May 2022 Pricing Master,2026-09-07T07:48:47.421676
3813,178,10,20220501,2250.00,925.00,1325.00,143.24,May 2022 Pricing Master,2026-09-07T07:48:47.421676
3814,179,10,20220501,2250.00,925.00,1325.00,143.24,May 2022 Pricing Master,2026-09-07T07:48:47.421676
3815,74,10,20220501,1995.00,900.00,1095.00,121.67,May 2022 Pricing Master,2026-09-07T07:48:47.421676
3816,73,10,20220501,1995.00,900.00,1095.00,121.67,May 2022 Pricing Master,2026-09-07T07:48:47.421676
3817,72,10,20220501,1995.00,900.00,1095.00,121.67,May 2022 Pricing Master,2026-09-07T07:48:47.421676
3818,75,10,20220501,1995.00,900.00,1095.00,121.67,May 2022 Pricing Master,2026-09-07T07:48:47.421676
3819,70,10,20220501,1995.00,900.00,1095.00,121.67,May 2022 Pricing Master,2026-09-07T07:48:47.421676
3820,71,10,20220501,1995.00,900.00,1095.00,121.67,May 2022 Pricing Master,2026-09-07T07:48:47.421676
3821,301,10,20220501,2695.00,1150.00,1545.00,134.35,May 2022 Pricing Master,2026-09-07T07:48:47.421676
3822,300,10,20220501,2695.00,1150.00,1545.00,134.35,May 2022 Pricing Master,2026-09-07T07:48:47.421676
3823,299,10,20220501,2695.00,1150.00,1545.00,134.35,May 2022 Pricing Master,2026-09-07T07:48:47.421676
3824,302,10,20220501,2695.00,1150.00,1545.00,134.35,May 2022 Pricing Master,2026-09-07T07:48:47.421676
3825,297,10,20220501,2695.00,1150.00,1545.00,134.35,May 2022 Pricing Master,2026-09-07T07:48:47.421676
3826,298,10,20220501,2695.00,1150.00,1545.00,134.35,May 2022 Pricing Master,2026-09-07T07:48:47.421676
3827,307,10,20220501,2695.00,1150.00,1545.00,134.35,May 2022 Pricing Master,2026-09-07T07:48:47.421676
3828,306,10,20220501,2695.00,1150.00,1545.00,134.35,May 2022 Pricing Master,2026-09-07T07:48:47.421676
3829,305,10,20220501,2695.00,1150.00,1545.00,134.35,May 2022 Pricing Master,2026-09-07T07:48:47.421676
3830,308,10,20220501,2695.00,1150.00,1545.00,134.35,May 2022 Pricing Master,2026-09-07T07:48:47.421676
3831,303,10,20220501,2695.00,1150.00,1545.00,134.35,May 2022 Pricing Master,2026-09-07T07:48:47.421676
3832,304,10,20220501,2695.00,1150.00,1545.00,134.35,May 2022 Pricing Master,2026-09-07T07:48:47.421676
3833,242,10,20220501,2150.00,910.00,1240.00,136.26,May 2022 Pricing Master,2026-09-07T07:48:47.421676
3834,241,10,20220501,2150.00,910.00,1240.00,136.26,May 2022 Pricing Master,2026-09-07T07:48:47.421676
3835,240,10,20220501,2150.00,910.00,1240.00,136.26,May 2022 Pricing Master,2026-09-07T07:48:47.421676
3836,243,10,20220501,2150.00,910.00,1240.00,136.26,May 2022 Pricing Master,2026-09-07T07:48:47.421676
3837,238,10,20220501,2150.00,910.00,1240.00,136.26,May 2022 Pricing Master,2026-09-07T07:48:47.421676
3838,239,10,20220501,2150.00,910.00,1240.00,136.26,May 2022 Pricing Master,2026-09-07T07:48:47.421676
3839,460,10,20220501,1595.00,361.00,1234.00,341.83,May 2022 Pricing Master,2026-09-07T07:48:47.421676
3840,458,10,20220501,1595.00,361.00,1234.00,341.83,May 2022 Pricing Master,2026-09-07T07:48:47.421676
3841,457,10,20220501,1595.00,361.00,1234.00,341.83,May 2022 Pricing Master,2026-09-07T07:48:47.421676
3842,456,10,20220501,1595.00,361.00,1234.00,341.83,May 2022 Pricing Master,2026-09-07T07:48:47.421676
3843,459,10,20220501,1595.00,361.00,1234.00,341.83,May 2022 Pricing Master,2026-09-07T07:48:47.421676
3844,855,10,20220501,1695.00,375.00,1320.00,352.00,May 2022 Pricing Master,2026-09-07T07:48:47.421676
3845,853,10,20220501,1695.00,375.00,1320.00,352.00,May 2022 Pricing Master,2026-09-07T07:48:47.421676
3846,852,10,20220501,1695.00,375.00,1320.00,352.00,May 2022 Pricing Master,2026-09-07T07:48:47.421676
3847,851,10,20220501,1695.00,375.00,1320.00,352.00,May 2022 Pricing Master,2026-09-07T07:48:47.421676
3848,854,10,20220501,1695.00,375.00,1320.00,352.00,May 2022 Pricing Master,2026-09-07T07:48:47.421676
3849,595,10,20220501,1795.00,435.00,1360.00,312.64,May 2022 Pricing Master,2026-09-07T07:48:47.421676
3850,594,10,20220501,1795.00,435.00,1360.00,312.64,May 2022 Pricing Master,2026-09-07T07:48:47.421676
3851,593,10,20220501,1795.00,435.00,1360.00,312.64,May 2022 Pricing Master,2026-09-07T07:48:47.421676
3852,596,10,20220501,1795.00,435.00,1360.00,312.64,May 2022 Pricing Master,2026-09-07T07:48:47.421676
3853,591,10,20220501,1795.00,435.00,1360.00,312.64,May 2022 Pricing Master,2026-09-07T07:48:47.421676
3854,592,10,20220501,1795.00,435.00,1360.00,312.64,May 2022 Pricing Master,2026-09-07T07:48:47.421676
3855,435,10,20220501,1695.00,395.00,1300.00,329.11,May 2022 Pricing Master,2026-09-07T07:48:47.421676
3856,433,10,20220501,1695.00,395.00,1300.00,329.11,May 2022 Pricing Master,2026-09-07T07:48:47.421676
3857,432,10,20220501,1695.00,395.00,1300.00,329.11,May 2022 Pricing Master,2026-09-07T07:48:47.421676
3858,431,10,20220501,1695.00,395.00,1300.00,329.11,May 2022 Pricing Master,2026-09-07T07:48:47.421676
3859,434,10,20220501,1695.00,395.00,1300.00,329.11,May 2022 Pricing Master,2026-09-07T07:48:47.421676
3860,445,10,20220501,1795.00,425.00,1370.00,322.35,May 2022 Pricing Master,2026-09-07T07:48:47.421676
3861,443,10,20220501,1795.00,425.00,1370.00,322.35,May 2022 Pricing Master,2026-09-07T07:48:47.421676
3862,442,10,20220501,1795.00,425.00,1370.00,322.35,May 2022 Pricing Master,2026-09-07T07:48:47.421676
3863,441,10,20220501,1795.00,425.00,1370.00,322.35,May 2022 Pricing Master,2026-09-07T07:48:47.421676
3864,444,10,20220501,1795.00,425.00,1370.00,322.35,May 2022 Pricing Master,2026-09-07T07:48:47.421676
3865,450,10,20220501,1895.00,450.00,1445.00,321.11,May 2022 Pricing Master,2026-09-07T07:48:47.421676
3866,448,10,20220501,1895.00,450.00,1445.00,321.11,May 2022 Pricing Master,2026-09-07T07:48:47.421676
3867,447,10,20220501,1895.00,450.00,1445.00,321.11,May 2022 Pricing Master,2026-09-07T07:48:47.421676
3868,446,10,20220501,1895.00,450.00,1445.00,321.11,May 2022 Pricing Master,2026-09-07T07:48:47.421676
3869,449,10,20220501,1895.00,450.00,1445.00,321.11,May 2022 Pricing Master,2026-09-07T07:48:47.421676
3870,455,10,20220501,1795.00,415.00,1380.00,332.53,May 2022 Pricing Master,2026-09-07T07:48:47.421676
3871,453,10,20220501,1795.00,415.00,1380.00,332.53,May 2022 Pricing Master,2026-09-07T07:48:47.421676
3872,452,10,20220501,1795.00,415.00,1380.00,332.53,May 2022 Pricing Master,2026-09-07T07:48:47.421676
3873,451,10,20220501,1795.00,415.00,1380.00,332.53,May 2022 Pricing Master,2026-09-07T07:48:47.421676
3874,454,10,20220501,1795.00,415.00,1380.00,332.53,May 2022 Pricing Master,2026-09-07T07:48:47.421676
3875,264,10,20220501,1895.00,825.00,1070.00,129.70,May 2022 Pricing Master,2026-09-07T07:48:47.421676
3876,263,10,20220501,1895.00,825.00,1070.00,129.70,May 2022 Pricing Master,2026-09-07T07:48:47.421676
3877,262,10,20220501,1895.00,825.00,1070.00,129.70,May 2022 Pricing Master,2026-09-07T07:48:47.421676
3878,265,10,20220501,1895.00,825.00,1070.00,129.70,May 2022 Pricing Master,2026-09-07T07:48:47.421676
3879,260,10,20220501,1895.00,825.00,1070.00,129.70,May 2022 Pricing Master,2026-09-07T07:48:47.421676
3880,261,10,20220501,1895.00,825.00,1070.00,129.70,May 2022 Pricing Master,2026-09-07T07:48:47.421676
3881,134,10,20220501,2495.00,950.00,1545.00,162.63,May 2022 Pricing Master,2026-09-07T07:48:47.421676
3882,133,10,20220501,2495.00,950.00,1545.00,162.63,May 2022 Pricing Master,2026-09-07T07:48:47.421676
3883,132,10,20220501,2495.00,950.00,1545.00,162.63,May 2022 Pricing Master,2026-09-07T07:48:47.421676
3884,135,10,20220501,2495.00,950.00,1545.00,162.63,May 2022 Pricing Master,2026-09-07T07:48:47.421676
3885,130,10,20220501,2495.00,950.00,1545.00,162.63,May 2022 Pricing Master,2026-09-07T07:48:47.421676
3886,131,10,20220501,2495.00,950.00,1545.00,162.63,May 2022 Pricing Master,2026-09-07T07:48:47.421676
3887,164,10,20220501,2195.00,895.00,1300.00,145.25,May 2022 Pricing Master,2026-09-07T07:48:47.421676
3888,163,10,20220501,2195.00,895.00,1300.00,145.25,May 2022 Pricing Master,2026-09-07T07:48:47.421676
3889,162,10,20220501,2195.00,895.00,1300.00,145.25,May 2022 Pricing Master,2026-09-07T07:48:47.421676
3890,165,10,20220501,2195.00,895.00,1300.00,145.25,May 2022 Pricing Master,2026-09-07T07:48:47.421676
3891,160,10,20220501,2195.00,895.00,1300.00,145.25,May 2022 Pricing Master,2026-09-07T07:48:47.421676
3892,161,10,20220501,2195.00,895.00,1300.00,145.25,May 2022 Pricing Master,2026-09-07T07:48:47.421676
3893,188,10,20220501,2050.00,875.00,1175.00,134.29,May 2022 Pricing Master,2026-09-07T07:48:47.421676
3894,187,10,20220501,2050.00,875.00,1175.00,134.29,May 2022 Pricing Master,2026-09-07T07:48:47.421676
3895,186,10,20220501,2050.00,875.00,1175.00,134.29,May 2022 Pricing Master,2026-09-07T07:48:47.421676
3896,189,10,20220501,2050.00,875.00,1175.00,134.29,May 2022 Pricing Master,2026-09-07T07:48:47.421676
3897,184,10,20220501,2050.00,875.00,1175.00,134.29,May 2022 Pricing Master,2026-09-07T07:48:47.421676
3898,185,10,20220501,2050.00,875.00,1175.00,134.29,May 2022 Pricing Master,2026-09-07T07:48:47.421676
3899,170,10,20220501,2395.00,1050.00,1345.00,128.10,May 2022 Pricing Master,2026-09-07T07:48:47.421676
3900,169,10,20220501,2395.00,1050.00,1345.00,128.10,May 2022 Pricing Master,2026-09-07T07:48:47.421676
3901,168,10,20220501,2395.00,1050.00,1345.00,128.10,May 2022 Pricing Master,2026-09-07T07:48:47.421676
3902,171,10,20220501,2395.00,1050.00,1345.00,128.10,May 2022 Pricing Master,2026-09-07T07:48:47.421676
3903,166,10,20220501,2395.00,1050.00,1345.00,128.10,May 2022 Pricing Master,2026-09-07T07:48:47.421676
3904,167,10,20220501,2395.00,1050.00,1345.00,128.10,May 2022 Pricing Master,2026-09-07T07:48:47.421676
3905,282,10,20220501,1895.00,510.00,1385.00,271.57,May 2022 Pricing Master,2026-09-07T07:48:47.421676
3906,281,10,20220501,1895.00,510.00,1385.00,271.57,May 2022 Pricing Master,2026-09-07T07:48:47.421676
3907,280,10,20220501,1895.00,510.00,1385.00,271.57,May 2022 Pricing Master,2026-09-07T07:48:47.421676
3908,283,10,20220501,1895.00,510.00,1385.00,271.57,May 2022 Pricing Master,2026-09-07T07:48:47.421676
3909,278,10,20220501,1895.00,510.00,1385.00,271.57,May 2022 Pricing Master,2026-09-07T07:48:47.421676
3910,279,10,20220501,1895.00,510.00,1385.00,271.57,May 2022 Pricing Master,2026-09-07T07:48:47.421676
3911,218,10,20220501,1895.00,825.00,1070.00,129.70,May 2022 Pricing Master,2026-09-07T07:48:47.421676
3912,217,10,20220501,1895.00,825.00,1070.00,129.70,May 2022 Pricing Master,2026-09-07T07:48:47.421676
3913,216,10,20220501,1895.00,825.00,1070.00,129.70,May 2022 Pricing Master,2026-09-07T07:48:47.421676
3914,219,10,20220501,1895.00,825.00,1070.00,129.70,May 2022 Pricing Master,2026-09-07T07:48:47.421676
3915,214,10,20220501,1895.00,825.00,1070.00,129.70,May 2022 Pricing Master,2026-09-07T07:48:47.421676
3916,215,10,20220501,1895.00,825.00,1070.00,129.70,May 2022 Pricing Master,2026-09-07T07:48:47.421676
3917,212,10,20220501,1995.00,845.00,1150.00,136.09,May 2022 Pricing Master,2026-09-07T07:48:47.421676
3918,211,10,20220501,1995.00,845.00,1150.00,136.09,May 2022 Pricing Master,2026-09-07T07:48:47.421676
3919,210,10,20220501,1995.00,845.00,1150.00,136.09,May 2022 Pricing Master,2026-09-07T07:48:47.421676
3920,213,10,20220501,1995.00,845.00,1150.00,136.09,May 2022 Pricing Master,2026-09-07T07:48:47.421676
3921,208,10,20220501,1995.00,845.00,1150.00,136.09,May 2022 Pricing Master,2026-09-07T07:48:47.421676
3922,209,10,20220501,1995.00,845.00,1150.00,136.09,May 2022 Pricing Master,2026-09-07T07:48:47.421676
3923,116,10,20220501,1895.00,695.00,1200.00,172.66,May 2022 Pricing Master,2026-09-07T07:48:47.421676
3924,115,10,20220501,1895.00,695.00,1200.00,172.66,May 2022 Pricing Master,2026-09-07T07:48:47.421676
3925,114,10,20220501,1895.00,695.00,1200.00,172.66,May 2022 Pricing Master,2026-09-07T07:48:47.421676
3926,117,10,20220501,1895.00,695.00,1200.00,172.66,May 2022 Pricing Master,2026-09-07T07:48:47.421676
3927,112,10,20220501,1895.00,695.00,1200.00,172.66,May 2022 Pricing Master,2026-09-07T07:48:47.421676
3928,113,10,20220501,1895.00,695.00,1200.00,172.66,May 2022 Pricing Master,2026-09-07T07:48:47.421676
3929,206,10,20220501,2595.00,1140.00,1455.00,127.63,May 2022 Pricing Master,2026-09-07T07:48:47.421676
3930,205,10,20220501,2595.00,1140.00,1455.00,127.63,May 2022 Pricing Master,2026-09-07T07:48:47.421676
3931,204,10,20220501,2595.00,1140.00,1455.00,127.63,May 2022 Pricing Master,2026-09-07T07:48:47.421676
3932,207,10,20220501,2595.00,1140.00,1455.00,127.63,May 2022 Pricing Master,2026-09-07T07:48:47.421676
3933,202,10,20220501,2595.00,1140.00,1455.00,127.63,May 2022 Pricing Master,2026-09-07T07:48:47.421676
3934,203,10,20220501,2595.00,1140.00,1455.00,127.63,May 2022 Pricing Master,2026-09-07T07:48:47.421676
3935,200,10,20220501,2295.00,980.00,1315.00,134.18,May 2022 Pricing Master,2026-09-07T07:48:47.421676
3936,199,10,20220501,2295.00,980.00,1315.00,134.18,May 2022 Pricing Master,2026-09-07T07:48:47.421676
3937,198,10,20220501,2295.00,980.00,1315.00,134.18,May 2022 Pricing Master,2026-09-07T07:48:47.421676
3938,201,10,20220501,2295.00,980.00,1315.00,134.18,May 2022 Pricing Master,2026-09-07T07:48:47.421676
3939,196,10,20220501,2295.00,980.00,1315.00,134.18,May 2022 Pricing Master,2026-09-07T07:48:47.421676
3940,197,10,20220501,2295.00,980.00,1315.00,134.18,May 2022 Pricing Master,2026-09-07T07:48:47.421676
3941,128,10,20220501,2495.00,950.00,1545.00,162.63,May 2022 Pricing Master,2026-09-07T07:48:47.421676
3942,127,10,20220501,2495.00,950.00,1545.00,162.63,May 2022 Pricing Master,2026-09-07T07:48:47.421676
3943,126,10,20220501,2495.00,950.00,1545.00,162.63,May 2022 Pricing Master,2026-09-07T07:48:47.421676
3944,129,10,20220501,2495.00,950.00,1545.00,162.63,May 2022 Pricing Master,2026-09-07T07:48:47.421676
3945,124,10,20220501,2495.00,950.00,1545.00,162.63,May 2022 Pricing Master,2026-09-07T07:48:47.421676
3946,125,10,20220501,2495.00,950.00,1545.00,162.63,May 2022 Pricing Master,2026-09-07T07:48:47.421676
3947,1093,10,20220501,2795.00,680.00,2115.00,311.03,May 2022 Pricing Master,2026-09-07T07:48:47.421676
3948,1092,10,20220501,2795.00,680.00,2115.00,311.03,May 2022 Pricing Master,2026-09-07T07:48:47.421676
3949,1091,10,20220501,2795.00,680.00,2115.00,311.03,May 2022 Pricing Master,2026-09-07T07:48:47.421676
3950,1094,10,20220501,2795.00,680.00,2115.00,311.03,May 2022 Pricing Master,2026-09-07T07:48:47.421676
3951,1089,10,20220501,2795.00,680.00,2115.00,311.03,May 2022 Pricing Master,2026-09-07T07:48:47.421676
3952,1090,10,20220501,2795.00,680.00,2115.00,311.03,May 2022 Pricing Master,2026-09-07T07:48:47.421676
3953,1087,10,20220501,2795.00,680.00,2115.00,311.03,May 2022 Pricing Master,2026-09-07T07:48:47.421676
3954,1086,10,20220501,2795.00,680.00,2115.00,311.03,May 2022 Pricing Master,2026-09-07T07:48:47.421676
3955,1085,10,20220501,2795.00,680.00,2115.00,311.03,May 2022 Pricing Master,2026-09-07T07:48:47.421676
3956,1088,10,20220501,2795.00,680.00,2115.00,311.03,May 2022 Pricing Master,2026-09-07T07:48:47.421676
3957,1083,10,20220501,2795.00,680.00,2115.00,311.03,May 2022 Pricing Master,2026-09-07T07:48:47.421676
3958,1084,10,20220501,2795.00,680.00,2115.00,311.03,May 2022 Pricing Master,2026-09-07T07:48:47.421676
3959,1081,10,20220501,2795.00,680.00,2115.00,311.03,May 2022 Pricing Master,2026-09-07T07:48:47.421676
3960,1080,10,20220501,2795.00,680.00,2115.00,311.03,May 2022 Pricing Master,2026-09-07T07:48:47.421676
3961,1079,10,20220501,2795.00,680.00,2115.00,311.03,May 2022 Pricing Master,2026-09-07T07:48:47.421676
3962,1082,10,20220501,2795.00,680.00,2115.00,311.03,May 2022 Pricing Master,2026-09-07T07:48:47.421676
3963,1077,10,20220501,2795.00,680.00,2115.00,311.03,May 2022 Pricing Master,2026-09-07T07:48:47.421676
3964,1078,10,20220501,2795.00,680.00,2115.00,311.03,May 2022 Pricing Master,2026-09-07T07:48:47.421676
3965,1075,10,20220501,2795.00,680.00,2115.00,311.03,May 2022 Pricing Master,2026-09-07T07:48:47.421676
3966,1074,10,20220501,2795.00,680.00,2115.00,311.03,May 2022 Pricing Master,2026-09-07T07:48:47.421676
3967,1073,10,20220501,2795.00,680.00,2115.00,311.03,May 2022 Pricing Master,2026-09-07T07:48:47.421676
3968,1076,10,20220501,2795.00,680.00,2115.00,311.03,May 2022 Pricing Master,2026-09-07T07:48:47.421676
3969,1071,10,20220501,2795.00,680.00,2115.00,311.03,May 2022 Pricing Master,2026-09-07T07:48:47.421676
3970,1072,10,20220501,2795.00,680.00,2115.00,311.03,May 2022 Pricing Master,2026-09-07T07:48:47.421676
3971,1058,10,20220501,1995.00,425.00,1570.00,369.41,May 2022 Pricing Master,2026-09-07T07:48:47.421676
3972,1057,10,20220501,1995.00,425.00,1570.00,369.41,May 2022 Pricing Master,2026-09-07T07:48:47.421676
3973,1056,10,20220501,1995.00,425.00,1570.00,369.41,May 2022 Pricing Master,2026-09-07T07:48:47.421676
3974,1059,10,20220501,1995.00,425.00,1570.00,369.41,May 2022 Pricing Master,2026-09-07T07:48:47.421676
3975,1054,10,20220501,1995.00,425.00,1570.00,369.41,May 2022 Pricing Master,2026-09-07T07:48:47.421676
3976,1055,10,20220501,1995.00,425.00,1570.00,369.41,May 2022 Pricing Master,2026-09-07T07:48:47.421676
3977,483,10,20220501,1995.00,425.00,1570.00,369.41,May 2022 Pricing Master,2026-09-07T07:48:47.421676
3978,482,10,20220501,1995.00,425.00,1570.00,369.41,May 2022 Pricing Master,2026-09-07T07:48:47.421676
3979,481,10,20220501,1995.00,425.00,1570.00,369.41,May 2022 Pricing Master,2026-09-07T07:48:47.421676
3980,484,10,20220501,1995.00,425.00,1570.00,369.41,May 2022 Pricing Master,2026-09-07T07:48:47.421676
3981,479,10,20220501,1995.00,425.00,1570.00,369.41,May 2022 Pricing Master,2026-09-07T07:48:47.421676
3982,480,10,20220501,1995.00,425.00,1570.00,369.41,May 2022 Pricing Master,2026-09-07T07:48:47.421676
3983,558,10,20220501,1995.00,425.00,1570.00,369.41,May 2022 Pricing Master,2026-09-07T07:48:47.421676
3984,557,10,20220501,1995.00,425.00,1570.00,369.41,May 2022 Pricing Master,2026-09-07T07:48:47.421676
3985,556,10,20220501,1995.00,425.00,1570.00,369.41,May 2022 Pricing Master,2026-09-07T07:48:47.421676
3986,559,10,20220501,1995.00,425.00,1570.00,369.41,May 2022 Pricing Master,2026-09-07T07:48:47.421676
3987,553,10,20220501,1995.00,425.00,1570.00,369.41,May 2022 Pricing Master,2026-09-07T07:48:47.421676
3988,555,10,20220501,1995.00,425.00,1570.00,369.41,May 2022 Pricing Master,2026-09-07T07:48:47.421676
3989,1069,10,20220501,1195.00,220.00,975.00,443.18,May 2022 Pricing Master,2026-09-07T07:48:47.421676
3990,1068,10,20220501,1195.00,220.00,975.00,443.18,May 2022 Pricing Master,2026-09-07T07:48:47.421676
3991,1067,10,20220501,1195.00,220.00,975.00,443.18,May 2022 Pricing Master,2026-09-07T07:48:47.421676
3992,1070,10,20220501,1195.00,220.00,975.00,443.18,May 2022 Pricing Master,2026-09-07T07:48:47.421676
3993,1066,10,20220501,1195.00,220.00,975.00,443.18,May 2022 Pricing Master,2026-09-07T07:48:47.421676
3994,289,10,20220501,1250.00,525.00,725.00,138.10,May 2022 Pricing Master,2026-09-07T07:48:47.421676
3995,288,10,20220501,1250.00,525.00,725.00,138.10,May 2022 Pricing Master,2026-09-07T07:48:47.421676
3996,287,10,20220501,1250.00,525.00,725.00,138.10,May 2022 Pricing Master,2026-09-07T07:48:47.421676
3997,290,10,20220501,1250.00,525.00,725.00,138.10,May 2022 Pricing Master,2026-09-07T07:48:47.421676
3998,285,10,20220501,1250.00,525.00,725.00,138.10,May 2022 Pricing Master,2026-09-07T07:48:47.421676
3999,286,10,20220501,1250.00,525.00,725.00,138.10,May 2022 Pricing Master,2026-09-07T07:48:47.421676
4000,104,10,20220501,1895.00,880.00,1015.00,115.34,May 2022 Pricing Master,2026-09-07T07:48:47.421676
4001,103,10,20220501,1895.00,880.00,1015.00,115.34,May 2022 Pricing Master,2026-09-07T07:48:47.421676
4002,102,10,20220501,1895.00,880.00,1015.00,115.34,May 2022 Pricing Master,2026-09-07T07:48:47.421676
4003,105,10,20220501,1895.00,880.00,1015.00,115.34,May 2022 Pricing Master,2026-09-07T07:48:47.421676
4004,100,10,20220501,1895.00,880.00,1015.00,115.34,May 2022 Pricing Master,2026-09-07T07:48:47.421676
4005,101,10,20220501,1895.00,880.00,1015.00,115.34,May 2022 Pricing Master,2026-09-07T07:48:47.421676
4006,1034,10,20220501,1995.00,425.00,1570.00,369.41,May 2022 Pricing Master,2026-09-07T07:48:47.421676
4007,1033,10,20220501,1995.00,425.00,1570.00,369.41,May 2022 Pricing Master,2026-09-07T07:48:47.421676
4008,1032,10,20220501,1995.00,425.00,1570.00,369.41,May 2022 Pricing Master,2026-09-07T07:48:47.421676
4009,1035,10,20220501,1995.00,425.00,1570.00,369.41,May 2022 Pricing Master,2026-09-07T07:48:47.421676
4010,1030,10,20220501,1995.00,425.00,1570.00,369.41,May 2022 Pricing Master,2026-09-07T07:48:47.421676
4011,1031,10,20220501,1995.00,425.00,1570.00,369.41,May 2022 Pricing Master,2026-09-07T07:48:47.421676
4012,1046,10,20220501,1895.00,410.00,1485.00,362.20,May 2022 Pricing Master,2026-09-07T07:48:47.421676
4013,1045,10,20220501,1895.00,410.00,1485.00,362.20,May 2022 Pricing Master,2026-09-07T07:48:47.421676
4014,1044,10,20220501,1895.00,410.00,1485.00,362.20,May 2022 Pricing Master,2026-09-07T07:48:47.421676
4015,1047,10,20220501,1895.00,410.00,1485.00,362.20,May 2022 Pricing Master,2026-09-07T07:48:47.421676
4016,1042,10,20220501,1895.00,410.00,1485.00,362.20,May 2022 Pricing Master,2026-09-07T07:48:47.421676
4017,1043,10,20220501,1895.00,410.00,1485.00,362.20,May 2022 Pricing Master,2026-09-07T07:48:47.421676
4018,1052,10,20220501,1895.00,410.00,1485.00,362.20,May 2022 Pricing Master,2026-09-07T07:48:47.421676
4019,1051,10,20220501,1895.00,410.00,1485.00,362.20,May 2022 Pricing Master,2026-09-07T07:48:47.421676
4020,1050,10,20220501,1895.00,410.00,1485.00,362.20,May 2022 Pricing Master,2026-09-07T07:48:47.421676
4021,1053,10,20220501,1895.00,410.00,1485.00,362.20,May 2022 Pricing Master,2026-09-07T07:48:47.421676
4022,1048,10,20220501,1895.00,410.00,1485.00,362.20,May 2022 Pricing Master,2026-09-07T07:48:47.421676
4023,1049,10,20220501,1895.00,410.00,1485.00,362.20,May 2022 Pricing Master,2026-09-07T07:48:47.421676
4024,507,10,20220501,1895.00,395.00,1500.00,379.75,May 2022 Pricing Master,2026-09-07T07:48:47.421676
4025,506,10,20220501,1895.00,395.00,1500.00,379.75,May 2022 Pricing Master,2026-09-07T07:48:47.421676
4026,505,10,20220501,1895.00,395.00,1500.00,379.75,May 2022 Pricing Master,2026-09-07T07:48:47.421676
4027,508,10,20220501,1895.00,395.00,1500.00,379.75,May 2022 Pricing Master,2026-09-07T07:48:47.421676
4028,503,10,20220501,1895.00,395.00,1500.00,379.75,May 2022 Pricing Master,2026-09-07T07:48:47.421676
4029,504,10,20220501,1895.00,395.00,1500.00,379.75,May 2022 Pricing Master,2026-09-07T07:48:47.421676
4030,513,10,20220501,1895.00,395.00,1500.00,379.75,May 2022 Pricing Master,2026-09-07T07:48:47.421676
4031,512,10,20220501,1895.00,395.00,1500.00,379.75,May 2022 Pricing Master,2026-09-07T07:48:47.421676
4032,511,10,20220501,1895.00,395.00,1500.00,379.75,May 2022 Pricing Master,2026-09-07T07:48:47.421676
4033,514,10,20220501,1895.00,395.00,1500.00,379.75,May 2022 Pricing Master,2026-09-07T07:48:47.421676
4034,509,10,20220501,1895.00,395.00,1500.00,379.75,May 2022 Pricing Master,2026-09-07T07:48:47.421676
4035,510,10,20220501,1895.00,395.00,1500.00,379.75,May 2022 Pricing Master,2026-09-07T07:48:47.421676
4036,576,10,20220501,1895.00,395.00,1500.00,379.75,May 2022 Pricing Master,2026-09-07T07:48:47.421676
4037,575,10,20220501,1895.00,395.00,1500.00,379.75,May 2022 Pricing Master,2026-09-07T07:48:47.421676
4038,574,10,20220501,1895.00,395.00,1500.00,379.75,May 2022 Pricing Master,2026-09-07T07:48:47.421676
4039,577,10,20220501,1895.00,395.00,1500.00,379.75,May 2022 Pricing Master,2026-09-07T07:48:47.421676
4040,572,10,20220501,1895.00,395.00,1500.00,379.75,May 2022 Pricing Master,2026-09-07T07:48:47.421676
4041,573,10,20220501,1895.00,395.00,1500.00,379.75,May 2022 Pricing Master,2026-09-07T07:48:47.421676
4042,570,10,20220501,1895.00,385.00,1510.00,392.21,May 2022 Pricing Master,2026-09-07T07:48:47.421676
4043,569,10,20220501,1895.00,385.00,1510.00,392.21,May 2022 Pricing Master,2026-09-07T07:48:47.421676
4044,568,10,20220501,1895.00,385.00,1510.00,392.21,May 2022 Pricing Master,2026-09-07T07:48:47.421676
4045,571,10,20220501,1895.00,385.00,1510.00,392.21,May 2022 Pricing Master,2026-09-07T07:48:47.421676
4046,566,10,20220501,1895.00,385.00,1510.00,392.21,May 2022 Pricing Master,2026-09-07T07:48:47.421676
4047,567,10,20220501,1895.00,385.00,1510.00,392.21,May 2022 Pricing Master,2026-09-07T07:48:47.421676
4048,531,10,20220501,1895.00,385.00,1510.00,392.21,May 2022 Pricing Master,2026-09-07T07:48:47.421676
4049,530,10,20220501,1895.00,385.00,1510.00,392.21,May 2022 Pricing Master,2026-09-07T07:48:47.421676
4050,529,10,20220501,1895.00,385.00,1510.00,392.21,May 2022 Pricing Master,2026-09-07T07:48:47.421676
4051,532,10,20220501,1895.00,385.00,1510.00,392.21,May 2022 Pricing Master,2026-09-07T07:48:47.421676
4052,527,10,20220501,1895.00,385.00,1510.00,392.21,May 2022 Pricing Master,2026-09-07T07:48:47.421676
4053,528,10,20220501,1895.00,385.00,1510.00,392.21,May 2022 Pricing Master,2026-09-07T07:48:47.421676
4054,1064,10,20220501,1395.00,220.00,1175.00,534.09,May 2022 Pricing Master,2026-09-07T07:48:47.421676
4055,1063,10,20220501,1395.00,220.00,1175.00,534.09,May 2022 Pricing Master,2026-09-07T07:48:47.421676
4056,1062,10,20220501,1395.00,220.00,1175.00,534.09,May 2022 Pricing Master,2026-09-07T07:48:47.421676
4057,1065,10,20220501,1395.00,220.00,1175.00,534.09,May 2022 Pricing Master,2026-09-07T07:48:47.421676
4058,1060,10,20220501,1395.00,220.00,1175.00,534.09,May 2022 Pricing Master,2026-09-07T07:48:47.421676
4059,1061,10,20220501,1395.00,220.00,1175.00,534.09,May 2022 Pricing Master,2026-09-07T07:48:47.421676
4060,140,10,20220501,2095.00,500.00,1595.00,319.00,May 2022 Pricing Master,2026-09-07T07:48:47.421676
4061,139,10,20220501,2095.00,500.00,1595.00,319.00,May 2022 Pricing Master,2026-09-07T07:48:47.421676
4062,138,10,20220501,2095.00,500.00,1595.00,319.00,May 2022 Pricing Master,2026-09-07T07:48:47.421676
4063,141,10,20220501,2095.00,500.00,1595.00,319.00,May 2022 Pricing Master,2026-09-07T07:48:47.421676
4064,136,10,20220501,2095.00,500.00,1595.00,319.00,May 2022 Pricing Master,2026-09-07T07:48:47.421676
4065,137,10,20220501,2095.00,500.00,1595.00,319.00,May 2022 Pricing Master,2026-09-07T07:48:47.421676
4066,230,10,20220501,2295.00,1035.00,1260.00,121.74,May 2022 Pricing Master,2026-09-07T07:48:47.421676
4067,229,10,20220501,2295.00,1035.00,1260.00,121.74,May 2022 Pricing Master,2026-09-07T07:48:47.421676
4068,228,10,20220501,2295.00,1035.00,1260.00,121.74,May 2022 Pricing Master,2026-09-07T07:48:47.421676
4069,231,10,20220501,2295.00,1035.00,1260.00,121.74,May 2022 Pricing Master,2026-09-07T07:48:47.421676
4070,226,10,20220501,2295.00,1035.00,1260.00,121.74,May 2022 Pricing Master,2026-09-07T07:48:47.421676
4071,227,10,20220501,2295.00,1035.00,1260.00,121.74,May 2022 Pricing Master,2026-09-07T07:48:47.421676
4072,80,10,20220501,2150.00,975.00,1175.00,120.51,May 2022 Pricing Master,2026-09-07T07:48:47.421676
4073,79,10,20220501,2150.00,975.00,1175.00,120.51,May 2022 Pricing Master,2026-09-07T07:48:47.421676
4074,78,10,20220501,2150.00,975.00,1175.00,120.51,May 2022 Pricing Master,2026-09-07T07:48:47.421676
4075,81,10,20220501,2150.00,975.00,1175.00,120.51,May 2022 Pricing Master,2026-09-07T07:48:47.421676
4076,76,10,20220501,2150.00,975.00,1175.00,120.51,May 2022 Pricing Master,2026-09-07T07:48:47.421676
4077,77,10,20220501,2150.00,975.00,1175.00,120.51,May 2022 Pricing Master,2026-09-07T07:48:47.421676
4078,313,10,20220501,2695.00,1150.00,1545.00,134.35,May 2022 Pricing Master,2026-09-07T07:48:47.421676
4079,312,10,20220501,2695.00,1150.00,1545.00,134.35,May 2022 Pricing Master,2026-09-07T07:48:47.421676
4080,311,10,20220501,2695.00,1150.00,1545.00,134.35,May 2022 Pricing Master,2026-09-07T07:48:47.421676
4081,314,10,20220501,2695.00,1150.00,1545.00,134.35,May 2022 Pricing Master,2026-09-07T07:48:47.421676
4082,309,10,20220501,2695.00,1150.00,1545.00,134.35,May 2022 Pricing Master,2026-09-07T07:48:47.421676
4083,310,10,20220501,2695.00,1150.00,1545.00,134.35,May 2022 Pricing Master,2026-09-07T07:48:47.421676
4084,270,10,20220501,2195.00,930.00,1265.00,136.02,May 2022 Pricing Master,2026-09-07T07:48:47.421676
4085,269,10,20220501,2195.00,930.00,1265.00,136.02,May 2022 Pricing Master,2026-09-07T07:48:47.421676
4086,268,10,20220501,2195.00,930.00,1265.00,136.02,May 2022 Pricing Master,2026-09-07T07:48:47.421676
4087,271,10,20220501,2195.00,930.00,1265.00,136.02,May 2022 Pricing Master,2026-09-07T07:48:47.421676
4088,266,10,20220501,2195.00,930.00,1265.00,136.02,May 2022 Pricing Master,2026-09-07T07:48:47.421676
4089,267,10,20220501,2195.00,930.00,1265.00,136.02,May 2022 Pricing Master,2026-09-07T07:48:47.421676
4090,248,10,20220501,1795.00,780.00,1015.00,130.13,May 2022 Pricing Master,2026-09-07T07:48:47.421676
4091,247,10,20220501,1795.00,780.00,1015.00,130.13,May 2022 Pricing Master,2026-09-07T07:48:47.421676
4092,246,10,20220501,1795.00,780.00,1015.00,130.13,May 2022 Pricing Master,2026-09-07T07:48:47.421676
4093,249,10,20220501,1795.00,780.00,1015.00,130.13,May 2022 Pricing Master,2026-09-07T07:48:47.421676
4094,244,10,20220501,1795.00,780.00,1015.00,130.13,May 2022 Pricing Master,2026-09-07T07:48:47.421676
4095,245,10,20220501,1795.00,780.00,1015.00,130.13,May 2022 Pricing Master,2026-09-07T07:48:47.421676
4096,1099,10,20220501,1695.00,340.00,1355.00,398.53,May 2022 Pricing Master,2026-09-07T07:48:47.421676
4097,1097,10,20220501,1695.00,340.00,1355.00,398.53,May 2022 Pricing Master,2026-09-07T07:48:47.421676
4098,1096,10,20220501,1695.00,340.00,1355.00,398.53,May 2022 Pricing Master,2026-09-07T07:48:47.421676
4099,1095,10,20220501,1695.00,340.00,1355.00,398.53,May 2022 Pricing Master,2026-09-07T07:48:47.421676
4100,1098,10,20220501,1695.00,340.00,1355.00,398.53,May 2022 Pricing Master,2026-09-07T07:48:47.421676
4101,440,10,20220501,1795.00,425.00,1370.00,322.35,May 2022 Pricing Master,2026-09-07T07:48:47.421676
4102,438,10,20220501,1795.00,425.00,1370.00,322.35,May 2022 Pricing Master,2026-09-07T07:48:47.421676
4103,437,10,20220501,1795.00,425.00,1370.00,322.35,May 2022 Pricing Master,2026-09-07T07:48:47.421676
4104,436,10,20220501,1795.00,425.00,1370.00,322.35,May 2022 Pricing Master,2026-09-07T07:48:47.421676
4105,439,10,20220501,1795.00,425.00,1370.00,322.35,May 2022 Pricing Master,2026-09-07T07:48:47.421676
4106,1226,10,20220501,1795.00,440.00,1355.00,307.95,May 2022 Pricing Master,2026-09-07T07:48:47.421676
4107,1225,10,20220501,1795.00,440.00,1355.00,307.95,May 2022 Pricing Master,2026-09-07T07:48:47.421676
4108,1224,10,20220501,1795.00,440.00,1355.00,307.95,May 2022 Pricing Master,2026-09-07T07:48:47.421676
4109,1227,10,20220501,1795.00,440.00,1355.00,307.95,May 2022 Pricing Master,2026-09-07T07:48:47.421676
4110,1222,10,20220501,1795.00,440.00,1355.00,307.95,May 2022 Pricing Master,2026-09-07T07:48:47.421676
4111,1223,10,20220501,1795.00,440.00,1355.00,307.95,May 2022 Pricing Master,2026-09-07T07:48:47.421676
4112,110,10,20220501,2395.00,540.00,1855.00,343.52,May 2022 Pricing Master,2026-09-07T07:48:47.421676
4113,109,10,20220501,2395.00,540.00,1855.00,343.52,May 2022 Pricing Master,2026-09-07T07:48:47.421676
4114,108,10,20220501,2395.00,540.00,1855.00,343.52,May 2022 Pricing Master,2026-09-07T07:48:47.421676
4115,111,10,20220501,2395.00,540.00,1855.00,343.52,May 2022 Pricing Master,2026-09-07T07:48:47.421676
4116,106,10,20220501,2395.00,540.00,1855.00,343.52,May 2022 Pricing Master,2026-09-07T07:48:47.421676
4117,107,10,20220501,2395.00,540.00,1855.00,343.52,May 2022 Pricing Master,2026-09-07T07:48:47.421676
4118,152,10,20220501,2495.00,550.00,1945.00,353.64,May 2022 Pricing Master,2026-09-07T07:48:47.421676
4119,151,10,20220501,2495.00,550.00,1945.00,353.64,May 2022 Pricing Master,2026-09-07T07:48:47.421676
4120,150,10,20220501,2495.00,550.00,1945.00,353.64,May 2022 Pricing Master,2026-09-07T07:48:47.421676
4121,153,10,20220501,2495.00,550.00,1945.00,353.64,May 2022 Pricing Master,2026-09-07T07:48:47.421676
4122,148,10,20220501,2495.00,550.00,1945.00,353.64,May 2022 Pricing Master,2026-09-07T07:48:47.421676
4123,149,10,20220501,2495.00,550.00,1945.00,353.64,May 2022 Pricing Master,2026-09-07T07:48:47.421676
4124,1185,10,20220501,1595.00,314.00,1281.00,407.96,May 2022 Pricing Master,2026-09-07T07:48:47.421676
4125,1183,10,20220501,1595.00,314.00,1281.00,407.96,May 2022 Pricing Master,2026-09-07T07:48:47.421676
4126,1182,10,20220501,1595.00,314.00,1281.00,407.96,May 2022 Pricing Master,2026-09-07T07:48:47.421676
4127,1181,10,20220501,1595.00,314.00,1281.00,407.96,May 2022 Pricing Master,2026-09-07T07:48:47.421676
4128,1184,10,20220501,1595.00,314.00,1281.00,407.96,May 2022 Pricing Master,2026-09-07T07:48:47.421676
4129,319,10,20220501,1995.00,425.00,1570.00,369.41,May 2022 Pricing Master,2026-09-07T07:48:47.421676
4130,318,10,20220501,1995.00,425.00,1570.00,369.41,May 2022 Pricing Master,2026-09-07T07:48:47.421676
4131,317,10,20220501,1995.00,425.00,1570.00,369.41,May 2022 Pricing Master,2026-09-07T07:48:47.421676
4132,320,10,20220501,1995.00,425.00,1570.00,369.41,May 2022 Pricing Master,2026-09-07T07:48:47.421676
4133,315,10,20220501,1995.00,425.00,1570.00,369.41,May 2022 Pricing Master,2026-09-07T07:48:47.421676
4134,316,10,20220501,1995.00,425.00,1570.00,369.41,May 2022 Pricing Master,2026-09-07T07:48:47.421676
4135,337,10,20220501,1895.00,395.00,1500.00,379.75,May 2022 Pricing Master,2026-09-07T07:48:47.421676
4136,336,10,20220501,1895.00,395.00,1500.00,379.75,May 2022 Pricing Master,2026-09-07T07:48:47.421676
4137,335,10,20220501,1895.00,395.00,1500.00,379.75,May 2022 Pricing Master,2026-09-07T07:48:47.421676
4138,338,10,20220501,1895.00,395.00,1500.00,379.75,May 2022 Pricing Master,2026-09-07T07:48:47.421676
4139,333,10,20220501,1895.00,395.00,1500.00,379.75,May 2022 Pricing Master,2026-09-07T07:48:47.421676
4140,334,10,20220501,1895.00,395.00,1500.00,379.75,May 2022 Pricing Master,2026-09-07T07:48:47.421676
4141,367,10,20220501,2095.00,450.00,1645.00,365.56,May 2022 Pricing Master,2026-09-07T07:48:47.421676
4142,366,10,20220501,2095.00,450.00,1645.00,365.56,May 2022 Pricing Master,2026-09-07T07:48:47.421676
4143,365,10,20220501,2095.00,450.00,1645.00,365.56,May 2022 Pricing Master,2026-09-07T07:48:47.421676
4144,368,10,20220501,2095.00,450.00,1645.00,365.56,May 2022 Pricing Master,2026-09-07T07:48:47.421676
4145,363,10,20220501,2095.00,450.00,1645.00,365.56,May 2022 Pricing Master,2026-09-07T07:48:47.421676
4146,364,10,20220501,2095.00,450.00,1645.00,365.56,May 2022 Pricing Master,2026-09-07T07:48:47.421676
4147,379,10,20220501,1995.00,425.00,1570.00,369.41,May 2022 Pricing Master,2026-09-07T07:48:47.421676
4148,378,10,20220501,1995.00,425.00,1570.00,369.41,May 2022 Pricing Master,2026-09-07T07:48:47.421676
4149,377,10,20220501,1995.00,425.00,1570.00,369.41,May 2022 Pricing Master,2026-09-07T07:48:47.421676
4150,380,10,20220501,1995.00,425.00,1570.00,369.41,May 2022 Pricing Master,2026-09-07T07:48:47.421676
4151,375,10,20220501,1995.00,425.00,1570.00,369.41,May 2022 Pricing Master,2026-09-07T07:48:47.421676
4152,376,10,20220501,1995.00,425.00,1570.00,369.41,May 2022 Pricing Master,2026-09-07T07:48:47.421676
4153,391,10,20220501,3495.00,790.00,2705.00,342.41,May 2022 Pricing Master,2026-09-07T07:48:47.421676
4154,390,10,20220501,3495.00,790.00,2705.00,342.41,May 2022 Pricing Master,2026-09-07T07:48:47.421676
4155,389,10,20220501,3495.00,790.00,2705.00,342.41,May 2022 Pricing Master,2026-09-07T07:48:47.421676
4156,392,10,20220501,3495.00,790.00,2705.00,342.41,May 2022 Pricing Master,2026-09-07T07:48:47.421676
4157,387,10,20220501,3495.00,790.00,2705.00,342.41,May 2022 Pricing Master,2026-09-07T07:48:47.421676
4158,388,10,20220501,3495.00,790.00,2705.00,342.41,May 2022 Pricing Master,2026-09-07T07:48:47.421676
4159,397,10,20220501,3495.00,790.00,2705.00,342.41,May 2022 Pricing Master,2026-09-07T07:48:47.421676
4160,396,10,20220501,3495.00,790.00,2705.00,342.41,May 2022 Pricing Master,2026-09-07T07:48:47.421676
4161,395,10,20220501,3495.00,790.00,2705.00,342.41,May 2022 Pricing Master,2026-09-07T07:48:47.421676
4162,398,10,20220501,3495.00,790.00,2705.00,342.41,May 2022 Pricing Master,2026-09-07T07:48:47.421676
4163,393,10,20220501,3495.00,790.00,2705.00,342.41,May 2022 Pricing Master,2026-09-07T07:48:47.421676
4164,394,10,20220501,3495.00,790.00,2705.00,342.41,May 2022 Pricing Master,2026-09-07T07:48:47.421676
4165,408,10,20220501,3195.00,695.00,2500.00,359.71,May 2022 Pricing Master,2026-09-07T07:48:47.421676
4166,407,10,20220501,3195.00,695.00,2500.00,359.71,May 2022 Pricing Master,2026-09-07T07:48:47.421676
4167,406,10,20220501,3195.00,695.00,2500.00,359.71,May 2022 Pricing Master,2026-09-07T07:48:47.421676
4168,409,10,20220501,3195.00,695.00,2500.00,359.71,May 2022 Pricing Master,2026-09-07T07:48:47.421676
4169,404,10,20220501,3195.00,695.00,2500.00,359.71,May 2022 Pricing Master,2026-09-07T07:48:47.421676
4170,405,10,20220501,3195.00,695.00,2500.00,359.71,May 2022 Pricing Master,2026-09-07T07:48:47.421676
4171,86,10,20220501,5395.00,1295.00,4100.00,316.60,May 2022 Pricing Master,2026-09-07T07:48:47.421676
4172,85,10,20220501,5395.00,1295.00,4100.00,316.60,May 2022 Pricing Master,2026-09-07T07:48:47.421676
4173,84,10,20220501,5395.00,1295.00,4100.00,316.60,May 2022 Pricing Master,2026-09-07T07:48:47.421676
4174,87,10,20220501,5395.00,1295.00,4100.00,316.60,May 2022 Pricing Master,2026-09-07T07:48:47.421676
4175,82,10,20220501,5395.00,1295.00,4100.00,316.60,May 2022 Pricing Master,2026-09-07T07:48:47.421676
4176,83,10,20220501,5395.00,1295.00,4100.00,316.60,May 2022 Pricing Master,2026-09-07T07:48:47.421676
4177,122,10,20220501,4895.00,1150.00,3745.00,325.65,May 2022 Pricing Master,2026-09-07T07:48:47.421676
4178,121,10,20220501,4895.00,1150.00,3745.00,325.65,May 2022 Pricing Master,2026-09-07T07:48:47.421676
4179,120,10,20220501,4895.00,1150.00,3745.00,325.65,May 2022 Pricing Master,2026-09-07T07:48:47.421676
4180,123,10,20220501,4895.00,1150.00,3745.00,325.65,May 2022 Pricing Master,2026-09-07T07:48:47.421676
4181,118,10,20220501,4895.00,1150.00,3745.00,325.65,May 2022 Pricing Master,2026-09-07T07:48:47.421676
4182,119,10,20220501,4895.00,1150.00,3745.00,325.65,May 2022 Pricing Master,2026-09-07T07:48:47.421676
4183,236,10,20220501,4295.00,995.00,3300.00,331.66,May 2022 Pricing Master,2026-09-07T07:48:47.421676
4184,235,10,20220501,4295.00,995.00,3300.00,331.66,May 2022 Pricing Master,2026-09-07T07:48:47.421676
4185,234,10,20220501,4295.00,995.00,3300.00,331.66,May 2022 Pricing Master,2026-09-07T07:48:47.421676
4186,237,10,20220501,4295.00,995.00,3300.00,331.66,May 2022 Pricing Master,2026-09-07T07:48:47.421676
4187,232,10,20220501,4295.00,995.00,3300.00,331.66,May 2022 Pricing Master,2026-09-07T07:48:47.421676
4188,233,10,20220501,4295.00,995.00,3300.00,331.66,May 2022 Pricing Master,2026-09-07T07:48:47.421676
4189,276,10,20220501,4895.00,1150.00,3745.00,325.65,May 2022 Pricing Master,2026-09-07T07:48:47.421676
4190,275,10,20220501,4895.00,1150.00,3745.00,325.65,May 2022 Pricing Master,2026-09-07T07:48:47.421676
4191,274,10,20220501,4895.00,1150.00,3745.00,325.65,May 2022 Pricing Master,2026-09-07T07:48:47.421676
4192,277,10,20220501,4895.00,1150.00,3745.00,325.65,May 2022 Pricing Master,2026-09-07T07:48:47.421676
4193,272,10,20220501,4895.00,1150.00,3745.00,325.65,May 2022 Pricing Master,2026-09-07T07:48:47.421676
4194,273,10,20220501,4895.00,1150.00,3745.00,325.65,May 2022 Pricing Master,2026-09-07T07:48:47.421676
4195,1190,10,20220501,3495.00,695.00,2800.00,402.88,May 2022 Pricing Master,2026-09-07T07:48:47.421676
4196,1189,10,20220501,3495.00,695.00,2800.00,402.88,May 2022 Pricing Master,2026-09-07T07:48:47.421676
4197,1188,10,20220501,3495.00,695.00,2800.00,402.88,May 2022 Pricing Master,2026-09-07T07:48:47.421676
4198,1191,10,20220501,3495.00,695.00,2800.00,402.88,May 2022 Pricing Master,2026-09-07T07:48:47.421676
4199,1186,10,20220501,3495.00,695.00,2800.00,402.88,May 2022 Pricing Master,2026-09-07T07:48:47.421676
4200,1187,10,20220501,3495.00,695.00,2800.00,402.88,May 2022 Pricing Master,2026-09-07T07:48:47.421676
4201,1196,10,20220501,2195.00,425.00,1770.00,416.47,May 2022 Pricing Master,2026-09-07T07:48:47.421676
4202,1195,10,20220501,2195.00,425.00,1770.00,416.47,May 2022 Pricing Master,2026-09-07T07:48:47.421676
4203,1194,10,20220501,2195.00,425.00,1770.00,416.47,May 2022 Pricing Master,2026-09-07T07:48:47.421676
4204,1197,10,20220501,2195.00,425.00,1770.00,416.47,May 2022 Pricing Master,2026-09-07T07:48:47.421676
4205,1192,10,20220501,2195.00,425.00,1770.00,416.47,May 2022 Pricing Master,2026-09-07T07:48:47.421676
4206,1193,10,20220501,2195.00,425.00,1770.00,416.47,May 2022 Pricing Master,2026-09-07T07:48:47.421676
4207,1131,10,20220501,3295.00,650.00,2645.00,406.92,May 2022 Pricing Master,2026-09-07T07:48:47.421676
4208,1130,10,20220501,3295.00,650.00,2645.00,406.92,May 2022 Pricing Master,2026-09-07T07:48:47.421676
4209,1129,10,20220501,3295.00,650.00,2645.00,406.92,May 2022 Pricing Master,2026-09-07T07:48:47.421676
4210,1132,10,20220501,3295.00,650.00,2645.00,406.92,May 2022 Pricing Master,2026-09-07T07:48:47.421676
4211,1127,10,20220501,3295.00,650.00,2645.00,406.92,May 2022 Pricing Master,2026-09-07T07:48:47.421676
4212,1128,10,20220501,3295.00,650.00,2645.00,406.92,May 2022 Pricing Master,2026-09-07T07:48:47.421676
4213,1137,10,20220501,2397.00,460.00,1937.00,421.09,May 2022 Pricing Master,2026-09-07T07:48:47.421676
4214,1136,10,20220501,2397.00,460.00,1937.00,421.09,May 2022 Pricing Master,2026-09-07T07:48:47.421676
4215,1135,10,20220501,2397.00,460.00,1937.00,421.09,May 2022 Pricing Master,2026-09-07T07:48:47.421676
4216,1138,10,20220501,2397.00,460.00,1937.00,421.09,May 2022 Pricing Master,2026-09-07T07:48:47.421676
4217,1133,10,20220501,2397.00,460.00,1937.00,421.09,May 2022 Pricing Master,2026-09-07T07:48:47.421676
4218,1134,10,20220501,2397.00,460.00,1937.00,421.09,May 2022 Pricing Master,2026-09-07T07:48:47.421676
4219,1119,10,20220501,3397.00,675.00,2722.00,403.26,May 2022 Pricing Master,2026-09-07T07:48:47.421676
4220,1118,10,20220501,3397.00,675.00,2722.00,403.26,May 2022 Pricing Master,2026-09-07T07:48:47.421676
4221,1117,10,20220501,3397.00,675.00,2722.00,403.26,May 2022 Pricing Master,2026-09-07T07:48:47.421676
4222,1120,10,20220501,3397.00,675.00,2722.00,403.26,May 2022 Pricing Master,2026-09-07T07:48:47.421676
4223,1115,10,20220501,3397.00,675.00,2722.00,403.26,May 2022 Pricing Master,2026-09-07T07:48:47.421676
4224,1116,10,20220501,3397.00,675.00,2722.00,403.26,May 2022 Pricing Master,2026-09-07T07:48:47.421676
4225,1125,10,20220501,2295.00,440.00,1855.00,421.59,May 2022 Pricing Master,2026-09-07T07:48:47.421676
4226,1124,10,20220501,2295.00,440.00,1855.00,421.59,May 2022 Pricing Master,2026-09-07T07:48:47.421676
4227,1123,10,20220501,2295.00,440.00,1855.00,421.59,May 2022 Pricing Master,2026-09-07T07:48:47.421676
4228,1126,10,20220501,2295.00,440.00,1855.00,421.59,May 2022 Pricing Master,2026-09-07T07:48:47.421676
4229,1121,10,20220501,2295.00,440.00,1855.00,421.59,May 2022 Pricing Master,2026-09-07T07:48:47.421676
4230,1122,10,20220501,2295.00,440.00,1855.00,421.59,May 2022 Pricing Master,2026-09-07T07:48:47.421676
4231,1107,10,20220501,3495.00,695.00,2800.00,402.88,May 2022 Pricing Master,2026-09-07T07:48:47.421676
4232,1106,10,20220501,3495.00,695.00,2800.00,402.88,May 2022 Pricing Master,2026-09-07T07:48:47.421676
4233,1105,10,20220501,3495.00,695.00,2800.00,402.88,May 2022 Pricing Master,2026-09-07T07:48:47.421676
4234,1108,10,20220501,3495.00,695.00,2800.00,402.88,May 2022 Pricing Master,2026-09-07T07:48:47.421676
4235,1103,10,20220501,3495.00,695.00,2800.00,402.88,May 2022 Pricing Master,2026-09-07T07:48:47.421676
4236,1104,10,20220501,3495.00,695.00,2800.00,402.88,May 2022 Pricing Master,2026-09-07T07:48:47.421676
4237,1113,10,20220501,2495.00,490.00,2005.00,409.18,May 2022 Pricing Master,2026-09-07T07:48:47.421676
4238,1112,10,20220501,2495.00,490.00,2005.00,409.18,May 2022 Pricing Master,2026-09-07T07:48:47.421676
4239,1111,10,20220501,2495.00,490.00,2005.00,409.18,May 2022 Pricing Master,2026-09-07T07:48:47.421676
4240,1114,10,20220501,2495.00,490.00,2005.00,409.18,May 2022 Pricing Master,2026-09-07T07:48:47.421676
4241,1109,10,20220501,2495.00,490.00,2005.00,409.18,May 2022 Pricing Master,2026-09-07T07:48:47.421676
4242,1110,10,20220501,2495.00,490.00,2005.00,409.18,May 2022 Pricing Master,2026-09-07T07:48:47.421676
4243,1264,10,20220501,2097.00,415.00,1682.00,405.30,May 2022 Pricing Master,2026-09-07T07:48:47.421676
4244,1263,10,20220501,2097.00,415.00,1682.00,405.30,May 2022 Pricing Master,2026-09-07T07:48:47.421676
4245,1262,10,20220501,2097.00,415.00,1682.00,405.30,May 2022 Pricing Master,2026-09-07T07:48:47.421676
4246,1265,10,20220501,2097.00,415.00,1682.00,405.30,May 2022 Pricing Master,2026-09-07T07:48:47.421676
4247,1260,10,20220501,2097.00,415.00,1682.00,405.30,May 2022 Pricing Master,2026-09-07T07:48:47.421676
4248,1261,10,20220501,2097.00,415.00,1682.00,405.30,May 2022 Pricing Master,2026-09-07T07:48:47.421676
4249,1155,10,20220501,3297.00,650.00,2647.00,407.23,May 2022 Pricing Master,2026-09-07T07:48:47.421676
4250,1154,10,20220501,3297.00,650.00,2647.00,407.23,May 2022 Pricing Master,2026-09-07T07:48:47.421676
4251,1153,10,20220501,3297.00,650.00,2647.00,407.23,May 2022 Pricing Master,2026-09-07T07:48:47.421676
4252,1156,10,20220501,3297.00,650.00,2647.00,407.23,May 2022 Pricing Master,2026-09-07T07:48:47.421676
4253,1151,10,20220501,3297.00,650.00,2647.00,407.23,May 2022 Pricing Master,2026-09-07T07:48:47.421676
4254,1152,10,20220501,3297.00,650.00,2647.00,407.23,May 2022 Pricing Master,2026-09-07T07:48:47.421676
4255,1161,10,20220501,2195.00,425.00,1770.00,416.47,May 2022 Pricing Master,2026-09-07T07:48:47.421676
4256,1160,10,20220501,2195.00,425.00,1770.00,416.47,May 2022 Pricing Master,2026-09-07T07:48:47.421676
4257,1159,10,20220501,2195.00,425.00,1770.00,416.47,May 2022 Pricing Master,2026-09-07T07:48:47.421676
4258,1162,10,20220501,2195.00,425.00,1770.00,416.47,May 2022 Pricing Master,2026-09-07T07:48:47.421676
4259,1157,10,20220501,2195.00,425.00,1770.00,416.47,May 2022 Pricing Master,2026-09-07T07:48:47.421676
4260,1158,10,20220501,2195.00,425.00,1770.00,416.47,May 2022 Pricing Master,2026-09-07T07:48:47.421676
4261,1143,10,20220501,3197.00,625.00,2572.00,411.52,May 2022 Pricing Master,2026-09-07T07:48:47.421676
4262,1142,10,20220501,3197.00,625.00,2572.00,411.52,May 2022 Pricing Master,2026-09-07T07:48:47.421676
4263,1141,10,20220501,3197.00,625.00,2572.00,411.52,May 2022 Pricing Master,2026-09-07T07:48:47.421676
4264,1144,10,20220501,3197.00,625.00,2572.00,411.52,May 2022 Pricing Master,2026-09-07T07:48:47.421676
4265,1139,10,20220501,3197.00,625.00,2572.00,411.52,May 2022 Pricing Master,2026-09-07T07:48:47.421676
4266,1140,10,20220501,3197.00,625.00,2572.00,411.52,May 2022 Pricing Master,2026-09-07T07:48:47.421676
4267,1179,10,20220501,2197.00,425.00,1772.00,416.94,May 2022 Pricing Master,2026-09-07T07:48:47.421676
4268,1178,10,20220501,2197.00,425.00,1772.00,416.94,May 2022 Pricing Master,2026-09-07T07:48:47.421676
4269,1177,10,20220501,2197.00,425.00,1772.00,416.94,May 2022 Pricing Master,2026-09-07T07:48:47.421676
4270,1180,10,20220501,2197.00,425.00,1772.00,416.94,May 2022 Pricing Master,2026-09-07T07:48:47.421676
4271,1175,10,20220501,2197.00,425.00,1772.00,416.94,May 2022 Pricing Master,2026-09-07T07:48:47.421676
4272,1176,10,20220501,2197.00,425.00,1772.00,416.94,May 2022 Pricing Master,2026-09-07T07:48:47.421676
4273,1232,10,20220501,2975.00,595.00,2380.00,400.00,May 2022 Pricing Master,2026-09-07T07:48:47.421676
4274,1231,10,20220501,2975.00,595.00,2380.00,400.00,May 2022 Pricing Master,2026-09-07T07:48:47.421676
4275,1230,10,20220501,2975.00,595.00,2380.00,400.00,May 2022 Pricing Master,2026-09-07T07:48:47.421676
4276,1233,10,20220501,2975.00,595.00,2380.00,400.00,May 2022 Pricing Master,2026-09-07T07:48:47.421676
4277,1228,10,20220501,2975.00,595.00,2380.00,400.00,May 2022 Pricing Master,2026-09-07T07:48:47.421676
4278,1229,10,20220501,2975.00,595.00,2380.00,400.00,May 2022 Pricing Master,2026-09-07T07:48:47.421676
4279,1238,10,20220501,2095.00,410.00,1685.00,410.98,May 2022 Pricing Master,2026-09-07T07:48:47.421676
4280,1237,10,20220501,2095.00,410.00,1685.00,410.98,May 2022 Pricing Master,2026-09-07T07:48:47.421676
4281,1236,10,20220501,2095.00,410.00,1685.00,410.98,May 2022 Pricing Master,2026-09-07T07:48:47.421676
4282,1239,10,20220501,2095.00,410.00,1685.00,410.98,May 2022 Pricing Master,2026-09-07T07:48:47.421676
4283,1234,10,20220501,2095.00,410.00,1685.00,410.98,May 2022 Pricing Master,2026-09-07T07:48:47.421676
4284,1235,10,20220501,2095.00,410.00,1685.00,410.98,May 2022 Pricing Master,2026-09-07T07:48:47.421676
4285,1250,10,20220501,3297.00,650.00,2647.00,407.23,May 2022 Pricing Master,2026-09-07T07:48:47.421676
4286,1249,10,20220501,3297.00,650.00,2647.00,407.23,May 2022 Pricing Master,2026-09-07T07:48:47.421676
4287,1248,10,20220501,3297.00,650.00,2647.00,407.23,May 2022 Pricing Master,2026-09-07T07:48:47.421676
4288,1251,10,20220501,3297.00,650.00,2647.00,407.23,May 2022 Pricing Master,2026-09-07T07:48:47.421676
4289,1246,10,20220501,3297.00,650.00,2647.00,407.23,May 2022 Pricing Master,2026-09-07T07:48:47.421676
4290,1247,10,20220501,3297.00,650.00,2647.00,407.23,May 2022 Pricing Master,2026-09-07T07:48:47.421676
4291,1256,10,20220501,2195.00,425.00,1770.00,416.47,May 2022 Pricing Master,2026-09-07T07:48:47.421676
4292,1255,10,20220501,2195.00,425.00,1770.00,416.47,May 2022 Pricing Master,2026-09-07T07:48:47.421676
4293,1254,10,20220501,2195.00,425.00,1770.00,416.47,May 2022 Pricing Master,2026-09-07T07:48:47.421676
4294,1257,10,20220501,2195.00,425.00,1770.00,416.47,May 2022 Pricing Master,2026-09-07T07:48:47.421676
4295,1252,10,20220501,2195.00,425.00,1770.00,416.47,May 2022 Pricing Master,2026-09-07T07:48:47.421676
4296,1253,10,20220501,2195.00,425.00,1770.00,416.47,May 2022 Pricing Master,2026-09-07T07:48:47.421676
4297,1244,10,20220501,2097.00,415.00,1682.00,405.30,May 2022 Pricing Master,2026-09-07T07:48:47.421676
4298,1243,10,20220501,2097.00,415.00,1682.00,405.30,May 2022 Pricing Master,2026-09-07T07:48:47.421676
4299,1242,10,20220501,2097.00,415.00,1682.00,405.30,May 2022 Pricing Master,2026-09-07T07:48:47.421676
4300,1245,10,20220501,2097.00,415.00,1682.00,405.30,May 2022 Pricing Master,2026-09-07T07:48:47.421676
4301,1240,10,20220501,2097.00,415.00,1682.00,405.30,May 2022 Pricing Master,2026-09-07T07:48:47.421676
4302,1241,10,20220501,2097.00,415.00,1682.00,405.30,May 2022 Pricing Master,2026-09-07T07:48:47.421676
4303,1167,10,20220501,3197.00,640.00,2557.00,399.53,May 2022 Pricing Master,2026-09-07T07:48:47.421676
4304,1166,10,20220501,3197.00,640.00,2557.00,399.53,May 2022 Pricing Master,2026-09-07T07:48:47.421676
4305,1165,10,20220501,3197.00,640.00,2557.00,399.53,May 2022 Pricing Master,2026-09-07T07:48:47.421676
4306,1168,10,20220501,3197.00,640.00,2557.00,399.53,May 2022 Pricing Master,2026-09-07T07:48:47.421676
4307,1163,10,20220501,3197.00,640.00,2557.00,399.53,May 2022 Pricing Master,2026-09-07T07:48:47.421676
4308,1164,10,20220501,3197.00,640.00,2557.00,399.53,May 2022 Pricing Master,2026-09-07T07:48:47.421676
4309,1173,10,20220501,2095.00,415.00,1680.00,404.82,May 2022 Pricing Master,2026-09-07T07:48:47.421676
4310,1172,10,20220501,2095.00,415.00,1680.00,404.82,May 2022 Pricing Master,2026-09-07T07:48:47.421676
4311,1171,10,20220501,2095.00,415.00,1680.00,404.82,May 2022 Pricing Master,2026-09-07T07:48:47.421676
4312,1174,10,20220501,2095.00,415.00,1680.00,404.82,May 2022 Pricing Master,2026-09-07T07:48:47.421676
4313,1169,10,20220501,2095.00,415.00,1680.00,404.82,May 2022 Pricing Master,2026-09-07T07:48:47.421676
4314,1170,10,20220501,2095.00,415.00,1680.00,404.82,May 2022 Pricing Master,2026-09-07T07:48:47.421676
4315,1214,10,20220501,3195.00,625.00,2570.00,411.20,May 2022 Pricing Master,2026-09-07T07:48:47.421676
4316,1213,10,20220501,3195.00,625.00,2570.00,411.20,May 2022 Pricing Master,2026-09-07T07:48:47.421676
4317,1212,10,20220501,3195.00,625.00,2570.00,411.20,May 2022 Pricing Master,2026-09-07T07:48:47.421676
4318,1215,10,20220501,3195.00,625.00,2570.00,411.20,May 2022 Pricing Master,2026-09-07T07:48:47.421676
4319,1210,10,20220501,3195.00,625.00,2570.00,411.20,May 2022 Pricing Master,2026-09-07T07:48:47.421676
4320,1211,10,20220501,3195.00,625.00,2570.00,411.20,May 2022 Pricing Master,2026-09-07T07:48:47.421676
4321,1220,10,20220501,2097.00,400.00,1697.00,424.25,May 2022 Pricing Master,2026-09-07T07:48:47.421676
4322,1219,10,20220501,2097.00,400.00,1697.00,424.25,May 2022 Pricing Master,2026-09-07T07:48:47.421676
4323,1218,10,20220501,2097.00,400.00,1697.00,424.25,May 2022 Pricing Master,2026-09-07T07:48:47.421676
4324,1221,10,20220501,2097.00,400.00,1697.00,424.25,May 2022 Pricing Master,2026-09-07T07:48:47.421676
4325,1216,10,20220501,2097.00,400.00,1697.00,424.25,May 2022 Pricing Master,2026-09-07T07:48:47.421676
4326,1217,10,20220501,2097.00,400.00,1697.00,424.25,May 2022 Pricing Master,2026-09-07T07:48:47.421676
4327,1202,10,20220501,3095.00,615.00,2480.00,403.25,May 2022 Pricing Master,2026-09-07T07:48:47.421676
4328,1201,10,20220501,3095.00,615.00,2480.00,403.25,May 2022 Pricing Master,2026-09-07T07:48:47.421676
4329,1200,10,20220501,3095.00,615.00,2480.00,403.25,May 2022 Pricing Master,2026-09-07T07:48:47.421676
4330,1203,10,20220501,3095.00,615.00,2480.00,403.25,May 2022 Pricing Master,2026-09-07T07:48:47.421676
4331,1198,10,20220501,3095.00,615.00,2480.00,403.25,May 2022 Pricing Master,2026-09-07T07:48:47.421676
4332,1199,10,20220501,3095.00,615.00,2480.00,403.25,May 2022 Pricing Master,2026-09-07T07:48:47.421676
4333,1208,10,20220501,2195.00,425.00,1770.00,416.47,May 2022 Pricing Master,2026-09-07T07:48:47.421676
4334,1207,10,20220501,2195.00,425.00,1770.00,416.47,May 2022 Pricing Master,2026-09-07T07:48:47.421676
4335,1206,10,20220501,2195.00,425.00,1770.00,416.47,May 2022 Pricing Master,2026-09-07T07:48:47.421676
4336,1209,10,20220501,2195.00,425.00,1770.00,416.47,May 2022 Pricing Master,2026-09-07T07:48:47.421676
4337,1204,10,20220501,2195.00,425.00,1770.00,416.47,May 2022 Pricing Master,2026-09-07T07:48:47.421676
4338,1205,10,20220501,2195.00,425.00,1770.00,416.47,May 2022 Pricing Master,2026-09-07T07:48:47.421676
4339,252,10,20220501,5997.00,1195.00,4802.00,401.84,May 2022 Pricing Master,2026-09-07T07:48:47.421676
4340,251,10,20220501,5997.00,1195.00,4802.00,401.84,May 2022 Pricing Master,2026-09-07T07:48:47.421676
4341,253,10,20220501,5997.00,1195.00,4802.00,401.84,May 2022 Pricing Master,2026-09-07T07:48:47.421676
4342,250,10,20220501,5997.00,1195.00,4802.00,401.84,May 2022 Pricing Master,2026-09-07T07:48:47.421676
4343,14,10,20220501,2494.00,818.00,1676.00,204.89,May 2022 Pricing Master,2026-09-07T07:48:47.421676
4344,37,10,20220501,4099.00,1044.00,3055.00,292.62,May 2022 Pricing Master,2026-09-07T07:48:47.421676
4345,13,10,20220501,2449.00,795.00,1654.00,208.05,May 2022 Pricing Master,2026-09-07T07:48:47.421676
4346,1320,10,20220501,4049.00,1395.00,2654.00,190.25,May 2022 Pricing Master,2026-09-07T07:48:47.421676
4347,1321,10,20220501,4049.00,1395.00,2654.00,190.25,May 2022 Pricing Master,2026-09-07T07:48:47.421676
4348,1319,10,20220501,4049.00,1395.00,2654.00,190.25,May 2022 Pricing Master,2026-09-07T07:48:47.421676
4349,1323,10,20220501,4049.00,1395.00,2654.00,190.25,May 2022 Pricing Master,2026-09-07T07:48:47.421676
4350,1322,10,20220501,4049.00,1395.00,2654.00,190.25,May 2022 Pricing Master,2026-09-07T07:48:47.421676
4351,1329,10,20220501,3149.00,895.00,2254.00,251.84,May 2022 Pricing Master,2026-09-07T07:48:47.421676
4352,284,10,20220501,2449.00,625.00,1824.00,291.84,May 2022 Pricing Master,2026-09-07T07:48:47.421676
4353,10,10,20220501,4549.00,1165.00,3384.00,290.47,May 2022 Pricing Master,2026-09-07T07:48:47.421676
4354,9,10,20220501,4549.00,1165.00,3384.00,290.47,May 2022 Pricing Master,2026-09-07T07:48:47.421676
4355,8,10,20220501,4549.00,1165.00,3384.00,290.47,May 2022 Pricing Master,2026-09-07T07:48:47.421676
4356,7,10,20220501,4549.00,1165.00,3384.00,290.47,May 2022 Pricing Master,2026-09-07T07:48:47.421676
4357,12,10,20220501,2449.00,795.00,1654.00,208.05,May 2022 Pricing Master,2026-09-07T07:48:47.421676
4358,3,10,20220501,299.00,150.00,149.00,99.33,May 2022 Pricing Master,2026-09-07T07:48:47.421676
4359,2,10,20220501,199.00,100.00,99.00,99.00,May 2022 Pricing Master,2026-09-07T07:48:47.421676
4360,6,10,20220501,1695.00,899.00,796.00,88.54,May 2022 Pricing Master,2026-09-07T07:48:47.421676
4361,1326,10,20220501,1695.00,699.00,996.00,142.49,May 2022 Pricing Master,2026-09-07T07:48:47.421676
4362,766,10,20220501,1595.00,381.00,1214.00,318.64,May 2022 Pricing Master,2026-09-07T07:48:47.421676
4363,735,10,20220501,2295.00,570.00,1725.00,302.63,May 2022 Pricing Master,2026-09-07T07:48:47.421676
4364,1330,10,20220501,3149.00,895.00,2254.00,251.84,May 2022 Pricing Master,2026-09-07T07:48:47.421676
4365,1328,10,20220501,3149.00,895.00,2254.00,251.84,May 2022 Pricing Master,2026-09-07T07:48:47.421676
4366,5,10,20220501,3499.00,995.00,2504.00,251.66,May 2022 Pricing Master,2026-09-07T07:48:47.421676
4367,1324,10,20220501,4049.00,1395.00,2654.00,190.25,May 2022 Pricing Master,2026-09-07T07:48:47.421676
4368,30,10,20220501,299.00,126.00,173.00,137.30,May 2022 Pricing Master,2026-09-07T07:48:47.421676
4369,32,10,20220501,499.00,252.00,247.00,98.02,May 2022 Pricing Master,2026-09-07T07:48:47.421676
4370,31,10,20220501,299.00,126.00,173.00,137.30,May 2022 Pricing Master,2026-09-07T07:48:47.421676
4371,1297,10,20220501,1995.00,500.00,1495.00,299.00,May 2022 Pricing Master,2026-09-07T07:48:47.421676
4372,1100,10,20220501,2195.00,425.00,1770.00,416.47,May 2022 Pricing Master,2026-09-07T07:48:47.421676
4373,1325,10,20220501,4899.00,1395.00,3504.00,251.18,May 2022 Pricing Master,2026-09-07T07:48:47.421676
4374,36,10,20220501,3149.00,806.00,2343.00,290.69,May 2022 Pricing Master,2026-09-07T07:48:47.421676
4375,34,10,20220501,3149.00,859.00,2290.00,266.59,May 2022 Pricing Master,2026-09-07T07:48:47.421676
4376,1259,10,20220501,2195.00,615.00,1580.00,256.91,May 2022 Pricing Master,2026-09-07T07:48:47.421676
4377,1102,10,20220501,2195.00,425.00,1770.00,416.47,May 2022 Pricing Master,2026-09-07T07:48:47.421676
4378,20,10,20220501,2494.00,818.00,1676.00,204.89,May 2022 Pricing Master,2026-09-07T07:48:47.421676
4379,1304,10,20220501,1695.00,395.00,1300.00,329.11,May 2022 Pricing Master,2026-09-07T07:48:47.421676
4380,1302,10,20220501,1695.00,395.00,1300.00,329.11,May 2022 Pricing Master,2026-09-07T07:48:47.421676
4381,1301,10,20220501,1695.00,395.00,1300.00,329.11,May 2022 Pricing Master,2026-09-07T07:48:47.421676
4382,1300,10,20220501,1695.00,395.00,1300.00,329.11,May 2022 Pricing Master,2026-09-07T07:48:47.421676
4383,1303,10,20220501,1695.00,395.00,1300.00,329.11,May 2022 Pricing Master,2026-09-07T07:48:47.421676
4384,1298,10,20220501,1695.00,395.00,1300.00,329.11,May 2022 Pricing Master,2026-09-07T07:48:47.421676
4385,1299,10,20220501,1695.00,395.00,1300.00,329.11,May 2022 Pricing Master,2026-09-07T07:48:47.421676
4386,1318,10,20220501,1995.00,425.00,1570.00,369.41,May 2022 Pricing Master,2026-09-07T07:48:47.421676
4387,1316,10,20220501,1995.00,425.00,1570.00,369.41,May 2022 Pricing Master,2026-09-07T07:48:47.421676
4388,1315,10,20220501,1995.00,425.00,1570.00,369.41,May 2022 Pricing Master,2026-09-07T07:48:47.421676
4389,1314,10,20220501,1995.00,425.00,1570.00,369.41,May 2022 Pricing Master,2026-09-07T07:48:47.421676
4390,1317,10,20220501,1995.00,425.00,1570.00,369.41,May 2022 Pricing Master,2026-09-07T07:48:47.421676
4391,1312,10,20220501,1995.00,425.00,1570.00,369.41,May 2022 Pricing Master,2026-09-07T07:48:47.421676
4392,1313,10,20220501,1995.00,425.00,1570.00,369.41,May 2022 Pricing Master,2026-09-07T07:48:47.421676
4393,1311,10,20220501,1795.00,435.00,1360.00,312.64,May 2022 Pricing Master,2026-09-07T07:48:47.421676
4394,1309,10,20220501,1795.00,435.00,1360.00,312.64,May 2022 Pricing Master,2026-09-07T07:48:47.421676
4395,1308,10,20220501,1795.00,435.00,1360.00,312.64,May 2022 Pricing Master,2026-09-07T07:48:47.421676
4396,1307,10,20220501,1795.00,435.00,1360.00,312.64,May 2022 Pricing Master,2026-09-07T07:48:47.421676
4397,1310,10,20220501,1795.00,435.00,1360.00,312.64,May 2022 Pricing Master,2026-09-07T07:48:47.421676
4398,1305,10,20220501,1795.00,435.00,1360.00,312.64,May 2022 Pricing Master,2026-09-07T07:48:47.421676
4399,1306,10,20220501,1795.00,435.00,1360.00,312.64,May 2022 Pricing Master,2026-09-07T07:48:47.421676
4400,23,10,20220501,2494.00,818.00,1676.00,204.89,May 2022 Pricing Master,2026-09-07T07:48:47.421676
4401,1101,10,20220501,2195.00,425.00,1770.00,416.47,May 2022 Pricing Master,2026-09-07T07:48:47.421676
4402,11,10,20220501,4549.00,1165.00,3384.00,290.47,May 2022 Pricing Master,2026-09-07T07:48:47.421676
4403,4,10,20220501,630.50,630.50,0.00,0.00,May 2022 Pricing Master,2026-09-07T07:48:47.421676
4404,1331,10,20220501,498.00,498.00,0.00,0.00,May 2022 Pricing Master,2026-09-07T07:48:47.421676
4405,1258,10,20220501,2195.00,615.00,1580.00,256.91,May 2022 Pricing Master,2026-09-07T07:48:47.421676
4406,1327,10,20220501,1365.00,1523.00,-158.00,-10.37,May 2022 Pricing Master,2026-09-07T07:48:47.421676
4407,33,10,20220501,733.95,733.95,0.00,0.00,May 2022 Pricing Master,2026-09-07T07:48:47.421676
4408,554,10,20220501,1995.00,425.00,1570.00,369.41,May 2022 Pricing Master,2026-09-07T07:48:47.421676
4409,537,10,20220501,1695.00,424.00,1271.00,299.76,May 2022 Pricing Master,2026-09-07T07:48:47.421676
4410,35,10,20220501,3149.00,859.00,2290.00,266.59,May 2022 Pricing Master,2026-09-07T07:48:47.421676
4411,15,10,20220501,2494.00,818.00,1676.00,204.89,May 2022 Pricing Master,2026-09-07T07:48:47.421676
4412,16,10,20220501,2494.00,818.00,1676.00,204.89,May 2022 Pricing Master,2026-09-07T07:48:47.421676
4413,17,10,20220501,2494.00,818.00,1676.00,204.89,May 2022 Pricing Master,2026-09-07T07:48:47.421676
4414,18,10,20220501,2494.00,818.00,1676.00,204.89,May 2022 Pricing Master,2026-09-07T07:48:47.421676
4415,19,10,20220501,2494.00,818.00,1676.00,204.89,May 2022 Pricing Master,2026-09-07T07:48:47.421676
4416,21,10,20220501,2494.00,818.00,1676.00,204.89,May 2022 Pricing Master,2026-09-07T07:48:47.421676
4417,22,10,20220501,2494.00,818.00,1676.00,204.89,May 2022 Pricing Master,2026-09-07T07:48:47.421676
4418,24,10,20220501,2494.00,818.00,1676.00,204.89,May 2022 Pricing Master,2026-09-07T07:48:47.421676
4419,25,10,20220501,2494.00,818.00,1676.00,204.89,May 2022 Pricing Master,2026-09-07T07:48:47.421676
4420,26,10,20220501,2494.00,818.00,1676.00,204.89,May 2022 Pricing Master,2026-09-07T07:48:47.421676
4421,27,10,20220501,2494.00,818.00,1676.00,204.89,May 2022 Pricing Master,2026-09-07T07:48:47.421676
4422,28,10,20220501,2494.00,818.00,1676.00,204.89,May 2022 Pricing Master,2026-09-07T07:48:47.421676
4423,29,10,20220501,2494.00,818.00,1676.00,204.89,May 2022 Pricing Master,2026-09-07T07:48:47.421676
4424,540,10,20220501,1695.00,424.00,1271.00,299.76,May 2022 Pricing Master,2026-09-07T07:48:47.421676
4425,1296,10,20220501,1995.00,467.00,1528.00,327.19,May 2022 Pricing Master,2026-09-07T07:48:47.421676
4426,1294,10,20220501,1995.00,467.00,1528.00,327.19,May 2022 Pricing Master,2026-09-07T07:48:47.421676
4427,1293,10,20220501,1995.00,467.00,1528.00,327.19,May 2022 Pricing Master,2026-09-07T07:48:47.421676
4428,1292,10,20220501,1995.00,467.00,1528.00,327.19,May 2022 Pricing Master,2026-09-07T07:48:47.421676
4429,1295,10,20220501,1995.00,467.00,1528.00,327.19,May 2022 Pricing Master,2026-09-07T07:48:47.421676
4430,1290,10,20220501,1995.00,467.00,1528.00,327.19,May 2022 Pricing Master,2026-09-07T07:48:47.421676
4431,1291,10,20220501,1995.00,467.00,1528.00,327.19,May 2022 Pricing Master,2026-09-07T07:48:47.421676
4432,1082,1,20220501,2795.00,680.00,2115.00,311.03,May 2022 Pricing Master,2026-09-07T07:48:47.421676
4433,1077,1,20220501,2795.00,680.00,2115.00,311.03,May 2022 Pricing Master,2026-09-07T07:48:47.421676
4434,1078,1,20220501,2795.00,680.00,2115.00,311.03,May 2022 Pricing Master,2026-09-07T07:48:47.421676
4435,1075,1,20220501,2795.00,680.00,2115.00,311.03,May 2022 Pricing Master,2026-09-07T07:48:47.421676
4436,1074,1,20220501,2795.00,680.00,2115.00,311.03,May 2022 Pricing Master,2026-09-07T07:48:47.421676
4437,1073,1,20220501,2795.00,680.00,2115.00,311.03,May 2022 Pricing Master,2026-09-07T07:48:47.421676
4438,1076,1,20220501,2795.00,680.00,2115.00,311.03,May 2022 Pricing Master,2026-09-07T07:48:47.421676
4439,1071,1,20220501,2795.00,680.00,2115.00,311.03,May 2022 Pricing Master,2026-09-07T07:48:47.421676
4440,1072,1,20220501,2795.00,680.00,2115.00,311.03,May 2022 Pricing Master,2026-09-07T07:48:47.421676
4441,1058,1,20220501,1995.00,425.00,1570.00,369.41,May 2022 Pricing Master,2026-09-07T07:48:47.421676
4442,1057,1,20220501,1995.00,425.00,1570.00,369.41,May 2022 Pricing Master,2026-09-07T07:48:47.421676
4443,1056,1,20220501,1995.00,425.00,1570.00,369.41,May 2022 Pricing Master,2026-09-07T07:48:47.421676
4444,1059,1,20220501,1995.00,425.00,1570.00,369.41,May 2022 Pricing Master,2026-09-07T07:48:47.421676
4445,1054,1,20220501,1995.00,425.00,1570.00,369.41,May 2022 Pricing Master,2026-09-07T07:48:47.421676
4446,1055,1,20220501,1995.00,425.00,1570.00,369.41,May 2022 Pricing Master,2026-09-07T07:48:47.421676
4447,483,1,20220501,1895.00,425.00,1470.00,345.88,May 2022 Pricing Master,2026-09-07T07:48:47.421676
4448,482,1,20220501,1895.00,425.00,1470.00,345.88,May 2022 Pricing Master,2026-09-07T07:48:47.421676
4449,481,1,20220501,1895.00,425.00,1470.00,345.88,May 2022 Pricing Master,2026-09-07T07:48:47.421676
4450,484,1,20220501,1895.00,425.00,1470.00,345.88,May 2022 Pricing Master,2026-09-07T07:48:47.421676
4451,479,1,20220501,1895.00,425.00,1470.00,345.88,May 2022 Pricing Master,2026-09-07T07:48:47.421676
4452,480,1,20220501,1895.00,425.00,1470.00,345.88,May 2022 Pricing Master,2026-09-07T07:48:47.421676
4453,558,1,20220501,1995.00,425.00,1570.00,369.41,May 2022 Pricing Master,2026-09-07T07:48:47.421676
4454,557,1,20220501,1995.00,425.00,1570.00,369.41,May 2022 Pricing Master,2026-09-07T07:48:47.421676
4455,556,1,20220501,1995.00,425.00,1570.00,369.41,May 2022 Pricing Master,2026-09-07T07:48:47.421676
4456,559,1,20220501,1995.00,425.00,1570.00,369.41,May 2022 Pricing Master,2026-09-07T07:48:47.421676
4457,553,1,20220501,1995.00,425.00,1570.00,369.41,May 2022 Pricing Master,2026-09-07T07:48:47.421676
4458,555,1,20220501,1995.00,425.00,1570.00,369.41,May 2022 Pricing Master,2026-09-07T07:48:47.421676
4459,1069,1,20220501,1195.00,220.00,975.00,443.18,May 2022 Pricing Master,2026-09-07T07:48:47.421676
4460,1068,1,20220501,1195.00,220.00,975.00,443.18,May 2022 Pricing Master,2026-09-07T07:48:47.421676
4461,1067,1,20220501,1195.00,220.00,975.00,443.18,May 2022 Pricing Master,2026-09-07T07:48:47.421676
4462,1070,1,20220501,1195.00,220.00,975.00,443.18,May 2022 Pricing Master,2026-09-07T07:48:47.421676
4463,1066,1,20220501,1195.00,220.00,975.00,443.18,May 2022 Pricing Master,2026-09-07T07:48:47.421676
4464,289,1,20220501,1250.00,525.00,725.00,138.10,May 2022 Pricing Master,2026-09-07T07:48:47.421676
4465,288,1,20220501,1250.00,525.00,725.00,138.10,May 2022 Pricing Master,2026-09-07T07:48:47.421676
4466,287,1,20220501,1250.00,525.00,725.00,138.10,May 2022 Pricing Master,2026-09-07T07:48:47.421676
4467,290,1,20220501,1250.00,525.00,725.00,138.10,May 2022 Pricing Master,2026-09-07T07:48:47.421676
4468,285,1,20220501,1250.00,525.00,725.00,138.10,May 2022 Pricing Master,2026-09-07T07:48:47.421676
4469,286,1,20220501,1250.00,525.00,725.00,138.10,May 2022 Pricing Master,2026-09-07T07:48:47.421676
4470,104,1,20220501,1895.00,880.00,1015.00,115.34,May 2022 Pricing Master,2026-09-07T07:48:47.421676
4471,103,1,20220501,1895.00,880.00,1015.00,115.34,May 2022 Pricing Master,2026-09-07T07:48:47.421676
4472,102,1,20220501,1895.00,880.00,1015.00,115.34,May 2022 Pricing Master,2026-09-07T07:48:47.421676
4473,105,1,20220501,1895.00,880.00,1015.00,115.34,May 2022 Pricing Master,2026-09-07T07:48:47.421676
4474,100,1,20220501,1895.00,880.00,1015.00,115.34,May 2022 Pricing Master,2026-09-07T07:48:47.421676
4475,101,1,20220501,1895.00,880.00,1015.00,115.34,May 2022 Pricing Master,2026-09-07T07:48:47.421676
4476,1034,1,20220501,1695.00,425.00,1270.00,298.82,May 2022 Pricing Master,2026-09-07T07:48:47.421676
4477,1033,1,20220501,1695.00,425.00,1270.00,298.82,May 2022 Pricing Master,2026-09-07T07:48:47.421676
4478,1032,1,20220501,1695.00,425.00,1270.00,298.82,May 2022 Pricing Master,2026-09-07T07:48:47.421676
4479,1035,1,20220501,1695.00,425.00,1270.00,298.82,May 2022 Pricing Master,2026-09-07T07:48:47.421676
4480,1030,1,20220501,1695.00,425.00,1270.00,298.82,May 2022 Pricing Master,2026-09-07T07:48:47.421676
4481,1031,1,20220501,1695.00,425.00,1270.00,298.82,May 2022 Pricing Master,2026-09-07T07:48:47.421676
4482,1046,1,20220501,1895.00,410.00,1485.00,362.20,May 2022 Pricing Master,2026-09-07T07:48:47.421676
4483,1045,1,20220501,1895.00,410.00,1485.00,362.20,May 2022 Pricing Master,2026-09-07T07:48:47.421676
4484,1044,1,20220501,1895.00,410.00,1485.00,362.20,May 2022 Pricing Master,2026-09-07T07:48:47.421676
4485,1047,1,20220501,1895.00,410.00,1485.00,362.20,May 2022 Pricing Master,2026-09-07T07:48:47.421676
4486,1042,1,20220501,1895.00,410.00,1485.00,362.20,May 2022 Pricing Master,2026-09-07T07:48:47.421676
4487,1043,1,20220501,1895.00,410.00,1485.00,362.20,May 2022 Pricing Master,2026-09-07T07:48:47.421676
4488,1052,1,20220501,1895.00,410.00,1485.00,362.20,May 2022 Pricing Master,2026-09-07T07:48:47.421676
4489,1051,1,20220501,1895.00,410.00,1485.00,362.20,May 2022 Pricing Master,2026-09-07T07:48:47.421676
4490,1050,1,20220501,1895.00,410.00,1485.00,362.20,May 2022 Pricing Master,2026-09-07T07:48:47.421676
4491,1053,1,20220501,1895.00,410.00,1485.00,362.20,May 2022 Pricing Master,2026-09-07T07:48:47.421676
4492,1048,1,20220501,1895.00,410.00,1485.00,362.20,May 2022 Pricing Master,2026-09-07T07:48:47.421676
4493,1049,1,20220501,1895.00,410.00,1485.00,362.20,May 2022 Pricing Master,2026-09-07T07:48:47.421676
4494,507,1,20220501,1895.00,395.00,1500.00,379.75,May 2022 Pricing Master,2026-09-07T07:48:47.421676
4495,506,1,20220501,1895.00,395.00,1500.00,379.75,May 2022 Pricing Master,2026-09-07T07:48:47.421676
4496,505,1,20220501,1895.00,395.00,1500.00,379.75,May 2022 Pricing Master,2026-09-07T07:48:47.421676
4497,508,1,20220501,1895.00,395.00,1500.00,379.75,May 2022 Pricing Master,2026-09-07T07:48:47.421676
4498,503,1,20220501,1895.00,395.00,1500.00,379.75,May 2022 Pricing Master,2026-09-07T07:48:47.421676
4499,504,1,20220501,1895.00,395.00,1500.00,379.75,May 2022 Pricing Master,2026-09-07T07:48:47.421676
4500,513,1,20220501,1895.00,395.00,1500.00,379.75,May 2022 Pricing Master,2026-09-07T07:48:47.421676
4501,512,1,20220501,1895.00,395.00,1500.00,379.75,May 2022 Pricing Master,2026-09-07T07:48:47.421676
4502,511,1,20220501,1895.00,395.00,1500.00,379.75,May 2022 Pricing Master,2026-09-07T07:48:47.421676
4503,514,1,20220501,1895.00,395.00,1500.00,379.75,May 2022 Pricing Master,2026-09-07T07:48:47.421676
4504,509,1,20220501,1895.00,395.00,1500.00,379.75,May 2022 Pricing Master,2026-09-07T07:48:47.421676
4505,510,1,20220501,1895.00,395.00,1500.00,379.75,May 2022 Pricing Master,2026-09-07T07:48:47.421676
4506,576,1,20220501,1895.00,395.00,1500.00,379.75,May 2022 Pricing Master,2026-09-07T07:48:47.421676
4507,575,1,20220501,1895.00,395.00,1500.00,379.75,May 2022 Pricing Master,2026-09-07T07:48:47.421676
4508,574,1,20220501,1895.00,395.00,1500.00,379.75,May 2022 Pricing Master,2026-09-07T07:48:47.421676
4509,577,1,20220501,1895.00,395.00,1500.00,379.75,May 2022 Pricing Master,2026-09-07T07:48:47.421676
4510,572,1,20220501,1895.00,395.00,1500.00,379.75,May 2022 Pricing Master,2026-09-07T07:48:47.421676
4511,573,1,20220501,1895.00,395.00,1500.00,379.75,May 2022 Pricing Master,2026-09-07T07:48:47.421676
4512,570,1,20220501,1895.00,385.00,1510.00,392.21,May 2022 Pricing Master,2026-09-07T07:48:47.421676
4513,569,1,20220501,1895.00,385.00,1510.00,392.21,May 2022 Pricing Master,2026-09-07T07:48:47.421676
4514,568,1,20220501,1895.00,385.00,1510.00,392.21,May 2022 Pricing Master,2026-09-07T07:48:47.421676
4515,571,1,20220501,1895.00,385.00,1510.00,392.21,May 2022 Pricing Master,2026-09-07T07:48:47.421676
4516,566,1,20220501,1895.00,385.00,1510.00,392.21,May 2022 Pricing Master,2026-09-07T07:48:47.421676
4517,567,1,20220501,1895.00,385.00,1510.00,392.21,May 2022 Pricing Master,2026-09-07T07:48:47.421676
4518,531,1,20220501,1895.00,385.00,1510.00,392.21,May 2022 Pricing Master,2026-09-07T07:48:47.421676
4519,530,1,20220501,1895.00,385.00,1510.00,392.21,May 2022 Pricing Master,2026-09-07T07:48:47.421676
4520,529,1,20220501,1895.00,385.00,1510.00,392.21,May 2022 Pricing Master,2026-09-07T07:48:47.421676
4521,532,1,20220501,1895.00,385.00,1510.00,392.21,May 2022 Pricing Master,2026-09-07T07:48:47.421676
4522,527,1,20220501,1895.00,385.00,1510.00,392.21,May 2022 Pricing Master,2026-09-07T07:48:47.421676
4523,528,1,20220501,1895.00,385.00,1510.00,392.21,May 2022 Pricing Master,2026-09-07T07:48:47.421676
4524,1064,1,20220501,1395.00,220.00,1175.00,534.09,May 2022 Pricing Master,2026-09-07T07:48:47.421676
4525,1063,1,20220501,1395.00,220.00,1175.00,534.09,May 2022 Pricing Master,2026-09-07T07:48:47.421676
4526,1062,1,20220501,1395.00,220.00,1175.00,534.09,May 2022 Pricing Master,2026-09-07T07:48:47.421676
4527,1065,1,20220501,1395.00,220.00,1175.00,534.09,May 2022 Pricing Master,2026-09-07T07:48:47.421676
4528,1060,1,20220501,1395.00,220.00,1175.00,534.09,May 2022 Pricing Master,2026-09-07T07:48:47.421676
4529,1061,1,20220501,1395.00,220.00,1175.00,534.09,May 2022 Pricing Master,2026-09-07T07:48:47.421676
4530,140,1,20220501,2095.00,500.00,1595.00,319.00,May 2022 Pricing Master,2026-09-07T07:48:47.421676
4531,139,1,20220501,2095.00,500.00,1595.00,319.00,May 2022 Pricing Master,2026-09-07T07:48:47.421676
4532,138,1,20220501,2095.00,500.00,1595.00,319.00,May 2022 Pricing Master,2026-09-07T07:48:47.421676
4533,141,1,20220501,2095.00,500.00,1595.00,319.00,May 2022 Pricing Master,2026-09-07T07:48:47.421676
4534,136,1,20220501,2095.00,500.00,1595.00,319.00,May 2022 Pricing Master,2026-09-07T07:48:47.421676
4535,137,1,20220501,2095.00,500.00,1595.00,319.00,May 2022 Pricing Master,2026-09-07T07:48:47.421676
4536,230,1,20220501,2295.00,1035.00,1260.00,121.74,May 2022 Pricing Master,2026-09-07T07:48:47.421676
4537,229,1,20220501,2295.00,1035.00,1260.00,121.74,May 2022 Pricing Master,2026-09-07T07:48:47.421676
4538,228,1,20220501,2295.00,1035.00,1260.00,121.74,May 2022 Pricing Master,2026-09-07T07:48:47.421676
4539,231,1,20220501,2295.00,1035.00,1260.00,121.74,May 2022 Pricing Master,2026-09-07T07:48:47.421676
4540,226,1,20220501,2295.00,1035.00,1260.00,121.74,May 2022 Pricing Master,2026-09-07T07:48:47.421676
4541,227,1,20220501,2295.00,1035.00,1260.00,121.74,May 2022 Pricing Master,2026-09-07T07:48:47.421676
4542,80,1,20220501,2150.00,975.00,1175.00,120.51,May 2022 Pricing Master,2026-09-07T07:48:47.421676
4543,79,1,20220501,2150.00,975.00,1175.00,120.51,May 2022 Pricing Master,2026-09-07T07:48:47.421676
4544,78,1,20220501,2150.00,975.00,1175.00,120.51,May 2022 Pricing Master,2026-09-07T07:48:47.421676
4545,81,1,20220501,2150.00,975.00,1175.00,120.51,May 2022 Pricing Master,2026-09-07T07:48:47.421676
4546,76,1,20220501,2150.00,975.00,1175.00,120.51,May 2022 Pricing Master,2026-09-07T07:48:47.421676
4547,77,1,20220501,2150.00,975.00,1175.00,120.51,May 2022 Pricing Master,2026-09-07T07:48:47.421676
4548,313,1,20220501,2695.00,1150.00,1545.00,134.35,May 2022 Pricing Master,2026-09-07T07:48:47.421676
4549,312,1,20220501,2695.00,1150.00,1545.00,134.35,May 2022 Pricing Master,2026-09-07T07:48:47.421676
4550,311,1,20220501,2695.00,1150.00,1545.00,134.35,May 2022 Pricing Master,2026-09-07T07:48:47.421676
4551,314,1,20220501,2695.00,1150.00,1545.00,134.35,May 2022 Pricing Master,2026-09-07T07:48:47.421676
4552,309,1,20220501,2695.00,1150.00,1545.00,134.35,May 2022 Pricing Master,2026-09-07T07:48:47.421676
4553,310,1,20220501,2695.00,1150.00,1545.00,134.35,May 2022 Pricing Master,2026-09-07T07:48:47.421676
4554,270,1,20220501,2195.00,930.00,1265.00,136.02,May 2022 Pricing Master,2026-09-07T07:48:47.421676
4555,269,1,20220501,2195.00,930.00,1265.00,136.02,May 2022 Pricing Master,2026-09-07T07:48:47.421676
4556,268,1,20220501,2195.00,930.00,1265.00,136.02,May 2022 Pricing Master,2026-09-07T07:48:47.421676
4557,271,1,20220501,2195.00,930.00,1265.00,136.02,May 2022 Pricing Master,2026-09-07T07:48:47.421676
4558,266,1,20220501,2195.00,930.00,1265.00,136.02,May 2022 Pricing Master,2026-09-07T07:48:47.421676
4559,267,1,20220501,2195.00,930.00,1265.00,136.02,May 2022 Pricing Master,2026-09-07T07:48:47.421676
4560,248,1,20220501,1795.00,780.00,1015.00,130.13,May 2022 Pricing Master,2026-09-07T07:48:47.421676
4561,247,1,20220501,1795.00,780.00,1015.00,130.13,May 2022 Pricing Master,2026-09-07T07:48:47.421676
4562,246,1,20220501,1795.00,780.00,1015.00,130.13,May 2022 Pricing Master,2026-09-07T07:48:47.421676
4563,249,1,20220501,1795.00,780.00,1015.00,130.13,May 2022 Pricing Master,2026-09-07T07:48:47.421676
4564,244,1,20220501,1795.00,780.00,1015.00,130.13,May 2022 Pricing Master,2026-09-07T07:48:47.421676
4565,245,1,20220501,1795.00,780.00,1015.00,130.13,May 2022 Pricing Master,2026-09-07T07:48:47.421676
4566,1099,1,20220501,1695.00,340.00,1355.00,398.53,May 2022 Pricing Master,2026-09-07T07:48:47.421676
4567,1097,1,20220501,1695.00,340.00,1355.00,398.53,May 2022 Pricing Master,2026-09-07T07:48:47.421676
4568,1096,1,20220501,1695.00,340.00,1355.00,398.53,May 2022 Pricing Master,2026-09-07T07:48:47.421676
4569,1095,1,20220501,1695.00,340.00,1355.00,398.53,May 2022 Pricing Master,2026-09-07T07:48:47.421676
4570,1098,1,20220501,1695.00,340.00,1355.00,398.53,May 2022 Pricing Master,2026-09-07T07:48:47.421676
4571,440,1,20220501,1995.00,425.00,1570.00,369.41,May 2022 Pricing Master,2026-09-07T07:48:47.421676
4572,438,1,20220501,1995.00,425.00,1570.00,369.41,May 2022 Pricing Master,2026-09-07T07:48:47.421676
4573,437,1,20220501,1995.00,425.00,1570.00,369.41,May 2022 Pricing Master,2026-09-07T07:48:47.421676
4574,436,1,20220501,1995.00,425.00,1570.00,369.41,May 2022 Pricing Master,2026-09-07T07:48:47.421676
4575,439,1,20220501,1995.00,425.00,1570.00,369.41,May 2022 Pricing Master,2026-09-07T07:48:47.421676
4576,1226,1,20220501,2195.00,440.00,1755.00,398.86,May 2022 Pricing Master,2026-09-07T07:48:47.421676
4577,1225,1,20220501,2195.00,440.00,1755.00,398.86,May 2022 Pricing Master,2026-09-07T07:48:47.421676
4578,1224,1,20220501,2195.00,440.00,1755.00,398.86,May 2022 Pricing Master,2026-09-07T07:48:47.421676
4579,1227,1,20220501,2195.00,440.00,1755.00,398.86,May 2022 Pricing Master,2026-09-07T07:48:47.421676
4580,1222,1,20220501,2195.00,440.00,1755.00,398.86,May 2022 Pricing Master,2026-09-07T07:48:47.421676
4581,1223,1,20220501,2195.00,440.00,1755.00,398.86,May 2022 Pricing Master,2026-09-07T07:48:47.421676
4582,110,1,20220501,2695.00,540.00,2155.00,399.07,May 2022 Pricing Master,2026-09-07T07:48:47.421676
4583,109,1,20220501,2695.00,540.00,2155.00,399.07,May 2022 Pricing Master,2026-09-07T07:48:47.421676
4584,108,1,20220501,2695.00,540.00,2155.00,399.07,May 2022 Pricing Master,2026-09-07T07:48:47.421676
4585,111,1,20220501,2695.00,540.00,2155.00,399.07,May 2022 Pricing Master,2026-09-07T07:48:47.421676
4586,106,1,20220501,2695.00,540.00,2155.00,399.07,May 2022 Pricing Master,2026-09-07T07:48:47.421676
4587,107,1,20220501,2695.00,540.00,2155.00,399.07,May 2022 Pricing Master,2026-09-07T07:48:47.421676
4588,152,1,20220501,2795.00,550.00,2245.00,408.18,May 2022 Pricing Master,2026-09-07T07:48:47.421676
4589,151,1,20220501,2795.00,550.00,2245.00,408.18,May 2022 Pricing Master,2026-09-07T07:48:47.421676
4590,150,1,20220501,2795.00,550.00,2245.00,408.18,May 2022 Pricing Master,2026-09-07T07:48:47.421676
4591,153,1,20220501,2795.00,550.00,2245.00,408.18,May 2022 Pricing Master,2026-09-07T07:48:47.421676
4592,148,1,20220501,2795.00,550.00,2245.00,408.18,May 2022 Pricing Master,2026-09-07T07:48:47.421676
4593,149,1,20220501,2795.00,550.00,2245.00,408.18,May 2022 Pricing Master,2026-09-07T07:48:47.421676
4594,1185,1,20220501,1595.00,314.00,1281.00,407.96,May 2022 Pricing Master,2026-09-07T07:48:47.421676
4595,1183,1,20220501,1595.00,314.00,1281.00,407.96,May 2022 Pricing Master,2026-09-07T07:48:47.421676
4596,1182,1,20220501,1595.00,314.00,1281.00,407.96,May 2022 Pricing Master,2026-09-07T07:48:47.421676
4597,1181,1,20220501,1595.00,314.00,1281.00,407.96,May 2022 Pricing Master,2026-09-07T07:48:47.421676
4598,1184,1,20220501,1595.00,314.00,1281.00,407.96,May 2022 Pricing Master,2026-09-07T07:48:47.421676
4599,319,1,20220501,1995.00,425.00,1570.00,369.41,May 2022 Pricing Master,2026-09-07T07:48:47.421676
4600,318,1,20220501,1995.00,425.00,1570.00,369.41,May 2022 Pricing Master,2026-09-07T07:48:47.421676
4601,317,1,20220501,1995.00,425.00,1570.00,369.41,May 2022 Pricing Master,2026-09-07T07:48:47.421676
4602,320,1,20220501,1995.00,425.00,1570.00,369.41,May 2022 Pricing Master,2026-09-07T07:48:47.421676
4603,315,1,20220501,1995.00,425.00,1570.00,369.41,May 2022 Pricing Master,2026-09-07T07:48:47.421676
4604,316,1,20220501,1995.00,425.00,1570.00,369.41,May 2022 Pricing Master,2026-09-07T07:48:47.421676
4605,337,1,20220501,1895.00,395.00,1500.00,379.75,May 2022 Pricing Master,2026-09-07T07:48:47.421676
4606,336,1,20220501,1895.00,395.00,1500.00,379.75,May 2022 Pricing Master,2026-09-07T07:48:47.421676
4607,335,1,20220501,1895.00,395.00,1500.00,379.75,May 2022 Pricing Master,2026-09-07T07:48:47.421676
4608,338,1,20220501,1895.00,395.00,1500.00,379.75,May 2022 Pricing Master,2026-09-07T07:48:47.421676
4609,333,1,20220501,1895.00,395.00,1500.00,379.75,May 2022 Pricing Master,2026-09-07T07:48:47.421676
4610,334,1,20220501,1895.00,395.00,1500.00,379.75,May 2022 Pricing Master,2026-09-07T07:48:47.421676
4611,367,1,20220501,2095.00,450.00,1645.00,365.56,May 2022 Pricing Master,2026-09-07T07:48:47.421676
4612,366,1,20220501,2095.00,450.00,1645.00,365.56,May 2022 Pricing Master,2026-09-07T07:48:47.421676
4613,365,1,20220501,2095.00,450.00,1645.00,365.56,May 2022 Pricing Master,2026-09-07T07:48:47.421676
4614,368,1,20220501,2095.00,450.00,1645.00,365.56,May 2022 Pricing Master,2026-09-07T07:48:47.421676
4615,363,1,20220501,2095.00,450.00,1645.00,365.56,May 2022 Pricing Master,2026-09-07T07:48:47.421676
4616,364,1,20220501,2095.00,450.00,1645.00,365.56,May 2022 Pricing Master,2026-09-07T07:48:47.421676
4617,379,1,20220501,1995.00,425.00,1570.00,369.41,May 2022 Pricing Master,2026-09-07T07:48:47.421676
4618,378,1,20220501,1995.00,425.00,1570.00,369.41,May 2022 Pricing Master,2026-09-07T07:48:47.421676
4619,377,1,20220501,1995.00,425.00,1570.00,369.41,May 2022 Pricing Master,2026-09-07T07:48:47.421676
4620,380,1,20220501,1995.00,425.00,1570.00,369.41,May 2022 Pricing Master,2026-09-07T07:48:47.421676
4621,375,1,20220501,1995.00,425.00,1570.00,369.41,May 2022 Pricing Master,2026-09-07T07:48:47.421676
4622,376,1,20220501,1995.00,425.00,1570.00,369.41,May 2022 Pricing Master,2026-09-07T07:48:47.421676
4623,391,1,20220501,3495.00,790.00,2705.00,342.41,May 2022 Pricing Master,2026-09-07T07:48:47.421676
4624,390,1,20220501,3495.00,790.00,2705.00,342.41,May 2022 Pricing Master,2026-09-07T07:48:47.421676
4625,389,1,20220501,3495.00,790.00,2705.00,342.41,May 2022 Pricing Master,2026-09-07T07:48:47.421676
4626,392,1,20220501,3495.00,790.00,2705.00,342.41,May 2022 Pricing Master,2026-09-07T07:48:47.421676
4627,387,1,20220501,3495.00,790.00,2705.00,342.41,May 2022 Pricing Master,2026-09-07T07:48:47.421676
4628,388,1,20220501,3495.00,790.00,2705.00,342.41,May 2022 Pricing Master,2026-09-07T07:48:47.421676
4629,397,1,20220501,3495.00,790.00,2705.00,342.41,May 2022 Pricing Master,2026-09-07T07:48:47.421676
4630,396,1,20220501,3495.00,790.00,2705.00,342.41,May 2022 Pricing Master,2026-09-07T07:48:47.421676
4631,395,1,20220501,3495.00,790.00,2705.00,342.41,May 2022 Pricing Master,2026-09-07T07:48:47.421676
4632,398,1,20220501,3495.00,790.00,2705.00,342.41,May 2022 Pricing Master,2026-09-07T07:48:47.421676
4633,393,1,20220501,3495.00,790.00,2705.00,342.41,May 2022 Pricing Master,2026-09-07T07:48:47.421676
4634,394,1,20220501,3495.00,790.00,2705.00,342.41,May 2022 Pricing Master,2026-09-07T07:48:47.421676
4635,408,1,20220501,3195.00,695.00,2500.00,359.71,May 2022 Pricing Master,2026-09-07T07:48:47.421676
4636,407,1,20220501,3195.00,695.00,2500.00,359.71,May 2022 Pricing Master,2026-09-07T07:48:47.421676
4637,406,1,20220501,3195.00,695.00,2500.00,359.71,May 2022 Pricing Master,2026-09-07T07:48:47.421676
4638,409,1,20220501,3195.00,695.00,2500.00,359.71,May 2022 Pricing Master,2026-09-07T07:48:47.421676
4639,404,1,20220501,3195.00,695.00,2500.00,359.71,May 2022 Pricing Master,2026-09-07T07:48:47.421676
4640,405,1,20220501,3195.00,695.00,2500.00,359.71,May 2022 Pricing Master,2026-09-07T07:48:47.421676
4641,86,1,20220501,5395.00,1295.00,4100.00,316.60,May 2022 Pricing Master,2026-09-07T07:48:47.421676
4642,85,1,20220501,5395.00,1295.00,4100.00,316.60,May 2022 Pricing Master,2026-09-07T07:48:47.421676
4643,84,1,20220501,5395.00,1295.00,4100.00,316.60,May 2022 Pricing Master,2026-09-07T07:48:47.421676
4644,87,1,20220501,5395.00,1295.00,4100.00,316.60,May 2022 Pricing Master,2026-09-07T07:48:47.421676
4645,82,1,20220501,5395.00,1295.00,4100.00,316.60,May 2022 Pricing Master,2026-09-07T07:48:47.421676
4646,83,1,20220501,5395.00,1295.00,4100.00,316.60,May 2022 Pricing Master,2026-09-07T07:48:47.421676
4647,122,1,20220501,4895.00,1150.00,3745.00,325.65,May 2022 Pricing Master,2026-09-07T07:48:47.421676
4648,121,1,20220501,4895.00,1150.00,3745.00,325.65,May 2022 Pricing Master,2026-09-07T07:48:47.421676
4649,120,1,20220501,4895.00,1150.00,3745.00,325.65,May 2022 Pricing Master,2026-09-07T07:48:47.421676
4650,123,1,20220501,4895.00,1150.00,3745.00,325.65,May 2022 Pricing Master,2026-09-07T07:48:47.421676
4651,118,1,20220501,4895.00,1150.00,3745.00,325.65,May 2022 Pricing Master,2026-09-07T07:48:47.421676
4652,119,1,20220501,4895.00,1150.00,3745.00,325.65,May 2022 Pricing Master,2026-09-07T07:48:47.421676
4653,236,1,20220501,4295.00,995.00,3300.00,331.66,May 2022 Pricing Master,2026-09-07T07:48:47.421676
4654,235,1,20220501,4295.00,995.00,3300.00,331.66,May 2022 Pricing Master,2026-09-07T07:48:47.421676
4655,234,1,20220501,4295.00,995.00,3300.00,331.66,May 2022 Pricing Master,2026-09-07T07:48:47.421676
4656,237,1,20220501,4295.00,995.00,3300.00,331.66,May 2022 Pricing Master,2026-09-07T07:48:47.421676
4657,232,1,20220501,4295.00,995.00,3300.00,331.66,May 2022 Pricing Master,2026-09-07T07:48:47.421676
4658,233,1,20220501,4295.00,995.00,3300.00,331.66,May 2022 Pricing Master,2026-09-07T07:48:47.421676
4659,276,1,20220501,4895.00,1150.00,3745.00,325.65,May 2022 Pricing Master,2026-09-07T07:48:47.421676
4660,275,1,20220501,4895.00,1150.00,3745.00,325.65,May 2022 Pricing Master,2026-09-07T07:48:47.421676
4661,274,1,20220501,4895.00,1150.00,3745.00,325.65,May 2022 Pricing Master,2026-09-07T07:48:47.421676
4662,277,1,20220501,4895.00,1150.00,3745.00,325.65,May 2022 Pricing Master,2026-09-07T07:48:47.421676
4663,272,1,20220501,4895.00,1150.00,3745.00,325.65,May 2022 Pricing Master,2026-09-07T07:48:47.421676
4664,273,1,20220501,4895.00,1150.00,3745.00,325.65,May 2022 Pricing Master,2026-09-07T07:48:47.421676
4665,1190,1,20220501,3495.00,695.00,2800.00,402.88,May 2022 Pricing Master,2026-09-07T07:48:47.421676
4666,1189,1,20220501,3495.00,695.00,2800.00,402.88,May 2022 Pricing Master,2026-09-07T07:48:47.421676
4667,1188,1,20220501,3495.00,695.00,2800.00,402.88,May 2022 Pricing Master,2026-09-07T07:48:47.421676
4668,1191,1,20220501,3495.00,695.00,2800.00,402.88,May 2022 Pricing Master,2026-09-07T07:48:47.421676
4669,1186,1,20220501,3495.00,695.00,2800.00,402.88,May 2022 Pricing Master,2026-09-07T07:48:47.421676
4670,1187,1,20220501,3495.00,695.00,2800.00,402.88,May 2022 Pricing Master,2026-09-07T07:48:47.421676
4671,1196,1,20220501,2195.00,425.00,1770.00,416.47,May 2022 Pricing Master,2026-09-07T07:48:47.421676
4672,1195,1,20220501,2195.00,425.00,1770.00,416.47,May 2022 Pricing Master,2026-09-07T07:48:47.421676
4673,1194,1,20220501,2195.00,425.00,1770.00,416.47,May 2022 Pricing Master,2026-09-07T07:48:47.421676
4674,1197,1,20220501,2195.00,425.00,1770.00,416.47,May 2022 Pricing Master,2026-09-07T07:48:47.421676
4675,1192,1,20220501,2195.00,425.00,1770.00,416.47,May 2022 Pricing Master,2026-09-07T07:48:47.421676
4676,1193,1,20220501,2195.00,425.00,1770.00,416.47,May 2022 Pricing Master,2026-09-07T07:48:47.421676
4677,1131,1,20220501,3295.00,650.00,2645.00,406.92,May 2022 Pricing Master,2026-09-07T07:48:47.421676
4678,1130,1,20220501,3295.00,650.00,2645.00,406.92,May 2022 Pricing Master,2026-09-07T07:48:47.421676
4679,1129,1,20220501,3295.00,650.00,2645.00,406.92,May 2022 Pricing Master,2026-09-07T07:48:47.421676
4680,1132,1,20220501,3295.00,650.00,2645.00,406.92,May 2022 Pricing Master,2026-09-07T07:48:47.421676
4681,1127,1,20220501,3295.00,650.00,2645.00,406.92,May 2022 Pricing Master,2026-09-07T07:48:47.421676
4682,1128,1,20220501,3295.00,650.00,2645.00,406.92,May 2022 Pricing Master,2026-09-07T07:48:47.421676
4683,1137,1,20220501,2397.00,460.00,1937.00,421.09,May 2022 Pricing Master,2026-09-07T07:48:47.421676
4684,1136,1,20220501,2397.00,460.00,1937.00,421.09,May 2022 Pricing Master,2026-09-07T07:48:47.421676
4685,1135,1,20220501,2397.00,460.00,1937.00,421.09,May 2022 Pricing Master,2026-09-07T07:48:47.421676
4686,1138,1,20220501,2397.00,460.00,1937.00,421.09,May 2022 Pricing Master,2026-09-07T07:48:47.421676
4687,1133,1,20220501,2397.00,460.00,1937.00,421.09,May 2022 Pricing Master,2026-09-07T07:48:47.421676
4688,1134,1,20220501,2397.00,460.00,1937.00,421.09,May 2022 Pricing Master,2026-09-07T07:48:47.421676
4689,1119,1,20220501,3397.00,675.00,2722.00,403.26,May 2022 Pricing Master,2026-09-07T07:48:47.421676
4690,1118,1,20220501,3397.00,675.00,2722.00,403.26,May 2022 Pricing Master,2026-09-07T07:48:47.421676
4691,1117,1,20220501,3397.00,675.00,2722.00,403.26,May 2022 Pricing Master,2026-09-07T07:48:47.421676
4692,1120,1,20220501,3397.00,675.00,2722.00,403.26,May 2022 Pricing Master,2026-09-07T07:48:47.421676
4693,1115,1,20220501,3397.00,675.00,2722.00,403.26,May 2022 Pricing Master,2026-09-07T07:48:47.421676
4694,1116,1,20220501,3397.00,675.00,2722.00,403.26,May 2022 Pricing Master,2026-09-07T07:48:47.421676
4695,1125,1,20220501,2295.00,440.00,1855.00,421.59,May 2022 Pricing Master,2026-09-07T07:48:47.421676
4696,1124,1,20220501,2295.00,440.00,1855.00,421.59,May 2022 Pricing Master,2026-09-07T07:48:47.421676
4697,1123,1,20220501,2295.00,440.00,1855.00,421.59,May 2022 Pricing Master,2026-09-07T07:48:47.421676
4698,1126,1,20220501,2295.00,440.00,1855.00,421.59,May 2022 Pricing Master,2026-09-07T07:48:47.421676
4699,1121,1,20220501,2295.00,440.00,1855.00,421.59,May 2022 Pricing Master,2026-09-07T07:48:47.421676
4700,1122,1,20220501,2295.00,440.00,1855.00,421.59,May 2022 Pricing Master,2026-09-07T07:48:47.421676
4701,1107,1,20220501,3495.00,695.00,2800.00,402.88,May 2022 Pricing Master,2026-09-07T07:48:47.421676
4702,1106,1,20220501,3495.00,695.00,2800.00,402.88,May 2022 Pricing Master,2026-09-07T07:48:47.421676
4703,1105,1,20220501,3495.00,695.00,2800.00,402.88,May 2022 Pricing Master,2026-09-07T07:48:47.421676
4704,1108,1,20220501,3495.00,695.00,2800.00,402.88,May 2022 Pricing Master,2026-09-07T07:48:47.421676
4705,1103,1,20220501,3495.00,695.00,2800.00,402.88,May 2022 Pricing Master,2026-09-07T07:48:47.421676
4706,1104,1,20220501,3495.00,695.00,2800.00,402.88,May 2022 Pricing Master,2026-09-07T07:48:47.421676
4707,1113,1,20220501,2495.00,490.00,2005.00,409.18,May 2022 Pricing Master,2026-09-07T07:48:47.421676
4708,1112,1,20220501,2495.00,490.00,2005.00,409.18,May 2022 Pricing Master,2026-09-07T07:48:47.421676
4709,1111,1,20220501,2495.00,490.00,2005.00,409.18,May 2022 Pricing Master,2026-09-07T07:48:47.421676
4710,1114,1,20220501,2495.00,490.00,2005.00,409.18,May 2022 Pricing Master,2026-09-07T07:48:47.421676
4711,1109,1,20220501,2495.00,490.00,2005.00,409.18,May 2022 Pricing Master,2026-09-07T07:48:47.421676
4712,1110,1,20220501,2495.00,490.00,2005.00,409.18,May 2022 Pricing Master,2026-09-07T07:48:47.421676
4713,1264,1,20220501,2097.00,415.00,1682.00,405.30,May 2022 Pricing Master,2026-09-07T07:48:47.421676
4714,1263,1,20220501,2097.00,415.00,1682.00,405.30,May 2022 Pricing Master,2026-09-07T07:48:47.421676
4715,1262,1,20220501,2097.00,415.00,1682.00,405.30,May 2022 Pricing Master,2026-09-07T07:48:47.421676
4716,1265,1,20220501,2097.00,415.00,1682.00,405.30,May 2022 Pricing Master,2026-09-07T07:48:47.421676
4717,1260,1,20220501,2097.00,415.00,1682.00,405.30,May 2022 Pricing Master,2026-09-07T07:48:47.421676
4718,1261,1,20220501,2097.00,415.00,1682.00,405.30,May 2022 Pricing Master,2026-09-07T07:48:47.421676
4719,1155,1,20220501,3297.00,650.00,2647.00,407.23,May 2022 Pricing Master,2026-09-07T07:48:47.421676
4720,1154,1,20220501,3297.00,650.00,2647.00,407.23,May 2022 Pricing Master,2026-09-07T07:48:47.421676
4721,1153,1,20220501,3297.00,650.00,2647.00,407.23,May 2022 Pricing Master,2026-09-07T07:48:47.421676
4722,1156,1,20220501,3297.00,650.00,2647.00,407.23,May 2022 Pricing Master,2026-09-07T07:48:47.421676
4723,1151,1,20220501,3297.00,650.00,2647.00,407.23,May 2022 Pricing Master,2026-09-07T07:48:47.421676
4724,1152,1,20220501,3297.00,650.00,2647.00,407.23,May 2022 Pricing Master,2026-09-07T07:48:47.421676
4725,1161,1,20220501,2195.00,425.00,1770.00,416.47,May 2022 Pricing Master,2026-09-07T07:48:47.421676
4726,1160,1,20220501,2195.00,425.00,1770.00,416.47,May 2022 Pricing Master,2026-09-07T07:48:47.421676
4727,1159,1,20220501,2195.00,425.00,1770.00,416.47,May 2022 Pricing Master,2026-09-07T07:48:47.421676
4728,1162,1,20220501,2195.00,425.00,1770.00,416.47,May 2022 Pricing Master,2026-09-07T07:48:47.421676
4729,1157,1,20220501,2195.00,425.00,1770.00,416.47,May 2022 Pricing Master,2026-09-07T07:48:47.421676
4730,1158,1,20220501,2195.00,425.00,1770.00,416.47,May 2022 Pricing Master,2026-09-07T07:48:47.421676
4731,1143,1,20220501,3197.00,625.00,2572.00,411.52,May 2022 Pricing Master,2026-09-07T07:48:47.421676
4732,1142,1,20220501,3197.00,625.00,2572.00,411.52,May 2022 Pricing Master,2026-09-07T07:48:47.421676
4733,1141,1,20220501,3197.00,625.00,2572.00,411.52,May 2022 Pricing Master,2026-09-07T07:48:47.421676
4734,1144,1,20220501,3197.00,625.00,2572.00,411.52,May 2022 Pricing Master,2026-09-07T07:48:47.421676
4735,1139,1,20220501,3197.00,625.00,2572.00,411.52,May 2022 Pricing Master,2026-09-07T07:48:47.421676
4736,1140,1,20220501,3197.00,625.00,2572.00,411.52,May 2022 Pricing Master,2026-09-07T07:48:47.421676
4737,1179,1,20220501,2197.00,425.00,1772.00,416.94,May 2022 Pricing Master,2026-09-07T07:48:47.421676
4738,1178,1,20220501,2197.00,425.00,1772.00,416.94,May 2022 Pricing Master,2026-09-07T07:48:47.421676
4739,1177,1,20220501,2197.00,425.00,1772.00,416.94,May 2022 Pricing Master,2026-09-07T07:48:47.421676
4740,1180,1,20220501,2197.00,425.00,1772.00,416.94,May 2022 Pricing Master,2026-09-07T07:48:47.421676
4741,1175,1,20220501,2197.00,425.00,1772.00,416.94,May 2022 Pricing Master,2026-09-07T07:48:47.421676
4742,1176,1,20220501,2197.00,425.00,1772.00,416.94,May 2022 Pricing Master,2026-09-07T07:48:47.421676
4743,1232,1,20220501,2997.00,595.00,2402.00,403.70,May 2022 Pricing Master,2026-09-07T07:48:47.421676
4744,1231,1,20220501,2997.00,595.00,2402.00,403.70,May 2022 Pricing Master,2026-09-07T07:48:47.421676
4745,1230,1,20220501,2997.00,595.00,2402.00,403.70,May 2022 Pricing Master,2026-09-07T07:48:47.421676
4746,1233,1,20220501,2997.00,595.00,2402.00,403.70,May 2022 Pricing Master,2026-09-07T07:48:47.421676
4747,1228,1,20220501,2997.00,595.00,2402.00,403.70,May 2022 Pricing Master,2026-09-07T07:48:47.421676
4748,1229,1,20220501,2997.00,595.00,2402.00,403.70,May 2022 Pricing Master,2026-09-07T07:48:47.421676
4749,1238,1,20220501,2095.00,410.00,1685.00,410.98,May 2022 Pricing Master,2026-09-07T07:48:47.421676
4750,1237,1,20220501,2095.00,410.00,1685.00,410.98,May 2022 Pricing Master,2026-09-07T07:48:47.421676
4751,1236,1,20220501,2095.00,410.00,1685.00,410.98,May 2022 Pricing Master,2026-09-07T07:48:47.421676
4752,1239,1,20220501,2095.00,410.00,1685.00,410.98,May 2022 Pricing Master,2026-09-07T07:48:47.421676
4753,1234,1,20220501,2095.00,410.00,1685.00,410.98,May 2022 Pricing Master,2026-09-07T07:48:47.421676
4754,1235,1,20220501,2095.00,410.00,1685.00,410.98,May 2022 Pricing Master,2026-09-07T07:48:47.421676
4755,1250,1,20220501,3297.00,650.00,2647.00,407.23,May 2022 Pricing Master,2026-09-07T07:48:47.421676
4756,1249,1,20220501,3297.00,650.00,2647.00,407.23,May 2022 Pricing Master,2026-09-07T07:48:47.421676
4757,1248,1,20220501,3297.00,650.00,2647.00,407.23,May 2022 Pricing Master,2026-09-07T07:48:47.421676
4758,1251,1,20220501,3297.00,650.00,2647.00,407.23,May 2022 Pricing Master,2026-09-07T07:48:47.421676
4759,1246,1,20220501,3297.00,650.00,2647.00,407.23,May 2022 Pricing Master,2026-09-07T07:48:47.421676
4760,1247,1,20220501,3297.00,650.00,2647.00,407.23,May 2022 Pricing Master,2026-09-07T07:48:47.421676
4761,1256,1,20220501,2195.00,425.00,1770.00,416.47,May 2022 Pricing Master,2026-09-07T07:48:47.421676
4762,1255,1,20220501,2195.00,425.00,1770.00,416.47,May 2022 Pricing Master,2026-09-07T07:48:47.421676
4763,1254,1,20220501,2195.00,425.00,1770.00,416.47,May 2022 Pricing Master,2026-09-07T07:48:47.421676
4764,1257,1,20220501,2195.00,425.00,1770.00,416.47,May 2022 Pricing Master,2026-09-07T07:48:47.421676
4765,1252,1,20220501,2195.00,425.00,1770.00,416.47,May 2022 Pricing Master,2026-09-07T07:48:47.421676
4766,1253,1,20220501,2195.00,425.00,1770.00,416.47,May 2022 Pricing Master,2026-09-07T07:48:47.421676
4767,1244,1,20220501,2097.00,415.00,1682.00,405.30,May 2022 Pricing Master,2026-09-07T07:48:47.421676
4768,1243,1,20220501,2097.00,415.00,1682.00,405.30,May 2022 Pricing Master,2026-09-07T07:48:47.421676
4769,1242,1,20220501,2097.00,415.00,1682.00,405.30,May 2022 Pricing Master,2026-09-07T07:48:47.421676
4770,1245,1,20220501,2097.00,415.00,1682.00,405.30,May 2022 Pricing Master,2026-09-07T07:48:47.421676
4771,1240,1,20220501,2097.00,415.00,1682.00,405.30,May 2022 Pricing Master,2026-09-07T07:48:47.421676
4772,1241,1,20220501,2097.00,415.00,1682.00,405.30,May 2022 Pricing Master,2026-09-07T07:48:47.421676
4773,1167,1,20220501,3295.00,640.00,2655.00,414.84,May 2022 Pricing Master,2026-09-07T07:48:47.421676
4774,1166,1,20220501,3295.00,640.00,2655.00,414.84,May 2022 Pricing Master,2026-09-07T07:48:47.421676
4775,1165,1,20220501,3295.00,640.00,2655.00,414.84,May 2022 Pricing Master,2026-09-07T07:48:47.421676
4776,1168,1,20220501,3295.00,640.00,2655.00,414.84,May 2022 Pricing Master,2026-09-07T07:48:47.421676
4777,1163,1,20220501,3295.00,640.00,2655.00,414.84,May 2022 Pricing Master,2026-09-07T07:48:47.421676
4778,1164,1,20220501,3295.00,640.00,2655.00,414.84,May 2022 Pricing Master,2026-09-07T07:48:47.421676
4779,1173,1,20220501,2295.00,415.00,1880.00,453.01,May 2022 Pricing Master,2026-09-07T07:48:47.421676
4780,1172,1,20220501,2295.00,415.00,1880.00,453.01,May 2022 Pricing Master,2026-09-07T07:48:47.421676
4781,1171,1,20220501,2295.00,415.00,1880.00,453.01,May 2022 Pricing Master,2026-09-07T07:48:47.421676
4782,1174,1,20220501,2295.00,415.00,1880.00,453.01,May 2022 Pricing Master,2026-09-07T07:48:47.421676
4783,1169,1,20220501,2295.00,415.00,1880.00,453.01,May 2022 Pricing Master,2026-09-07T07:48:47.421676
4784,1170,1,20220501,2295.00,415.00,1880.00,453.01,May 2022 Pricing Master,2026-09-07T07:48:47.421676
4785,1214,1,20220501,3195.00,625.00,2570.00,411.20,May 2022 Pricing Master,2026-09-07T07:48:47.421676
4786,1213,1,20220501,3195.00,625.00,2570.00,411.20,May 2022 Pricing Master,2026-09-07T07:48:47.421676
4787,1212,1,20220501,3195.00,625.00,2570.00,411.20,May 2022 Pricing Master,2026-09-07T07:48:47.421676
4788,1215,1,20220501,3195.00,625.00,2570.00,411.20,May 2022 Pricing Master,2026-09-07T07:48:47.421676
4789,1210,1,20220501,3195.00,625.00,2570.00,411.20,May 2022 Pricing Master,2026-09-07T07:48:47.421676
4790,1211,1,20220501,3195.00,625.00,2570.00,411.20,May 2022 Pricing Master,2026-09-07T07:48:47.421676
4791,1220,1,20220501,2097.00,400.00,1697.00,424.25,May 2022 Pricing Master,2026-09-07T07:48:47.421676
4792,1219,1,20220501,2097.00,400.00,1697.00,424.25,May 2022 Pricing Master,2026-09-07T07:48:47.421676
4793,1218,1,20220501,2097.00,400.00,1697.00,424.25,May 2022 Pricing Master,2026-09-07T07:48:47.421676
4794,1221,1,20220501,2097.00,400.00,1697.00,424.25,May 2022 Pricing Master,2026-09-07T07:48:47.421676
4795,1216,1,20220501,2097.00,400.00,1697.00,424.25,May 2022 Pricing Master,2026-09-07T07:48:47.421676
4796,1217,1,20220501,2097.00,400.00,1697.00,424.25,May 2022 Pricing Master,2026-09-07T07:48:47.421676
4797,1202,1,20220501,3095.00,615.00,2480.00,403.25,May 2022 Pricing Master,2026-09-07T07:48:47.421676
4798,1201,1,20220501,3095.00,615.00,2480.00,403.25,May 2022 Pricing Master,2026-09-07T07:48:47.421676
4799,1200,1,20220501,3095.00,615.00,2480.00,403.25,May 2022 Pricing Master,2026-09-07T07:48:47.421676
4800,1203,1,20220501,3095.00,615.00,2480.00,403.25,May 2022 Pricing Master,2026-09-07T07:48:47.421676
4801,1198,1,20220501,3095.00,615.00,2480.00,403.25,May 2022 Pricing Master,2026-09-07T07:48:47.421676
4802,1199,1,20220501,3095.00,615.00,2480.00,403.25,May 2022 Pricing Master,2026-09-07T07:48:47.421676
4803,1208,1,20220501,2195.00,425.00,1770.00,416.47,May 2022 Pricing Master,2026-09-07T07:48:47.421676
4804,1207,1,20220501,2195.00,425.00,1770.00,416.47,May 2022 Pricing Master,2026-09-07T07:48:47.421676
4805,1206,1,20220501,2195.00,425.00,1770.00,416.47,May 2022 Pricing Master,2026-09-07T07:48:47.421676
4806,1209,1,20220501,2195.00,425.00,1770.00,416.47,May 2022 Pricing Master,2026-09-07T07:48:47.421676
4807,1204,1,20220501,2195.00,425.00,1770.00,416.47,May 2022 Pricing Master,2026-09-07T07:48:47.421676
4808,1205,1,20220501,2195.00,425.00,1770.00,416.47,May 2022 Pricing Master,2026-09-07T07:48:47.421676
4809,252,1,20220501,5997.00,1195.00,4802.00,401.84,May 2022 Pricing Master,2026-09-07T07:48:47.421676
4810,251,1,20220501,5997.00,1195.00,4802.00,401.84,May 2022 Pricing Master,2026-09-07T07:48:47.421676
4811,253,1,20220501,5997.00,1195.00,4802.00,401.84,May 2022 Pricing Master,2026-09-07T07:48:47.421676
4812,250,1,20220501,5997.00,1195.00,4802.00,401.84,May 2022 Pricing Master,2026-09-07T07:48:47.421676
4813,14,1,20220501,2494.00,818.00,1676.00,204.89,May 2022 Pricing Master,2026-09-07T07:48:47.421676
4814,37,1,20220501,4099.00,1044.00,3055.00,292.62,May 2022 Pricing Master,2026-09-07T07:48:47.421676
4815,13,1,20220501,2449.00,795.00,1654.00,208.05,May 2022 Pricing Master,2026-09-07T07:48:47.421676
4816,1320,1,20220501,4049.00,1395.00,2654.00,190.25,May 2022 Pricing Master,2026-09-07T07:48:47.421676
4817,1321,1,20220501,4049.00,1395.00,2654.00,190.25,May 2022 Pricing Master,2026-09-07T07:48:47.421676
4818,1319,1,20220501,4049.00,1395.00,2654.00,190.25,May 2022 Pricing Master,2026-09-07T07:48:47.421676
4819,1323,1,20220501,4049.00,1395.00,2654.00,190.25,May 2022 Pricing Master,2026-09-07T07:48:47.421676
4820,1322,1,20220501,4049.00,1395.00,2654.00,190.25,May 2022 Pricing Master,2026-09-07T07:48:47.421676
4821,1329,1,20220501,3149.00,895.00,2254.00,251.84,May 2022 Pricing Master,2026-09-07T07:48:47.421676
4822,284,1,20220501,2449.00,625.00,1824.00,291.84,May 2022 Pricing Master,2026-09-07T07:48:47.421676
4823,10,1,20220501,4549.00,1165.00,3384.00,290.47,May 2022 Pricing Master,2026-09-07T07:48:47.421676
4824,9,1,20220501,4549.00,1165.00,3384.00,290.47,May 2022 Pricing Master,2026-09-07T07:48:47.421676
4825,8,1,20220501,4549.00,1165.00,3384.00,290.47,May 2022 Pricing Master,2026-09-07T07:48:47.421676
4826,7,1,20220501,4549.00,1165.00,3384.00,290.47,May 2022 Pricing Master,2026-09-07T07:48:47.421676
4827,12,1,20220501,2449.00,795.00,1654.00,208.05,May 2022 Pricing Master,2026-09-07T07:48:47.421676
4828,3,1,20220501,299.00,150.00,149.00,99.33,May 2022 Pricing Master,2026-09-07T07:48:47.421676
4829,2,1,20220501,199.00,100.00,99.00,99.00,May 2022 Pricing Master,2026-09-07T07:48:47.421676
4830,6,1,20220501,1695.00,899.00,796.00,88.54,May 2022 Pricing Master,2026-09-07T07:48:47.421676
4831,1326,1,20220501,1695.00,699.00,996.00,142.49,May 2022 Pricing Master,2026-09-07T07:48:47.421676
4832,766,1,20220501,1595.00,381.00,1214.00,318.64,May 2022 Pricing Master,2026-09-07T07:48:47.421676
4833,735,1,20220501,2295.00,570.00,1725.00,302.63,May 2022 Pricing Master,2026-09-07T07:48:47.421676
4834,1330,1,20220501,3149.00,895.00,2254.00,251.84,May 2022 Pricing Master,2026-09-07T07:48:47.421676
4835,1328,1,20220501,3149.00,895.00,2254.00,251.84,May 2022 Pricing Master,2026-09-07T07:48:47.421676
4836,5,1,20220501,3499.00,995.00,2504.00,251.66,May 2022 Pricing Master,2026-09-07T07:48:47.421676
4837,1324,1,20220501,4049.00,1395.00,2654.00,190.25,May 2022 Pricing Master,2026-09-07T07:48:47.421676
4838,30,1,20220501,299.00,126.00,173.00,137.30,May 2022 Pricing Master,2026-09-07T07:48:47.421676
4839,32,1,20220501,499.00,252.00,247.00,98.02,May 2022 Pricing Master,2026-09-07T07:48:47.421676
4840,31,1,20220501,299.00,126.00,173.00,137.30,May 2022 Pricing Master,2026-09-07T07:48:47.421676
4841,1297,1,20220501,2500.00,500.00,2000.00,400.00,May 2022 Pricing Master,2026-09-07T07:48:47.421676
4842,1100,1,20220501,2195.00,425.00,1770.00,416.47,May 2022 Pricing Master,2026-09-07T07:48:47.421676
4843,1325,1,20220501,4899.00,1395.00,3504.00,251.18,May 2022 Pricing Master,2026-09-07T07:48:47.421676
4844,36,1,20220501,3149.00,806.00,2343.00,290.69,May 2022 Pricing Master,2026-09-07T07:48:47.421676
4845,34,1,20220501,3149.00,859.00,2290.00,266.59,May 2022 Pricing Master,2026-09-07T07:48:47.421676
4846,1259,1,20220501,2195.00,615.00,1580.00,256.91,May 2022 Pricing Master,2026-09-07T07:48:47.421676
4847,1102,1,20220501,2195.00,425.00,1770.00,416.47,May 2022 Pricing Master,2026-09-07T07:48:47.421676
4848,20,1,20220501,2494.00,818.00,1676.00,204.89,May 2022 Pricing Master,2026-09-07T07:48:47.421676
4849,1304,1,20220501,1695.00,395.00,1300.00,329.11,May 2022 Pricing Master,2026-09-07T07:48:47.421676
4850,1302,1,20220501,1695.00,395.00,1300.00,329.11,May 2022 Pricing Master,2026-09-07T07:48:47.421676
4851,1301,1,20220501,1695.00,395.00,1300.00,329.11,May 2022 Pricing Master,2026-09-07T07:48:47.421676
4852,1300,1,20220501,1695.00,395.00,1300.00,329.11,May 2022 Pricing Master,2026-09-07T07:48:47.421676
4853,1303,1,20220501,1695.00,395.00,1300.00,329.11,May 2022 Pricing Master,2026-09-07T07:48:47.421676
4854,1298,1,20220501,1695.00,395.00,1300.00,329.11,May 2022 Pricing Master,2026-09-07T07:48:47.421676
4855,1299,1,20220501,1695.00,395.00,1300.00,329.11,May 2022 Pricing Master,2026-09-07T07:48:47.421676
4856,1318,1,20220501,1995.00,425.00,1570.00,369.41,May 2022 Pricing Master,2026-09-07T07:48:47.421676
4857,1316,1,20220501,1995.00,425.00,1570.00,369.41,May 2022 Pricing Master,2026-09-07T07:48:47.421676
4858,1315,1,20220501,1995.00,425.00,1570.00,369.41,May 2022 Pricing Master,2026-09-07T07:48:47.421676
4859,1314,1,20220501,1995.00,425.00,1570.00,369.41,May 2022 Pricing Master,2026-09-07T07:48:47.421676
4860,1317,1,20220501,1995.00,425.00,1570.00,369.41,May 2022 Pricing Master,2026-09-07T07:48:47.421676
4861,1312,1,20220501,1995.00,425.00,1570.00,369.41,May 2022 Pricing Master,2026-09-07T07:48:47.421676
4862,1313,1,20220501,1995.00,425.00,1570.00,369.41,May 2022 Pricing Master,2026-09-07T07:48:47.421676
4863,1311,1,20220501,1795.00,435.00,1360.00,312.64,May 2022 Pricing Master,2026-09-07T07:48:47.421676
4864,1309,1,20220501,1795.00,435.00,1360.00,312.64,May 2022 Pricing Master,2026-09-07T07:48:47.421676
4865,1308,1,20220501,1795.00,435.00,1360.00,312.64,May 2022 Pricing Master,2026-09-07T07:48:47.421676
4866,1307,1,20220501,1795.00,435.00,1360.00,312.64,May 2022 Pricing Master,2026-09-07T07:48:47.421676
4867,1310,1,20220501,1795.00,435.00,1360.00,312.64,May 2022 Pricing Master,2026-09-07T07:48:47.421676
4868,1305,1,20220501,1795.00,435.00,1360.00,312.64,May 2022 Pricing Master,2026-09-07T07:48:47.421676
4869,1306,1,20220501,1795.00,435.00,1360.00,312.64,May 2022 Pricing Master,2026-09-07T07:48:47.421676
4870,23,1,20220501,2494.00,818.00,1676.00,204.89,May 2022 Pricing Master,2026-09-07T07:48:47.421676
4871,1101,1,20220501,2195.00,425.00,1770.00,416.47,May 2022 Pricing Master,2026-09-07T07:48:47.421676
4872,11,1,20220501,4549.00,1165.00,3384.00,290.47,May 2022 Pricing Master,2026-09-07T07:48:47.421676
4873,4,1,20220501,630.50,630.50,0.00,0.00,May 2022 Pricing Master,2026-09-07T07:48:47.421676
4874,1331,1,20220501,498.00,498.00,0.00,0.00,May 2022 Pricing Master,2026-09-07T07:48:47.421676
4875,1258,1,20220501,2195.00,615.00,1580.00,256.91,May 2022 Pricing Master,2026-09-07T07:48:47.421676
4876,1327,1,20220501,1365.00,1523.00,-158.00,-10.37,May 2022 Pricing Master,2026-09-07T07:48:47.421676
4877,33,1,20220501,733.95,733.95,0.00,0.00,May 2022 Pricing Master,2026-09-07T07:48:47.421676
4878,554,1,20220501,1995.00,425.00,1570.00,369.41,May 2022 Pricing Master,2026-09-07T07:48:47.421676
4879,537,1,20220501,1695.00,424.00,1271.00,299.76,May 2022 Pricing Master,2026-09-07T07:48:47.421676
4880,35,1,20220501,3149.00,859.00,2290.00,266.59,May 2022 Pricing Master,2026-09-07T07:48:47.421676
4881,15,1,20220501,2494.00,818.00,1676.00,204.89,May 2022 Pricing Master,2026-09-07T07:48:47.421676
4882,16,1,20220501,2494.00,818.00,1676.00,204.89,May 2022 Pricing Master,2026-09-07T07:48:47.421676
4883,17,1,20220501,2494.00,818.00,1676.00,204.89,May 2022 Pricing Master,2026-09-07T07:48:47.421676
4884,18,1,20220501,2494.00,818.00,1676.00,204.89,May 2022 Pricing Master,2026-09-07T07:48:47.421676
4885,19,1,20220501,2494.00,818.00,1676.00,204.89,May 2022 Pricing Master,2026-09-07T07:48:47.421676
4886,21,1,20220501,2494.00,818.00,1676.00,204.89,May 2022 Pricing Master,2026-09-07T07:48:47.421676
4887,22,1,20220501,2494.00,818.00,1676.00,204.89,May 2022 Pricing Master,2026-09-07T07:48:47.421676
4888,24,1,20220501,2494.00,818.00,1676.00,204.89,May 2022 Pricing Master,2026-09-07T07:48:47.421676
4889,25,1,20220501,2494.00,818.00,1676.00,204.89,May 2022 Pricing Master,2026-09-07T07:48:47.421676
4890,26,1,20220501,2494.00,818.00,1676.00,204.89,May 2022 Pricing Master,2026-09-07T07:48:47.421676
4891,27,1,20220501,2494.00,818.00,1676.00,204.89,May 2022 Pricing Master,2026-09-07T07:48:47.421676
4892,28,1,20220501,2494.00,818.00,1676.00,204.89,May 2022 Pricing Master,2026-09-07T07:48:47.421676
4893,29,1,20220501,2494.00,818.00,1676.00,204.89,May 2022 Pricing Master,2026-09-07T07:48:47.421676
4894,540,1,20220501,1695.00,424.00,1271.00,299.76,May 2022 Pricing Master,2026-09-07T07:48:47.421676
4895,1296,1,20220501,1995.00,467.00,1528.00,327.19,May 2022 Pricing Master,2026-09-07T07:48:47.421676
4896,1294,1,20220501,1995.00,467.00,1528.00,327.19,May 2022 Pricing Master,2026-09-07T07:48:47.421676
4897,1293,1,20220501,1995.00,467.00,1528.00,327.19,May 2022 Pricing Master,2026-09-07T07:48:47.421676
4898,1292,1,20220501,1995.00,467.00,1528.00,327.19,May 2022 Pricing Master,2026-09-07T07:48:47.421676
4899,1295,1,20220501,1995.00,467.00,1528.00,327.19,May 2022 Pricing Master,2026-09-07T07:48:47.421676
4900,1290,1,20220501,1995.00,467.00,1528.00,327.19,May 2022 Pricing Master,2026-09-07T07:48:47.421676
4901,1291,1,20220501,1995.00,467.00,1528.00,327.19,May 2022 Pricing Master,2026-09-07T07:48:47.421676
4902,813,4,20220501,2295.00,538.00,1757.00,326.58,May 2022 Pricing Master,2026-09-07T07:48:47.421676
4903,812,4,20220501,2295.00,538.00,1757.00,326.58,May 2022 Pricing Master,2026-09-07T07:48:47.421676
4904,811,4,20220501,2295.00,538.00,1757.00,326.58,May 2022 Pricing Master,2026-09-07T07:48:47.421676
4905,814,4,20220501,2295.00,538.00,1757.00,326.58,May 2022 Pricing Master,2026-09-07T07:48:47.421676
4906,809,4,20220501,2295.00,538.00,1757.00,326.58,May 2022 Pricing Master,2026-09-07T07:48:47.421676
4907,810,4,20220501,2295.00,538.00,1757.00,326.58,May 2022 Pricing Master,2026-09-07T07:48:47.421676
4908,914,4,20220501,2295.00,538.00,1757.00,326.58,May 2022 Pricing Master,2026-09-07T07:48:47.421676
4909,913,4,20220501,2295.00,538.00,1757.00,326.58,May 2022 Pricing Master,2026-09-07T07:48:47.421676
4910,912,4,20220501,2295.00,538.00,1757.00,326.58,May 2022 Pricing Master,2026-09-07T07:48:47.421676
4911,915,4,20220501,2295.00,538.00,1757.00,326.58,May 2022 Pricing Master,2026-09-07T07:48:47.421676
4912,910,4,20220501,2295.00,538.00,1757.00,326.58,May 2022 Pricing Master,2026-09-07T07:48:47.421676
4913,911,4,20220501,2295.00,538.00,1757.00,326.58,May 2022 Pricing Master,2026-09-07T07:48:47.421676
4914,849,4,20220501,2295.00,538.00,1757.00,326.58,May 2022 Pricing Master,2026-09-07T07:48:47.421676
4915,848,4,20220501,2295.00,538.00,1757.00,326.58,May 2022 Pricing Master,2026-09-07T07:48:47.421676
4916,847,4,20220501,2295.00,538.00,1757.00,326.58,May 2022 Pricing Master,2026-09-07T07:48:47.421676
4917,850,4,20220501,2295.00,538.00,1757.00,326.58,May 2022 Pricing Master,2026-09-07T07:48:47.421676
4918,845,4,20220501,2295.00,538.00,1757.00,326.58,May 2022 Pricing Master,2026-09-07T07:48:47.421676
4919,846,4,20220501,2295.00,538.00,1757.00,326.58,May 2022 Pricing Master,2026-09-07T07:48:47.421676
4920,860,4,20220501,2295.00,538.00,1757.00,326.58,May 2022 Pricing Master,2026-09-07T07:48:47.421676
4921,859,4,20220501,2295.00,538.00,1757.00,326.58,May 2022 Pricing Master,2026-09-07T07:48:47.421676
4922,858,4,20220501,2295.00,538.00,1757.00,326.58,May 2022 Pricing Master,2026-09-07T07:48:47.421676
4923,861,4,20220501,2295.00,538.00,1757.00,326.58,May 2022 Pricing Master,2026-09-07T07:48:47.421676
4924,856,4,20220501,2295.00,538.00,1757.00,326.58,May 2022 Pricing Master,2026-09-07T07:48:47.421676
4925,857,4,20220501,2295.00,538.00,1757.00,326.58,May 2022 Pricing Master,2026-09-07T07:48:47.421676
4926,819,4,20220501,2295.00,538.00,1757.00,326.58,May 2022 Pricing Master,2026-09-07T07:48:47.421676
4927,818,4,20220501,2295.00,538.00,1757.00,326.58,May 2022 Pricing Master,2026-09-07T07:48:47.421676
4928,817,4,20220501,2295.00,538.00,1757.00,326.58,May 2022 Pricing Master,2026-09-07T07:48:47.421676
4929,820,4,20220501,2295.00,538.00,1757.00,326.58,May 2022 Pricing Master,2026-09-07T07:48:47.421676
4930,815,4,20220501,2295.00,538.00,1757.00,326.58,May 2022 Pricing Master,2026-09-07T07:48:47.421676
4931,816,4,20220501,2295.00,538.00,1757.00,326.58,May 2022 Pricing Master,2026-09-07T07:48:47.421676
4932,789,4,20220501,2295.00,538.00,1757.00,326.58,May 2022 Pricing Master,2026-09-07T07:48:47.421676
4933,788,4,20220501,2295.00,538.00,1757.00,326.58,May 2022 Pricing Master,2026-09-07T07:48:47.421676
4934,787,4,20220501,2295.00,538.00,1757.00,326.58,May 2022 Pricing Master,2026-09-07T07:48:47.421676
4935,790,4,20220501,2295.00,538.00,1757.00,326.58,May 2022 Pricing Master,2026-09-07T07:48:47.421676
4936,785,4,20220501,2295.00,538.00,1757.00,326.58,May 2022 Pricing Master,2026-09-07T07:48:47.421676
4937,786,4,20220501,2295.00,538.00,1757.00,326.58,May 2022 Pricing Master,2026-09-07T07:48:47.421676
4938,667,4,20220501,1895.00,438.00,1457.00,332.65,May 2022 Pricing Master,2026-09-07T07:48:47.421676
4939,666,4,20220501,1895.00,438.00,1457.00,332.65,May 2022 Pricing Master,2026-09-07T07:48:47.421676
4940,665,4,20220501,1895.00,438.00,1457.00,332.65,May 2022 Pricing Master,2026-09-07T07:48:47.421676
4941,668,4,20220501,1895.00,438.00,1457.00,332.65,May 2022 Pricing Master,2026-09-07T07:48:47.421676
4942,663,4,20220501,1895.00,438.00,1457.00,332.65,May 2022 Pricing Master,2026-09-07T07:48:47.421676
4943,664,4,20220501,1895.00,438.00,1457.00,332.65,May 2022 Pricing Master,2026-09-07T07:48:47.421676
4944,727,4,20220501,1895.00,438.00,1457.00,332.65,May 2022 Pricing Master,2026-09-07T07:48:47.421676
4945,726,4,20220501,1895.00,438.00,1457.00,332.65,May 2022 Pricing Master,2026-09-07T07:48:47.421676
4946,725,4,20220501,1895.00,438.00,1457.00,332.65,May 2022 Pricing Master,2026-09-07T07:48:47.421676
4947,728,4,20220501,1895.00,438.00,1457.00,332.65,May 2022 Pricing Master,2026-09-07T07:48:47.421676
4948,723,4,20220501,1895.00,438.00,1457.00,332.65,May 2022 Pricing Master,2026-09-07T07:48:47.421676
4949,724,4,20220501,1895.00,438.00,1457.00,332.65,May 2022 Pricing Master,2026-09-07T07:48:47.421676
4950,758,4,20220501,1895.00,438.00,1457.00,332.65,May 2022 Pricing Master,2026-09-07T07:48:47.421676
4951,757,4,20220501,1895.00,438.00,1457.00,332.65,May 2022 Pricing Master,2026-09-07T07:48:47.421676
4952,756,4,20220501,1895.00,438.00,1457.00,332.65,May 2022 Pricing Master,2026-09-07T07:48:47.421676
4953,759,4,20220501,1895.00,438.00,1457.00,332.65,May 2022 Pricing Master,2026-09-07T07:48:47.421676
4954,754,4,20220501,1895.00,438.00,1457.00,332.65,May 2022 Pricing Master,2026-09-07T07:48:47.421676
4955,755,4,20220501,1895.00,438.00,1457.00,332.65,May 2022 Pricing Master,2026-09-07T07:48:47.421676
4956,890,4,20220501,1895.00,438.00,1457.00,332.65,May 2022 Pricing Master,2026-09-07T07:48:47.421676
4957,889,4,20220501,1895.00,438.00,1457.00,332.65,May 2022 Pricing Master,2026-09-07T07:48:47.421676
4958,888,4,20220501,1895.00,438.00,1457.00,332.65,May 2022 Pricing Master,2026-09-07T07:48:47.421676
4959,891,4,20220501,1895.00,438.00,1457.00,332.65,May 2022 Pricing Master,2026-09-07T07:48:47.421676
4960,886,4,20220501,1895.00,438.00,1457.00,332.65,May 2022 Pricing Master,2026-09-07T07:48:47.421676
4961,887,4,20220501,1895.00,438.00,1457.00,332.65,May 2022 Pricing Master,2026-09-07T07:48:47.421676
4962,746,4,20220501,1895.00,438.00,1457.00,332.65,May 2022 Pricing Master,2026-09-07T07:48:47.421676
4963,745,4,20220501,1895.00,438.00,1457.00,332.65,May 2022 Pricing Master,2026-09-07T07:48:47.421676
4964,744,4,20220501,1895.00,438.00,1457.00,332.65,May 2022 Pricing Master,2026-09-07T07:48:47.421676
4965,747,4,20220501,1895.00,438.00,1457.00,332.65,May 2022 Pricing Master,2026-09-07T07:48:47.421676
4966,742,4,20220501,1895.00,438.00,1457.00,332.65,May 2022 Pricing Master,2026-09-07T07:48:47.421676
4967,743,4,20220501,1895.00,438.00,1457.00,332.65,May 2022 Pricing Master,2026-09-07T07:48:47.421676
4968,715,4,20220501,1895.00,438.00,1457.00,332.65,May 2022 Pricing Master,2026-09-07T07:48:47.421676
4969,714,4,20220501,1895.00,438.00,1457.00,332.65,May 2022 Pricing Master,2026-09-07T07:48:47.421676
4970,713,4,20220501,1895.00,438.00,1457.00,332.65,May 2022 Pricing Master,2026-09-07T07:48:47.421676
4971,716,4,20220501,1895.00,438.00,1457.00,332.65,May 2022 Pricing Master,2026-09-07T07:48:47.421676
4972,711,4,20220501,1895.00,438.00,1457.00,332.65,May 2022 Pricing Master,2026-09-07T07:48:47.421676
4973,712,4,20220501,1895.00,438.00,1457.00,332.65,May 2022 Pricing Master,2026-09-07T07:48:47.421676
4974,673,4,20220501,1895.00,438.00,1457.00,332.65,May 2022 Pricing Master,2026-09-07T07:48:47.421676
4975,672,4,20220501,1895.00,438.00,1457.00,332.65,May 2022 Pricing Master,2026-09-07T07:48:47.421676
4976,671,4,20220501,1895.00,438.00,1457.00,332.65,May 2022 Pricing Master,2026-09-07T07:48:47.421676
4977,674,4,20220501,1895.00,438.00,1457.00,332.65,May 2022 Pricing Master,2026-09-07T07:48:47.421676
4978,669,4,20220501,1895.00,438.00,1457.00,332.65,May 2022 Pricing Master,2026-09-07T07:48:47.421676
4979,670,4,20220501,1895.00,438.00,1457.00,332.65,May 2022 Pricing Master,2026-09-07T07:48:47.421676
4980,831,4,20220501,1895.00,438.00,1457.00,332.65,May 2022 Pricing Master,2026-09-07T07:48:47.421676
4981,830,4,20220501,1895.00,438.00,1457.00,332.65,May 2022 Pricing Master,2026-09-07T07:48:47.421676
4982,829,4,20220501,1895.00,438.00,1457.00,332.65,May 2022 Pricing Master,2026-09-07T07:48:47.421676
4983,832,4,20220501,1895.00,438.00,1457.00,332.65,May 2022 Pricing Master,2026-09-07T07:48:47.421676
4984,827,4,20220501,1895.00,438.00,1457.00,332.65,May 2022 Pricing Master,2026-09-07T07:48:47.421676
4985,828,4,20220501,1895.00,438.00,1457.00,332.65,May 2022 Pricing Master,2026-09-07T07:48:47.421676
4986,884,4,20220501,2195.00,505.00,1690.00,334.65,May 2022 Pricing Master,2026-09-07T07:48:47.421676
4987,883,4,20220501,2195.00,505.00,1690.00,334.65,May 2022 Pricing Master,2026-09-07T07:48:47.421676
4988,882,4,20220501,2195.00,505.00,1690.00,334.65,May 2022 Pricing Master,2026-09-07T07:48:47.421676
4989,885,4,20220501,2195.00,505.00,1690.00,334.65,May 2022 Pricing Master,2026-09-07T07:48:47.421676
4990,880,4,20220501,2195.00,505.00,1690.00,334.65,May 2022 Pricing Master,2026-09-07T07:48:47.421676
4991,881,4,20220501,2195.00,505.00,1690.00,334.65,May 2022 Pricing Master,2026-09-07T07:48:47.421676
4992,783,4,20220501,2195.00,505.00,1690.00,334.65,May 2022 Pricing Master,2026-09-07T07:48:47.421676
4993,782,4,20220501,2195.00,505.00,1690.00,334.65,May 2022 Pricing Master,2026-09-07T07:48:47.421676
4994,781,4,20220501,2195.00,505.00,1690.00,334.65,May 2022 Pricing Master,2026-09-07T07:48:47.421676
4995,784,4,20220501,2195.00,505.00,1690.00,334.65,May 2022 Pricing Master,2026-09-07T07:48:47.421676
4996,779,4,20220501,2195.00,505.00,1690.00,334.65,May 2022 Pricing Master,2026-09-07T07:48:47.421676
4997,780,4,20220501,2195.00,505.00,1690.00,334.65,May 2022 Pricing Master,2026-09-07T07:48:47.421676
4998,631,4,20220501,2195.00,505.00,1690.00,334.65,May 2022 Pricing Master,2026-09-07T07:48:47.421676
4999,630,4,20220501,2195.00,505.00,1690.00,334.65,May 2022 Pricing Master,2026-09-07T07:48:47.421676
5000,629,4,20220501,2195.00,505.00,1690.00,334.65,May 2022 Pricing Master,2026-09-07T07:48:47.421676
5001,632,4,20220501,2195.00,505.00,1690.00,334.65,May 2022 Pricing Master,2026-09-07T07:48:47.421676
5002,627,4,20220501,2195.00,505.00,1690.00,334.65,May 2022 Pricing Master,2026-09-07T07:48:47.421676
5003,628,4,20220501,2195.00,505.00,1690.00,334.65,May 2022 Pricing Master,2026-09-07T07:48:47.421676
5004,896,4,20220501,2195.00,505.00,1690.00,334.65,May 2022 Pricing Master,2026-09-07T07:48:47.421676
5005,895,4,20220501,2195.00,505.00,1690.00,334.65,May 2022 Pricing Master,2026-09-07T07:48:47.421676
5006,894,4,20220501,2195.00,505.00,1690.00,334.65,May 2022 Pricing Master,2026-09-07T07:48:47.421676
5007,897,4,20220501,2195.00,505.00,1690.00,334.65,May 2022 Pricing Master,2026-09-07T07:48:47.421676
5008,892,4,20220501,2195.00,505.00,1690.00,334.65,May 2022 Pricing Master,2026-09-07T07:48:47.421676
5009,893,4,20220501,2195.00,505.00,1690.00,334.65,May 2022 Pricing Master,2026-09-07T07:48:47.421676
5010,625,4,20220501,2195.00,505.00,1690.00,334.65,May 2022 Pricing Master,2026-09-07T07:48:47.421676
5011,624,4,20220501,2195.00,505.00,1690.00,334.65,May 2022 Pricing Master,2026-09-07T07:48:47.421676
5012,623,4,20220501,2195.00,505.00,1690.00,334.65,May 2022 Pricing Master,2026-09-07T07:48:47.421676
5013,626,4,20220501,2195.00,505.00,1690.00,334.65,May 2022 Pricing Master,2026-09-07T07:48:47.421676
5014,621,4,20220501,2195.00,505.00,1690.00,334.65,May 2022 Pricing Master,2026-09-07T07:48:47.421676
5015,622,4,20220501,2195.00,505.00,1690.00,334.65,May 2022 Pricing Master,2026-09-07T07:48:47.421676
5016,908,4,20220501,2195.00,505.00,1690.00,334.65,May 2022 Pricing Master,2026-09-07T07:48:47.421676
5017,907,4,20220501,2195.00,505.00,1690.00,334.65,May 2022 Pricing Master,2026-09-07T07:48:47.421676
5018,906,4,20220501,2195.00,505.00,1690.00,334.65,May 2022 Pricing Master,2026-09-07T07:48:47.421676
5019,909,4,20220501,2195.00,505.00,1690.00,334.65,May 2022 Pricing Master,2026-09-07T07:48:47.421676
5020,904,4,20220501,2195.00,505.00,1690.00,334.65,May 2022 Pricing Master,2026-09-07T07:48:47.421676
5021,905,4,20220501,2195.00,505.00,1690.00,334.65,May 2022 Pricing Master,2026-09-07T07:48:47.421676
5022,944,4,20220501,2495.00,590.00,1905.00,322.88,May 2022 Pricing Master,2026-09-07T07:48:47.421676
5023,943,4,20220501,2495.00,590.00,1905.00,322.88,May 2022 Pricing Master,2026-09-07T07:48:47.421676
5024,942,4,20220501,2495.00,590.00,1905.00,322.88,May 2022 Pricing Master,2026-09-07T07:48:47.421676
5025,945,4,20220501,2495.00,590.00,1905.00,322.88,May 2022 Pricing Master,2026-09-07T07:48:47.421676
5026,940,4,20220501,2495.00,590.00,1905.00,322.88,May 2022 Pricing Master,2026-09-07T07:48:47.421676
5027,941,4,20220501,2495.00,590.00,1905.00,322.88,May 2022 Pricing Master,2026-09-07T07:48:47.421676
5028,938,4,20220501,2495.00,590.00,1905.00,322.88,May 2022 Pricing Master,2026-09-07T07:48:47.421676
5029,937,4,20220501,2495.00,590.00,1905.00,322.88,May 2022 Pricing Master,2026-09-07T07:48:47.421676
5030,936,4,20220501,2495.00,590.00,1905.00,322.88,May 2022 Pricing Master,2026-09-07T07:48:47.421676
5031,939,4,20220501,2495.00,590.00,1905.00,322.88,May 2022 Pricing Master,2026-09-07T07:48:47.421676
5032,934,4,20220501,2495.00,590.00,1905.00,322.88,May 2022 Pricing Master,2026-09-07T07:48:47.421676
5033,935,4,20220501,2495.00,590.00,1905.00,322.88,May 2022 Pricing Master,2026-09-07T07:48:47.421676
5034,920,4,20220501,2495.00,590.00,1905.00,322.88,May 2022 Pricing Master,2026-09-07T07:48:47.421676
5035,919,4,20220501,2495.00,590.00,1905.00,322.88,May 2022 Pricing Master,2026-09-07T07:48:47.421676
5036,918,4,20220501,2495.00,590.00,1905.00,322.88,May 2022 Pricing Master,2026-09-07T07:48:47.421676
5037,921,4,20220501,2495.00,590.00,1905.00,322.88,May 2022 Pricing Master,2026-09-07T07:48:47.421676
5038,916,4,20220501,2495.00,590.00,1905.00,322.88,May 2022 Pricing Master,2026-09-07T07:48:47.421676
5039,917,4,20220501,2495.00,590.00,1905.00,322.88,May 2022 Pricing Master,2026-09-07T07:48:47.421676
5040,968,4,20220501,2495.00,590.00,1905.00,322.88,May 2022 Pricing Master,2026-09-07T07:48:47.421676
5041,967,4,20220501,2495.00,590.00,1905.00,322.88,May 2022 Pricing Master,2026-09-07T07:48:47.421676
5042,966,4,20220501,2495.00,590.00,1905.00,322.88,May 2022 Pricing Master,2026-09-07T07:48:47.421676
5043,969,4,20220501,2495.00,590.00,1905.00,322.88,May 2022 Pricing Master,2026-09-07T07:48:47.421676
5044,964,4,20220501,2495.00,590.00,1905.00,322.88,May 2022 Pricing Master,2026-09-07T07:48:47.421676
5045,965,4,20220501,2495.00,590.00,1905.00,322.88,May 2022 Pricing Master,2026-09-07T07:48:47.421676
5046,932,4,20220501,2495.00,590.00,1905.00,322.88,May 2022 Pricing Master,2026-09-07T07:48:47.421676
5047,931,4,20220501,2495.00,590.00,1905.00,322.88,May 2022 Pricing Master,2026-09-07T07:48:47.421676
5048,930,4,20220501,2495.00,590.00,1905.00,322.88,May 2022 Pricing Master,2026-09-07T07:48:47.421676
5049,933,4,20220501,2495.00,590.00,1905.00,322.88,May 2022 Pricing Master,2026-09-07T07:48:47.421676
5050,928,4,20220501,2495.00,590.00,1905.00,322.88,May 2022 Pricing Master,2026-09-07T07:48:47.421676
5051,929,4,20220501,2495.00,590.00,1905.00,322.88,May 2022 Pricing Master,2026-09-07T07:48:47.421676
5052,956,4,20220501,2495.00,590.00,1905.00,322.88,May 2022 Pricing Master,2026-09-07T07:48:47.421676
5053,955,4,20220501,2495.00,590.00,1905.00,322.88,May 2022 Pricing Master,2026-09-07T07:48:47.421676
5054,954,4,20220501,2495.00,590.00,1905.00,322.88,May 2022 Pricing Master,2026-09-07T07:48:47.421676
5055,957,4,20220501,2495.00,590.00,1905.00,322.88,May 2022 Pricing Master,2026-09-07T07:48:47.421676
5056,952,4,20220501,2495.00,590.00,1905.00,322.88,May 2022 Pricing Master,2026-09-07T07:48:47.421676
5057,953,4,20220501,2495.00,590.00,1905.00,322.88,May 2022 Pricing Master,2026-09-07T07:48:47.421676
5058,926,4,20220501,2495.00,590.00,1905.00,322.88,May 2022 Pricing Master,2026-09-07T07:48:47.421676
5059,925,4,20220501,2495.00,590.00,1905.00,322.88,May 2022 Pricing Master,2026-09-07T07:48:47.421676
5060,924,4,20220501,2495.00,590.00,1905.00,322.88,May 2022 Pricing Master,2026-09-07T07:48:47.421676
5061,927,4,20220501,2495.00,590.00,1905.00,322.88,May 2022 Pricing Master,2026-09-07T07:48:47.421676
5062,922,4,20220501,2495.00,590.00,1905.00,322.88,May 2022 Pricing Master,2026-09-07T07:48:47.421676
5063,923,4,20220501,2495.00,590.00,1905.00,322.88,May 2022 Pricing Master,2026-09-07T07:48:47.421676
5064,950,4,20220501,2495.00,590.00,1905.00,322.88,May 2022 Pricing Master,2026-09-07T07:48:47.421676
5065,949,4,20220501,2495.00,590.00,1905.00,322.88,May 2022 Pricing Master,2026-09-07T07:48:47.421676
5066,948,4,20220501,2495.00,590.00,1905.00,322.88,May 2022 Pricing Master,2026-09-07T07:48:47.421676
5067,951,4,20220501,2495.00,590.00,1905.00,322.88,May 2022 Pricing Master,2026-09-07T07:48:47.421676
5068,946,4,20220501,2495.00,590.00,1905.00,322.88,May 2022 Pricing Master,2026-09-07T07:48:47.421676
5069,947,4,20220501,2495.00,590.00,1905.00,322.88,May 2022 Pricing Master,2026-09-07T07:48:47.421676
5070,777,4,20220501,1595.00,381.00,1214.00,318.64,May 2022 Pricing Master,2026-09-07T07:48:47.421676
5071,776,4,20220501,1595.00,381.00,1214.00,318.64,May 2022 Pricing Master,2026-09-07T07:48:47.421676
5072,775,4,20220501,1595.00,381.00,1214.00,318.64,May 2022 Pricing Master,2026-09-07T07:48:47.421676
5073,778,4,20220501,1595.00,381.00,1214.00,318.64,May 2022 Pricing Master,2026-09-07T07:48:47.421676
5074,773,4,20220501,1595.00,381.00,1214.00,318.64,May 2022 Pricing Master,2026-09-07T07:48:47.421676
5075,774,4,20220501,1595.00,381.00,1214.00,318.64,May 2022 Pricing Master,2026-09-07T07:48:47.421676
5076,709,4,20220501,1595.00,381.00,1214.00,318.64,May 2022 Pricing Master,2026-09-07T07:48:47.421676
5077,708,4,20220501,1595.00,381.00,1214.00,318.64,May 2022 Pricing Master,2026-09-07T07:48:47.421676
5078,707,4,20220501,1595.00,381.00,1214.00,318.64,May 2022 Pricing Master,2026-09-07T07:48:47.421676
5079,710,4,20220501,1595.00,381.00,1214.00,318.64,May 2022 Pricing Master,2026-09-07T07:48:47.421676
5080,705,4,20220501,1595.00,381.00,1214.00,318.64,May 2022 Pricing Master,2026-09-07T07:48:47.421676
5081,706,4,20220501,1595.00,381.00,1214.00,318.64,May 2022 Pricing Master,2026-09-07T07:48:47.421676
5082,825,4,20220501,1595.00,381.00,1214.00,318.64,May 2022 Pricing Master,2026-09-07T07:48:47.421676
5083,824,4,20220501,1595.00,381.00,1214.00,318.64,May 2022 Pricing Master,2026-09-07T07:48:47.421676
5084,823,4,20220501,1595.00,381.00,1214.00,318.64,May 2022 Pricing Master,2026-09-07T07:48:47.421676
5085,826,4,20220501,1595.00,381.00,1214.00,318.64,May 2022 Pricing Master,2026-09-07T07:48:47.421676
5086,821,4,20220501,1595.00,381.00,1214.00,318.64,May 2022 Pricing Master,2026-09-07T07:48:47.421676
5087,822,4,20220501,1595.00,381.00,1214.00,318.64,May 2022 Pricing Master,2026-09-07T07:48:47.421676
5088,679,4,20220501,1595.00,381.00,1214.00,318.64,May 2022 Pricing Master,2026-09-07T07:48:47.421676
5089,678,4,20220501,1595.00,381.00,1214.00,318.64,May 2022 Pricing Master,2026-09-07T07:48:47.421676
5090,677,4,20220501,1595.00,381.00,1214.00,318.64,May 2022 Pricing Master,2026-09-07T07:48:47.421676
5091,680,4,20220501,1595.00,381.00,1214.00,318.64,May 2022 Pricing Master,2026-09-07T07:48:47.421676
5092,675,4,20220501,1595.00,381.00,1214.00,318.64,May 2022 Pricing Master,2026-09-07T07:48:47.421676
5093,676,4,20220501,1595.00,381.00,1214.00,318.64,May 2022 Pricing Master,2026-09-07T07:48:47.421676
5094,764,4,20220501,1595.00,381.00,1214.00,318.64,May 2022 Pricing Master,2026-09-07T07:48:47.421676
5095,763,4,20220501,1595.00,381.00,1214.00,318.64,May 2022 Pricing Master,2026-09-07T07:48:47.421676
5096,762,4,20220501,1595.00,381.00,1214.00,318.64,May 2022 Pricing Master,2026-09-07T07:48:47.421676
5097,765,4,20220501,1595.00,381.00,1214.00,318.64,May 2022 Pricing Master,2026-09-07T07:48:47.421676
5098,760,4,20220501,1595.00,381.00,1214.00,318.64,May 2022 Pricing Master,2026-09-07T07:48:47.421676
5099,761,4,20220501,1595.00,381.00,1214.00,318.64,May 2022 Pricing Master,2026-09-07T07:48:47.421676
5100,771,4,20220501,1595.00,381.00,1214.00,318.64,May 2022 Pricing Master,2026-09-07T07:48:47.421676
5101,770,4,20220501,1595.00,381.00,1214.00,318.64,May 2022 Pricing Master,2026-09-07T07:48:47.421676
5102,769,4,20220501,1595.00,381.00,1214.00,318.64,May 2022 Pricing Master,2026-09-07T07:48:47.421676
5103,772,4,20220501,1595.00,381.00,1214.00,318.64,May 2022 Pricing Master,2026-09-07T07:48:47.421676
5104,767,4,20220501,1595.00,381.00,1214.00,318.64,May 2022 Pricing Master,2026-09-07T07:48:47.421676
5105,768,4,20220501,1595.00,381.00,1214.00,318.64,May 2022 Pricing Master,2026-09-07T07:48:47.421676
5106,601,4,20220501,1595.00,381.00,1214.00,318.64,May 2022 Pricing Master,2026-09-07T07:48:47.421676
5107,600,4,20220501,1595.00,381.00,1214.00,318.64,May 2022 Pricing Master,2026-09-07T07:48:47.421676
5108,599,4,20220501,1595.00,381.00,1214.00,318.64,May 2022 Pricing Master,2026-09-07T07:48:47.421676
5109,602,4,20220501,1595.00,381.00,1214.00,318.64,May 2022 Pricing Master,2026-09-07T07:48:47.421676
5110,597,4,20220501,1595.00,381.00,1214.00,318.64,May 2022 Pricing Master,2026-09-07T07:48:47.421676
5111,598,4,20220501,1595.00,381.00,1214.00,318.64,May 2022 Pricing Master,2026-09-07T07:48:47.421676
5112,980,4,20220501,3995.00,952.00,3043.00,319.64,May 2022 Pricing Master,2026-09-07T07:48:47.421676
5113,979,4,20220501,3995.00,952.00,3043.00,319.64,May 2022 Pricing Master,2026-09-07T07:48:47.421676
5114,978,4,20220501,3995.00,952.00,3043.00,319.64,May 2022 Pricing Master,2026-09-07T07:48:47.421676
5115,981,4,20220501,3995.00,952.00,3043.00,319.64,May 2022 Pricing Master,2026-09-07T07:48:47.421676
5116,976,4,20220501,3995.00,952.00,3043.00,319.64,May 2022 Pricing Master,2026-09-07T07:48:47.421676
5117,977,4,20220501,3995.00,952.00,3043.00,319.64,May 2022 Pricing Master,2026-09-07T07:48:47.421676
5118,974,4,20220501,3995.00,952.00,3043.00,319.64,May 2022 Pricing Master,2026-09-07T07:48:47.421676
5119,973,4,20220501,3995.00,952.00,3043.00,319.64,May 2022 Pricing Master,2026-09-07T07:48:47.421676
5120,972,4,20220501,3995.00,952.00,3043.00,319.64,May 2022 Pricing Master,2026-09-07T07:48:47.421676
5121,975,4,20220501,3995.00,952.00,3043.00,319.64,May 2022 Pricing Master,2026-09-07T07:48:47.421676
5122,970,4,20220501,3995.00,952.00,3043.00,319.64,May 2022 Pricing Master,2026-09-07T07:48:47.421676
5123,971,4,20220501,3995.00,952.00,3043.00,319.64,May 2022 Pricing Master,2026-09-07T07:48:47.421676
5124,655,4,20220501,2395.00,570.00,1825.00,320.18,May 2022 Pricing Master,2026-09-07T07:48:47.421676
5125,654,4,20220501,2395.00,570.00,1825.00,320.18,May 2022 Pricing Master,2026-09-07T07:48:47.421676
5126,653,4,20220501,2395.00,570.00,1825.00,320.18,May 2022 Pricing Master,2026-09-07T07:48:47.421676
5127,656,4,20220501,2395.00,570.00,1825.00,320.18,May 2022 Pricing Master,2026-09-07T07:48:47.421676
5128,651,4,20220501,2395.00,570.00,1825.00,320.18,May 2022 Pricing Master,2026-09-07T07:48:47.421676
5129,652,4,20220501,2395.00,570.00,1825.00,320.18,May 2022 Pricing Master,2026-09-07T07:48:47.421676
5130,837,4,20220501,2195.00,519.00,1676.00,322.93,May 2022 Pricing Master,2026-09-07T07:48:47.421676
5131,836,4,20220501,2195.00,519.00,1676.00,322.93,May 2022 Pricing Master,2026-09-07T07:48:47.421676
5132,835,4,20220501,2195.00,519.00,1676.00,322.93,May 2022 Pricing Master,2026-09-07T07:48:47.421676
5133,838,4,20220501,2195.00,519.00,1676.00,322.93,May 2022 Pricing Master,2026-09-07T07:48:47.421676
5134,833,4,20220501,2195.00,519.00,1676.00,322.93,May 2022 Pricing Master,2026-09-07T07:48:47.421676
5135,834,4,20220501,2195.00,519.00,1676.00,322.93,May 2022 Pricing Master,2026-09-07T07:48:47.421676
5136,643,4,20220501,2995.00,714.00,2281.00,319.47,May 2022 Pricing Master,2026-09-07T07:48:47.421676
5137,642,4,20220501,2995.00,714.00,2281.00,319.47,May 2022 Pricing Master,2026-09-07T07:48:47.421676
5138,641,4,20220501,2995.00,714.00,2281.00,319.47,May 2022 Pricing Master,2026-09-07T07:48:47.421676
5139,644,4,20220501,2995.00,714.00,2281.00,319.47,May 2022 Pricing Master,2026-09-07T07:48:47.421676
5140,639,4,20220501,2995.00,714.00,2281.00,319.47,May 2022 Pricing Master,2026-09-07T07:48:47.421676
5141,640,4,20220501,2995.00,714.00,2281.00,319.47,May 2022 Pricing Master,2026-09-07T07:48:47.421676
5142,661,4,20220501,2195.00,519.00,1676.00,322.93,May 2022 Pricing Master,2026-09-07T07:48:47.421676
5143,660,4,20220501,2195.00,519.00,1676.00,322.93,May 2022 Pricing Master,2026-09-07T07:48:47.421676
5144,659,4,20220501,2195.00,519.00,1676.00,322.93,May 2022 Pricing Master,2026-09-07T07:48:47.421676
5145,662,4,20220501,2195.00,519.00,1676.00,322.93,May 2022 Pricing Master,2026-09-07T07:48:47.421676
5146,687,6,20220501,2295.00,529.00,1766.00,333.84,May 2022 Pricing Master,2026-09-07T07:48:47.421676
5147,688,6,20220501,2295.00,529.00,1766.00,333.84,May 2022 Pricing Master,2026-09-07T07:48:47.421676
5148,721,6,20220501,2295.00,570.00,1725.00,302.63,May 2022 Pricing Master,2026-09-07T07:48:47.421676
5149,720,6,20220501,2295.00,570.00,1725.00,302.63,May 2022 Pricing Master,2026-09-07T07:48:47.421676
5150,719,6,20220501,2295.00,570.00,1725.00,302.63,May 2022 Pricing Master,2026-09-07T07:48:47.421676
5151,722,6,20220501,2295.00,570.00,1725.00,302.63,May 2022 Pricing Master,2026-09-07T07:48:47.421676
5152,717,6,20220501,2295.00,570.00,1725.00,302.63,May 2022 Pricing Master,2026-09-07T07:48:47.421676
5153,718,6,20220501,2295.00,570.00,1725.00,302.63,May 2022 Pricing Master,2026-09-07T07:48:47.421676
5154,733,6,20220501,2295.00,570.00,1725.00,302.63,May 2022 Pricing Master,2026-09-07T07:48:47.421676
5155,732,6,20220501,2295.00,570.00,1725.00,302.63,May 2022 Pricing Master,2026-09-07T07:48:47.421676
5156,731,6,20220501,2295.00,570.00,1725.00,302.63,May 2022 Pricing Master,2026-09-07T07:48:47.421676
5157,734,6,20220501,2295.00,570.00,1725.00,302.63,May 2022 Pricing Master,2026-09-07T07:48:47.421676
5158,729,6,20220501,2295.00,570.00,1725.00,302.63,May 2022 Pricing Master,2026-09-07T07:48:47.421676
5159,730,6,20220501,2295.00,570.00,1725.00,302.63,May 2022 Pricing Master,2026-09-07T07:48:47.421676
5160,613,6,20220501,2295.00,570.00,1725.00,302.63,May 2022 Pricing Master,2026-09-07T07:48:47.421676
5161,612,6,20220501,2295.00,570.00,1725.00,302.63,May 2022 Pricing Master,2026-09-07T07:48:47.421676
5162,611,6,20220501,2295.00,570.00,1725.00,302.63,May 2022 Pricing Master,2026-09-07T07:48:47.421676
5163,614,6,20220501,2295.00,570.00,1725.00,302.63,May 2022 Pricing Master,2026-09-07T07:48:47.421676
5164,609,6,20220501,2295.00,570.00,1725.00,302.63,May 2022 Pricing Master,2026-09-07T07:48:47.421676
5165,610,6,20220501,2295.00,570.00,1725.00,302.63,May 2022 Pricing Master,2026-09-07T07:48:47.421676
5166,637,6,20220501,3095.00,724.00,2371.00,327.49,May 2022 Pricing Master,2026-09-07T07:48:47.421676
5167,636,6,20220501,3095.00,724.00,2371.00,327.49,May 2022 Pricing Master,2026-09-07T07:48:47.421676
5168,635,6,20220501,3095.00,724.00,2371.00,327.49,May 2022 Pricing Master,2026-09-07T07:48:47.421676
5169,638,6,20220501,3095.00,724.00,2371.00,327.49,May 2022 Pricing Master,2026-09-07T07:48:47.421676
5170,633,6,20220501,3095.00,724.00,2371.00,327.49,May 2022 Pricing Master,2026-09-07T07:48:47.421676
5171,634,6,20220501,3095.00,724.00,2371.00,327.49,May 2022 Pricing Master,2026-09-07T07:48:47.421676
5172,752,6,20220501,2295.00,538.00,1757.00,326.58,May 2022 Pricing Master,2026-09-07T07:48:47.421676
5173,751,6,20220501,2295.00,538.00,1757.00,326.58,May 2022 Pricing Master,2026-09-07T07:48:47.421676
5174,750,6,20220501,2295.00,538.00,1757.00,326.58,May 2022 Pricing Master,2026-09-07T07:48:47.421676
5175,753,6,20220501,2295.00,538.00,1757.00,326.58,May 2022 Pricing Master,2026-09-07T07:48:47.421676
5176,748,6,20220501,2295.00,538.00,1757.00,326.58,May 2022 Pricing Master,2026-09-07T07:48:47.421676
5177,749,6,20220501,2295.00,538.00,1757.00,326.58,May 2022 Pricing Master,2026-09-07T07:48:47.421676
5178,740,6,20220501,2395.00,570.00,1825.00,320.18,May 2022 Pricing Master,2026-09-07T07:48:47.421676
5179,739,6,20220501,2395.00,570.00,1825.00,320.18,May 2022 Pricing Master,2026-09-07T07:48:47.421676
5180,738,6,20220501,2395.00,570.00,1825.00,320.18,May 2022 Pricing Master,2026-09-07T07:48:47.421676
5181,741,6,20220501,2395.00,570.00,1825.00,320.18,May 2022 Pricing Master,2026-09-07T07:48:47.421676
5182,736,6,20220501,2395.00,570.00,1825.00,320.18,May 2022 Pricing Master,2026-09-07T07:48:47.421676
5183,737,6,20220501,2395.00,570.00,1825.00,320.18,May 2022 Pricing Master,2026-09-07T07:48:47.421676
5184,807,6,20220501,2395.00,570.00,1825.00,320.18,May 2022 Pricing Master,2026-09-07T07:48:47.421676
5185,806,6,20220501,2395.00,570.00,1825.00,320.18,May 2022 Pricing Master,2026-09-07T07:48:47.421676
5186,805,6,20220501,2395.00,570.00,1825.00,320.18,May 2022 Pricing Master,2026-09-07T07:48:47.421676
5187,808,6,20220501,2395.00,570.00,1825.00,320.18,May 2022 Pricing Master,2026-09-07T07:48:47.421676
5188,803,6,20220501,2395.00,570.00,1825.00,320.18,May 2022 Pricing Master,2026-09-07T07:48:47.421676
5189,804,6,20220501,2395.00,570.00,1825.00,320.18,May 2022 Pricing Master,2026-09-07T07:48:47.421676
5190,795,6,20220501,2395.00,529.00,1866.00,352.74,May 2022 Pricing Master,2026-09-07T07:48:47.421676
5191,794,6,20220501,2395.00,529.00,1866.00,352.74,May 2022 Pricing Master,2026-09-07T07:48:47.421676
5192,793,6,20220501,2395.00,529.00,1866.00,352.74,May 2022 Pricing Master,2026-09-07T07:48:47.421676
5193,796,6,20220501,2395.00,529.00,1866.00,352.74,May 2022 Pricing Master,2026-09-07T07:48:47.421676
5194,791,6,20220501,2395.00,529.00,1866.00,352.74,May 2022 Pricing Master,2026-09-07T07:48:47.421676
5195,792,6,20220501,2395.00,529.00,1866.00,352.74,May 2022 Pricing Master,2026-09-07T07:48:47.421676
5196,801,6,20220501,2395.00,529.00,1866.00,352.74,May 2022 Pricing Master,2026-09-07T07:48:47.421676
5197,800,6,20220501,2395.00,529.00,1866.00,352.74,May 2022 Pricing Master,2026-09-07T07:48:47.421676
5198,799,6,20220501,2395.00,529.00,1866.00,352.74,May 2022 Pricing Master,2026-09-07T07:48:47.421676
5199,802,6,20220501,2395.00,529.00,1866.00,352.74,May 2022 Pricing Master,2026-09-07T07:48:47.421676
5200,797,6,20220501,2395.00,529.00,1866.00,352.74,May 2022 Pricing Master,2026-09-07T07:48:47.421676
5201,798,6,20220501,2395.00,529.00,1866.00,352.74,May 2022 Pricing Master,2026-09-07T07:48:47.421676
5202,538,6,20220501,1695.00,424.00,1271.00,299.76,May 2022 Pricing Master,2026-09-07T07:48:47.421676
5203,536,6,20220501,1695.00,424.00,1271.00,299.76,May 2022 Pricing Master,2026-09-07T07:48:47.421676
5204,535,6,20220501,1695.00,424.00,1271.00,299.76,May 2022 Pricing Master,2026-09-07T07:48:47.421676
5205,539,6,20220501,1695.00,424.00,1271.00,299.76,May 2022 Pricing Master,2026-09-07T07:48:47.421676
5206,533,6,20220501,1695.00,424.00,1271.00,299.76,May 2022 Pricing Master,2026-09-07T07:48:47.421676
5207,534,6,20220501,1695.00,424.00,1271.00,299.76,May 2022 Pricing Master,2026-09-07T07:48:47.421676
5208,551,6,20220501,1695.00,424.00,1271.00,299.76,May 2022 Pricing Master,2026-09-07T07:48:47.421676
5209,550,6,20220501,1695.00,424.00,1271.00,299.76,May 2022 Pricing Master,2026-09-07T07:48:47.421676
5210,549,6,20220501,1695.00,424.00,1271.00,299.76,May 2022 Pricing Master,2026-09-07T07:48:47.421676
5211,552,6,20220501,1695.00,424.00,1271.00,299.76,May 2022 Pricing Master,2026-09-07T07:48:47.421676
5212,547,6,20220501,1695.00,424.00,1271.00,299.76,May 2022 Pricing Master,2026-09-07T07:48:47.421676
5213,548,6,20220501,1695.00,424.00,1271.00,299.76,May 2022 Pricing Master,2026-09-07T07:48:47.421676
5214,224,6,20220501,1595.00,381.00,1214.00,318.64,May 2022 Pricing Master,2026-09-07T07:48:47.421676
5215,223,6,20220501,1595.00,381.00,1214.00,318.64,May 2022 Pricing Master,2026-09-07T07:48:47.421676
5216,222,6,20220501,1595.00,381.00,1214.00,318.64,May 2022 Pricing Master,2026-09-07T07:48:47.421676
5217,225,6,20220501,1595.00,381.00,1214.00,318.64,May 2022 Pricing Master,2026-09-07T07:48:47.421676
5218,220,6,20220501,1595.00,381.00,1214.00,318.64,May 2022 Pricing Master,2026-09-07T07:48:47.421676
5219,221,6,20220501,1595.00,381.00,1214.00,318.64,May 2022 Pricing Master,2026-09-07T07:48:47.421676
5220,331,6,20220501,1595.00,381.00,1214.00,318.64,May 2022 Pricing Master,2026-09-07T07:48:47.421676
5221,330,6,20220501,1595.00,381.00,1214.00,318.64,May 2022 Pricing Master,2026-09-07T07:48:47.421676
5222,329,6,20220501,1595.00,381.00,1214.00,318.64,May 2022 Pricing Master,2026-09-07T07:48:47.421676
5223,332,6,20220501,1595.00,381.00,1214.00,318.64,May 2022 Pricing Master,2026-09-07T07:48:47.421676
5224,327,6,20220501,1595.00,381.00,1214.00,318.64,May 2022 Pricing Master,2026-09-07T07:48:47.421676
5225,328,6,20220501,1595.00,381.00,1214.00,318.64,May 2022 Pricing Master,2026-09-07T07:48:47.421676
5226,355,6,20220501,1895.00,471.00,1424.00,302.34,May 2022 Pricing Master,2026-09-07T07:48:47.421676
5227,354,6,20220501,1895.00,471.00,1424.00,302.34,May 2022 Pricing Master,2026-09-07T07:48:47.421676
5228,353,6,20220501,1895.00,471.00,1424.00,302.34,May 2022 Pricing Master,2026-09-07T07:48:47.421676
5229,356,6,20220501,1895.00,471.00,1424.00,302.34,May 2022 Pricing Master,2026-09-07T07:48:47.421676
5230,351,6,20220501,1895.00,471.00,1424.00,302.34,May 2022 Pricing Master,2026-09-07T07:48:47.421676
5231,352,6,20220501,1895.00,471.00,1424.00,302.34,May 2022 Pricing Master,2026-09-07T07:48:47.421676
5232,343,6,20220501,1895.00,471.00,1424.00,302.34,May 2022 Pricing Master,2026-09-07T07:48:47.421676
5233,342,6,20220501,1895.00,471.00,1424.00,302.34,May 2022 Pricing Master,2026-09-07T07:48:47.421676
5234,341,6,20220501,1895.00,471.00,1424.00,302.34,May 2022 Pricing Master,2026-09-07T07:48:47.421676
5235,344,6,20220501,1895.00,471.00,1424.00,302.34,May 2022 Pricing Master,2026-09-07T07:48:47.421676
5236,339,6,20220501,1895.00,471.00,1424.00,302.34,May 2022 Pricing Master,2026-09-07T07:48:47.421676
5237,340,6,20220501,1895.00,471.00,1424.00,302.34,May 2022 Pricing Master,2026-09-07T07:48:47.421676
5238,349,6,20220501,1895.00,471.00,1424.00,302.34,May 2022 Pricing Master,2026-09-07T07:48:47.421676
5239,348,6,20220501,1895.00,471.00,1424.00,302.34,May 2022 Pricing Master,2026-09-07T07:48:47.421676
5240,347,6,20220501,1895.00,471.00,1424.00,302.34,May 2022 Pricing Master,2026-09-07T07:48:47.421676
5241,350,6,20220501,1895.00,471.00,1424.00,302.34,May 2022 Pricing Master,2026-09-07T07:48:47.421676
5242,345,6,20220501,1895.00,471.00,1424.00,302.34,May 2022 Pricing Master,2026-09-07T07:48:47.421676
5243,346,6,20220501,1895.00,471.00,1424.00,302.34,May 2022 Pricing Master,2026-09-07T07:48:47.421676
5244,373,6,20220501,1595.00,381.00,1214.00,318.64,May 2022 Pricing Master,2026-09-07T07:48:47.421676
5245,372,6,20220501,1595.00,381.00,1214.00,318.64,May 2022 Pricing Master,2026-09-07T07:48:47.421676
5246,371,6,20220501,1595.00,381.00,1214.00,318.64,May 2022 Pricing Master,2026-09-07T07:48:47.421676
5247,374,6,20220501,1595.00,381.00,1214.00,318.64,May 2022 Pricing Master,2026-09-07T07:48:47.421676
5248,369,6,20220501,1595.00,381.00,1214.00,318.64,May 2022 Pricing Master,2026-09-07T07:48:47.421676
5249,370,6,20220501,1595.00,381.00,1214.00,318.64,May 2022 Pricing Master,2026-09-07T07:48:47.421676
5250,385,6,20220501,1195.00,286.00,909.00,317.83,May 2022 Pricing Master,2026-09-07T07:48:47.421676
5251,384,6,20220501,1195.00,286.00,909.00,317.83,May 2022 Pricing Master,2026-09-07T07:48:47.421676
5252,383,6,20220501,1195.00,286.00,909.00,317.83,May 2022 Pricing Master,2026-09-07T07:48:47.421676
5253,386,6,20220501,1195.00,286.00,909.00,317.83,May 2022 Pricing Master,2026-09-07T07:48:47.421676
5254,381,6,20220501,1195.00,286.00,909.00,317.83,May 2022 Pricing Master,2026-09-07T07:48:47.421676
5255,382,6,20220501,1195.00,286.00,909.00,317.83,May 2022 Pricing Master,2026-09-07T07:48:47.421676
5256,325,6,20220501,1595.00,381.00,1214.00,318.64,May 2022 Pricing Master,2026-09-07T07:48:47.421676
5257,324,6,20220501,1595.00,381.00,1214.00,318.64,May 2022 Pricing Master,2026-09-07T07:48:47.421676
5258,323,6,20220501,1595.00,381.00,1214.00,318.64,May 2022 Pricing Master,2026-09-07T07:48:47.421676
5259,326,6,20220501,1595.00,381.00,1214.00,318.64,May 2022 Pricing Master,2026-09-07T07:48:47.421676
5260,321,6,20220501,1595.00,381.00,1214.00,318.64,May 2022 Pricing Master,2026-09-07T07:48:47.421676
5261,322,6,20220501,1595.00,381.00,1214.00,318.64,May 2022 Pricing Master,2026-09-07T07:48:47.421676
5262,295,6,20220501,1995.00,500.00,1495.00,299.00,May 2022 Pricing Master,2026-09-07T07:48:47.421676
5263,294,6,20220501,1995.00,500.00,1495.00,299.00,May 2022 Pricing Master,2026-09-07T07:48:47.421676
5264,293,6,20220501,1995.00,500.00,1495.00,299.00,May 2022 Pricing Master,2026-09-07T07:48:47.421676
5265,296,6,20220501,1995.00,500.00,1495.00,299.00,May 2022 Pricing Master,2026-09-07T07:48:47.421676
5266,291,6,20220501,1995.00,500.00,1495.00,299.00,May 2022 Pricing Master,2026-09-07T07:48:47.421676
5267,292,6,20220501,1995.00,500.00,1495.00,299.00,May 2022 Pricing Master,2026-09-07T07:48:47.421676
5268,258,6,20220501,1895.00,471.00,1424.00,302.34,May 2022 Pricing Master,2026-09-07T07:48:47.421676
5269,257,6,20220501,1895.00,471.00,1424.00,302.34,May 2022 Pricing Master,2026-09-07T07:48:47.421676
5270,256,6,20220501,1895.00,471.00,1424.00,302.34,May 2022 Pricing Master,2026-09-07T07:48:47.421676
5271,259,6,20220501,1895.00,471.00,1424.00,302.34,May 2022 Pricing Master,2026-09-07T07:48:47.421676
5272,254,6,20220501,1895.00,471.00,1424.00,302.34,May 2022 Pricing Master,2026-09-07T07:48:47.421676
5273,255,6,20220501,1895.00,471.00,1424.00,302.34,May 2022 Pricing Master,2026-09-07T07:48:47.421676
5274,361,6,20220501,1595.00,381.00,1214.00,318.64,May 2022 Pricing Master,2026-09-07T07:48:47.421676
5275,360,6,20220501,1595.00,381.00,1214.00,318.64,May 2022 Pricing Master,2026-09-07T07:48:47.421676
5276,359,6,20220501,1595.00,381.00,1214.00,318.64,May 2022 Pricing Master,2026-09-07T07:48:47.421676
5277,362,6,20220501,1595.00,381.00,1214.00,318.64,May 2022 Pricing Master,2026-09-07T07:48:47.421676
5278,357,6,20220501,1595.00,381.00,1214.00,318.64,May 2022 Pricing Master,2026-09-07T07:48:47.421676
5279,358,6,20220501,1595.00,381.00,1214.00,318.64,May 2022 Pricing Master,2026-09-07T07:48:47.421676
5280,429,6,20220501,1595.00,381.00,1214.00,318.64,May 2022 Pricing Master,2026-09-07T07:48:47.421676
5281,428,6,20220501,1595.00,381.00,1214.00,318.64,May 2022 Pricing Master,2026-09-07T07:48:47.421676
5282,427,6,20220501,1595.00,381.00,1214.00,318.64,May 2022 Pricing Master,2026-09-07T07:48:47.421676
5283,430,6,20220501,1595.00,381.00,1214.00,318.64,May 2022 Pricing Master,2026-09-07T07:48:47.421676
5284,425,6,20220501,1595.00,381.00,1214.00,318.64,May 2022 Pricing Master,2026-09-07T07:48:47.421676
5285,426,6,20220501,1595.00,381.00,1214.00,318.64,May 2022 Pricing Master,2026-09-07T07:48:47.421676
5286,42,6,20220501,1595.00,381.00,1214.00,318.64,May 2022 Pricing Master,2026-09-07T07:48:47.421676
5287,41,6,20220501,1595.00,381.00,1214.00,318.64,May 2022 Pricing Master,2026-09-07T07:48:47.421676
5288,40,6,20220501,1595.00,381.00,1214.00,318.64,May 2022 Pricing Master,2026-09-07T07:48:47.421676
5289,43,6,20220501,1595.00,381.00,1214.00,318.64,May 2022 Pricing Master,2026-09-07T07:48:47.421676
5290,38,6,20220501,1595.00,381.00,1214.00,318.64,May 2022 Pricing Master,2026-09-07T07:48:47.421676
5291,39,6,20220501,1595.00,381.00,1214.00,318.64,May 2022 Pricing Master,2026-09-07T07:48:47.421676
5292,56,6,20220501,1595.00,381.00,1214.00,318.64,May 2022 Pricing Master,2026-09-07T07:48:47.421676
5293,55,6,20220501,1595.00,381.00,1214.00,318.64,May 2022 Pricing Master,2026-09-07T07:48:47.421676
5294,54,6,20220501,1595.00,381.00,1214.00,318.64,May 2022 Pricing Master,2026-09-07T07:48:47.421676
5295,57,6,20220501,1595.00,381.00,1214.00,318.64,May 2022 Pricing Master,2026-09-07T07:48:47.421676
5296,52,6,20220501,1595.00,381.00,1214.00,318.64,May 2022 Pricing Master,2026-09-07T07:48:47.421676
5297,53,6,20220501,1595.00,381.00,1214.00,318.64,May 2022 Pricing Master,2026-09-07T07:48:47.421676
5298,92,6,20220501,2395.00,581.00,1814.00,312.22,May 2022 Pricing Master,2026-09-07T07:48:47.421676
5299,91,6,20220501,2395.00,581.00,1814.00,312.22,May 2022 Pricing Master,2026-09-07T07:48:47.421676
5300,90,6,20220501,2395.00,581.00,1814.00,312.22,May 2022 Pricing Master,2026-09-07T07:48:47.421676
5301,93,6,20220501,2395.00,581.00,1814.00,312.22,May 2022 Pricing Master,2026-09-07T07:48:47.421676
5302,88,6,20220501,2395.00,581.00,1814.00,312.22,May 2022 Pricing Master,2026-09-07T07:48:47.421676
5303,89,6,20220501,2395.00,581.00,1814.00,312.22,May 2022 Pricing Master,2026-09-07T07:48:47.421676
5304,68,6,20220501,1595.00,381.00,1214.00,318.64,May 2022 Pricing Master,2026-09-07T07:48:47.421676
5305,67,6,20220501,1595.00,381.00,1214.00,318.64,May 2022 Pricing Master,2026-09-07T07:48:47.421676
5306,66,6,20220501,1595.00,381.00,1214.00,318.64,May 2022 Pricing Master,2026-09-07T07:48:47.421676
5307,69,6,20220501,1595.00,381.00,1214.00,318.64,May 2022 Pricing Master,2026-09-07T07:48:47.421676
5308,64,6,20220501,1595.00,381.00,1214.00,318.64,May 2022 Pricing Master,2026-09-07T07:48:47.421676
5309,65,6,20220501,1595.00,381.00,1214.00,318.64,May 2022 Pricing Master,2026-09-07T07:48:47.421676
5310,194,6,20220501,1895.00,471.00,1424.00,302.34,May 2022 Pricing Master,2026-09-07T07:48:47.421676
5311,193,6,20220501,1895.00,471.00,1424.00,302.34,May 2022 Pricing Master,2026-09-07T07:48:47.421676
5312,192,6,20220501,1895.00,471.00,1424.00,302.34,May 2022 Pricing Master,2026-09-07T07:48:47.421676
5313,195,6,20220501,1895.00,471.00,1424.00,302.34,May 2022 Pricing Master,2026-09-07T07:48:47.421676
5314,190,6,20220501,1895.00,471.00,1424.00,302.34,May 2022 Pricing Master,2026-09-07T07:48:47.421676
5315,191,6,20220501,1895.00,471.00,1424.00,302.34,May 2022 Pricing Master,2026-09-07T07:48:47.421676
5316,619,6,20220501,1895.00,457.00,1438.00,314.66,May 2022 Pricing Master,2026-09-07T07:48:47.421676
5317,618,6,20220501,1895.00,457.00,1438.00,314.66,May 2022 Pricing Master,2026-09-07T07:48:47.421676
5318,617,6,20220501,1895.00,457.00,1438.00,314.66,May 2022 Pricing Master,2026-09-07T07:48:47.421676
5319,620,6,20220501,1895.00,457.00,1438.00,314.66,May 2022 Pricing Master,2026-09-07T07:48:47.421676
5320,615,6,20220501,1895.00,457.00,1438.00,314.66,May 2022 Pricing Master,2026-09-07T07:48:47.421676
5321,616,6,20220501,1895.00,457.00,1438.00,314.66,May 2022 Pricing Master,2026-09-07T07:48:47.421676
5322,703,6,20220501,1695.00,424.00,1271.00,299.76,May 2022 Pricing Master,2026-09-07T07:48:47.421676
5323,702,6,20220501,1695.00,424.00,1271.00,299.76,May 2022 Pricing Master,2026-09-07T07:48:47.421676
5324,701,6,20220501,1695.00,424.00,1271.00,299.76,May 2022 Pricing Master,2026-09-07T07:48:47.421676
5325,704,6,20220501,1695.00,424.00,1271.00,299.76,May 2022 Pricing Master,2026-09-07T07:48:47.421676
5326,699,6,20220501,1695.00,424.00,1271.00,299.76,May 2022 Pricing Master,2026-09-07T07:48:47.421676
5327,700,6,20220501,1695.00,424.00,1271.00,299.76,May 2022 Pricing Master,2026-09-07T07:48:47.421676
5328,866,6,20220501,1695.00,424.00,1271.00,299.76,May 2022 Pricing Master,2026-09-07T07:48:47.421676
5329,865,6,20220501,1695.00,424.00,1271.00,299.76,May 2022 Pricing Master,2026-09-07T07:48:47.421676
5330,864,6,20220501,1695.00,424.00,1271.00,299.76,May 2022 Pricing Master,2026-09-07T07:48:47.421676
5331,867,6,20220501,1695.00,424.00,1271.00,299.76,May 2022 Pricing Master,2026-09-07T07:48:47.421676
5332,862,6,20220501,1695.00,424.00,1271.00,299.76,May 2022 Pricing Master,2026-09-07T07:48:47.421676
5333,863,6,20220501,1695.00,424.00,1271.00,299.76,May 2022 Pricing Master,2026-09-07T07:48:47.421676
5334,49,6,20220501,1995.00,500.00,1495.00,299.00,May 2022 Pricing Master,2026-09-07T07:48:47.421676
5335,51,6,20220501,1995.00,500.00,1495.00,299.00,May 2022 Pricing Master,2026-09-07T07:48:47.421676
5336,48,6,20220501,1995.00,500.00,1495.00,299.00,May 2022 Pricing Master,2026-09-07T07:48:47.421676
5337,47,6,20220501,1995.00,500.00,1495.00,299.00,May 2022 Pricing Master,2026-09-07T07:48:47.421676
5338,50,6,20220501,1995.00,500.00,1495.00,299.00,May 2022 Pricing Master,2026-09-07T07:48:47.421676
5339,45,6,20220501,1995.00,500.00,1495.00,299.00,May 2022 Pricing Master,2026-09-07T07:48:47.421676
5340,46,6,20220501,1995.00,500.00,1495.00,299.00,May 2022 Pricing Master,2026-09-07T07:48:47.421676
5341,871,6,20220501,1895.00,457.00,1438.00,314.66,May 2022 Pricing Master,2026-09-07T07:48:47.421676
5342,872,6,20220501,1895.00,457.00,1438.00,314.66,May 2022 Pricing Master,2026-09-07T07:48:47.421676
5343,870,6,20220501,1895.00,457.00,1438.00,314.66,May 2022 Pricing Master,2026-09-07T07:48:47.421676
5344,873,6,20220501,1895.00,457.00,1438.00,314.66,May 2022 Pricing Master,2026-09-07T07:48:47.421676
5345,868,6,20220501,1895.00,457.00,1438.00,314.66,May 2022 Pricing Master,2026-09-07T07:48:47.421676
5346,869,6,20220501,1895.00,457.00,1438.00,314.66,May 2022 Pricing Master,2026-09-07T07:48:47.421676
5347,878,6,20220501,1695.00,424.00,1271.00,299.76,May 2022 Pricing Master,2026-09-07T07:48:47.421676
5348,877,6,20220501,1695.00,424.00,1271.00,299.76,May 2022 Pricing Master,2026-09-07T07:48:47.421676
5349,876,6,20220501,1695.00,424.00,1271.00,299.76,May 2022 Pricing Master,2026-09-07T07:48:47.421676
5350,879,6,20220501,1695.00,424.00,1271.00,299.76,May 2022 Pricing Master,2026-09-07T07:48:47.421676
5351,874,6,20220501,1695.00,424.00,1271.00,299.76,May 2022 Pricing Master,2026-09-07T07:48:47.421676
5352,875,6,20220501,1695.00,424.00,1271.00,299.76,May 2022 Pricing Master,2026-09-07T07:48:47.421676
5353,489,6,20220501,1795.00,425.00,1370.00,322.35,May 2022 Pricing Master,2026-09-07T07:48:47.421676
5354,488,6,20220501,1795.00,425.00,1370.00,322.35,May 2022 Pricing Master,2026-09-07T07:48:47.421676
5355,487,6,20220501,1795.00,425.00,1370.00,322.35,May 2022 Pricing Master,2026-09-07T07:48:47.421676
5356,490,6,20220501,1795.00,425.00,1370.00,322.35,May 2022 Pricing Master,2026-09-07T07:48:47.421676
5357,485,6,20220501,1795.00,425.00,1370.00,322.35,May 2022 Pricing Master,2026-09-07T07:48:47.421676
5358,486,6,20220501,1795.00,425.00,1370.00,322.35,May 2022 Pricing Master,2026-09-07T07:48:47.421676
5359,471,6,20220501,1795.00,425.00,1370.00,322.35,May 2022 Pricing Master,2026-09-07T07:48:47.421676
5360,470,6,20220501,1795.00,425.00,1370.00,322.35,May 2022 Pricing Master,2026-09-07T07:48:47.421676
5361,469,6,20220501,1795.00,425.00,1370.00,322.35,May 2022 Pricing Master,2026-09-07T07:48:47.421676
5362,472,6,20220501,1795.00,425.00,1370.00,322.35,May 2022 Pricing Master,2026-09-07T07:48:47.421676
5363,467,6,20220501,1795.00,425.00,1370.00,322.35,May 2022 Pricing Master,2026-09-07T07:48:47.421676
5364,468,6,20220501,1795.00,425.00,1370.00,322.35,May 2022 Pricing Master,2026-09-07T07:48:47.421676
5365,902,6,20220501,1795.00,425.00,1370.00,322.35,May 2022 Pricing Master,2026-09-07T07:48:47.421676
5366,901,6,20220501,1795.00,425.00,1370.00,322.35,May 2022 Pricing Master,2026-09-07T07:48:47.421676
5367,900,6,20220501,1795.00,425.00,1370.00,322.35,May 2022 Pricing Master,2026-09-07T07:48:47.421676
5368,903,6,20220501,1795.00,425.00,1370.00,322.35,May 2022 Pricing Master,2026-09-07T07:48:47.421676
5369,898,6,20220501,1795.00,425.00,1370.00,322.35,May 2022 Pricing Master,2026-09-07T07:48:47.421676
5370,899,6,20220501,1795.00,425.00,1370.00,322.35,May 2022 Pricing Master,2026-09-07T07:48:47.421676
5371,495,6,20220501,1695.00,395.00,1300.00,329.11,May 2022 Pricing Master,2026-09-07T07:48:47.421676
5372,494,6,20220501,1695.00,395.00,1300.00,329.11,May 2022 Pricing Master,2026-09-07T07:48:47.421676
5373,493,6,20220501,1695.00,395.00,1300.00,329.11,May 2022 Pricing Master,2026-09-07T07:48:47.421676
5374,496,6,20220501,1695.00,395.00,1300.00,329.11,May 2022 Pricing Master,2026-09-07T07:48:47.421676
5375,491,6,20220501,1695.00,395.00,1300.00,329.11,May 2022 Pricing Master,2026-09-07T07:48:47.421676
5376,492,6,20220501,1695.00,395.00,1300.00,329.11,May 2022 Pricing Master,2026-09-07T07:48:47.421676
5377,525,6,20220501,1695.00,395.00,1300.00,329.11,May 2022 Pricing Master,2026-09-07T07:48:47.421676
5378,524,6,20220501,1695.00,395.00,1300.00,329.11,May 2022 Pricing Master,2026-09-07T07:48:47.421676
5379,523,6,20220501,1695.00,395.00,1300.00,329.11,May 2022 Pricing Master,2026-09-07T07:48:47.421676
5380,526,6,20220501,1695.00,395.00,1300.00,329.11,May 2022 Pricing Master,2026-09-07T07:48:47.421676
5381,521,6,20220501,1695.00,395.00,1300.00,329.11,May 2022 Pricing Master,2026-09-07T07:48:47.421676
5382,522,6,20220501,1695.00,395.00,1300.00,329.11,May 2022 Pricing Master,2026-09-07T07:48:47.421676
5383,477,6,20220501,1695.00,395.00,1300.00,329.11,May 2022 Pricing Master,2026-09-07T07:48:47.421676
5384,476,6,20220501,1695.00,395.00,1300.00,329.11,May 2022 Pricing Master,2026-09-07T07:48:47.421676
5385,475,6,20220501,1695.00,395.00,1300.00,329.11,May 2022 Pricing Master,2026-09-07T07:48:47.421676
5386,478,6,20220501,1695.00,395.00,1300.00,329.11,May 2022 Pricing Master,2026-09-07T07:48:47.421676
5387,473,6,20220501,1695.00,395.00,1300.00,329.11,May 2022 Pricing Master,2026-09-07T07:48:47.421676
5388,474,6,20220501,1695.00,395.00,1300.00,329.11,May 2022 Pricing Master,2026-09-07T07:48:47.421676
5389,465,6,20220501,1695.00,395.00,1300.00,329.11,May 2022 Pricing Master,2026-09-07T07:48:47.421676
5390,464,6,20220501,1695.00,395.00,1300.00,329.11,May 2022 Pricing Master,2026-09-07T07:48:47.421676
5391,463,6,20220501,1695.00,395.00,1300.00,329.11,May 2022 Pricing Master,2026-09-07T07:48:47.421676
5392,466,6,20220501,1695.00,395.00,1300.00,329.11,May 2022 Pricing Master,2026-09-07T07:48:47.421676
5393,461,6,20220501,1695.00,395.00,1300.00,329.11,May 2022 Pricing Master,2026-09-07T07:48:47.421676
5394,462,6,20220501,1695.00,395.00,1300.00,329.11,May 2022 Pricing Master,2026-09-07T07:48:47.421676
5395,501,6,20220501,1695.00,395.00,1300.00,329.11,May 2022 Pricing Master,2026-09-07T07:48:47.421676
5396,500,6,20220501,1695.00,395.00,1300.00,329.11,May 2022 Pricing Master,2026-09-07T07:48:47.421676
5397,499,6,20220501,1695.00,395.00,1300.00,329.11,May 2022 Pricing Master,2026-09-07T07:48:47.421676
5398,502,6,20220501,1695.00,395.00,1300.00,329.11,May 2022 Pricing Master,2026-09-07T07:48:47.421676
5399,497,6,20220501,1695.00,395.00,1300.00,329.11,May 2022 Pricing Master,2026-09-07T07:48:47.421676
5400,498,6,20220501,1695.00,395.00,1300.00,329.11,May 2022 Pricing Master,2026-09-07T07:48:47.421676
5401,564,6,20220501,1695.00,395.00,1300.00,329.11,May 2022 Pricing Master,2026-09-07T07:48:47.421676
5402,563,6,20220501,1695.00,395.00,1300.00,329.11,May 2022 Pricing Master,2026-09-07T07:48:47.421676
5403,562,6,20220501,1695.00,395.00,1300.00,329.11,May 2022 Pricing Master,2026-09-07T07:48:47.421676
5404,565,6,20220501,1695.00,395.00,1300.00,329.11,May 2022 Pricing Master,2026-09-07T07:48:47.421676
5405,560,6,20220501,1695.00,395.00,1300.00,329.11,May 2022 Pricing Master,2026-09-07T07:48:47.421676
5406,561,6,20220501,1695.00,395.00,1300.00,329.11,May 2022 Pricing Master,2026-09-07T07:48:47.421676
5407,589,6,20220501,1695.00,395.00,1300.00,329.11,May 2022 Pricing Master,2026-09-07T07:48:47.421676
5408,588,6,20220501,1695.00,395.00,1300.00,329.11,May 2022 Pricing Master,2026-09-07T07:48:47.421676
5409,587,6,20220501,1695.00,395.00,1300.00,329.11,May 2022 Pricing Master,2026-09-07T07:48:47.421676
5410,590,6,20220501,1695.00,395.00,1300.00,329.11,May 2022 Pricing Master,2026-09-07T07:48:47.421676
5411,585,6,20220501,1695.00,395.00,1300.00,329.11,May 2022 Pricing Master,2026-09-07T07:48:47.421676
5412,586,6,20220501,1695.00,395.00,1300.00,329.11,May 2022 Pricing Master,2026-09-07T07:48:47.421676
5413,519,6,20220501,1795.00,425.00,1370.00,322.35,May 2022 Pricing Master,2026-09-07T07:48:47.421676
5414,518,6,20220501,1795.00,425.00,1370.00,322.35,May 2022 Pricing Master,2026-09-07T07:48:47.421676
5415,517,6,20220501,1795.00,425.00,1370.00,322.35,May 2022 Pricing Master,2026-09-07T07:48:47.421676
5416,520,6,20220501,1795.00,425.00,1370.00,322.35,May 2022 Pricing Master,2026-09-07T07:48:47.421676
5417,515,6,20220501,1795.00,425.00,1370.00,322.35,May 2022 Pricing Master,2026-09-07T07:48:47.421676
5418,516,6,20220501,1795.00,425.00,1370.00,322.35,May 2022 Pricing Master,2026-09-07T07:48:47.421676
5419,584,6,20220501,1695.00,395.00,1300.00,329.11,May 2022 Pricing Master,2026-09-07T07:48:47.421676
5420,582,6,20220501,1695.00,395.00,1300.00,329.11,May 2022 Pricing Master,2026-09-07T07:48:47.421676
5421,581,6,20220501,1695.00,395.00,1300.00,329.11,May 2022 Pricing Master,2026-09-07T07:48:47.421676
5422,580,6,20220501,1695.00,395.00,1300.00,329.11,May 2022 Pricing Master,2026-09-07T07:48:47.421676
5423,583,6,20220501,1695.00,395.00,1300.00,329.11,May 2022 Pricing Master,2026-09-07T07:48:47.421676
5424,578,6,20220501,1695.00,395.00,1300.00,329.11,May 2022 Pricing Master,2026-09-07T07:48:47.421676
5425,579,6,20220501,1695.00,395.00,1300.00,329.11,May 2022 Pricing Master,2026-09-07T07:48:47.421676
5426,545,6,20220501,1695.00,395.00,1300.00,329.11,May 2022 Pricing Master,2026-09-07T07:48:47.421676
5427,544,6,20220501,1695.00,395.00,1300.00,329.11,May 2022 Pricing Master,2026-09-07T07:48:47.421676
5428,543,6,20220501,1695.00,395.00,1300.00,329.11,May 2022 Pricing Master,2026-09-07T07:48:47.421676
5429,546,6,20220501,1695.00,395.00,1300.00,329.11,May 2022 Pricing Master,2026-09-07T07:48:47.421676
5430,541,6,20220501,1695.00,395.00,1300.00,329.11,May 2022 Pricing Master,2026-09-07T07:48:47.421676
5431,542,6,20220501,1695.00,395.00,1300.00,329.11,May 2022 Pricing Master,2026-09-07T07:48:47.421676
5432,402,6,20220501,2795.00,695.00,2100.00,302.16,May 2022 Pricing Master,2026-09-07T07:48:47.421676
5433,401,6,20220501,2795.00,695.00,2100.00,302.16,May 2022 Pricing Master,2026-09-07T07:48:47.421676
5434,400,6,20220501,2795.00,695.00,2100.00,302.16,May 2022 Pricing Master,2026-09-07T07:48:47.421676
5435,403,6,20220501,2795.00,695.00,2100.00,302.16,May 2022 Pricing Master,2026-09-07T07:48:47.421676
5436,399,6,20220501,2795.00,695.00,2100.00,302.16,May 2022 Pricing Master,2026-09-07T07:48:47.421676
5437,413,6,20220501,2795.00,695.00,2100.00,302.16,May 2022 Pricing Master,2026-09-07T07:48:47.421676
5438,412,6,20220501,2795.00,695.00,2100.00,302.16,May 2022 Pricing Master,2026-09-07T07:48:47.421676
5439,411,6,20220501,2795.00,695.00,2100.00,302.16,May 2022 Pricing Master,2026-09-07T07:48:47.421676
5440,414,6,20220501,2795.00,695.00,2100.00,302.16,May 2022 Pricing Master,2026-09-07T07:48:47.421676
5441,410,6,20220501,2795.00,695.00,2100.00,302.16,May 2022 Pricing Master,2026-09-07T07:48:47.421676
5442,418,6,20220501,2795.00,695.00,2100.00,302.16,May 2022 Pricing Master,2026-09-07T07:48:47.421676
5443,417,6,20220501,2795.00,695.00,2100.00,302.16,May 2022 Pricing Master,2026-09-07T07:48:47.421676
5444,416,6,20220501,2795.00,695.00,2100.00,302.16,May 2022 Pricing Master,2026-09-07T07:48:47.421676
5445,419,6,20220501,2795.00,695.00,2100.00,302.16,May 2022 Pricing Master,2026-09-07T07:48:47.421676
5446,415,6,20220501,2795.00,695.00,2100.00,302.16,May 2022 Pricing Master,2026-09-07T07:48:47.421676
5447,423,6,20220501,2795.00,695.00,2100.00,302.16,May 2022 Pricing Master,2026-09-07T07:48:47.421676
5448,422,6,20220501,2795.00,695.00,2100.00,302.16,May 2022 Pricing Master,2026-09-07T07:48:47.421676
5449,421,6,20220501,2795.00,695.00,2100.00,302.16,May 2022 Pricing Master,2026-09-07T07:48:47.421676
5450,424,6,20220501,2795.00,695.00,2100.00,302.16,May 2022 Pricing Master,2026-09-07T07:48:47.421676
5451,420,6,20220501,2795.00,695.00,2100.00,302.16,May 2022 Pricing Master,2026-09-07T07:48:47.421676
5452,986,6,20220501,1695.00,395.00,1300.00,329.11,May 2022 Pricing Master,2026-09-07T07:48:47.421676
5453,985,6,20220501,1695.00,395.00,1300.00,329.11,May 2022 Pricing Master,2026-09-07T07:48:47.421676
5454,984,6,20220501,1695.00,395.00,1300.00,329.11,May 2022 Pricing Master,2026-09-07T07:48:47.421676
5455,987,6,20220501,1695.00,395.00,1300.00,329.11,May 2022 Pricing Master,2026-09-07T07:48:47.421676
5456,982,6,20220501,1695.00,395.00,1300.00,329.11,May 2022 Pricing Master,2026-09-07T07:48:47.421676
5457,983,6,20220501,1695.00,395.00,1300.00,329.11,May 2022 Pricing Master,2026-09-07T07:48:47.421676
5458,992,6,20220501,1695.00,395.00,1300.00,329.11,May 2022 Pricing Master,2026-09-07T07:48:47.421676
5459,991,6,20220501,1695.00,395.00,1300.00,329.11,May 2022 Pricing Master,2026-09-07T07:48:47.421676
5460,990,6,20220501,1695.00,395.00,1300.00,329.11,May 2022 Pricing Master,2026-09-07T07:48:47.421676
5461,993,6,20220501,1695.00,395.00,1300.00,329.11,May 2022 Pricing Master,2026-09-07T07:48:47.421676
5462,988,6,20220501,1695.00,395.00,1300.00,329.11,May 2022 Pricing Master,2026-09-07T07:48:47.421676
5463,989,6,20220501,1695.00,395.00,1300.00,329.11,May 2022 Pricing Master,2026-09-07T07:48:47.421676
5464,998,6,20220501,1695.00,395.00,1300.00,329.11,May 2022 Pricing Master,2026-09-07T07:48:47.421676
5465,997,6,20220501,1695.00,395.00,1300.00,329.11,May 2022 Pricing Master,2026-09-07T07:48:47.421676
5466,996,6,20220501,1695.00,395.00,1300.00,329.11,May 2022 Pricing Master,2026-09-07T07:48:47.421676
5467,999,6,20220501,1695.00,395.00,1300.00,329.11,May 2022 Pricing Master,2026-09-07T07:48:47.421676
5468,994,6,20220501,1695.00,395.00,1300.00,329.11,May 2022 Pricing Master,2026-09-07T07:48:47.421676
5469,995,6,20220501,1695.00,395.00,1300.00,329.11,May 2022 Pricing Master,2026-09-07T07:48:47.421676
5470,1004,6,20220501,1695.00,395.00,1300.00,329.11,May 2022 Pricing Master,2026-09-07T07:48:47.421676
5471,1003,6,20220501,1695.00,395.00,1300.00,329.11,May 2022 Pricing Master,2026-09-07T07:48:47.421676
5472,1002,6,20220501,1695.00,395.00,1300.00,329.11,May 2022 Pricing Master,2026-09-07T07:48:47.421676
5473,1005,6,20220501,1695.00,395.00,1300.00,329.11,May 2022 Pricing Master,2026-09-07T07:48:47.421676
5474,1000,6,20220501,1695.00,395.00,1300.00,329.11,May 2022 Pricing Master,2026-09-07T07:48:47.421676
5475,1001,6,20220501,1695.00,395.00,1300.00,329.11,May 2022 Pricing Master,2026-09-07T07:48:47.421676
5476,1010,6,20220501,1695.00,395.00,1300.00,329.11,May 2022 Pricing Master,2026-09-07T07:48:47.421676
5477,1009,6,20220501,1695.00,395.00,1300.00,329.11,May 2022 Pricing Master,2026-09-07T07:48:47.421676
5478,1008,6,20220501,1695.00,395.00,1300.00,329.11,May 2022 Pricing Master,2026-09-07T07:48:47.421676
5479,1011,6,20220501,1695.00,395.00,1300.00,329.11,May 2022 Pricing Master,2026-09-07T07:48:47.421676
5480,1006,6,20220501,1695.00,395.00,1300.00,329.11,May 2022 Pricing Master,2026-09-07T07:48:47.421676
5481,1007,6,20220501,1695.00,395.00,1300.00,329.11,May 2022 Pricing Master,2026-09-07T07:48:47.421676
5482,1016,6,20220501,1695.00,395.00,1300.00,329.11,May 2022 Pricing Master,2026-09-07T07:48:47.421676
5483,1015,6,20220501,1695.00,395.00,1300.00,329.11,May 2022 Pricing Master,2026-09-07T07:48:47.421676
5484,1014,6,20220501,1695.00,395.00,1300.00,329.11,May 2022 Pricing Master,2026-09-07T07:48:47.421676
5485,1017,6,20220501,1695.00,395.00,1300.00,329.11,May 2022 Pricing Master,2026-09-07T07:48:47.421676
5486,1012,6,20220501,1695.00,395.00,1300.00,329.11,May 2022 Pricing Master,2026-09-07T07:48:47.421676
5487,1013,6,20220501,1695.00,395.00,1300.00,329.11,May 2022 Pricing Master,2026-09-07T07:48:47.421676
5488,1022,6,20220501,1695.00,395.00,1300.00,329.11,May 2022 Pricing Master,2026-09-07T07:48:47.421676
5489,1021,6,20220501,1695.00,395.00,1300.00,329.11,May 2022 Pricing Master,2026-09-07T07:48:47.421676
5490,1020,6,20220501,1695.00,395.00,1300.00,329.11,May 2022 Pricing Master,2026-09-07T07:48:47.421676
5491,1023,6,20220501,1695.00,395.00,1300.00,329.11,May 2022 Pricing Master,2026-09-07T07:48:47.421676
5492,1018,6,20220501,1695.00,395.00,1300.00,329.11,May 2022 Pricing Master,2026-09-07T07:48:47.421676
5493,1019,6,20220501,1695.00,395.00,1300.00,329.11,May 2022 Pricing Master,2026-09-07T07:48:47.421676
5494,1028,6,20220501,1695.00,395.00,1300.00,329.11,May 2022 Pricing Master,2026-09-07T07:48:47.421676
5495,1027,6,20220501,1695.00,395.00,1300.00,329.11,May 2022 Pricing Master,2026-09-07T07:48:47.421676
5496,1026,6,20220501,1695.00,395.00,1300.00,329.11,May 2022 Pricing Master,2026-09-07T07:48:47.421676
5497,1029,6,20220501,1695.00,395.00,1300.00,329.11,May 2022 Pricing Master,2026-09-07T07:48:47.421676
5498,1024,6,20220501,1695.00,395.00,1300.00,329.11,May 2022 Pricing Master,2026-09-07T07:48:47.421676
5499,1025,6,20220501,1695.00,395.00,1300.00,329.11,May 2022 Pricing Master,2026-09-07T07:48:47.421676
5500,1040,6,20220501,1795.00,425.00,1370.00,322.35,May 2022 Pricing Master,2026-09-07T07:48:47.421676
5501,1039,6,20220501,1795.00,425.00,1370.00,322.35,May 2022 Pricing Master,2026-09-07T07:48:47.421676
5502,1038,6,20220501,1795.00,425.00,1370.00,322.35,May 2022 Pricing Master,2026-09-07T07:48:47.421676
5503,1041,6,20220501,1795.00,425.00,1370.00,322.35,May 2022 Pricing Master,2026-09-07T07:48:47.421676
5504,1036,6,20220501,1795.00,425.00,1370.00,322.35,May 2022 Pricing Master,2026-09-07T07:48:47.421676
5505,1037,6,20220501,1795.00,425.00,1370.00,322.35,May 2022 Pricing Master,2026-09-07T07:48:47.421676
5506,158,6,20220501,2495.00,1040.00,1455.00,139.90,May 2022 Pricing Master,2026-09-07T07:48:47.421676
5507,157,6,20220501,2495.00,1040.00,1455.00,139.90,May 2022 Pricing Master,2026-09-07T07:48:47.421676
5508,156,6,20220501,2495.00,1040.00,1455.00,139.90,May 2022 Pricing Master,2026-09-07T07:48:47.421676
5509,159,6,20220501,2495.00,1040.00,1455.00,139.90,May 2022 Pricing Master,2026-09-07T07:48:47.421676
5510,154,6,20220501,2495.00,1040.00,1455.00,139.90,May 2022 Pricing Master,2026-09-07T07:48:47.421676
5511,155,6,20220501,2495.00,1040.00,1455.00,139.90,May 2022 Pricing Master,2026-09-07T07:48:47.421676
5512,146,6,20220501,2495.00,1040.00,1455.00,139.90,May 2022 Pricing Master,2026-09-07T07:48:47.421676
5513,145,6,20220501,2495.00,1040.00,1455.00,139.90,May 2022 Pricing Master,2026-09-07T07:48:47.421676
5514,144,6,20220501,2495.00,1040.00,1455.00,139.90,May 2022 Pricing Master,2026-09-07T07:48:47.421676
5515,147,6,20220501,2495.00,1040.00,1455.00,139.90,May 2022 Pricing Master,2026-09-07T07:48:47.421676
5516,142,6,20220501,2495.00,1040.00,1455.00,139.90,May 2022 Pricing Master,2026-09-07T07:48:47.421676
5517,143,6,20220501,2495.00,1040.00,1455.00,139.90,May 2022 Pricing Master,2026-09-07T07:48:47.421676
5518,98,6,20220501,2495.00,950.00,1545.00,162.63,May 2022 Pricing Master,2026-09-07T07:48:47.421676
5519,97,6,20220501,2495.00,950.00,1545.00,162.63,May 2022 Pricing Master,2026-09-07T07:48:47.421676
5520,96,6,20220501,2495.00,950.00,1545.00,162.63,May 2022 Pricing Master,2026-09-07T07:48:47.421676
5521,99,6,20220501,2495.00,950.00,1545.00,162.63,May 2022 Pricing Master,2026-09-07T07:48:47.421676
5522,94,6,20220501,2495.00,950.00,1545.00,162.63,May 2022 Pricing Master,2026-09-07T07:48:47.421676
5523,95,6,20220501,2495.00,950.00,1545.00,162.63,May 2022 Pricing Master,2026-09-07T07:48:47.421676
5524,176,6,20220501,2150.00,940.00,1210.00,128.72,May 2022 Pricing Master,2026-09-07T07:48:47.421676
5525,175,6,20220501,2150.00,940.00,1210.00,128.72,May 2022 Pricing Master,2026-09-07T07:48:47.421676
5526,174,6,20220501,2150.00,940.00,1210.00,128.72,May 2022 Pricing Master,2026-09-07T07:48:47.421676
5527,177,6,20220501,2150.00,940.00,1210.00,128.72,May 2022 Pricing Master,2026-09-07T07:48:47.421676
5528,172,6,20220501,2150.00,940.00,1210.00,128.72,May 2022 Pricing Master,2026-09-07T07:48:47.421676
5529,173,6,20220501,2150.00,940.00,1210.00,128.72,May 2022 Pricing Master,2026-09-07T07:48:47.421676
5530,182,6,20220501,2250.00,925.00,1325.00,143.24,May 2022 Pricing Master,2026-09-07T07:48:47.421676
5531,181,6,20220501,2250.00,925.00,1325.00,143.24,May 2022 Pricing Master,2026-09-07T07:48:47.421676
5532,180,6,20220501,2250.00,925.00,1325.00,143.24,May 2022 Pricing Master,2026-09-07T07:48:47.421676
5533,183,6,20220501,2250.00,925.00,1325.00,143.24,May 2022 Pricing Master,2026-09-07T07:48:47.421676
5534,178,6,20220501,2250.00,925.00,1325.00,143.24,May 2022 Pricing Master,2026-09-07T07:48:47.421676
5535,179,6,20220501,2250.00,925.00,1325.00,143.24,May 2022 Pricing Master,2026-09-07T07:48:47.421676
5536,74,6,20220501,1995.00,900.00,1095.00,121.67,May 2022 Pricing Master,2026-09-07T07:48:47.421676
5537,73,6,20220501,1995.00,900.00,1095.00,121.67,May 2022 Pricing Master,2026-09-07T07:48:47.421676
5538,72,6,20220501,1995.00,900.00,1095.00,121.67,May 2022 Pricing Master,2026-09-07T07:48:47.421676
5539,75,6,20220501,1995.00,900.00,1095.00,121.67,May 2022 Pricing Master,2026-09-07T07:48:47.421676
5540,70,6,20220501,1995.00,900.00,1095.00,121.67,May 2022 Pricing Master,2026-09-07T07:48:47.421676
5541,71,6,20220501,1995.00,900.00,1095.00,121.67,May 2022 Pricing Master,2026-09-07T07:48:47.421676
5542,301,6,20220501,2695.00,1150.00,1545.00,134.35,May 2022 Pricing Master,2026-09-07T07:48:47.421676
5543,300,6,20220501,2695.00,1150.00,1545.00,134.35,May 2022 Pricing Master,2026-09-07T07:48:47.421676
5544,299,6,20220501,2695.00,1150.00,1545.00,134.35,May 2022 Pricing Master,2026-09-07T07:48:47.421676
5545,302,6,20220501,2695.00,1150.00,1545.00,134.35,May 2022 Pricing Master,2026-09-07T07:48:47.421676
5546,297,6,20220501,2695.00,1150.00,1545.00,134.35,May 2022 Pricing Master,2026-09-07T07:48:47.421676
5547,298,6,20220501,2695.00,1150.00,1545.00,134.35,May 2022 Pricing Master,2026-09-07T07:48:47.421676
5548,307,6,20220501,2695.00,1150.00,1545.00,134.35,May 2022 Pricing Master,2026-09-07T07:48:47.421676
5549,306,6,20220501,2695.00,1150.00,1545.00,134.35,May 2022 Pricing Master,2026-09-07T07:48:47.421676
5550,305,6,20220501,2695.00,1150.00,1545.00,134.35,May 2022 Pricing Master,2026-09-07T07:48:47.421676
5551,308,6,20220501,2695.00,1150.00,1545.00,134.35,May 2022 Pricing Master,2026-09-07T07:48:47.421676
5552,303,6,20220501,2695.00,1150.00,1545.00,134.35,May 2022 Pricing Master,2026-09-07T07:48:47.421676
5553,304,6,20220501,2695.00,1150.00,1545.00,134.35,May 2022 Pricing Master,2026-09-07T07:48:47.421676
5554,242,6,20220501,2150.00,910.00,1240.00,136.26,May 2022 Pricing Master,2026-09-07T07:48:47.421676
5555,241,6,20220501,2150.00,910.00,1240.00,136.26,May 2022 Pricing Master,2026-09-07T07:48:47.421676
5556,240,6,20220501,2150.00,910.00,1240.00,136.26,May 2022 Pricing Master,2026-09-07T07:48:47.421676
5557,243,6,20220501,2150.00,910.00,1240.00,136.26,May 2022 Pricing Master,2026-09-07T07:48:47.421676
5558,238,6,20220501,2150.00,910.00,1240.00,136.26,May 2022 Pricing Master,2026-09-07T07:48:47.421676
5559,239,6,20220501,2150.00,910.00,1240.00,136.26,May 2022 Pricing Master,2026-09-07T07:48:47.421676
5560,460,6,20220501,1595.00,361.00,1234.00,341.83,May 2022 Pricing Master,2026-09-07T07:48:47.421676
5561,458,6,20220501,1595.00,361.00,1234.00,341.83,May 2022 Pricing Master,2026-09-07T07:48:47.421676
5562,457,6,20220501,1595.00,361.00,1234.00,341.83,May 2022 Pricing Master,2026-09-07T07:48:47.421676
5563,456,6,20220501,1595.00,361.00,1234.00,341.83,May 2022 Pricing Master,2026-09-07T07:48:47.421676
5564,459,6,20220501,1595.00,361.00,1234.00,341.83,May 2022 Pricing Master,2026-09-07T07:48:47.421676
5565,855,6,20220501,1695.00,375.00,1320.00,352.00,May 2022 Pricing Master,2026-09-07T07:48:47.421676
5566,853,6,20220501,1695.00,375.00,1320.00,352.00,May 2022 Pricing Master,2026-09-07T07:48:47.421676
5567,852,6,20220501,1695.00,375.00,1320.00,352.00,May 2022 Pricing Master,2026-09-07T07:48:47.421676
5568,851,6,20220501,1695.00,375.00,1320.00,352.00,May 2022 Pricing Master,2026-09-07T07:48:47.421676
5569,854,6,20220501,1695.00,375.00,1320.00,352.00,May 2022 Pricing Master,2026-09-07T07:48:47.421676
5570,595,6,20220501,1795.00,435.00,1360.00,312.64,May 2022 Pricing Master,2026-09-07T07:48:47.421676
5571,594,6,20220501,1795.00,435.00,1360.00,312.64,May 2022 Pricing Master,2026-09-07T07:48:47.421676
5572,593,6,20220501,1795.00,435.00,1360.00,312.64,May 2022 Pricing Master,2026-09-07T07:48:47.421676
5573,596,6,20220501,1795.00,435.00,1360.00,312.64,May 2022 Pricing Master,2026-09-07T07:48:47.421676
5574,591,6,20220501,1795.00,435.00,1360.00,312.64,May 2022 Pricing Master,2026-09-07T07:48:47.421676
5575,592,6,20220501,1795.00,435.00,1360.00,312.64,May 2022 Pricing Master,2026-09-07T07:48:47.421676
5576,435,6,20220501,1695.00,395.00,1300.00,329.11,May 2022 Pricing Master,2026-09-07T07:48:47.421676
5577,433,6,20220501,1695.00,395.00,1300.00,329.11,May 2022 Pricing Master,2026-09-07T07:48:47.421676
5578,432,6,20220501,1695.00,395.00,1300.00,329.11,May 2022 Pricing Master,2026-09-07T07:48:47.421676
5579,431,6,20220501,1695.00,395.00,1300.00,329.11,May 2022 Pricing Master,2026-09-07T07:48:47.421676
5580,434,6,20220501,1695.00,395.00,1300.00,329.11,May 2022 Pricing Master,2026-09-07T07:48:47.421676
5581,445,6,20220501,1795.00,425.00,1370.00,322.35,May 2022 Pricing Master,2026-09-07T07:48:47.421676
5582,443,6,20220501,1795.00,425.00,1370.00,322.35,May 2022 Pricing Master,2026-09-07T07:48:47.421676
5583,442,6,20220501,1795.00,425.00,1370.00,322.35,May 2022 Pricing Master,2026-09-07T07:48:47.421676
5584,441,6,20220501,1795.00,425.00,1370.00,322.35,May 2022 Pricing Master,2026-09-07T07:48:47.421676
5585,444,6,20220501,1795.00,425.00,1370.00,322.35,May 2022 Pricing Master,2026-09-07T07:48:47.421676
5586,450,6,20220501,1895.00,450.00,1445.00,321.11,May 2022 Pricing Master,2026-09-07T07:48:47.421676
5587,448,6,20220501,1895.00,450.00,1445.00,321.11,May 2022 Pricing Master,2026-09-07T07:48:47.421676
5588,447,6,20220501,1895.00,450.00,1445.00,321.11,May 2022 Pricing Master,2026-09-07T07:48:47.421676
5589,446,6,20220501,1895.00,450.00,1445.00,321.11,May 2022 Pricing Master,2026-09-07T07:48:47.421676
5590,449,6,20220501,1895.00,450.00,1445.00,321.11,May 2022 Pricing Master,2026-09-07T07:48:47.421676
5591,455,6,20220501,1795.00,415.00,1380.00,332.53,May 2022 Pricing Master,2026-09-07T07:48:47.421676
5592,453,6,20220501,1795.00,415.00,1380.00,332.53,May 2022 Pricing Master,2026-09-07T07:48:47.421676
5593,452,6,20220501,1795.00,415.00,1380.00,332.53,May 2022 Pricing Master,2026-09-07T07:48:47.421676
5594,451,6,20220501,1795.00,415.00,1380.00,332.53,May 2022 Pricing Master,2026-09-07T07:48:47.421676
5595,454,6,20220501,1795.00,415.00,1380.00,332.53,May 2022 Pricing Master,2026-09-07T07:48:47.421676
5596,264,6,20220501,1895.00,825.00,1070.00,129.70,May 2022 Pricing Master,2026-09-07T07:48:47.421676
5597,263,6,20220501,1895.00,825.00,1070.00,129.70,May 2022 Pricing Master,2026-09-07T07:48:47.421676
5598,262,6,20220501,1895.00,825.00,1070.00,129.70,May 2022 Pricing Master,2026-09-07T07:48:47.421676
5599,265,6,20220501,1895.00,825.00,1070.00,129.70,May 2022 Pricing Master,2026-09-07T07:48:47.421676
5600,260,6,20220501,1895.00,825.00,1070.00,129.70,May 2022 Pricing Master,2026-09-07T07:48:47.421676
5601,261,6,20220501,1895.00,825.00,1070.00,129.70,May 2022 Pricing Master,2026-09-07T07:48:47.421676
5602,134,6,20220501,2495.00,950.00,1545.00,162.63,May 2022 Pricing Master,2026-09-07T07:48:47.421676
5603,133,6,20220501,2495.00,950.00,1545.00,162.63,May 2022 Pricing Master,2026-09-07T07:48:47.421676
5604,132,6,20220501,2495.00,950.00,1545.00,162.63,May 2022 Pricing Master,2026-09-07T07:48:47.421676
5605,135,6,20220501,2495.00,950.00,1545.00,162.63,May 2022 Pricing Master,2026-09-07T07:48:47.421676
5606,130,6,20220501,2495.00,950.00,1545.00,162.63,May 2022 Pricing Master,2026-09-07T07:48:47.421676
5607,131,6,20220501,2495.00,950.00,1545.00,162.63,May 2022 Pricing Master,2026-09-07T07:48:47.421676
5608,164,6,20220501,2195.00,895.00,1300.00,145.25,May 2022 Pricing Master,2026-09-07T07:48:47.421676
5609,163,6,20220501,2195.00,895.00,1300.00,145.25,May 2022 Pricing Master,2026-09-07T07:48:47.421676
5610,162,6,20220501,2195.00,895.00,1300.00,145.25,May 2022 Pricing Master,2026-09-07T07:48:47.421676
5611,165,6,20220501,2195.00,895.00,1300.00,145.25,May 2022 Pricing Master,2026-09-07T07:48:47.421676
5612,160,6,20220501,2195.00,895.00,1300.00,145.25,May 2022 Pricing Master,2026-09-07T07:48:47.421676
5613,161,6,20220501,2195.00,895.00,1300.00,145.25,May 2022 Pricing Master,2026-09-07T07:48:47.421676
5614,188,6,20220501,2050.00,875.00,1175.00,134.29,May 2022 Pricing Master,2026-09-07T07:48:47.421676
5615,187,6,20220501,2050.00,875.00,1175.00,134.29,May 2022 Pricing Master,2026-09-07T07:48:47.421676
5616,186,6,20220501,2050.00,875.00,1175.00,134.29,May 2022 Pricing Master,2026-09-07T07:48:47.421676
5617,189,6,20220501,2050.00,875.00,1175.00,134.29,May 2022 Pricing Master,2026-09-07T07:48:47.421676
5618,184,6,20220501,2050.00,875.00,1175.00,134.29,May 2022 Pricing Master,2026-09-07T07:48:47.421676
5619,185,6,20220501,2050.00,875.00,1175.00,134.29,May 2022 Pricing Master,2026-09-07T07:48:47.421676
5620,170,6,20220501,2395.00,1050.00,1345.00,128.10,May 2022 Pricing Master,2026-09-07T07:48:47.421676
5621,169,6,20220501,2395.00,1050.00,1345.00,128.10,May 2022 Pricing Master,2026-09-07T07:48:47.421676
5622,168,6,20220501,2395.00,1050.00,1345.00,128.10,May 2022 Pricing Master,2026-09-07T07:48:47.421676
5623,171,6,20220501,2395.00,1050.00,1345.00,128.10,May 2022 Pricing Master,2026-09-07T07:48:47.421676
5624,166,6,20220501,2395.00,1050.00,1345.00,128.10,May 2022 Pricing Master,2026-09-07T07:48:47.421676
5625,167,6,20220501,2395.00,1050.00,1345.00,128.10,May 2022 Pricing Master,2026-09-07T07:48:47.421676
5626,282,6,20220501,1895.00,510.00,1385.00,271.57,May 2022 Pricing Master,2026-09-07T07:48:47.421676
5627,281,6,20220501,1895.00,510.00,1385.00,271.57,May 2022 Pricing Master,2026-09-07T07:48:47.421676
5628,280,6,20220501,1895.00,510.00,1385.00,271.57,May 2022 Pricing Master,2026-09-07T07:48:47.421676
5629,283,6,20220501,1895.00,510.00,1385.00,271.57,May 2022 Pricing Master,2026-09-07T07:48:47.421676
5630,278,6,20220501,1895.00,510.00,1385.00,271.57,May 2022 Pricing Master,2026-09-07T07:48:47.421676
5631,279,6,20220501,1895.00,510.00,1385.00,271.57,May 2022 Pricing Master,2026-09-07T07:48:47.421676
5632,218,6,20220501,1895.00,825.00,1070.00,129.70,May 2022 Pricing Master,2026-09-07T07:48:47.421676
5633,217,6,20220501,1895.00,825.00,1070.00,129.70,May 2022 Pricing Master,2026-09-07T07:48:47.421676
5634,216,6,20220501,1895.00,825.00,1070.00,129.70,May 2022 Pricing Master,2026-09-07T07:48:47.421676
5635,219,6,20220501,1895.00,825.00,1070.00,129.70,May 2022 Pricing Master,2026-09-07T07:48:47.421676
5636,214,6,20220501,1895.00,825.00,1070.00,129.70,May 2022 Pricing Master,2026-09-07T07:48:47.421676
5637,215,6,20220501,1895.00,825.00,1070.00,129.70,May 2022 Pricing Master,2026-09-07T07:48:47.421676
5638,212,6,20220501,1995.00,845.00,1150.00,136.09,May 2022 Pricing Master,2026-09-07T07:48:47.421676
5639,211,6,20220501,1995.00,845.00,1150.00,136.09,May 2022 Pricing Master,2026-09-07T07:48:47.421676
5640,210,6,20220501,1995.00,845.00,1150.00,136.09,May 2022 Pricing Master,2026-09-07T07:48:47.421676
5641,213,6,20220501,1995.00,845.00,1150.00,136.09,May 2022 Pricing Master,2026-09-07T07:48:47.421676
5642,208,6,20220501,1995.00,845.00,1150.00,136.09,May 2022 Pricing Master,2026-09-07T07:48:47.421676
5643,209,6,20220501,1995.00,845.00,1150.00,136.09,May 2022 Pricing Master,2026-09-07T07:48:47.421676
5644,116,6,20220501,1895.00,695.00,1200.00,172.66,May 2022 Pricing Master,2026-09-07T07:48:47.421676
5645,115,6,20220501,1895.00,695.00,1200.00,172.66,May 2022 Pricing Master,2026-09-07T07:48:47.421676
5646,114,6,20220501,1895.00,695.00,1200.00,172.66,May 2022 Pricing Master,2026-09-07T07:48:47.421676
5647,117,6,20220501,1895.00,695.00,1200.00,172.66,May 2022 Pricing Master,2026-09-07T07:48:47.421676
5648,112,6,20220501,1895.00,695.00,1200.00,172.66,May 2022 Pricing Master,2026-09-07T07:48:47.421676
5649,113,6,20220501,1895.00,695.00,1200.00,172.66,May 2022 Pricing Master,2026-09-07T07:48:47.421676
5650,206,6,20220501,2595.00,1140.00,1455.00,127.63,May 2022 Pricing Master,2026-09-07T07:48:47.421676
5651,205,6,20220501,2595.00,1140.00,1455.00,127.63,May 2022 Pricing Master,2026-09-07T07:48:47.421676
5652,204,6,20220501,2595.00,1140.00,1455.00,127.63,May 2022 Pricing Master,2026-09-07T07:48:47.421676
5653,207,6,20220501,2595.00,1140.00,1455.00,127.63,May 2022 Pricing Master,2026-09-07T07:48:47.421676
5654,202,6,20220501,2595.00,1140.00,1455.00,127.63,May 2022 Pricing Master,2026-09-07T07:48:47.421676
5655,203,6,20220501,2595.00,1140.00,1455.00,127.63,May 2022 Pricing Master,2026-09-07T07:48:47.421676
5656,200,6,20220501,2295.00,980.00,1315.00,134.18,May 2022 Pricing Master,2026-09-07T07:48:47.421676
5657,199,6,20220501,2295.00,980.00,1315.00,134.18,May 2022 Pricing Master,2026-09-07T07:48:47.421676
5658,198,6,20220501,2295.00,980.00,1315.00,134.18,May 2022 Pricing Master,2026-09-07T07:48:47.421676
5659,201,6,20220501,2295.00,980.00,1315.00,134.18,May 2022 Pricing Master,2026-09-07T07:48:47.421676
5660,196,6,20220501,2295.00,980.00,1315.00,134.18,May 2022 Pricing Master,2026-09-07T07:48:47.421676
5661,197,6,20220501,2295.00,980.00,1315.00,134.18,May 2022 Pricing Master,2026-09-07T07:48:47.421676
5662,128,6,20220501,2495.00,950.00,1545.00,162.63,May 2022 Pricing Master,2026-09-07T07:48:47.421676
5663,127,6,20220501,2495.00,950.00,1545.00,162.63,May 2022 Pricing Master,2026-09-07T07:48:47.421676
5664,126,6,20220501,2495.00,950.00,1545.00,162.63,May 2022 Pricing Master,2026-09-07T07:48:47.421676
5665,129,6,20220501,2495.00,950.00,1545.00,162.63,May 2022 Pricing Master,2026-09-07T07:48:47.421676
5666,124,6,20220501,2495.00,950.00,1545.00,162.63,May 2022 Pricing Master,2026-09-07T07:48:47.421676
5667,125,6,20220501,2495.00,950.00,1545.00,162.63,May 2022 Pricing Master,2026-09-07T07:48:47.421676
5668,1093,6,20220501,2795.00,680.00,2115.00,311.03,May 2022 Pricing Master,2026-09-07T07:48:47.421676
5669,1092,6,20220501,2795.00,680.00,2115.00,311.03,May 2022 Pricing Master,2026-09-07T07:48:47.421676
5670,1091,6,20220501,2795.00,680.00,2115.00,311.03,May 2022 Pricing Master,2026-09-07T07:48:47.421676
5671,1094,6,20220501,2795.00,680.00,2115.00,311.03,May 2022 Pricing Master,2026-09-07T07:48:47.421676
5672,1089,6,20220501,2795.00,680.00,2115.00,311.03,May 2022 Pricing Master,2026-09-07T07:48:47.421676
5673,1090,6,20220501,2795.00,680.00,2115.00,311.03,May 2022 Pricing Master,2026-09-07T07:48:47.421676
5674,1087,6,20220501,2795.00,680.00,2115.00,311.03,May 2022 Pricing Master,2026-09-07T07:48:47.421676
5675,1086,6,20220501,2795.00,680.00,2115.00,311.03,May 2022 Pricing Master,2026-09-07T07:48:47.421676
5676,1085,6,20220501,2795.00,680.00,2115.00,311.03,May 2022 Pricing Master,2026-09-07T07:48:47.421676
5677,1088,6,20220501,2795.00,680.00,2115.00,311.03,May 2022 Pricing Master,2026-09-07T07:48:47.421676
5678,1083,6,20220501,2795.00,680.00,2115.00,311.03,May 2022 Pricing Master,2026-09-07T07:48:47.421676
5679,1084,6,20220501,2795.00,680.00,2115.00,311.03,May 2022 Pricing Master,2026-09-07T07:48:47.421676
5680,1081,6,20220501,2795.00,680.00,2115.00,311.03,May 2022 Pricing Master,2026-09-07T07:48:47.421676
5681,1080,6,20220501,2795.00,680.00,2115.00,311.03,May 2022 Pricing Master,2026-09-07T07:48:47.421676
5682,1079,6,20220501,2795.00,680.00,2115.00,311.03,May 2022 Pricing Master,2026-09-07T07:48:47.421676
5683,1082,6,20220501,2795.00,680.00,2115.00,311.03,May 2022 Pricing Master,2026-09-07T07:48:47.421676
5684,1077,6,20220501,2795.00,680.00,2115.00,311.03,May 2022 Pricing Master,2026-09-07T07:48:47.421676
5685,1078,6,20220501,2795.00,680.00,2115.00,311.03,May 2022 Pricing Master,2026-09-07T07:48:47.421676
5686,1075,6,20220501,2795.00,680.00,2115.00,311.03,May 2022 Pricing Master,2026-09-07T07:48:47.421676
5687,1074,6,20220501,2795.00,680.00,2115.00,311.03,May 2022 Pricing Master,2026-09-07T07:48:47.421676
5688,1073,6,20220501,2795.00,680.00,2115.00,311.03,May 2022 Pricing Master,2026-09-07T07:48:47.421676
5689,1076,6,20220501,2795.00,680.00,2115.00,311.03,May 2022 Pricing Master,2026-09-07T07:48:47.421676
5690,1071,6,20220501,2795.00,680.00,2115.00,311.03,May 2022 Pricing Master,2026-09-07T07:48:47.421676
5691,1072,6,20220501,2795.00,680.00,2115.00,311.03,May 2022 Pricing Master,2026-09-07T07:48:47.421676
5692,1058,6,20220501,1995.00,425.00,1570.00,369.41,May 2022 Pricing Master,2026-09-07T07:48:47.421676
5693,1057,6,20220501,1995.00,425.00,1570.00,369.41,May 2022 Pricing Master,2026-09-07T07:48:47.421676
5694,1056,6,20220501,1995.00,425.00,1570.00,369.41,May 2022 Pricing Master,2026-09-07T07:48:47.421676
5695,1059,6,20220501,1995.00,425.00,1570.00,369.41,May 2022 Pricing Master,2026-09-07T07:48:47.421676
5696,1054,6,20220501,1995.00,425.00,1570.00,369.41,May 2022 Pricing Master,2026-09-07T07:48:47.421676
5697,1055,6,20220501,1995.00,425.00,1570.00,369.41,May 2022 Pricing Master,2026-09-07T07:48:47.421676
5698,483,6,20220501,1995.00,425.00,1570.00,369.41,May 2022 Pricing Master,2026-09-07T07:48:47.421676
5699,482,6,20220501,1995.00,425.00,1570.00,369.41,May 2022 Pricing Master,2026-09-07T07:48:47.421676
5700,481,6,20220501,1995.00,425.00,1570.00,369.41,May 2022 Pricing Master,2026-09-07T07:48:47.421676
5701,484,6,20220501,1995.00,425.00,1570.00,369.41,May 2022 Pricing Master,2026-09-07T07:48:47.421676
5702,479,6,20220501,1995.00,425.00,1570.00,369.41,May 2022 Pricing Master,2026-09-07T07:48:47.421676
5703,480,6,20220501,1995.00,425.00,1570.00,369.41,May 2022 Pricing Master,2026-09-07T07:48:47.421676
5704,558,6,20220501,1995.00,425.00,1570.00,369.41,May 2022 Pricing Master,2026-09-07T07:48:47.421676
5705,557,6,20220501,1995.00,425.00,1570.00,369.41,May 2022 Pricing Master,2026-09-07T07:48:47.421676
5706,556,6,20220501,1995.00,425.00,1570.00,369.41,May 2022 Pricing Master,2026-09-07T07:48:47.421676
5707,559,6,20220501,1995.00,425.00,1570.00,369.41,May 2022 Pricing Master,2026-09-07T07:48:47.421676
5708,553,6,20220501,1995.00,425.00,1570.00,369.41,May 2022 Pricing Master,2026-09-07T07:48:47.421676
5709,555,6,20220501,1995.00,425.00,1570.00,369.41,May 2022 Pricing Master,2026-09-07T07:48:47.421676
5710,1069,6,20220501,1195.00,220.00,975.00,443.18,May 2022 Pricing Master,2026-09-07T07:48:47.421676
5711,1068,6,20220501,1195.00,220.00,975.00,443.18,May 2022 Pricing Master,2026-09-07T07:48:47.421676
5712,1067,6,20220501,1195.00,220.00,975.00,443.18,May 2022 Pricing Master,2026-09-07T07:48:47.421676
5713,1070,6,20220501,1195.00,220.00,975.00,443.18,May 2022 Pricing Master,2026-09-07T07:48:47.421676
5714,1066,6,20220501,1195.00,220.00,975.00,443.18,May 2022 Pricing Master,2026-09-07T07:48:47.421676
5715,289,6,20220501,1250.00,525.00,725.00,138.10,May 2022 Pricing Master,2026-09-07T07:48:47.421676
5716,288,6,20220501,1250.00,525.00,725.00,138.10,May 2022 Pricing Master,2026-09-07T07:48:47.421676
5717,287,6,20220501,1250.00,525.00,725.00,138.10,May 2022 Pricing Master,2026-09-07T07:48:47.421676
5718,290,6,20220501,1250.00,525.00,725.00,138.10,May 2022 Pricing Master,2026-09-07T07:48:47.421676
5719,285,6,20220501,1250.00,525.00,725.00,138.10,May 2022 Pricing Master,2026-09-07T07:48:47.421676
5720,286,6,20220501,1250.00,525.00,725.00,138.10,May 2022 Pricing Master,2026-09-07T07:48:47.421676
5721,104,6,20220501,1895.00,880.00,1015.00,115.34,May 2022 Pricing Master,2026-09-07T07:48:47.421676
5722,103,6,20220501,1895.00,880.00,1015.00,115.34,May 2022 Pricing Master,2026-09-07T07:48:47.421676
5723,102,6,20220501,1895.00,880.00,1015.00,115.34,May 2022 Pricing Master,2026-09-07T07:48:47.421676
5724,105,6,20220501,1895.00,880.00,1015.00,115.34,May 2022 Pricing Master,2026-09-07T07:48:47.421676
5725,100,6,20220501,1895.00,880.00,1015.00,115.34,May 2022 Pricing Master,2026-09-07T07:48:47.421676
5726,101,6,20220501,1895.00,880.00,1015.00,115.34,May 2022 Pricing Master,2026-09-07T07:48:47.421676
5727,1034,6,20220501,1995.00,425.00,1570.00,369.41,May 2022 Pricing Master,2026-09-07T07:48:47.421676
5728,1033,6,20220501,1995.00,425.00,1570.00,369.41,May 2022 Pricing Master,2026-09-07T07:48:47.421676
5729,1032,6,20220501,1995.00,425.00,1570.00,369.41,May 2022 Pricing Master,2026-09-07T07:48:47.421676
5730,1035,6,20220501,1995.00,425.00,1570.00,369.41,May 2022 Pricing Master,2026-09-07T07:48:47.421676
5731,1030,6,20220501,1995.00,425.00,1570.00,369.41,May 2022 Pricing Master,2026-09-07T07:48:47.421676
5732,1031,6,20220501,1995.00,425.00,1570.00,369.41,May 2022 Pricing Master,2026-09-07T07:48:47.421676
5733,1046,6,20220501,1895.00,410.00,1485.00,362.20,May 2022 Pricing Master,2026-09-07T07:48:47.421676
5734,1045,6,20220501,1895.00,410.00,1485.00,362.20,May 2022 Pricing Master,2026-09-07T07:48:47.421676
5735,1044,6,20220501,1895.00,410.00,1485.00,362.20,May 2022 Pricing Master,2026-09-07T07:48:47.421676
5736,1047,6,20220501,1895.00,410.00,1485.00,362.20,May 2022 Pricing Master,2026-09-07T07:48:47.421676
5737,1042,6,20220501,1895.00,410.00,1485.00,362.20,May 2022 Pricing Master,2026-09-07T07:48:47.421676
5738,1043,6,20220501,1895.00,410.00,1485.00,362.20,May 2022 Pricing Master,2026-09-07T07:48:47.421676
5739,1052,6,20220501,1895.00,410.00,1485.00,362.20,May 2022 Pricing Master,2026-09-07T07:48:47.421676
5740,1051,6,20220501,1895.00,410.00,1485.00,362.20,May 2022 Pricing Master,2026-09-07T07:48:47.421676
5741,1050,6,20220501,1895.00,410.00,1485.00,362.20,May 2022 Pricing Master,2026-09-07T07:48:47.421676
5742,1053,6,20220501,1895.00,410.00,1485.00,362.20,May 2022 Pricing Master,2026-09-07T07:48:47.421676
5743,1048,6,20220501,1895.00,410.00,1485.00,362.20,May 2022 Pricing Master,2026-09-07T07:48:47.421676
5744,1049,6,20220501,1895.00,410.00,1485.00,362.20,May 2022 Pricing Master,2026-09-07T07:48:47.421676
5745,507,6,20220501,1895.00,395.00,1500.00,379.75,May 2022 Pricing Master,2026-09-07T07:48:47.421676
5746,506,6,20220501,1895.00,395.00,1500.00,379.75,May 2022 Pricing Master,2026-09-07T07:48:47.421676
5747,505,6,20220501,1895.00,395.00,1500.00,379.75,May 2022 Pricing Master,2026-09-07T07:48:47.421676
5748,508,6,20220501,1895.00,395.00,1500.00,379.75,May 2022 Pricing Master,2026-09-07T07:48:47.421676
5749,503,6,20220501,1895.00,395.00,1500.00,379.75,May 2022 Pricing Master,2026-09-07T07:48:47.421676
5750,504,6,20220501,1895.00,395.00,1500.00,379.75,May 2022 Pricing Master,2026-09-07T07:48:47.421676
5751,513,6,20220501,1895.00,395.00,1500.00,379.75,May 2022 Pricing Master,2026-09-07T07:48:47.421676
5752,512,6,20220501,1895.00,395.00,1500.00,379.75,May 2022 Pricing Master,2026-09-07T07:48:47.421676
5753,511,6,20220501,1895.00,395.00,1500.00,379.75,May 2022 Pricing Master,2026-09-07T07:48:47.421676
5754,514,6,20220501,1895.00,395.00,1500.00,379.75,May 2022 Pricing Master,2026-09-07T07:48:47.421676
5755,509,6,20220501,1895.00,395.00,1500.00,379.75,May 2022 Pricing Master,2026-09-07T07:48:47.421676
5756,510,6,20220501,1895.00,395.00,1500.00,379.75,May 2022 Pricing Master,2026-09-07T07:48:47.421676
5757,576,6,20220501,1895.00,395.00,1500.00,379.75,May 2022 Pricing Master,2026-09-07T07:48:47.421676
5758,575,6,20220501,1895.00,395.00,1500.00,379.75,May 2022 Pricing Master,2026-09-07T07:48:47.421676
5759,574,6,20220501,1895.00,395.00,1500.00,379.75,May 2022 Pricing Master,2026-09-07T07:48:47.421676
5760,577,6,20220501,1895.00,395.00,1500.00,379.75,May 2022 Pricing Master,2026-09-07T07:48:47.421676
5761,572,6,20220501,1895.00,395.00,1500.00,379.75,May 2022 Pricing Master,2026-09-07T07:48:47.421676
5762,573,6,20220501,1895.00,395.00,1500.00,379.75,May 2022 Pricing Master,2026-09-07T07:48:47.421676
5763,570,6,20220501,1895.00,385.00,1510.00,392.21,May 2022 Pricing Master,2026-09-07T07:48:47.421676
5764,569,6,20220501,1895.00,385.00,1510.00,392.21,May 2022 Pricing Master,2026-09-07T07:48:47.421676
5765,568,6,20220501,1895.00,385.00,1510.00,392.21,May 2022 Pricing Master,2026-09-07T07:48:47.421676
5766,571,6,20220501,1895.00,385.00,1510.00,392.21,May 2022 Pricing Master,2026-09-07T07:48:47.421676
5767,566,6,20220501,1895.00,385.00,1510.00,392.21,May 2022 Pricing Master,2026-09-07T07:48:47.421676
5768,567,6,20220501,1895.00,385.00,1510.00,392.21,May 2022 Pricing Master,2026-09-07T07:48:47.421676
5769,531,6,20220501,1895.00,385.00,1510.00,392.21,May 2022 Pricing Master,2026-09-07T07:48:47.421676
5770,530,6,20220501,1895.00,385.00,1510.00,392.21,May 2022 Pricing Master,2026-09-07T07:48:47.421676
5771,529,6,20220501,1895.00,385.00,1510.00,392.21,May 2022 Pricing Master,2026-09-07T07:48:47.421676
5772,532,6,20220501,1895.00,385.00,1510.00,392.21,May 2022 Pricing Master,2026-09-07T07:48:47.421676
5773,527,6,20220501,1895.00,385.00,1510.00,392.21,May 2022 Pricing Master,2026-09-07T07:48:47.421676
5774,528,6,20220501,1895.00,385.00,1510.00,392.21,May 2022 Pricing Master,2026-09-07T07:48:47.421676
5775,1064,6,20220501,1395.00,220.00,1175.00,534.09,May 2022 Pricing Master,2026-09-07T07:48:47.421676
5776,1063,6,20220501,1395.00,220.00,1175.00,534.09,May 2022 Pricing Master,2026-09-07T07:48:47.421676
5777,1062,6,20220501,1395.00,220.00,1175.00,534.09,May 2022 Pricing Master,2026-09-07T07:48:47.421676
5778,1065,6,20220501,1395.00,220.00,1175.00,534.09,May 2022 Pricing Master,2026-09-07T07:48:47.421676
5779,1060,6,20220501,1395.00,220.00,1175.00,534.09,May 2022 Pricing Master,2026-09-07T07:48:47.421676
5780,1061,6,20220501,1395.00,220.00,1175.00,534.09,May 2022 Pricing Master,2026-09-07T07:48:47.421676
5781,140,6,20220501,2095.00,500.00,1595.00,319.00,May 2022 Pricing Master,2026-09-07T07:48:47.421676
5782,139,6,20220501,2095.00,500.00,1595.00,319.00,May 2022 Pricing Master,2026-09-07T07:48:47.421676
5783,138,6,20220501,2095.00,500.00,1595.00,319.00,May 2022 Pricing Master,2026-09-07T07:48:47.421676
5784,141,6,20220501,2095.00,500.00,1595.00,319.00,May 2022 Pricing Master,2026-09-07T07:48:47.421676
5785,136,6,20220501,2095.00,500.00,1595.00,319.00,May 2022 Pricing Master,2026-09-07T07:48:47.421676
5786,137,6,20220501,2095.00,500.00,1595.00,319.00,May 2022 Pricing Master,2026-09-07T07:48:47.421676
5787,230,6,20220501,2295.00,1035.00,1260.00,121.74,May 2022 Pricing Master,2026-09-07T07:48:47.421676
5788,229,6,20220501,2295.00,1035.00,1260.00,121.74,May 2022 Pricing Master,2026-09-07T07:48:47.421676
5789,228,6,20220501,2295.00,1035.00,1260.00,121.74,May 2022 Pricing Master,2026-09-07T07:48:47.421676
5790,231,6,20220501,2295.00,1035.00,1260.00,121.74,May 2022 Pricing Master,2026-09-07T07:48:47.421676
5791,226,6,20220501,2295.00,1035.00,1260.00,121.74,May 2022 Pricing Master,2026-09-07T07:48:47.421676
5792,227,6,20220501,2295.00,1035.00,1260.00,121.74,May 2022 Pricing Master,2026-09-07T07:48:47.421676
5793,80,6,20220501,2150.00,975.00,1175.00,120.51,May 2022 Pricing Master,2026-09-07T07:48:47.421676
5794,79,6,20220501,2150.00,975.00,1175.00,120.51,May 2022 Pricing Master,2026-09-07T07:48:47.421676
5795,78,6,20220501,2150.00,975.00,1175.00,120.51,May 2022 Pricing Master,2026-09-07T07:48:47.421676
5796,81,6,20220501,2150.00,975.00,1175.00,120.51,May 2022 Pricing Master,2026-09-07T07:48:47.421676
5797,76,6,20220501,2150.00,975.00,1175.00,120.51,May 2022 Pricing Master,2026-09-07T07:48:47.421676
5798,77,6,20220501,2150.00,975.00,1175.00,120.51,May 2022 Pricing Master,2026-09-07T07:48:47.421676
5799,313,6,20220501,2695.00,1150.00,1545.00,134.35,May 2022 Pricing Master,2026-09-07T07:48:47.421676
5800,312,6,20220501,2695.00,1150.00,1545.00,134.35,May 2022 Pricing Master,2026-09-07T07:48:47.421676
5801,311,6,20220501,2695.00,1150.00,1545.00,134.35,May 2022 Pricing Master,2026-09-07T07:48:47.421676
5802,314,6,20220501,2695.00,1150.00,1545.00,134.35,May 2022 Pricing Master,2026-09-07T07:48:47.421676
5803,309,6,20220501,2695.00,1150.00,1545.00,134.35,May 2022 Pricing Master,2026-09-07T07:48:47.421676
5804,310,6,20220501,2695.00,1150.00,1545.00,134.35,May 2022 Pricing Master,2026-09-07T07:48:47.421676
5805,270,6,20220501,2195.00,930.00,1265.00,136.02,May 2022 Pricing Master,2026-09-07T07:48:47.421676
5806,269,6,20220501,2195.00,930.00,1265.00,136.02,May 2022 Pricing Master,2026-09-07T07:48:47.421676
5807,268,6,20220501,2195.00,930.00,1265.00,136.02,May 2022 Pricing Master,2026-09-07T07:48:47.421676
5808,271,6,20220501,2195.00,930.00,1265.00,136.02,May 2022 Pricing Master,2026-09-07T07:48:47.421676
5809,266,6,20220501,2195.00,930.00,1265.00,136.02,May 2022 Pricing Master,2026-09-07T07:48:47.421676
5810,267,6,20220501,2195.00,930.00,1265.00,136.02,May 2022 Pricing Master,2026-09-07T07:48:47.421676
5811,248,6,20220501,1795.00,780.00,1015.00,130.13,May 2022 Pricing Master,2026-09-07T07:48:47.421676
5812,247,6,20220501,1795.00,780.00,1015.00,130.13,May 2022 Pricing Master,2026-09-07T07:48:47.421676
5813,246,6,20220501,1795.00,780.00,1015.00,130.13,May 2022 Pricing Master,2026-09-07T07:48:47.421676
5814,249,6,20220501,1795.00,780.00,1015.00,130.13,May 2022 Pricing Master,2026-09-07T07:48:47.421676
5815,244,6,20220501,1795.00,780.00,1015.00,130.13,May 2022 Pricing Master,2026-09-07T07:48:47.421676
5816,245,6,20220501,1795.00,780.00,1015.00,130.13,May 2022 Pricing Master,2026-09-07T07:48:47.421676
5817,1099,6,20220501,1695.00,340.00,1355.00,398.53,May 2022 Pricing Master,2026-09-07T07:48:47.421676
5818,1097,6,20220501,1695.00,340.00,1355.00,398.53,May 2022 Pricing Master,2026-09-07T07:48:47.421676
5819,1096,6,20220501,1695.00,340.00,1355.00,398.53,May 2022 Pricing Master,2026-09-07T07:48:47.421676
5820,1095,6,20220501,1695.00,340.00,1355.00,398.53,May 2022 Pricing Master,2026-09-07T07:48:47.421676
5821,1098,6,20220501,1695.00,340.00,1355.00,398.53,May 2022 Pricing Master,2026-09-07T07:48:47.421676
5822,440,6,20220501,1795.00,425.00,1370.00,322.35,May 2022 Pricing Master,2026-09-07T07:48:47.421676
5823,438,6,20220501,1795.00,425.00,1370.00,322.35,May 2022 Pricing Master,2026-09-07T07:48:47.421676
5824,437,6,20220501,1795.00,425.00,1370.00,322.35,May 2022 Pricing Master,2026-09-07T07:48:47.421676
5825,436,6,20220501,1795.00,425.00,1370.00,322.35,May 2022 Pricing Master,2026-09-07T07:48:47.421676
5826,439,6,20220501,1795.00,425.00,1370.00,322.35,May 2022 Pricing Master,2026-09-07T07:48:47.421676
5827,1226,6,20220501,1795.00,440.00,1355.00,307.95,May 2022 Pricing Master,2026-09-07T07:48:47.421676
5828,1225,6,20220501,1795.00,440.00,1355.00,307.95,May 2022 Pricing Master,2026-09-07T07:48:47.421676
5829,1224,6,20220501,1795.00,440.00,1355.00,307.95,May 2022 Pricing Master,2026-09-07T07:48:47.421676
5830,1227,6,20220501,1795.00,440.00,1355.00,307.95,May 2022 Pricing Master,2026-09-07T07:48:47.421676
5831,1222,6,20220501,1795.00,440.00,1355.00,307.95,May 2022 Pricing Master,2026-09-07T07:48:47.421676
5832,1223,6,20220501,1795.00,440.00,1355.00,307.95,May 2022 Pricing Master,2026-09-07T07:48:47.421676
5833,110,6,20220501,2395.00,540.00,1855.00,343.52,May 2022 Pricing Master,2026-09-07T07:48:47.421676
5834,109,6,20220501,2395.00,540.00,1855.00,343.52,May 2022 Pricing Master,2026-09-07T07:48:47.421676
5835,108,6,20220501,2395.00,540.00,1855.00,343.52,May 2022 Pricing Master,2026-09-07T07:48:47.421676
5836,111,6,20220501,2395.00,540.00,1855.00,343.52,May 2022 Pricing Master,2026-09-07T07:48:47.421676
5837,106,6,20220501,2395.00,540.00,1855.00,343.52,May 2022 Pricing Master,2026-09-07T07:48:47.421676
5838,107,6,20220501,2395.00,540.00,1855.00,343.52,May 2022 Pricing Master,2026-09-07T07:48:47.421676
5839,152,6,20220501,2495.00,550.00,1945.00,353.64,May 2022 Pricing Master,2026-09-07T07:48:47.421676
5840,151,6,20220501,2495.00,550.00,1945.00,353.64,May 2022 Pricing Master,2026-09-07T07:48:47.421676
5841,150,6,20220501,2495.00,550.00,1945.00,353.64,May 2022 Pricing Master,2026-09-07T07:48:47.421676
5842,153,6,20220501,2495.00,550.00,1945.00,353.64,May 2022 Pricing Master,2026-09-07T07:48:47.421676
5843,148,6,20220501,2495.00,550.00,1945.00,353.64,May 2022 Pricing Master,2026-09-07T07:48:47.421676
5844,149,6,20220501,2495.00,550.00,1945.00,353.64,May 2022 Pricing Master,2026-09-07T07:48:47.421676
5845,1185,6,20220501,1597.00,314.00,1283.00,408.60,May 2022 Pricing Master,2026-09-07T07:48:47.421676
5846,1183,6,20220501,1597.00,314.00,1283.00,408.60,May 2022 Pricing Master,2026-09-07T07:48:47.421676
5847,1182,6,20220501,1597.00,314.00,1283.00,408.60,May 2022 Pricing Master,2026-09-07T07:48:47.421676
5848,1181,6,20220501,1597.00,314.00,1283.00,408.60,May 2022 Pricing Master,2026-09-07T07:48:47.421676
5849,1184,6,20220501,1597.00,314.00,1283.00,408.60,May 2022 Pricing Master,2026-09-07T07:48:47.421676
5850,319,6,20220501,1995.00,425.00,1570.00,369.41,May 2022 Pricing Master,2026-09-07T07:48:47.421676
5851,318,6,20220501,1995.00,425.00,1570.00,369.41,May 2022 Pricing Master,2026-09-07T07:48:47.421676
5852,317,6,20220501,1995.00,425.00,1570.00,369.41,May 2022 Pricing Master,2026-09-07T07:48:47.421676
5853,320,6,20220501,1995.00,425.00,1570.00,369.41,May 2022 Pricing Master,2026-09-07T07:48:47.421676
5854,315,6,20220501,1995.00,425.00,1570.00,369.41,May 2022 Pricing Master,2026-09-07T07:48:47.421676
5855,316,6,20220501,1995.00,425.00,1570.00,369.41,May 2022 Pricing Master,2026-09-07T07:48:47.421676
5856,337,6,20220501,1895.00,395.00,1500.00,379.75,May 2022 Pricing Master,2026-09-07T07:48:47.421676
5857,336,6,20220501,1895.00,395.00,1500.00,379.75,May 2022 Pricing Master,2026-09-07T07:48:47.421676
5858,335,6,20220501,1895.00,395.00,1500.00,379.75,May 2022 Pricing Master,2026-09-07T07:48:47.421676
5859,338,6,20220501,1895.00,395.00,1500.00,379.75,May 2022 Pricing Master,2026-09-07T07:48:47.421676
5860,333,6,20220501,1895.00,395.00,1500.00,379.75,May 2022 Pricing Master,2026-09-07T07:48:47.421676
5861,334,6,20220501,1895.00,395.00,1500.00,379.75,May 2022 Pricing Master,2026-09-07T07:48:47.421676
5862,367,6,20220501,2095.00,450.00,1645.00,365.56,May 2022 Pricing Master,2026-09-07T07:48:47.421676
5863,366,6,20220501,2095.00,450.00,1645.00,365.56,May 2022 Pricing Master,2026-09-07T07:48:47.421676
5864,365,6,20220501,2095.00,450.00,1645.00,365.56,May 2022 Pricing Master,2026-09-07T07:48:47.421676
5865,368,6,20220501,2095.00,450.00,1645.00,365.56,May 2022 Pricing Master,2026-09-07T07:48:47.421676
5866,363,6,20220501,2095.00,450.00,1645.00,365.56,May 2022 Pricing Master,2026-09-07T07:48:47.421676
5867,364,6,20220501,2095.00,450.00,1645.00,365.56,May 2022 Pricing Master,2026-09-07T07:48:47.421676
5868,379,6,20220501,1995.00,425.00,1570.00,369.41,May 2022 Pricing Master,2026-09-07T07:48:47.421676
5869,378,6,20220501,1995.00,425.00,1570.00,369.41,May 2022 Pricing Master,2026-09-07T07:48:47.421676
5870,377,6,20220501,1995.00,425.00,1570.00,369.41,May 2022 Pricing Master,2026-09-07T07:48:47.421676
5871,380,6,20220501,1995.00,425.00,1570.00,369.41,May 2022 Pricing Master,2026-09-07T07:48:47.421676
5872,375,6,20220501,1995.00,425.00,1570.00,369.41,May 2022 Pricing Master,2026-09-07T07:48:47.421676
5873,376,6,20220501,1995.00,425.00,1570.00,369.41,May 2022 Pricing Master,2026-09-07T07:48:47.421676
5874,391,6,20220501,3495.00,790.00,2705.00,342.41,May 2022 Pricing Master,2026-09-07T07:48:47.421676
5875,390,6,20220501,3495.00,790.00,2705.00,342.41,May 2022 Pricing Master,2026-09-07T07:48:47.421676
5876,389,6,20220501,3495.00,790.00,2705.00,342.41,May 2022 Pricing Master,2026-09-07T07:48:47.421676
5877,392,6,20220501,3495.00,790.00,2705.00,342.41,May 2022 Pricing Master,2026-09-07T07:48:47.421676
5878,387,6,20220501,3495.00,790.00,2705.00,342.41,May 2022 Pricing Master,2026-09-07T07:48:47.421676
5879,388,6,20220501,3495.00,790.00,2705.00,342.41,May 2022 Pricing Master,2026-09-07T07:48:47.421676
5880,397,6,20220501,3495.00,790.00,2705.00,342.41,May 2022 Pricing Master,2026-09-07T07:48:47.421676
5881,396,6,20220501,3495.00,790.00,2705.00,342.41,May 2022 Pricing Master,2026-09-07T07:48:47.421676
5882,395,6,20220501,3495.00,790.00,2705.00,342.41,May 2022 Pricing Master,2026-09-07T07:48:47.421676
5883,398,6,20220501,3495.00,790.00,2705.00,342.41,May 2022 Pricing Master,2026-09-07T07:48:47.421676
5884,393,6,20220501,3495.00,790.00,2705.00,342.41,May 2022 Pricing Master,2026-09-07T07:48:47.421676
5885,394,6,20220501,3495.00,790.00,2705.00,342.41,May 2022 Pricing Master,2026-09-07T07:48:47.421676
5886,408,6,20220501,3195.00,695.00,2500.00,359.71,May 2022 Pricing Master,2026-09-07T07:48:47.421676
5887,407,6,20220501,3195.00,695.00,2500.00,359.71,May 2022 Pricing Master,2026-09-07T07:48:47.421676
5888,406,6,20220501,3195.00,695.00,2500.00,359.71,May 2022 Pricing Master,2026-09-07T07:48:47.421676
5889,409,6,20220501,3195.00,695.00,2500.00,359.71,May 2022 Pricing Master,2026-09-07T07:48:47.421676
5890,404,6,20220501,3195.00,695.00,2500.00,359.71,May 2022 Pricing Master,2026-09-07T07:48:47.421676
5891,405,6,20220501,3195.00,695.00,2500.00,359.71,May 2022 Pricing Master,2026-09-07T07:48:47.421676
5892,86,6,20220501,5395.00,1295.00,4100.00,316.60,May 2022 Pricing Master,2026-09-07T07:48:47.421676
5893,85,6,20220501,5395.00,1295.00,4100.00,316.60,May 2022 Pricing Master,2026-09-07T07:48:47.421676
5894,84,6,20220501,5395.00,1295.00,4100.00,316.60,May 2022 Pricing Master,2026-09-07T07:48:47.421676
5895,87,6,20220501,5395.00,1295.00,4100.00,316.60,May 2022 Pricing Master,2026-09-07T07:48:47.421676
5896,82,6,20220501,5395.00,1295.00,4100.00,316.60,May 2022 Pricing Master,2026-09-07T07:48:47.421676
5897,83,6,20220501,5395.00,1295.00,4100.00,316.60,May 2022 Pricing Master,2026-09-07T07:48:47.421676
5898,122,6,20220501,4895.00,1150.00,3745.00,325.65,May 2022 Pricing Master,2026-09-07T07:48:47.421676
5899,121,6,20220501,4895.00,1150.00,3745.00,325.65,May 2022 Pricing Master,2026-09-07T07:48:47.421676
5900,120,6,20220501,4895.00,1150.00,3745.00,325.65,May 2022 Pricing Master,2026-09-07T07:48:47.421676
5901,123,6,20220501,4895.00,1150.00,3745.00,325.65,May 2022 Pricing Master,2026-09-07T07:48:47.421676
5902,118,6,20220501,4895.00,1150.00,3745.00,325.65,May 2022 Pricing Master,2026-09-07T07:48:47.421676
5903,119,6,20220501,4895.00,1150.00,3745.00,325.65,May 2022 Pricing Master,2026-09-07T07:48:47.421676
5904,236,6,20220501,4295.00,995.00,3300.00,331.66,May 2022 Pricing Master,2026-09-07T07:48:47.421676
5905,235,6,20220501,4295.00,995.00,3300.00,331.66,May 2022 Pricing Master,2026-09-07T07:48:47.421676
5906,234,6,20220501,4295.00,995.00,3300.00,331.66,May 2022 Pricing Master,2026-09-07T07:48:47.421676
5907,237,6,20220501,4295.00,995.00,3300.00,331.66,May 2022 Pricing Master,2026-09-07T07:48:47.421676
5908,232,6,20220501,4295.00,995.00,3300.00,331.66,May 2022 Pricing Master,2026-09-07T07:48:47.421676
5909,233,6,20220501,4295.00,995.00,3300.00,331.66,May 2022 Pricing Master,2026-09-07T07:48:47.421676
5910,276,6,20220501,4895.00,1150.00,3745.00,325.65,May 2022 Pricing Master,2026-09-07T07:48:47.421676
5911,275,6,20220501,4895.00,1150.00,3745.00,325.65,May 2022 Pricing Master,2026-09-07T07:48:47.421676
5912,274,6,20220501,4895.00,1150.00,3745.00,325.65,May 2022 Pricing Master,2026-09-07T07:48:47.421676
5913,277,6,20220501,4895.00,1150.00,3745.00,325.65,May 2022 Pricing Master,2026-09-07T07:48:47.421676
5914,272,6,20220501,4895.00,1150.00,3745.00,325.65,May 2022 Pricing Master,2026-09-07T07:48:47.421676
5915,273,6,20220501,4895.00,1150.00,3745.00,325.65,May 2022 Pricing Master,2026-09-07T07:48:47.421676
5916,1190,6,20220501,3195.00,695.00,2500.00,359.71,May 2022 Pricing Master,2026-09-07T07:48:47.421676
5917,1189,6,20220501,3195.00,695.00,2500.00,359.71,May 2022 Pricing Master,2026-09-07T07:48:47.421676
5918,1188,6,20220501,3195.00,695.00,2500.00,359.71,May 2022 Pricing Master,2026-09-07T07:48:47.421676
5919,1191,6,20220501,3195.00,695.00,2500.00,359.71,May 2022 Pricing Master,2026-09-07T07:48:47.421676
5920,1186,6,20220501,3195.00,695.00,2500.00,359.71,May 2022 Pricing Master,2026-09-07T07:48:47.421676
5921,1187,6,20220501,3195.00,695.00,2500.00,359.71,May 2022 Pricing Master,2026-09-07T07:48:47.421676
5922,1196,6,20220501,2195.00,425.00,1770.00,416.47,May 2022 Pricing Master,2026-09-07T07:48:47.421676
5923,1195,6,20220501,2195.00,425.00,1770.00,416.47,May 2022 Pricing Master,2026-09-07T07:48:47.421676
5924,1194,6,20220501,2195.00,425.00,1770.00,416.47,May 2022 Pricing Master,2026-09-07T07:48:47.421676
5925,1197,6,20220501,2195.00,425.00,1770.00,416.47,May 2022 Pricing Master,2026-09-07T07:48:47.421676
5926,1192,6,20220501,2195.00,425.00,1770.00,416.47,May 2022 Pricing Master,2026-09-07T07:48:47.421676
5927,1193,6,20220501,2195.00,425.00,1770.00,416.47,May 2022 Pricing Master,2026-09-07T07:48:47.421676
5928,1131,6,20220501,2995.00,650.00,2345.00,360.77,May 2022 Pricing Master,2026-09-07T07:48:47.421676
5929,1130,6,20220501,2995.00,650.00,2345.00,360.77,May 2022 Pricing Master,2026-09-07T07:48:47.421676
5930,1129,6,20220501,2995.00,650.00,2345.00,360.77,May 2022 Pricing Master,2026-09-07T07:48:47.421676
5931,1132,6,20220501,2995.00,650.00,2345.00,360.77,May 2022 Pricing Master,2026-09-07T07:48:47.421676
5932,1127,6,20220501,2995.00,650.00,2345.00,360.77,May 2022 Pricing Master,2026-09-07T07:48:47.421676
5933,1128,6,20220501,2995.00,650.00,2345.00,360.77,May 2022 Pricing Master,2026-09-07T07:48:47.421676
5934,1137,6,20220501,2397.00,460.00,1937.00,421.09,May 2022 Pricing Master,2026-09-07T07:48:47.421676
5935,1136,6,20220501,2397.00,460.00,1937.00,421.09,May 2022 Pricing Master,2026-09-07T07:48:47.421676
5936,1135,6,20220501,2397.00,460.00,1937.00,421.09,May 2022 Pricing Master,2026-09-07T07:48:47.421676
5937,1138,6,20220501,2397.00,460.00,1937.00,421.09,May 2022 Pricing Master,2026-09-07T07:48:47.421676
5938,1133,6,20220501,2397.00,460.00,1937.00,421.09,May 2022 Pricing Master,2026-09-07T07:48:47.421676
5939,1134,6,20220501,2397.00,460.00,1937.00,421.09,May 2022 Pricing Master,2026-09-07T07:48:47.421676
5940,1119,6,20220501,3095.00,675.00,2420.00,358.52,May 2022 Pricing Master,2026-09-07T07:48:47.421676
5941,553,8,20220501,1995.00,425.00,1570.00,369.41,May 2022 Pricing Master,2026-09-07T07:48:47.421676
5942,555,8,20220501,1995.00,425.00,1570.00,369.41,May 2022 Pricing Master,2026-09-07T07:48:47.421676
5943,1069,8,20220501,1195.00,220.00,975.00,443.18,May 2022 Pricing Master,2026-09-07T07:48:47.421676
5944,1068,8,20220501,1195.00,220.00,975.00,443.18,May 2022 Pricing Master,2026-09-07T07:48:47.421676
5945,1067,8,20220501,1195.00,220.00,975.00,443.18,May 2022 Pricing Master,2026-09-07T07:48:47.421676
5946,1070,8,20220501,1195.00,220.00,975.00,443.18,May 2022 Pricing Master,2026-09-07T07:48:47.421676
5947,1066,8,20220501,1195.00,220.00,975.00,443.18,May 2022 Pricing Master,2026-09-07T07:48:47.421676
5948,289,8,20220501,1250.00,525.00,725.00,138.10,May 2022 Pricing Master,2026-09-07T07:48:47.421676
5949,288,8,20220501,1250.00,525.00,725.00,138.10,May 2022 Pricing Master,2026-09-07T07:48:47.421676
5950,287,8,20220501,1250.00,525.00,725.00,138.10,May 2022 Pricing Master,2026-09-07T07:48:47.421676
5951,290,8,20220501,1250.00,525.00,725.00,138.10,May 2022 Pricing Master,2026-09-07T07:48:47.421676
5952,285,8,20220501,1250.00,525.00,725.00,138.10,May 2022 Pricing Master,2026-09-07T07:48:47.421676
5953,286,8,20220501,1250.00,525.00,725.00,138.10,May 2022 Pricing Master,2026-09-07T07:48:47.421676
5954,104,8,20220501,1895.00,880.00,1015.00,115.34,May 2022 Pricing Master,2026-09-07T07:48:47.421676
5955,103,8,20220501,1895.00,880.00,1015.00,115.34,May 2022 Pricing Master,2026-09-07T07:48:47.421676
5956,102,8,20220501,1895.00,880.00,1015.00,115.34,May 2022 Pricing Master,2026-09-07T07:48:47.421676
5957,105,8,20220501,1895.00,880.00,1015.00,115.34,May 2022 Pricing Master,2026-09-07T07:48:47.421676
5958,100,8,20220501,1895.00,880.00,1015.00,115.34,May 2022 Pricing Master,2026-09-07T07:48:47.421676
5959,101,8,20220501,1895.00,880.00,1015.00,115.34,May 2022 Pricing Master,2026-09-07T07:48:47.421676
5960,1034,8,20220501,1995.00,425.00,1570.00,369.41,May 2022 Pricing Master,2026-09-07T07:48:47.421676
5961,1033,8,20220501,1995.00,425.00,1570.00,369.41,May 2022 Pricing Master,2026-09-07T07:48:47.421676
5962,1032,8,20220501,1995.00,425.00,1570.00,369.41,May 2022 Pricing Master,2026-09-07T07:48:47.421676
5963,1035,8,20220501,1995.00,425.00,1570.00,369.41,May 2022 Pricing Master,2026-09-07T07:48:47.421676
5964,1030,8,20220501,1995.00,425.00,1570.00,369.41,May 2022 Pricing Master,2026-09-07T07:48:47.421676
5965,1031,8,20220501,1995.00,425.00,1570.00,369.41,May 2022 Pricing Master,2026-09-07T07:48:47.421676
5966,1046,8,20220501,1895.00,410.00,1485.00,362.20,May 2022 Pricing Master,2026-09-07T07:48:47.421676
5967,1045,8,20220501,1895.00,410.00,1485.00,362.20,May 2022 Pricing Master,2026-09-07T07:48:47.421676
5968,1044,8,20220501,1895.00,410.00,1485.00,362.20,May 2022 Pricing Master,2026-09-07T07:48:47.421676
5969,1047,8,20220501,1895.00,410.00,1485.00,362.20,May 2022 Pricing Master,2026-09-07T07:48:47.421676
5970,1042,8,20220501,1895.00,410.00,1485.00,362.20,May 2022 Pricing Master,2026-09-07T07:48:47.421676
5971,1043,8,20220501,1895.00,410.00,1485.00,362.20,May 2022 Pricing Master,2026-09-07T07:48:47.421676
5972,1052,8,20220501,1895.00,410.00,1485.00,362.20,May 2022 Pricing Master,2026-09-07T07:48:47.421676
5973,1051,8,20220501,1895.00,410.00,1485.00,362.20,May 2022 Pricing Master,2026-09-07T07:48:47.421676
5974,1050,8,20220501,1895.00,410.00,1485.00,362.20,May 2022 Pricing Master,2026-09-07T07:48:47.421676
5975,1053,8,20220501,1895.00,410.00,1485.00,362.20,May 2022 Pricing Master,2026-09-07T07:48:47.421676
5976,1048,8,20220501,1895.00,410.00,1485.00,362.20,May 2022 Pricing Master,2026-09-07T07:48:47.421676
5977,1049,8,20220501,1895.00,410.00,1485.00,362.20,May 2022 Pricing Master,2026-09-07T07:48:47.421676
5978,507,8,20220501,1895.00,395.00,1500.00,379.75,May 2022 Pricing Master,2026-09-07T07:48:47.421676
5979,506,8,20220501,1895.00,395.00,1500.00,379.75,May 2022 Pricing Master,2026-09-07T07:48:47.421676
5980,505,8,20220501,1895.00,395.00,1500.00,379.75,May 2022 Pricing Master,2026-09-07T07:48:47.421676
5981,508,8,20220501,1895.00,395.00,1500.00,379.75,May 2022 Pricing Master,2026-09-07T07:48:47.421676
5982,503,8,20220501,1895.00,395.00,1500.00,379.75,May 2022 Pricing Master,2026-09-07T07:48:47.421676
5983,504,8,20220501,1895.00,395.00,1500.00,379.75,May 2022 Pricing Master,2026-09-07T07:48:47.421676
5984,513,8,20220501,1895.00,395.00,1500.00,379.75,May 2022 Pricing Master,2026-09-07T07:48:47.421676
5985,512,8,20220501,1895.00,395.00,1500.00,379.75,May 2022 Pricing Master,2026-09-07T07:48:47.421676
5986,511,8,20220501,1895.00,395.00,1500.00,379.75,May 2022 Pricing Master,2026-09-07T07:48:47.421676
5987,514,8,20220501,1895.00,395.00,1500.00,379.75,May 2022 Pricing Master,2026-09-07T07:48:47.421676
5988,509,8,20220501,1895.00,395.00,1500.00,379.75,May 2022 Pricing Master,2026-09-07T07:48:47.421676
5989,510,8,20220501,1895.00,395.00,1500.00,379.75,May 2022 Pricing Master,2026-09-07T07:48:47.421676
5990,576,8,20220501,1895.00,395.00,1500.00,379.75,May 2022 Pricing Master,2026-09-07T07:48:47.421676
5991,575,8,20220501,1895.00,395.00,1500.00,379.75,May 2022 Pricing Master,2026-09-07T07:48:47.421676
5992,574,8,20220501,1895.00,395.00,1500.00,379.75,May 2022 Pricing Master,2026-09-07T07:48:47.421676
5993,577,8,20220501,1895.00,395.00,1500.00,379.75,May 2022 Pricing Master,2026-09-07T07:48:47.421676
5994,572,8,20220501,1895.00,395.00,1500.00,379.75,May 2022 Pricing Master,2026-09-07T07:48:47.421676
5995,573,8,20220501,1895.00,395.00,1500.00,379.75,May 2022 Pricing Master,2026-09-07T07:48:47.421676
5996,570,8,20220501,1895.00,385.00,1510.00,392.21,May 2022 Pricing Master,2026-09-07T07:48:47.421676
5997,569,8,20220501,1895.00,385.00,1510.00,392.21,May 2022 Pricing Master,2026-09-07T07:48:47.421676
5998,568,8,20220501,1895.00,385.00,1510.00,392.21,May 2022 Pricing Master,2026-09-07T07:48:47.421676
5999,571,8,20220501,1895.00,385.00,1510.00,392.21,May 2022 Pricing Master,2026-09-07T07:48:47.421676
6000,566,8,20220501,1895.00,385.00,1510.00,392.21,May 2022 Pricing Master,2026-09-07T07:48:47.421676
6001,567,8,20220501,1895.00,385.00,1510.00,392.21,May 2022 Pricing Master,2026-09-07T07:48:47.421676
6002,531,8,20220501,1895.00,385.00,1510.00,392.21,May 2022 Pricing Master,2026-09-07T07:48:47.421676
6003,530,8,20220501,1895.00,385.00,1510.00,392.21,May 2022 Pricing Master,2026-09-07T07:48:47.421676
6004,529,8,20220501,1895.00,385.00,1510.00,392.21,May 2022 Pricing Master,2026-09-07T07:48:47.421676
6005,532,8,20220501,1895.00,385.00,1510.00,392.21,May 2022 Pricing Master,2026-09-07T07:48:47.421676
6006,527,8,20220501,1895.00,385.00,1510.00,392.21,May 2022 Pricing Master,2026-09-07T07:48:47.421676
6007,528,8,20220501,1895.00,385.00,1510.00,392.21,May 2022 Pricing Master,2026-09-07T07:48:47.421676
6008,1064,8,20220501,1395.00,220.00,1175.00,534.09,May 2022 Pricing Master,2026-09-07T07:48:47.421676
6009,1063,8,20220501,1395.00,220.00,1175.00,534.09,May 2022 Pricing Master,2026-09-07T07:48:47.421676
6010,1062,8,20220501,1395.00,220.00,1175.00,534.09,May 2022 Pricing Master,2026-09-07T07:48:47.421676
6011,1065,8,20220501,1395.00,220.00,1175.00,534.09,May 2022 Pricing Master,2026-09-07T07:48:47.421676
6012,1060,8,20220501,1395.00,220.00,1175.00,534.09,May 2022 Pricing Master,2026-09-07T07:48:47.421676
6013,1061,8,20220501,1395.00,220.00,1175.00,534.09,May 2022 Pricing Master,2026-09-07T07:48:47.421676
6014,140,8,20220501,2095.00,500.00,1595.00,319.00,May 2022 Pricing Master,2026-09-07T07:48:47.421676
6015,139,8,20220501,2095.00,500.00,1595.00,319.00,May 2022 Pricing Master,2026-09-07T07:48:47.421676
6016,138,8,20220501,2095.00,500.00,1595.00,319.00,May 2022 Pricing Master,2026-09-07T07:48:47.421676
6017,141,8,20220501,2095.00,500.00,1595.00,319.00,May 2022 Pricing Master,2026-09-07T07:48:47.421676
6018,136,8,20220501,2095.00,500.00,1595.00,319.00,May 2022 Pricing Master,2026-09-07T07:48:47.421676
6019,137,8,20220501,2095.00,500.00,1595.00,319.00,May 2022 Pricing Master,2026-09-07T07:48:47.421676
6020,230,8,20220501,2295.00,1035.00,1260.00,121.74,May 2022 Pricing Master,2026-09-07T07:48:47.421676
6021,229,8,20220501,2295.00,1035.00,1260.00,121.74,May 2022 Pricing Master,2026-09-07T07:48:47.421676
6022,228,8,20220501,2295.00,1035.00,1260.00,121.74,May 2022 Pricing Master,2026-09-07T07:48:47.421676
6023,231,8,20220501,2295.00,1035.00,1260.00,121.74,May 2022 Pricing Master,2026-09-07T07:48:47.421676
6024,226,8,20220501,2295.00,1035.00,1260.00,121.74,May 2022 Pricing Master,2026-09-07T07:48:47.421676
6025,227,8,20220501,2295.00,1035.00,1260.00,121.74,May 2022 Pricing Master,2026-09-07T07:48:47.421676
6026,80,8,20220501,2150.00,975.00,1175.00,120.51,May 2022 Pricing Master,2026-09-07T07:48:47.421676
6027,79,8,20220501,2150.00,975.00,1175.00,120.51,May 2022 Pricing Master,2026-09-07T07:48:47.421676
6028,78,8,20220501,2150.00,975.00,1175.00,120.51,May 2022 Pricing Master,2026-09-07T07:48:47.421676
6029,81,8,20220501,2150.00,975.00,1175.00,120.51,May 2022 Pricing Master,2026-09-07T07:48:47.421676
6030,76,8,20220501,2150.00,975.00,1175.00,120.51,May 2022 Pricing Master,2026-09-07T07:48:47.421676
6031,77,8,20220501,2150.00,975.00,1175.00,120.51,May 2022 Pricing Master,2026-09-07T07:48:47.421676
6032,313,8,20220501,2695.00,1150.00,1545.00,134.35,May 2022 Pricing Master,2026-09-07T07:48:47.421676
6033,312,8,20220501,2695.00,1150.00,1545.00,134.35,May 2022 Pricing Master,2026-09-07T07:48:47.421676
6034,311,8,20220501,2695.00,1150.00,1545.00,134.35,May 2022 Pricing Master,2026-09-07T07:48:47.421676
6035,314,8,20220501,2695.00,1150.00,1545.00,134.35,May 2022 Pricing Master,2026-09-07T07:48:47.421676
6036,309,8,20220501,2695.00,1150.00,1545.00,134.35,May 2022 Pricing Master,2026-09-07T07:48:47.421676
6037,310,8,20220501,2695.00,1150.00,1545.00,134.35,May 2022 Pricing Master,2026-09-07T07:48:47.421676
6038,270,8,20220501,2195.00,930.00,1265.00,136.02,May 2022 Pricing Master,2026-09-07T07:48:47.421676
6039,269,8,20220501,2195.00,930.00,1265.00,136.02,May 2022 Pricing Master,2026-09-07T07:48:47.421676
6040,268,8,20220501,2195.00,930.00,1265.00,136.02,May 2022 Pricing Master,2026-09-07T07:48:47.421676
6041,271,8,20220501,2195.00,930.00,1265.00,136.02,May 2022 Pricing Master,2026-09-07T07:48:47.421676
6042,266,8,20220501,2195.00,930.00,1265.00,136.02,May 2022 Pricing Master,2026-09-07T07:48:47.421676
6043,267,8,20220501,2195.00,930.00,1265.00,136.02,May 2022 Pricing Master,2026-09-07T07:48:47.421676
6044,248,8,20220501,1795.00,780.00,1015.00,130.13,May 2022 Pricing Master,2026-09-07T07:48:47.421676
6045,247,8,20220501,1795.00,780.00,1015.00,130.13,May 2022 Pricing Master,2026-09-07T07:48:47.421676
6046,246,8,20220501,1795.00,780.00,1015.00,130.13,May 2022 Pricing Master,2026-09-07T07:48:47.421676
6047,249,8,20220501,1795.00,780.00,1015.00,130.13,May 2022 Pricing Master,2026-09-07T07:48:47.421676
6048,244,8,20220501,1795.00,780.00,1015.00,130.13,May 2022 Pricing Master,2026-09-07T07:48:47.421676
6049,245,8,20220501,1795.00,780.00,1015.00,130.13,May 2022 Pricing Master,2026-09-07T07:48:47.421676
6050,1099,8,20220501,1695.00,340.00,1355.00,398.53,May 2022 Pricing Master,2026-09-07T07:48:47.421676
6051,1097,8,20220501,1695.00,340.00,1355.00,398.53,May 2022 Pricing Master,2026-09-07T07:48:47.421676
6052,1096,8,20220501,1695.00,340.00,1355.00,398.53,May 2022 Pricing Master,2026-09-07T07:48:47.421676
6053,1095,8,20220501,1695.00,340.00,1355.00,398.53,May 2022 Pricing Master,2026-09-07T07:48:47.421676
6054,1098,8,20220501,1695.00,340.00,1355.00,398.53,May 2022 Pricing Master,2026-09-07T07:48:47.421676
6055,440,8,20220501,1795.00,425.00,1370.00,322.35,May 2022 Pricing Master,2026-09-07T07:48:47.421676
6056,438,8,20220501,1795.00,425.00,1370.00,322.35,May 2022 Pricing Master,2026-09-07T07:48:47.421676
6057,437,8,20220501,1795.00,425.00,1370.00,322.35,May 2022 Pricing Master,2026-09-07T07:48:47.421676
6058,436,8,20220501,1795.00,425.00,1370.00,322.35,May 2022 Pricing Master,2026-09-07T07:48:47.421676
6059,439,8,20220501,1795.00,425.00,1370.00,322.35,May 2022 Pricing Master,2026-09-07T07:48:47.421676
6060,1226,8,20220501,1795.00,440.00,1355.00,307.95,May 2022 Pricing Master,2026-09-07T07:48:47.421676
6061,1225,8,20220501,1795.00,440.00,1355.00,307.95,May 2022 Pricing Master,2026-09-07T07:48:47.421676
6062,1224,8,20220501,1795.00,440.00,1355.00,307.95,May 2022 Pricing Master,2026-09-07T07:48:47.421676
6063,1227,8,20220501,1795.00,440.00,1355.00,307.95,May 2022 Pricing Master,2026-09-07T07:48:47.421676
6064,1222,8,20220501,1795.00,440.00,1355.00,307.95,May 2022 Pricing Master,2026-09-07T07:48:47.421676
6065,1223,8,20220501,1795.00,440.00,1355.00,307.95,May 2022 Pricing Master,2026-09-07T07:48:47.421676
6066,110,8,20220501,2395.00,540.00,1855.00,343.52,May 2022 Pricing Master,2026-09-07T07:48:47.421676
6067,109,8,20220501,2395.00,540.00,1855.00,343.52,May 2022 Pricing Master,2026-09-07T07:48:47.421676
6068,108,8,20220501,2395.00,540.00,1855.00,343.52,May 2022 Pricing Master,2026-09-07T07:48:47.421676
6069,111,8,20220501,2395.00,540.00,1855.00,343.52,May 2022 Pricing Master,2026-09-07T07:48:47.421676
6070,106,8,20220501,2395.00,540.00,1855.00,343.52,May 2022 Pricing Master,2026-09-07T07:48:47.421676
6071,107,8,20220501,2395.00,540.00,1855.00,343.52,May 2022 Pricing Master,2026-09-07T07:48:47.421676
6072,152,8,20220501,2495.00,550.00,1945.00,353.64,May 2022 Pricing Master,2026-09-07T07:48:47.421676
6073,151,8,20220501,2495.00,550.00,1945.00,353.64,May 2022 Pricing Master,2026-09-07T07:48:47.421676
6074,150,8,20220501,2495.00,550.00,1945.00,353.64,May 2022 Pricing Master,2026-09-07T07:48:47.421676
6075,153,8,20220501,2495.00,550.00,1945.00,353.64,May 2022 Pricing Master,2026-09-07T07:48:47.421676
6076,148,8,20220501,2495.00,550.00,1945.00,353.64,May 2022 Pricing Master,2026-09-07T07:48:47.421676
6077,149,8,20220501,2495.00,550.00,1945.00,353.64,May 2022 Pricing Master,2026-09-07T07:48:47.421676
6078,1185,8,20220501,1595.00,314.00,1281.00,407.96,May 2022 Pricing Master,2026-09-07T07:48:47.421676
6079,1183,8,20220501,1595.00,314.00,1281.00,407.96,May 2022 Pricing Master,2026-09-07T07:48:47.421676
6080,1182,8,20220501,1595.00,314.00,1281.00,407.96,May 2022 Pricing Master,2026-09-07T07:48:47.421676
6081,1181,8,20220501,1595.00,314.00,1281.00,407.96,May 2022 Pricing Master,2026-09-07T07:48:47.421676
6082,1184,8,20220501,1595.00,314.00,1281.00,407.96,May 2022 Pricing Master,2026-09-07T07:48:47.421676
6083,319,8,20220501,1995.00,425.00,1570.00,369.41,May 2022 Pricing Master,2026-09-07T07:48:47.421676
6084,318,8,20220501,1995.00,425.00,1570.00,369.41,May 2022 Pricing Master,2026-09-07T07:48:47.421676
6085,317,8,20220501,1995.00,425.00,1570.00,369.41,May 2022 Pricing Master,2026-09-07T07:48:47.421676
6086,320,8,20220501,1995.00,425.00,1570.00,369.41,May 2022 Pricing Master,2026-09-07T07:48:47.421676
6087,315,8,20220501,1995.00,425.00,1570.00,369.41,May 2022 Pricing Master,2026-09-07T07:48:47.421676
6088,316,8,20220501,1995.00,425.00,1570.00,369.41,May 2022 Pricing Master,2026-09-07T07:48:47.421676
6089,337,8,20220501,1895.00,395.00,1500.00,379.75,May 2022 Pricing Master,2026-09-07T07:48:47.421676
6090,336,8,20220501,1895.00,395.00,1500.00,379.75,May 2022 Pricing Master,2026-09-07T07:48:47.421676
6091,335,8,20220501,1895.00,395.00,1500.00,379.75,May 2022 Pricing Master,2026-09-07T07:48:47.421676
6092,338,8,20220501,1895.00,395.00,1500.00,379.75,May 2022 Pricing Master,2026-09-07T07:48:47.421676
6093,333,8,20220501,1895.00,395.00,1500.00,379.75,May 2022 Pricing Master,2026-09-07T07:48:47.421676
6094,334,8,20220501,1895.00,395.00,1500.00,379.75,May 2022 Pricing Master,2026-09-07T07:48:47.421676
6095,367,8,20220501,2095.00,450.00,1645.00,365.56,May 2022 Pricing Master,2026-09-07T07:48:47.421676
6096,366,8,20220501,2095.00,450.00,1645.00,365.56,May 2022 Pricing Master,2026-09-07T07:48:47.421676
6097,365,8,20220501,2095.00,450.00,1645.00,365.56,May 2022 Pricing Master,2026-09-07T07:48:47.421676
6098,368,8,20220501,2095.00,450.00,1645.00,365.56,May 2022 Pricing Master,2026-09-07T07:48:47.421676
6099,363,8,20220501,2095.00,450.00,1645.00,365.56,May 2022 Pricing Master,2026-09-07T07:48:47.421676
6100,364,8,20220501,2095.00,450.00,1645.00,365.56,May 2022 Pricing Master,2026-09-07T07:48:47.421676
6101,379,8,20220501,1995.00,425.00,1570.00,369.41,May 2022 Pricing Master,2026-09-07T07:48:47.421676
6102,378,8,20220501,1995.00,425.00,1570.00,369.41,May 2022 Pricing Master,2026-09-07T07:48:47.421676
6103,377,8,20220501,1995.00,425.00,1570.00,369.41,May 2022 Pricing Master,2026-09-07T07:48:47.421676
6104,380,8,20220501,1995.00,425.00,1570.00,369.41,May 2022 Pricing Master,2026-09-07T07:48:47.421676
6105,375,8,20220501,1995.00,425.00,1570.00,369.41,May 2022 Pricing Master,2026-09-07T07:48:47.421676
6106,376,8,20220501,1995.00,425.00,1570.00,369.41,May 2022 Pricing Master,2026-09-07T07:48:47.421676
6107,391,8,20220501,3495.00,790.00,2705.00,342.41,May 2022 Pricing Master,2026-09-07T07:48:47.421676
6108,390,8,20220501,3495.00,790.00,2705.00,342.41,May 2022 Pricing Master,2026-09-07T07:48:47.421676
6109,389,8,20220501,3495.00,790.00,2705.00,342.41,May 2022 Pricing Master,2026-09-07T07:48:47.421676
6110,392,8,20220501,3495.00,790.00,2705.00,342.41,May 2022 Pricing Master,2026-09-07T07:48:47.421676
6111,387,8,20220501,3495.00,790.00,2705.00,342.41,May 2022 Pricing Master,2026-09-07T07:48:47.421676
6112,388,8,20220501,3495.00,790.00,2705.00,342.41,May 2022 Pricing Master,2026-09-07T07:48:47.421676
6113,397,8,20220501,3495.00,790.00,2705.00,342.41,May 2022 Pricing Master,2026-09-07T07:48:47.421676
6114,396,8,20220501,3495.00,790.00,2705.00,342.41,May 2022 Pricing Master,2026-09-07T07:48:47.421676
6115,395,8,20220501,3495.00,790.00,2705.00,342.41,May 2022 Pricing Master,2026-09-07T07:48:47.421676
6116,398,8,20220501,3495.00,790.00,2705.00,342.41,May 2022 Pricing Master,2026-09-07T07:48:47.421676
6117,393,8,20220501,3495.00,790.00,2705.00,342.41,May 2022 Pricing Master,2026-09-07T07:48:47.421676
6118,394,8,20220501,3495.00,790.00,2705.00,342.41,May 2022 Pricing Master,2026-09-07T07:48:47.421676
6119,408,8,20220501,3195.00,695.00,2500.00,359.71,May 2022 Pricing Master,2026-09-07T07:48:47.421676
6120,407,8,20220501,3195.00,695.00,2500.00,359.71,May 2022 Pricing Master,2026-09-07T07:48:47.421676
6121,406,8,20220501,3195.00,695.00,2500.00,359.71,May 2022 Pricing Master,2026-09-07T07:48:47.421676
6122,409,8,20220501,3195.00,695.00,2500.00,359.71,May 2022 Pricing Master,2026-09-07T07:48:47.421676
6123,404,8,20220501,3195.00,695.00,2500.00,359.71,May 2022 Pricing Master,2026-09-07T07:48:47.421676
6124,405,8,20220501,3195.00,695.00,2500.00,359.71,May 2022 Pricing Master,2026-09-07T07:48:47.421676
6125,86,8,20220501,5395.00,1295.00,4100.00,316.60,May 2022 Pricing Master,2026-09-07T07:48:47.421676
6126,85,8,20220501,5395.00,1295.00,4100.00,316.60,May 2022 Pricing Master,2026-09-07T07:48:47.421676
6127,84,8,20220501,5395.00,1295.00,4100.00,316.60,May 2022 Pricing Master,2026-09-07T07:48:47.421676
6128,87,8,20220501,5395.00,1295.00,4100.00,316.60,May 2022 Pricing Master,2026-09-07T07:48:47.421676
6129,82,8,20220501,5395.00,1295.00,4100.00,316.60,May 2022 Pricing Master,2026-09-07T07:48:47.421676
6130,83,8,20220501,5395.00,1295.00,4100.00,316.60,May 2022 Pricing Master,2026-09-07T07:48:47.421676
6131,122,8,20220501,4895.00,1150.00,3745.00,325.65,May 2022 Pricing Master,2026-09-07T07:48:47.421676
6132,121,8,20220501,4895.00,1150.00,3745.00,325.65,May 2022 Pricing Master,2026-09-07T07:48:47.421676
6133,120,8,20220501,4895.00,1150.00,3745.00,325.65,May 2022 Pricing Master,2026-09-07T07:48:47.421676
6134,123,8,20220501,4895.00,1150.00,3745.00,325.65,May 2022 Pricing Master,2026-09-07T07:48:47.421676
6135,118,8,20220501,4895.00,1150.00,3745.00,325.65,May 2022 Pricing Master,2026-09-07T07:48:47.421676
6136,119,8,20220501,4895.00,1150.00,3745.00,325.65,May 2022 Pricing Master,2026-09-07T07:48:47.421676
6137,236,8,20220501,4295.00,995.00,3300.00,331.66,May 2022 Pricing Master,2026-09-07T07:48:47.421676
6138,235,8,20220501,4295.00,995.00,3300.00,331.66,May 2022 Pricing Master,2026-09-07T07:48:47.421676
6139,234,8,20220501,4295.00,995.00,3300.00,331.66,May 2022 Pricing Master,2026-09-07T07:48:47.421676
6140,237,8,20220501,4295.00,995.00,3300.00,331.66,May 2022 Pricing Master,2026-09-07T07:48:47.421676
6141,232,8,20220501,4295.00,995.00,3300.00,331.66,May 2022 Pricing Master,2026-09-07T07:48:47.421676
6142,233,8,20220501,4295.00,995.00,3300.00,331.66,May 2022 Pricing Master,2026-09-07T07:48:47.421676
6143,276,8,20220501,4895.00,1150.00,3745.00,325.65,May 2022 Pricing Master,2026-09-07T07:48:47.421676
6144,275,8,20220501,4895.00,1150.00,3745.00,325.65,May 2022 Pricing Master,2026-09-07T07:48:47.421676
6145,274,8,20220501,4895.00,1150.00,3745.00,325.65,May 2022 Pricing Master,2026-09-07T07:48:47.421676
6146,277,8,20220501,4895.00,1150.00,3745.00,325.65,May 2022 Pricing Master,2026-09-07T07:48:47.421676
6147,272,8,20220501,4895.00,1150.00,3745.00,325.65,May 2022 Pricing Master,2026-09-07T07:48:47.421676
6148,273,8,20220501,4895.00,1150.00,3745.00,325.65,May 2022 Pricing Master,2026-09-07T07:48:47.421676
6149,1190,8,20220501,3495.00,695.00,2800.00,402.88,May 2022 Pricing Master,2026-09-07T07:48:47.421676
6150,1189,8,20220501,3495.00,695.00,2800.00,402.88,May 2022 Pricing Master,2026-09-07T07:48:47.421676
6151,1188,8,20220501,3495.00,695.00,2800.00,402.88,May 2022 Pricing Master,2026-09-07T07:48:47.421676
6152,1191,8,20220501,3495.00,695.00,2800.00,402.88,May 2022 Pricing Master,2026-09-07T07:48:47.421676
6153,1186,8,20220501,3495.00,695.00,2800.00,402.88,May 2022 Pricing Master,2026-09-07T07:48:47.421676
6154,1187,8,20220501,3495.00,695.00,2800.00,402.88,May 2022 Pricing Master,2026-09-07T07:48:47.421676
6155,1196,8,20220501,2195.00,425.00,1770.00,416.47,May 2022 Pricing Master,2026-09-07T07:48:47.421676
6156,1195,8,20220501,2195.00,425.00,1770.00,416.47,May 2022 Pricing Master,2026-09-07T07:48:47.421676
6157,1194,8,20220501,2195.00,425.00,1770.00,416.47,May 2022 Pricing Master,2026-09-07T07:48:47.421676
6158,1197,8,20220501,2195.00,425.00,1770.00,416.47,May 2022 Pricing Master,2026-09-07T07:48:47.421676
6159,1192,8,20220501,2195.00,425.00,1770.00,416.47,May 2022 Pricing Master,2026-09-07T07:48:47.421676
6160,1193,8,20220501,2195.00,425.00,1770.00,416.47,May 2022 Pricing Master,2026-09-07T07:48:47.421676
6161,1131,8,20220501,3295.00,650.00,2645.00,406.92,May 2022 Pricing Master,2026-09-07T07:48:47.421676
6162,1130,8,20220501,3295.00,650.00,2645.00,406.92,May 2022 Pricing Master,2026-09-07T07:48:47.421676
6163,1129,8,20220501,3295.00,650.00,2645.00,406.92,May 2022 Pricing Master,2026-09-07T07:48:47.421676
6164,1132,8,20220501,3295.00,650.00,2645.00,406.92,May 2022 Pricing Master,2026-09-07T07:48:47.421676
6165,1127,8,20220501,3295.00,650.00,2645.00,406.92,May 2022 Pricing Master,2026-09-07T07:48:47.421676
6166,1128,8,20220501,3295.00,650.00,2645.00,406.92,May 2022 Pricing Master,2026-09-07T07:48:47.421676
6167,1137,8,20220501,2397.00,460.00,1937.00,421.09,May 2022 Pricing Master,2026-09-07T07:48:47.421676
6168,1136,8,20220501,2397.00,460.00,1937.00,421.09,May 2022 Pricing Master,2026-09-07T07:48:47.421676
6169,1135,8,20220501,2397.00,460.00,1937.00,421.09,May 2022 Pricing Master,2026-09-07T07:48:47.421676
6170,1138,8,20220501,2397.00,460.00,1937.00,421.09,May 2022 Pricing Master,2026-09-07T07:48:47.421676
6171,1133,8,20220501,2397.00,460.00,1937.00,421.09,May 2022 Pricing Master,2026-09-07T07:48:47.421676
6172,1134,8,20220501,2397.00,460.00,1937.00,421.09,May 2022 Pricing Master,2026-09-07T07:48:47.421676
6173,1119,8,20220501,3397.00,675.00,2722.00,403.26,May 2022 Pricing Master,2026-09-07T07:48:47.421676
6174,1118,8,20220501,3397.00,675.00,2722.00,403.26,May 2022 Pricing Master,2026-09-07T07:48:47.421676
6175,1117,8,20220501,3397.00,675.00,2722.00,403.26,May 2022 Pricing Master,2026-09-07T07:48:47.421676
6176,1120,8,20220501,3397.00,675.00,2722.00,403.26,May 2022 Pricing Master,2026-09-07T07:48:47.421676
6177,1115,8,20220501,3397.00,675.00,2722.00,403.26,May 2022 Pricing Master,2026-09-07T07:48:47.421676
6178,1116,8,20220501,3397.00,675.00,2722.00,403.26,May 2022 Pricing Master,2026-09-07T07:48:47.421676
6179,1125,8,20220501,2295.00,440.00,1855.00,421.59,May 2022 Pricing Master,2026-09-07T07:48:47.421676
6180,1124,8,20220501,2295.00,440.00,1855.00,421.59,May 2022 Pricing Master,2026-09-07T07:48:47.421676
6181,1123,8,20220501,2295.00,440.00,1855.00,421.59,May 2022 Pricing Master,2026-09-07T07:48:47.421676
6182,1126,8,20220501,2295.00,440.00,1855.00,421.59,May 2022 Pricing Master,2026-09-07T07:48:47.421676
6183,1121,8,20220501,2295.00,440.00,1855.00,421.59,May 2022 Pricing Master,2026-09-07T07:48:47.421676
6184,1122,8,20220501,2295.00,440.00,1855.00,421.59,May 2022 Pricing Master,2026-09-07T07:48:47.421676
6185,1107,8,20220501,3495.00,695.00,2800.00,402.88,May 2022 Pricing Master,2026-09-07T07:48:47.421676
6186,1106,8,20220501,3495.00,695.00,2800.00,402.88,May 2022 Pricing Master,2026-09-07T07:48:47.421676
6187,1105,8,20220501,3495.00,695.00,2800.00,402.88,May 2022 Pricing Master,2026-09-07T07:48:47.421676
6188,1108,8,20220501,3495.00,695.00,2800.00,402.88,May 2022 Pricing Master,2026-09-07T07:48:47.421676
6189,1103,8,20220501,3495.00,695.00,2800.00,402.88,May 2022 Pricing Master,2026-09-07T07:48:47.421676
6190,1104,8,20220501,3495.00,695.00,2800.00,402.88,May 2022 Pricing Master,2026-09-07T07:48:47.421676
6191,1113,8,20220501,2495.00,490.00,2005.00,409.18,May 2022 Pricing Master,2026-09-07T07:48:47.421676
6192,1112,8,20220501,2495.00,490.00,2005.00,409.18,May 2022 Pricing Master,2026-09-07T07:48:47.421676
6193,1111,8,20220501,2495.00,490.00,2005.00,409.18,May 2022 Pricing Master,2026-09-07T07:48:47.421676
6194,1114,8,20220501,2495.00,490.00,2005.00,409.18,May 2022 Pricing Master,2026-09-07T07:48:47.421676
6195,1109,8,20220501,2495.00,490.00,2005.00,409.18,May 2022 Pricing Master,2026-09-07T07:48:47.421676
6196,1110,8,20220501,2495.00,490.00,2005.00,409.18,May 2022 Pricing Master,2026-09-07T07:48:47.421676
6197,1264,8,20220501,2097.00,415.00,1682.00,405.30,May 2022 Pricing Master,2026-09-07T07:48:47.421676
6198,1263,8,20220501,2097.00,415.00,1682.00,405.30,May 2022 Pricing Master,2026-09-07T07:48:47.421676
6199,1262,8,20220501,2097.00,415.00,1682.00,405.30,May 2022 Pricing Master,2026-09-07T07:48:47.421676
6200,1265,8,20220501,2097.00,415.00,1682.00,405.30,May 2022 Pricing Master,2026-09-07T07:48:47.421676
6201,1260,8,20220501,2097.00,415.00,1682.00,405.30,May 2022 Pricing Master,2026-09-07T07:48:47.421676
6202,1261,8,20220501,2097.00,415.00,1682.00,405.30,May 2022 Pricing Master,2026-09-07T07:48:47.421676
6203,1155,8,20220501,3297.00,650.00,2647.00,407.23,May 2022 Pricing Master,2026-09-07T07:48:47.421676
6204,1154,8,20220501,3297.00,650.00,2647.00,407.23,May 2022 Pricing Master,2026-09-07T07:48:47.421676
6205,1153,8,20220501,3297.00,650.00,2647.00,407.23,May 2022 Pricing Master,2026-09-07T07:48:47.421676
6206,1156,8,20220501,3297.00,650.00,2647.00,407.23,May 2022 Pricing Master,2026-09-07T07:48:47.421676
6207,1151,8,20220501,3297.00,650.00,2647.00,407.23,May 2022 Pricing Master,2026-09-07T07:48:47.421676
6208,1152,8,20220501,3297.00,650.00,2647.00,407.23,May 2022 Pricing Master,2026-09-07T07:48:47.421676
6209,1161,8,20220501,2195.00,425.00,1770.00,416.47,May 2022 Pricing Master,2026-09-07T07:48:47.421676
6210,1160,8,20220501,2195.00,425.00,1770.00,416.47,May 2022 Pricing Master,2026-09-07T07:48:47.421676
6211,1159,8,20220501,2195.00,425.00,1770.00,416.47,May 2022 Pricing Master,2026-09-07T07:48:47.421676
6212,1162,8,20220501,2195.00,425.00,1770.00,416.47,May 2022 Pricing Master,2026-09-07T07:48:47.421676
6213,1157,8,20220501,2195.00,425.00,1770.00,416.47,May 2022 Pricing Master,2026-09-07T07:48:47.421676
6214,1158,8,20220501,2195.00,425.00,1770.00,416.47,May 2022 Pricing Master,2026-09-07T07:48:47.421676
6215,1143,8,20220501,3197.00,625.00,2572.00,411.52,May 2022 Pricing Master,2026-09-07T07:48:47.421676
6216,1142,8,20220501,3197.00,625.00,2572.00,411.52,May 2022 Pricing Master,2026-09-07T07:48:47.421676
6217,1141,8,20220501,3197.00,625.00,2572.00,411.52,May 2022 Pricing Master,2026-09-07T07:48:47.421676
6218,1144,8,20220501,3197.00,625.00,2572.00,411.52,May 2022 Pricing Master,2026-09-07T07:48:47.421676
6219,1139,8,20220501,3197.00,625.00,2572.00,411.52,May 2022 Pricing Master,2026-09-07T07:48:47.421676
6220,1140,8,20220501,3197.00,625.00,2572.00,411.52,May 2022 Pricing Master,2026-09-07T07:48:47.421676
6221,1179,8,20220501,2197.00,425.00,1772.00,416.94,May 2022 Pricing Master,2026-09-07T07:48:47.421676
6222,1178,8,20220501,2197.00,425.00,1772.00,416.94,May 2022 Pricing Master,2026-09-07T07:48:47.421676
6223,1177,8,20220501,2197.00,425.00,1772.00,416.94,May 2022 Pricing Master,2026-09-07T07:48:47.421676
6224,1180,8,20220501,2197.00,425.00,1772.00,416.94,May 2022 Pricing Master,2026-09-07T07:48:47.421676
6225,1175,8,20220501,2197.00,425.00,1772.00,416.94,May 2022 Pricing Master,2026-09-07T07:48:47.421676
6226,1176,8,20220501,2197.00,425.00,1772.00,416.94,May 2022 Pricing Master,2026-09-07T07:48:47.421676
6227,1232,8,20220501,2975.00,595.00,2380.00,400.00,May 2022 Pricing Master,2026-09-07T07:48:47.421676
6228,1231,8,20220501,2975.00,595.00,2380.00,400.00,May 2022 Pricing Master,2026-09-07T07:48:47.421676
6229,1230,8,20220501,2975.00,595.00,2380.00,400.00,May 2022 Pricing Master,2026-09-07T07:48:47.421676
6230,1233,8,20220501,2975.00,595.00,2380.00,400.00,May 2022 Pricing Master,2026-09-07T07:48:47.421676
6231,1228,8,20220501,2975.00,595.00,2380.00,400.00,May 2022 Pricing Master,2026-09-07T07:48:47.421676
6232,1229,8,20220501,2975.00,595.00,2380.00,400.00,May 2022 Pricing Master,2026-09-07T07:48:47.421676
6233,1238,8,20220501,2095.00,410.00,1685.00,410.98,May 2022 Pricing Master,2026-09-07T07:48:47.421676
6234,1237,8,20220501,2095.00,410.00,1685.00,410.98,May 2022 Pricing Master,2026-09-07T07:48:47.421676
6235,1236,8,20220501,2095.00,410.00,1685.00,410.98,May 2022 Pricing Master,2026-09-07T07:48:47.421676
6236,1239,8,20220501,2095.00,410.00,1685.00,410.98,May 2022 Pricing Master,2026-09-07T07:48:47.421676
6237,1234,8,20220501,2095.00,410.00,1685.00,410.98,May 2022 Pricing Master,2026-09-07T07:48:47.421676
6238,1235,8,20220501,2095.00,410.00,1685.00,410.98,May 2022 Pricing Master,2026-09-07T07:48:47.421676
6239,1250,8,20220501,3297.00,650.00,2647.00,407.23,May 2022 Pricing Master,2026-09-07T07:48:47.421676
6240,1249,8,20220501,3297.00,650.00,2647.00,407.23,May 2022 Pricing Master,2026-09-07T07:48:47.421676
6241,1248,8,20220501,3297.00,650.00,2647.00,407.23,May 2022 Pricing Master,2026-09-07T07:48:47.421676
6242,1251,8,20220501,3297.00,650.00,2647.00,407.23,May 2022 Pricing Master,2026-09-07T07:48:47.421676
6243,1246,8,20220501,3297.00,650.00,2647.00,407.23,May 2022 Pricing Master,2026-09-07T07:48:47.421676
6244,1247,8,20220501,3297.00,650.00,2647.00,407.23,May 2022 Pricing Master,2026-09-07T07:48:47.421676
6245,1256,8,20220501,2195.00,425.00,1770.00,416.47,May 2022 Pricing Master,2026-09-07T07:48:47.421676
6246,1255,8,20220501,2195.00,425.00,1770.00,416.47,May 2022 Pricing Master,2026-09-07T07:48:47.421676
6247,1254,8,20220501,2195.00,425.00,1770.00,416.47,May 2022 Pricing Master,2026-09-07T07:48:47.421676
6248,1257,8,20220501,2195.00,425.00,1770.00,416.47,May 2022 Pricing Master,2026-09-07T07:48:47.421676
6249,1252,8,20220501,2195.00,425.00,1770.00,416.47,May 2022 Pricing Master,2026-09-07T07:48:47.421676
6250,1253,8,20220501,2195.00,425.00,1770.00,416.47,May 2022 Pricing Master,2026-09-07T07:48:47.421676
6251,1244,8,20220501,2097.00,415.00,1682.00,405.30,May 2022 Pricing Master,2026-09-07T07:48:47.421676
6252,1243,8,20220501,2097.00,415.00,1682.00,405.30,May 2022 Pricing Master,2026-09-07T07:48:47.421676
6253,1242,8,20220501,2097.00,415.00,1682.00,405.30,May 2022 Pricing Master,2026-09-07T07:48:47.421676
6254,1245,8,20220501,2097.00,415.00,1682.00,405.30,May 2022 Pricing Master,2026-09-07T07:48:47.421676
6255,1240,8,20220501,2097.00,415.00,1682.00,405.30,May 2022 Pricing Master,2026-09-07T07:48:47.421676
6256,1241,8,20220501,2097.00,415.00,1682.00,405.30,May 2022 Pricing Master,2026-09-07T07:48:47.421676
6257,1167,8,20220501,3197.00,640.00,2557.00,399.53,May 2022 Pricing Master,2026-09-07T07:48:47.421676
6258,1166,8,20220501,3197.00,640.00,2557.00,399.53,May 2022 Pricing Master,2026-09-07T07:48:47.421676
6259,1165,8,20220501,3197.00,640.00,2557.00,399.53,May 2022 Pricing Master,2026-09-07T07:48:47.421676
6260,1168,8,20220501,3197.00,640.00,2557.00,399.53,May 2022 Pricing Master,2026-09-07T07:48:47.421676
6261,1163,8,20220501,3197.00,640.00,2557.00,399.53,May 2022 Pricing Master,2026-09-07T07:48:47.421676
6262,1164,8,20220501,3197.00,640.00,2557.00,399.53,May 2022 Pricing Master,2026-09-07T07:48:47.421676
6263,1173,8,20220501,2095.00,415.00,1680.00,404.82,May 2022 Pricing Master,2026-09-07T07:48:47.421676
6264,1172,8,20220501,2095.00,415.00,1680.00,404.82,May 2022 Pricing Master,2026-09-07T07:48:47.421676
6265,1171,8,20220501,2095.00,415.00,1680.00,404.82,May 2022 Pricing Master,2026-09-07T07:48:47.421676
6266,1174,8,20220501,2095.00,415.00,1680.00,404.82,May 2022 Pricing Master,2026-09-07T07:48:47.421676
6267,1169,8,20220501,2095.00,415.00,1680.00,404.82,May 2022 Pricing Master,2026-09-07T07:48:47.421676
6268,1170,8,20220501,2095.00,415.00,1680.00,404.82,May 2022 Pricing Master,2026-09-07T07:48:47.421676
6269,1214,8,20220501,3195.00,625.00,2570.00,411.20,May 2022 Pricing Master,2026-09-07T07:48:47.421676
6270,1213,8,20220501,3195.00,625.00,2570.00,411.20,May 2022 Pricing Master,2026-09-07T07:48:47.421676
6271,1212,8,20220501,3195.00,625.00,2570.00,411.20,May 2022 Pricing Master,2026-09-07T07:48:47.421676
6272,1215,8,20220501,3195.00,625.00,2570.00,411.20,May 2022 Pricing Master,2026-09-07T07:48:47.421676
6273,1210,8,20220501,3195.00,625.00,2570.00,411.20,May 2022 Pricing Master,2026-09-07T07:48:47.421676
6274,1211,8,20220501,3195.00,625.00,2570.00,411.20,May 2022 Pricing Master,2026-09-07T07:48:47.421676
6275,1220,8,20220501,2097.00,400.00,1697.00,424.25,May 2022 Pricing Master,2026-09-07T07:48:47.421676
6276,1219,8,20220501,2097.00,400.00,1697.00,424.25,May 2022 Pricing Master,2026-09-07T07:48:47.421676
6277,1218,8,20220501,2097.00,400.00,1697.00,424.25,May 2022 Pricing Master,2026-09-07T07:48:47.421676
6278,1221,8,20220501,2097.00,400.00,1697.00,424.25,May 2022 Pricing Master,2026-09-07T07:48:47.421676
6279,1216,8,20220501,2097.00,400.00,1697.00,424.25,May 2022 Pricing Master,2026-09-07T07:48:47.421676
6280,1217,8,20220501,2097.00,400.00,1697.00,424.25,May 2022 Pricing Master,2026-09-07T07:48:47.421676
6281,1202,8,20220501,3095.00,615.00,2480.00,403.25,May 2022 Pricing Master,2026-09-07T07:48:47.421676
6282,1201,8,20220501,3095.00,615.00,2480.00,403.25,May 2022 Pricing Master,2026-09-07T07:48:47.421676
6283,1200,8,20220501,3095.00,615.00,2480.00,403.25,May 2022 Pricing Master,2026-09-07T07:48:47.421676
6284,1203,8,20220501,3095.00,615.00,2480.00,403.25,May 2022 Pricing Master,2026-09-07T07:48:47.421676
6285,1198,8,20220501,3095.00,615.00,2480.00,403.25,May 2022 Pricing Master,2026-09-07T07:48:47.421676
6286,1199,8,20220501,3095.00,615.00,2480.00,403.25,May 2022 Pricing Master,2026-09-07T07:48:47.421676
6287,1208,8,20220501,2195.00,425.00,1770.00,416.47,May 2022 Pricing Master,2026-09-07T07:48:47.421676
6288,1207,8,20220501,2195.00,425.00,1770.00,416.47,May 2022 Pricing Master,2026-09-07T07:48:47.421676
6289,1206,8,20220501,2195.00,425.00,1770.00,416.47,May 2022 Pricing Master,2026-09-07T07:48:47.421676
6290,1209,8,20220501,2195.00,425.00,1770.00,416.47,May 2022 Pricing Master,2026-09-07T07:48:47.421676
6291,1204,8,20220501,2195.00,425.00,1770.00,416.47,May 2022 Pricing Master,2026-09-07T07:48:47.421676
6292,1205,8,20220501,2195.00,425.00,1770.00,416.47,May 2022 Pricing Master,2026-09-07T07:48:47.421676
6293,252,8,20220501,5997.00,1195.00,4802.00,401.84,May 2022 Pricing Master,2026-09-07T07:48:47.421676
6294,251,8,20220501,5997.00,1195.00,4802.00,401.84,May 2022 Pricing Master,2026-09-07T07:48:47.421676
6295,253,8,20220501,5997.00,1195.00,4802.00,401.84,May 2022 Pricing Master,2026-09-07T07:48:47.421676
6296,250,8,20220501,5997.00,1195.00,4802.00,401.84,May 2022 Pricing Master,2026-09-07T07:48:47.421676
6297,14,8,20220501,2494.00,818.00,1676.00,204.89,May 2022 Pricing Master,2026-09-07T07:48:47.421676
6298,37,8,20220501,4099.00,1044.00,3055.00,292.62,May 2022 Pricing Master,2026-09-07T07:48:47.421676
6299,13,8,20220501,2449.00,795.00,1654.00,208.05,May 2022 Pricing Master,2026-09-07T07:48:47.421676
6300,1320,8,20220501,4049.00,1395.00,2654.00,190.25,May 2022 Pricing Master,2026-09-07T07:48:47.421676
6301,1321,8,20220501,4049.00,1395.00,2654.00,190.25,May 2022 Pricing Master,2026-09-07T07:48:47.421676
6302,1319,8,20220501,4049.00,1395.00,2654.00,190.25,May 2022 Pricing Master,2026-09-07T07:48:47.421676
6303,1323,8,20220501,4049.00,1395.00,2654.00,190.25,May 2022 Pricing Master,2026-09-07T07:48:47.421676
6304,1322,8,20220501,4049.00,1395.00,2654.00,190.25,May 2022 Pricing Master,2026-09-07T07:48:47.421676
6305,1329,8,20220501,3149.00,895.00,2254.00,251.84,May 2022 Pricing Master,2026-09-07T07:48:47.421676
6306,284,8,20220501,2449.00,625.00,1824.00,291.84,May 2022 Pricing Master,2026-09-07T07:48:47.421676
6307,10,8,20220501,4549.00,1165.00,3384.00,290.47,May 2022 Pricing Master,2026-09-07T07:48:47.421676
6308,9,8,20220501,4549.00,1165.00,3384.00,290.47,May 2022 Pricing Master,2026-09-07T07:48:47.421676
6309,8,8,20220501,4549.00,1165.00,3384.00,290.47,May 2022 Pricing Master,2026-09-07T07:48:47.421676
6310,7,8,20220501,4549.00,1165.00,3384.00,290.47,May 2022 Pricing Master,2026-09-07T07:48:47.421676
6311,12,8,20220501,2449.00,795.00,1654.00,208.05,May 2022 Pricing Master,2026-09-07T07:48:47.421676
6312,3,8,20220501,299.00,150.00,149.00,99.33,May 2022 Pricing Master,2026-09-07T07:48:47.421676
6313,2,8,20220501,199.00,100.00,99.00,99.00,May 2022 Pricing Master,2026-09-07T07:48:47.421676
6314,6,8,20220501,1695.00,899.00,796.00,88.54,May 2022 Pricing Master,2026-09-07T07:48:47.421676
6315,1326,8,20220501,1695.00,699.00,996.00,142.49,May 2022 Pricing Master,2026-09-07T07:48:47.421676
6316,766,8,20220501,1595.00,381.00,1214.00,318.64,May 2022 Pricing Master,2026-09-07T07:48:47.421676
6317,735,8,20220501,2295.00,570.00,1725.00,302.63,May 2022 Pricing Master,2026-09-07T07:48:47.421676
6318,1330,8,20220501,3149.00,895.00,2254.00,251.84,May 2022 Pricing Master,2026-09-07T07:48:47.421676
6319,1328,8,20220501,3149.00,895.00,2254.00,251.84,May 2022 Pricing Master,2026-09-07T07:48:47.421676
6320,5,8,20220501,3499.00,995.00,2504.00,251.66,May 2022 Pricing Master,2026-09-07T07:48:47.421676
6321,1324,8,20220501,4049.00,1395.00,2654.00,190.25,May 2022 Pricing Master,2026-09-07T07:48:47.421676
6322,30,8,20220501,299.00,126.00,173.00,137.30,May 2022 Pricing Master,2026-09-07T07:48:47.421676
6323,32,8,20220501,499.00,252.00,247.00,98.02,May 2022 Pricing Master,2026-09-07T07:48:47.421676
6324,31,8,20220501,299.00,126.00,173.00,137.30,May 2022 Pricing Master,2026-09-07T07:48:47.421676
6325,1297,8,20220501,1995.00,500.00,1495.00,299.00,May 2022 Pricing Master,2026-09-07T07:48:47.421676
6326,1100,8,20220501,2195.00,425.00,1770.00,416.47,May 2022 Pricing Master,2026-09-07T07:48:47.421676
6327,1325,8,20220501,4899.00,1395.00,3504.00,251.18,May 2022 Pricing Master,2026-09-07T07:48:47.421676
6328,36,8,20220501,3149.00,806.00,2343.00,290.69,May 2022 Pricing Master,2026-09-07T07:48:47.421676
6329,34,8,20220501,3149.00,859.00,2290.00,266.59,May 2022 Pricing Master,2026-09-07T07:48:47.421676
6330,1259,8,20220501,2195.00,615.00,1580.00,256.91,May 2022 Pricing Master,2026-09-07T07:48:47.421676
6331,1102,8,20220501,2195.00,425.00,1770.00,416.47,May 2022 Pricing Master,2026-09-07T07:48:47.421676
6332,20,8,20220501,2494.00,818.00,1676.00,204.89,May 2022 Pricing Master,2026-09-07T07:48:47.421676
6333,1304,8,20220501,1695.00,395.00,1300.00,329.11,May 2022 Pricing Master,2026-09-07T07:48:47.421676
6334,1302,8,20220501,1695.00,395.00,1300.00,329.11,May 2022 Pricing Master,2026-09-07T07:48:47.421676
6335,1301,8,20220501,1695.00,395.00,1300.00,329.11,May 2022 Pricing Master,2026-09-07T07:48:47.421676
6336,1300,8,20220501,1695.00,395.00,1300.00,329.11,May 2022 Pricing Master,2026-09-07T07:48:47.421676
6337,1303,8,20220501,1695.00,395.00,1300.00,329.11,May 2022 Pricing Master,2026-09-07T07:48:47.421676
6338,1298,8,20220501,1695.00,395.00,1300.00,329.11,May 2022 Pricing Master,2026-09-07T07:48:47.421676
6339,1299,8,20220501,1695.00,395.00,1300.00,329.11,May 2022 Pricing Master,2026-09-07T07:48:47.421676
6340,1318,8,20220501,1995.00,425.00,1570.00,369.41,May 2022 Pricing Master,2026-09-07T07:48:47.421676
6341,1316,8,20220501,1995.00,425.00,1570.00,369.41,May 2022 Pricing Master,2026-09-07T07:48:47.421676
6342,1315,8,20220501,1995.00,425.00,1570.00,369.41,May 2022 Pricing Master,2026-09-07T07:48:47.421676
6343,1314,8,20220501,1995.00,425.00,1570.00,369.41,May 2022 Pricing Master,2026-09-07T07:48:47.421676
6344,1317,8,20220501,1995.00,425.00,1570.00,369.41,May 2022 Pricing Master,2026-09-07T07:48:47.421676
6345,1312,8,20220501,1995.00,425.00,1570.00,369.41,May 2022 Pricing Master,2026-09-07T07:48:47.421676
6346,1313,8,20220501,1995.00,425.00,1570.00,369.41,May 2022 Pricing Master,2026-09-07T07:48:47.421676
6347,1311,8,20220501,1795.00,435.00,1360.00,312.64,May 2022 Pricing Master,2026-09-07T07:48:47.421676
6348,1309,8,20220501,1795.00,435.00,1360.00,312.64,May 2022 Pricing Master,2026-09-07T07:48:47.421676
6349,1308,8,20220501,1795.00,435.00,1360.00,312.64,May 2022 Pricing Master,2026-09-07T07:48:47.421676
6350,1307,8,20220501,1795.00,435.00,1360.00,312.64,May 2022 Pricing Master,2026-09-07T07:48:47.421676
6351,1310,8,20220501,1795.00,435.00,1360.00,312.64,May 2022 Pricing Master,2026-09-07T07:48:47.421676
6352,1305,8,20220501,1795.00,435.00,1360.00,312.64,May 2022 Pricing Master,2026-09-07T07:48:47.421676
6353,1306,8,20220501,1795.00,435.00,1360.00,312.64,May 2022 Pricing Master,2026-09-07T07:48:47.421676
6354,23,8,20220501,2494.00,818.00,1676.00,204.89,May 2022 Pricing Master,2026-09-07T07:48:47.421676
6355,1101,8,20220501,2195.00,425.00,1770.00,416.47,May 2022 Pricing Master,2026-09-07T07:48:47.421676
6356,11,8,20220501,4549.00,1165.00,3384.00,290.47,May 2022 Pricing Master,2026-09-07T07:48:47.421676
6357,4,8,20220501,630.50,630.50,0.00,0.00,May 2022 Pricing Master,2026-09-07T07:48:47.421676
6358,1331,8,20220501,498.00,498.00,0.00,0.00,May 2022 Pricing Master,2026-09-07T07:48:47.421676
6359,1258,8,20220501,2195.00,615.00,1580.00,256.91,May 2022 Pricing Master,2026-09-07T07:48:47.421676
6360,1327,8,20220501,1365.00,1523.00,-158.00,-10.37,May 2022 Pricing Master,2026-09-07T07:48:47.421676
6361,33,8,20220501,733.95,733.95,0.00,0.00,May 2022 Pricing Master,2026-09-07T07:48:47.421676
6362,554,8,20220501,1995.00,425.00,1570.00,369.41,May 2022 Pricing Master,2026-09-07T07:48:47.421676
6363,537,8,20220501,1795.00,424.00,1371.00,323.35,May 2022 Pricing Master,2026-09-07T07:48:47.421676
6364,35,8,20220501,3149.00,859.00,2290.00,266.59,May 2022 Pricing Master,2026-09-07T07:48:47.421676
6365,15,8,20220501,2494.00,818.00,1676.00,204.89,May 2022 Pricing Master,2026-09-07T07:48:47.421676
6366,16,8,20220501,2494.00,818.00,1676.00,204.89,May 2022 Pricing Master,2026-09-07T07:48:47.421676
6367,17,8,20220501,2494.00,818.00,1676.00,204.89,May 2022 Pricing Master,2026-09-07T07:48:47.421676
6368,18,8,20220501,2494.00,818.00,1676.00,204.89,May 2022 Pricing Master,2026-09-07T07:48:47.421676
6369,19,8,20220501,2494.00,818.00,1676.00,204.89,May 2022 Pricing Master,2026-09-07T07:48:47.421676
6370,21,8,20220501,2494.00,818.00,1676.00,204.89,May 2022 Pricing Master,2026-09-07T07:48:47.421676
6371,22,8,20220501,2494.00,818.00,1676.00,204.89,May 2022 Pricing Master,2026-09-07T07:48:47.421676
6372,24,8,20220501,2494.00,818.00,1676.00,204.89,May 2022 Pricing Master,2026-09-07T07:48:47.421676
6373,25,8,20220501,2494.00,818.00,1676.00,204.89,May 2022 Pricing Master,2026-09-07T07:48:47.421676
6374,26,8,20220501,2494.00,818.00,1676.00,204.89,May 2022 Pricing Master,2026-09-07T07:48:47.421676
6375,27,8,20220501,2494.00,818.00,1676.00,204.89,May 2022 Pricing Master,2026-09-07T07:48:47.421676
6376,28,8,20220501,2494.00,818.00,1676.00,204.89,May 2022 Pricing Master,2026-09-07T07:48:47.421676
6377,29,8,20220501,2494.00,818.00,1676.00,204.89,May 2022 Pricing Master,2026-09-07T07:48:47.421676
6378,540,8,20220501,1795.00,424.00,1371.00,323.35,May 2022 Pricing Master,2026-09-07T07:48:47.421676
6379,1296,8,20220501,1995.00,467.00,1528.00,327.19,May 2022 Pricing Master,2026-09-07T07:48:47.421676
6380,1294,8,20220501,1995.00,467.00,1528.00,327.19,May 2022 Pricing Master,2026-09-07T07:48:47.421676
6381,1293,8,20220501,1995.00,467.00,1528.00,327.19,May 2022 Pricing Master,2026-09-07T07:48:47.421676
6382,1292,8,20220501,1995.00,467.00,1528.00,327.19,May 2022 Pricing Master,2026-09-07T07:48:47.421676
6383,1295,8,20220501,1995.00,467.00,1528.00,327.19,May 2022 Pricing Master,2026-09-07T07:48:47.421676
6384,1290,8,20220501,1995.00,467.00,1528.00,327.19,May 2022 Pricing Master,2026-09-07T07:48:47.421676
6385,1291,8,20220501,1995.00,467.00,1528.00,327.19,May 2022 Pricing Master,2026-09-07T07:48:47.421676
6386,813,9,20220501,2295.00,538.00,1757.00,326.58,May 2022 Pricing Master,2026-09-07T07:48:47.421676
6387,812,9,20220501,2295.00,538.00,1757.00,326.58,May 2022 Pricing Master,2026-09-07T07:48:47.421676
6388,811,9,20220501,2295.00,538.00,1757.00,326.58,May 2022 Pricing Master,2026-09-07T07:48:47.421676
6389,814,9,20220501,2295.00,538.00,1757.00,326.58,May 2022 Pricing Master,2026-09-07T07:48:47.421676
6390,809,9,20220501,2295.00,538.00,1757.00,326.58,May 2022 Pricing Master,2026-09-07T07:48:47.421676
6391,810,9,20220501,2295.00,538.00,1757.00,326.58,May 2022 Pricing Master,2026-09-07T07:48:47.421676
6392,914,9,20220501,2295.00,538.00,1757.00,326.58,May 2022 Pricing Master,2026-09-07T07:48:47.421676
6393,913,9,20220501,2295.00,538.00,1757.00,326.58,May 2022 Pricing Master,2026-09-07T07:48:47.421676
6394,912,9,20220501,2295.00,538.00,1757.00,326.58,May 2022 Pricing Master,2026-09-07T07:48:47.421676
6395,915,9,20220501,2295.00,538.00,1757.00,326.58,May 2022 Pricing Master,2026-09-07T07:48:47.421676
6396,910,9,20220501,2295.00,538.00,1757.00,326.58,May 2022 Pricing Master,2026-09-07T07:48:47.421676
6397,911,9,20220501,2295.00,538.00,1757.00,326.58,May 2022 Pricing Master,2026-09-07T07:48:47.421676
6398,849,9,20220501,2295.00,538.00,1757.00,326.58,May 2022 Pricing Master,2026-09-07T07:48:47.421676
6399,848,9,20220501,2295.00,538.00,1757.00,326.58,May 2022 Pricing Master,2026-09-07T07:48:47.421676
6400,847,9,20220501,2295.00,538.00,1757.00,326.58,May 2022 Pricing Master,2026-09-07T07:48:47.421676
6401,850,9,20220501,2295.00,538.00,1757.00,326.58,May 2022 Pricing Master,2026-09-07T07:48:47.421676
6402,845,9,20220501,2295.00,538.00,1757.00,326.58,May 2022 Pricing Master,2026-09-07T07:48:47.421676
6403,846,9,20220501,2295.00,538.00,1757.00,326.58,May 2022 Pricing Master,2026-09-07T07:48:47.421676
6404,860,9,20220501,2295.00,538.00,1757.00,326.58,May 2022 Pricing Master,2026-09-07T07:48:47.421676
6405,859,9,20220501,2295.00,538.00,1757.00,326.58,May 2022 Pricing Master,2026-09-07T07:48:47.421676
6406,858,9,20220501,2295.00,538.00,1757.00,326.58,May 2022 Pricing Master,2026-09-07T07:48:47.421676
6407,861,9,20220501,2295.00,538.00,1757.00,326.58,May 2022 Pricing Master,2026-09-07T07:48:47.421676
6408,856,9,20220501,2295.00,538.00,1757.00,326.58,May 2022 Pricing Master,2026-09-07T07:48:47.421676
6409,857,9,20220501,2295.00,538.00,1757.00,326.58,May 2022 Pricing Master,2026-09-07T07:48:47.421676
6410,819,9,20220501,2295.00,538.00,1757.00,326.58,May 2022 Pricing Master,2026-09-07T07:48:47.421676
6411,818,9,20220501,2295.00,538.00,1757.00,326.58,May 2022 Pricing Master,2026-09-07T07:48:47.421676
6412,817,9,20220501,2295.00,538.00,1757.00,326.58,May 2022 Pricing Master,2026-09-07T07:48:47.421676
6413,820,9,20220501,2295.00,538.00,1757.00,326.58,May 2022 Pricing Master,2026-09-07T07:48:47.421676
6414,815,9,20220501,2295.00,538.00,1757.00,326.58,May 2022 Pricing Master,2026-09-07T07:48:47.421676
6415,816,9,20220501,2295.00,538.00,1757.00,326.58,May 2022 Pricing Master,2026-09-07T07:48:47.421676
6416,789,9,20220501,2295.00,538.00,1757.00,326.58,May 2022 Pricing Master,2026-09-07T07:48:47.421676
6417,788,9,20220501,2295.00,538.00,1757.00,326.58,May 2022 Pricing Master,2026-09-07T07:48:47.421676
6418,787,9,20220501,2295.00,538.00,1757.00,326.58,May 2022 Pricing Master,2026-09-07T07:48:47.421676
6419,790,9,20220501,2295.00,538.00,1757.00,326.58,May 2022 Pricing Master,2026-09-07T07:48:47.421676
6420,785,9,20220501,2295.00,538.00,1757.00,326.58,May 2022 Pricing Master,2026-09-07T07:48:47.421676
6421,786,9,20220501,2295.00,538.00,1757.00,326.58,May 2022 Pricing Master,2026-09-07T07:48:47.421676
6422,667,9,20220501,1895.00,438.00,1457.00,332.65,May 2022 Pricing Master,2026-09-07T07:48:47.421676
6423,666,9,20220501,1895.00,438.00,1457.00,332.65,May 2022 Pricing Master,2026-09-07T07:48:47.421676
6424,665,9,20220501,1895.00,438.00,1457.00,332.65,May 2022 Pricing Master,2026-09-07T07:48:47.421676
6425,668,9,20220501,1895.00,438.00,1457.00,332.65,May 2022 Pricing Master,2026-09-07T07:48:47.421676
6426,663,9,20220501,1895.00,438.00,1457.00,332.65,May 2022 Pricing Master,2026-09-07T07:48:47.421676
6427,664,9,20220501,1895.00,438.00,1457.00,332.65,May 2022 Pricing Master,2026-09-07T07:48:47.421676
6428,727,9,20220501,1895.00,438.00,1457.00,332.65,May 2022 Pricing Master,2026-09-07T07:48:47.421676
6429,726,9,20220501,1895.00,438.00,1457.00,332.65,May 2022 Pricing Master,2026-09-07T07:48:47.421676
6430,725,9,20220501,1895.00,438.00,1457.00,332.65,May 2022 Pricing Master,2026-09-07T07:48:47.421676
6431,728,9,20220501,1895.00,438.00,1457.00,332.65,May 2022 Pricing Master,2026-09-07T07:48:47.421676
6432,723,9,20220501,1895.00,438.00,1457.00,332.65,May 2022 Pricing Master,2026-09-07T07:48:47.421676
6433,724,9,20220501,1895.00,438.00,1457.00,332.65,May 2022 Pricing Master,2026-09-07T07:48:47.421676
6434,758,9,20220501,1895.00,438.00,1457.00,332.65,May 2022 Pricing Master,2026-09-07T07:48:47.421676
6435,757,9,20220501,1895.00,438.00,1457.00,332.65,May 2022 Pricing Master,2026-09-07T07:48:47.421676
6436,756,9,20220501,1895.00,438.00,1457.00,332.65,May 2022 Pricing Master,2026-09-07T07:48:47.421676
6437,759,9,20220501,1895.00,438.00,1457.00,332.65,May 2022 Pricing Master,2026-09-07T07:48:47.421676
6438,754,9,20220501,1895.00,438.00,1457.00,332.65,May 2022 Pricing Master,2026-09-07T07:48:47.421676
6439,755,9,20220501,1895.00,438.00,1457.00,332.65,May 2022 Pricing Master,2026-09-07T07:48:47.421676
6440,890,9,20220501,1895.00,438.00,1457.00,332.65,May 2022 Pricing Master,2026-09-07T07:48:47.421676
6441,889,9,20220501,1895.00,438.00,1457.00,332.65,May 2022 Pricing Master,2026-09-07T07:48:47.421676
6442,888,9,20220501,1895.00,438.00,1457.00,332.65,May 2022 Pricing Master,2026-09-07T07:48:47.421676
6443,891,9,20220501,1895.00,438.00,1457.00,332.65,May 2022 Pricing Master,2026-09-07T07:48:47.421676
6444,886,9,20220501,1895.00,438.00,1457.00,332.65,May 2022 Pricing Master,2026-09-07T07:48:47.421676
6445,887,9,20220501,1895.00,438.00,1457.00,332.65,May 2022 Pricing Master,2026-09-07T07:48:47.421676
6446,746,9,20220501,1895.00,438.00,1457.00,332.65,May 2022 Pricing Master,2026-09-07T07:48:47.421676
6447,745,9,20220501,1895.00,438.00,1457.00,332.65,May 2022 Pricing Master,2026-09-07T07:48:47.421676
6448,744,9,20220501,1895.00,438.00,1457.00,332.65,May 2022 Pricing Master,2026-09-07T07:48:47.421676
6449,747,9,20220501,1895.00,438.00,1457.00,332.65,May 2022 Pricing Master,2026-09-07T07:48:47.421676
6450,742,9,20220501,1895.00,438.00,1457.00,332.65,May 2022 Pricing Master,2026-09-07T07:48:47.421676
6451,743,9,20220501,1895.00,438.00,1457.00,332.65,May 2022 Pricing Master,2026-09-07T07:48:47.421676
6452,715,9,20220501,1895.00,438.00,1457.00,332.65,May 2022 Pricing Master,2026-09-07T07:48:47.421676
6453,714,9,20220501,1895.00,438.00,1457.00,332.65,May 2022 Pricing Master,2026-09-07T07:48:47.421676
6454,713,9,20220501,1895.00,438.00,1457.00,332.65,May 2022 Pricing Master,2026-09-07T07:48:47.421676
6455,716,9,20220501,1895.00,438.00,1457.00,332.65,May 2022 Pricing Master,2026-09-07T07:48:47.421676
6456,711,9,20220501,1895.00,438.00,1457.00,332.65,May 2022 Pricing Master,2026-09-07T07:48:47.421676
6457,712,9,20220501,1895.00,438.00,1457.00,332.65,May 2022 Pricing Master,2026-09-07T07:48:47.421676
6458,673,9,20220501,1895.00,438.00,1457.00,332.65,May 2022 Pricing Master,2026-09-07T07:48:47.421676
6459,672,9,20220501,1895.00,438.00,1457.00,332.65,May 2022 Pricing Master,2026-09-07T07:48:47.421676
6460,671,9,20220501,1895.00,438.00,1457.00,332.65,May 2022 Pricing Master,2026-09-07T07:48:47.421676
6461,674,9,20220501,1895.00,438.00,1457.00,332.65,May 2022 Pricing Master,2026-09-07T07:48:47.421676
6462,669,9,20220501,1895.00,438.00,1457.00,332.65,May 2022 Pricing Master,2026-09-07T07:48:47.421676
6463,670,9,20220501,1895.00,438.00,1457.00,332.65,May 2022 Pricing Master,2026-09-07T07:48:47.421676
6464,831,9,20220501,1895.00,438.00,1457.00,332.65,May 2022 Pricing Master,2026-09-07T07:48:47.421676
6465,830,9,20220501,1895.00,438.00,1457.00,332.65,May 2022 Pricing Master,2026-09-07T07:48:47.421676
6466,829,9,20220501,1895.00,438.00,1457.00,332.65,May 2022 Pricing Master,2026-09-07T07:48:47.421676
6467,832,9,20220501,1895.00,438.00,1457.00,332.65,May 2022 Pricing Master,2026-09-07T07:48:47.421676
6468,827,9,20220501,1895.00,438.00,1457.00,332.65,May 2022 Pricing Master,2026-09-07T07:48:47.421676
6469,828,9,20220501,1895.00,438.00,1457.00,332.65,May 2022 Pricing Master,2026-09-07T07:48:47.421676
6470,884,9,20220501,2195.00,505.00,1690.00,334.65,May 2022 Pricing Master,2026-09-07T07:48:47.421676
6471,883,9,20220501,2195.00,505.00,1690.00,334.65,May 2022 Pricing Master,2026-09-07T07:48:47.421676
6472,882,9,20220501,2195.00,505.00,1690.00,334.65,May 2022 Pricing Master,2026-09-07T07:48:47.421676
6473,885,9,20220501,2195.00,505.00,1690.00,334.65,May 2022 Pricing Master,2026-09-07T07:48:47.421676
6474,880,9,20220501,2195.00,505.00,1690.00,334.65,May 2022 Pricing Master,2026-09-07T07:48:47.421676
6475,881,9,20220501,2195.00,505.00,1690.00,334.65,May 2022 Pricing Master,2026-09-07T07:48:47.421676
6476,783,9,20220501,2195.00,505.00,1690.00,334.65,May 2022 Pricing Master,2026-09-07T07:48:47.421676
6477,782,9,20220501,2195.00,505.00,1690.00,334.65,May 2022 Pricing Master,2026-09-07T07:48:47.421676
6478,781,9,20220501,2195.00,505.00,1690.00,334.65,May 2022 Pricing Master,2026-09-07T07:48:47.421676
6479,784,9,20220501,2195.00,505.00,1690.00,334.65,May 2022 Pricing Master,2026-09-07T07:48:47.421676
6480,779,9,20220501,2195.00,505.00,1690.00,334.65,May 2022 Pricing Master,2026-09-07T07:48:47.421676
6481,780,9,20220501,2195.00,505.00,1690.00,334.65,May 2022 Pricing Master,2026-09-07T07:48:47.421676
6482,631,9,20220501,2195.00,505.00,1690.00,334.65,May 2022 Pricing Master,2026-09-07T07:48:47.421676
6483,630,9,20220501,2195.00,505.00,1690.00,334.65,May 2022 Pricing Master,2026-09-07T07:48:47.421676
6484,629,9,20220501,2195.00,505.00,1690.00,334.65,May 2022 Pricing Master,2026-09-07T07:48:47.421676
6485,632,9,20220501,2195.00,505.00,1690.00,334.65,May 2022 Pricing Master,2026-09-07T07:48:47.421676
6486,627,9,20220501,2195.00,505.00,1690.00,334.65,May 2022 Pricing Master,2026-09-07T07:48:47.421676
6487,628,9,20220501,2195.00,505.00,1690.00,334.65,May 2022 Pricing Master,2026-09-07T07:48:47.421676
6488,896,9,20220501,2195.00,505.00,1690.00,334.65,May 2022 Pricing Master,2026-09-07T07:48:47.421676
6489,895,9,20220501,2195.00,505.00,1690.00,334.65,May 2022 Pricing Master,2026-09-07T07:48:47.421676
6490,894,9,20220501,2195.00,505.00,1690.00,334.65,May 2022 Pricing Master,2026-09-07T07:48:47.421676
6491,897,9,20220501,2195.00,505.00,1690.00,334.65,May 2022 Pricing Master,2026-09-07T07:48:47.421676
6492,892,9,20220501,2195.00,505.00,1690.00,334.65,May 2022 Pricing Master,2026-09-07T07:48:47.421676
6493,893,9,20220501,2195.00,505.00,1690.00,334.65,May 2022 Pricing Master,2026-09-07T07:48:47.421676
6494,625,9,20220501,2195.00,505.00,1690.00,334.65,May 2022 Pricing Master,2026-09-07T07:48:47.421676
6495,624,9,20220501,2195.00,505.00,1690.00,334.65,May 2022 Pricing Master,2026-09-07T07:48:47.421676
6496,623,9,20220501,2195.00,505.00,1690.00,334.65,May 2022 Pricing Master,2026-09-07T07:48:47.421676
6497,626,9,20220501,2195.00,505.00,1690.00,334.65,May 2022 Pricing Master,2026-09-07T07:48:47.421676
6498,621,9,20220501,2195.00,505.00,1690.00,334.65,May 2022 Pricing Master,2026-09-07T07:48:47.421676
6499,622,9,20220501,2195.00,505.00,1690.00,334.65,May 2022 Pricing Master,2026-09-07T07:48:47.421676
6500,908,9,20220501,2195.00,505.00,1690.00,334.65,May 2022 Pricing Master,2026-09-07T07:48:47.421676
6501,907,9,20220501,2195.00,505.00,1690.00,334.65,May 2022 Pricing Master,2026-09-07T07:48:47.421676
6502,906,9,20220501,2195.00,505.00,1690.00,334.65,May 2022 Pricing Master,2026-09-07T07:48:47.421676
6503,909,9,20220501,2195.00,505.00,1690.00,334.65,May 2022 Pricing Master,2026-09-07T07:48:47.421676
6504,904,9,20220501,2195.00,505.00,1690.00,334.65,May 2022 Pricing Master,2026-09-07T07:48:47.421676
6505,905,9,20220501,2195.00,505.00,1690.00,334.65,May 2022 Pricing Master,2026-09-07T07:48:47.421676
6506,944,9,20220501,2495.00,590.00,1905.00,322.88,May 2022 Pricing Master,2026-09-07T07:48:47.421676
6507,943,9,20220501,2495.00,590.00,1905.00,322.88,May 2022 Pricing Master,2026-09-07T07:48:47.421676
6508,942,9,20220501,2495.00,590.00,1905.00,322.88,May 2022 Pricing Master,2026-09-07T07:48:47.421676
6509,945,9,20220501,2495.00,590.00,1905.00,322.88,May 2022 Pricing Master,2026-09-07T07:48:47.421676
6510,940,9,20220501,2495.00,590.00,1905.00,322.88,May 2022 Pricing Master,2026-09-07T07:48:47.421676
6511,941,9,20220501,2495.00,590.00,1905.00,322.88,May 2022 Pricing Master,2026-09-07T07:48:47.421676
6512,938,9,20220501,2495.00,590.00,1905.00,322.88,May 2022 Pricing Master,2026-09-07T07:48:47.421676
6513,937,9,20220501,2495.00,590.00,1905.00,322.88,May 2022 Pricing Master,2026-09-07T07:48:47.421676
6514,936,9,20220501,2495.00,590.00,1905.00,322.88,May 2022 Pricing Master,2026-09-07T07:48:47.421676
6515,939,9,20220501,2495.00,590.00,1905.00,322.88,May 2022 Pricing Master,2026-09-07T07:48:47.421676
6516,934,9,20220501,2495.00,590.00,1905.00,322.88,May 2022 Pricing Master,2026-09-07T07:48:47.421676
6517,935,9,20220501,2495.00,590.00,1905.00,322.88,May 2022 Pricing Master,2026-09-07T07:48:47.421676
6518,920,9,20220501,2495.00,590.00,1905.00,322.88,May 2022 Pricing Master,2026-09-07T07:48:47.421676
6519,919,9,20220501,2495.00,590.00,1905.00,322.88,May 2022 Pricing Master,2026-09-07T07:48:47.421676
6520,918,9,20220501,2495.00,590.00,1905.00,322.88,May 2022 Pricing Master,2026-09-07T07:48:47.421676
6521,921,9,20220501,2495.00,590.00,1905.00,322.88,May 2022 Pricing Master,2026-09-07T07:48:47.421676
6522,916,9,20220501,2495.00,590.00,1905.00,322.88,May 2022 Pricing Master,2026-09-07T07:48:47.421676
6523,917,9,20220501,2495.00,590.00,1905.00,322.88,May 2022 Pricing Master,2026-09-07T07:48:47.421676
6524,968,9,20220501,2495.00,590.00,1905.00,322.88,May 2022 Pricing Master,2026-09-07T07:48:47.421676
6525,967,9,20220501,2495.00,590.00,1905.00,322.88,May 2022 Pricing Master,2026-09-07T07:48:47.421676
6526,966,9,20220501,2495.00,590.00,1905.00,322.88,May 2022 Pricing Master,2026-09-07T07:48:47.421676
6527,969,9,20220501,2495.00,590.00,1905.00,322.88,May 2022 Pricing Master,2026-09-07T07:48:47.421676
6528,964,9,20220501,2495.00,590.00,1905.00,322.88,May 2022 Pricing Master,2026-09-07T07:48:47.421676
6529,965,9,20220501,2495.00,590.00,1905.00,322.88,May 2022 Pricing Master,2026-09-07T07:48:47.421676
6530,932,9,20220501,2495.00,590.00,1905.00,322.88,May 2022 Pricing Master,2026-09-07T07:48:47.421676
6531,931,9,20220501,2495.00,590.00,1905.00,322.88,May 2022 Pricing Master,2026-09-07T07:48:47.421676
6532,930,9,20220501,2495.00,590.00,1905.00,322.88,May 2022 Pricing Master,2026-09-07T07:48:47.421676
6533,933,9,20220501,2495.00,590.00,1905.00,322.88,May 2022 Pricing Master,2026-09-07T07:48:47.421676
6534,928,9,20220501,2495.00,590.00,1905.00,322.88,May 2022 Pricing Master,2026-09-07T07:48:47.421676
6535,929,9,20220501,2495.00,590.00,1905.00,322.88,May 2022 Pricing Master,2026-09-07T07:48:47.421676
6536,956,9,20220501,2495.00,590.00,1905.00,322.88,May 2022 Pricing Master,2026-09-07T07:48:47.421676
6537,955,9,20220501,2495.00,590.00,1905.00,322.88,May 2022 Pricing Master,2026-09-07T07:48:47.421676
6538,954,9,20220501,2495.00,590.00,1905.00,322.88,May 2022 Pricing Master,2026-09-07T07:48:47.421676
6539,957,9,20220501,2495.00,590.00,1905.00,322.88,May 2022 Pricing Master,2026-09-07T07:48:47.421676
6540,952,9,20220501,2495.00,590.00,1905.00,322.88,May 2022 Pricing Master,2026-09-07T07:48:47.421676
6541,953,9,20220501,2495.00,590.00,1905.00,322.88,May 2022 Pricing Master,2026-09-07T07:48:47.421676
6542,926,9,20220501,2495.00,590.00,1905.00,322.88,May 2022 Pricing Master,2026-09-07T07:48:47.421676
6543,925,9,20220501,2495.00,590.00,1905.00,322.88,May 2022 Pricing Master,2026-09-07T07:48:47.421676
6544,924,9,20220501,2495.00,590.00,1905.00,322.88,May 2022 Pricing Master,2026-09-07T07:48:47.421676
6545,927,9,20220501,2495.00,590.00,1905.00,322.88,May 2022 Pricing Master,2026-09-07T07:48:47.421676
6546,922,9,20220501,2495.00,590.00,1905.00,322.88,May 2022 Pricing Master,2026-09-07T07:48:47.421676
6547,923,9,20220501,2495.00,590.00,1905.00,322.88,May 2022 Pricing Master,2026-09-07T07:48:47.421676
6548,950,9,20220501,2495.00,590.00,1905.00,322.88,May 2022 Pricing Master,2026-09-07T07:48:47.421676
6549,949,9,20220501,2495.00,590.00,1905.00,322.88,May 2022 Pricing Master,2026-09-07T07:48:47.421676
6550,948,9,20220501,2495.00,590.00,1905.00,322.88,May 2022 Pricing Master,2026-09-07T07:48:47.421676
6551,951,9,20220501,2495.00,590.00,1905.00,322.88,May 2022 Pricing Master,2026-09-07T07:48:47.421676
6552,946,9,20220501,2495.00,590.00,1905.00,322.88,May 2022 Pricing Master,2026-09-07T07:48:47.421676
6553,947,9,20220501,2495.00,590.00,1905.00,322.88,May 2022 Pricing Master,2026-09-07T07:48:47.421676
6554,777,9,20220501,1595.00,381.00,1214.00,318.64,May 2022 Pricing Master,2026-09-07T07:48:47.421676
6555,776,9,20220501,1595.00,381.00,1214.00,318.64,May 2022 Pricing Master,2026-09-07T07:48:47.421676
6556,775,9,20220501,1595.00,381.00,1214.00,318.64,May 2022 Pricing Master,2026-09-07T07:48:47.421676
6557,778,9,20220501,1595.00,381.00,1214.00,318.64,May 2022 Pricing Master,2026-09-07T07:48:47.421676
6558,773,9,20220501,1595.00,381.00,1214.00,318.64,May 2022 Pricing Master,2026-09-07T07:48:47.421676
6559,774,9,20220501,1595.00,381.00,1214.00,318.64,May 2022 Pricing Master,2026-09-07T07:48:47.421676
6560,709,9,20220501,1595.00,381.00,1214.00,318.64,May 2022 Pricing Master,2026-09-07T07:48:47.421676
6561,708,9,20220501,1595.00,381.00,1214.00,318.64,May 2022 Pricing Master,2026-09-07T07:48:47.421676
6562,707,9,20220501,1595.00,381.00,1214.00,318.64,May 2022 Pricing Master,2026-09-07T07:48:47.421676
6563,710,9,20220501,1595.00,381.00,1214.00,318.64,May 2022 Pricing Master,2026-09-07T07:48:47.421676
6564,705,9,20220501,1595.00,381.00,1214.00,318.64,May 2022 Pricing Master,2026-09-07T07:48:47.421676
6565,706,9,20220501,1595.00,381.00,1214.00,318.64,May 2022 Pricing Master,2026-09-07T07:48:47.421676
6566,825,9,20220501,1595.00,381.00,1214.00,318.64,May 2022 Pricing Master,2026-09-07T07:48:47.421676
6567,824,9,20220501,1595.00,381.00,1214.00,318.64,May 2022 Pricing Master,2026-09-07T07:48:47.421676
6568,823,9,20220501,1595.00,381.00,1214.00,318.64,May 2022 Pricing Master,2026-09-07T07:48:47.421676
6569,826,9,20220501,1595.00,381.00,1214.00,318.64,May 2022 Pricing Master,2026-09-07T07:48:47.421676
6570,821,9,20220501,1595.00,381.00,1214.00,318.64,May 2022 Pricing Master,2026-09-07T07:48:47.421676
6571,822,9,20220501,1595.00,381.00,1214.00,318.64,May 2022 Pricing Master,2026-09-07T07:48:47.421676
6572,679,9,20220501,1595.00,381.00,1214.00,318.64,May 2022 Pricing Master,2026-09-07T07:48:47.421676
6573,678,9,20220501,1595.00,381.00,1214.00,318.64,May 2022 Pricing Master,2026-09-07T07:48:47.421676
6574,677,9,20220501,1595.00,381.00,1214.00,318.64,May 2022 Pricing Master,2026-09-07T07:48:47.421676
6575,680,9,20220501,1595.00,381.00,1214.00,318.64,May 2022 Pricing Master,2026-09-07T07:48:47.421676
6576,675,9,20220501,1595.00,381.00,1214.00,318.64,May 2022 Pricing Master,2026-09-07T07:48:47.421676
6577,676,9,20220501,1595.00,381.00,1214.00,318.64,May 2022 Pricing Master,2026-09-07T07:48:47.421676
6578,764,9,20220501,1595.00,381.00,1214.00,318.64,May 2022 Pricing Master,2026-09-07T07:48:47.421676
6579,763,9,20220501,1595.00,381.00,1214.00,318.64,May 2022 Pricing Master,2026-09-07T07:48:47.421676
6580,762,9,20220501,1595.00,381.00,1214.00,318.64,May 2022 Pricing Master,2026-09-07T07:48:47.421676
6581,765,9,20220501,1595.00,381.00,1214.00,318.64,May 2022 Pricing Master,2026-09-07T07:48:47.421676
6582,760,9,20220501,1595.00,381.00,1214.00,318.64,May 2022 Pricing Master,2026-09-07T07:48:47.421676
6583,761,9,20220501,1595.00,381.00,1214.00,318.64,May 2022 Pricing Master,2026-09-07T07:48:47.421676
6584,771,9,20220501,1595.00,381.00,1214.00,318.64,May 2022 Pricing Master,2026-09-07T07:48:47.421676
6585,770,9,20220501,1595.00,381.00,1214.00,318.64,May 2022 Pricing Master,2026-09-07T07:48:47.421676
6586,769,9,20220501,1595.00,381.00,1214.00,318.64,May 2022 Pricing Master,2026-09-07T07:48:47.421676
6587,772,9,20220501,1595.00,381.00,1214.00,318.64,May 2022 Pricing Master,2026-09-07T07:48:47.421676
6588,767,9,20220501,1595.00,381.00,1214.00,318.64,May 2022 Pricing Master,2026-09-07T07:48:47.421676
6589,768,9,20220501,1595.00,381.00,1214.00,318.64,May 2022 Pricing Master,2026-09-07T07:48:47.421676
6590,601,9,20220501,1595.00,381.00,1214.00,318.64,May 2022 Pricing Master,2026-09-07T07:48:47.421676
6591,600,9,20220501,1595.00,381.00,1214.00,318.64,May 2022 Pricing Master,2026-09-07T07:48:47.421676
6592,599,9,20220501,1595.00,381.00,1214.00,318.64,May 2022 Pricing Master,2026-09-07T07:48:47.421676
6593,602,9,20220501,1595.00,381.00,1214.00,318.64,May 2022 Pricing Master,2026-09-07T07:48:47.421676
6594,597,9,20220501,1595.00,381.00,1214.00,318.64,May 2022 Pricing Master,2026-09-07T07:48:47.421676
6595,598,9,20220501,1595.00,381.00,1214.00,318.64,May 2022 Pricing Master,2026-09-07T07:48:47.421676
6596,980,9,20220501,3995.00,952.00,3043.00,319.64,May 2022 Pricing Master,2026-09-07T07:48:47.421676
6597,979,9,20220501,3995.00,952.00,3043.00,319.64,May 2022 Pricing Master,2026-09-07T07:48:47.421676
6598,978,9,20220501,3995.00,952.00,3043.00,319.64,May 2022 Pricing Master,2026-09-07T07:48:47.421676
6599,981,9,20220501,3995.00,952.00,3043.00,319.64,May 2022 Pricing Master,2026-09-07T07:48:47.421676
6600,976,9,20220501,3995.00,952.00,3043.00,319.64,May 2022 Pricing Master,2026-09-07T07:48:47.421676
6601,977,9,20220501,3995.00,952.00,3043.00,319.64,May 2022 Pricing Master,2026-09-07T07:48:47.421676
6602,974,9,20220501,3995.00,952.00,3043.00,319.64,May 2022 Pricing Master,2026-09-07T07:48:47.421676
6603,973,9,20220501,3995.00,952.00,3043.00,319.64,May 2022 Pricing Master,2026-09-07T07:48:47.421676
6604,972,9,20220501,3995.00,952.00,3043.00,319.64,May 2022 Pricing Master,2026-09-07T07:48:47.421676
6605,975,9,20220501,3995.00,952.00,3043.00,319.64,May 2022 Pricing Master,2026-09-07T07:48:47.421676
6606,970,9,20220501,3995.00,952.00,3043.00,319.64,May 2022 Pricing Master,2026-09-07T07:48:47.421676
6607,971,9,20220501,3995.00,952.00,3043.00,319.64,May 2022 Pricing Master,2026-09-07T07:48:47.421676
6608,655,9,20220501,2395.00,570.00,1825.00,320.18,May 2022 Pricing Master,2026-09-07T07:48:47.421676
6609,654,9,20220501,2395.00,570.00,1825.00,320.18,May 2022 Pricing Master,2026-09-07T07:48:47.421676
6610,653,9,20220501,2395.00,570.00,1825.00,320.18,May 2022 Pricing Master,2026-09-07T07:48:47.421676
6611,656,9,20220501,2395.00,570.00,1825.00,320.18,May 2022 Pricing Master,2026-09-07T07:48:47.421676
6612,651,9,20220501,2395.00,570.00,1825.00,320.18,May 2022 Pricing Master,2026-09-07T07:48:47.421676
6613,652,9,20220501,2395.00,570.00,1825.00,320.18,May 2022 Pricing Master,2026-09-07T07:48:47.421676
6614,837,9,20220501,2195.00,519.00,1676.00,322.93,May 2022 Pricing Master,2026-09-07T07:48:47.421676
6615,836,9,20220501,2195.00,519.00,1676.00,322.93,May 2022 Pricing Master,2026-09-07T07:48:47.421676
6616,835,9,20220501,2195.00,519.00,1676.00,322.93,May 2022 Pricing Master,2026-09-07T07:48:47.421676
6617,838,9,20220501,2195.00,519.00,1676.00,322.93,May 2022 Pricing Master,2026-09-07T07:48:47.421676
6618,833,9,20220501,2195.00,519.00,1676.00,322.93,May 2022 Pricing Master,2026-09-07T07:48:47.421676
6619,834,9,20220501,2195.00,519.00,1676.00,322.93,May 2022 Pricing Master,2026-09-07T07:48:47.421676
6620,643,9,20220501,2995.00,714.00,2281.00,319.47,May 2022 Pricing Master,2026-09-07T07:48:47.421676
6621,642,9,20220501,2995.00,714.00,2281.00,319.47,May 2022 Pricing Master,2026-09-07T07:48:47.421676
6622,641,9,20220501,2995.00,714.00,2281.00,319.47,May 2022 Pricing Master,2026-09-07T07:48:47.421676
6623,644,9,20220501,2995.00,714.00,2281.00,319.47,May 2022 Pricing Master,2026-09-07T07:48:47.421676
6624,639,9,20220501,2995.00,714.00,2281.00,319.47,May 2022 Pricing Master,2026-09-07T07:48:47.421676
6625,640,9,20220501,2995.00,714.00,2281.00,319.47,May 2022 Pricing Master,2026-09-07T07:48:47.421676
6626,661,9,20220501,2195.00,519.00,1676.00,322.93,May 2022 Pricing Master,2026-09-07T07:48:47.421676
6627,660,9,20220501,2195.00,519.00,1676.00,322.93,May 2022 Pricing Master,2026-09-07T07:48:47.421676
6628,659,9,20220501,2195.00,519.00,1676.00,322.93,May 2022 Pricing Master,2026-09-07T07:48:47.421676
6629,662,9,20220501,2195.00,519.00,1676.00,322.93,May 2022 Pricing Master,2026-09-07T07:48:47.421676
6630,657,9,20220501,2195.00,519.00,1676.00,322.93,May 2022 Pricing Master,2026-09-07T07:48:47.421676
6631,658,9,20220501,2195.00,519.00,1676.00,322.93,May 2022 Pricing Master,2026-09-07T07:48:47.421676
6632,649,9,20220501,2495.00,595.00,1900.00,319.33,May 2022 Pricing Master,2026-09-07T07:48:47.421676
6633,648,9,20220501,2495.00,595.00,1900.00,319.33,May 2022 Pricing Master,2026-09-07T07:48:47.421676
6634,647,9,20220501,2495.00,595.00,1900.00,319.33,May 2022 Pricing Master,2026-09-07T07:48:47.421676
6635,650,9,20220501,2495.00,595.00,1900.00,319.33,May 2022 Pricing Master,2026-09-07T07:48:47.421676
6636,645,9,20220501,2495.00,595.00,1900.00,319.33,May 2022 Pricing Master,2026-09-07T07:48:47.421676
6637,646,9,20220501,2495.00,595.00,1900.00,319.33,May 2022 Pricing Master,2026-09-07T07:48:47.421676
6638,843,9,20220501,1995.00,467.00,1528.00,327.19,May 2022 Pricing Master,2026-09-07T07:48:47.421676
6639,842,9,20220501,1995.00,467.00,1528.00,327.19,May 2022 Pricing Master,2026-09-07T07:48:47.421676
6640,841,9,20220501,1995.00,467.00,1528.00,327.19,May 2022 Pricing Master,2026-09-07T07:48:47.421676
6641,844,9,20220501,1995.00,467.00,1528.00,327.19,May 2022 Pricing Master,2026-09-07T07:48:47.421676
6642,839,9,20220501,1995.00,467.00,1528.00,327.19,May 2022 Pricing Master,2026-09-07T07:48:47.421676
6643,840,9,20220501,1995.00,467.00,1528.00,327.19,May 2022 Pricing Master,2026-09-07T07:48:47.421676
6644,607,9,20220501,2395.00,552.00,1843.00,333.88,May 2022 Pricing Master,2026-09-07T07:48:47.421676
6645,606,9,20220501,2395.00,552.00,1843.00,333.88,May 2022 Pricing Master,2026-09-07T07:48:47.421676
6646,605,9,20220501,2395.00,552.00,1843.00,333.88,May 2022 Pricing Master,2026-09-07T07:48:47.421676
6647,608,9,20220501,2395.00,552.00,1843.00,333.88,May 2022 Pricing Master,2026-09-07T07:48:47.421676
6648,603,9,20220501,2395.00,552.00,1843.00,333.88,May 2022 Pricing Master,2026-09-07T07:48:47.421676
6649,604,9,20220501,2395.00,552.00,1843.00,333.88,May 2022 Pricing Master,2026-09-07T07:48:47.421676
6650,685,9,20220501,2295.00,529.00,1766.00,333.84,May 2022 Pricing Master,2026-09-07T07:48:47.421676
6651,684,9,20220501,2295.00,529.00,1766.00,333.84,May 2022 Pricing Master,2026-09-07T07:48:47.421676
6652,683,9,20220501,2295.00,529.00,1766.00,333.84,May 2022 Pricing Master,2026-09-07T07:48:47.421676
6653,686,9,20220501,2295.00,529.00,1766.00,333.84,May 2022 Pricing Master,2026-09-07T07:48:47.421676
6654,681,9,20220501,2295.00,529.00,1766.00,333.84,May 2022 Pricing Master,2026-09-07T07:48:47.421676
6655,682,9,20220501,2295.00,529.00,1766.00,333.84,May 2022 Pricing Master,2026-09-07T07:48:47.421676
6656,962,9,20220501,2795.00,662.00,2133.00,322.21,May 2022 Pricing Master,2026-09-07T07:48:47.421676
6657,961,9,20220501,2795.00,662.00,2133.00,322.21,May 2022 Pricing Master,2026-09-07T07:48:47.421676
6658,960,9,20220501,2795.00,662.00,2133.00,322.21,May 2022 Pricing Master,2026-09-07T07:48:47.421676
6659,963,9,20220501,2795.00,662.00,2133.00,322.21,May 2022 Pricing Master,2026-09-07T07:48:47.421676
6660,958,9,20220501,2795.00,662.00,2133.00,322.21,May 2022 Pricing Master,2026-09-07T07:48:47.421676
6661,959,9,20220501,2795.00,662.00,2133.00,322.21,May 2022 Pricing Master,2026-09-07T07:48:47.421676
6662,697,9,20220501,2295.00,538.00,1757.00,326.58,May 2022 Pricing Master,2026-09-07T07:48:47.421676
6663,696,9,20220501,2295.00,538.00,1757.00,326.58,May 2022 Pricing Master,2026-09-07T07:48:47.421676
6664,695,9,20220501,2295.00,538.00,1757.00,326.58,May 2022 Pricing Master,2026-09-07T07:48:47.421676
6665,698,9,20220501,2295.00,538.00,1757.00,326.58,May 2022 Pricing Master,2026-09-07T07:48:47.421676
6666,693,9,20220501,2295.00,538.00,1757.00,326.58,May 2022 Pricing Master,2026-09-07T07:48:47.421676
6667,694,9,20220501,2295.00,538.00,1757.00,326.58,May 2022 Pricing Master,2026-09-07T07:48:47.421676
6668,691,9,20220501,2295.00,529.00,1766.00,333.84,May 2022 Pricing Master,2026-09-07T07:48:47.421676
6669,690,9,20220501,2295.00,529.00,1766.00,333.84,May 2022 Pricing Master,2026-09-07T07:48:47.421676
6670,689,9,20220501,2295.00,529.00,1766.00,333.84,May 2022 Pricing Master,2026-09-07T07:48:47.421676
6671,692,9,20220501,2295.00,529.00,1766.00,333.84,May 2022 Pricing Master,2026-09-07T07:48:47.421676
6672,687,9,20220501,2295.00,529.00,1766.00,333.84,May 2022 Pricing Master,2026-09-07T07:48:47.421676
6673,688,9,20220501,2295.00,529.00,1766.00,333.84,May 2022 Pricing Master,2026-09-07T07:48:47.421676
6674,721,9,20220501,2295.00,570.00,1725.00,302.63,May 2022 Pricing Master,2026-09-07T07:48:47.421676
6675,720,9,20220501,2295.00,570.00,1725.00,302.63,May 2022 Pricing Master,2026-09-07T07:48:47.421676
6676,719,9,20220501,2295.00,570.00,1725.00,302.63,May 2022 Pricing Master,2026-09-07T07:48:47.421676
6677,722,9,20220501,2295.00,570.00,1725.00,302.63,May 2022 Pricing Master,2026-09-07T07:48:47.421676
6678,717,9,20220501,2295.00,570.00,1725.00,302.63,May 2022 Pricing Master,2026-09-07T07:48:47.421676
6679,718,9,20220501,2295.00,570.00,1725.00,302.63,May 2022 Pricing Master,2026-09-07T07:48:47.421676
6680,733,9,20220501,2295.00,570.00,1725.00,302.63,May 2022 Pricing Master,2026-09-07T07:48:47.421676
6681,732,9,20220501,2295.00,570.00,1725.00,302.63,May 2022 Pricing Master,2026-09-07T07:48:47.421676
6682,731,9,20220501,2295.00,570.00,1725.00,302.63,May 2022 Pricing Master,2026-09-07T07:48:47.421676
6683,734,9,20220501,2295.00,570.00,1725.00,302.63,May 2022 Pricing Master,2026-09-07T07:48:47.421676
6684,729,9,20220501,2295.00,570.00,1725.00,302.63,May 2022 Pricing Master,2026-09-07T07:48:47.421676
6685,730,9,20220501,2295.00,570.00,1725.00,302.63,May 2022 Pricing Master,2026-09-07T07:48:47.421676
6686,613,9,20220501,2295.00,570.00,1725.00,302.63,May 2022 Pricing Master,2026-09-07T07:48:47.421676
6687,612,9,20220501,2295.00,570.00,1725.00,302.63,May 2022 Pricing Master,2026-09-07T07:48:47.421676
6688,611,9,20220501,2295.00,570.00,1725.00,302.63,May 2022 Pricing Master,2026-09-07T07:48:47.421676
6689,614,9,20220501,2295.00,570.00,1725.00,302.63,May 2022 Pricing Master,2026-09-07T07:48:47.421676
6690,609,9,20220501,2295.00,570.00,1725.00,302.63,May 2022 Pricing Master,2026-09-07T07:48:47.421676
6691,610,9,20220501,2295.00,570.00,1725.00,302.63,May 2022 Pricing Master,2026-09-07T07:48:47.421676
6692,637,9,20220501,3095.00,724.00,2371.00,327.49,May 2022 Pricing Master,2026-09-07T07:48:47.421676
6693,636,9,20220501,3095.00,724.00,2371.00,327.49,May 2022 Pricing Master,2026-09-07T07:48:47.421676
6694,635,9,20220501,3095.00,724.00,2371.00,327.49,May 2022 Pricing Master,2026-09-07T07:48:47.421676
6695,638,9,20220501,3095.00,724.00,2371.00,327.49,May 2022 Pricing Master,2026-09-07T07:48:47.421676
6696,633,9,20220501,3095.00,724.00,2371.00,327.49,May 2022 Pricing Master,2026-09-07T07:48:47.421676
6697,634,9,20220501,3095.00,724.00,2371.00,327.49,May 2022 Pricing Master,2026-09-07T07:48:47.421676
6698,752,9,20220501,2295.00,538.00,1757.00,326.58,May 2022 Pricing Master,2026-09-07T07:48:47.421676
6699,751,9,20220501,2295.00,538.00,1757.00,326.58,May 2022 Pricing Master,2026-09-07T07:48:47.421676
6700,750,9,20220501,2295.00,538.00,1757.00,326.58,May 2022 Pricing Master,2026-09-07T07:48:47.421676
6701,753,9,20220501,2295.00,538.00,1757.00,326.58,May 2022 Pricing Master,2026-09-07T07:48:47.421676
6702,748,9,20220501,2295.00,538.00,1757.00,326.58,May 2022 Pricing Master,2026-09-07T07:48:47.421676
6703,749,9,20220501,2295.00,538.00,1757.00,326.58,May 2022 Pricing Master,2026-09-07T07:48:47.421676
6704,740,9,20220501,2395.00,570.00,1825.00,320.18,May 2022 Pricing Master,2026-09-07T07:48:47.421676
6705,739,9,20220501,2395.00,570.00,1825.00,320.18,May 2022 Pricing Master,2026-09-07T07:48:47.421676
6706,738,9,20220501,2395.00,570.00,1825.00,320.18,May 2022 Pricing Master,2026-09-07T07:48:47.421676
6707,741,9,20220501,2395.00,570.00,1825.00,320.18,May 2022 Pricing Master,2026-09-07T07:48:47.421676
6708,736,9,20220501,2395.00,570.00,1825.00,320.18,May 2022 Pricing Master,2026-09-07T07:48:47.421676
6709,737,9,20220501,2395.00,570.00,1825.00,320.18,May 2022 Pricing Master,2026-09-07T07:48:47.421676
6710,807,9,20220501,2395.00,570.00,1825.00,320.18,May 2022 Pricing Master,2026-09-07T07:48:47.421676
6711,806,9,20220501,2395.00,570.00,1825.00,320.18,May 2022 Pricing Master,2026-09-07T07:48:47.421676
6712,805,9,20220501,2395.00,570.00,1825.00,320.18,May 2022 Pricing Master,2026-09-07T07:48:47.421676
6713,808,9,20220501,2395.00,570.00,1825.00,320.18,May 2022 Pricing Master,2026-09-07T07:48:47.421676
6714,803,9,20220501,2395.00,570.00,1825.00,320.18,May 2022 Pricing Master,2026-09-07T07:48:47.421676
6715,804,9,20220501,2395.00,570.00,1825.00,320.18,May 2022 Pricing Master,2026-09-07T07:48:47.421676
6716,795,9,20220501,2395.00,529.00,1866.00,352.74,May 2022 Pricing Master,2026-09-07T07:48:47.421676
6717,794,9,20220501,2395.00,529.00,1866.00,352.74,May 2022 Pricing Master,2026-09-07T07:48:47.421676
6718,793,9,20220501,2395.00,529.00,1866.00,352.74,May 2022 Pricing Master,2026-09-07T07:48:47.421676
6719,796,9,20220501,2395.00,529.00,1866.00,352.74,May 2022 Pricing Master,2026-09-07T07:48:47.421676
6720,791,9,20220501,2395.00,529.00,1866.00,352.74,May 2022 Pricing Master,2026-09-07T07:48:47.421676
6721,792,9,20220501,2395.00,529.00,1866.00,352.74,May 2022 Pricing Master,2026-09-07T07:48:47.421676
6722,801,9,20220501,2395.00,529.00,1866.00,352.74,May 2022 Pricing Master,2026-09-07T07:48:47.421676
6723,800,9,20220501,2395.00,529.00,1866.00,352.74,May 2022 Pricing Master,2026-09-07T07:48:47.421676
6724,799,9,20220501,2395.00,529.00,1866.00,352.74,May 2022 Pricing Master,2026-09-07T07:48:47.421676
6725,802,9,20220501,2395.00,529.00,1866.00,352.74,May 2022 Pricing Master,2026-09-07T07:48:47.421676
6726,797,9,20220501,2395.00,529.00,1866.00,352.74,May 2022 Pricing Master,2026-09-07T07:48:47.421676
6727,798,9,20220501,2395.00,529.00,1866.00,352.74,May 2022 Pricing Master,2026-09-07T07:48:47.421676
6728,538,9,20220501,1895.00,424.00,1471.00,346.93,May 2022 Pricing Master,2026-09-07T07:48:47.421676
6729,536,9,20220501,1895.00,424.00,1471.00,346.93,May 2022 Pricing Master,2026-09-07T07:48:47.421676
6730,535,9,20220501,1895.00,424.00,1471.00,346.93,May 2022 Pricing Master,2026-09-07T07:48:47.421676
6731,539,9,20220501,1895.00,424.00,1471.00,346.93,May 2022 Pricing Master,2026-09-07T07:48:47.421676
6732,533,9,20220501,1895.00,424.00,1471.00,346.93,May 2022 Pricing Master,2026-09-07T07:48:47.421676
6733,534,9,20220501,1895.00,424.00,1471.00,346.93,May 2022 Pricing Master,2026-09-07T07:48:47.421676
6734,551,9,20220501,1895.00,424.00,1471.00,346.93,May 2022 Pricing Master,2026-09-07T07:48:47.421676
6735,657,4,20220501,2195.00,519.00,1676.00,322.93,May 2022 Pricing Master,2026-09-07T07:48:47.421676
6736,658,4,20220501,2195.00,519.00,1676.00,322.93,May 2022 Pricing Master,2026-09-07T07:48:47.421676
6737,649,4,20220501,2495.00,595.00,1900.00,319.33,May 2022 Pricing Master,2026-09-07T07:48:47.421676
6738,648,4,20220501,2495.00,595.00,1900.00,319.33,May 2022 Pricing Master,2026-09-07T07:48:47.421676
6739,647,4,20220501,2495.00,595.00,1900.00,319.33,May 2022 Pricing Master,2026-09-07T07:48:47.421676
6740,650,4,20220501,2495.00,595.00,1900.00,319.33,May 2022 Pricing Master,2026-09-07T07:48:47.421676
6741,645,4,20220501,2495.00,595.00,1900.00,319.33,May 2022 Pricing Master,2026-09-07T07:48:47.421676
6742,646,4,20220501,2495.00,595.00,1900.00,319.33,May 2022 Pricing Master,2026-09-07T07:48:47.421676
6743,843,4,20220501,1995.00,467.00,1528.00,327.19,May 2022 Pricing Master,2026-09-07T07:48:47.421676
6744,842,4,20220501,1995.00,467.00,1528.00,327.19,May 2022 Pricing Master,2026-09-07T07:48:47.421676
6745,841,4,20220501,1995.00,467.00,1528.00,327.19,May 2022 Pricing Master,2026-09-07T07:48:47.421676
6746,844,4,20220501,1995.00,467.00,1528.00,327.19,May 2022 Pricing Master,2026-09-07T07:48:47.421676
6747,839,4,20220501,1995.00,467.00,1528.00,327.19,May 2022 Pricing Master,2026-09-07T07:48:47.421676
6748,840,4,20220501,1995.00,467.00,1528.00,327.19,May 2022 Pricing Master,2026-09-07T07:48:47.421676
6749,607,4,20220501,2395.00,552.00,1843.00,333.88,May 2022 Pricing Master,2026-09-07T07:48:47.421676
6750,606,4,20220501,2395.00,552.00,1843.00,333.88,May 2022 Pricing Master,2026-09-07T07:48:47.421676
6751,605,4,20220501,2395.00,552.00,1843.00,333.88,May 2022 Pricing Master,2026-09-07T07:48:47.421676
6752,608,4,20220501,2395.00,552.00,1843.00,333.88,May 2022 Pricing Master,2026-09-07T07:48:47.421676
6753,603,4,20220501,2395.00,552.00,1843.00,333.88,May 2022 Pricing Master,2026-09-07T07:48:47.421676
6754,604,4,20220501,2395.00,552.00,1843.00,333.88,May 2022 Pricing Master,2026-09-07T07:48:47.421676
6755,685,4,20220501,2295.00,529.00,1766.00,333.84,May 2022 Pricing Master,2026-09-07T07:48:47.421676
6756,684,4,20220501,2295.00,529.00,1766.00,333.84,May 2022 Pricing Master,2026-09-07T07:48:47.421676
6757,683,4,20220501,2295.00,529.00,1766.00,333.84,May 2022 Pricing Master,2026-09-07T07:48:47.421676
6758,686,4,20220501,2295.00,529.00,1766.00,333.84,May 2022 Pricing Master,2026-09-07T07:48:47.421676
6759,681,4,20220501,2295.00,529.00,1766.00,333.84,May 2022 Pricing Master,2026-09-07T07:48:47.421676
6760,682,4,20220501,2295.00,529.00,1766.00,333.84,May 2022 Pricing Master,2026-09-07T07:48:47.421676
6761,962,4,20220501,2795.00,662.00,2133.00,322.21,May 2022 Pricing Master,2026-09-07T07:48:47.421676
6762,961,4,20220501,2795.00,662.00,2133.00,322.21,May 2022 Pricing Master,2026-09-07T07:48:47.421676
6763,960,4,20220501,2795.00,662.00,2133.00,322.21,May 2022 Pricing Master,2026-09-07T07:48:47.421676
6764,963,4,20220501,2795.00,662.00,2133.00,322.21,May 2022 Pricing Master,2026-09-07T07:48:47.421676
6765,958,4,20220501,2795.00,662.00,2133.00,322.21,May 2022 Pricing Master,2026-09-07T07:48:47.421676
6766,959,4,20220501,2795.00,662.00,2133.00,322.21,May 2022 Pricing Master,2026-09-07T07:48:47.421676
6767,697,4,20220501,2295.00,538.00,1757.00,326.58,May 2022 Pricing Master,2026-09-07T07:48:47.421676
6768,696,4,20220501,2295.00,538.00,1757.00,326.58,May 2022 Pricing Master,2026-09-07T07:48:47.421676
6769,695,4,20220501,2295.00,538.00,1757.00,326.58,May 2022 Pricing Master,2026-09-07T07:48:47.421676
6770,698,4,20220501,2295.00,538.00,1757.00,326.58,May 2022 Pricing Master,2026-09-07T07:48:47.421676
6771,693,4,20220501,2295.00,538.00,1757.00,326.58,May 2022 Pricing Master,2026-09-07T07:48:47.421676
6772,694,4,20220501,2295.00,538.00,1757.00,326.58,May 2022 Pricing Master,2026-09-07T07:48:47.421676
6773,691,4,20220501,2295.00,529.00,1766.00,333.84,May 2022 Pricing Master,2026-09-07T07:48:47.421676
6774,690,4,20220501,2295.00,529.00,1766.00,333.84,May 2022 Pricing Master,2026-09-07T07:48:47.421676
6775,689,4,20220501,2295.00,529.00,1766.00,333.84,May 2022 Pricing Master,2026-09-07T07:48:47.421676
6776,692,4,20220501,2295.00,529.00,1766.00,333.84,May 2022 Pricing Master,2026-09-07T07:48:47.421676
6777,687,4,20220501,2295.00,529.00,1766.00,333.84,May 2022 Pricing Master,2026-09-07T07:48:47.421676
6778,688,4,20220501,2295.00,529.00,1766.00,333.84,May 2022 Pricing Master,2026-09-07T07:48:47.421676
6779,721,4,20220501,2295.00,570.00,1725.00,302.63,May 2022 Pricing Master,2026-09-07T07:48:47.421676
6780,720,4,20220501,2295.00,570.00,1725.00,302.63,May 2022 Pricing Master,2026-09-07T07:48:47.421676
6781,719,4,20220501,2295.00,570.00,1725.00,302.63,May 2022 Pricing Master,2026-09-07T07:48:47.421676
6782,722,4,20220501,2295.00,570.00,1725.00,302.63,May 2022 Pricing Master,2026-09-07T07:48:47.421676
6783,717,4,20220501,2295.00,570.00,1725.00,302.63,May 2022 Pricing Master,2026-09-07T07:48:47.421676
6784,718,4,20220501,2295.00,570.00,1725.00,302.63,May 2022 Pricing Master,2026-09-07T07:48:47.421676
6785,733,4,20220501,2295.00,570.00,1725.00,302.63,May 2022 Pricing Master,2026-09-07T07:48:47.421676
6786,732,4,20220501,2295.00,570.00,1725.00,302.63,May 2022 Pricing Master,2026-09-07T07:48:47.421676
6787,731,4,20220501,2295.00,570.00,1725.00,302.63,May 2022 Pricing Master,2026-09-07T07:48:47.421676
6788,734,4,20220501,2295.00,570.00,1725.00,302.63,May 2022 Pricing Master,2026-09-07T07:48:47.421676
6789,729,4,20220501,2295.00,570.00,1725.00,302.63,May 2022 Pricing Master,2026-09-07T07:48:47.421676
6790,730,4,20220501,2295.00,570.00,1725.00,302.63,May 2022 Pricing Master,2026-09-07T07:48:47.421676
6791,613,4,20220501,2295.00,570.00,1725.00,302.63,May 2022 Pricing Master,2026-09-07T07:48:47.421676
6792,612,4,20220501,2295.00,570.00,1725.00,302.63,May 2022 Pricing Master,2026-09-07T07:48:47.421676
6793,611,4,20220501,2295.00,570.00,1725.00,302.63,May 2022 Pricing Master,2026-09-07T07:48:47.421676
6794,614,4,20220501,2295.00,570.00,1725.00,302.63,May 2022 Pricing Master,2026-09-07T07:48:47.421676
6795,609,4,20220501,2295.00,570.00,1725.00,302.63,May 2022 Pricing Master,2026-09-07T07:48:47.421676
6796,610,4,20220501,2295.00,570.00,1725.00,302.63,May 2022 Pricing Master,2026-09-07T07:48:47.421676
6797,637,4,20220501,3095.00,724.00,2371.00,327.49,May 2022 Pricing Master,2026-09-07T07:48:47.421676
6798,636,4,20220501,3095.00,724.00,2371.00,327.49,May 2022 Pricing Master,2026-09-07T07:48:47.421676
6799,635,4,20220501,3095.00,724.00,2371.00,327.49,May 2022 Pricing Master,2026-09-07T07:48:47.421676
6800,638,4,20220501,3095.00,724.00,2371.00,327.49,May 2022 Pricing Master,2026-09-07T07:48:47.421676
6801,633,4,20220501,3095.00,724.00,2371.00,327.49,May 2022 Pricing Master,2026-09-07T07:48:47.421676
6802,634,4,20220501,3095.00,724.00,2371.00,327.49,May 2022 Pricing Master,2026-09-07T07:48:47.421676
6803,752,4,20220501,2295.00,538.00,1757.00,326.58,May 2022 Pricing Master,2026-09-07T07:48:47.421676
6804,751,4,20220501,2295.00,538.00,1757.00,326.58,May 2022 Pricing Master,2026-09-07T07:48:47.421676
6805,750,4,20220501,2295.00,538.00,1757.00,326.58,May 2022 Pricing Master,2026-09-07T07:48:47.421676
6806,753,4,20220501,2295.00,538.00,1757.00,326.58,May 2022 Pricing Master,2026-09-07T07:48:47.421676
6807,748,4,20220501,2295.00,538.00,1757.00,326.58,May 2022 Pricing Master,2026-09-07T07:48:47.421676
6808,749,4,20220501,2295.00,538.00,1757.00,326.58,May 2022 Pricing Master,2026-09-07T07:48:47.421676
6809,740,4,20220501,2395.00,570.00,1825.00,320.18,May 2022 Pricing Master,2026-09-07T07:48:47.421676
6810,739,4,20220501,2395.00,570.00,1825.00,320.18,May 2022 Pricing Master,2026-09-07T07:48:47.421676
6811,738,4,20220501,2395.00,570.00,1825.00,320.18,May 2022 Pricing Master,2026-09-07T07:48:47.421676
6812,741,4,20220501,2395.00,570.00,1825.00,320.18,May 2022 Pricing Master,2026-09-07T07:48:47.421676
6813,736,4,20220501,2395.00,570.00,1825.00,320.18,May 2022 Pricing Master,2026-09-07T07:48:47.421676
6814,737,4,20220501,2395.00,570.00,1825.00,320.18,May 2022 Pricing Master,2026-09-07T07:48:47.421676
6815,807,4,20220501,2395.00,570.00,1825.00,320.18,May 2022 Pricing Master,2026-09-07T07:48:47.421676
6816,806,4,20220501,2395.00,570.00,1825.00,320.18,May 2022 Pricing Master,2026-09-07T07:48:47.421676
6817,805,4,20220501,2395.00,570.00,1825.00,320.18,May 2022 Pricing Master,2026-09-07T07:48:47.421676
6818,808,4,20220501,2395.00,570.00,1825.00,320.18,May 2022 Pricing Master,2026-09-07T07:48:47.421676
6819,803,4,20220501,2395.00,570.00,1825.00,320.18,May 2022 Pricing Master,2026-09-07T07:48:47.421676
6820,804,4,20220501,2395.00,570.00,1825.00,320.18,May 2022 Pricing Master,2026-09-07T07:48:47.421676
6821,795,4,20220501,2395.00,529.00,1866.00,352.74,May 2022 Pricing Master,2026-09-07T07:48:47.421676
6822,794,4,20220501,2395.00,529.00,1866.00,352.74,May 2022 Pricing Master,2026-09-07T07:48:47.421676
6823,793,4,20220501,2395.00,529.00,1866.00,352.74,May 2022 Pricing Master,2026-09-07T07:48:47.421676
6824,796,4,20220501,2395.00,529.00,1866.00,352.74,May 2022 Pricing Master,2026-09-07T07:48:47.421676
6825,791,4,20220501,2395.00,529.00,1866.00,352.74,May 2022 Pricing Master,2026-09-07T07:48:47.421676
6826,792,4,20220501,2395.00,529.00,1866.00,352.74,May 2022 Pricing Master,2026-09-07T07:48:47.421676
6827,801,4,20220501,2395.00,529.00,1866.00,352.74,May 2022 Pricing Master,2026-09-07T07:48:47.421676
6828,800,4,20220501,2395.00,529.00,1866.00,352.74,May 2022 Pricing Master,2026-09-07T07:48:47.421676
6829,799,4,20220501,2395.00,529.00,1866.00,352.74,May 2022 Pricing Master,2026-09-07T07:48:47.421676
6830,802,4,20220501,2395.00,529.00,1866.00,352.74,May 2022 Pricing Master,2026-09-07T07:48:47.421676
6831,797,4,20220501,2395.00,529.00,1866.00,352.74,May 2022 Pricing Master,2026-09-07T07:48:47.421676
6832,798,4,20220501,2295.00,529.00,1766.00,333.84,May 2022 Pricing Master,2026-09-07T07:48:47.421676
6833,538,4,20220501,1695.00,424.00,1271.00,299.76,May 2022 Pricing Master,2026-09-07T07:48:47.421676
6834,536,4,20220501,1695.00,424.00,1271.00,299.76,May 2022 Pricing Master,2026-09-07T07:48:47.421676
6835,535,4,20220501,1695.00,424.00,1271.00,299.76,May 2022 Pricing Master,2026-09-07T07:48:47.421676
6836,539,4,20220501,1695.00,424.00,1271.00,299.76,May 2022 Pricing Master,2026-09-07T07:48:47.421676
6837,533,4,20220501,1695.00,424.00,1271.00,299.76,May 2022 Pricing Master,2026-09-07T07:48:47.421676
6838,534,4,20220501,1695.00,424.00,1271.00,299.76,May 2022 Pricing Master,2026-09-07T07:48:47.421676
6839,551,4,20220501,1695.00,424.00,1271.00,299.76,May 2022 Pricing Master,2026-09-07T07:48:47.421676
6840,550,4,20220501,1695.00,424.00,1271.00,299.76,May 2022 Pricing Master,2026-09-07T07:48:47.421676
6841,549,4,20220501,1695.00,424.00,1271.00,299.76,May 2022 Pricing Master,2026-09-07T07:48:47.421676
6842,552,4,20220501,1695.00,424.00,1271.00,299.76,May 2022 Pricing Master,2026-09-07T07:48:47.421676
6843,547,4,20220501,1695.00,424.00,1271.00,299.76,May 2022 Pricing Master,2026-09-07T07:48:47.421676
6844,548,4,20220501,1695.00,424.00,1271.00,299.76,May 2022 Pricing Master,2026-09-07T07:48:47.421676
6845,224,4,20220501,1595.00,381.00,1214.00,318.64,May 2022 Pricing Master,2026-09-07T07:48:47.421676
6846,223,4,20220501,1595.00,381.00,1214.00,318.64,May 2022 Pricing Master,2026-09-07T07:48:47.421676
6847,222,4,20220501,1595.00,381.00,1214.00,318.64,May 2022 Pricing Master,2026-09-07T07:48:47.421676
6848,225,4,20220501,1595.00,381.00,1214.00,318.64,May 2022 Pricing Master,2026-09-07T07:48:47.421676
6849,220,4,20220501,1595.00,381.00,1214.00,318.64,May 2022 Pricing Master,2026-09-07T07:48:47.421676
6850,221,4,20220501,1595.00,381.00,1214.00,318.64,May 2022 Pricing Master,2026-09-07T07:48:47.421676
6851,331,4,20220501,1595.00,381.00,1214.00,318.64,May 2022 Pricing Master,2026-09-07T07:48:47.421676
6852,330,4,20220501,1595.00,381.00,1214.00,318.64,May 2022 Pricing Master,2026-09-07T07:48:47.421676
6853,329,4,20220501,1595.00,381.00,1214.00,318.64,May 2022 Pricing Master,2026-09-07T07:48:47.421676
6854,332,4,20220501,1595.00,381.00,1214.00,318.64,May 2022 Pricing Master,2026-09-07T07:48:47.421676
6855,327,4,20220501,1595.00,381.00,1214.00,318.64,May 2022 Pricing Master,2026-09-07T07:48:47.421676
6856,328,4,20220501,1595.00,381.00,1214.00,318.64,May 2022 Pricing Master,2026-09-07T07:48:47.421676
6857,355,4,20220501,1895.00,471.00,1424.00,302.34,May 2022 Pricing Master,2026-09-07T07:48:47.421676
6858,354,4,20220501,1895.00,471.00,1424.00,302.34,May 2022 Pricing Master,2026-09-07T07:48:47.421676
6859,353,4,20220501,1895.00,471.00,1424.00,302.34,May 2022 Pricing Master,2026-09-07T07:48:47.421676
6860,356,4,20220501,1895.00,471.00,1424.00,302.34,May 2022 Pricing Master,2026-09-07T07:48:47.421676
6861,351,4,20220501,1895.00,471.00,1424.00,302.34,May 2022 Pricing Master,2026-09-07T07:48:47.421676
6862,352,4,20220501,1895.00,471.00,1424.00,302.34,May 2022 Pricing Master,2026-09-07T07:48:47.421676
6863,343,4,20220501,1895.00,471.00,1424.00,302.34,May 2022 Pricing Master,2026-09-07T07:48:47.421676
6864,342,4,20220501,1895.00,471.00,1424.00,302.34,May 2022 Pricing Master,2026-09-07T07:48:47.421676
6865,341,4,20220501,1895.00,471.00,1424.00,302.34,May 2022 Pricing Master,2026-09-07T07:48:47.421676
6866,344,4,20220501,1895.00,471.00,1424.00,302.34,May 2022 Pricing Master,2026-09-07T07:48:47.421676
6867,339,4,20220501,1895.00,471.00,1424.00,302.34,May 2022 Pricing Master,2026-09-07T07:48:47.421676
6868,340,4,20220501,1895.00,471.00,1424.00,302.34,May 2022 Pricing Master,2026-09-07T07:48:47.421676
6869,349,4,20220501,1895.00,471.00,1424.00,302.34,May 2022 Pricing Master,2026-09-07T07:48:47.421676
6870,348,4,20220501,1895.00,471.00,1424.00,302.34,May 2022 Pricing Master,2026-09-07T07:48:47.421676
6871,347,4,20220501,1895.00,471.00,1424.00,302.34,May 2022 Pricing Master,2026-09-07T07:48:47.421676
6872,350,4,20220501,1895.00,471.00,1424.00,302.34,May 2022 Pricing Master,2026-09-07T07:48:47.421676
6873,345,4,20220501,1895.00,471.00,1424.00,302.34,May 2022 Pricing Master,2026-09-07T07:48:47.421676
6874,346,4,20220501,1895.00,471.00,1424.00,302.34,May 2022 Pricing Master,2026-09-07T07:48:47.421676
6875,373,4,20220501,1595.00,381.00,1214.00,318.64,May 2022 Pricing Master,2026-09-07T07:48:47.421676
6876,372,4,20220501,1595.00,381.00,1214.00,318.64,May 2022 Pricing Master,2026-09-07T07:48:47.421676
6877,371,4,20220501,1595.00,381.00,1214.00,318.64,May 2022 Pricing Master,2026-09-07T07:48:47.421676
6878,374,4,20220501,1595.00,381.00,1214.00,318.64,May 2022 Pricing Master,2026-09-07T07:48:47.421676
6879,369,4,20220501,1595.00,381.00,1214.00,318.64,May 2022 Pricing Master,2026-09-07T07:48:47.421676
6880,370,4,20220501,1595.00,381.00,1214.00,318.64,May 2022 Pricing Master,2026-09-07T07:48:47.421676
6881,385,4,20220501,1195.00,286.00,909.00,317.83,May 2022 Pricing Master,2026-09-07T07:48:47.421676
6882,384,4,20220501,1195.00,286.00,909.00,317.83,May 2022 Pricing Master,2026-09-07T07:48:47.421676
6883,383,4,20220501,1195.00,286.00,909.00,317.83,May 2022 Pricing Master,2026-09-07T07:48:47.421676
6884,386,4,20220501,1195.00,286.00,909.00,317.83,May 2022 Pricing Master,2026-09-07T07:48:47.421676
6885,381,4,20220501,1195.00,286.00,909.00,317.83,May 2022 Pricing Master,2026-09-07T07:48:47.421676
6886,382,4,20220501,1195.00,286.00,909.00,317.83,May 2022 Pricing Master,2026-09-07T07:48:47.421676
6887,325,4,20220501,1595.00,381.00,1214.00,318.64,May 2022 Pricing Master,2026-09-07T07:48:47.421676
6888,324,4,20220501,1595.00,381.00,1214.00,318.64,May 2022 Pricing Master,2026-09-07T07:48:47.421676
6889,323,4,20220501,1595.00,381.00,1214.00,318.64,May 2022 Pricing Master,2026-09-07T07:48:47.421676
6890,326,4,20220501,1595.00,381.00,1214.00,318.64,May 2022 Pricing Master,2026-09-07T07:48:47.421676
6891,321,4,20220501,1595.00,381.00,1214.00,318.64,May 2022 Pricing Master,2026-09-07T07:48:47.421676
6892,322,4,20220501,1595.00,381.00,1214.00,318.64,May 2022 Pricing Master,2026-09-07T07:48:47.421676
6893,295,4,20220501,1995.00,500.00,1495.00,299.00,May 2022 Pricing Master,2026-09-07T07:48:47.421676
6894,294,4,20220501,1995.00,500.00,1495.00,299.00,May 2022 Pricing Master,2026-09-07T07:48:47.421676
6895,293,4,20220501,1995.00,500.00,1495.00,299.00,May 2022 Pricing Master,2026-09-07T07:48:47.421676
6896,296,4,20220501,1995.00,500.00,1495.00,299.00,May 2022 Pricing Master,2026-09-07T07:48:47.421676
6897,291,4,20220501,1995.00,500.00,1495.00,299.00,May 2022 Pricing Master,2026-09-07T07:48:47.421676
6898,292,4,20220501,1995.00,500.00,1495.00,299.00,May 2022 Pricing Master,2026-09-07T07:48:47.421676
6899,258,4,20220501,1895.00,471.00,1424.00,302.34,May 2022 Pricing Master,2026-09-07T07:48:47.421676
6900,257,4,20220501,1895.00,471.00,1424.00,302.34,May 2022 Pricing Master,2026-09-07T07:48:47.421676
6901,256,4,20220501,1895.00,471.00,1424.00,302.34,May 2022 Pricing Master,2026-09-07T07:48:47.421676
6902,259,4,20220501,1895.00,471.00,1424.00,302.34,May 2022 Pricing Master,2026-09-07T07:48:47.421676
6903,254,4,20220501,1895.00,471.00,1424.00,302.34,May 2022 Pricing Master,2026-09-07T07:48:47.421676
6904,255,4,20220501,1895.00,471.00,1424.00,302.34,May 2022 Pricing Master,2026-09-07T07:48:47.421676
6905,361,4,20220501,1595.00,381.00,1214.00,318.64,May 2022 Pricing Master,2026-09-07T07:48:47.421676
6906,360,4,20220501,1595.00,381.00,1214.00,318.64,May 2022 Pricing Master,2026-09-07T07:48:47.421676
6907,359,4,20220501,1595.00,381.00,1214.00,318.64,May 2022 Pricing Master,2026-09-07T07:48:47.421676
6908,362,4,20220501,1595.00,381.00,1214.00,318.64,May 2022 Pricing Master,2026-09-07T07:48:47.421676
6909,357,4,20220501,1595.00,381.00,1214.00,318.64,May 2022 Pricing Master,2026-09-07T07:48:47.421676
6910,358,4,20220501,1595.00,381.00,1214.00,318.64,May 2022 Pricing Master,2026-09-07T07:48:47.421676
6911,429,4,20220501,1595.00,381.00,1214.00,318.64,May 2022 Pricing Master,2026-09-07T07:48:47.421676
6912,428,4,20220501,1595.00,381.00,1214.00,318.64,May 2022 Pricing Master,2026-09-07T07:48:47.421676
6913,427,4,20220501,1595.00,381.00,1214.00,318.64,May 2022 Pricing Master,2026-09-07T07:48:47.421676
6914,430,4,20220501,1595.00,381.00,1214.00,318.64,May 2022 Pricing Master,2026-09-07T07:48:47.421676
6915,425,4,20220501,1595.00,381.00,1214.00,318.64,May 2022 Pricing Master,2026-09-07T07:48:47.421676
6916,426,4,20220501,1595.00,381.00,1214.00,318.64,May 2022 Pricing Master,2026-09-07T07:48:47.421676
6917,42,4,20220501,1595.00,381.00,1214.00,318.64,May 2022 Pricing Master,2026-09-07T07:48:47.421676
6918,41,4,20220501,1595.00,381.00,1214.00,318.64,May 2022 Pricing Master,2026-09-07T07:48:47.421676
6919,40,4,20220501,1595.00,381.00,1214.00,318.64,May 2022 Pricing Master,2026-09-07T07:48:47.421676
6920,43,4,20220501,1595.00,381.00,1214.00,318.64,May 2022 Pricing Master,2026-09-07T07:48:47.421676
6921,38,4,20220501,1595.00,381.00,1214.00,318.64,May 2022 Pricing Master,2026-09-07T07:48:47.421676
6922,39,4,20220501,1595.00,381.00,1214.00,318.64,May 2022 Pricing Master,2026-09-07T07:48:47.421676
6923,56,4,20220501,1595.00,381.00,1214.00,318.64,May 2022 Pricing Master,2026-09-07T07:48:47.421676
6924,55,4,20220501,1595.00,381.00,1214.00,318.64,May 2022 Pricing Master,2026-09-07T07:48:47.421676
6925,54,4,20220501,1595.00,381.00,1214.00,318.64,May 2022 Pricing Master,2026-09-07T07:48:47.421676
6926,57,4,20220501,1595.00,381.00,1214.00,318.64,May 2022 Pricing Master,2026-09-07T07:48:47.421676
6927,52,4,20220501,1595.00,381.00,1214.00,318.64,May 2022 Pricing Master,2026-09-07T07:48:47.421676
6928,53,4,20220501,1595.00,381.00,1214.00,318.64,May 2022 Pricing Master,2026-09-07T07:48:47.421676
6929,92,4,20220501,2395.00,581.00,1814.00,312.22,May 2022 Pricing Master,2026-09-07T07:48:47.421676
6930,91,4,20220501,2395.00,581.00,1814.00,312.22,May 2022 Pricing Master,2026-09-07T07:48:47.421676
6931,90,4,20220501,2395.00,581.00,1814.00,312.22,May 2022 Pricing Master,2026-09-07T07:48:47.421676
6932,93,4,20220501,2395.00,581.00,1814.00,312.22,May 2022 Pricing Master,2026-09-07T07:48:47.421676
6933,88,4,20220501,2395.00,581.00,1814.00,312.22,May 2022 Pricing Master,2026-09-07T07:48:47.421676
6934,89,4,20220501,2395.00,581.00,1814.00,312.22,May 2022 Pricing Master,2026-09-07T07:48:47.421676
6935,68,4,20220501,1595.00,381.00,1214.00,318.64,May 2022 Pricing Master,2026-09-07T07:48:47.421676
6936,67,4,20220501,1595.00,381.00,1214.00,318.64,May 2022 Pricing Master,2026-09-07T07:48:47.421676
6937,66,4,20220501,1595.00,381.00,1214.00,318.64,May 2022 Pricing Master,2026-09-07T07:48:47.421676
6938,69,4,20220501,1595.00,381.00,1214.00,318.64,May 2022 Pricing Master,2026-09-07T07:48:47.421676
6939,64,4,20220501,1595.00,381.00,1214.00,318.64,May 2022 Pricing Master,2026-09-07T07:48:47.421676
6940,65,4,20220501,1595.00,381.00,1214.00,318.64,May 2022 Pricing Master,2026-09-07T07:48:47.421676
6941,194,4,20220501,1895.00,471.00,1424.00,302.34,May 2022 Pricing Master,2026-09-07T07:48:47.421676
6942,193,4,20220501,1895.00,471.00,1424.00,302.34,May 2022 Pricing Master,2026-09-07T07:48:47.421676
6943,192,4,20220501,1895.00,471.00,1424.00,302.34,May 2022 Pricing Master,2026-09-07T07:48:47.421676
6944,195,4,20220501,1895.00,471.00,1424.00,302.34,May 2022 Pricing Master,2026-09-07T07:48:47.421676
6945,190,4,20220501,1895.00,471.00,1424.00,302.34,May 2022 Pricing Master,2026-09-07T07:48:47.421676
6946,191,4,20220501,1895.00,471.00,1424.00,302.34,May 2022 Pricing Master,2026-09-07T07:48:47.421676
6947,619,4,20220501,1895.00,457.00,1438.00,314.66,May 2022 Pricing Master,2026-09-07T07:48:47.421676
6948,618,4,20220501,1895.00,457.00,1438.00,314.66,May 2022 Pricing Master,2026-09-07T07:48:47.421676
6949,617,4,20220501,1895.00,457.00,1438.00,314.66,May 2022 Pricing Master,2026-09-07T07:48:47.421676
6950,620,4,20220501,1895.00,457.00,1438.00,314.66,May 2022 Pricing Master,2026-09-07T07:48:47.421676
6951,615,4,20220501,1895.00,457.00,1438.00,314.66,May 2022 Pricing Master,2026-09-07T07:48:47.421676
6952,616,4,20220501,1895.00,457.00,1438.00,314.66,May 2022 Pricing Master,2026-09-07T07:48:47.421676
6953,703,4,20220501,1695.00,424.00,1271.00,299.76,May 2022 Pricing Master,2026-09-07T07:48:47.421676
6954,702,4,20220501,1695.00,424.00,1271.00,299.76,May 2022 Pricing Master,2026-09-07T07:48:47.421676
6955,701,4,20220501,1695.00,424.00,1271.00,299.76,May 2022 Pricing Master,2026-09-07T07:48:47.421676
6956,704,4,20220501,1695.00,424.00,1271.00,299.76,May 2022 Pricing Master,2026-09-07T07:48:47.421676
6957,699,4,20220501,1695.00,424.00,1271.00,299.76,May 2022 Pricing Master,2026-09-07T07:48:47.421676
6958,700,4,20220501,1695.00,424.00,1271.00,299.76,May 2022 Pricing Master,2026-09-07T07:48:47.421676
6959,866,4,20220501,1695.00,424.00,1271.00,299.76,May 2022 Pricing Master,2026-09-07T07:48:47.421676
6960,865,4,20220501,1695.00,424.00,1271.00,299.76,May 2022 Pricing Master,2026-09-07T07:48:47.421676
6961,864,4,20220501,1695.00,424.00,1271.00,299.76,May 2022 Pricing Master,2026-09-07T07:48:47.421676
6962,867,4,20220501,1695.00,424.00,1271.00,299.76,May 2022 Pricing Master,2026-09-07T07:48:47.421676
6963,862,4,20220501,1695.00,424.00,1271.00,299.76,May 2022 Pricing Master,2026-09-07T07:48:47.421676
6964,863,4,20220501,1695.00,424.00,1271.00,299.76,May 2022 Pricing Master,2026-09-07T07:48:47.421676
6965,49,4,20220501,1995.00,500.00,1495.00,299.00,May 2022 Pricing Master,2026-09-07T07:48:47.421676
6966,51,4,20220501,1995.00,500.00,1495.00,299.00,May 2022 Pricing Master,2026-09-07T07:48:47.421676
6967,48,4,20220501,1995.00,500.00,1495.00,299.00,May 2022 Pricing Master,2026-09-07T07:48:47.421676
6968,47,4,20220501,1995.00,500.00,1495.00,299.00,May 2022 Pricing Master,2026-09-07T07:48:47.421676
6969,50,4,20220501,1995.00,500.00,1495.00,299.00,May 2022 Pricing Master,2026-09-07T07:48:47.421676
6970,45,4,20220501,1995.00,500.00,1495.00,299.00,May 2022 Pricing Master,2026-09-07T07:48:47.421676
6971,46,4,20220501,1995.00,500.00,1495.00,299.00,May 2022 Pricing Master,2026-09-07T07:48:47.421676
6972,871,4,20220501,1895.00,457.00,1438.00,314.66,May 2022 Pricing Master,2026-09-07T07:48:47.421676
6973,872,4,20220501,1895.00,457.00,1438.00,314.66,May 2022 Pricing Master,2026-09-07T07:48:47.421676
6974,870,4,20220501,1895.00,457.00,1438.00,314.66,May 2022 Pricing Master,2026-09-07T07:48:47.421676
6975,873,4,20220501,1895.00,457.00,1438.00,314.66,May 2022 Pricing Master,2026-09-07T07:48:47.421676
6976,868,4,20220501,1895.00,457.00,1438.00,314.66,May 2022 Pricing Master,2026-09-07T07:48:47.421676
6977,869,4,20220501,1895.00,457.00,1438.00,314.66,May 2022 Pricing Master,2026-09-07T07:48:47.421676
6978,878,4,20220501,1695.00,424.00,1271.00,299.76,May 2022 Pricing Master,2026-09-07T07:48:47.421676
6979,877,4,20220501,1695.00,424.00,1271.00,299.76,May 2022 Pricing Master,2026-09-07T07:48:47.421676
6980,876,4,20220501,1695.00,424.00,1271.00,299.76,May 2022 Pricing Master,2026-09-07T07:48:47.421676
6981,879,4,20220501,1695.00,424.00,1271.00,299.76,May 2022 Pricing Master,2026-09-07T07:48:47.421676
6982,874,4,20220501,1695.00,424.00,1271.00,299.76,May 2022 Pricing Master,2026-09-07T07:48:47.421676
6983,875,4,20220501,1695.00,424.00,1271.00,299.76,May 2022 Pricing Master,2026-09-07T07:48:47.421676
6984,489,4,20220501,1795.00,425.00,1370.00,322.35,May 2022 Pricing Master,2026-09-07T07:48:47.421676
6985,488,4,20220501,1795.00,425.00,1370.00,322.35,May 2022 Pricing Master,2026-09-07T07:48:47.421676
6986,487,4,20220501,1795.00,425.00,1370.00,322.35,May 2022 Pricing Master,2026-09-07T07:48:47.421676
6987,490,4,20220501,1795.00,425.00,1370.00,322.35,May 2022 Pricing Master,2026-09-07T07:48:47.421676
6988,485,4,20220501,1795.00,425.00,1370.00,322.35,May 2022 Pricing Master,2026-09-07T07:48:47.421676
6989,486,4,20220501,1795.00,425.00,1370.00,322.35,May 2022 Pricing Master,2026-09-07T07:48:47.421676
6990,471,4,20220501,1795.00,425.00,1370.00,322.35,May 2022 Pricing Master,2026-09-07T07:48:47.421676
6991,470,4,20220501,1795.00,425.00,1370.00,322.35,May 2022 Pricing Master,2026-09-07T07:48:47.421676
6992,469,4,20220501,1795.00,425.00,1370.00,322.35,May 2022 Pricing Master,2026-09-07T07:48:47.421676
6993,472,4,20220501,1795.00,425.00,1370.00,322.35,May 2022 Pricing Master,2026-09-07T07:48:47.421676
6994,467,4,20220501,1795.00,425.00,1370.00,322.35,May 2022 Pricing Master,2026-09-07T07:48:47.421676
6995,468,4,20220501,1795.00,425.00,1370.00,322.35,May 2022 Pricing Master,2026-09-07T07:48:47.421676
6996,902,4,20220501,1795.00,425.00,1370.00,322.35,May 2022 Pricing Master,2026-09-07T07:48:47.421676
6997,901,4,20220501,1795.00,425.00,1370.00,322.35,May 2022 Pricing Master,2026-09-07T07:48:47.421676
6998,900,4,20220501,1795.00,425.00,1370.00,322.35,May 2022 Pricing Master,2026-09-07T07:48:47.421676
6999,903,4,20220501,1795.00,425.00,1370.00,322.35,May 2022 Pricing Master,2026-09-07T07:48:47.421676
7000,898,4,20220501,1795.00,425.00,1370.00,322.35,May 2022 Pricing Master,2026-09-07T07:48:47.421676
7001,899,4,20220501,1795.00,425.00,1370.00,322.35,May 2022 Pricing Master,2026-09-07T07:48:47.421676
7002,495,4,20220501,1695.00,395.00,1300.00,329.11,May 2022 Pricing Master,2026-09-07T07:48:47.421676
7003,494,4,20220501,1695.00,395.00,1300.00,329.11,May 2022 Pricing Master,2026-09-07T07:48:47.421676
7004,493,4,20220501,1695.00,395.00,1300.00,329.11,May 2022 Pricing Master,2026-09-07T07:48:47.421676
7005,496,4,20220501,1695.00,395.00,1300.00,329.11,May 2022 Pricing Master,2026-09-07T07:48:47.421676
7006,491,4,20220501,1695.00,395.00,1300.00,329.11,May 2022 Pricing Master,2026-09-07T07:48:47.421676
7007,492,4,20220501,1695.00,395.00,1300.00,329.11,May 2022 Pricing Master,2026-09-07T07:48:47.421676
7008,525,4,20220501,1695.00,395.00,1300.00,329.11,May 2022 Pricing Master,2026-09-07T07:48:47.421676
7009,524,4,20220501,1695.00,395.00,1300.00,329.11,May 2022 Pricing Master,2026-09-07T07:48:47.421676
7010,523,4,20220501,1695.00,395.00,1300.00,329.11,May 2022 Pricing Master,2026-09-07T07:48:47.421676
7011,526,4,20220501,1695.00,395.00,1300.00,329.11,May 2022 Pricing Master,2026-09-07T07:48:47.421676
7012,521,4,20220501,1695.00,395.00,1300.00,329.11,May 2022 Pricing Master,2026-09-07T07:48:47.421676
7013,522,4,20220501,1695.00,395.00,1300.00,329.11,May 2022 Pricing Master,2026-09-07T07:48:47.421676
7014,477,4,20220501,1695.00,395.00,1300.00,329.11,May 2022 Pricing Master,2026-09-07T07:48:47.421676
7015,476,4,20220501,1695.00,395.00,1300.00,329.11,May 2022 Pricing Master,2026-09-07T07:48:47.421676
7016,475,4,20220501,1695.00,395.00,1300.00,329.11,May 2022 Pricing Master,2026-09-07T07:48:47.421676
7017,478,4,20220501,1695.00,395.00,1300.00,329.11,May 2022 Pricing Master,2026-09-07T07:48:47.421676
7018,473,4,20220501,1695.00,395.00,1300.00,329.11,May 2022 Pricing Master,2026-09-07T07:48:47.421676
7019,474,4,20220501,1695.00,395.00,1300.00,329.11,May 2022 Pricing Master,2026-09-07T07:48:47.421676
7020,465,4,20220501,1695.00,395.00,1300.00,329.11,May 2022 Pricing Master,2026-09-07T07:48:47.421676
7021,464,4,20220501,1695.00,395.00,1300.00,329.11,May 2022 Pricing Master,2026-09-07T07:48:47.421676
7022,463,4,20220501,1695.00,395.00,1300.00,329.11,May 2022 Pricing Master,2026-09-07T07:48:47.421676
7023,466,4,20220501,1695.00,395.00,1300.00,329.11,May 2022 Pricing Master,2026-09-07T07:48:47.421676
7024,461,4,20220501,1695.00,395.00,1300.00,329.11,May 2022 Pricing Master,2026-09-07T07:48:47.421676
7025,462,4,20220501,1695.00,395.00,1300.00,329.11,May 2022 Pricing Master,2026-09-07T07:48:47.421676
7026,501,4,20220501,1695.00,395.00,1300.00,329.11,May 2022 Pricing Master,2026-09-07T07:48:47.421676
7027,500,4,20220501,1695.00,395.00,1300.00,329.11,May 2022 Pricing Master,2026-09-07T07:48:47.421676
7028,499,4,20220501,1695.00,395.00,1300.00,329.11,May 2022 Pricing Master,2026-09-07T07:48:47.421676
7029,502,4,20220501,1695.00,395.00,1300.00,329.11,May 2022 Pricing Master,2026-09-07T07:48:47.421676
7030,497,4,20220501,1695.00,395.00,1300.00,329.11,May 2022 Pricing Master,2026-09-07T07:48:47.421676
7031,498,4,20220501,1695.00,395.00,1300.00,329.11,May 2022 Pricing Master,2026-09-07T07:48:47.421676
7032,564,4,20220501,1695.00,395.00,1300.00,329.11,May 2022 Pricing Master,2026-09-07T07:48:47.421676
7033,563,4,20220501,1695.00,395.00,1300.00,329.11,May 2022 Pricing Master,2026-09-07T07:48:47.421676
7034,562,4,20220501,1695.00,395.00,1300.00,329.11,May 2022 Pricing Master,2026-09-07T07:48:47.421676
7035,565,4,20220501,1695.00,395.00,1300.00,329.11,May 2022 Pricing Master,2026-09-07T07:48:47.421676
7036,560,4,20220501,1695.00,395.00,1300.00,329.11,May 2022 Pricing Master,2026-09-07T07:48:47.421676
7037,561,4,20220501,1695.00,395.00,1300.00,329.11,May 2022 Pricing Master,2026-09-07T07:48:47.421676
7038,589,4,20220501,1695.00,395.00,1300.00,329.11,May 2022 Pricing Master,2026-09-07T07:48:47.421676
7039,588,4,20220501,1695.00,395.00,1300.00,329.11,May 2022 Pricing Master,2026-09-07T07:48:47.421676
7040,587,4,20220501,1695.00,395.00,1300.00,329.11,May 2022 Pricing Master,2026-09-07T07:48:47.421676
7041,590,4,20220501,1695.00,395.00,1300.00,329.11,May 2022 Pricing Master,2026-09-07T07:48:47.421676
7042,585,4,20220501,1695.00,395.00,1300.00,329.11,May 2022 Pricing Master,2026-09-07T07:48:47.421676
7043,586,4,20220501,1695.00,395.00,1300.00,329.11,May 2022 Pricing Master,2026-09-07T07:48:47.421676
7044,519,4,20220501,1795.00,425.00,1370.00,322.35,May 2022 Pricing Master,2026-09-07T07:48:47.421676
7045,518,4,20220501,1795.00,425.00,1370.00,322.35,May 2022 Pricing Master,2026-09-07T07:48:47.421676
7046,517,4,20220501,1795.00,425.00,1370.00,322.35,May 2022 Pricing Master,2026-09-07T07:48:47.421676
7047,520,4,20220501,1795.00,425.00,1370.00,322.35,May 2022 Pricing Master,2026-09-07T07:48:47.421676
7048,515,4,20220501,1795.00,425.00,1370.00,322.35,May 2022 Pricing Master,2026-09-07T07:48:47.421676
7049,516,4,20220501,1795.00,425.00,1370.00,322.35,May 2022 Pricing Master,2026-09-07T07:48:47.421676
7050,584,4,20220501,1695.00,395.00,1300.00,329.11,May 2022 Pricing Master,2026-09-07T07:48:47.421676
7051,582,4,20220501,1695.00,395.00,1300.00,329.11,May 2022 Pricing Master,2026-09-07T07:48:47.421676
7052,581,4,20220501,1695.00,395.00,1300.00,329.11,May 2022 Pricing Master,2026-09-07T07:48:47.421676
7053,580,4,20220501,1695.00,395.00,1300.00,329.11,May 2022 Pricing Master,2026-09-07T07:48:47.421676
7054,583,4,20220501,1695.00,395.00,1300.00,329.11,May 2022 Pricing Master,2026-09-07T07:48:47.421676
7055,578,4,20220501,1695.00,395.00,1300.00,329.11,May 2022 Pricing Master,2026-09-07T07:48:47.421676
7056,579,4,20220501,1695.00,395.00,1300.00,329.11,May 2022 Pricing Master,2026-09-07T07:48:47.421676
7057,545,4,20220501,1695.00,395.00,1300.00,329.11,May 2022 Pricing Master,2026-09-07T07:48:47.421676
7058,544,4,20220501,1695.00,395.00,1300.00,329.11,May 2022 Pricing Master,2026-09-07T07:48:47.421676
7059,543,4,20220501,1695.00,395.00,1300.00,329.11,May 2022 Pricing Master,2026-09-07T07:48:47.421676
7060,546,4,20220501,1695.00,395.00,1300.00,329.11,May 2022 Pricing Master,2026-09-07T07:48:47.421676
7061,541,4,20220501,1695.00,395.00,1300.00,329.11,May 2022 Pricing Master,2026-09-07T07:48:47.421676
7062,542,4,20220501,1695.00,395.00,1300.00,329.11,May 2022 Pricing Master,2026-09-07T07:48:47.421676
7063,402,4,20220501,2795.00,695.00,2100.00,302.16,May 2022 Pricing Master,2026-09-07T07:48:47.421676
7064,401,4,20220501,2795.00,695.00,2100.00,302.16,May 2022 Pricing Master,2026-09-07T07:48:47.421676
7065,400,4,20220501,2795.00,695.00,2100.00,302.16,May 2022 Pricing Master,2026-09-07T07:48:47.421676
7066,403,4,20220501,2795.00,695.00,2100.00,302.16,May 2022 Pricing Master,2026-09-07T07:48:47.421676
7067,399,4,20220501,2795.00,695.00,2100.00,302.16,May 2022 Pricing Master,2026-09-07T07:48:47.421676
7068,413,4,20220501,2795.00,695.00,2100.00,302.16,May 2022 Pricing Master,2026-09-07T07:48:47.421676
7069,412,4,20220501,2795.00,695.00,2100.00,302.16,May 2022 Pricing Master,2026-09-07T07:48:47.421676
7070,411,4,20220501,2795.00,695.00,2100.00,302.16,May 2022 Pricing Master,2026-09-07T07:48:47.421676
7071,414,4,20220501,2795.00,695.00,2100.00,302.16,May 2022 Pricing Master,2026-09-07T07:48:47.421676
7072,410,4,20220501,2795.00,695.00,2100.00,302.16,May 2022 Pricing Master,2026-09-07T07:48:47.421676
7073,418,4,20220501,2795.00,695.00,2100.00,302.16,May 2022 Pricing Master,2026-09-07T07:48:47.421676
7074,417,4,20220501,2795.00,695.00,2100.00,302.16,May 2022 Pricing Master,2026-09-07T07:48:47.421676
7075,416,4,20220501,2795.00,695.00,2100.00,302.16,May 2022 Pricing Master,2026-09-07T07:48:47.421676
7076,419,4,20220501,2795.00,695.00,2100.00,302.16,May 2022 Pricing Master,2026-09-07T07:48:47.421676
7077,415,4,20220501,2795.00,695.00,2100.00,302.16,May 2022 Pricing Master,2026-09-07T07:48:47.421676
7078,423,4,20220501,2795.00,695.00,2100.00,302.16,May 2022 Pricing Master,2026-09-07T07:48:47.421676
7079,422,4,20220501,2795.00,695.00,2100.00,302.16,May 2022 Pricing Master,2026-09-07T07:48:47.421676
7080,421,4,20220501,2795.00,695.00,2100.00,302.16,May 2022 Pricing Master,2026-09-07T07:48:47.421676
7081,424,4,20220501,2795.00,695.00,2100.00,302.16,May 2022 Pricing Master,2026-09-07T07:48:47.421676
7082,420,4,20220501,2795.00,695.00,2100.00,302.16,May 2022 Pricing Master,2026-09-07T07:48:47.421676
7083,986,4,20220501,1695.00,395.00,1300.00,329.11,May 2022 Pricing Master,2026-09-07T07:48:47.421676
7084,985,4,20220501,1695.00,395.00,1300.00,329.11,May 2022 Pricing Master,2026-09-07T07:48:47.421676
7085,984,4,20220501,1695.00,395.00,1300.00,329.11,May 2022 Pricing Master,2026-09-07T07:48:47.421676
7086,987,4,20220501,1695.00,395.00,1300.00,329.11,May 2022 Pricing Master,2026-09-07T07:48:47.421676
7087,982,4,20220501,1695.00,395.00,1300.00,329.11,May 2022 Pricing Master,2026-09-07T07:48:47.421676
7088,983,4,20220501,1695.00,395.00,1300.00,329.11,May 2022 Pricing Master,2026-09-07T07:48:47.421676
7089,992,4,20220501,1695.00,395.00,1300.00,329.11,May 2022 Pricing Master,2026-09-07T07:48:47.421676
7090,991,4,20220501,1695.00,395.00,1300.00,329.11,May 2022 Pricing Master,2026-09-07T07:48:47.421676
7091,990,4,20220501,1695.00,395.00,1300.00,329.11,May 2022 Pricing Master,2026-09-07T07:48:47.421676
7092,993,4,20220501,1695.00,395.00,1300.00,329.11,May 2022 Pricing Master,2026-09-07T07:48:47.421676
7093,988,4,20220501,1695.00,395.00,1300.00,329.11,May 2022 Pricing Master,2026-09-07T07:48:47.421676
7094,989,4,20220501,1695.00,395.00,1300.00,329.11,May 2022 Pricing Master,2026-09-07T07:48:47.421676
7095,998,4,20220501,1695.00,395.00,1300.00,329.11,May 2022 Pricing Master,2026-09-07T07:48:47.421676
7096,997,4,20220501,1695.00,395.00,1300.00,329.11,May 2022 Pricing Master,2026-09-07T07:48:47.421676
7097,996,4,20220501,1695.00,395.00,1300.00,329.11,May 2022 Pricing Master,2026-09-07T07:48:47.421676
7098,999,4,20220501,1695.00,395.00,1300.00,329.11,May 2022 Pricing Master,2026-09-07T07:48:47.421676
7099,994,4,20220501,1695.00,395.00,1300.00,329.11,May 2022 Pricing Master,2026-09-07T07:48:47.421676
7100,995,4,20220501,1695.00,395.00,1300.00,329.11,May 2022 Pricing Master,2026-09-07T07:48:47.421676
7101,1004,4,20220501,1695.00,395.00,1300.00,329.11,May 2022 Pricing Master,2026-09-07T07:48:47.421676
7102,1003,4,20220501,1695.00,395.00,1300.00,329.11,May 2022 Pricing Master,2026-09-07T07:48:47.421676
7103,1002,4,20220501,1695.00,395.00,1300.00,329.11,May 2022 Pricing Master,2026-09-07T07:48:47.421676
7104,1005,4,20220501,1695.00,395.00,1300.00,329.11,May 2022 Pricing Master,2026-09-07T07:48:47.421676
7105,1000,4,20220501,1695.00,395.00,1300.00,329.11,May 2022 Pricing Master,2026-09-07T07:48:47.421676
7106,1001,4,20220501,1695.00,395.00,1300.00,329.11,May 2022 Pricing Master,2026-09-07T07:48:47.421676
7107,1010,4,20220501,1695.00,395.00,1300.00,329.11,May 2022 Pricing Master,2026-09-07T07:48:47.421676
7108,1009,4,20220501,1695.00,395.00,1300.00,329.11,May 2022 Pricing Master,2026-09-07T07:48:47.421676
7109,1008,4,20220501,1695.00,395.00,1300.00,329.11,May 2022 Pricing Master,2026-09-07T07:48:47.421676
7110,1011,4,20220501,1695.00,395.00,1300.00,329.11,May 2022 Pricing Master,2026-09-07T07:48:47.421676
7111,1006,4,20220501,1695.00,395.00,1300.00,329.11,May 2022 Pricing Master,2026-09-07T07:48:47.421676
7112,1007,4,20220501,1695.00,395.00,1300.00,329.11,May 2022 Pricing Master,2026-09-07T07:48:47.421676
7113,1016,4,20220501,1695.00,395.00,1300.00,329.11,May 2022 Pricing Master,2026-09-07T07:48:47.421676
7114,1015,4,20220501,1695.00,395.00,1300.00,329.11,May 2022 Pricing Master,2026-09-07T07:48:47.421676
7115,1014,4,20220501,1695.00,395.00,1300.00,329.11,May 2022 Pricing Master,2026-09-07T07:48:47.421676
7116,1017,4,20220501,1695.00,395.00,1300.00,329.11,May 2022 Pricing Master,2026-09-07T07:48:47.421676
7117,1012,4,20220501,1695.00,395.00,1300.00,329.11,May 2022 Pricing Master,2026-09-07T07:48:47.421676
7118,1013,4,20220501,1695.00,395.00,1300.00,329.11,May 2022 Pricing Master,2026-09-07T07:48:47.421676
7119,1022,4,20220501,1695.00,395.00,1300.00,329.11,May 2022 Pricing Master,2026-09-07T07:48:47.421676
7120,1021,4,20220501,1695.00,395.00,1300.00,329.11,May 2022 Pricing Master,2026-09-07T07:48:47.421676
7121,1020,4,20220501,1695.00,395.00,1300.00,329.11,May 2022 Pricing Master,2026-09-07T07:48:47.421676
7122,1023,4,20220501,1695.00,395.00,1300.00,329.11,May 2022 Pricing Master,2026-09-07T07:48:47.421676
7123,1018,4,20220501,1695.00,395.00,1300.00,329.11,May 2022 Pricing Master,2026-09-07T07:48:47.421676
7124,1019,4,20220501,1695.00,395.00,1300.00,329.11,May 2022 Pricing Master,2026-09-07T07:48:47.421676
7125,1028,4,20220501,1695.00,395.00,1300.00,329.11,May 2022 Pricing Master,2026-09-07T07:48:47.421676
7126,1027,4,20220501,1695.00,395.00,1300.00,329.11,May 2022 Pricing Master,2026-09-07T07:48:47.421676
7127,1026,4,20220501,1695.00,395.00,1300.00,329.11,May 2022 Pricing Master,2026-09-07T07:48:47.421676
7128,1029,4,20220501,1695.00,395.00,1300.00,329.11,May 2022 Pricing Master,2026-09-07T07:48:47.421676
7129,1024,4,20220501,1695.00,395.00,1300.00,329.11,May 2022 Pricing Master,2026-09-07T07:48:47.421676
7130,1025,4,20220501,1695.00,395.00,1300.00,329.11,May 2022 Pricing Master,2026-09-07T07:48:47.421676
7131,1040,4,20220501,1795.00,425.00,1370.00,322.35,May 2022 Pricing Master,2026-09-07T07:48:47.421676
7132,1039,4,20220501,1795.00,425.00,1370.00,322.35,May 2022 Pricing Master,2026-09-07T07:48:47.421676
7133,1038,4,20220501,1795.00,425.00,1370.00,322.35,May 2022 Pricing Master,2026-09-07T07:48:47.421676
7134,1041,4,20220501,1795.00,425.00,1370.00,322.35,May 2022 Pricing Master,2026-09-07T07:48:47.421676
7135,1036,4,20220501,1795.00,425.00,1370.00,322.35,May 2022 Pricing Master,2026-09-07T07:48:47.421676
7136,1037,4,20220501,1795.00,425.00,1370.00,322.35,May 2022 Pricing Master,2026-09-07T07:48:47.421676
7137,158,4,20220501,2495.00,1040.00,1455.00,139.90,May 2022 Pricing Master,2026-09-07T07:48:47.421676
7138,157,4,20220501,2495.00,1040.00,1455.00,139.90,May 2022 Pricing Master,2026-09-07T07:48:47.421676
7139,156,4,20220501,2495.00,1040.00,1455.00,139.90,May 2022 Pricing Master,2026-09-07T07:48:47.421676
7140,159,4,20220501,2495.00,1040.00,1455.00,139.90,May 2022 Pricing Master,2026-09-07T07:48:47.421676
7141,154,4,20220501,2495.00,1040.00,1455.00,139.90,May 2022 Pricing Master,2026-09-07T07:48:47.421676
7142,155,4,20220501,2495.00,1040.00,1455.00,139.90,May 2022 Pricing Master,2026-09-07T07:48:47.421676
7143,146,4,20220501,2495.00,1040.00,1455.00,139.90,May 2022 Pricing Master,2026-09-07T07:48:47.421676
7144,145,4,20220501,2495.00,1040.00,1455.00,139.90,May 2022 Pricing Master,2026-09-07T07:48:47.421676
7145,144,4,20220501,2495.00,1040.00,1455.00,139.90,May 2022 Pricing Master,2026-09-07T07:48:47.421676
7146,147,4,20220501,2495.00,1040.00,1455.00,139.90,May 2022 Pricing Master,2026-09-07T07:48:47.421676
7147,142,4,20220501,2495.00,1040.00,1455.00,139.90,May 2022 Pricing Master,2026-09-07T07:48:47.421676
7148,143,4,20220501,2495.00,1040.00,1455.00,139.90,May 2022 Pricing Master,2026-09-07T07:48:47.421676
7149,98,4,20220501,2495.00,950.00,1545.00,162.63,May 2022 Pricing Master,2026-09-07T07:48:47.421676
7150,97,4,20220501,2495.00,950.00,1545.00,162.63,May 2022 Pricing Master,2026-09-07T07:48:47.421676
7151,96,4,20220501,2495.00,950.00,1545.00,162.63,May 2022 Pricing Master,2026-09-07T07:48:47.421676
7152,99,4,20220501,2495.00,950.00,1545.00,162.63,May 2022 Pricing Master,2026-09-07T07:48:47.421676
7153,94,4,20220501,2495.00,950.00,1545.00,162.63,May 2022 Pricing Master,2026-09-07T07:48:47.421676
7154,95,4,20220501,2495.00,950.00,1545.00,162.63,May 2022 Pricing Master,2026-09-07T07:48:47.421676
7155,176,4,20220501,2150.00,940.00,1210.00,128.72,May 2022 Pricing Master,2026-09-07T07:48:47.421676
7156,175,4,20220501,2150.00,940.00,1210.00,128.72,May 2022 Pricing Master,2026-09-07T07:48:47.421676
7157,174,4,20220501,2150.00,940.00,1210.00,128.72,May 2022 Pricing Master,2026-09-07T07:48:47.421676
7158,177,4,20220501,2150.00,940.00,1210.00,128.72,May 2022 Pricing Master,2026-09-07T07:48:47.421676
7159,172,4,20220501,2150.00,940.00,1210.00,128.72,May 2022 Pricing Master,2026-09-07T07:48:47.421676
7160,173,4,20220501,2150.00,940.00,1210.00,128.72,May 2022 Pricing Master,2026-09-07T07:48:47.421676
7161,182,4,20220501,2250.00,925.00,1325.00,143.24,May 2022 Pricing Master,2026-09-07T07:48:47.421676
7162,181,4,20220501,2250.00,925.00,1325.00,143.24,May 2022 Pricing Master,2026-09-07T07:48:47.421676
7163,180,4,20220501,2250.00,925.00,1325.00,143.24,May 2022 Pricing Master,2026-09-07T07:48:47.421676
7164,183,4,20220501,2250.00,925.00,1325.00,143.24,May 2022 Pricing Master,2026-09-07T07:48:47.421676
7165,178,4,20220501,2250.00,925.00,1325.00,143.24,May 2022 Pricing Master,2026-09-07T07:48:47.421676
7166,179,4,20220501,2250.00,925.00,1325.00,143.24,May 2022 Pricing Master,2026-09-07T07:48:47.421676
7167,74,4,20220501,1995.00,900.00,1095.00,121.67,May 2022 Pricing Master,2026-09-07T07:48:47.421676
7168,73,4,20220501,1995.00,900.00,1095.00,121.67,May 2022 Pricing Master,2026-09-07T07:48:47.421676
7169,72,4,20220501,1995.00,900.00,1095.00,121.67,May 2022 Pricing Master,2026-09-07T07:48:47.421676
7170,75,4,20220501,1995.00,900.00,1095.00,121.67,May 2022 Pricing Master,2026-09-07T07:48:47.421676
7171,70,4,20220501,1995.00,900.00,1095.00,121.67,May 2022 Pricing Master,2026-09-07T07:48:47.421676
7172,71,4,20220501,1995.00,900.00,1095.00,121.67,May 2022 Pricing Master,2026-09-07T07:48:47.421676
7173,301,4,20220501,2695.00,1150.00,1545.00,134.35,May 2022 Pricing Master,2026-09-07T07:48:47.421676
7174,300,4,20220501,2695.00,1150.00,1545.00,134.35,May 2022 Pricing Master,2026-09-07T07:48:47.421676
7175,299,4,20220501,2695.00,1150.00,1545.00,134.35,May 2022 Pricing Master,2026-09-07T07:48:47.421676
7176,302,4,20220501,2695.00,1150.00,1545.00,134.35,May 2022 Pricing Master,2026-09-07T07:48:47.421676
7177,297,4,20220501,2695.00,1150.00,1545.00,134.35,May 2022 Pricing Master,2026-09-07T07:48:47.421676
7178,298,4,20220501,2695.00,1150.00,1545.00,134.35,May 2022 Pricing Master,2026-09-07T07:48:47.421676
7179,307,4,20220501,2695.00,1150.00,1545.00,134.35,May 2022 Pricing Master,2026-09-07T07:48:47.421676
7180,306,4,20220501,2695.00,1150.00,1545.00,134.35,May 2022 Pricing Master,2026-09-07T07:48:47.421676
7181,305,4,20220501,2695.00,1150.00,1545.00,134.35,May 2022 Pricing Master,2026-09-07T07:48:47.421676
7182,308,4,20220501,2695.00,1150.00,1545.00,134.35,May 2022 Pricing Master,2026-09-07T07:48:47.421676
7183,303,4,20220501,2695.00,1150.00,1545.00,134.35,May 2022 Pricing Master,2026-09-07T07:48:47.421676
7184,304,4,20220501,2695.00,1150.00,1545.00,134.35,May 2022 Pricing Master,2026-09-07T07:48:47.421676
7185,242,4,20220501,2150.00,910.00,1240.00,136.26,May 2022 Pricing Master,2026-09-07T07:48:47.421676
7186,241,4,20220501,2150.00,910.00,1240.00,136.26,May 2022 Pricing Master,2026-09-07T07:48:47.421676
7187,240,4,20220501,2150.00,910.00,1240.00,136.26,May 2022 Pricing Master,2026-09-07T07:48:47.421676
7188,243,4,20220501,2150.00,910.00,1240.00,136.26,May 2022 Pricing Master,2026-09-07T07:48:47.421676
7189,238,4,20220501,2150.00,910.00,1240.00,136.26,May 2022 Pricing Master,2026-09-07T07:48:47.421676
7190,239,4,20220501,2150.00,910.00,1240.00,136.26,May 2022 Pricing Master,2026-09-07T07:48:47.421676
7191,460,4,20220501,1595.00,361.00,1234.00,341.83,May 2022 Pricing Master,2026-09-07T07:48:47.421676
7192,458,4,20220501,1595.00,361.00,1234.00,341.83,May 2022 Pricing Master,2026-09-07T07:48:47.421676
7193,457,4,20220501,1595.00,361.00,1234.00,341.83,May 2022 Pricing Master,2026-09-07T07:48:47.421676
7194,456,4,20220501,1595.00,361.00,1234.00,341.83,May 2022 Pricing Master,2026-09-07T07:48:47.421676
7195,459,4,20220501,1595.00,361.00,1234.00,341.83,May 2022 Pricing Master,2026-09-07T07:48:47.421676
7196,855,4,20220501,1695.00,375.00,1320.00,352.00,May 2022 Pricing Master,2026-09-07T07:48:47.421676
7197,853,4,20220501,1695.00,375.00,1320.00,352.00,May 2022 Pricing Master,2026-09-07T07:48:47.421676
7198,852,4,20220501,1695.00,375.00,1320.00,352.00,May 2022 Pricing Master,2026-09-07T07:48:47.421676
7199,851,4,20220501,1695.00,375.00,1320.00,352.00,May 2022 Pricing Master,2026-09-07T07:48:47.421676
7200,854,4,20220501,1695.00,375.00,1320.00,352.00,May 2022 Pricing Master,2026-09-07T07:48:47.421676
7201,595,4,20220501,1795.00,435.00,1360.00,312.64,May 2022 Pricing Master,2026-09-07T07:48:47.421676
7202,594,4,20220501,1795.00,435.00,1360.00,312.64,May 2022 Pricing Master,2026-09-07T07:48:47.421676
7203,593,4,20220501,1795.00,435.00,1360.00,312.64,May 2022 Pricing Master,2026-09-07T07:48:47.421676
7204,596,4,20220501,1795.00,435.00,1360.00,312.64,May 2022 Pricing Master,2026-09-07T07:48:47.421676
7205,591,4,20220501,1795.00,435.00,1360.00,312.64,May 2022 Pricing Master,2026-09-07T07:48:47.421676
7206,592,4,20220501,1795.00,435.00,1360.00,312.64,May 2022 Pricing Master,2026-09-07T07:48:47.421676
7207,435,4,20220501,1695.00,395.00,1300.00,329.11,May 2022 Pricing Master,2026-09-07T07:48:47.421676
7208,433,4,20220501,1695.00,395.00,1300.00,329.11,May 2022 Pricing Master,2026-09-07T07:48:47.421676
7209,432,4,20220501,1695.00,395.00,1300.00,329.11,May 2022 Pricing Master,2026-09-07T07:48:47.421676
7210,431,4,20220501,1695.00,395.00,1300.00,329.11,May 2022 Pricing Master,2026-09-07T07:48:47.421676
7211,434,4,20220501,1695.00,395.00,1300.00,329.11,May 2022 Pricing Master,2026-09-07T07:48:47.421676
7212,445,4,20220501,1795.00,425.00,1370.00,322.35,May 2022 Pricing Master,2026-09-07T07:48:47.421676
7213,443,4,20220501,1795.00,425.00,1370.00,322.35,May 2022 Pricing Master,2026-09-07T07:48:47.421676
7214,442,4,20220501,1795.00,425.00,1370.00,322.35,May 2022 Pricing Master,2026-09-07T07:48:47.421676
7215,441,4,20220501,1795.00,425.00,1370.00,322.35,May 2022 Pricing Master,2026-09-07T07:48:47.421676
7216,444,4,20220501,1795.00,425.00,1370.00,322.35,May 2022 Pricing Master,2026-09-07T07:48:47.421676
7217,450,4,20220501,1895.00,450.00,1445.00,321.11,May 2022 Pricing Master,2026-09-07T07:48:47.421676
7218,448,4,20220501,1895.00,450.00,1445.00,321.11,May 2022 Pricing Master,2026-09-07T07:48:47.421676
7219,447,4,20220501,1895.00,450.00,1445.00,321.11,May 2022 Pricing Master,2026-09-07T07:48:47.421676
7220,446,4,20220501,1895.00,450.00,1445.00,321.11,May 2022 Pricing Master,2026-09-07T07:48:47.421676
7221,449,4,20220501,1895.00,450.00,1445.00,321.11,May 2022 Pricing Master,2026-09-07T07:48:47.421676
7222,455,4,20220501,1895.00,415.00,1480.00,356.63,May 2022 Pricing Master,2026-09-07T07:48:47.421676
7223,453,4,20220501,1895.00,415.00,1480.00,356.63,May 2022 Pricing Master,2026-09-07T07:48:47.421676
7224,452,4,20220501,1895.00,415.00,1480.00,356.63,May 2022 Pricing Master,2026-09-07T07:48:47.421676
7225,451,4,20220501,1895.00,415.00,1480.00,356.63,May 2022 Pricing Master,2026-09-07T07:48:47.421676
7226,454,4,20220501,1895.00,415.00,1480.00,356.63,May 2022 Pricing Master,2026-09-07T07:48:47.421676
7227,264,4,20220501,1895.00,825.00,1070.00,129.70,May 2022 Pricing Master,2026-09-07T07:48:47.421676
7228,263,4,20220501,1895.00,825.00,1070.00,129.70,May 2022 Pricing Master,2026-09-07T07:48:47.421676
7229,262,4,20220501,1895.00,825.00,1070.00,129.70,May 2022 Pricing Master,2026-09-07T07:48:47.421676
7230,265,4,20220501,1895.00,825.00,1070.00,129.70,May 2022 Pricing Master,2026-09-07T07:48:47.421676
7231,260,4,20220501,1895.00,825.00,1070.00,129.70,May 2022 Pricing Master,2026-09-07T07:48:47.421676
7232,261,4,20220501,1895.00,825.00,1070.00,129.70,May 2022 Pricing Master,2026-09-07T07:48:47.421676
7233,134,4,20220501,2495.00,950.00,1545.00,162.63,May 2022 Pricing Master,2026-09-07T07:48:47.421676
7234,133,4,20220501,2495.00,950.00,1545.00,162.63,May 2022 Pricing Master,2026-09-07T07:48:47.421676
7235,132,4,20220501,2495.00,950.00,1545.00,162.63,May 2022 Pricing Master,2026-09-07T07:48:47.421676
7236,135,4,20220501,2495.00,950.00,1545.00,162.63,May 2022 Pricing Master,2026-09-07T07:48:47.421676
7237,130,4,20220501,2495.00,950.00,1545.00,162.63,May 2022 Pricing Master,2026-09-07T07:48:47.421676
7238,131,4,20220501,2495.00,950.00,1545.00,162.63,May 2022 Pricing Master,2026-09-07T07:48:47.421676
7239,164,4,20220501,2195.00,895.00,1300.00,145.25,May 2022 Pricing Master,2026-09-07T07:48:47.421676
7240,163,4,20220501,2195.00,895.00,1300.00,145.25,May 2022 Pricing Master,2026-09-07T07:48:47.421676
7241,162,4,20220501,2195.00,895.00,1300.00,145.25,May 2022 Pricing Master,2026-09-07T07:48:47.421676
7242,165,4,20220501,2195.00,895.00,1300.00,145.25,May 2022 Pricing Master,2026-09-07T07:48:47.421676
7243,160,4,20220501,2195.00,895.00,1300.00,145.25,May 2022 Pricing Master,2026-09-07T07:48:47.421676
7244,161,4,20220501,2195.00,895.00,1300.00,145.25,May 2022 Pricing Master,2026-09-07T07:48:47.421676
7245,188,4,20220501,2050.00,875.00,1175.00,134.29,May 2022 Pricing Master,2026-09-07T07:48:47.421676
7246,187,4,20220501,2050.00,875.00,1175.00,134.29,May 2022 Pricing Master,2026-09-07T07:48:47.421676
7247,186,4,20220501,2050.00,875.00,1175.00,134.29,May 2022 Pricing Master,2026-09-07T07:48:47.421676
7248,189,4,20220501,2050.00,875.00,1175.00,134.29,May 2022 Pricing Master,2026-09-07T07:48:47.421676
7249,184,4,20220501,2050.00,875.00,1175.00,134.29,May 2022 Pricing Master,2026-09-07T07:48:47.421676
7250,185,4,20220501,2050.00,875.00,1175.00,134.29,May 2022 Pricing Master,2026-09-07T07:48:47.421676
7251,170,4,20220501,2395.00,1050.00,1345.00,128.10,May 2022 Pricing Master,2026-09-07T07:48:47.421676
7252,169,4,20220501,2395.00,1050.00,1345.00,128.10,May 2022 Pricing Master,2026-09-07T07:48:47.421676
7253,168,4,20220501,2395.00,1050.00,1345.00,128.10,May 2022 Pricing Master,2026-09-07T07:48:47.421676
7254,171,4,20220501,2395.00,1050.00,1345.00,128.10,May 2022 Pricing Master,2026-09-07T07:48:47.421676
7255,166,4,20220501,2395.00,1050.00,1345.00,128.10,May 2022 Pricing Master,2026-09-07T07:48:47.421676
7256,167,4,20220501,2395.00,1050.00,1345.00,128.10,May 2022 Pricing Master,2026-09-07T07:48:47.421676
7257,282,4,20220501,1895.00,510.00,1385.00,271.57,May 2022 Pricing Master,2026-09-07T07:48:47.421676
7258,281,4,20220501,1895.00,510.00,1385.00,271.57,May 2022 Pricing Master,2026-09-07T07:48:47.421676
7259,280,4,20220501,1895.00,510.00,1385.00,271.57,May 2022 Pricing Master,2026-09-07T07:48:47.421676
7260,283,4,20220501,1895.00,510.00,1385.00,271.57,May 2022 Pricing Master,2026-09-07T07:48:47.421676
7261,278,4,20220501,1895.00,510.00,1385.00,271.57,May 2022 Pricing Master,2026-09-07T07:48:47.421676
7262,279,4,20220501,1895.00,510.00,1385.00,271.57,May 2022 Pricing Master,2026-09-07T07:48:47.421676
7263,218,4,20220501,1895.00,825.00,1070.00,129.70,May 2022 Pricing Master,2026-09-07T07:48:47.421676
7264,217,4,20220501,1895.00,825.00,1070.00,129.70,May 2022 Pricing Master,2026-09-07T07:48:47.421676
7265,216,4,20220501,1895.00,825.00,1070.00,129.70,May 2022 Pricing Master,2026-09-07T07:48:47.421676
7266,219,4,20220501,1895.00,825.00,1070.00,129.70,May 2022 Pricing Master,2026-09-07T07:48:47.421676
7267,214,4,20220501,1895.00,825.00,1070.00,129.70,May 2022 Pricing Master,2026-09-07T07:48:47.421676
7268,215,4,20220501,1895.00,825.00,1070.00,129.70,May 2022 Pricing Master,2026-09-07T07:48:47.421676
7269,212,4,20220501,1995.00,845.00,1150.00,136.09,May 2022 Pricing Master,2026-09-07T07:48:47.421676
7270,211,4,20220501,1995.00,845.00,1150.00,136.09,May 2022 Pricing Master,2026-09-07T07:48:47.421676
7271,210,4,20220501,1995.00,845.00,1150.00,136.09,May 2022 Pricing Master,2026-09-07T07:48:47.421676
7272,213,4,20220501,1995.00,845.00,1150.00,136.09,May 2022 Pricing Master,2026-09-07T07:48:47.421676
7273,208,4,20220501,1995.00,845.00,1150.00,136.09,May 2022 Pricing Master,2026-09-07T07:48:47.421676
7274,209,4,20220501,1995.00,845.00,1150.00,136.09,May 2022 Pricing Master,2026-09-07T07:48:47.421676
7275,116,4,20220501,1895.00,695.00,1200.00,172.66,May 2022 Pricing Master,2026-09-07T07:48:47.421676
7276,115,4,20220501,1895.00,695.00,1200.00,172.66,May 2022 Pricing Master,2026-09-07T07:48:47.421676
7277,114,4,20220501,1895.00,695.00,1200.00,172.66,May 2022 Pricing Master,2026-09-07T07:48:47.421676
7278,117,4,20220501,1895.00,695.00,1200.00,172.66,May 2022 Pricing Master,2026-09-07T07:48:47.421676
7279,112,4,20220501,1895.00,695.00,1200.00,172.66,May 2022 Pricing Master,2026-09-07T07:48:47.421676
7280,113,4,20220501,1895.00,695.00,1200.00,172.66,May 2022 Pricing Master,2026-09-07T07:48:47.421676
7281,206,4,20220501,2595.00,1140.00,1455.00,127.63,May 2022 Pricing Master,2026-09-07T07:48:47.421676
7282,205,4,20220501,2595.00,1140.00,1455.00,127.63,May 2022 Pricing Master,2026-09-07T07:48:47.421676
7283,204,4,20220501,2595.00,1140.00,1455.00,127.63,May 2022 Pricing Master,2026-09-07T07:48:47.421676
7284,207,4,20220501,2595.00,1140.00,1455.00,127.63,May 2022 Pricing Master,2026-09-07T07:48:47.421676
7285,202,4,20220501,2595.00,1140.00,1455.00,127.63,May 2022 Pricing Master,2026-09-07T07:48:47.421676
7286,203,4,20220501,2595.00,1140.00,1455.00,127.63,May 2022 Pricing Master,2026-09-07T07:48:47.421676
7287,200,4,20220501,2295.00,980.00,1315.00,134.18,May 2022 Pricing Master,2026-09-07T07:48:47.421676
7288,199,4,20220501,2295.00,980.00,1315.00,134.18,May 2022 Pricing Master,2026-09-07T07:48:47.421676
7289,198,4,20220501,2295.00,980.00,1315.00,134.18,May 2022 Pricing Master,2026-09-07T07:48:47.421676
7290,201,4,20220501,2295.00,980.00,1315.00,134.18,May 2022 Pricing Master,2026-09-07T07:48:47.421676
7291,196,4,20220501,2295.00,980.00,1315.00,134.18,May 2022 Pricing Master,2026-09-07T07:48:47.421676
7292,197,4,20220501,2295.00,980.00,1315.00,134.18,May 2022 Pricing Master,2026-09-07T07:48:47.421676
7293,128,4,20220501,2495.00,950.00,1545.00,162.63,May 2022 Pricing Master,2026-09-07T07:48:47.421676
7294,127,4,20220501,2495.00,950.00,1545.00,162.63,May 2022 Pricing Master,2026-09-07T07:48:47.421676
7295,126,4,20220501,2495.00,950.00,1545.00,162.63,May 2022 Pricing Master,2026-09-07T07:48:47.421676
7296,129,4,20220501,2495.00,950.00,1545.00,162.63,May 2022 Pricing Master,2026-09-07T07:48:47.421676
7297,124,4,20220501,2495.00,950.00,1545.00,162.63,May 2022 Pricing Master,2026-09-07T07:48:47.421676
7298,125,4,20220501,2495.00,950.00,1545.00,162.63,May 2022 Pricing Master,2026-09-07T07:48:47.421676
7299,1093,4,20220501,2795.00,680.00,2115.00,311.03,May 2022 Pricing Master,2026-09-07T07:48:47.421676
7300,1092,4,20220501,2795.00,680.00,2115.00,311.03,May 2022 Pricing Master,2026-09-07T07:48:47.421676
7301,1091,4,20220501,2795.00,680.00,2115.00,311.03,May 2022 Pricing Master,2026-09-07T07:48:47.421676
7302,1094,4,20220501,2795.00,680.00,2115.00,311.03,May 2022 Pricing Master,2026-09-07T07:48:47.421676
7303,1089,4,20220501,2795.00,680.00,2115.00,311.03,May 2022 Pricing Master,2026-09-07T07:48:47.421676
7304,1090,4,20220501,2795.00,680.00,2115.00,311.03,May 2022 Pricing Master,2026-09-07T07:48:47.421676
7305,1087,4,20220501,2795.00,680.00,2115.00,311.03,May 2022 Pricing Master,2026-09-07T07:48:47.421676
7306,1086,4,20220501,2795.00,680.00,2115.00,311.03,May 2022 Pricing Master,2026-09-07T07:48:47.421676
7307,1085,4,20220501,2795.00,680.00,2115.00,311.03,May 2022 Pricing Master,2026-09-07T07:48:47.421676
7308,1088,4,20220501,2795.00,680.00,2115.00,311.03,May 2022 Pricing Master,2026-09-07T07:48:47.421676
7309,1083,4,20220501,2795.00,680.00,2115.00,311.03,May 2022 Pricing Master,2026-09-07T07:48:47.421676
7310,1084,4,20220501,2795.00,680.00,2115.00,311.03,May 2022 Pricing Master,2026-09-07T07:48:47.421676
7311,1081,4,20220501,2795.00,680.00,2115.00,311.03,May 2022 Pricing Master,2026-09-07T07:48:47.421676
7312,1080,4,20220501,2795.00,680.00,2115.00,311.03,May 2022 Pricing Master,2026-09-07T07:48:47.421676
7313,1079,4,20220501,2795.00,680.00,2115.00,311.03,May 2022 Pricing Master,2026-09-07T07:48:47.421676
7314,1082,4,20220501,2795.00,680.00,2115.00,311.03,May 2022 Pricing Master,2026-09-07T07:48:47.421676
7315,1077,4,20220501,2795.00,680.00,2115.00,311.03,May 2022 Pricing Master,2026-09-07T07:48:47.421676
7316,1078,4,20220501,2795.00,680.00,2115.00,311.03,May 2022 Pricing Master,2026-09-07T07:48:47.421676
7317,1075,4,20220501,2795.00,680.00,2115.00,311.03,May 2022 Pricing Master,2026-09-07T07:48:47.421676
7318,1074,4,20220501,2795.00,680.00,2115.00,311.03,May 2022 Pricing Master,2026-09-07T07:48:47.421676
7319,1073,4,20220501,2795.00,680.00,2115.00,311.03,May 2022 Pricing Master,2026-09-07T07:48:47.421676
7320,1076,4,20220501,2795.00,680.00,2115.00,311.03,May 2022 Pricing Master,2026-09-07T07:48:47.421676
7321,1071,4,20220501,2795.00,680.00,2115.00,311.03,May 2022 Pricing Master,2026-09-07T07:48:47.421676
7322,1072,4,20220501,2795.00,680.00,2115.00,311.03,May 2022 Pricing Master,2026-09-07T07:48:47.421676
7323,1058,4,20220501,1995.00,425.00,1570.00,369.41,May 2022 Pricing Master,2026-09-07T07:48:47.421676
7324,1057,4,20220501,1995.00,425.00,1570.00,369.41,May 2022 Pricing Master,2026-09-07T07:48:47.421676
7325,1056,4,20220501,1995.00,425.00,1570.00,369.41,May 2022 Pricing Master,2026-09-07T07:48:47.421676
7326,1059,4,20220501,1995.00,425.00,1570.00,369.41,May 2022 Pricing Master,2026-09-07T07:48:47.421676
7327,1054,4,20220501,1995.00,425.00,1570.00,369.41,May 2022 Pricing Master,2026-09-07T07:48:47.421676
7328,1055,4,20220501,1995.00,425.00,1570.00,369.41,May 2022 Pricing Master,2026-09-07T07:48:47.421676
7329,483,4,20220501,1995.00,425.00,1570.00,369.41,May 2022 Pricing Master,2026-09-07T07:48:47.421676
7330,482,4,20220501,1995.00,425.00,1570.00,369.41,May 2022 Pricing Master,2026-09-07T07:48:47.421676
7331,481,4,20220501,1995.00,425.00,1570.00,369.41,May 2022 Pricing Master,2026-09-07T07:48:47.421676
7332,484,4,20220501,1995.00,425.00,1570.00,369.41,May 2022 Pricing Master,2026-09-07T07:48:47.421676
7333,479,4,20220501,1995.00,425.00,1570.00,369.41,May 2022 Pricing Master,2026-09-07T07:48:47.421676
7334,480,4,20220501,1995.00,425.00,1570.00,369.41,May 2022 Pricing Master,2026-09-07T07:48:47.421676
7335,558,4,20220501,1995.00,425.00,1570.00,369.41,May 2022 Pricing Master,2026-09-07T07:48:47.421676
7336,557,4,20220501,1995.00,425.00,1570.00,369.41,May 2022 Pricing Master,2026-09-07T07:48:47.421676
7337,556,4,20220501,1995.00,425.00,1570.00,369.41,May 2022 Pricing Master,2026-09-07T07:48:47.421676
7338,559,4,20220501,1995.00,425.00,1570.00,369.41,May 2022 Pricing Master,2026-09-07T07:48:47.421676
7339,553,4,20220501,1995.00,425.00,1570.00,369.41,May 2022 Pricing Master,2026-09-07T07:48:47.421676
7340,555,4,20220501,1995.00,425.00,1570.00,369.41,May 2022 Pricing Master,2026-09-07T07:48:47.421676
7341,1069,4,20220501,1195.00,220.00,975.00,443.18,May 2022 Pricing Master,2026-09-07T07:48:47.421676
7342,1068,4,20220501,1195.00,220.00,975.00,443.18,May 2022 Pricing Master,2026-09-07T07:48:47.421676
7343,1067,4,20220501,1195.00,220.00,975.00,443.18,May 2022 Pricing Master,2026-09-07T07:48:47.421676
7344,1070,4,20220501,1195.00,220.00,975.00,443.18,May 2022 Pricing Master,2026-09-07T07:48:47.421676
7345,1066,4,20220501,1195.00,220.00,975.00,443.18,May 2022 Pricing Master,2026-09-07T07:48:47.421676
7346,289,4,20220501,1250.00,525.00,725.00,138.10,May 2022 Pricing Master,2026-09-07T07:48:47.421676
7347,288,4,20220501,1250.00,525.00,725.00,138.10,May 2022 Pricing Master,2026-09-07T07:48:47.421676
7348,287,4,20220501,1250.00,525.00,725.00,138.10,May 2022 Pricing Master,2026-09-07T07:48:47.421676
7349,290,4,20220501,1250.00,525.00,725.00,138.10,May 2022 Pricing Master,2026-09-07T07:48:47.421676
7350,285,4,20220501,1250.00,525.00,725.00,138.10,May 2022 Pricing Master,2026-09-07T07:48:47.421676
7351,286,4,20220501,1250.00,525.00,725.00,138.10,May 2022 Pricing Master,2026-09-07T07:48:47.421676
7352,104,4,20220501,1895.00,880.00,1015.00,115.34,May 2022 Pricing Master,2026-09-07T07:48:47.421676
7353,103,4,20220501,1895.00,880.00,1015.00,115.34,May 2022 Pricing Master,2026-09-07T07:48:47.421676
7354,102,4,20220501,1895.00,880.00,1015.00,115.34,May 2022 Pricing Master,2026-09-07T07:48:47.421676
7355,105,4,20220501,1895.00,880.00,1015.00,115.34,May 2022 Pricing Master,2026-09-07T07:48:47.421676
7356,100,4,20220501,1895.00,880.00,1015.00,115.34,May 2022 Pricing Master,2026-09-07T07:48:47.421676
7357,101,4,20220501,1895.00,880.00,1015.00,115.34,May 2022 Pricing Master,2026-09-07T07:48:47.421676
7358,1034,4,20220501,1995.00,425.00,1570.00,369.41,May 2022 Pricing Master,2026-09-07T07:48:47.421676
7359,1033,4,20220501,1995.00,425.00,1570.00,369.41,May 2022 Pricing Master,2026-09-07T07:48:47.421676
7360,1032,4,20220501,1995.00,425.00,1570.00,369.41,May 2022 Pricing Master,2026-09-07T07:48:47.421676
7361,1035,4,20220501,1995.00,425.00,1570.00,369.41,May 2022 Pricing Master,2026-09-07T07:48:47.421676
7362,1030,4,20220501,1995.00,425.00,1570.00,369.41,May 2022 Pricing Master,2026-09-07T07:48:47.421676
7363,1031,4,20220501,1995.00,425.00,1570.00,369.41,May 2022 Pricing Master,2026-09-07T07:48:47.421676
7364,1046,4,20220501,1895.00,410.00,1485.00,362.20,May 2022 Pricing Master,2026-09-07T07:48:47.421676
7365,1045,4,20220501,1895.00,410.00,1485.00,362.20,May 2022 Pricing Master,2026-09-07T07:48:47.421676
7366,1044,4,20220501,1895.00,410.00,1485.00,362.20,May 2022 Pricing Master,2026-09-07T07:48:47.421676
7367,1047,4,20220501,1895.00,410.00,1485.00,362.20,May 2022 Pricing Master,2026-09-07T07:48:47.421676
7368,1042,4,20220501,1895.00,410.00,1485.00,362.20,May 2022 Pricing Master,2026-09-07T07:48:47.421676
7369,1043,4,20220501,1895.00,410.00,1485.00,362.20,May 2022 Pricing Master,2026-09-07T07:48:47.421676
7370,1052,4,20220501,1895.00,410.00,1485.00,362.20,May 2022 Pricing Master,2026-09-07T07:48:47.421676
7371,1051,4,20220501,1895.00,410.00,1485.00,362.20,May 2022 Pricing Master,2026-09-07T07:48:47.421676
7372,1050,4,20220501,1895.00,410.00,1485.00,362.20,May 2022 Pricing Master,2026-09-07T07:48:47.421676
7373,1053,4,20220501,1895.00,410.00,1485.00,362.20,May 2022 Pricing Master,2026-09-07T07:48:47.421676
7374,1048,4,20220501,1895.00,410.00,1485.00,362.20,May 2022 Pricing Master,2026-09-07T07:48:47.421676
7375,1049,4,20220501,1895.00,410.00,1485.00,362.20,May 2022 Pricing Master,2026-09-07T07:48:47.421676
7376,507,4,20220501,1895.00,395.00,1500.00,379.75,May 2022 Pricing Master,2026-09-07T07:48:47.421676
7377,1118,6,20220501,3095.00,675.00,2420.00,358.52,May 2022 Pricing Master,2026-09-07T07:48:47.421676
7378,1117,6,20220501,3095.00,675.00,2420.00,358.52,May 2022 Pricing Master,2026-09-07T07:48:47.421676
7379,1120,6,20220501,3095.00,675.00,2420.00,358.52,May 2022 Pricing Master,2026-09-07T07:48:47.421676
7380,1115,6,20220501,3095.00,675.00,2420.00,358.52,May 2022 Pricing Master,2026-09-07T07:48:47.421676
7381,1116,6,20220501,3095.00,675.00,2420.00,358.52,May 2022 Pricing Master,2026-09-07T07:48:47.421676
7382,1125,6,20220501,2295.00,440.00,1855.00,421.59,May 2022 Pricing Master,2026-09-07T07:48:47.421676
7383,1124,6,20220501,2295.00,440.00,1855.00,421.59,May 2022 Pricing Master,2026-09-07T07:48:47.421676
7384,1123,6,20220501,2295.00,440.00,1855.00,421.59,May 2022 Pricing Master,2026-09-07T07:48:47.421676
7385,1126,6,20220501,2295.00,440.00,1855.00,421.59,May 2022 Pricing Master,2026-09-07T07:48:47.421676
7386,1121,6,20220501,2295.00,440.00,1855.00,421.59,May 2022 Pricing Master,2026-09-07T07:48:47.421676
7387,1122,6,20220501,2295.00,440.00,1855.00,421.59,May 2022 Pricing Master,2026-09-07T07:48:47.421676
7388,1107,6,20220501,3195.00,695.00,2500.00,359.71,May 2022 Pricing Master,2026-09-07T07:48:47.421676
7389,1106,6,20220501,3195.00,695.00,2500.00,359.71,May 2022 Pricing Master,2026-09-07T07:48:47.421676
7390,1105,6,20220501,3195.00,695.00,2500.00,359.71,May 2022 Pricing Master,2026-09-07T07:48:47.421676
7391,1108,6,20220501,3195.00,695.00,2500.00,359.71,May 2022 Pricing Master,2026-09-07T07:48:47.421676
7392,1103,6,20220501,3195.00,695.00,2500.00,359.71,May 2022 Pricing Master,2026-09-07T07:48:47.421676
7393,1104,6,20220501,3195.00,695.00,2500.00,359.71,May 2022 Pricing Master,2026-09-07T07:48:47.421676
7394,1113,6,20220501,2495.00,490.00,2005.00,409.18,May 2022 Pricing Master,2026-09-07T07:48:47.421676
7395,1112,6,20220501,2495.00,490.00,2005.00,409.18,May 2022 Pricing Master,2026-09-07T07:48:47.421676
7396,1111,6,20220501,2495.00,490.00,2005.00,409.18,May 2022 Pricing Master,2026-09-07T07:48:47.421676
7397,1114,6,20220501,2495.00,490.00,2005.00,409.18,May 2022 Pricing Master,2026-09-07T07:48:47.421676
7398,1109,6,20220501,2495.00,490.00,2005.00,409.18,May 2022 Pricing Master,2026-09-07T07:48:47.421676
7399,1110,6,20220501,2495.00,490.00,2005.00,409.18,May 2022 Pricing Master,2026-09-07T07:48:47.421676
7400,1264,6,20220501,2097.00,415.00,1682.00,405.30,May 2022 Pricing Master,2026-09-07T07:48:47.421676
7401,1263,6,20220501,2097.00,415.00,1682.00,405.30,May 2022 Pricing Master,2026-09-07T07:48:47.421676
7402,1262,6,20220501,2097.00,415.00,1682.00,405.30,May 2022 Pricing Master,2026-09-07T07:48:47.421676
7403,1265,6,20220501,2097.00,415.00,1682.00,405.30,May 2022 Pricing Master,2026-09-07T07:48:47.421676
7404,1260,6,20220501,2097.00,415.00,1682.00,405.30,May 2022 Pricing Master,2026-09-07T07:48:47.421676
7405,1261,6,20220501,2097.00,415.00,1682.00,405.30,May 2022 Pricing Master,2026-09-07T07:48:47.421676
7406,1155,6,20220501,3297.00,650.00,2647.00,407.23,May 2022 Pricing Master,2026-09-07T07:48:47.421676
7407,1154,6,20220501,3297.00,650.00,2647.00,407.23,May 2022 Pricing Master,2026-09-07T07:48:47.421676
7408,1153,6,20220501,3297.00,650.00,2647.00,407.23,May 2022 Pricing Master,2026-09-07T07:48:47.421676
7409,1156,6,20220501,3297.00,650.00,2647.00,407.23,May 2022 Pricing Master,2026-09-07T07:48:47.421676
7410,1151,6,20220501,3297.00,650.00,2647.00,407.23,May 2022 Pricing Master,2026-09-07T07:48:47.421676
7411,1152,6,20220501,3297.00,650.00,2647.00,407.23,May 2022 Pricing Master,2026-09-07T07:48:47.421676
7412,1161,6,20220501,2195.00,425.00,1770.00,416.47,May 2022 Pricing Master,2026-09-07T07:48:47.421676
7413,1160,6,20220501,2195.00,425.00,1770.00,416.47,May 2022 Pricing Master,2026-09-07T07:48:47.421676
7414,1159,6,20220501,2195.00,425.00,1770.00,416.47,May 2022 Pricing Master,2026-09-07T07:48:47.421676
7415,1162,6,20220501,2195.00,425.00,1770.00,416.47,May 2022 Pricing Master,2026-09-07T07:48:47.421676
7416,1157,6,20220501,2195.00,425.00,1770.00,416.47,May 2022 Pricing Master,2026-09-07T07:48:47.421676
7417,1158,6,20220501,2195.00,425.00,1770.00,416.47,May 2022 Pricing Master,2026-09-07T07:48:47.421676
7418,1143,6,20220501,2995.00,625.00,2370.00,379.20,May 2022 Pricing Master,2026-09-07T07:48:47.421676
7419,1142,6,20220501,2995.00,625.00,2370.00,379.20,May 2022 Pricing Master,2026-09-07T07:48:47.421676
7420,1141,6,20220501,2995.00,625.00,2370.00,379.20,May 2022 Pricing Master,2026-09-07T07:48:47.421676
7421,1144,6,20220501,2995.00,625.00,2370.00,379.20,May 2022 Pricing Master,2026-09-07T07:48:47.421676
7422,1139,6,20220501,2995.00,625.00,2370.00,379.20,May 2022 Pricing Master,2026-09-07T07:48:47.421676
7423,1140,6,20220501,2995.00,625.00,2370.00,379.20,May 2022 Pricing Master,2026-09-07T07:48:47.421676
7424,1179,6,20220501,2197.00,425.00,1772.00,416.94,May 2022 Pricing Master,2026-09-07T07:48:47.421676
7425,1178,6,20220501,2197.00,425.00,1772.00,416.94,May 2022 Pricing Master,2026-09-07T07:48:47.421676
7426,1177,6,20220501,2197.00,425.00,1772.00,416.94,May 2022 Pricing Master,2026-09-07T07:48:47.421676
7427,1180,6,20220501,2197.00,425.00,1772.00,416.94,May 2022 Pricing Master,2026-09-07T07:48:47.421676
7428,1175,6,20220501,2197.00,425.00,1772.00,416.94,May 2022 Pricing Master,2026-09-07T07:48:47.421676
7429,1176,6,20220501,2197.00,425.00,1772.00,416.94,May 2022 Pricing Master,2026-09-07T07:48:47.421676
7430,1232,6,20220501,2895.00,595.00,2300.00,386.55,May 2022 Pricing Master,2026-09-07T07:48:47.421676
7431,1231,6,20220501,2895.00,595.00,2300.00,386.55,May 2022 Pricing Master,2026-09-07T07:48:47.421676
7432,1230,6,20220501,2895.00,595.00,2300.00,386.55,May 2022 Pricing Master,2026-09-07T07:48:47.421676
7433,1233,6,20220501,2895.00,595.00,2300.00,386.55,May 2022 Pricing Master,2026-09-07T07:48:47.421676
7434,1228,6,20220501,2895.00,595.00,2300.00,386.55,May 2022 Pricing Master,2026-09-07T07:48:47.421676
7435,1229,6,20220501,2895.00,595.00,2300.00,386.55,May 2022 Pricing Master,2026-09-07T07:48:47.421676
7436,1238,6,20220501,2095.00,410.00,1685.00,410.98,May 2022 Pricing Master,2026-09-07T07:48:47.421676
7437,1237,6,20220501,2095.00,410.00,1685.00,410.98,May 2022 Pricing Master,2026-09-07T07:48:47.421676
7438,1236,6,20220501,2095.00,410.00,1685.00,410.98,May 2022 Pricing Master,2026-09-07T07:48:47.421676
7439,1239,6,20220501,2095.00,410.00,1685.00,410.98,May 2022 Pricing Master,2026-09-07T07:48:47.421676
7440,1234,6,20220501,2095.00,410.00,1685.00,410.98,May 2022 Pricing Master,2026-09-07T07:48:47.421676
7441,1235,6,20220501,2095.00,410.00,1685.00,410.98,May 2022 Pricing Master,2026-09-07T07:48:47.421676
7442,1250,6,20220501,3297.00,650.00,2647.00,407.23,May 2022 Pricing Master,2026-09-07T07:48:47.421676
7443,1249,6,20220501,3297.00,650.00,2647.00,407.23,May 2022 Pricing Master,2026-09-07T07:48:47.421676
7444,1248,6,20220501,3297.00,650.00,2647.00,407.23,May 2022 Pricing Master,2026-09-07T07:48:47.421676
7445,1251,6,20220501,3297.00,650.00,2647.00,407.23,May 2022 Pricing Master,2026-09-07T07:48:47.421676
7446,1246,6,20220501,3297.00,650.00,2647.00,407.23,May 2022 Pricing Master,2026-09-07T07:48:47.421676
7447,1247,6,20220501,3297.00,650.00,2647.00,407.23,May 2022 Pricing Master,2026-09-07T07:48:47.421676
7448,1256,6,20220501,2195.00,425.00,1770.00,416.47,May 2022 Pricing Master,2026-09-07T07:48:47.421676
7449,1255,6,20220501,2195.00,425.00,1770.00,416.47,May 2022 Pricing Master,2026-09-07T07:48:47.421676
7450,1254,6,20220501,2195.00,425.00,1770.00,416.47,May 2022 Pricing Master,2026-09-07T07:48:47.421676
7451,1257,6,20220501,2195.00,425.00,1770.00,416.47,May 2022 Pricing Master,2026-09-07T07:48:47.421676
7452,1252,6,20220501,2195.00,425.00,1770.00,416.47,May 2022 Pricing Master,2026-09-07T07:48:47.421676
7453,1253,6,20220501,2195.00,425.00,1770.00,416.47,May 2022 Pricing Master,2026-09-07T07:48:47.421676
7454,1244,6,20220501,2097.00,415.00,1682.00,405.30,May 2022 Pricing Master,2026-09-07T07:48:47.421676
7455,1243,6,20220501,2097.00,415.00,1682.00,405.30,May 2022 Pricing Master,2026-09-07T07:48:47.421676
7456,1242,6,20220501,2097.00,415.00,1682.00,405.30,May 2022 Pricing Master,2026-09-07T07:48:47.421676
7457,1245,6,20220501,2097.00,415.00,1682.00,405.30,May 2022 Pricing Master,2026-09-07T07:48:47.421676
7458,1240,6,20220501,2097.00,415.00,1682.00,405.30,May 2022 Pricing Master,2026-09-07T07:48:47.421676
7459,1241,6,20220501,2097.00,415.00,1682.00,405.30,May 2022 Pricing Master,2026-09-07T07:48:47.421676
7460,1167,6,20220501,3197.00,640.00,2557.00,399.53,May 2022 Pricing Master,2026-09-07T07:48:47.421676
7461,1166,6,20220501,3197.00,640.00,2557.00,399.53,May 2022 Pricing Master,2026-09-07T07:48:47.421676
7462,1165,6,20220501,3197.00,640.00,2557.00,399.53,May 2022 Pricing Master,2026-09-07T07:48:47.421676
7463,1168,6,20220501,3197.00,640.00,2557.00,399.53,May 2022 Pricing Master,2026-09-07T07:48:47.421676
7464,1163,6,20220501,3197.00,640.00,2557.00,399.53,May 2022 Pricing Master,2026-09-07T07:48:47.421676
7465,1164,6,20220501,3197.00,640.00,2557.00,399.53,May 2022 Pricing Master,2026-09-07T07:48:47.421676
7466,1173,6,20220501,2295.00,415.00,1880.00,453.01,May 2022 Pricing Master,2026-09-07T07:48:47.421676
7467,1172,6,20220501,2295.00,415.00,1880.00,453.01,May 2022 Pricing Master,2026-09-07T07:48:47.421676
7468,1171,6,20220501,2295.00,415.00,1880.00,453.01,May 2022 Pricing Master,2026-09-07T07:48:47.421676
7469,1174,6,20220501,2295.00,415.00,1880.00,453.01,May 2022 Pricing Master,2026-09-07T07:48:47.421676
7470,1169,6,20220501,2295.00,415.00,1880.00,453.01,May 2022 Pricing Master,2026-09-07T07:48:47.421676
7471,1170,6,20220501,2295.00,415.00,1880.00,453.01,May 2022 Pricing Master,2026-09-07T07:48:47.421676
7472,1214,6,20220501,3195.00,625.00,2570.00,411.20,May 2022 Pricing Master,2026-09-07T07:48:47.421676
7473,1213,6,20220501,3195.00,625.00,2570.00,411.20,May 2022 Pricing Master,2026-09-07T07:48:47.421676
7474,1212,6,20220501,3195.00,625.00,2570.00,411.20,May 2022 Pricing Master,2026-09-07T07:48:47.421676
7475,1215,6,20220501,3195.00,625.00,2570.00,411.20,May 2022 Pricing Master,2026-09-07T07:48:47.421676
7476,1210,6,20220501,3195.00,625.00,2570.00,411.20,May 2022 Pricing Master,2026-09-07T07:48:47.421676
7477,1211,6,20220501,3195.00,625.00,2570.00,411.20,May 2022 Pricing Master,2026-09-07T07:48:47.421676
7478,1220,6,20220501,2097.00,400.00,1697.00,424.25,May 2022 Pricing Master,2026-09-07T07:48:47.421676
7479,1219,6,20220501,2097.00,400.00,1697.00,424.25,May 2022 Pricing Master,2026-09-07T07:48:47.421676
7480,1218,6,20220501,2097.00,400.00,1697.00,424.25,May 2022 Pricing Master,2026-09-07T07:48:47.421676
7481,1221,6,20220501,2097.00,400.00,1697.00,424.25,May 2022 Pricing Master,2026-09-07T07:48:47.421676
7482,1216,6,20220501,2097.00,400.00,1697.00,424.25,May 2022 Pricing Master,2026-09-07T07:48:47.421676
7483,1217,6,20220501,2097.00,400.00,1697.00,424.25,May 2022 Pricing Master,2026-09-07T07:48:47.421676
7484,1202,6,20220501,2895.00,615.00,2280.00,370.73,May 2022 Pricing Master,2026-09-07T07:48:47.421676
7485,1201,6,20220501,2895.00,615.00,2280.00,370.73,May 2022 Pricing Master,2026-09-07T07:48:47.421676
7486,1200,6,20220501,2895.00,615.00,2280.00,370.73,May 2022 Pricing Master,2026-09-07T07:48:47.421676
7487,1203,6,20220501,2895.00,615.00,2280.00,370.73,May 2022 Pricing Master,2026-09-07T07:48:47.421676
7488,1198,6,20220501,2895.00,615.00,2280.00,370.73,May 2022 Pricing Master,2026-09-07T07:48:47.421676
7489,1199,6,20220501,2895.00,615.00,2280.00,370.73,May 2022 Pricing Master,2026-09-07T07:48:47.421676
7490,1208,6,20220501,2195.00,425.00,1770.00,416.47,May 2022 Pricing Master,2026-09-07T07:48:47.421676
7491,1207,6,20220501,2195.00,425.00,1770.00,416.47,May 2022 Pricing Master,2026-09-07T07:48:47.421676
7492,1206,6,20220501,2195.00,425.00,1770.00,416.47,May 2022 Pricing Master,2026-09-07T07:48:47.421676
7493,1209,6,20220501,2195.00,425.00,1770.00,416.47,May 2022 Pricing Master,2026-09-07T07:48:47.421676
7494,1204,6,20220501,2195.00,425.00,1770.00,416.47,May 2022 Pricing Master,2026-09-07T07:48:47.421676
7495,1205,6,20220501,2195.00,425.00,1770.00,416.47,May 2022 Pricing Master,2026-09-07T07:48:47.421676
7496,62,6,20220501,2895.00,0.00,2895.00,0.00,May 2022 Pricing Master,2026-09-07T07:48:47.421676
7497,61,6,20220501,2895.00,0.00,2895.00,0.00,May 2022 Pricing Master,2026-09-07T07:48:47.421676
7498,60,6,20220501,2895.00,0.00,2895.00,0.00,May 2022 Pricing Master,2026-09-07T07:48:47.421676
7499,63,6,20220501,2895.00,0.00,2895.00,0.00,May 2022 Pricing Master,2026-09-07T07:48:47.421676
7500,58,6,20220501,2895.00,0.00,2895.00,0.00,May 2022 Pricing Master,2026-09-07T07:48:47.421676
7501,59,6,20220501,2895.00,0.00,2895.00,0.00,May 2022 Pricing Master,2026-09-07T07:48:47.421676
7502,252,6,20220501,5997.00,1195.00,4802.00,401.84,May 2022 Pricing Master,2026-09-07T07:48:47.421676
7503,251,6,20220501,5997.00,1195.00,4802.00,401.84,May 2022 Pricing Master,2026-09-07T07:48:47.421676
7504,253,6,20220501,5997.00,1195.00,4802.00,401.84,May 2022 Pricing Master,2026-09-07T07:48:47.421676
7505,250,6,20220501,5997.00,1195.00,4802.00,401.84,May 2022 Pricing Master,2026-09-07T07:48:47.421676
7506,14,6,20220501,2494.00,818.00,1676.00,204.89,May 2022 Pricing Master,2026-09-07T07:48:47.421676
7507,37,6,20220501,4099.00,1044.00,3055.00,292.62,May 2022 Pricing Master,2026-09-07T07:48:47.421676
7508,13,6,20220501,2449.00,795.00,1654.00,208.05,May 2022 Pricing Master,2026-09-07T07:48:47.421676
7509,1320,6,20220501,4049.00,1395.00,2654.00,190.25,May 2022 Pricing Master,2026-09-07T07:48:47.421676
7510,1321,6,20220501,4049.00,1395.00,2654.00,190.25,May 2022 Pricing Master,2026-09-07T07:48:47.421676
7511,1319,6,20220501,4049.00,1395.00,2654.00,190.25,May 2022 Pricing Master,2026-09-07T07:48:47.421676
7512,1323,6,20220501,4049.00,1395.00,2654.00,190.25,May 2022 Pricing Master,2026-09-07T07:48:47.421676
7513,1322,6,20220501,4049.00,1395.00,2654.00,190.25,May 2022 Pricing Master,2026-09-07T07:48:47.421676
7514,1329,6,20220501,3149.00,895.00,2254.00,251.84,May 2022 Pricing Master,2026-09-07T07:48:47.421676
7515,284,6,20220501,2449.00,625.00,1824.00,291.84,May 2022 Pricing Master,2026-09-07T07:48:47.421676
7516,10,6,20220501,4549.00,1165.00,3384.00,290.47,May 2022 Pricing Master,2026-09-07T07:48:47.421676
7517,9,6,20220501,4549.00,1165.00,3384.00,290.47,May 2022 Pricing Master,2026-09-07T07:48:47.421676
7518,8,6,20220501,4549.00,1165.00,3384.00,290.47,May 2022 Pricing Master,2026-09-07T07:48:47.421676
7519,7,6,20220501,4549.00,1165.00,3384.00,290.47,May 2022 Pricing Master,2026-09-07T07:48:47.421676
7520,12,6,20220501,2449.00,795.00,1654.00,208.05,May 2022 Pricing Master,2026-09-07T07:48:47.421676
7521,3,6,20220501,299.00,150.00,149.00,99.33,May 2022 Pricing Master,2026-09-07T07:48:47.421676
7522,2,6,20220501,199.00,100.00,99.00,99.00,May 2022 Pricing Master,2026-09-07T07:48:47.421676
7523,6,6,20220501,1695.00,899.00,796.00,88.54,May 2022 Pricing Master,2026-09-07T07:48:47.421676
7524,1326,6,20220501,1695.00,699.00,996.00,142.49,May 2022 Pricing Master,2026-09-07T07:48:47.421676
7525,766,6,20220501,1595.00,381.00,1214.00,318.64,May 2022 Pricing Master,2026-09-07T07:48:47.421676
7526,735,6,20220501,2295.00,570.00,1725.00,302.63,May 2022 Pricing Master,2026-09-07T07:48:47.421676
7527,1330,6,20220501,3149.00,895.00,2254.00,251.84,May 2022 Pricing Master,2026-09-07T07:48:47.421676
7528,1328,6,20220501,3149.00,895.00,2254.00,251.84,May 2022 Pricing Master,2026-09-07T07:48:47.421676
7529,5,6,20220501,3499.00,995.00,2504.00,251.66,May 2022 Pricing Master,2026-09-07T07:48:47.421676
7530,1324,6,20220501,4049.00,1395.00,2654.00,190.25,May 2022 Pricing Master,2026-09-07T07:48:47.421676
7531,30,6,20220501,299.00,126.00,173.00,137.30,May 2022 Pricing Master,2026-09-07T07:48:47.421676
7532,32,6,20220501,499.00,252.00,247.00,98.02,May 2022 Pricing Master,2026-09-07T07:48:47.421676
7533,31,6,20220501,299.00,126.00,173.00,137.30,May 2022 Pricing Master,2026-09-07T07:48:47.421676
7534,1297,6,20220501,1995.00,500.00,1495.00,299.00,May 2022 Pricing Master,2026-09-07T07:48:47.421676
7535,1100,6,20220501,2195.00,425.00,1770.00,416.47,May 2022 Pricing Master,2026-09-07T07:48:47.421676
7536,1325,6,20220501,4899.00,1395.00,3504.00,251.18,May 2022 Pricing Master,2026-09-07T07:48:47.421676
7537,36,6,20220501,3149.00,806.00,2343.00,290.69,May 2022 Pricing Master,2026-09-07T07:48:47.421676
7538,34,6,20220501,3149.00,859.00,2290.00,266.59,May 2022 Pricing Master,2026-09-07T07:48:47.421676
7539,1259,6,20220501,2195.00,615.00,1580.00,256.91,May 2022 Pricing Master,2026-09-07T07:48:47.421676
7540,1102,6,20220501,2195.00,425.00,1770.00,416.47,May 2022 Pricing Master,2026-09-07T07:48:47.421676
7541,20,6,20220501,2494.00,818.00,1676.00,204.89,May 2022 Pricing Master,2026-09-07T07:48:47.421676
7542,1304,6,20220501,1695.00,395.00,1300.00,329.11,May 2022 Pricing Master,2026-09-07T07:48:47.421676
7543,1302,6,20220501,1695.00,395.00,1300.00,329.11,May 2022 Pricing Master,2026-09-07T07:48:47.421676
7544,1301,6,20220501,1695.00,395.00,1300.00,329.11,May 2022 Pricing Master,2026-09-07T07:48:47.421676
7545,1300,6,20220501,1695.00,395.00,1300.00,329.11,May 2022 Pricing Master,2026-09-07T07:48:47.421676
7546,1303,6,20220501,1695.00,395.00,1300.00,329.11,May 2022 Pricing Master,2026-09-07T07:48:47.421676
7547,1298,6,20220501,1695.00,395.00,1300.00,329.11,May 2022 Pricing Master,2026-09-07T07:48:47.421676
7548,1299,6,20220501,1695.00,395.00,1300.00,329.11,May 2022 Pricing Master,2026-09-07T07:48:47.421676
7549,1318,6,20220501,1995.00,425.00,1570.00,369.41,May 2022 Pricing Master,2026-09-07T07:48:47.421676
7550,1316,6,20220501,1995.00,425.00,1570.00,369.41,May 2022 Pricing Master,2026-09-07T07:48:47.421676
7551,1315,6,20220501,1995.00,425.00,1570.00,369.41,May 2022 Pricing Master,2026-09-07T07:48:47.421676
7552,1314,6,20220501,1995.00,425.00,1570.00,369.41,May 2022 Pricing Master,2026-09-07T07:48:47.421676
7553,1317,6,20220501,1995.00,425.00,1570.00,369.41,May 2022 Pricing Master,2026-09-07T07:48:47.421676
7554,1312,6,20220501,1995.00,425.00,1570.00,369.41,May 2022 Pricing Master,2026-09-07T07:48:47.421676
7555,1313,6,20220501,1995.00,425.00,1570.00,369.41,May 2022 Pricing Master,2026-09-07T07:48:47.421676
7556,1311,6,20220501,1795.00,435.00,1360.00,312.64,May 2022 Pricing Master,2026-09-07T07:48:47.421676
7557,1309,6,20220501,1795.00,435.00,1360.00,312.64,May 2022 Pricing Master,2026-09-07T07:48:47.421676
7558,1308,6,20220501,1795.00,435.00,1360.00,312.64,May 2022 Pricing Master,2026-09-07T07:48:47.421676
7559,1307,6,20220501,1795.00,435.00,1360.00,312.64,May 2022 Pricing Master,2026-09-07T07:48:47.421676
7560,1310,6,20220501,1795.00,435.00,1360.00,312.64,May 2022 Pricing Master,2026-09-07T07:48:47.421676
7561,1305,6,20220501,1795.00,435.00,1360.00,312.64,May 2022 Pricing Master,2026-09-07T07:48:47.421676
7562,1306,6,20220501,1795.00,435.00,1360.00,312.64,May 2022 Pricing Master,2026-09-07T07:48:47.421676
7563,23,6,20220501,2494.00,818.00,1676.00,204.89,May 2022 Pricing Master,2026-09-07T07:48:47.421676
7564,1101,6,20220501,2195.00,425.00,1770.00,416.47,May 2022 Pricing Master,2026-09-07T07:48:47.421676
7565,11,6,20220501,4549.00,1165.00,3384.00,290.47,May 2022 Pricing Master,2026-09-07T07:48:47.421676
7566,4,6,20220501,630.50,630.50,0.00,0.00,May 2022 Pricing Master,2026-09-07T07:48:47.421676
7567,1331,6,20220501,498.00,498.00,0.00,0.00,May 2022 Pricing Master,2026-09-07T07:48:47.421676
7568,1258,6,20220501,2195.00,615.00,1580.00,256.91,May 2022 Pricing Master,2026-09-07T07:48:47.421676
7569,1327,6,20220501,1365.00,1523.00,-158.00,-10.37,May 2022 Pricing Master,2026-09-07T07:48:47.421676
7570,33,6,20220501,733.95,733.95,0.00,0.00,May 2022 Pricing Master,2026-09-07T07:48:47.421676
7571,554,6,20220501,1995.00,425.00,1570.00,369.41,May 2022 Pricing Master,2026-09-07T07:48:47.421676
7572,537,6,20220501,1695.00,424.00,1271.00,299.76,May 2022 Pricing Master,2026-09-07T07:48:47.421676
7573,35,6,20220501,3149.00,859.00,2290.00,266.59,May 2022 Pricing Master,2026-09-07T07:48:47.421676
7574,15,6,20220501,2494.00,818.00,1676.00,204.89,May 2022 Pricing Master,2026-09-07T07:48:47.421676
7575,16,6,20220501,2494.00,818.00,1676.00,204.89,May 2022 Pricing Master,2026-09-07T07:48:47.421676
7576,17,6,20220501,2494.00,818.00,1676.00,204.89,May 2022 Pricing Master,2026-09-07T07:48:47.421676
7577,18,6,20220501,2494.00,818.00,1676.00,204.89,May 2022 Pricing Master,2026-09-07T07:48:47.421676
7578,19,6,20220501,2494.00,818.00,1676.00,204.89,May 2022 Pricing Master,2026-09-07T07:48:47.421676
7579,21,6,20220501,2494.00,818.00,1676.00,204.89,May 2022 Pricing Master,2026-09-07T07:48:47.421676
7580,22,6,20220501,2494.00,818.00,1676.00,204.89,May 2022 Pricing Master,2026-09-07T07:48:47.421676
7581,24,6,20220501,2494.00,818.00,1676.00,204.89,May 2022 Pricing Master,2026-09-07T07:48:47.421676
7582,25,6,20220501,2494.00,818.00,1676.00,204.89,May 2022 Pricing Master,2026-09-07T07:48:47.421676
7583,26,6,20220501,2494.00,818.00,1676.00,204.89,May 2022 Pricing Master,2026-09-07T07:48:47.421676
7584,27,6,20220501,2494.00,818.00,1676.00,204.89,May 2022 Pricing Master,2026-09-07T07:48:47.421676
7585,28,6,20220501,2494.00,818.00,1676.00,204.89,May 2022 Pricing Master,2026-09-07T07:48:47.421676
7586,29,6,20220501,2494.00,818.00,1676.00,204.89,May 2022 Pricing Master,2026-09-07T07:48:47.421676
7587,540,6,20220501,1695.00,424.00,1271.00,299.76,May 2022 Pricing Master,2026-09-07T07:48:47.421676
7588,1296,6,20220501,1995.00,467.00,1528.00,327.19,May 2022 Pricing Master,2026-09-07T07:48:47.421676
7589,1294,6,20220501,1995.00,467.00,1528.00,327.19,May 2022 Pricing Master,2026-09-07T07:48:47.421676
7590,1293,6,20220501,1995.00,467.00,1528.00,327.19,May 2022 Pricing Master,2026-09-07T07:48:47.421676
7591,1292,6,20220501,1995.00,467.00,1528.00,327.19,May 2022 Pricing Master,2026-09-07T07:48:47.421676
7592,1295,6,20220501,1995.00,467.00,1528.00,327.19,May 2022 Pricing Master,2026-09-07T07:48:47.421676
7593,1290,6,20220501,1995.00,467.00,1528.00,327.19,May 2022 Pricing Master,2026-09-07T07:48:47.421676
7594,1291,6,20220501,1995.00,467.00,1528.00,327.19,May 2022 Pricing Master,2026-09-07T07:48:47.421676
7595,813,7,20220501,2295.00,538.00,1757.00,326.58,May 2022 Pricing Master,2026-09-07T07:48:47.421676
7596,812,7,20220501,2295.00,538.00,1757.00,326.58,May 2022 Pricing Master,2026-09-07T07:48:47.421676
7597,811,7,20220501,2295.00,538.00,1757.00,326.58,May 2022 Pricing Master,2026-09-07T07:48:47.421676
7598,814,7,20220501,2295.00,538.00,1757.00,326.58,May 2022 Pricing Master,2026-09-07T07:48:47.421676
7599,809,7,20220501,2295.00,538.00,1757.00,326.58,May 2022 Pricing Master,2026-09-07T07:48:47.421676
7600,810,7,20220501,2295.00,538.00,1757.00,326.58,May 2022 Pricing Master,2026-09-07T07:48:47.421676
7601,914,7,20220501,2295.00,538.00,1757.00,326.58,May 2022 Pricing Master,2026-09-07T07:48:47.421676
7602,913,7,20220501,2295.00,538.00,1757.00,326.58,May 2022 Pricing Master,2026-09-07T07:48:47.421676
7603,912,7,20220501,2295.00,538.00,1757.00,326.58,May 2022 Pricing Master,2026-09-07T07:48:47.421676
7604,915,7,20220501,2295.00,538.00,1757.00,326.58,May 2022 Pricing Master,2026-09-07T07:48:47.421676
7605,910,7,20220501,2295.00,538.00,1757.00,326.58,May 2022 Pricing Master,2026-09-07T07:48:47.421676
7606,911,7,20220501,2295.00,538.00,1757.00,326.58,May 2022 Pricing Master,2026-09-07T07:48:47.421676
7607,849,7,20220501,2295.00,538.00,1757.00,326.58,May 2022 Pricing Master,2026-09-07T07:48:47.421676
7608,848,7,20220501,2295.00,538.00,1757.00,326.58,May 2022 Pricing Master,2026-09-07T07:48:47.421676
7609,847,7,20220501,2295.00,538.00,1757.00,326.58,May 2022 Pricing Master,2026-09-07T07:48:47.421676
7610,850,7,20220501,2295.00,538.00,1757.00,326.58,May 2022 Pricing Master,2026-09-07T07:48:47.421676
7611,845,7,20220501,2295.00,538.00,1757.00,326.58,May 2022 Pricing Master,2026-09-07T07:48:47.421676
7612,846,7,20220501,2295.00,538.00,1757.00,326.58,May 2022 Pricing Master,2026-09-07T07:48:47.421676
7613,860,7,20220501,2295.00,538.00,1757.00,326.58,May 2022 Pricing Master,2026-09-07T07:48:47.421676
7614,859,7,20220501,2295.00,538.00,1757.00,326.58,May 2022 Pricing Master,2026-09-07T07:48:47.421676
7615,858,7,20220501,2295.00,538.00,1757.00,326.58,May 2022 Pricing Master,2026-09-07T07:48:47.421676
7616,861,7,20220501,2295.00,538.00,1757.00,326.58,May 2022 Pricing Master,2026-09-07T07:48:47.421676
7617,856,7,20220501,2295.00,538.00,1757.00,326.58,May 2022 Pricing Master,2026-09-07T07:48:47.421676
7618,857,7,20220501,2295.00,538.00,1757.00,326.58,May 2022 Pricing Master,2026-09-07T07:48:47.421676
7619,819,7,20220501,2295.00,538.00,1757.00,326.58,May 2022 Pricing Master,2026-09-07T07:48:47.421676
7620,818,7,20220501,2295.00,538.00,1757.00,326.58,May 2022 Pricing Master,2026-09-07T07:48:47.421676
7621,817,7,20220501,2295.00,538.00,1757.00,326.58,May 2022 Pricing Master,2026-09-07T07:48:47.421676
7622,820,7,20220501,2295.00,538.00,1757.00,326.58,May 2022 Pricing Master,2026-09-07T07:48:47.421676
7623,815,7,20220501,2295.00,538.00,1757.00,326.58,May 2022 Pricing Master,2026-09-07T07:48:47.421676
7624,816,7,20220501,2295.00,538.00,1757.00,326.58,May 2022 Pricing Master,2026-09-07T07:48:47.421676
7625,789,7,20220501,2295.00,538.00,1757.00,326.58,May 2022 Pricing Master,2026-09-07T07:48:47.421676
7626,788,7,20220501,2295.00,538.00,1757.00,326.58,May 2022 Pricing Master,2026-09-07T07:48:47.421676
7627,787,7,20220501,2295.00,538.00,1757.00,326.58,May 2022 Pricing Master,2026-09-07T07:48:47.421676
7628,790,7,20220501,2295.00,538.00,1757.00,326.58,May 2022 Pricing Master,2026-09-07T07:48:47.421676
7629,785,7,20220501,2295.00,538.00,1757.00,326.58,May 2022 Pricing Master,2026-09-07T07:48:47.421676
7630,786,7,20220501,2295.00,538.00,1757.00,326.58,May 2022 Pricing Master,2026-09-07T07:48:47.421676
7631,667,7,20220501,1895.00,438.00,1457.00,332.65,May 2022 Pricing Master,2026-09-07T07:48:47.421676
7632,666,7,20220501,1895.00,438.00,1457.00,332.65,May 2022 Pricing Master,2026-09-07T07:48:47.421676
7633,665,7,20220501,1895.00,438.00,1457.00,332.65,May 2022 Pricing Master,2026-09-07T07:48:47.421676
7634,668,7,20220501,1895.00,438.00,1457.00,332.65,May 2022 Pricing Master,2026-09-07T07:48:47.421676
7635,663,7,20220501,1895.00,438.00,1457.00,332.65,May 2022 Pricing Master,2026-09-07T07:48:47.421676
7636,664,7,20220501,1895.00,438.00,1457.00,332.65,May 2022 Pricing Master,2026-09-07T07:48:47.421676
7637,727,7,20220501,1895.00,438.00,1457.00,332.65,May 2022 Pricing Master,2026-09-07T07:48:47.421676
7638,726,7,20220501,1895.00,438.00,1457.00,332.65,May 2022 Pricing Master,2026-09-07T07:48:47.421676
7639,725,7,20220501,1895.00,438.00,1457.00,332.65,May 2022 Pricing Master,2026-09-07T07:48:47.421676
7640,728,7,20220501,1895.00,438.00,1457.00,332.65,May 2022 Pricing Master,2026-09-07T07:48:47.421676
7641,723,7,20220501,1895.00,438.00,1457.00,332.65,May 2022 Pricing Master,2026-09-07T07:48:47.421676
7642,724,7,20220501,1895.00,438.00,1457.00,332.65,May 2022 Pricing Master,2026-09-07T07:48:47.421676
7643,758,7,20220501,1895.00,438.00,1457.00,332.65,May 2022 Pricing Master,2026-09-07T07:48:47.421676
7644,757,7,20220501,1895.00,438.00,1457.00,332.65,May 2022 Pricing Master,2026-09-07T07:48:47.421676
7645,756,7,20220501,1895.00,438.00,1457.00,332.65,May 2022 Pricing Master,2026-09-07T07:48:47.421676
7646,759,7,20220501,1895.00,438.00,1457.00,332.65,May 2022 Pricing Master,2026-09-07T07:48:47.421676
7647,754,7,20220501,1895.00,438.00,1457.00,332.65,May 2022 Pricing Master,2026-09-07T07:48:47.421676
7648,755,7,20220501,1895.00,438.00,1457.00,332.65,May 2022 Pricing Master,2026-09-07T07:48:47.421676
7649,890,7,20220501,1895.00,438.00,1457.00,332.65,May 2022 Pricing Master,2026-09-07T07:48:47.421676
7650,889,7,20220501,1895.00,438.00,1457.00,332.65,May 2022 Pricing Master,2026-09-07T07:48:47.421676
7651,888,7,20220501,1895.00,438.00,1457.00,332.65,May 2022 Pricing Master,2026-09-07T07:48:47.421676
7652,891,7,20220501,1895.00,438.00,1457.00,332.65,May 2022 Pricing Master,2026-09-07T07:48:47.421676
7653,886,7,20220501,1895.00,438.00,1457.00,332.65,May 2022 Pricing Master,2026-09-07T07:48:47.421676
7654,887,7,20220501,1895.00,438.00,1457.00,332.65,May 2022 Pricing Master,2026-09-07T07:48:47.421676
7655,746,7,20220501,1895.00,438.00,1457.00,332.65,May 2022 Pricing Master,2026-09-07T07:48:47.421676
7656,745,7,20220501,1895.00,438.00,1457.00,332.65,May 2022 Pricing Master,2026-09-07T07:48:47.421676
7657,744,7,20220501,1895.00,438.00,1457.00,332.65,May 2022 Pricing Master,2026-09-07T07:48:47.421676
7658,747,7,20220501,1895.00,438.00,1457.00,332.65,May 2022 Pricing Master,2026-09-07T07:48:47.421676
7659,742,7,20220501,1895.00,438.00,1457.00,332.65,May 2022 Pricing Master,2026-09-07T07:48:47.421676
7660,743,7,20220501,1895.00,438.00,1457.00,332.65,May 2022 Pricing Master,2026-09-07T07:48:47.421676
7661,715,7,20220501,1895.00,438.00,1457.00,332.65,May 2022 Pricing Master,2026-09-07T07:48:47.421676
7662,714,7,20220501,1895.00,438.00,1457.00,332.65,May 2022 Pricing Master,2026-09-07T07:48:47.421676
7663,713,7,20220501,1895.00,438.00,1457.00,332.65,May 2022 Pricing Master,2026-09-07T07:48:47.421676
7664,716,7,20220501,1895.00,438.00,1457.00,332.65,May 2022 Pricing Master,2026-09-07T07:48:47.421676
7665,711,7,20220501,1895.00,438.00,1457.00,332.65,May 2022 Pricing Master,2026-09-07T07:48:47.421676
7666,712,7,20220501,1895.00,438.00,1457.00,332.65,May 2022 Pricing Master,2026-09-07T07:48:47.421676
7667,673,7,20220501,1895.00,438.00,1457.00,332.65,May 2022 Pricing Master,2026-09-07T07:48:47.421676
7668,672,7,20220501,1895.00,438.00,1457.00,332.65,May 2022 Pricing Master,2026-09-07T07:48:47.421676
7669,671,7,20220501,1895.00,438.00,1457.00,332.65,May 2022 Pricing Master,2026-09-07T07:48:47.421676
7670,674,7,20220501,1895.00,438.00,1457.00,332.65,May 2022 Pricing Master,2026-09-07T07:48:47.421676
7671,669,7,20220501,1895.00,438.00,1457.00,332.65,May 2022 Pricing Master,2026-09-07T07:48:47.421676
7672,670,7,20220501,1895.00,438.00,1457.00,332.65,May 2022 Pricing Master,2026-09-07T07:48:47.421676
7673,831,7,20220501,1895.00,438.00,1457.00,332.65,May 2022 Pricing Master,2026-09-07T07:48:47.421676
7674,830,7,20220501,1895.00,438.00,1457.00,332.65,May 2022 Pricing Master,2026-09-07T07:48:47.421676
7675,829,7,20220501,1895.00,438.00,1457.00,332.65,May 2022 Pricing Master,2026-09-07T07:48:47.421676
7676,832,7,20220501,1895.00,438.00,1457.00,332.65,May 2022 Pricing Master,2026-09-07T07:48:47.421676
7677,827,7,20220501,1895.00,438.00,1457.00,332.65,May 2022 Pricing Master,2026-09-07T07:48:47.421676
7678,828,7,20220501,1895.00,438.00,1457.00,332.65,May 2022 Pricing Master,2026-09-07T07:48:47.421676
7679,884,7,20220501,2195.00,505.00,1690.00,334.65,May 2022 Pricing Master,2026-09-07T07:48:47.421676
7680,883,7,20220501,2195.00,505.00,1690.00,334.65,May 2022 Pricing Master,2026-09-07T07:48:47.421676
7681,882,7,20220501,2195.00,505.00,1690.00,334.65,May 2022 Pricing Master,2026-09-07T07:48:47.421676
7682,885,7,20220501,2195.00,505.00,1690.00,334.65,May 2022 Pricing Master,2026-09-07T07:48:47.421676
7683,880,7,20220501,2195.00,505.00,1690.00,334.65,May 2022 Pricing Master,2026-09-07T07:48:47.421676
7684,881,7,20220501,2195.00,505.00,1690.00,334.65,May 2022 Pricing Master,2026-09-07T07:48:47.421676
7685,783,7,20220501,2195.00,505.00,1690.00,334.65,May 2022 Pricing Master,2026-09-07T07:48:47.421676
7686,782,7,20220501,2195.00,505.00,1690.00,334.65,May 2022 Pricing Master,2026-09-07T07:48:47.421676
7687,781,7,20220501,2195.00,505.00,1690.00,334.65,May 2022 Pricing Master,2026-09-07T07:48:47.421676
7688,784,7,20220501,2195.00,505.00,1690.00,334.65,May 2022 Pricing Master,2026-09-07T07:48:47.421676
7689,779,7,20220501,2195.00,505.00,1690.00,334.65,May 2022 Pricing Master,2026-09-07T07:48:47.421676
7690,780,7,20220501,2195.00,505.00,1690.00,334.65,May 2022 Pricing Master,2026-09-07T07:48:47.421676
7691,631,7,20220501,2195.00,505.00,1690.00,334.65,May 2022 Pricing Master,2026-09-07T07:48:47.421676
7692,630,7,20220501,2195.00,505.00,1690.00,334.65,May 2022 Pricing Master,2026-09-07T07:48:47.421676
7693,629,7,20220501,2195.00,505.00,1690.00,334.65,May 2022 Pricing Master,2026-09-07T07:48:47.421676
7694,632,7,20220501,2195.00,505.00,1690.00,334.65,May 2022 Pricing Master,2026-09-07T07:48:47.421676
7695,627,7,20220501,2195.00,505.00,1690.00,334.65,May 2022 Pricing Master,2026-09-07T07:48:47.421676
7696,628,7,20220501,2195.00,505.00,1690.00,334.65,May 2022 Pricing Master,2026-09-07T07:48:47.421676
7697,896,7,20220501,2195.00,505.00,1690.00,334.65,May 2022 Pricing Master,2026-09-07T07:48:47.421676
7698,895,7,20220501,2195.00,505.00,1690.00,334.65,May 2022 Pricing Master,2026-09-07T07:48:47.421676
7699,894,7,20220501,2195.00,505.00,1690.00,334.65,May 2022 Pricing Master,2026-09-07T07:48:47.421676
7700,897,7,20220501,2195.00,505.00,1690.00,334.65,May 2022 Pricing Master,2026-09-07T07:48:47.421676
7701,892,7,20220501,2195.00,505.00,1690.00,334.65,May 2022 Pricing Master,2026-09-07T07:48:47.421676
7702,893,7,20220501,2195.00,505.00,1690.00,334.65,May 2022 Pricing Master,2026-09-07T07:48:47.421676
7703,625,7,20220501,2195.00,505.00,1690.00,334.65,May 2022 Pricing Master,2026-09-07T07:48:47.421676
7704,624,7,20220501,2195.00,505.00,1690.00,334.65,May 2022 Pricing Master,2026-09-07T07:48:47.421676
7705,623,7,20220501,2195.00,505.00,1690.00,334.65,May 2022 Pricing Master,2026-09-07T07:48:47.421676
7706,626,7,20220501,2195.00,505.00,1690.00,334.65,May 2022 Pricing Master,2026-09-07T07:48:47.421676
7707,621,7,20220501,2195.00,505.00,1690.00,334.65,May 2022 Pricing Master,2026-09-07T07:48:47.421676
7708,622,7,20220501,2195.00,505.00,1690.00,334.65,May 2022 Pricing Master,2026-09-07T07:48:47.421676
7709,908,7,20220501,2195.00,505.00,1690.00,334.65,May 2022 Pricing Master,2026-09-07T07:48:47.421676
7710,907,7,20220501,2195.00,505.00,1690.00,334.65,May 2022 Pricing Master,2026-09-07T07:48:47.421676
7711,906,7,20220501,2195.00,505.00,1690.00,334.65,May 2022 Pricing Master,2026-09-07T07:48:47.421676
7712,909,7,20220501,2195.00,505.00,1690.00,334.65,May 2022 Pricing Master,2026-09-07T07:48:47.421676
7713,904,7,20220501,2195.00,505.00,1690.00,334.65,May 2022 Pricing Master,2026-09-07T07:48:47.421676
7714,905,7,20220501,2195.00,505.00,1690.00,334.65,May 2022 Pricing Master,2026-09-07T07:48:47.421676
7715,944,7,20220501,2495.00,590.00,1905.00,322.88,May 2022 Pricing Master,2026-09-07T07:48:47.421676
7716,943,7,20220501,2495.00,590.00,1905.00,322.88,May 2022 Pricing Master,2026-09-07T07:48:47.421676
7717,942,7,20220501,2495.00,590.00,1905.00,322.88,May 2022 Pricing Master,2026-09-07T07:48:47.421676
7718,945,7,20220501,2495.00,590.00,1905.00,322.88,May 2022 Pricing Master,2026-09-07T07:48:47.421676
7719,940,7,20220501,2495.00,590.00,1905.00,322.88,May 2022 Pricing Master,2026-09-07T07:48:47.421676
7720,941,7,20220501,2495.00,590.00,1905.00,322.88,May 2022 Pricing Master,2026-09-07T07:48:47.421676
7721,938,7,20220501,2495.00,590.00,1905.00,322.88,May 2022 Pricing Master,2026-09-07T07:48:47.421676
7722,937,7,20220501,2495.00,590.00,1905.00,322.88,May 2022 Pricing Master,2026-09-07T07:48:47.421676
7723,936,7,20220501,2495.00,590.00,1905.00,322.88,May 2022 Pricing Master,2026-09-07T07:48:47.421676
7724,939,7,20220501,2495.00,590.00,1905.00,322.88,May 2022 Pricing Master,2026-09-07T07:48:47.421676
7725,934,7,20220501,2495.00,590.00,1905.00,322.88,May 2022 Pricing Master,2026-09-07T07:48:47.421676
7726,935,7,20220501,2495.00,590.00,1905.00,322.88,May 2022 Pricing Master,2026-09-07T07:48:47.421676
7727,920,7,20220501,2495.00,590.00,1905.00,322.88,May 2022 Pricing Master,2026-09-07T07:48:47.421676
7728,919,7,20220501,2495.00,590.00,1905.00,322.88,May 2022 Pricing Master,2026-09-07T07:48:47.421676
7729,918,7,20220501,2495.00,590.00,1905.00,322.88,May 2022 Pricing Master,2026-09-07T07:48:47.421676
7730,921,7,20220501,2495.00,590.00,1905.00,322.88,May 2022 Pricing Master,2026-09-07T07:48:47.421676
7731,916,7,20220501,2495.00,590.00,1905.00,322.88,May 2022 Pricing Master,2026-09-07T07:48:47.421676
7732,917,7,20220501,2495.00,590.00,1905.00,322.88,May 2022 Pricing Master,2026-09-07T07:48:47.421676
7733,968,7,20220501,2495.00,590.00,1905.00,322.88,May 2022 Pricing Master,2026-09-07T07:48:47.421676
7734,967,7,20220501,2495.00,590.00,1905.00,322.88,May 2022 Pricing Master,2026-09-07T07:48:47.421676
7735,966,7,20220501,2495.00,590.00,1905.00,322.88,May 2022 Pricing Master,2026-09-07T07:48:47.421676
7736,969,7,20220501,2495.00,590.00,1905.00,322.88,May 2022 Pricing Master,2026-09-07T07:48:47.421676
7737,964,7,20220501,2495.00,590.00,1905.00,322.88,May 2022 Pricing Master,2026-09-07T07:48:47.421676
7738,965,7,20220501,2495.00,590.00,1905.00,322.88,May 2022 Pricing Master,2026-09-07T07:48:47.421676
7739,932,7,20220501,2495.00,590.00,1905.00,322.88,May 2022 Pricing Master,2026-09-07T07:48:47.421676
7740,931,7,20220501,2495.00,590.00,1905.00,322.88,May 2022 Pricing Master,2026-09-07T07:48:47.421676
7741,930,7,20220501,2495.00,590.00,1905.00,322.88,May 2022 Pricing Master,2026-09-07T07:48:47.421676
7742,933,7,20220501,2495.00,590.00,1905.00,322.88,May 2022 Pricing Master,2026-09-07T07:48:47.421676
7743,928,7,20220501,2495.00,590.00,1905.00,322.88,May 2022 Pricing Master,2026-09-07T07:48:47.421676
7744,929,7,20220501,2495.00,590.00,1905.00,322.88,May 2022 Pricing Master,2026-09-07T07:48:47.421676
7745,956,7,20220501,2495.00,590.00,1905.00,322.88,May 2022 Pricing Master,2026-09-07T07:48:47.421676
7746,955,7,20220501,2495.00,590.00,1905.00,322.88,May 2022 Pricing Master,2026-09-07T07:48:47.421676
7747,954,7,20220501,2495.00,590.00,1905.00,322.88,May 2022 Pricing Master,2026-09-07T07:48:47.421676
7748,957,7,20220501,2495.00,590.00,1905.00,322.88,May 2022 Pricing Master,2026-09-07T07:48:47.421676
7749,952,7,20220501,2495.00,590.00,1905.00,322.88,May 2022 Pricing Master,2026-09-07T07:48:47.421676
7750,953,7,20220501,2495.00,590.00,1905.00,322.88,May 2022 Pricing Master,2026-09-07T07:48:47.421676
7751,926,7,20220501,2495.00,590.00,1905.00,322.88,May 2022 Pricing Master,2026-09-07T07:48:47.421676
7752,925,7,20220501,2495.00,590.00,1905.00,322.88,May 2022 Pricing Master,2026-09-07T07:48:47.421676
7753,924,7,20220501,2495.00,590.00,1905.00,322.88,May 2022 Pricing Master,2026-09-07T07:48:47.421676
7754,927,7,20220501,2495.00,590.00,1905.00,322.88,May 2022 Pricing Master,2026-09-07T07:48:47.421676
7755,922,7,20220501,2495.00,590.00,1905.00,322.88,May 2022 Pricing Master,2026-09-07T07:48:47.421676
7756,923,7,20220501,2495.00,590.00,1905.00,322.88,May 2022 Pricing Master,2026-09-07T07:48:47.421676
7757,950,7,20220501,2495.00,590.00,1905.00,322.88,May 2022 Pricing Master,2026-09-07T07:48:47.421676
7758,949,7,20220501,2495.00,590.00,1905.00,322.88,May 2022 Pricing Master,2026-09-07T07:48:47.421676
7759,948,7,20220501,2495.00,590.00,1905.00,322.88,May 2022 Pricing Master,2026-09-07T07:48:47.421676
7760,951,7,20220501,2495.00,590.00,1905.00,322.88,May 2022 Pricing Master,2026-09-07T07:48:47.421676
7761,946,7,20220501,2495.00,590.00,1905.00,322.88,May 2022 Pricing Master,2026-09-07T07:48:47.421676
7762,947,7,20220501,2495.00,590.00,1905.00,322.88,May 2022 Pricing Master,2026-09-07T07:48:47.421676
7763,777,7,20220501,1595.00,381.00,1214.00,318.64,May 2022 Pricing Master,2026-09-07T07:48:47.421676
7764,776,7,20220501,1595.00,381.00,1214.00,318.64,May 2022 Pricing Master,2026-09-07T07:48:47.421676
7765,775,7,20220501,1595.00,381.00,1214.00,318.64,May 2022 Pricing Master,2026-09-07T07:48:47.421676
7766,778,7,20220501,1595.00,381.00,1214.00,318.64,May 2022 Pricing Master,2026-09-07T07:48:47.421676
7767,773,7,20220501,1595.00,381.00,1214.00,318.64,May 2022 Pricing Master,2026-09-07T07:48:47.421676
7768,774,7,20220501,1595.00,381.00,1214.00,318.64,May 2022 Pricing Master,2026-09-07T07:48:47.421676
7769,709,7,20220501,1595.00,381.00,1214.00,318.64,May 2022 Pricing Master,2026-09-07T07:48:47.421676
7770,708,7,20220501,1595.00,381.00,1214.00,318.64,May 2022 Pricing Master,2026-09-07T07:48:47.421676
7771,707,7,20220501,1595.00,381.00,1214.00,318.64,May 2022 Pricing Master,2026-09-07T07:48:47.421676
7772,710,7,20220501,1595.00,381.00,1214.00,318.64,May 2022 Pricing Master,2026-09-07T07:48:47.421676
7773,705,7,20220501,1595.00,381.00,1214.00,318.64,May 2022 Pricing Master,2026-09-07T07:48:47.421676
7774,706,7,20220501,1595.00,381.00,1214.00,318.64,May 2022 Pricing Master,2026-09-07T07:48:47.421676
7775,825,7,20220501,1595.00,381.00,1214.00,318.64,May 2022 Pricing Master,2026-09-07T07:48:47.421676
7776,824,7,20220501,1595.00,381.00,1214.00,318.64,May 2022 Pricing Master,2026-09-07T07:48:47.421676
7777,823,7,20220501,1595.00,381.00,1214.00,318.64,May 2022 Pricing Master,2026-09-07T07:48:47.421676
7778,826,7,20220501,1595.00,381.00,1214.00,318.64,May 2022 Pricing Master,2026-09-07T07:48:47.421676
7779,821,7,20220501,1595.00,381.00,1214.00,318.64,May 2022 Pricing Master,2026-09-07T07:48:47.421676
7780,822,7,20220501,1595.00,381.00,1214.00,318.64,May 2022 Pricing Master,2026-09-07T07:48:47.421676
7781,679,7,20220501,1595.00,381.00,1214.00,318.64,May 2022 Pricing Master,2026-09-07T07:48:47.421676
7782,678,7,20220501,1595.00,381.00,1214.00,318.64,May 2022 Pricing Master,2026-09-07T07:48:47.421676
7783,677,7,20220501,1595.00,381.00,1214.00,318.64,May 2022 Pricing Master,2026-09-07T07:48:47.421676
7784,680,7,20220501,1595.00,381.00,1214.00,318.64,May 2022 Pricing Master,2026-09-07T07:48:47.421676
7785,675,7,20220501,1595.00,381.00,1214.00,318.64,May 2022 Pricing Master,2026-09-07T07:48:47.421676
7786,676,7,20220501,1595.00,381.00,1214.00,318.64,May 2022 Pricing Master,2026-09-07T07:48:47.421676
7787,764,7,20220501,1595.00,381.00,1214.00,318.64,May 2022 Pricing Master,2026-09-07T07:48:47.421676
7788,763,7,20220501,1595.00,381.00,1214.00,318.64,May 2022 Pricing Master,2026-09-07T07:48:47.421676
7789,762,7,20220501,1595.00,381.00,1214.00,318.64,May 2022 Pricing Master,2026-09-07T07:48:47.421676
7790,765,7,20220501,1595.00,381.00,1214.00,318.64,May 2022 Pricing Master,2026-09-07T07:48:47.421676
7791,760,7,20220501,1595.00,381.00,1214.00,318.64,May 2022 Pricing Master,2026-09-07T07:48:47.421676
7792,761,7,20220501,1595.00,381.00,1214.00,318.64,May 2022 Pricing Master,2026-09-07T07:48:47.421676
7793,771,7,20220501,1595.00,381.00,1214.00,318.64,May 2022 Pricing Master,2026-09-07T07:48:47.421676
7794,770,7,20220501,1595.00,381.00,1214.00,318.64,May 2022 Pricing Master,2026-09-07T07:48:47.421676
7795,769,7,20220501,1595.00,381.00,1214.00,318.64,May 2022 Pricing Master,2026-09-07T07:48:47.421676
7796,772,7,20220501,1595.00,381.00,1214.00,318.64,May 2022 Pricing Master,2026-09-07T07:48:47.421676
7797,767,7,20220501,1595.00,381.00,1214.00,318.64,May 2022 Pricing Master,2026-09-07T07:48:47.421676
7798,768,7,20220501,1595.00,381.00,1214.00,318.64,May 2022 Pricing Master,2026-09-07T07:48:47.421676
7799,601,7,20220501,1595.00,381.00,1214.00,318.64,May 2022 Pricing Master,2026-09-07T07:48:47.421676
7800,600,7,20220501,1595.00,381.00,1214.00,318.64,May 2022 Pricing Master,2026-09-07T07:48:47.421676
7801,599,7,20220501,1595.00,381.00,1214.00,318.64,May 2022 Pricing Master,2026-09-07T07:48:47.421676
7802,602,7,20220501,1595.00,381.00,1214.00,318.64,May 2022 Pricing Master,2026-09-07T07:48:47.421676
7803,597,7,20220501,1595.00,381.00,1214.00,318.64,May 2022 Pricing Master,2026-09-07T07:48:47.421676
7804,598,7,20220501,1595.00,381.00,1214.00,318.64,May 2022 Pricing Master,2026-09-07T07:48:47.421676
7805,980,7,20220501,3995.00,952.00,3043.00,319.64,May 2022 Pricing Master,2026-09-07T07:48:47.421676
7806,979,7,20220501,3995.00,952.00,3043.00,319.64,May 2022 Pricing Master,2026-09-07T07:48:47.421676
7807,978,7,20220501,3995.00,952.00,3043.00,319.64,May 2022 Pricing Master,2026-09-07T07:48:47.421676
7808,981,7,20220501,3995.00,952.00,3043.00,319.64,May 2022 Pricing Master,2026-09-07T07:48:47.421676
7809,976,7,20220501,3995.00,952.00,3043.00,319.64,May 2022 Pricing Master,2026-09-07T07:48:47.421676
7810,977,7,20220501,3995.00,952.00,3043.00,319.64,May 2022 Pricing Master,2026-09-07T07:48:47.421676
7811,974,7,20220501,3995.00,952.00,3043.00,319.64,May 2022 Pricing Master,2026-09-07T07:48:47.421676
7812,973,7,20220501,3995.00,952.00,3043.00,319.64,May 2022 Pricing Master,2026-09-07T07:48:47.421676
7813,972,7,20220501,3995.00,952.00,3043.00,319.64,May 2022 Pricing Master,2026-09-07T07:48:47.421676
7814,975,7,20220501,3995.00,952.00,3043.00,319.64,May 2022 Pricing Master,2026-09-07T07:48:47.421676
7815,970,7,20220501,3995.00,952.00,3043.00,319.64,May 2022 Pricing Master,2026-09-07T07:48:47.421676
7816,971,7,20220501,3995.00,952.00,3043.00,319.64,May 2022 Pricing Master,2026-09-07T07:48:47.421676
7817,655,7,20220501,2395.00,570.00,1825.00,320.18,May 2022 Pricing Master,2026-09-07T07:48:47.421676
7818,654,7,20220501,2395.00,570.00,1825.00,320.18,May 2022 Pricing Master,2026-09-07T07:48:47.421676
7819,653,7,20220501,2395.00,570.00,1825.00,320.18,May 2022 Pricing Master,2026-09-07T07:48:47.421676
7820,656,7,20220501,2395.00,570.00,1825.00,320.18,May 2022 Pricing Master,2026-09-07T07:48:47.421676
7821,651,7,20220501,2395.00,570.00,1825.00,320.18,May 2022 Pricing Master,2026-09-07T07:48:47.421676
7822,652,7,20220501,2395.00,570.00,1825.00,320.18,May 2022 Pricing Master,2026-09-07T07:48:47.421676
7823,837,7,20220501,2195.00,519.00,1676.00,322.93,May 2022 Pricing Master,2026-09-07T07:48:47.421676
7824,836,7,20220501,2195.00,519.00,1676.00,322.93,May 2022 Pricing Master,2026-09-07T07:48:47.421676
7825,835,7,20220501,2195.00,519.00,1676.00,322.93,May 2022 Pricing Master,2026-09-07T07:48:47.421676
7826,838,7,20220501,2195.00,519.00,1676.00,322.93,May 2022 Pricing Master,2026-09-07T07:48:47.421676
7827,833,7,20220501,2195.00,519.00,1676.00,322.93,May 2022 Pricing Master,2026-09-07T07:48:47.421676
7828,834,7,20220501,2195.00,519.00,1676.00,322.93,May 2022 Pricing Master,2026-09-07T07:48:47.421676
7829,643,7,20220501,2995.00,714.00,2281.00,319.47,May 2022 Pricing Master,2026-09-07T07:48:47.421676
7830,642,7,20220501,2995.00,714.00,2281.00,319.47,May 2022 Pricing Master,2026-09-07T07:48:47.421676
7831,641,7,20220501,2995.00,714.00,2281.00,319.47,May 2022 Pricing Master,2026-09-07T07:48:47.421676
7832,644,7,20220501,2995.00,714.00,2281.00,319.47,May 2022 Pricing Master,2026-09-07T07:48:47.421676
7833,639,7,20220501,2995.00,714.00,2281.00,319.47,May 2022 Pricing Master,2026-09-07T07:48:47.421676
7834,640,7,20220501,2995.00,714.00,2281.00,319.47,May 2022 Pricing Master,2026-09-07T07:48:47.421676
7835,661,7,20220501,2195.00,519.00,1676.00,322.93,May 2022 Pricing Master,2026-09-07T07:48:47.421676
7836,660,7,20220501,2195.00,519.00,1676.00,322.93,May 2022 Pricing Master,2026-09-07T07:48:47.421676
7837,659,7,20220501,2195.00,519.00,1676.00,322.93,May 2022 Pricing Master,2026-09-07T07:48:47.421676
7838,662,7,20220501,2195.00,519.00,1676.00,322.93,May 2022 Pricing Master,2026-09-07T07:48:47.421676
7839,657,7,20220501,2195.00,519.00,1676.00,322.93,May 2022 Pricing Master,2026-09-07T07:48:47.421676
7840,658,7,20220501,2195.00,519.00,1676.00,322.93,May 2022 Pricing Master,2026-09-07T07:48:47.421676
7841,649,7,20220501,2495.00,595.00,1900.00,319.33,May 2022 Pricing Master,2026-09-07T07:48:47.421676
7842,648,7,20220501,2495.00,595.00,1900.00,319.33,May 2022 Pricing Master,2026-09-07T07:48:47.421676
7843,647,7,20220501,2495.00,595.00,1900.00,319.33,May 2022 Pricing Master,2026-09-07T07:48:47.421676
7844,650,7,20220501,2495.00,595.00,1900.00,319.33,May 2022 Pricing Master,2026-09-07T07:48:47.421676
7845,645,7,20220501,2495.00,595.00,1900.00,319.33,May 2022 Pricing Master,2026-09-07T07:48:47.421676
7846,646,7,20220501,2495.00,595.00,1900.00,319.33,May 2022 Pricing Master,2026-09-07T07:48:47.421676
7847,843,7,20220501,1995.00,467.00,1528.00,327.19,May 2022 Pricing Master,2026-09-07T07:48:47.421676
7848,842,7,20220501,1995.00,467.00,1528.00,327.19,May 2022 Pricing Master,2026-09-07T07:48:47.421676
7849,841,7,20220501,1995.00,467.00,1528.00,327.19,May 2022 Pricing Master,2026-09-07T07:48:47.421676
7850,844,7,20220501,1995.00,467.00,1528.00,327.19,May 2022 Pricing Master,2026-09-07T07:48:47.421676
7851,839,7,20220501,1995.00,467.00,1528.00,327.19,May 2022 Pricing Master,2026-09-07T07:48:47.421676
7852,840,7,20220501,1995.00,467.00,1528.00,327.19,May 2022 Pricing Master,2026-09-07T07:48:47.421676
7853,607,7,20220501,2395.00,552.00,1843.00,333.88,May 2022 Pricing Master,2026-09-07T07:48:47.421676
7854,606,7,20220501,2395.00,552.00,1843.00,333.88,May 2022 Pricing Master,2026-09-07T07:48:47.421676
7855,605,7,20220501,2395.00,552.00,1843.00,333.88,May 2022 Pricing Master,2026-09-07T07:48:47.421676
7856,608,7,20220501,2395.00,552.00,1843.00,333.88,May 2022 Pricing Master,2026-09-07T07:48:47.421676
7857,603,7,20220501,2395.00,552.00,1843.00,333.88,May 2022 Pricing Master,2026-09-07T07:48:47.421676
7858,604,7,20220501,2395.00,552.00,1843.00,333.88,May 2022 Pricing Master,2026-09-07T07:48:47.421676
7859,685,7,20220501,2295.00,529.00,1766.00,333.84,May 2022 Pricing Master,2026-09-07T07:48:47.421676
7860,684,7,20220501,2295.00,529.00,1766.00,333.84,May 2022 Pricing Master,2026-09-07T07:48:47.421676
7861,683,7,20220501,2295.00,529.00,1766.00,333.84,May 2022 Pricing Master,2026-09-07T07:48:47.421676
7862,686,7,20220501,2295.00,529.00,1766.00,333.84,May 2022 Pricing Master,2026-09-07T07:48:47.421676
7863,681,7,20220501,2295.00,529.00,1766.00,333.84,May 2022 Pricing Master,2026-09-07T07:48:47.421676
7864,682,7,20220501,2295.00,529.00,1766.00,333.84,May 2022 Pricing Master,2026-09-07T07:48:47.421676
7865,962,7,20220501,2795.00,662.00,2133.00,322.21,May 2022 Pricing Master,2026-09-07T07:48:47.421676
7866,961,7,20220501,2795.00,662.00,2133.00,322.21,May 2022 Pricing Master,2026-09-07T07:48:47.421676
7867,960,7,20220501,2795.00,662.00,2133.00,322.21,May 2022 Pricing Master,2026-09-07T07:48:47.421676
7868,963,7,20220501,2795.00,662.00,2133.00,322.21,May 2022 Pricing Master,2026-09-07T07:48:47.421676
7869,958,7,20220501,2795.00,662.00,2133.00,322.21,May 2022 Pricing Master,2026-09-07T07:48:47.421676
7870,959,7,20220501,2795.00,662.00,2133.00,322.21,May 2022 Pricing Master,2026-09-07T07:48:47.421676
7871,697,7,20220501,2295.00,538.00,1757.00,326.58,May 2022 Pricing Master,2026-09-07T07:48:47.421676
7872,696,7,20220501,2295.00,538.00,1757.00,326.58,May 2022 Pricing Master,2026-09-07T07:48:47.421676
7873,695,7,20220501,2295.00,538.00,1757.00,326.58,May 2022 Pricing Master,2026-09-07T07:48:47.421676
7874,698,7,20220501,2295.00,538.00,1757.00,326.58,May 2022 Pricing Master,2026-09-07T07:48:47.421676
7875,693,7,20220501,2295.00,538.00,1757.00,326.58,May 2022 Pricing Master,2026-09-07T07:48:47.421676
7876,694,7,20220501,2295.00,538.00,1757.00,326.58,May 2022 Pricing Master,2026-09-07T07:48:47.421676
7877,691,7,20220501,2295.00,529.00,1766.00,333.84,May 2022 Pricing Master,2026-09-07T07:48:47.421676
7878,690,7,20220501,2295.00,529.00,1766.00,333.84,May 2022 Pricing Master,2026-09-07T07:48:47.421676
7879,689,7,20220501,2295.00,529.00,1766.00,333.84,May 2022 Pricing Master,2026-09-07T07:48:47.421676
7880,692,7,20220501,2295.00,529.00,1766.00,333.84,May 2022 Pricing Master,2026-09-07T07:48:47.421676
7881,687,7,20220501,2295.00,529.00,1766.00,333.84,May 2022 Pricing Master,2026-09-07T07:48:47.421676
7882,688,7,20220501,2295.00,529.00,1766.00,333.84,May 2022 Pricing Master,2026-09-07T07:48:47.421676
7883,721,7,20220501,2295.00,570.00,1725.00,302.63,May 2022 Pricing Master,2026-09-07T07:48:47.421676
7884,720,7,20220501,2295.00,570.00,1725.00,302.63,May 2022 Pricing Master,2026-09-07T07:48:47.421676
7885,719,7,20220501,2295.00,570.00,1725.00,302.63,May 2022 Pricing Master,2026-09-07T07:48:47.421676
7886,722,7,20220501,2295.00,570.00,1725.00,302.63,May 2022 Pricing Master,2026-09-07T07:48:47.421676
7887,717,7,20220501,2295.00,570.00,1725.00,302.63,May 2022 Pricing Master,2026-09-07T07:48:47.421676
7888,718,7,20220501,2295.00,570.00,1725.00,302.63,May 2022 Pricing Master,2026-09-07T07:48:47.421676
7889,733,7,20220501,2295.00,570.00,1725.00,302.63,May 2022 Pricing Master,2026-09-07T07:48:47.421676
7890,732,7,20220501,2295.00,570.00,1725.00,302.63,May 2022 Pricing Master,2026-09-07T07:48:47.421676
7891,731,7,20220501,2295.00,570.00,1725.00,302.63,May 2022 Pricing Master,2026-09-07T07:48:47.421676
7892,734,7,20220501,2295.00,570.00,1725.00,302.63,May 2022 Pricing Master,2026-09-07T07:48:47.421676
7893,729,7,20220501,2295.00,570.00,1725.00,302.63,May 2022 Pricing Master,2026-09-07T07:48:47.421676
7894,730,7,20220501,2295.00,570.00,1725.00,302.63,May 2022 Pricing Master,2026-09-07T07:48:47.421676
7895,613,7,20220501,2295.00,570.00,1725.00,302.63,May 2022 Pricing Master,2026-09-07T07:48:47.421676
7896,612,7,20220501,2295.00,570.00,1725.00,302.63,May 2022 Pricing Master,2026-09-07T07:48:47.421676
7897,611,7,20220501,2295.00,570.00,1725.00,302.63,May 2022 Pricing Master,2026-09-07T07:48:47.421676
7898,614,7,20220501,2295.00,570.00,1725.00,302.63,May 2022 Pricing Master,2026-09-07T07:48:47.421676
7899,609,7,20220501,2295.00,570.00,1725.00,302.63,May 2022 Pricing Master,2026-09-07T07:48:47.421676
7900,610,7,20220501,2295.00,570.00,1725.00,302.63,May 2022 Pricing Master,2026-09-07T07:48:47.421676
7901,637,7,20220501,3095.00,724.00,2371.00,327.49,May 2022 Pricing Master,2026-09-07T07:48:47.421676
7902,636,7,20220501,3095.00,724.00,2371.00,327.49,May 2022 Pricing Master,2026-09-07T07:48:47.421676
7903,635,7,20220501,3095.00,724.00,2371.00,327.49,May 2022 Pricing Master,2026-09-07T07:48:47.421676
7904,638,7,20220501,3095.00,724.00,2371.00,327.49,May 2022 Pricing Master,2026-09-07T07:48:47.421676
7905,633,7,20220501,3095.00,724.00,2371.00,327.49,May 2022 Pricing Master,2026-09-07T07:48:47.421676
7906,634,7,20220501,3095.00,724.00,2371.00,327.49,May 2022 Pricing Master,2026-09-07T07:48:47.421676
7907,752,7,20220501,2295.00,538.00,1757.00,326.58,May 2022 Pricing Master,2026-09-07T07:48:47.421676
7908,751,7,20220501,2295.00,538.00,1757.00,326.58,May 2022 Pricing Master,2026-09-07T07:48:47.421676
7909,750,7,20220501,2295.00,538.00,1757.00,326.58,May 2022 Pricing Master,2026-09-07T07:48:47.421676
7910,753,7,20220501,2295.00,538.00,1757.00,326.58,May 2022 Pricing Master,2026-09-07T07:48:47.421676
7911,748,7,20220501,2295.00,538.00,1757.00,326.58,May 2022 Pricing Master,2026-09-07T07:48:47.421676
7912,749,7,20220501,2295.00,538.00,1757.00,326.58,May 2022 Pricing Master,2026-09-07T07:48:47.421676
7913,740,7,20220501,2395.00,570.00,1825.00,320.18,May 2022 Pricing Master,2026-09-07T07:48:47.421676
7914,739,7,20220501,2395.00,570.00,1825.00,320.18,May 2022 Pricing Master,2026-09-07T07:48:47.421676
7915,738,7,20220501,2395.00,570.00,1825.00,320.18,May 2022 Pricing Master,2026-09-07T07:48:47.421676
7916,741,7,20220501,2395.00,570.00,1825.00,320.18,May 2022 Pricing Master,2026-09-07T07:48:47.421676
7917,736,7,20220501,2395.00,570.00,1825.00,320.18,May 2022 Pricing Master,2026-09-07T07:48:47.421676
7918,737,7,20220501,2395.00,570.00,1825.00,320.18,May 2022 Pricing Master,2026-09-07T07:48:47.421676
7919,807,7,20220501,2395.00,570.00,1825.00,320.18,May 2022 Pricing Master,2026-09-07T07:48:47.421676
7920,806,7,20220501,2395.00,570.00,1825.00,320.18,May 2022 Pricing Master,2026-09-07T07:48:47.421676
7921,805,7,20220501,2395.00,570.00,1825.00,320.18,May 2022 Pricing Master,2026-09-07T07:48:47.421676
7922,808,7,20220501,2395.00,570.00,1825.00,320.18,May 2022 Pricing Master,2026-09-07T07:48:47.421676
7923,803,7,20220501,2395.00,570.00,1825.00,320.18,May 2022 Pricing Master,2026-09-07T07:48:47.421676
7924,804,7,20220501,2395.00,570.00,1825.00,320.18,May 2022 Pricing Master,2026-09-07T07:48:47.421676
7925,795,7,20220501,2395.00,529.00,1866.00,352.74,May 2022 Pricing Master,2026-09-07T07:48:47.421676
7926,794,7,20220501,2395.00,529.00,1866.00,352.74,May 2022 Pricing Master,2026-09-07T07:48:47.421676
7927,793,7,20220501,2395.00,529.00,1866.00,352.74,May 2022 Pricing Master,2026-09-07T07:48:47.421676
7928,796,7,20220501,2395.00,529.00,1866.00,352.74,May 2022 Pricing Master,2026-09-07T07:48:47.421676
7929,791,7,20220501,2395.00,529.00,1866.00,352.74,May 2022 Pricing Master,2026-09-07T07:48:47.421676
7930,792,7,20220501,2395.00,529.00,1866.00,352.74,May 2022 Pricing Master,2026-09-07T07:48:47.421676
7931,801,7,20220501,2395.00,529.00,1866.00,352.74,May 2022 Pricing Master,2026-09-07T07:48:47.421676
7932,800,7,20220501,2395.00,529.00,1866.00,352.74,May 2022 Pricing Master,2026-09-07T07:48:47.421676
7933,799,7,20220501,2395.00,529.00,1866.00,352.74,May 2022 Pricing Master,2026-09-07T07:48:47.421676
7934,802,7,20220501,2395.00,529.00,1866.00,352.74,May 2022 Pricing Master,2026-09-07T07:48:47.421676
7935,797,7,20220501,2395.00,529.00,1866.00,352.74,May 2022 Pricing Master,2026-09-07T07:48:47.421676
7936,798,7,20220501,2395.00,529.00,1866.00,352.74,May 2022 Pricing Master,2026-09-07T07:48:47.421676
7937,538,7,20220501,1695.00,424.00,1271.00,299.76,May 2022 Pricing Master,2026-09-07T07:48:47.421676
7938,536,7,20220501,1695.00,424.00,1271.00,299.76,May 2022 Pricing Master,2026-09-07T07:48:47.421676
7939,535,7,20220501,1695.00,424.00,1271.00,299.76,May 2022 Pricing Master,2026-09-07T07:48:47.421676
7940,539,7,20220501,1695.00,424.00,1271.00,299.76,May 2022 Pricing Master,2026-09-07T07:48:47.421676
7941,533,7,20220501,1695.00,424.00,1271.00,299.76,May 2022 Pricing Master,2026-09-07T07:48:47.421676
7942,534,7,20220501,1695.00,424.00,1271.00,299.76,May 2022 Pricing Master,2026-09-07T07:48:47.421676
7943,551,7,20220501,1695.00,424.00,1271.00,299.76,May 2022 Pricing Master,2026-09-07T07:48:47.421676
7944,550,7,20220501,1695.00,424.00,1271.00,299.76,May 2022 Pricing Master,2026-09-07T07:48:47.421676
7945,549,7,20220501,1695.00,424.00,1271.00,299.76,May 2022 Pricing Master,2026-09-07T07:48:47.421676
7946,552,7,20220501,1695.00,424.00,1271.00,299.76,May 2022 Pricing Master,2026-09-07T07:48:47.421676
7947,547,7,20220501,1695.00,424.00,1271.00,299.76,May 2022 Pricing Master,2026-09-07T07:48:47.421676
7948,548,7,20220501,1695.00,424.00,1271.00,299.76,May 2022 Pricing Master,2026-09-07T07:48:47.421676
7949,224,7,20220501,1595.00,381.00,1214.00,318.64,May 2022 Pricing Master,2026-09-07T07:48:47.421676
7950,223,7,20220501,1595.00,381.00,1214.00,318.64,May 2022 Pricing Master,2026-09-07T07:48:47.421676
7951,222,7,20220501,1595.00,381.00,1214.00,318.64,May 2022 Pricing Master,2026-09-07T07:48:47.421676
7952,225,7,20220501,1595.00,381.00,1214.00,318.64,May 2022 Pricing Master,2026-09-07T07:48:47.421676
7953,220,7,20220501,1595.00,381.00,1214.00,318.64,May 2022 Pricing Master,2026-09-07T07:48:47.421676
7954,221,7,20220501,1595.00,381.00,1214.00,318.64,May 2022 Pricing Master,2026-09-07T07:48:47.421676
7955,331,7,20220501,1595.00,381.00,1214.00,318.64,May 2022 Pricing Master,2026-09-07T07:48:47.421676
7956,330,7,20220501,1595.00,381.00,1214.00,318.64,May 2022 Pricing Master,2026-09-07T07:48:47.421676
7957,329,7,20220501,1595.00,381.00,1214.00,318.64,May 2022 Pricing Master,2026-09-07T07:48:47.421676
7958,332,7,20220501,1595.00,381.00,1214.00,318.64,May 2022 Pricing Master,2026-09-07T07:48:47.421676
7959,327,7,20220501,1595.00,381.00,1214.00,318.64,May 2022 Pricing Master,2026-09-07T07:48:47.421676
7960,328,7,20220501,1595.00,381.00,1214.00,318.64,May 2022 Pricing Master,2026-09-07T07:48:47.421676
7961,355,7,20220501,1895.00,471.00,1424.00,302.34,May 2022 Pricing Master,2026-09-07T07:48:47.421676
7962,354,7,20220501,1895.00,471.00,1424.00,302.34,May 2022 Pricing Master,2026-09-07T07:48:47.421676
7963,353,7,20220501,1895.00,471.00,1424.00,302.34,May 2022 Pricing Master,2026-09-07T07:48:47.421676
7964,356,7,20220501,1895.00,471.00,1424.00,302.34,May 2022 Pricing Master,2026-09-07T07:48:47.421676
7965,351,7,20220501,1895.00,471.00,1424.00,302.34,May 2022 Pricing Master,2026-09-07T07:48:47.421676
7966,352,7,20220501,1895.00,471.00,1424.00,302.34,May 2022 Pricing Master,2026-09-07T07:48:47.421676
7967,343,7,20220501,1895.00,471.00,1424.00,302.34,May 2022 Pricing Master,2026-09-07T07:48:47.421676
7968,342,7,20220501,1895.00,471.00,1424.00,302.34,May 2022 Pricing Master,2026-09-07T07:48:47.421676
7969,341,7,20220501,1895.00,471.00,1424.00,302.34,May 2022 Pricing Master,2026-09-07T07:48:47.421676
7970,344,7,20220501,1895.00,471.00,1424.00,302.34,May 2022 Pricing Master,2026-09-07T07:48:47.421676
7971,339,7,20220501,1895.00,471.00,1424.00,302.34,May 2022 Pricing Master,2026-09-07T07:48:47.421676
7972,340,7,20220501,1895.00,471.00,1424.00,302.34,May 2022 Pricing Master,2026-09-07T07:48:47.421676
7973,349,7,20220501,1895.00,471.00,1424.00,302.34,May 2022 Pricing Master,2026-09-07T07:48:47.421676
7974,348,7,20220501,1895.00,471.00,1424.00,302.34,May 2022 Pricing Master,2026-09-07T07:48:47.421676
7975,347,7,20220501,1895.00,471.00,1424.00,302.34,May 2022 Pricing Master,2026-09-07T07:48:47.421676
7976,350,7,20220501,1895.00,471.00,1424.00,302.34,May 2022 Pricing Master,2026-09-07T07:48:47.421676
7977,345,7,20220501,1895.00,471.00,1424.00,302.34,May 2022 Pricing Master,2026-09-07T07:48:47.421676
7978,346,7,20220501,1895.00,471.00,1424.00,302.34,May 2022 Pricing Master,2026-09-07T07:48:47.421676
7979,373,7,20220501,1595.00,381.00,1214.00,318.64,May 2022 Pricing Master,2026-09-07T07:48:47.421676
7980,372,7,20220501,1595.00,381.00,1214.00,318.64,May 2022 Pricing Master,2026-09-07T07:48:47.421676
7981,371,7,20220501,1595.00,381.00,1214.00,318.64,May 2022 Pricing Master,2026-09-07T07:48:47.421676
7982,374,7,20220501,1595.00,381.00,1214.00,318.64,May 2022 Pricing Master,2026-09-07T07:48:47.421676
7983,369,7,20220501,1595.00,381.00,1214.00,318.64,May 2022 Pricing Master,2026-09-07T07:48:47.421676
7984,370,7,20220501,1595.00,381.00,1214.00,318.64,May 2022 Pricing Master,2026-09-07T07:48:47.421676
7985,385,7,20220501,1195.00,286.00,909.00,317.83,May 2022 Pricing Master,2026-09-07T07:48:47.421676
7986,384,7,20220501,1195.00,286.00,909.00,317.83,May 2022 Pricing Master,2026-09-07T07:48:47.421676
7987,383,7,20220501,1195.00,286.00,909.00,317.83,May 2022 Pricing Master,2026-09-07T07:48:47.421676
7988,386,7,20220501,1195.00,286.00,909.00,317.83,May 2022 Pricing Master,2026-09-07T07:48:47.421676
7989,381,7,20220501,1195.00,286.00,909.00,317.83,May 2022 Pricing Master,2026-09-07T07:48:47.421676
7990,382,7,20220501,1195.00,286.00,909.00,317.83,May 2022 Pricing Master,2026-09-07T07:48:47.421676
7991,325,7,20220501,1595.00,381.00,1214.00,318.64,May 2022 Pricing Master,2026-09-07T07:48:47.421676
7992,324,7,20220501,1595.00,381.00,1214.00,318.64,May 2022 Pricing Master,2026-09-07T07:48:47.421676
7993,323,7,20220501,1595.00,381.00,1214.00,318.64,May 2022 Pricing Master,2026-09-07T07:48:47.421676
7994,326,7,20220501,1595.00,381.00,1214.00,318.64,May 2022 Pricing Master,2026-09-07T07:48:47.421676
7995,321,7,20220501,1595.00,381.00,1214.00,318.64,May 2022 Pricing Master,2026-09-07T07:48:47.421676
7996,322,7,20220501,1595.00,381.00,1214.00,318.64,May 2022 Pricing Master,2026-09-07T07:48:47.421676
7997,295,7,20220501,1995.00,500.00,1495.00,299.00,May 2022 Pricing Master,2026-09-07T07:48:47.421676
7998,294,7,20220501,1995.00,500.00,1495.00,299.00,May 2022 Pricing Master,2026-09-07T07:48:47.421676
7999,293,7,20220501,1995.00,500.00,1495.00,299.00,May 2022 Pricing Master,2026-09-07T07:48:47.421676
8000,296,7,20220501,1995.00,500.00,1495.00,299.00,May 2022 Pricing Master,2026-09-07T07:48:47.421676
8001,291,7,20220501,1995.00,500.00,1495.00,299.00,May 2022 Pricing Master,2026-09-07T07:48:47.421676
8002,292,7,20220501,1995.00,500.00,1495.00,299.00,May 2022 Pricing Master,2026-09-07T07:48:47.421676
8003,258,7,20220501,1895.00,471.00,1424.00,302.34,May 2022 Pricing Master,2026-09-07T07:48:47.421676
8004,257,7,20220501,1895.00,471.00,1424.00,302.34,May 2022 Pricing Master,2026-09-07T07:48:47.421676
8005,256,7,20220501,1895.00,471.00,1424.00,302.34,May 2022 Pricing Master,2026-09-07T07:48:47.421676
8006,259,7,20220501,1895.00,471.00,1424.00,302.34,May 2022 Pricing Master,2026-09-07T07:48:47.421676
8007,254,7,20220501,1895.00,471.00,1424.00,302.34,May 2022 Pricing Master,2026-09-07T07:48:47.421676
8008,255,7,20220501,1895.00,471.00,1424.00,302.34,May 2022 Pricing Master,2026-09-07T07:48:47.421676
8009,361,7,20220501,1595.00,381.00,1214.00,318.64,May 2022 Pricing Master,2026-09-07T07:48:47.421676
8010,360,7,20220501,1595.00,381.00,1214.00,318.64,May 2022 Pricing Master,2026-09-07T07:48:47.421676
8011,359,7,20220501,1595.00,381.00,1214.00,318.64,May 2022 Pricing Master,2026-09-07T07:48:47.421676
8012,362,7,20220501,1595.00,381.00,1214.00,318.64,May 2022 Pricing Master,2026-09-07T07:48:47.421676
8013,357,7,20220501,1595.00,381.00,1214.00,318.64,May 2022 Pricing Master,2026-09-07T07:48:47.421676
8014,358,7,20220501,1595.00,381.00,1214.00,318.64,May 2022 Pricing Master,2026-09-07T07:48:47.421676
8015,429,7,20220501,1595.00,381.00,1214.00,318.64,May 2022 Pricing Master,2026-09-07T07:48:47.421676
8016,428,7,20220501,1595.00,381.00,1214.00,318.64,May 2022 Pricing Master,2026-09-07T07:48:47.421676
8017,427,7,20220501,1595.00,381.00,1214.00,318.64,May 2022 Pricing Master,2026-09-07T07:48:47.421676
8018,430,7,20220501,1595.00,381.00,1214.00,318.64,May 2022 Pricing Master,2026-09-07T07:48:47.421676
8019,425,7,20220501,1595.00,381.00,1214.00,318.64,May 2022 Pricing Master,2026-09-07T07:48:47.421676
8020,426,7,20220501,1595.00,381.00,1214.00,318.64,May 2022 Pricing Master,2026-09-07T07:48:47.421676
8021,42,7,20220501,1595.00,381.00,1214.00,318.64,May 2022 Pricing Master,2026-09-07T07:48:47.421676
8022,41,7,20220501,1595.00,381.00,1214.00,318.64,May 2022 Pricing Master,2026-09-07T07:48:47.421676
8023,40,7,20220501,1595.00,381.00,1214.00,318.64,May 2022 Pricing Master,2026-09-07T07:48:47.421676
8024,43,7,20220501,1595.00,381.00,1214.00,318.64,May 2022 Pricing Master,2026-09-07T07:48:47.421676
8025,38,7,20220501,1595.00,381.00,1214.00,318.64,May 2022 Pricing Master,2026-09-07T07:48:47.421676
8026,39,7,20220501,1595.00,381.00,1214.00,318.64,May 2022 Pricing Master,2026-09-07T07:48:47.421676
8027,56,7,20220501,1595.00,381.00,1214.00,318.64,May 2022 Pricing Master,2026-09-07T07:48:47.421676
8028,55,7,20220501,1595.00,381.00,1214.00,318.64,May 2022 Pricing Master,2026-09-07T07:48:47.421676
8029,54,7,20220501,1595.00,381.00,1214.00,318.64,May 2022 Pricing Master,2026-09-07T07:48:47.421676
8030,57,7,20220501,1595.00,381.00,1214.00,318.64,May 2022 Pricing Master,2026-09-07T07:48:47.421676
8031,52,7,20220501,1595.00,381.00,1214.00,318.64,May 2022 Pricing Master,2026-09-07T07:48:47.421676
8032,53,7,20220501,1595.00,381.00,1214.00,318.64,May 2022 Pricing Master,2026-09-07T07:48:47.421676
8033,92,7,20220501,2395.00,581.00,1814.00,312.22,May 2022 Pricing Master,2026-09-07T07:48:47.421676
8034,91,7,20220501,2395.00,581.00,1814.00,312.22,May 2022 Pricing Master,2026-09-07T07:48:47.421676
8035,90,7,20220501,2395.00,581.00,1814.00,312.22,May 2022 Pricing Master,2026-09-07T07:48:47.421676
8036,93,7,20220501,2395.00,581.00,1814.00,312.22,May 2022 Pricing Master,2026-09-07T07:48:47.421676
8037,88,7,20220501,2395.00,581.00,1814.00,312.22,May 2022 Pricing Master,2026-09-07T07:48:47.421676
8038,89,7,20220501,2395.00,581.00,1814.00,312.22,May 2022 Pricing Master,2026-09-07T07:48:47.421676
8039,68,7,20220501,1595.00,381.00,1214.00,318.64,May 2022 Pricing Master,2026-09-07T07:48:47.421676
8040,67,7,20220501,1595.00,381.00,1214.00,318.64,May 2022 Pricing Master,2026-09-07T07:48:47.421676
8041,66,7,20220501,1595.00,381.00,1214.00,318.64,May 2022 Pricing Master,2026-09-07T07:48:47.421676
8042,69,7,20220501,1595.00,381.00,1214.00,318.64,May 2022 Pricing Master,2026-09-07T07:48:47.421676
8043,64,7,20220501,1595.00,381.00,1214.00,318.64,May 2022 Pricing Master,2026-09-07T07:48:47.421676
8044,65,7,20220501,1595.00,381.00,1214.00,318.64,May 2022 Pricing Master,2026-09-07T07:48:47.421676
8045,194,7,20220501,1895.00,471.00,1424.00,302.34,May 2022 Pricing Master,2026-09-07T07:48:47.421676
8046,193,7,20220501,1895.00,471.00,1424.00,302.34,May 2022 Pricing Master,2026-09-07T07:48:47.421676
8047,192,7,20220501,1895.00,471.00,1424.00,302.34,May 2022 Pricing Master,2026-09-07T07:48:47.421676
8048,195,7,20220501,1895.00,471.00,1424.00,302.34,May 2022 Pricing Master,2026-09-07T07:48:47.421676
8049,190,7,20220501,1895.00,471.00,1424.00,302.34,May 2022 Pricing Master,2026-09-07T07:48:47.421676
8050,191,7,20220501,1895.00,471.00,1424.00,302.34,May 2022 Pricing Master,2026-09-07T07:48:47.421676
8051,619,7,20220501,1895.00,457.00,1438.00,314.66,May 2022 Pricing Master,2026-09-07T07:48:47.421676
8052,618,7,20220501,1895.00,457.00,1438.00,314.66,May 2022 Pricing Master,2026-09-07T07:48:47.421676
8053,617,7,20220501,1895.00,457.00,1438.00,314.66,May 2022 Pricing Master,2026-09-07T07:48:47.421676
8054,620,7,20220501,1895.00,457.00,1438.00,314.66,May 2022 Pricing Master,2026-09-07T07:48:47.421676
8055,615,7,20220501,1895.00,457.00,1438.00,314.66,May 2022 Pricing Master,2026-09-07T07:48:47.421676
8056,616,7,20220501,1895.00,457.00,1438.00,314.66,May 2022 Pricing Master,2026-09-07T07:48:47.421676
8057,703,7,20220501,1695.00,424.00,1271.00,299.76,May 2022 Pricing Master,2026-09-07T07:48:47.421676
8058,702,7,20220501,1695.00,424.00,1271.00,299.76,May 2022 Pricing Master,2026-09-07T07:48:47.421676
8059,701,7,20220501,1695.00,424.00,1271.00,299.76,May 2022 Pricing Master,2026-09-07T07:48:47.421676
8060,704,7,20220501,1695.00,424.00,1271.00,299.76,May 2022 Pricing Master,2026-09-07T07:48:47.421676
8061,699,7,20220501,1695.00,424.00,1271.00,299.76,May 2022 Pricing Master,2026-09-07T07:48:47.421676
8062,700,7,20220501,1695.00,424.00,1271.00,299.76,May 2022 Pricing Master,2026-09-07T07:48:47.421676
8063,866,7,20220501,1695.00,424.00,1271.00,299.76,May 2022 Pricing Master,2026-09-07T07:48:47.421676
8064,865,7,20220501,1695.00,424.00,1271.00,299.76,May 2022 Pricing Master,2026-09-07T07:48:47.421676
8065,864,7,20220501,1695.00,424.00,1271.00,299.76,May 2022 Pricing Master,2026-09-07T07:48:47.421676
8066,867,7,20220501,1695.00,424.00,1271.00,299.76,May 2022 Pricing Master,2026-09-07T07:48:47.421676
8067,862,7,20220501,1695.00,424.00,1271.00,299.76,May 2022 Pricing Master,2026-09-07T07:48:47.421676
8068,863,7,20220501,1695.00,424.00,1271.00,299.76,May 2022 Pricing Master,2026-09-07T07:48:47.421676
8069,49,7,20220501,1995.00,500.00,1495.00,299.00,May 2022 Pricing Master,2026-09-07T07:48:47.421676
8070,51,7,20220501,1995.00,500.00,1495.00,299.00,May 2022 Pricing Master,2026-09-07T07:48:47.421676
8071,48,7,20220501,1995.00,500.00,1495.00,299.00,May 2022 Pricing Master,2026-09-07T07:48:47.421676
8072,47,7,20220501,1995.00,500.00,1495.00,299.00,May 2022 Pricing Master,2026-09-07T07:48:47.421676
8073,50,7,20220501,1995.00,500.00,1495.00,299.00,May 2022 Pricing Master,2026-09-07T07:48:47.421676
8074,45,7,20220501,1995.00,500.00,1495.00,299.00,May 2022 Pricing Master,2026-09-07T07:48:47.421676
8075,46,7,20220501,1995.00,500.00,1495.00,299.00,May 2022 Pricing Master,2026-09-07T07:48:47.421676
8076,871,7,20220501,1895.00,457.00,1438.00,314.66,May 2022 Pricing Master,2026-09-07T07:48:47.421676
8077,872,7,20220501,1895.00,457.00,1438.00,314.66,May 2022 Pricing Master,2026-09-07T07:48:47.421676
8078,870,7,20220501,1895.00,457.00,1438.00,314.66,May 2022 Pricing Master,2026-09-07T07:48:47.421676
8079,873,7,20220501,1895.00,457.00,1438.00,314.66,May 2022 Pricing Master,2026-09-07T07:48:47.421676
8080,868,7,20220501,1895.00,457.00,1438.00,314.66,May 2022 Pricing Master,2026-09-07T07:48:47.421676
8081,869,7,20220501,1895.00,457.00,1438.00,314.66,May 2022 Pricing Master,2026-09-07T07:48:47.421676
8082,878,7,20220501,1695.00,424.00,1271.00,299.76,May 2022 Pricing Master,2026-09-07T07:48:47.421676
8083,877,7,20220501,1695.00,424.00,1271.00,299.76,May 2022 Pricing Master,2026-09-07T07:48:47.421676
8084,876,7,20220501,1695.00,424.00,1271.00,299.76,May 2022 Pricing Master,2026-09-07T07:48:47.421676
8085,879,7,20220501,1695.00,424.00,1271.00,299.76,May 2022 Pricing Master,2026-09-07T07:48:47.421676
8086,874,7,20220501,1695.00,424.00,1271.00,299.76,May 2022 Pricing Master,2026-09-07T07:48:47.421676
8087,875,7,20220501,1695.00,424.00,1271.00,299.76,May 2022 Pricing Master,2026-09-07T07:48:47.421676
8088,489,7,20220501,1795.00,425.00,1370.00,322.35,May 2022 Pricing Master,2026-09-07T07:48:47.421676
8089,488,7,20220501,1795.00,425.00,1370.00,322.35,May 2022 Pricing Master,2026-09-07T07:48:47.421676
8090,487,7,20220501,1795.00,425.00,1370.00,322.35,May 2022 Pricing Master,2026-09-07T07:48:47.421676
8091,490,7,20220501,1795.00,425.00,1370.00,322.35,May 2022 Pricing Master,2026-09-07T07:48:47.421676
8092,485,7,20220501,1795.00,425.00,1370.00,322.35,May 2022 Pricing Master,2026-09-07T07:48:47.421676
8093,486,7,20220501,1795.00,425.00,1370.00,322.35,May 2022 Pricing Master,2026-09-07T07:48:47.421676
8094,471,7,20220501,1795.00,425.00,1370.00,322.35,May 2022 Pricing Master,2026-09-07T07:48:47.421676
8095,470,7,20220501,1795.00,425.00,1370.00,322.35,May 2022 Pricing Master,2026-09-07T07:48:47.421676
8096,469,7,20220501,1795.00,425.00,1370.00,322.35,May 2022 Pricing Master,2026-09-07T07:48:47.421676
8097,472,7,20220501,1795.00,425.00,1370.00,322.35,May 2022 Pricing Master,2026-09-07T07:48:47.421676
8098,467,7,20220501,1795.00,425.00,1370.00,322.35,May 2022 Pricing Master,2026-09-07T07:48:47.421676
8099,468,7,20220501,1795.00,425.00,1370.00,322.35,May 2022 Pricing Master,2026-09-07T07:48:47.421676
8100,902,7,20220501,1795.00,425.00,1370.00,322.35,May 2022 Pricing Master,2026-09-07T07:48:47.421676
8101,901,7,20220501,1795.00,425.00,1370.00,322.35,May 2022 Pricing Master,2026-09-07T07:48:47.421676
8102,900,7,20220501,1795.00,425.00,1370.00,322.35,May 2022 Pricing Master,2026-09-07T07:48:47.421676
8103,903,7,20220501,1795.00,425.00,1370.00,322.35,May 2022 Pricing Master,2026-09-07T07:48:47.421676
8104,898,7,20220501,1795.00,425.00,1370.00,322.35,May 2022 Pricing Master,2026-09-07T07:48:47.421676
8105,899,7,20220501,1795.00,425.00,1370.00,322.35,May 2022 Pricing Master,2026-09-07T07:48:47.421676
8106,495,7,20220501,1695.00,395.00,1300.00,329.11,May 2022 Pricing Master,2026-09-07T07:48:47.421676
8107,494,7,20220501,1695.00,395.00,1300.00,329.11,May 2022 Pricing Master,2026-09-07T07:48:47.421676
8108,493,7,20220501,1695.00,395.00,1300.00,329.11,May 2022 Pricing Master,2026-09-07T07:48:47.421676
8109,496,7,20220501,1695.00,395.00,1300.00,329.11,May 2022 Pricing Master,2026-09-07T07:48:47.421676
8110,491,7,20220501,1695.00,395.00,1300.00,329.11,May 2022 Pricing Master,2026-09-07T07:48:47.421676
8111,492,7,20220501,1695.00,395.00,1300.00,329.11,May 2022 Pricing Master,2026-09-07T07:48:47.421676
8112,525,7,20220501,1695.00,395.00,1300.00,329.11,May 2022 Pricing Master,2026-09-07T07:48:47.421676
8113,524,7,20220501,1695.00,395.00,1300.00,329.11,May 2022 Pricing Master,2026-09-07T07:48:47.421676
8114,523,7,20220501,1695.00,395.00,1300.00,329.11,May 2022 Pricing Master,2026-09-07T07:48:47.421676
8115,526,7,20220501,1695.00,395.00,1300.00,329.11,May 2022 Pricing Master,2026-09-07T07:48:47.421676
8116,521,7,20220501,1695.00,395.00,1300.00,329.11,May 2022 Pricing Master,2026-09-07T07:48:47.421676
8117,522,7,20220501,1695.00,395.00,1300.00,329.11,May 2022 Pricing Master,2026-09-07T07:48:47.421676
8118,477,7,20220501,1695.00,395.00,1300.00,329.11,May 2022 Pricing Master,2026-09-07T07:48:47.421676
8119,476,7,20220501,1695.00,395.00,1300.00,329.11,May 2022 Pricing Master,2026-09-07T07:48:47.421676
8120,475,7,20220501,1695.00,395.00,1300.00,329.11,May 2022 Pricing Master,2026-09-07T07:48:47.421676
8121,478,7,20220501,1695.00,395.00,1300.00,329.11,May 2022 Pricing Master,2026-09-07T07:48:47.421676
8122,473,7,20220501,1695.00,395.00,1300.00,329.11,May 2022 Pricing Master,2026-09-07T07:48:47.421676
8123,474,7,20220501,1695.00,395.00,1300.00,329.11,May 2022 Pricing Master,2026-09-07T07:48:47.421676
8124,465,7,20220501,1695.00,395.00,1300.00,329.11,May 2022 Pricing Master,2026-09-07T07:48:47.421676
8125,464,7,20220501,1695.00,395.00,1300.00,329.11,May 2022 Pricing Master,2026-09-07T07:48:47.421676
8126,463,7,20220501,1695.00,395.00,1300.00,329.11,May 2022 Pricing Master,2026-09-07T07:48:47.421676
8127,466,7,20220501,1695.00,395.00,1300.00,329.11,May 2022 Pricing Master,2026-09-07T07:48:47.421676
8128,461,7,20220501,1695.00,395.00,1300.00,329.11,May 2022 Pricing Master,2026-09-07T07:48:47.421676
8129,462,7,20220501,1695.00,395.00,1300.00,329.11,May 2022 Pricing Master,2026-09-07T07:48:47.421676
8130,501,7,20220501,1695.00,395.00,1300.00,329.11,May 2022 Pricing Master,2026-09-07T07:48:47.421676
8131,500,7,20220501,1695.00,395.00,1300.00,329.11,May 2022 Pricing Master,2026-09-07T07:48:47.421676
8132,499,7,20220501,1695.00,395.00,1300.00,329.11,May 2022 Pricing Master,2026-09-07T07:48:47.421676
8133,502,7,20220501,1695.00,395.00,1300.00,329.11,May 2022 Pricing Master,2026-09-07T07:48:47.421676
8134,497,7,20220501,1695.00,395.00,1300.00,329.11,May 2022 Pricing Master,2026-09-07T07:48:47.421676
8135,498,7,20220501,1695.00,395.00,1300.00,329.11,May 2022 Pricing Master,2026-09-07T07:48:47.421676
8136,564,7,20220501,1695.00,395.00,1300.00,329.11,May 2022 Pricing Master,2026-09-07T07:48:47.421676
8137,563,7,20220501,1695.00,395.00,1300.00,329.11,May 2022 Pricing Master,2026-09-07T07:48:47.421676
8138,562,7,20220501,1695.00,395.00,1300.00,329.11,May 2022 Pricing Master,2026-09-07T07:48:47.421676
8139,565,7,20220501,1695.00,395.00,1300.00,329.11,May 2022 Pricing Master,2026-09-07T07:48:47.421676
8140,560,7,20220501,1695.00,395.00,1300.00,329.11,May 2022 Pricing Master,2026-09-07T07:48:47.421676
8141,561,7,20220501,1695.00,395.00,1300.00,329.11,May 2022 Pricing Master,2026-09-07T07:48:47.421676
8142,589,7,20220501,1695.00,395.00,1300.00,329.11,May 2022 Pricing Master,2026-09-07T07:48:47.421676
8143,588,7,20220501,1695.00,395.00,1300.00,329.11,May 2022 Pricing Master,2026-09-07T07:48:47.421676
8144,587,7,20220501,1695.00,395.00,1300.00,329.11,May 2022 Pricing Master,2026-09-07T07:48:47.421676
8145,590,7,20220501,1695.00,395.00,1300.00,329.11,May 2022 Pricing Master,2026-09-07T07:48:47.421676
8146,585,7,20220501,1695.00,395.00,1300.00,329.11,May 2022 Pricing Master,2026-09-07T07:48:47.421676
8147,586,7,20220501,1695.00,395.00,1300.00,329.11,May 2022 Pricing Master,2026-09-07T07:48:47.421676
8148,519,7,20220501,1795.00,425.00,1370.00,322.35,May 2022 Pricing Master,2026-09-07T07:48:47.421676
8149,518,7,20220501,1795.00,425.00,1370.00,322.35,May 2022 Pricing Master,2026-09-07T07:48:47.421676
8150,517,7,20220501,1795.00,425.00,1370.00,322.35,May 2022 Pricing Master,2026-09-07T07:48:47.421676
8151,520,7,20220501,1795.00,425.00,1370.00,322.35,May 2022 Pricing Master,2026-09-07T07:48:47.421676
8152,515,7,20220501,1795.00,425.00,1370.00,322.35,May 2022 Pricing Master,2026-09-07T07:48:47.421676
8153,516,7,20220501,1795.00,425.00,1370.00,322.35,May 2022 Pricing Master,2026-09-07T07:48:47.421676
8154,584,7,20220501,1695.00,395.00,1300.00,329.11,May 2022 Pricing Master,2026-09-07T07:48:47.421676
8155,582,7,20220501,1695.00,395.00,1300.00,329.11,May 2022 Pricing Master,2026-09-07T07:48:47.421676
8156,581,7,20220501,1695.00,395.00,1300.00,329.11,May 2022 Pricing Master,2026-09-07T07:48:47.421676
8157,580,7,20220501,1695.00,395.00,1300.00,329.11,May 2022 Pricing Master,2026-09-07T07:48:47.421676
8158,583,7,20220501,1695.00,395.00,1300.00,329.11,May 2022 Pricing Master,2026-09-07T07:48:47.421676
8159,578,7,20220501,1695.00,395.00,1300.00,329.11,May 2022 Pricing Master,2026-09-07T07:48:47.421676
8160,579,7,20220501,1695.00,395.00,1300.00,329.11,May 2022 Pricing Master,2026-09-07T07:48:47.421676
8161,545,7,20220501,1695.00,395.00,1300.00,329.11,May 2022 Pricing Master,2026-09-07T07:48:47.421676
8162,544,7,20220501,1695.00,395.00,1300.00,329.11,May 2022 Pricing Master,2026-09-07T07:48:47.421676
8163,543,7,20220501,1695.00,395.00,1300.00,329.11,May 2022 Pricing Master,2026-09-07T07:48:47.421676
8164,546,7,20220501,1695.00,395.00,1300.00,329.11,May 2022 Pricing Master,2026-09-07T07:48:47.421676
8165,541,7,20220501,1695.00,395.00,1300.00,329.11,May 2022 Pricing Master,2026-09-07T07:48:47.421676
8166,542,7,20220501,1695.00,395.00,1300.00,329.11,May 2022 Pricing Master,2026-09-07T07:48:47.421676
8167,402,7,20220501,2795.00,695.00,2100.00,302.16,May 2022 Pricing Master,2026-09-07T07:48:47.421676
8168,401,7,20220501,2795.00,695.00,2100.00,302.16,May 2022 Pricing Master,2026-09-07T07:48:47.421676
8169,400,7,20220501,2795.00,695.00,2100.00,302.16,May 2022 Pricing Master,2026-09-07T07:48:47.421676
8170,550,9,20220501,1895.00,424.00,1471.00,346.93,May 2022 Pricing Master,2026-09-07T07:48:47.421676
8171,549,9,20220501,1895.00,424.00,1471.00,346.93,May 2022 Pricing Master,2026-09-07T07:48:47.421676
8172,552,9,20220501,1895.00,424.00,1471.00,346.93,May 2022 Pricing Master,2026-09-07T07:48:47.421676
8173,547,9,20220501,1895.00,424.00,1471.00,346.93,May 2022 Pricing Master,2026-09-07T07:48:47.421676
8174,548,9,20220501,1895.00,424.00,1471.00,346.93,May 2022 Pricing Master,2026-09-07T07:48:47.421676
8175,224,9,20220501,1595.00,381.00,1214.00,318.64,May 2022 Pricing Master,2026-09-07T07:48:47.421676
8176,223,9,20220501,1595.00,381.00,1214.00,318.64,May 2022 Pricing Master,2026-09-07T07:48:47.421676
8177,222,9,20220501,1595.00,381.00,1214.00,318.64,May 2022 Pricing Master,2026-09-07T07:48:47.421676
8178,225,9,20220501,1595.00,381.00,1214.00,318.64,May 2022 Pricing Master,2026-09-07T07:48:47.421676
8179,220,9,20220501,1595.00,381.00,1214.00,318.64,May 2022 Pricing Master,2026-09-07T07:48:47.421676
8180,221,9,20220501,1595.00,381.00,1214.00,318.64,May 2022 Pricing Master,2026-09-07T07:48:47.421676
8181,331,9,20220501,1595.00,381.00,1214.00,318.64,May 2022 Pricing Master,2026-09-07T07:48:47.421676
8182,330,9,20220501,1595.00,381.00,1214.00,318.64,May 2022 Pricing Master,2026-09-07T07:48:47.421676
8183,329,9,20220501,1595.00,381.00,1214.00,318.64,May 2022 Pricing Master,2026-09-07T07:48:47.421676
8184,332,9,20220501,1595.00,381.00,1214.00,318.64,May 2022 Pricing Master,2026-09-07T07:48:47.421676
8185,327,9,20220501,1595.00,381.00,1214.00,318.64,May 2022 Pricing Master,2026-09-07T07:48:47.421676
8186,328,9,20220501,1595.00,381.00,1214.00,318.64,May 2022 Pricing Master,2026-09-07T07:48:47.421676
8187,355,9,20220501,1895.00,471.00,1424.00,302.34,May 2022 Pricing Master,2026-09-07T07:48:47.421676
8188,354,9,20220501,1895.00,471.00,1424.00,302.34,May 2022 Pricing Master,2026-09-07T07:48:47.421676
8189,353,9,20220501,1895.00,471.00,1424.00,302.34,May 2022 Pricing Master,2026-09-07T07:48:47.421676
8190,356,9,20220501,1895.00,471.00,1424.00,302.34,May 2022 Pricing Master,2026-09-07T07:48:47.421676
8191,351,9,20220501,1895.00,471.00,1424.00,302.34,May 2022 Pricing Master,2026-09-07T07:48:47.421676
8192,352,9,20220501,1895.00,471.00,1424.00,302.34,May 2022 Pricing Master,2026-09-07T07:48:47.421676
8193,343,9,20220501,1895.00,471.00,1424.00,302.34,May 2022 Pricing Master,2026-09-07T07:48:47.421676
8194,342,9,20220501,1895.00,471.00,1424.00,302.34,May 2022 Pricing Master,2026-09-07T07:48:47.421676
8195,341,9,20220501,1895.00,471.00,1424.00,302.34,May 2022 Pricing Master,2026-09-07T07:48:47.421676
8196,344,9,20220501,1895.00,471.00,1424.00,302.34,May 2022 Pricing Master,2026-09-07T07:48:47.421676
8197,339,9,20220501,1895.00,471.00,1424.00,302.34,May 2022 Pricing Master,2026-09-07T07:48:47.421676
8198,340,9,20220501,1895.00,471.00,1424.00,302.34,May 2022 Pricing Master,2026-09-07T07:48:47.421676
8199,349,9,20220501,1895.00,471.00,1424.00,302.34,May 2022 Pricing Master,2026-09-07T07:48:47.421676
8200,348,9,20220501,1895.00,471.00,1424.00,302.34,May 2022 Pricing Master,2026-09-07T07:48:47.421676
8201,347,9,20220501,1895.00,471.00,1424.00,302.34,May 2022 Pricing Master,2026-09-07T07:48:47.421676
8202,350,9,20220501,1895.00,471.00,1424.00,302.34,May 2022 Pricing Master,2026-09-07T07:48:47.421676
8203,345,9,20220501,1895.00,471.00,1424.00,302.34,May 2022 Pricing Master,2026-09-07T07:48:47.421676
8204,346,9,20220501,1895.00,471.00,1424.00,302.34,May 2022 Pricing Master,2026-09-07T07:48:47.421676
8205,373,9,20220501,1595.00,381.00,1214.00,318.64,May 2022 Pricing Master,2026-09-07T07:48:47.421676
8206,372,9,20220501,1595.00,381.00,1214.00,318.64,May 2022 Pricing Master,2026-09-07T07:48:47.421676
8207,371,9,20220501,1595.00,381.00,1214.00,318.64,May 2022 Pricing Master,2026-09-07T07:48:47.421676
8208,374,9,20220501,1595.00,381.00,1214.00,318.64,May 2022 Pricing Master,2026-09-07T07:48:47.421676
8209,369,9,20220501,1595.00,381.00,1214.00,318.64,May 2022 Pricing Master,2026-09-07T07:48:47.421676
8210,370,9,20220501,1595.00,381.00,1214.00,318.64,May 2022 Pricing Master,2026-09-07T07:48:47.421676
8211,385,9,20220501,1195.00,286.00,909.00,317.83,May 2022 Pricing Master,2026-09-07T07:48:47.421676
8212,384,9,20220501,1195.00,286.00,909.00,317.83,May 2022 Pricing Master,2026-09-07T07:48:47.421676
8213,383,9,20220501,1195.00,286.00,909.00,317.83,May 2022 Pricing Master,2026-09-07T07:48:47.421676
8214,386,9,20220501,1195.00,286.00,909.00,317.83,May 2022 Pricing Master,2026-09-07T07:48:47.421676
8215,381,9,20220501,1195.00,286.00,909.00,317.83,May 2022 Pricing Master,2026-09-07T07:48:47.421676
8216,382,9,20220501,1195.00,286.00,909.00,317.83,May 2022 Pricing Master,2026-09-07T07:48:47.421676
8217,325,9,20220501,1595.00,381.00,1214.00,318.64,May 2022 Pricing Master,2026-09-07T07:48:47.421676
8218,324,9,20220501,1595.00,381.00,1214.00,318.64,May 2022 Pricing Master,2026-09-07T07:48:47.421676
8219,323,9,20220501,1595.00,381.00,1214.00,318.64,May 2022 Pricing Master,2026-09-07T07:48:47.421676
8220,326,9,20220501,1595.00,381.00,1214.00,318.64,May 2022 Pricing Master,2026-09-07T07:48:47.421676
8221,321,9,20220501,1595.00,381.00,1214.00,318.64,May 2022 Pricing Master,2026-09-07T07:48:47.421676
8222,322,9,20220501,1595.00,381.00,1214.00,318.64,May 2022 Pricing Master,2026-09-07T07:48:47.421676
8223,295,9,20220501,1995.00,500.00,1495.00,299.00,May 2022 Pricing Master,2026-09-07T07:48:47.421676
8224,294,9,20220501,1995.00,500.00,1495.00,299.00,May 2022 Pricing Master,2026-09-07T07:48:47.421676
8225,293,9,20220501,1995.00,500.00,1495.00,299.00,May 2022 Pricing Master,2026-09-07T07:48:47.421676
8226,296,9,20220501,1995.00,500.00,1495.00,299.00,May 2022 Pricing Master,2026-09-07T07:48:47.421676
8227,291,9,20220501,1995.00,500.00,1495.00,299.00,May 2022 Pricing Master,2026-09-07T07:48:47.421676
8228,292,9,20220501,1995.00,500.00,1495.00,299.00,May 2022 Pricing Master,2026-09-07T07:48:47.421676
8229,258,9,20220501,1895.00,471.00,1424.00,302.34,May 2022 Pricing Master,2026-09-07T07:48:47.421676
8230,257,9,20220501,1895.00,471.00,1424.00,302.34,May 2022 Pricing Master,2026-09-07T07:48:47.421676
8231,256,9,20220501,1895.00,471.00,1424.00,302.34,May 2022 Pricing Master,2026-09-07T07:48:47.421676
8232,259,9,20220501,1895.00,471.00,1424.00,302.34,May 2022 Pricing Master,2026-09-07T07:48:47.421676
8233,254,9,20220501,1895.00,471.00,1424.00,302.34,May 2022 Pricing Master,2026-09-07T07:48:47.421676
8234,255,9,20220501,1895.00,471.00,1424.00,302.34,May 2022 Pricing Master,2026-09-07T07:48:47.421676
8235,361,9,20220501,1595.00,381.00,1214.00,318.64,May 2022 Pricing Master,2026-09-07T07:48:47.421676
8236,360,9,20220501,1595.00,381.00,1214.00,318.64,May 2022 Pricing Master,2026-09-07T07:48:47.421676
8237,359,9,20220501,1595.00,381.00,1214.00,318.64,May 2022 Pricing Master,2026-09-07T07:48:47.421676
8238,362,9,20220501,1595.00,381.00,1214.00,318.64,May 2022 Pricing Master,2026-09-07T07:48:47.421676
8239,357,9,20220501,1595.00,381.00,1214.00,318.64,May 2022 Pricing Master,2026-09-07T07:48:47.421676
8240,358,9,20220501,1595.00,381.00,1214.00,318.64,May 2022 Pricing Master,2026-09-07T07:48:47.421676
8241,429,9,20220501,1595.00,381.00,1214.00,318.64,May 2022 Pricing Master,2026-09-07T07:48:47.421676
8242,428,9,20220501,1595.00,381.00,1214.00,318.64,May 2022 Pricing Master,2026-09-07T07:48:47.421676
8243,427,9,20220501,1595.00,381.00,1214.00,318.64,May 2022 Pricing Master,2026-09-07T07:48:47.421676
8244,430,9,20220501,1595.00,381.00,1214.00,318.64,May 2022 Pricing Master,2026-09-07T07:48:47.421676
8245,425,9,20220501,1595.00,381.00,1214.00,318.64,May 2022 Pricing Master,2026-09-07T07:48:47.421676
8246,426,9,20220501,1595.00,381.00,1214.00,318.64,May 2022 Pricing Master,2026-09-07T07:48:47.421676
8247,42,9,20220501,1595.00,381.00,1214.00,318.64,May 2022 Pricing Master,2026-09-07T07:48:47.421676
8248,41,9,20220501,1595.00,381.00,1214.00,318.64,May 2022 Pricing Master,2026-09-07T07:48:47.421676
8249,40,9,20220501,1595.00,381.00,1214.00,318.64,May 2022 Pricing Master,2026-09-07T07:48:47.421676
8250,43,9,20220501,1595.00,381.00,1214.00,318.64,May 2022 Pricing Master,2026-09-07T07:48:47.421676
8251,38,9,20220501,1595.00,381.00,1214.00,318.64,May 2022 Pricing Master,2026-09-07T07:48:47.421676
8252,39,9,20220501,1595.00,381.00,1214.00,318.64,May 2022 Pricing Master,2026-09-07T07:48:47.421676
8253,56,9,20220501,1595.00,381.00,1214.00,318.64,May 2022 Pricing Master,2026-09-07T07:48:47.421676
8254,55,9,20220501,1595.00,381.00,1214.00,318.64,May 2022 Pricing Master,2026-09-07T07:48:47.421676
8255,54,9,20220501,1595.00,381.00,1214.00,318.64,May 2022 Pricing Master,2026-09-07T07:48:47.421676
8256,57,9,20220501,1595.00,381.00,1214.00,318.64,May 2022 Pricing Master,2026-09-07T07:48:47.421676
8257,52,9,20220501,1595.00,381.00,1214.00,318.64,May 2022 Pricing Master,2026-09-07T07:48:47.421676
8258,53,9,20220501,1595.00,381.00,1214.00,318.64,May 2022 Pricing Master,2026-09-07T07:48:47.421676
8259,92,9,20220501,2395.00,581.00,1814.00,312.22,May 2022 Pricing Master,2026-09-07T07:48:47.421676
8260,91,9,20220501,2395.00,581.00,1814.00,312.22,May 2022 Pricing Master,2026-09-07T07:48:47.421676
8261,90,9,20220501,2395.00,581.00,1814.00,312.22,May 2022 Pricing Master,2026-09-07T07:48:47.421676
8262,93,9,20220501,2395.00,581.00,1814.00,312.22,May 2022 Pricing Master,2026-09-07T07:48:47.421676
8263,88,9,20220501,2395.00,581.00,1814.00,312.22,May 2022 Pricing Master,2026-09-07T07:48:47.421676
8264,89,9,20220501,2395.00,581.00,1814.00,312.22,May 2022 Pricing Master,2026-09-07T07:48:47.421676
8265,68,9,20220501,1595.00,381.00,1214.00,318.64,May 2022 Pricing Master,2026-09-07T07:48:47.421676
8266,67,9,20220501,1595.00,381.00,1214.00,318.64,May 2022 Pricing Master,2026-09-07T07:48:47.421676
8267,66,9,20220501,1595.00,381.00,1214.00,318.64,May 2022 Pricing Master,2026-09-07T07:48:47.421676
8268,69,9,20220501,1595.00,381.00,1214.00,318.64,May 2022 Pricing Master,2026-09-07T07:48:47.421676
8269,64,9,20220501,1595.00,381.00,1214.00,318.64,May 2022 Pricing Master,2026-09-07T07:48:47.421676
8270,65,9,20220501,1595.00,381.00,1214.00,318.64,May 2022 Pricing Master,2026-09-07T07:48:47.421676
8271,194,9,20220501,1895.00,471.00,1424.00,302.34,May 2022 Pricing Master,2026-09-07T07:48:47.421676
8272,193,9,20220501,1895.00,471.00,1424.00,302.34,May 2022 Pricing Master,2026-09-07T07:48:47.421676
8273,192,9,20220501,1895.00,471.00,1424.00,302.34,May 2022 Pricing Master,2026-09-07T07:48:47.421676
8274,195,9,20220501,1895.00,471.00,1424.00,302.34,May 2022 Pricing Master,2026-09-07T07:48:47.421676
8275,190,9,20220501,1895.00,471.00,1424.00,302.34,May 2022 Pricing Master,2026-09-07T07:48:47.421676
8276,191,9,20220501,1895.00,471.00,1424.00,302.34,May 2022 Pricing Master,2026-09-07T07:48:47.421676
8277,619,9,20220501,1895.00,457.00,1438.00,314.66,May 2022 Pricing Master,2026-09-07T07:48:47.421676
8278,618,9,20220501,1895.00,457.00,1438.00,314.66,May 2022 Pricing Master,2026-09-07T07:48:47.421676
8279,617,9,20220501,1895.00,457.00,1438.00,314.66,May 2022 Pricing Master,2026-09-07T07:48:47.421676
8280,620,9,20220501,1895.00,457.00,1438.00,314.66,May 2022 Pricing Master,2026-09-07T07:48:47.421676
8281,615,9,20220501,1895.00,457.00,1438.00,314.66,May 2022 Pricing Master,2026-09-07T07:48:47.421676
8282,616,9,20220501,1895.00,457.00,1438.00,314.66,May 2022 Pricing Master,2026-09-07T07:48:47.421676
8283,703,9,20220501,1695.00,424.00,1271.00,299.76,May 2022 Pricing Master,2026-09-07T07:48:47.421676
8284,702,9,20220501,1695.00,424.00,1271.00,299.76,May 2022 Pricing Master,2026-09-07T07:48:47.421676
8285,701,9,20220501,1695.00,424.00,1271.00,299.76,May 2022 Pricing Master,2026-09-07T07:48:47.421676
8286,704,9,20220501,1695.00,424.00,1271.00,299.76,May 2022 Pricing Master,2026-09-07T07:48:47.421676
8287,699,9,20220501,1695.00,424.00,1271.00,299.76,May 2022 Pricing Master,2026-09-07T07:48:47.421676
8288,700,9,20220501,1695.00,424.00,1271.00,299.76,May 2022 Pricing Master,2026-09-07T07:48:47.421676
8289,866,9,20220501,1695.00,424.00,1271.00,299.76,May 2022 Pricing Master,2026-09-07T07:48:47.421676
8290,865,9,20220501,1695.00,424.00,1271.00,299.76,May 2022 Pricing Master,2026-09-07T07:48:47.421676
8291,864,9,20220501,1695.00,424.00,1271.00,299.76,May 2022 Pricing Master,2026-09-07T07:48:47.421676
8292,867,9,20220501,1695.00,424.00,1271.00,299.76,May 2022 Pricing Master,2026-09-07T07:48:47.421676
8293,862,9,20220501,1695.00,424.00,1271.00,299.76,May 2022 Pricing Master,2026-09-07T07:48:47.421676
8294,863,9,20220501,1695.00,424.00,1271.00,299.76,May 2022 Pricing Master,2026-09-07T07:48:47.421676
8295,49,9,20220501,1995.00,500.00,1495.00,299.00,May 2022 Pricing Master,2026-09-07T07:48:47.421676
8296,51,9,20220501,1995.00,500.00,1495.00,299.00,May 2022 Pricing Master,2026-09-07T07:48:47.421676
8297,48,9,20220501,1995.00,500.00,1495.00,299.00,May 2022 Pricing Master,2026-09-07T07:48:47.421676
8298,47,9,20220501,1995.00,500.00,1495.00,299.00,May 2022 Pricing Master,2026-09-07T07:48:47.421676
8299,50,9,20220501,1995.00,500.00,1495.00,299.00,May 2022 Pricing Master,2026-09-07T07:48:47.421676
8300,45,9,20220501,1995.00,500.00,1495.00,299.00,May 2022 Pricing Master,2026-09-07T07:48:47.421676
8301,46,9,20220501,1995.00,500.00,1495.00,299.00,May 2022 Pricing Master,2026-09-07T07:48:47.421676
8302,871,9,20220501,1895.00,457.00,1438.00,314.66,May 2022 Pricing Master,2026-09-07T07:48:47.421676
8303,872,9,20220501,1895.00,457.00,1438.00,314.66,May 2022 Pricing Master,2026-09-07T07:48:47.421676
8304,870,9,20220501,1895.00,457.00,1438.00,314.66,May 2022 Pricing Master,2026-09-07T07:48:47.421676
8305,873,9,20220501,1895.00,457.00,1438.00,314.66,May 2022 Pricing Master,2026-09-07T07:48:47.421676
8306,868,9,20220501,1895.00,457.00,1438.00,314.66,May 2022 Pricing Master,2026-09-07T07:48:47.421676
8307,869,9,20220501,1895.00,457.00,1438.00,314.66,May 2022 Pricing Master,2026-09-07T07:48:47.421676
8308,878,9,20220501,1695.00,424.00,1271.00,299.76,May 2022 Pricing Master,2026-09-07T07:48:47.421676
8309,877,9,20220501,1695.00,424.00,1271.00,299.76,May 2022 Pricing Master,2026-09-07T07:48:47.421676
8310,876,9,20220501,1695.00,424.00,1271.00,299.76,May 2022 Pricing Master,2026-09-07T07:48:47.421676
8311,879,9,20220501,1695.00,424.00,1271.00,299.76,May 2022 Pricing Master,2026-09-07T07:48:47.421676
8312,874,9,20220501,1695.00,424.00,1271.00,299.76,May 2022 Pricing Master,2026-09-07T07:48:47.421676
8313,875,9,20220501,1695.00,424.00,1271.00,299.76,May 2022 Pricing Master,2026-09-07T07:48:47.421676
8314,489,9,20220501,1795.00,425.00,1370.00,322.35,May 2022 Pricing Master,2026-09-07T07:48:47.421676
8315,488,9,20220501,1795.00,425.00,1370.00,322.35,May 2022 Pricing Master,2026-09-07T07:48:47.421676
8316,487,9,20220501,1795.00,425.00,1370.00,322.35,May 2022 Pricing Master,2026-09-07T07:48:47.421676
8317,490,9,20220501,1795.00,425.00,1370.00,322.35,May 2022 Pricing Master,2026-09-07T07:48:47.421676
8318,485,9,20220501,1795.00,425.00,1370.00,322.35,May 2022 Pricing Master,2026-09-07T07:48:47.421676
8319,486,9,20220501,1795.00,425.00,1370.00,322.35,May 2022 Pricing Master,2026-09-07T07:48:47.421676
8320,471,9,20220501,1795.00,425.00,1370.00,322.35,May 2022 Pricing Master,2026-09-07T07:48:47.421676
8321,470,9,20220501,1795.00,425.00,1370.00,322.35,May 2022 Pricing Master,2026-09-07T07:48:47.421676
8322,469,9,20220501,1795.00,425.00,1370.00,322.35,May 2022 Pricing Master,2026-09-07T07:48:47.421676
8323,472,9,20220501,1795.00,425.00,1370.00,322.35,May 2022 Pricing Master,2026-09-07T07:48:47.421676
8324,467,9,20220501,1795.00,425.00,1370.00,322.35,May 2022 Pricing Master,2026-09-07T07:48:47.421676
8325,468,9,20220501,1795.00,425.00,1370.00,322.35,May 2022 Pricing Master,2026-09-07T07:48:47.421676
8326,902,9,20220501,1795.00,425.00,1370.00,322.35,May 2022 Pricing Master,2026-09-07T07:48:47.421676
8327,901,9,20220501,1795.00,425.00,1370.00,322.35,May 2022 Pricing Master,2026-09-07T07:48:47.421676
8328,900,9,20220501,1795.00,425.00,1370.00,322.35,May 2022 Pricing Master,2026-09-07T07:48:47.421676
8329,903,9,20220501,1795.00,425.00,1370.00,322.35,May 2022 Pricing Master,2026-09-07T07:48:47.421676
8330,898,9,20220501,1795.00,425.00,1370.00,322.35,May 2022 Pricing Master,2026-09-07T07:48:47.421676
8331,899,9,20220501,1795.00,425.00,1370.00,322.35,May 2022 Pricing Master,2026-09-07T07:48:47.421676
8332,495,9,20220501,1695.00,395.00,1300.00,329.11,May 2022 Pricing Master,2026-09-07T07:48:47.421676
8333,494,9,20220501,1695.00,395.00,1300.00,329.11,May 2022 Pricing Master,2026-09-07T07:48:47.421676
8334,493,9,20220501,1695.00,395.00,1300.00,329.11,May 2022 Pricing Master,2026-09-07T07:48:47.421676
8335,496,9,20220501,1695.00,395.00,1300.00,329.11,May 2022 Pricing Master,2026-09-07T07:48:47.421676
8336,491,9,20220501,1695.00,395.00,1300.00,329.11,May 2022 Pricing Master,2026-09-07T07:48:47.421676
8337,492,9,20220501,1695.00,395.00,1300.00,329.11,May 2022 Pricing Master,2026-09-07T07:48:47.421676
8338,525,9,20220501,1695.00,395.00,1300.00,329.11,May 2022 Pricing Master,2026-09-07T07:48:47.421676
8339,524,9,20220501,1695.00,395.00,1300.00,329.11,May 2022 Pricing Master,2026-09-07T07:48:47.421676
8340,523,9,20220501,1695.00,395.00,1300.00,329.11,May 2022 Pricing Master,2026-09-07T07:48:47.421676
8341,526,9,20220501,1695.00,395.00,1300.00,329.11,May 2022 Pricing Master,2026-09-07T07:48:47.421676
8342,521,9,20220501,1695.00,395.00,1300.00,329.11,May 2022 Pricing Master,2026-09-07T07:48:47.421676
8343,522,9,20220501,1695.00,395.00,1300.00,329.11,May 2022 Pricing Master,2026-09-07T07:48:47.421676
8344,477,9,20220501,1695.00,395.00,1300.00,329.11,May 2022 Pricing Master,2026-09-07T07:48:47.421676
8345,476,9,20220501,1695.00,395.00,1300.00,329.11,May 2022 Pricing Master,2026-09-07T07:48:47.421676
8346,475,9,20220501,1695.00,395.00,1300.00,329.11,May 2022 Pricing Master,2026-09-07T07:48:47.421676
8347,478,9,20220501,1695.00,395.00,1300.00,329.11,May 2022 Pricing Master,2026-09-07T07:48:47.421676
8348,473,9,20220501,1695.00,395.00,1300.00,329.11,May 2022 Pricing Master,2026-09-07T07:48:47.421676
8349,474,9,20220501,1695.00,395.00,1300.00,329.11,May 2022 Pricing Master,2026-09-07T07:48:47.421676
8350,465,9,20220501,1695.00,395.00,1300.00,329.11,May 2022 Pricing Master,2026-09-07T07:48:47.421676
8351,464,9,20220501,1695.00,395.00,1300.00,329.11,May 2022 Pricing Master,2026-09-07T07:48:47.421676
8352,463,9,20220501,1695.00,395.00,1300.00,329.11,May 2022 Pricing Master,2026-09-07T07:48:47.421676
8353,466,9,20220501,1695.00,395.00,1300.00,329.11,May 2022 Pricing Master,2026-09-07T07:48:47.421676
8354,461,9,20220501,1695.00,395.00,1300.00,329.11,May 2022 Pricing Master,2026-09-07T07:48:47.421676
8355,462,9,20220501,1695.00,395.00,1300.00,329.11,May 2022 Pricing Master,2026-09-07T07:48:47.421676
8356,501,9,20220501,1695.00,395.00,1300.00,329.11,May 2022 Pricing Master,2026-09-07T07:48:47.421676
8357,500,9,20220501,1695.00,395.00,1300.00,329.11,May 2022 Pricing Master,2026-09-07T07:48:47.421676
8358,499,9,20220501,1695.00,395.00,1300.00,329.11,May 2022 Pricing Master,2026-09-07T07:48:47.421676
8359,502,9,20220501,1695.00,395.00,1300.00,329.11,May 2022 Pricing Master,2026-09-07T07:48:47.421676
8360,497,9,20220501,1695.00,395.00,1300.00,329.11,May 2022 Pricing Master,2026-09-07T07:48:47.421676
8361,498,9,20220501,1695.00,395.00,1300.00,329.11,May 2022 Pricing Master,2026-09-07T07:48:47.421676
8362,564,9,20220501,1695.00,395.00,1300.00,329.11,May 2022 Pricing Master,2026-09-07T07:48:47.421676
8363,563,9,20220501,1695.00,395.00,1300.00,329.11,May 2022 Pricing Master,2026-09-07T07:48:47.421676
8364,562,9,20220501,1695.00,395.00,1300.00,329.11,May 2022 Pricing Master,2026-09-07T07:48:47.421676
8365,565,9,20220501,1695.00,395.00,1300.00,329.11,May 2022 Pricing Master,2026-09-07T07:48:47.421676
8366,560,9,20220501,1695.00,395.00,1300.00,329.11,May 2022 Pricing Master,2026-09-07T07:48:47.421676
8367,561,9,20220501,1695.00,395.00,1300.00,329.11,May 2022 Pricing Master,2026-09-07T07:48:47.421676
8368,589,9,20220501,1695.00,395.00,1300.00,329.11,May 2022 Pricing Master,2026-09-07T07:48:47.421676
8369,588,9,20220501,1695.00,395.00,1300.00,329.11,May 2022 Pricing Master,2026-09-07T07:48:47.421676
8370,587,9,20220501,1695.00,395.00,1300.00,329.11,May 2022 Pricing Master,2026-09-07T07:48:47.421676
8371,590,9,20220501,1695.00,395.00,1300.00,329.11,May 2022 Pricing Master,2026-09-07T07:48:47.421676
8372,585,9,20220501,1695.00,395.00,1300.00,329.11,May 2022 Pricing Master,2026-09-07T07:48:47.421676
8373,586,9,20220501,1695.00,395.00,1300.00,329.11,May 2022 Pricing Master,2026-09-07T07:48:47.421676
8374,519,9,20220501,1795.00,425.00,1370.00,322.35,May 2022 Pricing Master,2026-09-07T07:48:47.421676
8375,518,9,20220501,1795.00,425.00,1370.00,322.35,May 2022 Pricing Master,2026-09-07T07:48:47.421676
8376,517,9,20220501,1795.00,425.00,1370.00,322.35,May 2022 Pricing Master,2026-09-07T07:48:47.421676
8377,520,9,20220501,1795.00,425.00,1370.00,322.35,May 2022 Pricing Master,2026-09-07T07:48:47.421676
8378,515,9,20220501,1795.00,425.00,1370.00,322.35,May 2022 Pricing Master,2026-09-07T07:48:47.421676
8379,516,9,20220501,1795.00,425.00,1370.00,322.35,May 2022 Pricing Master,2026-09-07T07:48:47.421676
8380,584,9,20220501,1695.00,395.00,1300.00,329.11,May 2022 Pricing Master,2026-09-07T07:48:47.421676
8381,582,9,20220501,1695.00,395.00,1300.00,329.11,May 2022 Pricing Master,2026-09-07T07:48:47.421676
8382,581,9,20220501,1695.00,395.00,1300.00,329.11,May 2022 Pricing Master,2026-09-07T07:48:47.421676
8383,580,9,20220501,1695.00,395.00,1300.00,329.11,May 2022 Pricing Master,2026-09-07T07:48:47.421676
8384,583,9,20220501,1695.00,395.00,1300.00,329.11,May 2022 Pricing Master,2026-09-07T07:48:47.421676
8385,578,9,20220501,1695.00,395.00,1300.00,329.11,May 2022 Pricing Master,2026-09-07T07:48:47.421676
8386,579,9,20220501,1695.00,395.00,1300.00,329.11,May 2022 Pricing Master,2026-09-07T07:48:47.421676
8387,545,9,20220501,1695.00,395.00,1300.00,329.11,May 2022 Pricing Master,2026-09-07T07:48:47.421676
8388,544,9,20220501,1695.00,395.00,1300.00,329.11,May 2022 Pricing Master,2026-09-07T07:48:47.421676
8389,543,9,20220501,1695.00,395.00,1300.00,329.11,May 2022 Pricing Master,2026-09-07T07:48:47.421676
8390,546,9,20220501,1695.00,395.00,1300.00,329.11,May 2022 Pricing Master,2026-09-07T07:48:47.421676
8391,541,9,20220501,1695.00,395.00,1300.00,329.11,May 2022 Pricing Master,2026-09-07T07:48:47.421676
8392,542,9,20220501,1695.00,395.00,1300.00,329.11,May 2022 Pricing Master,2026-09-07T07:48:47.421676
8393,402,9,20220501,2795.00,695.00,2100.00,302.16,May 2022 Pricing Master,2026-09-07T07:48:47.421676
8394,401,9,20220501,2795.00,695.00,2100.00,302.16,May 2022 Pricing Master,2026-09-07T07:48:47.421676
8395,400,9,20220501,2795.00,695.00,2100.00,302.16,May 2022 Pricing Master,2026-09-07T07:48:47.421676
8396,403,9,20220501,2795.00,695.00,2100.00,302.16,May 2022 Pricing Master,2026-09-07T07:48:47.421676
8397,399,9,20220501,2795.00,695.00,2100.00,302.16,May 2022 Pricing Master,2026-09-07T07:48:47.421676
8398,413,9,20220501,2795.00,695.00,2100.00,302.16,May 2022 Pricing Master,2026-09-07T07:48:47.421676
8399,412,9,20220501,2795.00,695.00,2100.00,302.16,May 2022 Pricing Master,2026-09-07T07:48:47.421676
8400,411,9,20220501,2795.00,695.00,2100.00,302.16,May 2022 Pricing Master,2026-09-07T07:48:47.421676
8401,414,9,20220501,2795.00,695.00,2100.00,302.16,May 2022 Pricing Master,2026-09-07T07:48:47.421676
8402,410,9,20220501,2795.00,695.00,2100.00,302.16,May 2022 Pricing Master,2026-09-07T07:48:47.421676
8403,418,9,20220501,2795.00,695.00,2100.00,302.16,May 2022 Pricing Master,2026-09-07T07:48:47.421676
8404,417,9,20220501,2795.00,695.00,2100.00,302.16,May 2022 Pricing Master,2026-09-07T07:48:47.421676
8405,416,9,20220501,2795.00,695.00,2100.00,302.16,May 2022 Pricing Master,2026-09-07T07:48:47.421676
8406,419,9,20220501,2795.00,695.00,2100.00,302.16,May 2022 Pricing Master,2026-09-07T07:48:47.421676
8407,415,9,20220501,2795.00,695.00,2100.00,302.16,May 2022 Pricing Master,2026-09-07T07:48:47.421676
8408,423,9,20220501,2795.00,695.00,2100.00,302.16,May 2022 Pricing Master,2026-09-07T07:48:47.421676
8409,422,9,20220501,2795.00,695.00,2100.00,302.16,May 2022 Pricing Master,2026-09-07T07:48:47.421676
8410,421,9,20220501,2795.00,695.00,2100.00,302.16,May 2022 Pricing Master,2026-09-07T07:48:47.421676
8411,424,9,20220501,2795.00,695.00,2100.00,302.16,May 2022 Pricing Master,2026-09-07T07:48:47.421676
8412,420,9,20220501,2795.00,695.00,2100.00,302.16,May 2022 Pricing Master,2026-09-07T07:48:47.421676
8413,986,9,20220501,1695.00,395.00,1300.00,329.11,May 2022 Pricing Master,2026-09-07T07:48:47.421676
8414,985,9,20220501,1695.00,395.00,1300.00,329.11,May 2022 Pricing Master,2026-09-07T07:48:47.421676
8415,984,9,20220501,1695.00,395.00,1300.00,329.11,May 2022 Pricing Master,2026-09-07T07:48:47.421676
8416,987,9,20220501,1695.00,395.00,1300.00,329.11,May 2022 Pricing Master,2026-09-07T07:48:47.421676
8417,982,9,20220501,1695.00,395.00,1300.00,329.11,May 2022 Pricing Master,2026-09-07T07:48:47.421676
8418,983,9,20220501,1695.00,395.00,1300.00,329.11,May 2022 Pricing Master,2026-09-07T07:48:47.421676
8419,992,9,20220501,1695.00,395.00,1300.00,329.11,May 2022 Pricing Master,2026-09-07T07:48:47.421676
8420,991,9,20220501,1695.00,395.00,1300.00,329.11,May 2022 Pricing Master,2026-09-07T07:48:47.421676
8421,990,9,20220501,1695.00,395.00,1300.00,329.11,May 2022 Pricing Master,2026-09-07T07:48:47.421676
8422,993,9,20220501,1695.00,395.00,1300.00,329.11,May 2022 Pricing Master,2026-09-07T07:48:47.421676
8423,988,9,20220501,1695.00,395.00,1300.00,329.11,May 2022 Pricing Master,2026-09-07T07:48:47.421676
8424,989,9,20220501,1695.00,395.00,1300.00,329.11,May 2022 Pricing Master,2026-09-07T07:48:47.421676
8425,998,9,20220501,1695.00,395.00,1300.00,329.11,May 2022 Pricing Master,2026-09-07T07:48:47.421676
8426,997,9,20220501,1695.00,395.00,1300.00,329.11,May 2022 Pricing Master,2026-09-07T07:48:47.421676
8427,996,9,20220501,1695.00,395.00,1300.00,329.11,May 2022 Pricing Master,2026-09-07T07:48:47.421676
8428,999,9,20220501,1695.00,395.00,1300.00,329.11,May 2022 Pricing Master,2026-09-07T07:48:47.421676
8429,994,9,20220501,1695.00,395.00,1300.00,329.11,May 2022 Pricing Master,2026-09-07T07:48:47.421676
8430,995,9,20220501,1695.00,395.00,1300.00,329.11,May 2022 Pricing Master,2026-09-07T07:48:47.421676
8431,1004,9,20220501,1695.00,395.00,1300.00,329.11,May 2022 Pricing Master,2026-09-07T07:48:47.421676
8432,1003,9,20220501,1695.00,395.00,1300.00,329.11,May 2022 Pricing Master,2026-09-07T07:48:47.421676
8433,1002,9,20220501,1695.00,395.00,1300.00,329.11,May 2022 Pricing Master,2026-09-07T07:48:47.421676
8434,1005,9,20220501,1695.00,395.00,1300.00,329.11,May 2022 Pricing Master,2026-09-07T07:48:47.421676
8435,1000,9,20220501,1695.00,395.00,1300.00,329.11,May 2022 Pricing Master,2026-09-07T07:48:47.421676
8436,1001,9,20220501,1695.00,395.00,1300.00,329.11,May 2022 Pricing Master,2026-09-07T07:48:47.421676
8437,1010,9,20220501,1695.00,395.00,1300.00,329.11,May 2022 Pricing Master,2026-09-07T07:48:47.421676
8438,1009,9,20220501,1695.00,395.00,1300.00,329.11,May 2022 Pricing Master,2026-09-07T07:48:47.421676
8439,1008,9,20220501,1695.00,395.00,1300.00,329.11,May 2022 Pricing Master,2026-09-07T07:48:47.421676
8440,1011,9,20220501,1695.00,395.00,1300.00,329.11,May 2022 Pricing Master,2026-09-07T07:48:47.421676
8441,1006,9,20220501,1695.00,395.00,1300.00,329.11,May 2022 Pricing Master,2026-09-07T07:48:47.421676
8442,1007,9,20220501,1695.00,395.00,1300.00,329.11,May 2022 Pricing Master,2026-09-07T07:48:47.421676
8443,1016,9,20220501,1695.00,395.00,1300.00,329.11,May 2022 Pricing Master,2026-09-07T07:48:47.421676
8444,1015,9,20220501,1695.00,395.00,1300.00,329.11,May 2022 Pricing Master,2026-09-07T07:48:47.421676
8445,1014,9,20220501,1695.00,395.00,1300.00,329.11,May 2022 Pricing Master,2026-09-07T07:48:47.421676
8446,1017,9,20220501,1695.00,395.00,1300.00,329.11,May 2022 Pricing Master,2026-09-07T07:48:47.421676
8447,1012,9,20220501,1695.00,395.00,1300.00,329.11,May 2022 Pricing Master,2026-09-07T07:48:47.421676
8448,1013,9,20220501,1695.00,395.00,1300.00,329.11,May 2022 Pricing Master,2026-09-07T07:48:47.421676
8449,1022,9,20220501,1695.00,395.00,1300.00,329.11,May 2022 Pricing Master,2026-09-07T07:48:47.421676
8450,1021,9,20220501,1695.00,395.00,1300.00,329.11,May 2022 Pricing Master,2026-09-07T07:48:47.421676
8451,1020,9,20220501,1695.00,395.00,1300.00,329.11,May 2022 Pricing Master,2026-09-07T07:48:47.421676
8452,1023,9,20220501,1695.00,395.00,1300.00,329.11,May 2022 Pricing Master,2026-09-07T07:48:47.421676
8453,1018,9,20220501,1695.00,395.00,1300.00,329.11,May 2022 Pricing Master,2026-09-07T07:48:47.421676
8454,1019,9,20220501,1695.00,395.00,1300.00,329.11,May 2022 Pricing Master,2026-09-07T07:48:47.421676
8455,1028,9,20220501,1695.00,395.00,1300.00,329.11,May 2022 Pricing Master,2026-09-07T07:48:47.421676
8456,1027,9,20220501,1695.00,395.00,1300.00,329.11,May 2022 Pricing Master,2026-09-07T07:48:47.421676
8457,1026,9,20220501,1695.00,395.00,1300.00,329.11,May 2022 Pricing Master,2026-09-07T07:48:47.421676
8458,1029,9,20220501,1695.00,395.00,1300.00,329.11,May 2022 Pricing Master,2026-09-07T07:48:47.421676
8459,1024,9,20220501,1695.00,395.00,1300.00,329.11,May 2022 Pricing Master,2026-09-07T07:48:47.421676
8460,1025,9,20220501,1695.00,395.00,1300.00,329.11,May 2022 Pricing Master,2026-09-07T07:48:47.421676
8461,1040,9,20220501,1795.00,425.00,1370.00,322.35,May 2022 Pricing Master,2026-09-07T07:48:47.421676
8462,1039,9,20220501,1795.00,425.00,1370.00,322.35,May 2022 Pricing Master,2026-09-07T07:48:47.421676
8463,1038,9,20220501,1795.00,425.00,1370.00,322.35,May 2022 Pricing Master,2026-09-07T07:48:47.421676
8464,1041,9,20220501,1795.00,425.00,1370.00,322.35,May 2022 Pricing Master,2026-09-07T07:48:47.421676
8465,1036,9,20220501,1795.00,425.00,1370.00,322.35,May 2022 Pricing Master,2026-09-07T07:48:47.421676
8466,1037,9,20220501,1795.00,425.00,1370.00,322.35,May 2022 Pricing Master,2026-09-07T07:48:47.421676
8467,158,9,20220501,2495.00,1040.00,1455.00,139.90,May 2022 Pricing Master,2026-09-07T07:48:47.421676
8468,157,9,20220501,2495.00,1040.00,1455.00,139.90,May 2022 Pricing Master,2026-09-07T07:48:47.421676
8469,156,9,20220501,2495.00,1040.00,1455.00,139.90,May 2022 Pricing Master,2026-09-07T07:48:47.421676
8470,159,9,20220501,2495.00,1040.00,1455.00,139.90,May 2022 Pricing Master,2026-09-07T07:48:47.421676
8471,154,9,20220501,2495.00,1040.00,1455.00,139.90,May 2022 Pricing Master,2026-09-07T07:48:47.421676
8472,155,9,20220501,2495.00,1040.00,1455.00,139.90,May 2022 Pricing Master,2026-09-07T07:48:47.421676
8473,146,9,20220501,2495.00,1040.00,1455.00,139.90,May 2022 Pricing Master,2026-09-07T07:48:47.421676
8474,145,9,20220501,2495.00,1040.00,1455.00,139.90,May 2022 Pricing Master,2026-09-07T07:48:47.421676
8475,144,9,20220501,2495.00,1040.00,1455.00,139.90,May 2022 Pricing Master,2026-09-07T07:48:47.421676
8476,147,9,20220501,2495.00,1040.00,1455.00,139.90,May 2022 Pricing Master,2026-09-07T07:48:47.421676
8477,142,9,20220501,2495.00,1040.00,1455.00,139.90,May 2022 Pricing Master,2026-09-07T07:48:47.421676
8478,143,9,20220501,2495.00,1040.00,1455.00,139.90,May 2022 Pricing Master,2026-09-07T07:48:47.421676
8479,98,9,20220501,2495.00,950.00,1545.00,162.63,May 2022 Pricing Master,2026-09-07T07:48:47.421676
8480,97,9,20220501,2495.00,950.00,1545.00,162.63,May 2022 Pricing Master,2026-09-07T07:48:47.421676
8481,96,9,20220501,2495.00,950.00,1545.00,162.63,May 2022 Pricing Master,2026-09-07T07:48:47.421676
8482,99,9,20220501,2495.00,950.00,1545.00,162.63,May 2022 Pricing Master,2026-09-07T07:48:47.421676
8483,94,9,20220501,2495.00,950.00,1545.00,162.63,May 2022 Pricing Master,2026-09-07T07:48:47.421676
8484,95,9,20220501,2495.00,950.00,1545.00,162.63,May 2022 Pricing Master,2026-09-07T07:48:47.421676
8485,176,9,20220501,2150.00,940.00,1210.00,128.72,May 2022 Pricing Master,2026-09-07T07:48:47.421676
8486,175,9,20220501,2150.00,940.00,1210.00,128.72,May 2022 Pricing Master,2026-09-07T07:48:47.421676
8487,174,9,20220501,2150.00,940.00,1210.00,128.72,May 2022 Pricing Master,2026-09-07T07:48:47.421676
8488,177,9,20220501,2150.00,940.00,1210.00,128.72,May 2022 Pricing Master,2026-09-07T07:48:47.421676
8489,172,9,20220501,2150.00,940.00,1210.00,128.72,May 2022 Pricing Master,2026-09-07T07:48:47.421676
8490,173,9,20220501,2150.00,940.00,1210.00,128.72,May 2022 Pricing Master,2026-09-07T07:48:47.421676
8491,182,9,20220501,2250.00,925.00,1325.00,143.24,May 2022 Pricing Master,2026-09-07T07:48:47.421676
8492,181,9,20220501,2250.00,925.00,1325.00,143.24,May 2022 Pricing Master,2026-09-07T07:48:47.421676
8493,180,9,20220501,2250.00,925.00,1325.00,143.24,May 2022 Pricing Master,2026-09-07T07:48:47.421676
8494,183,9,20220501,2250.00,925.00,1325.00,143.24,May 2022 Pricing Master,2026-09-07T07:48:47.421676
8495,178,9,20220501,2250.00,925.00,1325.00,143.24,May 2022 Pricing Master,2026-09-07T07:48:47.421676
8496,179,9,20220501,2250.00,925.00,1325.00,143.24,May 2022 Pricing Master,2026-09-07T07:48:47.421676
8497,74,9,20220501,1995.00,900.00,1095.00,121.67,May 2022 Pricing Master,2026-09-07T07:48:47.421676
8498,73,9,20220501,1995.00,900.00,1095.00,121.67,May 2022 Pricing Master,2026-09-07T07:48:47.421676
8499,72,9,20220501,1995.00,900.00,1095.00,121.67,May 2022 Pricing Master,2026-09-07T07:48:47.421676
8500,75,9,20220501,1995.00,900.00,1095.00,121.67,May 2022 Pricing Master,2026-09-07T07:48:47.421676
8501,70,9,20220501,1995.00,900.00,1095.00,121.67,May 2022 Pricing Master,2026-09-07T07:48:47.421676
8502,71,9,20220501,1995.00,900.00,1095.00,121.67,May 2022 Pricing Master,2026-09-07T07:48:47.421676
8503,301,9,20220501,2695.00,1150.00,1545.00,134.35,May 2022 Pricing Master,2026-09-07T07:48:47.421676
8504,300,9,20220501,2695.00,1150.00,1545.00,134.35,May 2022 Pricing Master,2026-09-07T07:48:47.421676
8505,299,9,20220501,2695.00,1150.00,1545.00,134.35,May 2022 Pricing Master,2026-09-07T07:48:47.421676
8506,302,9,20220501,2695.00,1150.00,1545.00,134.35,May 2022 Pricing Master,2026-09-07T07:48:47.421676
8507,297,9,20220501,2695.00,1150.00,1545.00,134.35,May 2022 Pricing Master,2026-09-07T07:48:47.421676
8508,298,9,20220501,2695.00,1150.00,1545.00,134.35,May 2022 Pricing Master,2026-09-07T07:48:47.421676
8509,307,9,20220501,2695.00,1150.00,1545.00,134.35,May 2022 Pricing Master,2026-09-07T07:48:47.421676
8510,306,9,20220501,2695.00,1150.00,1545.00,134.35,May 2022 Pricing Master,2026-09-07T07:48:47.421676
8511,305,9,20220501,2695.00,1150.00,1545.00,134.35,May 2022 Pricing Master,2026-09-07T07:48:47.421676
8512,308,9,20220501,2695.00,1150.00,1545.00,134.35,May 2022 Pricing Master,2026-09-07T07:48:47.421676
8513,303,9,20220501,2695.00,1150.00,1545.00,134.35,May 2022 Pricing Master,2026-09-07T07:48:47.421676
8514,304,9,20220501,2695.00,1150.00,1545.00,134.35,May 2022 Pricing Master,2026-09-07T07:48:47.421676
8515,242,9,20220501,2150.00,910.00,1240.00,136.26,May 2022 Pricing Master,2026-09-07T07:48:47.421676
8516,241,9,20220501,2150.00,910.00,1240.00,136.26,May 2022 Pricing Master,2026-09-07T07:48:47.421676
8517,240,9,20220501,2150.00,910.00,1240.00,136.26,May 2022 Pricing Master,2026-09-07T07:48:47.421676
8518,243,9,20220501,2150.00,910.00,1240.00,136.26,May 2022 Pricing Master,2026-09-07T07:48:47.421676
8519,238,9,20220501,2150.00,910.00,1240.00,136.26,May 2022 Pricing Master,2026-09-07T07:48:47.421676
8520,239,9,20220501,2150.00,910.00,1240.00,136.26,May 2022 Pricing Master,2026-09-07T07:48:47.421676
8521,460,9,20220501,1595.00,361.00,1234.00,341.83,May 2022 Pricing Master,2026-09-07T07:48:47.421676
8522,458,9,20220501,1595.00,361.00,1234.00,341.83,May 2022 Pricing Master,2026-09-07T07:48:47.421676
8523,457,9,20220501,1595.00,361.00,1234.00,341.83,May 2022 Pricing Master,2026-09-07T07:48:47.421676
8524,456,9,20220501,1595.00,361.00,1234.00,341.83,May 2022 Pricing Master,2026-09-07T07:48:47.421676
8525,459,9,20220501,1595.00,361.00,1234.00,341.83,May 2022 Pricing Master,2026-09-07T07:48:47.421676
8526,855,9,20220501,1695.00,375.00,1320.00,352.00,May 2022 Pricing Master,2026-09-07T07:48:47.421676
8527,853,9,20220501,1695.00,375.00,1320.00,352.00,May 2022 Pricing Master,2026-09-07T07:48:47.421676
8528,852,9,20220501,1695.00,375.00,1320.00,352.00,May 2022 Pricing Master,2026-09-07T07:48:47.421676
8529,851,9,20220501,1695.00,375.00,1320.00,352.00,May 2022 Pricing Master,2026-09-07T07:48:47.421676
8530,854,9,20220501,1695.00,375.00,1320.00,352.00,May 2022 Pricing Master,2026-09-07T07:48:47.421676
8531,595,9,20220501,1795.00,435.00,1360.00,312.64,May 2022 Pricing Master,2026-09-07T07:48:47.421676
8532,594,9,20220501,1795.00,435.00,1360.00,312.64,May 2022 Pricing Master,2026-09-07T07:48:47.421676
8533,593,9,20220501,1795.00,435.00,1360.00,312.64,May 2022 Pricing Master,2026-09-07T07:48:47.421676
8534,596,9,20220501,1795.00,435.00,1360.00,312.64,May 2022 Pricing Master,2026-09-07T07:48:47.421676
8535,591,9,20220501,1795.00,435.00,1360.00,312.64,May 2022 Pricing Master,2026-09-07T07:48:47.421676
8536,592,9,20220501,1795.00,435.00,1360.00,312.64,May 2022 Pricing Master,2026-09-07T07:48:47.421676
8537,435,9,20220501,1695.00,395.00,1300.00,329.11,May 2022 Pricing Master,2026-09-07T07:48:47.421676
8538,433,9,20220501,1695.00,395.00,1300.00,329.11,May 2022 Pricing Master,2026-09-07T07:48:47.421676
8539,432,9,20220501,1695.00,395.00,1300.00,329.11,May 2022 Pricing Master,2026-09-07T07:48:47.421676
8540,431,9,20220501,1695.00,395.00,1300.00,329.11,May 2022 Pricing Master,2026-09-07T07:48:47.421676
8541,434,9,20220501,1695.00,395.00,1300.00,329.11,May 2022 Pricing Master,2026-09-07T07:48:47.421676
8542,445,9,20220501,1795.00,425.00,1370.00,322.35,May 2022 Pricing Master,2026-09-07T07:48:47.421676
8543,443,9,20220501,1795.00,425.00,1370.00,322.35,May 2022 Pricing Master,2026-09-07T07:48:47.421676
8544,442,9,20220501,1795.00,425.00,1370.00,322.35,May 2022 Pricing Master,2026-09-07T07:48:47.421676
8545,441,9,20220501,1795.00,425.00,1370.00,322.35,May 2022 Pricing Master,2026-09-07T07:48:47.421676
8546,444,9,20220501,1795.00,425.00,1370.00,322.35,May 2022 Pricing Master,2026-09-07T07:48:47.421676
8547,450,9,20220501,1895.00,450.00,1445.00,321.11,May 2022 Pricing Master,2026-09-07T07:48:47.421676
8548,448,9,20220501,1895.00,450.00,1445.00,321.11,May 2022 Pricing Master,2026-09-07T07:48:47.421676
8549,447,9,20220501,1895.00,450.00,1445.00,321.11,May 2022 Pricing Master,2026-09-07T07:48:47.421676
8550,446,9,20220501,1895.00,450.00,1445.00,321.11,May 2022 Pricing Master,2026-09-07T07:48:47.421676
8551,449,9,20220501,1895.00,450.00,1445.00,321.11,May 2022 Pricing Master,2026-09-07T07:48:47.421676
8552,455,9,20220501,1795.00,415.00,1380.00,332.53,May 2022 Pricing Master,2026-09-07T07:48:47.421676
8553,453,9,20220501,1795.00,415.00,1380.00,332.53,May 2022 Pricing Master,2026-09-07T07:48:47.421676
8554,452,9,20220501,1795.00,415.00,1380.00,332.53,May 2022 Pricing Master,2026-09-07T07:48:47.421676
8555,451,9,20220501,1795.00,415.00,1380.00,332.53,May 2022 Pricing Master,2026-09-07T07:48:47.421676
8556,454,9,20220501,1795.00,415.00,1380.00,332.53,May 2022 Pricing Master,2026-09-07T07:48:47.421676
8557,264,9,20220501,1895.00,825.00,1070.00,129.70,May 2022 Pricing Master,2026-09-07T07:48:47.421676
8558,263,9,20220501,1895.00,825.00,1070.00,129.70,May 2022 Pricing Master,2026-09-07T07:48:47.421676
8559,262,9,20220501,1895.00,825.00,1070.00,129.70,May 2022 Pricing Master,2026-09-07T07:48:47.421676
8560,265,9,20220501,1895.00,825.00,1070.00,129.70,May 2022 Pricing Master,2026-09-07T07:48:47.421676
8561,260,9,20220501,1895.00,825.00,1070.00,129.70,May 2022 Pricing Master,2026-09-07T07:48:47.421676
8562,261,9,20220501,1895.00,825.00,1070.00,129.70,May 2022 Pricing Master,2026-09-07T07:48:47.421676
8563,134,9,20220501,2495.00,950.00,1545.00,162.63,May 2022 Pricing Master,2026-09-07T07:48:47.421676
8564,133,9,20220501,2495.00,950.00,1545.00,162.63,May 2022 Pricing Master,2026-09-07T07:48:47.421676
8565,132,9,20220501,2495.00,950.00,1545.00,162.63,May 2022 Pricing Master,2026-09-07T07:48:47.421676
8566,135,9,20220501,2495.00,950.00,1545.00,162.63,May 2022 Pricing Master,2026-09-07T07:48:47.421676
8567,130,9,20220501,2495.00,950.00,1545.00,162.63,May 2022 Pricing Master,2026-09-07T07:48:47.421676
8568,131,9,20220501,2495.00,950.00,1545.00,162.63,May 2022 Pricing Master,2026-09-07T07:48:47.421676
8569,164,9,20220501,2195.00,895.00,1300.00,145.25,May 2022 Pricing Master,2026-09-07T07:48:47.421676
8570,163,9,20220501,2195.00,895.00,1300.00,145.25,May 2022 Pricing Master,2026-09-07T07:48:47.421676
8571,162,9,20220501,2195.00,895.00,1300.00,145.25,May 2022 Pricing Master,2026-09-07T07:48:47.421676
8572,165,9,20220501,2195.00,895.00,1300.00,145.25,May 2022 Pricing Master,2026-09-07T07:48:47.421676
8573,160,9,20220501,2195.00,895.00,1300.00,145.25,May 2022 Pricing Master,2026-09-07T07:48:47.421676
8574,161,9,20220501,2195.00,895.00,1300.00,145.25,May 2022 Pricing Master,2026-09-07T07:48:47.421676
8575,188,9,20220501,2050.00,875.00,1175.00,134.29,May 2022 Pricing Master,2026-09-07T07:48:47.421676
8576,187,9,20220501,2050.00,875.00,1175.00,134.29,May 2022 Pricing Master,2026-09-07T07:48:47.421676
8577,186,9,20220501,2050.00,875.00,1175.00,134.29,May 2022 Pricing Master,2026-09-07T07:48:47.421676
8578,189,9,20220501,2050.00,875.00,1175.00,134.29,May 2022 Pricing Master,2026-09-07T07:48:47.421676
8579,184,9,20220501,2050.00,875.00,1175.00,134.29,May 2022 Pricing Master,2026-09-07T07:48:47.421676
8580,185,9,20220501,2050.00,875.00,1175.00,134.29,May 2022 Pricing Master,2026-09-07T07:48:47.421676
8581,170,9,20220501,2395.00,1050.00,1345.00,128.10,May 2022 Pricing Master,2026-09-07T07:48:47.421676
8582,169,9,20220501,2395.00,1050.00,1345.00,128.10,May 2022 Pricing Master,2026-09-07T07:48:47.421676
8583,168,9,20220501,2395.00,1050.00,1345.00,128.10,May 2022 Pricing Master,2026-09-07T07:48:47.421676
8584,171,9,20220501,2395.00,1050.00,1345.00,128.10,May 2022 Pricing Master,2026-09-07T07:48:47.421676
8585,166,9,20220501,2395.00,1050.00,1345.00,128.10,May 2022 Pricing Master,2026-09-07T07:48:47.421676
8586,167,9,20220501,2395.00,1050.00,1345.00,128.10,May 2022 Pricing Master,2026-09-07T07:48:47.421676
8587,282,9,20220501,1895.00,510.00,1385.00,271.57,May 2022 Pricing Master,2026-09-07T07:48:47.421676
8588,281,9,20220501,1895.00,510.00,1385.00,271.57,May 2022 Pricing Master,2026-09-07T07:48:47.421676
8589,280,9,20220501,1895.00,510.00,1385.00,271.57,May 2022 Pricing Master,2026-09-07T07:48:47.421676
8590,283,9,20220501,1895.00,510.00,1385.00,271.57,May 2022 Pricing Master,2026-09-07T07:48:47.421676
8591,278,9,20220501,1895.00,510.00,1385.00,271.57,May 2022 Pricing Master,2026-09-07T07:48:47.421676
8592,279,9,20220501,1895.00,510.00,1385.00,271.57,May 2022 Pricing Master,2026-09-07T07:48:47.421676
8593,218,9,20220501,1895.00,825.00,1070.00,129.70,May 2022 Pricing Master,2026-09-07T07:48:47.421676
8594,217,9,20220501,1895.00,825.00,1070.00,129.70,May 2022 Pricing Master,2026-09-07T07:48:47.421676
8595,216,9,20220501,1895.00,825.00,1070.00,129.70,May 2022 Pricing Master,2026-09-07T07:48:47.421676
8596,219,9,20220501,1895.00,825.00,1070.00,129.70,May 2022 Pricing Master,2026-09-07T07:48:47.421676
8597,214,9,20220501,1895.00,825.00,1070.00,129.70,May 2022 Pricing Master,2026-09-07T07:48:47.421676
8598,215,9,20220501,1895.00,825.00,1070.00,129.70,May 2022 Pricing Master,2026-09-07T07:48:47.421676
8599,212,9,20220501,1995.00,845.00,1150.00,136.09,May 2022 Pricing Master,2026-09-07T07:48:47.421676
8600,211,9,20220501,1995.00,845.00,1150.00,136.09,May 2022 Pricing Master,2026-09-07T07:48:47.421676
8601,210,9,20220501,1995.00,845.00,1150.00,136.09,May 2022 Pricing Master,2026-09-07T07:48:47.421676
8602,213,9,20220501,1995.00,845.00,1150.00,136.09,May 2022 Pricing Master,2026-09-07T07:48:47.421676
8603,208,9,20220501,1995.00,845.00,1150.00,136.09,May 2022 Pricing Master,2026-09-07T07:48:47.421676
8604,209,9,20220501,1995.00,845.00,1150.00,136.09,May 2022 Pricing Master,2026-09-07T07:48:47.421676
8605,116,9,20220501,1895.00,695.00,1200.00,172.66,May 2022 Pricing Master,2026-09-07T07:48:47.421676
8606,115,9,20220501,1895.00,695.00,1200.00,172.66,May 2022 Pricing Master,2026-09-07T07:48:47.421676
8607,114,9,20220501,1895.00,695.00,1200.00,172.66,May 2022 Pricing Master,2026-09-07T07:48:47.421676
8608,117,9,20220501,1895.00,695.00,1200.00,172.66,May 2022 Pricing Master,2026-09-07T07:48:47.421676
8609,112,9,20220501,1895.00,695.00,1200.00,172.66,May 2022 Pricing Master,2026-09-07T07:48:47.421676
8610,113,9,20220501,1895.00,695.00,1200.00,172.66,May 2022 Pricing Master,2026-09-07T07:48:47.421676
8611,206,9,20220501,2595.00,1140.00,1455.00,127.63,May 2022 Pricing Master,2026-09-07T07:48:47.421676
8612,205,9,20220501,2595.00,1140.00,1455.00,127.63,May 2022 Pricing Master,2026-09-07T07:48:47.421676
8613,204,9,20220501,2595.00,1140.00,1455.00,127.63,May 2022 Pricing Master,2026-09-07T07:48:47.421676
8614,207,9,20220501,2595.00,1140.00,1455.00,127.63,May 2022 Pricing Master,2026-09-07T07:48:47.421676
8615,202,9,20220501,2595.00,1140.00,1455.00,127.63,May 2022 Pricing Master,2026-09-07T07:48:47.421676
8616,203,9,20220501,2595.00,1140.00,1455.00,127.63,May 2022 Pricing Master,2026-09-07T07:48:47.421676
8617,200,9,20220501,2295.00,980.00,1315.00,134.18,May 2022 Pricing Master,2026-09-07T07:48:47.421676
8618,199,9,20220501,2295.00,980.00,1315.00,134.18,May 2022 Pricing Master,2026-09-07T07:48:47.421676
8619,198,9,20220501,2295.00,980.00,1315.00,134.18,May 2022 Pricing Master,2026-09-07T07:48:47.421676
8620,201,9,20220501,2295.00,980.00,1315.00,134.18,May 2022 Pricing Master,2026-09-07T07:48:47.421676
8621,196,9,20220501,2295.00,980.00,1315.00,134.18,May 2022 Pricing Master,2026-09-07T07:48:47.421676
8622,197,9,20220501,2295.00,980.00,1315.00,134.18,May 2022 Pricing Master,2026-09-07T07:48:47.421676
8623,128,9,20220501,2495.00,950.00,1545.00,162.63,May 2022 Pricing Master,2026-09-07T07:48:47.421676
8624,127,9,20220501,2495.00,950.00,1545.00,162.63,May 2022 Pricing Master,2026-09-07T07:48:47.421676
8625,126,9,20220501,2495.00,950.00,1545.00,162.63,May 2022 Pricing Master,2026-09-07T07:48:47.421676
8626,129,9,20220501,2495.00,950.00,1545.00,162.63,May 2022 Pricing Master,2026-09-07T07:48:47.421676
8627,124,9,20220501,2495.00,950.00,1545.00,162.63,May 2022 Pricing Master,2026-09-07T07:48:47.421676
8628,125,9,20220501,2495.00,950.00,1545.00,162.63,May 2022 Pricing Master,2026-09-07T07:48:47.421676
8629,1093,9,20220501,2795.00,680.00,2115.00,311.03,May 2022 Pricing Master,2026-09-07T07:48:47.421676
8630,1092,9,20220501,2795.00,680.00,2115.00,311.03,May 2022 Pricing Master,2026-09-07T07:48:47.421676
8631,1091,9,20220501,2795.00,680.00,2115.00,311.03,May 2022 Pricing Master,2026-09-07T07:48:47.421676
8632,1094,9,20220501,2795.00,680.00,2115.00,311.03,May 2022 Pricing Master,2026-09-07T07:48:47.421676
8633,1089,9,20220501,2795.00,680.00,2115.00,311.03,May 2022 Pricing Master,2026-09-07T07:48:47.421676
8634,1090,9,20220501,2795.00,680.00,2115.00,311.03,May 2022 Pricing Master,2026-09-07T07:48:47.421676
8635,1087,9,20220501,2795.00,680.00,2115.00,311.03,May 2022 Pricing Master,2026-09-07T07:48:47.421676
8636,1086,9,20220501,2795.00,680.00,2115.00,311.03,May 2022 Pricing Master,2026-09-07T07:48:47.421676
8637,1085,9,20220501,2795.00,680.00,2115.00,311.03,May 2022 Pricing Master,2026-09-07T07:48:47.421676
8638,1088,9,20220501,2795.00,680.00,2115.00,311.03,May 2022 Pricing Master,2026-09-07T07:48:47.421676
8639,1083,9,20220501,2795.00,680.00,2115.00,311.03,May 2022 Pricing Master,2026-09-07T07:48:47.421676
8640,1084,9,20220501,2795.00,680.00,2115.00,311.03,May 2022 Pricing Master,2026-09-07T07:48:47.421676
8641,1081,9,20220501,2795.00,680.00,2115.00,311.03,May 2022 Pricing Master,2026-09-07T07:48:47.421676
8642,1080,9,20220501,2795.00,680.00,2115.00,311.03,May 2022 Pricing Master,2026-09-07T07:48:47.421676
8643,1079,9,20220501,2795.00,680.00,2115.00,311.03,May 2022 Pricing Master,2026-09-07T07:48:47.421676
8644,1082,9,20220501,2795.00,680.00,2115.00,311.03,May 2022 Pricing Master,2026-09-07T07:48:47.421676
8645,1077,9,20220501,2795.00,680.00,2115.00,311.03,May 2022 Pricing Master,2026-09-07T07:48:47.421676
8646,1078,9,20220501,2795.00,680.00,2115.00,311.03,May 2022 Pricing Master,2026-09-07T07:48:47.421676
8647,1075,9,20220501,2795.00,680.00,2115.00,311.03,May 2022 Pricing Master,2026-09-07T07:48:47.421676
8648,1074,9,20220501,2795.00,680.00,2115.00,311.03,May 2022 Pricing Master,2026-09-07T07:48:47.421676
8649,1073,9,20220501,2795.00,680.00,2115.00,311.03,May 2022 Pricing Master,2026-09-07T07:48:47.421676
8650,1076,9,20220501,2795.00,680.00,2115.00,311.03,May 2022 Pricing Master,2026-09-07T07:48:47.421676
8651,1071,9,20220501,2795.00,680.00,2115.00,311.03,May 2022 Pricing Master,2026-09-07T07:48:47.421676
8652,1072,9,20220501,2795.00,680.00,2115.00,311.03,May 2022 Pricing Master,2026-09-07T07:48:47.421676
8653,1058,9,20220501,1995.00,425.00,1570.00,369.41,May 2022 Pricing Master,2026-09-07T07:48:47.421676
8654,1057,9,20220501,1995.00,425.00,1570.00,369.41,May 2022 Pricing Master,2026-09-07T07:48:47.421676
8655,1056,9,20220501,1995.00,425.00,1570.00,369.41,May 2022 Pricing Master,2026-09-07T07:48:47.421676
8656,1059,9,20220501,1995.00,425.00,1570.00,369.41,May 2022 Pricing Master,2026-09-07T07:48:47.421676
8657,1054,9,20220501,1995.00,425.00,1570.00,369.41,May 2022 Pricing Master,2026-09-07T07:48:47.421676
8658,1055,9,20220501,1995.00,425.00,1570.00,369.41,May 2022 Pricing Master,2026-09-07T07:48:47.421676
8659,483,9,20220501,1995.00,425.00,1570.00,369.41,May 2022 Pricing Master,2026-09-07T07:48:47.421676
8660,482,9,20220501,1995.00,425.00,1570.00,369.41,May 2022 Pricing Master,2026-09-07T07:48:47.421676
8661,481,9,20220501,1995.00,425.00,1570.00,369.41,May 2022 Pricing Master,2026-09-07T07:48:47.421676
8662,484,9,20220501,1995.00,425.00,1570.00,369.41,May 2022 Pricing Master,2026-09-07T07:48:47.421676
8663,479,9,20220501,1995.00,425.00,1570.00,369.41,May 2022 Pricing Master,2026-09-07T07:48:47.421676
8664,480,9,20220501,1995.00,425.00,1570.00,369.41,May 2022 Pricing Master,2026-09-07T07:48:47.421676
8665,558,9,20220501,1995.00,425.00,1570.00,369.41,May 2022 Pricing Master,2026-09-07T07:48:47.421676
8666,557,9,20220501,1995.00,425.00,1570.00,369.41,May 2022 Pricing Master,2026-09-07T07:48:47.421676
8667,556,9,20220501,1995.00,425.00,1570.00,369.41,May 2022 Pricing Master,2026-09-07T07:48:47.421676
8668,559,9,20220501,1995.00,425.00,1570.00,369.41,May 2022 Pricing Master,2026-09-07T07:48:47.421676
8669,553,9,20220501,1995.00,425.00,1570.00,369.41,May 2022 Pricing Master,2026-09-07T07:48:47.421676
8670,555,9,20220501,1995.00,425.00,1570.00,369.41,May 2022 Pricing Master,2026-09-07T07:48:47.421676
8671,1069,9,20220501,1195.00,220.00,975.00,443.18,May 2022 Pricing Master,2026-09-07T07:48:47.421676
8672,1068,9,20220501,1195.00,220.00,975.00,443.18,May 2022 Pricing Master,2026-09-07T07:48:47.421676
8673,1067,9,20220501,1195.00,220.00,975.00,443.18,May 2022 Pricing Master,2026-09-07T07:48:47.421676
8674,1070,9,20220501,1195.00,220.00,975.00,443.18,May 2022 Pricing Master,2026-09-07T07:48:47.421676
8675,1066,9,20220501,1195.00,220.00,975.00,443.18,May 2022 Pricing Master,2026-09-07T07:48:47.421676
8676,289,9,20220501,1250.00,525.00,725.00,138.10,May 2022 Pricing Master,2026-09-07T07:48:47.421676
8677,288,9,20220501,1250.00,525.00,725.00,138.10,May 2022 Pricing Master,2026-09-07T07:48:47.421676
8678,287,9,20220501,1250.00,525.00,725.00,138.10,May 2022 Pricing Master,2026-09-07T07:48:47.421676
8679,290,9,20220501,1250.00,525.00,725.00,138.10,May 2022 Pricing Master,2026-09-07T07:48:47.421676
8680,285,9,20220501,1250.00,525.00,725.00,138.10,May 2022 Pricing Master,2026-09-07T07:48:47.421676
8681,286,9,20220501,1250.00,525.00,725.00,138.10,May 2022 Pricing Master,2026-09-07T07:48:47.421676
8682,104,9,20220501,1895.00,880.00,1015.00,115.34,May 2022 Pricing Master,2026-09-07T07:48:47.421676
8683,103,9,20220501,1895.00,880.00,1015.00,115.34,May 2022 Pricing Master,2026-09-07T07:48:47.421676
8684,102,9,20220501,1895.00,880.00,1015.00,115.34,May 2022 Pricing Master,2026-09-07T07:48:47.421676
8685,105,9,20220501,1895.00,880.00,1015.00,115.34,May 2022 Pricing Master,2026-09-07T07:48:47.421676
8686,100,9,20220501,1895.00,880.00,1015.00,115.34,May 2022 Pricing Master,2026-09-07T07:48:47.421676
8687,101,9,20220501,1895.00,880.00,1015.00,115.34,May 2022 Pricing Master,2026-09-07T07:48:47.421676
8688,1034,9,20220501,1995.00,425.00,1570.00,369.41,May 2022 Pricing Master,2026-09-07T07:48:47.421676
8689,1033,9,20220501,1995.00,425.00,1570.00,369.41,May 2022 Pricing Master,2026-09-07T07:48:47.421676
8690,1032,9,20220501,1995.00,425.00,1570.00,369.41,May 2022 Pricing Master,2026-09-07T07:48:47.421676
8691,1035,9,20220501,1995.00,425.00,1570.00,369.41,May 2022 Pricing Master,2026-09-07T07:48:47.421676
8692,1030,9,20220501,1995.00,425.00,1570.00,369.41,May 2022 Pricing Master,2026-09-07T07:48:47.421676
8693,1031,9,20220501,1995.00,425.00,1570.00,369.41,May 2022 Pricing Master,2026-09-07T07:48:47.421676
8694,1046,9,20220501,1895.00,410.00,1485.00,362.20,May 2022 Pricing Master,2026-09-07T07:48:47.421676
8695,1045,9,20220501,1895.00,410.00,1485.00,362.20,May 2022 Pricing Master,2026-09-07T07:48:47.421676
8696,1044,9,20220501,1895.00,410.00,1485.00,362.20,May 2022 Pricing Master,2026-09-07T07:48:47.421676
8697,1047,9,20220501,1895.00,410.00,1485.00,362.20,May 2022 Pricing Master,2026-09-07T07:48:47.421676
8698,1042,9,20220501,1895.00,410.00,1485.00,362.20,May 2022 Pricing Master,2026-09-07T07:48:47.421676
8699,1043,9,20220501,1895.00,410.00,1485.00,362.20,May 2022 Pricing Master,2026-09-07T07:48:47.421676
8700,1052,9,20220501,1895.00,410.00,1485.00,362.20,May 2022 Pricing Master,2026-09-07T07:48:47.421676
8701,1051,9,20220501,1895.00,410.00,1485.00,362.20,May 2022 Pricing Master,2026-09-07T07:48:47.421676
8702,1050,9,20220501,1895.00,410.00,1485.00,362.20,May 2022 Pricing Master,2026-09-07T07:48:47.421676
8703,1053,9,20220501,1895.00,410.00,1485.00,362.20,May 2022 Pricing Master,2026-09-07T07:48:47.421676
8704,1048,9,20220501,1895.00,410.00,1485.00,362.20,May 2022 Pricing Master,2026-09-07T07:48:47.421676
8705,1049,9,20220501,1895.00,410.00,1485.00,362.20,May 2022 Pricing Master,2026-09-07T07:48:47.421676
8706,507,9,20220501,1895.00,395.00,1500.00,379.75,May 2022 Pricing Master,2026-09-07T07:48:47.421676
8707,506,9,20220501,1895.00,395.00,1500.00,379.75,May 2022 Pricing Master,2026-09-07T07:48:47.421676
8708,505,9,20220501,1895.00,395.00,1500.00,379.75,May 2022 Pricing Master,2026-09-07T07:48:47.421676
8709,508,9,20220501,1895.00,395.00,1500.00,379.75,May 2022 Pricing Master,2026-09-07T07:48:47.421676
8710,503,9,20220501,1895.00,395.00,1500.00,379.75,May 2022 Pricing Master,2026-09-07T07:48:47.421676
8711,504,9,20220501,1895.00,395.00,1500.00,379.75,May 2022 Pricing Master,2026-09-07T07:48:47.421676
8712,513,9,20220501,1895.00,395.00,1500.00,379.75,May 2022 Pricing Master,2026-09-07T07:48:47.421676
8713,512,9,20220501,1895.00,395.00,1500.00,379.75,May 2022 Pricing Master,2026-09-07T07:48:47.421676
8714,511,9,20220501,1895.00,395.00,1500.00,379.75,May 2022 Pricing Master,2026-09-07T07:48:47.421676
8715,514,9,20220501,1895.00,395.00,1500.00,379.75,May 2022 Pricing Master,2026-09-07T07:48:47.421676
8716,509,9,20220501,1895.00,395.00,1500.00,379.75,May 2022 Pricing Master,2026-09-07T07:48:47.421676
8717,510,9,20220501,1895.00,395.00,1500.00,379.75,May 2022 Pricing Master,2026-09-07T07:48:47.421676
8718,576,9,20220501,1895.00,395.00,1500.00,379.75,May 2022 Pricing Master,2026-09-07T07:48:47.421676
8719,575,9,20220501,1895.00,395.00,1500.00,379.75,May 2022 Pricing Master,2026-09-07T07:48:47.421676
8720,574,9,20220501,1895.00,395.00,1500.00,379.75,May 2022 Pricing Master,2026-09-07T07:48:47.421676
8721,577,9,20220501,1895.00,395.00,1500.00,379.75,May 2022 Pricing Master,2026-09-07T07:48:47.421676
8722,572,9,20220501,1895.00,395.00,1500.00,379.75,May 2022 Pricing Master,2026-09-07T07:48:47.421676
8723,573,9,20220501,1895.00,395.00,1500.00,379.75,May 2022 Pricing Master,2026-09-07T07:48:47.421676
8724,570,9,20220501,1895.00,385.00,1510.00,392.21,May 2022 Pricing Master,2026-09-07T07:48:47.421676
8725,569,9,20220501,1895.00,385.00,1510.00,392.21,May 2022 Pricing Master,2026-09-07T07:48:47.421676
8726,568,9,20220501,1895.00,385.00,1510.00,392.21,May 2022 Pricing Master,2026-09-07T07:48:47.421676
8727,571,9,20220501,1895.00,385.00,1510.00,392.21,May 2022 Pricing Master,2026-09-07T07:48:47.421676
8728,566,9,20220501,1895.00,385.00,1510.00,392.21,May 2022 Pricing Master,2026-09-07T07:48:47.421676
8729,567,9,20220501,1895.00,385.00,1510.00,392.21,May 2022 Pricing Master,2026-09-07T07:48:47.421676
8730,531,9,20220501,1895.00,385.00,1510.00,392.21,May 2022 Pricing Master,2026-09-07T07:48:47.421676
8731,530,9,20220501,1895.00,385.00,1510.00,392.21,May 2022 Pricing Master,2026-09-07T07:48:47.421676
8732,529,9,20220501,1895.00,385.00,1510.00,392.21,May 2022 Pricing Master,2026-09-07T07:48:47.421676
8733,532,9,20220501,1895.00,385.00,1510.00,392.21,May 2022 Pricing Master,2026-09-07T07:48:47.421676
8734,527,9,20220501,1895.00,385.00,1510.00,392.21,May 2022 Pricing Master,2026-09-07T07:48:47.421676
8735,528,9,20220501,1895.00,385.00,1510.00,392.21,May 2022 Pricing Master,2026-09-07T07:48:47.421676
8736,1064,9,20220501,1395.00,220.00,1175.00,534.09,May 2022 Pricing Master,2026-09-07T07:48:47.421676
8737,1063,9,20220501,1395.00,220.00,1175.00,534.09,May 2022 Pricing Master,2026-09-07T07:48:47.421676
8738,1062,9,20220501,1395.00,220.00,1175.00,534.09,May 2022 Pricing Master,2026-09-07T07:48:47.421676
8739,1065,9,20220501,1395.00,220.00,1175.00,534.09,May 2022 Pricing Master,2026-09-07T07:48:47.421676
8740,1060,9,20220501,1395.00,220.00,1175.00,534.09,May 2022 Pricing Master,2026-09-07T07:48:47.421676
8741,1061,9,20220501,1395.00,220.00,1175.00,534.09,May 2022 Pricing Master,2026-09-07T07:48:47.421676
8742,140,9,20220501,2095.00,500.00,1595.00,319.00,May 2022 Pricing Master,2026-09-07T07:48:47.421676
8743,139,9,20220501,2095.00,500.00,1595.00,319.00,May 2022 Pricing Master,2026-09-07T07:48:47.421676
8744,138,9,20220501,2095.00,500.00,1595.00,319.00,May 2022 Pricing Master,2026-09-07T07:48:47.421676
8745,141,9,20220501,2095.00,500.00,1595.00,319.00,May 2022 Pricing Master,2026-09-07T07:48:47.421676
8746,136,9,20220501,2095.00,500.00,1595.00,319.00,May 2022 Pricing Master,2026-09-07T07:48:47.421676
8747,137,9,20220501,2095.00,500.00,1595.00,319.00,May 2022 Pricing Master,2026-09-07T07:48:47.421676
8748,230,9,20220501,2295.00,1035.00,1260.00,121.74,May 2022 Pricing Master,2026-09-07T07:48:47.421676
8749,229,9,20220501,2295.00,1035.00,1260.00,121.74,May 2022 Pricing Master,2026-09-07T07:48:47.421676
8750,228,9,20220501,2295.00,1035.00,1260.00,121.74,May 2022 Pricing Master,2026-09-07T07:48:47.421676
8751,231,9,20220501,2295.00,1035.00,1260.00,121.74,May 2022 Pricing Master,2026-09-07T07:48:47.421676
8752,226,9,20220501,2295.00,1035.00,1260.00,121.74,May 2022 Pricing Master,2026-09-07T07:48:47.421676
8753,227,9,20220501,2295.00,1035.00,1260.00,121.74,May 2022 Pricing Master,2026-09-07T07:48:47.421676
8754,80,9,20220501,2150.00,975.00,1175.00,120.51,May 2022 Pricing Master,2026-09-07T07:48:47.421676
8755,79,9,20220501,2150.00,975.00,1175.00,120.51,May 2022 Pricing Master,2026-09-07T07:48:47.421676
8756,78,9,20220501,2150.00,975.00,1175.00,120.51,May 2022 Pricing Master,2026-09-07T07:48:47.421676
8757,81,9,20220501,2150.00,975.00,1175.00,120.51,May 2022 Pricing Master,2026-09-07T07:48:47.421676
8758,76,9,20220501,2150.00,975.00,1175.00,120.51,May 2022 Pricing Master,2026-09-07T07:48:47.421676
8759,77,9,20220501,2150.00,975.00,1175.00,120.51,May 2022 Pricing Master,2026-09-07T07:48:47.421676
8760,313,9,20220501,2695.00,1150.00,1545.00,134.35,May 2022 Pricing Master,2026-09-07T07:48:47.421676
8761,312,9,20220501,2695.00,1150.00,1545.00,134.35,May 2022 Pricing Master,2026-09-07T07:48:47.421676
8762,311,9,20220501,2695.00,1150.00,1545.00,134.35,May 2022 Pricing Master,2026-09-07T07:48:47.421676
8763,314,9,20220501,2695.00,1150.00,1545.00,134.35,May 2022 Pricing Master,2026-09-07T07:48:47.421676
8764,309,9,20220501,2695.00,1150.00,1545.00,134.35,May 2022 Pricing Master,2026-09-07T07:48:47.421676
8765,310,9,20220501,2695.00,1150.00,1545.00,134.35,May 2022 Pricing Master,2026-09-07T07:48:47.421676
8766,270,9,20220501,2195.00,930.00,1265.00,136.02,May 2022 Pricing Master,2026-09-07T07:48:47.421676
8767,269,9,20220501,2195.00,930.00,1265.00,136.02,May 2022 Pricing Master,2026-09-07T07:48:47.421676
8768,268,9,20220501,2195.00,930.00,1265.00,136.02,May 2022 Pricing Master,2026-09-07T07:48:47.421676
8769,271,9,20220501,2195.00,930.00,1265.00,136.02,May 2022 Pricing Master,2026-09-07T07:48:47.421676
8770,266,9,20220501,2195.00,930.00,1265.00,136.02,May 2022 Pricing Master,2026-09-07T07:48:47.421676
8771,267,9,20220501,2195.00,930.00,1265.00,136.02,May 2022 Pricing Master,2026-09-07T07:48:47.421676
8772,248,9,20220501,1795.00,780.00,1015.00,130.13,May 2022 Pricing Master,2026-09-07T07:48:47.421676
8773,247,9,20220501,1795.00,780.00,1015.00,130.13,May 2022 Pricing Master,2026-09-07T07:48:47.421676
8774,246,9,20220501,1795.00,780.00,1015.00,130.13,May 2022 Pricing Master,2026-09-07T07:48:47.421676
8775,249,9,20220501,1795.00,780.00,1015.00,130.13,May 2022 Pricing Master,2026-09-07T07:48:47.421676
8776,244,9,20220501,1795.00,780.00,1015.00,130.13,May 2022 Pricing Master,2026-09-07T07:48:47.421676
8777,245,9,20220501,1795.00,780.00,1015.00,130.13,May 2022 Pricing Master,2026-09-07T07:48:47.421676
8778,1099,9,20220501,1695.00,340.00,1355.00,398.53,May 2022 Pricing Master,2026-09-07T07:48:47.421676
8779,1097,9,20220501,1695.00,340.00,1355.00,398.53,May 2022 Pricing Master,2026-09-07T07:48:47.421676
8780,1096,9,20220501,1695.00,340.00,1355.00,398.53,May 2022 Pricing Master,2026-09-07T07:48:47.421676
8781,1095,9,20220501,1695.00,340.00,1355.00,398.53,May 2022 Pricing Master,2026-09-07T07:48:47.421676
8782,1098,9,20220501,1695.00,340.00,1355.00,398.53,May 2022 Pricing Master,2026-09-07T07:48:47.421676
8783,440,9,20220501,1795.00,425.00,1370.00,322.35,May 2022 Pricing Master,2026-09-07T07:48:47.421676
8784,438,9,20220501,1795.00,425.00,1370.00,322.35,May 2022 Pricing Master,2026-09-07T07:48:47.421676
8785,437,9,20220501,1795.00,425.00,1370.00,322.35,May 2022 Pricing Master,2026-09-07T07:48:47.421676
8786,436,9,20220501,1795.00,425.00,1370.00,322.35,May 2022 Pricing Master,2026-09-07T07:48:47.421676
8787,439,9,20220501,1795.00,425.00,1370.00,322.35,May 2022 Pricing Master,2026-09-07T07:48:47.421676
8788,1226,9,20220501,1795.00,440.00,1355.00,307.95,May 2022 Pricing Master,2026-09-07T07:48:47.421676
8789,1225,9,20220501,1795.00,440.00,1355.00,307.95,May 2022 Pricing Master,2026-09-07T07:48:47.421676
8790,1224,9,20220501,1795.00,440.00,1355.00,307.95,May 2022 Pricing Master,2026-09-07T07:48:47.421676
8791,1227,9,20220501,1795.00,440.00,1355.00,307.95,May 2022 Pricing Master,2026-09-07T07:48:47.421676
8792,1222,9,20220501,1795.00,440.00,1355.00,307.95,May 2022 Pricing Master,2026-09-07T07:48:47.421676
8793,1223,9,20220501,1795.00,440.00,1355.00,307.95,May 2022 Pricing Master,2026-09-07T07:48:47.421676
8794,110,9,20220501,2395.00,540.00,1855.00,343.52,May 2022 Pricing Master,2026-09-07T07:48:47.421676
8795,109,9,20220501,2395.00,540.00,1855.00,343.52,May 2022 Pricing Master,2026-09-07T07:48:47.421676
8796,108,9,20220501,2395.00,540.00,1855.00,343.52,May 2022 Pricing Master,2026-09-07T07:48:47.421676
8797,111,9,20220501,2395.00,540.00,1855.00,343.52,May 2022 Pricing Master,2026-09-07T07:48:47.421676
8798,106,9,20220501,2395.00,540.00,1855.00,343.52,May 2022 Pricing Master,2026-09-07T07:48:47.421676
8799,107,9,20220501,2395.00,540.00,1855.00,343.52,May 2022 Pricing Master,2026-09-07T07:48:47.421676
8800,152,9,20220501,2495.00,550.00,1945.00,353.64,May 2022 Pricing Master,2026-09-07T07:48:47.421676
8801,151,9,20220501,2495.00,550.00,1945.00,353.64,May 2022 Pricing Master,2026-09-07T07:48:47.421676
8802,150,9,20220501,2495.00,550.00,1945.00,353.64,May 2022 Pricing Master,2026-09-07T07:48:47.421676
8803,153,9,20220501,2495.00,550.00,1945.00,353.64,May 2022 Pricing Master,2026-09-07T07:48:47.421676
8804,148,9,20220501,2495.00,550.00,1945.00,353.64,May 2022 Pricing Master,2026-09-07T07:48:47.421676
8805,149,9,20220501,2495.00,550.00,1945.00,353.64,May 2022 Pricing Master,2026-09-07T07:48:47.421676
8806,1185,9,20220501,1595.00,314.00,1281.00,407.96,May 2022 Pricing Master,2026-09-07T07:48:47.421676
8807,1183,9,20220501,1595.00,314.00,1281.00,407.96,May 2022 Pricing Master,2026-09-07T07:48:47.421676
8808,1182,9,20220501,1595.00,314.00,1281.00,407.96,May 2022 Pricing Master,2026-09-07T07:48:47.421676
8809,1181,9,20220501,1595.00,314.00,1281.00,407.96,May 2022 Pricing Master,2026-09-07T07:48:47.421676
8810,1184,9,20220501,1595.00,314.00,1281.00,407.96,May 2022 Pricing Master,2026-09-07T07:48:47.421676
8811,319,9,20220501,1995.00,425.00,1570.00,369.41,May 2022 Pricing Master,2026-09-07T07:48:47.421676
8812,318,9,20220501,1995.00,425.00,1570.00,369.41,May 2022 Pricing Master,2026-09-07T07:48:47.421676
8813,317,9,20220501,1995.00,425.00,1570.00,369.41,May 2022 Pricing Master,2026-09-07T07:48:47.421676
8814,320,9,20220501,1995.00,425.00,1570.00,369.41,May 2022 Pricing Master,2026-09-07T07:48:47.421676
8815,315,9,20220501,1995.00,425.00,1570.00,369.41,May 2022 Pricing Master,2026-09-07T07:48:47.421676
8816,316,9,20220501,1995.00,425.00,1570.00,369.41,May 2022 Pricing Master,2026-09-07T07:48:47.421676
8817,337,9,20220501,1895.00,395.00,1500.00,379.75,May 2022 Pricing Master,2026-09-07T07:48:47.421676
8818,336,9,20220501,1895.00,395.00,1500.00,379.75,May 2022 Pricing Master,2026-09-07T07:48:47.421676
8819,335,9,20220501,1895.00,395.00,1500.00,379.75,May 2022 Pricing Master,2026-09-07T07:48:47.421676
8820,338,9,20220501,1895.00,395.00,1500.00,379.75,May 2022 Pricing Master,2026-09-07T07:48:47.421676
8821,333,9,20220501,1895.00,395.00,1500.00,379.75,May 2022 Pricing Master,2026-09-07T07:48:47.421676
8822,334,9,20220501,1895.00,395.00,1500.00,379.75,May 2022 Pricing Master,2026-09-07T07:48:47.421676
8823,367,9,20220501,2095.00,450.00,1645.00,365.56,May 2022 Pricing Master,2026-09-07T07:48:47.421676
8824,366,9,20220501,2095.00,450.00,1645.00,365.56,May 2022 Pricing Master,2026-09-07T07:48:47.421676
8825,365,9,20220501,2095.00,450.00,1645.00,365.56,May 2022 Pricing Master,2026-09-07T07:48:47.421676
8826,368,9,20220501,2095.00,450.00,1645.00,365.56,May 2022 Pricing Master,2026-09-07T07:48:47.421676
8827,363,9,20220501,2095.00,450.00,1645.00,365.56,May 2022 Pricing Master,2026-09-07T07:48:47.421676
8828,364,9,20220501,2095.00,450.00,1645.00,365.56,May 2022 Pricing Master,2026-09-07T07:48:47.421676
8829,379,9,20220501,1995.00,425.00,1570.00,369.41,May 2022 Pricing Master,2026-09-07T07:48:47.421676
8830,378,9,20220501,1995.00,425.00,1570.00,369.41,May 2022 Pricing Master,2026-09-07T07:48:47.421676
8831,377,9,20220501,1995.00,425.00,1570.00,369.41,May 2022 Pricing Master,2026-09-07T07:48:47.421676
8832,380,9,20220501,1995.00,425.00,1570.00,369.41,May 2022 Pricing Master,2026-09-07T07:48:47.421676
8833,375,9,20220501,1995.00,425.00,1570.00,369.41,May 2022 Pricing Master,2026-09-07T07:48:47.421676
8834,376,9,20220501,1995.00,425.00,1570.00,369.41,May 2022 Pricing Master,2026-09-07T07:48:47.421676
8835,391,9,20220501,3495.00,790.00,2705.00,342.41,May 2022 Pricing Master,2026-09-07T07:48:47.421676
8836,390,9,20220501,3495.00,790.00,2705.00,342.41,May 2022 Pricing Master,2026-09-07T07:48:47.421676
8837,389,9,20220501,3495.00,790.00,2705.00,342.41,May 2022 Pricing Master,2026-09-07T07:48:47.421676
8838,392,9,20220501,3495.00,790.00,2705.00,342.41,May 2022 Pricing Master,2026-09-07T07:48:47.421676
8839,387,9,20220501,3495.00,790.00,2705.00,342.41,May 2022 Pricing Master,2026-09-07T07:48:47.421676
8840,388,9,20220501,3495.00,790.00,2705.00,342.41,May 2022 Pricing Master,2026-09-07T07:48:47.421676
8841,397,9,20220501,3495.00,790.00,2705.00,342.41,May 2022 Pricing Master,2026-09-07T07:48:47.421676
8842,396,9,20220501,3495.00,790.00,2705.00,342.41,May 2022 Pricing Master,2026-09-07T07:48:47.421676
8843,395,9,20220501,3495.00,790.00,2705.00,342.41,May 2022 Pricing Master,2026-09-07T07:48:47.421676
8844,398,9,20220501,3495.00,790.00,2705.00,342.41,May 2022 Pricing Master,2026-09-07T07:48:47.421676
8845,393,9,20220501,3495.00,790.00,2705.00,342.41,May 2022 Pricing Master,2026-09-07T07:48:47.421676
8846,394,9,20220501,3495.00,790.00,2705.00,342.41,May 2022 Pricing Master,2026-09-07T07:48:47.421676
8847,408,9,20220501,3195.00,695.00,2500.00,359.71,May 2022 Pricing Master,2026-09-07T07:48:47.421676
8848,407,9,20220501,3195.00,695.00,2500.00,359.71,May 2022 Pricing Master,2026-09-07T07:48:47.421676
8849,406,9,20220501,3195.00,695.00,2500.00,359.71,May 2022 Pricing Master,2026-09-07T07:48:47.421676
8850,409,9,20220501,3195.00,695.00,2500.00,359.71,May 2022 Pricing Master,2026-09-07T07:48:47.421676
8851,404,9,20220501,3195.00,695.00,2500.00,359.71,May 2022 Pricing Master,2026-09-07T07:48:47.421676
8852,405,9,20220501,3195.00,695.00,2500.00,359.71,May 2022 Pricing Master,2026-09-07T07:48:47.421676
8853,86,9,20220501,5395.00,1295.00,4100.00,316.60,May 2022 Pricing Master,2026-09-07T07:48:47.421676
8854,85,9,20220501,5395.00,1295.00,4100.00,316.60,May 2022 Pricing Master,2026-09-07T07:48:47.421676
8855,84,9,20220501,5395.00,1295.00,4100.00,316.60,May 2022 Pricing Master,2026-09-07T07:48:47.421676
8856,87,9,20220501,5395.00,1295.00,4100.00,316.60,May 2022 Pricing Master,2026-09-07T07:48:47.421676
8857,82,9,20220501,5395.00,1295.00,4100.00,316.60,May 2022 Pricing Master,2026-09-07T07:48:47.421676
8858,83,9,20220501,5395.00,1295.00,4100.00,316.60,May 2022 Pricing Master,2026-09-07T07:48:47.421676
8859,122,9,20220501,4895.00,1150.00,3745.00,325.65,May 2022 Pricing Master,2026-09-07T07:48:47.421676
8860,121,9,20220501,4895.00,1150.00,3745.00,325.65,May 2022 Pricing Master,2026-09-07T07:48:47.421676
8861,120,9,20220501,4895.00,1150.00,3745.00,325.65,May 2022 Pricing Master,2026-09-07T07:48:47.421676
8862,123,9,20220501,4895.00,1150.00,3745.00,325.65,May 2022 Pricing Master,2026-09-07T07:48:47.421676
8863,118,9,20220501,4895.00,1150.00,3745.00,325.65,May 2022 Pricing Master,2026-09-07T07:48:47.421676
8864,119,9,20220501,4895.00,1150.00,3745.00,325.65,May 2022 Pricing Master,2026-09-07T07:48:47.421676
8865,236,9,20220501,4295.00,995.00,3300.00,331.66,May 2022 Pricing Master,2026-09-07T07:48:47.421676
8866,235,9,20220501,4295.00,995.00,3300.00,331.66,May 2022 Pricing Master,2026-09-07T07:48:47.421676
8867,234,9,20220501,4295.00,995.00,3300.00,331.66,May 2022 Pricing Master,2026-09-07T07:48:47.421676
8868,237,9,20220501,4295.00,995.00,3300.00,331.66,May 2022 Pricing Master,2026-09-07T07:48:47.421676
8869,232,9,20220501,4295.00,995.00,3300.00,331.66,May 2022 Pricing Master,2026-09-07T07:48:47.421676
8870,233,9,20220501,4295.00,995.00,3300.00,331.66,May 2022 Pricing Master,2026-09-07T07:48:47.421676
8871,276,9,20220501,4895.00,1150.00,3745.00,325.65,May 2022 Pricing Master,2026-09-07T07:48:47.421676
8872,275,9,20220501,4895.00,1150.00,3745.00,325.65,May 2022 Pricing Master,2026-09-07T07:48:47.421676
8873,274,9,20220501,4895.00,1150.00,3745.00,325.65,May 2022 Pricing Master,2026-09-07T07:48:47.421676
8874,277,9,20220501,4895.00,1150.00,3745.00,325.65,May 2022 Pricing Master,2026-09-07T07:48:47.421676
8875,272,9,20220501,4895.00,1150.00,3745.00,325.65,May 2022 Pricing Master,2026-09-07T07:48:47.421676
8876,273,9,20220501,4895.00,1150.00,3745.00,325.65,May 2022 Pricing Master,2026-09-07T07:48:47.421676
8877,1190,9,20220501,3495.00,695.00,2800.00,402.88,May 2022 Pricing Master,2026-09-07T07:48:47.421676
8878,1189,9,20220501,3495.00,695.00,2800.00,402.88,May 2022 Pricing Master,2026-09-07T07:48:47.421676
8879,1188,9,20220501,3495.00,695.00,2800.00,402.88,May 2022 Pricing Master,2026-09-07T07:48:47.421676
8880,1191,9,20220501,3495.00,695.00,2800.00,402.88,May 2022 Pricing Master,2026-09-07T07:48:47.421676
8881,1186,9,20220501,3495.00,695.00,2800.00,402.88,May 2022 Pricing Master,2026-09-07T07:48:47.421676
8882,1187,9,20220501,3495.00,695.00,2800.00,402.88,May 2022 Pricing Master,2026-09-07T07:48:47.421676
8883,1196,9,20220501,2195.00,425.00,1770.00,416.47,May 2022 Pricing Master,2026-09-07T07:48:47.421676
8884,1195,9,20220501,2195.00,425.00,1770.00,416.47,May 2022 Pricing Master,2026-09-07T07:48:47.421676
8885,1194,9,20220501,2195.00,425.00,1770.00,416.47,May 2022 Pricing Master,2026-09-07T07:48:47.421676
8886,1197,9,20220501,2195.00,425.00,1770.00,416.47,May 2022 Pricing Master,2026-09-07T07:48:47.421676
8887,1192,9,20220501,2195.00,425.00,1770.00,416.47,May 2022 Pricing Master,2026-09-07T07:48:47.421676
8888,1193,9,20220501,2195.00,425.00,1770.00,416.47,May 2022 Pricing Master,2026-09-07T07:48:47.421676
8889,1131,9,20220501,3295.00,650.00,2645.00,406.92,May 2022 Pricing Master,2026-09-07T07:48:47.421676
8890,1130,9,20220501,3295.00,650.00,2645.00,406.92,May 2022 Pricing Master,2026-09-07T07:48:47.421676
8891,1129,9,20220501,3295.00,650.00,2645.00,406.92,May 2022 Pricing Master,2026-09-07T07:48:47.421676
8892,1132,9,20220501,3295.00,650.00,2645.00,406.92,May 2022 Pricing Master,2026-09-07T07:48:47.421676
8893,1127,9,20220501,3295.00,650.00,2645.00,406.92,May 2022 Pricing Master,2026-09-07T07:48:47.421676
8894,1128,9,20220501,3295.00,650.00,2645.00,406.92,May 2022 Pricing Master,2026-09-07T07:48:47.421676
8895,1137,9,20220501,2397.00,460.00,1937.00,421.09,May 2022 Pricing Master,2026-09-07T07:48:47.421676
8896,1136,9,20220501,2397.00,460.00,1937.00,421.09,May 2022 Pricing Master,2026-09-07T07:48:47.421676
8897,1135,9,20220501,2397.00,460.00,1937.00,421.09,May 2022 Pricing Master,2026-09-07T07:48:47.421676
8898,1138,9,20220501,2397.00,460.00,1937.00,421.09,May 2022 Pricing Master,2026-09-07T07:48:47.421676
8899,1133,9,20220501,2397.00,460.00,1937.00,421.09,May 2022 Pricing Master,2026-09-07T07:48:47.421676
8900,1134,9,20220501,2397.00,460.00,1937.00,421.09,May 2022 Pricing Master,2026-09-07T07:48:47.421676
8901,1119,9,20220501,3397.00,675.00,2722.00,403.26,May 2022 Pricing Master,2026-09-07T07:48:47.421676
8902,1118,9,20220501,3397.00,675.00,2722.00,403.26,May 2022 Pricing Master,2026-09-07T07:48:47.421676
8903,1117,9,20220501,3397.00,675.00,2722.00,403.26,May 2022 Pricing Master,2026-09-07T07:48:47.421676
8904,1120,9,20220501,3397.00,675.00,2722.00,403.26,May 2022 Pricing Master,2026-09-07T07:48:47.421676
8905,1115,9,20220501,3397.00,675.00,2722.00,403.26,May 2022 Pricing Master,2026-09-07T07:48:47.421676
8906,1116,9,20220501,3397.00,675.00,2722.00,403.26,May 2022 Pricing Master,2026-09-07T07:48:47.421676
8907,1125,9,20220501,2295.00,440.00,1855.00,421.59,May 2022 Pricing Master,2026-09-07T07:48:47.421676
8908,1124,9,20220501,2295.00,440.00,1855.00,421.59,May 2022 Pricing Master,2026-09-07T07:48:47.421676
8909,1123,9,20220501,2295.00,440.00,1855.00,421.59,May 2022 Pricing Master,2026-09-07T07:48:47.421676
8910,1126,9,20220501,2295.00,440.00,1855.00,421.59,May 2022 Pricing Master,2026-09-07T07:48:47.421676
8911,1121,9,20220501,2295.00,440.00,1855.00,421.59,May 2022 Pricing Master,2026-09-07T07:48:47.421676
8912,1122,9,20220501,2295.00,440.00,1855.00,421.59,May 2022 Pricing Master,2026-09-07T07:48:47.421676
8913,1107,9,20220501,3495.00,695.00,2800.00,402.88,May 2022 Pricing Master,2026-09-07T07:48:47.421676
8914,1106,9,20220501,3495.00,695.00,2800.00,402.88,May 2022 Pricing Master,2026-09-07T07:48:47.421676
8915,1105,9,20220501,3495.00,695.00,2800.00,402.88,May 2022 Pricing Master,2026-09-07T07:48:47.421676
8916,1108,9,20220501,3495.00,695.00,2800.00,402.88,May 2022 Pricing Master,2026-09-07T07:48:47.421676
8917,1103,9,20220501,3495.00,695.00,2800.00,402.88,May 2022 Pricing Master,2026-09-07T07:48:47.421676
8918,1104,9,20220501,3495.00,695.00,2800.00,402.88,May 2022 Pricing Master,2026-09-07T07:48:47.421676
8919,1113,9,20220501,2495.00,490.00,2005.00,409.18,May 2022 Pricing Master,2026-09-07T07:48:47.421676
8920,1112,9,20220501,2495.00,490.00,2005.00,409.18,May 2022 Pricing Master,2026-09-07T07:48:47.421676
8921,1111,9,20220501,2495.00,490.00,2005.00,409.18,May 2022 Pricing Master,2026-09-07T07:48:47.421676
8922,1114,9,20220501,2495.00,490.00,2005.00,409.18,May 2022 Pricing Master,2026-09-07T07:48:47.421676
8923,1109,9,20220501,2495.00,490.00,2005.00,409.18,May 2022 Pricing Master,2026-09-07T07:48:47.421676
8924,1110,9,20220501,2495.00,490.00,2005.00,409.18,May 2022 Pricing Master,2026-09-07T07:48:47.421676
8925,1264,9,20220501,2097.00,415.00,1682.00,405.30,May 2022 Pricing Master,2026-09-07T07:48:47.421676
8926,1263,9,20220501,2097.00,415.00,1682.00,405.30,May 2022 Pricing Master,2026-09-07T07:48:47.421676
8927,1262,9,20220501,2097.00,415.00,1682.00,405.30,May 2022 Pricing Master,2026-09-07T07:48:47.421676
8928,1265,9,20220501,2097.00,415.00,1682.00,405.30,May 2022 Pricing Master,2026-09-07T07:48:47.421676
8929,1260,9,20220501,2097.00,415.00,1682.00,405.30,May 2022 Pricing Master,2026-09-07T07:48:47.421676
8930,1261,9,20220501,2097.00,415.00,1682.00,405.30,May 2022 Pricing Master,2026-09-07T07:48:47.421676
8931,1155,9,20220501,3297.00,650.00,2647.00,407.23,May 2022 Pricing Master,2026-09-07T07:48:47.421676
8932,1154,9,20220501,3297.00,650.00,2647.00,407.23,May 2022 Pricing Master,2026-09-07T07:48:47.421676
8933,1153,9,20220501,3297.00,650.00,2647.00,407.23,May 2022 Pricing Master,2026-09-07T07:48:47.421676
8934,1156,9,20220501,3297.00,650.00,2647.00,407.23,May 2022 Pricing Master,2026-09-07T07:48:47.421676
8935,1151,9,20220501,3297.00,650.00,2647.00,407.23,May 2022 Pricing Master,2026-09-07T07:48:47.421676
8936,1152,9,20220501,3297.00,650.00,2647.00,407.23,May 2022 Pricing Master,2026-09-07T07:48:47.421676
8937,1161,9,20220501,2195.00,425.00,1770.00,416.47,May 2022 Pricing Master,2026-09-07T07:48:47.421676
8938,1160,9,20220501,2195.00,425.00,1770.00,416.47,May 2022 Pricing Master,2026-09-07T07:48:47.421676
8939,1159,9,20220501,2195.00,425.00,1770.00,416.47,May 2022 Pricing Master,2026-09-07T07:48:47.421676
8940,1162,9,20220501,2195.00,425.00,1770.00,416.47,May 2022 Pricing Master,2026-09-07T07:48:47.421676
8941,1157,9,20220501,2195.00,425.00,1770.00,416.47,May 2022 Pricing Master,2026-09-07T07:48:47.421676
8942,1158,9,20220501,2195.00,425.00,1770.00,416.47,May 2022 Pricing Master,2026-09-07T07:48:47.421676
8943,1143,9,20220501,3197.00,625.00,2572.00,411.52,May 2022 Pricing Master,2026-09-07T07:48:47.421676
8944,1142,9,20220501,3197.00,625.00,2572.00,411.52,May 2022 Pricing Master,2026-09-07T07:48:47.421676
8945,1141,9,20220501,3197.00,625.00,2572.00,411.52,May 2022 Pricing Master,2026-09-07T07:48:47.421676
8946,1144,9,20220501,3197.00,625.00,2572.00,411.52,May 2022 Pricing Master,2026-09-07T07:48:47.421676
8947,1139,9,20220501,3197.00,625.00,2572.00,411.52,May 2022 Pricing Master,2026-09-07T07:48:47.421676
8948,1140,9,20220501,3197.00,625.00,2572.00,411.52,May 2022 Pricing Master,2026-09-07T07:48:47.421676
8949,1179,9,20220501,2197.00,425.00,1772.00,416.94,May 2022 Pricing Master,2026-09-07T07:48:47.421676
8950,1178,9,20220501,2197.00,425.00,1772.00,416.94,May 2022 Pricing Master,2026-09-07T07:48:47.421676
8951,1177,9,20220501,2197.00,425.00,1772.00,416.94,May 2022 Pricing Master,2026-09-07T07:48:47.421676
8952,1180,9,20220501,2197.00,425.00,1772.00,416.94,May 2022 Pricing Master,2026-09-07T07:48:47.421676
8953,1175,9,20220501,2197.00,425.00,1772.00,416.94,May 2022 Pricing Master,2026-09-07T07:48:47.421676
8954,1176,9,20220501,2197.00,425.00,1772.00,416.94,May 2022 Pricing Master,2026-09-07T07:48:47.421676
8955,1232,9,20220501,2975.00,595.00,2380.00,400.00,May 2022 Pricing Master,2026-09-07T07:48:47.421676
8956,1231,9,20220501,2975.00,595.00,2380.00,400.00,May 2022 Pricing Master,2026-09-07T07:48:47.421676
8957,1230,9,20220501,2975.00,595.00,2380.00,400.00,May 2022 Pricing Master,2026-09-07T07:48:47.421676
8958,1233,9,20220501,2975.00,595.00,2380.00,400.00,May 2022 Pricing Master,2026-09-07T07:48:47.421676
8959,1228,9,20220501,2975.00,595.00,2380.00,400.00,May 2022 Pricing Master,2026-09-07T07:48:47.421676
8960,1229,9,20220501,2975.00,595.00,2380.00,400.00,May 2022 Pricing Master,2026-09-07T07:48:47.421676
8961,1238,9,20220501,2095.00,410.00,1685.00,410.98,May 2022 Pricing Master,2026-09-07T07:48:47.421676
8962,1237,9,20220501,2095.00,410.00,1685.00,410.98,May 2022 Pricing Master,2026-09-07T07:48:47.421676
8963,1236,9,20220501,2095.00,410.00,1685.00,410.98,May 2022 Pricing Master,2026-09-07T07:48:47.421676
8964,1239,9,20220501,2095.00,410.00,1685.00,410.98,May 2022 Pricing Master,2026-09-07T07:48:47.421676
8965,1234,9,20220501,2095.00,410.00,1685.00,410.98,May 2022 Pricing Master,2026-09-07T07:48:47.421676
8966,1235,9,20220501,2095.00,410.00,1685.00,410.98,May 2022 Pricing Master,2026-09-07T07:48:47.421676
8967,1250,9,20220501,3297.00,650.00,2647.00,407.23,May 2022 Pricing Master,2026-09-07T07:48:47.421676
8968,1249,9,20220501,3297.00,650.00,2647.00,407.23,May 2022 Pricing Master,2026-09-07T07:48:47.421676
8969,1248,9,20220501,3297.00,650.00,2647.00,407.23,May 2022 Pricing Master,2026-09-07T07:48:47.421676
8970,1251,9,20220501,3297.00,650.00,2647.00,407.23,May 2022 Pricing Master,2026-09-07T07:48:47.421676
8971,1246,9,20220501,3297.00,650.00,2647.00,407.23,May 2022 Pricing Master,2026-09-07T07:48:47.421676
8972,1247,9,20220501,3297.00,650.00,2647.00,407.23,May 2022 Pricing Master,2026-09-07T07:48:47.421676
8973,1256,9,20220501,2195.00,425.00,1770.00,416.47,May 2022 Pricing Master,2026-09-07T07:48:47.421676
8974,1255,9,20220501,2195.00,425.00,1770.00,416.47,May 2022 Pricing Master,2026-09-07T07:48:47.421676
8975,1254,9,20220501,2195.00,425.00,1770.00,416.47,May 2022 Pricing Master,2026-09-07T07:48:47.421676
8976,1257,9,20220501,2195.00,425.00,1770.00,416.47,May 2022 Pricing Master,2026-09-07T07:48:47.421676
8977,1252,9,20220501,2195.00,425.00,1770.00,416.47,May 2022 Pricing Master,2026-09-07T07:48:47.421676
8978,1253,9,20220501,2195.00,425.00,1770.00,416.47,May 2022 Pricing Master,2026-09-07T07:48:47.421676
8979,1244,9,20220501,2097.00,415.00,1682.00,405.30,May 2022 Pricing Master,2026-09-07T07:48:47.421676
8980,1243,9,20220501,2097.00,415.00,1682.00,405.30,May 2022 Pricing Master,2026-09-07T07:48:47.421676
8981,1242,9,20220501,2097.00,415.00,1682.00,405.30,May 2022 Pricing Master,2026-09-07T07:48:47.421676
8982,1245,9,20220501,2097.00,415.00,1682.00,405.30,May 2022 Pricing Master,2026-09-07T07:48:47.421676
8983,1240,9,20220501,2097.00,415.00,1682.00,405.30,May 2022 Pricing Master,2026-09-07T07:48:47.421676
8984,1241,9,20220501,2097.00,415.00,1682.00,405.30,May 2022 Pricing Master,2026-09-07T07:48:47.421676
8985,1167,9,20220501,3197.00,640.00,2557.00,399.53,May 2022 Pricing Master,2026-09-07T07:48:47.421676
8986,1166,9,20220501,3197.00,640.00,2557.00,399.53,May 2022 Pricing Master,2026-09-07T07:48:47.421676
8987,1165,9,20220501,3197.00,640.00,2557.00,399.53,May 2022 Pricing Master,2026-09-07T07:48:47.421676
8988,1168,9,20220501,3197.00,640.00,2557.00,399.53,May 2022 Pricing Master,2026-09-07T07:48:47.421676
8989,1163,9,20220501,3197.00,640.00,2557.00,399.53,May 2022 Pricing Master,2026-09-07T07:48:47.421676
8990,1164,9,20220501,3197.00,640.00,2557.00,399.53,May 2022 Pricing Master,2026-09-07T07:48:47.421676
8991,1173,9,20220501,2095.00,415.00,1680.00,404.82,May 2022 Pricing Master,2026-09-07T07:48:47.421676
8992,1172,9,20220501,2095.00,415.00,1680.00,404.82,May 2022 Pricing Master,2026-09-07T07:48:47.421676
8993,1171,9,20220501,2095.00,415.00,1680.00,404.82,May 2022 Pricing Master,2026-09-07T07:48:47.421676
8994,1174,9,20220501,2095.00,415.00,1680.00,404.82,May 2022 Pricing Master,2026-09-07T07:48:47.421676
8995,1169,9,20220501,2095.00,415.00,1680.00,404.82,May 2022 Pricing Master,2026-09-07T07:48:47.421676
8996,1170,9,20220501,2095.00,415.00,1680.00,404.82,May 2022 Pricing Master,2026-09-07T07:48:47.421676
8997,1214,9,20220501,3195.00,625.00,2570.00,411.20,May 2022 Pricing Master,2026-09-07T07:48:47.421676
8998,1213,9,20220501,3195.00,625.00,2570.00,411.20,May 2022 Pricing Master,2026-09-07T07:48:47.421676
8999,1212,9,20220501,3195.00,625.00,2570.00,411.20,May 2022 Pricing Master,2026-09-07T07:48:47.421676
9000,1215,9,20220501,3195.00,625.00,2570.00,411.20,May 2022 Pricing Master,2026-09-07T07:48:47.421676
9001,1210,9,20220501,3195.00,625.00,2570.00,411.20,May 2022 Pricing Master,2026-09-07T07:48:47.421676
9002,1211,9,20220501,3195.00,625.00,2570.00,411.20,May 2022 Pricing Master,2026-09-07T07:48:47.421676
9003,1220,9,20220501,2097.00,400.00,1697.00,424.25,May 2022 Pricing Master,2026-09-07T07:48:47.421676
9004,1219,9,20220501,2097.00,400.00,1697.00,424.25,May 2022 Pricing Master,2026-09-07T07:48:47.421676
9005,1218,9,20220501,2097.00,400.00,1697.00,424.25,May 2022 Pricing Master,2026-09-07T07:48:47.421676
9006,1221,9,20220501,2097.00,400.00,1697.00,424.25,May 2022 Pricing Master,2026-09-07T07:48:47.421676
9007,1216,9,20220501,2097.00,400.00,1697.00,424.25,May 2022 Pricing Master,2026-09-07T07:48:47.421676
9008,1217,9,20220501,2097.00,400.00,1697.00,424.25,May 2022 Pricing Master,2026-09-07T07:48:47.421676
9009,1202,9,20220501,3095.00,615.00,2480.00,403.25,May 2022 Pricing Master,2026-09-07T07:48:47.421676
9010,1201,9,20220501,3095.00,615.00,2480.00,403.25,May 2022 Pricing Master,2026-09-07T07:48:47.421676
9011,1200,9,20220501,3095.00,615.00,2480.00,403.25,May 2022 Pricing Master,2026-09-07T07:48:47.421676
9012,1203,9,20220501,3095.00,615.00,2480.00,403.25,May 2022 Pricing Master,2026-09-07T07:48:47.421676
9013,1198,9,20220501,3095.00,615.00,2480.00,403.25,May 2022 Pricing Master,2026-09-07T07:48:47.421676
9014,1199,9,20220501,3095.00,615.00,2480.00,403.25,May 2022 Pricing Master,2026-09-07T07:48:47.421676
9015,1208,9,20220501,2195.00,425.00,1770.00,416.47,May 2022 Pricing Master,2026-09-07T07:48:47.421676
9016,1207,9,20220501,2195.00,425.00,1770.00,416.47,May 2022 Pricing Master,2026-09-07T07:48:47.421676
9017,1206,9,20220501,2195.00,425.00,1770.00,416.47,May 2022 Pricing Master,2026-09-07T07:48:47.421676
9018,1209,9,20220501,2195.00,425.00,1770.00,416.47,May 2022 Pricing Master,2026-09-07T07:48:47.421676
9019,1204,9,20220501,2195.00,425.00,1770.00,416.47,May 2022 Pricing Master,2026-09-07T07:48:47.421676
9020,1205,9,20220501,2195.00,425.00,1770.00,416.47,May 2022 Pricing Master,2026-09-07T07:48:47.421676
9021,252,9,20220501,5997.00,1195.00,4802.00,401.84,May 2022 Pricing Master,2026-09-07T07:48:47.421676
9022,251,9,20220501,5997.00,1195.00,4802.00,401.84,May 2022 Pricing Master,2026-09-07T07:48:47.421676
9023,253,9,20220501,5997.00,1195.00,4802.00,401.84,May 2022 Pricing Master,2026-09-07T07:48:47.421676
9024,250,9,20220501,5997.00,1195.00,4802.00,401.84,May 2022 Pricing Master,2026-09-07T07:48:47.421676
9025,14,9,20220501,2494.00,818.00,1676.00,204.89,May 2022 Pricing Master,2026-09-07T07:48:47.421676
9026,37,9,20220501,4099.00,1044.00,3055.00,292.62,May 2022 Pricing Master,2026-09-07T07:48:47.421676
9027,13,9,20220501,2449.00,795.00,1654.00,208.05,May 2022 Pricing Master,2026-09-07T07:48:47.421676
9028,1320,9,20220501,4049.00,1395.00,2654.00,190.25,May 2022 Pricing Master,2026-09-07T07:48:47.421676
9029,1321,9,20220501,4049.00,1395.00,2654.00,190.25,May 2022 Pricing Master,2026-09-07T07:48:47.421676
9030,1319,9,20220501,4049.00,1395.00,2654.00,190.25,May 2022 Pricing Master,2026-09-07T07:48:47.421676
9031,1323,9,20220501,4049.00,1395.00,2654.00,190.25,May 2022 Pricing Master,2026-09-07T07:48:47.421676
9032,1322,9,20220501,4049.00,1395.00,2654.00,190.25,May 2022 Pricing Master,2026-09-07T07:48:47.421676
9033,1329,9,20220501,3149.00,895.00,2254.00,251.84,May 2022 Pricing Master,2026-09-07T07:48:47.421676
9034,284,9,20220501,2449.00,625.00,1824.00,291.84,May 2022 Pricing Master,2026-09-07T07:48:47.421676
9035,10,9,20220501,4549.00,1165.00,3384.00,290.47,May 2022 Pricing Master,2026-09-07T07:48:47.421676
9036,9,9,20220501,4549.00,1165.00,3384.00,290.47,May 2022 Pricing Master,2026-09-07T07:48:47.421676
9037,8,9,20220501,4549.00,1165.00,3384.00,290.47,May 2022 Pricing Master,2026-09-07T07:48:47.421676
9038,7,9,20220501,4549.00,1165.00,3384.00,290.47,May 2022 Pricing Master,2026-09-07T07:48:47.421676
9039,12,9,20220501,2449.00,795.00,1654.00,208.05,May 2022 Pricing Master,2026-09-07T07:48:47.421676
9040,3,9,20220501,299.00,150.00,149.00,99.33,May 2022 Pricing Master,2026-09-07T07:48:47.421676
9041,2,9,20220501,199.00,100.00,99.00,99.00,May 2022 Pricing Master,2026-09-07T07:48:47.421676
9042,6,9,20220501,1695.00,899.00,796.00,88.54,May 2022 Pricing Master,2026-09-07T07:48:47.421676
9043,1326,9,20220501,1695.00,699.00,996.00,142.49,May 2022 Pricing Master,2026-09-07T07:48:47.421676
9044,766,9,20220501,1595.00,381.00,1214.00,318.64,May 2022 Pricing Master,2026-09-07T07:48:47.421676
9045,735,9,20220501,2295.00,570.00,1725.00,302.63,May 2022 Pricing Master,2026-09-07T07:48:47.421676
9046,1330,9,20220501,3149.00,895.00,2254.00,251.84,May 2022 Pricing Master,2026-09-07T07:48:47.421676
9047,1328,9,20220501,3149.00,895.00,2254.00,251.84,May 2022 Pricing Master,2026-09-07T07:48:47.421676
9048,5,9,20220501,3499.00,995.00,2504.00,251.66,May 2022 Pricing Master,2026-09-07T07:48:47.421676
9049,1324,9,20220501,4049.00,1395.00,2654.00,190.25,May 2022 Pricing Master,2026-09-07T07:48:47.421676
9050,30,9,20220501,299.00,126.00,173.00,137.30,May 2022 Pricing Master,2026-09-07T07:48:47.421676
9051,32,9,20220501,499.00,252.00,247.00,98.02,May 2022 Pricing Master,2026-09-07T07:48:47.421676
9052,31,9,20220501,299.00,126.00,173.00,137.30,May 2022 Pricing Master,2026-09-07T07:48:47.421676
9053,1297,9,20220501,1995.00,500.00,1495.00,299.00,May 2022 Pricing Master,2026-09-07T07:48:47.421676
9054,1100,9,20220501,2195.00,425.00,1770.00,416.47,May 2022 Pricing Master,2026-09-07T07:48:47.421676
9055,1325,9,20220501,4899.00,1395.00,3504.00,251.18,May 2022 Pricing Master,2026-09-07T07:48:47.421676
9056,36,9,20220501,3149.00,806.00,2343.00,290.69,May 2022 Pricing Master,2026-09-07T07:48:47.421676
9057,34,9,20220501,3149.00,859.00,2290.00,266.59,May 2022 Pricing Master,2026-09-07T07:48:47.421676
