ProductKey,SKU,ProductName,Category,BaseMRP,TransferPrice,AmazonMRP,MyntraMRP,AjioMRP,FlipkartMRP,LimeroadMRP,PaytmMRP,SnapdealMRP,MaxCrossChannelSpreadAmount,ArbitrageSpreadPct
1234,OS294KR_2XL,KURTA - OS294KR (MIX),KURTA,2095.00,410.00,2095.00,2095.00,2095.00,2095.00,2095.00,2095.00,2095.00,0.00,0E-15
23,IVORY_1426_XL,NILL - IVORY_1426 (NILL),NILL,2494.00,818.00,2494.00,2494.00,2494.00,2494.00,2494.00,2494.00,2494.00,0.00,0E-15
687,OS185_1105_2XL,KURTA - OS185_1105 (MIX),KURTA,2138.00,529.00,2295.00,2295.00,2295.00,2295.00,2295.00,2295.00,2295.00,0.00,0E-15
355,OS122_1736_S,KURTA - OS122_1736 (MIX),KURTA,1895.00,471.00,1895.00,1895.00,1895.00,1895.00,1995.00,1895.00,1895.00,100.00,5.280000000000000
902,OS221_S,KURTA - OS221 (MIX),KURTA,1795.00,425.00,1695.00,1795.00,1795.00,1795.00,1795.00,1795.00,1795.00,100.00,5.900000000000000
215,OS1097_3XL,KURTA SET - OS1097 (SURMAYA),KURTA SET,1895.00,825.00,1895.00,1895.00,1895.00,1895.00,1895.00,1895.00,1895.00,0.00,0E-15
1042,OS264_2XL,KURTA - OS264 (MIX),KURTA,1895.00,410.00,1895.00,1895.00,1895.00,1895.00,1895.00,1895.00,1895.00,0.00,0E-15
378,OS127_M,KURTA - OS127 (MIX),KURTA,1995.00,425.00,1995.00,1995.00,1995.00,1995.00,1995.00,1995.00,1995.00,0.00,0E-15
1211,OS290_3XL,KURTA SET - OS290 (MIX),KURTA SET,3195.00,625.00,3195.00,3195.00,3195.00,3195.00,3195.00,3195.00,3195.00,0.00,0E-15
710,OS188_5042_XL,KURTA - OS188_5042 (COLORS-7),KURTA,1538.00,381.00,1595.00,1595.00,1595.00,1595.00,1595.00,1595.00,1595.00,0.00,0E-15
547,OS162_2XL,KURTA - OS162 (MIX),KURTA,1695.00,424.00,1695.00,1695.00,1695.00,1695.00,1795.00,1895.00,1695.00,200.00,11.800000000000000
46,OS103_4171_3XL,KURTA - OS103_4171 (MIX),KURTA,1995.00,500.00,1995.00,1995.00,1995.00,1995.00,2095.00,1995.00,2095.00,100.00,5.010000000000000
879,OS217_5071_XL,KURTA - OS217_5071 (MIX),KURTA,1695.00,424.00,1695.00,1695.00,1695.00,1695.00,1795.00,1695.00,1695.00,100.00,5.900000000000000
856,OS214_3144_2XL,KURTA - OS214_3144 (MOMENTS),KURTA,2178.00,538.00,2295.00,2295.00,2295.00,2295.00,2295.00,2295.00,2295.00,0.00,0E-15
1065,OS268_XL,KURTA - OS268 (MIX),KURTA,1395.00,220.00,1395.00,1395.00,1395.00,1395.00,1395.00,1395.00,1395.00,0.00,0E-15
1188,OS287_L,KURTA SET - OS287 (MIX),KURTA SET,3495.00,695.00,3495.00,3195.00,3495.00,3495.00,3495.00,3495.00,3495.00,300.00,9.390000000000000
733,OS192_1124_S,KURTA - OS192_1124 (MIX),KURTA,2298.00,570.00,2295.00,2295.00,2295.00,2295.00,2295.00,2295.00,2295.00,0.00,0E-15
69,OS105_3062_XL,KURTA - OS105_3062 (MIX),KURTA,1595.00,381.00,1595.00,1595.00,1595.00,1595.00,1595.00,1595.00,1595.00,0.00,0E-15
192,OS109_3095_L,KURTA - OS109_3095 (MIX),KURTA,1895.00,471.00,1895.00,1895.00,1895.00,1895.00,1995.00,1895.00,1995.00,100.00,5.280000000000000
524,OS158_M,KURTA - OS158 (MIX),KURTA,1695.00,395.00,1895.00,1695.00,1695.00,1695.00,1695.00,1695.00,1695.00,200.00,11.800000000000000
401,OS135_14274_M,GOWN - OS135_14274 (MIX),GOWN,2795.00,695.00,2795.00,2795.00,2795.00,2795.00,2795.00,2795.00,2795.00,0.00,0E-15
756,OS197_5053_L,KURTA - OS197_5053 (COLORS-8),KURTA,1895.00,438.00,1895.00,1895.00,1895.00,1895.00,1895.00,1895.00,1895.00,0.00,0E-15
501,OS154_S,KURTA - OS154 (MIX),KURTA,1695.00,395.00,1895.00,1695.00,1695.00,1695.00,1695.00,1695.00,1695.00,200.00,11.800000000000000
209,OS1094_3XL,KURTA SET - OS1094 (SURMAYA),KURTA SET,1995.00,845.00,1995.00,1995.00,1995.00,1995.00,1995.00,1995.00,1995.00,0.00,0E-15
1048,OS265_2XL,KURTA - OS265 (MIX),KURTA,1895.00,410.00,1895.00,1895.00,1895.00,1895.00,1895.00,1895.00,1895.00,0.00,0E-15
670,OS182_5057_3XL,KURTA - OS182_5057 (COLORS-8),KURTA,1895.00,438.00,1895.00,1895.00,1895.00,1895.00,1895.00,1895.00,1895.00,0.00,0E-15
1002,OS257_15377_L,KURTA - OS257_15377 (MIX),KURTA,1695.00,395.00,1695.00,1695.00,1695.00,1695.00,1695.00,1695.00,1695.00,0.00,0E-15
1251,OS307_XL,KURTA SET - OS307 (MIX),KURTA SET,3297.00,650.00,3297.00,3297.00,3297.00,3297.00,3297.00,3297.00,3297.00,0.00,0E-15
919,OS224_1433_M,KURTA SET - OS224_1433 (ROZANA),KURTA SET,2378.00,590.00,2495.00,2495.00,2495.00,2495.00,2495.00,2495.00,2495.00,0.00,0E-15
232,OS1103_2XL,GOWN - OS1103 (SURMAYA),GOWN,4295.00,995.00,4295.00,4295.00,4295.00,4295.00,4295.00,4295.00,4295.00,0.00,0E-15
361,OS123_1332_S,KURTA - OS123_1332 (MIX),KURTA,1595.00,381.00,1595.00,1595.00,1595.00,1595.00,1595.00,1595.00,1595.00,0.00,0E-15
564,OS164_S,KURTA - OS164 (MIX),KURTA,1695.00,395.00,1695.00,1695.00,1695.00,1695.00,1695.00,1695.00,1695.00,0.00,0E-15
1297,OS4172_XS,NILL - OS4172 (NILL),NILL,1995.00,500.00,2500.00,1995.00,1995.00,1995.00,1995.00,1995.00,1995.00,505.00,25.310000000000000
965,OS232_1431_3XL,KURTA SET - OS232_1431 (ROZANA),KURTA SET,2378.00,590.00,2495.00,2495.00,2495.00,2495.00,2495.00,2495.00,2495.00,0.00,0E-15
278,OS1120_2XL,KURTA SET - OS1120 (SURMAYA),KURTA SET,1895.00,510.00,1895.00,1895.00,1895.00,1895.00,1895.00,1895.00,1895.00,0.00,0E-15
315,OS115_2XL,KURTA - OS115 (MIX),KURTA,1995.00,425.00,1995.00,1995.00,1995.00,1995.00,1995.00,1995.00,1995.00,0.00,0E-15
610,OS172_1092_3XL,KURTA - OS172_1092 (MIX),KURTA,2298.00,570.00,2295.00,2295.00,2295.00,2295.00,2295.00,2295.00,2295.00,0.00,0E-15
418,OS138_14206_S,GOWN - OS138_14206 (MIX),GOWN,2795.00,695.00,2795.00,2795.00,2795.00,2795.00,2795.00,2795.00,2795.00,0.00,0E-15
424,OS139_14275_XL,GOWN - OS139_14275 (MIX),GOWN,2795.00,695.00,2795.00,2795.00,2795.00,2795.00,2795.00,2795.00,2795.00,0.00,0E-15
169,OS1084_M,KURTA SET - OS1084 (SURMAYA),KURTA SET,2395.00,1050.00,2395.00,2395.00,2395.00,2395.00,2395.00,2395.00,2395.00,0.00,0E-15
816,OS207_3145_3XL,KURTA - OS207_3145 (MOMENTS),KURTA,2178.00,538.00,2295.00,2295.00,2295.00,2295.00,2295.00,2295.00,2295.00,0.00,0E-15
1105,OS276_L,KURTA SET - OS276 (MIX),KURTA SET,3495.00,695.00,3495.00,3195.00,3495.00,3495.00,3495.00,3495.00,3495.00,300.00,9.390000000000000
132,OS1071_L,KURTA SET - OS1071 (SURMAYA),KURTA SET,2495.00,950.00,2495.00,2495.00,2495.00,2495.00,2495.00,2495.00,2495.00,0.00,0E-15
1128,OS278_3XL,KURTA SET - OS278 (MIX),KURTA SET,3295.00,650.00,3295.00,2995.00,3295.00,3295.00,3295.00,3295.00,3295.00,300.00,10.020000000000000
793,OS203_1100_L,KURTA - OS203_1100 (MIX),KURTA,2138.00,529.00,2395.00,2395.00,2395.00,2395.00,2395.00,2395.00,2395.00,0.00,0E-15
464,OS148_M,KURTA - OS148 (MIX),KURTA,1695.00,395.00,1695.00,1695.00,1695.00,1695.00,1695.00,1695.00,1695.00,0.00,0E-15
438,OS143_S,TOPS - OS143 (MIX),TOPS,1795.00,425.00,1995.00,1795.00,1995.00,1795.00,1795.00,1795.00,1795.00,200.00,11.140000000000000
673,OS182_5057_S,KURTA - OS182_5057 (COLORS-8),KURTA,1895.00,438.00,1895.00,1895.00,1895.00,1895.00,1895.00,1895.00,1895.00,0.00,0E-15
507,OS155_S,KURTA - OS155 (MIX),KURTA,1895.00,395.00,1895.00,1895.00,1895.00,1895.00,1895.00,1895.00,1895.00,0.00,0E-15
1171,OS282KR_L,KURTA - OS282KR (MIX),KURTA,2095.00,415.00,2295.00,2295.00,2095.00,2295.00,2095.00,2095.00,2095.00,200.00,9.550000000000000
750,OS196_1371_L,KURTA - OS196_1371 (MIX),KURTA,2178.00,538.00,2295.00,2295.00,2295.00,2295.00,2295.00,2295.00,2295.00,0.00,0E-15
109,OS1063_M,KURTA - OS1063 (MIX),KURTA,2395.00,540.00,2695.00,2395.00,2395.00,2695.00,2395.00,2395.00,2395.00,300.00,12.530000000000000
1314,OSKR266_L,NILL - OSKR266 (NILL),NILL,1995.00,425.00,1995.00,1995.00,1995.00,1995.00,1995.00,1995.00,1995.00,0.00,0E-15
773,OS200_5041_2XL,KURTA - OS200_5041 (COLORS-7),KURTA,1538.00,381.00,1595.00,1595.00,1595.00,1595.00,1595.00,1595.00,1595.00,0.00,0E-15
650,OS178_1115_XL,KURTA - OS178_1115 (MIX),KURTA,2398.00,595.00,2495.00,2495.00,2495.00,2495.00,2495.00,2495.00,2495.00,0.00,0E-15
607,OS171_1096_S,KURTA - OS171_1096 (MIX),KURTA,2238.00,552.00,2395.00,2395.00,2395.00,2395.00,2395.00,2395.00,2395.00,0.00,0E-15
458,OS147_15288_S,TOPS - OS147_15288 (MIX),TOPS,1595.00,361.00,1595.00,1595.00,1595.00,1595.00,1595.00,1595.00,1595.00,0.00,0E-15
1291,OS326_3XL,KURTA - OS326 (MIX),KURTA,1878.00,467.00,1995.00,1995.00,1995.00,1995.00,1995.00,1995.00,1995.00,0.00,0E-15
630,OS175_3153_M,KURTA - OS175_3153 (BREEZE-4),KURTA,2038.00,505.00,2195.00,2195.00,2195.00,2195.00,2195.00,2195.00,2195.00,0.00,0E-15
481,OS151_L,KURTA - OS151 (MIX),KURTA,1995.00,425.00,1895.00,1995.00,1995.00,1995.00,1995.00,1995.00,1995.00,100.00,5.280000000000000
1085,OS272_L,KURTA SET - OS272 (FOUR GEMS 2),KURTA SET,2795.00,680.00,2795.00,2795.00,2995.00,2795.00,2795.00,2795.00,2795.00,200.00,7.160000000000000
338,OS118_XL,KURTA - OS118 (MIX),KURTA,1895.00,395.00,1895.00,1895.00,1895.00,1895.00,1895.00,1895.00,1895.00,0.00,0E-15
836,OS210_3137_M,KURTA - OS210_3137 (MIX),KURTA,2098.00,519.00,2195.00,2195.00,2195.00,2195.00,2195.00,2195.00,2195.00,0.00,0E-15
89,OS106_14213_3XL,KURTA - OS106_14213 (MIX),KURTA,2395.00,581.00,2395.00,2395.00,2395.00,2395.00,2495.00,2395.00,2395.00,100.00,4.180000000000000
587,OS168_L,KURTA - OS168 (MIX),KURTA,1695.00,395.00,2495.00,1695.00,1695.00,1695.00,1695.00,1695.00,1695.00,800.00,47.200000000000000
1191,OS287_XL,KURTA SET - OS287 (MIX),KURTA SET,3495.00,695.00,3495.00,3195.00,3495.00,3495.00,3495.00,3495.00,3495.00,300.00,9.390000000000000
1228,OS294_2XL,KURTA SET - OS294 (MIX),KURTA SET,2975.00,595.00,2997.00,2895.00,2975.00,2975.00,2975.00,2975.00,2975.00,102.00,3.520000000000000
693,OS186_1377_2XL,KURTA - OS186_1377 (MIX),KURTA,2178.00,538.00,2295.00,2295.00,2295.00,2295.00,2295.00,2295.00,2295.00,0.00,0E-15
730,OS192_1124_3XL,KURTA - OS192_1124 (MIX),KURTA,2298.00,570.00,2295.00,2295.00,2295.00,2295.00,2295.00,2295.00,2295.00,0.00,0E-15
195,OS109_3095_XL,KURTA - OS109_3095 (MIX),KURTA,1895.00,471.00,1895.00,1895.00,1895.00,1895.00,1995.00,1895.00,1995.00,100.00,5.280000000000000
942,OS228_1432_L,KURTA SET - OS228_1432 (ROZANA),KURTA SET,2378.00,590.00,2495.00,2495.00,2495.00,2495.00,2495.00,2495.00,2495.00,0.00,0E-15
979,OS235_1112_M,KURTA - OS235_1112 (MIX),KURTA,3858.00,952.00,3995.00,3995.00,3995.00,3995.00,3995.00,3995.00,3995.00,0.00,0E-15
252,OS1109_M,KURTA SET - OS1109 (MIX),KURTA SET,5997.00,1195.00,5997.00,5997.00,5997.00,5997.00,5997.00,5997.00,5997.00,0.00,0E-15
3,3PL REUSABLE COTTON MASK - PACK OF 5,NILL - 3PL REUSABLE COTTON MASK - PACK OF 5 (NILL),NILL,299.00,150.00,299.00,299.00,299.00,299.00,299.00,299.00,299.00,0.00,0E-15
146,OS1074_S,KURTA SET - OS1074 (SURMAYA),KURTA SET,2495.00,1040.00,2495.00,2495.00,2495.00,2495.00,2495.00,2495.00,2495.00,0.00,0E-15
152,OS1075_S,KURTA - OS1075 (MIX),KURTA,2495.00,550.00,2795.00,2495.00,2495.00,2795.00,2495.00,2495.00,2495.00,300.00,12.020000000000000
295,OS113_3090_S,KURTA - OS113_3090 (MIX),KURTA,1995.00,500.00,1995.00,1995.00,1995.00,1995.00,2095.00,1995.00,2095.00,100.00,5.010000000000000
544,OS161_M,KURTA - OS161 (MIX),KURTA,1695.00,395.00,1695.00,1695.00,1695.00,1695.00,1695.00,1695.00,1695.00,0.00,0E-15
985,OS254_15374_M,KURTA - OS254_15374 (MIX),KURTA,1695.00,395.00,1695.00,1695.00,1695.00,1695.00,1695.00,1695.00,1695.00,0.00,0E-15
444,OS144_XL,TOPS - OS144 (MIX),TOPS,1795.00,425.00,1795.00,1795.00,1795.00,1795.00,1795.00,1795.00,1795.00,0.00,0E-15
189,OS1088_XL,KURTA SET - OS1088 (SURMAYA),KURTA SET,2050.00,875.00,2050.00,2050.00,2050.00,2050.00,2050.00,2050.00,2050.00,0.00,0E-15
1068,OS269_M,KURTA - OS269 (MIX),KURTA,1195.00,220.00,1195.00,1195.00,1195.00,1195.00,1195.00,1195.00,1195.00,0.00,0E-15
736,OS193_1062_2XL,KURTA - OS193_1062 (MIX),KURTA,2298.00,570.00,2395.00,2395.00,2395.00,2395.00,2395.00,2395.00,2395.00,0.00,0E-15
521,OS158_2XL,KURTA - OS158 (MIX),KURTA,1695.00,395.00,1895.00,1695.00,1695.00,1695.00,1695.00,1695.00,1695.00,200.00,11.800000000000000
999,OS256_15376_XL,KURTA - OS256_15376 (MIX),KURTA,1695.00,395.00,1695.00,1695.00,1695.00,1695.00,1695.00,1695.00,1695.00,0.00,0E-15
335,OS118_L,KURTA - OS118 (MIX),KURTA,1895.00,395.00,1895.00,1895.00,1895.00,1895.00,1895.00,1895.00,1895.00,0.00,0E-15
922,OS225_1434_2XL,KURTA SET - OS225_1434 (ROZANA),KURTA SET,2378.00,590.00,2495.00,2495.00,2495.00,2495.00,2495.00,2495.00,2495.00,0.00,0E-15
212,OS1094_S,KURTA SET - OS1094 (SURMAYA),KURTA SET,1995.00,845.00,1995.00,1995.00,1995.00,1995.00,1995.00,1995.00,1995.00,0.00,0E-15
1045,OS264_M,KURTA - OS264 (MIX),KURTA,1895.00,410.00,1895.00,1895.00,1895.00,1895.00,1895.00,1895.00,1895.00,0.00,0E-15
381,OS132_1866_2XL,KURTA - OS132_1866 (MIX),KURTA,1195.00,286.00,1195.00,1195.00,1195.00,1195.00,1195.00,1195.00,1195.00,0.00,0E-15
876,OS217_5071_L,KURTA - OS217_5071 (MIX),KURTA,1695.00,424.00,1695.00,1695.00,1695.00,1695.00,1795.00,1695.00,1695.00,100.00,5.900000000000000
1022,OS260_15380_S,KURTA - OS260_15380 (MIX),KURTA,1695.00,395.00,1695.00,1695.00,1695.00,1695.00,1695.00,1695.00,1695.00,0.00,0E-15
235,OS1103_M,GOWN - OS1103 (SURMAYA),GOWN,4295.00,995.00,4295.00,4295.00,4295.00,4295.00,4295.00,4295.00,4295.00,0.00,0E-15
358,OS123_1332_3XL,KURTA - OS123_1332 (MIX),KURTA,1595.00,381.00,1595.00,1595.00,1595.00,1595.00,1595.00,1595.00,1595.00,0.00,0E-15
899,OS221_3XL,KURTA - OS221 (MIX),KURTA,1795.00,425.00,1695.00,1795.00,1795.00,1795.00,1795.00,1795.00,1795.00,100.00,5.900000000000000
421,OS139_14275_L,GOWN - OS139_14275 (MIX),GOWN,2795.00,695.00,2795.00,2795.00,2795.00,2795.00,2795.00,2795.00,2795.00,0.00,0E-15
172,OS1086_2XL,KURTA SET - OS1086 (SURMAYA),KURTA SET,2150.00,940.00,2150.00,2150.00,2150.00,2150.00,2150.00,2150.00,2150.00,0.00,0E-15
1168,OS282_XL,KURTA SET - OS282 (MIX),KURTA SET,3197.00,640.00,3295.00,3197.00,3295.00,3295.00,3197.00,3197.00,3197.00,98.00,3.070000000000000
753,OS196_1371_XL,KURTA - OS196_1371 (MIX),KURTA,2178.00,538.00,2295.00,2295.00,2295.00,2295.00,2295.00,2295.00,2295.00,0.00,0E-15
859,OS214_3144_M,KURTA - OS214_3144 (MOMENTS),KURTA,2178.00,538.00,2295.00,2295.00,2295.00,2295.00,2295.00,2295.00,2295.00,0.00,0E-15
527,OS159_2XL,KURTA - OS159 (MIX),KURTA,1895.00,385.00,1895.00,1895.00,1895.00,1895.00,1895.00,1895.00,1895.00,0.00,0E-15
1062,OS268_L,KURTA - OS268 (MIX),KURTA,1395.00,220.00,1395.00,1395.00,1395.00,1395.00,1395.00,1395.00,1395.00,0.00,0E-15
66,OS105_3062_L,KURTA - OS105_3062 (MIX),KURTA,1595.00,381.00,1595.00,1595.00,1595.00,1595.00,1595.00,1595.00,1595.00,0.00,0E-15
375,OS127_2XL,KURTA - OS127 (MIX),KURTA,1995.00,425.00,1995.00,1995.00,1995.00,1995.00,1995.00,1995.00,1995.00,0.00,0E-15
1214,OS290_S,KURTA SET - OS290 (MIX),KURTA SET,3195.00,625.00,3195.00,3195.00,3195.00,3195.00,3195.00,3195.00,3195.00,0.00,0E-15
229,OS1101_M,KURTA SET - OS1101 (SURMAYA),KURTA SET,2295.00,1035.00,2295.00,2295.00,2295.00,2295.00,2295.00,2295.00,2295.00,0.00,0E-15
667,OS181_5051_S,KURTA - OS181_5051 (COLORS-8),KURTA,1778.00,438.00,1895.00,1895.00,1895.00,1895.00,1895.00,1895.00,1895.00,0.00,0E-15
1005,OS257_15377_XL,KURTA - OS257_15377 (MIX),KURTA,1695.00,395.00,1695.00,1695.00,1695.00,1695.00,1695.00,1695.00,1695.00,0.00,0E-15
1254,OS307KR_L,KURTA - OS307KR (MIX),KURTA,2195.00,425.00,2195.00,2195.00,2195.00,2195.00,2195.00,2195.00,2195.00,0.00,0E-15
916,OS224_1433_2XL,KURTA SET - OS224_1433 (ROZANA),KURTA SET,2378.00,590.00,2495.00,2495.00,2495.00,2495.00,2495.00,2495.00,2495.00,0.00,0E-15
318,OS115_M,KURTA - OS115 (MIX),KURTA,1995.00,425.00,1995.00,1995.00,1995.00,1995.00,1995.00,1995.00,1995.00,0.00,0E-15
275,OS1119_M,KURTA SET - OS1119 (SURMAYA),KURTA SET,4895.00,1150.00,4895.00,4895.00,4895.00,4895.00,4895.00,4895.00,4895.00,0.00,0E-15
713,OS189_5056_L,KURTA - OS189_5056 (COLORS-8),KURTA,1778.00,438.00,1895.00,1895.00,1895.00,1895.00,1895.00,1895.00,1895.00,0.00,0E-15
126,OS1068_L,KURTA SET - OS1068 (SURMAYA),KURTA SET,2495.00,950.00,2495.00,2495.00,2495.00,2495.00,2495.00,2495.00,2495.00,0.00,0E-15
1208,OS289KR_S,KURTA - OS289KR (MIX),KURTA,2195.00,425.00,2195.00,2195.00,2195.00,2195.00,2195.00,2195.00,2195.00,0.00,0E-15
962,OS231_1384_S,KURTA SET - OS231_1384 (MIX),KURTA SET,2678.00,662.00,2795.00,2795.00,2795.00,2795.00,2795.00,2795.00,2795.00,0.00,0E-15
959,OS231_1384_3XL,KURTA SET - OS231_1384 (MIX),KURTA SET,2678.00,662.00,2795.00,2795.00,2795.00,2795.00,2795.00,2795.00,2795.00,0.00,0E-15
813,OS206_3141_S,KURTA - OS206_3141 (MOMENTS),KURTA,2178.00,538.00,2295.00,2295.00,2295.00,2295.00,2295.00,2295.00,2295.00,0.00,0E-15
567,OS165_3XL,KURTA - OS165 (MIX),KURTA,1895.00,385.00,1895.00,1895.00,1895.00,1895.00,1895.00,1895.00,1895.00,0.00,0E-15
272,OS1119_2XL,KURTA SET - OS1119 (SURMAYA),KURTA SET,4895.00,1150.00,4895.00,4895.00,4895.00,4895.00,4895.00,4895.00,4895.00,0.00,0E-15
1108,OS276_XL,KURTA SET - OS276 (MIX),KURTA SET,3495.00,695.00,3495.00,3195.00,3495.00,3495.00,3495.00,3495.00,3495.00,300.00,9.390000000000000
26,IVORY-1424_3XL,NILL - IVORY-1424 (NILL),NILL,2494.00,818.00,2494.00,2494.00,2494.00,2494.00,2494.00,2494.00,2494.00,0.00,0E-15
129,OS1068_XL,KURTA SET - OS1068 (SURMAYA),KURTA SET,2495.00,950.00,2495.00,2495.00,2495.00,2495.00,2495.00,2495.00,2495.00,0.00,0E-15
1125,OS277KR_S,KURTA - OS277KR (MIX),KURTA,2295.00,440.00,2295.00,2295.00,2295.00,2295.00,2295.00,2295.00,2295.00,0.00,0E-15
796,OS203_1100_XL,KURTA - OS203_1100 (MIX),KURTA,2138.00,529.00,2395.00,2395.00,2395.00,2395.00,2395.00,2395.00,2395.00,0.00,0E-15
461,OS148_2XL,KURTA - OS148 (MIX),KURTA,1695.00,395.00,1695.00,1695.00,1695.00,1695.00,1695.00,1695.00,1695.00,0.00,0E-15
819,OS207_3145_S,KURTA - OS207_3145 (MOMENTS),KURTA,2178.00,538.00,2295.00,2295.00,2295.00,2295.00,2295.00,2295.00,2295.00,0.00,0E-15
106,OS1063_2XL,KURTA - OS1063 (MIX),KURTA,2395.00,540.00,2695.00,2395.00,2395.00,2695.00,2395.00,2395.00,2395.00,300.00,12.530000000000000
1151,OS280_2XL,KURTA SET - OS280 (MIX),KURTA SET,3297.00,650.00,3297.00,3297.00,3297.00,3297.00,3297.00,3297.00,3297.00,0.00,0E-15
770,OS199_5046_M,KURTA - OS199_5046 (COLORS-7),KURTA,1538.00,381.00,1595.00,1595.00,1595.00,1595.00,1595.00,1595.00,1595.00,0.00,0E-15
86,OS1056_S,KURTA SET - OS1056 (SURMAYA),KURTA SET,5395.00,1295.00,5395.00,5395.00,5395.00,5395.00,5395.00,5395.00,5395.00,0.00,0E-15
584,OS167_XS,KURTA - OS167 (MIX),KURTA,1695.00,395.00,1695.00,1695.00,1695.00,1695.00,1695.00,1695.00,1695.00,0.00,0E-15
484,OS151_XL,KURTA - OS151 (MIX),KURTA,1995.00,425.00,1895.00,1995.00,1995.00,1995.00,1995.00,1995.00,1995.00,100.00,5.280000000000000
1294,OS326_S,KURTA - OS326 (MIX),KURTA,1878.00,467.00,1995.00,1995.00,1995.00,1995.00,1995.00,1995.00,1995.00,0.00,0E-15
627,OS175_3153_2XL,KURTA - OS175_3153 (BREEZE-4),KURTA,2038.00,505.00,2195.00,2195.00,2195.00,2195.00,2195.00,2195.00,2195.00,0.00,0E-15
1194,OS287KR_L,KURTA - OS287KR (MIX),KURTA,2195.00,425.00,2195.00,2195.00,2195.00,2195.00,2195.00,2195.00,2195.00,0.00,0E-15
1317,OSKR266_XL,NILL - OSKR266 (NILL),NILL,1995.00,425.00,1995.00,1995.00,1995.00,1995.00,1995.00,1995.00,1995.00,0.00,0E-15
776,OS200_5041_M,KURTA - OS200_5041 (COLORS-7),KURTA,1538.00,381.00,1595.00,1595.00,1595.00,1595.00,1595.00,1595.00,1595.00,0.00,0E-15
604,OS171_1096_3XL,KURTA - OS171_1096 (MIX),KURTA,2238.00,552.00,2395.00,2395.00,2395.00,2395.00,2395.00,2395.00,2395.00,0.00,0E-15
63,OS1041_XL,KURTA SET - OS1041 (MIX),KURTA SET,0.00,0.00,,2895.00,,,,,,0.00,0E-15
504,OS155_3XL,KURTA - OS155 (MIX),KURTA,1895.00,395.00,1895.00,1895.00,1895.00,1895.00,1895.00,1895.00,1895.00,0.00,0E-15
6,FOUR GEMS-2,NILL - FOUR GEMS-2 (NILL),NILL,1695.00,899.00,1695.00,1695.00,1695.00,1695.00,1695.00,1695.00,1695.00,0.00,0E-15
255,OS111_3074_3XL,KURTA - OS111_3074 (MIX),KURTA,1895.00,471.00,1895.00,1895.00,1895.00,1895.00,1995.00,1895.00,1995.00,100.00,5.280000000000000
1025,OS261_15381_3XL,KURTA - OS261_15381 (MIX),KURTA,1695.00,395.00,1695.00,1695.00,1695.00,1695.00,1695.00,1695.00,1695.00,0.00,0E-15
398,OS134_XL,KURTA SET - OS134 (MIX),KURTA SET,3495.00,790.00,3495.00,3495.00,3495.00,3495.00,3495.00,3495.00,3495.00,0.00,0E-15
896,OS220_3154_S,KURTA - OS220_3154 (BREEZE-4),KURTA,2038.00,505.00,2195.00,2195.00,2195.00,2195.00,2195.00,2195.00,2195.00,0.00,0E-15
292,OS113_3090_3XL,KURTA - OS113_3090 (MIX),KURTA,1995.00,500.00,1995.00,1995.00,1995.00,1995.00,2095.00,1995.00,2095.00,100.00,5.010000000000000
43,OS102_14255_XL,KURTA - OS102_14255 (MIX),KURTA,1595.00,381.00,1595.00,1595.00,1595.00,1595.00,1595.00,1595.00,1595.00,0.00,0E-15
647,OS178_1115_L,KURTA - OS178_1115 (MIX),KURTA,2398.00,595.00,2495.00,2495.00,2495.00,2495.00,2495.00,2495.00,2495.00,0.00,0E-15
1088,OS272_XL,KURTA SET - OS272 (FOUR GEMS 2),KURTA SET,2795.00,680.00,2795.00,2795.00,2995.00,2795.00,2795.00,2795.00,2795.00,200.00,7.160000000000000
833,OS210_3137_2XL,KURTA - OS210_3137 (MIX),KURTA,2098.00,519.00,2195.00,2195.00,2195.00,2195.00,2195.00,2195.00,2195.00,0.00,0E-15
839,OS211_3011_2XL,KURTA - OS211_3011 (MIX),KURTA,1878.00,467.00,1995.00,1995.00,1995.00,1995.00,1995.00,1995.00,1995.00,0.00,0E-15
590,OS168_XL,KURTA - OS168 (MIX),KURTA,1695.00,395.00,2495.00,1695.00,1695.00,1695.00,1695.00,1695.00,1695.00,800.00,47.200000000000000
982,OS254_15374_2XL,KURTA - OS254_15374 (MIX),KURTA,1695.00,395.00,1695.00,1695.00,1695.00,1695.00,1695.00,1695.00,1695.00,0.00,0E-15
441,OS144_L,TOPS - OS144 (MIX),TOPS,1795.00,425.00,1795.00,1795.00,1795.00,1795.00,1795.00,1795.00,1795.00,0.00,0E-15
939,OS227_1437_XL,KURTA SET - OS227_1437 (ROZANA),KURTA SET,2378.00,590.00,2495.00,2495.00,2495.00,2495.00,2495.00,2495.00,2495.00,0.00,0E-15
298,OS1137_3XL,KURTA SET - OS1137 (SURMAYA),KURTA SET,2695.00,1150.00,2695.00,2695.00,2695.00,2695.00,2695.00,2695.00,2695.00,0.00,0E-15
1131,OS278_S,KURTA SET - OS278 (MIX),KURTA SET,3295.00,650.00,3295.00,2995.00,3295.00,3295.00,3295.00,3295.00,3295.00,300.00,10.020000000000000
49,OS103_4171_S,KURTA - OS103_4171 (MIX),KURTA,1995.00,500.00,1995.00,1995.00,1995.00,1995.00,2095.00,1995.00,2095.00,100.00,5.010000000000000
149,OS1075_3XL,KURTA - OS1075 (MIX),KURTA,2495.00,550.00,2795.00,2495.00,2495.00,2795.00,2495.00,2495.00,2495.00,300.00,12.020000000000000
1231,OS294_M,KURTA SET - OS294 (MIX),KURTA SET,2975.00,595.00,2997.00,2895.00,2975.00,2975.00,2975.00,2975.00,2975.00,102.00,3.520000000000000
690,OS185_1105_M,KURTA - OS185_1105 (MIX),KURTA,2138.00,529.00,2295.00,2295.00,2295.00,2295.00,2295.00,2295.00,2295.00,0.00,0E-15
593,OS169_L,KURTA - OS169 (MIX),KURTA,1795.00,435.00,1795.00,1795.00,1795.00,1795.00,1795.00,1795.00,1795.00,0.00,0E-15
261,OS1111_3XL,KURTA SET - OS1111 (SURMAYA),KURTA SET,1895.00,825.00,1895.00,1895.00,1895.00,1895.00,1895.00,1895.00,1895.00,0.00,0E-15
1257,OS307KR_XL,KURTA - OS307KR (MIX),KURTA,2195.00,425.00,2195.00,2195.00,2195.00,2195.00,2195.00,2195.00,2195.00,0.00,0E-15
925,OS225_1434_M,KURTA SET - OS225_1434 (ROZANA),KURTA SET,2378.00,590.00,2495.00,2495.00,2495.00,2495.00,2495.00,2495.00,2495.00,0.00,0E-15
238,OS1106_2XL,KURTA SET - OS1106 (SURMAYA),KURTA SET,2150.00,910.00,2150.00,2150.00,2150.00,2150.00,2150.00,2150.00,2150.00,0.00,0E-15
570,OS165_S,KURTA - OS165 (MIX),KURTA,1895.00,385.00,1895.00,1895.00,1895.00,1895.00,1895.00,1895.00,1895.00,0.00,0E-15
1094,OS273_XL,KURTA SET - OS273 (FOUR GEMS 2),KURTA SET,2795.00,680.00,2795.00,2795.00,2995.00,2795.00,2795.00,2795.00,2795.00,200.00,7.160000000000000
430,OS141_1331_XL,KURTA - OS141_1331 (MIX),KURTA,1595.00,381.00,1595.00,1595.00,1595.00,1595.00,1595.00,1595.00,1595.00,0.00,0E-15
92,OS106_14213_S,KURTA - OS106_14213 (MIX),KURTA,2395.00,581.00,2395.00,2395.00,2395.00,2395.00,2495.00,2395.00,2395.00,100.00,4.180000000000000
115,OS1064_M,KURTA SET - OS1064 (SURMAYA),KURTA SET,1895.00,695.00,1895.00,1895.00,1895.00,1895.00,1895.00,1895.00,1895.00,0.00,0E-15
1117,OS277_L,KURTA SET - OS277 (MIX),KURTA SET,3397.00,675.00,3397.00,3095.00,3397.00,3397.00,3397.00,3397.00,3397.00,302.00,9.760000000000000
779,OS201_3152_2XL,KURTA - OS201_3152 (BREEZE-4),KURTA,2038.00,505.00,2195.00,2195.00,2195.00,2195.00,2195.00,2195.00,2195.00,0.00,0E-15
138,OS1073_L,KURTA - OS1073 (MIX),KURTA,2095.00,500.00,2095.00,2095.00,2095.00,2095.00,2095.00,2095.00,2095.00,0.00,0E-15
971,OS233_1058_3XL,KURTA - OS233_1058 (MIX),KURTA,3858.00,952.00,3995.00,3995.00,3995.00,3995.00,3995.00,3995.00,3995.00,0.00,0E-15
802,OS204_3091_XL,KURTA - OS204_3091 (MIX),KURTA,2138.00,529.00,2395.00,2395.00,2395.00,2395.00,2395.00,2395.00,2395.00,0.00,0E-15
384,OS132_1866_M,KURTA - OS132_1866 (MIX),KURTA,1195.00,286.00,1195.00,1195.00,1195.00,1195.00,1195.00,1195.00,1195.00,0.00,0E-15
161,OS1081_3XL,KURTA SET - OS1081 (SURMAYA),KURTA SET,2195.00,895.00,2195.00,2195.00,2195.00,2195.00,2195.00,2195.00,2195.00,0.00,0E-15
1071,OS270_2XL,KURTA SET - OS270 (FOUR GEMS 2),KURTA SET,2795.00,680.00,2795.00,2795.00,2995.00,2795.00,2795.00,2795.00,2795.00,200.00,7.160000000000000
407,OS136_M,GOWN - OS136 (MIX),GOWN,3195.00,695.00,3195.00,3195.00,3195.00,3195.00,3195.00,3195.00,3195.00,0.00,0E-15
284,OS1125_L,NILL - OS1125 (NILL),NILL,2449.00,625.00,2449.00,2449.00,2449.00,2449.00,2449.00,2449.00,2449.00,0.00,0E-15
948,OS229_1435_L,KURTA SET - OS229_1435 (ROZANA),KURTA SET,2378.00,590.00,2495.00,2495.00,2495.00,2495.00,2495.00,2495.00,2495.00,0.00,0E-15
825,OS208_5043_S,KURTA - OS208_5043 (COLORS-7),KURTA,1538.00,381.00,1595.00,1595.00,1595.00,1595.00,1595.00,1595.00,1595.00,0.00,0E-15
1263,OS309_M,KURTA - OS309 (MIX),KURTA,2097.00,415.00,2097.00,2097.00,2097.00,2097.00,2097.00,2097.00,2097.00,0.00,0E-15
576,OS166_S,KURTA - OS166 (MIX),KURTA,1895.00,395.00,1895.00,1895.00,1895.00,1895.00,1895.00,1895.00,1895.00,0.00,0E-15
29,IVORY-1426_XL,NILL - IVORY-1426 (NILL),NILL,2494.00,818.00,2494.00,2494.00,2494.00,2494.00,2494.00,2494.00,2494.00,0.00,0E-15
908,OS222_3156_S,KURTA - OS222_3156 (BREEZE-4),KURTA,2038.00,505.00,2195.00,2195.00,2195.00,2195.00,2195.00,2195.00,2195.00,0.00,0E-15
1011,OS258_15378_XL,KURTA - OS258_15378 (MIX),KURTA,1695.00,395.00,1695.00,1695.00,1695.00,1695.00,1695.00,1695.00,1695.00,0.00,0E-15
175,OS1086_M,KURTA SET - OS1086 (SURMAYA),KURTA SET,2150.00,940.00,2150.00,2150.00,2150.00,2150.00,2150.00,2150.00,2150.00,0.00,0E-15
762,OS198_5045_L,KURTA - OS198_5045 (COLORS-7),KURTA,1538.00,381.00,1595.00,1595.00,1595.00,1595.00,1595.00,1595.00,1595.00,0.00,0E-15
1111,OS276KR_L,KURTA - OS276KR (MIX),KURTA,2495.00,490.00,2495.00,2495.00,2495.00,2495.00,2495.00,2495.00,2495.00,0.00,0E-15
324,OS116_14254_M,KURTA - OS116_14254 (MIX),KURTA,1595.00,381.00,1595.00,1595.00,1595.00,1595.00,1595.00,1595.00,1595.00,0.00,0E-15
716,OS189_5056_XL,KURTA - OS189_5056 (COLORS-8),KURTA,1778.00,438.00,1895.00,1895.00,1895.00,1895.00,1895.00,1895.00,1895.00,0.00,0E-15
1303,OSKR167_XL,NILL - OSKR167 (NILL),NILL,1695.00,395.00,1695.00,1695.00,1695.00,1695.00,1695.00,1695.00,1695.00,0.00,0E-15
221,OS110_14253_3XL,KURTA - OS110_14253 (MIX),KURTA,1595.00,381.00,1595.00,1595.00,1595.00,1595.00,1595.00,1595.00,1595.00,0.00,0E-15
470,OS149_M,KURTA - OS149 (MIX),KURTA,1795.00,425.00,1695.00,1795.00,1795.00,1795.00,1795.00,1795.00,1795.00,100.00,5.900000000000000
75,OS1051_XL,KURTA SET - OS1051 (SURMAYA),KURTA SET,1995.00,900.00,1995.00,1995.00,1995.00,1995.00,1995.00,1995.00,1995.00,0.00,0E-15
1157,OS280KR_2XL,KURTA - OS280KR (MIX),KURTA,2195.00,425.00,2195.00,2195.00,2195.00,2195.00,2195.00,2195.00,2195.00,0.00,0E-15
616,OS173_3090_3XL,KURTA - OS173_3090 (MIX),KURTA,1895.00,457.00,1895.00,1895.00,1895.00,1895.00,1895.00,1895.00,1895.00,0.00,0E-15
862,OS215_5072_2XL,KURTA - OS215_5072 (MIX),KURTA,1695.00,424.00,1695.00,1695.00,1695.00,1695.00,1795.00,1695.00,1795.00,100.00,5.900000000000000
842,OS211_3011_M,KURTA - OS211_3011 (MIX),KURTA,1878.00,467.00,1995.00,1995.00,1995.00,1995.00,1995.00,1995.00,1995.00,0.00,0E-15
344,OS119_3094_XL,KURTA - OS119_3094 (MIX),KURTA,1895.00,471.00,1895.00,1895.00,1895.00,1895.00,1995.00,1895.00,1995.00,100.00,5.280000000000000
201,OS1090_XL,KURTA SET - OS1090 (SURMAYA),KURTA SET,2295.00,980.00,2295.00,2295.00,2295.00,2295.00,2295.00,2295.00,2295.00,0.00,0E-15
1197,OS287KR_XL,KURTA - OS287KR (MIX),KURTA,2195.00,425.00,2195.00,2195.00,2195.00,2195.00,2195.00,2195.00,2195.00,0.00,0E-15
699,OS187_5073_2XL,KURTA - OS187_5073 (MIX),KURTA,1695.00,424.00,1695.00,1695.00,1695.00,1695.00,1795.00,1695.00,1695.00,100.00,5.900000000000000
865,OS215_5072_M,KURTA - OS215_5072 (MIX),KURTA,1695.00,424.00,1695.00,1695.00,1695.00,1695.00,1795.00,1695.00,1795.00,100.00,5.900000000000000
1054,OS266_2XL,KURTA - OS266 (MIX),KURTA,1995.00,425.00,1995.00,1995.00,1995.00,1995.00,1995.00,1995.00,1995.00,0.00,0E-15
722,OS190_1128_XL,KURTA - OS190_1128 (MIX),KURTA,2298.00,570.00,2295.00,2295.00,2295.00,2295.00,2295.00,2295.00,2295.00,0.00,0E-15
487,OS152_L,KURTA - OS152 (MIX),KURTA,1795.00,425.00,1695.00,1795.00,1795.00,1795.00,1795.00,1795.00,1795.00,100.00,5.900000000000000
181,OS1087_M,KURTA SET - OS1087 (SURMAYA),KURTA SET,2250.00,925.00,2250.00,2250.00,2250.00,2250.00,2250.00,2250.00,2250.00,0.00,0E-15
9,GOLD-1352_2XL,NILL - GOLD-1352 (NILL),NILL,4549.00,1165.00,4549.00,4549.00,4549.00,4549.00,4549.00,4549.00,4549.00,0.00,0E-15
15,IRIS_1416_3XL,NILL - IRIS_1416 (NILL),NILL,2494.00,818.00,2494.00,2494.00,2494.00,2494.00,2494.00,2494.00,2494.00,0.00,0E-15
679,OS183_5044_S,KURTA - OS183_5044 (COLORS-7),KURTA,1538.00,381.00,1595.00,1595.00,1595.00,1595.00,1595.00,1595.00,1595.00,0.00,0E-15
158,OS1076_S,KURTA SET - OS1076 (SURMAYA),KURTA SET,2495.00,1040.00,2495.00,2495.00,2495.00,2495.00,2495.00,2495.00,2495.00,0.00,0E-15
1320,PETALS-1232_3XL,NILL - PETALS-1232 (NILL),NILL,4049.00,1395.00,4049.00,4049.00,4049.00,4049.00,4049.00,4049.00,4049.00,0.00,0E-15
822,OS208_5043_3XL,KURTA - OS208_5043 (COLORS-7),KURTA,1538.00,381.00,1595.00,1595.00,1595.00,1595.00,1595.00,1595.00,1595.00,0.00,0E-15
656,OS179_1116_XL,KURTA - OS179_1116 (MIX),KURTA,2298.00,570.00,2395.00,2395.00,2395.00,2395.00,2395.00,2395.00,2395.00,0.00,0E-15
556,OS163_L,KURTA - OS163 (MIX),KURTA,1995.00,425.00,1995.00,1995.00,1995.00,1995.00,1995.00,1995.00,1995.00,0.00,0E-15
1220,OS290KR_S,KURTA - OS290KR (MIX),KURTA,2097.00,400.00,2097.00,2097.00,2097.00,2097.00,2097.00,2097.00,2097.00,0.00,0E-15
799,OS204_3091_L,KURTA - OS204_3091 (MIX),KURTA,2138.00,529.00,2395.00,2395.00,2395.00,2395.00,2395.00,2395.00,2395.00,0.00,0E-15
530,OS159_M,KURTA - OS159 (MIX),KURTA,1895.00,385.00,1895.00,1895.00,1895.00,1895.00,1895.00,1895.00,1895.00,0.00,0E-15
848,OS212_3143_M,KURTA - OS212_3143 (MOMENTS),KURTA,2178.00,538.00,2295.00,2295.00,2295.00,2295.00,2295.00,2295.00,2295.00,0.00,0E-15
742,OS195_5055_2XL,KURTA - OS195_5055 (COLORS-8),KURTA,1778.00,438.00,1895.00,1895.00,1895.00,1895.00,1895.00,1895.00,1895.00,0.00,0E-15
244,OS1108_2XL,KURTA SET - OS1108 (SURMAYA),KURTA SET,1795.00,780.00,1795.00,1795.00,1795.00,1795.00,1795.00,1795.00,1795.00,0.00,0E-15
1240,OS303_2XL,KURTA - OS303 (MIX),KURTA,2097.00,415.00,2097.00,2097.00,2097.00,2097.00,2097.00,2097.00,2097.00,0.00,0E-15
301,OS1137_S,KURTA SET - OS1137 (SURMAYA),KURTA SET,2695.00,1150.00,2695.00,2695.00,2695.00,2695.00,2695.00,2695.00,2695.00,0.00,0E-15
387,OS133_2XL,KURTA SET - OS133 (MIX),KURTA SET,3495.00,790.00,3495.00,3495.00,3495.00,3495.00,3495.00,3495.00,3495.00,0.00,0E-15
636,OS176_1015_M,KURTA - OS176_1015 (MIX),KURTA,2918.00,724.00,3095.00,3095.00,3095.00,3095.00,3095.00,3095.00,3095.00,0.00,0E-15
550,OS162_M,KURTA - OS162 (MIX),KURTA,1695.00,424.00,1695.00,1695.00,1695.00,1695.00,1795.00,1895.00,1695.00,200.00,11.800000000000000
991,OS255_15375_M,KURTA - OS255_15375 (MIX),KURTA,1695.00,395.00,1695.00,1695.00,1695.00,1695.00,1695.00,1695.00,1695.00,0.00,0E-15
1028,OS261_15381_S,KURTA - OS261_15381 (MIX),KURTA,1695.00,395.00,1695.00,1695.00,1695.00,1695.00,1695.00,1695.00,1695.00,0.00,0E-15
1177,OS283_L,KURTA - OS283 (MIX),KURTA,2197.00,425.00,2197.00,2197.00,2197.00,2197.00,2197.00,2197.00,2197.00,0.00,0E-15
785,OS202_3146_2XL,KURTA - OS202_3146 (MOMENTS),KURTA,2178.00,538.00,2295.00,2295.00,2295.00,2295.00,2295.00,2295.00,2295.00,0.00,0E-15
1326,PLATINUM,NILL - PLATINUM (NILL),NILL,1695.00,699.00,1695.00,1695.00,1695.00,1695.00,1695.00,1695.00,1695.00,0.00,0E-15
885,OS218_3151_XL,KURTA - OS218_3151 (BREEZE-4),KURTA,2038.00,505.00,2195.00,2195.00,2195.00,2195.00,2195.00,2195.00,2195.00,0.00,0E-15
1134,OS278KR_3XL,KURTA - OS278KR (MIX),KURTA,2397.00,460.00,2397.00,2397.00,2397.00,2397.00,2397.00,2397.00,2397.00,0.00,0E-15
52,OS104_1276_2XL,KURTA - OS104_1276 (MIX),KURTA,1595.00,381.00,1595.00,1595.00,1595.00,1595.00,1595.00,1595.00,1595.00,0.00,0E-15
1034,OS262_S,KURTA - OS262 (MIX),KURTA,1995.00,425.00,1695.00,1995.00,1995.00,1995.00,1995.00,1995.00,1995.00,300.00,17.700000000000000
493,OS153_L,KURTA - OS153 (MIX),KURTA,1695.00,395.00,1895.00,1695.00,1695.00,1695.00,1695.00,1695.00,1695.00,200.00,11.800000000000000
759,OS197_5053_XL,KURTA - OS197_5053 (COLORS-8),KURTA,1895.00,438.00,1895.00,1895.00,1895.00,1895.00,1895.00,1895.00,1895.00,0.00,0E-15
95,OS1060_3XL,KURTA SET - OS1060 (SURMAYA),KURTA SET,2495.00,950.00,2495.00,2495.00,2495.00,2495.00,2495.00,2495.00,2495.00,0.00,0E-15
1091,OS273_L,KURTA SET - OS273 (FOUR GEMS 2),KURTA SET,2795.00,680.00,2795.00,2795.00,2995.00,2795.00,2795.00,2795.00,2795.00,200.00,7.160000000000000
427,OS141_1331_L,KURTA - OS141_1331 (MIX),KURTA,1595.00,381.00,1595.00,1595.00,1595.00,1595.00,1595.00,1595.00,1595.00,0.00,0E-15
72,OS1051_L,KURTA SET - OS1051 (SURMAYA),KURTA SET,1995.00,900.00,1995.00,1995.00,1995.00,1995.00,1995.00,1995.00,1995.00,0.00,0E-15
404,OS136_2XL,GOWN - OS136 (MIX),GOWN,3195.00,695.00,3195.00,3195.00,3195.00,3195.00,3195.00,3195.00,3195.00,0.00,0E-15
1137,OS278KR_S,KURTA - OS278KR (MIX),KURTA,2397.00,460.00,2397.00,2397.00,2397.00,2397.00,2397.00,2397.00,2397.00,0.00,0E-15
805,OS205_1054_L,KURTA - OS205_1054 (MIX),KURTA,2298.00,570.00,2395.00,2395.00,2395.00,2395.00,2395.00,2395.00,2395.00,0.00,0E-15
473,OS150_2XL,KURTA - OS150 (MIX),KURTA,1695.00,395.00,1895.00,1695.00,1695.00,1695.00,1695.00,1695.00,1695.00,200.00,11.800000000000000
450,OS145_XS,TOPS - OS145 (MIX),TOPS,1895.00,450.00,1895.00,1895.00,1895.00,1895.00,1895.00,1895.00,1895.00,0.00,0E-15
118,OS1066_2XL,KURTA SET - OS1066 (SURMAYA),KURTA SET,4895.00,1150.00,4895.00,4895.00,4895.00,4895.00,4895.00,4895.00,4895.00,0.00,0E-15
1114,OS276KR_XL,KURTA - OS276KR (MIX),KURTA,2495.00,490.00,2495.00,2495.00,2495.00,2495.00,2495.00,2495.00,2495.00,0.00,0E-15
782,OS201_3152_M,KURTA - OS201_3152 (BREEZE-4),KURTA,2038.00,505.00,2195.00,2195.00,2195.00,2195.00,2195.00,2195.00,2195.00,0.00,0E-15
264,OS1111_S,KURTA SET - OS1111 (SURMAYA),KURTA SET,1895.00,825.00,1895.00,1895.00,1895.00,1895.00,1895.00,1895.00,1895.00,0.00,0E-15
928,OS226_1436_2XL,KURTA SET - OS226_1436 (ROZANA),KURTA SET,2378.00,590.00,2495.00,2495.00,2495.00,2495.00,2495.00,2495.00,2495.00,0.00,0E-15
258,OS111_3074_S,KURTA - OS111_3074 (MIX),KURTA,1895.00,471.00,1895.00,1895.00,1895.00,1895.00,1995.00,1895.00,1995.00,100.00,5.280000000000000
281,OS1120_M,KURTA SET - OS1120 (SURMAYA),KURTA SET,1895.00,510.00,1895.00,1895.00,1895.00,1895.00,1895.00,1895.00,1895.00,0.00,0E-15
945,OS228_1432_XL,KURTA SET - OS228_1432 (ROZANA),KURTA SET,2378.00,590.00,2495.00,2495.00,2495.00,2495.00,2495.00,2495.00,2495.00,0.00,0E-15
951,OS229_1435_XL,KURTA SET - OS229_1435 (ROZANA),KURTA SET,2378.00,590.00,2495.00,2495.00,2495.00,2495.00,2495.00,2495.00,2495.00,0.00,0E-15
1014,OS259_15379_L,KURTA - OS259_15379 (MIX),KURTA,1695.00,395.00,1695.00,1695.00,1695.00,1695.00,1695.00,1695.00,1695.00,0.00,0E-15
1097,OS274_S,TOPS - OS274 (MIX),TOPS,1695.00,340.00,1695.00,1695.00,1695.00,1695.00,1695.00,1695.00,1695.00,0.00,0E-15
410,OS137_14380_2XL,GOWN - OS137_14380 (MIX),GOWN,2795.00,695.00,2795.00,2795.00,2795.00,2795.00,2795.00,2795.00,2795.00,0.00,0E-15
78,OS1055_L,KURTA SET - OS1055 (SURMAYA),KURTA SET,2150.00,975.00,2150.00,2150.00,2150.00,2150.00,2150.00,2150.00,2150.00,0.00,0E-15
218,OS1097_S,KURTA SET - OS1097 (SURMAYA),KURTA SET,1895.00,825.00,1895.00,1895.00,1895.00,1895.00,1895.00,1895.00,1895.00,0.00,0E-15
1051,OS265_M,KURTA - OS265 (MIX),KURTA,1895.00,410.00,1895.00,1895.00,1895.00,1895.00,1895.00,1895.00,1895.00,0.00,0E-15
1300,OSKR167_L,NILL - OSKR167 (NILL),NILL,1695.00,395.00,1695.00,1695.00,1695.00,1695.00,1695.00,1695.00,1695.00,0.00,0E-15
968,OS232_1431_S,KURTA SET - OS232_1431 (ROZANA),KURTA SET,2378.00,590.00,2495.00,2495.00,2495.00,2495.00,2495.00,2495.00,2495.00,0.00,0E-15
719,OS190_1128_L,KURTA - OS190_1128 (MIX),KURTA,2298.00,570.00,2295.00,2295.00,2295.00,2295.00,2295.00,2295.00,2295.00,0.00,0E-15
573,OS166_3XL,KURTA - OS166 (MIX),KURTA,1895.00,395.00,1895.00,1895.00,1895.00,1895.00,1895.00,1895.00,1895.00,0.00,0E-15
364,OS125_3XL,KURTA - OS125 (MIX),KURTA,2095.00,450.00,2095.00,2095.00,2095.00,2095.00,2095.00,2095.00,2095.00,0.00,0E-15
32,MASK-08-NEW,NILL - MASK-08-NEW (NILL),NILL,499.00,252.00,499.00,499.00,499.00,499.00,499.00,499.00,499.00,0.00,0E-15
905,OS222_3156_3XL,KURTA - OS222_3156 (BREEZE-4),KURTA,2038.00,505.00,2195.00,2195.00,2195.00,2195.00,2195.00,2195.00,2195.00,0.00,0E-15
659,OS180_3134_L,KURTA - OS180_3134 (MIX),KURTA,2098.00,519.00,2195.00,2195.00,2195.00,2195.00,2195.00,2195.00,2195.00,0.00,0E-15
327,OS117_3063_2XL,KURTA - OS117_3063 (MIX),KURTA,1595.00,381.00,1595.00,1595.00,1595.00,1595.00,1595.00,1595.00,1595.00,0.00,0E-15
513,OS156_S,KURTA - OS156 (MIX),KURTA,1895.00,395.00,1895.00,1895.00,1895.00,1895.00,1895.00,1895.00,1895.00,0.00,0E-15
1260,OS309_2XL,KURTA - OS309 (MIX),KURTA,2097.00,415.00,2097.00,2097.00,2097.00,2097.00,2097.00,2097.00,2097.00,0.00,0E-15
1154,OS280_M,KURTA SET - OS280 (MIX),KURTA SET,3297.00,650.00,3297.00,3297.00,3297.00,3297.00,3297.00,3297.00,3297.00,0.00,0E-15
1160,OS280KR_M,KURTA - OS280KR (MIX),KURTA,2195.00,425.00,2195.00,2195.00,2195.00,2195.00,2195.00,2195.00,2195.00,0.00,0E-15
613,OS172_1092_S,KURTA - OS172_1092 (MIX),KURTA,2298.00,570.00,2295.00,2295.00,2295.00,2295.00,2295.00,2295.00,2295.00,0.00,0E-15
619,OS173_3090_S,KURTA - OS173_3090 (MIX),KURTA,1895.00,457.00,1895.00,1895.00,1895.00,1895.00,1895.00,1895.00,1895.00,0.00,0E-15
467,OS149_2XL,KURTA - OS149 (MIX),KURTA,1795.00,425.00,1695.00,1795.00,1795.00,1795.00,1795.00,1795.00,1795.00,100.00,5.900000000000000
321,OS116_14254_2XL,KURTA - OS116_14254 (MIX),KURTA,1595.00,381.00,1595.00,1595.00,1595.00,1595.00,1595.00,1595.00,1595.00,0.00,0E-15
1008,OS258_15378_L,KURTA - OS258_15378 (MIX),KURTA,1695.00,395.00,1695.00,1695.00,1695.00,1695.00,1695.00,1695.00,1695.00,0.00,0E-15
178,OS1087_2XL,KURTA SET - OS1087 (SURMAYA),KURTA SET,2250.00,925.00,2250.00,2250.00,2250.00,2250.00,2250.00,2250.00,2250.00,0.00,0E-15
510,OS156_3XL,KURTA - OS156 (MIX),KURTA,1895.00,395.00,1895.00,1895.00,1895.00,1895.00,1895.00,1895.00,1895.00,0.00,0E-15
1174,OS282KR_XL,KURTA - OS282KR (MIX),KURTA,2095.00,415.00,2295.00,2295.00,2095.00,2295.00,2095.00,2095.00,2095.00,200.00,9.550000000000000
12,HASTAG-1193_2XL,NILL - HASTAG-1193 (NILL),NILL,2449.00,795.00,2449.00,2449.00,2449.00,2449.00,2449.00,2449.00,2449.00,0.00,0E-15
676,OS183_5044_3XL,KURTA - OS183_5044 (COLORS-7),KURTA,1538.00,381.00,1595.00,1595.00,1595.00,1595.00,1595.00,1595.00,1595.00,0.00,0E-15
1031,OS262_3XL,KURTA - OS262 (MIX),KURTA,1995.00,425.00,1695.00,1995.00,1995.00,1995.00,1995.00,1995.00,1995.00,300.00,17.700000000000000
367,OS125_S,KURTA - OS125 (MIX),KURTA,2095.00,450.00,2095.00,2095.00,2095.00,2095.00,2095.00,2095.00,2095.00,0.00,0E-15
35,MIRROR-1326_M,NILL - MIRROR-1326 (NILL),NILL,3149.00,859.00,3149.00,3149.00,3149.00,3149.00,3149.00,3149.00,3149.00,0.00,0E-15
533,OS160_2XL,KURTA - OS160 (MIX),KURTA,1695.00,424.00,1695.00,1695.00,1695.00,1695.00,1795.00,1895.00,1695.00,200.00,11.800000000000000
390,OS133_M,KURTA SET - OS133 (MIX),KURTA SET,3495.00,790.00,3495.00,3495.00,3495.00,3495.00,3495.00,3495.00,3495.00,0.00,0E-15
155,OS1076_3XL,KURTA SET - OS1076 (SURMAYA),KURTA SET,2495.00,1040.00,2495.00,2495.00,2495.00,2495.00,2495.00,2495.00,2495.00,0.00,0E-15
1200,OS289_L,KURTA SET - OS289 (MIX),KURTA SET,3095.00,615.00,3095.00,2895.00,3095.00,3095.00,3095.00,3095.00,3095.00,200.00,6.910000000000000
868,OS216_3095_2XL,KURTA - OS216_3095 (MIX),KURTA,1895.00,457.00,1895.00,1895.00,1895.00,1895.00,1995.00,1895.00,1995.00,100.00,5.280000000000000
845,OS212_3143_2XL,KURTA - OS212_3143 (MOMENTS),KURTA,2178.00,538.00,2295.00,2295.00,2295.00,2295.00,2295.00,2295.00,2295.00,0.00,0E-15
135,OS1071_XL,KURTA SET - OS1071 (SURMAYA),KURTA SET,2495.00,950.00,2495.00,2495.00,2495.00,2495.00,2495.00,2495.00,2495.00,0.00,0E-15
553,OS163_2XL,KURTA - OS163 (MIX),KURTA,1995.00,425.00,1995.00,1995.00,1995.00,1995.00,1995.00,1995.00,1995.00,0.00,0E-15
1217,OS290KR_3XL,KURTA - OS290KR (MIX),KURTA,2097.00,400.00,2097.00,2097.00,2097.00,2097.00,2097.00,2097.00,2097.00,0.00,0E-15
112,OS1064_2XL,KURTA SET - OS1064 (SURMAYA),KURTA SET,1895.00,695.00,1895.00,1895.00,1895.00,1895.00,1895.00,1895.00,1895.00,0.00,0E-15
1243,OS303_M,KURTA - OS303 (MIX),KURTA,2097.00,415.00,2097.00,2097.00,2097.00,2097.00,2097.00,2097.00,2097.00,0.00,0E-15
653,OS179_1116_L,KURTA - OS179_1116 (MIX),KURTA,2298.00,570.00,2395.00,2395.00,2395.00,2395.00,2395.00,2395.00,2395.00,0.00,0E-15
702,OS187_5073_M,KURTA - OS187_5073 (MIX),KURTA,1695.00,424.00,1695.00,1695.00,1695.00,1695.00,1795.00,1695.00,1695.00,100.00,5.900000000000000
1180,OS283_XL,KURTA - OS283 (MIX),KURTA,2197.00,425.00,2197.00,2197.00,2197.00,2197.00,2197.00,2197.00,2197.00,0.00,0E-15
931,OS226_1436_M,KURTA SET - OS226_1436 (ROZANA),KURTA SET,2378.00,590.00,2495.00,2495.00,2495.00,2495.00,2495.00,2495.00,2495.00,0.00,0E-15
1074,OS270_M,KURTA SET - OS270 (FOUR GEMS 2),KURTA SET,2795.00,680.00,2795.00,2795.00,2995.00,2795.00,2795.00,2795.00,2795.00,200.00,7.160000000000000
882,OS218_3151_L,KURTA - OS218_3151 (BREEZE-4),KURTA,2038.00,505.00,2195.00,2195.00,2195.00,2195.00,2195.00,2195.00,2195.00,0.00,0E-15
304,OS1144_3XL,KURTA SET - OS1144 (SURMAYA),KURTA SET,2695.00,1150.00,2695.00,2695.00,2695.00,2695.00,2695.00,2695.00,2695.00,0.00,0E-15
633,OS176_1015_2XL,KURTA - OS176_1015 (MIX),KURTA,2918.00,724.00,3095.00,3095.00,3095.00,3095.00,3095.00,3095.00,3095.00,0.00,0E-15
55,OS104_1276_M,KURTA - OS104_1276 (MIX),KURTA,1595.00,381.00,1595.00,1595.00,1595.00,1595.00,1595.00,1595.00,1595.00,0.00,0E-15
241,OS1106_M,KURTA SET - OS1106 (SURMAYA),KURTA SET,2150.00,910.00,2150.00,2150.00,2150.00,2150.00,2150.00,2150.00,2150.00,0.00,0E-15
1237,OS294KR_M,KURTA - OS294KR (MIX),KURTA,2095.00,410.00,2095.00,2095.00,2095.00,2095.00,2095.00,2095.00,2095.00,0.00,0E-15
1323,PETALS-1232_XL,NILL - PETALS-1232 (NILL),NILL,4049.00,1395.00,4049.00,4049.00,4049.00,4049.00,4049.00,4049.00,4049.00,0.00,0E-15
696,OS186_1377_M,KURTA - OS186_1377 (MIX),KURTA,2178.00,538.00,2295.00,2295.00,2295.00,2295.00,2295.00,2295.00,2295.00,0.00,0E-15
98,OS1060_S,KURTA SET - OS1060 (SURMAYA),KURTA SET,2495.00,950.00,2495.00,2495.00,2495.00,2495.00,2495.00,2495.00,2495.00,0.00,0E-15
596,OS169_XL,KURTA - OS169 (MIX),KURTA,1795.00,435.00,1795.00,1795.00,1795.00,1795.00,1795.00,1795.00,1795.00,0.00,0E-15
341,OS119_3094_L,KURTA - OS119_3094 (MIX),KURTA,1895.00,471.00,1895.00,1895.00,1895.00,1895.00,1995.00,1895.00,1995.00,100.00,5.280000000000000
347,OS120_14412_L,KURTA - OS120_14412 (MIX),KURTA,1895.00,471.00,1895.00,1895.00,1895.00,1895.00,1995.00,1895.00,1995.00,100.00,5.280000000000000
988,OS255_15375_2XL,KURTA - OS255_15375 (MIX),KURTA,1695.00,395.00,1695.00,1695.00,1695.00,1695.00,1695.00,1695.00,1695.00,0.00,0E-15
447,OS145_M,TOPS - OS145 (MIX),TOPS,1895.00,450.00,1895.00,1895.00,1895.00,1895.00,1895.00,1895.00,1895.00,0.00,0E-15
490,OS152_XL,KURTA - OS152 (MIX),KURTA,1795.00,425.00,1695.00,1795.00,1795.00,1795.00,1795.00,1795.00,1795.00,100.00,5.900000000000000
888,OS219_5054_L,KURTA - OS219_5054 (COLORS-8),KURTA,1778.00,438.00,1895.00,1895.00,1895.00,1895.00,1895.00,1895.00,1895.00,0.00,0E-15
639,OS177_1057_2XL,KURTA - OS177_1057 (MIX),KURTA,2878.00,714.00,2995.00,2995.00,2995.00,2995.00,2995.00,2995.00,2995.00,0.00,0E-15
198,OS1090_L,KURTA SET - OS1090 (SURMAYA),KURTA SET,2295.00,980.00,2295.00,2295.00,2295.00,2295.00,2295.00,2295.00,2295.00,0.00,0E-15
739,OS193_1062_M,KURTA - OS193_1062 (MIX),KURTA,2298.00,570.00,2395.00,2395.00,2395.00,2395.00,2395.00,2395.00,2395.00,0.00,0E-15
854,OS213_15284_XL,TOPS - OS213_15284 (MIX),TOPS,1695.00,375.00,1695.00,1695.00,1695.00,1695.00,1695.00,1695.00,1695.00,0.00,0E-15
1186,OS287_2XL,KURTA SET - OS287 (MIX),KURTA SET,3495.00,695.00,3495.00,3195.00,3495.00,3495.00,3495.00,3495.00,3495.00,300.00,9.390000000000000
522,OS158_3XL,KURTA - OS158 (MIX),KURTA,1695.00,395.00,1895.00,1695.00,1695.00,1695.00,1695.00,1695.00,1695.00,200.00,11.800000000000000
1209,OS289KR_XL,KURTA - OS289KR (MIX),KURTA,2195.00,425.00,2195.00,2195.00,2195.00,2195.00,2195.00,2195.00,2195.00,0.00,0E-15
144,OS1074_L,KURTA SET - OS1074 (SURMAYA),KURTA SET,2495.00,1040.00,2495.00,2495.00,2495.00,2495.00,2495.00,2495.00,2495.00,0.00,0E-15
1140,OS279_3XL,KURTA SET - OS279 (MIX),KURTA SET,3197.00,625.00,3197.00,2995.00,3197.00,3197.00,3197.00,3197.00,3197.00,202.00,6.740000000000000
808,OS205_1054_XL,KURTA - OS205_1054 (MIX),KURTA,2298.00,570.00,2395.00,2395.00,2395.00,2395.00,2395.00,2395.00,2395.00,0.00,0E-15
476,OS150_M,KURTA - OS150 (MIX),KURTA,1695.00,395.00,1895.00,1695.00,1695.00,1695.00,1695.00,1695.00,1695.00,200.00,11.800000000000000
831,OS209_5058_S,KURTA - OS209_5058 (COLORS-8),KURTA,1778.00,438.00,1895.00,1895.00,1895.00,1895.00,1895.00,1895.00,1895.00,0.00,0E-15
167,OS1084_3XL,KURTA SET - OS1084 (SURMAYA),KURTA SET,2395.00,1050.00,2395.00,2395.00,2395.00,2395.00,2395.00,2395.00,2395.00,0.00,0E-15
1163,OS282_2XL,KURTA SET - OS282 (MIX),KURTA SET,3197.00,640.00,3295.00,3197.00,3295.00,3295.00,3197.00,3197.00,3197.00,98.00,3.070000000000000
499,OS154_L,KURTA - OS154 (MIX),KURTA,1695.00,395.00,1895.00,1695.00,1695.00,1695.00,1695.00,1695.00,1695.00,200.00,11.800000000000000
1017,OS259_15379_XL,KURTA - OS259_15379 (MIX),KURTA,1695.00,395.00,1695.00,1695.00,1695.00,1695.00,1695.00,1695.00,1695.00,0.00,0E-15
353,OS122_1736_L,KURTA - OS122_1736 (MIX),KURTA,1895.00,471.00,1895.00,1895.00,1895.00,1895.00,1995.00,1895.00,1995.00,100.00,5.280000000000000
994,OS256_15376_2XL,KURTA - OS256_15376 (MIX),KURTA,1695.00,395.00,1695.00,1695.00,1695.00,1695.00,1695.00,1695.00,1695.00,0.00,0E-15
1000,OS257_15377_2XL,KURTA - OS257_15377 (MIX),KURTA,1695.00,395.00,1695.00,1695.00,1695.00,1695.00,1695.00,1695.00,1695.00,0.00,0E-15
453,OS146_S,TOPS - OS146 (MIX),TOPS,1795.00,415.00,1795.00,1795.00,1795.00,1895.00,1795.00,1795.00,1795.00,100.00,5.570000000000000
330,OS117_3063_M,KURTA - OS117_3063 (MIX),KURTA,1595.00,381.00,1595.00,1595.00,1595.00,1595.00,1595.00,1595.00,1595.00,0.00,0E-15
307,OS1144_S,KURTA SET - OS1144 (SURMAYA),KURTA SET,2695.00,1150.00,2695.00,2695.00,2695.00,2695.00,2695.00,2695.00,2695.00,0.00,0E-15
184,OS1088_2XL,KURTA SET - OS1088 (SURMAYA),KURTA SET,2050.00,875.00,2050.00,2050.00,2050.00,2050.00,2050.00,2050.00,2050.00,0.00,0E-15
267,OS1113_3XL,KURTA SET - OS1113 (SURMAYA),KURTA SET,2195.00,930.00,2195.00,2195.00,2195.00,2195.00,2195.00,2195.00,2195.00,0.00,0E-15
516,OS157_3XL,KURTA - OS157 (MIX),KURTA,1795.00,425.00,1795.00,1795.00,1795.00,1795.00,1795.00,1795.00,1795.00,0.00,0E-15
1203,OS289_XL,KURTA SET - OS289 (MIX),KURTA SET,3095.00,615.00,3095.00,2895.00,3095.00,3095.00,3095.00,3095.00,3095.00,200.00,6.910000000000000
871,OS216_3095_M,KURTA - OS216_3095 (MIX),KURTA,1895.00,457.00,1895.00,1895.00,1895.00,1895.00,1995.00,1895.00,1995.00,100.00,5.280000000000000
1063,OS268_M,KURTA - OS268 (MIX),KURTA,1395.00,220.00,1395.00,1395.00,1395.00,1395.00,1395.00,1395.00,1395.00,0.00,0E-15
230,OS1101_S,KURTA SET - OS1101 (SURMAYA),KURTA SET,2295.00,1035.00,2295.00,2295.00,2295.00,2295.00,2295.00,2295.00,2295.00,0.00,0E-15
313,OS1147_S,KURTA SET - OS1147 (SURMAYA),KURTA SET,2695.00,1150.00,2695.00,2695.00,2695.00,2695.00,2695.00,2695.00,2695.00,0.00,0E-15
1309,OSKR169_S,NILL - OSKR169 (NILL),NILL,1795.00,435.00,1795.00,1795.00,1795.00,1795.00,1795.00,1795.00,1795.00,0.00,0E-15
562,OS164_L,KURTA - OS164 (MIX),KURTA,1695.00,395.00,1695.00,1695.00,1695.00,1695.00,1695.00,1695.00,1695.00,0.00,0E-15
376,OS127_3XL,KURTA - OS127 (MIX),KURTA,1995.00,425.00,1995.00,1995.00,1995.00,1995.00,1995.00,1995.00,1995.00,0.00,0E-15
1249,OS307_M,KURTA SET - OS307 (MIX),KURTA SET,3297.00,650.00,3297.00,3297.00,3297.00,3297.00,3297.00,3297.00,3297.00,0.00,0E-15
622,OS174_3155_3XL,KURTA - OS174_3155 (BREEZE-4),KURTA,2038.00,505.00,2195.00,2195.00,2195.00,2195.00,2195.00,2195.00,2195.00,0.00,0E-15
917,OS224_1433_3XL,KURTA SET - OS224_1433 (ROZANA),KURTA SET,2378.00,590.00,2495.00,2495.00,2495.00,2495.00,2495.00,2495.00,2495.00,0.00,0E-15
954,OS230_1438_L,KURTA SET - OS230_1438 (ROZANA),KURTA SET,2378.00,590.00,2495.00,2495.00,2495.00,2495.00,2495.00,2495.00,2495.00,0.00,0E-15
708,OS188_5042_M,KURTA - OS188_5042 (COLORS-7),KURTA,1538.00,381.00,1595.00,1595.00,1595.00,1595.00,1595.00,1595.00,1595.00,0.00,0E-15
21,IVORY_1423_2XL,NILL - IVORY_1423 (NILL),NILL,2494.00,818.00,2494.00,2494.00,2494.00,2494.00,2494.00,2494.00,2494.00,0.00,0E-15
768,OS199_5046_3XL,KURTA - OS199_5046 (COLORS-7),KURTA,1538.00,381.00,1595.00,1595.00,1595.00,1595.00,1595.00,1595.00,1595.00,0.00,0E-15
668,OS181_5051_XL,KURTA - OS181_5051 (COLORS-8),KURTA,1778.00,438.00,1895.00,1895.00,1895.00,1895.00,1895.00,1895.00,1895.00,0.00,0E-15
127,OS1068_M,KURTA SET - OS1068 (SURMAYA),KURTA SET,2495.00,950.00,2495.00,2495.00,2495.00,2495.00,2495.00,2495.00,2495.00,0.00,0E-15
121,OS1066_M,KURTA SET - OS1066 (SURMAYA),KURTA SET,4895.00,1150.00,4895.00,4895.00,4895.00,4895.00,4895.00,4895.00,4895.00,0.00,0E-15
662,OS180_3134_XL,KURTA - OS180_3134 (MIX),KURTA,2098.00,519.00,2195.00,2195.00,2195.00,2195.00,2195.00,2195.00,2195.00,0.00,0E-15
814,OS206_3141_XL,KURTA - OS206_3141 (MOMENTS),KURTA,2178.00,538.00,2295.00,2295.00,2295.00,2295.00,2295.00,2295.00,2295.00,0.00,0E-15
1057,OS266_M,KURTA - OS266 (MIX),KURTA,1995.00,425.00,1995.00,1995.00,1995.00,1995.00,1995.00,1995.00,1995.00,0.00,0E-15
370,OS126_14249_3XL,KURTA - OS126_14249 (MIX),KURTA,1595.00,381.00,1595.00,1595.00,1595.00,1595.00,1595.00,1595.00,1595.00,0.00,0E-15
273,OS1119_3XL,KURTA SET - OS1119 (SURMAYA),KURTA SET,4895.00,1150.00,4895.00,4895.00,4895.00,4895.00,4895.00,4895.00,4895.00,0.00,0E-15
1103,OS276_2XL,KURTA SET - OS276 (MIX),KURTA SET,3495.00,695.00,3495.00,3195.00,3495.00,3495.00,3495.00,3495.00,3495.00,300.00,9.390000000000000
771,OS199_5046_S,KURTA - OS199_5046 (COLORS-7),KURTA,1538.00,381.00,1595.00,1595.00,1595.00,1595.00,1595.00,1595.00,1595.00,0.00,0E-15
605,OS171_1096_L,KURTA - OS171_1096 (MIX),KURTA,2238.00,552.00,2395.00,2395.00,2395.00,2395.00,2395.00,2395.00,2395.00,0.00,0E-15
914,OS223_3142_S,KURTA - OS223_3142 (MOMENTS),KURTA,2178.00,538.00,2295.00,2295.00,2295.00,2295.00,2295.00,2295.00,2295.00,0.00,0E-15
1246,OS307_2XL,KURTA SET - OS307 (MIX),KURTA SET,3297.00,650.00,3297.00,3297.00,3297.00,3297.00,3297.00,3297.00,3297.00,0.00,0E-15
250,OS1109_2XL,KURTA SET - OS1109 (MIX),KURTA SET,5997.00,1195.00,5997.00,5997.00,5997.00,5997.00,5997.00,5997.00,5997.00,0.00,0E-15
748,OS196_1371_2XL,KURTA - OS196_1371 (MIX),KURTA,2178.00,538.00,2295.00,2295.00,2295.00,2295.00,2295.00,2295.00,2295.00,0.00,0E-15
891,OS219_5054_XL,KURTA - OS219_5054 (COLORS-8),KURTA,1778.00,438.00,1895.00,1895.00,1895.00,1895.00,1895.00,1895.00,1895.00,0.00,0E-15
58,OS1041_2XL,KURTA SET - OS1041 (MIX),KURTA SET,0.00,0.00,,2895.00,,,,,,0.00,0E-15
413,OS137_14380_S,GOWN - OS137_14380 (MIX),GOWN,2795.00,695.00,2795.00,2795.00,2795.00,2795.00,2795.00,2795.00,2795.00,0.00,0E-15
1077,OS271_2XL,KURTA SET - OS271 (FOUR GEMS 2),KURTA SET,2795.00,680.00,2795.00,2795.00,2995.00,2795.00,2795.00,2795.00,2795.00,200.00,7.160000000000000
81,OS1055_XL,KURTA SET - OS1055 (SURMAYA),KURTA SET,2150.00,975.00,2150.00,2150.00,2150.00,2150.00,2150.00,2150.00,2150.00,0.00,0E-15
1126,OS277KR_XL,KURTA - OS277KR (MIX),KURTA,2295.00,440.00,2295.00,2295.00,2295.00,2295.00,2295.00,2295.00,2295.00,0.00,0E-15
536,OS160_M,KURTA - OS160 (MIX),KURTA,1695.00,424.00,1695.00,1695.00,1695.00,1695.00,1795.00,1895.00,1695.00,200.00,11.800000000000000
436,OS143_L,TOPS - OS143 (MIX),TOPS,1795.00,425.00,1995.00,1795.00,1995.00,1795.00,1795.00,1795.00,1795.00,200.00,11.140000000000000
728,OS191_5052_XL,KURTA - OS191_5052 (COLORS-8),KURTA,1778.00,438.00,1895.00,1895.00,1895.00,1895.00,1895.00,1895.00,1895.00,0.00,0E-15
64,OS105_3062_2XL,KURTA - OS105_3062 (MIX),KURTA,1595.00,381.00,1595.00,1595.00,1595.00,1595.00,1595.00,1595.00,1595.00,0.00,0E-15
38,OS102_14255_2XL,KURTA - OS102_14255 (MIX),KURTA,1595.00,381.00,1595.00,1595.00,1595.00,1595.00,1595.00,1595.00,1595.00,0.00,0E-15
579,OS167_3XL,KURTA - OS167 (MIX),KURTA,1695.00,395.00,1695.00,1695.00,1695.00,1695.00,1695.00,1695.00,1695.00,0.00,0E-15
101,OS1061_3XL,KURTA SET - OS1061 (SURMAYA),KURTA SET,1895.00,880.00,1895.00,1895.00,1895.00,1895.00,1895.00,1895.00,1895.00,0.00,0E-15
599,OS170_5048_L,KURTA - OS170_5048 (COLORS-7),KURTA,1538.00,381.00,1595.00,1595.00,1595.00,1595.00,1595.00,1595.00,1595.00,0.00,0E-15
350,OS120_14412_XL,KURTA - OS120_14412 (MIX),KURTA,1895.00,471.00,1895.00,1895.00,1895.00,1895.00,1995.00,1895.00,1995.00,100.00,5.280000000000000
207,OS1091_XL,KURTA SET - OS1091 (SURMAYA),KURTA SET,2595.00,1140.00,2595.00,2595.00,2595.00,2595.00,2595.00,2595.00,2595.00,0.00,0E-15
1226,OS291_S,KURTA - OS291 (MIX),KURTA,1795.00,440.00,2195.00,1795.00,1795.00,2295.00,1795.00,1795.00,1795.00,500.00,27.860000000000000
977,OS235_1112_3XL,KURTA - OS235_1112 (MIX),KURTA,3858.00,952.00,3995.00,3995.00,3995.00,3995.00,3995.00,3995.00,3995.00,0.00,0E-15
1040,OS263_15383_S,KURTA - OS263_15383 (MIX),KURTA,1795.00,425.00,1795.00,1795.00,1795.00,1795.00,1795.00,1795.00,1695.00,100.00,5.900000000000000
585,OS168_2XL,KURTA - OS168 (MIX),KURTA,1695.00,395.00,2495.00,1695.00,1695.00,1695.00,1695.00,1695.00,1695.00,800.00,47.200000000000000
1183,OS285_S,TOPS - OS285 (MIX),TOPS,1595.00,314.00,1595.00,1597.00,1595.00,1595.00,1595.00,1595.00,1595.00,2.00,0.130000000000000
934,OS227_1437_2XL,KURTA SET - OS227_1437 (ROZANA),KURTA SET,2378.00,590.00,2495.00,2495.00,2495.00,2495.00,2495.00,2495.00,2495.00,0.00,0E-15
685,OS184_1127_S,KURTA - OS184_1127 (MIX),KURTA,2138.00,529.00,2295.00,2295.00,2295.00,2295.00,2295.00,2295.00,2295.00,0.00,0E-15
834,OS210_3137_3XL,KURTA - OS210_3137 (MIX),KURTA,2098.00,519.00,2195.00,2195.00,2195.00,2195.00,2195.00,2195.00,2195.00,0.00,0E-15
791,OS203_1100_2XL,KURTA - OS203_1100 (MIX),KURTA,2138.00,529.00,2395.00,2395.00,2395.00,2395.00,2395.00,2395.00,2395.00,0.00,0E-15
293,OS113_3090_L,KURTA - OS113_3090 (MIX),KURTA,1995.00,500.00,1995.00,1995.00,1995.00,1995.00,2095.00,1995.00,2095.00,100.00,5.010000000000000
393,OS134_2XL,KURTA SET - OS134 (MIX),KURTA SET,3495.00,790.00,3495.00,3495.00,3495.00,3495.00,3495.00,3495.00,3495.00,0.00,0E-15
642,OS177_1057_M,KURTA - OS177_1057 (MIX),KURTA,2878.00,714.00,2995.00,2995.00,2995.00,2995.00,2995.00,2995.00,2995.00,0.00,0E-15
1083,OS272_2XL,KURTA SET - OS272 (FOUR GEMS 2),KURTA SET,2795.00,680.00,2795.00,2795.00,2995.00,2795.00,2795.00,2795.00,2795.00,200.00,7.160000000000000
542,OS161_3XL,KURTA - OS161 (MIX),KURTA,1695.00,395.00,1695.00,1695.00,1695.00,1695.00,1695.00,1695.00,1695.00,0.00,0E-15
1020,OS260_15380_L,KURTA - OS260_15380 (MIX),KURTA,1695.00,395.00,1695.00,1695.00,1695.00,1695.00,1695.00,1695.00,1695.00,0.00,0E-15
688,OS185_1105_3XL,KURTA - OS185_1105 (MIX),KURTA,2138.00,529.00,2295.00,2295.00,2295.00,2295.00,2295.00,2295.00,2295.00,0.00,0E-15
356,OS122_1736_XL,KURTA - OS122_1736 (MIX),KURTA,1895.00,471.00,1895.00,1895.00,1895.00,1895.00,1995.00,1895.00,1995.00,100.00,5.280000000000000
1043,OS264_3XL,KURTA - OS264 (MIX),KURTA,1895.00,410.00,1895.00,1895.00,1895.00,1895.00,1895.00,1895.00,1895.00,0.00,0E-15
141,OS1073_XL,KURTA - OS1073 (MIX),KURTA,2095.00,500.00,2095.00,2095.00,2095.00,2095.00,2095.00,2095.00,2095.00,0.00,0E-15
851,OS213_15284_L,TOPS - OS213_15284 (MIX),TOPS,1695.00,375.00,1695.00,1695.00,1695.00,1695.00,1695.00,1695.00,1695.00,0.00,0E-15
187,OS1088_M,KURTA SET - OS1088 (SURMAYA),KURTA SET,2050.00,875.00,2050.00,2050.00,2050.00,2050.00,2050.00,2050.00,2050.00,0.00,0E-15
828,OS209_5058_3XL,KURTA - OS209_5058 (COLORS-8),KURTA,1778.00,438.00,1895.00,1895.00,1895.00,1895.00,1895.00,1895.00,1895.00,0.00,0E-15
164,OS1081_S,KURTA SET - OS1081 (SURMAYA),KURTA SET,2195.00,895.00,2195.00,2195.00,2195.00,2195.00,2195.00,2195.00,2195.00,0.00,0E-15
287,OS1126_L,KURTA - OS1126 (SURMAYA),KURTA,1250.00,525.00,1250.00,1250.00,1250.00,1250.00,1250.00,1250.00,1250.00,0.00,0E-15
1166,OS282_M,KURTA SET - OS282 (MIX),KURTA SET,3197.00,640.00,3295.00,3197.00,3295.00,3295.00,3197.00,3197.00,3197.00,98.00,3.070000000000000
502,OS154_XL,KURTA - OS154 (MIX),KURTA,1695.00,395.00,1895.00,1695.00,1695.00,1695.00,1695.00,1695.00,1695.00,200.00,11.800000000000000
479,OS151_2XL,KURTA - OS151 (MIX),KURTA,1995.00,425.00,1895.00,1995.00,1995.00,1995.00,1995.00,1995.00,1995.00,100.00,5.280000000000000
310,OS1147_3XL,KURTA SET - OS1147 (SURMAYA),KURTA SET,2695.00,1150.00,2695.00,2695.00,2695.00,2695.00,2695.00,2695.00,2695.00,0.00,0E-15
1143,OS279_S,KURTA SET - OS279 (MIX),KURTA SET,3197.00,625.00,3197.00,2995.00,3197.00,3197.00,3197.00,3197.00,3197.00,202.00,6.740000000000000
897,OS220_3154_XL,KURTA - OS220_3154 (BREEZE-4),KURTA,2038.00,505.00,2195.00,2195.00,2195.00,2195.00,2195.00,2195.00,2195.00,0.00,0E-15
974,OS233_1058_S,KURTA - OS233_1058 (MIX),KURTA,3858.00,952.00,3995.00,3995.00,3995.00,3995.00,3995.00,3995.00,3995.00,0.00,0E-15
997,OS256_15376_M,KURTA - OS256_15376 (MIX),KURTA,1695.00,395.00,1695.00,1695.00,1695.00,1695.00,1695.00,1695.00,1695.00,0.00,0E-15
456,OS147_15288_L,TOPS - OS147_15288 (MIX),TOPS,1595.00,361.00,1595.00,1595.00,1595.00,1595.00,1595.00,1595.00,1595.00,0.00,0E-15
210,OS1094_L,KURTA SET - OS1094 (SURMAYA),KURTA SET,1995.00,845.00,1995.00,1995.00,1995.00,1995.00,1995.00,1995.00,1995.00,0.00,0E-15
333,OS118_2XL,KURTA - OS118 (MIX),KURTA,1895.00,395.00,1895.00,1895.00,1895.00,1895.00,1895.00,1895.00,1895.00,0.00,0E-15
1120,OS277_XL,KURTA SET - OS277 (MIX),KURTA SET,3397.00,675.00,3397.00,3095.00,3397.00,3397.00,3397.00,3397.00,3397.00,302.00,9.760000000000000
874,OS217_5071_2XL,KURTA - OS217_5071 (MIX),KURTA,1695.00,424.00,1695.00,1695.00,1695.00,1695.00,1795.00,1695.00,1695.00,100.00,5.900000000000000
18,IRIS_1418_3XL,NILL - IRIS_1418 (NILL),NILL,2494.00,818.00,2494.00,2494.00,2494.00,2494.00,2494.00,2494.00,2494.00,0.00,0E-15
765,OS198_5045_XL,KURTA - OS198_5045 (COLORS-7),KURTA,1538.00,381.00,1595.00,1595.00,1595.00,1595.00,1595.00,1595.00,1595.00,0.00,0E-15
705,OS188_5042_2XL,KURTA - OS188_5042 (COLORS-7),KURTA,1538.00,381.00,1595.00,1595.00,1595.00,1595.00,1595.00,1595.00,1595.00,0.00,0E-15
373,OS126_14249_S,KURTA - OS126_14249 (MIX),KURTA,1595.00,381.00,1595.00,1595.00,1595.00,1595.00,1595.00,1595.00,1595.00,0.00,0E-15
1312,OSKR266_2XL,NILL - OSKR266 (NILL),NILL,1995.00,425.00,1995.00,1995.00,1995.00,1995.00,1995.00,1995.00,1995.00,0.00,0E-15
270,OS1113_S,KURTA SET - OS1113 (SURMAYA),KURTA SET,2195.00,930.00,2195.00,2195.00,2195.00,2195.00,2195.00,2195.00,2195.00,0.00,0E-15
519,OS157_S,KURTA - OS157 (MIX),KURTA,1795.00,425.00,1795.00,1795.00,1795.00,1795.00,1795.00,1795.00,1795.00,0.00,0E-15
957,OS230_1438_XL,KURTA SET - OS230_1438 (ROZANA),KURTA SET,2378.00,590.00,2495.00,2495.00,2495.00,2495.00,2495.00,2495.00,2495.00,0.00,0E-15
811,OS206_3141_L,KURTA - OS206_3141 (MOMENTS),KURTA,2178.00,538.00,2295.00,2295.00,2295.00,2295.00,2295.00,2295.00,2295.00,0.00,0E-15
1060,OS268_2XL,KURTA - OS268 (MIX),KURTA,1395.00,220.00,1395.00,1395.00,1395.00,1395.00,1395.00,1395.00,1395.00,0.00,0E-15
1306,OSKR169_3XL,NILL - OSKR169 (NILL),NILL,1795.00,435.00,1795.00,1795.00,1795.00,1795.00,1795.00,1795.00,1795.00,0.00,0E-15
224,OS110_14253_S,KURTA - OS110_14253 (MIX),KURTA,1595.00,381.00,1595.00,1595.00,1595.00,1595.00,1595.00,1595.00,1595.00,0.00,0E-15
911,OS223_3142_3XL,KURTA - OS223_3142 (MOMENTS),KURTA,2178.00,538.00,2295.00,2295.00,2295.00,2295.00,2295.00,2295.00,2295.00,0.00,0E-15
665,OS181_5051_L,KURTA - OS181_5051 (COLORS-8),KURTA,1778.00,438.00,1895.00,1895.00,1895.00,1895.00,1895.00,1895.00,1895.00,0.00,0E-15
124,OS1068_2XL,KURTA SET - OS1068 (SURMAYA),KURTA SET,2495.00,950.00,2495.00,2495.00,2495.00,2495.00,2495.00,2495.00,2495.00,0.00,0E-15
1206,OS289KR_L,KURTA - OS289KR (MIX),KURTA,2195.00,425.00,2195.00,2195.00,2195.00,2195.00,2195.00,2195.00,2195.00,0.00,0E-15
439,OS143_XL,TOPS - OS143 (MIX),TOPS,1795.00,425.00,1995.00,1795.00,1995.00,1795.00,1795.00,1795.00,1795.00,200.00,11.140000000000000
937,OS227_1437_M,KURTA SET - OS227_1437 (ROZANA),KURTA SET,2378.00,590.00,2495.00,2495.00,2495.00,2495.00,2495.00,2495.00,2495.00,0.00,0E-15
416,OS138_14206_L,GOWN - OS138_14206 (MIX),GOWN,2795.00,695.00,2795.00,2795.00,2795.00,2795.00,2795.00,2795.00,2795.00,0.00,0E-15
1080,OS271_M,KURTA SET - OS271 (FOUR GEMS 2),KURTA SET,2795.00,680.00,2795.00,2795.00,2995.00,2795.00,2795.00,2795.00,2795.00,200.00,7.160000000000000
84,OS1056_L,KURTA SET - OS1056 (SURMAYA),KURTA SET,5395.00,1295.00,5395.00,5395.00,5395.00,5395.00,5395.00,5395.00,5395.00,0.00,0E-15
582,OS167_S,KURTA - OS167 (MIX),KURTA,1695.00,395.00,1695.00,1695.00,1695.00,1695.00,1695.00,1695.00,1695.00,0.00,0E-15
559,OS163_XL,KURTA - OS163 (MIX),KURTA,1995.00,425.00,1995.00,1995.00,1995.00,1995.00,1995.00,1995.00,1995.00,0.00,0E-15
227,OS1101_3XL,KURTA SET - OS1101 (SURMAYA),KURTA SET,2295.00,1035.00,2295.00,2295.00,2295.00,2295.00,2295.00,2295.00,2295.00,0.00,0E-15
1223,OS291_3XL,KURTA - OS291 (MIX),KURTA,1795.00,440.00,2195.00,1795.00,1795.00,2295.00,1795.00,1795.00,1795.00,500.00,27.860000000000000
745,OS195_5055_M,KURTA - OS195_5055 (COLORS-8),KURTA,1778.00,438.00,1895.00,1895.00,1895.00,1895.00,1895.00,1895.00,1895.00,0.00,0E-15
204,OS1091_L,KURTA SET - OS1091 (SURMAYA),KURTA SET,2595.00,1140.00,2595.00,2595.00,2595.00,2595.00,2595.00,2595.00,2595.00,0.00,0E-15
1100,OS275_3XL,KURTA - OS275 (MIX),KURTA,2195.00,425.00,2195.00,2195.00,2195.00,2195.00,2195.00,2195.00,2195.00,0.00,0E-15
602,OS170_5048_XL,KURTA - OS170_5048 (COLORS-7),KURTA,1538.00,381.00,1595.00,1595.00,1595.00,1595.00,1595.00,1595.00,1595.00,0.00,0E-15
459,OS147_15288_XL,TOPS - OS147_15288 (MIX),TOPS,1595.00,361.00,1595.00,1595.00,1595.00,1595.00,1595.00,1595.00,1595.00,0.00,0E-15
1123,OS277KR_L,KURTA - OS277KR (MIX),KURTA,2295.00,440.00,2295.00,2295.00,2295.00,2295.00,2295.00,2295.00,2295.00,0.00,0E-15
625,OS174_3155_S,KURTA - OS174_3155 (BREEZE-4),KURTA,2038.00,505.00,2195.00,2195.00,2195.00,2195.00,2195.00,2195.00,2195.00,0.00,0E-15
725,OS191_5052_L,KURTA - OS191_5052 (COLORS-8),KURTA,1778.00,438.00,1895.00,1895.00,1895.00,1895.00,1895.00,1895.00,1895.00,0.00,0E-15
61,OS1041_M,KURTA SET - OS1041 (MIX),KURTA SET,0.00,0.00,,2895.00,,,,,,0.00,0E-15
1292,OS326_L,KURTA - OS326 (MIX),KURTA,1878.00,467.00,1995.00,1995.00,1995.00,1995.00,1995.00,1995.00,1995.00,0.00,0E-15
751,OS196_1371_M,KURTA - OS196_1371 (MIX),KURTA,2178.00,538.00,2295.00,2295.00,2295.00,2295.00,2295.00,2295.00,2295.00,0.00,0E-15
433,OS142_S,TOPS - OS142 (MIX),TOPS,1695.00,395.00,1695.00,1695.00,1695.00,1695.00,1695.00,1695.00,1695.00,0.00,0E-15
682,OS184_1127_3XL,KURTA - OS184_1127 (MIX),KURTA,2138.00,529.00,2295.00,2295.00,2295.00,2295.00,2295.00,2295.00,2295.00,0.00,0E-15
1037,OS263_15383_3XL,KURTA - OS263_15383 (MIX),KURTA,1795.00,425.00,1795.00,1795.00,1795.00,1795.00,1795.00,1795.00,1695.00,100.00,5.900000000000000
539,OS160_XL,KURTA - OS160 (MIX),KURTA,1695.00,424.00,1695.00,1695.00,1695.00,1695.00,1795.00,1895.00,1695.00,200.00,11.800000000000000
41,OS102_14255_M,KURTA - OS102_14255 (MIX),KURTA,1595.00,381.00,1595.00,1595.00,1595.00,1595.00,1595.00,1595.00,1595.00,0.00,0E-15
894,OS220_3154_L,KURTA - OS220_3154 (BREEZE-4),KURTA,2038.00,505.00,2195.00,2195.00,2195.00,2195.00,2195.00,2195.00,2195.00,0.00,0E-15
980,OS235_1112_S,KURTA - OS235_1112 (MIX),KURTA,3858.00,952.00,3995.00,3995.00,3995.00,3995.00,3995.00,3995.00,3995.00,0.00,0E-15
645,OS178_1115_2XL,KURTA - OS178_1115 (MIX),KURTA,2398.00,595.00,2495.00,2495.00,2495.00,2495.00,2495.00,2495.00,2495.00,0.00,0E-15
290,OS1126_XL,KURTA - OS1126 (SURMAYA),KURTA,1250.00,525.00,1250.00,1250.00,1250.00,1250.00,1250.00,1250.00,1250.00,0.00,0E-15
104,OS1061_S,KURTA SET - OS1061 (SURMAYA),KURTA SET,1895.00,880.00,1895.00,1895.00,1895.00,1895.00,1895.00,1895.00,1895.00,0.00,0E-15
496,OS153_XL,KURTA - OS153 (MIX),KURTA,1695.00,395.00,1895.00,1695.00,1695.00,1695.00,1695.00,1695.00,1695.00,200.00,11.800000000000000
147,OS1074_XL,KURTA SET - OS1074 (SURMAYA),KURTA SET,2495.00,1040.00,2495.00,2495.00,2495.00,2495.00,2495.00,2495.00,2495.00,0.00,0E-15
396,OS134_M,KURTA SET - OS134 (MIX),KURTA SET,3495.00,790.00,3495.00,3495.00,3495.00,3495.00,3495.00,3495.00,3495.00,0.00,0E-15
1229,OS294_3XL,KURTA SET - OS294 (MIX),KURTA SET,2975.00,595.00,2997.00,2895.00,2975.00,2975.00,2975.00,2975.00,2975.00,102.00,3.520000000000000
788,OS202_3146_M,KURTA - OS202_3146 (MOMENTS),KURTA,2178.00,538.00,2295.00,2295.00,2295.00,2295.00,2295.00,2295.00,2295.00,0.00,0E-15
247,OS1108_M,KURTA SET - OS1108 (SURMAYA),KURTA SET,1795.00,780.00,1795.00,1795.00,1795.00,1795.00,1795.00,1795.00,1795.00,0.00,0E-15
1329,SILVER3-1293-L,NILL - SILVER3-1293 (NILL),NILL,3149.00,895.00,3149.00,3149.00,3149.00,3149.00,3149.00,3149.00,3149.00,0.00,0E-15
190,OS109_3095_2XL,KURTA - OS109_3095 (MIX),KURTA,1895.00,471.00,1895.00,1895.00,1895.00,1895.00,1995.00,1895.00,1995.00,100.00,5.280000000000000
213,OS1094_XL,KURTA SET - OS1094 (SURMAYA),KURTA SET,1995.00,845.00,1995.00,1995.00,1995.00,1995.00,1995.00,1995.00,1995.00,0.00,0E-15
1092,OS273_M,KURTA SET - OS273 (FOUR GEMS 2),KURTA SET,2795.00,680.00,2795.00,2795.00,2995.00,2795.00,2795.00,2795.00,2795.00,200.00,7.160000000000000
877,OS217_5071_M,KURTA - OS217_5071 (MIX),KURTA,1695.00,424.00,1695.00,1695.00,1695.00,1695.00,1795.00,1695.00,1695.00,100.00,5.900000000000000
545,OS161_S,KURTA - OS161 (MIX),KURTA,1695.00,395.00,1695.00,1695.00,1695.00,1695.00,1695.00,1695.00,1695.00,0.00,0E-15
1023,OS260_15380_XL,KURTA - OS260_15380 (MIX),KURTA,1695.00,395.00,1695.00,1695.00,1695.00,1695.00,1695.00,1695.00,1695.00,0.00,0E-15
946,OS229_1435_2XL,KURTA SET - OS229_1435 (ROZANA),KURTA SET,2378.00,590.00,2495.00,2495.00,2495.00,2495.00,2495.00,2495.00,2495.00,0.00,0E-15
359,OS123_1332_L,KURTA - OS123_1332 (MIX),KURTA,1595.00,381.00,1595.00,1595.00,1595.00,1595.00,1595.00,1595.00,1595.00,0.00,0E-15
336,OS118_M,KURTA - OS118 (MIX),KURTA,1895.00,395.00,1895.00,1895.00,1895.00,1895.00,1895.00,1895.00,1895.00,0.00,0E-15
1069,OS269_S,KURTA - OS269 (MIX),KURTA,1195.00,220.00,1195.00,1195.00,1195.00,1195.00,1195.00,1195.00,1195.00,0.00,0E-15
405,OS136_3XL,GOWN - OS136 (MIX),GOWN,3195.00,695.00,3195.00,3195.00,3195.00,3195.00,3195.00,3195.00,3195.00,0.00,0E-15
236,OS1103_S,GOWN - OS1103 (SURMAYA),GOWN,4295.00,995.00,4295.00,4295.00,4295.00,4295.00,4295.00,4295.00,4295.00,0.00,0E-15
900,OS221_L,KURTA - OS221 (MIX),KURTA,1795.00,425.00,1695.00,1795.00,1795.00,1795.00,1795.00,1795.00,1795.00,100.00,5.900000000000000
1046,OS264_S,KURTA - OS264 (MIX),KURTA,1895.00,410.00,1895.00,1895.00,1895.00,1895.00,1895.00,1895.00,1895.00,0.00,0E-15
923,OS225_1434_3XL,KURTA SET - OS225_1434 (ROZANA),KURTA SET,2378.00,590.00,2495.00,2495.00,2495.00,2495.00,2495.00,2495.00,2495.00,0.00,0E-15
382,OS132_1866_3XL,KURTA - OS132_1866 (MIX),KURTA,1195.00,286.00,1195.00,1195.00,1195.00,1195.00,1195.00,1195.00,1195.00,0.00,0E-15
259,OS111_3074_XL,KURTA - OS111_3074 (MIX),KURTA,1895.00,471.00,1895.00,1895.00,1895.00,1895.00,1995.00,1895.00,1995.00,100.00,5.280000000000000
860,OS214_3144_S,KURTA - OS214_3144 (MOMENTS),KURTA,2178.00,538.00,2295.00,2295.00,2295.00,2295.00,2295.00,2295.00,2295.00,0.00,0E-15
113,OS1064_3XL,KURTA SET - OS1064 (SURMAYA),KURTA SET,1895.00,695.00,1895.00,1895.00,1895.00,1895.00,1895.00,1895.00,1895.00,0.00,0E-15
528,OS159_3XL,KURTA - OS159 (MIX),KURTA,1895.00,385.00,1895.00,1895.00,1895.00,1895.00,1895.00,1895.00,1895.00,0.00,0E-15
1109,OS276KR_2XL,KURTA - OS276KR (MIX),KURTA,2495.00,490.00,2495.00,2495.00,2495.00,2495.00,2495.00,2495.00,2495.00,0.00,0E-15
754,OS197_5053_2XL,KURTA - OS197_5053 (COLORS-8),KURTA,1895.00,438.00,1895.00,1895.00,1895.00,1895.00,1895.00,1895.00,1895.00,0.00,0E-15
422,OS139_14275_M,GOWN - OS139_14275 (MIX),GOWN,2795.00,695.00,2795.00,2795.00,2795.00,2795.00,2795.00,2795.00,2795.00,0.00,0E-15
1215,OS290_XL,KURTA SET - OS290 (MIX),KURTA SET,3195.00,625.00,3195.00,3195.00,3195.00,3195.00,3195.00,3195.00,3195.00,0.00,0E-15
67,OS105_3062_M,KURTA - OS105_3062 (MIX),KURTA,1595.00,381.00,1595.00,1595.00,1595.00,1595.00,1595.00,1595.00,1595.00,0.00,0E-15
276,OS1119_S,KURTA SET - OS1119 (SURMAYA),KURTA SET,4895.00,1150.00,4895.00,4895.00,4895.00,4895.00,4895.00,4895.00,4895.00,0.00,0E-15
27,IVORY-1426_L,NILL - IVORY-1426 (NILL),NILL,2494.00,818.00,2494.00,2494.00,2494.00,2494.00,2494.00,2494.00,2494.00,0.00,0E-15
1006,OS258_15378_2XL,KURTA - OS258_15378 (MIX),KURTA,1695.00,395.00,1695.00,1695.00,1695.00,1695.00,1695.00,1695.00,1695.00,0.00,0E-15
963,OS231_1384_XL,KURTA SET - OS231_1384 (MIX),KURTA SET,2678.00,662.00,2795.00,2795.00,2795.00,2795.00,2795.00,2795.00,2795.00,0.00,0E-15
568,OS165_L,KURTA - OS165 (MIX),KURTA,1895.00,385.00,1895.00,1895.00,1895.00,1895.00,1895.00,1895.00,1895.00,0.00,0E-15
319,OS115_S,KURTA - OS115 (MIX),KURTA,1995.00,425.00,1995.00,1995.00,1995.00,1995.00,1995.00,1995.00,1995.00,0.00,0E-15
322,OS116_14254_3XL,KURTA - OS116_14254 (MIX),KURTA,1595.00,381.00,1595.00,1595.00,1595.00,1595.00,1595.00,1595.00,1595.00,0.00,0E-15
714,OS189_5056_M,KURTA - OS189_5056 (COLORS-8),KURTA,1778.00,438.00,1895.00,1895.00,1895.00,1895.00,1895.00,1895.00,1895.00,0.00,0E-15
1009,OS258_15378_M,KURTA - OS258_15378 (MIX),KURTA,1695.00,395.00,1695.00,1695.00,1695.00,1695.00,1695.00,1695.00,1695.00,0.00,0E-15
173,OS1086_3XL,KURTA SET - OS1086 (SURMAYA),KURTA SET,2150.00,940.00,2150.00,2150.00,2150.00,2150.00,2150.00,2150.00,2150.00,0.00,0E-15
1255,OS307KR_M,KURTA - OS307KR (MIX),KURTA,2195.00,425.00,2195.00,2195.00,2195.00,2195.00,2195.00,2195.00,2195.00,0.00,0E-15
960,OS231_1384_L,KURTA SET - OS231_1384 (MIX),KURTA SET,2678.00,662.00,2795.00,2795.00,2795.00,2795.00,2795.00,2795.00,2795.00,0.00,0E-15
468,OS149_3XL,KURTA - OS149 (MIX),KURTA,1795.00,425.00,1695.00,1795.00,1795.00,1795.00,1795.00,1795.00,1795.00,100.00,5.900000000000000
107,OS1063_3XL,KURTA - OS1063 (MIX),KURTA,2395.00,540.00,2695.00,2395.00,2395.00,2695.00,2395.00,2395.00,2395.00,300.00,12.530000000000000
820,OS207_3145_XL,KURTA - OS207_3145 (MOMENTS),KURTA,2178.00,538.00,2295.00,2295.00,2295.00,2295.00,2295.00,2295.00,2295.00,0.00,0E-15
156,OS1076_L,KURTA SET - OS1076 (SURMAYA),KURTA SET,2495.00,1040.00,2495.00,2495.00,2495.00,2495.00,2495.00,2495.00,2495.00,0.00,0E-15
1152,OS280_3XL,KURTA SET - OS280 (MIX),KURTA SET,3297.00,650.00,3297.00,3297.00,3297.00,3297.00,3297.00,3297.00,3297.00,0.00,0E-15
485,OS152_2XL,KURTA - OS152 (MIX),KURTA,1795.00,425.00,1695.00,1795.00,1795.00,1795.00,1795.00,1795.00,1795.00,100.00,5.900000000000000
130,OS1071_2XL,KURTA SET - OS1071 (SURMAYA),KURTA SET,2495.00,950.00,2495.00,2495.00,2495.00,2495.00,2495.00,2495.00,2495.00,0.00,0E-15
1175,OS283_2XL,KURTA - OS283 (MIX),KURTA,2197.00,425.00,2197.00,2197.00,2197.00,2197.00,2197.00,2197.00,2197.00,0.00,0E-15
462,OS148_3XL,KURTA - OS148 (MIX),KURTA,1695.00,395.00,1695.00,1695.00,1695.00,1695.00,1695.00,1695.00,1695.00,0.00,0E-15
1195,OS287KR_M,KURTA - OS287KR (MIX),KURTA,2195.00,425.00,2195.00,2195.00,2195.00,2195.00,2195.00,2195.00,2195.00,0.00,0E-15
697,OS186_1377_S,KURTA - OS186_1377 (MIX),KURTA,2178.00,538.00,2295.00,2295.00,2295.00,2295.00,2295.00,2295.00,2295.00,0.00,0E-15
1295,OS326_XL,KURTA - OS326 (MIX),KURTA,1878.00,467.00,1995.00,1995.00,1995.00,1995.00,1995.00,1995.00,1995.00,0.00,0E-15
797,OS204_3091_2XL,KURTA - OS204_3091 (MIX),KURTA,2138.00,529.00,2395.00,2395.00,2395.00,2395.00,2395.00,2395.00,2395.00,0.00,0E-15
1318,OSKR266_XS,NILL - OSKR266 (NILL),NILL,1995.00,425.00,1995.00,1995.00,1995.00,1995.00,1995.00,1995.00,1995.00,0.00,0E-15
654,OS179_1116_M,KURTA - OS179_1116 (MIX),KURTA,2298.00,570.00,2395.00,2395.00,2395.00,2395.00,2395.00,2395.00,2395.00,0.00,0E-15
505,OS155_L,KURTA - OS155 (MIX),KURTA,1895.00,395.00,1895.00,1895.00,1895.00,1895.00,1895.00,1895.00,1895.00,0.00,0E-15
87,OS1056_XL,KURTA SET - OS1056 (SURMAYA),KURTA SET,5395.00,1295.00,5395.00,5395.00,5395.00,5395.00,5395.00,5395.00,5395.00,0.00,0E-15
1169,OS282KR_2XL,KURTA - OS282KR (MIX),KURTA,2095.00,415.00,2295.00,2295.00,2095.00,2295.00,2095.00,2095.00,2095.00,200.00,9.550000000000000
628,OS175_3153_3XL,KURTA - OS175_3153 (BREEZE-4),KURTA,2038.00,505.00,2195.00,2195.00,2195.00,2195.00,2195.00,2195.00,2195.00,0.00,0E-15
1026,OS261_15381_L,KURTA - OS261_15381 (MIX),KURTA,1695.00,395.00,1695.00,1695.00,1695.00,1695.00,1695.00,1695.00,1695.00,0.00,0E-15
777,OS200_5041_S,KURTA - OS200_5041 (COLORS-7),KURTA,1538.00,381.00,1595.00,1595.00,1595.00,1595.00,1595.00,1595.00,1595.00,0.00,0E-15
883,OS218_3151_M,KURTA - OS218_3151 (BREEZE-4),KURTA,2038.00,505.00,2195.00,2195.00,2195.00,2195.00,2195.00,2195.00,2195.00,0.00,0E-15
256,OS111_3074_L,KURTA - OS111_3074 (MIX),KURTA,1895.00,471.00,1895.00,1895.00,1895.00,1895.00,1995.00,1895.00,1995.00,100.00,5.280000000000000
399,OS135_14274_2XL,GOWN - OS135_14274 (MIX),GOWN,2795.00,695.00,2795.00,2795.00,2795.00,2795.00,2795.00,2795.00,2795.00,0.00,0E-15
1238,OS294KR_S,KURTA - OS294KR (MIX),KURTA,2095.00,410.00,2095.00,2095.00,2095.00,2095.00,2095.00,2095.00,2095.00,0.00,0E-15
648,OS178_1115_M,KURTA - OS178_1115 (MIX),KURTA,2398.00,595.00,2495.00,2495.00,2495.00,2495.00,2495.00,2495.00,2495.00,0.00,0E-15
7,GOLD-1351_L,NILL - GOLD-1351 (NILL),NILL,4549.00,1165.00,4549.00,4549.00,4549.00,4549.00,4549.00,4549.00,4549.00,0.00,0E-15
634,OS176_1015_3XL,KURTA - OS176_1015 (MIX),KURTA,2918.00,724.00,3095.00,3095.00,3095.00,3095.00,3095.00,3095.00,3095.00,0.00,0E-15
442,OS144_M,TOPS - OS144 (MIX),TOPS,1795.00,425.00,1795.00,1795.00,1795.00,1795.00,1795.00,1795.00,1795.00,0.00,0E-15
940,OS228_1432_2XL,KURTA SET - OS228_1432 (ROZANA),KURTA SET,2378.00,590.00,2495.00,2495.00,2495.00,2495.00,2495.00,2495.00,2495.00,0.00,0E-15
691,OS185_1105_S,KURTA - OS185_1105 (MIX),KURTA,2138.00,529.00,2295.00,2295.00,2295.00,2295.00,2295.00,2295.00,2295.00,0.00,0E-15
193,OS109_3095_M,KURTA - OS109_3095 (MIX),KURTA,1895.00,471.00,1895.00,1895.00,1895.00,1895.00,1995.00,1895.00,1995.00,100.00,5.280000000000000
299,OS1137_L,KURTA SET - OS1137 (SURMAYA),KURTA SET,2695.00,1150.00,2695.00,2695.00,2695.00,2695.00,2695.00,2695.00,2695.00,0.00,0E-15
840,OS211_3011_3XL,KURTA - OS211_3011 (MIX),KURTA,1878.00,467.00,1995.00,1995.00,1995.00,1995.00,1995.00,1995.00,1995.00,0.00,0E-15
342,OS119_3094_M,KURTA - OS119_3094 (MIX),KURTA,1895.00,471.00,1895.00,1895.00,1895.00,1895.00,1995.00,1895.00,1995.00,100.00,5.280000000000000
983,OS254_15374_3XL,KURTA - OS254_15374 (MIX),KURTA,1695.00,395.00,1695.00,1695.00,1695.00,1695.00,1695.00,1695.00,1695.00,0.00,0E-15
150,OS1075_L,KURTA - OS1075 (MIX),KURTA,2495.00,550.00,2795.00,2495.00,2495.00,2795.00,2495.00,2495.00,2495.00,300.00,12.020000000000000
1232,OS294_S,KURTA SET - OS294 (MIX),KURTA SET,2975.00,595.00,2997.00,2895.00,2975.00,2975.00,2975.00,2975.00,2975.00,102.00,3.520000000000000
591,OS169_2XL,KURTA - OS169 (MIX),KURTA,1795.00,435.00,1795.00,1795.00,1795.00,1795.00,1795.00,1795.00,1795.00,0.00,0E-15
1132,OS278_XL,KURTA SET - OS278 (MIX),KURTA SET,3295.00,650.00,3295.00,2995.00,3295.00,3295.00,3295.00,3295.00,3295.00,300.00,10.020000000000000
50,OS103_4171_XL,KURTA - OS103_4171 (MIX),KURTA,1995.00,500.00,1995.00,1995.00,1995.00,1995.00,2095.00,1995.00,2095.00,100.00,5.010000000000000
24,IVORY-1421_XL,NILL - IVORY-1421 (NILL),NILL,2494.00,818.00,2494.00,2494.00,2494.00,2494.00,2494.00,2494.00,2494.00,0.00,0E-15
711,OS189_5056_2XL,KURTA - OS189_5056 (COLORS-8),KURTA,1778.00,438.00,1895.00,1895.00,1895.00,1895.00,1895.00,1895.00,1895.00,0.00,0E-15
379,OS127_S,KURTA - OS127 (MIX),KURTA,1995.00,425.00,1995.00,1995.00,1995.00,1995.00,1995.00,1995.00,1995.00,0.00,0E-15
1258,OS308_3XL,KURTA SET - OS308 (MIX),KURTA SET,2195.00,615.00,2195.00,2195.00,2195.00,2195.00,2195.00,2195.00,2195.00,0.00,0E-15
926,OS225_1434_S,KURTA SET - OS225_1434 (ROZANA),KURTA SET,2378.00,590.00,2495.00,2495.00,2495.00,2495.00,2495.00,2495.00,2495.00,0.00,0E-15
47,OS103_4171_L,KURTA - OS103_4171 (MIX),KURTA,1995.00,500.00,1995.00,1995.00,1995.00,1995.00,2095.00,1995.00,2095.00,100.00,5.010000000000000
70,OS1051_2XL,KURTA SET - OS1051 (SURMAYA),KURTA SET,1995.00,900.00,1995.00,1995.00,1995.00,1995.00,1995.00,1995.00,1995.00,0.00,0E-15
239,OS1106_3XL,KURTA SET - OS1106 (SURMAYA),KURTA SET,2150.00,910.00,2150.00,2150.00,2150.00,2150.00,2150.00,2150.00,2150.00,0.00,0E-15
1066,OS269_2XL,KURTA - OS269 (MIX),KURTA,1195.00,220.00,1195.00,1195.00,1195.00,1195.00,1195.00,1195.00,1195.00,0.00,0E-15
571,OS165_XL,KURTA - OS165 (MIX),KURTA,1895.00,385.00,1895.00,1895.00,1895.00,1895.00,1895.00,1895.00,1895.00,0.00,0E-15
1235,OS294KR_3XL,KURTA - OS294KR (MIX),KURTA,2095.00,410.00,2095.00,2095.00,2095.00,2095.00,2095.00,2095.00,2095.00,0.00,0E-15
734,OS192_1124_XL,KURTA - OS192_1124 (MIX),KURTA,2298.00,570.00,2295.00,2295.00,2295.00,2295.00,2295.00,2295.00,2295.00,0.00,0E-15
903,OS221_XL,KURTA - OS221 (MIX),KURTA,1795.00,425.00,1695.00,1795.00,1795.00,1795.00,1795.00,1795.00,1795.00,100.00,5.900000000000000
402,OS135_14274_S,GOWN - OS135_14274 (MIX),GOWN,2795.00,695.00,2795.00,2795.00,2795.00,2795.00,2795.00,2795.00,2795.00,0.00,0E-15
757,OS197_5053_M,KURTA - OS197_5053 (COLORS-8),KURTA,1895.00,438.00,1895.00,1895.00,1895.00,1895.00,1895.00,1895.00,1895.00,0.00,0E-15
880,OS218_3151_2XL,KURTA - OS218_3151 (BREEZE-4),KURTA,2038.00,505.00,2195.00,2195.00,2195.00,2195.00,2195.00,2195.00,2195.00,0.00,0E-15
216,OS1097_L,KURTA SET - OS1097 (SURMAYA),KURTA SET,1895.00,825.00,1895.00,1895.00,1895.00,1895.00,1895.00,1895.00,1895.00,0.00,0E-15
1089,OS273_2XL,KURTA SET - OS273 (FOUR GEMS 2),KURTA SET,2795.00,680.00,2795.00,2795.00,2995.00,2795.00,2795.00,2795.00,2795.00,200.00,7.160000000000000
1212,OS290_L,KURTA SET - OS290 (MIX),KURTA SET,3195.00,625.00,3195.00,3195.00,3195.00,3195.00,3195.00,3195.00,3195.00,0.00,0E-15
548,OS162_3XL,KURTA - OS162 (MIX),KURTA,1695.00,424.00,1695.00,1695.00,1695.00,1695.00,1795.00,1895.00,1695.00,200.00,11.800000000000000
425,OS141_1331_2XL,KURTA - OS141_1331 (MIX),KURTA,1595.00,381.00,1595.00,1595.00,1595.00,1595.00,1595.00,1595.00,1595.00,0.00,0E-15
93,OS106_14213_XL,KURTA - OS106_14213 (MIX),KURTA,2395.00,581.00,2395.00,2395.00,2395.00,2395.00,2495.00,2395.00,2495.00,100.00,4.180000000000000
1189,OS287_M,KURTA SET - OS287 (MIX),KURTA SET,3495.00,695.00,3495.00,3195.00,3495.00,3495.00,3495.00,3495.00,3495.00,300.00,9.390000000000000
780,OS201_3152_3XL,KURTA - OS201_3152 (BREEZE-4),KURTA,2038.00,505.00,2195.00,2195.00,2195.00,2195.00,2195.00,2195.00,2195.00,0.00,0E-15
525,OS158_S,KURTA - OS158 (MIX),KURTA,1695.00,395.00,1895.00,1695.00,1695.00,1695.00,1695.00,1695.00,1695.00,200.00,11.800000000000000
233,OS1103_3XL,GOWN - OS1103 (SURMAYA),GOWN,4295.00,995.00,4295.00,4295.00,4295.00,4295.00,4295.00,4295.00,4295.00,0.00,0E-15
279,OS1120_3XL,KURTA SET - OS1120 (SURMAYA),KURTA SET,1895.00,510.00,1895.00,1895.00,1895.00,1895.00,1895.00,1895.00,1895.00,0.00,0E-15
30,MASK-04A-NEW,NILL - MASK-04A-NEW (NILL),NILL,299.00,126.00,299.00,299.00,299.00,299.00,299.00,299.00,299.00,0.00,0E-15
611,OS172_1092_L,KURTA - OS172_1092 (MIX),KURTA,2298.00,570.00,2295.00,2295.00,2295.00,2295.00,2295.00,2295.00,2295.00,0.00,0E-15
362,OS123_1332_XL,KURTA - OS123_1332 (MIX),KURTA,1595.00,381.00,1595.00,1595.00,1595.00,1595.00,1595.00,1595.00,1595.00,0.00,0E-15
1049,OS265_3XL,KURTA - OS265 (MIX),KURTA,1895.00,410.00,1895.00,1895.00,1895.00,1895.00,1895.00,1895.00,1895.00,0.00,0E-15
1252,OS307KR_2XL,KURTA - OS307KR (MIX),KURTA,2195.00,425.00,2195.00,2195.00,2195.00,2195.00,2195.00,2195.00,2195.00,0.00,0E-15
920,OS224_1433_S,KURTA SET - OS224_1433 (ROZANA),KURTA SET,2378.00,590.00,2495.00,2495.00,2495.00,2495.00,2495.00,2495.00,2495.00,0.00,0E-15
717,OS190_1128_2XL,KURTA - OS190_1128 (MIX),KURTA,2298.00,570.00,2295.00,2295.00,2295.00,2295.00,2295.00,2295.00,2295.00,0.00,0E-15
316,OS115_3XL,KURTA - OS115 (MIX),KURTA,1995.00,425.00,1995.00,1995.00,1995.00,1995.00,1995.00,1995.00,1995.00,0.00,0E-15
671,OS182_5057_L,KURTA - OS182_5057 (COLORS-8),KURTA,1895.00,438.00,1895.00,1895.00,1895.00,1895.00,1895.00,1895.00,1895.00,0.00,0E-15
1003,OS257_15377_M,KURTA - OS257_15377 (MIX),KURTA,1695.00,395.00,1695.00,1695.00,1695.00,1695.00,1695.00,1695.00,1695.00,0.00,0E-15
1298,OSKR167_2XL,NILL - OSKR167 (NILL),NILL,1695.00,395.00,1695.00,1695.00,1695.00,1695.00,1695.00,1695.00,1695.00,0.00,0E-15
966,OS232_1431_L,KURTA SET - OS232_1431 (ROZANA),KURTA SET,2378.00,590.00,2495.00,2495.00,2495.00,2495.00,2495.00,2495.00,2495.00,0.00,0E-15
857,OS214_3144_3XL,KURTA - OS214_3144 (MOMENTS),KURTA,2178.00,538.00,2295.00,2295.00,2295.00,2295.00,2295.00,2295.00,2295.00,0.00,0E-15
1106,OS276_M,KURTA SET - OS276 (MIX),KURTA SET,3495.00,695.00,3495.00,3195.00,3495.00,3495.00,3495.00,3495.00,3495.00,300.00,9.390000000000000
1112,OS276KR_M,KURTA - OS276KR (MIX),KURTA,2495.00,490.00,2495.00,2495.00,2495.00,2495.00,2495.00,2495.00,2495.00,0.00,0E-15
863,OS215_5072_3XL,KURTA - OS215_5072 (MIX),KURTA,1695.00,424.00,1695.00,1695.00,1695.00,1695.00,1795.00,1695.00,1795.00,100.00,5.900000000000000
176,OS1086_S,KURTA SET - OS1086 (SURMAYA),KURTA SET,2150.00,940.00,2150.00,2150.00,2150.00,2150.00,2150.00,2150.00,2150.00,0.00,0E-15
170,OS1084_S,KURTA SET - OS1084 (SURMAYA),KURTA SET,2395.00,1050.00,2395.00,2395.00,2395.00,2395.00,2395.00,2395.00,2395.00,0.00,0E-15
465,OS148_S,KURTA - OS148 (MIX),KURTA,1695.00,395.00,1695.00,1695.00,1695.00,1695.00,1695.00,1695.00,1695.00,0.00,0E-15
565,OS164_XL,KURTA - OS164 (MIX),KURTA,1695.00,395.00,1695.00,1695.00,1695.00,1695.00,1695.00,1695.00,1695.00,0.00,0E-15
419,OS138_14206_XL,GOWN - OS138_14206 (MIX),GOWN,2795.00,695.00,2795.00,2795.00,2795.00,2795.00,2795.00,2795.00,2795.00,0.00,0E-15
817,OS207_3145_L,KURTA - OS207_3145 (MOMENTS),KURTA,2178.00,538.00,2295.00,2295.00,2295.00,2295.00,2295.00,2295.00,2295.00,0.00,0E-15
153,OS1075_XL,KURTA - OS1075 (MIX),KURTA,2495.00,550.00,2795.00,2495.00,2495.00,2795.00,2495.00,2495.00,2495.00,300.00,12.020000000000000
488,OS152_M,KURTA - OS152 (MIX),KURTA,1795.00,425.00,1695.00,1795.00,1795.00,1795.00,1795.00,1795.00,1795.00,100.00,5.900000000000000
794,OS203_1100_M,KURTA - OS203_1100 (MIX),KURTA,2138.00,529.00,2395.00,2395.00,2395.00,2395.00,2395.00,2395.00,2395.00,0.00,0E-15
110,OS1063_S,KURTA - OS1063 (MIX),KURTA,2395.00,540.00,2695.00,2395.00,2395.00,2695.00,2395.00,2395.00,2395.00,300.00,12.530000000000000
774,OS200_5041_3XL,KURTA - OS200_5041 (COLORS-7),KURTA,1538.00,381.00,1595.00,1595.00,1595.00,1595.00,1595.00,1595.00,1595.00,0.00,0E-15
608,OS171_1096_XL,KURTA - OS171_1096 (MIX),KURTA,2238.00,552.00,2395.00,2395.00,2395.00,2395.00,2395.00,2395.00,2395.00,0.00,0E-15
674,OS182_5057_XL,KURTA - OS182_5057 (COLORS-8),KURTA,1895.00,438.00,1895.00,1895.00,1895.00,1895.00,1895.00,1895.00,1895.00,0.00,0E-15
133,OS1071_M,KURTA SET - OS1071 (SURMAYA),KURTA SET,2495.00,950.00,2495.00,2495.00,2495.00,2495.00,2495.00,2495.00,2495.00,0.00,0E-15
508,OS155_XL,KURTA - OS155 (MIX),KURTA,1895.00,395.00,1895.00,1895.00,1895.00,1895.00,1895.00,1895.00,1895.00,0.00,0E-15
1172,OS282KR_M,KURTA - OS282KR (MIX),KURTA,2095.00,415.00,2295.00,2295.00,2095.00,2295.00,2095.00,2095.00,2095.00,200.00,9.550000000000000
10,GOLD-1352_XL,NILL - GOLD-1352 (NILL),NILL,4549.00,1165.00,4549.00,4549.00,4549.00,4549.00,4549.00,4549.00,4549.00,0.00,0E-15
631,OS175_3153_S,KURTA - OS175_3153 (BREEZE-4),KURTA,2038.00,505.00,2195.00,2195.00,2195.00,2195.00,2195.00,2195.00,2195.00,0.00,0E-15
482,OS151_M,KURTA - OS151 (MIX),KURTA,1995.00,425.00,1895.00,1995.00,1995.00,1995.00,1995.00,1995.00,1995.00,100.00,5.280000000000000
1315,OSKR266_M,NILL - OSKR266 (NILL),NILL,1995.00,425.00,1995.00,1995.00,1995.00,1995.00,1995.00,1995.00,1995.00,0.00,0E-15
651,OS179_1116_2XL,KURTA - OS179_1116 (MIX),KURTA,2298.00,570.00,2395.00,2395.00,2395.00,2395.00,2395.00,2395.00,2395.00,0.00,0E-15
800,OS204_3091_M,KURTA - OS204_3091 (MIX),KURTA,2138.00,529.00,2395.00,2395.00,2395.00,2395.00,2395.00,2395.00,2395.00,0.00,0E-15
445,OS144_XS,TOPS - OS144 (MIX),TOPS,1795.00,425.00,1795.00,1795.00,1795.00,1795.00,1795.00,1795.00,1795.00,0.00,0E-15
196,OS1090_2XL,KURTA SET - OS1090 (SURMAYA),KURTA SET,2295.00,980.00,2295.00,2295.00,2295.00,2295.00,2295.00,2295.00,2295.00,0.00,0E-15
1192,OS287KR_2XL,KURTA - OS287KR (MIX),KURTA,2195.00,425.00,2195.00,2195.00,2195.00,2195.00,2195.00,2195.00,2195.00,0.00,0E-15
943,OS228_1432_M,KURTA SET - OS228_1432 (ROZANA),KURTA SET,2378.00,590.00,2495.00,2495.00,2495.00,2495.00,2495.00,2495.00,2495.00,0.00,0E-15
694,OS186_1377_3XL,KURTA - OS186_1377 (MIX),KURTA,2178.00,538.00,2295.00,2295.00,2295.00,2295.00,2295.00,2295.00,2295.00,0.00,0E-15
1086,OS272_M,KURTA SET - OS272 (FOUR GEMS 2),KURTA SET,2795.00,680.00,2795.00,2795.00,2995.00,2795.00,2795.00,2795.00,2795.00,200.00,7.160000000000000
551,OS162_S,KURTA - OS162 (MIX),KURTA,1695.00,424.00,1695.00,1695.00,1695.00,1695.00,1795.00,1895.00,1695.00,200.00,11.800000000000000
90,OS106_14213_L,KURTA - OS106_14213 (MIX),KURTA,2395.00,581.00,2395.00,2395.00,2395.00,2395.00,2495.00,2395.00,2495.00,100.00,4.180000000000000
588,OS168_M,KURTA - OS168 (MIX),KURTA,1695.00,395.00,2495.00,1695.00,1695.00,1695.00,1695.00,1695.00,1695.00,800.00,47.200000000000000
1321,PETALS-1232_L,NILL - PETALS-1232 (NILL),NILL,4049.00,1395.00,4049.00,4049.00,4049.00,4049.00,4049.00,4049.00,4049.00,0.00,0E-15
731,OS192_1124_L,KURTA - OS192_1124 (MIX),KURTA,2298.00,570.00,2295.00,2295.00,2295.00,2295.00,2295.00,2295.00,2295.00,0.00,0E-15
253,OS1109_XL,KURTA SET - OS1109 (MIX),KURTA SET,5997.00,1195.00,5997.00,5997.00,5997.00,5997.00,5997.00,5997.00,5997.00,0.00,0E-15
339,OS119_3094_2XL,KURTA - OS119_3094 (MIX),KURTA,1895.00,471.00,1895.00,1895.00,1895.00,1895.00,1995.00,1895.00,1995.00,100.00,5.280000000000000
1029,OS261_15381_XL,KURTA - OS261_15381 (MIX),KURTA,1695.00,395.00,1695.00,1695.00,1695.00,1695.00,1695.00,1695.00,1695.00,0.00,0E-15
1129,OS278_L,KURTA SET - OS278 (MIX),KURTA SET,3295.00,650.00,3295.00,2995.00,3295.00,3295.00,3295.00,3295.00,3295.00,300.00,10.020000000000000
4,BIG CHECKS - 1 BAG_XL,NILL - BIG CHECKS - 1 BAG (NILL),NILL,630.50,630.50,630.50,630.50,630.50,630.50,630.50,630.50,630.50,0.00,0E-15
986,OS254_15374_S,KURTA - OS254_15374 (MIX),KURTA,1695.00,395.00,1695.00,1695.00,1695.00,1695.00,1695.00,1695.00,1695.00,0.00,0E-15
737,OS193_1062_3XL,KURTA - OS193_1062 (MIX),KURTA,2298.00,570.00,2395.00,2395.00,2395.00,2395.00,2395.00,2395.00,2395.00,0.00,0E-15
837,OS210_3137_S,KURTA - OS210_3137 (MIX),KURTA,2098.00,519.00,2195.00,2195.00,2195.00,2195.00,2195.00,2195.00,2195.00,0.00,0E-15
296,OS113_3090_XL,KURTA - OS113_3090 (MIX),KURTA,1995.00,500.00,1995.00,1995.00,1995.00,1995.00,2095.00,1995.00,2095.00,100.00,5.010000000000000
451,OS146_L,TOPS - OS146 (MIX),TOPS,1795.00,415.00,1795.00,1795.00,1795.00,1895.00,1795.00,1795.00,1795.00,100.00,5.570000000000000
119,OS1066_3XL,KURTA SET - OS1066 (SURMAYA),KURTA SET,4895.00,1150.00,4895.00,4895.00,4895.00,4895.00,4895.00,4895.00,4895.00,0.00,0E-15
1115,OS277_2XL,KURTA SET - OS277 (MIX),KURTA SET,3397.00,675.00,3397.00,3095.00,3397.00,3397.00,3397.00,3397.00,3397.00,302.00,9.760000000000000
783,OS201_3152_S,KURTA - OS201_3152 (BREEZE-4),KURTA,2038.00,505.00,2195.00,2195.00,2195.00,2195.00,2195.00,2195.00,2195.00,0.00,0E-15
96,OS1060_L,KURTA SET - OS1060 (SURMAYA),KURTA SET,2495.00,950.00,2495.00,2495.00,2495.00,2495.00,2495.00,2495.00,2495.00,0.00,0E-15
760,OS198_5045_2XL,KURTA - OS198_5045 (COLORS-7),KURTA,1538.00,381.00,1595.00,1595.00,1595.00,1595.00,1595.00,1595.00,1595.00,0.00,0E-15
428,OS141_1331_M,KURTA - OS141_1331 (MIX),KURTA,1595.00,381.00,1595.00,1595.00,1595.00,1595.00,1595.00,1595.00,1595.00,0.00,0E-15
829,OS209_5058_L,KURTA - OS209_5058 (COLORS-8),KURTA,1778.00,438.00,1895.00,1895.00,1895.00,1895.00,1895.00,1895.00,1895.00,0.00,0E-15
1161,OS280KR_S,KURTA - OS280KR (MIX),KURTA,2195.00,425.00,2195.00,2195.00,2195.00,2195.00,2195.00,2195.00,2195.00,0.00,0E-15
142,OS1074_2XL,KURTA SET - OS1074 (SURMAYA),KURTA SET,2495.00,1040.00,2495.00,2495.00,2495.00,2495.00,2495.00,2495.00,2495.00,0.00,0E-15
1138,OS278KR_XL,KURTA - OS278KR (MIX),KURTA,2397.00,460.00,2397.00,2397.00,2397.00,2397.00,2397.00,2397.00,2397.00,0.00,0E-15
806,OS205_1054_M,KURTA - OS205_1054 (MIX),KURTA,2298.00,570.00,2395.00,2395.00,2395.00,2395.00,2395.00,2395.00,2395.00,0.00,0E-15
474,OS150_3XL,KURTA - OS150 (MIX),KURTA,1695.00,395.00,1895.00,1695.00,1695.00,1695.00,1695.00,1695.00,1695.00,200.00,11.800000000000000
282,OS1120_S,KURTA SET - OS1120 (SURMAYA),KURTA SET,1895.00,510.00,1895.00,1895.00,1895.00,1895.00,1895.00,1895.00,1895.00,0.00,0E-15
288,OS1126_M,KURTA - OS1126 (SURMAYA),KURTA,1250.00,525.00,1250.00,1250.00,1250.00,1250.00,1250.00,1250.00,1250.00,0.00,0E-15
952,OS230_1438_2XL,KURTA SET - OS230_1438 (ROZANA),KURTA SET,2378.00,590.00,2495.00,2495.00,2495.00,2495.00,2495.00,2495.00,2495.00,0.00,0E-15
305,OS1144_L,KURTA SET - OS1144 (SURMAYA),KURTA SET,2695.00,1150.00,2695.00,2695.00,2695.00,2695.00,2695.00,2695.00,2695.00,0.00,0E-15
969,OS232_1431_XL,KURTA SET - OS232_1431 (ROZANA),KURTA SET,2378.00,590.00,2495.00,2495.00,2495.00,2495.00,2495.00,2495.00,2495.00,0.00,0E-15
975,OS233_1058_XL,KURTA - OS233_1058 (MIX),KURTA,3858.00,952.00,3995.00,3995.00,3995.00,3995.00,3995.00,3995.00,3995.00,0.00,0E-15
219,OS1097_XL,KURTA SET - OS1097 (SURMAYA),KURTA SET,1895.00,825.00,1895.00,1895.00,1895.00,1895.00,1895.00,1895.00,1895.00,0.00,0E-15
1098,OS274_XL,TOPS - OS274 (MIX),TOPS,1695.00,340.00,1695.00,1695.00,1695.00,1695.00,1695.00,1695.00,1695.00,0.00,0E-15
766,OS198_5045_XS,KURTA - OS198_5045 (COLORS-7),KURTA,1538.00,381.00,1595.00,1595.00,1595.00,1595.00,1595.00,1595.00,1595.00,0.00,0E-15
411,OS137_14380_L,GOWN - OS137_14380 (MIX),GOWN,2795.00,695.00,2795.00,2795.00,2795.00,2795.00,2795.00,2795.00,2795.00,0.00,0E-15
574,OS166_L,KURTA - OS166 (MIX),KURTA,1895.00,395.00,1895.00,1895.00,1895.00,1895.00,1895.00,1895.00,1895.00,0.00,0E-15
79,OS1055_M,KURTA SET - OS1055 (SURMAYA),KURTA SET,2150.00,975.00,2150.00,2150.00,2150.00,2150.00,2150.00,2150.00,2150.00,0.00,0E-15
906,OS222_3156_L,KURTA - OS222_3156 (BREEZE-4),KURTA,2038.00,505.00,2195.00,2195.00,2195.00,2195.00,2195.00,2195.00,2195.00,0.00,0E-15
660,OS180_3134_M,KURTA - OS180_3134 (MIX),KURTA,2098.00,519.00,2195.00,2195.00,2195.00,2195.00,2195.00,2195.00,2195.00,0.00,0E-15
328,OS117_3063_3XL,KURTA - OS117_3063 (MIX),KURTA,1595.00,381.00,1595.00,1595.00,1595.00,1595.00,1595.00,1595.00,1595.00,0.00,0E-15
1015,OS259_15379_M,KURTA - OS259_15379 (MIX),KURTA,1695.00,395.00,1695.00,1695.00,1695.00,1695.00,1695.00,1695.00,1695.00,0.00,0E-15
265,OS1111_XL,KURTA SET - OS1111 (SURMAYA),KURTA SET,1895.00,825.00,1895.00,1895.00,1895.00,1895.00,1895.00,1895.00,1895.00,0.00,0E-15
1052,OS265_S,KURTA - OS265 (MIX),KURTA,1895.00,410.00,1895.00,1895.00,1895.00,1895.00,1895.00,1895.00,1895.00,0.00,0E-15
1261,OS309_3XL,KURTA - OS309 (MIX),KURTA,2097.00,415.00,2097.00,2097.00,2097.00,2097.00,2097.00,2097.00,2097.00,0.00,0E-15
720,OS190_1128_M,KURTA - OS190_1128 (MIX),KURTA,2298.00,570.00,2295.00,2295.00,2295.00,2295.00,2295.00,2295.00,2295.00,0.00,0E-15
365,OS125_L,KURTA - OS125 (MIX),KURTA,2095.00,450.00,2095.00,2095.00,2095.00,2095.00,2095.00,2095.00,2095.00,0.00,0E-15
1201,OS289_M,KURTA SET - OS289 (MIX),KURTA SET,3095.00,615.00,3095.00,2895.00,3095.00,3095.00,3095.00,3095.00,3095.00,200.00,6.910000000000000
614,OS172_1092_XL,KURTA - OS172_1092 (MIX),KURTA,2298.00,570.00,2295.00,2295.00,2295.00,2295.00,2295.00,2295.00,2295.00,0.00,0E-15
620,OS173_3090_XL,KURTA - OS173_3090 (MIX),KURTA,1895.00,457.00,1895.00,1895.00,1895.00,1895.00,1895.00,1895.00,1895.00,0.00,0E-15
514,OS156_XL,KURTA - OS156 (MIX),KURTA,1895.00,395.00,1895.00,1895.00,1895.00,1895.00,1895.00,1895.00,1895.00,0.00,0E-15
1301,OSKR167_M,NILL - OSKR167 (NILL),NILL,1695.00,395.00,1695.00,1695.00,1695.00,1695.00,1695.00,1695.00,1695.00,0.00,0E-15
1307,OSKR169_L,NILL - OSKR169 (NILL),NILL,1795.00,435.00,1795.00,1795.00,1795.00,1795.00,1795.00,1795.00,1795.00,0.00,0E-15
912,OS223_3142_L,KURTA - OS223_3142 (MOMENTS),KURTA,2178.00,538.00,2295.00,2295.00,2295.00,2295.00,2295.00,2295.00,2295.00,0.00,0E-15
73,OS1051_M,KURTA SET - OS1051 (SURMAYA),KURTA SET,1995.00,900.00,1995.00,1995.00,1995.00,1995.00,1995.00,1995.00,1995.00,0.00,0E-15
1155,OS280_S,KURTA SET - OS280 (MIX),KURTA SET,3297.00,650.00,3297.00,3297.00,3297.00,3297.00,3297.00,3297.00,3297.00,0.00,0E-15
1032,OS262_L,KURTA - OS262 (MIX),KURTA,1995.00,425.00,1695.00,1995.00,1995.00,1995.00,1995.00,1995.00,1995.00,300.00,17.700000000000000
368,OS125_XL,KURTA - OS125 (MIX),KURTA,2095.00,450.00,2095.00,2095.00,2095.00,2095.00,2095.00,2095.00,2095.00,0.00,0E-15
36,MIRROR-1328_L,NILL - MIRROR-1328 (NILL),NILL,3149.00,806.00,3149.00,3149.00,3149.00,3149.00,3149.00,3149.00,3149.00,0.00,0E-15
534,OS160_3XL,KURTA - OS160 (MIX),KURTA,1695.00,424.00,1695.00,1695.00,1695.00,1695.00,1795.00,1895.00,1695.00,200.00,11.800000000000000
889,OS219_5054_M,KURTA - OS219_5054 (COLORS-8),KURTA,1778.00,438.00,1895.00,1895.00,1895.00,1895.00,1895.00,1895.00,1895.00,0.00,0E-15
391,OS133_S,KURTA SET - OS133 (MIX),KURTA SET,3495.00,790.00,3495.00,3495.00,3495.00,3495.00,3495.00,3495.00,3495.00,0.00,0E-15
746,OS195_5055_S,KURTA - OS195_5055 (COLORS-8),KURTA,1778.00,438.00,1895.00,1895.00,1895.00,1895.00,1895.00,1895.00,1895.00,0.00,0E-15
179,OS1087_3XL,KURTA SET - OS1087 (SURMAYA),KURTA SET,2250.00,925.00,2250.00,2250.00,2250.00,2250.00,2250.00,2250.00,2250.00,0.00,0E-15
511,OS156_L,KURTA - OS156 (MIX),KURTA,1895.00,395.00,1895.00,1895.00,1895.00,1895.00,1895.00,1895.00,1895.00,0.00,0E-15
1224,OS291_L,KURTA - OS291 (MIX),KURTA,1795.00,440.00,2195.00,1795.00,1795.00,2295.00,1795.00,1795.00,1795.00,500.00,27.860000000000000
205,OS1091_M,KURTA SET - OS1091 (SURMAYA),KURTA SET,2595.00,1140.00,2595.00,2595.00,2595.00,2595.00,2595.00,2595.00,2595.00,0.00,0E-15
703,OS187_5073_S,KURTA - OS187_5073 (MIX),KURTA,1695.00,424.00,1695.00,1695.00,1695.00,1695.00,1795.00,1695.00,1695.00,100.00,5.900000000000000
869,OS216_3095_3XL,KURTA - OS216_3095 (MIX),KURTA,1895.00,457.00,1895.00,1895.00,1895.00,1895.00,1995.00,1895.00,1995.00,100.00,5.280000000000000
846,OS212_3143_3XL,KURTA - OS212_3143 (MOMENTS),KURTA,2178.00,538.00,2295.00,2295.00,2295.00,2295.00,2295.00,2295.00,2295.00,0.00,0E-15
577,OS166_XL,KURTA - OS166 (MIX),KURTA,1895.00,395.00,1895.00,1895.00,1895.00,1895.00,1895.00,1895.00,1895.00,0.00,0E-15
1244,OS303_S,KURTA - OS303 (MIX),KURTA,2097.00,415.00,2097.00,2097.00,2097.00,2097.00,2097.00,2097.00,2097.00,0.00,0E-15
136,OS1073_2XL,KURTA - OS1073 (MIX),KURTA,2095.00,500.00,2095.00,2095.00,2095.00,2095.00,2095.00,2095.00,2095.00,0.00,0E-15
1218,OS290KR_L,KURTA - OS290KR (MIX),KURTA,2097.00,400.00,2097.00,2097.00,2097.00,2097.00,2097.00,2097.00,2097.00,0.00,0E-15
13,HASTAG-1194_L,NILL - HASTAG-1194 (NILL),NILL,2449.00,795.00,2449.00,2449.00,2449.00,2449.00,2449.00,2449.00,2449.00,0.00,0E-15
554,OS163_2XLL,KURTA - OS163 (MIX),KURTA,1995.00,425.00,1995.00,1995.00,1995.00,1995.00,1995.00,1995.00,1995.00,0.00,0E-15
677,OS183_5044_L,KURTA - OS183_5044 (COLORS-7),KURTA,1538.00,381.00,1595.00,1595.00,1595.00,1595.00,1595.00,1595.00,1595.00,0.00,0E-15
434,OS142_XL,TOPS - OS142 (MIX),TOPS,1695.00,395.00,1695.00,1695.00,1695.00,1695.00,1695.00,1695.00,1695.00,0.00,0E-15
932,OS226_1436_S,KURTA SET - OS226_1436 (ROZANA),KURTA SET,2378.00,590.00,2495.00,2495.00,2495.00,2495.00,2495.00,2495.00,2495.00,0.00,0E-15
385,OS132_1866_S,KURTA - OS132_1866 (MIX),KURTA,1195.00,286.00,1195.00,1195.00,1195.00,1195.00,1195.00,1195.00,1195.00,0.00,0E-15
989,OS255_15375_3XL,KURTA - OS255_15375 (MIX),KURTA,1695.00,395.00,1695.00,1695.00,1695.00,1695.00,1695.00,1695.00,1695.00,0.00,0E-15
242,OS1106_S,KURTA SET - OS1106 (SURMAYA),KURTA SET,2150.00,910.00,2150.00,2150.00,2150.00,2150.00,2150.00,2150.00,2150.00,0.00,0E-15
1075,OS270_S,KURTA SET - OS270 (FOUR GEMS 2),KURTA SET,2795.00,680.00,2795.00,2795.00,2995.00,2795.00,2795.00,2795.00,2795.00,200.00,7.160000000000000
1324,PETALS-1233-XL,NILL - PETALS-1233 (NILL),NILL,4049.00,1395.00,4049.00,4049.00,4049.00,4049.00,4049.00,4049.00,4049.00,0.00,0E-15
597,OS170_5048_2XL,KURTA - OS170_5048 (COLORS-7),KURTA,1538.00,381.00,1595.00,1595.00,1595.00,1595.00,1595.00,1595.00,1595.00,0.00,0E-15
683,OS184_1127_L,KURTA - OS184_1127 (MIX),KURTA,2138.00,529.00,2295.00,2295.00,2295.00,2295.00,2295.00,2295.00,2295.00,0.00,0E-15
56,OS104_1276_S,KURTA - OS104_1276 (MIX),KURTA,1595.00,381.00,1595.00,1595.00,1595.00,1595.00,1595.00,1595.00,1595.00,0.00,0E-15
448,OS145_S,TOPS - OS145 (MIX),TOPS,1895.00,450.00,1895.00,1895.00,1895.00,1895.00,1895.00,1895.00,1895.00,0.00,0E-15
199,OS1090_M,KURTA SET - OS1090 (SURMAYA),KURTA SET,2295.00,980.00,2295.00,2295.00,2295.00,2295.00,2295.00,2295.00,2295.00,0.00,0E-15
348,OS120_14412_M,KURTA - OS120_14412 (MIX),KURTA,1895.00,471.00,1895.00,1895.00,1895.00,1895.00,1995.00,1895.00,1995.00,100.00,5.280000000000000
740,OS193_1062_S,KURTA - OS193_1062 (MIX),KURTA,2298.00,570.00,2395.00,2395.00,2395.00,2395.00,2395.00,2395.00,2395.00,0.00,0E-15
491,OS153_2XL,KURTA - OS153 (MIX),KURTA,1695.00,395.00,1895.00,1695.00,1695.00,1695.00,1695.00,1695.00,1695.00,200.00,11.800000000000000
99,OS1060_XL,KURTA SET - OS1060 (SURMAYA),KURTA SET,2495.00,950.00,2495.00,2495.00,2495.00,2495.00,2495.00,2495.00,2495.00,0.00,0E-15
1181,OS285_L,TOPS - OS285 (MIX),TOPS,1595.00,314.00,1595.00,1597.00,1595.00,1595.00,1595.00,1595.00,1595.00,2.00,0.130000000000000
640,OS177_1057_3XL,KURTA - OS177_1057 (MIX),KURTA,2878.00,714.00,2995.00,2995.00,2995.00,2995.00,2995.00,2995.00,2995.00,0.00,0E-15
285,OS1126_2XL,KURTA - OS1126 (SURMAYA),KURTA,1250.00,525.00,1250.00,1250.00,1250.00,1250.00,1250.00,1250.00,1250.00,0.00,0E-15
949,OS229_1435_M,KURTA SET - OS229_1435 (ROZANA),KURTA SET,2378.00,590.00,2495.00,2495.00,2495.00,2495.00,2495.00,2495.00,2495.00,0.00,0E-15
617,OS173_3090_L,KURTA - OS173_3090 (MIX),KURTA,1895.00,457.00,1895.00,1895.00,1895.00,1895.00,1895.00,1895.00,1895.00,0.00,0E-15
594,OS169_M,KURTA - OS169 (MIX),KURTA,1795.00,435.00,1795.00,1795.00,1795.00,1795.00,1795.00,1795.00,1795.00,0.00,0E-15
262,OS1111_L,KURTA SET - OS1111 (SURMAYA),KURTA SET,1895.00,825.00,1895.00,1895.00,1895.00,1895.00,1895.00,1895.00,1895.00,0.00,0E-15
454,OS146_XL,TOPS - OS146 (MIX),TOPS,1795.00,415.00,1795.00,1795.00,1795.00,1895.00,1795.00,1795.00,1795.00,100.00,5.570000000000000
116,OS1064_S,KURTA SET - OS1064 (SURMAYA),KURTA SET,1895.00,695.00,1895.00,1895.00,1895.00,1895.00,1895.00,1895.00,1895.00,0.00,0E-15
1118,OS277_M,KURTA SET - OS277 (MIX),KURTA SET,3397.00,675.00,3397.00,3095.00,3397.00,3397.00,3397.00,3397.00,3397.00,302.00,9.760000000000000
139,OS1073_M,KURTA - OS1073 (MIX),KURTA,2095.00,500.00,2095.00,2095.00,2095.00,2095.00,2095.00,2095.00,2095.00,0.00,0E-15
1141,OS279_L,KURTA SET - OS279 (MIX),KURTA SET,3197.00,625.00,3197.00,2995.00,3197.00,3197.00,3197.00,3197.00,3197.00,202.00,6.740000000000000
803,OS205_1054_2XL,KURTA - OS205_1054 (MIX),KURTA,2298.00,570.00,2395.00,2395.00,2395.00,2395.00,2395.00,2395.00,2395.00,0.00,0E-15
995,OS256_15376_3XL,KURTA - OS256_15376 (MIX),KURTA,1695.00,395.00,1695.00,1695.00,1695.00,1695.00,1695.00,1695.00,1695.00,0.00,0E-15
162,OS1081_L,KURTA SET - OS1081 (SURMAYA),KURTA SET,2195.00,895.00,2195.00,2195.00,2195.00,2195.00,2195.00,2195.00,2195.00,0.00,0E-15
1072,OS270_3XL,KURTA SET - OS270 (FOUR GEMS 2),KURTA SET,2795.00,680.00,2795.00,2795.00,2995.00,2795.00,2795.00,2795.00,2795.00,200.00,7.160000000000000
408,OS136_S,GOWN - OS136 (MIX),GOWN,3195.00,695.00,3195.00,3195.00,3195.00,3195.00,3195.00,3195.00,3195.00,0.00,0E-15
826,OS208_5043_XL,KURTA - OS208_5043 (COLORS-7),KURTA,1538.00,381.00,1595.00,1595.00,1595.00,1595.00,1595.00,1595.00,1595.00,0.00,0E-15
849,OS212_3143_S,KURTA - OS212_3143 (MOMENTS),KURTA,2178.00,538.00,2295.00,2295.00,2295.00,2295.00,2295.00,2295.00,2295.00,0.00,0E-15
308,OS1144_XL,KURTA SET - OS1144 (SURMAYA),KURTA SET,2695.00,1150.00,2695.00,2695.00,2695.00,2695.00,2695.00,2695.00,2695.00,0.00,0E-15
431,OS142_L,TOPS - OS142 (MIX),TOPS,1695.00,395.00,1695.00,1695.00,1695.00,1695.00,1695.00,1695.00,1695.00,0.00,0E-15
1095,OS274_L,TOPS - OS274 (MIX),TOPS,1695.00,340.00,1695.00,1695.00,1695.00,1695.00,1695.00,1695.00,1695.00,0.00,0E-15
972,OS233_1058_L,KURTA - OS233_1058 (MIX),KURTA,3858.00,952.00,3995.00,3995.00,3995.00,3995.00,3995.00,3995.00,3995.00,0.00,0E-15
1204,OS289KR_2XL,KURTA - OS289KR (MIX),KURTA,2195.00,425.00,2195.00,2195.00,2195.00,2195.00,2195.00,2195.00,2195.00,0.00,0E-15
1264,OS309_S,KURTA - OS309 (MIX),KURTA,2097.00,415.00,2097.00,2097.00,2097.00,2097.00,2097.00,2097.00,2097.00,0.00,0E-15
657,OS180_3134_2XL,KURTA - OS180_3134 (MIX),KURTA,2098.00,519.00,2195.00,2195.00,2195.00,2195.00,2195.00,2195.00,2195.00,0.00,0E-15
325,OS116_14254_S,KURTA - OS116_14254 (MIX),KURTA,1595.00,381.00,1595.00,1595.00,1595.00,1595.00,1595.00,1595.00,1595.00,0.00,0E-15
122,OS1066_S,KURTA SET - OS1066 (SURMAYA),KURTA SET,4895.00,1150.00,4895.00,4895.00,4895.00,4895.00,4895.00,4895.00,4895.00,0.00,0E-15
371,OS126_14249_L,KURTA - OS126_14249 (MIX),KURTA,1595.00,381.00,1595.00,1595.00,1595.00,1595.00,1595.00,1595.00,1595.00,0.00,0E-15
809,OS206_3141_2XL,KURTA - OS206_3141 (MOMENTS),KURTA,2178.00,538.00,2295.00,2295.00,2295.00,2295.00,2295.00,2295.00,2295.00,0.00,0E-15
1012,OS259_15379_2XL,KURTA - OS259_15379 (MIX),KURTA,1695.00,395.00,1695.00,1695.00,1695.00,1695.00,1695.00,1695.00,1695.00,0.00,0E-15
471,OS149_S,KURTA - OS149 (MIX),KURTA,1795.00,425.00,1695.00,1795.00,1795.00,1795.00,1795.00,1795.00,1795.00,100.00,5.900000000000000
663,OS181_5051_2XL,KURTA - OS181_5051 (COLORS-8),KURTA,1778.00,438.00,1895.00,1895.00,1895.00,1895.00,1895.00,1895.00,1895.00,0.00,0E-15
76,OS1055_2XL,KURTA SET - OS1055 (SURMAYA),KURTA SET,2150.00,975.00,2150.00,2150.00,2150.00,2150.00,2150.00,2150.00,2150.00,0.00,0E-15
1158,OS280KR_3XL,KURTA - OS280KR (MIX),KURTA,2195.00,425.00,2195.00,2195.00,2195.00,2195.00,2195.00,2195.00,2195.00,0.00,0E-15
909,OS222_3156_XL,KURTA - OS222_3156 (BREEZE-4),KURTA,2038.00,505.00,2195.00,2195.00,2195.00,2195.00,2195.00,2195.00,2195.00,0.00,0E-15
1058,OS266_S,KURTA - OS266 (MIX),KURTA,1995.00,425.00,1995.00,1995.00,1995.00,1995.00,1995.00,1995.00,1995.00,0.00,0E-15
1304,OSKR167_XS,NILL - OSKR167 (NILL),NILL,1695.00,395.00,1695.00,1695.00,1695.00,1695.00,1695.00,1695.00,1695.00,0.00,0E-15
763,OS198_5045_M,KURTA - OS198_5045 (COLORS-7),KURTA,1538.00,381.00,1595.00,1595.00,1595.00,1595.00,1595.00,1595.00,1595.00,0.00,0E-15
222,OS110_14253_L,KURTA - OS110_14253 (MIX),KURTA,1595.00,381.00,1595.00,1595.00,1595.00,1595.00,1595.00,1595.00,1595.00,0.00,0E-15
517,OS157_L,KURTA - OS157 (MIX),KURTA,1795.00,425.00,1795.00,1795.00,1795.00,1795.00,1795.00,1795.00,1795.00,0.00,0E-15
202,OS1091_2XL,KURTA SET - OS1091 (SURMAYA),KURTA SET,2595.00,1140.00,2595.00,2595.00,2595.00,2595.00,2595.00,2595.00,2595.00,0.00,0E-15
1198,OS289_2XL,KURTA SET - OS289 (MIX),KURTA SET,3095.00,615.00,3095.00,2895.00,3095.00,3095.00,3095.00,3095.00,3095.00,200.00,6.910000000000000
700,OS187_5073_3XL,KURTA - OS187_5073 (MIX),KURTA,1695.00,424.00,1695.00,1695.00,1695.00,1695.00,1795.00,1695.00,1695.00,100.00,5.900000000000000
866,OS215_5072_S,KURTA - OS215_5072 (MIX),KURTA,1695.00,424.00,1695.00,1695.00,1695.00,1695.00,1795.00,1695.00,1795.00,100.00,5.900000000000000
723,OS191_5052_2XL,KURTA - OS191_5052 (COLORS-8),KURTA,1778.00,438.00,1895.00,1895.00,1895.00,1895.00,1895.00,1895.00,1895.00,0.00,0E-15
1055,OS266_3XL,KURTA - OS266 (MIX),KURTA,1995.00,425.00,1995.00,1995.00,1995.00,1995.00,1995.00,1995.00,1995.00,0.00,0E-15
557,OS163_M,KURTA - OS163 (MIX),KURTA,1995.00,425.00,1995.00,1995.00,1995.00,1995.00,1995.00,1995.00,1995.00,0.00,0E-15
1221,OS290KR_XL,KURTA - OS290KR (MIX),KURTA,2097.00,400.00,2097.00,2097.00,2097.00,2097.00,2097.00,2097.00,2097.00,0.00,0E-15
225,OS110_14253_XL,KURTA - OS110_14253 (MIX),KURTA,1595.00,381.00,1595.00,1595.00,1595.00,1595.00,1595.00,1595.00,1595.00,0.00,0E-15
59,OS1041_3XL,KURTA SET - OS1041 (MIX),KURTA SET,0.00,0.00,,2895.00,,,,,,0.00,0E-15
1078,OS271_3XL,KURTA SET - OS271 (FOUR GEMS 2),KURTA SET,2795.00,680.00,2795.00,2795.00,2995.00,2795.00,2795.00,2795.00,2795.00,200.00,7.160000000000000
892,OS220_3154_2XL,KURTA - OS220_3154 (BREEZE-4),KURTA,2038.00,505.00,2195.00,2195.00,2195.00,2195.00,2195.00,2195.00,2195.00,0.00,0E-15
843,OS211_3011_S,KURTA - OS211_3011 (MIX),KURTA,1878.00,467.00,1995.00,1995.00,1995.00,1995.00,1995.00,1995.00,1995.00,0.00,0E-15
531,OS159_S,KURTA - OS159 (MIX),KURTA,1895.00,385.00,1895.00,1895.00,1895.00,1895.00,1895.00,1895.00,1895.00,0.00,0E-15
33,MIRROR - 1 BAG_L,NILL - MIRROR - 1 BAG (NILL),NILL,733.95,733.95,733.95,733.95,733.95,733.95,733.95,733.95,733.95,0.00,0E-15
39,OS102_14255_3XL,KURTA - OS102_14255 (MIX),KURTA,1595.00,381.00,1595.00,1595.00,1595.00,1595.00,1595.00,1595.00,1595.00,0.00,0E-15
182,OS1087_S,KURTA SET - OS1087 (SURMAYA),KURTA SET,2250.00,925.00,2250.00,2250.00,2250.00,2250.00,2250.00,2250.00,2250.00,0.00,0E-15
16,IRIS_1417_XL,NILL - IRIS_1417 (NILL),NILL,2494.00,818.00,2494.00,2494.00,2494.00,2494.00,2494.00,2494.00,2494.00,0.00,0E-15
680,OS183_5044_XL,KURTA - OS183_5044 (COLORS-7),KURTA,1538.00,381.00,1595.00,1595.00,1595.00,1595.00,1595.00,1595.00,1595.00,0.00,0E-15
159,OS1076_XL,KURTA SET - OS1076 (SURMAYA),KURTA SET,2495.00,1040.00,2495.00,2495.00,2495.00,2495.00,2495.00,2495.00,2495.00,0.00,0E-15
1241,OS303_3XL,KURTA - OS303 (MIX),KURTA,2097.00,415.00,2097.00,2097.00,2097.00,2097.00,2097.00,2097.00,2097.00,0.00,0E-15
823,OS208_5043_L,KURTA - OS208_5043 (COLORS-7),KURTA,1538.00,381.00,1595.00,1595.00,1595.00,1595.00,1595.00,1595.00,1595.00,0.00,0E-15
580,OS167_L,KURTA - OS167 (MIX),KURTA,1695.00,395.00,1695.00,1695.00,1695.00,1695.00,1695.00,1695.00,1695.00,0.00,0E-15
1121,OS277KR_2XL,KURTA - OS277KR (MIX),KURTA,2295.00,440.00,2295.00,2295.00,2295.00,2295.00,2295.00,2295.00,2295.00,0.00,0E-15
600,OS170_5048_M,KURTA - OS170_5048 (COLORS-7),KURTA,1538.00,381.00,1595.00,1595.00,1595.00,1595.00,1595.00,1595.00,1595.00,0.00,0E-15
53,OS104_1276_3XL,KURTA - OS104_1276 (MIX),KURTA,1595.00,381.00,1595.00,1595.00,1595.00,1595.00,1595.00,1595.00,1595.00,0.00,0E-15
743,OS195_5055_3XL,KURTA - OS195_5055 (COLORS-8),KURTA,1778.00,438.00,1895.00,1895.00,1895.00,1895.00,1895.00,1895.00,1895.00,0.00,0E-15
992,OS255_15375_S,KURTA - OS255_15375 (MIX),KURTA,1695.00,395.00,1695.00,1695.00,1695.00,1695.00,1695.00,1695.00,1695.00,0.00,0E-15
302,OS1137_XL,KURTA SET - OS1137 (SURMAYA),KURTA SET,2695.00,1150.00,2695.00,2695.00,2695.00,2695.00,2695.00,2695.00,2695.00,0.00,0E-15
388,OS133_3XL,KURTA SET - OS133 (MIX),KURTA SET,3495.00,790.00,3495.00,3495.00,3495.00,3495.00,3495.00,3495.00,3495.00,0.00,0E-15
929,OS226_1436_3XL,KURTA SET - OS226_1436 (ROZANA),KURTA SET,2378.00,590.00,2495.00,2495.00,2495.00,2495.00,2495.00,2495.00,2495.00,0.00,0E-15
351,OS122_1736_2XL,KURTA - OS122_1736 (MIX),KURTA,1895.00,471.00,1895.00,1895.00,1895.00,1895.00,1995.00,1895.00,1895.00,100.00,5.280000000000000
786,OS202_3146_3XL,KURTA - OS202_3146 (MOMENTS),KURTA,2178.00,538.00,2295.00,2295.00,2295.00,2295.00,2295.00,2295.00,2295.00,0.00,0E-15
1035,OS262_XL,KURTA - OS262 (MIX),KURTA,1995.00,425.00,1695.00,1995.00,1995.00,1995.00,1995.00,1995.00,1995.00,300.00,17.700000000000000
537,OS160_MM,KURTA - OS160 (MIX),KURTA,2240.00,424.00,1695.00,1695.00,1695.00,1695.00,1795.00,1895.00,1695.00,200.00,11.800000000000000
1135,OS278KR_L,KURTA - OS278KR (MIX),KURTA,2397.00,460.00,2397.00,2397.00,2397.00,2397.00,2397.00,2397.00,2397.00,0.00,0E-15
1178,OS283_M,KURTA - OS283 (MIX),KURTA,2197.00,425.00,2197.00,2197.00,2197.00,2197.00,2197.00,2197.00,2197.00,0.00,0E-15
637,OS176_1015_S,KURTA - OS176_1015 (MIX),KURTA,2918.00,724.00,3095.00,3095.00,3095.00,3095.00,3095.00,3095.00,3095.00,0.00,0E-15
245,OS1108_3XL,KURTA SET - OS1108 (SURMAYA),KURTA SET,1795.00,780.00,1795.00,1795.00,1795.00,1795.00,1795.00,1795.00,1795.00,0.00,0E-15
1327,RAAG-1365_XL,NILL - RAAG-1365 (NILL),NILL,1523.00,1523.00,1365.00,1365.00,1365.00,1365.00,1365.00,1365.00,1365.00,0.00,0E-15
494,OS153_M,KURTA - OS153 (MIX),KURTA,1695.00,395.00,1895.00,1695.00,1695.00,1695.00,1695.00,1695.00,1695.00,200.00,11.800000000000000
886,OS219_5054_2XL,KURTA - OS219_5054 (COLORS-8),KURTA,1778.00,438.00,1895.00,1895.00,1895.00,1895.00,1895.00,1895.00,1895.00,0.00,0E-15
345,OS120_14412_2XL,KURTA - OS120_14412 (MIX),KURTA,1895.00,471.00,1895.00,1895.00,1895.00,1895.00,1995.00,1895.00,1895.00,100.00,5.280000000000000
712,OS189_5056_3XL,KURTA - OS189_5056 (COLORS-8),KURTA,1778.00,438.00,1895.00,1895.00,1895.00,1895.00,1895.00,1895.00,1895.00,0.00,0E-15
1044,OS264_L,KURTA - OS264 (MIX),KURTA,1895.00,410.00,1895.00,1895.00,1895.00,1895.00,1895.00,1895.00,1895.00,0.00,0E-15
165,OS1081_XL,KURTA SET - OS1081 (SURMAYA),KURTA SET,2195.00,895.00,2195.00,2195.00,2195.00,2195.00,2195.00,2195.00,2195.00,0.00,0E-15
497,OS154_2XL,KURTA - OS154 (MIX),KURTA,1695.00,395.00,1895.00,1695.00,1695.00,1695.00,1695.00,1695.00,1695.00,200.00,11.800000000000000
211,OS1094_M,KURTA SET - OS1094 (SURMAYA),KURTA SET,1995.00,845.00,1995.00,1995.00,1995.00,1995.00,1995.00,1995.00,1995.00,0.00,0E-15
875,OS217_5071_3XL,KURTA - OS217_5071 (MIX),KURTA,1695.00,424.00,1695.00,1695.00,1695.00,1695.00,1795.00,1695.00,1695.00,100.00,5.900000000000000
852,OS213_15284_M,TOPS - OS213_15284 (MIX),TOPS,1695.00,375.00,1695.00,1695.00,1695.00,1695.00,1695.00,1695.00,1695.00,0.00,0E-15
188,OS1088_S,KURTA SET - OS1088 (SURMAYA),KURTA SET,2050.00,875.00,2050.00,2050.00,2050.00,2050.00,2050.00,2050.00,2050.00,0.00,0E-15
311,OS1147_L,KURTA SET - OS1147 (SURMAYA),KURTA SET,2695.00,1150.00,2695.00,2695.00,2695.00,2695.00,2695.00,2695.00,2695.00,0.00,0E-15
1190,OS287_S,KURTA SET - OS287 (MIX),KURTA SET,3495.00,695.00,3495.00,3195.00,3495.00,3495.00,3495.00,3495.00,3495.00,300.00,9.390000000000000
998,OS256_15376_S,KURTA - OS256_15376 (MIX),KURTA,1695.00,395.00,1695.00,1695.00,1695.00,1695.00,1695.00,1695.00,1695.00,0.00,0E-15
503,OS155_2XL,KURTA - OS155 (MIX),KURTA,1895.00,395.00,1895.00,1895.00,1895.00,1895.00,1895.00,1895.00,1895.00,0.00,0E-15
334,OS118_3XL,KURTA - OS118 (MIX),KURTA,1895.00,395.00,1895.00,1895.00,1895.00,1895.00,1895.00,1895.00,1895.00,0.00,0E-15
1167,OS282_S,KURTA SET - OS282 (MIX),KURTA SET,3197.00,640.00,3295.00,3197.00,3295.00,3295.00,3197.00,3197.00,3197.00,98.00,3.070000000000000
1021,OS260_15380_M,KURTA - OS260_15380 (MIX),KURTA,1695.00,395.00,1695.00,1695.00,1695.00,1695.00,1695.00,1695.00,1695.00,0.00,0E-15
480,OS151_3XL,KURTA - OS151 (MIX),KURTA,1995.00,425.00,1895.00,1995.00,1995.00,1995.00,1995.00,1995.00,1995.00,100.00,5.280000000000000
234,OS1103_L,GOWN - OS1103 (SURMAYA),GOWN,4295.00,995.00,4295.00,4295.00,4295.00,4295.00,4295.00,4295.00,4295.00,0.00,0E-15
1144,OS279_XL,KURTA SET - OS279 (MIX),KURTA SET,3197.00,625.00,3197.00,2995.00,3197.00,3197.00,3197.00,3197.00,3197.00,202.00,6.740000000000000
357,OS123_1332_2XL,KURTA - OS123_1332 (MIX),KURTA,1595.00,381.00,1595.00,1595.00,1595.00,1595.00,1595.00,1595.00,1595.00,0.00,0E-15
898,OS221_2XL,KURTA - OS221 (MIX),KURTA,1795.00,425.00,1695.00,1795.00,1795.00,1795.00,1795.00,1795.00,1795.00,100.00,5.900000000000000
457,OS147_15288_M,TOPS - OS147_15288 (MIX),TOPS,1595.00,361.00,1595.00,1595.00,1595.00,1595.00,1595.00,1595.00,1595.00,0.00,0E-15
125,OS1068_3XL,KURTA SET - OS1068 (SURMAYA),KURTA SET,2495.00,950.00,2495.00,2495.00,2495.00,2495.00,2495.00,2495.00,2495.00,0.00,0E-15
706,OS188_5042_3XL,KURTA - OS188_5042 (COLORS-7),KURTA,1538.00,381.00,1595.00,1595.00,1595.00,1595.00,1595.00,1595.00,1595.00,0.00,0E-15
374,OS126_14249_XL,KURTA - OS126_14249 (MIX),KURTA,1595.00,381.00,1595.00,1595.00,1595.00,1595.00,1595.00,1595.00,1595.00,0.00,0E-15
1061,OS268_3XL,KURTA - OS268 (MIX),KURTA,1395.00,220.00,1395.00,1395.00,1395.00,1395.00,1395.00,1395.00,1395.00,0.00,0E-15
65,OS105_3062_3XL,KURTA - OS105_3062 (MIX),KURTA,1595.00,381.00,1595.00,1595.00,1595.00,1595.00,1595.00,1595.00,1595.00,0.00,0E-15
1004,OS257_15377_S,KURTA - OS257_15377 (MIX),KURTA,1695.00,395.00,1695.00,1695.00,1695.00,1695.00,1695.00,1695.00,1695.00,0.00,0E-15
19,IRIS_1418_M,NILL - IRIS_1418 (NILL),NILL,2494.00,818.00,2494.00,2494.00,2494.00,2494.00,2494.00,2494.00,2494.00,0.00,0E-15
1207,OS289KR_M,KURTA - OS289KR (MIX),KURTA,2195.00,425.00,2195.00,2195.00,2195.00,2195.00,2195.00,2195.00,2195.00,0.00,0E-15
958,OS231_1384_2XL,KURTA SET - OS231_1384 (MIX),KURTA SET,2678.00,662.00,2795.00,2795.00,2795.00,2795.00,2795.00,2795.00,2795.00,0.00,0E-15
858,OS214_3144_L,KURTA - OS214_3144 (MOMENTS),KURTA,2178.00,538.00,2295.00,2295.00,2295.00,2295.00,2295.00,2295.00,2295.00,0.00,0E-15
317,OS115_L,KURTA - OS115 (MIX),KURTA,1995.00,425.00,1995.00,1995.00,1995.00,1995.00,1995.00,1995.00,1995.00,0.00,0E-15
520,OS157_XL,KURTA - OS157 (MIX),KURTA,1795.00,425.00,1795.00,1795.00,1795.00,1795.00,1795.00,1795.00,1795.00,0.00,0E-15
666,OS181_5051_M,KURTA - OS181_5051 (COLORS-8),KURTA,1778.00,438.00,1895.00,1895.00,1895.00,1895.00,1895.00,1895.00,1895.00,0.00,0E-15
420,OS139_14275_2XL,GOWN - OS139_14275 (MIX),GOWN,2795.00,695.00,2795.00,2795.00,2795.00,2795.00,2795.00,2795.00,2795.00,0.00,0E-15
171,OS1084_XL,KURTA SET - OS1084 (SURMAYA),KURTA SET,2395.00,1050.00,2395.00,2395.00,2395.00,2395.00,2395.00,2395.00,2395.00,0.00,0E-15
1253,OS307KR_3XL,KURTA - OS307KR (MIX),KURTA,2195.00,425.00,2195.00,2195.00,2195.00,2195.00,2195.00,2195.00,2195.00,0.00,0E-15
812,OS206_3141_M,KURTA - OS206_3141 (MOMENTS),KURTA,2178.00,538.00,2295.00,2295.00,2295.00,2295.00,2295.00,2295.00,2295.00,0.00,0E-15
566,OS165_2XL,KURTA - OS165 (MIX),KURTA,1895.00,385.00,1895.00,1895.00,1895.00,1895.00,1895.00,1895.00,1895.00,0.00,0E-15
271,OS1113_XL,KURTA SET - OS1113 (SURMAYA),KURTA SET,2195.00,930.00,2195.00,2195.00,2195.00,2195.00,2195.00,2195.00,2195.00,0.00,0E-15
1107,OS276_S,KURTA SET - OS276 (MIX),KURTA SET,3495.00,695.00,3495.00,3195.00,3495.00,3495.00,3495.00,3495.00,3495.00,300.00,9.390000000000000
25,IVORY-1423_2XL,NILL - IVORY-1423 (NILL),NILL,2494.00,818.00,2494.00,2494.00,2494.00,2494.00,2494.00,2494.00,2494.00,0.00,0E-15
1293,OS326_M,KURTA - OS326 (MIX),KURTA,1878.00,467.00,1995.00,1995.00,1995.00,1995.00,1995.00,1995.00,1995.00,0.00,0E-15
961,OS231_1384_M,KURTA SET - OS231_1384 (MIX),KURTA SET,2678.00,662.00,2795.00,2795.00,2795.00,2795.00,2795.00,2795.00,2795.00,0.00,0E-15
795,OS203_1100_S,KURTA - OS203_1100 (MIX),KURTA,2138.00,529.00,2395.00,2395.00,2395.00,2395.00,2395.00,2395.00,2395.00,0.00,0E-15
440,OS143_XS,TOPS - OS143 (MIX),TOPS,1795.00,425.00,1995.00,1795.00,1995.00,1795.00,1795.00,1795.00,1795.00,200.00,11.140000000000000
938,OS227_1437_S,KURTA SET - OS227_1437 (ROZANA),KURTA SET,2378.00,590.00,2495.00,2495.00,2495.00,2495.00,2495.00,2495.00,2495.00,0.00,0E-15
583,OS167_XL,KURTA - OS167 (MIX),KURTA,1695.00,395.00,1695.00,1695.00,1695.00,1695.00,1695.00,1695.00,1695.00,0.00,0E-15
105,OS1061_XL,KURTA SET - OS1061 (SURMAYA),KURTA SET,1895.00,880.00,1895.00,1895.00,1895.00,1895.00,1895.00,1895.00,1895.00,0.00,0E-15
228,OS1101_L,KURTA SET - OS1101 (SURMAYA),KURTA SET,2295.00,1035.00,2295.00,2295.00,2295.00,2295.00,2295.00,2295.00,2295.00,0.00,0E-15
1101,OS275_L,KURTA - OS275 (MIX),KURTA,2195.00,425.00,2195.00,2195.00,2195.00,2195.00,2195.00,2195.00,2195.00,0.00,0E-15
769,OS199_5046_L,KURTA - OS199_5046 (COLORS-7),KURTA,1538.00,381.00,1595.00,1595.00,1595.00,1595.00,1595.00,1595.00,1595.00,0.00,0E-15
560,OS164_2XL,KURTA - OS164 (MIX),KURTA,1695.00,395.00,1695.00,1695.00,1695.00,1695.00,1695.00,1695.00,1695.00,0.00,0E-15
460,OS147_15288_XS,TOPS - OS147_15288 (MIX),TOPS,1595.00,361.00,1595.00,1595.00,1595.00,1595.00,1595.00,1595.00,1595.00,0.00,0E-15
1124,OS277KR_M,KURTA - OS277KR (MIX),KURTA,2295.00,440.00,2295.00,2295.00,2295.00,2295.00,2295.00,2295.00,2295.00,0.00,0E-15
626,OS174_3155_XL,KURTA - OS174_3155 (BREEZE-4),KURTA,2038.00,505.00,2195.00,2195.00,2195.00,2195.00,2195.00,2195.00,2195.00,0.00,0E-15
483,OS151_S,KURTA - OS151 (MIX),KURTA,1995.00,425.00,1895.00,1995.00,1995.00,1995.00,1995.00,1995.00,1995.00,100.00,5.280000000000000
85,OS1056_M,KURTA SET - OS1056 (SURMAYA),KURTA SET,5395.00,1295.00,5395.00,5395.00,5395.00,5395.00,5395.00,5395.00,5395.00,0.00,0E-15
752,OS196_1371_S,KURTA - OS196_1371 (MIX),KURTA,2178.00,538.00,2295.00,2295.00,2295.00,2295.00,2295.00,2295.00,2295.00,0.00,0E-15
726,OS191_5052_M,KURTA - OS191_5052 (COLORS-8),KURTA,1778.00,438.00,1895.00,1895.00,1895.00,1895.00,1895.00,1895.00,1895.00,0.00,0E-15
1316,OSKR266_S,NILL - OSKR266 (NILL),NILL,1995.00,425.00,1995.00,1995.00,1995.00,1995.00,1995.00,1995.00,1995.00,0.00,0E-15
775,OS200_5041_L,KURTA - OS200_5041 (COLORS-7),KURTA,1538.00,381.00,1595.00,1595.00,1595.00,1595.00,1595.00,1595.00,1595.00,0.00,0E-15
603,OS171_1096_2XL,KURTA - OS171_1096 (MIX),KURTA,2238.00,552.00,2395.00,2395.00,2395.00,2395.00,2395.00,2395.00,2395.00,0.00,0E-15
62,OS1041_S,KURTA SET - OS1041 (MIX),KURTA SET,0.00,0.00,,2895.00,,,,,,0.00,0E-15
789,OS202_3146_S,KURTA - OS202_3146 (MOMENTS),KURTA,2178.00,538.00,2295.00,2295.00,2295.00,2295.00,2295.00,2295.00,2295.00,0.00,0E-15
1038,OS263_15383_L,KURTA - OS263_15383 (MIX),KURTA,1795.00,425.00,1795.00,1795.00,1795.00,1795.00,1795.00,1795.00,1695.00,100.00,5.900000000000000
540,OS160_XS,KURTA - OS160 (MIX),KURTA,2240.00,424.00,1695.00,1695.00,1695.00,1695.00,1795.00,1895.00,1695.00,200.00,11.800000000000000
291,OS113_3090_2XL,KURTA - OS113_3090 (MIX),KURTA,1995.00,500.00,1995.00,1995.00,1995.00,1995.00,2095.00,1995.00,2095.00,100.00,5.010000000000000
42,OS102_14255_S,KURTA - OS102_14255 (MIX),KURTA,1595.00,381.00,1595.00,1595.00,1595.00,1595.00,1595.00,1595.00,1595.00,0.00,0E-15
397,OS134_S,KURTA SET - OS134 (MIX),KURTA SET,3495.00,790.00,3495.00,3495.00,3495.00,3495.00,3495.00,3495.00,3495.00,0.00,0E-15
895,OS220_3154_M,KURTA - OS220_3154 (BREEZE-4),KURTA,2038.00,505.00,2195.00,2195.00,2195.00,2195.00,2195.00,2195.00,2195.00,0.00,0E-15
1087,OS272_S,KURTA SET - OS272 (FOUR GEMS 2),KURTA SET,2795.00,680.00,2795.00,2795.00,2995.00,2795.00,2795.00,2795.00,2795.00,200.00,7.160000000000000
5,COPPER-1276,NILL - COPPER-1276 (NILL),NILL,3499.00,995.00,3499.00,3499.00,3499.00,3499.00,3499.00,3499.00,3499.00,0.00,0E-15
254,OS111_3074_2XL,KURTA - OS111_3074 (MIX),KURTA,1895.00,471.00,1895.00,1895.00,1895.00,1895.00,1995.00,1895.00,1995.00,100.00,5.280000000000000
646,OS178_1115_3XL,KURTA - OS178_1115 (MIX),KURTA,2398.00,595.00,2495.00,2495.00,2495.00,2495.00,2495.00,2495.00,2495.00,0.00,0E-15
732,OS192_1124_M,KURTA - OS192_1124 (MIX),KURTA,2298.00,570.00,2295.00,2295.00,2295.00,2295.00,2295.00,2295.00,2295.00,0.00,0E-15
981,OS235_1112_XL,KURTA - OS235_1112 (MIX),KURTA,3858.00,952.00,3995.00,3995.00,3995.00,3995.00,3995.00,3995.00,3995.00,0.00,0E-15
1081,OS271_S,KURTA SET - OS271 (FOUR GEMS 2),KURTA SET,2795.00,680.00,2795.00,2795.00,2995.00,2795.00,2795.00,2795.00,2795.00,200.00,7.160000000000000
248,OS1108_S,KURTA SET - OS1108 (SURMAYA),KURTA SET,1795.00,780.00,1795.00,1795.00,1795.00,1795.00,1795.00,1795.00,1795.00,0.00,0E-15
1330,SILVER3-1296-2XL,NILL - SILVER3-1296 (NILL),NILL,3149.00,895.00,3149.00,3149.00,3149.00,3149.00,3149.00,3149.00,3149.00,0.00,0E-15
148,OS1075_2XL,KURTA - OS1075 (MIX),KURTA,2495.00,550.00,2795.00,2495.00,2495.00,2795.00,2495.00,2495.00,2495.00,300.00,12.020000000000000
1230,OS294_L,KURTA SET - OS294 (MIX),KURTA SET,2975.00,595.00,2997.00,2895.00,2975.00,2975.00,2975.00,2975.00,2975.00,102.00,3.520000000000000
689,OS185_1105_L,KURTA - OS185_1105 (MIX),KURTA,2138.00,529.00,2295.00,2295.00,2295.00,2295.00,2295.00,2295.00,2295.00,0.00,0E-15
1210,OS290_2XL,KURTA SET - OS290 (MIX),KURTA SET,3195.00,625.00,3195.00,3195.00,3195.00,3195.00,3195.00,3195.00,3195.00,0.00,0E-15
878,OS217_5071_S,KURTA - OS217_5071 (MIX),KURTA,1695.00,424.00,1695.00,1695.00,1695.00,1695.00,1795.00,1695.00,1695.00,100.00,5.900000000000000
546,OS161_XL,KURTA - OS161 (MIX),KURTA,1695.00,395.00,1695.00,1695.00,1695.00,1695.00,1695.00,1695.00,1695.00,0.00,0E-15
1233,OS294_XL,KURTA SET - OS294 (MIX),KURTA SET,2975.00,595.00,2997.00,2895.00,2975.00,2975.00,2975.00,2975.00,2975.00,102.00,3.520000000000000
832,OS209_5058_XL,KURTA - OS209_5058 (COLORS-8),KURTA,1778.00,438.00,1895.00,1895.00,1895.00,1895.00,1895.00,1895.00,1895.00,0.00,0E-15
168,OS1084_L,KURTA SET - OS1084 (SURMAYA),KURTA SET,2395.00,1050.00,2395.00,2395.00,2395.00,2395.00,2395.00,2395.00,2395.00,0.00,0E-15
1164,OS282_3XL,KURTA SET - OS282 (MIX),KURTA SET,3197.00,640.00,3295.00,3197.00,3295.00,3295.00,3197.00,3197.00,3197.00,98.00,3.070000000000000
500,OS154_M,KURTA - OS154 (MIX),KURTA,1695.00,395.00,1895.00,1695.00,1695.00,1695.00,1695.00,1695.00,1695.00,200.00,11.800000000000000
855,OS213_15284_XS,TOPS - OS213_15284 (MIX),TOPS,1695.00,375.00,1695.00,1695.00,1695.00,1695.00,1695.00,1695.00,1695.00,0.00,0E-15
1187,OS287_3XL,KURTA SET - OS287 (MIX),KURTA SET,3495.00,695.00,3495.00,3195.00,3495.00,3495.00,3495.00,3495.00,3495.00,300.00,9.390000000000000
191,OS109_3095_3XL,KURTA - OS109_3095 (MIX),KURTA,1895.00,471.00,1895.00,1895.00,1895.00,1895.00,1995.00,1895.00,1995.00,100.00,5.280000000000000
523,OS158_L,KURTA - OS158 (MIX),KURTA,1695.00,395.00,1895.00,1695.00,1695.00,1695.00,1695.00,1695.00,1695.00,200.00,11.800000000000000
1041,OS263_15383_XL,KURTA - OS263_15383 (MIX),KURTA,1795.00,425.00,1795.00,1795.00,1795.00,1795.00,1795.00,1795.00,1695.00,100.00,5.900000000000000
377,OS127_L,KURTA - OS127 (MIX),KURTA,1995.00,425.00,1995.00,1995.00,1995.00,1995.00,1995.00,1995.00,1995.00,0.00,0E-15
1018,OS260_15380_2XL,KURTA - OS260_15380 (MIX),KURTA,1695.00,395.00,1695.00,1695.00,1695.00,1695.00,1695.00,1695.00,1695.00,0.00,0E-15
1024,OS261_15381_2XL,KURTA - OS261_15381 (MIX),KURTA,1695.00,395.00,1695.00,1695.00,1695.00,1695.00,1695.00,1695.00,1695.00,0.00,0E-15
354,OS122_1736_M,KURTA - OS122_1736 (MIX),KURTA,1895.00,471.00,1895.00,1895.00,1895.00,1895.00,1995.00,1895.00,1895.00,100.00,5.280000000000000
477,OS150_S,KURTA - OS150 (MIX),KURTA,1695.00,395.00,1895.00,1695.00,1695.00,1695.00,1695.00,1695.00,1695.00,200.00,11.800000000000000
331,OS117_3063_S,KURTA - OS117_3063 (MIX),KURTA,1595.00,381.00,1595.00,1595.00,1595.00,1595.00,1595.00,1595.00,1595.00,0.00,0E-15
185,OS1088_3XL,KURTA SET - OS1088 (SURMAYA),KURTA SET,2050.00,875.00,2050.00,2050.00,2050.00,2050.00,2050.00,2050.00,2050.00,0.00,0E-15
623,OS174_3155_L,KURTA - OS174_3155 (BREEZE-4),KURTA,2038.00,505.00,2195.00,2195.00,2195.00,2195.00,2195.00,2195.00,2195.00,0.00,0E-15
955,OS230_1438_M,KURTA SET - OS230_1438 (ROZANA),KURTA SET,2378.00,590.00,2495.00,2495.00,2495.00,2495.00,2495.00,2495.00,2495.00,0.00,0E-15
872,OS216_3095_S,KURTA - OS216_3095 (MIX),KURTA,1895.00,457.00,1895.00,1895.00,1895.00,1895.00,1995.00,1895.00,1995.00,100.00,5.280000000000000
231,OS1101_XL,KURTA SET - OS1101 (SURMAYA),KURTA SET,2295.00,1035.00,2295.00,2295.00,2295.00,2295.00,2295.00,2295.00,2295.00,0.00,0E-15
268,OS1113_L,KURTA SET - OS1113 (SURMAYA),KURTA SET,2195.00,930.00,2195.00,2195.00,2195.00,2195.00,2195.00,2195.00,2195.00,0.00,0E-15
563,OS164_M,KURTA - OS164 (MIX),KURTA,1695.00,395.00,1695.00,1695.00,1695.00,1695.00,1695.00,1695.00,1695.00,0.00,0E-15
669,OS182_5057_2XL,KURTA - OS182_5057 (COLORS-8),KURTA,1895.00,438.00,1895.00,1895.00,1895.00,1895.00,1895.00,1895.00,1895.00,0.00,0E-15
1001,OS257_15377_3XL,KURTA - OS257_15377 (MIX),KURTA,1695.00,395.00,1695.00,1695.00,1695.00,1695.00,1695.00,1695.00,1695.00,0.00,0E-15
1250,OS307_S,KURTA SET - OS307 (MIX),KURTA SET,3297.00,650.00,3297.00,3297.00,3297.00,3297.00,3297.00,3297.00,3297.00,0.00,0E-15
918,OS224_1433_L,KURTA SET - OS224_1433 (ROZANA),KURTA SET,2378.00,590.00,2495.00,2495.00,2495.00,2495.00,2495.00,2495.00,2495.00,0.00,0E-15
1064,OS268_S,KURTA - OS268 (MIX),KURTA,1395.00,220.00,1395.00,1395.00,1395.00,1395.00,1395.00,1395.00,1395.00,0.00,0E-15
314,OS1147_XL,KURTA SET - OS1147 (SURMAYA),KURTA SET,2695.00,1150.00,2695.00,2695.00,2695.00,2695.00,2695.00,2695.00,2695.00,0.00,0E-15
1310,OSKR169_XL,NILL - OSKR169 (NILL),NILL,1795.00,435.00,1795.00,1795.00,1795.00,1795.00,1795.00,1795.00,1795.00,0.00,0E-15
128,OS1068_S,KURTA SET - OS1068 (SURMAYA),KURTA SET,2495.00,950.00,2495.00,2495.00,2495.00,2495.00,2495.00,2495.00,2495.00,0.00,0E-15
709,OS188_5042_S,KURTA - OS188_5042 (COLORS-7),KURTA,1538.00,381.00,1595.00,1595.00,1595.00,1595.00,1595.00,1595.00,1595.00,0.00,0E-15
815,OS207_3145_2XL,KURTA - OS207_3145 (MOMENTS),KURTA,2178.00,538.00,2295.00,2295.00,2295.00,2295.00,2295.00,2295.00,2295.00,0.00,0E-15
22,IVORY_1426_2XL,NILL - IVORY_1426 (NILL),NILL,2494.00,818.00,2494.00,2494.00,2494.00,2494.00,2494.00,2494.00,2494.00,0.00,0E-15
417,OS138_14206_M,GOWN - OS138_14206 (MIX),GOWN,2795.00,695.00,2795.00,2795.00,2795.00,2795.00,2795.00,2795.00,2795.00,0.00,0E-15
1127,OS278_2XL,KURTA SET - OS278 (MIX),KURTA SET,3295.00,650.00,3295.00,2995.00,3295.00,3295.00,3295.00,3295.00,3295.00,300.00,10.020000000000000
629,OS175_3153_L,KURTA - OS175_3153 (BREEZE-4),KURTA,2038.00,505.00,2195.00,2195.00,2195.00,2195.00,2195.00,2195.00,2195.00,0.00,0E-15
463,OS148_L,KURTA - OS148 (MIX),KURTA,1695.00,395.00,1695.00,1695.00,1695.00,1695.00,1695.00,1695.00,1695.00,0.00,0E-15
108,OS1063_L,KURTA - OS1063 (MIX),KURTA,2395.00,540.00,2695.00,2395.00,2395.00,2695.00,2395.00,2395.00,2395.00,300.00,12.530000000000000
274,OS1119_L,KURTA SET - OS1119 (SURMAYA),KURTA SET,4895.00,1150.00,4895.00,4895.00,4895.00,4895.00,4895.00,4895.00,4895.00,0.00,0E-15
1104,OS276_3XL,KURTA SET - OS276 (MIX),KURTA SET,3495.00,695.00,3495.00,3195.00,3495.00,3495.00,3495.00,3495.00,3495.00,300.00,9.390000000000000
772,OS199_5046_XL,KURTA - OS199_5046 (COLORS-7),KURTA,1538.00,381.00,1595.00,1595.00,1595.00,1595.00,1595.00,1595.00,1595.00,0.00,0E-15
606,OS171_1096_M,KURTA - OS171_1096 (MIX),KURTA,2238.00,552.00,2395.00,2395.00,2395.00,2395.00,2395.00,2395.00,2395.00,0.00,0E-15
915,OS223_3142_XL,KURTA - OS223_3142 (MOMENTS),KURTA,2178.00,538.00,2295.00,2295.00,2295.00,2295.00,2295.00,2295.00,2295.00,0.00,0E-15
414,OS137_14380_XL,GOWN - OS137_14380 (MIX),GOWN,2795.00,695.00,2795.00,2795.00,2795.00,2795.00,2795.00,2795.00,2795.00,0.00,0E-15
82,OS1056_2XL,KURTA SET - OS1056 (SURMAYA),KURTA SET,5395.00,1295.00,5395.00,5395.00,5395.00,5395.00,5395.00,5395.00,5395.00,0.00,0E-15
1247,OS307_3XL,KURTA SET - OS307 (MIX),KURTA SET,3297.00,650.00,3297.00,3297.00,3297.00,3297.00,3297.00,3297.00,3297.00,0.00,0E-15
251,OS1109_L,KURTA SET - OS1109 (MIX),KURTA SET,5997.00,1195.00,5997.00,5997.00,5997.00,5997.00,5997.00,5997.00,5997.00,0.00,0E-15
437,OS143_M,TOPS - OS143 (MIX),TOPS,1795.00,425.00,1995.00,1795.00,1995.00,1795.00,1795.00,1795.00,1795.00,200.00,11.140000000000000
1290,OS326_2XL,KURTA - OS326 (MIX),KURTA,1878.00,467.00,1995.00,1995.00,1995.00,1995.00,1995.00,1995.00,1995.00,0.00,0E-15
1313,OSKR266_3XL,NILL - OSKR266 (NILL),NILL,1995.00,425.00,1995.00,1995.00,1995.00,1995.00,1995.00,1995.00,1995.00,0.00,0E-15
649,OS178_1115_S,KURTA - OS178_1115 (MIX),KURTA,2398.00,595.00,2495.00,2495.00,2495.00,2495.00,2495.00,2495.00,2495.00,0.00,0E-15
1170,OS282KR_3XL,KURTA - OS282KR (MIX),KURTA,2095.00,415.00,2295.00,2295.00,2095.00,2295.00,2095.00,2095.00,2095.00,200.00,9.550000000000000
749,OS196_1371_3XL,KURTA - OS196_1371 (MIX),KURTA,2178.00,538.00,2295.00,2295.00,2295.00,2295.00,2295.00,2295.00,2295.00,0.00,0E-15
88,OS106_14213_2XL,KURTA - OS106_14213 (MIX),KURTA,2395.00,581.00,2395.00,2395.00,2395.00,2395.00,2495.00,2395.00,2395.00,100.00,4.180000000000000
208,OS1094_2XL,KURTA SET - OS1094 (SURMAYA),KURTA SET,1995.00,845.00,1995.00,1995.00,1995.00,1995.00,1995.00,1995.00,1995.00,0.00,0E-15
102,OS1061_L,KURTA SET - OS1061 (SURMAYA),KURTA SET,1895.00,880.00,1895.00,1895.00,1895.00,1895.00,1895.00,1895.00,1895.00,0.00,0E-15
1227,OS291_XL,KURTA - OS291 (MIX),KURTA,1795.00,440.00,2195.00,1795.00,1795.00,2295.00,1795.00,1795.00,1795.00,500.00,27.860000000000000
729,OS192_1124_2XL,KURTA - OS192_1124 (MIX),KURTA,2298.00,570.00,2295.00,2295.00,2295.00,2295.00,2295.00,2295.00,2295.00,0.00,0E-15
337,OS118_S,KURTA - OS118 (MIX),KURTA,1895.00,395.00,1895.00,1895.00,1895.00,1895.00,1895.00,1895.00,1895.00,0.00,0E-15
586,OS168_3XL,KURTA - OS168 (MIX),KURTA,1695.00,395.00,2495.00,1695.00,1695.00,1695.00,1695.00,1695.00,1695.00,800.00,47.200000000000000
941,OS228_1432_3XL,KURTA SET - OS228_1432 (ROZANA),KURTA SET,2378.00,590.00,2495.00,2495.00,2495.00,2495.00,2495.00,2495.00,2495.00,0.00,0E-15
978,OS235_1112_L,KURTA - OS235_1112 (MIX),KURTA,3858.00,952.00,3995.00,3995.00,3995.00,3995.00,3995.00,3995.00,3995.00,0.00,0E-15
400,OS135_14274_L,GOWN - OS135_14274 (MIX),GOWN,2795.00,695.00,2795.00,2795.00,2795.00,2795.00,2795.00,2795.00,2795.00,0.00,0E-15
792,OS203_1100_3XL,KURTA - OS203_1100 (MIX),KURTA,2138.00,529.00,2395.00,2395.00,2395.00,2395.00,2395.00,2395.00,2395.00,0.00,0E-15
294,OS113_3090_M,KURTA - OS113_3090 (MIX),KURTA,1995.00,500.00,1995.00,1995.00,1995.00,1995.00,2095.00,1995.00,2095.00,100.00,5.010000000000000
45,OS103_4171_2XL,KURTA - OS103_4171 (MIX),KURTA,1995.00,500.00,1995.00,1995.00,1995.00,1995.00,2095.00,1995.00,2095.00,100.00,5.010000000000000
543,OS161_L,KURTA - OS161 (MIX),KURTA,1695.00,395.00,1695.00,1695.00,1695.00,1695.00,1695.00,1695.00,1695.00,0.00,0E-15
145,OS1074_M,KURTA SET - OS1074 (SURMAYA),KURTA SET,2495.00,1040.00,2495.00,2495.00,2495.00,2495.00,2495.00,2495.00,2495.00,0.00,0E-15
1184,OS285_XL,TOPS - OS285 (MIX),TOPS,1595.00,314.00,1595.00,1597.00,1595.00,1595.00,1595.00,1595.00,1595.00,2.00,0.130000000000000
643,OS177_1057_S,KURTA - OS177_1057 (MIX),KURTA,2878.00,714.00,2995.00,2995.00,2995.00,2995.00,2995.00,2995.00,2995.00,0.00,0E-15
686,OS184_1127_XL,KURTA - OS184_1127 (MIX),KURTA,2138.00,529.00,2295.00,2295.00,2295.00,2295.00,2295.00,2295.00,2295.00,0.00,0E-15
1084,OS272_3XL,KURTA SET - OS272 (FOUR GEMS 2),KURTA SET,2795.00,680.00,2795.00,2795.00,2995.00,2795.00,2795.00,2795.00,2795.00,200.00,7.160000000000000
2,3PL COTTOM FACE MASK PACK OF 3,NILL - 3PL COTTOM FACE MASK PACK OF 3 (NILL),NILL,199.00,100.00,199.00,199.00,199.00,199.00,199.00,199.00,199.00,0.00,0E-15
835,OS210_3137_L,KURTA - OS210_3137 (MIX),KURTA,2098.00,519.00,2195.00,2195.00,2195.00,2195.00,2195.00,2195.00,2195.00,0.00,0E-15
394,OS134_3XL,KURTA SET - OS134 (MIX),KURTA SET,3495.00,790.00,3495.00,3495.00,3495.00,3495.00,3495.00,3495.00,3495.00,0.00,0E-15
935,OS227_1437_3XL,KURTA SET - OS227_1437 (ROZANA),KURTA SET,2378.00,590.00,2495.00,2495.00,2495.00,2495.00,2495.00,2495.00,2495.00,0.00,0E-15
380,OS127_XL,KURTA - OS127 (MIX),KURTA,1995.00,425.00,1995.00,1995.00,1995.00,1995.00,1995.00,1995.00,1995.00,0.00,0E-15
48,OS103_4171_M,KURTA - OS103_4171 (MIX),KURTA,1995.00,500.00,1995.00,1995.00,1995.00,1995.00,2095.00,1995.00,2095.00,100.00,5.010000000000000
403,OS135_14274_XL,GOWN - OS135_14274 (MIX),GOWN,2795.00,695.00,2795.00,2795.00,2795.00,2795.00,2795.00,2795.00,2795.00,0.00,0E-15
71,OS1051_3XL,KURTA SET - OS1051 (SURMAYA),KURTA SET,1995.00,900.00,1995.00,1995.00,1995.00,1995.00,1995.00,1995.00,1995.00,0.00,0E-15
1067,OS269_L,KURTA - OS269 (MIX),KURTA,1195.00,220.00,1195.00,1195.00,1195.00,1195.00,1195.00,1195.00,1195.00,0.00,0E-15
735,OS192_1124_XS,KURTA - OS192_1124 (MIX),KURTA,2298.00,570.00,2295.00,2295.00,2295.00,2295.00,2295.00,2295.00,2295.00,0.00,0E-15
758,OS197_5053_S,KURTA - OS197_5053 (COLORS-8),KURTA,1895.00,438.00,1895.00,1895.00,1895.00,1895.00,1895.00,1895.00,1895.00,0.00,0E-15
94,OS1060_2XL,KURTA SET - OS1060 (SURMAYA),KURTA SET,2495.00,950.00,2495.00,2495.00,2495.00,2495.00,2495.00,2495.00,2495.00,0.00,0E-15
595,OS169_S,KURTA - OS169 (MIX),KURTA,1795.00,435.00,1795.00,1795.00,1795.00,1795.00,1795.00,1795.00,1795.00,0.00,0E-15
1090,OS273_3XL,KURTA SET - OS273 (FOUR GEMS 2),KURTA SET,2795.00,680.00,2795.00,2795.00,2995.00,2795.00,2795.00,2795.00,2795.00,200.00,7.160000000000000
1259,OS308_L,KURTA SET - OS308 (MIX),KURTA SET,2195.00,615.00,2195.00,2195.00,2195.00,2195.00,2195.00,2195.00,2195.00,0.00,0E-15
927,OS225_1434_XL,KURTA SET - OS225_1434 (ROZANA),KURTA SET,2378.00,590.00,2495.00,2495.00,2495.00,2495.00,2495.00,2495.00,2495.00,0.00,0E-15
426,OS141_1331_3XL,KURTA - OS141_1331 (MIX),KURTA,1595.00,381.00,1595.00,1595.00,1595.00,1595.00,1595.00,1595.00,1595.00,0.00,0E-15
240,OS1106_L,KURTA SET - OS1106 (SURMAYA),KURTA SET,2150.00,910.00,2150.00,2150.00,2150.00,2150.00,2150.00,2150.00,2150.00,0.00,0E-15
449,OS145_XL,TOPS - OS145 (MIX),TOPS,1895.00,450.00,1895.00,1895.00,1895.00,1895.00,1895.00,1895.00,1895.00,0.00,0E-15
117,OS1064_XL,KURTA SET - OS1064 (SURMAYA),KURTA SET,1895.00,695.00,1895.00,1895.00,1895.00,1895.00,1895.00,1895.00,1895.00,0.00,0E-15
572,OS166_2XL,KURTA - OS166 (MIX),KURTA,1895.00,395.00,1895.00,1895.00,1895.00,1895.00,1895.00,1895.00,1895.00,0.00,0E-15
1113,OS276KR_S,KURTA - OS276KR (MIX),KURTA,2495.00,490.00,2495.00,2495.00,2495.00,2495.00,2495.00,2495.00,2495.00,0.00,0E-15
1236,OS294KR_L,KURTA - OS294KR (MIX),KURTA,2095.00,410.00,2095.00,2095.00,2095.00,2095.00,2095.00,2095.00,2095.00,0.00,0E-15
781,OS201_3152_L,KURTA - OS201_3152 (BREEZE-4),KURTA,2038.00,505.00,2195.00,2195.00,2195.00,2195.00,2195.00,2195.00,2195.00,0.00,0E-15
904,OS222_3156_2XL,KURTA - OS222_3156 (BREEZE-4),KURTA,2038.00,505.00,2195.00,2195.00,2195.00,2195.00,2195.00,2195.00,2195.00,0.00,0E-15
1213,OS290_M,KURTA SET - OS290 (MIX),KURTA SET,3195.00,625.00,3195.00,3195.00,3195.00,3195.00,3195.00,3195.00,3195.00,0.00,0E-15
549,OS162_L,KURTA - OS162 (MIX),KURTA,1695.00,424.00,1695.00,1695.00,1695.00,1695.00,1795.00,1895.00,1695.00,200.00,11.800000000000000
526,OS158_XL,KURTA - OS158 (MIX),KURTA,1695.00,395.00,1895.00,1695.00,1695.00,1695.00,1695.00,1695.00,1695.00,200.00,11.800000000000000
921,OS224_1433_XL,KURTA SET - OS224_1433 (ROZANA),KURTA SET,2378.00,590.00,2495.00,2495.00,2495.00,2495.00,2495.00,2495.00,2495.00,0.00,0E-15
257,OS111_3074_M,KURTA - OS111_3074 (MIX),KURTA,1895.00,471.00,1895.00,1895.00,1895.00,1895.00,1995.00,1895.00,1995.00,100.00,5.280000000000000
1050,OS265_L,KURTA - OS265 (MIX),KURTA,1895.00,410.00,1895.00,1895.00,1895.00,1895.00,1895.00,1895.00,1895.00,0.00,0E-15
1299,OSKR167_3XL,NILL - OSKR167 (NILL),NILL,1695.00,395.00,1695.00,1695.00,1695.00,1695.00,1695.00,1695.00,1695.00,0.00,0E-15
967,OS232_1431_M,KURTA SET - OS232_1431 (ROZANA),KURTA SET,2378.00,590.00,2495.00,2495.00,2495.00,2495.00,2495.00,2495.00,2495.00,0.00,0E-15
718,OS190_1128_3XL,KURTA - OS190_1128 (MIX),KURTA,2298.00,570.00,2295.00,2295.00,2295.00,2295.00,2295.00,2295.00,2295.00,0.00,0E-15
280,OS1120_L,KURTA SET - OS1120 (SURMAYA),KURTA SET,1895.00,510.00,1895.00,1895.00,1895.00,1895.00,1895.00,1895.00,1895.00,0.00,0E-15
612,OS172_1092_M,KURTA - OS172_1092 (MIX),KURTA,2298.00,570.00,2295.00,2295.00,2295.00,2295.00,2295.00,2295.00,2295.00,0.00,0E-15
672,OS182_5057_M,KURTA - OS182_5057 (COLORS-8),KURTA,1895.00,438.00,1895.00,1895.00,1895.00,1895.00,1895.00,1895.00,1895.00,0.00,0E-15
363,OS125_2XL,KURTA - OS125 (MIX),KURTA,2095.00,450.00,2095.00,2095.00,2095.00,2095.00,2095.00,2095.00,2095.00,0.00,0E-15
31,MASK-04B-NEW,NILL - MASK-04B-NEW (NILL),NILL,299.00,126.00,299.00,299.00,299.00,299.00,299.00,299.00,299.00,0.00,0E-15
658,OS180_3134_3XL,KURTA - OS180_3134 (MIX),KURTA,2098.00,519.00,2195.00,2195.00,2195.00,2195.00,2195.00,2195.00,2195.00,0.00,0E-15
217,OS1097_M,KURTA SET - OS1097 (SURMAYA),KURTA SET,1895.00,825.00,1895.00,1895.00,1895.00,1895.00,1895.00,1895.00,1895.00,0.00,0E-15
466,OS148_XL,KURTA - OS148 (MIX),KURTA,1695.00,395.00,1695.00,1695.00,1695.00,1695.00,1695.00,1695.00,1695.00,0.00,0E-15
1153,OS280_L,KURTA SET - OS280 (MIX),KURTA SET,3297.00,650.00,3297.00,3297.00,3297.00,3297.00,3297.00,3297.00,3297.00,0.00,0E-15
864,OS215_5072_L,KURTA - OS215_5072 (MIX),KURTA,1695.00,424.00,1695.00,1695.00,1695.00,1695.00,1795.00,1695.00,1795.00,100.00,5.900000000000000
297,OS1137_2XL,KURTA SET - OS1137 (SURMAYA),KURTA SET,2695.00,1150.00,2695.00,2695.00,2695.00,2695.00,2695.00,2695.00,2695.00,0.00,0E-15
177,OS1086_XL,KURTA SET - OS1086 (SURMAYA),KURTA SET,2150.00,940.00,2150.00,2150.00,2150.00,2150.00,2150.00,2150.00,2150.00,0.00,0E-15
509,OS156_2XL,KURTA - OS156 (MIX),KURTA,1895.00,395.00,1895.00,1895.00,1895.00,1895.00,1895.00,1895.00,1895.00,0.00,0E-15
1173,OS282KR_S,KURTA - OS282KR (MIX),KURTA,2095.00,415.00,2295.00,2295.00,2095.00,2295.00,2095.00,2095.00,2095.00,200.00,9.550000000000000
844,OS211_3011_XL,KURTA - OS211_3011 (MIX),KURTA,1878.00,467.00,1995.00,1995.00,1995.00,1995.00,1995.00,1995.00,1995.00,0.00,0E-15
818,OS207_3145_M,KURTA - OS207_3145 (MOMENTS),KURTA,2178.00,538.00,2295.00,2295.00,2295.00,2295.00,2295.00,2295.00,2295.00,0.00,0E-15
154,OS1076_2XL,KURTA SET - OS1076 (SURMAYA),KURTA SET,2495.00,1040.00,2495.00,2495.00,2495.00,2495.00,2495.00,2495.00,2495.00,0.00,0E-15
1199,OS289_3XL,KURTA SET - OS289 (MIX),KURTA SET,3095.00,615.00,3095.00,2895.00,3095.00,3095.00,3095.00,3095.00,3095.00,200.00,6.910000000000000
134,OS1071_S,KURTA SET - OS1071 (SURMAYA),KURTA SET,2495.00,950.00,2495.00,2495.00,2495.00,2495.00,2495.00,2495.00,2495.00,0.00,0E-15
632,OS175_3153_XL,KURTA - OS175_3153 (BREEZE-4),KURTA,2038.00,505.00,2195.00,2195.00,2195.00,2195.00,2195.00,2195.00,2195.00,0.00,0E-15
532,OS159_XL,KURTA - OS159 (MIX),KURTA,1895.00,385.00,1895.00,1895.00,1895.00,1895.00,1895.00,1895.00,1895.00,0.00,0E-15
11,GOLD-1353_L,NILL - GOLD-1353 (NILL),NILL,4549.00,1165.00,4549.00,4549.00,4549.00,4549.00,4549.00,4549.00,4549.00,0.00,0E-15
675,OS183_5044_2XL,KURTA - OS183_5044 (COLORS-7),KURTA,1538.00,381.00,1595.00,1595.00,1595.00,1595.00,1595.00,1595.00,1595.00,0.00,0E-15
111,OS1063_XL,KURTA - OS1063 (MIX),KURTA,2395.00,540.00,2695.00,2395.00,2395.00,2695.00,2395.00,2395.00,2395.00,300.00,12.530000000000000
1193,OS287KR_3XL,KURTA - OS287KR (MIX),KURTA,2195.00,425.00,2195.00,2195.00,2195.00,2195.00,2195.00,2195.00,2195.00,0.00,0E-15
824,OS208_5043_M,KURTA - OS208_5043 (COLORS-7),KURTA,1538.00,381.00,1595.00,1595.00,1595.00,1595.00,1595.00,1595.00,1595.00,0.00,0E-15
652,OS179_1116_3XL,KURTA - OS179_1116 (MIX),KURTA,2298.00,570.00,2395.00,2395.00,2395.00,2395.00,2395.00,2395.00,2395.00,0.00,0E-15
303,OS1144_2XL,KURTA SET - OS1144 (SURMAYA),KURTA SET,2695.00,1150.00,2695.00,2695.00,2695.00,2695.00,2695.00,2695.00,2695.00,0.00,0E-15
552,OS162_XL,KURTA - OS162 (MIX),KURTA,1695.00,424.00,1695.00,1695.00,1695.00,1695.00,1795.00,1895.00,1695.00,200.00,11.800000000000000
54,OS104_1276_L,KURTA - OS104_1276 (MIX),KURTA,1595.00,381.00,1595.00,1595.00,1595.00,1595.00,1595.00,1595.00,1595.00,0.00,0E-15
446,OS145_L,TOPS - OS145 (MIX),TOPS,1895.00,450.00,1895.00,1895.00,1895.00,1895.00,1895.00,1895.00,1895.00,0.00,0E-15
1073,OS270_L,KURTA SET - OS270 (FOUR GEMS 2),KURTA SET,2795.00,680.00,2795.00,2795.00,2995.00,2795.00,2795.00,2795.00,2795.00,200.00,7.160000000000000
944,OS228_1432_S,KURTA SET - OS228_1432 (ROZANA),KURTA SET,2378.00,590.00,2495.00,2495.00,2495.00,2495.00,2495.00,2495.00,2495.00,0.00,0E-15
340,OS119_3094_3XL,KURTA - OS119_3094 (MIX),KURTA,1895.00,471.00,1895.00,1895.00,1895.00,1895.00,1995.00,1895.00,1995.00,100.00,5.280000000000000
91,OS106_14213_M,KURTA - OS106_14213 (MIX),KURTA,2395.00,581.00,2395.00,2395.00,2395.00,2395.00,2495.00,2395.00,2395.00,100.00,4.180000000000000
1322,PETALS-1232_M,NILL - PETALS-1232 (NILL),NILL,4049.00,1395.00,4049.00,4049.00,4049.00,4049.00,4049.00,4049.00,4049.00,0.00,0E-15
695,OS186_1377_L,KURTA - OS186_1377 (MIX),KURTA,2178.00,538.00,2295.00,2295.00,2295.00,2295.00,2295.00,2295.00,2295.00,0.00,0E-15
887,OS219_5054_3XL,KURTA - OS219_5054 (COLORS-8),KURTA,1778.00,438.00,1895.00,1895.00,1895.00,1895.00,1895.00,1895.00,1895.00,0.00,0E-15
1130,OS278_M,KURTA SET - OS278 (MIX),KURTA SET,3295.00,650.00,3295.00,2995.00,3295.00,3295.00,3295.00,3295.00,3295.00,300.00,10.020000000000000
1136,OS278KR_M,KURTA - OS278KR (MIX),KURTA,2397.00,460.00,2397.00,2397.00,2397.00,2397.00,2397.00,2397.00,2397.00,0.00,0E-15
881,OS218_3151_3XL,KURTA - OS218_3151 (BREEZE-4),KURTA,2038.00,505.00,2195.00,2195.00,2195.00,2195.00,2195.00,2195.00,2195.00,0.00,0E-15
987,OS254_15374_XL,KURTA - OS254_15374 (MIX),KURTA,1695.00,395.00,1695.00,1695.00,1695.00,1695.00,1695.00,1695.00,1695.00,0.00,0E-15
1030,OS262_2XL,KURTA - OS262 (MIX),KURTA,1995.00,425.00,1695.00,1995.00,1995.00,1995.00,1995.00,1995.00,1995.00,300.00,17.700000000000000
489,OS152_S,KURTA - OS152 (MIX),KURTA,1795.00,425.00,1695.00,1795.00,1795.00,1795.00,1795.00,1795.00,1795.00,100.00,5.900000000000000
838,OS210_3137_XL,KURTA - OS210_3137 (MIX),KURTA,2098.00,519.00,2195.00,2195.00,2195.00,2195.00,2195.00,2195.00,2195.00,0.00,0E-15
589,OS168_S,KURTA - OS168 (MIX),KURTA,1695.00,395.00,2495.00,1695.00,1695.00,1695.00,1695.00,1695.00,1695.00,800.00,47.200000000000000
197,OS1090_3XL,KURTA SET - OS1090 (SURMAYA),KURTA SET,2295.00,980.00,2295.00,2295.00,2295.00,2295.00,2295.00,2295.00,2295.00,0.00,0E-15
738,OS193_1062_L,KURTA - OS193_1062 (MIX),KURTA,2298.00,570.00,2395.00,2395.00,2395.00,2395.00,2395.00,2395.00,2395.00,0.00,0E-15
214,OS1097_2XL,KURTA SET - OS1097 (SURMAYA),KURTA SET,1895.00,825.00,1895.00,1895.00,1895.00,1895.00,1895.00,1895.00,1895.00,0.00,0E-15
569,OS165_M,KURTA - OS165 (MIX),KURTA,1895.00,385.00,1895.00,1895.00,1895.00,1895.00,1895.00,1895.00,1895.00,0.00,0E-15
237,OS1103_XL,GOWN - OS1103 (SURMAYA),GOWN,4295.00,995.00,4295.00,4295.00,4295.00,4295.00,4295.00,4295.00,4295.00,0.00,0E-15
901,OS221_M,KURTA - OS221 (MIX),KURTA,1795.00,425.00,1695.00,1795.00,1795.00,1795.00,1795.00,1795.00,1795.00,100.00,5.900000000000000
1047,OS264_XL,KURTA - OS264 (MIX),KURTA,1895.00,410.00,1895.00,1895.00,1895.00,1895.00,1895.00,1895.00,1895.00,0.00,0E-15
970,OS233_1058_2XL,KURTA - OS233_1058 (MIX),KURTA,3858.00,952.00,3995.00,3995.00,3995.00,3995.00,3995.00,3995.00,3995.00,0.00,0E-15
383,OS132_1866_L,KURTA - OS132_1866 (MIX),KURTA,1195.00,286.00,1195.00,1195.00,1195.00,1195.00,1195.00,1195.00,1195.00,0.00,0E-15
360,OS123_1332_M,KURTA - OS123_1332 (MIX),KURTA,1595.00,381.00,1595.00,1595.00,1595.00,1595.00,1595.00,1595.00,1595.00,0.00,0E-15
260,OS1111_2XL,KURTA SET - OS1111 (SURMAYA),KURTA SET,1895.00,825.00,1895.00,1895.00,1895.00,1895.00,1895.00,1895.00,1895.00,0.00,0E-15
1093,OS273_S,KURTA SET - OS273 (FOUR GEMS 2),KURTA SET,2795.00,680.00,2795.00,2795.00,2995.00,2795.00,2795.00,2795.00,2795.00,200.00,7.160000000000000
924,OS225_1434_L,KURTA SET - OS225_1434 (ROZANA),KURTA SET,2378.00,590.00,2495.00,2495.00,2495.00,2495.00,2495.00,2495.00,2495.00,0.00,0E-15
429,OS141_1331_S,KURTA - OS141_1331 (MIX),KURTA,1595.00,381.00,1595.00,1595.00,1595.00,1595.00,1595.00,1595.00,1595.00,0.00,0E-15
283,OS1120_XL,KURTA SET - OS1120 (SURMAYA),KURTA SET,1895.00,510.00,1895.00,1895.00,1895.00,1895.00,1895.00,1895.00,1895.00,0.00,0E-15
1070,OS269_XL,KURTA - OS269 (MIX),KURTA,1195.00,220.00,1195.00,1195.00,1195.00,1195.00,1195.00,1195.00,1195.00,0.00,0E-15
406,OS136_L,GOWN - OS136 (MIX),GOWN,3195.00,695.00,3195.00,3195.00,3195.00,3195.00,3195.00,3195.00,3195.00,0.00,0E-15
947,OS229_1435_3XL,KURTA SET - OS229_1435 (ROZANA),KURTA SET,2378.00,590.00,2495.00,2495.00,2495.00,2495.00,2495.00,2495.00,2495.00,0.00,0E-15
1216,OS290KR_2XL,KURTA - OS290KR (MIX),KURTA,2097.00,400.00,2097.00,2097.00,2097.00,2097.00,2097.00,2097.00,2097.00,0.00,0E-15
801,OS204_3091_S,KURTA - OS204_3091 (MIX),KURTA,2138.00,529.00,2395.00,2395.00,2395.00,2395.00,2395.00,2395.00,2395.00,0.00,0E-15
220,OS110_14253_2XL,KURTA - OS110_14253 (MIX),KURTA,1595.00,381.00,1595.00,1595.00,1595.00,1595.00,1595.00,1595.00,1595.00,0.00,0E-15
469,OS149_L,KURTA - OS149 (MIX),KURTA,1795.00,425.00,1695.00,1795.00,1795.00,1795.00,1795.00,1795.00,1795.00,100.00,5.900000000000000
114,OS1064_L,KURTA SET - OS1064 (SURMAYA),KURTA SET,1895.00,695.00,1895.00,1895.00,1895.00,1895.00,1895.00,1895.00,1895.00,0.00,0E-15
1110,OS276KR_3XL,KURTA - OS276KR (MIX),KURTA,2495.00,490.00,2495.00,2495.00,2495.00,2495.00,2495.00,2495.00,2495.00,0.00,0E-15
907,OS222_3156_M,KURTA - OS222_3156 (BREEZE-4),KURTA,2038.00,505.00,2195.00,2195.00,2195.00,2195.00,2195.00,2195.00,2195.00,0.00,0E-15
755,OS197_5053_3XL,KURTA - OS197_5053 (COLORS-8),KURTA,1895.00,438.00,1895.00,1895.00,1895.00,1895.00,1895.00,1895.00,1895.00,0.00,0E-15
423,OS139_14275_S,GOWN - OS139_14275 (MIX),GOWN,2795.00,695.00,2795.00,2795.00,2795.00,2795.00,2795.00,2795.00,2795.00,0.00,0E-15
277,OS1119_XL,KURTA SET - OS1119 (SURMAYA),KURTA SET,4895.00,1150.00,4895.00,4895.00,4895.00,4895.00,4895.00,4895.00,4895.00,0.00,0E-15
609,OS172_1092_2XL,KURTA - OS172_1092 (MIX),KURTA,2298.00,570.00,2295.00,2295.00,2295.00,2295.00,2295.00,2295.00,2295.00,0.00,0E-15
68,OS105_3062_S,KURTA - OS105_3062 (MIX),KURTA,1595.00,381.00,1595.00,1595.00,1595.00,1595.00,1595.00,1595.00,1595.00,0.00,0E-15
715,OS189_5056_S,KURTA - OS189_5056 (COLORS-8),KURTA,1778.00,438.00,1895.00,1895.00,1895.00,1895.00,1895.00,1895.00,1895.00,0.00,0E-15
1053,OS265_XL,KURTA - OS265 (MIX),KURTA,1895.00,410.00,1895.00,1895.00,1895.00,1895.00,1895.00,1895.00,1895.00,0.00,0E-15
1302,OSKR167_S,NILL - OSKR167 (NILL),NILL,1695.00,395.00,1695.00,1695.00,1695.00,1695.00,1695.00,1695.00,1695.00,0.00,0E-15
964,OS232_1431_2XL,KURTA SET - OS232_1431 (ROZANA),KURTA SET,2378.00,590.00,2495.00,2495.00,2495.00,2495.00,2495.00,2495.00,2495.00,0.00,0E-15
366,OS125_M,KURTA - OS125 (MIX),KURTA,2095.00,450.00,2095.00,2095.00,2095.00,2095.00,2095.00,2095.00,2095.00,0.00,0E-15
28,IVORY-1426_M,NILL - IVORY-1426 (NILL),NILL,2494.00,818.00,2494.00,2494.00,2494.00,2494.00,2494.00,2494.00,2494.00,0.00,0E-15
323,OS116_14254_L,KURTA - OS116_14254 (MIX),KURTA,1595.00,381.00,1595.00,1595.00,1595.00,1595.00,1595.00,1595.00,1595.00,0.00,0E-15
1010,OS258_15378_S,KURTA - OS258_15378 (MIX),KURTA,1695.00,395.00,1695.00,1695.00,1695.00,1695.00,1695.00,1695.00,1695.00,0.00,0E-15
1007,OS258_15378_3XL,KURTA - OS258_15378 (MIX),KURTA,1695.00,395.00,1695.00,1695.00,1695.00,1695.00,1695.00,1695.00,1695.00,0.00,0E-15
174,OS1086_L,KURTA SET - OS1086 (SURMAYA),KURTA SET,2150.00,940.00,2150.00,2150.00,2150.00,2150.00,2150.00,2150.00,2150.00,0.00,0E-15
1256,OS307KR_S,KURTA - OS307KR (MIX),KURTA,2195.00,425.00,2195.00,2195.00,2195.00,2195.00,2195.00,2195.00,2195.00,0.00,0E-15
761,OS198_5045_3XL,KURTA - OS198_5045 (COLORS-7),KURTA,1538.00,381.00,1595.00,1595.00,1595.00,1595.00,1595.00,1595.00,1595.00,0.00,0E-15
861,OS214_3144_XL,KURTA - OS214_3144 (MOMENTS),KURTA,2178.00,538.00,2295.00,2295.00,2295.00,2295.00,2295.00,2295.00,2295.00,0.00,0E-15
74,OS1051_S,KURTA SET - OS1051 (SURMAYA),KURTA SET,1995.00,900.00,1995.00,1995.00,1995.00,1995.00,1995.00,1995.00,1995.00,0.00,0E-15
320,OS115_XL,KURTA - OS115 (MIX),KURTA,1995.00,425.00,1995.00,1995.00,1995.00,1995.00,1995.00,1995.00,1995.00,0.00,0E-15
1156,OS280_XL,KURTA SET - OS280 (MIX),KURTA SET,3297.00,650.00,3297.00,3297.00,3297.00,3297.00,3297.00,3297.00,3297.00,0.00,0E-15
615,OS173_3090_2XL,KURTA - OS173_3090 (MIX),KURTA,1895.00,457.00,1895.00,1895.00,1895.00,1895.00,1895.00,1895.00,1895.00,0.00,0E-15
131,OS1071_3XL,KURTA SET - OS1071 (SURMAYA),KURTA SET,2495.00,950.00,2495.00,2495.00,2495.00,2495.00,2495.00,2495.00,2495.00,0.00,0E-15
512,OS156_M,KURTA - OS156 (MIX),KURTA,1895.00,395.00,1895.00,1895.00,1895.00,1895.00,1895.00,1895.00,1895.00,0.00,0E-15
1176,OS283_3XL,KURTA - OS283 (MIX),KURTA,2197.00,425.00,2197.00,2197.00,2197.00,2197.00,2197.00,2197.00,2197.00,0.00,0E-15
841,OS211_3011_L,KURTA - OS211_3011 (MIX),KURTA,1878.00,467.00,1995.00,1995.00,1995.00,1995.00,1995.00,1995.00,1995.00,0.00,0E-15
486,OS152_3XL,KURTA - OS152 (MIX),KURTA,1795.00,425.00,1695.00,1795.00,1795.00,1795.00,1795.00,1795.00,1795.00,100.00,5.900000000000000
1219,OS290KR_M,KURTA - OS290KR (MIX),KURTA,2097.00,400.00,2097.00,2097.00,2097.00,2097.00,2097.00,2097.00,2097.00,0.00,0E-15
1296,OS326_XS,KURTA - OS326 (MIX),KURTA,1878.00,467.00,1995.00,1995.00,1995.00,1995.00,1995.00,1995.00,1995.00,0.00,0E-15
798,OS204_3091_3XL,KURTA - OS204_3091 (MIX),KURTA,2210.00,529.00,2395.00,2395.00,2395.00,2295.00,2295.00,2395.00,2395.00,100.00,4.360000000000000
157,OS1076_M,KURTA SET - OS1076 (SURMAYA),KURTA SET,2495.00,1040.00,2495.00,2495.00,2495.00,2495.00,2495.00,2495.00,2495.00,0.00,0E-15
1196,OS287KR_S,KURTA - OS287KR (MIX),KURTA,2195.00,425.00,2195.00,2195.00,2195.00,2195.00,2195.00,2195.00,2195.00,0.00,0E-15
1319,PETALS-1232_2XL,NILL - PETALS-1232 (NILL),NILL,4049.00,1395.00,4049.00,4049.00,4049.00,4049.00,4049.00,4049.00,4049.00,0.00,0E-15
821,OS208_5043_2XL,KURTA - OS208_5043 (COLORS-7),KURTA,1538.00,381.00,1595.00,1595.00,1595.00,1595.00,1595.00,1595.00,1595.00,0.00,0E-15
655,OS179_1116_S,KURTA - OS179_1116 (MIX),KURTA,2298.00,570.00,2395.00,2395.00,2395.00,2395.00,2395.00,2395.00,2395.00,0.00,0E-15
698,OS186_1377_XL,KURTA - OS186_1377 (MIX),KURTA,2178.00,538.00,2295.00,2295.00,2295.00,2295.00,2295.00,2295.00,2295.00,0.00,0E-15
506,OS155_M,KURTA - OS155 (MIX),KURTA,1895.00,395.00,1895.00,1895.00,1895.00,1895.00,1895.00,1895.00,1895.00,0.00,0E-15
678,OS183_5044_M,KURTA - OS183_5044 (COLORS-7),KURTA,1538.00,381.00,1595.00,1595.00,1595.00,1595.00,1595.00,1595.00,1595.00,0.00,0E-15
529,OS159_L,KURTA - OS159 (MIX),KURTA,1895.00,385.00,1895.00,1895.00,1895.00,1895.00,1895.00,1895.00,1895.00,0.00,0E-15
884,OS218_3151_S,KURTA - OS218_3151 (BREEZE-4),KURTA,2038.00,505.00,2195.00,2195.00,2195.00,2195.00,2195.00,2195.00,2195.00,0.00,0E-15
137,OS1073_3XL,KURTA - OS1073 (MIX),KURTA,2095.00,500.00,2095.00,2095.00,2095.00,2095.00,2095.00,2095.00,2095.00,0.00,0E-15
1133,OS278KR_2XL,KURTA - OS278KR (MIX),KURTA,2397.00,460.00,2397.00,2397.00,2397.00,2397.00,2397.00,2397.00,2397.00,0.00,0E-15
635,OS176_1015_L,KURTA - OS176_1015 (MIX),KURTA,2918.00,724.00,3095.00,3095.00,3095.00,3095.00,3095.00,3095.00,3095.00,0.00,0E-15
386,OS132_1866_XL,KURTA - OS132_1866 (MIX),KURTA,1195.00,286.00,1195.00,1195.00,1195.00,1195.00,1195.00,1195.00,1195.00,0.00,0E-15
1239,OS294KR_XL,KURTA - OS294KR (MIX),KURTA,2095.00,410.00,2095.00,2095.00,2095.00,2095.00,2095.00,2095.00,2095.00,0.00,0E-15
778,OS200_5041_XL,KURTA - OS200_5041 (COLORS-7),KURTA,1538.00,381.00,1595.00,1595.00,1595.00,1595.00,1595.00,1595.00,1595.00,0.00,0E-15
741,OS193_1062_XL,KURTA - OS193_1062 (MIX),KURTA,2298.00,570.00,2395.00,2395.00,2395.00,2395.00,2395.00,2395.00,2395.00,0.00,0E-15
8,GOLD-1351_M,NILL - GOLD-1351 (NILL),NILL,4549.00,1165.00,4549.00,4549.00,4549.00,4549.00,4549.00,4549.00,4549.00,0.00,0E-15
990,OS255_15375_L,KURTA - OS255_15375 (MIX),KURTA,1695.00,395.00,1695.00,1695.00,1695.00,1695.00,1695.00,1695.00,1695.00,0.00,0E-15
1027,OS261_15381_M,KURTA - OS261_15381 (MIX),KURTA,1695.00,395.00,1695.00,1695.00,1695.00,1695.00,1695.00,1695.00,1695.00,0.00,0E-15
300,OS1137_M,KURTA SET - OS1137 (SURMAYA),KURTA SET,2695.00,1150.00,2695.00,2695.00,2695.00,2695.00,2695.00,2695.00,2695.00,0.00,0E-15
51,OS103_4171_XS,KURTA - OS103_4171 (MIX),KURTA,1995.00,500.00,1995.00,1995.00,1995.00,1995.00,2095.00,1995.00,2095.00,100.00,5.010000000000000
200,OS1090_S,KURTA SET - OS1090 (SURMAYA),KURTA SET,2295.00,980.00,2295.00,2295.00,2295.00,2295.00,2295.00,2295.00,2295.00,0.00,0E-15
151,OS1075_M,KURTA - OS1075 (MIX),KURTA,2495.00,550.00,2795.00,2495.00,2495.00,2795.00,2495.00,2495.00,2495.00,300.00,12.020000000000000
692,OS185_1105_XL,KURTA - OS185_1105 (MIX),KURTA,2138.00,529.00,2295.00,2295.00,2295.00,2295.00,2295.00,2295.00,2295.00,0.00,0E-15
194,OS109_3095_S,KURTA - OS109_3095 (MIX),KURTA,1895.00,471.00,1895.00,1895.00,1895.00,1895.00,1995.00,1895.00,1995.00,100.00,5.280000000000000
592,OS169_3XL,KURTA - OS169 (MIX),KURTA,1795.00,435.00,1795.00,1795.00,1795.00,1795.00,1795.00,1795.00,1795.00,0.00,0E-15
343,OS119_3094_S,KURTA - OS119_3094 (MIX),KURTA,1895.00,471.00,1895.00,1895.00,1895.00,1895.00,1995.00,1895.00,1995.00,100.00,5.280000000000000
984,OS254_15374_L,KURTA - OS254_15374 (MIX),KURTA,1695.00,395.00,1695.00,1695.00,1695.00,1695.00,1695.00,1695.00,1695.00,0.00,0E-15
443,OS144_S,TOPS - OS144 (MIX),TOPS,1795.00,425.00,1795.00,1795.00,1795.00,1795.00,1795.00,1795.00,1795.00,0.00,0E-15
309,OS1147_2XL,KURTA SET - OS1147 (SURMAYA),KURTA SET,2695.00,1150.00,2695.00,2695.00,2695.00,2695.00,2695.00,2695.00,2695.00,0.00,0E-15
1305,OSKR169_2XL,NILL - OSKR169 (NILL),NILL,1795.00,435.00,1795.00,1795.00,1795.00,1795.00,1795.00,1795.00,1795.00,0.00,0E-15
973,OS233_1058_M,KURTA - OS233_1058 (MIX),KURTA,3858.00,952.00,3995.00,3995.00,3995.00,3995.00,3995.00,3995.00,3995.00,0.00,0E-15
641,OS177_1057_L,KURTA - OS177_1057 (MIX),KURTA,2878.00,714.00,2995.00,2995.00,2995.00,2995.00,2995.00,2995.00,2995.00,0.00,0E-15
286,OS1126_3XL,KURTA - OS1126 (SURMAYA),KURTA,1250.00,525.00,1250.00,1250.00,1250.00,1250.00,1250.00,1250.00,1250.00,0.00,0E-15
950,OS229_1435_S,KURTA SET - OS229_1435 (ROZANA),KURTA SET,2378.00,590.00,2495.00,2495.00,2495.00,2495.00,2495.00,2495.00,2495.00,0.00,0E-15
618,OS173_3090_M,KURTA - OS173_3090 (MIX),KURTA,1895.00,457.00,1895.00,1895.00,1895.00,1895.00,1895.00,1895.00,1895.00,0.00,0E-15
263,OS1111_M,KURTA SET - OS1111 (SURMAYA),KURTA SET,1895.00,825.00,1895.00,1895.00,1895.00,1895.00,1895.00,1895.00,1895.00,0.00,0E-15
140,OS1073_S,KURTA - OS1073 (MIX),KURTA,2095.00,500.00,2095.00,2095.00,2095.00,2095.00,2095.00,2095.00,2095.00,0.00,0E-15
1142,OS279_M,KURTA SET - OS279 (MIX),KURTA SET,3197.00,625.00,3197.00,2995.00,3197.00,3197.00,3197.00,3197.00,3197.00,202.00,6.740000000000000
804,OS205_1054_3XL,KURTA - OS205_1054 (MIX),KURTA,2298.00,570.00,2395.00,2395.00,2395.00,2395.00,2395.00,2395.00,2395.00,0.00,0E-15
478,OS150_XL,KURTA - OS150 (MIX),KURTA,1695.00,395.00,1895.00,1695.00,1695.00,1695.00,1695.00,1695.00,1695.00,200.00,11.800000000000000
827,OS209_5058_2XL,KURTA - OS209_5058 (COLORS-8),KURTA,1778.00,438.00,1895.00,1895.00,1895.00,1895.00,1895.00,1895.00,1895.00,0.00,0E-15
163,OS1081_M,KURTA SET - OS1081 (SURMAYA),KURTA SET,2195.00,895.00,2195.00,2195.00,2195.00,2195.00,2195.00,2195.00,2195.00,0.00,0E-15
1165,OS282_L,KURTA SET - OS282 (MIX),KURTA SET,3197.00,640.00,3295.00,3197.00,3295.00,3295.00,3197.00,3197.00,3197.00,98.00,3.070000000000000
850,OS212_3143_XL,KURTA - OS212_3143 (MOMENTS),KURTA,2178.00,538.00,2295.00,2295.00,2295.00,2295.00,2295.00,2295.00,2295.00,0.00,0E-15
1019,OS260_15380_3XL,KURTA - OS260_15380 (MIX),KURTA,1695.00,395.00,1695.00,1695.00,1695.00,1695.00,1695.00,1695.00,1695.00,0.00,0E-15
432,OS142_M,TOPS - OS142 (MIX),TOPS,1695.00,395.00,1695.00,1695.00,1695.00,1695.00,1695.00,1695.00,1695.00,0.00,0E-15
186,OS1088_L,KURTA SET - OS1088 (SURMAYA),KURTA SET,2050.00,875.00,2050.00,2050.00,2050.00,2050.00,2050.00,2050.00,2050.00,0.00,0E-15
1096,OS274_M,TOPS - OS274 (MIX),TOPS,1695.00,340.00,1695.00,1695.00,1695.00,1695.00,1695.00,1695.00,1695.00,0.00,0E-15
996,OS256_15376_L,KURTA - OS256_15376 (MIX),KURTA,1695.00,395.00,1695.00,1695.00,1695.00,1695.00,1695.00,1695.00,1695.00,0.00,0E-15
455,OS146_XS,TOPS - OS146 (MIX),TOPS,1795.00,415.00,1795.00,1795.00,1795.00,1895.00,1795.00,1795.00,1795.00,100.00,5.570000000000000
1119,OS277_S,KURTA SET - OS277 (MIX),KURTA SET,3397.00,675.00,3397.00,3095.00,3397.00,3397.00,3397.00,3397.00,3397.00,302.00,9.760000000000000
332,OS117_3063_XL,KURTA - OS117_3063 (MIX),KURTA,1595.00,381.00,1595.00,1595.00,1595.00,1595.00,1595.00,1595.00,1595.00,0.00,0E-15
873,OS216_3095_XL,KURTA - OS216_3095 (MIX),KURTA,1895.00,457.00,1895.00,1895.00,1895.00,1895.00,1995.00,1895.00,1995.00,100.00,5.280000000000000
1311,OSKR169_XS,NILL - OSKR169 (NILL),NILL,1795.00,435.00,1795.00,1795.00,1795.00,1795.00,1795.00,1795.00,1795.00,0.00,0E-15
77,OS1055_3XL,KURTA SET - OS1055 (SURMAYA),KURTA SET,2150.00,975.00,2150.00,2150.00,2150.00,2150.00,2150.00,2150.00,2150.00,0.00,0E-15
409,OS136_XL,GOWN - OS136 (MIX),GOWN,3195.00,695.00,3195.00,3195.00,3195.00,3195.00,3195.00,3195.00,3195.00,0.00,0E-15
624,OS174_3155_M,KURTA - OS174_3155 (BREEZE-4),KURTA,2038.00,505.00,2195.00,2195.00,2195.00,2195.00,2195.00,2195.00,2195.00,0.00,0E-15
956,OS230_1438_S,KURTA SET - OS230_1438 (ROZANA),KURTA SET,2378.00,590.00,2495.00,2495.00,2495.00,2495.00,2495.00,2495.00,2495.00,0.00,0E-15
1013,OS259_15379_3XL,KURTA - OS259_15379 (MIX),KURTA,1695.00,395.00,1695.00,1695.00,1695.00,1695.00,1695.00,1695.00,1695.00,0.00,0E-15
17,IRIS_1418_2XL,NILL - IRIS_1418 (NILL),NILL,2494.00,818.00,2494.00,2494.00,2494.00,2494.00,2494.00,2494.00,2494.00,0.00,0E-15
326,OS116_14254_XL,KURTA - OS116_14254 (MIX),KURTA,1595.00,381.00,1595.00,1595.00,1595.00,1595.00,1595.00,1595.00,1595.00,0.00,0E-15
810,OS206_3141_3XL,KURTA - OS206_3141 (MOMENTS),KURTA,2178.00,538.00,2295.00,2295.00,2295.00,2295.00,2295.00,2295.00,2295.00,0.00,0E-15
1059,OS266_XL,KURTA - OS266 (MIX),KURTA,1995.00,425.00,1995.00,1995.00,1995.00,1995.00,1995.00,1995.00,1995.00,0.00,0E-15
223,OS110_14253_M,KURTA - OS110_14253 (MIX),KURTA,1595.00,381.00,1595.00,1595.00,1595.00,1595.00,1595.00,1595.00,1595.00,0.00,0E-15
472,OS149_XL,KURTA - OS149 (MIX),KURTA,1795.00,425.00,1695.00,1795.00,1795.00,1795.00,1795.00,1795.00,1795.00,100.00,5.900000000000000
1159,OS280KR_L,KURTA - OS280KR (MIX),KURTA,2195.00,425.00,2195.00,2195.00,2195.00,2195.00,2195.00,2195.00,2195.00,0.00,0E-15
372,OS126_14249_M,KURTA - OS126_14249 (MIX),KURTA,1595.00,381.00,1595.00,1595.00,1595.00,1595.00,1595.00,1595.00,1595.00,0.00,0E-15
269,OS1113_M,KURTA SET - OS1113 (SURMAYA),KURTA SET,2195.00,930.00,2195.00,2195.00,2195.00,2195.00,2195.00,2195.00,2195.00,0.00,0E-15
764,OS198_5045_S,KURTA - OS198_5045 (COLORS-7),KURTA,1538.00,381.00,1595.00,1595.00,1595.00,1595.00,1595.00,1595.00,1595.00,0.00,0E-15
518,OS157_M,KURTA - OS157 (MIX),KURTA,1795.00,425.00,1795.00,1795.00,1795.00,1795.00,1795.00,1795.00,1795.00,0.00,0E-15
910,OS223_3142_2XL,KURTA - OS223_3142 (MOMENTS),KURTA,2178.00,538.00,2295.00,2295.00,2295.00,2295.00,2295.00,2295.00,2295.00,0.00,0E-15
664,OS181_5051_3XL,KURTA - OS181_5051 (COLORS-8),KURTA,1778.00,438.00,1895.00,1895.00,1895.00,1895.00,1895.00,1895.00,1895.00,0.00,0E-15
123,OS1066_XL,KURTA SET - OS1066 (SURMAYA),KURTA SET,4895.00,1150.00,4895.00,4895.00,4895.00,4895.00,4895.00,4895.00,4895.00,0.00,0E-15
1205,OS289KR_3XL,KURTA - OS289KR (MIX),KURTA,2195.00,425.00,2195.00,2195.00,2195.00,2195.00,2195.00,2195.00,2195.00,0.00,0E-15
724,OS191_5052_3XL,KURTA - OS191_5052 (COLORS-8),KURTA,1778.00,438.00,1895.00,1895.00,1895.00,1895.00,1895.00,1895.00,1895.00,0.00,0E-15
1056,OS266_L,KURTA - OS266 (MIX),KURTA,1995.00,425.00,1995.00,1995.00,1995.00,1995.00,1995.00,1995.00,1995.00,0.00,0E-15
558,OS163_S,KURTA - OS163 (MIX),KURTA,1995.00,425.00,1995.00,1995.00,1995.00,1995.00,1995.00,1995.00,1995.00,0.00,0E-15
226,OS1101_2XL,KURTA SET - OS1101 (SURMAYA),KURTA SET,2295.00,1035.00,2295.00,2295.00,2295.00,2295.00,2295.00,2295.00,2295.00,0.00,0E-15
1222,OS291_2XL,KURTA - OS291 (MIX),KURTA,1795.00,440.00,2195.00,1795.00,1795.00,2295.00,1795.00,1795.00,1795.00,500.00,27.860000000000000
60,OS1041_L,KURTA SET - OS1041 (MIX),KURTA SET,0.00,0.00,,2895.00,,,,,,0.00,0E-15
415,OS138_14206_2XL,GOWN - OS138_14206 (MIX),GOWN,2795.00,695.00,2795.00,2795.00,2795.00,2795.00,2795.00,2795.00,2795.00,0.00,0E-15
1079,OS271_L,KURTA SET - OS271 (FOUR GEMS 2),KURTA SET,2795.00,680.00,2795.00,2795.00,2995.00,2795.00,2795.00,2795.00,2795.00,200.00,7.160000000000000
83,OS1056_3XL,KURTA SET - OS1056 (SURMAYA),KURTA SET,5395.00,1295.00,5395.00,5395.00,5395.00,5395.00,5395.00,5395.00,5395.00,0.00,0E-15
581,OS167_M,KURTA - OS167 (MIX),KURTA,1695.00,395.00,1695.00,1695.00,1695.00,1695.00,1695.00,1695.00,1695.00,0.00,0E-15
203,OS1091_3XL,KURTA SET - OS1091 (SURMAYA),KURTA SET,2595.00,1140.00,2595.00,2595.00,2595.00,2595.00,2595.00,2595.00,2595.00,0.00,0E-15
1248,OS307_L,KURTA SET - OS307 (MIX),KURTA SET,3297.00,650.00,3297.00,3297.00,3297.00,3297.00,3297.00,3297.00,3297.00,0.00,0E-15
867,OS215_5072_XL,KURTA - OS215_5072 (MIX),KURTA,1695.00,424.00,1695.00,1695.00,1695.00,1695.00,1795.00,1695.00,1795.00,100.00,5.900000000000000
893,OS220_3154_3XL,KURTA - OS220_3154 (BREEZE-4),KURTA,2038.00,505.00,2195.00,2195.00,2195.00,2195.00,2195.00,2195.00,2195.00,0.00,0E-15
34,MIRROR-1326_L,NILL - MIRROR-1326 (NILL),NILL,3149.00,859.00,3149.00,3149.00,3149.00,3149.00,3149.00,3149.00,3149.00,0.00,0E-15
40,OS102_14255_L,KURTA - OS102_14255 (MIX),KURTA,1595.00,381.00,1595.00,1595.00,1595.00,1595.00,1595.00,1595.00,1595.00,0.00,0E-15
183,OS1087_XL,KURTA SET - OS1087 (SURMAYA),KURTA SET,2250.00,925.00,2250.00,2250.00,2250.00,2250.00,2250.00,2250.00,2250.00,0.00,0E-15
1265,OS309_XL,KURTA - OS309 (MIX),KURTA,2097.00,415.00,2097.00,2097.00,2097.00,2097.00,2097.00,2097.00,2097.00,0.00,0E-15
601,OS170_5048_S,KURTA - OS170_5048 (COLORS-7),KURTA,1538.00,381.00,1595.00,1595.00,1595.00,1595.00,1595.00,1595.00,1595.00,0.00,0E-15
160,OS1081_2XL,KURTA SET - OS1081 (SURMAYA),KURTA SET,2195.00,895.00,2195.00,2195.00,2195.00,2195.00,2195.00,2195.00,2195.00,0.00,0E-15
1242,OS303_L,KURTA - OS303 (MIX),KURTA,2097.00,415.00,2097.00,2097.00,2097.00,2097.00,2097.00,2097.00,2097.00,0.00,0E-15
701,OS187_5073_L,KURTA - OS187_5073 (MIX),KURTA,1695.00,424.00,1695.00,1695.00,1695.00,1695.00,1795.00,1695.00,1695.00,100.00,5.900000000000000
1122,OS277KR_3XL,KURTA - OS277KR (MIX),KURTA,2295.00,440.00,2295.00,2295.00,2295.00,2295.00,2295.00,2295.00,2295.00,0.00,0E-15
103,OS1061_M,KURTA SET - OS1061 (SURMAYA),KURTA SET,1895.00,880.00,1895.00,1895.00,1895.00,1895.00,1895.00,1895.00,1895.00,0.00,0E-15
930,OS226_1436_L,KURTA SET - OS226_1436 (ROZANA),KURTA SET,2378.00,590.00,2495.00,2495.00,2495.00,2495.00,2495.00,2495.00,2495.00,0.00,0E-15
681,OS184_1127_2XL,KURTA - OS184_1127 (MIX),KURTA,2138.00,529.00,2295.00,2295.00,2295.00,2295.00,2295.00,2295.00,2295.00,0.00,0E-15
352,OS122_1736_3XL,KURTA - OS122_1736 (MIX),KURTA,1895.00,471.00,1895.00,1895.00,1895.00,1895.00,1995.00,1895.00,1895.00,100.00,5.280000000000000
744,OS195_5055_L,KURTA - OS195_5055 (COLORS-8),KURTA,1778.00,438.00,1895.00,1895.00,1895.00,1895.00,1895.00,1895.00,1895.00,0.00,0E-15
289,OS1126_S,KURTA - OS1126 (SURMAYA),KURTA,1250.00,525.00,1250.00,1250.00,1250.00,1250.00,1250.00,1250.00,1250.00,0.00,0E-15
389,OS133_L,KURTA SET - OS133 (MIX),KURTA SET,3495.00,790.00,3495.00,3495.00,3495.00,3495.00,3495.00,3495.00,3495.00,0.00,0E-15
395,OS134_L,KURTA SET - OS134 (MIX),KURTA SET,3495.00,790.00,3495.00,3495.00,3495.00,3495.00,3495.00,3495.00,3495.00,0.00,0E-15
644,OS177_1057_XL,KURTA - OS177_1057 (MIX),KURTA,2878.00,714.00,2995.00,2995.00,2995.00,2995.00,2995.00,2995.00,2995.00,0.00,0E-15
638,OS176_1015_XL,KURTA - OS176_1015 (MIX),KURTA,2918.00,724.00,3095.00,3095.00,3095.00,3095.00,3095.00,3095.00,3095.00,0.00,0E-15
1036,OS263_15383_2XL,KURTA - OS263_15383 (MIX),KURTA,1795.00,425.00,1795.00,1795.00,1795.00,1795.00,1795.00,1795.00,1695.00,100.00,5.900000000000000
538,OS160_S,KURTA - OS160 (MIX),KURTA,2240.00,424.00,1695.00,1695.00,1695.00,1695.00,1795.00,1895.00,1695.00,200.00,11.800000000000000
495,OS153_S,KURTA - OS153 (MIX),KURTA,1695.00,395.00,1895.00,1695.00,1695.00,1695.00,1695.00,1695.00,1695.00,200.00,11.800000000000000
97,OS1060_M,KURTA SET - OS1060 (SURMAYA),KURTA SET,2495.00,950.00,2495.00,2495.00,2495.00,2495.00,2495.00,2495.00,2495.00,0.00,0E-15
1179,OS283_S,KURTA - OS283 (MIX),KURTA,2197.00,425.00,2197.00,2197.00,2197.00,2197.00,2197.00,2197.00,2197.00,0.00,0E-15
936,OS227_1437_L,KURTA SET - OS227_1437 (ROZANA),KURTA SET,2378.00,590.00,2495.00,2495.00,2495.00,2495.00,2495.00,2495.00,2495.00,0.00,0E-15
346,OS120_14412_3XL,KURTA - OS120_14412 (MIX),KURTA,1895.00,471.00,1895.00,1895.00,1895.00,1895.00,1995.00,1895.00,1895.00,100.00,5.280000000000000
787,OS202_3146_L,KURTA - OS202_3146 (MOMENTS),KURTA,2178.00,538.00,2295.00,2295.00,2295.00,2295.00,2295.00,2295.00,2295.00,0.00,0E-15
246,OS1108_L,KURTA SET - OS1108 (SURMAYA),KURTA SET,1795.00,780.00,1795.00,1795.00,1795.00,1795.00,1795.00,1795.00,1795.00,0.00,0E-15
1328,SILVER3-1293-2XL,NILL - SILVER3-1293 (NILL),NILL,3149.00,895.00,3149.00,3149.00,3149.00,3149.00,3149.00,3149.00,3149.00,0.00,0E-15
143,OS1074_3XL,KURTA SET - OS1074 (SURMAYA),KURTA SET,2495.00,1040.00,2495.00,2495.00,2495.00,2495.00,2495.00,2495.00,2495.00,0.00,0E-15
1139,OS279_2XL,KURTA SET - OS279 (MIX),KURTA SET,3197.00,625.00,3197.00,2995.00,3197.00,3197.00,3197.00,3197.00,3197.00,202.00,6.740000000000000
807,OS205_1054_S,KURTA - OS205_1054 (MIX),KURTA,2298.00,570.00,2395.00,2395.00,2395.00,2395.00,2395.00,2395.00,2395.00,0.00,0E-15
475,OS150_L,KURTA - OS150 (MIX),KURTA,1695.00,395.00,1895.00,1695.00,1695.00,1695.00,1695.00,1695.00,1695.00,200.00,11.800000000000000
452,OS146_M,TOPS - OS146 (MIX),TOPS,1795.00,415.00,1795.00,1795.00,1795.00,1895.00,1795.00,1795.00,1795.00,100.00,5.570000000000000
120,OS1066_L,KURTA SET - OS1066 (SURMAYA),KURTA SET,4895.00,1150.00,4895.00,4895.00,4895.00,4895.00,4895.00,4895.00,4895.00,0.00,0E-15
1116,OS277_3XL,KURTA SET - OS277 (MIX),KURTA SET,3397.00,675.00,3397.00,3095.00,3397.00,3397.00,3397.00,3397.00,3397.00,302.00,9.760000000000000
784,OS201_3152_XL,KURTA - OS201_3152 (BREEZE-4),KURTA,2038.00,505.00,2195.00,2195.00,2195.00,2195.00,2195.00,2195.00,2195.00,0.00,0E-15
853,OS213_15284_S,TOPS - OS213_15284 (MIX),TOPS,1695.00,375.00,1695.00,1695.00,1695.00,1695.00,1695.00,1695.00,1695.00,0.00,0E-15
1185,OS285_XS,TOPS - OS285 (MIX),TOPS,1595.00,314.00,1595.00,1597.00,1595.00,1595.00,1595.00,1595.00,1595.00,2.00,0.130000000000000
830,OS209_5058_M,KURTA - OS209_5058 (COLORS-8),KURTA,1778.00,438.00,1895.00,1895.00,1895.00,1895.00,1895.00,1895.00,1895.00,0.00,0E-15
166,OS1084_2XL,KURTA SET - OS1084 (SURMAYA),KURTA SET,2395.00,1050.00,2395.00,2395.00,2395.00,2395.00,2395.00,2395.00,2395.00,0.00,0E-15
1162,OS280KR_XL,KURTA - OS280KR (MIX),KURTA,2195.00,425.00,2195.00,2195.00,2195.00,2195.00,2195.00,2195.00,2195.00,0.00,0E-15
498,OS154_3XL,KURTA - OS154 (MIX),KURTA,1695.00,395.00,1895.00,1695.00,1695.00,1695.00,1695.00,1695.00,1695.00,200.00,11.800000000000000
306,OS1144_M,KURTA SET - OS1144 (SURMAYA),KURTA SET,2695.00,1150.00,2695.00,2695.00,2695.00,2695.00,2695.00,2695.00,2695.00,0.00,0E-15
312,OS1147_M,KURTA SET - OS1147 (SURMAYA),KURTA SET,2695.00,1150.00,2695.00,2695.00,2695.00,2695.00,2695.00,2695.00,2695.00,0.00,0E-15
976,OS235_1112_2XL,KURTA - OS235_1112 (MIX),KURTA,3858.00,952.00,3995.00,3995.00,3995.00,3995.00,3995.00,3995.00,3995.00,0.00,0E-15
993,OS255_15375_XL,KURTA - OS255_15375 (MIX),KURTA,1695.00,395.00,1695.00,1695.00,1695.00,1695.00,1695.00,1695.00,1695.00,0.00,0E-15
329,OS117_3063_L,KURTA - OS117_3063 (MIX),KURTA,1595.00,381.00,1595.00,1595.00,1595.00,1595.00,1595.00,1595.00,1595.00,0.00,0E-15
575,OS166_M,KURTA - OS166 (MIX),KURTA,1895.00,395.00,1895.00,1895.00,1895.00,1895.00,1895.00,1895.00,1895.00,0.00,0E-15
1016,OS259_15379_S,KURTA - OS259_15379 (MIX),KURTA,1695.00,395.00,1695.00,1695.00,1695.00,1695.00,1695.00,1695.00,1695.00,0.00,0E-15
266,OS1113_2XL,KURTA SET - OS1113 (SURMAYA),KURTA SET,2195.00,930.00,2195.00,2195.00,2195.00,2195.00,2195.00,2195.00,2195.00,0.00,0E-15
1099,OS274_XS,TOPS - OS274 (MIX),TOPS,1695.00,340.00,1695.00,1695.00,1695.00,1695.00,1695.00,1695.00,1695.00,0.00,0E-15
1262,OS309_L,KURTA - OS309 (MIX),KURTA,2097.00,415.00,2097.00,2097.00,2097.00,2097.00,2097.00,2097.00,2097.00,0.00,0E-15
20,IVORY_1421_3XL,NILL - IVORY_1421 (NILL),NILL,2494.00,818.00,2494.00,2494.00,2494.00,2494.00,2494.00,2494.00,2494.00,0.00,0E-15
767,OS199_5046_2XL,KURTA - OS199_5046 (COLORS-7),KURTA,1538.00,381.00,1595.00,1595.00,1595.00,1595.00,1595.00,1595.00,1595.00,0.00,0E-15
412,OS137_14380_M,GOWN - OS137_14380 (MIX),GOWN,2795.00,695.00,2795.00,2795.00,2795.00,2795.00,2795.00,2795.00,2795.00,0.00,0E-15
80,OS1055_S,KURTA SET - OS1055 (SURMAYA),KURTA SET,2150.00,975.00,2150.00,2150.00,2150.00,2150.00,2150.00,2150.00,2150.00,0.00,0E-15
621,OS174_3155_2XL,KURTA - OS174_3155 (BREEZE-4),KURTA,2038.00,505.00,2195.00,2195.00,2195.00,2195.00,2195.00,2195.00,2195.00,0.00,0E-15
953,OS230_1438_3XL,KURTA SET - OS230_1438 (ROZANA),KURTA SET,2378.00,590.00,2495.00,2495.00,2495.00,2495.00,2495.00,2495.00,2495.00,0.00,0E-15
707,OS188_5042_L,KURTA - OS188_5042 (COLORS-7),KURTA,1538.00,381.00,1595.00,1595.00,1595.00,1595.00,1595.00,1595.00,1595.00,0.00,0E-15
1308,OSKR169_M,NILL - OSKR169 (NILL),NILL,1795.00,435.00,1795.00,1795.00,1795.00,1795.00,1795.00,1795.00,1795.00,0.00,0E-15
561,OS164_3XL,KURTA - OS164 (MIX),KURTA,1695.00,395.00,1695.00,1695.00,1695.00,1695.00,1695.00,1695.00,1695.00,0.00,0E-15
1202,OS289_S,KURTA SET - OS289 (MIX),KURTA SET,3095.00,615.00,3095.00,2895.00,3095.00,3095.00,3095.00,3095.00,3095.00,200.00,6.910000000000000
661,OS180_3134_S,KURTA - OS180_3134 (MIX),KURTA,2098.00,519.00,2195.00,2195.00,2195.00,2195.00,2195.00,2195.00,2195.00,0.00,0E-15
515,OS157_2XL,KURTA - OS157 (MIX),KURTA,1795.00,425.00,1795.00,1795.00,1795.00,1795.00,1795.00,1795.00,1795.00,0.00,0E-15
369,OS126_14249_2XL,KURTA - OS126_14249 (MIX),KURTA,1595.00,381.00,1595.00,1595.00,1595.00,1595.00,1595.00,1595.00,1595.00,0.00,0E-15
890,OS219_5054_S,KURTA - OS219_5054 (COLORS-8),KURTA,1778.00,438.00,1895.00,1895.00,1895.00,1895.00,1895.00,1895.00,1895.00,0.00,0E-15
392,OS133_XL,KURTA SET - OS133 (MIX),KURTA SET,3495.00,790.00,3495.00,3495.00,3495.00,3495.00,3495.00,3495.00,3495.00,0.00,0E-15
913,OS223_3142_M,KURTA - OS223_3142 (MOMENTS),KURTA,2178.00,538.00,2295.00,2295.00,2295.00,2295.00,2295.00,2295.00,2295.00,0.00,0E-15
747,OS195_5055_XL,KURTA - OS195_5055 (COLORS-8),KURTA,1778.00,438.00,1895.00,1895.00,1895.00,1895.00,1895.00,1895.00,1895.00,0.00,0E-15
249,OS1108_XL,KURTA SET - OS1108 (SURMAYA),KURTA SET,1795.00,780.00,1795.00,1795.00,1795.00,1795.00,1795.00,1795.00,1795.00,0.00,0E-15
1245,OS303_XL,KURTA - OS303 (MIX),KURTA,2097.00,415.00,2097.00,2097.00,2097.00,2097.00,2097.00,2097.00,2097.00,0.00,0E-15
180,OS1087_L,KURTA SET - OS1087 (SURMAYA),KURTA SET,2250.00,925.00,2250.00,2250.00,2250.00,2250.00,2250.00,2250.00,2250.00,0.00,0E-15
1102,OS275_M,KURTA - OS275 (MIX),KURTA,2195.00,425.00,2195.00,2195.00,2195.00,2195.00,2195.00,2195.00,2195.00,0.00,0E-15
535,OS160_L,KURTA - OS160 (MIX),KURTA,1695.00,424.00,1695.00,1695.00,1695.00,1695.00,1795.00,1895.00,1695.00,200.00,11.800000000000000
727,OS191_5052_S,KURTA - OS191_5052 (COLORS-8),KURTA,1778.00,438.00,1895.00,1895.00,1895.00,1895.00,1895.00,1895.00,1895.00,0.00,0E-15
555,OS163_3XL,KURTA - OS163 (MIX),KURTA,1995.00,425.00,1995.00,1995.00,1995.00,1995.00,1995.00,1995.00,1995.00,0.00,0E-15
721,OS190_1128_S,KURTA - OS190_1128 (MIX),KURTA,2298.00,570.00,2295.00,2295.00,2295.00,2295.00,2295.00,2295.00,2295.00,0.00,0E-15
57,OS104_1276_XL,KURTA - OS104_1276 (MIX),KURTA,1595.00,381.00,1595.00,1595.00,1595.00,1595.00,1595.00,1595.00,1595.00,0.00,0E-15
206,OS1091_S,KURTA SET - OS1091 (SURMAYA),KURTA SET,2595.00,1140.00,2595.00,2595.00,2595.00,2595.00,2595.00,2595.00,2595.00,0.00,0E-15
704,OS187_5073_XL,KURTA - OS187_5073 (MIX),KURTA,1695.00,424.00,1695.00,1695.00,1695.00,1695.00,1795.00,1695.00,1695.00,100.00,5.900000000000000
870,OS216_3095_L,KURTA - OS216_3095 (MIX),KURTA,1895.00,457.00,1895.00,1895.00,1895.00,1895.00,1995.00,1895.00,1995.00,100.00,5.280000000000000
847,OS212_3143_L,KURTA - OS212_3143 (MOMENTS),KURTA,2178.00,538.00,2295.00,2295.00,2295.00,2295.00,2295.00,2295.00,2295.00,0.00,0E-15
14,IRIS_1413_2XL,NILL - IRIS_1413 (NILL),NILL,2494.00,818.00,2494.00,2494.00,2494.00,2494.00,2494.00,2494.00,2494.00,0.00,0E-15
37,OS1010_XL,NILL - OS1010 (NILL),NILL,4099.00,1044.00,4099.00,4099.00,4099.00,4099.00,4099.00,4099.00,4099.00,0.00,0E-15
578,OS167_2XL,KURTA - OS167 (MIX),KURTA,1695.00,395.00,1695.00,1695.00,1695.00,1695.00,1695.00,1695.00,1695.00,0.00,0E-15
790,OS202_3146_XL,KURTA - OS202_3146 (MOMENTS),KURTA,2178.00,538.00,2295.00,2295.00,2295.00,2295.00,2295.00,2295.00,2295.00,0.00,0E-15
243,OS1106_XL,KURTA SET - OS1106 (SURMAYA),KURTA SET,2150.00,910.00,2150.00,2150.00,2150.00,2150.00,2150.00,2150.00,2150.00,0.00,0E-15
435,OS142_XS,TOPS - OS142 (MIX),TOPS,1695.00,395.00,1695.00,1695.00,1695.00,1695.00,1695.00,1695.00,1695.00,0.00,0E-15
598,OS170_5048_3XL,KURTA - OS170_5048 (COLORS-7),KURTA,1538.00,381.00,1595.00,1595.00,1595.00,1595.00,1595.00,1595.00,1595.00,0.00,0E-15
684,OS184_1127_M,KURTA - OS184_1127 (MIX),KURTA,2138.00,529.00,2295.00,2295.00,2295.00,2295.00,2295.00,2295.00,2295.00,0.00,0E-15
349,OS120_14412_S,KURTA - OS120_14412 (MIX),KURTA,1895.00,471.00,1895.00,1895.00,1895.00,1895.00,1995.00,1895.00,1895.00,100.00,5.280000000000000
1039,OS263_15383_M,KURTA - OS263_15383 (MIX),KURTA,1795.00,425.00,1795.00,1795.00,1795.00,1795.00,1795.00,1795.00,1695.00,100.00,5.900000000000000
1076,OS270_XL,KURTA SET - OS270 (FOUR GEMS 2),KURTA SET,2795.00,680.00,2795.00,2795.00,2995.00,2795.00,2795.00,2795.00,2795.00,200.00,7.160000000000000
1225,OS291_M,KURTA - OS291 (MIX),KURTA,1795.00,440.00,2195.00,1795.00,1795.00,2295.00,1795.00,1795.00,1795.00,500.00,27.860000000000000
1325,PETALS-1236_L,NILL - PETALS-1236 (NILL),NILL,4899.00,1395.00,4899.00,4899.00,4899.00,4899.00,4899.00,4899.00,4899.00,0.00,0E-15
1331,TULIP - 1 BAG_L,NILL - TULIP - 1 BAG (NILL),NILL,498.00,498.00,498.00,498.00,498.00,498.00,498.00,498.00,498.00,0.00,0E-15
100,OS1061_2XL,KURTA SET - OS1061 (SURMAYA),KURTA SET,1895.00,880.00,1895.00,1895.00,1895.00,1895.00,1895.00,1895.00,1895.00,0.00,0E-15
1182,OS285_M,TOPS - OS285 (MIX),TOPS,1595.00,314.00,1595.00,1597.00,1595.00,1595.00,1595.00,1595.00,1595.00,2.00,0.130000000000000
933,OS226_1436_XL,KURTA SET - OS226_1436 (ROZANA),KURTA SET,2378.00,590.00,2495.00,2495.00,2495.00,2495.00,2495.00,2495.00,2495.00,0.00,0E-15
1082,OS271_XL,KURTA SET - OS271 (FOUR GEMS 2),KURTA SET,2795.00,680.00,2795.00,2795.00,2995.00,2795.00,2795.00,2795.00,2795.00,200.00,7.160000000000000
1033,OS262_M,KURTA - OS262 (MIX),KURTA,1995.00,425.00,1695.00,1995.00,1995.00,1995.00,1995.00,1995.00,1995.00,300.00,17.700000000000000
492,OS153_3XL,KURTA - OS153 (MIX),KURTA,1695.00,395.00,1895.00,1695.00,1695.00,1695.00,1695.00,1695.00,1695.00,200.00,11.800000000000000
541,OS161_2XL,KURTA - OS161 (MIX),KURTA,1695.00,395.00,1695.00,1695.00,1695.00,1695.00,1695.00,1695.00,1695.00,0.00,0E-15
