DateKey,FullDate,YearNumber,MonthNumber,MonthName,FinancialQuarter,FinancialYear,DayName,IsWeekend,TotalOrders,ValidOrders,CancelledOrders,TotalUnits,ValidUnits,GrossMerchandiseValue,NetRevenue,DeliveredRevenue,CancelledRevenue,ReturnedRevenue,EstimatedTotalCOGS,EstimatedGrossProfit,AverageOrderValue,CancellationRatePct,EstimatedGrossMarginPct
20220401,2022-04-01,2022,4,April,FQ1,FY22-23,Friday,False,22724,22502,222,49797,49713,4780870.90,4682696.55,4036183.95,86739.35,13538.62,3754602.21,915106.36,208.100000,0.98,19.140000
20220520,2022-05-20,2022,5,May,FQ1,FY22-23,Friday,False,1087,945,142,1135,1100,745256.54,680012.66,308228.30,65243.88,17207.24,306671.87,373340.83,719.590000,13.06,50.100000
20220509,2022-05-09,2022,5,May,FQ1,FY22-23,Monday,False,1268,1093,175,1349,1293,849455.59,771079.61,273525.94,78375.98,22766.80,341159.03,429920.59,705.470000,13.8,50.610000
20220629,2022-06-29,2022,6,June,FQ1,FY22-23,Wednesday,False,659,628,31,805,805,462371.40,461266.64,42379.22,1104.76,1265.15,207866.16,253400.62,734.500000,4.7,54.800000
20230720,2023-07-20,2023,7,July,FQ2,FY23-24,Thursday,False,68,67,1,196,194,58201.05,57071.36,49404.50,1129.69,1610.11,30951.51,26119.86,851.810000,1.47,44.880000
20221030,2022-10-30,2022,10,October,FQ3,FY22-23,Sunday,True,57,56,1,183,180,52875.68,52505.51,39478.92,370.17,554.83,29112.49,23393.05,937.600000,1.75,44.240000
20230925,2023-09-25,2023,9,September,FQ2,FY23-24,Monday,False,62,57,5,188,171,54729.64,49885.40,37434.74,4844.24,865.39,26347.82,23537.68,875.180000,8.06,43.010000
20230227,2023-02-27,2023,2,February,FQ4,FY22-23,Monday,False,69,65,4,191,179,59460.77,54300.95,36766.44,5159.82,869.22,29742.97,24558.15,835.400000,5.8,41.300000
20220316,2022-03-16,2022,3,March,FQ4,FY21-22,Wednesday,False,59,57,2,185,183,64608.52,64126.82,55030.66,481.70,0.00,35101.87,29024.84,1125.030000,3.39,44.920000
20231128,2023-11-28,2023,11,November,FQ3,FY23-24,Tuesday,False,53,53,0,152,152,48498.89,48498.89,40864.82,0.00,0.00,26829.72,21669.26,915.070000,0.0,44.680000
20210911,2021-09-11,2021,9,September,FQ2,FY21-22,Saturday,True,60,59,1,204,200,55004.35,54802.22,42849.03,202.13,4037.07,30541.82,24260.53,928.850000,1.67,44.110000
20230924,2023-09-24,2023,9,September,FQ2,FY23-24,Sunday,True,61,57,4,177,170,50158.05,47694.93,38720.43,2463.12,374.21,25117.75,22577.35,836.750000,6.56,45.010000
20240802,2024-08-02,2024,8,August,FQ2,FY24-25,Friday,False,55,52,3,162,153,48758.10,48299.35,34612.46,458.75,533.73,26421.20,21878.19,928.830000,5.45,44.870000
20220212,2022-02-12,2022,2,February,FQ4,FY21-22,Saturday,True,53,52,1,135,134,43549.36,43077.84,34456.71,471.52,0.00,23138.86,19938.97,828.420000,1.89,45.780000
20230822,2023-08-22,2023,8,August,FQ2,FY23-24,Tuesday,False,57,55,2,147,142,41962.90,39791.04,30017.78,2171.86,1723.73,22161.07,17629.99,723.470000,3.51,42.010000
20240920,2024-09-20,2024,9,September,FQ2,FY24-25,Friday,False,70,68,2,213,206,73533.02,71275.84,56911.99,2257.18,3791.64,38208.82,33067.27,1048.170000,2.86,44.970000
20241124,2024-11-24,2024,11,November,FQ3,FY24-25,Sunday,True,53,52,1,148,143,48372.38,45466.97,33773.48,2905.41,1106.05,24955.50,20511.47,874.360000,1.89,42.400000
20200728,2020-07-28,2020,7,July,FQ2,FY20-21,Tuesday,False,60,59,1,202,197,67342.28,65351.92,54524.32,1990.36,2225.75,36023.87,29328.24,1107.660000,1.67,43.550000
20200116,2020-01-16,2020,1,January,FQ4,FY19-20,Thursday,False,64,60,4,188,182,56528.13,55200.62,44629.98,1327.51,1599.12,30209.07,24991.71,920.010000,6.25,44.210000
20220724,2022-07-24,2022,7,July,FQ2,FY22-23,Sunday,True,71,70,1,209,204,63030.10,62400.79,53281.64,629.31,0.00,34349.94,28050.91,891.440000,1.41,44.500000
20230312,2023-03-12,2023,3,March,FQ4,FY22-23,Sunday,True,55,55,0,164,164,51736.58,51736.58,35937.52,0.00,2377.78,28559.69,23177.00,940.670000,0.0,44.800000
20220707,2022-07-07,2022,7,July,FQ2,FY22-23,Thursday,False,57,55,2,182,175,55395.55,54198.14,38476.68,1197.41,7829.72,28753.85,25444.46,985.420000,3.51,45.930000
20210223,2021-02-23,2021,2,February,FQ4,FY20-21,Tuesday,False,58,57,1,159,157,50487.53,50288.87,35937.32,198.66,2903.35,27375.29,22913.58,882.260000,1.72,45.380000
20210113,2021-01-13,2021,1,January,FQ4,FY20-21,Wednesday,False,53,51,2,167,161,53801.00,51311.23,36570.17,2489.77,1425.11,27750.26,23561.02,1006.100000,3.77,43.790000
20211218,2021-12-18,2021,12,December,FQ3,FY21-22,Saturday,True,55,53,2,163,156,56112.69,52817.29,37965.60,3295.40,2684.29,29099.14,23718.15,996.550000,3.64,42.270000
20200915,2020-09-15,2020,9,September,FQ2,FY20-21,Tuesday,False,66,64,2,213,205,67825.77,65461.94,40852.19,2363.83,3813.66,36028.82,29433.18,1022.840000,3.03,43.400000
20240529,2024-05-29,2024,5,May,FQ1,FY24-25,Wednesday,False,52,52,0,163,163,50295.51,50295.51,35164.78,0.00,166.55,27548.28,22747.26,967.220000,0.0,45.230000
20220119,2022-01-19,2022,1,January,FQ4,FY21-22,Wednesday,False,57,55,2,187,177,55319.32,53321.91,42641.57,1997.41,1507.11,28373.49,24948.50,969.490000,3.51,45.100000
20240827,2024-08-27,2024,8,August,FQ2,FY24-25,Tuesday,False,48,48,0,155,155,53696.30,53696.30,45001.58,0.00,0.00,28977.93,24718.29,1118.670000,0.0,46.030000
20240326,2024-03-26,2024,3,March,FQ4,FY23-24,Tuesday,False,58,57,1,164,159,44203.75,42992.88,34356.53,1210.87,1669.73,23269.88,19722.96,754.260000,1.72,44.620000
20200406,2020-04-06,2020,4,April,FQ1,FY20-21,Monday,False,58,58,0,160,160,52100.97,52100.97,44572.16,0.00,1498.78,28072.44,24028.58,898.290000,0.0,46.120000
20210707,2021-07-07,2021,7,July,FQ2,FY21-22,Wednesday,False,63,62,1,187,186,59509.76,59173.80,48100.01,335.96,1293.04,32727.61,26446.26,954.420000,1.59,44.440000
20210520,2021-05-20,2021,5,May,FQ1,FY21-22,Thursday,False,60,59,1,171,168,52128.48,50284.19,41736.07,1844.29,1425.53,27719.59,22564.71,852.270000,1.67,43.290000
20200609,2020-06-09,2020,6,June,FQ1,FY20-21,Tuesday,False,54,53,1,161,157,52335.66,51982.54,43638.81,353.12,2413.64,28745.02,23237.57,980.800000,1.85,44.400000
20241228,2024-12-28,2024,12,December,FQ3,FY24-25,Saturday,True,67,66,1,193,188,60812.07,60264.13,50173.36,547.94,0.00,32904.65,27359.58,913.090000,1.49,44.990000
20220223,2022-02-23,2022,2,February,FQ4,FY21-22,Wednesday,False,55,55,0,179,179,47966.51,47966.51,38166.64,0.00,3838.24,26540.81,21425.79,872.120000,0.0,44.670000
20220911,2022-09-11,2022,9,September,FQ2,FY22-23,Sunday,True,71,68,3,219,212,73496.54,71087.49,56518.37,2409.05,0.00,37351.03,33736.43,1045.400000,4.23,45.900000
20200227,2020-02-27,2020,2,February,FQ4,FY19-20,Thursday,False,49,49,0,135,135,41073.58,41073.58,31123.35,0.00,1408.49,22158.09,18915.48,838.240000,0.0,46.050000
20210828,2021-08-28,2021,8,August,FQ2,FY21-22,Saturday,True,65,64,1,202,200,64525.70,64010.70,51232.24,515.00,1402.60,34716.72,29294.19,1000.170000,1.54,45.400000
20210522,2021-05-22,2021,5,May,FQ1,FY21-22,Saturday,True,61,59,2,162,157,48102.64,45388.70,38671.05,2713.94,936.08,25126.83,20261.96,769.300000,3.28,42.120000
20220722,2022-07-22,2022,7,July,FQ2,FY22-23,Friday,False,56,56,0,169,169,53488.62,53488.62,40581.63,0.00,1698.68,29200.21,24288.43,955.150000,0.0,45.410000
20230831,2023-08-31,2023,8,August,FQ2,FY23-24,Thursday,False,66,64,2,207,205,72905.14,72313.53,61689.03,591.61,308.05,39241.76,33071.82,1129.900000,3.03,45.360000
20211015,2021-10-15,2021,10,October,FQ3,FY21-22,Friday,False,67,63,4,199,191,68518.93,65061.44,40333.85,3457.49,2353.12,35383.32,29678.35,1032.720000,5.97,43.310000
20220213,2022-02-13,2022,2,February,FQ4,FY21-22,Sunday,True,54,53,1,166,162,51702.55,50010.66,40569.34,1691.89,2712.94,27206.26,22804.33,943.600000,1.85,44.110000
20201204,2020-12-04,2020,12,December,FQ3,FY20-21,Friday,False,67,65,2,212,206,64737.24,62985.65,47435.32,1751.59,1587.33,33959.77,29025.94,969.010000,2.99,44.840000
20200422,2020-04-22,2020,4,April,FQ1,FY20-21,Wednesday,False,63,59,4,183,169,49321.11,44707.32,35514.16,4613.79,823.50,24676.49,20030.97,757.750000,6.35,40.610000
20230321,2023-03-21,2023,3,March,FQ4,FY22-23,Tuesday,False,46,44,2,144,138,42718.89,41696.49,33556.81,1022.40,428.62,22608.70,19087.78,947.650000,4.35,44.680000
20221207,2022-12-07,2022,12,December,FQ3,FY22-23,Wednesday,False,57,57,0,164,164,54612.17,54612.17,38292.23,0.00,0.00,29698.77,24913.68,958.110000,0.0,45.620000
20211005,2021-10-05,2021,10,October,FQ3,FY21-22,Tuesday,False,49,49,0,170,170,53234.09,53234.09,33721.07,0.00,4501.76,28774.02,24460.09,1086.410000,0.0,45.950000
20230414,2023-04-14,2023,4,April,FQ1,FY23-24,Friday,False,48,48,0,149,149,51029.76,51029.76,37373.50,0.00,559.89,27391.81,23638.10,1063.120000,0.0,46.320000
20230509,2023-05-09,2023,5,May,FQ1,FY23-24,Tuesday,False,58,54,4,182,167,52815.97,47334.71,28145.12,5481.26,4420.37,26662.24,20672.49,876.570000,6.9,39.140000
20230602,2023-06-02,2023,6,June,FQ1,FY23-24,Friday,False,66,66,0,195,195,59982.89,59982.89,48541.94,0.00,2288.12,32891.47,27091.41,908.830000,0.0,45.170000
20200321,2020-03-21,2020,3,March,FQ4,FY19-20,Saturday,True,53,50,3,163,152,48597.02,46239.88,34944.25,2357.14,2579.94,24487.72,21752.21,924.800000,5.66,44.760000
20240614,2024-06-14,2024,6,June,FQ1,FY24-25,Friday,False,58,57,1,173,172,54516.81,54325.66,39879.10,191.15,6131.20,29674.80,24651.01,953.080000,1.72,45.220000
20240113,2024-01-13,2024,1,January,FQ4,FY23-24,Saturday,True,46,43,3,129,118,39005.92,37954.90,33055.45,1051.02,0.00,20708.53,17246.46,882.670000,6.52,44.210000
20211030,2021-10-30,2021,10,October,FQ3,FY21-22,Saturday,True,52,49,3,159,149,46315.61,42810.78,31297.68,3504.83,2029.12,23517.85,19292.97,873.690000,5.77,41.660000
20240223,2024-02-23,2024,2,February,FQ4,FY23-24,Friday,False,46,46,0,152,152,51427.04,51427.04,41488.29,0.00,1578.61,27423.32,24003.79,1117.980000,0.0,46.680000
20210402,2021-04-02,2021,4,April,FQ1,FY21-22,Friday,False,58,57,1,179,176,56518.88,55780.53,42440.69,738.35,6225.26,30730.85,25049.74,978.610000,1.72,44.320000
20220416,2022-04-16,2022,4,April,FQ1,FY22-23,Saturday,True,1670,1390,280,1689,1594,1054134.78,937932.02,302038.46,116202.76,17048.88,430177.49,507754.50,674.770000,16.77,48.170000
20220502,2022-05-02,2022,5,May,FQ1,FY22-23,Monday,False,1953,1662,291,2026,1907,1210121.50,1111223.56,268910.48,98897.94,8239.22,515565.61,595658.03,668.610000,14.9,49.220000
20220620,2022-06-20,2022,6,June,FQ1,FY22-23,Monday,False,1209,1034,175,1262,1206,802446.27,728522.42,217866.39,73923.85,6001.91,330315.44,398207.01,704.570000,14.47,49.620000
20220603,2022-06-03,2022,6,June,FQ1,FY22-23,Friday,False,1206,1042,164,1242,1178,773540.78,706680.02,182639.02,66860.76,11585.00,317247.59,389432.48,678.200000,13.6,50.340000
20240623,2024-06-23,2024,6,June,FQ1,FY24-25,Sunday,True,59,58,1,163,160,56624.33,55006.52,47605.10,1617.81,3152.20,30196.31,24810.19,948.390000,1.69,43.820000
20210327,2021-03-27,2021,3,March,FQ4,FY20-21,Saturday,True,53,48,5,185,166,58086.57,54144.46,38277.40,3942.11,3318.30,29468.81,24675.83,1128.010000,9.43,42.480000
20200703,2020-07-03,2020,7,July,FQ2,FY20-21,Friday,False,46,44,2,142,136,45143.81,44655.03,31279.23,488.78,4566.62,23760.31,20894.78,1014.890000,4.35,46.280000
20210216,2021-02-16,2021,2,February,FQ4,FY20-21,Tuesday,False,50,47,3,161,152,48777.56,45216.42,33478.78,3561.14,871.42,25776.55,19439.88,962.050000,6.0,39.850000
20241025,2024-10-25,2024,10,October,FQ3,FY24-25,Friday,False,63,63,0,217,217,62522.46,62522.46,45710.54,0.00,0.00,33485.18,29037.31,992.420000,0.0,46.440000
20210930,2021-09-30,2021,9,September,FQ2,FY21-22,Thursday,False,66,63,3,189,182,59572.56,57445.52,41410.61,2127.04,258.41,30504.59,26941.06,911.830000,4.55,45.220000
20220910,2022-09-10,2022,9,September,FQ2,FY22-23,Saturday,True,60,58,2,179,174,56086.30,55093.96,38433.51,992.34,2671.41,29900.77,25193.31,949.900000,3.33,44.920000
20240905,2024-09-05,2024,9,September,FQ2,FY24-25,Thursday,False,49,48,1,151,148,48493.68,47501.43,40031.22,992.25,583.58,25861.74,21639.78,989.610000,2.04,44.620000
20210810,2021-08-10,2021,8,August,FQ2,FY21-22,Tuesday,False,72,72,0,204,204,55824.09,55824.09,37006.18,0.00,2335.90,30544.73,25279.48,775.330000,0.0,45.280000
20231010,2023-10-10,2023,10,October,FQ3,FY23-24,Tuesday,False,56,52,4,144,128,42809.50,39935.45,30909.19,2874.05,2342.76,21525.49,18410.01,767.990000,7.14,43.000000
20241203,2024-12-03,2024,12,December,FQ3,FY24-25,Tuesday,False,46,45,1,150,145,44867.11,44838.75,34001.68,28.36,3177.41,25321.78,19517.02,996.420000,2.17,43.500000
20230421,2023-04-21,2023,4,April,FQ1,FY23-24,Friday,False,59,56,3,195,184,62171.50,59085.19,47281.60,3086.31,0.00,32219.79,26865.44,1055.090000,5.08,43.210000
20241024,2024-10-24,2024,10,October,FQ3,FY24-25,Thursday,False,47,47,0,144,144,42109.71,42109.71,28813.65,0.00,3298.59,23116.83,18992.85,895.950000,0.0,45.100000
20210421,2021-04-21,2021,4,April,FQ1,FY21-22,Wednesday,False,47,45,2,149,140,44504.16,41867.90,30671.69,2636.26,2454.58,23070.35,18797.68,930.400000,4.26,42.240000
20230609,2023-06-09,2023,6,June,FQ1,FY23-24,Friday,False,59,57,2,186,179,58796.14,55758.60,40306.49,3037.54,2092.00,30302.83,25455.83,978.220000,3.39,43.300000
20230603,2023-06-03,2023,6,June,FQ1,FY23-24,Saturday,True,58,57,1,176,175,56284.78,56224.57,42455.29,60.21,1342.31,30366.44,25858.08,986.400000,1.72,45.940000
20201104,2020-11-04,2020,11,November,FQ3,FY20-21,Wednesday,False,50,49,1,148,146,52005.11,51774.94,39406.79,230.17,0.00,28194.37,23580.63,1056.630000,2.0,45.340000
20200421,2020-04-21,2020,4,April,FQ1,FY20-21,Tuesday,False,56,55,1,179,176,54924.29,54287.65,40558.94,636.64,2550.03,30303.04,23984.75,987.050000,1.79,43.670000
20230702,2023-07-02,2023,7,July,FQ2,FY23-24,Sunday,True,48,47,1,149,144,47537.21,44382.64,30134.42,3154.57,2242.97,23937.12,20445.58,944.310000,2.08,43.010000
20210811,2021-08-11,2021,8,August,FQ2,FY21-22,Wednesday,False,46,44,2,139,137,37848.25,37288.38,29609.17,559.87,0.00,20266.90,17021.35,847.460000,4.35,44.970000
20220331,2022-03-31,2022,3,March,FQ4,FY21-22,Thursday,False,209,190,19,306,301,143918.12,136827.15,36849.61,7090.97,4262.46,64538.06,72289.07,720.140000,9.09,50.230000
20220807,2022-08-07,2022,8,August,FQ2,FY22-23,Sunday,True,54,52,2,178,170,48624.16,46225.52,38422.25,2398.64,0.00,25282.21,20943.19,888.950000,3.7,43.070000
20230108,2023-01-08,2023,1,January,FQ4,FY22-23,Sunday,True,51,49,2,157,149,42371.95,39365.53,30355.47,3006.42,582.77,21494.14,17871.44,803.380000,3.92,42.180000
20220817,2022-08-17,2022,8,August,FQ2,FY22-23,Wednesday,False,55,53,2,158,151,46937.61,44382.62,31780.37,2554.99,1307.82,23733.92,20648.72,837.410000,3.64,43.990000
20240717,2024-07-17,2024,7,July,FQ2,FY24-25,Wednesday,False,55,54,1,168,163,51965.93,50326.82,42273.84,1639.11,0.00,26400.26,23926.67,931.980000,1.82,46.040000
20200218,2020-02-18,2020,2,February,FQ4,FY19-20,Tuesday,False,53,50,3,167,158,48271.75,46615.22,39207.54,1656.53,4498.68,25075.73,21539.54,932.300000,5.66,44.620000
20231026,2023-10-26,2023,10,October,FQ3,FY23-24,Thursday,False,61,60,1,177,175,48387.11,47836.77,32789.48,550.34,0.00,26249.66,21587.23,797.280000,1.64,44.610000
20240820,2024-08-20,2024,8,August,FQ2,FY24-25,Tuesday,False,61,58,3,181,176,52078.23,51200.10,41812.41,878.13,55.00,27423.76,23776.38,882.760000,4.92,45.660000
20210123,2021-01-23,2021,1,January,FQ4,FY20-21,Saturday,True,41,40,1,115,111,32375.55,30760.64,24325.24,1614.91,655.40,17066.81,13693.83,769.020000,2.44,42.300000
20240301,2024-03-01,2024,3,March,FQ4,FY23-24,Friday,False,60,60,0,159,159,47005.36,47005.36,32751.02,0.00,4707.82,25804.82,21200.69,783.420000,0.0,45.100000
20240727,2024-07-27,2024,7,July,FQ2,FY24-25,Saturday,True,55,53,2,163,157,47028.95,45023.57,36894.08,2005.38,391.23,24083.16,20940.43,849.500000,3.64,44.530000
20201119,2020-11-19,2020,11,November,FQ3,FY20-21,Thursday,False,51,49,2,134,127,43488.02,42505.06,29444.93,982.96,2671.40,22677.13,19828.07,867.450000,3.92,45.590000
20200610,2020-06-10,2020,6,June,FQ1,FY20-21,Wednesday,False,69,69,0,195,195,60594.02,60594.02,45574.62,0.00,379.48,33009.80,27584.26,878.170000,0.0,45.520000
20201223,2020-12-23,2020,12,December,FQ3,FY20-21,Wednesday,False,54,52,2,168,162,48976.87,46721.40,39253.24,2255.47,0.00,25470.70,21250.72,898.490000,3.7,43.390000
20210905,2021-09-05,2021,9,September,FQ2,FY21-22,Sunday,True,61,60,1,185,184,57058.32,56521.99,42563.37,536.33,1226.60,30458.39,26063.73,942.030000,1.64,45.680000
20210624,2021-06-24,2021,6,June,FQ1,FY21-22,Thursday,False,64,59,5,200,187,55448.32,52884.83,44947.61,2563.49,0.00,28739.85,24144.99,896.350000,7.81,43.550000
20240123,2024-01-23,2024,1,January,FQ4,FY23-24,Tuesday,False,46,45,1,141,139,47673.44,47492.38,34115.59,181.06,3571.91,25830.73,21661.64,1055.390000,2.17,45.440000
20240327,2024-03-27,2024,3,March,FQ4,FY23-24,Wednesday,False,69,68,1,190,186,67449.82,65930.51,54592.63,1519.31,313.92,36350.71,29579.94,969.570000,1.45,43.850000
20221113,2022-11-13,2022,11,November,FQ3,FY22-23,Sunday,True,52,52,0,170,170,45392.57,45392.57,34052.05,0.00,0.00,24431.94,20960.63,872.930000,0.0,46.180000
20201025,2020-10-25,2020,10,October,FQ3,FY20-21,Sunday,True,43,40,3,123,114,33246.93,28717.93,25856.20,4529.00,528.52,15666.23,13051.75,717.950000,6.98,39.260000
20230327,2023-03-27,2023,3,March,FQ4,FY22-23,Monday,False,53,53,0,150,150,51201.99,51201.99,27995.46,0.00,5046.75,27652.36,23549.65,966.080000,0.0,45.990000
20230516,2023-05-16,2023,5,May,FQ1,FY23-24,Tuesday,False,61,59,2,176,171,51880.73,51504.61,36173.28,376.12,2277.42,27753.07,23751.71,872.960000,3.28,45.780000
20231213,2023-12-13,2023,12,December,FQ3,FY23-24,Wednesday,False,61,60,1,171,168,50282.72,49009.07,42498.33,1273.65,487.28,27262.50,21746.56,816.820000,1.64,43.250000
20210420,2021-04-20,2021,4,April,FQ1,FY21-22,Tuesday,False,59,57,2,176,167,51752.16,48391.94,41283.76,3360.22,508.88,26277.90,22114.16,848.980000,3.39,42.730000
20201213,2020-12-13,2020,12,December,FQ3,FY20-21,Sunday,True,45,45,0,125,125,42958.26,42958.26,31646.44,0.00,2367.36,22776.97,20181.32,954.630000,0.0,46.980000
20211025,2021-10-25,2021,10,October,FQ3,FY21-22,Monday,False,54,51,3,153,146,41522.96,39896.71,33855.44,1626.25,98.17,21168.65,18728.11,782.290000,5.56,45.100000
20220425,2022-04-25,2022,4,April,FQ1,FY22-23,Monday,False,1612,1357,255,1636,1571,1027885.61,927658.62,381504.28,100226.99,37094.17,436165.11,491493.63,683.610000,15.82,47.820000
20210317,2021-03-17,2021,3,March,FQ4,FY20-21,Wednesday,False,55,55,0,161,161,54246.53,54246.53,44721.61,0.00,0.00,28964.28,25282.30,986.300000,0.0,46.610000
20240904,2024-09-04,2024,9,September,FQ2,FY24-25,Wednesday,False,63,61,2,159,154,50114.22,48249.58,40674.03,1864.64,1950.16,25795.74,22453.95,790.980000,3.17,44.810000
20211202,2021-12-02,2021,12,December,FQ3,FY21-22,Thursday,False,53,48,5,174,153,58448.08,53703.67,45515.73,4744.41,862.15,28922.56,24781.10,1118.830000,9.43,42.400000
20230109,2023-01-09,2023,1,January,FQ4,FY22-23,Monday,False,58,58,0,170,170,47419.84,47419.84,43886.03,0.00,492.30,25117.99,22301.95,817.580000,0.0,47.030000
20211227,2021-12-27,2021,12,December,FQ3,FY21-22,Monday,False,67,65,2,215,209,65452.07,64456.29,47942.07,995.78,2359.32,34789.33,29667.08,991.640000,2.99,45.330000
20230328,2023-03-28,2023,3,March,FQ4,FY22-23,Tuesday,False,44,44,0,134,134,46389.13,46389.13,33559.18,0.00,2826.22,25416.85,20972.31,1054.300000,0.0,45.210000
20220128,2022-01-28,2022,1,January,FQ4,FY21-22,Friday,False,62,60,2,183,177,54865.83,51396.34,36839.87,3469.49,667.78,28086.19,23310.29,856.610000,3.23,42.490000
20231223,2023-12-23,2023,12,December,FQ3,FY23-24,Saturday,True,54,50,4,161,152,46680.12,44742.26,33562.53,1937.86,0.00,24136.88,20605.38,894.850000,7.41,44.140000
20200525,2020-05-25,2020,5,May,FQ1,FY20-21,Monday,False,52,51,1,157,152,50497.98,47484.24,36471.89,3013.74,316.92,26055.72,21428.65,931.060000,1.92,42.430000
20200302,2020-03-02,2020,3,March,FQ4,FY19-20,Monday,False,56,55,1,169,167,57444.97,56701.27,41315.93,743.70,5814.21,30653.92,26047.46,1030.930000,1.79,45.340000
20200608,2020-06-08,2020,6,June,FQ1,FY20-21,Monday,False,53,52,1,169,165,53584.29,52620.72,45239.59,963.57,0.00,28676.24,23944.48,1011.940000,1.89,44.690000
20220901,2022-09-01,2022,9,September,FQ2,FY22-23,Thursday,False,50,47,3,146,135,43937.97,41499.48,33563.74,2438.49,3813.36,22487.80,19011.72,882.970000,6.0,43.270000
20200322,2020-03-22,2020,3,March,FQ4,FY19-20,Sunday,True,65,63,2,206,203,66687.75,65859.08,50073.19,828.67,1551.43,35391.09,30468.12,1045.380000,3.08,45.690000
20210411,2021-04-11,2021,4,April,FQ1,FY21-22,Sunday,True,44,44,0,145,145,43254.00,43254.00,36852.02,0.00,436.51,23670.21,19583.78,983.050000,0.0,45.280000
20240122,2024-01-22,2024,1,January,FQ4,FY23-24,Monday,False,54,52,2,159,150,42203.31,41330.27,33270.34,873.04,140.53,22138.83,19191.58,794.810000,3.7,45.470000
20240411,2024-04-11,2024,4,April,FQ1,FY24-25,Thursday,False,47,45,2,140,137,46674.94,46224.22,42216.67,450.72,301.19,24776.29,21447.97,1027.200000,4.26,45.950000
20210515,2021-05-15,2021,5,May,FQ1,FY21-22,Saturday,True,57,55,2,187,178,54685.27,53609.63,40303.00,1075.64,4583.85,29249.53,24360.27,974.720000,3.51,44.550000
20210129,2021-01-29,2021,1,January,FQ4,FY20-21,Friday,False,58,58,0,167,167,53860.19,53860.19,42305.64,0.00,2427.20,29781.00,24079.30,928.620000,0.0,44.710000
20221223,2022-12-23,2022,12,December,FQ3,FY22-23,Friday,False,42,40,2,120,114,34337.83,32632.85,25542.11,1704.98,1089.71,18245.47,14387.39,815.820000,4.76,41.900000
20201203,2020-12-03,2020,12,December,FQ3,FY20-21,Thursday,False,50,49,1,158,154,43426.76,42816.00,28800.66,610.76,2850.35,23839.83,18976.23,873.800000,2.0,43.700000
20200415,2020-04-15,2020,4,April,FQ1,FY20-21,Wednesday,False,58,56,2,175,172,57537.49,56570.50,47382.79,966.99,1072.64,31015.56,25555.11,1010.190000,3.45,44.410000
20200109,2020-01-09,2020,1,January,FQ4,FY19-20,Thursday,False,53,51,2,170,166,51222.01,49998.47,46615.80,1223.54,1467.20,27298.68,22699.76,980.360000,3.77,44.320000
20230515,2023-05-15,2023,5,May,FQ1,FY23-24,Monday,False,55,52,3,172,162,54162.25,50544.86,39328.18,3617.39,1075.28,28002.96,22542.12,972.020000,5.45,41.620000
20210207,2021-02-07,2021,2,February,FQ4,FY20-21,Sunday,True,50,49,1,151,147,47665.76,46038.39,39842.33,1627.37,775.17,24999.29,21039.14,939.560000,2.0,44.140000
20210921,2021-09-21,2021,9,September,FQ2,FY21-22,Tuesday,False,64,62,2,212,208,67686.34,66821.27,48968.66,865.07,5811.28,37621.33,29200.24,1077.760000,3.13,43.140000
20210504,2021-05-04,2021,5,May,FQ1,FY21-22,Tuesday,False,57,54,3,154,146,48251.01,45503.20,34514.11,2747.81,0.00,24622.01,20881.31,842.650000,5.26,43.280000
20210302,2021-03-02,2021,3,March,FQ4,FY20-21,Tuesday,False,48,47,1,158,153,55952.04,53546.39,42421.48,2405.65,3837.10,28645.13,24901.27,1139.280000,2.08,44.500000
20201103,2020-11-03,2020,11,November,FQ3,FY20-21,Tuesday,False,63,61,2,176,169,47862.78,47083.75,37922.60,779.03,1347.28,25321.22,21762.52,771.860000,3.17,45.470000
20210827,2021-08-27,2021,8,August,FQ2,FY21-22,Friday,False,54,51,3,144,132,48696.36,43014.08,35450.75,5682.28,0.00,22809.22,20204.96,843.410000,5.56,41.490000
20220801,2022-08-01,2022,8,August,FQ2,FY22-23,Monday,False,62,59,3,188,178,51272.21,47018.50,37221.15,4253.71,377.75,25394.96,21623.73,796.920000,4.84,42.170000
20240718,2024-07-18,2024,7,July,FQ2,FY24-25,Thursday,False,56,54,2,175,169,50434.38,49021.20,39754.92,1413.18,530.13,27140.55,21880.76,907.800000,3.57,43.380000
20240921,2024-09-21,2024,9,September,FQ2,FY24-25,Saturday,True,66,65,1,194,193,59606.85,58949.65,39938.17,657.20,2436.58,32383.46,26566.16,906.920000,1.52,44.570000
20240129,2024-01-29,2024,1,January,FQ4,FY23-24,Monday,False,53,51,2,171,166,51980.14,51203.93,42616.06,776.21,0.00,27239.75,23964.24,1004.000000,3.77,46.100000
20200831,2020-08-31,2020,8,August,FQ2,FY20-21,Monday,False,56,55,1,179,176,55480.14,53671.00,41092.88,1809.14,836.48,29566.92,24104.23,975.840000,1.79,43.450000
20231230,2023-12-30,2023,12,December,FQ3,FY23-24,Saturday,True,60,59,1,186,181,59658.29,57247.04,40556.54,2411.25,3598.45,30707.88,26539.23,970.290000,1.67,44.490000
20240922,2024-09-22,2024,9,September,FQ2,FY24-25,Sunday,True,48,48,0,160,160,44491.42,44491.42,32960.34,0.00,0.00,24903.24,19588.24,926.900000,0.0,44.030000
20211203,2021-12-03,2021,12,December,FQ3,FY21-22,Friday,False,63,61,2,225,219,66701.37,63581.46,55946.92,3119.91,610.55,34516.53,29064.94,1042.320000,3.17,43.570000
20240801,2024-08-01,2024,8,August,FQ2,FY24-25,Thursday,False,59,57,2,184,176,57444.86,54966.91,36686.53,2477.95,4113.80,30175.89,24791.04,964.330000,3.39,43.160000
20210623,2021-06-23,2021,6,June,FQ1,FY21-22,Wednesday,False,59,56,3,178,166,58039.62,53658.82,41277.42,4380.80,0.00,29593.49,24065.35,958.190000,5.08,41.460000
20240707,2024-07-07,2024,7,July,FQ2,FY24-25,Sunday,True,51,50,1,165,160,46220.01,44841.12,36229.89,1378.89,0.00,24950.33,19890.94,896.820000,1.96,43.040000
20220228,2022-02-28,2022,2,February,FQ4,FY21-22,Monday,False,61,61,0,188,188,55800.09,55800.09,41706.56,0.00,1244.13,30199.07,25601.06,914.760000,0.0,45.880000
20200515,2020-05-15,2020,5,May,FQ1,FY20-21,Friday,False,50,49,1,152,151,46421.92,46374.93,34020.55,46.99,2253.52,26308.80,20066.22,946.430000,2.0,43.230000
20201109,2020-11-09,2020,11,November,FQ3,FY20-21,Monday,False,58,56,2,178,171,55654.84,53910.50,44158.50,1744.34,86.49,29889.45,24021.15,962.690000,3.45,43.160000
20221216,2022-12-16,2022,12,December,FQ3,FY22-23,Friday,False,64,62,2,191,182,56639.59,53134.51,45769.29,3505.08,1423.22,29224.97,23909.52,857.010000,3.13,42.210000
20230228,2023-02-28,2023,2,February,FQ4,FY22-23,Tuesday,False,48,48,0,122,122,43461.97,43461.97,28237.14,0.00,1533.11,23386.19,20075.85,905.460000,0.0,46.190000
20241015,2024-10-15,2024,10,October,FQ3,FY24-25,Tuesday,False,52,48,4,156,142,53035.90,48731.82,38123.49,4304.08,2210.95,26662.89,22068.94,1015.250000,7.69,41.610000
20211109,2021-11-09,2021,11,November,FQ3,FY21-22,Tuesday,False,58,57,1,187,182,52168.87,49764.66,37135.98,2404.21,673.38,27057.70,22707.04,873.060000,1.72,43.530000
20200916,2020-09-16,2020,9,September,FQ2,FY20-21,Wednesday,False,53,50,3,141,131,37234.89,34898.45,24628.02,2336.44,0.00,19036.14,15862.36,697.970000,5.66,42.600000
20240530,2024-05-30,2024,5,May,FQ1,FY24-25,Thursday,False,58,55,3,159,147,51254.61,46281.17,32597.20,4973.44,4633.10,25545.74,20735.47,841.480000,5.17,40.460000
20210801,2021-08-01,2021,8,August,FQ2,FY21-22,Sunday,True,60,57,3,170,158,49515.25,45539.24,28923.54,3976.01,2478.19,25372.82,20166.47,798.930000,5.0,40.730000
20240224,2024-02-24,2024,2,February,FQ4,FY23-24,Saturday,True,54,52,2,150,142,40366.94,37541.50,25670.85,2825.44,2187.75,20746.45,16795.09,721.950000,3.7,41.610000
20211014,2021-10-14,2021,10,October,FQ3,FY21-22,Thursday,False,63,63,0,193,193,55089.99,55089.99,41497.67,0.00,1329.00,29528.54,25561.54,874.440000,0.0,46.400000
20210708,2021-07-08,2021,7,July,FQ2,FY21-22,Thursday,False,59,57,2,187,180,54447.11,52747.29,34461.42,1699.82,1230.13,28389.96,24357.55,925.390000,3.39,44.740000
20240421,2024-04-21,2024,4,April,FQ1,FY24-25,Sunday,True,53,52,1,166,161,45889.07,43943.96,32896.81,1945.11,172.90,24168.69,19775.27,845.080000,1.89,43.090000
20231103,2023-11-03,2023,11,November,FQ3,FY23-24,Friday,False,57,56,1,195,194,64123.36,64091.14,49532.81,32.22,320.40,34931.77,29159.46,1144.480000,1.75,45.470000
20240702,2024-07-02,2024,7,July,FQ2,FY24-25,Tuesday,False,53,53,0,172,172,52768.58,52768.58,43471.55,0.00,4072.68,29474.87,23293.72,995.630000,0.0,44.140000
20210301,2021-03-01,2021,3,March,FQ4,FY20-21,Monday,False,54,50,4,170,155,46457.24,41351.33,32758.99,5105.91,1312.85,21950.01,19401.34,827.030000,7.41,41.760000
20200524,2020-05-24,2020,5,May,FQ1,FY20-21,Sunday,True,45,44,1,146,142,41839.03,40821.02,33090.78,1018.01,749.52,21944.74,18876.45,927.750000,2.22,45.120000
20240208,2024-02-08,2024,2,February,FQ4,FY23-24,Thursday,False,60,58,2,179,174,51220.48,50697.95,34615.17,522.53,4399.37,27790.09,22907.94,874.100000,3.33,44.720000
20210717,2021-07-17,2021,7,July,FQ2,FY21-22,Saturday,True,46,45,1,127,123,37166.27,36270.94,29429.22,895.33,0.00,19505.20,16765.75,806.020000,2.17,45.110000
20230703,2023-07-03,2023,7,July,FQ2,FY23-24,Monday,False,61,59,2,178,168,47958.36,45187.55,30500.55,2770.81,2625.32,25492.86,19694.78,765.890000,3.28,41.070000
20231025,2023-10-25,2023,10,October,FQ3,FY23-24,Wednesday,False,52,49,3,174,161,52515.30,49660.68,43763.60,2854.62,1573.95,27146.94,22513.89,1013.480000,5.77,42.870000
20240514,2024-05-14,2024,5,May,FQ1,FY24-25,Tuesday,False,54,52,2,166,158,58948.64,54085.39,46943.75,4863.25,2619.17,28715.04,25370.43,1040.100000,3.7,43.040000
20220529,2022-05-29,2022,5,May,FQ1,FY22-23,Sunday,True,1252,1090,162,1316,1244,849923.95,786427.42,169824.58,63496.53,8182.46,356641.97,429785.58,721.490000,12.94,50.570000
20220522,2022-05-22,2022,5,May,FQ1,FY22-23,Sunday,True,1187,1044,143,1256,1218,825344.56,766165.73,275870.83,59178.83,20656.81,347993.89,418171.83,733.880000,12.05,50.670000
20200509,2020-05-09,2020,5,May,FQ1,FY20-21,Saturday,True,56,54,2,169,164,48918.59,46982.75,37486.88,1935.84,1245.80,25682.19,21300.63,870.050000,3.57,43.540000
20220113,2022-01-13,2022,1,January,FQ4,FY21-22,Thursday,False,72,70,2,220,214,60580.51,58197.15,41065.55,2383.36,1051.86,31719.60,26477.50,831.390000,2.78,43.710000
20221128,2022-11-28,2022,11,November,FQ3,FY22-23,Monday,False,68,68,0,205,205,65872.05,65872.05,58505.56,0.00,1099.47,35456.75,30415.37,968.710000,0.0,46.170000
20240106,2024-01-06,2024,1,January,FQ4,FY23-24,Saturday,True,53,52,1,158,154,42959.22,42382.14,31314.71,577.08,1907.79,23064.56,19317.67,815.040000,1.89,44.970000
20230126,2023-01-26,2023,1,January,FQ4,FY22-23,Thursday,False,55,55,0,163,163,45458.90,45458.90,30394.13,0.00,1152.74,24433.70,21025.26,826.530000,0.0,46.250000
20240126,2024-01-26,2024,1,January,FQ4,FY23-24,Friday,False,68,68,0,196,196,60194.29,60194.29,40939.79,0.00,1332.09,32733.65,27460.75,885.210000,0.0,45.620000
20220831,2022-08-31,2022,8,August,FQ2,FY22-23,Wednesday,False,54,51,3,174,162,53369.73,48452.10,28863.28,4917.63,577.55,26257.28,22194.95,950.040000,5.56,41.590000
20221005,2022-10-05,2022,10,October,FQ3,FY22-23,Wednesday,False,53,53,0,151,151,49452.44,49452.44,45497.25,0.00,134.60,27289.90,22162.54,933.060000,0.0,44.820000
20240227,2024-02-27,2024,2,February,FQ4,FY23-24,Tuesday,False,49,46,3,141,130,48079.61,44167.45,31652.95,3912.16,0.00,24351.74,19815.76,960.160000,6.12,41.210000
20200522,2020-05-22,2020,5,May,FQ1,FY20-21,Friday,False,58,56,2,181,177,60529.74,59734.93,46493.52,794.81,0.00,33130.49,26604.58,1066.700000,3.45,43.950000
20210529,2021-05-29,2021,5,May,FQ1,FY21-22,Saturday,True,60,58,2,154,149,50925.19,48957.68,36502.61,1967.51,2959.81,26844.36,22113.31,844.100000,3.33,43.420000
20221218,2022-12-18,2022,12,December,FQ3,FY22-23,Sunday,True,63,60,3,162,155,44982.61,41620.49,29710.74,3362.12,1476.58,22590.32,19030.27,693.670000,4.76,42.310000
20220720,2022-07-20,2022,7,July,FQ2,FY22-23,Wednesday,False,50,48,2,127,124,39966.77,38716.63,33803.36,1250.14,0.00,21169.86,17546.74,806.600000,4.0,43.900000
20210928,2021-09-28,2021,9,September,FQ2,FY21-22,Tuesday,False,59,58,1,168,164,46544.76,43955.49,33507.44,2589.27,1278.53,24493.44,19462.12,757.850000,1.69,41.810000
20210609,2021-06-09,2021,6,June,FQ1,FY21-22,Wednesday,False,48,46,2,149,146,45537.46,45065.90,33616.82,471.56,6260.59,24995.97,20069.88,979.690000,4.17,44.070000
20221130,2022-11-30,2022,11,November,FQ3,FY22-23,Wednesday,False,46,45,1,141,137,45854.93,43396.70,33831.90,2458.23,1510.87,23612.93,19783.74,964.370000,2.17,43.140000
20241109,2024-11-09,2024,11,November,FQ3,FY24-25,Saturday,True,59,58,1,193,188,58056.81,57992.43,47766.50,64.38,963.78,31621.16,26371.32,999.870000,1.69,45.420000
20240207,2024-02-07,2024,2,February,FQ4,FY23-24,Wednesday,False,57,56,1,159,155,49607.06,48466.30,35703.40,1140.76,2265.58,26788.60,21677.69,865.470000,1.75,43.700000
20201120,2020-11-20,2020,11,November,FQ3,FY20-21,Friday,False,53,51,2,159,156,52843.17,52433.68,43968.53,409.49,651.77,28737.59,23696.14,1028.110000,3.77,44.840000
20210318,2021-03-18,2021,3,March,FQ4,FY20-21,Thursday,False,51,48,3,163,152,44099.84,41593.00,26382.12,2506.84,747.09,22944.09,18649.01,866.520000,5.88,42.290000
20240505,2024-05-05,2024,5,May,FQ1,FY24-25,Sunday,True,60,59,1,181,178,50898.61,50314.97,42395.71,583.64,3165.75,27410.07,22905.03,852.800000,1.67,45.000000
20240811,2024-08-11,2024,8,August,FQ2,FY24-25,Sunday,True,54,53,1,177,173,60339.34,59757.82,41351.02,581.52,1581.08,33272.60,26485.26,1127.510000,1.85,43.890000
20200202,2020-02-02,2020,2,February,FQ4,FY19-20,Sunday,True,41,39,2,112,108,28286.41,27019.39,22036.19,1267.02,0.00,14917.19,12102.20,692.800000,4.88,42.780000
20210505,2021-05-05,2021,5,May,FQ1,FY21-22,Wednesday,False,56,55,1,171,166,48499.32,47263.28,33835.71,1236.04,0.00,26898.57,20364.77,859.330000,1.79,41.990000
20221217,2022-12-17,2022,12,December,FQ3,FY22-23,Saturday,True,57,57,0,173,173,58648.61,58648.61,35968.97,0.00,2687.50,31716.65,26931.89,1028.920000,0.0,45.920000
20210130,2021-01-30,2021,1,January,FQ4,FY20-21,Saturday,True,61,59,2,197,190,61205.78,59053.48,47783.59,2152.30,1089.07,32498.93,26554.58,1000.910000,3.28,43.390000
20241108,2024-11-08,2024,11,November,FQ3,FY24-25,Friday,False,59,59,0,170,170,50989.15,50989.15,36943.78,0.00,4391.00,27506.38,23482.85,864.220000,0.0,46.050000
20230415,2023-04-15,2023,4,April,FQ1,FY23-24,Saturday,True,39,38,1,110,109,34243.33,33808.62,27686.47,434.71,2043.84,18657.36,15151.32,889.700000,2.56,44.250000
20241227,2024-12-27,2024,12,December,FQ3,FY24-25,Friday,False,61,60,1,203,200,56284.79,55770.58,34053.89,514.21,3464.46,30168.01,25602.63,929.510000,1.64,45.490000
20210608,2021-06-08,2021,6,June,FQ1,FY21-22,Tuesday,False,68,66,2,213,207,63978.72,60952.27,51550.96,3026.45,468.85,33183.95,27768.44,923.520000,2.94,43.400000
20210114,2021-01-14,2021,1,January,FQ4,FY20-21,Thursday,False,50,48,2,154,147,35690.15,35443.62,30420.90,246.53,0.00,19564.96,15878.63,738.410000,4.0,44.490000
20220129,2022-01-29,2022,1,January,FQ4,FY21-22,Saturday,True,55,48,7,167,143,54408.58,43250.40,30663.18,11158.18,794.41,23847.82,19402.70,901.050000,12.73,35.660000
20221123,2022-11-23,2022,11,November,FQ3,FY22-23,Wednesday,False,44,42,2,125,123,33598.78,32636.54,23806.08,962.24,1238.96,17861.51,14774.99,777.060000,4.55,43.970000
20220519,2022-05-19,2022,5,May,FQ1,FY22-23,Thursday,False,1215,1068,147,1263,1227,835907.73,772146.08,309721.89,63761.65,23535.35,346163.57,425982.56,722.980000,12.1,50.960000
20220613,2022-06-13,2022,6,June,FQ1,FY22-23,Monday,False,1358,1143,215,1421,1338,921224.93,827731.81,211707.14,93493.12,11032.46,368102.28,459629.49,724.170000,15.83,49.890000
20220604,2022-06-04,2022,6,June,FQ1,FY22-23,Saturday,True,1390,1214,176,1528,1440,948104.58,873686.50,218705.68,74418.08,11690.94,387708.88,485977.77,719.680000,12.66,51.260000
20230210,2023-02-10,2023,2,February,FQ4,FY22-23,Friday,False,66,64,2,198,190,51520.38,48014.68,40050.46,3505.70,1422.38,26456.07,21558.72,750.230000,3.03,41.850000
20240310,2024-03-10,2024,3,March,FQ4,FY23-24,Sunday,True,46,45,1,125,120,44445.62,42004.12,36304.75,2441.50,390.15,22740.52,19263.70,933.420000,2.17,43.340000
20230525,2023-05-25,2023,5,May,FQ1,FY23-24,Thursday,False,48,47,1,137,134,38517.91,37286.78,27083.76,1231.13,0.00,20608.21,16678.70,793.340000,2.08,43.300000
20240217,2024-02-17,2024,2,February,FQ4,FY23-24,Saturday,True,49,46,3,151,144,39384.05,37788.75,33008.55,1595.30,1627.49,21276.16,16512.60,821.490000,6.12,41.930000
20240410,2024-04-10,2024,4,April,FQ1,FY24-25,Wednesday,False,56,55,1,174,170,55312.85,52681.40,39016.43,2631.45,0.00,28824.42,23857.13,957.840000,1.79,43.130000
20220723,2022-07-23,2022,7,July,FQ2,FY22-23,Saturday,True,37,35,2,130,125,41151.96,40333.58,24815.08,818.38,0.00,22003.15,18330.62,1152.390000,5.41,44.540000
20230311,2023-03-11,2023,3,March,FQ4,FY22-23,Saturday,True,48,45,3,142,135,42148.23,39885.26,23789.05,2262.97,742.20,21832.81,18052.51,886.340000,6.25,42.830000
20220806,2022-08-06,2022,8,August,FQ2,FY22-23,Saturday,True,48,46,2,146,140,42888.40,40133.61,28596.33,2754.79,3074.12,21798.70,18334.94,872.470000,4.17,42.750000
20230915,2023-09-15,2023,9,September,FQ2,FY23-24,Friday,False,54,51,3,170,160,56578.91,52476.83,38837.19,4102.08,3541.98,28046.11,24430.73,1028.960000,5.56,43.180000
20230217,2023-02-17,2023,2,February,FQ4,FY22-23,Friday,False,70,68,2,202,195,63655.32,60416.91,36802.28,3238.41,657.15,32550.31,27866.78,888.480000,2.86,43.780000
20231119,2023-11-19,2023,11,November,FQ3,FY23-24,Sunday,True,59,57,2,184,179,53045.81,51375.08,42430.75,1670.73,0.00,27738.32,23636.92,901.320000,3.39,44.560000
20221129,2022-11-29,2022,11,November,FQ3,FY22-23,Tuesday,False,47,46,1,130,128,40264.79,39865.01,30727.24,399.78,1316.24,21884.47,17980.56,866.630000,2.13,44.660000
20230619,2023-06-19,2023,6,June,FQ1,FY23-24,Monday,False,51,50,1,166,161,48840.00,48096.34,30697.94,743.66,2754.63,26623.01,21473.29,961.930000,1.96,43.970000
20220706,2022-07-06,2022,7,July,FQ2,FY22-23,Wednesday,False,45,43,2,147,141,46740.00,43488.77,27455.97,3251.23,0.00,23560.52,19928.29,1011.370000,4.44,42.640000
20220307,2022-03-07,2022,3,March,FQ4,FY21-22,Monday,False,55,54,1,172,170,49935.13,49650.32,38098.45,284.81,3065.82,27772.07,21878.44,919.450000,1.82,43.810000
20220103,2022-01-03,2022,1,January,FQ4,FY21-22,Monday,False,45,45,0,141,141,45549.69,45549.69,36092.96,0.00,1539.44,24395.15,21154.72,1012.220000,0.0,46.440000
20200812,2020-08-12,2020,8,August,FQ2,FY20-21,Wednesday,False,70,65,5,220,202,70977.44,66234.96,49047.07,4742.48,3664.91,35562.11,30672.97,1019.000000,7.14,43.220000
20200712,2020-07-12,2020,7,July,FQ2,FY20-21,Sunday,True,56,55,1,174,173,51486.37,51318.45,39334.51,167.92,2181.30,28703.25,22615.14,933.060000,1.79,43.920000
20230821,2023-08-21,2023,8,August,FQ2,FY23-24,Monday,False,44,44,0,142,142,41420.83,41420.83,31688.76,0.00,0.00,22729.87,18691.09,941.380000,0.0,45.120000
20201102,2020-11-02,2020,11,November,FQ3,FY20-21,Monday,False,58,54,4,173,159,52059.94,47727.24,34783.04,4332.70,690.21,25919.30,21808.04,883.840000,6.9,41.890000
20231019,2023-10-19,2023,10,October,FQ3,FY23-24,Thursday,False,63,62,1,176,175,44457.10,44296.51,33649.68,160.59,1555.66,24378.36,19918.23,714.460000,1.59,44.800000
20231212,2023-12-12,2023,12,December,FQ3,FY23-24,Tuesday,False,54,53,1,173,170,46628.78,44761.48,33260.70,1867.30,1716.15,24316.98,20444.68,844.560000,1.85,43.850000
20201129,2020-11-29,2020,11,November,FQ3,FY20-21,Sunday,True,54,54,0,167,167,50551.17,50551.17,37177.63,0.00,4260.80,27410.73,23140.50,936.130000,0.0,45.780000
20220826,2022-08-26,2022,8,August,FQ2,FY22-23,Friday,False,60,56,4,177,164,53255.32,50995.32,33317.52,2260.00,568.92,28021.25,22974.15,910.630000,6.67,43.140000
20230926,2023-09-26,2023,9,September,FQ2,FY23-24,Tuesday,False,51,50,1,165,160,48932.37,47541.07,37478.65,1391.30,1947.25,25755.48,21785.60,950.820000,1.96,44.520000
20230618,2023-06-18,2023,6,June,FQ1,FY23-24,Sunday,True,51,51,0,163,163,49432.70,49432.70,36627.00,0.00,0.00,27824.12,21608.56,969.270000,0.0,43.710000
20230405,2023-04-05,2023,4,April,FQ1,FY23-24,Wednesday,False,64,64,0,182,182,57758.60,57758.60,43741.42,0.00,1403.52,31618.27,26140.40,902.480000,0.0,45.260000
20210812,2021-08-12,2021,8,August,FQ2,FY21-22,Thursday,False,54,51,3,163,153,51457.24,47208.16,37448.94,4249.08,1056.42,26040.95,21167.25,925.650000,5.56,41.140000
20210912,2021-09-12,2021,9,September,FQ2,FY21-22,Sunday,True,64,63,1,195,191,57509.16,56892.23,44905.83,616.93,2015.24,31649.77,25242.57,903.050000,1.56,43.890000
20231129,2023-11-29,2023,11,November,FQ3,FY23-24,Wednesday,False,45,44,1,133,132,44026.95,43413.03,30149.61,613.92,1192.20,23301.12,20112.00,986.660000,2.22,45.680000
20221114,2022-11-14,2022,11,November,FQ3,FY22-23,Monday,False,63,60,3,201,190,66257.23,62410.19,47747.20,3847.04,1130.02,33493.71,28916.61,1040.170000,4.76,43.640000
20220619,2022-06-19,2022,6,June,FQ1,FY22-23,Sunday,True,1164,987,177,1254,1183,792116.82,709738.38,247239.91,82378.44,5988.08,323572.29,386166.07,719.090000,15.21,48.750000
20201009,2020-10-09,2020,10,October,FQ3,FY20-21,Friday,False,58,55,3,158,150,52685.54,50268.99,41562.39,2416.55,1020.93,27263.75,23005.26,913.980000,5.17,43.670000
20200821,2020-08-21,2020,8,August,FQ2,FY20-21,Friday,False,72,68,4,230,217,73645.40,68637.09,57961.36,5008.31,2665.97,37634.69,31002.61,1009.370000,5.56,42.100000
20231009,2023-10-09,2023,10,October,FQ3,FY23-24,Monday,False,51,51,0,178,178,50117.37,50117.37,40871.65,0.00,441.98,26522.14,23595.31,982.690000,0.0,47.080000
20240317,2024-03-17,2024,3,March,FQ4,FY23-24,Sunday,True,51,48,3,149,142,40898.58,39623.30,22510.70,1275.28,2067.27,21413.89,18209.53,825.490000,5.88,44.520000
20240311,2024-03-11,2024,3,March,FQ4,FY23-24,Monday,False,53,51,2,159,151,54577.68,51194.32,42116.03,3383.36,1574.44,27645.88,23548.53,1003.810000,3.77,43.150000
20220808,2022-08-08,2022,8,August,FQ2,FY22-23,Monday,False,40,38,2,117,109,40169.55,36407.70,28020.00,3761.85,498.78,19576.81,16830.97,958.100000,5.0,41.900000
20230713,2023-07-13,2023,7,July,FQ2,FY23-24,Thursday,False,52,49,3,167,160,45759.74,45304.06,30704.07,455.68,0.00,24807.20,20497.01,924.570000,5.77,44.790000
20200713,2020-07-13,2020,7,July,FQ2,FY20-21,Monday,False,47,45,2,124,118,35418.73,33244.76,25529.06,2173.97,2960.54,18069.81,15175.06,738.770000,4.26,42.840000
20230806,2023-08-06,2023,8,August,FQ2,FY23-24,Sunday,True,55,53,2,166,159,46806.64,44688.46,32946.85,2118.18,4483.83,24534.42,20154.07,843.180000,3.64,43.060000
20231112,2023-11-12,2023,11,November,FQ3,FY23-24,Sunday,True,60,58,2,166,160,50201.32,48183.06,43443.69,2018.26,1169.62,25702.01,22481.05,830.740000,3.33,44.780000
20221019,2022-10-19,2022,10,October,FQ3,FY22-23,Wednesday,False,45,45,0,139,139,35162.39,35162.39,29072.11,0.00,1666.20,19695.68,15466.81,781.390000,0.0,43.990000
20230124,2023-01-24,2023,1,January,FQ4,FY22-23,Tuesday,False,49,48,1,145,142,43171.39,41860.64,36657.85,1310.75,0.00,22550.16,19310.54,872.100000,2.04,44.730000
20220110,2022-01-10,2022,1,January,FQ4,FY21-22,Monday,False,54,53,1,162,158,46418.97,44554.32,35379.47,1864.65,1326.36,24614.11,19940.32,840.650000,1.85,42.960000
20200619,2020-06-19,2020,6,June,FQ1,FY20-21,Friday,False,62,62,0,184,184,64032.51,64032.51,47582.20,0.00,1128.90,34612.76,29419.73,1032.780000,0.0,45.940000
20201222,2020-12-22,2020,12,December,FQ3,FY20-21,Tuesday,False,70,68,2,187,181,53626.41,52765.76,38397.51,860.65,1150.00,29761.86,23003.92,775.970000,2.86,42.900000
20220926,2022-09-26,2022,9,September,FQ2,FY22-23,Monday,False,41,40,1,130,129,43214.23,42842.17,28736.60,372.06,1438.68,23152.86,19689.37,1071.050000,2.44,45.560000
20221029,2022-10-29,2022,10,October,FQ3,FY22-23,Saturday,True,50,50,0,155,155,48674.80,48674.80,34794.07,0.00,0.00,26592.01,22082.79,973.500000,0.0,45.370000
20240821,2024-08-21,2024,8,August,FQ2,FY24-25,Wednesday,False,52,50,2,145,142,50515.47,49139.93,36533.07,1375.54,4177.89,27015.40,22124.60,982.800000,3.85,43.800000
20200311,2020-03-11,2020,3,March,FQ4,FY19-20,Wednesday,False,50,49,1,134,129,44796.21,42675.36,32446.34,2120.85,2844.35,23531.33,19144.14,870.930000,2.0,42.740000
20220713,2022-07-13,2022,7,July,FQ2,FY22-23,Wednesday,False,56,53,3,161,158,55366.15,54713.95,44514.56,652.20,0.00,29798.83,24915.11,1032.340000,5.36,45.000000
20230430,2023-04-30,2023,4,April,FQ1,FY23-24,Sunday,True,49,49,0,134,134,38724.04,38724.04,30649.70,0.00,0.00,20992.14,17731.85,790.290000,0.0,45.790000
20220203,2022-02-03,2022,2,February,FQ4,FY21-22,Thursday,False,57,55,2,161,156,44044.69,43118.70,30678.52,925.99,0.00,24294.14,18824.56,783.980000,3.51,42.740000
20241212,2024-12-12,2024,12,December,FQ3,FY24-25,Thursday,False,44,42,2,131,126,38735.35,37691.61,33310.86,1043.74,0.00,21202.20,16489.49,897.420000,4.55,42.570000
20240124,2024-01-24,2024,1,January,FQ4,FY23-24,Wednesday,False,48,48,0,138,138,39411.71,39411.71,34500.88,0.00,1232.60,21852.06,17559.75,821.080000,0.0,44.550000
20200405,2020-04-05,2020,4,April,FQ1,FY20-21,Sunday,True,55,53,2,162,156,42987.31,42002.78,33857.26,984.53,2501.66,23426.80,18576.06,792.510000,3.64,43.210000
20230906,2023-09-06,2023,9,September,FQ2,FY23-24,Wednesday,False,60,59,1,181,179,54745.67,54578.11,41214.25,167.56,1138.61,28808.82,25769.28,925.050000,1.67,47.070000
20200626,2020-06-26,2020,6,June,FQ1,FY20-21,Friday,False,42,42,0,119,119,33578.37,33578.37,23571.80,0.00,3595.66,18525.56,15052.95,799.490000,0.0,44.830000
20220415,2022-04-15,2022,4,April,FQ1,FY22-23,Friday,False,2425,2121,304,2827,2730,1142621.17,1037477.27,325855.60,104841.90,14394.22,505022.28,532389.31,489.150000,12.54,46.590000
20220504,2022-05-04,2022,5,May,FQ1,FY22-23,Wednesday,False,1960,1680,280,1993,1893,1264026.83,1160228.14,291169.22,103798.69,10842.33,542144.47,618083.75,690.610000,14.29,48.900000
20220623,2022-06-23,2022,6,June,FQ1,FY22-23,Thursday,False,1072,911,161,1179,1119,726594.58,659021.75,158541.91,67572.83,537.09,298757.80,360263.90,723.400000,15.02,49.580000
20211123,2021-11-23,2021,11,November,FQ3,FY21-22,Tuesday,False,44,40,4,125,112,45696.47,41422.86,30351.10,4273.61,0.00,22516.41,18906.53,1035.570000,9.09,41.370000
20220317,2022-03-17,2022,3,March,FQ4,FY21-22,Thursday,False,48,46,2,173,164,51269.80,46831.95,33606.58,4437.85,3717.68,25530.06,21302.05,1018.090000,4.17,41.550000
20241210,2024-12-10,2024,12,December,FQ3,FY24-25,Tuesday,False,45,43,2,138,133,45316.30,43443.21,32378.49,1873.09,3895.67,23618.32,19824.90,1010.310000,4.44,43.750000
20240222,2024-02-22,2024,2,February,FQ4,FY23-24,Thursday,False,57,56,1,168,164,51601.30,51344.70,43116.50,256.60,623.39,28071.43,23273.26,916.870000,1.75,45.100000
20220908,2022-09-08,2022,9,September,FQ2,FY22-23,Thursday,False,61,57,4,181,171,57549.24,54072.21,46155.30,3477.03,0.00,29389.20,24683.02,948.640000,6.56,42.890000
20231210,2023-12-10,2023,12,December,FQ3,FY23-24,Sunday,True,66,66,0,193,193,55154.57,55154.57,40649.11,0.00,2614.57,30250.06,24904.45,835.680000,0.0,45.150000
20240908,2024-09-08,2024,9,September,FQ2,FY24-25,Sunday,True,47,47,0,134,134,43778.02,43778.02,34199.37,0.00,5033.27,23818.95,19959.16,931.450000,0.0,45.590000
20240515,2024-05-15,2024,5,May,FQ1,FY24-25,Wednesday,False,67,66,1,195,194,68186.80,68024.49,57233.08,162.31,3770.45,35728.13,32296.52,1030.670000,1.49,47.360000
20230908,2023-09-08,2023,9,September,FQ2,FY23-24,Friday,False,47,46,1,147,146,51331.49,50848.08,38086.16,483.41,1550.27,28098.49,22749.67,1105.390000,2.13,44.320000
20230901,2023-09-01,2023,9,September,FQ2,FY23-24,Friday,False,50,49,1,167,163,51354.71,50280.90,37314.51,1073.81,1902.66,27691.61,22589.37,1026.140000,2.0,43.990000
20230718,2023-07-18,2023,7,July,FQ2,FY23-24,Tuesday,False,55,51,4,160,147,45377.69,42260.28,33908.62,3117.41,831.17,23114.40,19145.92,828.630000,7.27,42.190000
20221116,2022-11-16,2022,11,November,FQ3,FY22-23,Wednesday,False,54,51,3,159,152,45333.67,43696.58,30180.95,1637.09,5322.05,24154.56,19542.07,856.800000,5.56,43.110000
20241217,2024-12-17,2024,12,December,FQ3,FY24-25,Tuesday,False,52,50,2,153,149,47471.11,45843.47,38833.42,1627.64,510.00,25041.03,20802.54,916.870000,3.85,43.820000
20210814,2021-08-14,2021,8,August,FQ2,FY21-22,Saturday,True,64,63,1,190,189,44458.69,44289.59,35687.71,169.10,2203.32,24816.96,19472.72,703.010000,1.56,43.800000
20200425,2020-04-25,2020,4,April,FQ1,FY20-21,Saturday,True,53,52,1,164,161,42495.83,41449.51,29806.78,1046.32,2672.90,23094.44,18355.07,797.110000,1.89,43.190000
20240428,2024-04-28,2024,4,April,FQ1,FY24-25,Sunday,True,62,57,5,199,185,64488.29,60286.19,38964.74,4202.10,3300.04,32180.50,28105.78,1057.650000,8.06,43.580000
20201002,2020-10-02,2020,10,October,FQ3,FY20-21,Friday,False,52,51,1,145,144,47875.94,47789.79,35190.16,86.15,1323.59,25563.72,22226.04,937.050000,1.92,46.420000
20200505,2020-05-05,2020,5,May,FQ1,FY20-21,Tuesday,False,62,61,1,193,188,55760.11,53540.72,46278.34,2219.39,1844.59,29351.60,24189.03,877.720000,1.61,43.380000
20231109,2023-11-09,2023,11,November,FQ3,FY23-24,Thursday,False,70,68,2,221,213,59169.66,57691.66,39312.03,1478.00,0.00,31979.50,25712.18,848.410000,2.86,43.460000
20201116,2020-11-16,2020,11,November,FQ3,FY20-21,Monday,False,50,46,4,145,133,50598.82,46565.25,39504.95,4033.57,3797.42,25780.99,20784.29,1012.290000,8.0,41.080000
20210425,2021-04-25,2021,4,April,FQ1,FY21-22,Sunday,True,49,48,1,152,149,46026.81,44735.07,34230.42,1291.74,1156.62,23942.69,20792.62,931.980000,2.04,45.180000
20211116,2021-11-16,2021,11,November,FQ3,FY21-22,Tuesday,False,54,53,1,154,153,43239.91,43031.21,36540.99,208.70,0.00,23748.26,19283.10,811.910000,1.85,44.600000
20201227,2020-12-27,2020,12,December,FQ3,FY20-21,Sunday,True,52,51,1,152,151,43792.28,43480.50,34577.90,311.78,0.00,23156.11,20324.40,852.560000,1.92,46.410000
20200814,2020-08-14,2020,8,August,FQ2,FY20-21,Friday,False,52,52,0,171,171,55632.27,55632.27,38099.39,0.00,4251.64,31100.53,24531.89,1069.850000,0.0,44.100000
20220109,2022-01-09,2022,1,January,FQ4,FY21-22,Sunday,True,52,51,1,153,151,44748.23,43859.93,32121.62,888.30,514.66,24096.47,19763.54,860.000000,1.92,44.170000
20221227,2022-12-27,2022,12,December,FQ3,FY22-23,Tuesday,False,64,61,3,188,180,56709.00,53651.66,46772.59,3057.34,711.59,28312.46,25339.34,879.540000,4.69,44.680000
20230428,2023-04-28,2023,4,April,FQ1,FY23-24,Friday,False,41,40,1,131,127,40788.61,40703.74,24752.08,84.87,3216.61,21445.33,19258.38,1017.590000,2.44,47.220000
20200304,2020-03-04,2020,3,March,FQ4,FY19-20,Wednesday,False,48,47,1,143,138,46631.07,44470.94,37766.97,2160.13,368.93,24134.14,20336.77,946.190000,2.08,43.610000
20221014,2022-10-14,2022,10,October,FQ3,FY22-23,Friday,False,61,59,2,189,181,71134.94,67251.00,50072.73,3883.94,50.59,36162.92,31088.26,1139.850000,3.28,43.700000
20201202,2020-12-02,2020,12,December,FQ3,FY20-21,Wednesday,False,49,45,4,136,122,37744.37,34271.93,21670.22,3472.44,1053.46,18440.01,15831.95,761.600000,8.16,41.950000
20230128,2023-01-28,2023,1,January,FQ4,FY22-23,Saturday,True,47,46,1,146,143,46707.36,44895.06,36323.32,1812.30,2408.72,24768.05,20127.20,975.980000,2.13,43.090000
20200408,2020-04-08,2020,4,April,FQ1,FY20-21,Wednesday,False,57,57,0,181,181,47341.75,47341.75,33632.76,0.00,200.83,26059.31,21282.54,830.560000,0.0,44.960000
20210304,2021-03-04,2021,3,March,FQ4,FY20-21,Thursday,False,47,46,1,150,148,54799.25,54307.09,49606.91,492.16,31.65,28700.19,25606.99,1180.590000,2.13,46.730000
20230505,2023-05-05,2023,5,May,FQ1,FY23-24,Friday,False,64,64,0,195,195,60308.88,60308.88,49672.02,0.00,170.16,33476.72,26832.19,942.330000,0.0,44.490000
20221230,2022-12-30,2022,12,December,FQ3,FY22-23,Friday,False,55,54,1,163,162,53920.78,53380.82,48444.84,539.96,816.95,29104.17,24276.76,988.530000,1.82,45.020000
20241123,2024-11-23,2024,11,November,FQ3,FY24-25,Saturday,True,48,46,2,139,130,40577.32,38530.02,30390.54,2047.30,150.52,21266.55,17263.55,837.610000,4.17,42.540000
20220708,2022-07-08,2022,7,July,FQ2,FY22-23,Friday,False,51,50,1,159,156,41935.97,41649.11,36621.04,286.86,333.20,22515.65,19133.63,832.980000,1.96,45.630000
20230425,2023-04-25,2023,4,April,FQ1,FY23-24,Tuesday,False,53,51,2,186,179,53705.13,52720.85,40026.12,984.28,0.00,28546.16,24174.89,1033.740000,3.77,45.010000
20211217,2021-12-17,2021,12,December,FQ3,FY21-22,Friday,False,54,53,1,162,159,47548.66,46930.64,32526.21,618.02,1128.09,25211.11,21719.55,885.480000,1.85,45.680000
20210128,2021-01-28,2021,1,January,FQ4,FY20-21,Thursday,False,58,54,4,154,142,47858.11,45084.36,35093.90,2773.75,524.39,24871.30,20213.01,834.900000,6.9,42.240000
20220418,2022-04-18,2022,4,April,FQ1,FY22-23,Monday,False,1522,1301,221,1604,1542,947398.83,867974.30,313077.73,79424.53,19268.70,407914.16,460060.34,667.160000,14.52,48.560000
20220606,2022-06-06,2022,6,June,FQ1,FY22-23,Monday,False,1484,1284,200,1581,1495,1014333.62,934515.76,249475.69,79817.86,18500.34,415400.48,519115.44,727.820000,13.48,51.180000
20201207,2020-12-07,2020,12,December,FQ3,FY20-21,Monday,False,63,62,1,187,185,56017.73,55629.96,38936.69,387.77,3628.17,29812.60,25817.25,897.260000,1.59,46.090000
20240430,2024-04-30,2024,4,April,FQ1,FY24-25,Tuesday,False,53,52,1,162,161,51005.87,50559.31,40784.31,446.56,650.97,28637.79,21921.52,972.290000,1.89,42.980000
20230604,2023-06-04,2023,6,June,FQ1,FY23-24,Sunday,True,66,64,2,189,186,51924.55,50827.36,39006.29,1097.19,2874.81,27243.66,23583.83,794.180000,3.03,45.420000
20240210,2024-02-10,2024,2,February,FQ4,FY23-24,Saturday,True,59,56,3,183,177,52329.85,50328.10,38202.12,2001.75,2741.69,27806.09,22522.05,898.720000,5.08,43.040000
20230804,2023-08-04,2023,8,August,FQ2,FY23-24,Friday,False,61,59,2,178,172,60008.93,57611.72,40133.89,2397.21,0.00,32374.25,25237.57,976.470000,3.28,42.060000
20210217,2021-02-17,2021,2,February,FQ4,FY20-21,Wednesday,False,53,50,3,161,151,56348.32,53754.93,40679.82,2593.39,6401.07,29238.30,24516.67,1075.100000,5.66,43.510000
20210307,2021-03-07,2021,3,March,FQ4,FY20-21,Sunday,True,53,51,2,156,149,47383.39,44678.34,37057.75,2705.05,2877.36,24803.32,19875.04,876.050000,3.77,41.950000
20220210,2022-02-10,2022,2,February,FQ4,FY21-22,Thursday,False,61,61,0,194,194,71895.86,71895.86,57326.46,0.00,3504.90,38561.42,33334.55,1178.620000,0.0,46.370000
20240324,2024-03-24,2024,3,March,FQ4,FY23-24,Sunday,True,58,58,0,166,166,49064.46,49064.46,43027.82,0.00,0.00,27108.32,21956.26,845.940000,0.0,44.750000
20231012,2023-10-12,2023,10,October,FQ3,FY23-24,Thursday,False,56,55,1,155,151,46607.11,45299.21,38731.22,1307.90,1397.11,25364.22,19934.98,823.620000,1.79,42.770000
20230512,2023-05-12,2023,5,May,FQ1,FY23-24,Friday,False,56,55,1,175,172,52890.76,52679.71,34077.39,211.05,2973.21,29303.82,23375.83,957.810000,1.79,44.200000
20220227,2022-02-27,2022,2,February,FQ4,FY21-22,Sunday,True,41,41,0,111,111,31699.81,31699.81,25665.29,0.00,2002.51,17775.94,13923.95,773.170000,0.0,43.920000
20210316,2021-03-16,2021,3,March,FQ4,FY20-21,Tuesday,False,58,57,1,179,178,52380.06,52197.40,36458.88,182.66,2117.60,28689.88,23507.65,915.740000,1.72,44.880000
20220925,2022-09-25,2022,9,September,FQ2,FY22-23,Sunday,True,51,49,2,136,130,38541.13,36668.70,27112.57,1872.43,2633.64,19078.30,17590.45,748.340000,3.92,45.640000
20210116,2021-01-16,2021,1,January,FQ4,FY20-21,Saturday,True,52,51,1,145,142,41706.40,41505.11,37139.97,201.29,1638.29,21930.52,19574.67,813.830000,1.92,46.930000
20210401,2021-04-01,2021,4,April,FQ1,FY21-22,Thursday,False,57,57,0,165,165,50144.20,50144.20,43491.15,0.00,1112.06,27102.81,23041.35,879.720000,0.0,45.950000
20210915,2021-09-15,2021,9,September,FQ2,FY21-22,Wednesday,False,70,66,4,213,197,62686.22,60905.43,52070.91,1780.79,1663.68,33054.88,27850.57,922.810000,5.71,44.430000
20220126,2022-01-26,2022,1,January,FQ4,FY21-22,Wednesday,False,62,62,0,185,185,55567.83,55567.83,41963.08,0.00,0.00,30130.84,25437.19,896.260000,0.0,45.780000
20240104,2024-01-04,2024,1,January,FQ4,FY23-24,Thursday,False,58,55,3,163,150,44015.72,40342.28,32173.38,3673.44,541.72,21985.41,18357.03,733.500000,5.17,41.710000
20200925,2020-09-25,2020,9,September,FQ2,FY20-21,Friday,False,53,51,2,146,141,47861.66,45549.78,23957.32,2311.88,1183.91,24793.00,20756.76,893.130000,3.77,43.370000
20230212,2023-02-12,2023,2,February,FQ4,FY22-23,Sunday,True,60,57,3,181,171,57161.95,55466.90,41684.73,1695.05,3151.02,31290.14,24176.76,973.100000,5.0,42.300000
20210227,2021-02-27,2021,2,February,FQ4,FY20-21,Saturday,True,43,43,0,139,139,44228.19,44228.19,37686.85,0.00,2240.17,23588.38,20639.91,1028.560000,0.0,46.670000
20230722,2023-07-22,2023,7,July,FQ2,FY23-24,Saturday,True,54,51,3,157,151,47050.86,44964.25,35469.57,2086.61,2743.95,24881.74,20082.63,881.650000,5.56,42.680000
20241128,2024-11-28,2024,11,November,FQ3,FY24-25,Thursday,False,45,45,0,118,118,41055.19,41055.19,36187.40,0.00,1480.24,21892.93,19162.23,912.340000,0.0,46.670000
20240720,2024-07-20,2024,7,July,FQ2,FY24-25,Saturday,True,49,48,1,146,144,38420.75,37393.31,25625.01,1027.44,932.33,20160.16,17233.17,779.030000,2.04,44.850000
20241005,2024-10-05,2024,10,October,FQ3,FY24-25,Saturday,True,49,47,2,152,144,45196.60,40418.30,32045.66,4778.30,224.59,21655.62,18762.79,859.960000,4.08,41.510000
20220928,2022-09-28,2022,9,September,FQ2,FY22-23,Wednesday,False,51,50,1,146,142,32383.25,30541.07,25201.34,1842.18,1756.90,16568.93,13972.21,610.820000,1.96,43.150000
20220321,2022-03-21,2022,3,March,FQ4,FY21-22,Monday,False,47,41,6,137,120,39048.60,36375.35,29230.75,2673.25,0.00,19574.01,16801.23,887.200000,12.77,43.030000
20230106,2023-01-06,2023,1,January,FQ4,FY22-23,Friday,False,58,58,0,170,170,53861.00,53861.00,37944.77,0.00,2762.17,29529.04,24332.09,928.640000,0.0,45.180000
20240312,2024-03-12,2024,3,March,FQ4,FY23-24,Tuesday,False,61,61,0,187,187,60372.61,60372.61,42759.35,0.00,1317.46,32345.43,28027.26,989.710000,0.0,46.420000
20200628,2020-06-28,2020,6,June,FQ1,FY20-21,Sunday,True,59,58,1,176,173,54096.35,53034.53,44648.59,1061.82,440.85,28923.27,24111.12,914.390000,1.69,44.570000
20240512,2024-05-12,2024,5,May,FQ1,FY24-25,Sunday,True,64,62,2,193,189,55033.66,53049.48,44465.14,1984.18,978.87,28926.14,24123.39,855.640000,3.13,43.830000
20200203,2020-02-03,2020,2,February,FQ4,FY19-20,Monday,False,42,42,0,120,120,38372.20,38372.20,29898.79,0.00,1667.76,20428.82,17943.35,913.620000,0.0,46.760000
20220710,2022-07-10,2022,7,July,FQ2,FY22-23,Sunday,True,49,49,0,152,152,45742.65,45742.65,41324.32,0.00,0.00,24702.27,21040.44,933.520000,0.0,46.000000
20200301,2020-03-01,2020,3,March,FQ4,FY19-20,Sunday,True,45,45,0,122,122,37998.34,37998.34,29409.07,0.00,805.19,20487.59,17510.88,844.410000,0.0,46.080000
20211118,2021-11-18,2021,11,November,FQ3,FY21-22,Thursday,False,52,50,2,142,135,34765.92,34043.13,29629.37,722.79,0.00,18603.29,15439.86,680.860000,3.85,44.410000
20201106,2020-11-06,2020,11,November,FQ3,FY20-21,Friday,False,56,56,0,152,152,49282.16,49282.16,36712.18,0.00,2763.42,26381.86,22900.37,880.040000,0.0,46.470000
20201113,2020-11-13,2020,11,November,FQ3,FY20-21,Friday,False,57,55,2,181,173,53169.20,50420.90,38568.82,2748.30,2542.88,28694.37,21726.62,916.740000,3.51,40.860000
20241106,2024-11-06,2024,11,November,FQ3,FY24-25,Wednesday,False,61,60,1,199,197,67833.42,67650.72,52607.05,182.70,1135.24,36761.32,30889.39,1127.510000,1.64,45.540000
20230616,2023-06-16,2023,6,June,FQ1,FY23-24,Friday,False,50,49,1,153,152,42663.51,42261.07,28738.69,402.44,2855.40,22372.47,19888.63,862.470000,2.0,46.620000
20201019,2020-10-19,2020,10,October,FQ3,FY20-21,Monday,False,68,67,1,201,199,60459.06,59926.20,54397.65,532.86,0.00,32995.74,26930.69,894.420000,1.47,44.540000
20230314,2023-03-14,2023,3,March,FQ4,FY22-23,Tuesday,False,59,58,1,173,172,55580.62,55015.07,36297.68,565.55,1628.51,29905.11,25110.13,948.540000,1.69,45.180000
20200811,2020-08-11,2020,8,August,FQ2,FY20-21,Tuesday,False,50,50,0,133,133,33241.48,33241.48,26892.97,0.00,0.00,18651.35,14590.14,664.830000,0.0,43.890000
20210710,2021-07-10,2021,7,July,FQ2,FY21-22,Saturday,True,63,60,3,215,204,65171.40,62306.63,42210.68,2864.77,2698.78,34111.41,28195.06,1038.440000,4.76,43.260000
20240817,2024-08-17,2024,8,August,FQ2,FY24-25,Saturday,True,51,50,1,151,146,45676.59,44102.98,30306.22,1573.61,0.00,24491.48,19611.57,882.060000,1.96,42.940000
20200710,2020-07-10,2020,7,July,FQ2,FY20-21,Friday,False,51,50,1,142,139,38218.16,37143.76,27786.20,1074.40,1663.91,20326.18,16817.74,742.880000,1.96,44.000000
20230331,2023-03-31,2023,3,March,FQ4,FY22-23,Friday,False,54,53,1,166,161,46611.79,43776.38,34823.12,2835.41,4621.24,24446.91,19329.51,825.970000,1.85,41.470000
20240616,2024-06-16,2024,6,June,FQ1,FY24-25,Sunday,True,48,46,2,149,144,43149.70,42305.82,35314.63,843.88,0.00,23384.13,18921.79,919.690000,4.17,43.850000
20200717,2020-07-17,2020,7,July,FQ2,FY20-21,Friday,False,53,52,1,163,160,51312.96,50470.08,35308.05,842.88,163.01,26978.39,23491.62,970.580000,1.89,45.780000
20240408,2024-04-08,2024,4,April,FQ1,FY24-25,Monday,False,47,44,3,145,138,41597.79,41008.04,29695.21,589.75,0.00,22582.19,18425.98,932.000000,6.38,44.300000
20221010,2022-10-10,2022,10,October,FQ3,FY22-23,Monday,False,65,62,3,190,179,66275.05,63209.81,48191.90,3065.24,1207.43,34018.60,29191.22,1019.510000,4.62,44.050000
20200930,2020-09-30,2020,9,September,FQ2,FY20-21,Wednesday,False,49,47,2,138,136,48532.60,48067.60,35447.79,465.00,2125.92,26872.46,21195.14,1022.710000,4.08,43.670000
20230905,2023-09-05,2023,9,September,FQ2,FY23-24,Tuesday,False,55,55,0,175,175,53197.18,53197.18,41736.90,0.00,3213.07,28591.66,24605.55,967.220000,0.0,46.250000
20200420,2020-04-20,2020,4,April,FQ1,FY20-21,Monday,False,69,66,3,203,195,62736.67,61297.66,43964.46,1439.01,2597.83,34049.98,27247.79,928.750000,4.35,43.430000
20230514,2023-05-14,2023,5,May,FQ1,FY23-24,Sunday,True,41,41,0,143,143,48239.52,48239.52,42318.07,0.00,0.00,26068.62,22170.88,1176.570000,0.0,45.960000
20230416,2023-04-16,2023,4,April,FQ1,FY23-24,Sunday,True,60,59,1,184,182,62200.87,61373.91,41653.48,826.96,0.00,33017.29,28356.59,1040.240000,1.67,45.590000
20240703,2024-07-03,2024,7,July,FQ2,FY24-25,Wednesday,False,51,51,0,152,152,50638.64,50638.64,38696.54,0.00,1654.58,27339.79,23298.88,992.910000,0.0,46.010000
20210910,2021-09-10,2021,9,September,FQ2,FY21-22,Friday,False,53,51,2,158,155,48695.55,47388.30,39316.83,1307.25,0.00,25916.55,21471.95,929.180000,3.77,44.090000
20200220,2020-02-20,2020,2,February,FQ4,FY19-20,Thursday,False,47,45,2,161,153,57178.71,56639.77,43573.11,538.94,382.36,30093.33,26546.48,1258.660000,4.26,46.430000
20230727,2023-07-27,2023,7,July,FQ2,FY23-24,Thursday,False,55,54,1,163,160,55842.67,54923.07,45759.80,919.60,0.00,29655.07,25268.06,1017.090000,1.82,45.250000
20200918,2020-09-18,2020,9,September,FQ2,FY20-21,Friday,False,56,51,5,174,161,59508.85,56761.12,50114.73,2747.73,2352.31,30057.63,26703.47,1112.960000,8.93,44.870000
20241126,2024-11-26,2024,11,November,FQ3,FY24-25,Tuesday,False,40,38,2,136,128,35162.61,33329.08,27133.53,1833.53,108.63,18127.73,15201.38,877.080000,5.0,43.230000
20200603,2020-06-03,2020,6,June,FQ1,FY20-21,Wednesday,False,64,61,3,205,202,69684.58,68178.83,57821.38,1505.75,0.00,37616.06,30562.84,1117.690000,4.69,43.860000
20210524,2021-05-24,2021,5,May,FQ1,FY21-22,Monday,False,51,51,0,158,158,57601.56,57601.56,45891.11,0.00,14.36,31475.90,26125.69,1129.440000,0.0,45.360000
20231126,2023-11-26,2023,11,November,FQ3,FY23-24,Sunday,True,52,52,0,158,158,55377.05,55377.05,40440.48,0.00,5641.67,30267.57,25109.53,1064.940000,0.0,45.340000
20210502,2021-05-02,2021,5,May,FQ1,FY21-22,Sunday,True,57,52,5,178,161,60729.96,52637.76,46156.24,8092.20,1279.38,28624.92,24012.82,1012.260000,8.77,39.540000
20200123,2020-01-23,2020,1,January,FQ4,FY19-20,Thursday,False,52,52,0,166,166,51699.46,51699.46,43544.98,0.00,278.48,28989.02,22710.59,994.220000,0.0,43.930000
20230208,2023-02-08,2023,2,February,FQ4,FY22-23,Wednesday,False,47,44,3,143,136,44907.63,43493.59,37587.54,1414.04,618.10,23335.98,20157.67,988.490000,6.38,44.890000
20210824,2021-08-24,2021,8,August,FQ2,FY21-22,Tuesday,False,57,55,2,180,176,54383.21,53294.20,43344.78,1089.01,2667.93,28424.26,24869.91,968.990000,3.51,45.730000
20240609,2024-06-09,2024,6,June,FQ1,FY24-25,Sunday,True,61,60,1,194,193,58099.55,58026.63,42604.63,72.92,2220.50,32252.08,25774.54,967.110000,1.64,44.360000
20220717,2022-07-17,2022,7,July,FQ2,FY22-23,Sunday,True,50,47,3,155,142,51547.87,45617.43,35477.20,5930.44,0.00,24701.63,20915.77,970.580000,6.0,40.580000
20200807,2020-08-07,2020,8,August,FQ2,FY20-21,Friday,False,57,53,4,176,160,60663.60,57168.74,49337.18,3494.86,1181.80,30366.05,26802.77,1078.660000,7.02,44.180000
20230807,2023-08-07,2023,8,August,FQ2,FY23-24,Monday,False,47,44,3,135,128,37970.42,36042.62,30356.16,1927.80,982.71,19305.96,16736.77,819.150000,6.38,44.080000
20240401,2024-04-01,2024,4,April,FQ1,FY24-25,Monday,False,54,54,0,158,158,42035.62,42035.62,32238.13,0.00,0.00,23856.04,18179.69,778.440000,0.0,43.250000
20220930,2022-09-30,2022,9,September,FQ2,FY22-23,Friday,False,63,61,2,170,162,55713.62,53339.49,41788.03,2374.13,658.55,29538.16,23801.52,874.420000,3.17,42.720000
20241213,2024-12-13,2024,12,December,FQ3,FY24-25,Friday,False,58,52,6,158,145,50148.53,46150.25,28658.57,3998.28,3454.73,24890.84,21259.45,887.500000,10.34,42.390000
20240918,2024-09-18,2024,9,September,FQ2,FY24-25,Wednesday,False,55,53,2,163,156,47790.66,45421.22,35054.26,2369.44,738.76,24383.05,21038.22,857.000000,3.64,44.020000
20230502,2023-05-02,2023,5,May,FQ1,FY23-24,Tuesday,False,46,45,1,142,139,43983.87,43221.01,33084.89,762.86,924.34,23492.52,19728.56,960.470000,2.17,44.850000
20220314,2022-03-14,2022,3,March,FQ4,FY21-22,Monday,False,64,64,0,175,175,54847.18,54847.18,43804.44,0.00,1857.25,29962.47,24884.81,856.990000,0.0,45.370000
20231203,2023-12-03,2023,12,December,FQ3,FY23-24,Sunday,True,58,54,4,181,168,64766.72,60115.79,44163.40,4650.93,1355.91,33134.78,26981.08,1113.260000,6.9,41.660000
20200730,2020-07-30,2020,7,July,FQ2,FY20-21,Thursday,False,60,60,0,167,167,58173.83,58173.83,49925.22,0.00,0.00,31766.62,26407.29,969.560000,0.0,45.390000
20210314,2021-03-14,2021,3,March,FQ4,FY20-21,Sunday,True,51,49,2,146,136,42111.51,36901.96,27185.34,5209.55,118.13,21026.99,15875.01,753.100000,3.92,37.700000
20231024,2023-10-24,2023,10,October,FQ3,FY23-24,Tuesday,False,55,52,3,174,161,51449.13,47231.74,33813.25,4217.39,2749.26,26458.10,20773.80,908.300000,5.45,40.380000
20201118,2020-11-18,2020,11,November,FQ3,FY20-21,Wednesday,False,51,51,0,146,146,42019.00,42019.00,25225.26,0.00,3312.37,22600.44,19418.69,823.900000,0.0,46.210000
20200905,2020-09-05,2020,9,September,FQ2,FY20-21,Saturday,True,50,50,0,149,149,47367.67,47367.67,34997.95,0.00,0.00,25157.04,22210.66,947.350000,0.0,46.890000
20230123,2023-01-23,2023,1,January,FQ4,FY22-23,Monday,False,62,59,3,183,175,58018.50,54214.33,42511.79,3804.17,3674.05,29484.32,24730.03,918.890000,4.84,42.620000
20210817,2021-08-17,2021,8,August,FQ2,FY21-22,Tuesday,False,58,57,1,178,175,59330.16,59249.06,44166.08,81.10,2822.13,31836.98,27412.21,1039.460000,1.72,46.200000
20220824,2022-08-24,2022,8,August,FQ2,FY22-23,Wednesday,False,46,44,2,132,126,47976.23,45791.79,37407.39,2184.44,945.92,25381.06,20410.85,1040.720000,4.35,42.540000
20231113,2023-11-13,2023,11,November,FQ3,FY23-24,Monday,False,59,58,1,177,173,48524.89,46827.38,36038.53,1697.51,1764.71,25812.29,21015.15,807.370000,1.69,43.310000
20200331,2020-03-31,2020,3,March,FQ4,FY19-20,Tuesday,False,39,37,2,104,98,37833.01,35497.34,25238.70,2335.67,1227.03,19349.75,16147.63,959.390000,5.13,42.680000
20200118,2020-01-18,2020,1,January,FQ4,FY19-20,Saturday,True,55,52,3,162,154,50023.26,46904.20,38831.14,3119.06,0.00,25211.27,21693.12,902.000000,5.45,43.370000
20230824,2023-08-24,2023,8,August,FQ2,FY23-24,Thursday,False,56,55,1,166,163,50190.74,49492.41,32636.19,698.33,4580.88,26239.89,23252.48,899.860000,1.79,46.330000
20230206,2023-02-06,2023,2,February,FQ4,FY22-23,Monday,False,52,51,1,164,162,50654.10,50100.10,34763.93,554.00,3589.30,27116.50,22983.65,982.350000,1.92,45.370000
20231125,2023-11-25,2023,11,November,FQ3,FY23-24,Saturday,True,50,49,1,152,151,43877.65,43548.86,29346.67,328.79,3282.62,23188.55,20360.28,888.750000,2.0,46.400000
20210925,2021-09-25,2021,9,September,FQ2,FY21-22,Saturday,True,53,51,2,155,149,44920.65,42764.41,30510.04,2156.24,107.02,23701.02,19063.52,838.520000,3.77,42.440000
20241207,2024-12-07,2024,12,December,FQ3,FY24-25,Saturday,True,46,46,0,142,142,42469.77,42469.77,32438.14,0.00,1144.27,24762.26,17707.71,923.260000,0.0,41.690000
20241028,2024-10-28,2024,10,October,FQ3,FY24-25,Monday,False,71,66,5,224,205,65202.87,59499.54,47436.51,5703.33,611.37,32566.13,26933.52,901.510000,7.04,41.310000
20240722,2024-07-22,2024,7,July,FQ2,FY24-25,Monday,False,47,44,3,129,123,36774.59,35927.88,29883.02,846.71,307.76,19354.39,16573.43,816.540000,6.38,45.070000
20200112,2020-01-12,2020,1,January,FQ4,FY19-20,Sunday,True,57,55,2,162,155,47386.68,44237.56,37859.23,3149.12,0.00,23566.89,20670.64,804.320000,3.51,43.620000
20200928,2020-09-28,2020,9,September,FQ2,FY20-21,Monday,False,54,52,2,150,145,50042.18,49355.86,42639.19,686.32,0.00,26998.91,22357.06,949.150000,3.7,44.680000
20200206,2020-02-06,2020,2,February,FQ4,FY19-20,Thursday,False,51,49,2,156,150,47235.43,46304.87,36242.18,930.56,2199.87,25554.99,20749.93,945.000000,3.92,43.930000
20230316,2023-03-16,2023,3,March,FQ4,FY22-23,Thursday,False,52,49,3,160,150,46032.25,43641.18,35572.86,2391.07,0.00,23241.94,20399.28,890.640000,5.77,44.320000
20201201,2020-12-01,2020,12,December,FQ3,FY20-21,Tuesday,False,62,61,1,186,181,56992.66,53996.92,38540.48,2995.74,2288.96,28533.67,25463.22,885.200000,1.61,44.680000
20200401,2020-04-01,2020,4,April,FQ1,FY20-21,Wednesday,False,63,60,3,191,183,59022.22,55958.74,40082.51,3063.48,1300.31,30489.55,25469.32,932.650000,4.76,43.150000
20240831,2024-08-31,2024,8,August,FQ2,FY24-25,Saturday,True,52,52,0,149,149,45564.94,45564.94,32201.28,0.00,831.48,24463.89,21101.00,876.250000,0.0,46.310000
20240118,2024-01-18,2024,1,January,FQ4,FY23-24,Thursday,False,55,51,4,172,163,49285.80,46793.93,38429.50,2491.87,795.02,26574.62,20219.23,917.530000,7.27,41.020000
20201004,2020-10-04,2020,10,October,FQ3,FY20-21,Sunday,True,64,63,1,192,188,60233.32,59712.75,51714.18,520.57,113.53,32141.55,27571.18,947.820000,1.56,45.770000
20230112,2023-01-12,2023,1,January,FQ4,FY22-23,Thursday,False,51,49,2,155,145,45540.20,43274.82,36839.99,2265.38,1177.15,23640.22,19634.67,883.160000,3.92,43.120000
20210213,2021-02-13,2021,2,February,FQ4,FY20-21,Saturday,True,57,55,2,150,148,46859.21,46010.08,34153.91,849.13,0.00,25342.80,20667.41,836.550000,3.51,44.110000
20240509,2024-05-09,2024,5,May,FQ1,FY24-25,Thursday,False,61,59,2,197,189,62412.56,59791.20,42187.19,2621.36,4572.46,33288.83,26502.47,1013.410000,3.28,42.460000
20240712,2024-07-12,2024,7,July,FQ2,FY24-25,Friday,False,60,59,1,176,172,58654.94,56315.56,48481.14,2339.38,487.96,29945.36,26370.19,954.500000,1.67,44.960000
20200306,2020-03-06,2020,3,March,FQ4,FY19-20,Friday,False,57,57,0,170,170,60893.98,60893.98,44270.19,0.00,596.64,32865.71,28028.30,1068.320000,0.0,46.030000
20241206,2024-12-06,2024,12,December,FQ3,FY24-25,Friday,False,55,53,2,169,160,54003.26,50968.68,45470.61,3034.58,0.00,27098.27,23870.48,961.670000,3.64,44.200000
20201108,2020-11-08,2020,11,November,FQ3,FY20-21,Sunday,True,44,43,1,138,135,39961.82,38159.05,32730.77,1802.77,234.82,20797.02,17362.09,887.420000,2.27,43.450000
20240729,2024-07-29,2024,7,July,FQ2,FY24-25,Monday,False,63,62,1,190,188,62465.57,61947.65,49676.15,517.92,1908.42,34071.19,27876.53,999.160000,1.59,44.630000
20240612,2024-06-12,2024,6,June,FQ1,FY24-25,Wednesday,False,64,62,2,197,189,50364.08,49716.05,37385.65,648.03,2183.14,27472.45,22243.58,801.870000,3.13,44.170000
20230529,2023-05-29,2023,5,May,FQ1,FY23-24,Monday,False,56,54,2,166,157,46439.72,45068.85,34174.01,1370.87,0.00,24433.44,20635.47,834.610000,3.57,44.430000
20210602,2021-06-02,2021,6,June,FQ1,FY21-22,Wednesday,False,52,51,1,171,167,52087.07,52008.94,33315.35,78.13,2336.64,29042.06,22966.86,1019.780000,1.92,44.090000
20210604,2021-06-04,2021,6,June,FQ1,FY21-22,Friday,False,57,56,1,172,171,49992.73,49514.31,30996.59,478.42,145.03,26187.41,23327.09,884.180000,1.75,46.660000
20210418,2021-04-18,2021,4,April,FQ1,FY21-22,Sunday,True,46,45,1,135,131,44835.54,43588.10,35694.68,1247.44,683.94,23972.41,19615.75,968.620000,2.17,43.750000
20220804,2022-08-04,2022,8,August,FQ2,FY22-23,Thursday,False,48,46,2,144,142,33848.81,33370.19,27289.25,478.62,1752.89,18132.06,15238.33,725.440000,4.17,45.020000
20240906,2024-09-06,2024,9,September,FQ2,FY24-25,Friday,False,47,47,0,153,153,45037.39,45037.39,37140.23,0.00,1364.19,25313.62,19723.72,958.240000,0.0,43.790000
20201029,2020-10-29,2020,10,October,FQ3,FY20-21,Thursday,False,56,55,1,174,172,52243.56,51570.84,34916.76,672.72,293.52,28218.46,23352.38,937.650000,1.79,44.700000
20241022,2024-10-22,2024,10,October,FQ3,FY24-25,Tuesday,False,54,54,0,169,169,47563.25,47563.25,34914.98,0.00,1575.79,26079.42,21484.04,880.800000,0.0,45.170000
20210613,2021-06-13,2021,6,June,FQ1,FY21-22,Sunday,True,68,65,3,200,194,59746.48,59000.44,40997.92,746.04,0.00,32327.00,26673.57,907.700000,4.41,44.640000
20240804,2024-08-04,2024,8,August,FQ2,FY24-25,Sunday,True,48,47,1,152,150,45295.16,44996.23,38044.85,298.93,1439.95,25182.19,19814.15,957.370000,2.08,43.740000
20211220,2021-12-20,2021,12,December,FQ3,FY21-22,Monday,False,47,47,0,163,163,49811.88,49811.88,33825.16,0.00,2434.88,26871.80,22940.18,1059.830000,0.0,46.050000
20231029,2023-10-29,2023,10,October,FQ3,FY23-24,Sunday,True,56,52,4,156,145,49566.76,47287.86,34807.30,2278.90,283.12,24820.07,22467.91,909.380000,7.14,45.330000
20230418,2023-04-18,2023,4,April,FQ1,FY23-24,Tuesday,False,68,66,2,197,192,60839.24,60310.72,51264.05,528.52,2675.66,33183.16,27127.84,913.800000,2.94,44.590000
20210626,2021-06-26,2021,6,June,FQ1,FY21-22,Saturday,True,55,54,1,180,175,51754.93,50657.90,46184.36,1097.03,0.00,27475.32,23182.64,938.110000,1.82,44.790000
20210311,2021-03-11,2021,3,March,FQ4,FY20-21,Thursday,False,53,51,2,152,143,44457.85,42317.38,35067.17,2140.47,0.00,22092.51,20224.91,829.750000,3.77,45.490000
20210606,2021-06-06,2021,6,June,FQ1,FY21-22,Sunday,True,55,54,1,185,184,57195.61,57019.54,44775.50,176.07,430.92,31253.64,25765.97,1055.920000,1.82,45.050000
20210405,2021-04-05,2021,4,April,FQ1,FY21-22,Monday,False,49,44,5,144,128,43510.76,38415.01,25188.91,5095.75,1056.69,21115.09,17299.92,873.070000,10.2,39.760000
20200727,2020-07-27,2020,7,July,FQ2,FY20-21,Monday,False,60,57,3,186,177,50097.71,47565.24,32725.51,2532.47,1310.08,26192.90,21372.37,834.480000,5.0,42.660000
20240915,2024-09-15,2024,9,September,FQ2,FY24-25,Sunday,True,45,45,0,135,135,38130.72,38130.72,29840.16,0.00,5939.50,21430.00,16700.88,847.350000,0.0,43.800000
20210826,2021-08-26,2021,8,August,FQ2,FY21-22,Thursday,False,48,47,1,146,144,49297.32,48746.30,28396.70,551.02,5407.25,26489.35,22256.96,1037.160000,2.08,45.150000
20240911,2024-09-11,2024,9,September,FQ2,FY24-25,Wednesday,False,53,52,1,161,160,51451.55,50990.38,36282.62,461.17,2981.29,28113.43,22877.03,980.580000,1.89,44.460000
20210519,2021-05-19,2021,5,May,FQ1,FY21-22,Wednesday,False,56,54,2,165,157,50300.21,47589.91,36964.65,2710.30,362.56,26313.19,21276.84,881.290000,3.57,42.300000
20210727,2021-07-27,2021,7,July,FQ2,FY21-22,Tuesday,False,48,47,1,132,128,41375.48,38864.32,34029.61,2511.16,687.09,20695.95,18168.49,826.900000,2.08,43.910000
20210103,2021-01-03,2021,1,January,FQ4,FY20-21,Sunday,True,66,64,2,202,196,61665.43,58757.13,50319.76,2908.30,1426.21,32275.95,26481.28,918.080000,3.03,42.940000
20241119,2024-11-19,2024,11,November,FQ3,FY24-25,Tuesday,False,55,54,1,183,178,54865.23,52516.61,35630.08,2348.62,1544.88,28542.95,23973.63,972.530000,1.82,43.700000
20211029,2021-10-29,2021,10,October,FQ3,FY21-22,Friday,False,46,44,2,134,124,40643.56,38919.12,29642.71,1724.44,530.65,21379.37,17539.83,884.530000,4.35,43.160000
20241208,2024-12-08,2024,12,December,FQ3,FY24-25,Sunday,True,48,46,2,161,153,54677.34,51849.89,43735.59,2827.45,854.57,27656.21,24193.82,1127.170000,4.17,44.250000
20240307,2024-03-07,2024,3,March,FQ4,FY23-24,Thursday,False,62,59,3,189,180,54885.82,52068.88,43851.86,2816.94,1297.65,29207.17,22861.78,882.520000,4.84,41.650000
20221012,2022-10-12,2022,10,October,FQ3,FY22-23,Wednesday,False,46,44,2,132,126,37097.14,35113.17,28022.68,1983.97,0.00,19134.30,15978.98,798.030000,4.35,43.070000
20240602,2024-06-02,2024,6,June,FQ1,FY24-25,Sunday,True,51,50,1,149,147,47139.78,46188.38,33073.10,951.40,3453.40,25908.28,20280.23,923.770000,1.96,43.020000
20231005,2023-10-05,2023,10,October,FQ3,FY23-24,Thursday,False,45,45,0,126,126,37996.99,37996.99,29389.19,0.00,1318.94,20490.96,17506.18,844.380000,0.0,46.070000
20240629,2024-06-29,2024,6,June,FQ1,FY24-25,Saturday,True,56,54,2,171,165,54422.53,52067.71,35676.94,2354.82,1396.08,29608.19,22459.55,964.220000,3.57,41.270000
20200521,2020-05-21,2020,5,May,FQ1,FY20-21,Thursday,False,48,48,0,138,138,40174.62,40174.62,31836.50,0.00,0.00,22451.94,17722.74,836.970000,0.0,44.110000
20201015,2020-10-15,2020,10,October,FQ3,FY20-21,Thursday,False,48,47,1,119,118,39954.44,39517.57,32350.86,436.87,133.43,21011.37,18506.31,840.800000,2.08,46.320000
20201115,2020-11-15,2020,11,November,FQ3,FY20-21,Sunday,True,66,65,1,193,190,52885.85,52605.79,39191.60,280.06,1389.48,28954.10,23651.71,809.320000,1.52,44.720000
20210313,2021-03-13,2021,3,March,FQ4,FY20-21,Saturday,True,62,60,2,182,176,61630.43,58765.05,41790.00,2865.38,970.40,32034.68,26730.45,979.420000,3.23,43.370000
20200622,2020-06-22,2020,6,June,FQ1,FY20-21,Monday,False,51,51,0,133,133,37096.32,37096.32,23268.76,0.00,3309.02,20197.97,16898.40,727.380000,0.0,45.550000
20200316,2020-03-16,2020,3,March,FQ4,FY19-20,Monday,False,47,46,1,137,135,33774.01,33077.17,24938.81,696.84,221.75,18028.06,15049.26,719.070000,2.13,44.560000
20230928,2023-09-28,2023,9,September,FQ2,FY23-24,Thursday,False,65,64,1,191,189,59052.12,57943.41,42161.52,1108.71,579.74,31911.16,26032.34,905.370000,1.54,44.080000
20210306,2021-03-06,2021,3,March,FQ4,FY20-21,Saturday,True,44,44,0,137,137,36302.27,36302.27,29713.13,0.00,388.51,20833.25,15468.96,825.050000,0.0,42.610000
20230119,2023-01-19,2023,1,January,FQ4,FY22-23,Thursday,False,50,48,2,155,152,54556.39,53339.43,47050.05,1216.96,0.00,28760.17,24579.25,1111.240000,4.0,45.050000
20240508,2024-05-08,2024,5,May,FQ1,FY24-25,Wednesday,False,56,54,2,160,156,52696.11,51152.17,44031.21,1543.94,2234.20,28298.66,22853.56,947.260000,3.57,43.370000
20240119,2024-01-19,2024,1,January,FQ4,FY23-24,Friday,False,72,71,1,222,220,68347.25,67531.58,55215.12,815.67,1951.71,35522.44,32009.16,951.150000,1.39,46.830000
20230326,2023-03-26,2023,3,March,FQ4,FY22-23,Sunday,True,56,53,3,177,169,53241.74,51991.83,37301.87,1249.91,0.00,28631.88,23360.09,980.980000,5.36,43.880000
20230629,2023-06-29,2023,6,June,FQ1,FY23-24,Thursday,False,51,50,1,162,161,46400.85,46234.48,40015.87,166.37,0.00,25438.07,20796.52,924.690000,1.96,44.820000
20210212,2021-02-12,2021,2,February,FQ4,FY20-21,Friday,False,53,51,2,171,163,48558.74,45998.58,31502.24,2560.16,3509.72,25170.77,20827.70,901.930000,3.77,42.890000
20240321,2024-03-21,2024,3,March,FQ4,FY23-24,Thursday,False,44,44,0,136,136,45046.97,45046.97,31832.66,0.00,2106.12,23756.54,21290.60,1023.790000,0.0,47.260000
20200113,2020-01-13,2020,1,January,FQ4,FY19-20,Monday,False,61,59,2,177,173,60011.52,58058.56,44275.49,1952.96,5777.82,31679.99,26378.69,984.040000,3.28,43.960000
20200213,2020-02-13,2020,2,February,FQ4,FY19-20,Thursday,False,56,56,0,142,142,46866.32,46866.32,38432.07,0.00,0.00,25338.24,21528.13,836.900000,0.0,45.940000
20230920,2023-09-20,2023,9,September,FQ2,FY23-24,Wednesday,False,61,60,1,182,177,54074.43,50882.40,32678.02,3192.03,2349.15,27978.97,22903.58,848.040000,1.64,42.360000
20230427,2023-04-27,2023,4,April,FQ1,FY23-24,Thursday,False,69,65,4,222,211,74034.29,70964.05,50990.31,3070.24,4907.77,38836.42,32127.76,1091.750000,5.8,43.400000
20210722,2021-07-22,2021,7,July,FQ2,FY21-22,Thursday,False,57,56,1,161,157,49608.51,49315.28,38854.22,293.23,3236.81,26310.85,23004.50,880.630000,1.75,46.370000
20230622,2023-06-22,2023,6,June,FQ1,FY23-24,Thursday,False,57,56,1,165,160,49720.34,48100.89,42883.44,1619.45,0.00,26502.37,21598.56,858.940000,1.75,43.440000
20240212,2024-02-12,2024,2,February,FQ4,FY23-24,Monday,False,67,65,2,221,213,64788.42,60627.71,38211.74,4160.71,6489.56,32933.29,27694.63,932.730000,2.99,42.750000
20200707,2020-07-07,2020,7,July,FQ2,FY20-21,Tuesday,False,53,51,2,167,163,59192.70,57822.70,47737.38,1370.00,5537.83,32424.56,25398.20,1133.780000,3.77,42.910000
20231207,2023-12-07,2023,12,December,FQ3,FY23-24,Thursday,False,55,54,1,162,160,50096.81,49574.06,33536.64,522.75,2334.89,26459.67,23114.45,918.040000,1.82,46.140000
20200911,2020-09-11,2020,9,September,FQ2,FY20-21,Friday,False,56,54,2,173,166,57795.18,57299.43,48943.49,495.75,877.69,31829.18,25470.34,1061.100000,3.57,44.070000
20230223,2023-02-23,2023,2,February,FQ4,FY22-23,Thursday,False,52,51,1,163,159,48998.83,48628.64,33364.09,370.19,1157.43,26599.68,22029.00,953.500000,1.92,44.960000
20240306,2024-03-06,2024,3,March,FQ4,FY23-24,Wednesday,False,68,65,3,170,161,51804.87,48970.71,40360.86,2834.16,0.00,26669.37,22301.49,753.400000,4.41,43.050000
20230306,2023-03-06,2023,3,March,FQ4,FY22-23,Monday,False,48,47,1,126,124,41632.52,40719.25,30746.28,913.27,1643.83,22897.59,17821.74,866.370000,2.08,42.810000
20231107,2023-11-07,2023,11,November,FQ3,FY23-24,Tuesday,False,57,55,2,176,171,50859.71,49530.63,39148.59,1329.08,1582.93,27367.30,22163.41,900.560000,3.51,43.580000
20210126,2021-01-26,2021,1,January,FQ4,FY20-21,Tuesday,False,56,54,2,176,169,52099.64,49289.60,37473.22,2810.04,605.84,27321.14,21968.55,912.770000,3.57,42.170000
20210628,2021-06-28,2021,6,June,FQ1,FY21-22,Monday,False,43,41,2,113,107,31656.28,29150.93,19210.60,2505.35,20.85,16397.91,12753.02,711.000000,4.65,40.290000
20220420,2022-04-20,2022,4,April,FQ1,FY22-23,Wednesday,False,1761,1544,217,1848,1774,1134750.05,1056481.07,376015.33,78268.98,27847.22,482832.86,573648.19,684.250000,12.32,50.550000
20220531,2022-05-31,2022,5,May,FQ1,FY22-23,Tuesday,False,1349,1164,185,1421,1349,949241.11,868642.25,214249.18,80598.86,12594.70,397056.10,471586.15,746.260000,13.71,49.680000
20220524,2022-05-24,2022,5,May,FQ1,FY22-23,Tuesday,False,1168,1022,146,1302,1248,816096.55,761654.68,183664.23,54441.87,13528.38,349742.73,411912.07,745.260000,12.5,50.470000
20220514,2022-05-14,2022,5,May,FQ1,FY22-23,Saturday,True,1186,1009,177,1208,1171,816326.43,736289.02,331023.87,80037.41,22834.38,333428.34,402860.79,729.720000,14.92,49.350000
20220617,2022-06-17,2022,6,June,FQ1,FY22-23,Friday,False,1151,988,163,1239,1182,807226.00,743329.26,238401.81,63896.74,13536.79,333775.74,409553.52,752.360000,14.16,50.740000
20211213,2021-12-13,2021,12,December,FQ3,FY21-22,Monday,False,53,52,1,149,145,43130.68,42049.31,31957.32,1081.37,0.00,22931.13,19118.22,808.640000,1.89,44.330000
20220327,2022-03-27,2022,3,March,FQ4,FY21-22,Sunday,True,45,45,0,141,141,50043.29,50043.29,42148.54,0.00,0.00,26953.19,23090.17,1112.070000,0.0,46.140000
20230903,2023-09-03,2023,9,September,FQ2,FY23-24,Sunday,True,64,64,0,172,172,51185.09,51185.09,36885.52,0.00,1438.55,28017.27,23167.90,799.770000,0.0,45.260000
20210108,2021-01-08,2021,1,January,FQ4,FY20-21,Friday,False,56,55,1,179,174,55029.52,54297.93,47014.90,731.59,0.00,29695.07,24602.91,987.240000,1.79,44.710000
20210125,2021-01-25,2021,1,January,FQ4,FY20-21,Monday,False,43,42,1,144,140,46252.03,45964.01,33907.98,288.02,2187.66,24911.08,21052.95,1094.380000,2.33,45.520000
20230409,2023-04-09,2023,4,April,FQ1,FY23-24,Sunday,True,55,53,2,143,139,49648.02,49412.09,42622.56,235.93,723.82,26815.40,22596.69,932.300000,3.64,45.510000
20220108,2022-01-08,2022,1,January,FQ4,FY21-22,Saturday,True,50,47,3,150,140,50010.59,46722.52,42967.85,3288.07,0.00,26026.23,20696.21,994.100000,6.0,41.380000
20210730,2021-07-30,2021,7,July,FQ2,FY21-22,Friday,False,46,45,1,143,138,47547.34,47407.59,34276.86,139.75,0.00,25890.95,21516.71,1053.500000,2.17,45.250000
20210807,2021-08-07,2021,8,August,FQ2,FY21-22,Saturday,True,55,55,0,176,176,51148.49,51148.49,40083.53,0.00,0.00,27815.06,23333.66,929.970000,0.0,45.620000
20240730,2024-07-30,2024,7,July,FQ2,FY24-25,Tuesday,False,56,54,2,151,143,51888.19,49128.05,36392.45,2760.14,395.55,26490.87,22637.29,909.780000,3.57,43.630000
20220702,2022-07-02,2022,7,July,FQ2,FY22-23,Saturday,True,49,48,1,144,139,42310.93,42177.94,28973.54,132.99,2870.26,23458.25,18719.67,878.710000,2.04,44.240000
20230817,2023-08-17,2023,8,August,FQ2,FY23-24,Thursday,False,58,56,2,179,170,60402.94,58051.52,46123.32,2351.42,3044.58,31259.98,26791.45,1036.630000,3.45,44.350000
20230717,2023-07-17,2023,7,July,FQ2,FY23-24,Monday,False,52,49,3,171,166,58441.07,58027.89,40106.42,413.18,4060.06,32352.77,25675.22,1184.240000,5.77,43.930000
20200324,2020-03-24,2020,3,March,FQ4,FY19-20,Tuesday,False,60,59,1,182,177,55303.88,54007.01,46511.44,1296.87,1032.81,30019.44,23987.66,915.370000,1.67,43.370000
20210603,2021-06-03,2021,6,June,FQ1,FY21-22,Thursday,False,50,49,1,158,154,50546.90,49073.05,33310.55,1473.85,1466.46,26203.07,22870.10,1001.490000,2.0,45.250000
20240910,2024-09-10,2024,9,September,FQ2,FY24-25,Tuesday,False,53,52,1,139,135,47562.87,45322.53,40991.93,2240.34,400.62,24005.54,21317.07,871.590000,1.89,44.820000
20241103,2024-11-03,2024,11,November,FQ3,FY24-25,Sunday,True,51,48,3,153,142,51740.09,48371.04,33225.48,3369.05,1356.89,25913.69,22457.38,1007.730000,5.88,43.400000
20240816,2024-08-16,2024,8,August,FQ2,FY24-25,Friday,False,63,57,6,162,149,53573.72,47554.23,41071.02,6019.49,0.00,26152.06,21402.20,834.280000,9.52,39.950000
20241003,2024-10-03,2024,10,October,FQ3,FY24-25,Thursday,False,51,50,1,154,151,39717.25,38962.77,25075.35,754.48,2486.95,21465.86,17497.04,779.260000,1.96,44.050000
20240323,2024-03-23,2024,3,March,FQ4,FY23-24,Saturday,True,51,49,2,145,141,43715.77,42586.30,35079.02,1129.47,0.00,23963.18,18623.15,869.110000,3.92,42.600000
20201013,2020-10-13,2020,10,October,FQ3,FY20-21,Tuesday,False,45,44,1,136,134,42053.61,41923.22,30556.81,130.39,1765.10,22695.70,19227.60,952.800000,2.22,45.720000
20230810,2023-08-10,2023,8,August,FQ2,FY23-24,Thursday,False,68,68,0,208,208,57513.11,57513.11,42884.43,0.00,0.00,32000.46,25512.68,845.780000,0.0,44.360000
20210118,2021-01-18,2021,1,January,FQ4,FY20-21,Monday,False,61,58,3,186,174,59471.82,54305.50,43657.19,5166.32,0.00,29351.86,24953.68,936.300000,4.92,41.960000
20220703,2022-07-03,2022,7,July,FQ2,FY22-23,Sunday,True,58,55,3,163,157,39969.06,39354.45,34257.37,614.61,0.00,21557.53,17796.93,715.540000,5.17,44.530000
20231226,2023-12-26,2023,12,December,FQ3,FY23-24,Tuesday,False,51,48,3,151,145,50513.38,47796.34,35309.51,2717.04,344.45,25956.48,21839.86,995.760000,5.88,43.240000
20211011,2021-10-11,2021,10,October,FQ3,FY21-22,Monday,False,46,44,2,161,154,48482.86,45964.27,37485.11,2518.59,1775.80,24795.52,21168.87,1044.640000,4.35,43.660000
20210331,2021-03-31,2021,3,March,FQ4,FY20-21,Wednesday,False,48,46,2,109,106,29875.42,28670.36,22020.90,1205.06,0.00,15374.63,13295.70,623.270000,4.17,44.500000
20200910,2020-09-10,2020,9,September,FQ2,FY20-21,Thursday,False,56,54,2,184,176,63413.23,61474.25,50342.56,1938.98,4439.59,33167.46,28306.87,1138.410000,3.57,44.640000
20200503,2020-05-03,2020,5,May,FQ1,FY20-21,Sunday,True,45,44,1,145,144,44748.71,44411.52,38509.03,337.19,860.49,24137.33,20274.26,1009.350000,2.22,45.310000
20210703,2021-07-03,2021,7,July,FQ2,FY21-22,Saturday,True,50,48,2,132,128,38587.12,37550.92,28060.80,1036.20,0.00,20817.33,16733.54,782.310000,4.0,43.370000
20230910,2023-09-10,2023,9,September,FQ2,FY23-24,Sunday,True,57,55,2,185,177,47896.71,45131.08,37357.40,2765.63,2566.32,24566.35,20564.64,820.570000,3.51,42.940000
20240108,2024-01-08,2024,1,January,FQ4,FY23-24,Monday,False,57,56,1,166,165,38783.68,38237.54,27594.12,546.14,1666.71,20072.44,18165.16,682.810000,1.75,46.840000
20210424,2021-04-24,2021,4,April,FQ1,FY21-22,Saturday,True,54,52,2,170,165,50322.09,47161.68,38956.12,3160.41,1394.01,25597.30,21564.63,906.960000,3.7,42.850000
20211113,2021-11-13,2021,11,November,FQ3,FY21-22,Saturday,True,45,45,0,149,149,58569.86,58569.86,42464.39,0.00,2663.08,30885.56,27684.24,1301.550000,0.0,47.270000
20240917,2024-09-17,2024,9,September,FQ2,FY24-25,Tuesday,False,69,65,4,201,187,60026.17,57423.20,42794.64,2602.97,3200.64,31681.72,25741.50,883.430000,5.8,42.880000
20220905,2022-09-05,2022,9,September,FQ2,FY22-23,Monday,False,48,47,1,140,136,46107.86,43910.11,34187.30,2197.75,676.56,24110.60,19799.63,934.260000,2.08,42.940000
20220123,2022-01-23,2022,1,January,FQ4,FY21-22,Sunday,True,60,58,2,172,165,48241.38,47717.05,43191.63,524.33,0.00,26578.72,21138.52,822.710000,3.33,43.820000
20221024,2022-10-24,2022,10,October,FQ3,FY22-23,Monday,False,44,44,0,123,123,42482.37,42482.37,31088.64,0.00,1088.27,23582.44,18899.93,965.510000,0.0,44.490000
20210517,2021-05-17,2021,5,May,FQ1,FY21-22,Monday,False,56,55,1,175,173,58762.56,58427.72,39144.67,334.84,5871.62,31778.45,26649.39,1062.320000,1.79,45.350000
20211206,2021-12-06,2021,12,December,FQ3,FY21-22,Monday,False,46,45,1,137,132,37762.24,35567.19,27144.67,2195.05,1263.88,19184.33,16382.82,790.380000,2.17,43.380000
20230716,2023-07-16,2023,7,July,FQ2,FY23-24,Sunday,True,59,58,1,181,176,58138.97,57068.84,47542.14,1070.13,0.00,30600.35,26468.67,983.950000,1.69,45.530000
20221213,2022-12-13,2022,12,December,FQ3,FY22-23,Tuesday,False,54,52,2,186,180,50693.10,49342.77,44392.47,1350.33,270.51,26533.54,22809.43,948.900000,3.7,45.000000
20221211,2022-12-11,2022,12,December,FQ3,FY22-23,Sunday,True,67,66,1,228,225,63121.84,62932.57,50032.76,189.27,1625.89,34966.34,27966.17,953.520000,1.49,44.310000
20221025,2022-10-25,2022,10,October,FQ3,FY22-23,Tuesday,False,62,60,2,192,183,67967.05,63682.78,48537.74,4284.27,440.17,34520.58,29162.25,1061.380000,3.23,42.910000
20210220,2021-02-20,2021,2,February,FQ4,FY20-21,Saturday,True,50,49,1,158,156,43402.83,43129.09,30321.90,273.74,5181.20,23745.03,19384.19,880.190000,2.0,44.660000
20221118,2022-11-18,2022,11,November,FQ3,FY22-23,Friday,False,44,43,1,140,136,47271.19,45100.69,29894.40,2170.50,5109.19,24342.82,20757.84,1048.850000,2.27,43.910000
20220414,2022-04-14,2022,4,April,FQ1,FY22-23,Thursday,False,4087,3840,247,9162,9085,1705970.01,1609641.92,842580.12,94292.09,14431.87,953767.25,654905.27,419.180000,6.04,38.390000
20220429,2022-04-29,2022,4,April,FQ1,FY22-23,Friday,False,1449,1222,227,1497,1417,896970.63,815996.38,187534.44,80974.25,12680.00,381406.05,434590.29,667.750000,15.67,48.450000
20220427,2022-04-27,2022,4,April,FQ1,FY22-23,Wednesday,False,1426,1225,201,1486,1436,911774.95,829993.98,352864.53,81780.97,31891.00,391199.78,438794.41,677.550000,14.1,48.130000
20220622,2022-06-22,2022,6,June,FQ1,FY22-23,Wednesday,False,1257,1081,176,1323,1267,820927.26,759181.89,201908.31,61745.37,1892.72,342568.61,416613.36,702.300000,14.0,50.750000
20220602,2022-06-02,2022,6,June,FQ1,FY22-23,Thursday,False,1377,1179,198,1425,1343,935843.44,852979.08,228741.49,82864.36,16499.71,396946.10,456033.07,723.480000,14.38,48.730000
20220924,2022-09-24,2022,9,September,FQ2,FY22-23,Saturday,True,53,52,1,155,152,47290.68,47080.29,36347.22,210.39,1218.87,26636.15,20444.25,905.390000,1.89,43.230000
20200924,2020-09-24,2020,9,September,FQ2,FY20-21,Thursday,False,50,50,0,152,152,45575.14,45575.14,39939.51,0.00,714.12,24229.06,21346.01,911.500000,0.0,46.840000
20241107,2024-11-07,2024,11,November,FQ3,FY24-25,Thursday,False,66,63,3,191,184,58556.11,56644.12,43269.13,1911.99,1942.92,29640.54,27003.69,899.110000,4.55,46.120000
20220907,2022-09-07,2022,9,September,FQ2,FY22-23,Wednesday,False,51,49,2,149,145,45533.77,44480.41,36767.15,1053.36,0.00,24309.19,20171.27,907.760000,3.92,44.300000
20240924,2024-09-24,2024,9,September,FQ2,FY24-25,Tuesday,False,42,39,3,113,106,31786.29,30962.90,27843.81,823.39,1090.86,16489.05,14473.86,793.920000,7.14,45.530000
20200528,2020-05-28,2020,5,May,FQ1,FY20-21,Thursday,False,78,72,6,236,224,73218.63,69764.86,57606.67,3453.77,4501.29,38208.07,31556.84,968.960000,7.69,43.100000
20200602,2020-06-02,2020,6,June,FQ1,FY20-21,Tuesday,False,55,54,1,170,167,50981.18,49522.72,39157.91,1458.46,116.64,26790.81,22732.14,917.090000,1.82,44.590000
20200313,2020-03-13,2020,3,March,FQ4,FY19-20,Friday,False,57,53,4,171,158,51593.96,46203.50,36382.84,5390.46,220.68,24891.96,21311.61,871.760000,7.02,41.310000
20240627,2024-06-27,2024,6,June,FQ1,FY24-25,Thursday,False,51,47,4,163,149,54470.20,49174.24,42202.55,5295.96,0.00,26505.35,22668.99,1046.260000,7.84,41.620000
20220830,2022-08-30,2022,8,August,FQ2,FY22-23,Tuesday,False,58,57,1,186,182,58684.74,57504.35,43283.69,1180.39,2147.61,30826.28,26678.20,1008.850000,1.72,45.460000
20201221,2020-12-21,2020,12,December,FQ3,FY20-21,Monday,False,69,68,1,214,210,66062.16,64553.42,45937.97,1508.74,369.43,34569.14,29984.35,949.320000,1.45,45.390000
20200709,2020-07-09,2020,7,July,FQ2,FY20-21,Thursday,False,47,46,1,136,131,40862.05,40613.45,34684.09,248.60,0.00,22388.79,18224.74,882.900000,2.13,44.600000
20231206,2023-12-06,2023,12,December,FQ3,FY23-24,Wednesday,False,51,49,2,155,145,40917.72,39931.65,31719.45,986.07,1242.20,21538.59,18393.08,814.930000,3.92,44.950000
20220805,2022-08-05,2022,8,August,FQ2,FY22-23,Friday,False,78,76,2,207,202,59118.61,58062.77,46078.93,1055.84,0.00,30960.40,27102.50,763.980000,2.56,45.840000
20210112,2021-01-12,2021,1,January,FQ4,FY20-21,Tuesday,False,54,51,3,167,158,52883.68,48184.38,39658.64,4699.30,0.00,26169.60,22014.78,944.790000,5.56,41.630000
20230830,2023-08-30,2023,8,August,FQ2,FY23-24,Wednesday,False,44,41,3,131,120,36380.97,31990.74,22555.45,4390.23,931.41,17612.13,14378.68,780.260000,6.82,39.520000
20211115,2021-11-15,2021,11,November,FQ3,FY21-22,Monday,False,73,68,5,222,208,73846.80,68732.80,45350.62,5114.00,2617.59,38159.48,30573.37,1010.780000,6.85,41.400000
20210320,2021-03-20,2021,3,March,FQ4,FY20-21,Saturday,True,56,55,1,181,178,54910.00,53562.62,41797.50,1347.38,2116.49,28668.49,24894.35,973.870000,1.79,45.340000
20210830,2021-08-30,2021,8,August,FQ2,FY21-22,Monday,False,62,60,2,200,196,63129.98,62440.35,40874.87,689.63,2993.42,34281.62,28158.70,1040.670000,3.23,44.600000
20240112,2024-01-12,2024,1,January,FQ4,FY23-24,Friday,False,49,47,2,149,146,44432.06,43538.57,35377.94,893.49,2943.98,24538.99,18999.67,926.350000,4.08,42.760000
20201008,2020-10-08,2020,10,October,FQ3,FY20-21,Thursday,False,47,46,1,159,156,47009.05,45353.55,32378.45,1655.50,0.00,24465.72,20887.88,985.950000,2.13,44.430000
20210429,2021-04-29,2021,4,April,FQ1,FY21-22,Thursday,False,56,53,3,170,160,51920.96,49214.24,35462.33,2706.72,3048.91,27789.83,21424.55,928.570000,5.36,41.260000
20221028,2022-10-28,2022,10,October,FQ3,FY22-23,Friday,False,65,64,1,189,187,60703.53,59667.17,44258.80,1036.36,1940.09,32023.26,27643.98,932.300000,1.54,45.540000
20220105,2022-01-05,2022,1,January,FQ4,FY21-22,Wednesday,False,57,54,3,157,152,44566.21,42247.18,28919.50,2319.03,2631.48,22879.32,19367.98,782.360000,5.26,43.460000
20210414,2021-04-14,2021,4,April,FQ1,FY21-22,Wednesday,False,42,39,3,121,116,34448.89,32441.88,21405.79,2007.01,2117.74,18103.00,14338.96,831.840000,7.14,41.620000
20230105,2023-01-05,2023,1,January,FQ4,FY22-23,Thursday,False,65,64,1,211,208,66086.81,64472.93,45521.65,1613.88,859.39,35868.56,28604.54,1007.390000,1.54,43.280000
20201028,2020-10-28,2020,10,October,FQ3,FY20-21,Wednesday,False,65,62,3,225,210,68051.26,62225.15,41983.42,5826.11,3214.85,34042.96,28182.32,1003.630000,4.62,41.410000
20210924,2021-09-24,2021,9,September,FQ2,FY21-22,Friday,False,60,59,1,184,182,51274.22,50640.46,35823.21,633.76,2713.74,27688.02,22952.60,858.310000,1.67,44.760000
20211018,2021-10-18,2021,10,October,FQ3,FY21-22,Monday,False,67,67,0,199,199,65845.34,65845.34,49060.13,0.00,0.00,36206.39,29638.96,982.770000,0.0,45.010000
20240414,2024-04-14,2024,4,April,FQ1,FY24-25,Sunday,True,61,60,1,160,156,47727.79,45572.03,33019.62,2155.76,611.41,24565.50,21006.56,759.530000,1.64,44.010000
20240226,2024-02-26,2024,2,February,FQ4,FY23-24,Monday,False,66,63,3,197,183,59596.04,53564.56,36746.61,6031.48,2823.57,30074.80,23489.89,850.230000,4.55,39.420000
20220206,2022-02-06,2022,2,February,FQ4,FY21-22,Sunday,True,53,51,2,166,163,49460.69,49099.97,37740.60,360.72,2009.61,26766.94,22333.01,962.740000,3.77,45.150000
20221018,2022-10-18,2022,10,October,FQ3,FY22-23,Tuesday,False,45,44,1,137,134,44756.60,43891.46,33398.19,865.14,0.00,23829.66,20061.96,997.530000,2.22,44.820000
20210805,2021-08-05,2021,8,August,FQ2,FY21-22,Thursday,False,42,41,1,132,130,42773.53,42460.98,33890.28,312.55,436.36,23174.91,19286.08,1035.630000,2.38,45.090000
20220112,2022-01-12,2022,1,January,FQ4,FY21-22,Wednesday,False,62,57,5,208,190,61092.37,56179.35,44702.74,4913.02,2114.27,30720.75,25458.61,985.600000,8.06,41.670000
20241018,2024-10-18,2024,10,October,FQ3,FY24-25,Friday,False,59,54,5,199,182,55439.11,48487.09,30996.78,6952.02,2760.50,26595.31,21891.86,897.910000,8.47,39.490000
20210226,2021-02-26,2021,2,February,FQ4,FY20-21,Friday,False,56,55,1,165,164,50420.32,49845.95,39246.01,574.37,242.30,27638.35,22207.64,906.290000,1.79,44.050000
20200830,2020-08-30,2020,8,August,FQ2,FY20-21,Sunday,True,62,59,3,178,164,62483.94,57739.81,44208.64,4744.13,0.00,30946.69,26793.10,978.640000,4.84,42.880000
20230226,2023-02-26,2023,2,February,FQ4,FY22-23,Sunday,True,50,49,1,147,144,42060.47,41238.31,31913.75,822.16,277.80,22591.80,18646.65,841.600000,2.0,44.330000
20241221,2024-12-21,2024,12,December,FQ3,FY24-25,Saturday,True,42,40,2,129,126,34803.76,34106.44,30530.57,697.32,2518.09,18800.11,15306.42,852.660000,4.76,43.980000
20230429,2023-04-29,2023,4,April,FQ1,FY23-24,Saturday,True,60,59,1,192,188,60954.36,59846.30,45118.05,1108.06,2391.24,33408.82,26437.65,1014.340000,1.67,43.370000
20210528,2021-05-28,2021,5,May,FQ1,FY21-22,Friday,False,60,60,0,180,180,59329.61,59329.61,43590.82,0.00,3182.90,31809.65,27519.99,988.830000,0.0,46.380000
20211028,2021-10-28,2021,10,October,FQ3,FY21-22,Thursday,False,53,52,1,161,157,48620.43,47605.56,37003.66,1014.87,2731.05,25853.20,21752.49,915.490000,1.89,44.740000
20240219,2024-02-19,2024,2,February,FQ4,FY23-24,Monday,False,59,57,2,180,174,61754.54,58814.17,46007.35,2940.37,0.00,32007.63,26806.67,1031.830000,3.39,43.410000
20200226,2020-02-26,2020,2,February,FQ4,FY19-20,Wednesday,False,58,57,1,168,167,53030.25,52738.46,45087.44,291.79,0.00,28714.54,24023.99,925.240000,1.72,45.300000
20211012,2021-10-12,2021,10,October,FQ3,FY21-22,Tuesday,False,55,55,0,155,155,52138.00,52138.00,34560.08,0.00,3765.05,28786.14,23351.98,947.960000,0.0,44.790000
20201220,2020-12-20,2020,12,December,FQ3,FY20-21,Sunday,True,46,44,2,129,122,37651.62,36040.66,31149.47,1610.96,0.00,20082.83,15957.93,819.110000,4.35,42.380000
20230203,2023-02-03,2023,2,February,FQ4,FY22-23,Friday,False,64,62,2,188,184,68157.03,67429.96,53773.21,727.07,2769.23,37005.33,30424.76,1087.580000,3.13,44.640000
20210821,2021-08-21,2021,8,August,FQ2,FY21-22,Saturday,True,57,57,0,177,177,49100.06,49100.06,40815.08,0.00,0.00,26613.54,22486.61,861.400000,0.0,45.800000
20200217,2020-02-17,2020,2,February,FQ4,FY19-20,Monday,False,44,42,2,124,118,32922.71,31490.20,24708.73,1432.51,367.65,17818.42,13671.90,749.770000,4.55,41.530000
20200816,2020-08-16,2020,8,August,FQ2,FY20-21,Sunday,True,52,50,2,150,145,51819.59,50341.57,43543.87,1478.02,3598.78,27260.07,23081.48,1006.830000,3.85,44.540000
20200606,2020-06-06,2020,6,June,FQ1,FY20-21,Saturday,True,52,50,2,173,167,56053.28,53564.14,44502.48,2489.14,2716.92,28700.05,24864.25,1071.280000,3.85,44.360000
20220411,2022-04-11,2022,4,April,FQ1,FY22-23,Monday,False,7746,7517,229,13324,13263,1847804.45,1755490.18,1161956.31,88392.27,27938.59,1159918.18,592987.49,233.540000,2.96,32.090000
20220515,2022-05-15,2022,5,May,FQ1,FY22-23,Sunday,True,1330,1134,196,1352,1311,929900.97,839218.30,361370.39,90682.67,31987.36,376326.96,462891.40,740.050000,14.74,49.780000
20220608,2022-06-08,2022,6,June,FQ1,FY22-23,Wednesday,False,1543,1317,226,1619,1531,1024044.32,917893.54,236828.16,106150.78,13178.71,412737.58,505156.09,696.960000,14.65,49.330000
20211027,2021-10-27,2021,10,October,FQ3,FY21-22,Wednesday,False,61,59,2,172,167,51262.21,49923.89,39008.00,1338.32,0.00,26736.76,23187.40,846.170000,3.28,45.230000
20200129,2020-01-29,2020,1,January,FQ4,FY19-20,Wednesday,False,55,52,3,171,163,50104.00,47238.07,35757.78,2865.93,471.74,25395.02,21842.99,908.420000,5.45,43.600000
20240518,2024-05-18,2024,5,May,FQ1,FY24-25,Saturday,True,58,55,3,162,153,51690.31,48515.03,30873.82,3175.28,0.00,26168.00,22347.13,882.090000,5.17,43.230000
20220921,2022-09-21,2022,9,September,FQ2,FY22-23,Wednesday,False,46,45,1,151,149,40345.55,40291.53,27287.08,54.02,1639.26,22412.63,17879.09,895.370000,2.17,44.310000
20231014,2023-10-14,2023,10,October,FQ3,FY23-24,Saturday,True,65,62,3,200,188,64209.17,61238.46,37823.31,2970.71,991.76,33559.42,27679.19,987.720000,4.62,43.110000
20240815,2024-08-15,2024,8,August,FQ2,FY24-25,Thursday,False,60,60,0,174,174,47970.54,47970.54,39714.97,0.00,864.16,26464.29,21506.31,799.510000,0.0,44.830000
20210202,2021-02-02,2021,2,February,FQ4,FY20-21,Tuesday,False,67,64,3,185,179,57489.02,55427.27,46386.31,2061.75,4477.75,30092.17,25335.29,866.050000,4.48,44.070000
20230904,2023-09-04,2023,9,September,FQ2,FY23-24,Monday,False,45,44,1,146,141,47205.36,45693.19,30400.37,1512.17,2568.56,24891.82,20801.38,1038.480000,2.22,44.070000
20221109,2022-11-09,2022,11,November,FQ3,FY22-23,Wednesday,False,54,51,3,166,157,49412.97,48407.86,37432.37,1005.11,249.22,25813.61,22594.28,949.170000,5.56,45.730000
20240628,2024-06-28,2024,6,June,FQ1,FY24-25,Friday,False,61,58,3,180,168,48409.62,44735.23,33708.15,3674.39,2741.28,24398.41,20336.85,771.300000,4.92,42.010000
20230504,2023-05-04,2023,5,May,FQ1,FY23-24,Thursday,False,41,39,2,119,113,45602.75,42226.95,29917.63,3375.80,0.00,23262.96,18964.06,1082.740000,4.88,41.590000
20230801,2023-08-01,2023,8,August,FQ2,FY23-24,Tuesday,False,67,64,3,206,195,60614.26,58553.74,42656.26,2060.52,2802.00,31886.05,26667.76,914.900000,4.48,44.000000
20240425,2024-04-25,2024,4,April,FQ1,FY24-25,Thursday,False,55,54,1,156,153,46585.98,46388.12,29571.48,197.86,3423.13,25823.89,20564.27,859.040000,1.82,44.140000
20201014,2020-10-14,2020,10,October,FQ3,FY20-21,Wednesday,False,51,49,2,143,141,44121.63,43293.26,31167.96,828.37,1720.13,23216.82,20076.56,883.540000,3.92,45.500000
20240424,2024-04-24,2024,4,April,FQ1,FY24-25,Wednesday,False,53,52,1,171,166,49670.29,47974.84,36989.09,1695.45,1965.38,26394.91,21580.02,922.590000,1.89,43.450000
20210109,2021-01-09,2021,1,January,FQ4,FY20-21,Saturday,True,51,49,2,152,148,50500.76,48434.74,40005.63,2066.02,1941.16,26710.44,21724.29,988.460000,3.92,43.020000
20240305,2024-03-05,2024,3,March,FQ4,FY23-24,Tuesday,False,62,61,1,178,175,49194.34,49106.39,34289.79,87.95,963.07,26627.80,22478.71,805.020000,1.61,45.690000
20201031,2020-10-31,2020,10,October,FQ3,FY20-21,Saturday,True,56,55,1,153,148,47573.08,46250.65,34312.98,1322.43,1898.80,25317.26,20933.42,840.920000,1.79,44.000000
20230921,2023-09-21,2023,9,September,FQ2,FY23-24,Thursday,False,61,60,1,176,175,58693.87,58598.81,44942.64,95.06,1528.19,32058.79,26540.11,976.650000,1.64,45.220000
20210508,2021-05-08,2021,5,May,FQ1,FY21-22,Saturday,True,47,44,3,133,124,37912.48,34212.05,29726.67,3700.43,0.00,18559.44,15652.72,777.550000,6.38,41.290000
20240102,2024-01-02,2024,1,January,FQ4,FY23-24,Tuesday,False,63,61,2,167,159,42257.22,40544.21,29519.26,1713.01,2738.87,22147.81,18396.43,664.660000,3.17,43.530000
20210909,2021-09-09,2021,9,September,FQ2,FY21-22,Thursday,False,79,78,1,243,240,80808.75,78873.22,62571.83,1935.53,3374.66,42928.59,35944.73,1011.200000,1.27,44.480000
20230207,2023-02-07,2023,2,February,FQ4,FY22-23,Tuesday,False,49,47,2,139,130,40491.42,38096.55,28951.93,2394.87,1107.37,20800.03,17296.52,810.560000,4.08,42.720000
20230411,2023-04-11,2023,4,April,FQ1,FY23-24,Tuesday,False,48,46,2,128,123,36135.63,34656.75,24979.93,1478.88,1016.21,19131.14,15525.74,753.410000,4.17,42.970000
20220202,2022-02-02,2022,2,February,FQ4,FY21-22,Wednesday,False,49,49,0,154,154,47557.48,47557.48,31537.50,0.00,3601.37,26740.39,20817.17,970.560000,0.0,43.770000
20200410,2020-04-10,2020,4,April,FQ1,FY20-21,Friday,False,52,52,0,154,154,45846.89,45846.89,37582.73,0.00,3864.33,25148.98,20697.95,881.670000,0.0,45.150000
20210211,2021-02-11,2021,2,February,FQ4,FY20-21,Thursday,False,58,56,2,192,186,62556.07,59828.19,50068.77,2727.88,3029.48,32218.16,27609.93,1068.360000,3.45,44.140000
20231202,2023-12-02,2023,12,December,FQ3,FY23-24,Saturday,True,49,49,0,138,138,37512.54,37512.54,26336.29,0.00,999.31,21032.01,16480.54,765.560000,0.0,43.930000
20231123,2023-11-23,2023,11,November,FQ3,FY23-24,Thursday,False,58,56,2,187,182,63301.46,61991.71,40470.10,1309.75,4548.11,33582.80,28409.00,1106.990000,3.45,44.880000
20210823,2021-08-23,2021,8,August,FQ2,FY21-22,Monday,False,68,67,1,201,200,68860.40,68670.20,49165.19,190.20,3617.35,37678.07,30992.11,1024.930000,1.47,45.010000
20241223,2024-12-23,2024,12,December,FQ3,FY24-25,Monday,False,53,53,0,173,173,47647.81,47647.81,35276.57,0.00,4505.07,26252.11,21395.96,899.020000,0.0,44.900000
20220209,2022-02-09,2022,2,February,FQ4,FY21-22,Wednesday,False,62,60,2,176,170,48448.71,47218.50,35897.09,1230.21,2440.26,26022.41,21196.18,786.980000,3.23,43.750000
20240101,2024-01-01,2024,1,January,FQ4,FY23-24,Monday,False,69,69,0,212,212,66612.74,66612.74,56588.19,0.00,0.00,36167.73,30445.07,965.400000,0.0,45.700000
20200504,2020-05-04,2020,5,May,FQ1,FY20-21,Monday,False,51,49,2,149,143,52203.35,51155.35,41129.65,1048.00,624.01,27460.45,23694.98,1043.990000,3.92,45.390000
20200317,2020-03-17,2020,3,March,FQ4,FY19-20,Tuesday,False,65,62,3,187,184,69491.31,68090.03,48689.98,1401.28,3731.87,37041.31,31048.63,1098.230000,4.62,44.680000
20200920,2020-09-20,2020,9,September,FQ2,FY20-21,Sunday,True,61,61,0,161,161,48399.84,48399.84,33605.01,0.00,2009.34,26498.77,21901.15,793.440000,0.0,45.250000
20240407,2024-04-07,2024,4,April,FQ1,FY24-25,Sunday,True,46,45,1,132,129,37302.14,37007.75,26956.68,294.39,271.52,19446.76,17561.12,822.390000,2.17,47.080000
20231108,2023-11-08,2023,11,November,FQ3,FY23-24,Wednesday,False,40,39,1,103,100,30642.24,29214.82,19171.11,1427.42,1267.21,15905.23,13309.60,749.100000,2.5,43.440000
20220701,2022-07-01,2022,7,July,FQ2,FY22-23,Friday,False,54,54,0,155,155,52640.79,52640.79,41226.68,0.00,2043.17,29085.04,23555.64,974.830000,0.0,44.750000
20200222,2020-02-22,2020,2,February,FQ4,FY19-20,Saturday,True,58,57,1,171,169,55135.37,53914.56,38111.88,1220.81,1431.87,29546.69,24367.88,945.870000,1.72,44.200000
20210415,2021-04-15,2021,4,April,FQ1,FY21-22,Thursday,False,65,64,1,190,187,59425.39,59048.50,40435.70,376.89,637.51,32813.52,26235.07,922.630000,1.54,44.150000
20200623,2020-06-23,2020,6,June,FQ1,FY20-21,Tuesday,False,66,63,3,197,188,66485.83,63047.40,47549.20,3438.43,1791.80,33879.75,29167.69,1000.750000,4.55,43.870000
20240901,2024-09-01,2024,9,September,FQ2,FY24-25,Sunday,True,59,57,2,198,193,56199.48,55267.09,39022.47,932.39,2969.55,30582.08,24685.10,969.600000,3.39,43.920000
20221108,2022-11-08,2022,11,November,FQ3,FY22-23,Tuesday,False,52,52,0,158,158,50848.31,50848.31,35981.18,0.00,901.58,28031.57,22816.75,977.850000,0.0,44.870000
20240611,2024-06-11,2024,6,June,FQ1,FY24-25,Tuesday,False,44,43,1,144,139,43080.01,42826.11,30523.43,253.90,4182.99,23345.70,19480.39,995.960000,2.27,45.220000
20230222,2023-02-22,2023,2,February,FQ4,FY22-23,Wednesday,False,45,43,2,129,120,39509.96,38037.02,23942.19,1472.94,695.54,21076.71,16960.30,884.580000,4.44,42.930000
20221202,2022-12-02,2022,12,December,FQ3,FY22-23,Friday,False,59,58,1,183,179,55508.96,53504.94,42203.89,2004.02,299.90,28559.27,24945.76,922.500000,1.69,44.940000
20201217,2020-12-17,2020,12,December,FQ3,FY20-21,Thursday,False,31,31,0,100,100,33813.82,33813.82,21158.00,0.00,2586.75,18343.95,15469.89,1090.770000,0.0,45.750000
20200827,2020-08-27,2020,8,August,FQ2,FY20-21,Thursday,False,56,54,2,173,168,40708.57,38742.60,31429.54,1965.97,1889.68,21149.85,17592.84,717.460000,3.57,43.220000
20210721,2021-07-21,2021,7,July,FQ2,FY21-22,Wednesday,False,66,66,0,212,212,65920.01,65920.01,50422.44,0.00,2183.06,35064.10,30855.89,998.790000,0.0,46.810000
20220207,2022-02-07,2022,2,February,FQ4,FY21-22,Monday,False,61,60,1,178,177,40671.66,40438.35,28114.35,233.31,2333.38,22348.51,18089.94,673.970000,1.64,44.480000
20220923,2022-09-23,2022,9,September,FQ2,FY22-23,Friday,False,60,59,1,162,160,52355.10,51670.25,37862.86,684.85,0.00,28268.66,23401.70,875.770000,1.67,44.700000
20231227,2023-12-27,2023,12,December,FQ3,FY23-24,Wednesday,False,59,56,3,186,180,59136.60,56180.27,39288.17,2956.33,2346.25,29979.31,26201.01,1003.220000,5.08,44.310000
20220404,2022-04-04,2022,4,April,FQ1,FY22-23,Monday,False,15595,15411,184,30436,30371,3231175.38,3146620.55,2502641.46,70471.83,13951.12,2410557.27,727461.64,204.180000,1.18,22.510000
20220430,2022-04-30,2022,4,April,FQ1,FY22-23,Saturday,True,1620,1389,231,1653,1588,1016494.34,938631.19,205807.50,77863.15,4330.00,439319.42,499311.92,675.760000,14.26,49.120000
20220618,2022-06-18,2022,6,June,FQ1,FY22-23,Saturday,True,1167,996,171,1252,1176,806901.71,726689.10,248818.64,80212.61,8189.05,332518.26,394171.03,729.610000,14.65,48.850000
20230826,2023-08-26,2023,8,August,FQ2,FY23-24,Saturday,True,59,58,1,162,160,54176.55,52984.42,37796.14,1192.13,4946.77,28369.12,24615.30,913.520000,1.69,45.440000
20201022,2020-10-22,2020,10,October,FQ3,FY20-21,Thursday,False,51,50,1,162,160,55921.84,55616.13,43446.10,305.71,6352.22,30153.01,25463.17,1112.320000,1.96,45.530000
20200417,2020-04-17,2020,4,April,FQ1,FY20-21,Friday,False,52,51,1,142,137,48482.47,45706.67,33013.55,2775.80,3595.51,24733.19,20973.54,896.210000,1.92,43.260000
20241222,2024-12-22,2024,12,December,FQ3,FY24-25,Sunday,True,69,67,2,219,211,68308.92,63800.17,37647.45,4508.75,1202.79,35504.53,28295.78,952.240000,2.9,41.420000
20210816,2021-08-16,2021,8,August,FQ2,FY21-22,Monday,False,56,55,1,172,171,56430.56,55815.36,45842.68,615.20,672.82,30143.52,25671.86,1014.820000,1.79,45.490000
20231004,2023-10-04,2023,10,October,FQ3,FY23-24,Wednesday,False,52,49,3,173,159,51926.17,50099.33,33965.69,1826.84,2225.18,27103.06,22996.22,1022.440000,5.77,44.290000
20211222,2021-12-22,2021,12,December,FQ3,FY21-22,Wednesday,False,45,45,0,140,140,38872.72,38872.72,31622.80,0.00,1231.39,21144.84,17727.86,863.840000,0.0,45.600000
20240103,2024-01-03,2024,1,January,FQ4,FY23-24,Wednesday,False,66,65,1,211,209,68270.83,67132.16,47616.09,1138.67,965.04,36657.64,30474.56,1032.800000,1.52,44.640000
20220821,2022-08-21,2022,8,August,FQ2,FY22-23,Sunday,True,47,46,1,135,132,43187.10,42995.62,35308.02,191.48,292.40,24045.95,18949.80,934.690000,2.13,43.880000
20231021,2023-10-21,2023,10,October,FQ3,FY23-24,Saturday,True,45,43,2,134,132,37503.27,37041.78,28739.90,461.49,0.00,20544.22,16497.61,861.440000,4.44,43.990000
20220914,2022-09-14,2022,9,September,FQ2,FY22-23,Wednesday,False,68,65,3,205,197,56984.84,54561.04,35029.29,2423.80,1728.37,29678.77,24882.36,839.400000,4.41,43.660000
20220107,2022-01-07,2022,1,January,FQ4,FY21-22,Friday,False,64,64,0,175,175,62240.55,62240.55,50862.43,0.00,0.00,33050.57,29189.99,972.510000,0.0,46.900000
20240613,2024-06-13,2024,6,June,FQ1,FY24-25,Thursday,False,53,52,1,179,174,57314.08,56933.48,48598.98,380.60,37.82,31173.26,25760.38,1094.870000,1.89,44.950000
20210618,2021-06-18,2021,6,June,FQ1,FY21-22,Friday,False,48,43,5,167,143,51853.64,46657.97,30942.63,5195.67,0.00,25263.07,21394.99,1085.070000,10.42,41.260000
20210723,2021-07-23,2021,7,July,FQ2,FY21-22,Friday,False,66,61,5,186,167,53975.85,50290.72,38793.15,3685.13,2909.22,26683.27,23607.48,824.440000,7.58,43.740000
20200605,2020-06-05,2020,6,June,FQ1,FY20-21,Friday,False,51,51,0,161,161,48036.29,48036.29,35345.21,0.00,2322.99,26710.69,21325.59,941.890000,0.0,44.390000
20230103,2023-01-03,2023,1,January,FQ4,FY22-23,Tuesday,False,69,65,4,210,194,62280.99,56293.16,44562.29,5987.83,1310.25,30136.26,26156.93,866.050000,5.8,42.000000
20230613,2023-06-13,2023,6,June,FQ1,FY23-24,Tuesday,False,53,51,2,160,155,44554.17,42407.20,35439.77,2146.97,763.54,23888.94,18518.23,831.510000,3.77,41.560000
20210806,2021-08-06,2021,8,August,FQ2,FY21-22,Friday,False,58,57,1,168,164,49944.23,47428.60,38206.96,2515.63,2387.97,25951.93,21476.67,832.080000,1.72,43.000000
20220311,2022-03-11,2022,3,March,FQ4,FY21-22,Friday,False,59,58,1,172,168,59572.61,57321.63,48254.48,2250.98,0.00,31158.94,26162.86,988.300000,1.69,43.920000
20240713,2024-07-13,2024,7,July,FQ2,FY24-25,Saturday,True,37,35,2,98,93,34182.41,33444.43,27547.11,737.98,0.00,17408.48,16035.99,955.560000,5.41,46.910000
20231022,2023-10-22,2023,10,October,FQ3,FY23-24,Sunday,True,56,56,0,166,166,53175.78,53175.78,38387.36,0.00,3837.59,29860.09,23315.80,949.570000,0.0,43.850000
20221212,2022-12-12,2022,12,December,FQ3,FY22-23,Monday,False,50,49,1,158,155,50583.68,50525.49,38262.78,58.19,0.00,27475.09,23050.48,1031.130000,2.0,45.570000
20230325,2023-03-25,2023,3,March,FQ4,FY22-23,Saturday,True,65,63,2,184,181,54617.16,53500.87,43970.18,1116.29,2817.74,28518.67,24982.20,849.220000,3.08,45.740000
20240525,2024-05-25,2024,5,May,FQ1,FY24-25,Saturday,True,62,60,2,198,189,60690.26,58692.47,50453.29,1997.79,535.35,32168.67,26523.93,978.210000,3.23,43.700000
20230410,2023-04-10,2023,4,April,FQ1,FY23-24,Monday,False,48,48,0,139,139,46499.88,46499.88,39828.59,0.00,1007.20,24849.46,21650.44,968.750000,0.0,46.560000
20210712,2021-07-12,2021,7,July,FQ2,FY21-22,Monday,False,47,47,0,127,127,37879.42,37879.42,27256.54,0.00,0.00,20505.01,17374.49,805.950000,0.0,45.870000
20211112,2021-11-12,2021,11,November,FQ3,FY21-22,Friday,False,49,48,1,157,152,46446.05,44325.12,35364.81,2120.93,2435.71,24448.36,19876.81,923.440000,2.04,42.800000
20211009,2021-10-09,2021,10,October,FQ3,FY21-22,Saturday,True,52,50,2,156,149,42105.91,39793.38,31547.68,2312.53,3507.28,21799.78,17993.63,795.870000,3.85,42.730000
20221229,2022-12-29,2022,12,December,FQ3,FY22-23,Thursday,False,64,60,4,183,171,53744.85,50556.47,41150.48,3188.38,54.11,27235.37,23321.07,842.610000,6.25,43.390000
20240203,2024-02-03,2024,2,February,FQ4,FY23-24,Saturday,True,51,49,2,160,157,44059.83,42837.02,35732.76,1222.81,0.00,22996.97,19840.16,874.220000,3.92,45.030000
20240806,2024-08-06,2024,8,August,FQ2,FY24-25,Tuesday,False,47,46,1,149,144,43994.78,43210.20,29017.61,784.58,4856.80,23780.89,19429.40,939.350000,2.13,44.160000
20220310,2022-03-10,2022,3,March,FQ4,FY21-22,Thursday,False,56,53,3,163,152,53743.87,50478.84,40699.62,3265.03,300.34,27438.52,23040.44,952.430000,5.36,42.870000
20221009,2022-10-09,2022,10,October,FQ3,FY22-23,Sunday,True,51,50,1,158,157,45006.33,44419.39,40893.10,586.94,0.00,23754.51,20664.95,888.390000,1.96,45.920000
20220719,2022-07-19,2022,7,July,FQ2,FY22-23,Tuesday,False,60,59,1,185,181,60129.90,60064.65,46447.95,65.25,2725.83,32290.87,27773.70,1018.040000,1.67,46.190000
20221102,2022-11-02,2022,11,November,FQ3,FY22-23,Wednesday,False,56,56,0,160,160,49944.25,49944.25,40322.88,0.00,0.00,27091.98,22852.30,891.860000,0.0,45.760000
20240618,2024-06-18,2024,6,June,FQ1,FY24-25,Tuesday,False,62,60,2,177,171,44627.62,44199.20,34242.27,428.42,966.39,24599.48,19599.80,736.650000,3.23,43.920000
20210619,2021-06-19,2021,6,June,FQ1,FY21-22,Saturday,True,53,53,0,173,173,58626.20,58626.20,52282.57,0.00,0.00,31062.86,27563.43,1106.150000,0.0,47.020000
20200723,2020-07-23,2020,7,July,FQ2,FY20-21,Thursday,False,56,54,2,165,160,50720.09,49053.87,39471.24,1666.22,2552.37,25885.72,23168.18,908.410000,3.57,45.680000
20241019,2024-10-19,2024,10,October,FQ3,FY24-25,Saturday,True,62,62,0,160,160,44995.42,44995.42,37250.65,0.00,687.98,24744.41,20251.08,725.730000,0.0,45.010000
20221008,2022-10-08,2022,10,October,FQ3,FY22-23,Saturday,True,53,50,3,148,136,40700.71,38248.80,30953.21,2451.91,0.00,21508.81,16740.07,764.980000,5.66,41.130000
20200809,2020-08-09,2020,8,August,FQ2,FY20-21,Sunday,True,51,51,0,151,151,44020.73,44020.73,30880.04,0.00,0.00,24169.65,19851.24,863.150000,0.0,45.100000
20240206,2024-02-06,2024,2,February,FQ4,FY23-24,Tuesday,False,62,58,4,187,175,58809.82,57411.01,44302.53,1398.81,373.92,31152.03,26259.14,989.850000,6.45,44.650000
20220320,2022-03-20,2022,3,March,FQ4,FY21-22,Sunday,True,57,53,4,189,178,60113.80,55120.23,43566.91,4993.57,0.00,30224.87,24895.47,1040.000000,7.02,41.410000
20210907,2021-09-07,2021,9,September,FQ2,FY21-22,Tuesday,False,52,50,2,148,141,45913.42,44725.20,33803.36,1188.22,2413.04,23899.49,20825.81,894.500000,3.85,45.360000
20230612,2023-06-12,2023,6,June,FQ1,FY23-24,Monday,False,52,51,1,165,161,45425.43,43763.69,32618.17,1661.74,0.00,24433.88,19329.80,858.110000,1.92,42.550000
20240622,2024-06-22,2024,6,June,FQ1,FY24-25,Saturday,True,53,53,0,168,168,57411.14,57411.14,49230.60,0.00,113.02,31887.36,25523.88,1083.230000,0.0,44.460000
20210206,2021-02-06,2021,2,February,FQ4,FY20-21,Saturday,True,63,62,1,182,180,54367.44,53145.45,38906.71,1221.99,0.00,28897.21,24248.27,857.180000,1.59,44.600000
20240427,2024-04-27,2024,4,April,FQ1,FY24-25,Saturday,True,56,54,2,188,181,61210.37,58987.90,51196.12,2222.47,0.00,32331.36,26656.67,1092.370000,3.57,43.550000
20220226,2022-02-26,2022,2,February,FQ4,FY21-22,Saturday,True,41,40,1,121,118,39119.14,38195.10,30576.81,924.04,816.56,20748.03,17447.16,954.880000,2.44,44.600000
20201018,2020-10-18,2020,10,October,FQ3,FY20-21,Sunday,True,50,48,2,157,147,49252.39,43492.46,37327.20,5759.93,0.00,24328.98,19163.44,906.090000,4.0,38.910000
20221107,2022-11-07,2022,11,November,FQ3,FY22-23,Monday,False,54,52,2,176,169,50502.16,48811.65,40867.12,1690.51,584.98,26991.51,21820.15,938.690000,3.7,43.210000
20221125,2022-11-25,2022,11,November,FQ3,FY22-23,Friday,False,61,60,1,174,169,60836.94,57930.49,42750.55,2906.45,477.72,31320.93,26609.71,965.510000,1.64,43.740000
20220313,2022-03-13,2022,3,March,FQ4,FY21-22,Sunday,True,47,46,1,141,140,41353.13,40882.95,29330.59,470.18,1644.66,22601.80,18281.11,888.760000,2.13,44.210000
20231028,2023-10-28,2023,10,October,FQ3,FY23-24,Saturday,True,61,60,1,177,175,63147.25,63047.34,48455.51,99.91,0.00,35439.99,27607.50,1050.790000,1.64,43.720000
20200320,2020-03-20,2020,3,March,FQ4,FY19-20,Friday,False,51,49,2,153,146,43138.60,41124.86,29119.68,2013.74,3160.91,22322.15,18802.69,839.280000,3.92,43.590000
20210622,2021-06-22,2021,6,June,FQ1,FY21-22,Tuesday,False,54,54,0,150,150,50829.82,50829.82,40686.56,0.00,0.00,28100.82,22729.01,941.290000,0.0,44.720000
20220424,2022-04-24,2022,4,April,FQ1,FY22-23,Sunday,True,1753,1511,242,1796,1727,1132649.25,1048467.77,401516.02,84181.48,25272.01,489412.21,559055.65,693.890000,13.8,49.360000
20220501,2022-05-01,2022,5,May,FQ1,FY22-23,Sunday,True,1723,1505,218,1830,1735,1126539.88,1045063.99,233541.17,81475.89,10001.49,481761.87,563302.27,694.390000,12.65,50.000000
20200127,2020-01-27,2020,1,January,FQ4,FY19-20,Monday,False,64,63,1,203,201,71765.59,71621.67,59698.14,143.92,0.00,38574.17,33047.58,1136.850000,1.56,46.050000
20230803,2023-08-03,2023,8,August,FQ2,FY23-24,Thursday,False,58,56,2,179,171,52958.21,50443.24,30754.70,2514.97,1021.44,27003.93,23439.39,900.770000,3.45,44.260000
20220127,2022-01-27,2022,1,January,FQ4,FY21-22,Thursday,False,55,54,1,168,163,56583.82,56548.61,37355.61,35.21,2405.80,31303.49,25245.19,1047.200000,1.82,44.620000
20240409,2024-04-09,2024,4,April,FQ1,FY24-25,Tuesday,False,63,63,0,188,188,61796.74,61796.74,50698.62,0.00,986.09,34061.54,27735.25,980.900000,0.0,44.880000
20210503,2021-05-03,2021,5,May,FQ1,FY21-22,Monday,False,57,57,0,185,185,60770.99,60770.99,42208.06,0.00,198.60,33169.47,27601.61,1066.160000,0.0,45.420000
20200216,2020-02-16,2020,2,February,FQ4,FY19-20,Sunday,True,64,64,0,205,205,61124.64,61124.64,48993.86,0.00,1085.94,33474.54,27650.14,955.070000,0.0,45.240000
20220216,2022-02-16,2022,2,February,FQ4,FY21-22,Wednesday,False,48,46,2,135,132,40073.42,38198.87,25955.77,1874.55,4530.65,21653.65,16545.29,830.410000,4.17,41.290000
20211211,2021-12-11,2021,12,December,FQ3,FY21-22,Saturday,True,55,54,1,166,162,59285.87,58585.40,47675.15,700.47,824.01,30653.30,27932.23,1084.910000,1.82,47.110000
20230531,2023-05-31,2023,5,May,FQ1,FY23-24,Wednesday,False,57,56,1,157,154,46708.93,46093.93,34168.27,615.00,1108.17,25232.30,20861.76,823.110000,1.75,44.660000
20221206,2022-12-06,2022,12,December,FQ3,FY22-23,Tuesday,False,63,62,1,175,171,49799.00,49417.48,37987.35,381.52,2915.43,27198.63,22218.89,797.060000,1.59,44.620000
20230917,2023-09-17,2023,9,September,FQ2,FY23-24,Sunday,True,36,36,0,107,107,32347.91,32347.91,15922.82,0.00,4271.80,18413.82,13934.12,898.550000,0.0,43.080000
20230221,2023-02-21,2023,2,February,FQ4,FY22-23,Tuesday,False,63,62,1,168,163,45216.90,44009.07,36198.10,1207.83,0.00,23744.72,20264.45,709.820000,1.59,44.820000
20200424,2020-04-24,2020,4,April,FQ1,FY20-21,Friday,False,56,52,4,182,172,50554.04,48397.54,35217.35,2156.50,2421.22,26360.74,22036.85,930.720000,7.14,43.590000
20241105,2024-11-05,2024,11,November,FQ3,FY24-25,Tuesday,False,45,45,0,146,146,46185.45,46185.45,29694.41,0.00,3016.94,25864.64,20320.87,1026.340000,0.0,44.000000
20201011,2020-10-11,2020,10,October,FQ3,FY20-21,Sunday,True,58,56,2,175,169,51742.37,49537.96,33875.50,2204.41,1788.50,27072.65,22465.30,884.610000,3.45,43.420000
20240221,2024-02-21,2024,2,February,FQ4,FY23-24,Wednesday,False,54,54,0,141,141,45898.43,45898.43,40031.32,0.00,1503.56,25265.96,20632.52,849.970000,0.0,44.950000
20211226,2021-12-26,2021,12,December,FQ3,FY21-22,Sunday,True,66,65,1,188,183,57823.92,57563.57,43146.57,260.35,0.00,32165.68,25397.85,885.590000,1.52,43.920000
20200501,2020-05-01,2020,5,May,FQ1,FY20-21,Friday,False,58,57,1,166,165,46958.94,46933.22,42546.73,25.72,1399.98,26012.34,20920.90,823.390000,1.72,44.550000
20200810,2020-08-10,2020,8,August,FQ2,FY20-21,Monday,False,51,51,0,149,149,48623.13,48623.13,40614.77,0.00,0.00,26148.72,22474.44,953.390000,0.0,46.220000
20200607,2020-06-07,2020,6,June,FQ1,FY20-21,Sunday,True,46,46,0,131,131,39498.96,39498.96,27262.03,0.00,2896.57,21540.15,17958.82,858.670000,0.0,45.470000
20230731,2023-07-31,2023,7,July,FQ2,FY23-24,Monday,False,58,55,3,187,176,49803.73,47310.16,35585.20,2493.57,0.00,25246.40,22063.76,860.180000,5.17,44.300000
20221011,2022-10-11,2022,10,October,FQ3,FY22-23,Tuesday,False,60,58,2,196,192,59404.63,57871.52,41863.67,1533.11,485.26,32315.02,25556.63,997.780000,3.33,43.020000
20230216,2023-02-16,2023,2,February,FQ4,FY22-23,Thursday,False,62,62,0,204,204,65266.47,65266.47,60097.60,0.00,0.00,35936.81,29329.88,1052.690000,0.0,44.940000
20230820,2023-08-20,2023,8,August,FQ2,FY23-24,Sunday,True,55,55,0,148,148,42370.31,42370.31,35653.20,0.00,0.00,23401.56,18968.86,770.370000,0.0,44.770000
20201226,2020-12-26,2020,12,December,FQ3,FY20-21,Saturday,True,57,56,1,182,179,60999.38,60856.09,45311.40,143.29,0.00,32219.06,28637.09,1086.720000,1.75,46.950000
20231105,2023-11-05,2023,11,November,FQ3,FY23-24,Sunday,True,52,51,1,137,136,49745.23,49448.47,41453.75,296.76,0.00,26622.50,22825.90,969.580000,1.92,45.890000
20231211,2023-12-11,2023,12,December,FQ3,FY23-24,Monday,False,62,61,1,193,189,60608.18,60183.69,48307.82,424.49,3433.34,32511.70,27672.13,986.620000,1.61,45.660000
20230323,2023-03-23,2023,3,March,FQ4,FY22-23,Thursday,False,65,65,0,200,200,61598.50,61598.50,54905.43,0.00,1135.06,33673.53,27924.96,947.670000,0.0,45.330000
20240115,2024-01-15,2024,1,January,FQ4,FY23-24,Monday,False,58,58,0,161,161,53224.53,53224.53,36939.21,0.00,0.00,28445.61,24779.00,917.660000,0.0,46.560000
20210803,2021-08-03,2021,8,August,FQ2,FY21-22,Tuesday,False,65,61,4,176,164,56955.58,53413.51,48864.65,3542.07,0.00,29451.04,23962.56,875.630000,6.15,42.070000
20201219,2020-12-19,2020,12,December,FQ3,FY20-21,Saturday,True,48,47,1,148,143,48502.51,45577.35,37714.13,2925.16,0.00,24939.21,20638.27,969.730000,2.08,42.550000
20241226,2024-12-26,2024,12,December,FQ3,FY24-25,Thursday,False,61,57,4,192,183,52272.78,48845.08,39060.94,3427.70,2627.67,26013.19,22831.90,856.930000,6.56,43.680000
20201206,2020-12-06,2020,12,December,FQ3,FY20-21,Sunday,True,58,57,1,176,175,52457.76,52057.69,42750.86,400.07,1288.82,29373.05,22684.82,913.290000,1.72,43.240000
20221226,2022-12-26,2022,12,December,FQ3,FY22-23,Monday,False,50,50,0,163,163,43578.52,43578.52,36214.14,0.00,814.56,24034.70,19543.91,871.570000,0.0,44.850000
20200825,2020-08-25,2020,8,August,FQ2,FY20-21,Tuesday,False,51,51,0,145,145,44942.15,44942.15,39796.88,0.00,299.90,24201.29,20740.87,881.220000,0.0,46.150000
20210820,2021-08-20,2021,8,August,FQ2,FY21-22,Friday,False,51,50,1,155,152,46653.55,46080.96,40155.69,572.59,555.40,25099.97,20981.04,921.620000,1.96,44.970000
20210127,2021-01-27,2021,1,January,FQ4,FY20-21,Wednesday,False,59,57,2,181,178,52854.98,52128.82,43736.74,726.16,0.00,28038.22,24090.58,914.540000,3.39,45.580000
20220803,2022-08-03,2022,8,August,FQ2,FY22-23,Wednesday,False,64,61,3,189,180,53363.28,51893.13,43443.48,1470.15,0.00,28377.84,23515.38,850.710000,4.69,44.070000
20220820,2022-08-20,2022,8,August,FQ2,FY22-23,Saturday,True,62,61,1,179,175,50419.33,48646.76,38746.37,1772.57,1777.41,25724.44,22922.48,797.490000,1.61,45.460000
20211013,2021-10-13,2021,10,October,FQ3,FY21-22,Wednesday,False,54,51,3,160,147,50374.58,46328.11,36957.23,4046.47,1842.54,25685.10,20643.19,908.390000,5.56,40.980000
20210617,2021-06-17,2021,6,June,FQ1,FY21-22,Thursday,False,58,56,2,193,187,56362.57,54916.29,43059.87,1446.28,2498.43,30072.85,24843.52,980.650000,3.45,44.080000
20240201,2024-02-01,2024,2,February,FQ4,FY23-24,Thursday,False,62,61,1,168,167,46927.87,46842.96,38894.43,84.91,721.79,25636.01,21207.02,767.920000,1.61,45.190000
20240523,2024-05-23,2024,5,May,FQ1,FY24-25,Thursday,False,63,61,2,186,182,47266.41,46354.26,35065.53,912.15,667.78,25303.52,21050.80,759.910000,3.17,44.540000
20240731,2024-07-31,2024,7,July,FQ2,FY24-25,Wednesday,False,56,55,1,177,172,54305.03,54201.11,36600.70,103.92,0.00,29838.57,24362.60,985.470000,1.79,44.860000
20220716,2022-07-16,2022,7,July,FQ2,FY22-23,Saturday,True,52,50,2,159,153,51267.67,48788.52,41034.94,2479.15,2620.07,25654.52,23134.10,975.770000,3.85,45.120000
20220810,2022-08-10,2022,8,August,FQ2,FY22-23,Wednesday,False,43,41,2,136,133,46032.82,45212.48,32107.99,820.34,0.00,24169.41,21043.13,1102.740000,4.65,45.710000
20200904,2020-09-04,2020,9,September,FQ2,FY20-21,Friday,False,49,44,5,137,118,43145.48,37411.93,31688.31,5733.55,0.00,20415.84,16996.10,850.270000,10.2,39.390000
20230617,2023-06-17,2023,6,June,FQ1,FY23-24,Saturday,True,55,53,2,158,156,42628.68,42326.85,32386.73,301.83,1141.44,22765.83,19561.08,798.620000,3.64,45.890000
20220125,2022-01-25,2022,1,January,FQ4,FY21-22,Tuesday,False,56,54,2,153,149,45085.48,44166.00,33451.48,919.48,0.00,24435.04,19731.00,817.890000,3.57,43.760000
20231003,2023-10-03,2023,10,October,FQ3,FY23-24,Tuesday,False,58,57,1,195,194,59575.91,59091.56,42977.23,484.35,1278.11,31186.16,27905.54,1036.690000,1.72,46.840000
20240716,2024-07-16,2024,7,July,FQ2,FY24-25,Tuesday,False,59,58,1,171,170,48503.39,48212.56,39843.20,290.83,523.79,26775.91,21436.72,831.250000,1.69,44.200000
20240830,2024-08-30,2024,8,August,FQ2,FY24-25,Friday,False,50,50,0,143,143,45368.00,45368.00,35735.39,0.00,0.00,24646.12,20721.90,907.360000,0.0,45.680000
20210501,2021-05-01,2021,5,May,FQ1,FY21-22,Saturday,True,57,54,3,169,162,53553.26,51591.99,39069.76,1961.27,551.22,28065.20,23526.97,955.410000,5.26,43.930000
20210825,2021-08-25,2021,8,August,FQ2,FY21-22,Wednesday,False,51,51,0,135,135,35978.16,35978.16,30349.26,0.00,475.96,19698.99,16279.21,705.450000,0.0,45.250000
20220614,2022-06-14,2022,6,June,FQ1,FY22-23,Tuesday,False,1391,1206,185,1519,1441,957317.41,880926.40,207772.68,76391.01,15257.74,392063.61,488862.82,730.450000,13.3,51.070000
20220612,2022-06-12,2022,6,June,FQ1,FY22-23,Sunday,True,1492,1299,193,1558,1480,994332.30,922422.26,232209.59,71910.04,14602.40,406132.87,516289.40,710.100000,12.94,51.920000
20231018,2023-10-18,2023,10,October,FQ3,FY23-24,Wednesday,False,37,36,1,114,109,40828.46,38095.46,22961.59,2733.00,2543.94,20897.91,17197.55,1058.210000,2.7,42.120000
20240130,2024-01-30,2024,1,January,FQ4,FY23-24,Tuesday,False,53,49,4,158,144,52140.21,46012.54,27696.19,6127.67,6641.47,26087.57,19925.00,939.030000,7.55,38.210000
20201230,2020-12-30,2020,12,December,FQ3,FY20-21,Wednesday,False,65,62,3,193,181,53360.15,49933.97,39982.33,3426.18,1738.76,27181.89,22752.13,805.390000,4.62,42.640000
20201001,2020-10-01,2020,10,October,FQ3,FY20-21,Thursday,False,46,42,4,128,117,39614.92,35384.32,29597.37,4230.60,0.00,18939.14,16445.29,842.480000,8.7,41.510000
20230117,2023-01-17,2023,1,January,FQ4,FY22-23,Tuesday,False,70,70,0,212,212,60627.47,60627.47,48293.99,0.00,3006.61,33483.74,27143.78,866.110000,0.0,44.770000
20240513,2024-05-13,2024,5,May,FQ1,FY24-25,Monday,False,66,63,3,212,204,68277.01,65048.32,43060.79,3228.69,5169.00,35898.16,29150.29,1032.510000,4.55,42.690000
20200805,2020-08-05,2020,8,August,FQ2,FY20-21,Wednesday,False,49,47,2,153,151,46743.62,46284.11,35943.01,459.51,3115.80,25737.21,20546.98,984.770000,4.08,43.960000
20241201,2024-12-01,2024,12,December,FQ3,FY24-25,Sunday,True,49,48,1,163,158,53511.76,52003.77,44276.35,1507.99,3060.36,28616.36,23387.44,1083.410000,2.04,43.710000
20200618,2020-06-18,2020,6,June,FQ1,FY20-21,Thursday,False,48,47,1,157,154,41571.50,40672.16,29077.00,899.34,1607.46,22316.29,18356.13,865.370000,2.08,44.160000
20220306,2022-03-06,2022,3,March,FQ4,FY21-22,Sunday,True,52,49,3,156,143,45176.15,39513.74,34150.18,5662.41,920.19,21978.28,17535.59,806.400000,5.77,38.820000
20230211,2023-02-11,2023,2,February,FQ4,FY22-23,Saturday,True,55,53,2,153,144,45698.45,44707.66,34476.91,990.79,302.17,24360.26,20347.51,843.540000,3.64,44.530000
20230406,2023-04-06,2023,4,April,FQ1,FY23-24,Thursday,False,58,58,0,179,179,53189.18,53189.18,40890.82,0.00,4728.36,29305.22,23884.03,917.050000,0.0,44.900000
20221004,2022-10-04,2022,10,October,FQ3,FY22-23,Tuesday,False,53,51,2,168,160,51526.88,46902.45,40092.16,4624.43,0.00,26013.88,20888.67,919.660000,3.77,40.540000
20210725,2021-07-25,2021,7,July,FQ2,FY21-22,Sunday,True,52,51,1,168,164,51320.65,49329.80,41710.33,1990.85,668.68,26783.66,22546.20,967.250000,1.92,43.930000
20221122,2022-11-22,2022,11,November,FQ3,FY22-23,Tuesday,False,44,42,2,139,132,42146.60,39057.61,30698.74,3088.99,2057.09,21616.58,17440.99,929.940000,4.55,41.380000
20240615,2024-06-15,2024,6,June,FQ1,FY24-25,Saturday,True,66,64,2,189,185,58719.61,57528.57,40840.38,1191.04,2331.12,31133.35,26395.20,898.880000,3.03,44.950000
20240828,2024-08-28,2024,8,August,FQ2,FY24-25,Wednesday,False,69,67,2,207,204,57855.79,57159.24,43792.48,696.55,2286.39,31303.75,25855.59,853.120000,2.9,44.690000
20200312,2020-03-12,2020,3,March,FQ4,FY19-20,Thursday,False,61,57,4,193,185,60138.92,57746.32,46621.00,2392.60,1061.58,31238.66,26507.65,1013.090000,6.56,44.080000
20241014,2024-10-14,2024,10,October,FQ3,FY24-25,Monday,False,61,61,0,179,179,52436.80,52436.80,44820.40,0.00,0.00,28756.68,23680.22,859.620000,0.0,45.160000
20210615,2021-06-15,2021,6,June,FQ1,FY21-22,Tuesday,False,52,50,2,156,148,49096.87,47374.12,34951.33,1722.75,1818.53,25896.13,21477.99,947.480000,3.85,43.750000
20230627,2023-06-27,2023,6,June,FQ1,FY23-24,Tuesday,False,49,48,1,147,142,46931.54,45326.44,28938.26,1605.10,2739.31,25545.00,19781.59,944.300000,2.04,42.150000
20221124,2022-11-24,2022,11,November,FQ3,FY22-23,Thursday,False,56,53,3,180,167,61887.93,58037.13,40912.98,3850.80,4958.95,31252.83,26784.45,1095.040000,5.36,43.280000
20231222,2023-12-22,2023,12,December,FQ3,FY23-24,Friday,False,66,65,1,200,199,66676.25,66141.25,55008.66,535.00,1537.92,36244.11,29897.06,1017.560000,1.52,44.840000
20211031,2021-10-31,2021,10,October,FQ3,FY21-22,Sunday,True,59,59,0,171,171,47157.15,47157.15,35046.18,0.00,3867.15,26142.65,21014.43,799.270000,0.0,44.560000
20200219,2020-02-19,2020,2,February,FQ4,FY19-20,Wednesday,False,50,48,2,157,153,46086.01,43898.16,38945.23,2187.85,0.00,23841.33,20056.87,914.550000,4.0,43.520000
20210614,2021-06-14,2021,6,June,FQ1,FY21-22,Monday,False,59,55,4,190,178,61791.99,58071.72,41800.61,3720.27,5426.88,31523.95,26547.91,1055.850000,6.78,42.960000
20210427,2021-04-27,2021,4,April,FQ1,FY21-22,Tuesday,False,48,46,2,150,143,49001.78,45776.66,35805.48,3225.12,2988.83,24158.94,21617.73,995.140000,4.17,44.120000
20210922,2021-09-22,2021,9,September,FQ2,FY21-22,Wednesday,False,44,43,1,131,130,39709.06,39508.02,32940.54,201.04,0.00,20891.12,18616.96,918.790000,2.27,46.880000
20240105,2024-01-05,2024,1,January,FQ4,FY23-24,Friday,False,56,55,1,170,165,51747.05,50354.64,38971.92,1392.41,0.00,26827.27,23527.28,915.540000,1.79,45.470000
20200414,2020-04-14,2020,4,April,FQ1,FY20-21,Tuesday,False,57,53,4,161,153,59623.26,57073.59,41329.40,2549.67,4080.65,29852.51,27221.19,1076.860000,7.02,45.660000
20210104,2021-01-04,2021,1,January,FQ4,FY20-21,Monday,False,49,49,0,148,148,54312.09,54312.09,43915.88,0.00,3970.20,29430.00,24882.13,1108.410000,0.0,45.810000
20200822,2020-08-22,2020,8,August,FQ2,FY20-21,Saturday,True,50,49,1,156,155,40954.39,40302.17,31304.36,652.22,307.80,22229.43,18072.86,822.490000,2.0,44.130000
20230728,2023-07-28,2023,7,July,FQ2,FY23-24,Friday,False,58,55,3,162,152,49271.14,47916.33,36995.78,1354.81,2247.42,25506.92,22409.28,871.210000,5.17,45.480000
20241031,2024-10-31,2024,10,October,FQ3,FY24-25,Thursday,False,53,51,2,145,141,42753.97,42069.26,32126.85,684.71,621.95,22590.05,19479.43,824.890000,3.77,45.560000
20200720,2020-07-20,2020,7,July,FQ2,FY20-21,Monday,False,63,62,1,194,190,56591.95,55954.01,43091.41,637.94,2132.69,30841.34,25112.69,902.480000,1.59,44.380000
20200729,2020-07-29,2020,7,July,FQ2,FY20-21,Wednesday,False,56,54,2,169,164,44004.95,42879.60,34177.57,1125.35,742.94,23628.93,19250.86,794.070000,3.57,43.750000
20210818,2021-08-18,2021,8,August,FQ2,FY21-22,Wednesday,False,49,46,3,152,141,48287.61,46357.16,40958.17,1930.45,0.00,24599.25,21758.05,1007.760000,6.12,45.060000
20210412,2021-04-12,2021,4,April,FQ1,FY21-22,Monday,False,54,53,1,174,169,58629.76,57319.44,39909.72,1310.32,3747.93,31304.51,26014.94,1081.500000,1.85,44.370000
20240309,2024-03-09,2024,3,March,FQ4,FY23-24,Saturday,True,54,51,3,158,150,58869.69,56882.90,50982.18,1986.79,791.88,31081.67,25801.38,1115.350000,5.56,43.830000
20211201,2021-12-01,2021,12,December,FQ3,FY21-22,Wednesday,False,56,55,1,166,163,44713.23,43868.93,31420.92,844.30,738.41,23845.87,20023.13,797.620000,1.79,44.780000
20240521,2024-05-21,2024,5,May,FQ1,FY24-25,Tuesday,False,59,57,2,175,171,51173.24,51027.04,44535.25,146.20,407.45,27809.43,23217.61,895.210000,3.39,45.370000
20240419,2024-04-19,2024,4,April,FQ1,FY24-25,Friday,False,53,50,3,161,153,44643.12,40924.53,31560.35,3718.59,1283.16,21955.62,18968.90,818.490000,5.66,42.490000
20200329,2020-03-29,2020,3,March,FQ4,FY19-20,Sunday,True,50,49,1,148,146,49861.58,49297.64,27695.71,563.94,1755.62,26950.47,22347.34,1006.070000,2.0,44.820000
20241125,2024-11-25,2024,11,November,FQ3,FY24-25,Monday,False,61,61,0,172,172,52059.74,52059.74,39587.66,0.00,5409.33,28304.86,23754.89,853.440000,0.0,45.630000
20210521,2021-05-21,2021,5,May,FQ1,FY21-22,Friday,False,48,47,1,155,150,46186.13,45689.74,31365.02,496.39,1516.39,25138.93,20550.86,972.120000,2.08,44.500000
20230219,2023-02-19,2023,2,February,FQ4,FY22-23,Sunday,True,40,38,2,126,122,31234.51,29837.48,18998.92,1397.03,1702.38,16242.36,13595.06,785.200000,5.0,43.530000
20201111,2020-11-11,2020,11,November,FQ3,FY20-21,Wednesday,False,49,48,1,157,156,55671.59,55209.44,45534.31,462.15,2014.09,30540.88,24668.68,1150.200000,2.04,44.310000
20211124,2021-11-24,2021,11,November,FQ3,FY21-22,Wednesday,False,63,61,2,185,180,62419.41,59582.51,42935.91,2836.90,6663.07,32163.23,27419.31,976.760000,3.17,43.930000
20241218,2024-12-18,2024,12,December,FQ3,FY24-25,Wednesday,False,54,53,1,160,158,46647.70,46440.11,35382.07,207.59,747.61,25387.24,21052.80,876.230000,1.85,45.130000
20230202,2023-02-02,2023,2,February,FQ4,FY22-23,Thursday,False,64,62,2,213,206,56085.09,55182.54,42359.97,902.55,1908.62,30931.31,24251.21,890.040000,3.13,43.240000
20231205,2023-12-05,2023,12,December,FQ3,FY23-24,Tuesday,False,55,53,2,155,147,50666.70,48576.43,38916.88,2090.27,0.00,26128.13,22448.33,916.540000,3.64,44.310000
20231001,2023-10-01,2023,10,October,FQ3,FY23-24,Sunday,True,59,56,3,187,176,55145.51,49594.92,37669.87,5550.59,1241.77,27405.02,22190.02,885.620000,5.08,40.240000
20240708,2024-07-08,2024,7,July,FQ2,FY24-25,Monday,False,37,34,3,107,97,33350.88,29503.65,25114.30,3847.23,0.00,16439.34,13064.36,867.750000,8.11,39.170000
20230729,2023-07-29,2023,7,July,FQ2,FY23-24,Saturday,True,45,45,0,145,145,43919.01,43919.01,36246.62,0.00,0.00,23914.77,20004.38,975.980000,0.0,45.550000
20220410,2022-04-10,2022,4,April,FQ1,FY22-23,Sunday,True,9649,9445,204,17832,17766,2352940.57,2258151.83,1533801.28,88190.74,23804.33,1546681.49,705941.69,239.080000,2.11,30.000000
20220417,2022-04-17,2022,4,April,FQ1,FY22-23,Sunday,True,1531,1314,217,1619,1544,998773.89,905864.50,346725.86,92909.39,28821.70,420950.65,484913.89,689.390000,14.17,48.550000
20220527,2022-05-27,2022,5,May,FQ1,FY22-23,Friday,False,1281,1125,156,1390,1332,871271.12,816030.51,157046.87,55240.61,16545.93,375042.78,440987.79,725.360000,12.18,50.610000
20220510,2022-05-10,2022,5,May,FQ1,FY22-23,Tuesday,False,1173,999,174,1247,1190,771407.09,697934.55,279580.20,73472.54,22870.82,314959.68,382974.96,698.630000,14.83,49.650000
20220621,2022-06-21,2022,6,June,FQ1,FY22-23,Tuesday,False,1268,1068,200,1330,1263,851452.26,761187.94,225097.48,90264.32,755.50,344808.94,416379.21,712.720000,15.77,48.900000
20240420,2024-04-20,2024,4,April,FQ1,FY24-25,Saturday,True,65,64,1,172,167,55929.20,54517.70,44927.93,1411.50,558.97,29928.94,24588.83,851.840000,1.54,43.960000
20200125,2020-01-25,2020,1,January,FQ4,FY19-20,Saturday,True,61,59,2,180,176,53635.63,51827.99,33902.47,1807.64,2275.11,28385.80,23442.23,878.440000,3.28,43.710000
20231229,2023-12-29,2023,12,December,FQ3,FY23-24,Friday,False,58,58,0,185,185,62378.83,62378.83,51548.72,0.00,387.98,34088.76,28290.15,1075.500000,0.0,45.350000
20210607,2021-06-07,2021,6,June,FQ1,FY21-22,Monday,False,55,54,1,163,159,54016.82,52780.08,40852.21,1236.74,883.08,28480.89,24299.32,977.410000,1.82,44.980000
20210410,2021-04-10,2021,4,April,FQ1,FY21-22,Saturday,True,67,64,3,195,181,63909.38,58663.32,47882.38,5246.06,4683.14,31945.67,26717.88,916.610000,4.48,41.810000
20221105,2022-11-05,2022,11,November,FQ3,FY22-23,Saturday,True,54,52,2,162,158,49367.44,48544.13,30148.96,823.31,0.00,26884.76,21659.49,933.540000,3.7,43.870000
20220714,2022-07-14,2022,7,July,FQ2,FY22-23,Thursday,False,56,52,4,172,160,51010.10,46263.29,33598.12,4746.81,2181.55,25848.08,20415.30,889.680000,7.14,40.020000
20240810,2024-08-10,2024,8,August,FQ2,FY24-25,Saturday,True,61,59,2,191,189,67129.15,66374.93,51225.85,754.22,0.00,36766.10,29608.81,1125.000000,3.28,44.110000
20230610,2023-06-10,2023,6,June,FQ1,FY23-24,Saturday,True,70,69,1,205,204,61421.77,61059.32,41334.23,362.45,4616.85,33291.47,27767.88,884.920000,1.43,45.210000
20210131,2021-01-31,2021,1,January,FQ4,FY20-21,Sunday,True,60,60,0,165,165,48301.86,48301.86,39778.21,0.00,0.00,26219.69,22082.25,805.030000,0.0,45.720000
20211023,2021-10-23,2021,10,October,FQ3,FY21-22,Saturday,True,56,55,1,160,156,50326.90,48402.29,39530.22,1924.61,490.14,26669.15,21733.24,880.040000,1.79,43.180000
20200124,2020-01-24,2020,1,January,FQ4,FY19-20,Friday,False,56,55,1,155,150,53881.91,51841.37,37801.55,2040.54,1952.97,28711.75,23129.67,942.570000,1.79,42.930000
20230916,2023-09-16,2023,9,September,FQ2,FY23-24,Saturday,True,58,55,3,180,168,54645.11,50079.26,35537.95,4565.85,1681.38,27246.26,22833.09,910.530000,5.17,41.780000
20221224,2022-12-24,2022,12,December,FQ3,FY22-23,Saturday,True,62,62,0,188,188,63789.44,63789.44,53374.30,0.00,4569.03,33673.43,30116.11,1028.860000,0.0,47.210000
20220825,2022-08-25,2022,8,August,FQ2,FY22-23,Thursday,False,51,49,2,170,161,48191.50,45402.63,35488.99,2788.87,1667.89,24573.48,20829.25,926.580000,3.92,43.220000
20220221,2022-02-21,2022,2,February,FQ4,FY21-22,Monday,False,53,50,3,138,132,41431.31,39879.02,33879.53,1552.29,1671.84,21858.81,18020.25,797.580000,5.66,43.490000
20241211,2024-12-11,2024,12,December,FQ3,FY24-25,Wednesday,False,77,77,0,232,232,71528.06,71528.06,57200.26,0.00,1194.13,39091.30,32436.94,928.940000,0.0,45.350000
20220816,2022-08-16,2022,8,August,FQ2,FY22-23,Tuesday,False,68,66,2,191,187,63830.15,61998.22,52156.77,1831.93,3289.04,33104.70,28893.50,939.370000,2.94,45.270000
20240608,2024-06-08,2024,6,June,FQ1,FY24-25,Saturday,True,60,55,5,194,179,48262.24,44282.75,34003.42,3979.49,237.90,23469.84,20813.01,805.140000,8.33,43.120000
20240404,2024-04-04,2024,4,April,FQ1,FY24-25,Thursday,False,62,60,2,186,181,64284.73,62911.41,49056.71,1373.32,0.00,33812.77,29098.68,1048.520000,3.23,45.270000
20211024,2021-10-24,2021,10,October,FQ3,FY21-22,Sunday,True,40,38,2,129,123,39736.25,38138.00,23511.91,1598.25,0.00,20577.58,17560.45,1003.630000,5.0,44.190000
20230608,2023-06-08,2023,6,June,FQ1,FY23-24,Thursday,False,61,59,2,186,176,55862.78,52942.24,40115.29,2920.54,455.33,29105.58,23836.70,897.330000,3.28,42.670000
20200718,2020-07-18,2020,7,July,FQ2,FY20-21,Saturday,True,44,43,1,133,131,40894.30,39918.97,27729.20,975.33,3321.95,21226.40,18692.68,928.350000,2.27,45.710000
20200823,2020-08-23,2020,8,August,FQ2,FY20-21,Sunday,True,57,56,1,181,180,47510.13,47151.25,40882.85,358.88,933.83,25246.02,21905.35,841.990000,1.75,46.110000
20210224,2021-02-24,2021,2,February,FQ4,FY20-21,Wednesday,False,60,57,3,190,180,54992.11,50209.57,37224.73,4782.54,1137.35,27788.27,22421.39,880.870000,5.0,40.770000
20210514,2021-05-14,2021,5,May,FQ1,FY21-22,Friday,False,54,53,1,172,168,50852.31,49244.46,34647.54,1607.85,3910.00,27923.48,21321.00,929.140000,1.85,41.930000
20220204,2022-02-04,2022,2,February,FQ4,FY21-22,Friday,False,50,46,4,150,131,54601.36,49748.48,37076.07,4852.88,280.48,27031.37,22717.15,1081.490000,8.0,41.610000
20210625,2021-06-25,2021,6,June,FQ1,FY21-22,Friday,False,61,57,4,179,167,54359.20,52518.68,39952.05,1840.52,0.00,29321.09,23197.70,921.380000,6.56,42.670000
20240607,2024-06-07,2024,6,June,FQ1,FY24-25,Friday,False,62,62,0,203,203,60557.51,60557.51,44319.22,0.00,2165.02,32565.49,27992.20,976.730000,0.0,46.220000
20210701,2021-07-01,2021,7,July,FQ2,FY21-22,Thursday,False,48,47,1,143,139,35129.67,33620.98,28340.46,1508.69,0.00,17980.95,15640.01,715.340000,2.08,44.520000
20241118,2024-11-18,2024,11,November,FQ3,FY24-25,Monday,False,60,59,1,184,183,61198.36,60794.83,46932.17,403.53,2940.41,32825.14,27969.75,1030.420000,1.67,45.700000
20200625,2020-06-25,2020,6,June,FQ1,FY20-21,Thursday,False,67,65,2,197,192,62454.73,60756.19,49691.38,1698.54,2205.02,32979.90,27776.45,934.710000,2.99,44.470000
20241219,2024-12-19,2024,12,December,FQ3,FY24-25,Thursday,False,55,54,1,164,162,46819.59,45552.88,41487.87,1266.71,364.40,24517.15,21035.89,843.570000,1.82,44.930000
20201212,2020-12-12,2020,12,December,FQ3,FY20-21,Saturday,True,51,50,1,158,153,50944.14,48792.27,42323.76,2151.87,1210.63,26912.95,21879.42,975.850000,1.96,42.950000
20221003,2022-10-03,2022,10,October,FQ3,FY22-23,Monday,False,56,55,1,167,162,44609.30,42652.31,37212.08,1956.99,1750.95,23010.27,19641.89,775.500000,1.79,44.030000
20201026,2020-10-26,2020,10,October,FQ3,FY20-21,Monday,False,56,55,1,175,173,57880.22,57613.75,44277.08,266.47,992.31,32446.18,25167.61,1047.520000,1.79,43.480000
20241023,2024-10-23,2024,10,October,FQ3,FY24-25,Wednesday,False,66,63,3,204,192,56192.14,54554.17,49009.53,1637.97,623.57,30588.18,23965.99,865.940000,4.55,42.650000
20220102,2022-01-02,2022,1,January,FQ4,FY21-22,Sunday,True,61,58,3,197,189,56198.82,53977.74,46718.86,2221.08,0.00,30407.32,23570.38,930.650000,4.92,41.940000
20240216,2024-02-16,2024,2,February,FQ4,FY23-24,Friday,False,46,45,1,141,140,48923.19,48811.12,31204.26,112.07,333.84,26507.44,22303.68,1084.690000,2.17,45.590000
20210718,2021-07-18,2021,7,July,FQ2,FY21-22,Sunday,True,49,47,2,152,145,47984.14,45636.42,33472.98,2347.72,0.00,24599.43,21037.16,970.990000,4.08,43.840000
20221104,2022-11-04,2022,11,November,FQ3,FY22-23,Friday,False,46,44,2,115,108,26319.54,24447.87,18728.38,1871.67,645.34,13107.42,11340.50,555.630000,4.35,43.090000
20211219,2021-12-19,2021,12,December,FQ3,FY21-22,Sunday,True,56,55,1,166,161,43247.77,42257.76,30145.66,990.01,1309.92,22972.37,19285.42,768.320000,1.79,44.590000
20240131,2024-01-31,2024,1,January,FQ4,FY23-24,Wednesday,False,56,55,1,184,181,59286.40,58305.01,40980.52,981.39,2045.22,31865.43,26439.62,1060.090000,1.79,44.600000
20230823,2023-08-23,2023,8,August,FQ2,FY23-24,Wednesday,False,43,41,2,125,119,37001.67,36344.29,28875.84,657.38,2218.08,19770.28,16574.01,886.450000,4.65,44.790000
20220406,2022-04-06,2022,4,April,FQ1,FY22-23,Wednesday,False,10366,10179,187,18956,18887,2258390.39,2179643.13,1551600.16,71432.26,19227.00,1577547.49,591831.49,214.130000,1.8,26.210000
20220413,2022-04-13,2022,4,April,FQ1,FY22-23,Wednesday,False,4503,4278,225,12929,12853,1870536.75,1776157.50,1122604.75,90806.25,16301.94,1182147.07,590677.94,415.180000,5.0,31.580000
20220512,2022-05-12,2022,5,May,FQ1,FY22-23,Thursday,False,1098,956,142,1146,1106,739943.90,685341.00,263518.13,54602.90,20756.08,312976.00,372365.11,716.880000,12.93,50.320000
20220507,2022-05-07,2022,5,May,FQ1,FY22-23,Saturday,True,1388,1216,172,1530,1471,980477.14,911749.38,330904.82,68727.76,23005.00,427057.74,484691.71,749.790000,12.39,49.430000
20220628,2022-06-28,2022,6,June,FQ1,FY22-23,Tuesday,False,1180,1025,155,1243,1190,819949.98,759853.38,37958.12,60096.60,1947.30,341971.59,417881.91,741.320000,13.14,50.960000
20210601,2021-06-01,2021,6,June,FQ1,FY21-22,Tuesday,False,37491,37490,1,37600,37597,16448314.70,16448237.14,16441223.69,77.56,843.78,12384547.11,4063690.07,438.740000,0.0,24.710000
20200507,2020-05-07,2020,5,May,FQ1,FY20-21,Thursday,False,40,39,1,121,116,37740.60,35185.61,30164.25,2554.99,3904.04,19167.43,16018.28,902.200000,2.5,42.440000
20200210,2020-02-10,2020,2,February,FQ4,FY19-20,Monday,False,47,45,2,139,135,42978.20,40735.33,30015.10,2242.87,119.61,21837.58,18897.96,905.230000,4.26,43.970000
20220304,2022-03-04,2022,3,March,FQ4,FY21-22,Friday,False,68,66,2,189,181,52291.06,51504.80,40342.06,786.26,1019.82,28725.41,22779.49,780.380000,2.94,43.560000
20240304,2024-03-04,2024,3,March,FQ4,FY23-24,Monday,False,46,43,3,117,108,29406.89,28055.20,19007.55,1351.69,667.89,15408.91,12646.33,652.450000,6.52,43.000000
20230606,2023-06-06,2023,6,June,FQ1,FY23-24,Tuesday,False,60,57,3,190,177,61702.89,55022.88,43707.51,6680.01,0.00,29680.92,25341.96,965.310000,5.0,41.070000
20220814,2022-08-14,2022,8,August,FQ2,FY22-23,Sunday,True,50,48,2,145,141,42043.14,40735.61,36092.25,1307.53,0.00,22758.11,17977.52,848.660000,4.0,42.760000
20211022,2021-10-22,2021,10,October,FQ3,FY21-22,Friday,False,67,66,1,221,218,74002.12,72607.78,57560.95,1394.34,7104.45,39882.78,32725.01,1100.120000,1.49,44.220000
20200418,2020-04-18,2020,4,April,FQ1,FY20-21,Saturday,True,60,57,3,175,164,56651.93,52389.90,34207.95,4262.03,0.00,28639.55,23750.45,919.120000,5.0,41.920000
20241112,2024-11-12,2024,11,November,FQ3,FY24-25,Tuesday,False,59,58,1,183,178,62689.18,60683.26,49444.63,2005.92,1315.90,32598.39,28084.94,1046.260000,1.69,44.800000
20230307,2023-03-07,2023,3,March,FQ4,FY22-23,Tuesday,False,52,50,2,157,152,49975.40,48470.61,40769.01,1504.79,1374.66,26294.92,22175.70,969.410000,3.85,44.370000
20241004,2024-10-04,2024,10,October,FQ3,FY24-25,Friday,False,57,56,1,167,166,48867.89,48487.73,35713.55,380.16,4545.73,26394.78,22093.04,865.850000,1.75,45.210000
20200826,2020-08-26,2020,8,August,FQ2,FY20-21,Wednesday,False,56,55,1,176,173,50849.66,49363.09,32318.09,1486.57,3243.12,27095.19,22268.02,897.510000,1.79,43.790000
20211129,2021-11-29,2021,11,November,FQ3,FY21-22,Monday,False,53,52,1,144,142,43998.99,43412.98,32132.10,586.01,1832.26,24019.70,19393.31,834.870000,1.89,44.080000
20200927,2020-09-27,2020,9,September,FQ2,FY20-21,Sunday,True,53,51,2,168,162,51684.05,49390.30,45459.43,2293.75,260.33,26478.43,22912.05,968.440000,3.77,44.330000
20200519,2020-05-19,2020,5,May,FQ1,FY20-21,Tuesday,False,57,57,0,187,187,65031.52,65031.52,49514.40,0.00,586.94,35251.83,29779.79,1140.900000,0.0,45.790000
20231209,2023-12-09,2023,12,December,FQ3,FY23-24,Saturday,True,63,62,1,189,186,58882.51,57511.72,39821.83,1370.79,2508.61,31814.11,25697.66,927.610000,1.59,43.640000
20221220,2022-12-20,2022,12,December,FQ3,FY22-23,Tuesday,False,47,46,1,150,145,48607.03,46689.46,39019.36,1917.57,577.68,25128.35,21561.05,1014.990000,2.13,44.360000
20240202,2024-02-02,2024,2,February,FQ4,FY23-24,Friday,False,48,48,0,153,153,40746.45,40746.45,32339.89,0.00,524.47,22718.25,18028.24,848.880000,0.0,44.240000
20220518,2022-05-18,2022,5,May,FQ1,FY22-23,Wednesday,False,1242,1063,179,1273,1236,853327.20,772126.08,336494.17,81201.12,19003.37,348412.14,423714.05,726.370000,14.41,49.650000
20220508,2022-05-08,2022,5,May,FQ1,FY22-23,Sunday,True,1433,1213,220,1479,1403,954372.89,855410.45,302157.77,98962.44,15835.00,402140.26,453270.22,705.200000,15.35,47.490000
20200315,2020-03-15,2020,3,March,FQ4,FY19-20,Sunday,True,51,51,0,153,153,42139.34,42139.34,32726.61,0.00,1277.20,22964.42,19174.97,826.260000,0.0,45.500000
20200211,2020-02-11,2020,2,February,FQ4,FY19-20,Tuesday,False,46,46,0,132,132,44055.31,44055.31,38421.02,0.00,1642.08,24207.91,19847.39,957.720000,0.0,45.050000
20211231,2021-12-31,2021,12,December,FQ3,FY21-22,Friday,False,55,53,2,170,161,47430.01,46770.12,39837.60,659.89,834.81,25404.63,21365.58,882.460000,3.64,45.050000
20210330,2021-03-30,2021,3,March,FQ4,FY20-21,Tuesday,False,51,51,0,176,176,49407.86,49407.86,38809.08,0.00,1943.91,27238.86,22169.05,968.780000,0.0,44.870000
20210209,2021-02-09,2021,2,February,FQ4,FY20-21,Tuesday,False,63,63,0,194,194,65254.22,65254.22,44931.53,0.00,1496.17,35358.44,29895.88,1035.780000,0.0,45.810000
20240330,2024-03-30,2024,3,March,FQ4,FY23-24,Saturday,True,65,64,1,185,182,53464.76,52888.97,47772.97,575.79,0.00,28381.21,24507.80,826.390000,1.54,45.840000
20230330,2023-03-30,2023,3,March,FQ4,FY22-23,Thursday,False,72,70,2,218,211,60131.50,58948.28,43331.88,1183.22,1649.23,32503.88,26444.42,842.120000,2.78,43.980000
20220122,2022-01-22,2022,1,January,FQ4,FY21-22,Saturday,True,52,52,0,170,170,51200.89,51200.89,44631.95,0.00,0.00,28401.27,22799.68,984.630000,0.0,44.530000
20200122,2020-01-22,2020,1,January,FQ4,FY19-20,Wednesday,False,50,48,2,165,156,42799.33,38996.16,29296.23,3803.17,1732.78,21178.80,17817.40,812.420000,4.0,41.630000
20211216,2021-12-16,2021,12,December,FQ3,FY21-22,Thursday,False,56,55,1,157,154,48353.69,46430.36,34000.90,1923.33,184.26,24660.63,21769.71,844.190000,1.79,45.020000
20220528,2022-05-28,2022,5,May,FQ1,FY22-23,Saturday,True,1306,1161,145,1408,1343,897243.88,840248.72,160580.99,56995.16,15061.21,384275.72,455973.07,723.730000,11.1,50.820000
20200102,2020-01-02,2020,1,January,FQ4,FY19-20,Thursday,False,46,45,1,132,128,45415.31,42911.18,32986.84,2504.13,601.45,23729.02,19182.22,953.580000,2.17,42.240000
20200330,2020-03-30,2020,3,March,FQ4,FY19-20,Monday,False,57,56,1,176,171,53694.29,52535.21,31646.92,1159.08,905.61,28538.73,23996.50,938.130000,1.75,44.690000
20220904,2022-09-04,2022,9,September,FQ2,FY22-23,Sunday,True,45,42,3,134,125,37082.49,35400.14,31573.20,1682.35,0.00,19047.03,16353.04,842.860000,6.67,44.100000
20230715,2023-07-15,2023,7,July,FQ2,FY23-24,Saturday,True,46,45,1,148,146,45361.98,44959.65,30568.19,402.33,1759.11,24932.77,20026.88,999.100000,2.17,44.150000
20210106,2021-01-06,2021,1,January,FQ4,FY20-21,Wednesday,False,49,47,2,140,134,38297.63,36383.02,26445.53,1914.61,0.00,20213.66,16169.46,774.110000,4.08,42.220000
20240319,2024-03-19,2024,3,March,FQ4,FY23-24,Tuesday,False,48,46,2,149,143,37874.61,36502.98,21701.26,1371.63,1003.42,19581.99,16920.95,793.540000,4.17,44.680000
20210507,2021-05-07,2021,5,May,FQ1,FY21-22,Friday,False,44,44,0,146,146,45603.64,45603.64,36876.68,0.00,0.00,24680.46,20923.17,1036.450000,0.0,45.880000
20201205,2020-12-05,2020,12,December,FQ3,FY20-21,Saturday,True,53,52,1,157,152,47130.55,46624.57,36523.10,505.98,971.41,25810.41,20814.24,896.630000,1.89,44.160000
20211205,2021-12-05,2021,12,December,FQ3,FY21-22,Sunday,True,47,45,2,150,144,53313.76,52363.04,35256.20,950.72,2300.60,28474.64,23888.55,1163.620000,4.26,44.810000
20230309,2023-03-09,2023,3,March,FQ4,FY22-23,Thursday,False,45,45,0,127,127,36931.23,36931.23,28664.72,0.00,699.86,19921.74,17009.54,820.690000,0.0,46.060000
20220725,2022-07-25,2022,7,July,FQ2,FY22-23,Monday,False,56,56,0,168,168,49033.25,49033.25,30753.65,0.00,3493.74,27023.35,22010.01,875.590000,0.0,44.890000
20241111,2024-11-11,2024,11,November,FQ3,FY24-25,Monday,False,53,50,3,166,159,51147.16,47960.69,37853.03,3186.47,0.00,26119.11,21841.75,959.210000,5.66,42.700000
20240413,2024-04-13,2024,4,April,FQ1,FY24-25,Saturday,True,56,55,1,168,163,43825.42,43567.98,29241.54,257.44,0.00,23869.45,19698.63,792.150000,1.79,44.950000
20230628,2023-06-28,2023,6,June,FQ1,FY23-24,Wednesday,False,60,59,1,196,191,57864.79,57629.81,39065.98,234.98,0.00,30674.60,26955.24,976.780000,1.67,46.580000
20210329,2021-03-29,2021,3,March,FQ4,FY20-21,Monday,False,44,42,2,120,113,39847.55,37019.22,24920.54,2828.33,36.54,20210.19,16809.15,881.410000,4.55,42.180000
20200512,2020-05-12,2020,5,May,FQ1,FY20-21,Tuesday,False,60,59,1,190,186,60454.89,59950.88,43690.44,504.01,0.00,32725.73,27225.26,1016.120000,1.67,45.030000
20221205,2022-12-05,2022,12,December,FQ3,FY22-23,Monday,False,60,58,2,183,173,58140.71,54498.49,46581.74,3642.22,303.61,29652.43,24846.05,939.630000,3.33,42.730000
20201101,2020-11-01,2020,11,November,FQ3,FY20-21,Sunday,True,42,41,1,132,129,47641.57,46772.35,35455.18,869.22,0.00,25140.43,21631.96,1140.790000,2.38,45.410000
20200319,2020-03-19,2020,3,March,FQ4,FY19-20,Thursday,False,68,61,7,207,190,63349.43,57986.42,45876.15,5363.01,4096.23,31372.24,26614.14,950.600000,10.29,42.010000
20221111,2022-11-11,2022,11,November,FQ3,FY22-23,Friday,False,60,59,1,173,172,54223.93,53935.24,34625.82,288.69,2077.39,29286.51,24648.82,914.160000,1.67,45.460000
20240116,2024-01-16,2024,1,January,FQ4,FY23-24,Tuesday,False,46,45,1,127,124,32414.94,31052.09,27310.58,1362.85,0.00,17107.22,13944.92,690.050000,2.17,43.020000
20231111,2023-11-11,2023,11,November,FQ3,FY23-24,Saturday,True,44,41,3,140,131,40746.22,38553.80,31440.46,2192.42,0.00,20739.75,17814.18,940.340000,6.82,43.720000
20210121,2021-01-21,2021,1,January,FQ4,FY20-21,Thursday,False,82,80,2,232,225,66605.14,65203.46,46433.10,1401.68,4656.71,35773.16,29430.42,815.040000,2.44,44.190000
20210829,2021-08-29,2021,8,August,FQ2,FY21-22,Sunday,True,65,62,3,185,177,56890.36,55235.61,43988.58,1654.75,574.01,29867.65,25368.00,890.900000,4.62,44.590000
20230116,2023-01-16,2023,1,January,FQ4,FY22-23,Monday,False,57,56,1,164,159,46813.03,45877.26,41352.49,935.77,1185.77,24889.61,20987.66,819.240000,1.75,44.830000
20200829,2020-08-29,2020,8,August,FQ2,FY20-21,Saturday,True,51,48,3,166,153,55339.07,53374.61,40093.29,1964.46,4683.40,29547.06,23827.58,1111.970000,5.88,43.060000
20220121,2022-01-21,2022,1,January,FQ4,FY21-22,Friday,False,46,46,0,144,144,44220.22,44220.22,34061.49,0.00,2035.19,24044.08,20176.15,961.310000,0.0,45.630000
20230814,2023-08-14,2023,8,August,FQ2,FY23-24,Monday,False,48,46,2,128,123,33323.36,32283.71,26226.51,1039.65,0.00,17791.13,14492.73,701.820000,4.17,43.490000
20241101,2024-11-01,2024,11,November,FQ3,FY24-25,Friday,False,54,50,4,160,149,52616.96,47425.63,38583.95,5191.33,2410.12,26529.68,20896.09,948.510000,7.41,39.710000
20230413,2023-04-13,2023,4,April,FQ1,FY23-24,Thursday,False,52,50,2,164,155,45769.21,44124.20,40591.70,1645.01,160.52,23759.11,20365.20,882.480000,3.85,44.500000
20210518,2021-05-18,2021,5,May,FQ1,FY21-22,Tuesday,False,53,52,1,143,141,41338.66,40944.29,29190.64,394.37,1254.38,22122.64,18821.68,787.390000,1.89,45.530000
20200716,2020-07-16,2020,7,July,FQ2,FY20-21,Thursday,False,55,54,1,163,158,51599.26,50154.60,43989.52,1444.66,1134.23,27178.09,22976.67,928.790000,1.82,44.530000
20200508,2020-05-08,2020,5,May,FQ1,FY20-21,Friday,False,56,55,1,165,164,39414.99,39056.10,32185.27,358.89,0.00,21305.29,17750.81,710.110000,1.79,45.040000
20230528,2023-05-28,2023,5,May,FQ1,FY23-24,Sunday,True,59,57,2,182,177,57803.67,55426.56,36728.07,2377.11,5867.62,31296.22,24130.37,972.400000,3.39,41.750000
20240625,2024-06-25,2024,6,June,FQ1,FY24-25,Tuesday,False,48,46,2,149,141,46919.71,45951.52,31653.07,968.19,2727.80,24879.35,21072.21,998.950000,4.17,44.910000
20221023,2022-10-23,2022,10,October,FQ3,FY22-23,Sunday,True,54,51,3,162,155,55612.21,53877.29,37362.69,1734.92,2775.25,29208.68,24668.58,1056.420000,5.56,44.360000
20240528,2024-05-28,2024,5,May,FQ1,FY24-25,Tuesday,False,53,52,1,164,159,46452.56,45398.96,30784.32,1053.60,3035.24,24898.88,20500.23,873.060000,1.89,44.130000
20230701,2023-07-01,2023,7,July,FQ2,FY23-24,Saturday,True,54,53,1,177,176,56954.24,56553.70,42542.26,400.54,326.80,30424.49,26129.48,1067.050000,1.85,45.880000
20241001,2024-10-01,2024,10,October,FQ3,FY24-25,Tuesday,False,51,50,1,175,173,56065.91,56010.95,43549.59,54.96,0.00,30632.95,25377.91,1120.220000,1.96,45.260000
20241216,2024-12-16,2024,12,December,FQ3,FY24-25,Monday,False,42,41,1,115,112,37176.81,35968.74,29087.51,1208.07,418.66,19421.37,16547.38,877.290000,2.38,44.510000
20200909,2020-09-09,2020,9,September,FQ2,FY20-21,Wednesday,False,52,51,1,142,137,42979.47,41952.09,33002.01,1027.38,0.00,22848.31,19103.87,822.590000,1.92,44.450000
20220330,2022-03-30,2022,3,March,FQ4,FY21-22,Wednesday,False,60,57,3,176,162,55325.04,52666.77,43995.80,2658.27,2792.11,29699.32,22967.63,923.980000,5.0,41.510000
20241122,2024-11-22,2024,11,November,FQ3,FY24-25,Friday,False,58,57,1,176,174,60488.34,59467.63,50418.95,1020.71,3214.53,32528.24,26939.51,1043.290000,1.72,44.540000
20231216,2023-12-16,2023,12,December,FQ3,FY23-24,Saturday,True,58,55,3,173,162,52728.79,48027.18,38120.13,4701.61,2589.31,26622.25,21404.88,873.220000,5.17,40.590000
20201231,2020-12-31,2020,12,December,FQ3,FY20-21,Thursday,False,57,55,2,177,172,57229.89,55410.37,45875.15,1819.52,0.00,30866.23,24544.27,1007.460000,3.51,42.890000
20210716,2021-07-16,2021,7,July,FQ2,FY21-22,Friday,False,52,48,4,162,150,52140.16,48436.07,31851.88,3704.09,3798.50,26151.40,22284.86,1009.080000,7.69,42.740000
20220211,2022-02-11,2022,2,February,FQ4,FY21-22,Friday,False,46,44,2,151,141,48105.67,43987.27,31110.77,4118.40,3638.63,24647.10,19340.14,999.710000,4.35,40.200000
20210102,2021-01-02,2021,1,January,FQ4,FY20-21,Saturday,True,67,66,1,190,189,54701.41,54540.25,37663.68,161.16,1182.91,30131.65,24408.59,826.370000,1.49,44.620000
20201216,2020-12-16,2020,12,December,FQ3,FY20-21,Wednesday,False,60,57,3,177,171,54469.06,51836.00,37604.95,2633.06,197.71,28696.87,23139.14,909.400000,5.0,42.480000
20200721,2020-07-21,2020,7,July,FQ2,FY20-21,Tuesday,False,57,53,4,159,149,48257.36,44558.85,33982.86,3698.51,0.00,24476.20,20082.61,840.730000,7.02,41.620000
20230424,2023-04-24,2023,4,April,FQ1,FY23-24,Monday,False,65,62,3,214,206,65915.69,62792.19,54626.99,3123.50,312.25,33856.12,28936.20,1012.780000,4.62,43.900000
20200229,2020-02-29,2020,2,February,FQ4,FY19-20,Saturday,True,39,38,1,93,90,34938.81,32996.20,26406.32,1942.61,49.57,16897.29,16098.94,868.320000,2.56,46.080000
20230102,2023-01-02,2023,1,January,FQ4,FY22-23,Monday,False,51,50,1,159,155,44563.85,43563.57,33718.35,1000.28,1423.07,23532.27,20031.44,871.270000,1.96,44.950000
20220823,2022-08-23,2022,8,August,FQ2,FY22-23,Tuesday,False,48,46,2,152,147,43950.37,43048.77,28975.13,901.60,5393.96,23874.66,19174.14,935.840000,4.17,43.630000
20230209,2023-02-09,2023,2,February,FQ4,FY22-23,Thursday,False,60,58,2,204,196,65367.88,63558.63,56343.62,1809.25,2799.10,34422.75,29135.83,1095.840000,3.33,44.570000
20221231,2022-12-31,2022,12,December,FQ3,FY22-23,Saturday,True,54,53,1,189,188,67749.93,67265.87,59289.11,484.06,3176.77,36756.96,30508.86,1269.170000,1.85,45.030000
20230518,2023-05-18,2023,5,May,FQ1,FY23-24,Thursday,False,55,55,0,167,167,51470.04,51470.04,35122.92,0.00,0.00,27915.48,23554.58,935.820000,0.0,45.760000
20240725,2024-07-25,2024,7,July,FQ2,FY24-25,Thursday,False,45,43,2,127,124,43161.74,42742.49,25570.08,419.25,3175.82,23251.37,19491.24,994.010000,4.44,45.160000
20241205,2024-12-05,2024,12,December,FQ3,FY24-25,Thursday,False,58,54,4,154,143,52474.31,49136.38,37334.06,3337.93,519.08,26562.56,22573.76,909.930000,6.9,43.020000
20200212,2020-02-12,2020,2,February,FQ4,FY19-20,Wednesday,False,53,52,1,150,146,48779.17,48206.13,38310.17,573.04,2190.56,26456.83,21749.38,927.040000,1.89,44.590000
20210512,2021-05-12,2021,5,May,FQ1,FY21-22,Wednesday,False,58,56,2,177,171,61529.20,59313.72,50899.57,2215.48,3374.42,32380.53,26933.19,1059.170000,3.45,43.770000
20210210,2021-02-10,2021,2,February,FQ4,FY20-21,Wednesday,False,55,54,1,155,151,53490.83,52532.36,36371.05,958.47,284.93,28332.54,24199.82,972.820000,1.82,45.240000
20240520,2024-05-20,2024,5,May,FQ1,FY24-25,Monday,False,57,55,2,182,180,60217.14,59187.66,45149.00,1029.48,0.00,32053.36,27134.37,1076.140000,3.51,45.060000
20221222,2022-12-22,2022,12,December,FQ3,FY22-23,Thursday,False,54,53,1,149,148,36937.33,36860.63,25539.52,76.70,3912.18,20337.98,16522.77,695.480000,1.85,44.730000
20231101,2023-11-01,2023,11,November,FQ3,FY23-24,Wednesday,False,63,62,1,202,201,56610.38,56109.55,39420.52,500.83,5658.34,30392.02,25717.79,904.990000,1.59,45.430000
20220715,2022-07-15,2022,7,July,FQ2,FY22-23,Friday,False,44,43,1,127,123,35832.05,34587.90,27025.85,1244.15,2860.80,18695.04,15892.74,804.370000,2.27,44.350000
20230829,2023-08-29,2023,8,August,FQ2,FY23-24,Tuesday,False,52,52,0,179,179,59108.12,59108.12,45592.19,0.00,5008.88,32630.81,26477.47,1136.690000,0.0,44.790000
20240814,2024-08-14,2024,8,August,FQ2,FY24-25,Wednesday,False,62,59,3,186,176,61377.70,58531.56,47655.86,2846.14,4912.48,31976.46,26555.13,992.060000,4.84,43.270000
20210923,2021-09-23,2021,9,September,FQ2,FY21-22,Thursday,False,54,54,0,137,137,43635.72,43635.72,35673.26,0.00,3339.90,23218.16,20417.54,808.070000,0.0,46.790000
20240829,2024-08-29,2024,8,August,FQ2,FY24-25,Thursday,False,55,53,2,167,158,55439.51,52843.37,37113.23,2596.14,2991.92,27940.80,24902.60,997.040000,3.64,44.920000
20210720,2021-07-20,2021,7,July,FQ2,FY21-22,Tuesday,False,53,52,1,158,154,45045.34,42578.31,31582.53,2467.03,1323.77,23461.70,19116.68,818.810000,1.89,42.440000
20211230,2021-12-30,2021,12,December,FQ3,FY21-22,Thursday,False,52,51,1,177,172,49855.19,49255.23,36344.86,599.96,3039.98,26757.70,22497.67,965.790000,1.92,45.130000
20230725,2023-07-25,2023,7,July,FQ2,FY23-24,Tuesday,False,61,61,0,170,170,47454.87,47454.87,39902.14,0.00,590.46,25332.74,22122.29,777.950000,0.0,46.620000
20200923,2020-09-23,2020,9,September,FQ2,FY20-21,Wednesday,False,49,47,2,141,133,35582.77,32184.09,25968.94,3398.68,1610.31,17960.79,14223.43,684.770000,4.08,39.970000
20220106,2022-01-06,2022,1,January,FQ4,FY21-22,Thursday,False,51,49,2,163,157,51296.85,50506.01,43872.11,790.84,216.68,27345.61,23160.59,1030.730000,3.92,45.150000
20240507,2024-05-07,2024,5,May,FQ1,FY24-25,Tuesday,False,46,43,3,140,131,44644.92,42308.58,36394.37,2336.34,1464.64,23419.55,18889.00,983.920000,6.52,42.310000
20240728,2024-07-28,2024,7,July,FQ2,FY24-25,Sunday,True,61,60,1,183,180,57080.69,56825.21,46467.46,255.48,2687.53,30582.28,26242.93,947.090000,1.64,45.980000
20230507,2023-05-07,2023,5,May,FQ1,FY23-24,Sunday,True,65,62,3,183,176,48599.29,45969.63,36344.51,2629.66,1651.82,25361.66,20607.98,741.450000,4.62,42.400000
20200106,2020-01-06,2020,1,January,FQ4,FY19-20,Monday,False,60,58,2,165,160,57544.74,56440.32,41437.09,1104.42,2457.23,29854.34,26586.09,973.110000,3.33,46.200000
20210319,2021-03-19,2021,3,March,FQ4,FY20-21,Friday,False,49,48,1,147,146,47111.88,46760.39,27847.83,351.49,1676.87,26210.63,20549.83,974.170000,2.04,43.620000
20230319,2023-03-19,2023,3,March,FQ4,FY22-23,Sunday,True,55,53,2,174,169,60086.24,58646.36,39268.71,1439.88,2395.92,31454.76,27191.59,1106.540000,3.64,45.250000
20211111,2021-11-11,2021,11,November,FQ3,FY21-22,Thursday,False,56,52,4,184,168,54833.67,49393.46,37370.78,5440.21,2076.99,27255.33,22138.15,949.870000,7.14,40.370000
20220116,2022-01-16,2022,1,January,FQ4,FY21-22,Sunday,True,49,48,1,160,159,47739.65,47408.16,39726.42,331.49,1137.54,26437.72,20970.53,987.670000,2.04,43.930000
20230304,2023-03-04,2023,3,March,FQ4,FY22-23,Saturday,True,49,48,1,152,147,51125.81,48596.20,45739.51,2529.61,0.00,26039.40,22556.78,1012.420000,2.04,44.120000
20200715,2020-07-15,2020,7,July,FQ2,FY20-21,Wednesday,False,38,37,1,112,110,35885.50,34599.33,18813.40,1286.17,1482.41,18864.54,15734.81,935.120000,2.63,43.850000
20240928,2024-09-28,2024,9,September,FQ2,FY24-25,Saturday,True,44,40,4,129,115,41933.69,38570.38,31263.78,3363.31,437.78,21342.20,17228.24,964.260000,9.09,41.080000
20200601,2020-06-01,2020,6,June,FQ1,FY20-21,Monday,False,46,45,1,141,140,45927.37,45716.44,38845.72,210.93,2595.54,24538.66,21177.82,1015.920000,2.17,46.110000
20210908,2021-09-08,2021,9,September,FQ2,FY21-22,Wednesday,False,48,48,0,149,149,47941.85,47941.85,38073.08,0.00,84.30,25908.56,22033.40,998.790000,0.0,45.960000
20220104,2022-01-04,2022,1,January,FQ4,FY21-22,Tuesday,False,50,50,0,147,147,41228.82,41228.82,38493.78,0.00,972.58,22722.20,18506.69,824.580000,0.0,44.890000
20210715,2021-07-15,2021,7,July,FQ2,FY21-22,Thursday,False,49,45,4,153,138,52734.95,46983.98,31408.92,5750.97,2222.51,27052.06,19931.91,1044.090000,8.16,37.800000
20200722,2020-07-22,2020,7,July,FQ2,FY20-21,Wednesday,False,52,51,1,151,146,48405.67,46264.18,27680.43,2141.49,0.00,25518.62,20745.61,907.140000,1.92,42.860000
20211101,2021-11-01,2021,11,November,FQ3,FY21-22,Monday,False,45,43,2,143,133,40519.70,36640.55,27392.14,3879.15,0.00,20021.29,16619.36,852.110000,4.44,41.020000
20200908,2020-09-08,2020,9,September,FQ2,FY20-21,Tuesday,False,41,40,1,138,135,44081.38,43577.62,36857.38,503.76,1320.47,23365.72,20211.90,1089.440000,2.44,45.850000
20200725,2020-07-25,2020,7,July,FQ2,FY20-21,Saturday,True,68,67,1,215,211,58936.66,58605.44,47171.97,331.22,3841.29,32322.94,26282.54,874.710000,1.47,44.590000
20221022,2022-10-22,2022,10,October,FQ3,FY22-23,Saturday,True,59,59,0,184,184,57777.12,57777.12,49319.59,0.00,1866.91,31038.85,26738.31,979.270000,0.0,46.280000
20211004,2021-10-04,2021,10,October,FQ3,FY21-22,Monday,False,44,42,2,137,132,37317.38,35826.22,26589.75,1491.16,927.62,20130.57,15695.67,853.010000,4.55,42.060000
20240606,2024-06-06,2024,6,June,FQ1,FY24-25,Thursday,False,53,52,1,167,164,41007.56,40557.55,35382.64,450.01,0.00,21868.75,18688.89,779.950000,1.89,45.570000
20220517,2022-05-17,2022,5,May,FQ1,FY22-23,Tuesday,False,1188,1025,163,1235,1182,820339.12,736103.81,324460.63,84235.31,32273.29,331479.04,404624.90,718.150000,13.72,49.320000
20240710,2024-07-10,2024,7,July,FQ2,FY24-25,Wednesday,False,48,48,0,138,138,44090.37,44090.37,39863.77,0.00,360.19,23778.91,20311.62,918.550000,0.0,46.070000
20200111,2020-01-11,2020,1,January,FQ4,FY19-20,Saturday,True,57,57,0,162,162,48709.45,48709.45,38721.95,0.00,2638.43,26165.44,22543.99,854.550000,0.0,46.280000
20200705,2020-07-05,2020,7,July,FQ2,FY20-21,Sunday,True,55,53,2,175,172,58472.75,57819.87,53050.32,652.88,1484.68,31543.73,26276.16,1090.940000,3.64,44.940000
20230621,2023-06-21,2023,6,June,FQ1,FY23-24,Wednesday,False,48,45,3,139,129,46601.56,44977.02,37465.79,1624.54,1697.33,25026.12,19950.99,999.490000,6.25,42.810000
20220916,2022-09-16,2022,9,September,FQ2,FY22-23,Friday,False,67,63,4,174,166,51540.12,49338.45,39730.42,2201.67,2215.36,27118.46,22220.02,783.150000,5.97,43.110000
20220324,2022-03-24,2022,3,March,FQ4,FY21-22,Thursday,False,58,56,2,183,174,56149.67,53366.37,39238.42,2783.30,4330.45,29438.57,23927.98,952.970000,3.45,42.610000
20210111,2021-01-11,2021,1,January,FQ4,FY20-21,Monday,False,62,60,2,191,183,59372.64,55520.91,40366.01,3851.73,1095.93,31593.16,23927.86,925.350000,3.23,40.300000
20231104,2023-11-04,2023,11,November,FQ3,FY23-24,Saturday,True,62,59,3,191,183,55053.24,53721.67,45845.61,1331.57,2448.26,29369.43,24352.18,910.540000,4.84,44.230000
20240517,2024-05-17,2024,5,May,FQ1,FY24-25,Friday,False,57,56,1,168,166,52804.71,51795.98,41670.97,1008.73,676.84,28091.56,23704.42,924.930000,1.75,44.890000
20240621,2024-06-21,2024,6,June,FQ1,FY24-25,Friday,False,63,58,5,189,175,57546.58,53071.97,39252.12,4474.61,2069.82,28647.98,24424.11,915.030000,7.94,42.440000
20210225,2021-02-25,2021,2,February,FQ4,FY20-21,Thursday,False,57,56,1,174,172,57451.90,56649.38,43053.93,802.52,487.85,31430.70,25218.59,1011.600000,1.75,43.900000
20231118,2023-11-18,2023,11,November,FQ3,FY23-24,Saturday,True,65,62,3,198,189,55984.72,52239.93,36093.63,3744.79,781.47,27970.22,24269.91,842.580000,4.62,43.350000
20231116,2023-11-16,2023,11,November,FQ3,FY23-24,Thursday,False,62,60,2,197,190,57756.69,55567.92,39125.77,2188.77,2263.94,30425.81,25142.08,926.130000,3.23,43.530000
20230131,2023-01-31,2023,1,January,FQ4,FY22-23,Tuesday,False,55,54,1,169,168,55315.54,55162.06,40151.74,153.48,836.50,30608.11,24554.00,1021.520000,1.82,44.390000
20210527,2021-05-27,2021,5,May,FQ1,FY21-22,Thursday,False,55,55,0,149,149,42313.17,42313.17,24755.48,0.00,6821.42,22955.06,19358.12,769.330000,0.0,45.750000
20241225,2024-12-25,2024,12,December,FQ3,FY24-25,Wednesday,False,49,46,3,123,116,38416.21,36571.73,26562.46,1844.48,3074.91,19798.61,16773.12,795.040000,6.12,43.660000
20240527,2024-05-27,2024,5,May,FQ1,FY24-25,Monday,False,48,47,1,156,152,50153.19,47793.96,29439.80,2359.23,1774.29,25818.07,21975.92,1016.890000,2.08,43.820000
20240205,2024-02-05,2024,2,February,FQ4,FY23-24,Monday,False,42,42,0,122,122,37445.15,37445.15,31650.89,0.00,936.17,20900.85,16544.40,891.550000,0.0,44.180000
20230302,2023-03-02,2023,3,March,FQ4,FY22-23,Thursday,False,71,70,1,223,218,73420.49,72101.49,59097.73,1319.00,1249.13,38845.24,33256.36,1030.020000,1.41,45.300000
20230816,2023-08-16,2023,8,August,FQ2,FY23-24,Wednesday,False,60,58,2,166,160,52152.06,50646.09,37939.75,1505.97,2121.45,27378.33,23267.66,873.210000,3.33,44.620000
20220225,2022-02-25,2022,2,February,FQ4,FY21-22,Friday,False,56,55,1,156,154,46273.39,46236.67,34288.55,36.72,1260.49,25242.47,20994.26,840.670000,1.79,45.370000
20230710,2023-07-10,2023,7,July,FQ2,FY23-24,Monday,False,61,58,3,198,187,59227.62,55776.82,41540.09,3450.80,3064.64,32280.15,23496.73,961.670000,4.92,39.670000
20201024,2020-10-24,2020,10,October,FQ3,FY20-21,Saturday,True,50,49,1,154,149,49504.80,48788.82,37205.35,715.98,1364.74,25942.37,22846.64,995.690000,2.0,46.150000
20230510,2023-05-10,2023,5,May,FQ1,FY23-24,Wednesday,False,57,55,2,170,165,52346.20,50551.38,44283.27,1794.82,0.00,28354.97,22196.41,919.120000,3.51,42.400000
20230517,2023-05-17,2023,5,May,FQ1,FY23-24,Wednesday,False,62,61,1,178,177,58544.16,58104.41,46594.86,439.75,2285.40,31330.98,26773.45,952.530000,1.61,45.730000
20210918,2021-09-18,2021,9,September,FQ2,FY21-22,Saturday,True,63,61,2,192,185,61032.76,57196.52,39265.30,3836.24,43.91,30923.48,26273.24,937.650000,3.17,43.050000
20210324,2021-03-24,2021,3,March,FQ4,FY20-21,Wednesday,False,47,46,1,134,129,36807.15,34371.25,28560.71,2435.90,1773.39,18497.91,15873.38,747.200000,2.13,43.130000
20220111,2022-01-11,2022,1,January,FQ4,FY21-22,Tuesday,False,67,64,3,186,176,54163.88,52632.45,40766.93,1531.43,1435.69,28102.00,24530.66,822.380000,4.48,45.290000
20240502,2024-05-02,2024,5,May,FQ1,FY24-25,Thursday,False,44,42,2,140,132,43695.77,41038.57,30618.65,2657.20,0.00,21830.82,19207.79,977.110000,4.55,43.960000
20200527,2020-05-27,2020,5,May,FQ1,FY20-21,Wednesday,False,46,46,0,149,149,47047.47,47047.47,38161.23,0.00,539.08,26223.33,20824.21,1022.770000,0.0,44.260000
20220918,2022-09-18,2022,9,September,FQ2,FY22-23,Sunday,True,64,62,2,177,174,48991.00,48672.30,31065.93,318.70,3785.97,25774.98,22897.47,785.040000,3.13,46.740000
20211126,2021-11-26,2021,11,November,FQ3,FY21-22,Friday,False,53,52,1,160,156,43326.90,43109.05,36825.03,217.85,712.33,23695.11,19413.99,829.020000,1.89,44.810000
20240923,2024-09-23,2024,9,September,FQ2,FY24-25,Monday,False,52,52,0,156,156,48929.85,48929.85,38191.30,0.00,2186.42,28168.19,20761.60,940.960000,0.0,42.430000
20210903,2021-09-03,2021,9,September,FQ2,FY21-22,Friday,False,69,69,0,214,214,63487.39,63487.39,46241.76,0.00,2963.47,34372.92,29114.51,920.110000,0.0,45.860000
20230420,2023-04-20,2023,4,April,FQ1,FY23-24,Thursday,False,55,50,5,156,141,49809.88,45040.59,35077.85,4769.29,1004.17,24641.05,20399.48,900.810000,9.09,40.950000
20241116,2024-11-16,2024,11,November,FQ3,FY24-25,Saturday,True,67,65,2,211,206,54222.70,51383.99,39594.21,2838.71,3061.27,28744.27,22639.95,790.520000,2.99,41.750000
20200903,2020-09-03,2020,9,September,FQ2,FY20-21,Thursday,False,68,67,1,208,206,70143.17,70034.05,59965.99,109.12,167.78,38344.97,31689.22,1045.280000,1.47,45.180000
20240903,2024-09-03,2024,9,September,FQ2,FY24-25,Tuesday,False,47,46,1,112,110,33338.00,32785.94,24500.59,552.06,0.00,18195.46,14590.51,712.740000,2.13,43.770000
20220903,2022-09-03,2022,9,September,FQ2,FY22-23,Saturday,True,55,51,4,151,138,43489.80,39925.82,23727.18,3563.98,0.00,21388.23,18537.69,782.860000,7.27,42.630000
20230918,2023-09-18,2023,9,September,FQ2,FY23-24,Monday,False,62,60,2,191,186,53758.73,51961.53,36411.36,1797.20,282.53,28855.14,23106.46,866.030000,3.23,42.980000
20240715,2024-07-15,2024,7,July,FQ2,FY24-25,Monday,False,46,45,1,137,134,36892.86,35189.31,31453.13,1703.55,414.84,19695.48,15493.87,781.980000,2.17,42.000000
20230324,2023-03-24,2023,3,March,FQ4,FY22-23,Friday,False,47,45,2,139,129,35860.54,32881.69,27699.01,2978.85,0.00,18026.13,14855.59,730.700000,4.26,41.430000
20220131,2022-01-31,2022,1,January,FQ4,FY21-22,Monday,False,79,77,2,240,237,68488.29,67366.99,48305.51,1121.30,2154.25,37006.97,30360.09,874.900000,2.53,44.330000
20240302,2024-03-02,2024,3,March,FQ4,FY23-24,Saturday,True,48,46,2,155,147,45671.39,42803.35,38585.31,2868.04,0.00,23869.65,18933.71,930.510000,4.17,41.460000
20200131,2020-01-31,2020,1,January,FQ4,FY19-20,Friday,False,55,53,2,190,182,57262.80,55820.02,45049.89,1442.78,6847.20,30725.69,25094.38,1053.210000,3.64,43.820000
20230111,2023-01-11,2023,1,January,FQ4,FY22-23,Wednesday,False,63,59,4,179,164,56115.08,50051.57,41825.01,6063.51,371.51,26702.25,23349.48,848.330000,6.35,41.610000
20201126,2020-11-26,2020,11,November,FQ3,FY20-21,Thursday,False,56,56,0,162,162,53484.74,53484.74,49669.64,0.00,485.75,30308.86,23175.85,955.080000,0.0,43.330000
20200314,2020-03-14,2020,3,March,FQ4,FY19-20,Saturday,True,57,57,0,155,155,48347.66,48347.66,38002.35,0.00,807.27,26040.02,22307.74,848.200000,0.0,46.140000
20240111,2024-01-11,2024,1,January,FQ4,FY23-24,Thursday,False,48,46,2,143,136,46619.59,45142.24,36256.65,1477.35,0.00,23793.47,21348.88,981.350000,4.17,45.790000
20200514,2020-05-14,2020,5,May,FQ1,FY20-21,Thursday,False,45,44,1,156,152,45949.80,44922.18,42808.26,1027.62,910.19,24721.75,20200.51,1020.960000,2.22,43.960000
20210621,2021-06-21,2021,6,June,FQ1,FY21-22,Monday,False,58,58,0,168,168,50974.78,50974.78,37575.61,0.00,2349.86,28072.16,22902.78,878.880000,0.0,44.930000
20221126,2022-11-26,2022,11,November,FQ3,FY22-23,Saturday,True,56,53,3,154,148,49747.60,48814.34,35759.97,933.26,3275.57,26489.32,22325.13,921.030000,5.36,44.880000
20230527,2023-05-27,2023,5,May,FQ1,FY23-24,Saturday,True,54,53,1,161,156,51168.69,48722.84,39479.59,2445.85,3980.70,26785.04,21937.83,919.300000,1.85,42.870000
20230923,2023-09-23,2023,9,September,FQ2,FY23-24,Saturday,True,48,47,1,144,140,40414.52,39128.54,27476.41,1285.98,794.25,21607.53,17521.10,832.520000,2.08,43.350000
20211212,2021-12-12,2021,12,December,FQ3,FY21-22,Sunday,True,47,46,1,122,121,34189.32,33736.87,26063.24,452.45,888.99,18393.21,15343.62,733.410000,2.13,44.880000
20200225,2020-02-25,2020,2,February,FQ4,FY19-20,Tuesday,False,49,46,3,154,147,46510.95,44598.03,36264.17,1912.92,0.00,24285.60,20312.64,969.520000,6.12,43.670000
20220412,2022-04-12,2022,4,April,FQ1,FY22-23,Tuesday,False,4346,4121,225,12567,12482,1766298.88,1671645.34,1092913.10,88846.54,31512.98,1114884.80,554317.51,405.640000,5.18,31.380000
20220525,2022-05-25,2022,5,May,FQ1,FY22-23,Wednesday,False,1267,1111,156,1368,1305,884323.02,815428.25,206657.86,68894.77,12880.17,371730.77,443697.66,733.960000,12.31,50.170000
20220506,2022-05-06,2022,5,May,FQ1,FY22-23,Friday,False,1334,1188,146,1401,1344,945629.63,883383.34,246725.51,62246.29,15971.94,407968.97,475414.44,743.590000,10.94,50.270000
20200104,2020-01-04,2020,1,January,FQ4,FY19-20,Saturday,True,59,56,3,197,189,58572.99,56365.03,35494.78,2207.96,6606.10,30078.41,26286.66,1006.520000,5.08,44.880000
20210901,2021-09-01,2021,9,September,FQ2,FY21-22,Wednesday,False,52,47,5,153,136,46069.32,41246.47,35350.52,4822.85,465.49,22422.07,18824.37,877.580000,9.62,40.860000
20210629,2021-06-29,2021,6,June,FQ1,FY21-22,Tuesday,False,53,51,2,164,158,52436.64,49995.00,41180.99,2441.64,2362.12,27568.62,22426.52,980.290000,3.77,42.770000
20200901,2020-09-01,2020,9,September,FQ2,FY20-21,Tuesday,False,64,60,4,206,192,59931.99,53381.89,43602.64,6550.10,118.19,29747.09,23634.68,889.700000,6.25,39.440000
20200103,2020-01-03,2020,1,January,FQ4,FY19-20,Friday,False,47,46,1,146,142,40744.16,40477.85,28471.11,266.31,896.52,22875.08,17602.76,879.950000,2.13,43.200000
20230818,2023-08-18,2023,8,August,FQ2,FY23-24,Friday,False,51,47,4,147,138,49632.94,46972.34,37036.62,2660.60,1419.33,25054.89,21917.50,999.410000,7.84,44.160000
20201124,2020-11-24,2020,11,November,FQ3,FY20-21,Tuesday,False,67,64,3,220,210,70248.26,68235.60,51881.88,2012.66,1219.16,36205.77,32029.97,1066.180000,4.48,45.600000
20230708,2023-07-08,2023,7,July,FQ2,FY23-24,Saturday,True,68,65,3,194,184,54196.04,51662.38,35768.58,2533.66,1717.07,27457.28,24205.05,794.810000,4.41,44.660000
20230305,2023-03-05,2023,3,March,FQ4,FY22-23,Sunday,True,48,47,1,136,132,41640.29,41115.04,28557.39,525.25,2001.46,22750.43,18364.72,874.790000,2.08,44.100000
20210315,2021-03-15,2021,3,March,FQ4,FY20-21,Monday,False,44,43,1,123,121,31465.41,30816.52,26241.13,648.89,384.81,16965.29,13851.26,716.660000,2.27,44.020000
20220721,2022-07-21,2022,7,July,FQ2,FY22-23,Thursday,False,41,41,0,134,134,37842.25,37842.25,28019.00,0.00,323.76,21217.36,16625.02,922.980000,0.0,43.930000
20200518,2020-05-18,2020,5,May,FQ1,FY20-21,Monday,False,58,58,0,161,161,47041.62,47041.62,32225.02,0.00,3166.76,25553.20,21488.45,811.060000,0.0,45.680000
20201117,2020-11-17,2020,11,November,FQ3,FY20-21,Tuesday,False,45,45,0,124,124,35528.93,35528.93,23626.78,0.00,0.00,18992.21,16536.74,789.530000,0.0,46.540000
20231023,2023-10-23,2023,10,October,FQ3,FY23-24,Monday,False,55,54,1,198,195,63210.48,61596.70,53627.90,1613.78,0.00,33378.90,28217.89,1140.680000,1.82,44.640000
20230407,2023-04-07,2023,4,April,FQ1,FY23-24,Friday,False,58,56,2,174,169,53313.17,50988.97,34089.73,2324.20,3363.97,28019.91,22969.00,910.520000,3.45,43.080000
20230122,2023-01-22,2023,1,January,FQ4,FY22-23,Sunday,True,55,54,1,172,168,46220.39,45742.26,41363.51,478.13,205.64,24863.98,20878.36,847.080000,1.82,45.170000
20220615,2022-06-15,2022,6,June,FQ1,FY22-23,Wednesday,False,1239,1059,180,1261,1202,829791.53,763793.20,204803.12,65998.33,14930.84,346061.24,417732.01,721.240000,14.53,50.340000
20231122,2023-11-22,2023,11,November,FQ3,FY23-24,Wednesday,False,44,42,2,127,121,43500.80,41470.37,34754.20,2030.43,849.70,22555.68,18914.72,987.390000,4.55,43.480000
20230815,2023-08-15,2023,8,August,FQ2,FY23-24,Tuesday,False,45,42,3,123,115,39333.49,36936.26,30042.53,2397.23,278.50,20294.88,16641.36,879.430000,6.67,42.310000
20240914,2024-09-14,2024,9,September,FQ2,FY24-25,Saturday,True,48,47,1,127,126,39914.00,39352.16,27226.10,561.84,1554.61,20898.74,18453.57,837.280000,2.08,46.230000
20230615,2023-06-15,2023,6,June,FQ1,FY23-24,Thursday,False,47,43,4,137,125,44398.64,38938.55,31170.10,5460.09,1530.25,21376.77,17561.88,905.550000,8.51,39.550000
20220513,2022-05-13,2022,5,May,FQ1,FY22-23,Friday,False,1096,924,172,1185,1127,796960.12,703567.03,301694.54,93393.09,15864.45,315241.39,388325.88,761.440000,15.69,48.730000
20210914,2021-09-14,2021,9,September,FQ2,FY21-22,Tuesday,False,66,64,2,182,177,56743.53,55977.12,44987.18,766.41,1859.37,30175.01,25802.15,874.640000,3.03,45.470000
20240511,2024-05-11,2024,5,May,FQ1,FY24-25,Saturday,True,42,41,1,116,111,32475.18,29358.76,26639.71,3116.42,913.80,15832.61,13526.23,716.070000,2.38,41.650000
20200706,2020-07-06,2020,7,July,FQ2,FY20-21,Monday,False,55,53,2,163,158,45827.92,43822.90,34308.27,2005.02,2036.73,24473.92,19348.96,826.850000,3.64,42.220000
20241209,2024-12-09,2024,12,December,FQ3,FY24-25,Monday,False,50,49,1,151,148,49256.29,48941.08,33028.93,315.21,683.89,26651.74,22289.45,998.800000,2.0,45.250000
20230310,2023-03-10,2023,3,March,FQ4,FY22-23,Friday,False,60,60,0,202,202,64672.21,64672.21,50229.72,0.00,1192.88,35557.18,29115.14,1077.870000,0.0,45.020000
20211127,2021-11-27,2021,11,November,FQ3,FY21-22,Saturday,True,50,49,1,156,154,46848.71,45830.65,40523.36,1018.06,1222.63,24841.34,20989.34,935.320000,2.0,44.800000
20240320,2024-03-20,2024,3,March,FQ4,FY23-24,Wednesday,False,66,63,3,170,159,46638.00,43758.55,34375.65,2879.45,531.79,24361.54,19397.10,694.580000,4.55,41.590000
20211102,2021-11-02,2021,11,November,FQ3,FY21-22,Tuesday,False,52,50,2,142,135,37238.59,35679.51,25360.72,1559.08,0.00,19470.24,16209.25,713.590000,3.85,43.530000
20210404,2021-04-04,2021,4,April,FQ1,FY21-22,Sunday,True,55,52,3,160,155,48703.59,47209.95,37557.91,1493.64,729.04,25594.99,21615.07,907.880000,5.45,44.380000
20200726,2020-07-26,2020,7,July,FQ2,FY20-21,Sunday,True,56,56,0,184,184,61056.82,61056.82,39599.77,0.00,0.00,32800.52,28256.46,1090.300000,0.0,46.280000
20211229,2021-12-29,2021,12,December,FQ3,FY21-22,Wednesday,False,41,38,3,133,121,36427.39,31725.14,20849.57,4702.25,1633.32,17216.00,14509.10,834.870000,7.32,39.830000
20230404,2023-04-04,2023,4,April,FQ1,FY23-24,Tuesday,False,51,49,2,148,141,47389.89,45372.83,37052.02,2017.06,654.59,24276.60,21096.34,925.980000,3.92,44.520000
20201112,2020-11-12,2020,11,November,FQ3,FY20-21,Thursday,False,61,59,2,168,164,43140.61,41563.70,31056.91,1576.91,325.58,22665.36,18898.53,704.470000,3.28,43.810000
20210706,2021-07-06,2021,7,July,FQ2,FY21-22,Tuesday,False,56,56,0,173,173,48223.84,48223.84,39665.45,0.00,501.32,26249.12,21974.86,861.140000,0.0,45.570000
20240919,2024-09-19,2024,9,September,FQ2,FY24-25,Thursday,False,59,54,5,186,169,52817.24,49539.43,32313.07,3277.81,0.00,27305.39,22234.08,917.400000,8.47,42.100000
20241008,2024-10-08,2024,10,October,FQ3,FY24-25,Tuesday,False,49,48,1,143,138,49038.88,48835.03,34409.83,203.85,5827.55,26679.53,22155.57,1017.400000,2.04,45.180000
20240117,2024-01-17,2024,1,January,FQ4,FY23-24,Wednesday,False,39,38,1,125,122,42527.74,42383.01,30770.91,144.73,5902.93,22579.76,19803.29,1115.340000,2.56,46.570000
20230726,2023-07-26,2023,7,July,FQ2,FY23-24,Wednesday,False,63,59,4,182,165,45398.41,42622.27,36272.49,2776.14,0.00,23500.06,19122.44,722.410000,6.35,42.120000
20230919,2023-09-19,2023,9,September,FQ2,FY23-24,Tuesday,False,56,55,1,189,188,57534.66,57159.63,43549.81,375.03,518.29,31841.29,25318.40,1039.270000,1.79,44.010000
20210107,2021-01-07,2021,1,January,FQ4,FY20-21,Thursday,False,50,48,2,156,147,54513.84,49371.24,30843.32,5142.60,447.33,26587.48,22783.78,1028.570000,4.0,41.790000
20220919,2022-09-19,2022,9,September,FQ2,FY22-23,Monday,False,60,59,1,183,178,58741.27,57511.52,44841.36,1229.75,1227.90,31200.20,26311.42,974.770000,1.67,44.790000
20231008,2023-10-08,2023,10,October,FQ3,FY23-24,Sunday,True,44,42,2,135,131,45883.47,44307.38,28089.92,1576.09,0.00,23983.09,20324.37,1054.940000,4.55,44.300000
20230706,2023-07-06,2023,7,July,FQ2,FY23-24,Thursday,False,60,59,1,190,187,60463.73,59587.12,44988.83,876.61,2807.05,32877.48,26709.72,1009.950000,1.67,44.170000
20240303,2024-03-03,2024,3,March,FQ4,FY23-24,Sunday,True,60,57,3,169,164,50490.26,48845.82,40728.34,1644.44,167.95,27060.93,21784.89,856.940000,5.0,43.150000
20240813,2024-08-13,2024,8,August,FQ2,FY24-25,Tuesday,False,68,68,0,185,185,50863.19,50863.19,43689.87,0.00,2922.23,28279.15,22584.08,747.990000,0.0,44.400000
20200612,2020-06-12,2020,6,June,FQ1,FY20-21,Friday,False,48,46,2,129,127,38743.35,38109.25,25675.66,634.10,1567.30,20648.78,17460.46,828.460000,4.17,45.070000
20200404,2020-04-04,2020,4,April,FQ1,FY20-21,Saturday,True,55,52,3,167,159,51059.05,48935.50,39112.69,2123.55,1170.02,26958.26,21977.36,941.070000,5.45,43.040000
20230914,2023-09-14,2023,9,September,FQ2,FY23-24,Thursday,False,52,51,1,152,148,40829.66,39070.28,32018.47,1759.38,355.62,21390.87,17679.35,766.080000,1.92,43.300000
20210605,2021-06-05,2021,6,June,FQ1,FY21-22,Saturday,True,70,66,4,224,213,58428.47,57080.82,42309.96,1347.65,769.42,31281.01,25799.84,864.860000,5.71,44.160000
20200929,2020-09-29,2020,9,September,FQ2,FY20-21,Tuesday,False,61,60,1,199,194,55141.05,53946.84,35432.74,1194.21,407.64,28686.38,25260.50,899.110000,1.64,45.810000
20211008,2021-10-08,2021,10,October,FQ3,FY21-22,Friday,False,43,42,1,118,115,37406.35,36330.75,25428.01,1075.60,1387.16,20523.39,15807.47,865.020000,2.33,42.260000
20240711,2024-07-11,2024,7,July,FQ2,FY24-25,Thursday,False,50,49,1,158,153,37208.17,37098.72,29841.75,109.45,1032.41,19472.63,17626.10,757.120000,2.0,47.370000
20210417,2021-04-17,2021,4,April,FQ1,FY21-22,Saturday,True,51,50,1,158,154,44736.03,42773.75,36419.79,1962.28,0.00,24041.38,18732.50,855.480000,1.96,41.870000
20210719,2021-07-19,2021,7,July,FQ2,FY21-22,Monday,False,64,63,1,197,196,65722.13,65351.44,40425.95,370.69,2796.54,35516.44,29835.03,1037.320000,1.56,45.400000
20240706,2024-07-06,2024,7,July,FQ2,FY24-25,Saturday,True,55,54,1,150,146,44707.39,42624.77,28522.60,2082.62,693.29,24018.56,18606.32,789.350000,1.82,41.620000
20210929,2021-09-29,2021,9,September,FQ2,FY21-22,Wednesday,False,52,52,0,150,150,45206.18,45206.18,40912.89,0.00,437.99,25041.12,20165.20,869.350000,0.0,44.610000
20240405,2024-04-05,2024,4,April,FQ1,FY24-25,Friday,False,61,59,2,183,180,58503.28,57148.44,47337.28,1354.84,3807.51,31259.67,25888.81,968.620000,3.28,44.250000
20230511,2023-05-11,2023,5,May,FQ1,FY23-24,Thursday,False,52,51,1,152,150,52602.11,51567.08,44412.61,1035.03,2479.31,28021.11,23546.08,1011.120000,1.92,44.760000
20201122,2020-11-22,2020,11,November,FQ3,FY20-21,Sunday,True,63,59,4,193,180,62286.36,56835.10,44443.41,5451.26,3575.05,31091.77,25743.41,963.310000,6.35,41.330000
20210726,2021-07-26,2021,7,July,FQ2,FY21-22,Monday,False,51,49,2,135,132,43465.79,42501.78,32671.52,964.01,3346.70,22636.18,19865.66,867.380000,3.92,45.700000
20210612,2021-06-12,2021,6,June,FQ1,FY21-22,Saturday,True,52,51,1,143,142,55235.52,55171.76,39418.84,63.76,0.00,29630.26,25541.60,1081.800000,1.92,46.240000
20210310,2021-03-10,2021,3,March,FQ4,FY20-21,Wednesday,False,56,56,0,163,163,54522.18,54522.18,40170.12,0.00,205.10,29944.56,24577.78,973.610000,0.0,45.080000
20200820,2020-08-20,2020,8,August,FQ2,FY20-21,Thursday,False,56,53,3,177,172,59557.40,57315.53,42827.92,2241.87,4652.89,31411.40,25904.26,1081.430000,5.36,43.490000
20200914,2020-09-14,2020,9,September,FQ2,FY20-21,Monday,False,70,69,1,200,196,59282.86,57018.49,37090.22,2264.37,3088.03,31543.78,25474.76,826.350000,1.43,42.970000
20241102,2024-11-02,2024,11,November,FQ3,FY24-25,Saturday,True,57,56,1,176,173,44080.29,43076.00,37343.59,1004.29,0.00,23392.92,19683.20,769.210000,1.75,44.650000
20231127,2023-11-27,2023,11,November,FQ3,FY23-24,Monday,False,53,52,1,154,150,36034.46,34965.60,24333.68,1068.86,1120.43,18971.78,15993.96,672.420000,1.89,44.390000
20221112,2022-11-12,2022,11,November,FQ3,FY22-23,Saturday,True,57,55,2,190,183,58212.23,56061.13,35368.05,2151.10,4276.10,29807.73,26253.54,1019.290000,3.51,45.100000
20230513,2023-05-13,2023,5,May,FQ1,FY23-24,Saturday,True,45,43,2,137,133,45198.12,43446.54,26998.49,1751.58,6349.45,23870.68,19575.89,1010.380000,4.44,43.310000
20221209,2022-12-09,2022,12,December,FQ3,FY22-23,Friday,False,37,37,0,118,118,36294.23,36294.23,28427.03,0.00,881.56,20160.85,16133.58,980.930000,0.0,44.450000
20211122,2021-11-22,2021,11,November,FQ3,FY21-22,Monday,False,55,52,3,156,148,47293.51,46122.30,40422.74,1171.21,1386.85,25102.83,21019.47,886.970000,5.45,44.440000
20200523,2020-05-23,2020,5,May,FQ1,FY20-21,Saturday,True,48,47,1,110,109,35186.91,35163.45,27743.03,23.46,2544.87,18569.22,16594.39,748.160000,2.08,47.160000
20241021,2024-10-21,2024,10,October,FQ3,FY24-25,Monday,False,50,48,2,158,152,50647.13,48520.09,36917.25,2127.04,3973.95,26631.51,21888.64,1010.840000,4.0,43.220000
20220726,2022-07-26,2022,7,July,FQ2,FY22-23,Tuesday,False,55,55,0,170,170,56043.81,56043.81,45554.35,0.00,1239.35,30397.16,25646.64,1018.980000,0.0,45.760000
20240325,2024-03-25,2024,3,March,FQ4,FY23-24,Monday,False,52,51,1,180,175,57974.90,56626.18,45454.53,1348.72,3716.72,31216.48,25409.76,1110.320000,1.92,43.830000
20221127,2022-11-27,2022,11,November,FQ3,FY22-23,Sunday,True,55,53,2,182,180,53467.45,53307.26,37961.11,160.19,1644.98,29713.34,23594.01,1005.800000,3.64,44.130000
20210419,2021-04-19,2021,4,April,FQ1,FY21-22,Monday,False,62,56,6,173,157,54834.96,48286.42,37954.91,6548.54,2738.21,25525.97,22760.49,862.260000,9.68,41.510000
20230719,2023-07-19,2023,7,July,FQ2,FY23-24,Wednesday,False,62,61,1,188,185,59754.76,58845.95,42664.94,908.81,365.08,31539.14,27306.83,964.690000,1.61,45.700000
20200419,2020-04-19,2020,4,April,FQ1,FY20-21,Sunday,True,60,59,1,197,195,69106.79,67924.62,45362.20,1182.17,7034.40,36198.87,31725.78,1151.260000,1.67,45.910000
20210927,2021-09-27,2021,9,September,FQ2,FY21-22,Monday,False,40,38,2,107,104,34282.29,33280.64,25887.69,1001.65,250.40,18745.06,14535.68,875.810000,5.0,42.400000
20200310,2020-03-10,2020,3,March,FQ4,FY19-20,Tuesday,False,45,42,3,124,114,33535.38,30719.68,24843.92,2815.70,363.64,16631.39,14088.43,731.420000,6.67,42.010000
20220325,2022-03-25,2022,3,March,FQ4,FY21-22,Friday,False,47,46,1,140,135,43356.10,40914.95,33810.58,2441.15,3493.76,22376.22,18538.86,889.460000,2.13,42.760000
20220409,2022-04-09,2022,4,April,FQ1,FY22-23,Saturday,True,10343,10118,225,20100,20013,2487218.10,2380748.03,1701730.64,99490.07,16277.91,1719704.29,653263.43,235.300000,2.18,26.260000
20220315,2022-03-15,2022,3,March,FQ4,FY21-22,Tuesday,False,52,52,0,149,149,52300.84,52300.84,40264.04,0.00,2590.46,27736.04,24564.73,1005.790000,0.0,46.970000
20230322,2023-03-22,2023,3,March,FQ4,FY22-23,Wednesday,False,55,54,1,174,169,56762.38,55824.56,44249.42,937.82,327.45,29771.80,26052.88,1033.790000,1.82,45.900000
20240624,2024-06-24,2024,6,June,FQ1,FY24-25,Monday,False,46,46,0,145,145,40640.81,40640.81,32184.08,0.00,394.77,22358.50,18282.49,883.500000,0.0,44.990000
20230508,2023-05-08,2023,5,May,FQ1,FY23-24,Monday,False,48,47,1,141,139,42984.21,42879.07,35219.01,105.14,0.00,23294.43,19584.85,912.320000,2.08,45.560000
20210920,2021-09-20,2021,9,September,FQ2,FY21-22,Monday,False,44,41,3,124,120,35672.52,34300.08,28200.91,1372.44,1764.80,18498.62,15801.41,836.590000,6.82,44.300000
20200516,2020-05-16,2020,5,May,FQ1,FY20-21,Saturday,True,46,46,0,131,131,40739.55,40739.55,29109.22,0.00,229.95,22629.82,18109.72,885.640000,0.0,44.450000
20220909,2022-09-09,2022,9,September,FQ2,FY22-23,Friday,False,60,59,1,196,193,65446.30,65297.78,53485.25,148.52,3848.89,35051.59,30246.16,1106.740000,1.67,46.220000
20200208,2020-02-08,2020,2,February,FQ4,FY19-20,Saturday,True,47,45,2,149,143,42336.88,39331.87,25373.80,3005.01,455.79,22143.62,17188.29,874.040000,4.26,40.600000
20200907,2020-09-07,2020,9,September,FQ2,FY20-21,Monday,False,47,45,2,135,128,41588.33,38975.46,29260.97,2612.87,1983.11,22040.19,16935.29,866.120000,4.26,40.720000
20240930,2024-09-30,2024,9,September,FQ2,FY24-25,Monday,False,54,53,1,154,151,47558.07,47454.36,39586.44,103.71,129.69,25436.10,22018.17,895.370000,1.85,46.300000
20241202,2024-12-02,2024,12,December,FQ3,FY24-25,Monday,False,56,54,2,159,157,47101.14,46472.36,29587.32,628.78,3957.62,25011.55,21460.93,860.600000,3.57,45.560000
20210802,2021-08-02,2021,8,August,FQ2,FY21-22,Monday,False,58,56,2,175,169,60534.68,57536.85,43043.22,2997.83,2971.70,30952.19,26584.68,1027.440000,3.45,43.920000
20200209,2020-02-09,2020,2,February,FQ4,FY19-20,Sunday,True,48,48,0,141,141,39602.40,39602.40,31275.10,0.00,0.00,21638.88,17963.69,825.050000,0.0,45.360000
20201214,2020-12-14,2020,12,December,FQ3,FY20-21,Monday,False,59,59,0,176,176,49534.62,49534.62,39441.57,0.00,282.12,27486.97,22047.75,839.570000,0.0,44.510000
20230601,2023-06-01,2023,6,June,FQ1,FY23-24,Thursday,False,43,42,1,125,123,36626.59,35585.90,29933.93,1040.69,148.60,20252.33,15333.66,847.280000,2.33,41.860000
20210428,2021-04-28,2021,4,April,FQ1,FY21-22,Wednesday,False,44,43,1,137,135,43152.21,42991.62,36552.63,160.59,623.64,22743.46,20248.17,999.810000,2.27,46.920000
20211117,2021-11-17,2021,11,November,FQ3,FY21-22,Wednesday,False,51,49,2,156,154,41528.02,41011.94,29751.22,516.08,0.00,22058.36,18953.63,836.980000,3.92,45.640000
20210530,2021-05-30,2021,5,May,FQ1,FY21-22,Sunday,True,62,59,3,154,145,47595.10,45233.21,36749.72,2361.89,121.88,24670.02,20563.20,766.660000,4.84,43.200000
20240504,2024-05-04,2024,5,May,FQ1,FY24-25,Saturday,True,55,54,1,158,156,52190.25,51587.04,43784.11,603.21,457.73,27346.49,24240.55,955.320000,1.82,46.450000
20211125,2021-11-25,2021,11,November,FQ3,FY21-22,Thursday,False,48,44,4,141,130,43059.28,38041.07,27650.69,5018.21,0.00,20692.27,17348.72,864.570000,8.33,40.290000
20200531,2020-05-31,2020,5,May,FQ1,FY20-21,Sunday,True,59,58,1,178,175,56749.19,55176.26,40114.95,1572.93,0.00,30953.30,24222.95,951.310000,1.69,42.680000
20230422,2023-04-22,2023,4,April,FQ1,FY23-24,Saturday,True,53,51,2,162,155,55549.17,53380.22,36414.16,2168.95,2037.96,28729.03,24651.32,1046.670000,3.77,44.380000
20210531,2021-05-31,2021,5,May,FQ1,FY21-22,Monday,False,62,60,2,189,180,52192.13,47807.38,29499.70,4384.75,0.00,25516.86,22290.53,796.790000,3.23,42.710000
20201017,2020-10-17,2020,10,October,FQ3,FY20-21,Saturday,True,50,47,3,159,150,42491.15,39345.64,33684.26,3145.51,0.00,21785.66,17560.08,837.140000,6.0,41.330000
20230329,2023-03-29,2023,3,March,FQ4,FY22-23,Wednesday,False,51,51,0,140,140,36823.34,36823.34,29196.77,0.00,39.72,19970.55,16852.88,722.030000,0.0,45.770000
20241030,2024-10-30,2024,10,October,FQ3,FY24-25,Wednesday,False,37,37,0,116,116,36112.55,36112.55,22517.43,0.00,399.85,20545.86,15566.63,976.010000,0.0,43.110000
20220222,2022-02-22,2022,2,February,FQ4,FY21-22,Tuesday,False,59,58,1,177,172,53823.85,53062.83,41370.41,761.02,3896.62,28662.93,24399.80,914.880000,1.69,45.330000
20220118,2022-01-18,2022,1,January,FQ4,FY21-22,Tuesday,False,62,58,4,174,162,54400.18,50550.94,38338.54,3849.24,431.12,27347.82,23203.28,871.570000,6.45,42.650000
20211108,2021-11-08,2021,11,November,FQ3,FY21-22,Monday,False,48,48,0,151,151,47140.42,47140.42,31503.80,0.00,0.00,25707.47,21433.07,982.090000,0.0,45.470000
20240709,2024-07-09,2024,7,July,FQ2,FY24-25,Tuesday,False,52,50,2,143,138,41762.82,41074.85,29446.59,687.97,2355.78,22888.32,18186.49,821.500000,3.85,43.550000
20210208,2021-02-08,2021,2,February,FQ4,FY20-21,Monday,False,58,56,2,183,174,64346.97,62327.01,54418.01,2019.96,2213.92,33420.44,28906.54,1112.980000,3.45,44.920000
20200328,2020-03-28,2020,3,March,FQ4,FY19-20,Saturday,True,62,60,2,177,169,56369.53,54377.98,46003.51,1991.55,510.05,30021.68,24356.17,906.300000,3.23,43.210000
20240318,2024-03-18,2024,3,March,FQ4,FY23-24,Monday,False,45,43,2,142,135,34924.61,33794.79,24002.04,1129.82,1368.44,18361.59,15433.24,785.930000,4.44,44.190000
20210105,2021-01-05,2021,1,January,FQ4,FY20-21,Tuesday,False,56,55,1,173,172,45350.57,45010.34,33832.28,340.23,304.70,24164.46,20845.90,818.370000,1.79,45.970000
20200108,2020-01-08,2020,1,January,FQ4,FY19-20,Wednesday,False,49,49,0,153,153,48340.22,48340.22,42664.02,0.00,2687.41,27168.28,21171.99,986.540000,0.0,43.800000
20210904,2021-09-04,2021,9,September,FQ2,FY21-22,Saturday,True,46,45,1,138,133,40249.38,39609.06,28574.40,640.32,0.00,21360.53,18248.64,880.200000,2.17,45.340000
20241117,2024-11-17,2024,11,November,FQ3,FY24-25,Sunday,True,48,46,2,151,147,43172.48,41910.30,31810.32,1262.18,0.00,23767.43,18142.95,911.090000,4.17,42.020000
20201010,2020-10-10,2020,10,October,FQ3,FY20-21,Saturday,True,49,46,3,161,149,45112.03,41777.46,34790.24,3334.57,2165.03,22888.61,18888.84,908.210000,6.12,41.870000
20240701,2024-07-01,2024,7,July,FQ2,FY24-25,Monday,False,54,52,2,152,150,45652.60,45346.56,33577.17,306.04,1161.55,25456.33,19890.30,872.050000,3.7,43.570000
20240114,2024-01-14,2024,1,January,FQ4,FY23-24,Sunday,True,52,48,4,149,134,41181.29,37601.89,27137.33,3579.40,605.92,20641.24,16960.80,783.370000,7.69,41.190000
20200228,2020-02-28,2020,2,February,FQ4,FY19-20,Friday,False,52,51,1,157,152,45317.64,43350.29,34949.13,1967.35,528.90,23520.18,19830.18,850.010000,1.92,43.760000
20210309,2021-03-09,2021,3,March,FQ4,FY20-21,Tuesday,False,63,60,3,191,184,57124.27,53442.15,44922.00,3682.12,0.00,29392.74,24049.37,890.700000,4.76,42.100000
20230118,2023-01-18,2023,1,January,FQ4,FY22-23,Wednesday,False,68,64,4,203,192,59812.11,57938.48,46548.42,1873.63,1893.33,31256.29,26682.31,905.290000,5.88,44.610000
20200115,2020-01-15,2020,1,January,FQ4,FY19-20,Wednesday,False,42,39,3,135,126,43882.94,40340.45,29561.44,3542.49,3491.21,21582.28,18758.18,1034.370000,7.14,42.750000
20201110,2020-11-10,2020,11,November,FQ3,FY20-21,Tuesday,False,53,52,1,158,156,46636.93,45927.38,32718.32,709.55,4490.71,25171.52,20756.02,883.220000,1.89,44.510000
20210709,2021-07-09,2021,7,July,FQ2,FY21-22,Friday,False,69,68,1,220,216,62303.38,61795.81,45848.45,507.57,900.82,32765.14,29030.85,908.760000,1.45,46.600000
20210122,2021-01-22,2021,1,January,FQ4,FY20-21,Friday,False,57,56,1,167,163,48338.43,46320.01,40235.61,2018.42,542.18,25436.42,20883.77,827.140000,1.75,43.200000
20230907,2023-09-07,2023,9,September,FQ2,FY23-24,Thursday,False,59,56,3,173,168,46024.57,45171.15,36035.86,853.42,1015.67,23894.63,21276.73,806.630000,5.08,46.230000
20231120,2023-11-20,2023,11,November,FQ3,FY23-24,Monday,False,56,54,2,168,162,50389.68,49621.22,37444.22,768.46,2826.02,26602.71,23018.49,918.910000,3.57,45.680000
20240531,2024-05-31,2024,5,May,FQ1,FY24-25,Friday,False,50,50,0,166,166,46277.77,46277.77,41383.73,0.00,606.01,24990.16,21287.64,925.560000,0.0,46.000000
20220322,2022-03-22,2022,3,March,FQ4,FY21-22,Tuesday,False,51,48,3,167,159,55089.29,52809.83,45268.57,2279.46,0.00,27340.79,25469.13,1100.200000,5.88,46.230000
20220426,2022-04-26,2022,4,April,FQ1,FY22-23,Tuesday,False,1516,1313,203,1570,1522,963908.19,885231.16,372036.24,78677.03,23222.00,410088.56,475142.73,674.200000,13.39,49.290000
20220511,2022-05-11,2022,5,May,FQ1,FY22-23,Wednesday,False,1153,989,164,1189,1138,783175.74,709153.95,293289.19,74021.79,18638.76,319221.15,389932.69,717.040000,14.22,49.790000
20231102,2023-11-02,2023,11,November,FQ3,FY23-24,Thursday,False,58,57,1,150,146,47825.99,47238.10,40674.15,587.89,3407.92,25021.33,22216.77,828.740000,1.72,46.450000
20230805,2023-08-05,2023,8,August,FQ2,FY23-24,Saturday,True,70,68,2,212,206,63168.52,59942.40,45883.79,3226.12,231.20,32221.30,27721.23,881.510000,2.86,43.880000
20220120,2022-01-20,2022,1,January,FQ4,FY21-22,Thursday,False,43,43,0,139,139,49388.22,49388.22,33178.49,0.00,0.00,26777.17,22611.08,1148.560000,0.0,45.780000
20200719,2020-07-19,2020,7,July,FQ2,FY20-21,Sunday,True,58,56,2,167,162,49353.36,48029.87,35273.79,1323.49,0.00,25760.02,22270.03,857.680000,3.45,45.120000
20200906,2020-09-06,2020,9,September,FQ2,FY20-21,Sunday,True,51,49,2,159,154,49309.08,47753.26,35106.64,1555.82,191.18,25710.11,22043.21,974.560000,3.92,44.700000
20201229,2020-12-29,2020,12,December,FQ3,FY20-21,Tuesday,False,62,61,1,203,199,64634.53,61991.44,45903.05,2643.09,233.55,33578.68,28412.80,1016.250000,1.61,43.960000
20200813,2020-08-13,2020,8,August,FQ2,FY20-21,Thursday,False,57,57,0,167,167,48979.61,48979.61,40925.50,0.00,2647.24,26572.07,22407.62,859.290000,0.0,45.750000
20230711,2023-07-11,2023,7,July,FQ2,FY23-24,Tuesday,False,46,46,0,133,133,43091.06,43091.06,35550.74,0.00,447.42,23851.12,19239.98,936.760000,0.0,44.650000
20230218,2023-02-18,2023,2,February,FQ4,FY22-23,Saturday,True,54,54,0,156,156,43628.42,43628.42,37655.32,0.00,1132.96,23963.80,19664.67,807.930000,0.0,45.070000
20221021,2022-10-21,2022,10,October,FQ3,FY22-23,Friday,False,47,44,3,139,130,39519.32,36749.94,27906.43,2769.38,4172.09,19756.14,16993.79,835.230000,6.38,43.000000
20230524,2023-05-24,2023,5,May,FQ1,FY23-24,Wednesday,False,64,63,1,190,188,58861.44,58415.88,50467.65,445.56,0.00,32318.38,26097.43,927.240000,1.56,44.340000
20220927,2022-09-27,2022,9,September,FQ2,FY22-23,Tuesday,False,49,49,0,150,150,53545.26,53545.26,35869.17,0.00,0.00,28960.81,24584.58,1092.760000,0.0,45.910000
20221208,2022-12-08,2022,12,December,FQ3,FY22-23,Thursday,False,53,49,4,139,131,43440.20,40790.96,33955.22,2649.24,0.00,21777.10,19014.02,832.470000,7.55,43.770000
20240403,2024-04-03,2024,4,April,FQ1,FY24-25,Wednesday,False,45,43,2,141,132,47987.84,43841.29,29263.20,4146.55,5338.58,23063.06,20778.31,1019.560000,4.44,43.300000
20220630,2022-06-30,2022,6,June,FQ1,FY22-23,Thursday,False,61,60,1,177,173,53103.98,52093.58,32995.26,1010.40,3801.68,28844.70,23249.00,868.230000,1.64,43.780000
20230201,2023-02-01,2023,2,February,FQ4,FY22-23,Wednesday,False,51,49,2,146,142,44172.78,42808.29,34804.01,1364.49,0.00,23385.75,19422.55,873.640000,3.92,43.970000
20230107,2023-01-07,2023,1,January,FQ4,FY22-23,Saturday,True,46,45,1,155,154,48214.30,47918.88,35025.02,295.42,1787.25,26535.63,21383.45,1064.860000,2.17,44.350000
20240726,2024-07-26,2024,7,July,FQ2,FY24-25,Friday,False,50,47,3,145,140,45975.66,44749.81,33197.20,1225.85,0.00,24199.07,20550.87,952.120000,6.0,44.700000
20230125,2023-01-25,2023,1,January,FQ4,FY22-23,Wednesday,False,50,50,0,168,168,59285.60,59285.60,49040.04,0.00,2201.68,32182.56,27103.15,1185.710000,0.0,45.720000
20210513,2021-05-13,2021,5,May,FQ1,FY21-22,Thursday,False,65,64,1,203,200,57399.28,57117.78,43843.16,281.50,0.00,31231.54,25886.26,892.470000,1.54,45.100000
20200201,2020-02-01,2020,2,February,FQ4,FY19-20,Saturday,True,51,50,1,146,142,41497.98,39225.86,33409.40,2272.12,784.32,21543.52,17682.34,784.520000,1.96,42.610000
20230813,2023-08-13,2023,8,August,FQ2,FY23-24,Sunday,True,67,64,3,214,208,72397.46,70837.54,46044.89,1559.92,3533.71,38084.55,32753.03,1106.840000,4.48,45.240000
20220526,2022-05-26,2022,5,May,FQ1,FY22-23,Thursday,False,1211,1063,148,1316,1245,830431.27,770822.41,150397.38,59608.86,13886.62,348274.08,422548.45,725.140000,12.22,50.880000
20221020,2022-10-20,2022,10,October,FQ3,FY22-23,Thursday,False,50,48,2,163,157,55511.14,53058.20,42299.06,2452.94,3102.37,29202.63,23855.59,1105.380000,4.0,42.970000
20211006,2021-10-06,2021,10,October,FQ3,FY21-22,Wednesday,False,40,40,0,123,123,38818.11,38818.11,31795.03,0.00,1443.78,21281.75,17536.33,970.450000,0.0,45.180000
20240812,2024-08-12,2024,8,August,FQ2,FY24-25,Monday,False,57,56,1,159,156,38190.11,37788.61,29465.16,401.50,140.49,20860.70,16928.02,674.800000,1.75,44.330000
20200806,2020-08-06,2020,8,August,FQ2,FY20-21,Thursday,False,60,59,1,186,181,59421.41,56571.03,46136.97,2850.38,3255.97,31533.41,25037.68,958.830000,1.67,42.140000
20211228,2021-12-28,2021,12,December,FQ3,FY21-22,Tuesday,False,53,52,1,162,158,42713.87,42616.43,32874.70,97.44,1835.64,23571.25,19045.26,819.550000,1.89,44.590000
20230712,2023-07-12,2023,7,July,FQ2,FY23-24,Wednesday,False,59,58,1,185,181,45933.62,44106.90,32953.59,1826.72,4254.82,24707.99,19398.99,760.460000,1.69,42.230000
20200702,2020-07-02,2020,7,July,FQ2,FY20-21,Thursday,False,52,49,3,154,141,46237.91,42982.94,36370.60,3254.97,987.21,23085.38,19897.65,877.200000,5.77,43.030000
20201128,2020-11-28,2020,11,November,FQ3,FY20-21,Saturday,True,58,56,2,158,148,46676.82,43486.28,35018.17,3190.54,3362.01,23908.22,19578.13,776.540000,3.45,41.940000
20200711,2020-07-11,2020,7,July,FQ2,FY20-21,Saturday,True,52,50,2,162,158,52782.57,50916.31,45548.88,1866.26,81.14,27313.79,23602.63,1018.330000,3.85,44.720000
20210819,2021-08-19,2021,8,August,FQ2,FY21-22,Thursday,False,51,50,1,149,146,45247.48,44905.01,34445.85,342.47,102.17,25054.57,19850.44,898.100000,1.96,43.870000
20210326,2021-03-26,2021,3,March,FQ4,FY20-21,Friday,False,44,43,1,146,141,40892.91,39283.99,31503.74,1608.92,289.94,21641.07,17642.99,913.580000,2.27,43.140000
20220323,2022-03-23,2022,3,March,FQ4,FY21-22,Wednesday,False,53,52,1,152,148,44877.41,44365.25,37688.70,512.16,0.00,24426.82,19938.50,853.180000,1.89,44.430000
20230320,2023-03-20,2023,3,March,FQ4,FY22-23,Monday,False,40,38,2,128,118,41842.66,41062.83,37588.16,779.83,0.00,22464.71,18598.16,1080.600000,5.0,44.450000
20240913,2024-09-13,2024,9,September,FQ2,FY24-25,Friday,False,49,48,1,139,137,40541.70,40430.68,32484.36,111.02,482.28,22716.55,17714.10,842.310000,2.04,43.690000
20200303,2020-03-03,2020,3,March,FQ4,FY19-20,Tuesday,False,54,52,2,160,156,51850.66,50060.41,35163.63,1790.25,3837.30,27179.33,22881.16,962.700000,3.7,44.130000
20220408,2022-04-08,2022,4,April,FQ1,FY22-23,Friday,False,9114,8878,236,17543,17453,2287844.30,2185031.35,1453247.04,98486.95,14811.37,1525121.16,655019.47,246.120000,2.59,28.630000
20220428,2022-04-28,2022,4,April,FQ1,FY22-23,Thursday,False,1413,1243,170,1580,1524,926385.40,853482.56,339879.15,72902.84,23727.77,404295.02,449187.62,686.630000,12.03,48.490000
20220423,2022-04-23,2022,4,April,FQ1,FY22-23,Saturday,True,1753,1519,234,1824,1731,1146327.21,1037681.04,340053.29,108646.17,33886.10,481007.58,556673.46,683.130000,13.35,48.560000
20220611,2022-06-11,2022,6,June,FQ1,FY22-23,Saturday,True,1338,1162,176,1444,1367,910618.01,830945.15,196730.78,79672.86,11191.15,367718.36,463226.88,715.100000,13.15,50.870000
20220601,2022-06-01,2022,6,June,FQ1,FY22-23,Wednesday,False,1483,1279,204,1557,1476,987310.72,897024.82,239883.33,90285.90,13771.91,420256.54,476768.32,701.350000,13.76,48.290000
20220329,2022-03-29,2022,3,March,FQ4,FY21-22,Tuesday,False,62,61,1,172,169,48218.10,47730.91,31113.57,487.19,2580.89,25799.40,21931.49,782.470000,1.61,45.480000
20200309,2020-03-09,2020,3,March,FQ4,FY19-20,Monday,False,56,55,1,160,157,44737.18,43851.06,31546.66,886.12,3428.99,24437.18,19413.99,797.290000,1.79,43.400000
20211210,2021-12-10,2021,12,December,FQ3,FY21-22,Friday,False,58,56,2,166,156,54801.76,49932.37,33377.97,4869.39,1350.85,26625.31,23307.13,891.650000,3.45,42.530000
20230114,2023-01-14,2023,1,January,FQ4,FY22-23,Saturday,True,51,51,0,154,154,47395.38,47395.38,32635.84,0.00,390.53,26055.58,21339.89,929.320000,0.0,45.030000
20240329,2024-03-29,2024,3,March,FQ4,FY23-24,Friday,False,61,59,2,187,183,55330.83,53882.89,47515.95,1447.94,308.37,29150.45,24732.41,913.270000,3.28,44.700000
20231121,2023-11-21,2023,11,November,FQ3,FY23-24,Tuesday,False,55,53,2,147,143,44351.70,43640.67,32032.12,711.03,2364.38,24036.22,19604.45,823.410000,3.64,44.200000
20230408,2023-04-08,2023,4,April,FQ1,FY23-24,Saturday,True,60,59,1,185,184,54992.12,54942.91,41748.76,49.21,0.00,30305.52,24637.59,931.240000,1.67,44.800000
20240225,2024-02-25,2024,2,February,FQ4,FY23-24,Sunday,True,49,48,1,157,155,55018.05,54728.72,45137.46,289.33,784.33,29319.54,25409.29,1140.180000,2.04,46.180000
20210222,2021-02-22,2021,2,February,FQ4,FY20-21,Monday,False,58,57,1,164,163,54578.40,53993.11,46462.89,585.29,0.00,29049.55,24943.53,947.250000,1.72,45.700000
20230930,2023-09-30,2023,9,September,FQ2,FY23-24,Saturday,True,52,50,2,151,145,47823.52,46123.52,34663.56,1700.00,0.00,25478.50,20645.05,922.470000,3.85,43.170000
20240423,2024-04-23,2024,4,April,FQ1,FY24-25,Tuesday,False,57,55,2,168,166,52385.22,51488.70,40375.08,896.52,660.90,27602.99,23885.74,936.160000,3.51,45.600000
20230705,2023-07-05,2023,7,July,FQ2,FY23-24,Wednesday,False,52,52,0,161,161,54663.63,54663.63,40219.05,0.00,3909.64,29598.38,25065.13,1051.220000,0.0,45.850000
20241007,2024-10-07,2024,10,October,FQ3,FY24-25,Monday,False,51,50,1,161,157,57856.44,56300.11,43410.31,1556.33,0.00,29846.79,26453.38,1126.000000,1.96,45.720000
20220920,2022-09-20,2022,9,September,FQ2,FY22-23,Tuesday,False,61,60,1,193,190,55631.39,54443.28,38366.56,1188.11,462.59,29226.31,25216.91,907.390000,1.64,45.330000
20221027,2022-10-27,2022,10,October,FQ3,FY22-23,Thursday,False,57,56,1,170,165,51751.84,51441.77,35846.21,310.07,1267.61,27015.32,24426.41,918.600000,1.75,47.200000
20230101,2023-01-01,2023,1,January,FQ4,FY22-23,Sunday,True,64,62,2,203,199,58695.74,56914.27,47198.79,1781.47,4521.69,31742.86,25171.58,917.970000,3.13,42.880000
20231007,2023-10-07,2023,10,October,FQ3,FY23-24,Saturday,True,58,54,4,181,171,67525.23,63611.50,44237.11,3913.73,2311.51,35026.45,28585.31,1177.990000,6.9,42.330000
20220101,2022-01-01,2022,1,January,FQ4,FY21-22,Saturday,True,59,57,2,186,183,53437.69,52819.38,42559.92,618.31,1091.96,28929.48,23890.03,926.660000,3.39,44.710000
20200128,2020-01-28,2020,1,January,FQ4,FY19-20,Tuesday,False,69,68,1,193,192,59195.79,58789.14,50295.86,406.65,724.73,32219.25,26569.91,864.550000,1.45,44.880000
20201027,2020-10-27,2020,10,October,FQ3,FY20-21,Tuesday,False,57,56,1,184,180,62851.97,61080.19,48769.53,1771.78,0.00,33095.10,27985.20,1090.720000,1.75,44.530000
20200428,2020-04-28,2020,4,April,FQ1,FY20-21,Tuesday,False,56,55,1,161,158,50074.93,49032.38,35566.02,1042.55,4637.29,26687.14,22345.32,891.500000,1.79,44.620000
20230423,2023-04-23,2023,4,April,FQ1,FY23-24,Sunday,True,63,62,1,200,197,61753.03,60776.77,42402.56,976.26,5318.60,32550.28,28226.51,980.270000,1.59,45.710000
20200423,2020-04-23,2020,4,April,FQ1,FY20-21,Thursday,False,54,54,0,163,163,43981.52,43981.52,35313.61,0.00,0.00,23735.17,20246.32,814.470000,0.0,46.030000
20201210,2020-12-10,2020,12,December,FQ3,FY20-21,Thursday,False,60,57,3,163,152,47257.01,44911.72,42418.77,2345.29,1318.81,24744.54,20167.18,787.920000,5.0,42.680000
20220705,2022-07-05,2022,7,July,FQ2,FY22-23,Tuesday,False,66,66,0,195,195,65512.82,65512.82,47487.64,0.00,422.58,35798.20,29714.74,992.620000,0.0,45.360000
20220730,2022-07-30,2022,7,July,FQ2,FY22-23,Saturday,True,55,55,0,157,157,48170.29,48170.29,37719.43,0.00,0.00,26332.83,21837.53,875.820000,0.0,45.330000
20211215,2021-12-15,2021,12,December,FQ3,FY21-22,Wednesday,False,52,51,1,165,161,44211.33,42161.00,33150.20,2050.33,2274.93,22516.79,19644.33,826.690000,1.92,44.430000
20231017,2023-10-17,2023,10,October,FQ3,FY23-24,Tuesday,False,48,46,2,150,140,45415.34,41997.84,24369.44,3417.50,3466.38,23410.65,18587.24,913.000000,4.17,40.930000
20230215,2023-02-15,2023,2,February,FQ4,FY22-23,Wednesday,False,61,58,3,185,180,61653.04,59220.40,40867.81,2432.64,0.00,31820.56,27399.86,1021.040000,4.92,44.440000
20240522,2024-05-22,2024,5,May,FQ1,FY24-25,Wednesday,False,57,56,1,171,167,52003.23,50129.04,37636.53,1874.19,1481.78,27082.61,23046.57,895.160000,1.75,44.320000
20221002,2022-10-02,2022,10,October,FQ3,FY22-23,Sunday,True,49,46,3,160,152,50102.32,47531.85,34990.04,2570.47,553.00,25836.21,21695.89,1033.300000,6.12,43.300000
20200824,2020-08-24,2020,8,August,FQ2,FY20-21,Monday,False,53,51,2,163,158,44860.26,42785.64,34340.55,2074.62,0.00,23869.76,18915.89,838.930000,3.77,42.170000
20221215,2022-12-15,2022,12,December,FQ3,FY22-23,Thursday,False,47,45,2,133,127,45623.91,44264.10,36668.00,1359.81,644.43,23651.35,20612.71,983.650000,4.26,45.180000
20220802,2022-08-02,2022,8,August,FQ2,FY22-23,Tuesday,False,57,57,0,172,172,47509.22,47509.22,41205.97,0.00,0.00,25557.51,21951.84,833.500000,0.0,46.210000
20240215,2024-02-15,2024,2,February,FQ4,FY23-24,Thursday,False,47,46,1,146,142,38340.19,37066.75,29805.52,1273.44,167.72,20174.50,16892.27,805.800000,2.13,44.060000
20200517,2020-05-17,2020,5,May,FQ1,FY20-21,Sunday,True,52,51,1,152,149,39023.13,38114.28,26972.41,908.85,83.42,20562.93,17551.34,747.340000,1.92,44.980000
20240601,2024-06-01,2024,6,June,FQ1,FY24-25,Saturday,True,53,52,1,164,162,50927.95,50707.72,39213.38,220.23,718.95,28100.98,22606.92,975.150000,1.89,44.390000
20240220,2024-02-20,2024,2,February,FQ4,FY23-24,Tuesday,False,49,48,1,141,137,45190.52,44825.30,40253.24,365.22,1154.87,24540.70,20284.65,933.860000,2.04,44.890000
20230225,2023-02-25,2023,2,February,FQ4,FY22-23,Saturday,True,54,52,2,150,145,42429.90,40849.85,33175.00,1580.05,1916.38,21847.59,19002.21,785.570000,3.7,44.780000
20241017,2024-10-17,2024,10,October,FQ3,FY24-25,Thursday,False,46,44,2,143,136,45196.31,43539.58,36728.48,1656.73,3995.26,23580.38,19959.14,989.540000,4.35,44.160000
20200611,2020-06-11,2020,6,June,FQ1,FY20-21,Thursday,False,43,43,0,132,132,32356.19,32356.19,23229.56,0.00,2133.58,17841.76,14514.49,752.470000,0.0,44.860000
20220220,2022-02-20,2022,2,February,FQ4,FY21-22,Sunday,True,48,44,4,151,137,42258.04,39080.14,31719.17,3177.90,0.00,21154.82,17925.46,888.190000,8.33,42.420000
20241215,2024-12-15,2024,12,December,FQ3,FY24-25,Sunday,True,66,66,0,185,185,59012.58,59012.58,45005.90,0.00,1698.61,32144.52,26868.13,894.130000,0.0,45.530000
20231027,2023-10-27,2023,10,October,FQ3,FY23-24,Friday,False,49,49,0,147,147,45262.07,45262.07,38881.07,0.00,504.47,24895.90,20366.29,923.720000,0.0,45.000000
20201123,2020-11-23,2020,11,November,FQ3,FY20-21,Monday,False,54,53,1,158,154,47269.33,46071.47,33927.73,1197.86,5123.37,25130.10,20941.54,869.270000,1.85,44.300000
20210815,2021-08-15,2021,8,August,FQ2,FY21-22,Sunday,True,56,53,3,153,143,52963.82,48753.25,37169.65,4210.57,0.00,27945.01,20808.42,919.870000,5.36,39.290000
20230911,2023-09-11,2023,9,September,FQ2,FY23-24,Monday,False,51,50,1,160,157,45167.47,44519.19,28333.86,648.28,4131.29,24124.04,20395.12,890.380000,1.96,45.150000
20220915,2022-09-15,2022,9,September,FQ2,FY22-23,Thursday,False,59,57,2,184,175,61563.13,59221.36,50537.25,2341.77,1664.78,32111.25,27110.08,1038.970000,3.39,44.040000
20200121,2020-01-21,2020,1,January,FQ4,FY19-20,Tuesday,False,65,65,0,203,203,58621.72,58621.72,45027.75,0.00,1430.46,32533.99,26087.93,901.870000,0.0,44.500000
20241029,2024-10-29,2024,10,October,FQ3,FY24-25,Tuesday,False,58,57,1,187,183,59533.56,57697.72,46817.12,1835.84,1895.26,31251.31,26446.63,1012.240000,1.72,44.420000
20200614,2020-06-14,2020,6,June,FQ1,FY20-21,Sunday,True,55,52,3,153,146,41455.32,38993.40,29522.35,2461.92,3028.24,21181.06,17812.40,749.870000,5.45,42.970000
20200801,2020-08-01,2020,8,August,FQ2,FY20-21,Saturday,True,72,69,3,219,206,72746.64,69275.18,57330.23,3471.46,0.00,38466.89,30808.30,1003.990000,4.17,42.350000
20231114,2023-11-14,2023,11,November,FQ3,FY23-24,Tuesday,False,49,46,3,167,154,56248.63,50208.54,37872.13,6040.09,0.00,28266.11,21942.45,1091.490000,6.12,39.010000
20220319,2022-03-19,2022,3,March,FQ4,FY21-22,Saturday,True,59,58,1,173,170,54429.70,52993.13,37630.03,1436.57,917.46,28790.58,24202.66,913.670000,1.69,44.470000
20220828,2022-08-28,2022,8,August,FQ2,FY22-23,Sunday,True,49,48,1,155,151,48971.26,46716.51,34302.29,2254.75,835.64,26023.93,20692.72,973.260000,2.04,42.250000
20221101,2022-11-01,2022,11,November,FQ3,FY22-23,Tuesday,False,52,52,0,156,156,51545.11,51545.11,43004.40,0.00,2068.27,28489.00,23056.21,991.250000,0.0,44.730000
20230614,2023-06-14,2023,6,June,FQ1,FY23-24,Wednesday,False,55,54,1,161,157,50324.40,49982.49,25825.09,341.91,5668.19,26607.72,23374.86,925.600000,1.82,46.450000
20220728,2022-07-28,2022,7,July,FQ2,FY22-23,Thursday,False,61,60,1,199,194,62465.81,61046.87,54105.64,1418.94,0.00,32486.89,28560.00,1017.450000,1.64,45.720000
20200818,2020-08-18,2020,8,August,FQ2,FY20-21,Tuesday,False,56,55,1,177,173,57015.37,56043.61,42217.74,971.76,3513.02,30922.88,25120.87,1018.970000,1.79,44.060000
20231218,2023-12-18,2023,12,December,FQ3,FY23-24,Monday,False,54,53,1,158,153,48367.39,45429.50,33115.75,2937.89,2071.89,24935.46,20494.17,857.160000,1.85,42.370000
20220829,2022-08-29,2022,8,August,FQ2,FY22-23,Monday,False,50,46,4,131,114,40118.55,34669.28,30309.17,5449.27,543.62,18911.75,15757.58,753.680000,8.0,39.280000
20210729,2021-07-29,2021,7,July,FQ2,FY21-22,Thursday,False,61,57,4,190,178,69529.58,65359.38,49141.58,4170.20,2442.98,34663.43,30695.97,1146.660000,6.56,44.150000
20210525,2021-05-25,2021,5,May,FQ1,FY21-22,Tuesday,False,60,57,3,175,164,54956.07,50614.25,40782.64,4341.82,541.07,27810.57,22803.79,887.970000,5.0,41.490000
20210728,2021-07-28,2021,7,July,FQ2,FY21-22,Wednesday,False,66,63,3,181,174,60402.48,57176.68,47117.13,3225.80,2154.91,31848.00,25328.76,907.570000,4.55,41.930000
20230130,2023-01-30,2023,1,January,FQ4,FY22-23,Monday,False,58,58,0,188,188,52869.24,52869.24,39127.75,0.00,615.74,28920.36,23949.11,911.540000,0.0,45.300000
20200119,2020-01-19,2020,1,January,FQ4,FY19-20,Sunday,True,66,62,4,191,183,57392.45,54746.72,47722.02,2645.73,519.45,29423.52,25323.32,883.010000,6.06,44.120000
20230104,2023-01-04,2023,1,January,FQ4,FY22-23,Wednesday,False,51,49,2,148,140,44045.11,40836.27,28802.41,3208.84,316.37,22269.31,18567.06,833.390000,3.92,42.150000
20201030,2020-10-30,2020,10,October,FQ3,FY20-21,Friday,False,70,66,4,198,184,62951.82,58874.13,44888.48,4077.69,206.88,32113.76,26760.42,892.030000,5.71,42.510000
20200520,2020-05-20,2020,5,May,FQ1,FY20-21,Wednesday,False,56,53,3,184,173,50909.00,47679.84,39459.66,3229.16,517.43,26173.80,21506.11,899.620000,5.36,42.240000
20231031,2023-10-31,2023,10,October,FQ3,FY23-24,Tuesday,False,61,59,2,198,193,61018.46,60427.23,49254.70,591.23,0.00,32793.89,27633.42,1024.190000,3.28,45.290000
20200307,2020-03-07,2020,3,March,FQ4,FY19-20,Saturday,True,52,49,3,184,174,48136.78,44208.37,35706.30,3928.41,1664.50,24288.70,19919.54,902.210000,5.77,41.380000
20200101,2020-01-01,2020,1,January,FQ4,FY19-20,Wednesday,False,62,60,2,164,159,55180.39,52838.95,44183.82,2341.44,1143.48,28278.42,24560.52,880.650000,3.23,44.510000
20200126,2020-01-26,2020,1,January,FQ4,FY19-20,Sunday,True,53,50,3,161,151,58965.75,56650.17,39861.14,2315.58,5304.08,30979.18,25671.17,1133.000000,5.66,43.540000
20210215,2021-02-15,2021,2,February,FQ4,FY20-21,Monday,False,65,63,2,185,179,57096.01,56664.90,42600.83,431.11,1032.50,30683.40,25981.51,899.440000,3.08,45.500000
20230611,2023-06-11,2023,6,June,FQ1,FY23-24,Sunday,True,50,46,4,161,146,42659.57,39709.16,30404.13,2950.41,3408.89,21667.06,18042.20,863.240000,8.0,42.290000
20230522,2023-05-22,2023,5,May,FQ1,FY23-24,Monday,False,67,63,4,197,180,64246.63,59301.72,47584.95,4944.91,0.00,32340.64,26961.31,941.300000,5.97,41.970000
20240128,2024-01-28,2024,1,January,FQ4,FY23-24,Sunday,True,46,46,0,130,130,41182.09,41182.09,34378.32,0.00,0.00,22296.68,18885.41,895.260000,0.0,45.860000
20230220,2023-02-20,2023,2,February,FQ4,FY22-23,Monday,False,51,51,0,154,154,44671.79,44671.79,38745.74,0.00,161.10,24567.41,20104.42,875.920000,0.0,45.000000
20240824,2024-08-24,2024,8,August,FQ2,FY24-25,Saturday,True,47,45,2,137,127,42317.42,41415.50,30668.96,901.92,991.64,22582.88,18832.79,920.340000,4.26,44.500000
20231215,2023-12-15,2023,12,December,FQ3,FY23-24,Friday,False,50,48,2,143,138,47599.27,46948.21,35412.54,651.06,1030.57,25396.14,21552.27,978.090000,4.0,45.280000
20201121,2020-11-21,2020,11,November,FQ3,FY20-21,Saturday,True,42,41,1,120,116,36606.44,36504.84,28438.83,101.60,0.00,19731.48,16773.37,890.360000,2.38,45.820000
20241027,2024-10-27,2024,10,October,FQ3,FY24-25,Sunday,True,48,48,0,145,145,49135.21,49135.21,43654.63,0.00,4287.99,26936.50,22198.68,1023.650000,0.0,45.180000
20210705,2021-07-05,2021,7,July,FQ2,FY21-22,Monday,False,46,44,2,131,124,43682.68,41879.51,37865.76,1803.17,1052.50,22967.35,18912.21,951.810000,4.35,43.290000
20211017,2021-10-17,2021,10,October,FQ3,FY21-22,Sunday,True,58,57,1,160,157,45278.76,44193.39,39423.49,1085.37,219.06,23959.54,20233.91,775.320000,1.72,44.690000
20230730,2023-07-30,2023,7,July,FQ2,FY23-24,Sunday,True,47,45,2,130,125,34719.31,33461.20,24947.07,1258.11,1713.84,18322.06,15139.18,743.580000,4.26,43.600000
20200502,2020-05-02,2020,5,May,FQ1,FY20-21,Saturday,True,54,51,3,157,150,54757.40,51840.80,37419.15,2916.60,1693.96,28395.29,23445.55,1016.490000,5.56,42.820000
20240314,2024-03-14,2024,3,March,FQ4,FY23-24,Thursday,False,56,55,1,156,153,45816.11,45017.95,33176.67,798.16,2479.66,24896.26,20121.66,818.510000,1.79,43.920000
20210611,2021-06-11,2021,6,June,FQ1,FY21-22,Friday,False,64,63,1,194,191,59465.90,58252.37,42448.27,1213.53,1080.71,32134.76,26117.63,924.640000,1.56,43.920000
20200215,2020-02-15,2020,2,February,FQ4,FY19-20,Saturday,True,53,50,3,155,149,52543.58,50926.94,43287.50,1616.64,523.86,27444.40,23482.58,1018.540000,5.66,44.690000
20210101,2021-01-01,2021,1,January,FQ4,FY20-21,Friday,False,67,61,6,195,174,61442.64,54914.19,41913.94,6528.45,846.31,29910.55,25003.63,900.230000,8.96,40.690000
20241121,2024-11-21,2024,11,November,FQ3,FY24-25,Thursday,False,50,47,3,143,133,39418.89,36011.72,26189.61,3407.17,559.89,19732.45,16279.28,766.210000,6.0,41.300000
20231002,2023-10-02,2023,10,October,FQ3,FY23-24,Monday,False,37,35,2,97,89,27347.03,25398.92,19080.43,1948.11,0.00,13650.45,11748.42,725.680000,5.41,42.960000
20221017,2022-10-17,2022,10,October,FQ3,FY22-23,Monday,False,60,59,1,170,165,56443.20,56376.47,41649.34,66.73,2110.58,30378.24,25998.38,955.530000,1.67,46.060000
20210423,2021-04-23,2021,4,April,FQ1,FY21-22,Friday,False,55,53,2,179,177,49527.46,48866.01,39299.63,661.45,2828.22,27220.75,21645.36,922.000000,3.64,43.700000
20220309,2022-03-09,2022,3,March,FQ4,FY21-22,Wednesday,False,52,49,3,143,132,46064.54,42328.00,26685.06,3736.54,2734.12,23208.39,19119.63,863.840000,5.77,41.510000
20210408,2021-04-08,2021,4,April,FQ1,FY21-22,Thursday,False,60,58,2,186,180,51324.78,48778.80,35686.80,2545.98,2248.89,26449.17,22329.70,841.010000,3.33,43.510000
20220215,2022-02-15,2022,2,February,FQ4,FY21-22,Tuesday,False,53,53,0,173,173,54956.91,54956.91,45696.99,0.00,1146.43,30046.37,24910.78,1036.920000,0.0,45.330000
20221210,2022-12-10,2022,12,December,FQ3,FY22-23,Saturday,True,56,55,1,166,164,52779.18,51841.88,46984.58,937.30,0.00,27942.35,23899.61,942.580000,1.79,45.280000
20210321,2021-03-21,2021,3,March,FQ4,FY20-21,Sunday,True,50,50,0,149,149,40823.89,40823.89,30832.67,0.00,1196.51,22300.09,18523.79,816.480000,0.0,45.370000
20231124,2023-11-24,2023,11,November,FQ3,FY23-24,Friday,False,52,50,2,157,153,41214.24,40562.15,26258.12,652.09,326.06,22280.26,18281.93,811.240000,3.85,44.360000
20231201,2023-12-01,2023,12,December,FQ3,FY23-24,Friday,False,52,50,2,157,153,48236.93,47247.25,40073.55,989.68,191.91,26325.82,20921.49,944.950000,3.85,43.370000
20200708,2020-07-08,2020,7,July,FQ2,FY20-21,Wednesday,False,52,52,0,148,148,43459.98,43459.98,36297.17,0.00,2210.62,23687.68,19772.26,835.770000,0.0,45.500000
20230707,2023-07-07,2023,7,July,FQ2,FY23-24,Friday,False,65,63,2,186,179,59739.98,56946.36,40855.22,2793.62,1988.98,31605.00,25341.53,903.910000,3.08,42.420000
20230521,2023-05-21,2023,5,May,FQ1,FY23-24,Sunday,True,44,44,0,146,146,49270.73,49270.73,32664.17,0.00,2186.72,27171.02,22099.80,1119.790000,0.0,44.850000
20220312,2022-03-12,2022,3,March,FQ4,FY21-22,Saturday,True,53,50,3,146,138,40189.78,37448.05,28393.68,2741.73,607.40,20525.88,16922.16,748.960000,5.66,42.110000
20230519,2023-05-19,2023,5,May,FQ1,FY23-24,Friday,False,55,55,0,150,150,43817.95,43817.95,33021.16,0.00,1851.73,23883.59,19934.49,796.690000,0.0,45.490000
20241129,2024-11-29,2024,11,November,FQ3,FY24-25,Friday,False,51,50,1,145,141,40456.34,39534.12,30505.31,922.22,0.00,21900.30,17633.93,790.680000,1.96,43.590000
20240519,2024-05-19,2024,5,May,FQ1,FY24-25,Sunday,True,60,58,2,192,185,58945.44,55219.04,38143.35,3726.40,322.77,29640.13,25579.09,952.050000,3.33,43.390000
20201209,2020-12-09,2020,12,December,FQ3,FY20-21,Wednesday,False,68,66,2,211,206,68008.79,66462.01,57579.75,1546.78,0.00,35720.85,30741.18,1007.000000,2.94,45.200000
20240721,2024-07-21,2024,7,July,FQ2,FY24-25,Sunday,True,65,63,2,186,183,51943.62,51251.99,41239.37,691.63,2333.33,27881.10,23370.99,813.520000,3.08,44.990000
20201005,2020-10-05,2020,10,October,FQ3,FY20-21,Monday,False,52,51,1,148,147,41384.57,41110.79,31861.79,273.78,1812.41,22386.92,18723.93,806.090000,1.92,45.240000
20240211,2024-02-11,2024,2,February,FQ4,FY23-24,Sunday,True,46,46,0,130,130,38384.89,38384.89,27809.50,0.00,0.00,20401.28,17983.62,834.450000,0.0,46.850000
20220922,2022-09-22,2022,9,September,FQ2,FY22-23,Thursday,False,55,53,2,172,164,57076.08,54010.05,46120.79,3066.03,1870.87,29935.58,24074.60,1019.060000,3.64,42.180000
20200214,2020-02-14,2020,2,February,FQ4,FY19-20,Friday,False,46,46,0,147,147,44591.52,44591.52,32380.56,0.00,1953.20,23892.44,20699.13,969.380000,0.0,46.420000
20210312,2021-03-12,2021,3,March,FQ4,FY20-21,Friday,False,52,51,1,160,157,48958.66,47571.48,38657.94,1387.18,0.00,25106.64,22464.90,932.770000,1.92,45.890000
20240109,2024-01-09,2024,1,January,FQ4,FY23-24,Tuesday,False,56,54,2,173,168,49937.78,48399.23,44091.85,1538.55,0.00,26766.33,21632.92,896.280000,3.57,43.320000
20200427,2020-04-27,2020,4,April,FQ1,FY20-21,Monday,False,60,59,1,193,192,63256.50,63077.53,48732.27,178.97,1251.33,34655.13,28422.42,1069.110000,1.67,44.930000
20210406,2021-04-06,2021,4,April,FQ1,FY21-22,Tuesday,False,60,58,2,187,181,64743.28,61676.83,43104.60,3066.45,1686.83,33661.23,28015.63,1063.390000,3.33,43.270000
20230520,2023-05-20,2023,5,May,FQ1,FY23-24,Saturday,True,67,64,3,207,201,63069.05,61930.59,42307.39,1138.46,3474.04,34312.31,27618.21,967.670000,4.48,43.790000
20210219,2021-02-19,2021,2,February,FQ4,FY20-21,Friday,False,57,55,2,147,141,50207.06,47156.66,38036.06,3050.40,494.72,25808.96,21347.77,857.390000,3.51,42.520000
20240406,2024-04-06,2024,4,April,FQ1,FY24-25,Saturday,True,51,48,3,137,132,34498.74,32184.86,27053.98,2313.88,305.27,17329.58,14855.36,670.520000,5.88,43.060000
20200529,2020-05-29,2020,5,May,FQ1,FY20-21,Friday,False,38,37,1,108,107,34650.45,34356.04,28482.01,294.41,2180.43,18246.88,16109.23,928.540000,2.63,46.490000
20220822,2022-08-22,2022,8,August,FQ2,FY22-23,Monday,False,66,64,2,193,188,54396.55,53201.53,38410.64,1195.02,0.00,29298.77,23902.92,831.270000,3.03,43.940000
20230213,2023-02-13,2023,2,February,FQ4,FY22-23,Monday,False,50,49,1,156,151,39973.72,37857.89,27129.64,2115.83,1059.71,21166.33,16691.69,772.610000,2.0,41.760000
20230419,2023-04-19,2023,4,April,FQ1,FY23-24,Wednesday,False,55,52,3,186,175,56819.38,52468.94,41759.62,4350.44,1498.85,28317.87,24151.10,1009.020000,5.45,42.510000
20221121,2022-11-21,2022,11,November,FQ3,FY22-23,Monday,False,51,46,5,163,148,51261.34,43839.17,29314.36,7422.17,515.39,23719.61,20119.64,953.030000,9.8,39.250000
20220403,2022-04-03,2022,4,April,FQ1,FY22-23,Sunday,True,22106,21880,226,49335,49241,5056233.53,4949237.56,4192490.07,86839.97,16381.64,3969380.50,961671.80,226.200000,1.02,19.020000
20220626,2022-06-26,2022,6,June,FQ1,FY22-23,Sunday,True,1180,1033,147,1315,1240,828845.49,760407.62,40370.58,68437.87,228.54,339355.86,421051.75,736.120000,12.46,50.800000
20220616,2022-06-16,2022,6,June,FQ1,FY22-23,Thursday,False,1254,1113,141,1343,1286,833819.72,781266.32,212884.85,52553.40,16065.16,354987.44,426278.90,701.950000,11.24,51.120000
20221106,2022-11-06,2022,11,November,FQ3,FY22-23,Sunday,True,61,59,2,196,190,63504.61,62142.37,43114.92,1362.24,4247.81,34126.17,28016.34,1053.260000,3.28,44.120000
20211007,2021-10-07,2021,10,October,FQ3,FY21-22,Thursday,False,68,62,6,206,188,54911.87,51315.73,33664.27,3596.14,5622.55,28620.53,22695.34,827.670000,8.82,41.330000
20200616,2020-06-16,2020,6,June,FQ1,FY20-21,Tuesday,False,53,53,0,162,162,46075.92,46075.92,30149.97,0.00,1676.95,25019.71,21056.34,869.360000,0.0,45.700000
20230812,2023-08-12,2023,8,August,FQ2,FY23-24,Saturday,True,66,66,0,188,188,56226.82,56226.82,39452.62,0.00,457.91,30870.65,25356.28,851.920000,0.0,45.100000
20211106,2021-11-06,2021,11,November,FQ3,FY21-22,Saturday,True,55,53,2,163,155,45075.63,43362.47,36701.39,1713.16,378.18,24187.13,19175.38,818.160000,3.64,42.540000
20210205,2021-02-05,2021,2,February,FQ4,FY20-21,Friday,False,50,46,4,155,141,43507.58,39907.58,33308.78,3600.00,1093.00,21357.11,18550.61,867.560000,8.0,42.640000
20210906,2021-09-06,2021,9,September,FQ2,FY21-22,Monday,False,61,58,3,190,177,57500.01,54343.14,40258.26,3156.87,4329.77,29743.47,24599.72,936.950000,4.92,42.780000
20231220,2023-12-20,2023,12,December,FQ3,FY23-24,Wednesday,False,48,46,2,130,127,34193.62,33532.03,24380.66,661.59,1784.57,18284.05,15247.99,728.960000,4.17,44.590000
20230205,2023-02-05,2023,2,February,FQ4,FY22-23,Sunday,True,51,51,0,154,154,49916.65,49916.65,43491.56,0.00,0.00,26654.10,23262.67,978.760000,0.0,46.600000
20220809,2022-08-09,2022,8,August,FQ2,FY22-23,Tuesday,False,58,57,1,184,182,57431.88,56558.65,46192.50,873.23,1184.25,30975.42,25583.25,992.260000,1.72,44.550000
20211128,2021-11-28,2021,11,November,FQ3,FY21-22,Sunday,True,54,52,2,161,155,51042.76,49421.65,37107.21,1621.11,2550.92,27397.81,22023.75,950.420000,3.7,43.150000
20220326,2022-03-26,2022,3,March,FQ4,FY21-22,Saturday,True,76,72,4,217,201,73295.06,68164.75,49637.05,5130.31,5577.34,36605.56,31559.34,946.730000,5.26,43.060000
20240826,2024-08-26,2024,8,August,FQ2,FY24-25,Monday,False,68,66,2,216,206,60573.08,56515.57,40961.57,4057.51,3537.12,31221.21,25294.50,856.300000,2.94,41.760000
20210403,2021-04-03,2021,4,April,FQ1,FY21-22,Saturday,True,54,53,1,149,148,42430.80,42074.17,29862.75,356.63,1413.74,22721.23,19353.07,793.850000,1.85,45.610000
20231106,2023-11-06,2023,11,November,FQ3,FY23-24,Monday,False,71,68,3,194,185,64634.44,61127.61,46194.67,3506.83,5614.47,32888.09,28239.57,898.940000,4.23,43.690000
20240809,2024-08-09,2024,8,August,FQ2,FY24-25,Friday,False,53,51,2,174,167,55670.59,52536.05,33582.50,3134.54,2426.72,27629.00,24907.14,1030.120000,3.77,44.740000
20241012,2024-10-12,2024,10,October,FQ3,FY24-25,Saturday,True,63,61,2,215,206,71956.83,68964.54,53538.95,2992.29,1978.60,37906.82,31057.81,1130.570000,3.17,43.160000
20210702,2021-07-02,2021,7,July,FQ2,FY21-22,Friday,False,59,57,2,186,178,57441.27,54266.92,40490.01,3174.35,2573.73,29424.64,24842.38,952.050000,3.39,43.250000
20220712,2022-07-12,2022,7,July,FQ2,FY22-23,Tuesday,False,61,60,1,180,175,54299.58,53107.57,39460.81,1192.01,1159.24,28863.87,24243.89,885.130000,1.64,44.650000
20230819,2023-08-19,2023,8,August,FQ2,FY23-24,Saturday,True,51,51,0,162,162,44165.02,44165.02,37793.39,0.00,1072.65,24875.53,19289.54,865.980000,0.0,43.680000
20230809,2023-08-09,2023,8,August,FQ2,FY23-24,Wednesday,False,60,59,1,193,191,60103.94,59049.84,40897.24,1054.10,0.00,32373.68,26676.21,1000.840000,1.67,44.380000
20200804,2020-08-04,2020,8,August,FQ2,FY20-21,Tuesday,False,68,66,2,205,196,57940.87,56677.30,42927.86,1263.57,1056.39,30523.17,26154.20,858.750000,2.94,45.140000
20200326,2020-03-26,2020,3,March,FQ4,FY19-20,Thursday,False,52,50,2,180,174,52750.71,51576.29,41594.21,1174.42,984.02,27841.42,23734.95,1031.530000,3.85,44.990000
20210822,2021-08-22,2021,8,August,FQ2,FY21-22,Sunday,True,49,44,5,151,132,41612.46,38637.90,29451.64,2974.56,1580.63,21240.24,17397.73,878.130000,10.2,41.810000
20230113,2023-01-13,2023,1,January,FQ4,FY22-23,Friday,False,47,47,0,128,128,36380.55,36380.55,32320.80,0.00,0.00,19927.88,16452.85,774.050000,0.0,45.220000
20241114,2024-11-14,2024,11,November,FQ3,FY24-25,Thursday,False,67,66,1,223,220,67469.65,67109.30,56833.07,360.35,3779.36,36482.40,30626.87,1016.810000,1.49,45.390000
20240313,2024-03-13,2024,3,March,FQ4,FY23-24,Wednesday,False,51,48,3,148,138,53165.64,49090.12,37224.65,4075.52,232.80,26039.00,23051.12,1022.710000,5.88,43.360000
20210119,2021-01-19,2021,1,January,FQ4,FY20-21,Tuesday,False,48,47,1,136,131,43041.90,40487.38,33459.20,2554.52,1419.42,21879.09,18608.25,861.430000,2.08,43.230000
20240925,2024-09-25,2024,9,September,FQ2,FY24-25,Wednesday,False,59,58,1,174,170,62775.54,60300.01,42484.44,2475.53,904.17,33067.42,27232.63,1039.660000,1.69,43.380000
20240213,2024-02-13,2024,2,February,FQ4,FY23-24,Tuesday,False,50,49,1,145,142,45574.34,43678.24,37169.76,1896.10,675.18,23720.44,19957.82,891.390000,2.0,43.790000
20200629,2020-06-29,2020,6,June,FQ1,FY20-21,Monday,False,55,52,3,159,150,48720.92,46906.72,37386.78,1814.20,2666.30,25142.18,21764.66,902.050000,5.45,44.670000
20220421,2022-04-21,2022,4,April,FQ1,FY22-23,Thursday,False,1681,1425,256,1689,1602,1006244.64,919850.75,290781.90,86393.89,14296.32,421523.47,498327.35,645.510000,15.23,49.520000
20220625,2022-06-25,2022,6,June,FQ1,FY22-23,Saturday,True,1030,905,125,1099,1054,703825.68,655386.87,55927.38,48438.81,1753.21,293043.87,362343.07,724.180000,12.14,51.480000
20221016,2022-10-16,2022,10,October,FQ3,FY22-23,Sunday,True,55,52,3,156,147,49229.43,45155.42,39191.41,4074.01,1626.30,24911.72,20243.70,868.370000,5.45,41.120000
20200224,2020-02-24,2020,2,February,FQ4,FY19-20,Monday,False,54,52,2,145,138,40766.77,39543.44,33699.20,1223.33,1777.62,21321.88,18221.65,760.450000,3.7,44.700000
20230317,2023-03-17,2023,3,March,FQ4,FY22-23,Friday,False,50,48,2,150,144,42730.09,40751.67,27946.91,1978.42,1605.17,22428.97,18322.72,848.990000,4.0,42.880000
20220727,2022-07-27,2022,7,July,FQ2,FY22-23,Wednesday,False,49,49,0,147,147,55036.15,55036.15,41765.47,0.00,569.70,29696.67,25339.52,1123.190000,0.0,46.040000
20200510,2020-05-10,2020,5,May,FQ1,FY20-21,Sunday,True,58,57,1,177,176,60142.14,59849.91,42658.58,292.23,14.97,32197.52,27652.49,1050.000000,1.72,45.980000
20210110,2021-01-10,2021,1,January,FQ4,FY20-21,Sunday,True,74,74,0,194,194,54091.23,54091.23,43330.90,0.00,3337.04,29302.33,24788.99,730.960000,0.0,45.830000
20211119,2021-11-19,2021,11,November,FQ3,FY21-22,Friday,False,47,45,2,148,145,42470.47,42021.19,27670.49,449.28,3340.84,22514.81,19506.42,933.800000,4.26,45.930000
20210926,2021-09-26,2021,9,September,FQ2,FY21-22,Sunday,True,47,46,1,148,143,44960.07,44880.53,38969.17,79.54,228.86,24306.31,20574.34,975.660000,2.13,45.760000
20240510,2024-05-10,2024,5,May,FQ1,FY24-25,Friday,False,62,57,5,195,179,54955.55,49200.36,37433.38,5755.19,2547.20,27092.71,22107.79,863.160000,8.06,40.230000
20211130,2021-11-30,2021,11,November,FQ3,FY21-22,Tuesday,False,56,52,4,151,141,45426.78,44173.35,32150.26,1253.43,4200.19,23940.07,20233.39,849.490000,7.14,44.540000
20220302,2022-03-02,2022,3,March,FQ4,FY21-22,Wednesday,False,59,54,5,175,160,53015.64,49542.11,35898.44,3473.53,1487.73,26626.56,22915.49,917.450000,8.47,43.220000
20210610,2021-06-10,2021,6,June,FQ1,FY21-22,Thursday,False,45,44,1,144,143,44229.84,44104.31,27484.71,125.53,326.47,23967.14,20137.30,1002.370000,2.22,45.530000
20220217,2022-02-17,2022,2,February,FQ4,FY21-22,Thursday,False,46,46,0,152,152,46927.90,46927.90,31665.93,0.00,0.00,25668.41,21259.56,1020.170000,0.0,45.300000
20211103,2021-11-03,2021,11,November,FQ3,FY21-22,Wednesday,False,53,53,0,128,128,39859.47,39859.47,28459.14,0.00,227.12,22145.30,17714.08,752.070000,0.0,44.440000
20200114,2020-01-14,2020,1,January,FQ4,FY19-20,Tuesday,False,55,52,3,170,159,56976.77,53755.37,38444.40,3221.40,0.00,28314.44,25441.00,1033.760000,5.45,44.650000
20220124,2022-01-24,2022,1,January,FQ4,FY21-22,Monday,False,49,47,2,147,142,51911.61,50192.05,40109.54,1719.56,4619.18,27291.78,22900.27,1067.920000,4.08,44.110000
20230723,2023-07-23,2023,7,July,FQ2,FY23-24,Sunday,True,62,61,1,198,194,60291.65,59461.07,44427.14,830.58,262.15,33712.11,25749.06,974.770000,1.61,42.710000
20240723,2024-07-23,2024,7,July,FQ2,FY24-25,Tuesday,False,55,53,2,166,160,60703.44,58640.94,50495.33,2062.50,3289.91,30927.11,27713.92,1106.430000,3.64,45.650000
20211026,2021-10-26,2021,10,October,FQ3,FY21-22,Tuesday,False,51,48,3,150,140,41362.28,37884.04,28930.48,3478.24,0.00,20897.95,16986.22,789.250000,5.88,41.070000
20210620,2021-06-20,2021,6,June,FQ1,FY21-22,Sunday,True,52,51,1,152,148,49218.97,46969.44,31823.25,2249.53,0.00,25064.95,21904.61,920.970000,1.92,44.500000
20210916,2021-09-16,2021,9,September,FQ2,FY21-22,Thursday,False,50,50,0,151,151,48209.19,48209.19,35887.23,0.00,497.21,26063.96,22145.31,964.180000,0.0,45.940000
20210407,2021-04-07,2021,4,April,FQ1,FY21-22,Wednesday,False,47,45,2,125,117,34512.80,33214.71,22704.24,1298.09,1738.52,17879.88,15334.88,738.100000,4.26,44.430000
20221119,2022-11-19,2022,11,November,FQ3,FY22-23,Saturday,True,70,67,3,215,208,64835.30,62066.64,55083.65,2768.66,1703.79,34150.54,27916.25,926.370000,4.29,43.060000
20221103,2022-11-03,2022,11,November,FQ3,FY22-23,Thursday,False,62,59,3,178,173,49909.40,47721.39,36900.68,2188.01,2085.10,26704.40,21017.05,808.840000,4.84,42.110000
20241224,2024-12-24,2024,12,December,FQ3,FY24-25,Tuesday,False,63,60,3,194,188,61860.34,60192.58,47796.96,1667.76,1248.88,33308.24,26884.43,1003.210000,4.76,43.460000
20220718,2022-07-18,2022,7,July,FQ2,FY22-23,Monday,False,66,64,2,181,175,57963.72,55628.47,48235.94,2335.25,2681.84,30608.64,25019.83,869.190000,3.03,43.160000
20211224,2021-12-24,2021,12,December,FQ3,FY21-22,Friday,False,58,56,2,187,178,57767.53,55387.15,42626.43,2380.38,2446.89,30263.79,25123.43,989.060000,3.45,43.490000
20241011,2024-10-11,2024,10,October,FQ3,FY24-25,Friday,False,45,44,1,123,122,34293.40,34012.89,23560.42,280.51,0.00,18751.23,15261.75,773.020000,2.22,44.500000
20240823,2024-08-23,2024,8,August,FQ2,FY24-25,Friday,False,40,38,2,124,122,38294.57,37801.22,27294.51,493.35,0.00,21042.89,16758.28,994.770000,5.0,43.760000
20211104,2021-11-04,2021,11,November,FQ3,FY21-22,Thursday,False,53,52,1,153,151,45798.19,45360.92,32510.23,437.27,1382.32,24489.55,20871.50,872.330000,1.89,45.570000
20240331,2024-03-31,2024,3,March,FQ4,FY23-24,Sunday,True,51,49,2,177,170,50480.51,47373.73,37681.03,3106.78,2487.48,25502.81,21871.03,966.810000,3.92,43.330000
20241104,2024-11-04,2024,11,November,FQ3,FY24-25,Monday,False,46,45,1,145,140,52506.23,50132.51,40239.75,2373.72,1818.17,27320.26,22812.36,1114.060000,2.17,43.450000
20241010,2024-10-10,2024,10,October,FQ3,FY24-25,Thursday,False,53,50,3,148,142,45927.82,44643.98,27498.89,1283.84,942.22,23686.55,20957.45,892.880000,5.66,45.630000
20240916,2024-09-16,2024,9,September,FQ2,FY24-25,Monday,False,53,51,2,169,161,57994.32,55892.06,41454.90,2102.26,2225.94,29973.01,25919.24,1095.920000,3.77,44.690000
20240620,2024-06-20,2024,6,June,FQ1,FY24-25,Thursday,False,42,42,0,125,125,40968.42,40968.42,30743.22,0.00,2589.41,22329.42,18639.01,975.440000,0.0,45.500000
20210510,2021-05-10,2021,5,May,FQ1,FY21-22,Monday,False,47,46,1,143,140,48186.92,46638.19,33459.79,1548.73,4495.01,25401.98,21236.18,1013.870000,2.13,44.070000
20220402,2022-04-02,2022,4,April,FQ1,FY22-23,Saturday,True,22651,22408,243,52310,52189,5127801.60,5005996.71,4333927.04,107915.89,8796.29,4054408.66,928965.10,223.400000,1.07,18.120000
20220419,2022-04-19,2022,4,April,FQ1,FY22-23,Tuesday,False,1628,1401,227,1666,1616,1018473.98,940734.62,373351.06,77739.36,19282.96,440339.40,500395.27,671.470000,13.94,49.130000
20220521,2022-05-21,2022,5,May,FQ1,FY22-23,Saturday,True,1067,923,144,1166,1120,752124.38,678479.60,281880.70,73644.78,12613.54,307969.04,370510.62,735.080000,13.5,49.260000
20220627,2022-06-27,2022,6,June,FQ1,FY22-23,Monday,False,1101,965,136,1199,1141,763603.34,706108.29,36939.93,57495.05,618.04,320287.54,385820.85,731.720000,12.35,50.530000
20230828,2023-08-28,2023,8,August,FQ2,FY23-24,Monday,False,47,45,2,162,155,42941.08,41812.44,28897.82,1128.64,177.40,23592.70,18219.82,929.170000,4.26,42.430000
20220815,2022-08-15,2022,8,August,FQ2,FY22-23,Monday,False,57,51,6,154,138,45252.73,39967.60,25781.26,5285.13,3350.90,21454.08,18513.67,783.680000,10.53,40.910000
20241204,2024-12-04,2024,12,December,FQ3,FY24-25,Wednesday,False,53,49,4,162,147,51345.00,45341.76,40999.41,6003.24,664.95,25152.30,20189.50,925.340000,7.55,39.320000
20230721,2023-07-21,2023,7,July,FQ2,FY23-24,Friday,False,42,41,1,113,112,38262.96,37967.57,32156.79,295.39,226.77,20206.54,17761.15,926.040000,2.38,46.420000
20220117,2022-01-17,2022,1,January,FQ4,FY21-22,Monday,False,44,43,1,141,136,40971.59,39167.62,34246.56,1803.97,1188.97,21187.66,17979.97,910.870000,2.27,43.880000
20200922,2020-09-22,2020,9,September,FQ2,FY20-21,Tuesday,False,68,63,5,218,199,66116.44,61930.62,52148.00,4185.82,286.47,33998.54,27932.03,983.030000,7.35,42.250000
20230929,2023-09-29,2023,9,September,FQ2,FY23-24,Friday,False,41,38,3,126,116,45336.10,42698.28,32221.77,2637.82,2883.09,23191.79,19506.44,1123.640000,7.32,43.030000
20220219,2022-02-19,2022,2,February,FQ4,FY21-22,Saturday,True,55,54,1,158,154,44924.43,42881.24,33368.12,2043.19,472.34,23548.19,19333.25,794.100000,1.82,43.040000
20220130,2022-01-30,2022,1,January,FQ4,FY21-22,Sunday,True,66,63,3,200,189,65858.41,63586.64,52251.45,2271.77,865.06,35396.94,28189.79,1009.310000,4.55,42.800000
20231231,2023-12-31,2023,12,December,FQ3,FY23-24,Sunday,True,57,54,3,178,164,55252.24,50839.83,35708.87,4412.41,5266.22,28061.96,22777.95,941.480000,5.26,41.230000
20200117,2020-01-17,2020,1,January,FQ4,FY19-20,Friday,False,67,66,1,207,203,68870.02,67437.27,48617.63,1432.75,4317.05,35799.70,31637.67,1021.780000,1.49,45.940000
20210808,2021-08-08,2021,8,August,FQ2,FY21-22,Sunday,True,50,49,1,136,134,39388.41,39173.01,27324.40,215.40,0.00,21424.77,17748.27,799.450000,2.0,45.060000
20211204,2021-12-04,2021,12,December,FQ3,FY21-22,Saturday,True,54,54,0,176,176,53538.91,53538.91,40346.72,0.00,4644.30,28853.55,24685.58,991.460000,0.0,46.110000
20241214,2024-12-14,2024,12,December,FQ3,FY24-25,Saturday,True,55,54,1,156,151,46884.72,45127.37,33872.73,1757.35,643.98,24767.16,20360.29,835.690000,1.82,43.430000
20210506,2021-05-06,2021,5,May,FQ1,FY21-22,Thursday,False,50,49,1,138,136,45548.63,45181.85,35931.64,366.78,1182.31,23970.05,21211.87,922.080000,2.0,46.570000
20210117,2021-01-17,2021,1,January,FQ4,FY20-21,Sunday,True,51,49,2,165,159,44442.02,43100.00,34304.63,1342.02,1362.77,23217.11,19882.90,879.590000,3.92,44.740000
20221001,2022-10-01,2022,10,October,FQ3,FY22-23,Saturday,True,50,49,1,148,146,45745.34,44476.50,27471.20,1268.84,0.00,24183.68,20292.92,907.680000,2.0,44.360000
20240506,2024-05-06,2024,5,May,FQ1,FY24-25,Monday,False,51,49,2,146,138,52210.86,49448.00,45211.37,2762.86,0.00,27425.97,22022.07,1009.140000,3.92,42.180000
20230313,2023-03-13,2023,3,March,FQ4,FY22-23,Monday,False,58,55,3,189,182,59305.60,57312.01,43913.53,1993.59,3071.32,31313.81,25998.18,1042.040000,5.17,43.840000
20231214,2023-12-14,2023,12,December,FQ3,FY23-24,Thursday,False,59,58,1,173,172,58942.78,58919.96,44467.73,22.82,2123.93,31811.32,27108.73,1015.860000,1.69,45.990000
20230922,2023-09-22,2023,9,September,FQ2,FY23-24,Friday,False,63,62,1,198,193,60450.21,59296.81,53514.74,1153.40,0.00,32896.31,26400.67,956.400000,1.59,43.670000
20240402,2024-04-02,2024,4,April,FQ1,FY24-25,Tuesday,False,70,68,2,225,216,71085.23,67581.17,54838.99,3504.06,520.74,36695.48,30885.63,993.840000,2.86,43.450000
20220729,2022-07-29,2022,7,July,FQ2,FY22-23,Friday,False,56,56,0,159,159,53054.58,53054.58,43367.19,0.00,0.00,28697.59,24357.14,947.400000,0.0,45.910000
20240929,2024-09-29,2024,9,September,FQ2,FY24-25,Sunday,True,59,57,2,164,157,53523.66,50917.92,36791.93,2605.74,2435.41,27236.20,23681.74,893.300000,3.39,44.250000
20211209,2021-12-09,2021,12,December,FQ3,FY21-22,Thursday,False,44,44,0,120,120,39335.06,39335.06,29452.12,0.00,1726.84,21105.59,18229.52,893.980000,0.0,46.340000
20210627,2021-06-27,2021,6,June,FQ1,FY21-22,Sunday,True,46,45,1,140,137,46253.00,44951.02,39315.48,1301.98,582.24,24093.89,20857.33,998.910000,2.17,45.090000
20211001,2021-10-01,2021,10,October,FQ3,FY21-22,Friday,False,56,56,0,163,163,44776.82,44776.82,33649.66,0.00,2859.13,24970.50,19806.27,799.590000,0.0,44.230000
20200627,2020-06-27,2020,6,June,FQ1,FY20-21,Saturday,True,68,65,3,202,195,60091.54,56924.95,42389.47,3166.59,2272.65,31462.99,25462.15,875.770000,4.41,42.370000
20200412,2020-04-12,2020,4,April,FQ1,FY20-21,Sunday,True,57,56,1,168,166,51535.03,51297.59,35563.46,237.44,1187.54,27027.58,24269.98,916.030000,1.75,47.090000
20240412,2024-04-12,2024,4,April,FQ1,FY24-25,Friday,False,57,56,1,159,154,50314.24,47704.30,34551.23,2609.94,0.00,26496.51,21207.72,851.860000,1.75,42.150000
20240818,2024-08-18,2024,8,August,FQ2,FY24-25,Sunday,True,59,53,6,181,165,56018.24,50460.21,31880.24,5558.03,2538.51,28199.82,22260.63,952.080000,10.17,39.740000
20221204,2022-12-04,2022,12,December,FQ3,FY22-23,Sunday,True,61,59,2,186,179,60513.05,58296.52,39425.30,2216.53,2173.33,31341.75,26954.86,988.080000,3.28,44.540000
20220818,2022-08-18,2022,8,August,FQ2,FY22-23,Thursday,False,51,47,4,158,145,48583.92,43127.59,26922.95,5456.33,1759.72,23370.90,19756.85,917.610000,7.84,40.670000
20200808,2020-08-08,2020,8,August,FQ2,FY20-21,Saturday,True,65,64,1,190,189,55277.84,54910.40,45771.48,367.44,4973.28,29179.77,25730.78,857.980000,1.54,46.550000
20230402,2023-04-02,2023,4,April,FQ1,FY23-24,Sunday,True,57,56,1,176,175,52847.48,52164.70,34135.17,682.78,4088.30,27726.08,24438.71,931.510000,1.75,46.240000
20200828,2020-08-28,2020,8,August,FQ2,FY20-21,Friday,False,41,40,1,134,132,35939.37,34911.30,26744.66,1028.07,165.45,18653.20,16258.13,872.780000,2.44,45.240000
20200815,2020-08-15,2020,8,August,FQ2,FY20-21,Saturday,True,73,69,4,228,216,62941.95,59060.13,51883.69,3881.82,785.05,32538.78,26521.43,855.940000,5.48,42.140000
20231204,2023-12-04,2023,12,December,FQ3,FY23-24,Monday,False,58,56,2,174,169,55129.73,53116.50,44239.34,2013.23,536.71,28550.79,24565.84,948.510000,3.45,44.560000
20221201,2022-12-01,2022,12,December,FQ3,FY22-23,Thursday,False,66,64,2,173,171,50413.18,49806.09,44517.23,607.09,0.00,27100.51,22705.65,778.220000,3.03,45.040000
20210214,2021-02-14,2021,2,February,FQ4,FY20-21,Sunday,True,36,36,0,114,114,35037.35,35037.35,29164.53,0.00,305.96,18596.26,16441.20,973.260000,0.0,46.920000
20230506,2023-05-06,2023,5,May,FQ1,FY23-24,Saturday,True,34,34,0,102,102,32557.49,32557.49,26322.59,0.00,0.00,17454.31,15103.29,957.570000,0.0,46.390000
20200615,2020-06-15,2020,6,June,FQ1,FY20-21,Monday,False,53,52,1,180,177,58749.32,58589.23,42774.17,160.09,0.00,33294.37,25295.09,1126.720000,1.89,43.060000
20230412,2023-04-12,2023,4,April,FQ1,FY23-24,Wednesday,False,54,53,1,160,155,46937.58,45772.08,35614.20,1165.50,3146.30,26102.35,19669.82,863.620000,1.85,41.910000
20201016,2020-10-16,2020,10,October,FQ3,FY20-21,Friday,False,49,48,1,157,155,50923.17,49980.97,39184.98,942.20,0.00,26496.13,23484.92,1041.270000,2.04,46.120000
20220929,2022-09-29,2022,9,September,FQ2,FY22-23,Thursday,False,44,42,2,134,127,35976.48,34904.87,25218.67,1071.61,2737.29,19200.87,15704.12,831.070000,4.55,43.650000
20200429,2020-04-29,2020,4,April,FQ1,FY20-21,Wednesday,False,42,40,2,134,129,37114.96,34738.86,29947.54,2376.10,0.00,18916.96,15822.11,868.470000,4.76,42.630000
20221031,2022-10-31,2022,10,October,FQ3,FY22-23,Monday,False,35,31,4,107,99,28938.20,27510.57,23539.96,1427.63,2053.16,15220.84,12289.80,887.440000,11.43,42.470000
20220407,2022-04-07,2022,4,April,FQ1,FY22-23,Thursday,False,9568,9341,227,17975,17885,2211174.49,2105327.58,1481374.35,98646.91,10120.68,1485576.85,616019.51,225.390000,2.37,27.860000
20220610,2022-06-10,2022,6,June,FQ1,FY22-23,Friday,False,1268,1104,164,1352,1279,859649.41,793587.88,210850.68,66061.53,19275.74,351494.61,442093.36,718.830000,12.93,51.430000
20220607,2022-06-07,2022,6,June,FQ1,FY22-23,Tuesday,False,1471,1268,203,1533,1437,1003310.65,919804.25,242262.91,83506.40,16350.43,404891.58,514912.71,725.400000,13.8,51.320000
20241016,2024-10-16,2024,10,October,FQ3,FY24-25,Wednesday,False,60,57,3,178,165,52029.10,48936.94,36144.07,3092.16,1367.22,25845.36,23091.60,858.540000,5.0,44.380000
20231011,2023-10-11,2023,10,October,FQ3,FY23-24,Wednesday,False,49,49,0,159,159,45998.84,45998.84,37819.28,0.00,0.00,24728.27,21270.48,938.750000,0.0,46.240000
20240610,2024-06-10,2024,6,June,FQ1,FY24-25,Monday,False,58,56,2,187,180,61688.60,60174.65,44441.07,1513.95,1067.01,33861.63,26313.22,1074.550000,3.45,42.650000
20230808,2023-08-08,2023,8,August,FQ2,FY23-24,Tuesday,False,63,62,1,184,182,65118.02,64781.81,49144.35,336.21,557.44,35331.88,29450.07,1044.870000,1.59,45.230000
20200407,2020-04-07,2020,4,April,FQ1,FY20-21,Tuesday,False,54,51,3,152,143,49701.65,47419.10,40117.10,2282.55,205.93,25876.75,21542.41,929.790000,5.56,43.340000
20200620,2020-06-20,2020,6,June,FQ1,FY20-21,Saturday,True,55,55,0,166,166,58112.06,58112.06,47716.36,0.00,2379.60,31826.94,26285.12,1056.580000,0.0,45.230000
20200803,2020-08-03,2020,8,August,FQ2,FY20-21,Monday,False,63,62,1,184,180,63550.28,62444.56,46952.56,1105.72,1074.36,33900.85,28543.83,1007.170000,1.59,44.920000
20210204,2021-02-04,2021,2,February,FQ4,FY20-21,Thursday,False,62,59,3,209,200,69302.86,65827.81,57945.41,3475.05,690.68,36677.18,29150.66,1115.730000,4.84,42.060000
20201130,2020-11-30,2020,11,November,FQ3,FY20-21,Monday,False,46,44,2,143,136,44098.63,41599.00,33651.48,2499.63,3005.84,23548.51,18050.61,945.430000,4.35,40.930000
20240209,2024-02-09,2024,2,February,FQ4,FY23-24,Friday,False,59,58,1,186,182,59240.10,56872.55,43882.46,2367.55,2535.69,31905.08,24967.56,980.560000,1.69,42.150000
20200701,2020-07-01,2020,7,July,FQ2,FY20-21,Wednesday,False,68,64,4,212,200,68825.79,66516.64,51203.01,2309.15,2465.42,35899.25,30617.37,1039.320000,5.88,44.490000
20230620,2023-06-20,2023,6,June,FQ1,FY23-24,Tuesday,False,52,51,1,148,144,47693.07,45263.30,33666.87,2429.77,647.35,24542.05,20721.36,887.520000,1.92,43.450000
20230204,2023-02-04,2023,2,February,FQ4,FY22-23,Saturday,True,64,60,4,202,189,60547.31,56099.02,47857.42,4448.29,1658.45,30297.71,25801.41,934.980000,6.25,42.610000
20230714,2023-07-14,2023,7,July,FQ2,FY23-24,Friday,False,51,51,0,146,146,49739.04,49739.04,46811.05,0.00,1178.00,26483.85,23255.33,975.280000,0.0,46.750000
20211105,2021-11-05,2021,11,November,FQ3,FY21-22,Friday,False,46,43,3,139,131,47668.48,44449.95,36620.61,3218.53,4008.31,25022.36,19427.68,1033.720000,6.52,40.760000
20231224,2023-12-24,2023,12,December,FQ3,FY23-24,Sunday,True,53,52,1,169,165,51855.30,51203.53,42036.65,651.77,335.46,28481.79,22721.86,984.680000,1.89,43.820000
20221219,2022-12-19,2022,12,December,FQ3,FY22-23,Monday,False,61,60,1,169,167,45860.83,44866.70,35155.69,994.13,22.54,24383.98,20482.79,747.780000,1.64,44.660000
20230825,2023-08-25,2023,8,August,FQ2,FY23-24,Friday,False,60,58,2,171,163,52287.20,48207.64,38728.03,4079.56,0.00,26031.51,22176.19,831.170000,3.33,42.410000
20231219,2023-12-19,2023,12,December,FQ3,FY23-24,Tuesday,False,45,44,1,119,117,36460.79,36408.74,32101.85,52.05,990.28,19903.86,16504.96,827.470000,2.22,45.270000
20230224,2023-02-24,2023,2,February,FQ4,FY22-23,Friday,False,39,37,2,106,102,33120.92,31674.32,26948.81,1446.60,0.00,17407.23,14267.01,856.060000,5.13,43.080000
20200327,2020-03-27,2020,3,March,FQ4,FY19-20,Friday,False,67,65,2,208,202,64076.01,63008.11,52888.69,1067.90,2695.17,34740.33,28267.94,969.360000,2.99,44.120000
20200204,2020-02-04,2020,2,February,FQ4,FY19-20,Tuesday,False,57,55,2,165,158,54162.82,51729.64,42701.97,2433.18,1780.98,27785.48,23944.40,940.540000,3.51,44.210000
20200926,2020-09-26,2020,9,September,FQ2,FY20-21,Saturday,True,66,65,1,214,210,69259.57,67974.74,50612.40,1284.83,994.23,37611.51,30363.29,1045.770000,1.52,43.840000
20231016,2023-10-16,2023,10,October,FQ3,FY23-24,Monday,False,59,54,5,161,144,44862.29,39590.94,30241.62,5271.35,804.97,22136.35,17454.63,733.170000,8.47,38.910000
20200325,2020-03-25,2020,3,March,FQ4,FY19-20,Wednesday,False,52,52,0,151,151,57364.10,57364.10,40173.93,0.00,4096.25,30282.28,27081.99,1103.160000,0.0,47.210000
20240808,2024-08-08,2024,8,August,FQ2,FY24-25,Thursday,False,64,61,3,176,171,44251.49,42998.93,31238.62,1252.56,3367.19,24288.95,18710.06,704.900000,4.69,42.280000
20200110,2020-01-10,2020,1,January,FQ4,FY19-20,Friday,False,60,60,0,183,183,62198.96,62198.96,43748.00,0.00,2993.72,33299.07,28899.96,1036.650000,0.0,46.460000
20240714,2024-07-14,2024,7,July,FQ2,FY24-25,Sunday,True,61,57,4,205,193,59502.63,55316.09,41372.80,4186.54,2221.63,30762.09,24554.31,970.460000,6.56,41.270000
20210714,2021-07-14,2021,7,July,FQ2,FY21-22,Wednesday,False,67,65,2,195,186,64108.58,63590.24,45494.13,518.34,3255.28,34588.44,29001.88,978.310000,2.99,45.240000
20230607,2023-06-07,2023,6,June,FQ1,FY23-24,Wednesday,False,52,52,0,153,153,44397.25,44397.25,35948.41,0.00,1185.35,23813.41,20583.82,853.790000,0.0,46.360000
20230625,2023-06-25,2023,6,June,FQ1,FY23-24,Sunday,True,51,49,2,164,157,48643.91,47346.05,28206.68,1297.86,1788.56,25670.16,21675.90,966.250000,3.92,44.560000
20240825,2024-08-25,2024,8,August,FQ2,FY24-25,Sunday,True,54,51,3,153,147,52840.10,51873.44,38373.18,966.66,0.00,27676.81,24196.59,1017.130000,5.56,45.790000
20240803,2024-08-03,2024,8,August,FQ2,FY24-25,Saturday,True,59,59,0,181,181,46049.89,46049.89,38597.01,0.00,0.00,25277.54,20772.41,780.510000,0.0,45.110000
20210124,2021-01-24,2021,1,January,FQ4,FY20-21,Sunday,True,64,63,1,195,192,48656.71,48482.20,38175.07,174.51,1059.68,27055.67,21426.59,769.560000,1.56,44.040000
20211003,2021-10-03,2021,10,October,FQ3,FY21-22,Sunday,True,46,46,0,140,140,43985.34,43985.34,37859.86,0.00,445.86,24010.63,19974.83,956.200000,0.0,45.410000
20220913,2022-09-13,2022,9,September,FQ2,FY22-23,Tuesday,False,57,54,3,178,165,47599.31,46127.40,36184.37,1471.91,154.07,25710.40,20417.10,854.210000,5.26,42.890000
20231020,2023-10-20,2023,10,October,FQ3,FY23-24,Friday,False,55,54,1,162,158,48448.83,47130.15,36175.16,1318.68,325.62,26006.50,21123.75,872.780000,1.82,43.600000
20211225,2021-12-25,2021,12,December,FQ3,FY21-22,Saturday,True,66,63,3,204,193,55846.09,52398.53,31870.41,3447.56,2964.50,28546.40,23852.16,831.720000,4.55,42.710000
20220819,2022-08-19,2022,8,August,FQ2,FY22-23,Friday,False,56,52,4,170,159,50462.84,45250.67,33305.62,5212.17,974.95,25101.86,20148.74,870.210000,7.14,39.930000
20240819,2024-08-19,2024,8,August,FQ2,FY24-25,Monday,False,42,42,0,130,130,36370.25,36370.25,29564.52,0.00,0.00,19060.42,17309.98,865.960000,0.0,47.590000
20201215,2020-12-15,2020,12,December,FQ3,FY20-21,Tuesday,False,58,55,3,195,183,65874.14,60834.56,43762.10,5039.58,6772.23,32837.36,27997.34,1106.080000,5.17,42.500000
20200205,2020-02-05,2020,2,February,FQ4,FY19-20,Wednesday,False,53,51,2,163,156,46742.75,44484.16,29811.22,2258.59,1504.94,23440.39,21043.78,872.240000,3.77,45.020000
20211208,2021-12-08,2021,12,December,FQ3,FY21-22,Wednesday,False,53,50,3,146,138,43014.19,39425.74,29703.37,3588.45,2732.53,21334.01,18091.90,788.510000,5.66,42.060000
20201012,2020-10-12,2020,10,October,FQ3,FY20-21,Monday,False,47,45,2,139,134,43143.47,42152.74,30842.31,990.73,916.58,22808.62,19344.00,936.730000,4.26,44.840000
20221007,2022-10-07,2022,10,October,FQ3,FY22-23,Friday,False,42,41,1,131,129,36002.23,34718.89,23540.68,1283.34,2790.93,19558.08,15160.76,846.800000,2.38,42.110000
20240626,2024-06-26,2024,6,June,FQ1,FY24-25,Wednesday,False,52,51,1,156,152,46373.30,44772.61,38187.71,1600.69,2002.66,23467.74,21304.91,877.890000,1.92,45.940000
20200621,2020-06-21,2020,6,June,FQ1,FY20-21,Sunday,True,56,55,1,179,174,53081.47,50483.81,38831.09,2597.66,0.00,27793.53,22690.25,917.890000,1.79,42.750000
20200819,2020-08-19,2020,8,August,FQ2,FY20-21,Wednesday,False,58,57,1,169,165,46487.22,45653.76,36028.85,833.46,334.22,24384.34,21269.50,800.940000,1.72,45.750000
20220205,2022-02-05,2022,2,February,FQ4,FY21-22,Saturday,True,57,55,2,174,168,58800.56,58095.64,47978.30,704.92,1137.98,32046.80,26048.82,1056.280000,3.51,44.300000
20221225,2022-12-25,2022,12,December,FQ3,FY22-23,Sunday,True,55,54,1,163,158,54684.29,52588.15,37610.72,2096.14,2189.20,29056.62,23531.57,973.850000,1.82,43.030000
20210809,2021-08-09,2021,8,August,FQ2,FY21-22,Monday,False,45,43,2,133,124,36503.78,34501.14,26804.82,2002.64,2315.57,18686.03,15815.04,802.350000,4.44,43.320000
20240524,2024-05-24,2024,5,May,FQ1,FY24-25,Friday,False,63,61,2,181,175,51063.42,49398.77,45213.34,1664.65,0.00,26963.04,22435.78,809.820000,3.17,43.940000
20210804,2021-08-04,2021,8,August,FQ2,FY21-22,Wednesday,False,52,52,0,145,145,49480.60,49480.60,41395.24,0.00,3629.82,26626.81,22853.84,951.550000,0.0,46.190000
20210430,2021-04-30,2021,4,April,FQ1,FY21-22,Friday,False,54,52,2,176,170,48804.69,46529.15,39947.73,2275.54,601.38,25788.86,20740.26,894.790000,3.7,42.500000
20240218,2024-02-18,2024,2,February,FQ4,FY23-24,Sunday,True,56,53,3,163,153,51120.44,47314.97,35818.88,3805.47,1175.05,25214.62,22100.37,892.740000,5.36,43.230000
20210616,2021-06-16,2021,6,June,FQ1,FY21-22,Wednesday,False,52,52,0,161,161,56385.92,56385.92,42453.08,0.00,0.00,30485.89,25900.17,1084.340000,0.0,45.930000
20201007,2020-10-07,2020,10,October,FQ3,FY20-21,Wednesday,False,45,43,2,125,119,43090.72,39523.58,24808.80,3567.14,2684.80,20411.85,19111.84,919.150000,4.44,44.350000
20231225,2023-12-25,2023,12,December,FQ3,FY23-24,Monday,False,48,45,3,141,131,49691.51,46382.01,37001.03,3309.50,2181.22,25346.31,21035.75,1030.710000,6.25,42.330000
20230403,2023-04-03,2023,4,April,FQ1,FY23-24,Monday,False,44,44,0,139,139,42932.24,42932.24,29973.02,0.00,0.00,23672.97,19259.36,975.730000,0.0,44.860000
20200413,2020-04-13,2020,4,April,FQ1,FY20-21,Monday,False,58,55,3,184,172,57165.83,52889.04,43446.95,4276.79,1440.30,28489.77,24399.22,961.620000,5.17,42.680000
20200913,2020-09-13,2020,9,September,FQ2,FY20-21,Sunday,True,58,57,1,174,170,59763.55,58839.09,48419.27,924.46,3175.43,31515.79,27323.23,1032.260000,1.72,45.720000
20241220,2024-12-20,2024,12,December,FQ3,FY24-25,Friday,False,62,58,4,175,163,47606.74,45516.93,33767.80,2089.81,0.00,25346.91,20170.01,784.770000,6.45,42.370000
20230121,2023-01-21,2023,1,January,FQ4,FY22-23,Saturday,True,59,58,1,178,175,53195.31,53076.02,32844.73,119.29,2182.60,29187.28,23888.72,915.100000,1.69,44.910000
20240121,2024-01-21,2024,1,January,FQ4,FY23-24,Sunday,True,54,52,2,166,162,48598.99,47006.94,33088.65,1592.05,474.07,25739.57,21267.42,903.980000,3.7,43.760000
20200430,2020-04-30,2020,4,April,FQ1,FY20-21,Thursday,False,54,53,1,176,173,56934.68,56848.92,46068.76,85.76,158.71,31667.00,25181.92,1072.620000,1.85,44.230000
20210913,2021-09-13,2021,9,September,FQ2,FY21-22,Monday,False,42,42,0,126,126,46072.70,46072.70,34670.89,0.00,0.00,24892.35,21180.51,1096.970000,0.0,45.970000
20240316,2024-03-16,2024,3,March,FQ4,FY23-24,Saturday,True,55,54,1,165,160,47330.80,46292.83,30611.62,1037.97,2900.51,24563.71,21729.29,857.270000,1.82,45.910000
20230626,2023-06-26,2023,6,June,FQ1,FY23-24,Monday,False,43,42,1,126,123,35711.54,34271.44,24170.00,1440.10,1462.99,18692.68,15578.79,815.990000,2.33,43.620000
20240418,2024-04-18,2024,4,April,FQ1,FY24-25,Thursday,False,49,46,3,137,132,48250.34,46248.46,35860.85,2001.88,1768.75,24551.64,21697.00,1005.400000,6.12,44.970000
20230913,2023-09-13,2023,9,September,FQ2,FY23-24,Wednesday,False,53,49,4,152,140,47882.11,43284.52,29012.03,4597.59,3239.43,23248.01,20036.67,883.360000,7.55,41.850000
20240604,2024-06-04,2024,6,June,FQ1,FY24-25,Tuesday,False,55,55,0,159,159,48163.62,48163.62,34999.38,0.00,3475.40,26609.56,21554.09,875.700000,0.0,44.750000
20210413,2021-04-13,2021,4,April,FQ1,FY21-22,Tuesday,False,43,43,0,129,129,35302.68,35302.68,30458.33,0.00,0.00,19297.41,16005.38,820.990000,0.0,45.340000
20200403,2020-04-03,2020,4,April,FQ1,FY20-21,Friday,False,47,47,0,133,133,40988.35,40988.35,30683.74,0.00,2715.34,22115.32,18873.07,872.090000,0.0,46.040000
20220422,2022-04-22,2022,4,April,FQ1,FY22-23,Friday,False,1592,1375,217,1615,1547,1012186.56,921883.38,309152.08,90303.18,21420.10,423471.97,498411.45,670.460000,13.63,49.240000
20220530,2022-05-30,2022,5,May,FQ1,FY22-23,Monday,False,1257,1096,161,1332,1273,867724.32,807732.44,191024.66,59991.88,18184.13,371471.51,436260.96,736.980000,12.81,50.280000
20220505,2022-05-05,2022,5,May,FQ1,FY22-23,Thursday,False,1432,1218,214,1488,1411,942567.80,858236.75,225491.79,84331.05,9400.75,399858.87,458377.97,704.630000,14.94,48.630000
20220624,2022-06-24,2022,6,June,FQ1,FY22-23,Friday,False,996,855,141,1064,1011,676079.12,618262.79,95402.08,57816.33,364.03,280071.42,338191.41,723.110000,14.16,50.020000
20200411,2020-04-11,2020,4,April,FQ1,FY20-21,Saturday,True,52,52,0,161,161,56919.94,56919.94,40584.77,0.00,1163.76,30262.33,26657.68,1094.610000,0.0,46.830000
20221203,2022-12-03,2022,12,December,FQ3,FY22-23,Saturday,True,61,58,3,202,192,62213.39,59199.15,46098.19,3014.24,2212.23,31932.50,27266.63,1020.680000,4.92,43.830000
20201125,2020-11-25,2020,11,November,FQ3,FY20-21,Wednesday,False,76,75,1,213,212,63473.06,63391.89,50684.02,81.17,323.63,34378.94,29013.02,845.230000,1.32,45.710000
20240229,2024-02-29,2024,2,February,FQ4,FY23-24,Thursday,False,47,47,0,139,139,40424.38,40424.38,28600.41,0.00,942.34,22256.21,18168.39,860.090000,0.0,44.940000
20240322,2024-03-22,2024,3,March,FQ4,FY23-24,Friday,False,78,73,5,254,240,78889.50,72290.85,54416.81,6598.65,5129.66,39304.61,32986.30,990.290000,6.41,41.810000
20200223,2020-02-23,2020,2,February,FQ4,FY19-20,Sunday,True,56,54,2,156,153,49902.46,49331.91,39109.94,570.55,369.24,27594.18,21737.87,913.550000,3.57,43.560000
20211120,2021-11-20,2021,11,November,FQ3,FY21-22,Saturday,True,59,58,1,161,160,54447.94,54211.21,38988.89,236.73,1403.94,30118.58,24092.69,934.680000,1.69,44.250000
20200207,2020-02-07,2020,2,February,FQ4,FY19-20,Friday,False,60,60,0,167,167,54752.12,54752.12,43868.24,0.00,0.00,29465.42,25286.78,912.540000,0.0,46.180000
20201218,2020-12-18,2020,12,December,FQ3,FY20-21,Friday,False,51,50,1,138,136,41097.28,40066.52,30320.16,1030.76,3483.96,21912.50,18154.12,801.330000,1.96,44.170000
20230530,2023-05-30,2023,5,May,FQ1,FY23-24,Tuesday,False,59,59,0,158,158,47684.88,47684.88,36806.19,0.00,0.00,25983.54,21701.40,808.220000,0.0,45.510000
20230401,2023-04-01,2023,4,April,FQ1,FY23-24,Saturday,True,56,56,0,160,160,51771.43,51771.43,36031.02,0.00,0.00,28253.24,23518.17,924.490000,0.0,45.430000
20210305,2021-03-05,2021,3,March,FQ4,FY20-21,Friday,False,46,45,1,129,124,40305.05,39532.60,21446.78,772.45,5539.00,21651.66,17881.02,878.500000,2.17,44.360000
20240807,2024-08-07,2024,8,August,FQ2,FY24-25,Wednesday,False,71,69,2,211,202,64686.69,59710.40,48448.14,4976.29,4120.55,33395.75,26314.71,865.370000,2.82,40.680000
20200724,2020-07-24,2020,7,July,FQ2,FY20-21,Friday,False,49,48,1,139,137,48001.13,47871.63,33786.65,129.50,100.75,26170.42,21701.30,997.330000,2.04,45.210000
20211214,2021-12-14,2021,12,December,FQ3,FY21-22,Tuesday,False,48,45,3,148,134,46176.21,43703.11,35590.85,2473.10,579.94,23572.40,20130.82,971.180000,6.25,43.600000
20240909,2024-09-09,2024,9,September,FQ2,FY24-25,Monday,False,48,47,1,146,141,40514.25,40141.94,29375.32,372.31,0.00,22141.73,18000.16,854.080000,2.08,44.430000
20201107,2020-11-07,2020,11,November,FQ3,FY20-21,Saturday,True,47,45,2,159,154,48852.60,48315.88,38404.58,536.72,1689.04,26648.92,21667.03,1073.690000,4.26,44.350000
20230623,2023-06-23,2023,6,June,FQ1,FY23-24,Friday,False,71,70,1,206,204,51724.13,50913.98,41700.67,810.15,648.33,28570.83,22343.20,727.340000,1.41,43.200000
20200409,2020-04-09,2020,4,April,FQ1,FY20-21,Thursday,False,54,52,2,196,189,55117.27,53025.44,33971.53,2091.83,1360.56,28292.48,24732.96,1019.720000,3.7,44.870000
20211121,2021-11-21,2021,11,November,FQ3,FY21-22,Sunday,True,58,58,0,163,163,39209.25,39209.25,29184.34,0.00,348.16,21428.75,17780.65,676.020000,0.0,45.350000
20210509,2021-05-09,2021,5,May,FQ1,FY21-22,Sunday,True,49,47,2,134,129,37236.50,35638.44,31591.38,1598.06,386.01,19219.26,16419.10,758.260000,4.08,44.090000
20200530,2020-05-30,2020,5,May,FQ1,FY20-21,Saturday,True,60,58,2,185,180,51084.35,49113.30,36720.48,1971.05,189.37,26499.30,22614.04,846.780000,3.33,44.270000
20220115,2022-01-15,2022,1,January,FQ4,FY21-22,Saturday,True,54,54,0,146,146,45601.65,45601.65,36660.14,0.00,1054.58,24353.37,21248.37,844.480000,0.0,46.600000
20220208,2022-02-08,2022,2,February,FQ4,FY21-22,Tuesday,False,65,61,4,205,187,74414.89,65978.11,56352.36,8436.78,992.47,35798.63,30179.55,1081.610000,6.15,40.560000
20210228,2021-02-28,2021,2,February,FQ4,FY20-21,Sunday,True,53,52,1,162,158,55863.30,53687.07,44660.14,2176.23,0.00,28932.67,24754.41,1032.440000,1.89,44.310000
20230129,2023-01-29,2023,1,January,FQ4,FY22-23,Sunday,True,56,55,1,150,149,50259.64,49715.82,36013.05,543.82,0.00,27659.65,22056.31,903.920000,1.79,43.880000
20210322,2021-03-22,2021,3,March,FQ4,FY20-21,Monday,False,57,57,0,164,164,55229.01,55229.01,36046.39,0.00,4414.31,28970.17,26258.86,968.930000,0.0,47.550000
20210831,2021-08-31,2021,8,August,FQ2,FY21-22,Tuesday,False,45,45,0,133,133,40547.06,40547.06,28538.58,0.00,2355.07,22732.94,17814.10,901.050000,0.0,43.930000
20241130,2024-11-30,2024,11,November,FQ3,FY24-25,Saturday,True,59,55,4,161,150,57267.61,53000.92,33781.08,4266.69,397.04,28865.76,24135.15,963.650000,6.78,42.140000
20231217,2023-12-17,2023,12,December,FQ3,FY23-24,Sunday,True,56,54,2,161,155,53687.73,52077.43,42474.65,1610.30,3065.27,28113.26,23964.16,964.400000,3.57,44.640000
20231015,2023-10-15,2023,10,October,FQ3,FY23-24,Sunday,True,60,57,3,195,187,63378.97,60566.48,51926.52,2812.49,1084.37,33381.49,27185.07,1062.570000,5.0,42.890000
20230301,2023-03-01,2023,3,March,FQ4,FY22-23,Wednesday,False,52,50,2,173,166,49595.84,45906.13,31735.60,3689.71,0.00,25059.98,20846.19,918.120000,3.85,42.030000
20230811,2023-08-11,2023,8,August,FQ2,FY23-24,Friday,False,50,47,3,151,143,42275.08,40419.00,27695.49,1856.08,2789.89,22203.66,18215.37,859.980000,6.0,43.090000
20211002,2021-10-02,2021,10,October,FQ3,FY21-22,Saturday,True,50,48,2,147,143,56801.36,54849.47,44466.17,1951.89,211.00,28979.49,25869.96,1142.700000,4.0,45.540000
20240415,2024-04-15,2024,4,April,FQ1,FY24-25,Monday,False,55,49,6,177,155,50120.18,42366.72,33959.36,7753.46,0.00,23008.68,19358.08,864.630000,10.91,38.620000
20220811,2022-08-11,2022,8,August,FQ2,FY22-23,Thursday,False,66,64,2,199,192,64696.33,61882.71,47347.01,2813.62,0.00,33005.60,28877.20,966.920000,3.03,44.630000
20211010,2021-10-10,2021,10,October,FQ3,FY21-22,Sunday,True,59,57,2,168,166,46536.71,46016.15,37939.90,520.56,1695.49,25003.44,21012.80,807.300000,3.39,45.150000
20200921,2020-09-21,2020,9,September,FQ2,FY20-21,Monday,False,62,60,2,191,185,56670.32,53312.80,40216.09,3357.52,3433.08,28632.63,24680.27,888.550000,3.23,43.550000
20210704,2021-07-04,2021,7,July,FQ2,FY21-22,Sunday,True,47,47,0,137,137,41985.69,41985.69,29491.36,0.00,1047.46,22353.75,19631.96,893.310000,0.0,46.760000
20241002,2024-10-02,2024,10,October,FQ3,FY24-25,Wednesday,False,42,42,0,109,109,33293.66,33293.66,20720.65,0.00,3430.07,18274.18,15019.48,792.710000,0.0,45.110000
20231030,2023-10-30,2023,10,October,FQ3,FY23-24,Monday,False,50,50,0,162,162,55045.51,55045.51,38033.15,0.00,201.61,30330.69,24714.72,1100.910000,0.0,44.900000
20200308,2020-03-08,2020,3,March,FQ4,FY19-20,Sunday,True,49,46,3,149,138,46778.11,43778.71,28453.79,2999.40,1536.45,23632.38,20146.49,951.710000,6.12,43.070000
20230827,2023-08-27,2023,8,August,FQ2,FY23-24,Sunday,True,52,49,3,143,134,46412.40,43438.08,31053.45,2974.32,1015.71,23766.73,19671.42,886.490000,5.77,42.380000
20230802,2023-08-02,2023,8,August,FQ2,FY23-24,Wednesday,False,53,50,3,151,142,54095.66,50443.80,32368.97,3651.86,1117.40,26622.86,23820.95,1008.880000,5.66,44.030000
20220328,2022-03-28,2022,3,March,FQ4,FY21-22,Monday,False,51,51,0,115,115,34668.25,34668.25,22986.66,0.00,853.84,18790.41,15877.87,679.770000,0.0,45.800000
20240228,2024-02-28,2024,2,February,FQ4,FY23-24,Wednesday,False,61,60,1,193,189,47520.48,47123.68,34989.20,396.80,580.71,25284.86,21839.00,785.390000,1.64,45.960000
20200817,2020-08-17,2020,8,August,FQ2,FY20-21,Monday,False,59,59,0,195,195,52974.39,52974.39,38218.29,0.00,1427.51,28774.95,24199.42,897.870000,0.0,45.680000
20220114,2022-01-14,2022,1,January,FQ4,FY21-22,Friday,False,49,48,1,149,146,48373.74,46929.73,40833.97,1444.01,245.30,25289.01,21640.92,977.700000,2.04,44.740000
20230308,2023-03-08,2023,3,March,FQ4,FY22-23,Wednesday,False,42,42,0,114,114,37062.89,37062.89,23372.88,0.00,1568.69,20073.16,16989.81,882.450000,0.0,45.840000
20230624,2023-06-24,2023,6,June,FQ1,FY23-24,Saturday,True,50,45,5,155,139,38581.05,33921.01,20495.62,4660.04,701.07,18161.09,15759.91,753.800000,10.0,40.850000
20220301,2022-03-01,2022,3,March,FQ4,FY21-22,Tuesday,False,68,64,4,204,190,69826.58,65499.61,46889.41,4326.97,3407.70,35787.73,29711.92,1023.430000,5.88,42.550000
20220318,2022-03-18,2022,3,March,FQ4,FY21-22,Friday,False,37,36,1,113,109,39391.15,38198.02,32488.43,1193.13,710.83,20147.20,18050.84,1061.060000,2.7,45.820000
20200130,2020-01-30,2020,1,January,FQ4,FY19-20,Thursday,False,52,52,0,154,154,46461.03,46461.03,35375.18,0.00,2116.84,25034.13,21426.98,893.480000,0.0,46.120000
20221015,2022-10-15,2022,10,October,FQ3,FY22-23,Saturday,True,46,46,0,144,144,35202.23,35202.23,24787.08,0.00,135.81,18989.08,16213.23,765.270000,0.0,46.060000
20221110,2022-11-10,2022,11,November,FQ3,FY22-23,Thursday,False,69,69,0,219,219,63038.76,63038.76,53140.16,0.00,3040.80,35190.83,27847.97,913.610000,0.0,44.180000
20211223,2021-12-23,2021,12,December,FQ3,FY21-22,Thursday,False,54,52,2,173,166,53176.42,52346.36,27326.91,830.06,0.00,28212.52,24133.99,1006.660000,3.7,45.380000
20200802,2020-08-02,2020,8,August,FQ2,FY20-21,Sunday,True,59,58,1,158,157,39547.01,39528.88,29795.61,18.13,569.94,21837.95,17690.94,681.530000,1.69,44.730000
20240127,2024-01-27,2024,1,January,FQ4,FY23-24,Saturday,True,47,45,2,145,140,41210.84,40266.83,32633.54,944.01,834.42,22073.81,18193.12,894.820000,4.26,44.150000
20240705,2024-07-05,2024,7,July,FQ2,FY24-25,Friday,False,46,45,1,138,133,48628.55,45483.51,34301.71,3145.04,2282.40,24788.87,20694.74,1010.740000,2.17,42.560000
20210917,2021-09-17,2021,9,September,FQ2,FY21-22,Friday,False,43,42,1,126,125,42436.65,42005.83,35628.82,430.82,0.00,22552.35,19453.55,1000.140000,2.33,45.840000
20220405,2022-04-05,2022,4,April,FQ1,FY22-23,Tuesday,False,13395,13197,198,27204,27134,3057728.73,2975948.68,2267797.94,70850.05,21251.68,2240660.73,716212.21,225.500000,1.48,23.420000
20220609,2022-06-09,2022,6,June,FQ1,FY22-23,Thursday,False,1510,1281,229,1557,1477,1008202.27,914068.62,218960.38,94133.65,16262.08,397852.24,516216.41,713.560000,15.17,51.200000
20240603,2024-06-03,2024,6,June,FQ1,FY24-25,Monday,False,51,49,2,151,143,40614.30,37388.28,25776.12,3226.02,784.90,20376.04,17012.39,763.030000,3.92,41.890000
20240619,2024-06-19,2024,6,June,FQ1,FY24-25,Wednesday,False,56,54,2,183,174,47826.54,44774.32,33044.06,3052.22,1372.79,24756.78,20017.58,829.150000,3.57,41.850000
20240526,2024-05-26,2024,5,May,FQ1,FY24-25,Sunday,True,58,56,2,172,166,52678.79,51210.54,41016.98,1468.25,372.25,27407.18,23803.45,914.470000,3.45,45.190000
20230503,2023-05-03,2023,5,May,FQ1,FY23-24,Wednesday,False,56,55,1,170,167,50297.68,50021.91,37350.08,275.77,456.95,27993.64,22028.47,909.490000,1.79,43.800000
20220812,2022-08-12,2022,8,August,FQ2,FY22-23,Friday,False,68,67,1,205,204,65595.40,65408.82,46399.64,186.58,2516.63,36145.47,29263.43,976.250000,1.47,44.610000
20201021,2020-10-21,2020,10,October,FQ3,FY20-21,Wednesday,False,48,47,1,149,146,44043.87,43048.55,31751.31,995.32,827.86,23032.18,20016.43,915.930000,2.08,45.450000
20201225,2020-12-25,2020,12,December,FQ3,FY20-21,Friday,False,60,59,1,190,186,56958.32,54388.78,38046.42,2569.54,1028.79,29653.10,24735.76,921.840000,1.67,43.430000
20210323,2021-03-23,2021,3,March,FQ4,FY20-21,Tuesday,False,40,37,3,120,109,38012.19,33782.86,26716.22,4229.33,1048.27,18433.43,15349.45,913.050000,7.5,40.380000
20220201,2022-02-01,2022,2,February,FQ4,FY21-22,Tuesday,False,66,62,4,195,185,55895.15,51343.43,32893.36,4551.72,724.67,28413.25,22930.27,828.120000,6.06,41.020000
20240926,2024-09-26,2024,9,September,FQ2,FY24-25,Thursday,False,64,63,1,182,177,53784.87,51447.62,39135.34,2337.25,392.27,27444.71,24003.11,816.630000,1.56,44.630000
20220813,2022-08-13,2022,8,August,FQ2,FY22-23,Saturday,True,53,52,1,148,143,47658.75,45450.33,34953.57,2208.42,3172.08,24461.27,20989.08,874.040000,1.89,44.040000
20200426,2020-04-26,2020,4,April,FQ1,FY20-21,Sunday,True,60,59,1,195,193,61923.60,61328.44,50899.02,595.16,2206.24,33407.83,27920.64,1039.470000,1.67,45.090000
20240416,2024-04-16,2024,4,April,FQ1,FY24-25,Tuesday,False,58,57,1,159,155,48618.51,48295.76,38033.74,322.75,1823.78,27239.51,21056.37,847.290000,1.72,43.310000
20240822,2024-08-22,2024,8,August,FQ2,FY24-25,Thursday,False,48,46,2,139,136,43192.71,42301.71,33273.03,891.00,1120.26,22210.08,20091.61,919.600000,4.17,46.520000
20220523,2022-05-23,2022,5,May,FQ1,FY22-23,Monday,False,1167,1018,149,1236,1180,807843.96,741174.27,223226.32,66669.69,9702.02,338220.75,402953.47,728.070000,12.77,49.880000
20230214,2023-02-14,2023,2,February,FQ4,FY22-23,Tuesday,False,49,47,2,142,140,45933.43,45435.02,40752.35,498.41,0.00,24853.89,20581.15,966.700000,4.08,44.810000
20200613,2020-06-13,2020,6,June,FQ1,FY20-21,Saturday,True,58,58,0,144,144,37621.58,37621.58,29342.57,0.00,0.00,20581.93,17039.71,648.650000,0.0,45.290000
20200604,2020-06-04,2020,6,June,FQ1,FY20-21,Thursday,False,55,53,2,164,160,50189.15,48216.51,39536.81,1972.64,0.00,26026.92,22189.67,909.750000,3.64,44.210000
20231013,2023-10-13,2023,10,October,FQ3,FY23-24,Friday,False,56,54,2,174,166,53578.52,50951.25,42168.21,2627.27,746.74,27661.29,23290.04,943.540000,3.57,43.470000
20231208,2023-12-08,2023,12,December,FQ3,FY23-24,Friday,False,57,55,2,158,155,47909.02,47101.64,32151.87,807.38,0.00,25961.75,21139.95,856.390000,3.51,44.130000
20221228,2022-12-28,2022,12,December,FQ3,FY22-23,Wednesday,False,62,60,2,178,173,57235.56,55434.69,37980.72,1800.87,268.24,29757.35,25677.30,923.910000,3.23,44.860000
20201208,2020-12-08,2020,12,December,FQ3,FY20-21,Tuesday,False,61,60,1,178,173,48509.95,47569.11,36912.90,940.84,2486.23,26394.47,21174.56,792.820000,1.64,43.650000
20230724,2023-07-24,2023,7,July,FQ2,FY23-24,Monday,False,56,55,1,159,156,45846.94,45483.30,35620.34,363.64,2333.62,24376.03,21107.40,826.970000,1.79,46.040000
20240426,2024-04-26,2024,4,April,FQ1,FY24-25,Friday,False,47,45,2,149,140,44598.03,42318.40,33974.07,2279.63,190.19,23593.56,18724.85,940.410000,4.26,41.990000
20220906,2022-09-06,2022,9,September,FQ2,FY22-23,Tuesday,False,48,47,1,134,132,40010.95,39655.10,35114.18,355.85,2027.51,21241.44,18413.71,843.730000,2.08,46.020000
20230630,2023-06-30,2023,6,June,FQ1,FY23-24,Friday,False,63,60,3,198,186,58017.51,56321.48,40797.49,1696.03,1265.76,31418.50,24903.14,938.690000,4.76,42.920000
20200323,2020-03-23,2020,3,March,FQ4,FY19-20,Monday,False,61,59,2,192,185,64225.49,61485.60,46865.71,2739.89,1829.21,34337.23,27148.50,1042.130000,3.28,42.270000
20210203,2021-02-03,2021,2,February,FQ4,FY20-21,Wednesday,False,47,47,0,133,133,38346.06,38346.06,31518.16,0.00,1696.19,20327.95,18018.07,815.870000,0.0,46.990000
20241020,2024-10-20,2024,10,October,FQ3,FY24-25,Sunday,True,47,47,0,146,146,42211.50,42211.50,29782.32,0.00,0.00,22789.29,19422.32,898.120000,0.0,46.010000
20200902,2020-09-02,2020,9,September,FQ2,FY20-21,Wednesday,False,62,60,2,171,169,42078.75,41483.02,34050.27,595.73,1165.52,22435.15,19048.01,691.380000,3.23,45.270000
20230605,2023-06-05,2023,6,June,FQ1,FY23-24,Monday,False,56,55,1,179,178,59550.06,58947.06,43662.47,603.00,2354.80,31765.80,27181.33,1071.760000,1.79,45.640000
20231115,2023-11-15,2023,11,November,FQ3,FY23-24,Wednesday,False,50,50,0,149,149,49727.02,49727.02,42060.47,0.00,0.00,27526.04,22201.03,994.540000,0.0,44.650000
20220218,2022-02-18,2022,2,February,FQ4,FY21-22,Friday,False,52,51,1,165,160,43555.90,42844.50,32886.03,711.40,4160.01,23568.39,19276.17,840.090000,1.92,44.260000
20200912,2020-09-12,2020,9,September,FQ2,FY20-21,Saturday,True,57,57,0,163,163,49548.46,49548.46,35821.66,0.00,4790.21,27024.11,22524.44,869.270000,0.0,45.460000
20241113,2024-11-13,2024,11,November,FQ3,FY24-25,Wednesday,False,59,54,5,200,180,62759.49,57456.89,44142.88,5302.60,3068.79,31312.95,26144.02,1064.020000,8.47,41.660000
20200511,2020-05-11,2020,5,May,FQ1,FY20-21,Monday,False,71,68,3,213,207,56066.36,54052.05,46813.72,2014.31,0.00,29676.18,24375.94,794.880000,4.23,43.480000
20230426,2023-04-26,2023,4,April,FQ1,FY23-24,Wednesday,False,49,49,0,146,146,52668.10,52668.10,41149.34,0.00,1988.92,28349.89,24318.24,1074.860000,0.0,46.170000
20231228,2023-12-28,2023,12,December,FQ3,FY23-24,Thursday,False,48,47,1,127,124,33434.91,32983.11,25717.14,451.80,935.21,18025.81,14957.31,701.770000,2.08,44.740000
20230912,2023-09-12,2023,9,September,FQ2,FY23-24,Tuesday,False,62,60,2,171,164,52482.12,49536.33,35801.95,2945.79,471.93,27507.28,22029.20,825.610000,3.23,41.970000
20211020,2021-10-20,2021,10,October,FQ3,FY21-22,Wednesday,False,51,50,1,162,157,44427.39,43800.07,27592.82,627.32,3894.91,23587.61,20212.54,876.000000,1.96,45.500000
20210713,2021-07-13,2021,7,July,FQ2,FY21-22,Tuesday,False,61,57,4,196,187,64791.12,61383.77,50567.67,3407.35,2865.66,33195.63,28188.43,1076.910000,6.56,43.510000
20201020,2020-10-20,2020,10,October,FQ3,FY20-21,Tuesday,False,57,54,3,144,139,38538.60,37513.17,26088.95,1025.43,1639.27,21083.11,16430.00,694.690000,5.26,42.630000
20241009,2024-10-09,2024,10,October,FQ3,FY24-25,Wednesday,False,55,52,3,165,158,47546.34,45587.35,33787.66,1958.99,4344.23,25232.88,20354.60,876.680000,5.45,42.810000
20211019,2021-10-19,2021,10,October,FQ3,FY21-22,Tuesday,False,58,58,0,171,171,54479.07,54479.07,45725.97,0.00,499.95,29827.42,24651.72,939.290000,0.0,45.250000
20210218,2021-02-18,2021,2,February,FQ4,FY20-21,Thursday,False,47,46,1,138,133,40539.38,38876.62,29497.37,1662.76,3232.82,21393.02,17483.66,845.140000,2.13,43.130000
20200630,2020-06-30,2020,6,June,FQ1,FY20-21,Tuesday,False,47,45,2,146,138,51798.10,49569.85,38181.97,2228.25,0.00,26607.68,22962.23,1101.550000,4.26,44.330000
20230120,2023-01-20,2023,1,January,FQ4,FY22-23,Friday,False,45,44,1,131,130,33341.18,33215.45,27609.25,125.73,1780.84,17762.55,15453.02,754.900000,2.22,46.350000
20210416,2021-04-16,2021,4,April,FQ1,FY21-22,Friday,False,52,51,1,167,163,52018.10,50863.13,36557.89,1154.97,7089.45,28856.30,22006.93,997.320000,1.92,42.310000
20210526,2021-05-26,2021,5,May,FQ1,FY21-22,Wednesday,False,53,52,1,165,164,55075.98,54906.86,37067.86,169.12,5144.59,30111.70,24795.25,1055.900000,1.89,45.020000
20211114,2021-11-14,2021,11,November,FQ3,FY21-22,Sunday,True,52,51,1,146,144,43260.05,43011.03,33477.62,249.02,3154.21,23369.99,19641.12,843.350000,1.92,45.400000
20211207,2021-12-07,2021,12,December,FQ3,FY21-22,Tuesday,False,50,50,0,138,138,41919.22,41919.22,36335.88,0.00,0.00,23330.57,18588.67,838.380000,0.0,44.340000
20201114,2020-11-14,2020,11,November,FQ3,FY20-21,Saturday,True,58,53,5,160,151,52214.53,48660.33,36870.95,3554.20,1060.84,26458.48,22201.97,918.120000,8.62,42.520000
20200120,2020-01-20,2020,1,January,FQ4,FY19-20,Monday,False,40,39,1,125,124,31466.15,31003.19,23769.32,462.96,2169.33,16908.21,14095.07,794.950000,2.5,44.790000
20200416,2020-04-16,2020,4,April,FQ1,FY20-21,Thursday,False,67,66,1,204,199,60444.69,58082.31,38146.77,2362.38,5037.92,31013.93,27068.54,880.040000,1.49,44.780000
20240110,2024-01-10,2024,1,January,FQ4,FY23-24,Wednesday,False,58,56,2,169,161,47581.77,45329.09,33169.80,2252.68,1349.65,24835.14,20494.06,809.450000,3.45,43.070000
20220516,2022-05-16,2022,5,May,FQ1,FY22-23,Monday,False,1174,997,177,1232,1185,809662.56,730399.65,315150.89,79262.91,21087.53,326778.01,403621.73,732.600000,15.08,49.850000
20230315,2023-03-15,2023,3,March,FQ4,FY22-23,Wednesday,False,76,71,5,228,211,67851.50,62435.20,52630.28,5416.30,1268.74,33481.06,28954.22,879.370000,6.58,42.670000
20240315,2024-03-15,2024,3,March,FQ4,FY23-24,Friday,False,49,46,3,163,157,48389.03,45453.53,31442.02,2935.50,2642.46,24774.17,20679.51,988.120000,6.12,42.740000
20241120,2024-11-20,2024,11,November,FQ3,FY24-25,Wednesday,False,59,56,3,170,162,53597.66,50752.81,35177.35,2844.85,129.00,27570.39,23182.34,906.300000,5.08,43.250000
20220709,2022-07-09,2022,7,July,FQ2,FY22-23,Saturday,True,49,45,4,137,130,37770.10,36815.98,28278.08,954.12,1538.68,19719.70,17096.44,818.130000,8.16,45.260000
20230127,2023-01-27,2023,1,January,FQ4,FY22-23,Friday,False,55,54,1,160,158,48890.58,47746.90,37126.83,1143.68,0.00,25883.72,21863.22,884.200000,1.82,44.720000
20240907,2024-09-07,2024,9,September,FQ2,FY24-25,Saturday,True,52,51,1,151,150,47813.92,47631.83,38842.06,182.09,0.00,25998.42,21633.35,933.960000,1.92,45.240000
20230709,2023-07-09,2023,7,July,FQ2,FY23-24,Sunday,True,39,38,1,127,123,39158.64,38074.18,23637.13,1084.46,2188.72,20114.52,17959.78,1001.950000,2.56,45.860000
20210724,2021-07-24,2021,7,July,FQ2,FY21-22,Saturday,True,53,53,0,169,169,49303.43,49303.43,43463.20,0.00,434.80,27325.15,21978.31,930.250000,0.0,44.580000
20221120,2022-11-20,2022,11,November,FQ3,FY22-23,Sunday,True,50,48,2,157,150,36949.94,35836.43,19421.83,1113.51,2582.88,19894.39,15942.05,746.590000,4.0,43.140000
20240328,2024-03-28,2024,3,March,FQ4,FY23-24,Thursday,False,54,53,1,161,158,51722.39,50602.68,39090.05,1119.71,765.83,26995.92,23606.69,954.770000,1.85,45.640000
20220704,2022-07-04,2022,7,July,FQ2,FY22-23,Monday,False,63,62,1,194,192,53580.88,53372.18,39902.81,208.70,2486.65,29281.80,24090.34,860.840000,1.59,44.960000
20230909,2023-09-09,2023,9,September,FQ2,FY23-24,Saturday,True,63,62,1,195,190,73886.55,72975.39,49076.73,911.16,3362.25,39925.44,33050.13,1177.020000,1.59,44.730000
20210115,2021-01-15,2021,1,January,FQ4,FY20-21,Friday,False,65,64,1,201,200,56484.10,56257.43,37218.12,226.67,1406.73,31321.42,24936.27,879.020000,1.54,44.150000
20230704,2023-07-04,2023,7,July,FQ2,FY23-24,Tuesday,False,53,51,2,195,190,54738.80,52100.30,34830.37,2638.50,2240.63,27539.91,24560.57,1021.570000,3.77,44.870000
20200402,2020-04-02,2020,4,April,FQ1,FY20-21,Thursday,False,53,52,1,160,159,53396.27,53285.15,41085.57,111.12,1552.65,28588.25,24697.07,1024.710000,1.89,46.250000
20210731,2021-07-31,2021,7,July,FQ2,FY21-22,Saturday,True,51,50,1,136,131,43410.12,41344.90,32118.67,2065.22,3291.73,22665.95,18679.00,826.900000,1.96,43.030000
20200704,2020-07-04,2020,7,July,FQ2,FY20-21,Saturday,True,61,59,2,193,188,55607.90,54701.37,44418.87,906.53,0.00,30128.32,24573.16,927.140000,3.28,44.190000
20210422,2021-04-22,2021,4,April,FQ1,FY21-22,Thursday,False,48,46,2,141,133,52661.87,50687.38,35698.09,1974.49,902.20,27071.64,23615.75,1101.900000,4.17,44.840000
20240704,2024-07-04,2024,7,July,FQ2,FY24-25,Thursday,False,62,59,3,184,177,51661.13,50141.56,36822.63,1519.57,2907.65,27951.28,22190.40,849.860000,4.84,42.950000
20200917,2020-09-17,2020,9,September,FQ2,FY20-21,Thursday,False,50,48,2,151,149,42517.46,42013.82,31260.89,503.64,860.03,22687.76,19326.05,875.290000,4.0,45.450000
20230501,2023-05-01,2023,5,May,FQ1,FY23-24,Monday,False,56,55,1,155,150,49670.79,48438.33,38523.61,1232.46,0.00,25780.97,22657.43,880.700000,1.79,45.620000
20210328,2021-03-28,2021,3,March,FQ4,FY20-21,Sunday,True,59,56,3,199,185,56511.07,51229.61,31733.49,5281.46,1143.52,28111.22,23118.51,914.810000,5.08,40.910000
20240422,2024-04-22,2024,4,April,FQ1,FY24-25,Monday,False,65,63,2,207,198,57687.18,55596.99,36367.42,2090.19,1026.78,30375.76,25221.33,882.490000,3.08,43.720000
20200305,2020-03-05,2020,3,March,FQ4,FY19-20,Thursday,False,46,45,1,127,125,41847.12,41726.12,36008.78,121.00,1851.52,23414.45,18311.68,927.250000,2.17,43.760000
20200731,2020-07-31,2020,7,July,FQ2,FY20-21,Friday,False,51,48,3,124,115,38390.75,34242.51,28858.86,4148.24,0.00,19295.38,14947.19,713.390000,5.88,38.930000
20210409,2021-04-09,2021,4,April,FQ1,FY21-22,Friday,False,59,57,2,166,157,50989.97,48754.86,33743.07,2235.11,0.00,26624.85,22130.12,855.350000,3.39,43.400000
20240308,2024-03-08,2024,3,March,FQ4,FY23-24,Friday,False,58,55,3,171,163,49174.70,48216.97,34633.54,957.73,4125.08,26222.48,21994.55,876.670000,5.17,44.730000
20220731,2022-07-31,2022,7,July,FQ2,FY22-23,Sunday,True,56,54,2,151,145,45582.26,43653.98,38027.13,1928.28,0.00,23840.61,19813.41,808.410000,3.57,43.470000
20231117,2023-11-17,2023,11,November,FQ3,FY23-24,Friday,False,53,51,2,171,165,54733.55,52523.01,39649.25,2210.54,0.00,28401.27,24121.86,1029.860000,3.77,44.070000
20221214,2022-12-14,2022,12,December,FQ3,FY22-23,Wednesday,False,53,50,3,150,145,45574.33,43228.39,35873.39,2345.94,1735.56,23531.95,19696.51,864.570000,5.66,43.220000
20240501,2024-05-01,2024,5,May,FQ1,FY24-25,Wednesday,False,59,54,5,172,158,54270.39,51773.48,44344.48,2496.91,1269.06,27048.90,24724.59,958.770000,8.47,45.560000
20211110,2021-11-10,2021,11,November,FQ3,FY21-22,Wednesday,False,55,53,2,157,149,56720.17,53728.75,38775.51,2991.42,2093.15,28839.57,24889.18,1013.750000,3.64,43.880000
20231130,2023-11-30,2023,11,November,FQ3,FY23-24,Thursday,False,51,47,4,144,130,45524.71,41982.00,32189.05,3542.71,1065.64,22813.19,19168.82,893.230000,7.84,42.110000
20230115,2023-01-15,2023,1,January,FQ4,FY22-23,Sunday,True,48,48,0,147,147,39154.04,39154.04,28934.68,0.00,791.28,21212.40,17941.66,815.710000,0.0,45.820000
20240429,2024-04-29,2024,4,April,FQ1,FY24-25,Monday,False,44,40,4,143,131,46133.96,41557.87,33221.07,4576.09,3627.75,22469.30,19088.73,1038.950000,9.09,41.380000
20220917,2022-09-17,2022,9,September,FQ2,FY22-23,Saturday,True,48,47,1,137,134,33958.84,33863.95,23339.77,94.89,146.27,18795.49,15068.54,720.510000,2.08,44.370000
20221117,2022-11-17,2022,11,November,FQ3,FY22-23,Thursday,False,51,50,1,164,161,47233.85,46139.35,31694.11,1094.50,1224.60,25187.39,20952.15,922.790000,1.96,44.360000
20230318,2023-03-18,2023,3,March,FQ4,FY22-23,Saturday,True,70,66,4,201,191,63554.44,59503.87,44186.83,4050.57,1133.34,32807.68,26696.21,901.570000,5.71,42.010000
20200105,2020-01-05,2020,1,January,FQ4,FY19-20,Sunday,True,48,46,2,141,133,43502.13,40077.45,31582.19,3424.68,381.02,21848.65,18228.93,871.250000,4.17,41.900000
20220308,2022-03-08,2022,3,March,FQ4,FY21-22,Tuesday,False,65,63,2,203,200,65689.06,65004.21,56812.53,684.85,565.90,35068.18,29936.18,1031.810000,3.08,45.570000
20220827,2022-08-27,2022,8,August,FQ2,FY22-23,Saturday,True,50,47,3,148,138,43861.01,41999.73,30023.23,1861.28,0.00,23312.16,18687.61,893.610000,6.0,42.610000
20231110,2023-11-10,2023,11,November,FQ3,FY23-24,Friday,False,56,55,1,181,176,56581.64,55090.75,39218.03,1490.89,339.50,29489.37,25601.44,1001.650000,1.79,45.250000
20220305,2022-03-05,2022,3,March,FQ4,FY21-22,Saturday,True,49,46,3,158,151,45218.21,43897.50,36757.97,1320.71,0.00,24036.66,19860.92,954.290000,6.12,43.920000
20210516,2021-05-16,2021,5,May,FQ1,FY21-22,Sunday,True,52,49,3,143,130,43452.86,38632.55,31142.12,4820.31,493.74,21439.86,17192.74,788.420000,5.77,39.570000
20210308,2021-03-08,2021,3,March,FQ4,FY20-21,Monday,False,51,51,0,147,147,44053.85,44053.85,26956.24,0.00,0.00,23612.80,20441.09,863.800000,0.0,46.400000
20211107,2021-11-07,2021,11,November,FQ3,FY21-22,Sunday,True,50,50,0,150,150,45560.50,45560.50,32892.71,0.00,2125.37,24848.76,20711.96,911.210000,0.0,45.460000
20200624,2020-06-24,2020,6,June,FQ1,FY20-21,Wednesday,False,51,49,2,138,133,39667.07,39287.87,23773.96,379.20,3545.32,22099.22,17188.81,801.790000,3.92,43.330000
20220503,2022-05-03,2022,5,May,FQ1,FY22-23,Tuesday,False,1985,1693,292,1983,1871,1227355.23,1121736.78,262351.51,105618.45,9897.00,524076.09,597660.79,662.570000,14.71,48.700000
20220605,2022-06-05,2022,6,June,FQ1,FY22-23,Sunday,True,1532,1333,199,1642,1566,1042751.61,954777.12,239664.30,87974.49,16287.68,417604.32,537172.72,716.260000,12.99,51.510000
20210426,2021-04-26,2021,4,April,FQ1,FY21-22,Monday,False,55,55,0,170,170,48937.04,48937.04,37254.66,0.00,5032.13,27622.40,21314.56,889.760000,0.0,43.560000
20220902,2022-09-02,2022,9,September,FQ2,FY22-23,Friday,False,46,44,2,123,114,35428.06,31969.15,26466.50,3458.91,1370.96,18288.27,13680.97,726.570000,4.35,38.620000
20240805,2024-08-05,2024,8,August,FQ2,FY24-25,Monday,False,54,53,1,183,180,55876.34,55446.09,43317.96,430.25,272.85,29977.13,25469.18,1046.150000,1.85,45.580000
20220912,2022-09-12,2022,9,September,FQ2,FY22-23,Monday,False,53,47,6,161,139,42239.04,39393.34,25615.84,2845.70,88.74,21522.71,17870.81,838.160000,11.32,42.310000
20210511,2021-05-11,2021,5,May,FQ1,FY21-22,Tuesday,False,54,50,4,169,159,53142.00,48852.38,34424.43,4289.62,2444.45,26642.18,22210.14,977.050000,7.41,41.790000
20221221,2022-12-21,2022,12,December,FQ3,FY22-23,Wednesday,False,55,51,4,168,156,47539.10,42853.37,36080.46,4685.73,555.73,23700.75,19152.67,840.260000,7.27,40.290000
20201228,2020-12-28,2020,12,December,FQ3,FY20-21,Monday,False,50,49,1,145,143,33925.00,33317.16,25187.59,607.84,338.30,18536.15,14780.99,679.940000,2.0,43.570000
20240912,2024-09-12,2024,9,September,FQ2,FY24-25,Thursday,False,60,57,3,179,167,52732.93,49387.88,34706.69,3345.05,1002.44,27025.80,22362.36,866.450000,5.0,42.410000
20200107,2020-01-07,2020,1,January,FQ4,FY19-20,Tuesday,False,50,46,4,154,138,48708.11,42078.32,37132.59,6629.79,1517.76,23424.31,18654.10,914.750000,8.0,38.300000
20240214,2024-02-14,2024,2,February,FQ4,FY23-24,Wednesday,False,53,51,2,164,156,49000.03,45380.36,31207.62,3619.67,4210.74,24975.25,20405.29,889.810000,3.77,41.640000
20220303,2022-03-03,2022,3,March,FQ4,FY21-22,Thursday,False,50,50,0,160,160,48467.52,48467.52,34972.48,0.00,3318.91,25620.38,22847.13,969.350000,0.0,47.140000
20210813,2021-08-13,2021,8,August,FQ2,FY21-22,Friday,False,41,39,2,136,131,37557.23,35544.34,29191.16,2012.89,2263.59,19940.30,15604.02,911.390000,4.88,41.550000
20221013,2022-10-13,2022,10,October,FQ3,FY22-23,Thursday,False,62,59,3,189,182,53559.88,51489.78,43071.36,2070.10,0.00,29096.67,22393.15,872.710000,4.84,41.810000
20210120,2021-01-20,2021,1,January,FQ4,FY20-21,Wednesday,False,44,41,3,121,115,40045.98,37006.00,30499.36,3039.98,1508.16,21384.95,15621.18,902.590000,6.82,39.010000
20241006,2024-10-06,2024,10,October,FQ3,FY24-25,Sunday,True,40,40,0,126,126,44783.94,44783.94,26766.76,0.00,3564.06,25011.58,19772.34,1119.600000,0.0,44.150000
20211221,2021-12-21,2021,12,December,FQ3,FY21-22,Tuesday,False,53,50,3,161,153,49179.01,46126.48,31992.92,3052.53,2140.38,25934.30,20192.22,922.530000,5.66,41.060000
20210303,2021-03-03,2021,3,March,FQ4,FY20-21,Wednesday,False,62,61,1,190,186,52609.39,50653.62,38622.44,1955.77,1242.82,28412.99,22240.61,830.390000,1.61,42.270000
20240605,2024-06-05,2024,6,June,FQ1,FY24-25,Wednesday,False,65,65,0,193,193,59223.69,59223.69,42978.53,0.00,7998.55,32390.81,26832.83,911.130000,0.0,45.310000
20240724,2024-07-24,2024,7,July,FQ2,FY24-25,Wednesday,False,42,41,1,128,126,39743.58,38432.23,36050.12,1311.35,0.00,20449.78,17982.59,937.370000,2.38,45.250000
20241026,2024-10-26,2024,10,October,FQ3,FY24-25,Saturday,True,60,58,2,167,157,50808.01,48353.01,36412.45,2455.00,2221.11,26418.34,21934.61,833.670000,3.33,43.170000
20240902,2024-09-02,2024,9,September,FQ2,FY24-25,Monday,False,54,54,0,171,171,55136.34,55136.34,43636.65,0.00,4341.56,29797.11,25339.35,1021.040000,0.0,45.960000
20241115,2024-11-15,2024,11,November,FQ3,FY24-25,Friday,False,40,39,1,116,115,39537.80,39187.53,26463.98,350.27,3656.17,21666.84,17520.73,1004.810000,2.5,44.310000
20240719,2024-07-19,2024,7,July,FQ2,FY24-25,Friday,False,54,52,2,153,147,43142.61,41076.42,31992.44,2066.19,2160.88,24138.49,16937.94,789.930000,3.7,39.260000
20230526,2023-05-26,2023,5,May,FQ1,FY23-24,Friday,False,62,61,1,194,191,64471.83,64035.06,50048.36,436.77,1678.20,33708.10,30327.03,1049.760000,1.61,47.040000
20221006,2022-10-06,2022,10,October,FQ3,FY22-23,Thursday,False,45,44,1,145,140,42016.36,39784.93,31175.59,2231.43,721.90,22317.65,17467.30,904.200000,2.22,41.570000
20231006,2023-10-06,2023,10,October,FQ3,FY23-24,Friday,False,51,51,0,161,161,56646.15,56646.15,36618.22,0.00,1449.79,30597.45,26048.80,1110.710000,0.0,45.990000
20221115,2022-11-15,2022,11,November,FQ3,FY22-23,Tuesday,False,53,51,2,162,153,50896.59,48098.70,45365.02,2797.89,0.00,25613.46,22485.37,943.110000,3.77,44.180000
20240503,2024-05-03,2024,5,May,FQ1,FY24-25,Friday,False,54,52,2,164,155,56340.68,54223.50,40127.69,2117.18,3973.87,29817.40,24406.23,1042.760000,3.7,43.320000
20210523,2021-05-23,2021,5,May,FQ1,FY21-22,Sunday,True,58,58,0,164,164,47681.13,47681.13,38720.55,0.00,1180.25,26240.32,21440.83,822.090000,0.0,44.970000
20200919,2020-09-19,2020,9,September,FQ2,FY20-21,Saturday,True,47,45,2,127,122,42301.02,41063.33,31897.47,1237.69,1031.39,22445.03,18618.36,912.520000,4.26,44.010000
20220214,2022-02-14,2022,2,February,FQ4,FY21-22,Monday,False,56,54,2,168,160,44648.86,41592.48,32673.44,3056.38,0.00,22335.25,19257.32,770.230000,3.57,43.130000
20240125,2024-01-25,2024,1,January,FQ4,FY23-24,Thursday,False,61,59,2,193,190,56150.88,54856.67,44321.87,1294.21,1360.84,29575.81,25280.75,929.770000,3.28,45.020000
20200513,2020-05-13,2020,5,May,FQ1,FY20-21,Wednesday,False,58,58,0,177,177,57562.76,57562.76,49357.40,0.00,2128.23,31171.90,26391.00,992.460000,0.0,45.850000
20240516,2024-05-16,2024,5,May,FQ1,FY24-25,Thursday,False,57,57,0,176,176,52406.36,52406.36,46105.27,0.00,3058.87,28203.27,24203.26,919.410000,0.0,46.180000
20201003,2020-10-03,2020,10,October,FQ3,FY20-21,Saturday,True,61,60,1,171,167,49973.15,49378.13,36182.62,595.02,0.00,26807.61,22570.61,822.970000,1.64,45.170000
20241110,2024-11-10,2024,11,November,FQ3,FY24-25,Sunday,True,56,55,1,157,153,48445.20,46072.91,29878.73,2372.29,286.46,25500.40,20572.54,837.690000,1.79,42.470000
20200318,2020-03-18,2020,3,March,FQ4,FY19-20,Wednesday,False,52,49,3,165,154,53739.26,50343.49,38724.69,3395.77,2957.97,27546.00,22797.55,1027.420000,5.77,42.420000
20200714,2020-07-14,2020,7,July,FQ2,FY20-21,Tuesday,False,56,53,3,176,168,52420.72,48694.52,36473.89,3726.20,4792.55,26288.81,22405.84,918.760000,5.36,42.740000
20240204,2024-02-04,2024,2,February,FQ4,FY23-24,Sunday,True,57,56,1,175,171,49367.42,48248.18,38762.40,1119.24,0.00,26039.19,22209.13,861.570000,1.75,44.990000
20211016,2021-10-16,2021,10,October,FQ3,FY21-22,Saturday,True,61,59,2,182,173,50651.46,47126.85,37672.35,3524.61,182.48,25993.06,21133.74,798.760000,3.28,41.720000
20210325,2021-03-25,2021,3,March,FQ4,FY20-21,Thursday,False,72,70,2,207,199,67791.17,65254.81,55342.85,2536.36,978.40,35183.33,30071.63,932.210000,2.78,44.360000
20220224,2022-02-24,2022,2,February,FQ4,FY21-22,Thursday,False,52,51,1,148,147,47258.10,46713.10,33561.23,545.00,2758.26,24830.36,21882.77,915.940000,1.92,46.300000
20201224,2020-12-24,2020,12,December,FQ3,FY20-21,Thursday,False,47,44,3,125,121,39396.17,38295.03,29779.96,1101.14,1802.58,20069.52,18225.49,870.340000,6.38,46.260000
20240617,2024-06-17,2024,6,June,FQ1,FY24-25,Monday,False,65,61,4,206,191,69222.32,62104.97,42255.13,7117.35,5443.91,33570.06,28534.92,1018.110000,6.15,41.220000
20221026,2022-10-26,2022,10,October,FQ3,FY22-23,Wednesday,False,56,55,1,182,180,59108.85,59069.24,49967.94,39.61,0.00,32590.22,26479.10,1073.990000,1.79,44.800000
20200221,2020-02-21,2020,2,February,FQ4,FY19-20,Friday,False,66,63,3,166,161,54325.47,53174.84,42133.15,1150.63,1172.37,30406.20,22768.75,844.050000,4.55,41.910000
20201105,2020-11-05,2020,11,November,FQ3,FY20-21,Thursday,False,53,51,2,179,174,59122.21,57830.54,41362.71,1291.67,7704.69,30807.25,27023.39,1133.930000,3.77,45.710000
20201023,2020-10-23,2020,10,October,FQ3,FY20-21,Friday,False,42,40,2,126,120,33560.11,30565.95,23092.88,2994.16,1445.42,16969.68,13596.29,764.150000,4.76,40.510000
20230417,2023-04-17,2023,4,April,FQ1,FY23-24,Monday,False,50,50,0,141,141,39931.31,39931.31,33103.20,0.00,1657.91,22049.50,17881.90,798.630000,0.0,44.780000
20240417,2024-04-17,2024,4,April,FQ1,FY24-25,Wednesday,False,46,44,2,131,124,40988.59,39552.40,33741.97,1436.19,1283.95,21673.55,17878.82,898.920000,4.35,43.620000
20201211,2020-12-11,2020,12,December,FQ3,FY20-21,Friday,False,46,45,1,147,146,51565.63,50985.66,39553.88,579.97,4617.85,27676.11,23309.67,1133.010000,2.17,45.200000
20210221,2021-02-21,2021,2,February,FQ4,FY20-21,Sunday,True,37,37,0,100,100,31557.22,31557.22,22204.95,0.00,110.91,17046.21,14511.02,852.900000,0.0,45.980000
20241229,2024-12-29,2024,12,December,FQ3,FY24-25,Sunday,True,41,40,1,117,113,43613.62,41594.47,29310.57,2019.15,1305.66,21884.58,19709.93,1039.860000,2.44,45.190000
20240927,2024-09-27,2024,9,September,FQ2,FY24-25,Friday,False,45,43,2,122,113,40899.20,37268.51,24576.55,3630.69,5255.06,20464.75,16803.84,866.710000,4.44,41.090000
20200617,2020-06-17,2020,6,June,FQ1,FY20-21,Wednesday,False,51,51,0,160,160,47596.06,47596.06,34430.79,0.00,3472.75,26203.58,21392.53,933.260000,0.0,44.950000
20220711,2022-07-11,2022,7,July,FQ2,FY22-23,Monday,False,60,59,1,183,181,52634.65,52236.23,42191.58,398.42,754.91,28026.36,24209.97,885.360000,1.67,46.000000
20211021,2021-10-21,2021,10,October,FQ3,FY21-22,Thursday,False,46,44,2,138,135,38988.65,38064.60,34501.41,924.05,0.00,20932.58,17132.12,865.100000,4.35,43.940000
20240630,2024-06-30,2024,6,June,FQ1,FY24-25,Sunday,True,55,54,1,164,162,53480.27,52809.65,41417.19,670.62,3642.68,28933.40,23876.40,977.960000,1.82,44.650000
20210630,2021-06-30,2021,6,June,FQ1,FY21-22,Wednesday,False,58,58,0,181,181,55132.30,55132.30,44208.43,0.00,966.27,29331.69,25800.78,950.560000,0.0,46.800000
20230927,2023-09-27,2023,9,September,FQ2,FY23-24,Wednesday,False,68,68,0,201,201,56778.18,56778.18,40234.41,0.00,2554.81,30559.93,26218.40,834.970000,0.0,46.180000
20230110,2023-01-10,2023,1,January,FQ4,FY22-23,Tuesday,False,57,57,0,175,175,61104.60,61104.60,44156.78,0.00,3136.77,33209.23,27895.40,1072.010000,0.0,45.650000
20210902,2021-09-02,2021,9,September,FQ2,FY21-22,Thursday,False,46,45,1,137,135,42310.36,41905.63,33809.30,404.73,1084.82,22653.76,19251.87,931.240000,2.17,45.500000
20210919,2021-09-19,2021,9,September,FQ2,FY21-22,Sunday,True,66,62,4,192,183,61719.02,58038.60,48404.98,3680.42,2495.31,31379.82,26658.87,936.110000,6.06,43.190000
20231221,2023-12-21,2023,12,December,FQ3,FY23-24,Thursday,False,61,59,2,184,178,53763.08,51099.32,36465.84,2663.76,549.68,27799.05,23300.13,866.090000,3.28,43.340000
20210711,2021-07-11,2021,7,July,FQ2,FY21-22,Sunday,True,53,51,2,151,143,46755.13,44301.33,33243.95,2453.80,0.00,24294.08,20007.25,868.650000,3.77,42.790000
20210201,2021-02-01,2021,2,February,FQ4,FY20-21,Monday,False,53,50,3,147,137,42633.75,42058.26,26508.32,575.49,553.29,22541.37,19516.90,841.170000,5.66,45.780000
20201127,2020-11-27,2020,11,November,FQ3,FY20-21,Friday,False,58,58,0,172,172,46897.75,46897.75,32714.03,0.00,1439.51,25753.08,21144.73,808.580000,0.0,45.090000
20241127,2024-11-27,2024,11,November,FQ3,FY24-25,Wednesday,False,38,37,1,111,106,33263.49,32025.17,25709.98,1238.32,0.00,17595.85,14429.32,865.550000,2.63,43.380000
20200506,2020-05-06,2020,5,May,FQ1,FY20-21,Wednesday,False,42,39,3,129,120,39891.17,37623.94,34388.28,2267.23,422.05,20160.63,17463.44,964.720000,7.14,43.780000
20240107,2024-01-07,2024,1,January,FQ4,FY23-24,Sunday,True,52,49,3,139,129,49791.66,47018.12,37457.69,2773.54,4087.94,25592.28,21425.85,959.550000,5.77,43.030000
20200526,2020-05-26,2020,5,May,FQ1,FY20-21,Tuesday,False,65,63,2,199,190,53119.25,49477.77,41007.24,3641.48,289.93,26748.00,22729.86,785.360000,3.08,42.790000
20230523,2023-05-23,2023,5,May,FQ1,FY23-24,Tuesday,False,65,64,1,196,194,61935.40,61390.49,48642.94,544.91,2841.79,33276.53,28113.84,959.230000,1.54,45.390000
20230303,2023-03-03,2023,3,March,FQ4,FY22-23,Friday,False,45,44,1,143,138,34264.71,32807.03,26506.14,1457.68,566.21,17408.48,15398.58,745.610000,2.22,44.940000
20230902,2023-09-02,2023,9,September,FQ2,FY23-24,Saturday,True,48,46,2,150,144,48809.80,46252.47,34384.75,2557.33,2485.79,24943.66,21308.89,1005.490000,4.17,43.660000
20201006,2020-10-06,2020,10,October,FQ3,FY20-21,Tuesday,False,56,54,2,168,161,57915.03,55149.06,49220.49,2765.97,0.00,30559.79,24589.46,1021.280000,3.57,42.460000
20241013,2024-10-13,2024,10,October,FQ3,FY24-25,Sunday,True,42,42,0,122,122,37862.71,37862.71,31835.46,0.00,1447.55,20738.03,17124.79,901.490000,0.0,45.230000
20240120,2024-01-20,2024,1,January,FQ4,FY23-24,Saturday,True,40,39,1,111,110,34917.61,34894.16,30423.84,23.45,580.33,19130.92,15763.38,894.720000,2.5,45.140000
