Country,State,City,Region,TotalOrders,TotalUnitsSold,GrossRevenue,NetRevenue,GlobalRevenueSharePct
IN,KERALA,PAVARATTY,India,7,7,3888.95,3188.00,0.000000
IN,UTTAR PRADESH,TILHAR,India,2,2,1801.00,1801.00,0.000000
IN,KERALA,"PERUMCHERY  POST, THRISSUR",India,1,3,1497.00,1497.00,0.000000
IN,KERALA,PAPPINISSERI,India,1,1,329.00,329.00,0.000000
IN,WEST BENGAL,NABADWIP,India,17,14,7893.00,7110.00,0.000000
IN,WEST BENGAL,AHMADPUR,India,2,2,1079.00,1079.00,0.000000
IN,ASSAM,NAHARKATIYA,India,2,2,1246.00,1246.00,0.000000
IN,TAMIL NADU,AMBUR,India,19,17,11107.00,8892.00,0.010000
IN,DADRA AND NAGAR,SILVASSA(KILVANI NAKA),India,1,1,499.00,499.00,0.000000
IN,MAHARASHTRA,ELLORA,India,2,2,760.00,380.00,0.000000
IN,ANDHRA PRADESH,CHIRALA,India,20,25,16067.00,16067.00,0.010000
IN,GOA,"CALANGUTE, BARDEZ",India,2,2,1271.00,1271.00,0.000000
IN,ANDHRA PRADESH,KALYANDURG,India,2,2,993.00,993.00,0.000000
IN,UTTAR PRADESH,MIRZAPUR CUM VINDHYACHAL,India,21,17,10719.24,9687.00,0.010000
IN,MAHARASHTRA,DOMBIVALI WEST,India,3,2,2157.29,1523.00,0.000000
IN,UTTAR PRADESH,KALPI,India,4,3,1599.00,1599.00,0.000000
IN,TAMIL NADU,THIRUTHANGAL,India,4,4,2012.00,1467.00,0.000000
IN,MAHARASHTRA,DAHANU,India,14,10,6553.00,6553.00,0.000000
IN,GOA,MAJORDA,India,3,2,1170.00,1170.00,0.000000
IN,KERALA,THAZHAKARA,India,1,1,442.00,442.00,0.000000
IN,UTTAR PRADESH,"GHAZIABAD,SAHIBABAD",India,1,1,788.00,788.00,0.000000
IN,ANDHRA PRADESH,MARKAPUR,India,9,10,7280.76,6676.00,0.000000
IN,TAMIL NADU,"PALAYAMKOTTAI, TIRUNELVELI",India,2,2,1438.00,1438.00,0.000000
IN,UTTARAKHAND,HARDWAR,India,4,4,3204.00,3204.00,0.000000
IN,HIMACHAL PRADESH,AMB,India,3,1,1975.90,574.00,0.000000
IN,GUJARAT,ANKLESHWR,India,3,3,1689.00,1689.00,0.000000
IN,KERALA,KOZHIKODE,India,218,208,135617.10,118726.00,0.060000
IN,KERALA,VAKKOM,India,4,4,1862.00,1862.00,0.000000
IN,GOA,CANSAULIM,India,2,2,866.00,866.00,0.000000
IN,RAJASTHAN,KHETRI NAGAR,India,1,1,597.00,597.00,0.000000
UNITED KINGDOM,TX,FORT WORTH,Europe,218,640,191854.32,189038.49,0.090000
IN,ANDHRA PRADESH,AMALAPURAM,India,19,20,10240.00,10240.00,0.000000
IN,BIHAR,NTPC BARH TOWNSHIP,India,2,2,1234.00,1234.00,0.000000
IN,KERALA,UDUMBANCHOLA,India,5,5,3363.00,3363.00,0.000000
IN,WEST BENGAL,KANCHRAPARA,India,12,10,7707.43,6246.00,0.000000
IN,TAMIL NADU,KUMARAPALAYAM,India,17,21,10124.57,9496.00,0.000000
IN,WEST BENGAL,KALYANI,India,27,25,15168.00,14623.00,0.010000
IN,KARNATAKA,KANAKAPURA,India,11,8,4688.86,3966.00,0.000000
IN,KARNATAKA,KOLAR,India,33,25,13220.24,12166.00,0.010000
IN,TELANGANA,MUDHOLE,India,3,2,998.00,998.00,0.000000
IN,BIHAR,DANAPUR,India,3,3,1716.00,1716.00,0.000000
IN,KERALA,CHAVAKKAD,India,4,4,2526.00,2526.00,0.000000
IN,ANDHRA PRADESH,TADIPATRI,India,5,5,3265.00,3265.00,0.000000
IN,KARNATAKA,NANJANGUD,India,5,5,4976.00,3101.00,0.000000
IN,WEST BENGAL,JANGIPUR,India,3,3,2013.00,2013.00,0.000000
IN,GOA,SOUTH GOA-MARGAO,India,1,1,301.00,301.00,0.000000
IN,MADHYA PRADESH,BARWAHA,India,2,2,1270.00,1270.00,0.000000
IN,TAMIL NADU,ARALVAIMOZHI,India,3,3,1745.00,1745.00,0.000000
IN,MAHARASHTRA,VAIJAPUR,India,4,4,3406.00,3406.00,0.000000
IN,MEGHALAYA,GAROBADHA,India,2,2,965.00,965.00,0.000000
IN,KARNATAKA,KAIKAMBA,India,2,2,778.00,778.00,0.000000
IN,KARNATAKA,DODDABALLAPUR,India,4,3,2235.00,2235.00,0.000000
IN,MAHARASHTRA,SHEVGAON,India,10,9,6762.00,6762.00,0.000000
IN,KERALA,"KAKKODI MUKKU,KANNADICHAL ROAD",India,1,1,899.00,899.00,0.000000
IN,TAMIL NADU,ERUMAIPATTI,India,1,0,4124.76,0.00,0.000000
IN,TAMIL NADU,VIRUDHUNAGAR,India,23,24,15225.15,13768.00,0.010000
IN,TELANGANA,HYHYDERABAD,India,1,1,909.00,909.00,0.000000
IN,ASSAM,RAHA,India,1,1,636.00,636.00,0.000000
IN,MAHARASHTRA,TALEGAON MIDC,India,18,16,11341.29,9872.00,0.010000
IN,MAHARASHTRA,KARKAMB,India,1,1,597.00,597.00,0.000000
IN,UTTAR PRADESH,BALRAMPUR,India,7,6,4545.81,4082.00,0.000000
IN,KARNATAKA,THUMBE,India,4,3,2322.00,2322.00,0.000000
IN,MAHARASHTRA,TALEGÀON DABHADE PUNE,India,1,1,899.00,899.00,0.000000
IN,KERALA,VELLANIKKARA,India,7,3,1769.71,1424.00,0.000000
IN,HARYANA,KURUKSHETRA,India,36,35,23013.00,23013.00,0.010000
IN,ANDHRA PRADESH,GURZALA,India,8,7,5900.95,5480.00,0.000000
IN,ANDHRA PRADESH,SULLURUPETA,India,5,5,3176.00,3176.00,0.000000
IN,BIHAR,SASARAM,India,8,5,4611.95,3871.00,0.000000
IN,JHARKHAND,MAITHON,India,3,1,2501.26,574.00,0.000000
IN,RAJASTHAN,"GULABPURA, DISTT BHILWARA",India,1,1,544.00,544.00,0.000000
IN,ANDHRA PRADESH,PEDAPARUPUDI,India,1,1,692.00,692.00,0.000000
IN,KERALA,ERNAKULAM DISTRICT,India,4,3,3322.00,2622.00,0.000000
IN,MAHARASHTRA,DEULGAON RAJA,India,2,5,2254.00,2254.00,0.000000
IN,NEW DELHI,HARI NAGAR,India,2,2,1262.00,1262.00,0.000000
IN,TAMIL NADU,CHINNAMPALAYAM,India,5,3,3618.15,2041.00,0.000000
IN,KERALA,KARIYANNUR,India,2,2,1102.00,1102.00,0.000000
IN,ANDHRA PRADESH,NADAKUDURU,India,2,1,743.00,743.00,0.000000
IN,MAHARASHTRA,PUSAD MIDC,India,2,2,1521.00,1521.00,0.000000
IN,KERALA,"VENJARAMMOODU,THIRUVANANTHAPURAM",India,1,1,353.00,353.00,0.000000
IN,UTTAR PRADESH,HINDALCO INDUSTRIES LTD,India,7,7,3810.00,3293.00,0.000000
UNITED STATES,OH,COLUMBUS,North America,3521,10597,3237947.84,3134306.33,1.520000
IN,RAJASTHAN,DIDWANA,India,3,3,1582.00,1582.00,0.000000
IN,MADHYA PRADESH,GARHAKOTA,India,1,1,664.00,664.00,0.000000
IN,MAHARASHTRA,DOMBIVALI WEST - 421202,India,1,1,493.00,493.00,0.000000
IN,KERALA,KOVOOR,India,1,1,432.00,432.00,0.000000
IN,TAMIL NADU,PILLANALLUR,India,2,2,862.00,862.00,0.000000
IN,GOA,"OLD GOA, NORTH GOA DISTRICT",India,1,1,399.00,399.00,0.000000
IN,ANDHRA PRADESH,VISHAKHAPATNAM,India,1,1,759.00,759.00,0.000000
IN,MIZORAM,FALKAWN,India,1,1,735.00,735.00,0.000000
IN,KARNATAKA,KOLLUR,India,2,2,1620.00,1620.00,0.000000
IN,ANDHRA PRADESH,SANGAM,India,1,1,459.00,459.00,0.000000
IN,KARNATAKA,KARKALA TALUK,India,2,1,1194.86,612.00,0.000000
IN,TAMIL NADU,MUTTAYYAPURAM,India,1,1,301.00,301.00,0.000000
IN,TELANGANA,SURYAPET (TOWN) SURYAPET (DIST),India,1,1,635.00,635.00,0.000000
IN,BIHAR,GIDHAUR,India,1,0,0.00,0.00,0.000000
IN,KARNATAKA,BANGALORE 560062,India,1,1,416.00,416.00,0.000000
IN,KARNATAKA,HEBRI,India,1,1,832.00,832.00,0.000000
IN,TELANGANA,"KALLUR,KHAMMAM DIST",India,1,1,442.00,442.00,0.000000
IN,UTTAR PRADESH,PARASI/ANPARA,India,2,2,493.00,493.00,0.000000
IN,RAJASTHAN,MOUNT ABU,India,2,1,1186.00,1186.00,0.000000
IN,KERALA,"ALAPUZHA,KAYAMKULLAM",India,1,1,792.00,792.00,0.000000
IN,MAHARASHTRA,REVDANDA,India,1,1,545.00,545.00,0.000000
IN,MAHARASHTRA,MUMBAI MUMBAI,India,1,1,544.00,544.00,0.000000
IN,UTTAR PRADESH,AYODHYA,India,6,5,3093.00,3093.00,0.000000
IN,ANDHRA PRADESH,GANNAVARAM,India,5,3,3017.90,1186.00,0.000000
IN,MAHARASHTRA,KALYAN-DOMBIVLI,India,1,1,660.00,660.00,0.000000
IN,DELHI,SOUTH EAST DELHI,India,2,2,1286.00,1286.00,0.000000
IN,MAHARASHTRA,MHVEER SOCIETY JAVAL CHOKAK,India,1,1,471.00,471.00,0.000000
IN,UTTARAKHAND,SRINAGAR,India,3,3,1268.00,1268.00,0.000000
IN,MAHARASHTRA,DOMBIWALI (E),India,1,1,382.00,382.00,0.000000
IN,MAHARASHTRA,BULDHANA,India,2,2,870.00,870.00,0.000000
IN,UTTAR PRADESH,KURAOLI,India,3,3,2071.00,1300.00,0.000000
IN,MADHYA PRADESH,"PANDHURNA,",India,1,1,801.00,801.00,0.000000
IN,WEST BENGAL,"RAHARA BAZAR,KHARDAH",India,2,2,475.00,475.00,0.000000
IN,MAHARASHTRA,TALEGAON DABHADE PUNE,India,1,1,845.00,845.00,0.000000
IN,TAMIL NADU,MOHANUR,India,1,1,431.00,431.00,0.000000
IN,KARNATAKA,MUNIRABAD PROJECT AREA,India,2,2,1252.00,1252.00,0.000000
IN,KERALA,"MANNARKKAD , PALAKKAD",India,1,2,1515.00,1515.00,0.000000
IN,KERALA,VEILOOR,India,1,1,471.00,471.00,0.000000
IN,GOA,CORLIM,India,1,1,497.00,497.00,0.000000
IN,ANDHRA PRADESH,PAMIDI,India,3,3,1355.00,1355.00,0.000000
IN,TAMIL NADU,"MAMBAKKAM, CHINGLEPUT DIST",India,1,1,429.00,429.00,0.000000
IN,ANDHRA PRADESH,"VISAKHAPATNAM,VEPAGUNTA POST",India,1,0,0.00,0.00,0.000000
IN,MEGHALAYA,GARODOBA,India,1,1,625.00,625.00,0.000000
IN,TAMIL NADU,PAPPIREDDIPATTI,India,2,2,877.00,877.00,0.000000
IN,MADHYA PRADESH,NAGOD,India,1,1,759.00,759.00,0.000000
IN,MADHYA PRADESH,AJAYGARH,India,1,1,1164.00,1164.00,0.000000
IN,KERALA,KANJIRAPILLY,India,1,1,969.00,969.00,0.000000
IN,BIHAR,KOILWAR,India,1,2,1316.00,1316.00,0.000000
IN,HIMACHAL PRADESH,"MOHLI, DHARAMSHALA",India,1,1,495.00,495.00,0.000000
IN,TAMIL NADU,VANAGARAM,India,1,1,487.00,487.00,0.000000
IN,KARNATAKA,HABBUWADA KARWAR,India,1,1,1112.00,1112.00,0.000000
IN,PUNJAB,NANGAL,India,5,5,3592.00,3592.00,0.000000
IN,GUJARAT,IDAR,India,9,9,8606.96,6797.00,0.000000
IN,TELANGANA,HYD,India,1,1,1186.00,1186.00,0.000000
IN,KERALA,KATTUR,India,4,5,3738.00,3738.00,0.000000
IN,TELANGANA,"HYDERABAD,",India,2,2,1278.00,1278.00,0.000000
IN,MAHARASHTRA,DEVRUKH,India,1,1,518.00,0.00,0.000000
IN,WEST BENGAL,BAGDA,India,1,1,1043.00,1043.00,0.000000
IN,ANDHRA PRADESH,HYDERABAD,India,32,32,20302.00,19757.00,0.010000
IN,TAMIL NADU,THIRUPUVANAM SIVAGANGA DISTRICT,India,1,1,345.00,345.00,0.000000
IN,KARNATAKA,BANGALORE NORTH,India,3,3,1841.00,1841.00,0.000000
IN,RAJASTHAN,BANSWARA,India,20,19,14316.00,14316.00,0.010000
IN,WEST BENGAL,KALIMPONG,India,25,23,17547.00,17547.00,0.010000
IN,KARNATAKA,HUBBALLI,India,127,132,87379.80,76071.00,0.040000
IN,TELANGANA,JAYASHANKAR BHUPALPALLY,India,1,2,880.00,880.00,0.000000
IN,JAMMU & KASHMIR,RAMGARH,India,2,1,1481.86,759.00,0.000000
IN,ANDHRA PRADESH,MALIKIPURAM,India,2,2,1998.00,1998.00,0.000000
IN,KERALA,KARAMUCK,India,1,0,475.24,0.00,0.000000
IN,GUJARAT,MITHAPUR,India,2,1,999.00,999.00,0.000000
IN,TAMIL NADU,"NEELAKUDI, THIRUVARUR",India,1,1,744.00,744.00,0.000000
IN,ANDHRA PRADESH,VIZIANAGARAM,India,103,93,61570.43,53963.00,0.030000
IN,KERALA,PONMUNDAM,India,1,2,1486.00,0.00,0.000000
IN,TELANGANA,HYDERABAD-500018,India,1,1,750.00,750.00,0.000000
IN,UTTAR PRADESH,"INDIRAPURAM , GHAZIABAD",India,1,1,431.00,431.00,0.000000
UNITED STATES,NC,CHARLOTTE,North America,3606,10867,3311877.73,3218602.49,1.560000
IN,KERALA,THRIKKARUVA,India,1,1,432.00,432.00,0.000000
IN,JHARKHAND,HARINA,India,3,3,1683.00,1683.00,0.000000
IN,WEST BENGAL,ISLAMPUR,India,8,6,5499.14,4184.00,0.000000
IN,MAHARASHTRA,PUNE 36,India,2,3,1038.00,1038.00,0.000000
IN,MADHYA PRADESH,ICHHAWAR,India,1,1,1096.00,1096.00,0.000000
IN,TAMIL NADU,THURAIYUR,India,6,5,4866.00,3750.00,0.000000
IN,UTTAR PRADESH,KHAGA,India,1,1,771.00,771.00,0.000000
IN,UTTAR PRADESH,LALITPUR,India,13,12,9582.29,8848.00,0.000000
IN,MAHARASHTRA,MIRA ROAD,India,12,11,6792.00,6792.00,0.000000
IN,ODISHA,JEYPUR,India,10,9,4774.00,4774.00,0.000000
IN,ASSAM,PATHSALA,India,2,2,1078.00,1078.00,0.000000
IN,KERALA,"ERATUPETTA,KOTTAYAM(DISTRICT)",India,1,1,435.00,435.00,0.000000
IN,ANDHRA PRADESH,ADDANKI,India,9,10,5801.00,5801.00,0.000000
IN,MAHARASHTRA,"ARVI,DIST- WARDHA",India,2,2,2034.00,2034.00,0.000000
IN,RAJASTHAN,J ODHPUR,India,1,1,325.00,325.00,0.000000
IN,ODISHA,KORAPUT,India,24,23,17840.57,16421.00,0.010000
IN,KERALA,ADOOR,India,11,11,8126.00,8126.00,0.000000
IN,KARNATAKA,KADUR,India,15,12,5570.00,5570.00,0.000000
IN,HARYANA,PEHOWA,India,5,7,4254.00,4254.00,0.000000
IN,WEST BENGAL,AMTALA,India,2,1,1411.93,353.00,0.000000
IN,UTTAR PRADESH,RAE BARELI,India,35,34,27963.27,23425.00,0.010000
IN,ANDHRA PRADESH,ANADAPURAM,India,2,2,496.00,496.00,0.000000
IN,KERALA,"MANANTHAVADY,",India,1,1,449.00,449.00,0.000000
IN,KERALA,KODUNGALLUR,India,6,8,5836.00,5170.00,0.000000
IN,CHHATTISGARH,GAURELA,India,2,2,928.00,928.00,0.000000
IN,TAMIL NADU,TENKASI,India,32,40,23925.33,19568.00,0.010000
IN,KERALA,KUMARAKOM,India,4,3,1928.00,1928.00,0.000000
IN,MAHARASHTRA,"AKURDI, PUNE-35",India,1,0,0.00,0.00,0.000000
IN,BIHAR,NAUGACHHIA,India,5,5,6198.52,4229.00,0.000000
IN,BIHAR,RAGHUNATHPUR,India,4,3,1978.86,1456.00,0.000000
IN,CHHATTISGARH,CHIKHAL KASA,India,6,6,4874.00,4286.00,0.000000
IN,KARNATAKA,BANGALORE-78,India,2,2,471.00,471.00,0.000000
IN,HARYANA,SIRSA,India,18,16,11287.10,10409.00,0.010000
IN,ANDHRA PRADESH,RAMPACHODAVARAM.EAST GODAVARI DIST,India,2,2,1327.00,1327.00,0.000000
IN,KERALA,NEYYATTINKARA,India,17,16,7866.00,7490.00,0.000000
IN,MAHARASHTRA,MUMBAI 400071,India,1,1,396.00,396.00,0.000000
IN,MAHARASHTRA,"VASHI, NEW BOMBAY",India,1,1,471.00,471.00,0.000000
IN,UTTAR PRADESH,"GREATER NOIDA, SECTOR 1",India,1,1,522.00,522.00,0.000000
IN,PUNJAB,PHAGWARA,India,19,22,17412.71,15519.00,0.010000
IN,PUNJAB,PATTI,India,3,3,1237.00,1237.00,0.000000
IN,ANDHRA PRADESH,NAIDUPET-NELLORE DISTRICT,India,2,2,1751.00,1751.00,0.000000
IN,RAJASTHAN,KHETRI NAGAR JHUNJHUNU,India,2,2,807.00,807.00,0.000000
IN,MANIPUR,IMPHACITY,India,1,1,497.00,497.00,0.000000
IN,PUNJAB,MOGA,India,14,14,9296.00,8916.00,0.000000
IN,WEST BENGAL,"BEHALA, KOLKATA",India,4,2,1248.29,435.00,0.000000
IN,MAHARASHTRA,MANGON,India,1,1,387.00,387.00,0.000000
IN,ANDHRA PRADESH,JAGGAIAHPET,India,3,3,1369.00,1369.00,0.000000
IN,UTTAR PRADESH,KANPURKANPUR,India,2,1,319.00,319.00,0.000000
IN,ANDHRA PRADESH,UNGUTURU,India,4,4,2976.00,2241.00,0.000000
IN,Metro Hub,BENGALURU,India,26698,57547,4261916.00,4241440.00,2.000000
IN,ODISHA,SUNABEDA,India,7,7,5430.00,5430.00,0.000000
IN,PUNJAB,PATIYALA,India,2,2,874.00,874.00,0.000000
IN,GUJARAT,CHHAPI,India,2,2,967.00,967.00,0.000000
IN,KERALA,"ERANHOLI, THALASSERY",India,1,1,471.00,471.00,0.000000
IN,TAMIL NADU,KOLLUMANGUDI,India,2,3,1333.00,1333.00,0.000000
IN,HARYANA,"FARIDABAD, SECTOR-91",India,1,1,870.00,870.00,0.000000
IN,RAJASTHAN,KESHORAI PATAN DISTRICT BUNDI,India,7,8,3107.00,3107.00,0.000000
IN,UTTAR PRADESH,FATEHPUR DISTRICT,India,1,1,534.00,534.00,0.000000
IN,TAMIL NADU,SRIVILLIPUTHUR,India,11,11,7325.00,7325.00,0.000000
IN,TAMIL NADU,ULUNDURPET,India,1,1,641.00,641.00,0.000000
IN,UTTARAKHAND,SHAKTIGARH,India,1,1,1122.00,1122.00,0.000000
IN,KERALA,CHENGANNUR ALAPUZHA,India,1,1,736.00,736.00,0.000000
IN,RAJASTHAN,JAIPURJ,India,1,1,597.00,597.00,0.000000
IN,KARNATAKA,BENGALURU-560098,India,1,1,382.00,382.00,0.000000
IN,MAHARASHTRA,"DOMBIVLI WEST, THANE DIST",India,1,1,1127.00,1127.00,0.000000
IN,KERALA,ALAMCODE VANCHIYOOR THIRUVANANTHAPURAM DISTRICT,India,1,1,357.00,357.00,0.000000
IN,TELANGANA,KAZIPET,India,1,1,399.00,399.00,0.000000
IN,HIMACHAL PRADESH,SABATHU,India,1,0,0.00,0.00,0.000000
IN,RAJSTHAN,JAIPUR,India,1,1,443.00,443.00,0.000000
IN,UTTARAKHAND,BAHADRABAD GAS PLANT HARIDWAR,India,1,1,625.00,625.00,0.000000
IN,ODISHA,KUJANG,India,1,0,0.00,0.00,0.000000
IN,KERALA,"PALARIVATTOM, ERNAKULAM",India,1,1,692.00,692.00,0.000000
IN,RAJASTHAN,PAL ROAD JODHPUR,India,1,1,828.00,828.00,0.000000
IN,TAMIL NADU,MEKKAMANDABAM,India,1,1,788.00,788.00,0.000000
IN,MAHARASHTRA,SHIRALA,India,2,3,1397.00,1397.00,0.000000
IN,GUJARAT,BHILODA,India,1,1,292.00,292.00,0.000000
IN,SIKKIM,CONVOY GROUND,India,1,1,426.00,426.00,0.000000
IN,MAHARASHTRA,ANANTPUR,India,1,1,459.00,459.00,0.000000
IN,MADHYA PRADESH,KOTHRI,India,2,2,399.00,399.00,0.000000
IN,MAHARASHTRA,WARTHI,India,1,0,0.00,0.00,0.000000
IN,MAHARASHTRA,KOPARGAON,India,2,2,1607.00,1607.00,0.000000
IN,MAHARASHTRA,KALYAN DOMBIVLI,India,1,1,382.00,382.00,0.000000
IN,KERALA,CHANTHAVILA,India,1,2,1710.00,1710.00,0.000000
IN,TAMIL NADU,EDAPPADI,India,2,1,842.00,842.00,0.000000
IN,SIKKIM,RANIPOOL,India,1,1,1186.00,1186.00,0.000000
IN,HARYANA,KUNDLI INDUSTRIAL AREA,India,6,6,3627.00,3627.00,0.000000
IN,ANDHRA PRADESH,"TENALI, GUNTUR DISTRICT",India,1,5,4380.00,4380.00,0.000000
IN,TAMIL NADU,KEELAMANJAKUDI,India,1,1,693.00,693.00,0.000000
IN,UTTAR PRADESH,"GOVINDPURAM, GHAZIABAD",India,1,0,0.00,0.00,0.000000
IN,MADHYA PRADESH,MANDLESHWAR,India,2,2,1824.00,1824.00,0.000000
IN,DELHI,MOUJPUR NEW DELHI,India,1,1,999.00,999.00,0.000000
IN,UTTAR PRADESH,BASTI,India,26,26,18150.00,18150.00,0.010000
IN,ASSAM,KARIMGANJ,India,11,11,6745.00,6745.00,0.000000
IN,UTTARAKHAND,BHEL HARIDWAR,India,1,1,360.00,360.00,0.000000
IN,CHHATTISGARH,TUMGAON,India,2,2,982.00,491.00,0.000000
IN,TAMIL NADU,THIRUPARANKUNDRAM,India,2,1,1338.00,1338.00,0.000000
IN,ASSAM,JORHAT TOWN,India,2,1,399.00,0.00,0.000000
IN,UTTAR PRADESH,KHALILABAD,India,8,8,7057.96,5606.00,0.000000
IN,KARNATAKA,TERDAL,India,3,3,2305.00,2305.00,0.000000
IN,KERALA,"VENGOLA, PERUMBAVOOR",India,1,1,353.00,353.00,0.000000
IN,PUNJAB,SUJANPUR,India,8,6,5401.48,4971.00,0.000000
IN,MAHARASHTRA,THANE ( MIRA BHAYANDER),India,1,1,725.00,725.00,0.000000
IN,ODISHA,PIPILI,India,6,6,5272.00,5272.00,0.000000
IN,TAMIL NADU,MATHIGIRI HOSUR,India,1,1,435.00,435.00,0.000000
IN,TAMIL NADU,PUTHALAM,India,2,2,1883.00,1883.00,0.000000
IN,TAMIL NADU,NALLUR KANNIYAKUMARI DISTRICT,India,11,9,7168.10,5497.00,0.000000
IN,PUDUCHERRY,PUDUCHERRY 605001,India,1,1,432.00,432.00,0.000000
IN,MANIPUR,BISHNUPUR,India,3,2,1073.00,1073.00,0.000000
IN,GOA,BICHOLIM,India,19,20,10253.14,9816.00,0.000000
IN,UTTAR PRADESH,KUNDA; PRATAPGARH,India,2,2,1062.00,1062.00,0.000000
IN,GUJARAT,CHHOTA UDAIPUR,India,2,2,1359.00,1359.00,0.000000
IN,KERALA,CHANGANACHERRY,India,39,40,26426.57,22849.00,0.010000
IN,UTTAR PRADESH,ALLAHGANJ,India,1,1,969.00,969.00,0.000000
IN,ANDHRA PRADESH,BANDARULANKA,India,1,0,358.10,0.00,0.000000
IN,ANDHRA PRADESH,VIJAYAWADA,India,427,437,289773.18,260722.00,0.140000
IN,KARNATAKA,MYSORE,India,60,63,40121.46,37198.00,0.020000
IN,GUJARAT,AMRELI,India,9,5,4977.86,4315.00,0.000000
IN,ANDHRA PRADESH,TUNI,India,16,16,10135.32,6735.00,0.000000
IN,MAHARASHTRA,AMBERNATH EAST DIST THANE,India,1,1,399.00,399.00,0.000000
IN,RAJASTHAN,BHINMAL,India,2,2,2095.00,2095.00,0.000000
IN,KERALA,NJARACKAL P.O,India,1,1,1299.00,1299.00,0.000000
IN,WEST BENGAL,CHANDPUR NORTH TWENTY FOUR PARGANAS DISTRICT,India,1,1,788.00,788.00,0.000000
IN,KERALA,"HOSPITAL JN,ELAMPALOOR",India,2,2,899.00,899.00,0.000000
IN,MAHARASHTRA,SURGANA,India,1,1,523.00,523.00,0.000000
IN,BIHAR,BIHTA PATNA DISTRICT,India,9,7,6013.00,5313.00,0.000000
IN,ANDHRA PRADESH,PONDURA,India,2,2,1818.00,1818.00,0.000000
IN,UTTAR PRADESH,"ALIGANG, LUCKNOW",India,1,1,1257.00,1257.00,0.000000
IN,TELANGANA,WARANGAL RURAL,India,3,2,1141.00,1141.00,0.000000
IN,WEST BENGAL,TITAGARH,India,5,5,2589.00,2113.00,0.000000
IN,ASSAM,CHEKONIDHARA,India,3,3,2225.00,1052.00,0.000000
IN,ANDHRA PRADESH,BYPASSROAD KONDAPURAM,India,1,1,487.00,487.00,0.000000
IN,KERALA,KANNAMANGALAM ALAPPUZHA DISTRICT,India,7,7,4476.00,3851.00,0.000000
IN,TAMIL NADU,JALAGANDAPURAM,India,1,1,316.00,316.00,0.000000
IN,RJ,JODHPUR,India,1,1,355.00,355.00,0.000000
IN,MADHYA PRADESH,BHANPURA,India,1,1,599.00,599.00,0.000000
IN,MAHARASHTRA,AHMADNAGARA,India,1,1,885.00,885.00,0.000000
INDIA,PA,PHILADELPHIA,Global,706,2103,635587.06,614615.46,0.300000
IN,KERALA,HOSDURG,India,3,3,2209.00,2209.00,0.000000
IN,BIHAR,BARBIGHA,India,3,4,2135.00,2135.00,0.000000
IN,JHARKHAND,KHUNTI,India,10,8,6637.00,6261.00,0.000000
IN,MADHYA PRADESH,PIPLYA MANDI,India,1,1,563.00,563.00,0.000000
IN,KARNATAKA,BIDAR,India,58,51,35645.76,32115.00,0.020000
IN,TAMIL NADU,THIRUMANGALAM,India,5,5,4047.14,3430.00,0.000000
IN,GUJARAT,UKAI,India,2,2,1308.00,1308.00,0.000000
IN,KARNATAKA,BENGALURE,India,1,2,1585.00,1585.00,0.000000
IN,TAMIL NADU,NEW CHENNAI,India,1,1,449.00,449.00,0.000000
IN,KARNATAKA,BENGALURU-97,India,2,2,974.00,0.00,0.000000
IN,TAMIL NADU,SATTUR,India,6,6,4659.00,4659.00,0.000000
IN,UTTAR PRADESH,MAHOLI,India,2,2,1864.00,1864.00,0.000000
IN,RAJASTHAN,NAGAUR,India,17,19,12330.43,10892.00,0.010000
IN,TELANGANA,"MIYAPUR, HYDERABAD",India,2,2,1133.00,1133.00,0.000000
IN,ANDHRA PRADESH,RUSHIKONDA APIIC,India,15,15,9457.00,9457.00,0.000000
IN,MAHARASHTRA,ASHTI WARDHA DISTRICT,India,1,0,0.00,0.00,0.000000
IN,UTTAR PRADESH,MAUDAHA,India,1,1,487.00,487.00,0.000000
IN,WEST BENGAL,ALAIPUR,India,1,1,376.00,376.00,0.000000
IN,JHARKHAND,NIRSA DIST-DHANBAD,India,1,1,654.00,654.00,0.000000
IN,KERALA,"ETTUMANOOR,KOTTAYAM",India,1,1,435.00,435.00,0.000000
IN,UTTAR PRADESH,MUGHALSARAI,India,6,5,3344.00,3344.00,0.000000
IN,MADHYA PRADESH,CHURHAT,India,1,1,771.00,771.00,0.000000
IN,ASSAM,MIRZA,India,3,1,1524.14,387.00,0.000000
IN,KARNATAKA,MADDUR TOWN,India,1,1,499.00,499.00,0.000000
IN,KARNATAKA,DANDELI(UTTAR KANNADA),India,1,1,824.00,824.00,0.000000
IN,TAMIL NADU,AYAN KOLLAN KONDAN (PO) RAJAPALAYAM (TK),India,1,1,349.00,349.00,0.000000
IN,UTTAR PRADESH,KHAIRABAD MAU DISTRICT,India,2,2,1125.00,1125.00,0.000000
IN,MAHARASHTRA,"PUNE, MAHARASHTRA",India,1,1,899.00,899.00,0.000000
IN,ANDHRA PRADESH,KANIGIRI,India,8,8,5132.00,5132.00,0.000000
IN,KERALA,KIZHAKKAMBALAM,India,2,1,1851.29,0.00,0.000000
IN,UTTAR PRADESH,MAURAWAN,India,1,1,612.00,612.00,0.000000
IN,GOA,CARANZALEM - TISWADI,India,1,1,999.00,999.00,0.000000
IN,ANDHRA PRADESH,ANANTHAPUR,India,2,2,1284.00,1284.00,0.000000
IN,TELANGANA,SECUNDERABADSECUNDERABAD,India,1,1,518.00,518.00,0.000000
IN,HIMACHAL PRADESH,BARMANA,India,1,1,832.00,832.00,0.000000
IN,GOA,ANJUNA BARDEZ GO,India,2,1,413.00,413.00,0.000000
IN,TAMIL NADU,MADATHUKULAM PO,India,1,1,736.00,736.00,0.000000
IN,KERALA,KADAPRA NIRANAM,India,1,1,665.00,665.00,0.000000
IN,UTTAR PRADESH,MANJHANA,India,1,1,721.00,721.00,0.000000
IN,MAHARASHTRA,BORDI,India,1,1,419.00,419.00,0.000000
IN,UTTAR PRADESH,IFFCO CENSUS VILLAGE,India,1,1,771.00,771.00,0.000000
IN,KERALA,PULIMATH KILIMANOOR,India,1,1,399.00,399.00,0.000000
IN,WEST BENGAL,KRISHNAPUR HUGLI DISTRICT,India,1,1,635.00,635.00,0.000000
IN,UTTAR PRADESH,"NOIDA, SEC -44",India,1,1,399.00,399.00,0.000000
IN,GUJARAT,BAREJA,India,1,1,899.00,899.00,0.000000
IN,MAHARASHTRA,VASAI (WEST),India,1,1,596.00,596.00,0.000000
IN,MAHARASHTRA,KANNAD,India,1,1,399.00,399.00,0.000000
IN,UTTAR PRADESH,MAURAWAN ROAD LUCKNOW,India,1,1,696.00,696.00,0.000000
IN,ODISHA,NIMAPADA,India,1,1,599.00,599.00,0.000000
IN,TAMIL NADU,AYOTHIAPATTINAM,India,1,1,599.00,599.00,0.000000
IN,RAJASTHAN,BIDASAR,India,1,1,1115.00,1115.00,0.000000
IN,MAHARASHTRA,MUMBAI-400 062,India,1,1,301.00,301.00,0.000000
IN,KERALA,MEENADOM,India,1,1,568.00,568.00,0.000000
IN,MAHARASHTRA,"MAGARPATTA CITY , PUNE",India,1,1,824.00,824.00,0.000000
IN,ODISHA,NANDAPUR,India,1,1,475.00,475.00,0.000000
IN,RAJASTHAN,"PIPRALI, SIKAR",India,1,1,1260.00,1260.00,0.000000
IN,DELHI,NEW DELHI 110032,India,1,1,292.00,292.00,0.000000
IN,TAMIL NADU,ARANI TIRUVANNAMALAI DISTRICT,India,6,7,3625.95,3265.00,0.000000
IN,TAMIL NADU,RAJAPALAYAM VIRUDHUNAGAR DISTRICT,India,11,11,7066.00,7066.00,0.000000
IN,WEST BENGAL,RAJGANJ,India,1,0,0.00,0.00,0.000000
IN,RAJASTHAN,CHHABRA,India,1,1,759.00,759.00,0.000000
IN,TELANGANA,MAHABUBABAD,India,14,13,10174.29,8189.00,0.000000
IN,ANDHRA PRADESH,NANDYAL,India,32,26,18789.15,15918.00,0.010000
IN,MAHARASHTRA,SANGAMNER,India,11,11,8624.00,7509.00,0.000000
IN,JHARKHAND,GUMIA,India,3,2,1400.00,1400.00,0.000000
IN,MAHARASHTRA,SANPADA,India,1,1,788.00,788.00,0.000000
IN,DADRA AND NAGAR,SILVASSA,India,17,16,13008.48,12138.00,0.010000
IN,HARYANA,FATEHABAD,India,13,15,11473.00,11074.00,0.010000
IN,ODISHA,RAIGHAR,India,1,1,385.00,385.00,0.000000
IN,ANDHRA PRADESH,SOMANDEPALLE,India,3,3,1573.00,1573.00,0.000000
IN,TAMIL NADU,VEERAVANALLUR,India,2,2,788.00,788.00,0.000000
IN,UTTAR PRADESH,GREATER NOIDA WEST (NOIDA EXTENSION),India,2,2,1544.00,1544.00,0.000000
IN,KERALA,VADAKKUMMURI,India,3,3,1931.00,1931.00,0.000000
IN,UTTARAKHAND,P O PEERUMADARA DISTRICT NAINITAL,India,2,2,1687.00,1687.00,0.000000
IN,NEW DELHI,"VIKAS PURI, F BLOCK",India,9,9,3957.00,3957.00,0.000000
IN,ANDHRA PRADESH,ATCHUTAPURAM APSEZ,India,8,7,2882.00,2882.00,0.000000
IN,MAHARASHTRA,PULGAON,India,5,7,5585.00,5585.00,0.000000
IN,ODISHA,KHARIAR,India,4,4,3637.00,3637.00,0.000000
IN,TAMIL NADU,GINGEE,India,2,1,646.00,646.00,0.000000
IN,TAMIL NADU,MADUKKARAI,India,15,14,8854.10,6556.00,0.000000
IN,PUNJAB,NAYA NANGAL,India,2,2,399.00,399.00,0.000000
IN,BIHAR,MADHUBANI,India,32,29,27853.29,22048.00,0.010000
IN,HIMACHAL PRADESH,NERMAND,India,1,1,399.00,399.00,0.000000
UNITED STATES,CA,SAN DIEGO,North America,3360,10092,3075744.00,2989759.24,1.450000
IN,ODISHA,JUNAGARH,India,2,2,1535.00,1535.00,0.000000
IN,UTTAR PRADESH,JATTARI,India,1,1,399.00,399.00,0.000000
IN,HIMACHAL PRADESH,AUT,India,4,3,2962.43,2011.00,0.000000
IN,KARNATAKA,HUMNABAD,India,1,1,319.00,319.00,0.000000
IN,KERALA,KANJOOR,India,4,10,11152.10,3986.00,0.010000
IN,PUNJAB,SAMRALA,India,4,4,2921.00,2133.00,0.000000
IN,KARNATAKA,BENGALURU 560066,India,1,1,342.00,342.00,0.000000
IN,ANDHRA PRADESH,RAZOLE,India,7,7,4372.05,3713.00,0.000000
IN,MADHYA PRADESH,MULTAI,India,2,2,972.00,972.00,0.000000
IN,KERALA,PERUMBAVOOR,India,46,37,23336.39,20784.00,0.010000
IN,TAMIL NADU,KODAIKANAL,India,7,6,5387.19,4531.00,0.000000
IN,WEST BENGAL,DEBIPUR,India,3,2,742.00,742.00,0.000000
IN,UTTAR PRADESH,JAKHAURA TALBEHAT,India,1,1,788.00,0.00,0.000000
IN,KERALA,ERANHOLI,India,9,7,4763.00,4067.00,0.000000
IN,MADHYA PRADESH,KHILCHIPUR,India,2,2,1270.00,1270.00,0.000000
IN,MAHARASHTRA,KALYAN(W),India,2,2,1571.00,1571.00,0.000000
IN,KERALA,OLLUR,India,1,1,648.00,648.00,0.000000
IN,TELANGANA,DEVARKADRA,India,1,1,989.00,989.00,0.000000
IN,MADHYA PRADESH,OBAIDULLAGANJ,India,1,1,301.00,301.00,0.000000
IN,BIHAR,LAKHISARAI,India,9,7,6140.81,5677.00,0.000000
IN,MAHARASHTRA,SAHAKAR NAGAR PUNE,India,2,2,870.00,435.00,0.000000
IN,MAHARASHTRA,"MUMBAI, POWAI",India,1,1,1044.00,1044.00,0.000000
IN,TAMIL NADU,KANNANOOR,India,3,3,1594.00,1594.00,0.000000
IN,WEST BENGAL,SUKDAL,India,2,1,685.00,685.00,0.000000
IN,KERALA,"OTTAPALAM, PALAKKAD",India,1,1,725.00,725.00,0.000000
IN,KERALA,NADAPURAM,India,3,3,1921.00,1921.00,0.000000
IN,ODISHA,SONAPUR,India,7,7,4640.00,4640.00,0.000000
IN,MAHARASHTRA,KHANDALA SATARA,India,1,1,635.00,635.00,0.000000
IN,GUJARAT,"RANIP,AHMEDABAD",India,2,8,6737.00,6737.00,0.000000
IN,GUJARAT,ADALAJ,India,34,32,21838.00,21838.00,0.010000
IN,HIMACHAL PRADESH,SOLAN,India,38,36,27658.00,26923.00,0.010000
IN,KERALA,EDAPPALLY,India,13,14,7867.00,6494.00,0.000000
IN,GOA,ALDONA,India,9,9,5164.00,5164.00,0.000000
IN,MAHARASHTRA,NALASOPARA WEST,India,3,2,1710.00,1710.00,0.000000
IN,JHARKHAND,KHARKHARI,India,1,1,625.00,625.00,0.000000
IN,TELANGANA,BALLEPALLE,India,8,9,6322.10,5324.00,0.000000
IN,ASSAM,GOSSAIGAON,India,1,1,721.00,721.00,0.000000
IN,KERALA,MEENACHIL,India,3,3,1593.00,1593.00,0.000000
IN,KARNATAKA,SINDGI,India,2,3,1148.00,1148.00,0.000000
IN,TAMIL NADU,KAPPALUR SIDCO INDUSTRIAL ESTATE,India,1,2,2467.00,2467.00,0.000000
IN,GUJARAT,"R.C. TECHNICAL COLLEGE ROAD, GHATLODIA, AHMEDABAD",India,2,2,2714.00,1399.00,0.000000
IN,PUNJAB,GREATER MOHALI,India,1,1,1043.00,1043.00,0.000000
IN,TAMIL NADU,CHEYYUR,India,7,3,1966.00,1966.00,0.000000
IN,GOA,RIBANDAR,India,3,3,1392.00,1392.00,0.000000
IN,ODISHA,TALCHER THERMAL POWER STATION TOWNSHIP,India,1,1,399.00,399.00,0.000000
INDIA,NC,CHARLOTTE,Global,743,2246,717147.04,696377.04,0.340000
IN,KERALA,MAYYIL,India,3,0,1178.09,0.00,0.000000
IN,UTTAR PRADESH,KHAILAR,India,6,6,5413.00,4525.00,0.000000
IN,MANIPUR,MAYANG IMPHAL,India,2,2,1925.00,1925.00,0.000000
UNITED STATES,TX,HOUSTON,North America,3443,10347,3119377.52,3037551.41,1.470000
IN,BIHAR,POLICE STATION - BIKRAM     TEHSIL- DANAPUR,India,1,1,449.00,449.00,0.000000
IN,ANDHRA PRADESH,KANDUKUR,India,6,5,3404.67,2858.00,0.000000
IN,MAHARASHTRA,TIRORA,India,4,4,3026.00,2138.00,0.000000
IN,WEST BENGAL,"NEW TOWN , KOLKATA",India,2,1,885.00,885.00,0.000000
IN,KERALA,MALAPURAM,India,1,1,442.00,0.00,0.000000
IN,MAHARASHTRA,ROHA MIDC,India,2,2,732.00,732.00,0.000000
IN,ODISHA,"BHUBANESWAR, KHORDHA",India,1,1,468.00,468.00,0.000000
IN,MAHARASHTRA,"COMPLEX ,ANDHERI WEST,MUMBAI",India,1,1,597.00,0.00,0.000000
IN,UTTARAKHAND,SELAQUI DEHRADUN,India,1,1,1399.00,1399.00,0.000000
IN,GOA,ARPORA,India,1,1,486.00,486.00,0.000000
IN,HIMACHAL PRADESH,ARKI,India,2,2,2314.00,2314.00,0.000000
IN,MAHARASHTRA,NAIGOAN EAST,India,1,2,981.00,981.00,0.000000
IN,UTTARAKHAND,GAIRSAIN,India,1,1,574.00,574.00,0.000000
IN,ODISHA,RUPRA ROAD,India,1,1,696.00,696.00,0.000000
IN,KARNATAKA,ANKOLA,India,4,3,1835.00,1835.00,0.000000
IN,KARNATAKA,CHIKAMAGULUR DISTRICT,India,1,1,696.00,696.00,0.000000
IN,GUJARAT,BABRA,India,1,1,279.00,279.00,0.000000
IN,GOA,SANTA CRUZ,India,2,2,1427.00,1427.00,0.000000
IN,MAHARASHTRA,"BHUSAWAL,",India,2,1,759.00,759.00,0.000000
IN,UTTAR PRADESH,"NOIDA,",India,1,1,648.00,648.00,0.000000
IN,KARNATAKA,"BANGALORE,",India,2,2,331.00,331.00,0.000000
IN,TAMIL NADU,NAZERATH,India,1,1,376.00,376.00,0.000000
IN,TAMIL NADU,CHENNAI KANCHEEPURAM,India,1,2,1333.00,1333.00,0.000000
IN,ODISHA,BRAHMAPUR,India,4,4,2268.00,1731.00,0.000000
IN,TAMIL NADU,ARANI,India,1,2,1253.00,1253.00,0.000000
IN,HIMACHAL PRADESH,NERCHOWK MANDI,India,1,0,0.00,0.00,0.000000
IN,KERALA,"MEDICAL COLLEGE , CALICUT",India,1,1,832.00,832.00,0.000000
IN,KARNATAKA,SIRA,India,1,1,885.00,885.00,0.000000
IN,MAHARASHTRA,BHARSINGI,India,1,1,729.00,729.00,0.000000
IN,WEST BENGAL,ALIPURDUAT,India,4,2,2930.20,1194.00,0.000000
IN,MAHARASHTRA,MUKHED,India,1,0,0.00,0.00,0.000000
IN,HIMACHAL PRADESH,YOL,India,1,1,744.00,744.00,0.000000
IN,SIKKIM,EAST SIKKIM,India,1,0,0.00,0.00,0.000000
IN,GOA,ZUARI NAGAR,India,1,1,399.00,399.00,0.000000
IN,BIHAR,JOGBANI ARARIA BIHAR,India,1,1,962.00,962.00,0.000000
IN,WEST BENGAL,KOLKATA - 700028,India,2,2,986.00,986.00,0.000000
IN,TELANGANA,BOINPALLE,India,1,0,0.00,0.00,0.000000
IN,WEST BENGAL,SANTALDIH,India,1,1,885.00,885.00,0.000000
IN,WEST BENGAL,CONTAI,India,21,17,12524.48,10905.00,0.010000
IN,WEST BENGAL,LABHPUR,India,1,1,435.00,435.00,0.000000
IN,KERALA,PONNANI,India,11,10,6163.00,5764.00,0.000000
IN,KARNATAKA,SIDCO INDUSTRIAL ESTATE KITTUR BELAGAVI,India,1,1,692.00,692.00,0.000000
IN,KERALA,PUNNAPARA,India,13,13,7579.28,6325.00,0.000000
IN,CHHATTISGARH,DIPKA,India,3,3,1882.00,1882.00,0.000000
IN,WEST BENGAL,SONAMUKHI,India,2,2,1093.00,1093.00,0.000000
IN,MAHARASHTRA,ALLAPALLI,India,1,1,1065.00,1065.00,0.000000
IN,TELANGANA,SATHUPALLY,India,12,11,9766.00,9766.00,0.000000
IN,MAHARASHTRA,TARAPUR,India,4,3,1053.00,1053.00,0.000000
IN,DELHI,NEW DELHI-59,India,1,1,568.00,568.00,0.000000
IN,ANDHRA PRADESH,CHILAKALURIPET,India,16,12,10787.25,6936.00,0.010000
IN,KARNATAKA,ALUR,India,4,2,2717.72,0.00,0.000000
IN,TAMIL NADU,KUNDRATHUR,India,2,2,655.00,655.00,0.000000
IN,MADHYA PRADESH,BANMOR MORENA,India,1,0,0.00,0.00,0.000000
IN,KARNATAKA,MOODUBELLE,India,2,1,735.00,735.00,0.000000
INDIA,OH,COLUMBUS,Global,767,2356,710502.70,690782.73,0.330000
IN,MAHARASHTRA,KALWAN,India,2,1,1452.57,744.00,0.000000
IN,ODISHA,BHAWANIPATNA,India,15,14,9104.00,8383.00,0.000000
IN,CHHATTISGARH,KIRANDUL,India,1,0,0.00,0.00,0.000000
IN,GUJARAT,VIRPUR,India,2,1,916.00,916.00,0.000000
IN,RAJASTHAN,SAWAI MADHOPUR,India,17,15,9159.00,8533.00,0.000000
IN,ANDHRA PRADESH,VISAKHAPATANAM,India,2,3,3290.00,3290.00,0.000000
IN,BIHAR,ARARIYA,India,1,1,635.00,635.00,0.000000
IN,KARNATAKA,MANGALORE,India,40,42,29063.36,22308.00,0.010000
IN,MADHYA PRADESH,AGAR,India,5,5,3103.00,3103.00,0.000000
IN,ODISHA,JAGASINGHPUR,India,1,1,654.00,654.00,0.000000
IN,TAMIL NADU,UDANGUDI,India,1,1,399.00,399.00,0.000000
IN,TAMIL NADU,KATPADI,India,2,0,0.00,0.00,0.000000
IN,MAHARASHTRA,"BALKUM, THANE",India,1,2,1554.00,1554.00,0.000000
IN,MAHARASHTRA,YEOLA,India,4,4,2760.00,2760.00,0.000000
IN,BIHAR,MADHEPURA,India,9,10,7628.00,7628.00,0.000000
IN,ANDHRA PRADESH,CHEBROLU,India,2,2,1391.00,1391.00,0.000000
IN,HARYANA,KANINA,India,2,2,1639.00,1115.00,0.000000
IN,MAHARASHTRA,NERUL,India,3,3,2329.00,2329.00,0.000000
IN,TELANGANA,MIYAPUR HYDERABAD,India,2,1,725.00,725.00,0.000000
IN,JAMMU & KASHMIR,"KHUMANI CHOWK,BEMINA BUDGAM",India,2,1,1442.00,1442.00,0.000000
IN,PUNJAB,"KHARAR, MOHALI",India,1,1,788.00,788.00,0.000000
IN,RAJASTHAN,JHUNJHUNUN,India,7,7,4399.00,4399.00,0.000000
IN,KARNATAKA,DAKSHINA KANNADA DISTRICT,India,1,1,824.00,824.00,0.000000
IN,WEST BENGAL,ICHAPUR,India,10,10,6689.00,3907.00,0.000000
IN,MAHARASHTRA,TALEGAON DHAMDHERE BAZAARMAIDAAN,India,1,1,696.00,696.00,0.000000
IN,KARNATAKA,SEDAM,India,7,8,6259.00,6259.00,0.000000
IN,KERALA,PUDUKAD,India,1,1,376.00,376.00,0.000000
IN,TAMIL NADU,KAMBAM,India,5,6,4830.00,4830.00,0.000000
IN,MADHYA PRADESH,BADARWAS,India,1,1,1112.00,1112.00,0.000000
IN,WEST BENGAL,PANIHATI,India,35,31,20861.14,19241.00,0.010000
IN,MAHARASHTRA,AMBERNATH [E] DISTRICT AMBERNATH,India,1,1,688.00,688.00,0.000000
IN,KARNATAKA,BENGALURU 562125,India,2,2,725.00,725.00,0.000000
IN,TAMIL NADU,NEYVELI,India,19,18,11133.00,11133.00,0.010000
IN,CHHATTISGARH,NAWAGARH JANJGIR,India,1,1,1281.00,1281.00,0.000000
IN,KARNATAKA,ANEKAL,India,1,1,885.00,885.00,0.000000
IN,UTTAR PRADESH,HANSARI JHANSI,India,1,1,424.00,424.00,0.000000
IN,MAHARASHTRA,CHANDRAPUR,India,55,50,35801.28,34067.00,0.020000
IN,RAJASTHAN,PILANI,India,2,2,1432.00,1432.00,0.000000
IN,KARNATAKA,GANJIMUTT,India,3,3,2086.00,2086.00,0.000000
IN,ANDHRA PRADESH,KUPPAM,India,9,10,5115.00,4644.00,0.000000
UNITED KINGDOM,NC,CHARLOTTE,Europe,243,723,229622.17,226697.56,0.110000
IN,MAHARASHTRA,MAJGAO SAWANTWADI,India,2,3,850.00,850.00,0.000000
IN,TAMIL NADU,THIRUVARUR,India,18,19,9980.00,9548.00,0.000000
IN,MADHYA PRADESH,"SHANKARPURI ,GWALIOR ,MORAR",India,1,1,459.00,459.00,0.000000
IN,WEST BENGAL,"SODPUR, KOLKATA",India,1,1,583.00,583.00,0.000000
IN,WEST BENGAL,BETHUADAHARI,India,2,2,1505.00,1505.00,0.000000
IN,UTTAR PRADESH,BHOJIPURA,India,1,1,376.00,376.00,0.000000
IN,UTTAR PRADESH,"GAUTAM BUDH NAGAR , NOIDA",India,1,1,625.00,625.00,0.000000
IN,MAHARASHTRA,MUMBAI-400051,India,2,2,2213.00,2213.00,0.000000
IN,CHHATTISGARH,PATAN,India,3,5,2261.00,1360.00,0.000000
IN,TAMIL NADU,ANNAMALAI NAGAR,India,3,5,2290.00,2290.00,0.000000
IN,MAHARASHTRA,DOMBIVILLI EAST,India,1,2,1318.00,1318.00,0.000000
IN,JHARKHAND,MAHAGAMA,India,1,1,345.00,345.00,0.000000
IN,KARNATAKA,PUTTUR DK,India,1,1,458.00,458.00,0.000000
IN,ODISHA,"BARANG, DADHAPATNA",India,1,1,699.00,699.00,0.000000
IN,KERALA,PERAMBRA,India,1,1,307.00,307.00,0.000000
IN,JAMMU & KASHMIR,SOPORE,India,1,1,859.00,859.00,0.000000
IN,RAJASTHAN,ANTAH,India,7,13,10552.00,10552.00,0.000000
IN,UTTAR PRADESH,BAHERI,India,4,5,3067.00,3067.00,0.000000
IN,SIKKIM,NAMCHI BAZAAR,India,1,2,1295.00,1295.00,0.000000
IN,KERALA,"KALPETTA, WAYANAD",India,2,2,1206.00,1206.00,0.000000
IN,KERALA,VAZHAYUR,India,1,1,435.00,435.00,0.000000
IN,PUDUCHERRY,"PILLAIARKUPPAM,  MANAPET POST",India,1,1,499.00,499.00,0.000000
IN,ANDHRA PRADESH,ATTILLI,India,2,2,1374.00,1374.00,0.000000
IN,TAMIL NADU,"RANIPET, VELLORE",India,1,1,442.00,442.00,0.000000
IN,WEST BENGAL,"DEBIPUR, PANAGARH",India,1,1,1186.00,1186.00,0.000000
IN,TELANGANA,NEREDUCHERLA,India,1,1,1125.00,1125.00,0.000000
IN,WEST BENGAL,KANDIKANDI,India,1,1,471.00,471.00,0.000000
IN,UTTAR PRADESH,KALINAGAR,India,1,1,292.00,292.00,0.000000
IN,ANDHRA PRADESH,YENAMADURRU,India,1,1,353.00,353.00,0.000000
IN,UTTAR PRADESH,PURA ACCHAI PHULPUR  ALLAHABAD,India,1,1,1186.00,1186.00,0.000000
IN,MAHARASHTRA,UMARKHED,India,1,1,735.00,735.00,0.000000
IN,ANDHRA PRADESH,BOMMURU RAJAHMUNDRY,India,1,1,434.00,434.00,0.000000
IN,GUJARAT,VADODARA - 390019,India,1,1,518.00,518.00,0.000000
IN,PUNJAB,BHISIANA,India,1,1,633.00,633.00,0.000000
IN,WEST BENGAL,KOLKATA 56,India,1,1,709.00,709.00,0.000000
IN,KERALA,P.O.CHIRAKKAL,India,1,1,1115.00,1115.00,0.000000
IN,HARYANA,"HSIIDC SOHNA, GURUGRAM",India,1,1,459.00,459.00,0.000000
IN,UTTAR PRADESH,GR NOIDA,India,1,1,423.00,423.00,0.000000
IN,TAMIL NADU,CHENAI,India,1,1,715.00,715.00,0.000000
IN,UTTAR PRADESH,BILSI,India,1,0,856.19,0.00,0.000000
IN,MAHARASHTRA,DAHANU WEST,India,1,1,799.00,799.00,0.000000
IN,TELANGANA,"MEHDIPATNAM, HYDERABAD",India,1,1,530.00,530.00,0.000000
IN,MAHARASHTRA,KALACHOWKI MUMBAI,India,1,2,612.00,612.00,0.000000
IN,GUJARAT,"SHELA, AHMEDABAD",India,1,1,709.00,709.00,0.000000
IN,TELANGANA,MUNAGALA,India,1,1,435.00,435.00,0.000000
IN,MADHYA PRADESH,DHAMNOD,India,1,1,534.00,534.00,0.000000
IN,TELANGANA,SANGAREDDY DISTRICT,India,1,1,744.00,744.00,0.000000
IN,ANDHRA PRADESH,NARASAPUR,India,13,13,8986.00,8101.00,0.000000
IN,TAMIL NADU,KANCHIPURAM,India,80,88,49970.43,47997.00,0.020000
IN,NAGALAND,CHUMUKEDIMA,India,8,7,5259.00,4879.00,0.000000
IN,ANDHRA PRADESH,PALACOLE,India,15,14,9115.57,8547.00,0.000000
IN,MAHARASHTRA,"SAHAR ROAD, ANDHERI-EAST, MUMBAI",India,3,3,1197.00,798.00,0.000000
IN,TAMIL NADU,CHENNNAI,India,3,3,2053.00,1282.00,0.000000
IN,KERALA,KATTANAM,India,7,7,3813.00,3813.00,0.000000
IN,MAHARASHTRA,BHIWANDI,India,84,73,50028.63,44483.00,0.020000
IN,KERALA,KRISHNAPURAM,India,4,4,2094.00,1741.00,0.000000
IN,MAHARASHTRA,DAPOLI,India,11,11,5221.00,4763.00,0.000000
IN,ODISHA,TARBHA,India,2,2,399.00,399.00,0.000000
IN,ANDHRA PRADESH,TADA,India,2,2,1419.00,1419.00,0.000000
IN,KERALA,TALIPARAMBA,India,14,14,8911.00,8911.00,0.000000
IN,MAHARASHTRA,THANE EAST,India,7,8,3753.00,3753.00,0.000000
IN,HARYANA,CHARKHI DADRI,India,5,3,2416.38,1489.00,0.000000
IN,RAJASTHAN,UDAIPURUDIPUR,India,6,6,4183.00,4183.00,0.000000
IN,TAMIL NADU,GUDALUR,India,3,3,1313.00,1313.00,0.000000
IN,TAMIL NADU,TIRUCHIRAPALLI,India,2,2,2274.00,2274.00,0.000000
IN,MADHYA PRADESH,NEAR LAUREL'S INTERNATIONAL SCHOOL,India,2,2,1110.00,1110.00,0.000000
IN,ASSAM,CHARIDUAR,India,2,2,2098.00,2098.00,0.000000
IN,TELANGANA,CHEGUNTA,India,1,1,771.00,771.00,0.000000
IN,MAHARASHTRA,INDAPUR,India,6,5,4248.00,3462.00,0.000000
IN,ASSAM,BALIPARA,India,1,1,486.00,486.00,0.000000
IN,TELANGANA,KOMPALLY,India,7,6,5081.00,4236.00,0.000000
IN,MAHARASHTRA,AKOLE AHMADNAGAR DISTRICT,India,1,1,399.00,399.00,0.000000
IN,MADHYA PRADESH,ORDNANCE FACTORY ITARSI TOWNSHIP,India,2,2,1245.00,1245.00,0.000000
IN,CHHATTISGARH,BADE BACHELI,India,4,4,2586.00,2586.00,0.000000
IN,UTTARAKHAND,MUSSOORIE,India,17,15,8473.67,6766.00,0.000000
IN,KERALA,MAHE,India,1,1,788.00,788.00,0.000000
IN,UTTARAKHAND,SITARGANJ,India,2,2,1167.00,1167.00,0.000000
IN,JAMMU & KASHMIR,VIJAY PORE,India,10,8,8502.19,5840.00,0.000000
IN,GUJARAT,BAYAD,India,3,3,2375.00,1898.00,0.000000
IN,TELANGANA,"BEGUMPET, HYDERABAD",India,1,1,939.00,939.00,0.000000
IN,PUNJAB,"RAJPURA TOWN, DIST PATIALA",India,1,1,545.00,545.00,0.000000
IN,ODISHA,KAMAKSHYANAGAR,India,2,1,1435.00,735.00,0.000000
IN,DELHI,SOUTH DELHI,India,19,18,12337.43,10958.00,0.010000
IN,MAHARASHTRA,DIST THANE,India,4,4,3742.00,3742.00,0.000000
IN,ANDHRA PRADESH,PITHAPURAM,India,2,2,1408.00,1408.00,0.000000
IN,MADHYA PRADESH,SHIVPURI,India,12,11,7108.29,5538.00,0.000000
IN,UTTARAKHAND,LALKUAN,India,1,1,1075.00,1075.00,0.000000
IN,KARNATAKA,"RAMANAGARA TALUK ,BIDADI",India,1,0,986.66,0.00,0.000000
IN,ASSAM,BONGAIGAON IOCL TOWNSHIP,India,1,1,665.00,665.00,0.000000
IN,TAMIL NADU,PERIYANAICKENPALAYAM,India,5,4,2073.00,2073.00,0.000000
IN,TRIPURA,KUMARGHAT,India,6,5,2704.24,1797.00,0.000000
IN,KARNATAKA,SINDHNUR,India,9,6,3946.00,2435.00,0.000000
IN,CHHATTISGARH,PATHALGAON,India,5,5,2851.00,2186.00,0.000000
IN,ANDHRA PRADESH,VEDURUPAKA,India,1,1,471.00,471.00,0.000000
IN,ODISHA,BURLA,India,12,12,9849.00,8663.00,0.000000
IN,TAMIL NADU,VANAVASI,India,1,1,493.00,493.00,0.000000
IN,WEST BENGAL,ANDUL,India,2,2,1163.00,399.00,0.000000
IN,MAHARASHTRA,MAUDA,India,2,2,1275.00,1275.00,0.000000
IN,TELANGANA,"RALLAGUDA BRIDGE, BESIDES MALLIKARJUNA MARBLES AND",India,1,1,771.00,771.00,0.000000
IN,BIHAR,BENIPUR,India,2,1,1112.00,0.00,0.000000
IN,TAMIL NADU,CHERANMADEVI,India,2,1,788.00,788.00,0.000000
IN,KERALA,VADAKARA KOZHIKODE DISTRICT,India,1,1,1126.00,1126.00,0.000000
IN,UTTAR PRADESH,ETAWAH,India,26,25,16146.64,13745.00,0.010000
IN,DELHI,PANDAV NAGAR JANTA GARDEN,India,3,4,2177.00,1588.00,0.000000
IN,DELHI,NEW DELHI (NORTH),India,1,1,693.00,693.00,0.000000
IN,TAMIL NADU,"MELUR, MADURAI (DT)",India,1,1,888.00,888.00,0.000000
IN,MAHARASHTRA,KADEGAON,India,2,2,1660.00,1660.00,0.000000
IN,RAJASTHAN,MAKRANA,India,4,3,1999.00,1999.00,0.000000
IN,TAMIL NADU,ZIONPURAM,India,1,1,301.00,301.00,0.000000
IN,TAMIL NADU,NARASIMHANAICKENPALAYAM,India,17,16,8299.00,8299.00,0.000000
IN,KERALA,ERAVATTUR,India,2,2,938.00,469.00,0.000000
IN,TELANGANA,"HYDERABAD, TELANGANA",India,2,2,939.00,939.00,0.000000
IN,UTTAR PRADESH,BELTHARA ROAD,India,5,5,5210.00,3778.00,0.000000
IN,KARNATAKA,YADGIR,India,8,7,4146.48,3496.00,0.000000
IN,KERALA,NEDUVA,India,6,5,2986.00,2986.00,0.000000
IN,MAHARASHTRA,CHINCHOLI MIDC,India,2,1,696.00,696.00,0.000000
IN,PUNJAB,RAIKOT,India,3,2,1652.00,1652.00,0.000000
IN,MADHYA PRADESH,GUNA,India,23,22,15850.00,15850.00,0.010000
IN,UTTARAKHAND,SATPULI,India,1,1,747.00,747.00,0.000000
IN,KARNATAKA,BASAVAKALYAN,India,5,4,2061.00,2061.00,0.000000
IN,PUNJAB,LUDHIANA PUNJAB INDIA,India,1,1,316.00,316.00,0.000000
IN,ASSAM,DOKMOKA,India,1,1,744.00,744.00,0.000000
IN,ARUNACHAL PRADESH,DOIMUKH,India,1,1,771.00,771.00,0.000000
IN,GUJARAT,NAVSARI SURAT,India,2,0,0.00,0.00,0.000000
IN,KERALA,NGO QUARTERS,India,1,1,801.00,801.00,0.000000
IN,TAMIL NADU,"THIRUGOKARNAM, PUDUKKOTTAI",India,1,1,759.00,759.00,0.000000
IN,KERALA,VANDANAM,India,2,2,329.00,329.00,0.000000
IN,MAHARASHTRA,"MAHIM (WEST), MUMBAI",India,2,2,1247.00,1247.00,0.000000
IN,MAHARASHTRA,LOHGAON PUNE,India,1,1,517.00,0.00,0.000000
IN,UTTAR PRADESH,NAWABGANJ UNNAO DISTRICT,India,3,2,985.00,985.00,0.000000
IN,JAMMU & KASHMIR,..KATRA,India,1,1,641.00,641.00,0.000000
IN,MADHYA PRADESH,BURHAR,India,2,2,1324.00,1324.00,0.000000
IN,ODISHA,BIRAMITRAPUR,India,1,1,1354.00,1354.00,0.000000
IN,KARNATAKA,CHAMARAJANAGARA,India,2,2,1130.00,1130.00,0.000000
IN,MADHYA PRADESH,BARI,India,1,1,1399.00,1399.00,0.000000
IN,KERALA,BALUSSERY,India,1,1,1299.00,1299.00,0.000000
IN,MAHARASHTRA,SILLOD,India,2,2,893.00,893.00,0.000000
IN,KARNATAKA,BENGALURU-11,India,1,1,631.00,631.00,0.000000
IN,UTTAR PRADESH,DUDHI,India,1,1,1200.00,1200.00,0.000000
IN,HARYANA,BADSHAHPUR GURGAON,India,1,1,824.00,824.00,0.000000
IN,KERALA,KAZHAKUTTOM. THIRUVANANTHAPURAM,India,2,2,660.00,660.00,0.000000
IN,TELANGANA,RAYAPARTHI,India,1,1,517.00,517.00,0.000000
IN,WEST BENGAL,ANDAL,India,1,1,588.00,0.00,0.000000
IN,ANDHRA PRADESH,ALLAGADDA,India,1,1,967.00,967.00,0.000000
IN,UTTAR PRADESH,PHOOLPUR,India,1,1,777.00,777.00,0.000000
IN,MAHARASHTRA,KURKHEDA,India,1,1,729.00,729.00,0.000000
IN,KERALA,"LMS JUNCTION,ATTINGAL,TRIVANDRUM",India,1,1,654.00,654.00,0.000000
IN,MAHARASHTRA,PUNE-411014,India,2,2,846.00,517.00,0.000000
IN,DELHI,NEW DELHI 110016,India,1,1,968.00,968.00,0.000000
IN,ANDHRA PRADESH,KANCHIKACHARLA,India,1,0,445.71,0.00,0.000000
IN,GUJARAT,VIJALPOR,India,1,1,1125.00,1125.00,0.000000
IN,MAHARASHTRA,MALKAPUR MIDC,India,1,1,551.00,551.00,0.000000
IN,TAMIL NADU,KANCHIPADI,India,2,2,754.00,435.00,0.000000
IN,CHHATTISGARH,KANSABEL,India,2,1,1686.43,735.00,0.000000
IN,KERALA,"KAKKANAD WEST P.O, COCHIN-30",India,1,1,429.00,429.00,0.000000
IN,UTTAR PRADESH,WESTPARASI,India,1,1,471.00,471.00,0.000000
IN,GOA,ASSONORA,India,1,1,801.00,801.00,0.000000
IN,PUNJAB,JANDIALA GURU,India,1,1,534.00,534.00,0.000000
IN,MADHYA PRADESH,WAIDHAN,India,1,1,699.00,699.00,0.000000
IN,MAHARASHTRA,BHUGAON MULSHI ROAD,India,1,1,499.00,499.00,0.000000
IN,RAJASTHAN,ASIND,India,1,1,635.00,635.00,0.000000
IN,TAMIL NADU,VADAKKANANDAL,India,1,1,442.00,442.00,0.000000
IN,RAJASTHAN,RAMGANJMANDI,India,1,1,790.00,790.00,0.000000
IN,KERALA,KUZHUPILLY,India,1,1,385.00,385.00,0.000000
IN,ANDHRA PRADESH,PEDDAMADDHURU,India,1,0,436.19,0.00,0.000000
IN,TELANGANA,MATAMPALLY,India,1,1,828.00,828.00,0.000000
IN,KERALA,KOTTAYAM,India,196,174,118480.73,98378.00,0.060000
IN,KERALA,KUNNATHUR,India,1,1,612.00,612.00,0.000000
IN,CHHATTISGARH,RAIPUR,India,206,205,136580.92,130933.00,0.060000
IN,KERALA,PARAPPANANGADI,India,5,5,2704.00,2704.00,0.000000
IN,MAHARASHTRA,TASAWADE MIDC,India,1,1,999.00,999.00,0.000000
IN,UTTAR PRADESH,ETMADPUR,India,4,2,2394.76,1730.00,0.000000
INDIA,IL,CHICAGO,Global,778,2318,700059.94,681474.47,0.330000
IN,TAMIL NADU,SRIPERUMBUDUR PH:9944226768,India,1,1,382.00,382.00,0.000000
IN,WEST BENGAL,MEMARI; MAHESHPUR PRIMARY SCHOOL,India,1,1,533.00,533.00,0.000000
IN,WEST BENGAL,RAJBALHAT,India,2,1,399.00,399.00,0.000000
IN,ODISHA,MAJHIHARA,India,5,5,4472.00,4472.00,0.000000
IN,ANDHRA PRADESH,BOBBILI,India,5,4,2954.00,2954.00,0.000000
IN,WEST BENGAL,RAJAR HAT,India,1,0,662.86,0.00,0.000000
IN,UTTARAKHAND,RANIKHET,India,16,13,9968.32,6624.00,0.000000
IN,TELANGANA,CHOUTUPPAL,India,8,8,5043.00,5043.00,0.000000
IN,TAMIL NADU,PUVALUR,India,2,1,435.00,435.00,0.000000
IN,JAMMU & KASHMIR,RANBIRSINGHPORA,India,4,4,3145.00,3145.00,0.000000
IN,UTTAR PRADESH,KOSI KALAN,India,3,3,2093.00,2093.00,0.000000
IN,ANDHRA PRADESH,PARCHUR,India,7,6,3837.24,3182.00,0.000000
IN,HARYANA,"BHAKALI, REWARI",India,1,1,663.00,663.00,0.000000
IN,TAMIL NADU,COURTALAM,India,3,3,1896.00,1896.00,0.000000
IN,MAHARASHTRA,URAN,India,2,2,1332.00,1332.00,0.000000
IN,CHHATTISGARH,CHIRMIRI,India,2,2,1309.00,1309.00,0.000000
IN,ODISHA,BRAJARAJNAGAR,India,3,3,2638.00,2638.00,0.000000
IN,ANDHRA PRADESH,BUTTAYAGUDEM,India,1,1,721.00,721.00,0.000000
IN,TELANGANA,CHITYALA,India,2,2,1539.00,1539.00,0.000000
IN,RAJASTHAN,ALWAR,India,75,77,51901.00,49267.00,0.020000
IN,ODISHA,JEYPORE,India,3,2,743.00,743.00,0.000000
IN,RAJASTHAN,BAGGAR,India,4,4,1959.00,1959.00,0.000000
IN,HARYANA,HODAL,India,12,8,6242.36,5137.00,0.000000
IN,BIHAR,PARIA,India,1,1,376.00,376.00,0.000000
IN,WEST BENGAL,HOOGHLY,India,12,12,6465.00,6465.00,0.000000
IN,KERALA,VADAKKUMKARA,India,3,3,1916.00,1916.00,0.000000
IN,TAMIL NADU,AYYAMPALAYAM,India,1,1,725.00,725.00,0.000000
IN,PUDUCHERRY,PUDUCHERRY,India,229,222,139389.86,126931.00,0.070000
IN,TAMIL NADU,PUDUKKOTTAI,India,22,19,11363.25,9764.00,0.010000
IN,RAJASTHAN,DAUSA,India,6,5,3695.00,3695.00,0.000000
IN,ANDAMAN & NICOBAR,BAMBOOFLAT,India,10,8,7208.24,6133.00,0.000000
IN,GUJARAT,SURAT,India,532,574,276370.62,253374.00,0.130000
IN,KARNATAKA,DOD BALLAPUR,India,5,3,2706.90,2165.00,0.000000
IN,KARNATAKA,SAUNDATTI YELLAMMA,India,3,3,1424.00,1025.00,0.000000
IN,ANDHRA PRADESH,GUDIPALA,India,2,2,1323.00,1323.00,0.000000
IN,ANDHRA PRADESH,BATHALAPALLE,India,5,6,2911.00,2911.00,0.000000
IN,KERALA,"NORTH PARAVUR,ERNAKULAM",India,1,1,807.00,807.00,0.000000
IN,UTTAR PRADESH,MAINPURI,India,19,20,13919.00,13919.00,0.010000
IN,TAMIL NADU,"ALWARPET, CHENNAI",India,1,1,422.00,422.00,0.000000
IN,ANDHRA PRADESH,NALLAPADU,India,1,0,701.90,0.00,0.000000
IN,PUNJAB,ZIRAKHPUR,India,1,1,999.00,999.00,0.000000
IN,UTTAR PRADESH,VARANASI,India,362,343,244042.09,224264.00,0.110000
IN,WEST BENGAL,POLBA DADPUR,India,2,2,1082.00,1082.00,0.000000
IN,CHHATTISGARH,AHIWARA,India,3,3,1617.00,1617.00,0.000000
IN,ANDAMAN & NICOBAR,PORT BLAIR / SOUTH ANDAMAN,India,2,2,1793.00,1793.00,0.000000
IN,KERALA,VANIYAMBALAM,India,1,0,0.00,0.00,0.000000
IN,MAHARASHTRA,TITWALA ( EAST),India,1,1,329.00,329.00,0.000000
IN,JHARKHAND,PHUSRO,India,5,6,4299.00,4299.00,0.000000
IN,TELANGANA,MIYAPUR,India,2,2,1215.00,1215.00,0.000000
IN,KERALA,PILICODE,India,6,11,6068.29,4454.00,0.000000
IN,MADHYA PRADESH,NOWGONG,India,7,7,5923.00,5923.00,0.000000
IN,ANDHRA PRADESH,BAYYANAGUDEM,India,2,2,930.00,930.00,0.000000
IN,PUNJAB,RAJA SANSI,India,1,1,464.00,464.00,0.000000
IN,MADHYA PRADESH,MANDSAURMANDSOUR,India,1,0,0.00,0.00,0.000000
IN,ODISHA,"KOTPAD, KORAPUT",India,1,1,518.00,518.00,0.000000
IN,ANDAMAN & NICOBAR,"PREM NAGAR, PORT BLAIR",India,1,1,1129.00,1129.00,0.000000
IN,KARNATAKA,BENGALURUBANGALORE,India,4,4,3098.00,2682.00,0.000000
IN,ANDHRA PRADESH,INKOLLU,India,4,4,4067.00,4067.00,0.000000
IN,TAMIL NADU,UNNAMALAIKADAI,India,1,1,871.00,871.00,0.000000
IN,TAMIL NADU,TIRUPATHUR SIVAGANGA DISTRICT,India,5,4,1620.00,1620.00,0.000000
IN,HIMACHAL PRADESH,MOHAL,India,1,1,832.00,832.00,0.000000
IN,ASSAM,PALASBARI,India,2,1,635.00,635.00,0.000000
IN,WEST BENGAL,CHALTIA,India,2,2,825.00,825.00,0.000000
IN,GUJARAT,UNAI,India,2,2,681.00,681.00,0.000000
IN,ASSAM,CACHAR,India,4,3,2340.71,1995.00,0.000000
IN,GUJARAT,PARDI,India,9,8,5688.00,5688.00,0.000000
IN,GUJARAT,VALLABH VIDYANAGAR,India,2,2,1421.00,1421.00,0.000000
AUSTRALIA,IN,INDIANAPOLIS,Asia-Pacific,209,620,195741.61,190259.09,0.090000
IN,TAMIL NADU,TAMBARAM CHENNAI,India,1,1,495.00,495.00,0.000000
IN,TAMIL NADU,KALPAKAM,India,2,2,2114.00,2114.00,0.000000
IN,KARNATAKA,"HARALUR, BENGALURU",India,1,1,599.00,599.00,0.000000
IN,ANDHRA PRADESH,PEDAPUDI,India,3,2,867.00,867.00,0.000000
IN,UTTAR PRADESH,MIDDHA,India,1,1,654.00,654.00,0.000000
IN,KERALA,KOLIYOOR,India,2,0,0.00,0.00,0.000000
IN,ANDHRA PRADESH,NARPALA,India,2,2,700.00,700.00,0.000000
IN,KERALA,CHAZHOOR,India,1,1,633.00,633.00,0.000000
IN,KERALA,ONGALLUR II,India,1,1,499.00,499.00,0.000000
IN,GOA,HONDA,India,2,3,1193.00,1193.00,0.000000
IN,TELANGANA,PEDDAPALLI,India,3,2,2249.67,721.00,0.000000
IN,KERALA,KUTTIPPURAM,India,2,2,1898.00,1898.00,0.000000
IN,GUJARAT,DISTRICT PETLAD 388160,India,1,1,735.00,735.00,0.000000
IN,KERALA,PAMPADY,India,1,1,435.00,435.00,0.000000
IN,MAHARASHTRA,ARNI,India,1,1,1099.00,1099.00,0.000000
IN,ANDHRA PRADESH,ATREYAPURAM,India,1,1,721.00,721.00,0.000000
IN,TAMIL NADU,TIRUCHENGODE,India,5,5,3074.00,3074.00,0.000000
IN,UTTAR PRADESH,ISLAMNAGAR,India,1,1,654.00,654.00,0.000000
IN,KERALA,CHETTUVA,India,1,1,1399.00,1399.00,0.000000
IN,ASSAM,LIDO TOWN,India,2,2,1444.00,1444.00,0.000000
IN,MAHARASHTRA,KHAPERKHEDA,India,1,1,852.00,852.00,0.000000
IN,GOA,TALEIGAO  PANAJI,India,1,1,463.00,463.00,0.000000
IN,KERALA,ALA,India,1,1,969.00,969.00,0.000000
IN,JHARKHAND,KODARMA,India,1,1,399.00,399.00,0.000000
IN,JHARKHAND,ADITYAPUR/ JAMSHEDPUR,India,1,1,1349.00,1349.00,0.000000
IN,ASSAM,PANCHGRAM,India,1,1,399.00,399.00,0.000000
IN,MAHARASHTRA,"BORIVALI WEST, MUNBAI",India,1,1,345.00,345.00,0.000000
IN,PUNJAB,SAILA  KHURD,India,1,1,696.00,696.00,0.000000
IN,TAMIL NADU,NADUVATTAM,India,1,0,842.86,0.00,0.000000
IN,WEST BENGAL,HARINDANGA,India,1,1,791.00,791.00,0.000000
IN,MAHARASHTRA,VASAI ROAD(WEST),India,1,1,1066.00,1066.00,0.000000
IN,KARNATAKA,HALEANGADY MANGALURU,India,1,0,286.67,0.00,0.000000
IN,KARNATAKA,SINDHANUR,India,1,1,824.00,824.00,0.000000
IN,GOA,PENHA DE FRANCA,India,4,4,1971.00,1971.00,0.000000
IN,UTTAR PRADESH,NAWABGANJ GONDA DISTRICT,India,1,1,730.00,730.00,0.000000
IN,KERALA,PORATHISSERY,India,4,4,2223.00,1452.00,0.000000
IN,TELANGANA,"MADHAPUR, HYDERABAD",India,1,1,365.00,365.00,0.000000
IN,ANDHRA PRADESH,POTHAVARAM,India,1,0,690.48,0.00,0.000000
IN,MAHARASHTRA,PUNE51,India,2,2,1299.00,1299.00,0.000000
IN,ANDHRA PRADESH,KALIKIRI,India,1,1,487.00,487.00,0.000000
IN,KERALA,THOTTADA (PO),India,1,1,1186.00,1186.00,0.000000
IN,TAMIL NADU,VRIDDHACHALAM,India,1,1,635.00,635.00,0.000000
IN,ANDHRA PRADESH,BANUMUKKALA,India,1,1,435.00,435.00,0.000000
IN,MADHYA PRADESH,PANAGAR,India,3,3,3007.00,1928.00,0.000000
IN,KERALA,"INFOPARK ROAD, INFOPARK, KAKKANAD",India,1,0,568.57,0.00,0.000000
IN,ASSAM,MANGALDOI,India,7,4,2732.57,1984.00,0.000000
IN,MAHARASHTRA,BADLAPUR EAST,India,8,8,5343.00,5343.00,0.000000
IN,WEST BENGAL,HOWRAH 711112,India,2,2,755.00,755.00,0.000000
IN,GUJARAT,UMARGAM,India,1,1,595.00,595.00,0.000000
IN,WEST BENGAL,MUGKALYAN,India,5,4,2580.00,2580.00,0.000000
IN,MAHARASHTRA,"GOREGAON - EAST, MUMBAI",India,2,2,540.00,540.00,0.000000
IN,TAMIL NADU,CHENNAI,India,5726,5756,3606917.94,3296242.00,1.690000
IN,KERALA,VALLACHIRA,India,3,3,2222.00,2222.00,0.000000
IN,RAJASTHAN,JHUNJHUNU,India,3,3,2154.00,1755.00,0.000000
CANADA,IL,CHICAGO,North America,278,838,242041.60,228016.80,0.110000
IN,MADHYA PRADESH,PANDHURNA,India,2,2,1724.00,1724.00,0.000000
IN,TAMIL NADU,"METTUR, SALEM",India,1,1,999.00,999.00,0.000000
IN,TELANGANA,MADIKONDA,India,1,1,744.00,744.00,0.000000
IN,MAHARASHTRA,PARLI,India,1,0,377.14,0.00,0.000000
IN,WEST BENGAL,SERAMPORE,India,24,25,16626.00,15227.00,0.010000
IN,MAHARASHTRA,THANE MUMBAI,India,1,1,399.00,399.00,0.000000
IN,MAHARASHTRA,KALYAN E,India,4,4,1788.00,1244.00,0.000000
IN,TELANGANA,NEREDUCHARLA,India,1,1,721.00,721.00,0.000000
IN,UTTAR PRADESH,GIDA GORAKHPUR,India,2,2,1284.00,1284.00,0.000000
IN,RAJASTHAN,HINDAUN CITY,India,1,1,759.00,759.00,0.000000
IN,JAMMU & KASHMIR,LAKHANPUR,India,2,3,1481.00,1481.00,0.000000
IN,NEW DELHI,JANAKPURI,India,2,1,1015.95,495.00,0.000000
IN,JHARKHAND,JORAPOKHAR,India,1,1,499.00,499.00,0.000000
IN,MAHARASHTRA,AMGAON,India,1,0,437.14,0.00,0.000000
IN,ASSAM,TINSUKIA,India,37,33,21705.86,19548.00,0.010000
UNITED KINGDOM,WA,SEATTLE,Europe,273,803,254349.89,249164.93,0.120000
IN,TAMIL NADU,DEVAKOTTAI,India,1,2,752.00,752.00,0.000000
IN,TAMIL NADU,KELAMBAKKAM,India,7,7,3537.00,3537.00,0.000000
IN,WEST BENGAL,PAYRADANGA,India,2,2,1650.00,1650.00,0.000000
IN,TAMIL NADU,DHARAPURAM,India,5,4,2203.00,2203.00,0.000000
IN,ANDHRA PRADESH,CUMBUM,India,6,4,4023.89,3073.00,0.000000
IN,KERALA,CHANGANASSERY,India,3,2,1214.10,856.00,0.000000
IN,TAMIL NADU,METTUR,India,7,8,5222.00,5222.00,0.000000
IN,MAHARASHTRA,NERUL (EAST),India,1,1,989.00,989.00,0.000000
IN,KARNATAKA,SOMASUNDARAPALAYA,India,4,4,1061.00,1061.00,0.000000
IN,MADHYA PRADESH,PACHORE,India,1,1,1442.00,1442.00,0.000000
IN,UTTAR PRADESH,KACHHRAHWA TOLA,India,1,1,363.00,363.00,0.000000
IN,CHHATTISGARH,BODRI,India,1,1,295.00,295.00,0.000000
IN,MAHARASHTRA,THANE DIST,India,5,5,3123.00,3123.00,0.000000
IN,JAMMU & KASHMIR,NAGROTA,India,8,6,6693.45,4305.00,0.000000
IN,BIHAR,KATAIYA GOPALGANJ,India,1,1,399.00,399.00,0.000000
IN,UTTARAKHAND,CHINYALISAUR P.O -PIPALMANDI,India,1,0,0.00,0.00,0.000000
IN,CHHATTISGARH,KANKER,India,8,6,6304.58,4836.00,0.000000
IN,PUNJAB,ADAMPUR,India,7,9,7220.00,6680.00,0.000000
IN,RAJASTHAN,BHINDER,India,2,2,998.00,998.00,0.000000
IN,KARNATAKA,MALUR INDUSTRIAL AREA,India,3,3,1751.00,1751.00,0.000000
IN,TAMIL NADU,KALLAKURUCHI,India,1,1,382.00,382.00,0.000000
IN,TAMIL NADU,"METTUPALAYAM ,COIMBATORE DISTRICT.",India,1,1,1125.00,1125.00,0.000000
IN,KERALA,"KAKKANAD, KOCHI",India,2,2,812.00,812.00,0.000000
IN,ANDHRA PRADESH,PONNEKALLUP,India,2,2,2224.00,1112.00,0.000000
IN,KERALA,THENNALA,India,3,3,1664.00,1119.00,0.000000
IN,KERALA,ALAPUZHYA,India,1,1,399.00,399.00,0.000000
IN,GOA,NUVEM,India,10,9,5510.48,4940.00,0.000000
IN,CHHATTISGARH,MAHASAMUND,India,5,5,4114.00,4114.00,0.000000
IN,TELANGANA,HANUMAKONDA,India,1,1,353.00,353.00,0.000000
IN,GUJARAT,BHAVNAGAR,India,42,40,27181.00,25882.00,0.010000
IN,TAMIL NADU,ARUPPUKKOTTAI,India,6,7,4007.00,4007.00,0.000000
IN,MAHARASHTRA,MOHOPADA,India,1,1,788.00,788.00,0.000000
IN,MADHYA PRADESH,TIKAMGARH,India,2,2,1308.00,1308.00,0.000000
IN,UTTAR PRADESH,RENUKOOT,India,2,2,1128.00,1128.00,0.000000
IN,TAMIL NADU,"T.VADIPATTI,MADURAI",India,1,1,369.00,369.00,0.000000
IN,KERALA,IROOPARA,India,10,10,5851.00,5851.00,0.000000
IN,KERALA,VALLAPUZHA,India,1,1,453.00,453.00,0.000000
IN,TAMIL NADU,"AVANYAPURAM , MADURAI",India,2,2,1506.00,1506.00,0.000000
IN,KERALA,THRIPUNITHURA,India,4,4,3002.00,3002.00,0.000000
IN,MEGHALAYA,AMPATI,India,1,1,771.00,771.00,0.000000
IN,KERALA,PARAVUR,India,24,26,15120.34,13361.00,0.010000
IN,WEST BENGAL,FALAKATA,India,7,9,4874.14,2765.00,0.000000
IN,KERALA,MUHAMMA,India,1,1,771.00,771.00,0.000000
IN,TRIPURA,SONAMURA,India,6,3,6367.07,2451.00,0.000000
IN,ANDHRA PRADESH,KOTABAMMALI,India,1,1,301.00,301.00,0.000000
IN,ANDHRA PRADESH,YELLANUR ROAD TADPATRI,India,1,1,735.00,735.00,0.000000
IN,TAMIL NADU,KURINJIPADI,India,1,0,0.00,0.00,0.000000
IN,GUJARAT,GARIYADHAR,India,1,1,824.00,824.00,0.000000
IN,UTTAR PRADESH,",RAIBARELY ROAD FAIZABAD (AYODHYA)",India,1,1,1122.00,1122.00,0.000000
IN,UTTARAKHAND,DHANUALTI,India,1,1,349.00,349.00,0.000000
IN,ANDHRA PRADESH,PUNGANUR,India,2,2,1725.00,1725.00,0.000000
IN,WEST BENGAL,"BELGHARIA, KOLKATA",India,1,1,645.00,645.00,0.000000
IN,NAGALAND,MEDZIPHEMA,India,1,1,371.00,371.00,0.000000
IN,MAHARASHTRA,DATTAPUR DHAMANGAON,India,2,2,828.00,828.00,0.000000
IN,ODISHA,BANAPUR,India,1,1,363.00,363.00,0.000000
IN,TAMIL NADU,SIVAGANGAI  DISTRICT,India,1,0,0.00,0.00,0.000000
IN,GUJARAT,LALPUR,India,3,3,1630.00,1231.00,0.000000
IN,KERALA,PANNIYANNUR,India,1,1,301.00,301.00,0.000000
IN,TAMIL NADU,"ADDISION NAGAR, MANGADU",India,1,1,352.00,352.00,0.000000
IN,JAMMU & KASHMIR,SRINAGAR CITY,India,1,1,1099.00,1099.00,0.000000
IN,KERALA,PANATHUR,India,1,1,399.00,0.00,0.000000
IN,KARNATAKA,DADDI,India,1,1,645.00,645.00,0.000000
IN,KERALA,POOVACHAL PO,India,1,1,399.00,399.00,0.000000
IN,TAMIL NADU,MELMANAVOOR,India,1,1,735.00,735.00,0.000000
IN,MAHARASHTRA,PIMPLE GURAV,India,3,3,2806.00,2806.00,0.000000
IN,GUJARAT,VADODARA 390019,India,1,1,406.00,406.00,0.000000
IN,ANDAMAN & NICOBAR,GREAT NICOBAR,India,1,3,1973.00,1973.00,0.000000
IN,ODISHA,"TALCHER,ANGUL",India,1,1,399.00,399.00,0.000000
IN,KERALA,"MAKKADA,KOZHIKODE",India,1,1,316.00,316.00,0.000000
IN,MADHYA PRADESH,BETUL BAZAR,India,2,3,1955.00,1955.00,0.000000
IN,MAHARASHTRA,PIMPRI CHINCHAWAD,India,1,1,399.00,399.00,0.000000
IN,HIMACHAL PRADESH,VILLAGE CHALLAH P.O GUTKAR,India,1,1,1149.00,1149.00,0.000000
IN,KERALA,"CEPZ PO, KAKKANAD ,KOCHI",India,1,0,474.11,0.00,0.000000
IN,KERALA,TIRUVALLA,India,1,1,363.00,363.00,0.000000
IN,UTTARAKHAND,JOLLY GRANT,India,1,1,1186.00,1186.00,0.000000
IN,UTTAR PRADESH,ALLAHABAD PRAYAGRAJ,India,3,3,3099.00,2066.00,0.000000
IN,TAMIL NADU,VALATHUR,India,1,1,544.00,544.00,0.000000
IN,KERALA,KUNNAMANGALAM ( VIA) CALICUT,India,2,2,1470.00,1470.00,0.000000
IN,KARNATAKA,KALGHATGI,India,1,1,353.00,0.00,0.000000
IN,WEST BENGAL,DARJILING,India,1,1,735.00,735.00,0.000000
IN,KERALA,VARAPUZHA,India,5,4,2648.00,2648.00,0.000000
IN,MADHYA PRADESH,JABALPUR,India,177,179,127211.94,117225.00,0.060000
IN,PUNJAB,HALWARA,India,2,2,1158.00,1158.00,0.000000
IN,KERALA,"PONKUNNAM, KOTTAYAM DISTRICT",India,1,1,519.00,519.00,0.000000
IN,ANDHRA PRADESH,KUDITHIPALEM,India,2,1,1887.95,967.00,0.000000
IN,TELANGANA,CHITKUL,India,2,0,0.00,0.00,0.000000
IN,KERALA,ENGANDIYUR VILLAGE,India,1,1,603.00,603.00,0.000000
IN,TAMIL NADU,ARAKONAM,India,22,35,21638.00,21638.00,0.010000
IN,MAHARASHTRA,OTUR,India,4,4,1673.00,1673.00,0.000000
IN,ODISHA,JAGATSINGHAPUR,India,15,12,9705.43,8058.00,0.000000
IN,WEST BENGAL,BALARAMPUR PURULIYA DISTRICT,India,1,1,599.00,599.00,0.000000
CANADA,WA,SEATTLE,North America,296,909,261785.06,251741.15,0.120000
IN,MADHYA PRADESH,BADNAGAR JILL UJJAIN,India,3,6,3682.00,2776.00,0.000000
UNITED STATES,CA,SAN JOSE,North America,3619,10815,3256968.78,3165693.81,1.530000
IN,KARNATAKA,BIDADI,India,3,3,1529.00,1529.00,0.000000
IN,TAMIL NADU,THIRUNINRAVUR,India,2,1,442.00,442.00,0.000000
IN,BIHAR,"RAXAUL, EAST CHAMPARAN, PIN-845305",India,1,1,949.00,949.00,0.000000
IN,UTTAR PRADESH,NTPC TANDA COLONY,India,3,2,2214.00,2214.00,0.000000
IN,KERALA,KOOTHUPARAMBA,India,1,1,579.00,579.00,0.000000
IN,UTTARAKHAND,CORBETT,India,13,12,8337.00,7863.00,0.000000
IN,MAHARASHTRA,NAVAPUR,India,1,0,0.00,0.00,0.000000
IN,TAMIL NADU,SHOLINGUR,India,3,3,1950.00,1950.00,0.000000
IN,ODISHA,BARIPADA,India,29,25,18405.86,14134.00,0.010000
IN,BIHAR,BIRPUR,India,4,3,2752.29,1858.00,0.000000
IN,GOA,VALPOI,India,10,9,5257.00,5257.00,0.000000
IN,TAMIL NADU,SIPCOT INDUSTRIAL PARK SRIPRUMBUDUR,India,2,2,1626.00,1626.00,0.000000
IN,ANDHRA PRADESH,THALLAPALEM,India,1,1,845.00,845.00,0.000000
IN,TAMIL NADU,"POLUR TALUK, THIRUVANNAMALAI DISTRICT, 606903",India,1,1,999.00,999.00,0.000000
IN,MADHYA PRADESH,NARSIMHAPUR,India,2,2,1304.00,1304.00,0.000000
IN,MADHYA PRADESH,DATIA,India,5,5,3683.00,3683.00,0.000000
IN,TAMIL NADU,VELUR,India,10,6,5086.90,3725.00,0.000000
IN,RAJASTHAN,RIICO INDUSTRIAL AREA NEEMRANA,India,9,8,7095.27,4599.00,0.000000
IN,BIHAR,"PATNA, PATNA",India,1,1,788.00,788.00,0.000000
IN,ASSAM,GOALPARA,India,7,6,4217.29,3483.00,0.000000
IN,TRIPURA,HALHALI,India,1,1,1213.00,1213.00,0.000000
IN,BIHAR,CHAKIA,India,3,1,1957.86,1115.00,0.000000
IN,HARYANA,AMBALA,India,62,60,42128.00,38087.00,0.020000
IN,UTTAR PRADESH,KANTH MORADABAD DISTRICT,India,1,1,788.00,788.00,0.000000
IN,ODISHA,PANIKOILI,India,1,1,545.00,545.00,0.000000
IN,TAMIL NADU,KINATHUKADAVU,India,3,3,1133.00,1133.00,0.000000
IN,BIHAR,PALIGANJ,India,2,2,1811.00,1811.00,0.000000
IN,TAMIL NADU,VADAKARAI KEEZHPADUGAI,India,2,1,484.00,484.00,0.000000
IN,MADHYA PRADESH,GADARWARA NARSINGHPUR,India,2,1,779.00,0.00,0.000000
IN,PUNJAB,FEROZEPUR,India,2,1,962.57,634.00,0.000000
IN,WEST BENGAL,KAKDWIP,India,2,1,487.00,487.00,0.000000
IN,KARNATAKA,CHIKODE,India,1,1,399.00,399.00,0.000000
IN,UTTAR PRADESH,"MATHURA, VRINDAVAN",India,1,1,788.00,788.00,0.000000
IN,RAJASTHAN,CHURU,India,21,16,15167.90,8623.00,0.010000
IN,TELANGANA,DUBBAK,India,1,1,329.00,329.00,0.000000
IN,KERALA,ATHOLI,India,3,3,2462.00,2462.00,0.000000
IN,UTTAR PRADESH,MORADABAD,India,74,72,46966.39,43888.00,0.020000
IN,WEST BENGAL,NEBADHAI DUTTAPUKUR,India,5,4,3403.00,3403.00,0.000000
IN,GUJARAT,VERAVAL,India,7,7,3808.00,3195.00,0.000000
IN,ANDHRA PRADESH,RAJAM SRIKAKULAM DISTRICT,India,2,2,955.00,955.00,0.000000
IN,BIHAR,ARWAL,India,2,2,1684.00,1684.00,0.000000
IN,TELANGANA,AMEENPUR HYDERABAD,India,1,2,1100.00,1100.00,0.000000
IN,UTTAR PRADESH,AKBARPUR NEAR KANPUR,India,3,3,1396.00,1396.00,0.000000
IN,WEST BENGAL,SODEPUR,India,1,1,475.00,475.00,0.000000
IN,KERALA,PUZHAKKAL,India,1,1,487.00,487.00,0.000000
IN,TAMIL NADU,KUNNATHUR,India,2,3,1887.00,1887.00,0.000000
IN,ANDHRA PRADESH,"KOTHAPALLE, E.G.DT",India,1,1,622.00,622.00,0.000000
IN,NAGALAND,"N L ROAD, DIMAPUR",India,1,1,443.00,443.00,0.000000
IN,MAHARASHTRA,"BHUGAON, PUNE",India,1,1,325.00,325.00,0.000000
IN,MAHARASHTRA,PARNER,India,3,3,1549.00,1549.00,0.000000
IN,DELHI,OLD DELHI,India,1,1,641.00,641.00,0.000000
IN,JAMMU & KASHMIR,AKHNOOR,India,7,6,3988.19,2827.00,0.000000
IN,MAHARASHTRA,VISHRAMBAG SANGLI,India,1,1,549.00,549.00,0.000000
IN,TAMIL NADU,CHENNAI- 603103,India,1,1,569.00,569.00,0.000000
IN,BIHAR,BEHEA,India,1,1,635.00,635.00,0.000000
IN,GOA,ORGAO,India,1,1,499.00,499.00,0.000000
IN,ANDHRA PRADESH,NARASARAOPET GUNTUR DISTRICT,India,1,1,612.00,612.00,0.000000
IN,KARNATAKA,"BENGALURU,DEVNAHALLI",India,1,1,597.00,597.00,0.000000
IN,KERALA,AYOOR,India,4,4,2780.00,2780.00,0.000000
IN,TAMIL NADU,TIRUKALUKUNDRAM,India,3,3,2361.00,1770.00,0.000000
IN,ODISHA,ATTABIRA DIST- BARGARH,India,1,1,969.00,969.00,0.000000
IN,JHARKHAND,RAMGARH CANTT,India,1,1,435.00,435.00,0.000000
IN,DADRA AND NAGAR,SILVASA,India,1,1,1299.00,1299.00,0.000000
IN,PUNJAB,MULLANPUR,India,1,1,574.00,574.00,0.000000
IN,UTTAR PRADESH,BARAUT,India,3,2,3022.61,2011.00,0.000000
IN,KERALA,"TRIPUNITHURA, KOCHI",India,2,2,1470.00,1470.00,0.000000
IN,KERALA,NORTH KALAMASSERY,India,1,1,329.00,329.00,0.000000
IN,HARYANA,ATELI,India,2,2,891.00,891.00,0.000000
IN,TELANGANA,",HYDERABAD",India,1,1,563.00,563.00,0.000000
IN,GUJARAT,BEDI,India,1,1,549.00,549.00,0.000000
IN,CHHATTISGARH,SARIYA,India,1,1,435.00,435.00,0.000000
IN,UTTAR PRADESH,SAIYAD RAJA,India,1,1,517.00,517.00,0.000000
IN,TAMIL NADU,PALLIKODA,India,1,1,626.00,626.00,0.000000
IN,GUJARAT,DHARMAJ,India,1,1,665.00,665.00,0.000000
IN,TAMIL NADU,ELAPAKKAM (POST) CHENGALPATTU  (DISTRICT),India,1,0,0.00,0.00,0.000000
IN,KERALA,VILANGAD,India,2,2,1034.00,1034.00,0.000000
IN,MAHARASHTRA,VIKRAMGAD,India,1,1,786.00,786.00,0.000000
IN,KERALA,"KANDANADU PO, ERNAKULAM",India,1,1,1112.00,1112.00,0.000000
IN,ODISHA,DANARA,India,2,2,1240.00,1240.00,0.000000
IN,TELANGANA,DHARMARAM KARIMNAGAR DISTRICT,India,1,1,405.00,405.00,0.000000
IN,GUJARAT,BAGASARA,India,3,2,1918.86,1256.00,0.000000
IN,KERALA,KAKKANAD WEST,India,2,2,868.00,868.00,0.000000
IN,TAMIL NADU,"NAGERCOIL-4, 629004",India,1,1,728.00,728.00,0.000000
IN,KERALA,TRICHUR,India,5,5,5276.76,4472.00,0.000000
IN,KERALA,VENMONY,India,1,1,799.00,799.00,0.000000
IN,HARYANA,DADRI,India,1,1,379.00,379.00,0.000000
IN,TAMIL NADU,CHENNAI - 8,India,1,1,399.00,399.00,0.000000
IN,MADHYA PRADESH,BASODA,India,2,2,1376.00,1376.00,0.000000
IN,TAMIL NADU,KANNYAKUMARI,India,1,1,771.00,771.00,0.000000
IN,PUNJAB,BEHRAMPUR,India,1,1,299.00,299.00,0.000000
IN,MAHARASHTRA,PUNE 411041,India,2,2,867.00,867.00,0.000000
IN,TELANGANA,GODAVARIKHANI,India,1,1,725.00,725.00,0.000000
IN,KERALA,SOUTH CHITTOR ERANAKULAM.,India,1,1,635.00,635.00,0.000000
IN,ASSAM,THEKASHU PT II,India,1,1,850.00,850.00,0.000000
IN,MAHARASHTRA,"MURBAD,THANE",India,1,1,820.00,820.00,0.000000
IN,KARNATAKA,MAHALINGPUR,India,1,1,499.00,499.00,0.000000
IN,ANDHRA PRADESH,KURNOOL - DIST,India,1,1,1442.00,1442.00,0.000000
IN,KERALA,NILESHWARAM,India,1,1,1088.00,1088.00,0.000000
IN,RAJASTHAN,RAISINGHNAGAR,India,1,1,399.00,399.00,0.000000
IN,ANDHRA PRADESH,"TEKKALI, SRIKAKULAM",India,1,1,1149.00,1149.00,0.000000
IN,WEST BENGAL,RAIGANJ,India,9,6,5086.00,5086.00,0.000000
IN,TAMIL NADU,GUDIYATHAM,India,15,14,8295.00,8295.00,0.000000
IN,TAMIL NADU,VIKRAVANDI,India,1,0,0.00,0.00,0.000000
IN,GUJARAT,DAHOD,India,5,4,2152.00,2152.00,0.000000
IN,KARNATAKA,NIPANI,India,10,11,5457.00,5457.00,0.000000
IN,HIMACHAL PRADESH,SHAHPUR,India,3,3,1431.00,945.00,0.000000
IN,ODISHA,DEBAGARH,India,4,4,2666.00,2666.00,0.000000
IN,KARNATAKA,CHIKODI,India,5,5,3219.00,3219.00,0.000000
IN,TELANGANA,"SHANKERPALLY, R.R.DIST",India,1,1,885.00,885.00,0.000000
INDIA,TX,DALLAS,Global,750,2243,669549.28,651886.66,0.310000
IN,KARNATAKA,BANGLORE,India,17,14,10884.14,9682.00,0.010000
IN,MADHYA PRADESH,KHARGONE,India,17,17,12316.00,12316.00,0.010000
IN,KARNATAKA,GOKAK,India,13,10,7604.79,4903.00,0.000000
IN,TAMIL NADU,CHINNATHADAGAM,India,1,1,487.00,487.00,0.000000
IN,HARYANA,"MITROL,PALWAL",India,1,1,899.00,0.00,0.000000
IN,UTTAR PRADESH,KHURJA,India,14,11,7664.36,6684.00,0.000000
IN,UTTAR PRADESH,DEWA,India,5,5,1923.00,1923.00,0.000000
IN,TAMIL NADU,"MADURAVOYAL,CHENNAI",India,2,2,1987.00,1987.00,0.000000
IN,KARNATAKA,DOBASPET INDUSTRIAL AREA,India,6,5,2894.00,2894.00,0.000000
IN,TELANGANA,DORNAKAL,India,3,2,818.00,359.00,0.000000
IN,TELANGANA,TALLADA,India,2,1,1177.10,899.00,0.000000
IN,MAHARASHTRA,SHIRWAL,India,2,3,1312.00,1312.00,0.000000
IN,TELANGANA,MADHIRA,India,4,4,1697.00,1697.00,0.000000
IN,TELANGANA,SECUNDRABAD,India,8,10,7371.00,6572.00,0.000000
IN,KERALA,TIRUR MALAPPURAM,India,2,2,715.00,715.00,0.000000
IN,MAHARASHTRA,CHIMUR,India,4,5,3305.00,3305.00,0.000000
IN,KARNATAKA,HARIHAR,India,6,6,3759.00,3759.00,0.000000
IN,JAMMU & KASHMIR,BIJBEHARA,India,2,2,1670.00,1670.00,0.000000
IN,UTTAR PRADESH,NANAUTA,India,2,1,587.67,301.00,0.000000
IN,PUNJAB,DORAHA,India,2,3,3179.00,3179.00,0.000000
IN,CHHATTISGARH,AMBIKAPUR,India,26,28,20003.00,19362.00,0.010000
IN,ODISHA,JODA,India,6,5,2731.00,2332.00,0.000000
IN,KARNATAKA,BENGALURU RURAL,India,2,2,2430.00,2430.00,0.000000
IN,TAMIL NADU,VENGATHUR,India,6,6,3956.00,3956.00,0.000000
IN,MAHARASHTRA,"MULUND ( WEST), MUMBAI, PIN 400080",India,3,1,3126.93,1068.00,0.000000
IN,RAJASTHAN,DEEG,India,2,2,1239.00,1239.00,0.000000
IN,PUNJAB,SULTANPUR,India,2,2,798.00,399.00,0.000000
IN,PUNJAB,RUPNAGAR,India,3,2,2096.38,1644.00,0.000000
IN,MAHARASHTRA,SAONER,India,1,1,563.00,563.00,0.000000
IN,PUNJAB,NEW CHANDIGARH,India,2,2,1191.00,1191.00,0.000000
IN,ANDHRA PRADESH,ALLUR,India,3,5,4112.00,4112.00,0.000000
IN,TAMIL NADU,ASARIPALLAM,India,4,4,2918.00,2918.00,0.000000
UNITED KINGDOM,CA,LOS ANGELES,Europe,248,745,226292.50,217669.28,0.110000
IN,KERALA,PALAI,India,16,17,10844.00,10345.00,0.010000
IN,TAMIL NADU,RANIPET,India,3,2,1367.00,1367.00,0.000000
IN,MAHARASHTRA,KALAMBOLI,India,4,3,2380.00,2380.00,0.000000
IN,KERALA,ADICHANALLOOR,India,5,6,4301.00,4301.00,0.000000
IN,MAHARASHTRA,BASSEIN,India,3,3,2395.00,2395.00,0.000000
IN,KARNATAKA,DANDELI,India,16,15,8067.00,8067.00,0.000000
IN,KARNATAKA,HASSAN,India,60,55,42153.78,32457.00,0.020000
IN,KERALA,KANNAPURAM,India,2,2,1373.00,1373.00,0.000000
IN,UTTAR PRADESH,INFRONT OF POWER HOUSE BIDHUNA,India,1,1,376.00,376.00,0.000000
IN,MAHARASHTRA,"PIMPLE SAUDAGAR, PUNE",India,1,2,1258.00,1258.00,0.000000
IN,CHHATTISGARH,BISHRAMPUR,India,1,1,1112.00,1112.00,0.000000
UNITED KINGDOM,FL,JACKSONVILLE,Europe,264,800,245239.50,238724.60,0.120000
IN,ANDHRA PRADESH,HINDUPUR,India,8,5,4334.10,2866.00,0.000000
IN,MADHYA PRADESH,BALAGHAT,India,18,16,14643.76,13659.00,0.010000
IN,GUJARAT,"CHHAYA, PORBANDAR",India,1,1,1168.00,1168.00,0.000000
IN,MAHARASHTRA,VASAI VIRAR VIRAR WEST,India,1,1,364.00,364.00,0.000000
IN,TAMIL NADU,KOTAGIRI,India,3,3,1428.00,1428.00,0.000000
IN,HARYANA,SAMALKHA,India,2,2,1518.00,1518.00,0.000000
IN,TAMIL NADU,TIRUTTANI,India,6,5,3007.00,3007.00,0.000000
IN,TAMIL NADU,POTHERI,India,5,5,2800.00,2800.00,0.000000
IN,MAHARASHTRA,NALLA-SOPARA,India,1,1,345.00,345.00,0.000000
IN,UTTAR PRADESH,BALLIA,India,31,29,24401.25,20741.00,0.010000
IN,BIHAR,DUMRAON,India,7,8,5640.00,5640.00,0.000000
IN,GUJARAT,"ELLORA PARK, VADODARA",India,1,1,835.00,835.00,0.000000
IN,TELANGANA,RAJENDRANAGAR,India,1,1,1449.00,1449.00,0.000000
IN,GUJARAT,KARAMSAD - ANAND,India,2,2,582.00,582.00,0.000000
IN,KERALA,MUKKAM,India,1,1,735.00,735.00,0.000000
IN,KARNATAKA,SULLIA,India,4,5,3560.00,3560.00,0.000000
IN,HARYANA,AMBALA CITY,India,8,6,4120.00,2769.00,0.000000
IN,KARNATAKA,MUDDEBIHAL,India,5,2,3611.25,399.00,0.000000
IN,TAMIL NADU,PONMANAI,India,1,1,523.00,523.00,0.000000
IN,MAHARASHTRA,SAVNER,India,3,3,2431.00,2431.00,0.000000
IN,KERALA,TOTTAKKATTUKARA ALUVA,India,1,1,735.00,735.00,0.000000
IN,GUJARAT,ATUL,India,1,2,1795.00,1795.00,0.000000
IN,KERALA,KIZHAKKUMMURI,India,5,4,3063.00,3063.00,0.000000
IN,MADHYA PRADESH,AMARKANTAK,India,2,1,518.00,518.00,0.000000
IN,KARNATAKA,DHARWAD - 580003.,India,1,1,735.00,735.00,0.000000
IN,MAHARASHTRA,NEW THAKURLI,India,2,3,1453.00,1453.00,0.000000
IN,GUJARAT,PETLAD,India,6,6,2691.00,2691.00,0.000000
IN,TAMIL NADU,VELANKANNI,India,2,0,463.81,0.00,0.000000
IN,ODISHA,OCL INDUSTRIAL TOWNSHIP,India,3,4,3015.00,3015.00,0.000000
IN,ANDHRA PRADESH,GANTYADA,India,1,1,635.00,635.00,0.000000
IN,JHARKHAND,DHANBAD,India,103,90,70673.22,58124.00,0.030000
IN,KARNATAKA,BANGALORE NORTH VIDYARANYAPURA POST,India,1,1,751.00,751.00,0.000000
IN,KERALA,POOTHAKKULAM,India,4,5,2737.00,2737.00,0.000000
IN,KARNATAKA,RANEBENNUR,India,13,15,8508.48,3833.00,0.000000
IN,MADHYA PRADESH,RAU,India,7,7,5149.00,4414.00,0.000000
CANADA,AZ,PHOENIX,North America,312,913,264700.58,260761.69,0.120000
IN,HARYANA,"GURGAON,DELHI",India,1,1,399.00,399.00,0.000000
IN,UTTAR PRADESH,AGRA,India,238,228,166864.73,147664.00,0.080000
IN,KARNATAKA,NEERALAGI,India,1,1,434.00,434.00,0.000000
IN,MAHARASHTRA,BHAYANDAR EAST,India,2,2,813.00,813.00,0.000000
IN,MAHARASHTRA,BORIVALI EAST,India,1,0,760.95,0.00,0.000000
IN,MAHARASHTRA,"THAKURLI, DIST THANE",India,2,2,1609.00,1609.00,0.000000
IN,ANDHRA PRADESH,MOPIDEVI,India,1,0,0.00,0.00,0.000000
IN,WEST BENGAL,ALIPURDUAR,India,5,4,2694.00,2694.00,0.000000
IN,MAHARASHTRA,DOMBIVLI (WEST),India,3,3,2153.00,2153.00,0.000000
IN,KERALA,"IRITTY,KANNUR",India,4,5,3320.00,2861.00,0.000000
IN,ASSAM,"TEZPUR, MAJGAON",India,3,3,1067.00,1067.00,0.000000
IN,MAHARASHTRA,"PARAS,AKOLA",India,1,1,399.00,399.00,0.000000
IN,MAHARASHTRA,NALLASOPARA,India,9,6,3461.00,3461.00,0.000000
IN,PUNJAB,MANSA,India,1,1,1186.00,1186.00,0.000000
IN,RAJASTHAN,"JODHPUR,OSIAN",India,1,1,657.00,657.00,0.000000
IN,GUJARAT,LIMDI,India,1,1,1112.00,1112.00,0.000000
IN,TELANGANA,PEBBAIR,India,1,1,744.00,744.00,0.000000
IN,KERALA,MANNARKAD I,India,3,3,2300.00,2300.00,0.000000
IN,KERALA,PARASUVAIKKAL,India,1,1,459.00,459.00,0.000000
IN,TAMIL NADU,POONAMALLEE,India,1,0,0.00,0.00,0.000000
IN,ODISHA,RAJASUNAKHALA,India,1,1,690.00,690.00,0.000000
IN,MADHYA PRADESH,"RAU,INDORE",India,1,1,301.00,301.00,0.000000
IN,KARNATAKA,HOMNABAD,India,2,2,1416.00,1416.00,0.000000
IN,WEST BENGAL,KOLKATA 700029,India,1,1,646.00,646.00,0.000000
IN,UTTAR PRADESH,RAEBARELI,India,6,6,4612.57,3224.00,0.000000
IN,DELHI,"KANTI NAGAR EXTENSION, KRISHNA NAGAR",India,2,0,0.00,0.00,0.000000
IN,TAMIL NADU,DHARAPADAVEDU,India,1,0,722.86,0.00,0.000000
IN,KERALA,THIRUVANANTHAPURAM 1,India,1,1,399.00,399.00,0.000000
IN,BIHAR,KANTI,India,1,1,653.00,653.00,0.000000
IN,KERALA,THALORE THRISSUR,India,1,1,518.00,518.00,0.000000
IN,UTTAR PRADESH,BAGHPAT (250601),India,1,1,729.00,729.00,0.000000
IN,KARNATAKA,BRAHMAVAR,India,3,3,1158.00,1158.00,0.000000
IN,ANDHRA PRADESH,GARIVIDI,India,1,2,586.00,586.00,0.000000
IN,MAHARASHTRA,NEAR NAHUR RAILWAY STATION NAHUR  EAST MUMBAI,India,1,1,459.00,459.00,0.000000
IN,UTTAR PRADESH,FAZI NAGAR,India,2,2,834.00,834.00,0.000000
IN,GUJARAT,RADHANPUR,India,1,1,599.00,599.00,0.000000
IN,TAMIL NADU,PERAIYUR,India,2,2,1810.00,1810.00,0.000000
IN,BIHAR,BHOJPUR,India,1,1,749.00,749.00,0.000000
IN,TAMIL NADU,KANAKAMMACHATHRAM,India,1,1,399.00,0.00,0.000000
IN,WEST BENGAL,KALNA,India,1,1,698.00,698.00,0.000000
IN,CHANDIGARH,CHANDIGARH - 160023,India,1,1,1432.00,1432.00,0.000000
IN,ODISHA,CHARIBATIA,India,2,1,1057.67,771.00,0.000000
IN,ANDHRA PRADESH,NARASAROPET,India,1,1,791.00,791.00,0.000000
IN,MADHYA PRADESH,KUNDAM,India,1,1,301.00,301.00,0.000000
IN,TAMIL NADU,VADAKANKULAM,India,1,0,708.57,0.00,0.000000
IN,DELHI,DELHI-92.,India,1,1,459.00,459.00,0.000000
IN,KARNATAKA,DODDABALLAPURA BENGALURU RURAL DISTRICT,India,1,1,459.00,459.00,0.000000
IN,PUNJAB,PATHANKOT LAMINI,India,2,2,851.00,851.00,0.000000
IN,KERALA,VENJARAMOODU,India,1,1,335.00,335.00,0.000000
IN,TAMIL NADU,NATHAMPANNAI,India,1,1,435.00,435.00,0.000000
IN,TAMIL NADU,MUNIYAPPAN KOVIL,India,1,1,471.00,471.00,0.000000
IN,WEST BENGAL,NALIKUL,India,1,1,471.00,471.00,0.000000
IN,RAJASTHAN,ABUROAD,India,1,1,382.00,382.00,0.000000
IN,UTTAR PRADESH,PHULPUR AZAMGARH DISTRICT,India,1,1,301.00,301.00,0.000000
IN,CHHATTISGARH,BHILAI NAGAR,India,1,1,771.00,771.00,0.000000
IN,ANDHRA PRADESH,PHIRANGIPURAM,India,1,1,888.00,888.00,0.000000
IN,ANDHRA PRADESH,YEMMIGANUR,India,1,1,1523.00,1523.00,0.000000
IN,WEST BENGAL,SILIGURI,India,181,167,114569.25,106521.00,0.050000
IN,RAJASTHAN,SIROHI,India,17,19,17059.00,7937.00,0.010000
IN,NEW DELHI,VIKAS PURI,India,3,3,2954.00,2954.00,0.000000
IN,MAHARASHTRA,PANCHGANI,India,2,2,1319.00,1319.00,0.000000
IN,MADHYA PRADESH,BARELI,India,1,0,894.29,0.00,0.000000
IN,MAHARASHTRA,SHIRUR,India,10,9,5502.00,4958.00,0.000000
IN,ANDHRA PRADESH,VISAKHAPAYNAM,India,1,1,349.00,349.00,0.000000
IN,KERALA,MALAPPURAM,India,65,62,42871.72,38075.00,0.020000
IN,KARNATAKA,CHIKKAMAGALURU,India,36,39,26924.19,26068.00,0.010000
IN,ANDHRA PRADESH,BHIMAVARAM,India,48,46,31213.78,29883.00,0.010000
IN,WEST BENGAL,TRIBENI,India,3,2,979.00,979.00,0.000000
IN,ASSAM,NORTH GUWAHATI,India,21,22,14704.00,11817.00,0.010000
IN,MAHARASHTRA,MAHAD,India,14,11,9072.00,6522.00,0.000000
IN,TAMIL NADU,CHENNIMALAI,India,1,1,854.00,854.00,0.000000
IN,WEST BENGAL,FARAKKA BARRAGE TOWNSHIP,India,7,6,4128.00,2771.00,0.000000
IN,HIMACHAL PRADESH,ROHRU,India,2,2,1112.00,1112.00,0.000000
IN,KERALA,IDUKKI,India,14,11,7392.00,6122.00,0.000000
IN,KERALA,KOTTUVALLY,India,7,7,4814.00,4814.00,0.000000
IN,GOA,RAIA,India,13,10,5695.38,4552.00,0.000000
IN,MAHARASHTRA,"POWAI, MUMBAI",India,2,2,1473.00,1473.00,0.000000
IN,MAHARASHTRA,BRAMHAPURI,India,1,1,597.00,597.00,0.000000
IN,UTTAR PRADESH,TIRWAGANJ,India,8,8,6389.00,6389.00,0.000000
IN,MAHARASHTRA,KHANDALA,India,1,1,671.00,671.00,0.000000
IN,ANDAMAN & NICOBAR,HAVELOCK,India,2,2,844.00,844.00,0.000000
IN,ODISHA,JHARSUGUDA,India,21,20,10821.00,10057.00,0.010000
IN,ANDHRA PRADESH,PIDUGURALLA,India,2,2,847.00,847.00,0.000000
IN,KERALA,PANACHIKKAD,India,5,5,3121.00,3121.00,0.000000
IN,TAMIL NADU,"NAGERCOIL, KANYAKUMARI DIST.,",India,1,1,435.00,435.00,0.000000
IN,ANDHRA PRADESH,CHITTOOR DISTRICT,India,4,4,2801.00,2801.00,0.000000
IN,MADHYA PRADESH,BETUL,India,14,12,9597.86,9275.00,0.000000
IN,ANDHRA PRADESH,PONNUR,India,7,7,3692.00,3692.00,0.000000
IN,JAMMU & KASHMIR,PULWAMA,India,3,3,1259.00,1259.00,0.000000
INDIA,TX,HOUSTON,Global,735,2218,713531.47,691657.62,0.340000
IN,MAHARASHTRA,DEVGAD,India,2,2,1070.00,435.00,0.000000
IN,KERALA,"CLAPPANA, KOLLAM",India,1,1,422.00,422.00,0.000000
IN,RAJASTHAN,SARDARSHAHAR,India,5,7,6058.00,6058.00,0.000000
IN,MAHARASHTRA,HATKANANGLE,India,1,1,469.00,469.00,0.000000
IN,UTTAR PRADESH,ETHA,India,1,1,496.00,496.00,0.000000
IN,PUDUCHERRY,CUDDALORE/PONDY ROAD,India,1,1,301.00,301.00,0.000000
IN,KARNATAKA,JP NAGAR 8TH PHASE,India,1,1,828.00,828.00,0.000000
IN,TELANGANA,HUZUR NAGAR,India,4,4,2509.00,2509.00,0.000000
IN,KERALA,ANCHARAKANDY,India,4,4,3005.00,2180.00,0.000000
IN,ANDHRA PRADESH,ANAKAPALLE,India,34,34,22209.58,20142.00,0.010000
IN,TELANGANA,CHANDRUGONDA,India,1,2,1116.00,1116.00,0.000000
IN,ODISHA,PATTAMUNDAI,India,5,7,3913.00,2746.00,0.000000
IN,KERALA,KOTTAKAL,India,2,1,740.10,382.00,0.000000
IN,GUJARAT,KATHOR,India,2,2,936.00,936.00,0.000000
IN,KERALA,KOLAZHY,India,8,7,5034.00,5034.00,0.000000
IN,KERALA,ERAVU,India,5,5,2151.00,1798.00,0.000000
IN,MAHARASHTRA,VASAI (E),India,3,3,1184.00,1184.00,0.000000
UNITED KINGDOM,IN,INDIANAPOLIS,Europe,224,685,207020.59,195025.37,0.100000
IN,UTTAR PRADESH,"ANPARA,SONEBHADRA",India,2,2,1596.00,1596.00,0.000000
IN,MAHARASHTRA,VASAI(W),India,1,1,563.00,563.00,0.000000
IN,SIKKIM,PAKYONG,India,6,4,3450.00,3450.00,0.000000
IN,ASSAM,CHAPAR,India,2,2,2662.00,2662.00,0.000000
IN,TAMIL NADU,RAMANATHAPURAM,India,20,22,13251.48,10169.00,0.010000
IN,MADHYA PRADESH,CHHATARPUR,India,18,15,10860.33,9927.00,0.010000
IN,ODISHA,NTPC KANIHA TOWNSHIP,India,8,8,7098.00,7098.00,0.000000
IN,WEST BENGAL,BHADRESWAR,India,8,6,5025.24,4108.00,0.000000
IN,KERALA,MANANTHERI,India,2,2,1341.00,1341.00,0.000000
CANADA,CA,SAN FRANCISCO,North America,246,719,240273.46,231681.45,0.110000
IN,WEST BENGAL,147/19 B KESHAB CHANDRA SEN STREET KOLKATA NINE MA,India,1,0,414.29,0.00,0.000000
IN,MADHYA PRADESH,BADNAWAR,India,3,3,2733.00,2733.00,0.000000
IN,TAMIL NADU,THIRUCHENGODE,India,4,5,3205.00,3205.00,0.000000
IN,WEST BENGAL,"ASANSOL, WEST BARDDHAMAN",India,2,2,950.00,950.00,0.000000
IN,HIMACHAL PRADESH,PAONTA SAHIB,India,21,20,14011.13,10528.00,0.010000
UNITED STATES,CO,DENVER,North America,3462,10511,3240143.04,3119220.50,1.520000
IN,GUJARAT,KUTIYANA,India,1,1,969.00,969.00,0.000000
IN,KARNATAKA,CHAMBENAHALLI SARJAPURA ROAD BANGLORE,India,2,2,1016.00,1016.00,0.000000
IN,UTTAR PRADESH,KHURJA(BULANDSHAR),India,1,1,432.00,432.00,0.000000
IN,ANDHRA PRADESH,KURNOOL,India,105,99,66321.57,58447.00,0.030000
IN,MAHARASHTRA,"BAJAJNAGAR, AURANGABAD.",India,2,2,1542.00,1542.00,0.000000
IN,UTTAR PRADESH,BHARTHANA,India,7,5,3943.14,3166.00,0.000000
IN,BIHAR,GOPALGANJ,India,20,15,9613.86,7971.00,0.000000
IN,MAHARASHTRA,PUNE-411028,India,1,1,881.00,881.00,0.000000
IN,UTTAR PRADESH,INDIAN TEHEPHONE INDUSTRY MANKAPUR,India,2,2,1741.00,1741.00,0.000000
IN,BIHAR,MOKAMA,India,1,1,1338.00,1338.00,0.000000
IN,ANDHRA PRADESH,GUDLURU,India,1,2,774.00,774.00,0.000000
IN,UTTAR PRADESH,KHATAULI,India,6,6,4307.00,3508.00,0.000000
IN,TAMIL NADU,"ATTUR, SALEM",India,1,0,0.00,0.00,0.000000
IN,JHARKHAND,GHATSILA,India,1,1,1091.00,1091.00,0.000000
IN,TAMIL NADU,MADURAI NORTH,India,1,1,459.00,459.00,0.000000
IN,CHHATTISGARH,RAIPUR 492004,India,1,1,546.00,546.00,0.000000
IN,KERALA,ANGAMALAY,India,1,1,771.00,771.00,0.000000
IN,MAHARASHTRA,MULUND (EAST)MUMBAI,India,1,1,1099.00,1099.00,0.000000
IN,KARNATAKA,SHIVMOGGA,India,1,1,1349.00,1349.00,0.000000
IN,ASSAM,PANITOLA,India,1,1,376.00,376.00,0.000000
IN,TAMIL NADU,"COLACHAL, KANYA KUMARI DISTRICT",India,5,8,5088.00,5088.00,0.000000
IN,MAHARASHTRA,TELHARA,India,3,3,1688.00,1688.00,0.000000
IN,WEST BENGAL,HARINGHATA,India,1,1,0.00,0.00,0.000000
IN,MAHARASHTRA,AMBARNATH (EAST),India,1,1,735.00,735.00,0.000000
IN,UTTAR PRADESH,"NAI BAZAR ,BHADOHI",India,3,2,774.00,387.00,0.000000
IN,MAHARASHTRA,"MULUND EAST, MUMBAI",India,1,1,649.00,649.00,0.000000
IN,WEST BENGAL,HUTMURA,India,1,1,666.00,666.00,0.000000
IN,TAMIL NADU,KULASEKARAM,India,1,1,1294.00,1294.00,0.000000
IN,MAHARASHTRA,MOHPA,India,1,1,382.00,382.00,0.000000
IN,GUJARAT,NAVASARI,India,1,1,771.00,771.00,0.000000
IN,JAMMU & KASHMIR,SRINAGAR /SRINAGAR,India,1,1,545.00,545.00,0.000000
IN,JAMMU & KASHMIR,MUTHI,India,1,1,1186.00,1186.00,0.000000
IN,MAHARASHTRA,THANE(NEAR KALYAN),India,1,1,825.00,825.00,0.000000
IN,ANDHRA PRADESH,NELLORENELLORE,India,1,1,939.00,939.00,0.000000
IN,CHHATTISGARH,NAYA RAIPUR,India,1,1,852.00,852.00,0.000000
IN,CHHATTISGARH,PANDRIPANI,India,1,1,625.00,625.00,0.000000
IN,ANDHRA PRADESH,NELLORE CITY,India,2,2,893.00,893.00,0.000000
IN,ANDHRA PRADESH,TIRUVURU,India,1,2,2042.00,2042.00,0.000000
IN,TAMIL NADU,"TIRUKALUKUNDRAM, THIRUPORUR",India,1,1,518.00,518.00,0.000000
IN,KARNATAKA,BELTHANGADY,India,1,0,0.00,0.00,0.000000
IN,TAMIL NADU,"URAPPAKKAM,CHENNAI",India,1,1,376.00,376.00,0.000000
IN,PUNJAB,LEATHER COMPLEX INDUSTRIAL AREA,India,1,2,841.00,841.00,0.000000
IN,TELANGANA,"BODUPPAL, HYDERABAD - 92",India,1,1,1523.00,1523.00,0.000000
IN,UTTARAKHAND,SARA INDUSTRIAL ESTATE,India,1,1,888.00,888.00,0.000000
IN,WEST BENGAL,UTTARNAYABAD,India,1,1,574.00,574.00,0.000000
IN,KARNATAKA,"HONNALI , DAVANGERE",India,1,1,736.00,736.00,0.000000
IN,UTTAR PRADESH,JALALPUR,India,1,1,435.00,0.00,0.000000
IN,RAJASTHAN,BANDIKUI,India,1,1,1163.00,1163.00,0.000000
IN,ASSAM,BISWANATH CHARIALI,India,6,6,6987.00,5922.00,0.000000
IN,TAMIL NADU,ORAGADAM INDUSTRIAL AREA,India,16,13,10174.29,8272.00,0.000000
IN,TAMIL NADU,KOTTARAM,India,3,3,2696.00,2696.00,0.000000
IN,JHARKHAND,DUMKA,India,22,18,11635.86,9916.00,0.010000
IN,JHARKHAND,BOKARO,India,3,3,2751.00,2751.00,0.000000
IN,ANDHRA PRADESH,SANTHAMAGULURU MANDAL,India,1,1,660.00,660.00,0.000000
IN,HARYANA,CHANDI MANDIR,India,11,10,8749.00,7302.00,0.000000
IN,MAHARASHTRA,BHAYANDER EAST,India,2,2,798.00,798.00,0.000000
IN,TAMIL NADU,KANNIYAKUMARI DISTRICT,India,4,6,3401.00,3401.00,0.000000
IN,KARNATAKA,CHIKMAGALUR,India,5,3,1711.00,1711.00,0.000000
CANADA,PA,PHILADELPHIA,North America,312,932,292507.15,285844.37,0.140000
IN,MAHARASHTRA,WARORA,India,4,5,2768.00,2768.00,0.000000
IN,TELANGANA,JAGTIAL,India,17,18,13020.00,13020.00,0.010000
IN,CHHATTISGARH,TAKHATPUR,India,6,6,4954.00,4954.00,0.000000
IN,ANDHRA PRADESH,MARTURU,India,2,2,1460.00,1460.00,0.000000
IN,TAMIL NADU,KUMARAGIRI,India,1,1,517.00,517.00,0.000000
IN,TELANGANA,HYDERABAD-47,India,1,1,301.00,301.00,0.000000
IN,KERALA,PUTHUPPALLY,India,3,3,1715.00,1715.00,0.000000
IN,GOA,VASCO-DA-GAMA,India,2,3,2602.00,2602.00,0.000000
IN,KARNATAKA,"KRISHNARAJA NAGARA, MYSORE",India,1,1,1163.00,1163.00,0.000000
IN,KERALA,KOTTARAKKARA,India,9,8,4019.00,3331.00,0.000000
IN,UTTAR PRADESH,SONEBHADRA,India,1,1,696.00,696.00,0.000000
IN,GOA,SANGUEM,India,7,7,3708.00,3329.00,0.000000
IN,KARNATAKA,SHAHABAD,India,2,2,1056.00,1056.00,0.000000
IN,WEST BENGAL,KOCH BIHAR,India,20,17,11418.96,9232.00,0.010000
IN,MADHYA PRADESH,BHIND,India,3,3,1900.00,1900.00,0.000000
IN,DELHI,NORTH DELHI,India,13,12,10373.86,9531.00,0.000000
IN,RAJASTHAN,BIKANER,India,62,62,45648.23,41135.00,0.020000
IN,UTTARAKHAND,IIE INDUSTRIAL ESTATE TATASU MAZADI,India,2,1,788.00,788.00,0.000000
IN,WEST BENGAL,KATWA,India,2,1,979.57,471.00,0.000000
IN,KERALA,NILESHWAR,India,2,2,1189.00,1189.00,0.000000
IN,GUJARAT,DAHEJ SIR,India,2,2,1289.00,1289.00,0.000000
IN,KARNATAKA,CHIKKBALAPURA,India,1,1,666.00,666.00,0.000000
IN,TAMIL NADU,TUTICORIN (DT),India,1,1,545.00,545.00,0.000000
IN,KARNATAKA,GANGAWATI,India,12,9,7644.19,5883.00,0.000000
IN,MAHARASHTRA,SHIROLI MIDC,India,2,2,1467.00,1467.00,0.000000
IN,MAHARASHTRA,"WALKESHWAR,MUMBAI",India,3,3,2860.00,2860.00,0.000000
IN,TAMIL NADU,"KULAYANKARISAL,THOOTHUKUDI DISTRICT",India,1,1,353.00,353.00,0.000000
IN,JAMMU & KASHMIR,"UDHAMPUR ,JAMMU KASHMIR",India,1,1,292.00,292.00,0.000000
IN,KERALA,CHERUPUZHA,India,1,1,364.00,364.00,0.000000
IN,MAHARASHTRA,WARDHA,India,34,34,20388.43,17732.00,0.010000
IN,RAJASTHAN,FATEHPUR,India,4,4,3063.00,3063.00,0.000000
IN,UTTAR PRADESH,MOHAMMADABAD FARRUKHABAD DISTRICT,India,1,1,426.00,426.00,0.000000
IN,KERALA,KOTHAMANGALAM,India,39,41,23394.29,21104.00,0.010000
IN,KARNATAKA,INDUSTRIAL AREA DEVAKATHIKOPPA AND SIDLIPURA,India,2,2,1999.00,1999.00,0.000000
IN,HARYANA,INDRI,India,2,2,2129.00,2129.00,0.000000
IN,KERALA,ULIYAZHATHURA,India,4,4,2005.00,2005.00,0.000000
IN,KARNATAKA,UDUPI,India,162,157,105397.48,98913.00,0.050000
IN,ANDHRA PRADESH,VUYYURU,India,10,7,5000.64,3806.00,0.000000
IN,TELANGANA,YACHARAM,India,2,2,1276.00,1276.00,0.000000
IN,TAMIL NADU,RAMAPURAM,India,1,1,307.00,307.00,0.000000
IN,KERALA,CHITTUR,India,4,4,1903.00,1903.00,0.000000
IN,MAHARASHTRA,NARAYANGAON,India,5,6,3519.00,2778.00,0.000000
IN,ASSAM,GOLAGHAT,India,25,23,15695.29,14961.00,0.010000
IN,SIKKIM,GANGTOK,India,56,56,41881.00,38517.00,0.020000
IN,PUNJAB,RUP NAGAR,India,1,1,495.00,495.00,0.000000
IN,WEST BENGAL,RAJPUR SONARPUR,India,40,41,23827.00,23479.00,0.010000
IN,ANDHRA PRADESH,JAGGAMPETA,India,4,4,3745.00,3745.00,0.000000
UNITED KINGDOM,CA,SAN FRANCISCO,Europe,224,676,204023.88,198806.89,0.100000
IN,ASSAM,DHUBRI,India,6,6,5117.00,4149.00,0.000000
IN,ODISHA,BARAPALI,India,1,1,399.00,399.00,0.000000
IN,KERALA,NEDUMANGAD,India,12,11,6631.95,6091.00,0.000000
IN,ANDHRA PRADESH,REPALLE,India,3,3,1839.00,1839.00,0.000000
IN,WEST BENGAL,COOCHBEHAR,India,2,2,1485.00,1485.00,0.000000
IN,HIMACHAL PRADESH,DALHOUSIE,India,7,6,3413.43,2942.00,0.000000
IN,DELHI,JAGAT PURI,India,3,3,1669.00,1669.00,0.000000
IN,RAJASTHAN,RAMPURA BERI,India,1,0,856.19,0.00,0.000000
IN,HARYANA,TAORU,India,2,3,1571.00,1571.00,0.000000
IN,KERALA,PATHANAPURAM,India,6,6,5081.00,5081.00,0.000000
IN,MAHARASHTRA,VASAI ROAD,India,1,1,859.00,859.00,0.000000
IN,PUNJAB,DHAKHOLI,India,3,3,2403.00,2403.00,0.000000
IN,KERALA,KOIPADY,India,6,6,4342.00,2464.00,0.000000
IN,KARNATAKA,AURAD,India,2,2,1598.00,1598.00,0.000000
IN,GUJARAT,VISNAGAR,India,12,15,13186.28,12452.00,0.010000
IN,MADHYA PRADESH,SATNA,India,40,37,28529.00,24517.00,0.010000
IN,UTTARAKHAND,KATHGODAM,India,11,9,6553.32,5506.00,0.000000
IN,UTTAR PRADESH,ORAI,India,31,29,26220.91,23771.00,0.010000
IN,KARNATAKA,DONIMALAI,India,3,1,2013.00,693.00,0.000000
IN,ANDHRA PRADESH,MADHURAWADA,India,59,57,34762.15,33159.00,0.020000
IN,UTTAR PRADESH,PRAYAGRAJ,India,43,41,29221.00,26767.00,0.010000
IN,KARNATAKA,CHITAPUR,India,3,3,2483.00,2483.00,0.000000
IN,MAHARASHTRA,GOREGAON EAST,India,2,2,1623.00,1623.00,0.000000
IN,KERALA,MANALUR,India,2,2,1783.86,1421.00,0.000000
IN,HIMACHAL PRADESH,SIHUNTA/SAMOTE,India,2,3,1812.00,1812.00,0.000000
IN,UTTAR PRADESH,SANT KABIR NAGARLUCKNOW,India,1,1,471.00,471.00,0.000000
IN,GOA,SALCETE,India,4,4,1895.00,1895.00,0.000000
IN,KARNATAKA,BENGALURU - 560008,India,1,1,698.00,698.00,0.000000
IN,KARNATAKA,HOSANAGARA,India,4,3,1727.00,1727.00,0.000000
IN,BIHAR,PAREO,India,1,1,495.00,495.00,0.000000
IN,BIHAR,ISLAMPUR,India,1,1,435.00,435.00,0.000000
IN,MADHYA PRADESH,BAMOR,India,1,1,499.00,499.00,0.000000
IN,TAMIL NADU,THENI,India,11,14,7543.00,7543.00,0.000000
IN,KERALA,EDATHIRUTHY,India,4,4,1968.00,1968.00,0.000000
IN,UTTAR PRADESH,RURA,India,2,2,1824.00,1824.00,0.000000
IN,WEST BENGAL,"RAJARHAT, KOLKATA",India,2,1,1411.29,0.00,0.000000
IN,KERALA,PANDALAM,India,5,6,3036.00,3036.00,0.000000
IN,KERALA,PALUVAI,India,10,11,4991.00,4991.00,0.000000
IN,ANDHRA PRADESH,SRIKALAHASTI,India,22,24,15945.00,13431.00,0.010000
IN,KARNATAKA,SAGAR,India,18,17,10576.00,10576.00,0.000000
IN,HARYANA,NILOKHERI,India,2,2,831.00,432.00,0.000000
IN,MAHARASHTRA,NEWASA,India,1,1,487.00,487.00,0.000000
IN,GUJARAT,"SARGASAN, GANDHINAGAR",India,2,2,1494.00,1494.00,0.000000
IN,GUJARAT,SANJAN,India,1,1,471.00,471.00,0.000000
IN,JAMMU & KASHMIR,KATRA,India,11,13,8060.43,7249.00,0.000000
IN,ANDHRA PRADESH,YERRAGUNTLA,India,3,3,2439.00,2439.00,0.000000
IN,KERALA,EDACHERI,India,3,3,1501.00,1501.00,0.000000
IN,HARYANA,GURUGRAM,India,1855,1815,1280854.78,1191852.00,0.600000
IN,ANDHRA PRADESH,NARSIPATNAM,India,5,5,3367.00,3367.00,0.000000
IN,KERALA,PONJASSERY PERUMBAVOOR,India,1,1,357.00,357.00,0.000000
IN,ANDHRA PRADESH,"ATMAKUR(MAN),NELLORE(DIST).",India,2,2,1570.00,1570.00,0.000000
IN,MAHARASHTRA,SHIKRAPUR,India,5,2,1508.00,1128.00,0.000000
IN,UTTAR PRADESH,FARIDPUR BAREILLY DISTRICT,India,9,8,7084.00,7084.00,0.000000
IN,PUNJAB,S. A . S NAGAR,India,1,1,432.00,432.00,0.000000
IN,MAHARASHTRA,NERUL NAVI MUMBAI,India,3,2,2136.67,1450.00,0.000000
INDIA,IN,INDIANAPOLIS,Global,796,2355,720721.71,697519.41,0.340000
IN,MAHARASHTRA,"WAGHOLI ,PUNE",India,1,1,1115.00,1115.00,0.000000
IN,UTTAR PRADESH,SAHASWAN,India,1,1,292.00,292.00,0.000000
IN,MAHARASHTRA,NALLASOPARA EAST,India,3,3,2369.00,2369.00,0.000000
IN,KERALA,MEENANGADI,India,4,4,2772.00,2772.00,0.000000
IN,WEST BENGAL,KULTI,India,2,1,549.00,549.00,0.000000
IN,RAJASTHAN,MODAK,India,2,1,493.00,493.00,0.000000
IN,KARNATAKA,VITTAL,India,1,1,852.00,852.00,0.000000
IN,MAHARASHTRA,UMRED,India,3,2,1858.00,1858.00,0.000000
IN,ANDHRA PRADESH,KOVVURU,India,1,1,429.00,429.00,0.000000
IN,ANDHRA PRADESH,PENTAPADU,India,2,2,1013.00,1013.00,0.000000
IN,KARNATAKA,BENGALURU-560005,India,1,1,599.00,599.00,0.000000
IN,WEST BENGAL,NEW TOWN - KOLKATA,India,2,2,1042.00,1042.00,0.000000
IN,UTTAR PRADESH,NOIDA GAUTAM BUDDHA NAGAR,India,1,1,728.00,728.00,0.000000
IN,UTTAR PRADESH,KARARI,India,1,1,685.00,685.00,0.000000
IN,KERALA,"ANDOORKONAM, TRIVANDRUM",India,2,2,788.00,788.00,0.000000
IN,KARNATAKA,"YELAHANKA, KARNATAKA, 560064",India,1,1,471.00,471.00,0.000000
IN,GUJARAT,BHACHAU,India,4,6,4963.00,4963.00,0.000000
IN,ANDHRA PRADESH,"RAJAHMUNDRY, EAST GODAVARI DISTRICT",India,1,1,612.00,612.00,0.000000
IN,MAHARASHTRA,NIGADI PRADHIKARAN PUNE,India,1,4,1492.00,1492.00,0.000000
IN,KARNATAKA,"CHITPADI, UDUPI",India,1,1,666.00,666.00,0.000000
IN,TAMIL NADU,LALGUDI,India,1,1,523.00,523.00,0.000000
IN,HARYANA,CHHACHHRAULI,India,1,1,376.00,376.00,0.000000
IN,MAHARASHTRA,SHIRUR ANANTPAL,India,1,0,0.00,0.00,0.000000
IN,MAHARASHTRA,DAPODI PIMPRI CHINCHWAD PUNE,India,1,1,729.00,729.00,0.000000
IN,TAMIL NADU,"PALLIKARANAI, CHENNAI",India,1,1,908.00,908.00,0.000000
IN,KERALA,CHERUKOLPUZHA,India,1,1,735.00,735.00,0.000000
IN,UTTAR PRADESH,LUCKNOWLUCKNOW,India,4,5,2678.00,2678.00,0.000000
IN,JHARKHAND,BISHNUGARH,India,1,1,653.00,653.00,0.000000
IN,TELANGANA,"CHANDANAGAR, HYDERABAD",India,2,2,664.00,664.00,0.000000
IN,JHARKHAND,RAMGHAR,India,1,1,856.00,856.00,0.000000
IN,MAHARASHTRA,PLAGHAR,India,2,1,517.00,517.00,0.000000
IN,BIHAR,WARISALIGANJ,India,1,1,517.00,517.00,0.000000
IN,PUNJAB,CHANDIGARH,India,3,3,1728.00,1728.00,0.000000
IN,CHHATTISGARH,GOBRA NAWAPARA,India,3,4,1949.00,1949.00,0.000000
IN,KERALA,"ALUVA, ERNAKULAM DIST",India,1,1,689.00,689.00,0.000000
IN,DELHI,DELHIQ,India,1,2,910.00,910.00,0.000000
IN,GUJARAT,KIM,India,1,1,449.00,449.00,0.000000
IN,ANDHRA PRADESH,KOTTURU,India,1,1,653.00,653.00,0.000000
IN,KERALA,CHENTRAPPINNI,India,1,1,353.00,353.00,0.000000
IN,KERALA,THRIKAKARA,India,1,1,399.00,399.00,0.000000
IN,ANDHRA PRADESH,UPPALAGUPTAM,India,1,0,662.86,0.00,0.000000
IN,MAHARASHTRA,KANDHAR,India,1,1,359.00,359.00,0.000000
IN,ASSAM,GORESWAR,India,1,0,0.00,0.00,0.000000
IN,KARNATAKA,BENGALURU 560020,India,1,0,380.00,0.00,0.000000
IN,WEST BENGAL,AURANGABAD,India,1,1,487.00,487.00,0.000000
IN,GUJARAT,LAKHANI,India,1,1,1115.00,1115.00,0.000000
IN,TAMIL NADU,KOLAPPALUR,India,1,0,0.00,0.00,0.000000
IN,ASSAM,NORTH LAKHIMPUR-787001,India,1,1,540.00,540.00,0.000000
IN,ASSAM,"NAGAON TOWN,NAGAON,ASSAM.",India,1,1,545.00,545.00,0.000000
IN,KERALA,KOMALAPURAM,India,1,1,518.00,518.00,0.000000
IN,UTTAR PRADESH,KIRATPUR,India,4,4,1863.00,1863.00,0.000000
IN,GUJARAT,MAHUVA,India,6,6,4211.00,4211.00,0.000000
IN,HARYANA,YAMUNANAGAR,India,40,42,35018.81,30191.00,0.020000
IN,MADHYA PRADESH,SARANGPUR,India,1,1,735.00,735.00,0.000000
IN,GOA,CUNCOLIM,India,19,15,8035.33,7062.00,0.000000
IN,KARNATAKA,BENGALURU 560037,India,5,8,7788.00,5336.00,0.000000
IN,HIMACHAL PRADESH,BAROH,India,1,0,0.00,0.00,0.000000
IN,MAHARASHTRA,MANGRULPIR,India,3,3,1090.00,1090.00,0.000000
IN,MAHARASHTRA,ICHALKARANJI,India,21,22,11897.00,11082.00,0.010000
IN,ANDHRA PRADESH,KAKIMADA,India,1,1,301.00,301.00,0.000000
IN,RAJASTHAN,JALORE,India,2,2,1604.00,1604.00,0.000000
IN,TAMIL NADU,BHUVANAGIRI,India,4,4,1632.00,1632.00,0.000000
IN,KARNATAKA,"HANUR, KOLLEGAL TQ, CHAMARAJANAGAR DISTRICT",India,2,2,1282.00,641.00,0.000000
IN,MAHARASHTRA,DOMBIVLI (E) DIST.THANE,India,1,1,688.00,688.00,0.000000
IN,GUJARAT,BILIMORA,India,13,12,9205.42,7736.00,0.000000
IN,TAMIL NADU,CHENNAI 600028,India,12,13,10380.00,9431.00,0.000000
IN,JHARKHAND,RAMGARH,India,4,4,4287.00,4287.00,0.000000
IN,TAMIL NADU,PAPPARAPATTI DHARMAPURI DISTRICT,India,1,1,382.00,382.00,0.000000
IN,TAMIL NADU,PERUMANDI,India,2,2,1005.00,1005.00,0.000000
IN,HIMACHAL PRADESH,PALAMPUR,India,29,25,20211.87,16241.00,0.010000
IN,MADHYA PRADESH,KURWAI,India,1,1,941.00,941.00,0.000000
IN,KERALA,CHENGAMANAD,India,10,9,5507.00,4393.00,0.000000
IN,TAMIL NADU,SURIYAMPALAYAM,India,2,2,545.00,545.00,0.000000
IN,HARYANA,AMBALA CANTT,India,10,10,6749.00,6749.00,0.000000
IN,ASSAM,BANGAON,India,2,2,1034.00,1034.00,0.000000
IN,UTTAR PRADESH,SIKANDRA ALLAHABAD DISTRICT,India,1,1,1065.00,1065.00,0.000000
IN,MAHARASHTRA,"PIMPRI,PUNE",India,1,1,399.00,399.00,0.000000
IN,MAHARASHTRA,OZAR,India,10,10,6698.00,6698.00,0.000000
IN,HARYANA,TOHANA,India,3,3,1730.00,1730.00,0.000000
IN,UTTAR PRADESH,JANGIPUR,India,1,1,589.00,589.00,0.000000
IN,TAMIL NADU,"PUDUPATTINAM,KALPAKKAM",India,1,1,855.00,855.00,0.000000
IN,UTTAR PRADESH,GAURI BAZAR,India,3,3,1921.00,1921.00,0.000000
IN,MAHARASHTRA,"CHEMBUR EAST, MUMBAI",India,3,3,2383.00,1458.00,0.000000
IN,ASSAM,SALAKATI,India,3,3,3016.00,3016.00,0.000000
IN,GUJARAT,LATHI,India,2,2,1977.00,1977.00,0.000000
IN,TAMIL NADU,T KALLUPATTI,India,2,3,1495.00,1495.00,0.000000
IN,UTTAR PRADESH,SHAMLI,India,15,12,10033.81,9570.00,0.000000
IN,HIMACHAL PRADESH,INDORA,India,2,1,329.00,329.00,0.000000
IN,UTTAR PRADESH,GANJ DUNDWARA,India,5,5,2943.00,2943.00,0.000000
IN,UTTAR PRADESH,HARDOI,India,30,23,17748.29,14754.00,0.010000
IN,GUJARAT,HARIJ,India,1,1,499.00,0.00,0.000000
IN,TELANGANA,MEDCHAL,India,10,9,7422.14,6350.00,0.000000
IN,KARNATAKA,"MAHADEVAPURA, BANGALORE",India,4,6,6529.00,6529.00,0.000000
IN,SIKKIM,TADONG,India,3,5,2741.00,2741.00,0.000000
IN,GUJARAT,VIJAPUR,India,2,2,1112.00,1112.00,0.000000
IN,TAMIL NADU,ANNUR,India,5,5,3156.00,3156.00,0.000000
IN,KARNATAKA,KODAGU,India,2,1,1149.48,459.00,0.000000
IN,HARYANA,RATIA,India,2,2,1128.00,1128.00,0.000000
IN,JHARKHAND,SAHIBGANJ,India,9,7,6156.38,5664.00,0.000000
IN,WEST BENGAL,SUKHCHAR,India,4,5,2695.00,2695.00,0.000000
IN,KARNATAKA,"AMRUTHAHALLI, JAKKUR POST",India,2,4,2990.00,2990.00,0.000000
IN,RAJASTHAN,RIICO INDUSTRIAL AREA RUPANGARH,India,2,1,329.00,329.00,0.000000
IN,TAMIL NADU,SATHYAMANGALAM,India,10,9,5994.00,5994.00,0.000000
IN,UTTAR PRADESH,TARABGANJ,India,1,1,568.00,568.00,0.000000
IN,TAMIL NADU,CHENNAICHENNAI,India,2,2,736.00,736.00,0.000000
IN,TAMIL NADU,"THIRUVOTTIYUR,CHENNAI",India,1,1,735.00,735.00,0.000000
IN,MAHARASHTRA,"BUTIBORI MIDC,",India,1,1,735.00,735.00,0.000000
IN,TELANGANA,HYDERABAD,India,8337,8252,5579520.35,5063709.00,2.620000
IN,TAMIL NADU,THOTTIYAM,India,4,5,2491.00,2491.00,0.000000
IN,KARNATAKA,ATHNI,India,1,1,725.00,0.00,0.000000
IN,TELANGANA,DUBBAK PEDDAGUNDAVELLI,India,1,1,574.00,574.00,0.000000
IN,KARNATAKA,"BELGAUM,",India,2,1,1165.57,597.00,0.000000
IN,JHARKHAND,ICHAK,India,1,0,471.43,0.00,0.000000
IN,ANDHRA PRADESH,NANDIGAMA,India,4,4,2347.00,2347.00,0.000000
IN,CHHATTISGARH,BARSUR,India,1,1,540.00,540.00,0.000000
IN,GUJARAT,"ANKLESHWAR, DIST-BHARUCH",India,1,1,631.00,631.00,0.000000
IN,ASSAM,BOKAKHAT,India,2,3,2180.00,2180.00,0.000000
IN,UTTAR PRADESH,SHIVPUR VARANASI,India,2,1,499.00,499.00,0.000000
IN,RAJASTHAN,RAMGANJ MANDI,India,2,2,602.00,602.00,0.000000
IN,BIHAR,KUDRA,India,1,1,459.00,459.00,0.000000
IN,KARNATAKA,"WHITEFIELD, BANGALORE",India,1,1,435.00,435.00,0.000000
IN,UTTAR PRADESH,ASHRAFPUR KICHHAUCHHA,India,2,1,1505.29,771.00,0.000000
IN,TAMIL NADU,AUROVILLE,India,3,2,1700.00,1700.00,0.000000
IN,ODISHA,GORAKHPUR,India,1,1,612.00,612.00,0.000000
IN,GUJARAT,LIMLA,India,1,1,471.00,471.00,0.000000
IN,ANDHRA PRADESH,SEETHANAGARAM,India,2,2,1206.00,1206.00,0.000000
IN,KERALA,"ERAVIPURAM,KOLLAM",India,2,2,867.00,867.00,0.000000
IN,UTTAR PRADESH,GOVINDPURAM,India,1,1,292.00,292.00,0.000000
IN,WEST BENGAL,BELGHRIA,India,2,2,834.00,834.00,0.000000
IN,TAMIL NADU,"VANDIPETTAI, KURUKUPURAM, RASIPURAM, NAMAKKAL",India,1,1,399.00,399.00,0.000000
IN,MAHARASHTRA,DAUNDDAUND,India,1,1,1523.00,1523.00,0.000000
IN,HARYANA,"NARWANA, JIND",India,1,1,999.00,999.00,0.000000
IN,MADHYA PRADESH,NEPANAGAR,India,1,0,522.86,0.00,0.000000
IN,ASSAM,NO.1 SINGIMARI,India,1,1,627.00,627.00,0.000000
IN,CHHATTISGARH,PAKHANJUR,India,1,1,306.00,306.00,0.000000
IN,ANDHRA PRADESH,THIRUPATHI,India,1,1,832.00,832.00,0.000000
IN,LAKSHADWEEP,KALPENI,India,1,1,825.00,825.00,0.000000
IN,MAHARASHTRA,BARABUNGALLOW,India,1,1,435.00,435.00,0.000000
IN,MADHYA PRADESH,RON,India,1,1,837.00,837.00,0.000000
IN,TAMIL NADU,"KOTTARAM, KANYAKUMARI",India,1,2,728.00,728.00,0.000000
IN,TELANGANA,CHIGUR,India,1,1,1301.00,1301.00,0.000000
IN,UTTAR PRADESH,SANT KABIRNAGAR.,India,1,1,399.00,399.00,0.000000
IN,UTTAR PRADESH,KHEKADA,India,1,1,743.00,743.00,0.000000
IN,ANDHRA PRADESH,KODURU,India,1,1,1245.00,1245.00,0.000000
IN,MAHARASHTRA,THANE CENTRAL,India,1,1,899.00,899.00,0.000000
IN,UTTAR PRADESH,"INDIRAPURAM, GHAZIABAD",India,5,3,2998.33,2285.00,0.000000
IN,HARYANA,RANIA,India,1,1,376.00,376.00,0.000000
IN,KERALA,KASARAGOD,India,36,37,23302.00,21581.00,0.010000
IN,ANDHRA PRADESH,GIDDALURU,India,2,2,1563.00,1563.00,0.000000
IN,ANDHRA PRADESH,ADONI,India,16,15,10115.00,10115.00,0.000000
IN,HARYANA,PANIPAT,India,76,73,45079.38,41556.00,0.020000
IN,UTTAR PRADESH,FAIZABAD,India,59,58,40701.82,36307.00,0.020000
IN,HIMACHAL PRADESH,NURPUR,India,12,9,6729.00,6061.00,0.000000
IN,KERALA,"PALLIKKUNNU, KANNUR",India,2,2,1170.00,1170.00,0.000000
IN,HARYANA,JAGADHRI,India,2,2,2384.00,2384.00,0.000000
IN,BIHAR,PATNA,India,781,731,533140.43,488440.00,0.250000
IN,PUNJAB,"ZIRAKPUR, PUNJAB",India,1,1,416.00,416.00,0.000000
IN,TAMIL NADU,VADIPATTI,India,2,2,487.00,487.00,0.000000
IN,MAHARASHTRA,"DHASAI, SHAHAPUR",India,1,1,1112.00,1112.00,0.000000
IN,ODISHA,CHHATRAPUR,India,5,4,3084.00,3084.00,0.000000
IN,TAMIL NADU,"KAMATCHIPURAM, THENI",India,1,1,432.00,432.00,0.000000
IN,MAHARASHTRA,"PUNE, 51",India,1,1,345.00,345.00,0.000000
IN,KARNATAKA,SHIGGOUN,India,1,1,301.00,301.00,0.000000
IN,GOA,"(VIA CUNCOLIM)QUEPEM,SOUTH GOA",India,1,1,1163.00,1163.00,0.000000
IN,ANDHRA PRADESH,BADVEL,India,7,9,6399.00,6399.00,0.000000
IN,MAHARASHTRA,DIGRAS,India,7,7,7467.43,6516.00,0.000000
IN,KARNATAKA,MANGALURU,India,335,333,227261.75,203141.00,0.110000
IN,HARYANA,FEROZEPUR JHIRKA,India,3,3,2299.00,2299.00,0.000000
IN,KARNATAKA,MOODBIDRI,India,2,2,920.00,920.00,0.000000
IN,UTTAR PRADESH,BELA PRATAPGARH,India,17,13,10087.38,9095.00,0.000000
IN,UTTAR PRADESH,AMBEDKARNAGER,India,1,1,441.00,441.00,0.000000
IN,KARNATAKA,DODDABALLAPURA APPAREL PARK,India,2,2,694.00,694.00,0.000000
IN,HIMACHAL PRADESH,RECKONG PEO,India,3,2,1298.00,1298.00,0.000000
IN,GOA,"CARONA, ALDONA",India,1,1,540.00,540.00,0.000000
IN,MADHYA PRADESH,PIPARIYA DIST. HOSHANGABAD,India,1,1,715.00,715.00,0.000000
IN,BIHAR,KHUSRUPUR,India,2,2,926.00,926.00,0.000000
IN,KERALA,VILLIAPPALLY,India,1,1,889.00,889.00,0.000000
IN,KERALA,KADIRUR,India,8,7,5653.00,3423.00,0.000000
AUSTRALIA,TX,FORT WORTH,Asia-Pacific,202,619,180421.46,172283.87,0.080000
IN,KERALA,THAIKATTUSSERY,India,7,8,6749.00,5634.00,0.000000
IN,BIHAR,SITAMARHI,India,26,21,16596.68,12602.00,0.010000
IN,KARNATAKA,"KYATHSANDRA, TUMKUR",India,1,2,2410.00,2410.00,0.000000
IN,MAHARASHTRA,NASHIK. GST NO. 27ALXPD3261A1Z9,India,3,3,1132.00,1132.00,0.000000
IN,BIHAR,PARSA,India,2,2,1230.00,1230.00,0.000000
IN,KARNATAKA,KARATAGI,India,1,1,458.00,458.00,0.000000
IN,SIKKIM,SHANTI NAGAR,India,2,2,584.00,292.00,0.000000
IN,BIHAR,SHEIKHPURA,India,7,6,3962.38,2433.00,0.000000
IN,TAMIL NADU,KAYATHARU,India,1,1,518.00,518.00,0.000000
IN,UTTAR PRADESH,DHAULI PAYU ...MATHURA,India,1,1,850.00,850.00,0.000000
IN,UTTAR PRADESH,BIJPUR,India,5,5,2424.00,2424.00,0.000000
IN,WEST BENGAL,WEST BENGAL,India,1,1,335.00,335.00,0.000000
IN,RAJASTHAN,DEOLI,India,3,3,3050.00,3050.00,0.000000
IN,MAHARASHTRA,RAHATA,India,3,2,913.00,913.00,0.000000
IN,TELANGANA,RATNAPUR,India,2,2,946.00,946.00,0.000000
IN,DELHI,TRI NAGAR,India,1,1,979.00,979.00,0.000000
IN,KARNATAKA,KENGERI,India,1,1,835.00,835.00,0.000000
IN,TAMIL NADU,KODAVASAL,India,3,3,1374.00,916.00,0.000000
IN,TAMIL NADU,KALIAKKAVILA MARUTHANCODE,India,1,0,582.86,0.00,0.000000
IN,PUNJAB,MORINDA,India,2,1,1153.86,591.00,0.000000
IN,UTTAR PRADESH,GRATER NOIDA WEST,India,1,1,423.00,423.00,0.000000
IN,UTTAR PRADESH,SALON,India,1,1,1163.00,1163.00,0.000000
IN,PUDUCHERRY,"JIPMER QUARTERS,GORIMEDU",India,1,2,2095.00,2095.00,0.000000
IN,MAHARASHTRA,KOTHRUD,India,1,1,533.00,533.00,0.000000
IN,GUJARAT,BAVLA,India,1,2,1103.00,1103.00,0.000000
IN,MAHARASHTRA,PUNE411002,India,2,2,988.00,988.00,0.000000
IN,MAHARASHTRA,KANDIVALI (W),India,1,1,848.00,848.00,0.000000
IN,KERALA,MADAPPALLY COLLEGE,India,1,1,895.00,895.00,0.000000
IN,MAHARASHTRA,MUMBAI- 400054,India,1,1,721.00,721.00,0.000000
IN,ASSAM,KHARIJAPIKON,India,1,1,771.00,771.00,0.000000
IN,KERALA,"PADAMUGAL, KAKKANAD,KOCHI",India,1,1,631.00,631.00,0.000000
IN,KARNATAKA,UGAR KHURD,India,1,1,1523.00,1523.00,0.000000
IN,HIMACHAL PRADESH,JAWALAMUKHI,India,1,1,759.00,759.00,0.000000
IN,MAHARASHTRA,"ICHALKARANJI, KOLHAPUR",India,1,1,1122.00,1122.00,0.000000
IN,WEST BENGAL,KOLKATA 700050,India,2,1,783.00,783.00,0.000000
IN,UTTAR PRADESH,SAGRI,India,1,0,526.67,0.00,0.000000
IN,MAHARASHTRA,MURTAJAPUR,India,1,1,292.00,292.00,0.000000
IN,ANDHRA PRADESH,P.GANNAVARAM MANDAL,India,1,1,399.00,399.00,0.000000
IN,WEST BENGAL,BORAI,India,1,1,1163.00,1163.00,0.000000
IN,BIHAR,ARA,India,1,1,788.00,788.00,0.000000
IN,WEST BENGAL,P. S.  DUTTAPUKUR,India,1,1,448.00,448.00,0.000000
IN,JAMMU & KASHMIR,SAMBA,India,11,9,7371.69,5953.00,0.000000
IN,MAHARASHTRA,KOLHAPUR,India,146,125,87302.60,77975.00,0.040000
IN,CHHATTISGARH,BANDE,India,1,0,0.00,0.00,0.000000
IN,HARYANA,BERI,India,2,2,1465.00,1465.00,0.000000
IN,UTTAR PRADESH,BADLAPUR,India,1,1,759.00,759.00,0.000000
IN,MAHARASHTRA,"NS RD 10, JVPDS, VILE PARLE (W) MUMBAI",India,2,2,348.00,348.00,0.000000
IN,MAHARASHTRA,NAGPUR,India,675,659,444475.51,406495.00,0.210000
IN,UTTARAKHAND,HALDWANI,India,136,129,92725.00,84387.00,0.040000
IN,MADHYA PRADESH,SHAJAPUR,India,2,2,2054.00,1099.00,0.000000
IN,MAHARASHTRA,TALEGAON DABHADE,India,25,24,20577.48,19139.00,0.010000
IN,PUNJAB,JALANDHAR,India,200,199,147134.61,133022.00,0.070000
IN,UTTARAKHAND,BANDIA,India,4,4,1872.00,1430.00,0.000000
IN,KERALA,NADATHARA,India,5,5,3389.00,3389.00,0.000000
IN,WEST BENGAL,CHITTARANJAN,India,6,5,3839.43,3148.00,0.000000
IN,ASSAM,MARIANI,India,5,4,2659.00,2659.00,0.000000
IN,TELANGANA,WARANGAL,India,192,186,124866.69,114586.00,0.060000
IN,ARUNACHAL PRADESH,TEZU,India,6,6,5252.43,4841.00,0.000000
IN,MAHARASHTRA,NAVI MUMBAI,India,1313,1282,838220.91,780481.00,0.390000
IN,TELANGANA,RANGAREDDY,India,8,7,4536.00,4536.00,0.000000
IN,JHARKHAND,EAST SINGHBHUM,India,1,1,399.00,399.00,0.000000
IN,MAHARASHTRA,ULHASNAGAR,India,59,47,29661.12,25151.00,0.010000
IN,UTTAR PRADESH,MUGHAL SARAI,India,5,6,4694.00,1542.00,0.000000
IN,MAHARASHTRA,DOMBIVILI EAST,India,5,5,2496.00,2496.00,0.000000
IN,KARNATAKA,CHIKKABALLAPUR,India,3,2,1904.29,0.00,0.000000
IN,MAHARASHTRA,MUMBAI DADAR  WEST,India,2,2,1136.00,1136.00,0.000000
IN,MAHARASHTRA,KOPERKHAIRNE,India,1,0,0.00,0.00,0.000000
IN,TAMIL NADU,KARIAPATTI,India,2,2,1563.00,1563.00,0.000000
IN,GUJARAT,JAMJODHPUR,India,1,1,399.00,399.00,0.000000
IN,KERALA,KUNNATHUNAD.,India,1,1,735.00,735.00,0.000000
IN,ANDHRA PRADESH,MYLAVARAM,India,5,5,3163.57,2715.00,0.000000
IN,MAHARASHTRA,GOKUL SHIRGAON MIDC,India,1,1,1112.00,1112.00,0.000000
IN,DELHI,DELHI -86,India,1,1,688.00,688.00,0.000000
IN,TAMIL NADU,KANCHEEPURAM,India,53,50,25156.58,22879.00,0.010000
IN,CHHATTISGARH,TAMNAR,India,3,3,1762.00,1762.00,0.000000
IN,TAMIL NADU,NAGAPATTINAM,India,22,22,16217.38,12949.00,0.010000
IN,GUJARAT,CHIKHLI,India,4,5,3490.00,3003.00,0.000000
IN,KERALA,ARIYALLUR,India,4,4,3767.00,2934.00,0.000000
IN,UTTAR PRADESH,SHAKTI NAGAR NTPC TOWNSHIP,India,1,1,735.00,735.00,0.000000
IN,KARNATAKA,URGADUR. SHIVAMOGGA,India,3,2,1228.00,1228.00,0.000000
IN,MAHARASHTRA,PHALTAN,India,7,5,3473.86,3171.00,0.000000
IN,GOA,ORLIM,India,1,1,435.00,435.00,0.000000
IN,UTTAR PRADESH,HARDOIHARDOI,India,1,1,399.00,399.00,0.000000
IN,KARNATAKA,BELAGAVI SHEDBAL,India,3,4,3102.00,1551.00,0.000000
IN,MAHARASHTRA,"CBD BELAPUR,NAVI MUMBAI",India,1,1,442.00,442.00,0.000000
IN,MADHYA PRADESH,KARERA,India,2,2,1425.00,1425.00,0.000000
IN,KERALA,NAYATHOD ANGAMALY,India,1,1,771.00,771.00,0.000000
IN,WEST BENGAL,PATHARBERIA,India,1,1,566.00,566.00,0.000000
IN,MAHARASHTRA,PEINT,India,1,1,747.00,747.00,0.000000
IN,ANDHRA PRADESH,VATSAVAI,India,1,2,1702.00,1702.00,0.000000
IN,TRIPURA,KAMALPUR,India,2,2,1431.00,1431.00,0.000000
IN,RAJASTHAN,"BASSI, JAIPUR",India,1,1,475.00,475.00,0.000000
IN,KERALA,THIRUVANANTHAPURAM DISTRICT,India,2,2,596.00,596.00,0.000000
IN,TAMIL NADU,"S. RAMALINGAPURAM,VIRUDHUNAGAR DISTRICT",India,1,1,899.00,899.00,0.000000
IN,ODISHA,DIST-KORAPUT,India,1,1,881.00,881.00,0.000000
IN,MADHYA PRADESH,SEONI MALWA,India,1,1,441.00,441.00,0.000000
IN,ANDHRA PRADESH,PENAMALURU,India,1,1,1186.00,1186.00,0.000000
IN,KERALA,PATHANAMTHITTA DISTRICT,India,1,1,382.00,382.00,0.000000
IN,ANDHRA PRADESH,KOTHAPALLE,India,1,1,495.00,495.00,0.000000
IN,WEST BENGAL,SONADA,India,1,1,1481.00,1481.00,0.000000
IN,MAHARASHTRA,LONAVLA,India,3,2,1513.00,1133.00,0.000000
AUSTRALIA,CA,SAN DIEGO,Asia-Pacific,191,606,176744.87,168789.01,0.080000
IN,KARNATAKA,BENGALURU 560043,India,2,2,798.00,798.00,0.000000
IN,BIHAR,SAMASTIPUR,India,31,32,22190.00,22190.00,0.010000
IN,KARNATAKA,KUNIGAL,India,1,1,698.00,698.00,0.000000
IN,TAMIL NADU,PERIYAKULAM,India,6,6,3144.00,3144.00,0.000000
IN,TELANGANA,"MULUGUPALLY, KATARAM",India,1,2,700.00,700.00,0.000000
IN,BIHAR,JOGABANI,India,10,10,8167.00,7408.00,0.000000
IN,ANDHRA PRADESH,JANGAREDDIGUDEM,India,10,10,6152.00,6152.00,0.000000
IN,MADHYA PRADESH,KATNI,India,3,3,1662.00,1165.00,0.000000
IN,GOA,CHICALIM,India,4,4,2503.00,2104.00,0.000000
IN,GUJARAT,VASAD,India,1,1,478.00,478.00,0.000000
IN,MADHYA PRADESH,MAKRONIA BUZURG,India,3,3,2025.00,2025.00,0.000000
IN,KARNATAKA,BANTVAL,India,22,16,13251.93,10613.00,0.010000
IN,GOA,DRAMAPUR,India,1,1,435.00,435.00,0.000000
IN,MAHARASHTRA,"BHOSARI, PUNE",India,2,2,1775.00,1775.00,0.000000
IN,ANDHRA PRADESH,RANGAMPETA,India,2,2,2408.00,2408.00,0.000000
IN,KERALA,EDATHALA,India,9,16,10197.00,9453.00,0.000000
IN,UTTARAKHAND,SIDCUL HARIDWAR,India,16,16,7612.00,7612.00,0.000000
IN,ANDHRA PRADESH,PITTALAVANIPALEM,India,4,4,2364.00,1629.00,0.000000
IN,WEST BENGAL,SALT LAKE CITY,India,1,1,499.00,499.00,0.000000
IN,ANDHRA PRADESH,BAPATLA,India,9,8,5901.00,5901.00,0.000000
IN,HARYANA,MANESAR,India,14,13,9998.00,9174.00,0.000000
IN,JHARKHAND,SINDRI,India,5,4,2950.14,2513.00,0.000000
IN,JHARKHAND,GHATSHILA,India,7,7,3171.00,3171.00,0.000000
IN,ANDHRA PRADESH,EAST GODAVARI DISTRICT,India,1,1,471.00,471.00,0.000000
IN,JHARKHAND,RANCHI,India,454,439,309333.88,280401.00,0.150000
IN,HARYANA,SAFIDON,India,2,1,916.14,399.00,0.000000
IN,KERALA,VALANCHERY,India,7,9,3914.10,2652.00,0.000000
IN,WEST BENGAL,PANCHPARA,India,1,1,1338.00,1338.00,0.000000
IN,KERALA,VADAKKENCHERRY,India,1,1,715.00,715.00,0.000000
IN,WEST BENGAL,BANSBERIA,India,7,7,3228.00,2330.00,0.000000
IN,GUJARAT,SAYAN,India,5,4,2959.28,1713.00,0.000000
IN,CHHATTISGARH,KESKAL,India,2,2,1676.00,1676.00,0.000000
IN,GOA,MORJIM,India,1,1,471.00,471.00,0.000000
IN,NAGALAND,ZAKIESATO,India,1,1,484.00,484.00,0.000000
IN,TAMIL NADU,ARIYALUR,India,6,4,2830.00,2830.00,0.000000
IN,KERALA,ELAVALLY,India,2,2,1930.00,744.00,0.000000
IN,GUJARAT,KUDASAN,India,2,2,1033.00,1033.00,0.000000
IN,GOA,MAPUSA - NACHINOLA,India,1,1,388.00,388.00,0.000000
IN,ODISHA,RASAGOBINDAPUR,India,1,1,1075.00,1075.00,0.000000
IN,KERALA,"CHANGANACHERRY, KOTTAYAM",India,2,2,1061.00,1061.00,0.000000
IN,MAHARASHTRA,ULHASNAGAR.MUMBAI,India,2,1,771.00,0.00,0.000000
IN,TAMIL NADU,"METTUR,SALEM",India,1,1,459.00,459.00,0.000000
IN,JHARKHAND,PATRATU,India,5,8,5042.00,5042.00,0.000000
IN,WEST BENGAL,NEW BARRACKPORE,India,1,1,725.00,725.00,0.000000
IN,TAMIL NADU,"SANGANAPURAM, TIRUNELVELI DISTRICT",India,1,1,1115.00,1115.00,0.000000
IN,UTTAR PRADESH,"CHHATA , MATHURA",India,1,1,763.00,763.00,0.000000
IN,TAMIL NADU,RAMESWARAM,India,4,4,1311.00,1311.00,0.000000
IN,ANDHRA PRADESH,SULLURUPET,India,2,2,832.00,832.00,0.000000
IN,CHHATTISGARH,AMBAGARH CHOWKI,India,2,1,544.00,544.00,0.000000
IN,PUNJAB,TALWANDI SABO,India,1,1,885.00,885.00,0.000000
IN,KERALA,VALLAPUZHA PALAKKAD,India,1,2,1513.00,1513.00,0.000000
IN,TELANGANA,LUXETTIPET,India,1,1,597.00,597.00,0.000000
IN,TAMIL NADU,"THAIYUR, KELAMBAKKAM",India,1,2,800.00,800.00,0.000000
IN,ANDHRA PRADESH,BHEEMUNIPATANM,India,2,2,965.00,965.00,0.000000
IN,KERALA,KOOTIKADA,India,1,1,468.00,468.00,0.000000
IN,PUNJAB,MAJITHA(AMRITSAR),India,1,1,353.00,353.00,0.000000
IN,WEST BENGAL,BARRACKPOR,India,1,1,699.00,699.00,0.000000
IN,KERALA,VANDIPERIYAR,India,1,0,414.29,0.00,0.000000
IN,UTTAR PRADESH,"PLOT NO. 8 VAIBHAV KHAND, INDIRAPURAM, GHAZIABAD",India,1,1,648.00,648.00,0.000000
IN,MAHARASHTRA,"BHANDUP (WEST), MUMBAI - 400078",India,1,1,397.00,397.00,0.000000
IN,ANDHRA PRADESH,"BANAGANAPALLI, KURNOOL",India,2,2,958.00,958.00,0.000000
IN,WEST BENGAL,GANGNAPUR,India,1,1,895.00,895.00,0.000000
IN,KERALA,ENATHU,India,1,5,2669.00,2669.00,0.000000
IN,MAHARASHTRA,SAMUDRAPUR,India,2,2,760.00,760.00,0.000000
IN,GUJARAT,PANCH MAHALS,India,1,1,751.00,751.00,0.000000
IN,UTTAR PRADESH,"SAIFAI, ETAWAH",India,1,1,1115.00,1115.00,0.000000
IN,GUJARAT,ATKOT,India,1,1,759.00,759.00,0.000000
IN,MAHARASHTRA,KANHAN,India,1,1,666.00,666.00,0.000000
IN,HARYANA,ROHTAK,India,73,69,49372.34,44699.00,0.020000
IN,UTTAR PRADESH,NANPARA,India,3,3,2050.00,2050.00,0.000000
IN,ASSAM,TEOK,India,2,2,1852.00,1852.00,0.000000
IN,KERALA,ATHIRAMPUZHA,India,6,5,3092.19,2756.00,0.000000
IN,SIKKIM,RHENOCK,India,2,2,2398.00,1199.00,0.000000
IN,UTTAR PRADESH,KHARKHAUDA,India,1,1,345.00,345.00,0.000000
IN,ASSAM,MAZBAT,India,2,1,1523.00,1523.00,0.000000
IN,KERALA,"THRIKKODITHANAM P O, CHANGANACHERRY",India,2,2,988.00,988.00,0.000000
IN,MAHARASHTRA,YAWAL,India,2,2,376.00,376.00,0.000000
IN,ASSAM,JORHAT,India,64,60,40854.09,38547.00,0.020000
IN,ANDHRA PRADESH,CHIPPADA PHARMA SEZ,India,3,3,1799.00,1799.00,0.000000
IN,ODISHA,BHUBANESWAR,India,733,691,507035.87,452473.00,0.240000
IN,ODISHA,JATANI,India,15,14,10038.00,10038.00,0.000000
IN,BIHAR,KAMTAUL,India,3,3,945.00,945.00,0.000000
IN,KERALA,KALLIYOOR,India,4,4,3376.00,3376.00,0.000000
IN,DELHI,NEW DELHI-110033,India,2,2,1355.00,1355.00,0.000000
IN,GOA,PORVORIM,India,59,57,36458.19,34316.00,0.020000
IN,UTTAR PRADESH,MAHOBA,India,8,7,5803.71,5138.00,0.000000
IN,WEST BENGAL,ULUBERIA,India,11,6,6625.01,3914.00,0.000000
IN,UTTARAKHAND,BAZPUR,India,5,5,3865.00,3865.00,0.000000
IN,WEST BENGAL,BARDHAMAN,India,12,8,6499.95,5579.00,0.000000
IN,HIMACHAL PRADESH,CHAMBA,India,43,43,22656.52,17365.00,0.010000
IN,MAHARASHTRA,SHIRDI,India,7,7,4732.00,4732.00,0.000000
IN,WEST BENGAL,DAKSHIN ODLABARI,India,1,0,0.00,0.00,0.000000
IN,TAMIL NADU,"TRICHY, THIRUMVERMBUR",India,1,1,471.00,471.00,0.000000
IN,PUNJAB,RAJPURA,India,11,9,6330.00,6330.00,0.000000
IN,NAGALAND,DIMAPUR,India,128,146,118104.52,111094.00,0.060000
IN,DELHI,NEW DELHII,India,2,2,1520.00,1520.00,0.000000
INDIA,TX,SAN ANTONIO,Global,755,2231,713810.31,688448.01,0.340000
IN,KERALA,BALARAMAPURAM,India,6,6,2677.00,1925.00,0.000000
IN,ANDHRA PRADESH,RENIGUNTA,India,5,3,2883.00,2503.00,0.000000
IN,WEST BENGAL,AMTA,India,4,3,2081.62,971.00,0.000000
IN,TAMIL NADU,MADURANTHAKAM,India,3,3,2057.00,2057.00,0.000000
IN,MAHARASHTRA,BRAHMAPURI,India,4,3,2654.95,1894.00,0.000000
IN,TAMIL NADU,PUNJAIPULIAMPATTI,India,5,5,4005.00,4005.00,0.000000
IN,KERALA,SHORANUR,India,8,8,4999.10,4192.00,0.000000
IN,WEST BENGAL,DIST ALIPURDUAR,India,1,1,801.00,801.00,0.000000
IN,WEST BENGAL,ANDUL NEAR MAYA STORES,India,1,1,788.00,788.00,0.000000
IN,KERALA,KUMILY,India,7,4,2855.00,2310.00,0.000000
IN,MAHARASHTRA,SHEGAON BK,India,1,1,561.00,561.00,0.000000
IN,KERALA,TIRURANGADI,India,9,7,7566.71,6781.00,0.000000
IN,MADHYA PRADESH,DAMUA,India,1,1,666.00,666.00,0.000000
IN,TELANGANA,WARANGAL URBAN,India,6,6,5212.57,4504.00,0.000000
IN,MAHARASHTRA,VASAI-VIRAR,India,1,1,696.00,696.00,0.000000
IN,GUJARAT,ADITYANA,India,1,1,292.00,292.00,0.000000
IN,GUJARAT,MADHAPAR,India,4,4,4294.00,4294.00,0.000000
IN,UTTAR PRADESH,ZAIDPUR,India,2,2,1963.00,1963.00,0.000000
IN,ANDHRA PRADESH,VIZIANAGARAM A,India,1,0,411.43,0.00,0.000000
IN,WEST BENGAL,HALISHAR,India,1,1,696.00,696.00,0.000000
IN,UTTAR PRADESH,GAURIGANJ,India,3,3,2417.00,2417.00,0.000000
IN,KARNATAKA,"K R PURAM, BANGALORE",India,1,2,1396.00,1396.00,0.000000
IN,RAJASTHAN,SRI MADHOPUR,India,3,6,1937.00,1937.00,0.000000
IN,MAHARASHTRA,DOMBIVALI WEST  TAL: KALYAN DIST: THANE,India,1,0,463.81,0.00,0.000000
IN,ANDAMAN & NICOBAR,JUNGLIGHAT,India,1,1,399.00,399.00,0.000000
IN,ANDHRA PRADESH,NUTAKKI,India,1,0,332.38,0.00,0.000000
IN,PUNJAB,FEROZEPUR CANTT,India,1,1,560.00,560.00,0.000000
IN,MAHARASHTRA,"BHAMRAGAD, GADCHIROLI",India,1,1,563.00,563.00,0.000000
IN,PUDUCHERRY,"THILASPET,PUDUCHERRY",India,1,1,435.00,435.00,0.000000
IN,TAMIL NADU,"KALAPATTI, COIMBATORE",India,1,1,666.00,666.00,0.000000
IN,WEST BENGAL,MINAKHAN,India,2,2,1106.00,561.00,0.000000
IN,TAMIL NADU,SINGANALLUR COIMBATORE,India,1,1,493.00,493.00,0.000000
IN,GUJARAT,KARAMSAD ANAND,India,1,2,1088.00,1088.00,0.000000
IN,CHHATTISGARH,BARAMKELA,India,2,2,1171.00,1171.00,0.000000
IN,UTTAR PRADESH,BILHAUR,India,1,1,345.00,345.00,0.000000
IN,UTTAR PRADESH,DADRI,India,3,3,2238.00,2238.00,0.000000
IN,MAHARASHTRA,KHANIVALI,India,1,1,612.00,612.00,0.000000
IN,TAMIL NADU,METTUR DAM,India,1,2,689.00,689.00,0.000000
IN,KERALA,THIROOR,India,1,1,529.00,529.00,0.000000
IN,MAHARASHTRA,"BUTIBORI, NAGPUR",India,1,1,471.00,471.00,0.000000
IN,WEST BENGAL,RAJARHAAT,India,1,1,850.00,850.00,0.000000
IN,TELANGANA,NARAYANKHED,India,1,1,573.00,573.00,0.000000
IN,MADHYA PRADESH,SATWAS,India,1,1,487.00,487.00,0.000000
IN,MAHARASHTRA,KALYAN WEST/ DIST THANE,India,1,1,852.00,852.00,0.000000
IN,ASSAM,MISSAMARI,India,1,1,1125.00,0.00,0.000000
IN,GUJARAT,AHMEDABADVASNA,India,1,1,612.00,612.00,0.000000
IN,PUNJAB,MALLANWALA KHASS,India,1,1,999.00,999.00,0.000000
IN,DELHI,NEW DELHI 110034,India,1,1,471.00,471.00,0.000000
IN,MAHARASHTRA,MUDKHED,India,1,0,562.86,0.00,0.000000
IN,KERALA,PATHIYOOR ALAPPUZHA DISTRICT,India,1,1,1399.00,1399.00,0.000000
IN,KARNATAKA,DERLAKKATTE,India,1,1,899.00,899.00,0.000000
IN,HARYANA,BARWALA,India,1,1,353.00,353.00,0.000000
IN,RAJASTHAN,BIKANER 9680830319,India,1,1,899.00,899.00,0.000000
IN,KARNATAKA,THIRTHAHALLI,India,1,1,442.00,442.00,0.000000
IN,JAMMU & KASHMIR,ANANTNAG,India,7,6,4867.00,4867.00,0.000000
IN,MAHARASHTRA,MEDHA,India,4,3,1984.00,1984.00,0.000000
IN,UTTARAKHAND,DOGADDA,India,1,1,345.00,345.00,0.000000
IN,PUNJAB,PATHANKOT,India,37,35,23589.67,22603.00,0.010000
IN,HIMACHAL PRADESH,BHUNTAR,India,9,7,6040.48,5470.00,0.000000
IN,HARYANA,KHEDAR,India,2,2,1406.00,1406.00,0.000000
IN,BIHAR,DALSINGHSARAI,India,2,3,1863.00,1863.00,0.000000
IN,WEST BENGAL,BHANGER,India,1,1,475.00,475.00,0.000000
IN,TAMIL NADU,"SUDARSAN NAGAR, MADAMBAKKAM",India,1,1,751.00,751.00,0.000000
IN,TAMIL NADU,PUDUVAYAL,India,4,6,2897.00,2171.00,0.000000
IN,TELANGANA,MANTHANI,India,1,0,0.00,0.00,0.000000
IN,UTTAR PRADESH,KAIMGANJ,India,3,3,1771.00,1771.00,0.000000
IN,ODISHA,SORO,India,3,3,1535.86,1073.00,0.000000
IN,UTTARAKHAND,PAURI GARHWAL,India,4,3,1285.00,1285.00,0.000000
IN,KERALA,CHINGOLI,India,2,2,2386.00,2386.00,0.000000
IN,ODISHA,"TANGI, CUTTACK",India,2,4,2955.00,2955.00,0.000000
UNITED STATES,PA,PHILADELPHIA,North America,3543,10737,3287459.93,3178852.57,1.540000
IN,MAHARASHTRA,"BANDRA EAST, MUMBAI",India,2,2,954.00,954.00,0.000000
IN,UTTARAKHAND,RAMNAGAR,India,3,2,1112.00,1112.00,0.000000
IN,ANDHRA PRADESH,KRISHNA,India,4,3,1517.00,937.00,0.000000
IN,HARYANA,ADAMPUR,India,1,1,744.00,744.00,0.000000
IN,RAJASTHAN,RAJSAMAND,India,9,9,10130.00,10130.00,0.000000
IN,MAHARASHTRA,MANSAROVAR (KSMOTHE),India,3,3,1293.00,1293.00,0.000000
IN,MAHARASHTRA,AMBERNATH WEST,India,1,1,301.00,301.00,0.000000
IN,MAHARASHTRA,PIMPRI-CHINCHWAD,India,5,5,2339.00,1487.00,0.000000
IN,TELANGANA,HYDERABAD.,India,3,3,1363.00,894.00,0.000000
IN,ASSAM,DAMARA PATPARA,India,4,4,2398.00,1853.00,0.000000
IN,MADHYA PRADESH,NIWARI,India,3,2,1340.00,1340.00,0.000000
IN,DELHI,HAUZ KHAS,India,1,1,1268.00,1268.00,0.000000
IN,WEST BENGAL,UTTAR KUSUM,India,4,6,4128.00,4128.00,0.000000
IN,ANDHRA PRADESH,"KAVALI,NELLORE DT",India,1,1,771.00,771.00,0.000000
IN,KERALA,THRITHALA,India,1,1,416.00,416.00,0.000000
AUSTRALIA,DC,WASHINGTON,Asia-Pacific,214,653,187915.95,183414.50,0.090000
IN,GUJARAT,BHADARVA,India,2,3,1306.00,1306.00,0.000000
IN,UTTAR PRADESH,BAREILLY,India,146,149,105808.84,99552.00,0.050000
IN,GUJARAT,DABHOI,India,5,5,5092.00,5092.00,0.000000
IN,UTTAR PRADESH,DEEN DAYAL UPADHYAY NAGAR(MUGHALSARAI),India,1,0,0.00,0.00,0.000000
CANADA,NC,CHARLOTTE,North America,309,972,284386.70,270544.30,0.130000
IN,MADHYA PRADESH,BARGAWAN,India,3,1,2054.67,0.00,0.000000
IN,TAMIL NADU,ALWARKURICHI,India,2,1,518.00,518.00,0.000000
UNITED KINGDOM,CA,SAN DIEGO,Europe,248,722,209331.46,201907.54,0.100000
IN,PUNJAB,JALANDHA,India,1,1,1149.00,1149.00,0.000000
IN,UTTAR PRADESH,KHERAGARH,India,2,1,2016.57,1063.00,0.000000
IN,GOA,BENAULIM,India,6,6,2616.00,2616.00,0.000000
IN,UTTAR PRADESH,KADIPUR,India,2,2,1524.00,1524.00,0.000000
IN,ANDHRA PRADESH,NANDIKOTKUR KURNOOL,India,2,4,1556.00,1556.00,0.000000
IN,WEST BENGAL,HOTAR,India,1,1,295.00,295.00,0.000000
IN,KARNATAKA,BENGOLOOR,India,1,1,690.00,690.00,0.000000
IN,BIHAR,HAJIPUR,India,8,8,7097.00,6752.00,0.000000
IN,MAHARASHTRA,LASALGAON,India,3,2,2084.00,2084.00,0.000000
IN,TAMIL NADU,PETTAI,India,3,3,1401.00,1401.00,0.000000
IN,HARYANA,HARYANA,India,2,2,725.00,725.00,0.000000
IN,GUJARAT,BANSDA,India,6,4,2287.10,2009.00,0.000000
IN,JHARKHAND,PATHARDIH,India,2,2,1032.00,1032.00,0.000000
IN,WEST BENGAL,KOLKATA,India,2687,2586,1682046.99,1548194.00,0.790000
IN,UTTAR PRADESH,MODINAGAR,India,19,16,10779.76,10175.00,0.010000
IN,TAMIL NADU,KALUGUMALAI,India,1,1,359.00,359.00,0.000000
IN,MEGHALAYA,CITY,India,1,2,1205.00,1205.00,0.000000
IN,MAHARASHTRA,ALANDI,India,1,1,521.00,521.00,0.000000
IN,WEST BENGAL,RAJARHAT,India,7,8,4068.00,4068.00,0.000000
IN,UTTAR PRADESH,ROBERTSGANJ,India,13,12,10014.00,9615.00,0.000000
IN,KARNATAKA,SHIKARPUR,India,3,2,1550.14,1113.00,0.000000
IN,MADHYA PRADESH,VINDHYA NAGAR NTPC TOWNSHIP,India,12,11,6759.00,5870.00,0.000000
IN,MAHARASHTRA,"NEWASA-PHATA, TAL-NEWASA, DIST-AHMEDNAGAR",India,1,1,1126.00,1126.00,0.000000
IN,KERALA,TRIVARNDRUM,India,1,1,435.00,435.00,0.000000
IN,KERALA,CHENGUVETTY,India,1,0,860.00,0.00,0.000000
IN,KERALA,OTTAPPALAM,India,38,39,25277.00,23842.00,0.010000
IN,BIHAR,KATAIYA,India,1,1,729.00,729.00,0.000000
IN,WEST BENGAL,CHANDRAKONA,India,1,1,999.00,999.00,0.000000
IN,MEGHALAYA,SELSELLA,India,1,1,1138.00,1138.00,0.000000
IN,TELANGANA,MANUGUR,India,5,5,3722.89,2697.00,0.000000
IN,KERALA,KUMBABAD,India,1,1,575.00,575.00,0.000000
IN,KERALA,PONNUR,India,1,1,499.00,499.00,0.000000
IN,TELANGANA,"KATARAM, JAYASHANKAR BHUPALAPALLY DISTRICT",India,3,3,1784.00,1784.00,0.000000
IN,JHARKHAND,HAZARIBAGH,India,45,40,29528.61,27587.00,0.010000
IN,MADHYA PRADESH,NEEMUCH,India,8,6,5288.19,4432.00,0.000000
IN,MAHARASHTRA,MUMBAI 400063,India,1,1,888.00,888.00,0.000000
IN,KARNATAKA,DIST:BAGALKOT    TQ:HUNAGUND     CITY:KUDALSANGAM,India,1,0,0.00,0.00,0.000000
IN,TAMIL NADU,"POLUR,THIRUVANNAMALAI DISTRICT",India,2,2,399.00,399.00,0.000000
IN,CHHATTISGARH,VISHRAMPUR,India,5,5,3334.00,3334.00,0.000000
IN,KERALA,MANIPUZHA KOTTAYAM,India,1,1,267.00,267.00,0.000000
IN,ANDHRA PRADESH,KRISHNA DISTRICT,India,2,2,1592.00,1592.00,0.000000
IN,UTTAR PRADESH,NIVI,India,1,0,0.00,0.00,0.000000
IN,UTTAR PRADESH,BEHAT,India,1,1,468.00,468.00,0.000000
IN,ODISHA,VEDANTA JHARSUGUDA,India,1,1,653.00,653.00,0.000000
IN,RAJASTHAN,PUSHKAR,India,2,3,2155.00,2155.00,0.000000
IN,UTTAR PRADESH,KAMALGANJ,India,1,1,530.00,530.00,0.000000
IN,MAHARASHTRA,"MAHAD, RAIGAD",India,1,1,432.00,432.00,0.000000
IN,DELHI,NEW DELHINEW DELHI,India,1,1,696.00,696.00,0.000000
IN,GUJARAT,NALIYA,India,2,2,1083.00,495.00,0.000000
IN,KARNATAKA,TATTILLI,India,2,2,1390.00,1390.00,0.000000
IN,KERALA,ARANGOTTUKARA,India,1,0,0.00,0.00,0.000000
IN,TAMIL NADU,PAINKULAM,India,3,3,2033.19,1597.00,0.000000
IN,ASSAM,GUWAHATI 29,India,1,1,345.00,345.00,0.000000
IN,MAHARASHTRA,TALEGAON,India,2,2,1064.00,1064.00,0.000000
IN,TAMIL NADU,KAKKALUR,India,2,2,637.00,637.00,0.000000
IN,GOA,SOUTH - GOA,India,1,1,459.00,459.00,0.000000
IN,TAMIL NADU,VANDAVASI,India,1,1,1450.00,1450.00,0.000000
IN,MAHARASHTRA,"DOMBIVLI (EAST), THANE",India,1,1,788.00,788.00,0.000000
IN,GOA,CHIMBELPANJIM,India,1,1,543.00,543.00,0.000000
IN,KARNATAKA,"ULLAL, DERALAKATTE",India,1,1,788.00,788.00,0.000000
IN,ANDHRA PRADESH,CHEBROLE KHANDRIKA,India,1,1,376.00,376.00,0.000000
IN,WEST BENGAL,DARJEELINGD,India,1,1,1287.00,1287.00,0.000000
IN,MAHARASHTRA,NALLASOPARA (EAST),India,5,1,1140.43,589.00,0.000000
IN,MAHARASHTRA,"VASHI, NAVI MUMBAI",India,2,2,1064.00,1064.00,0.000000
IN,HARYANA,JAGADHARI,India,1,0,0.00,0.00,0.000000
IN,KERALA,KANJIRAMKULAM,India,1,1,735.00,735.00,0.000000
IN,GOA,ORLIM SALCETTE,India,1,1,574.00,574.00,0.000000
IN,MAHARASHTRA,"DOMBIVALI (EAST), THANE",India,1,1,399.00,399.00,0.000000
IN,ASSAM,"HOWAJAN,GOHPUR",India,1,1,487.00,487.00,0.000000
IN,RAJASTHAN,GULABPURA,India,2,0,983.81,0.00,0.000000
IN,GOA,"CURTORIM,SOUTH GOA",India,1,1,517.00,517.00,0.000000
IN,PUNJAB,GOINDWAL,India,1,1,460.00,460.00,0.000000
IN,KARNATAKA,TUMKUR DISTRICT,India,1,1,597.00,597.00,0.000000
IN,ASSAM,KAMPUR TOWN,India,1,1,684.00,684.00,0.000000
IN,KERALA,P. O. CHERPU,India,1,1,735.00,735.00,0.000000
IN,UTTAR PRADESH,"KALYANPUR,LUCKNOW",India,2,2,700.00,700.00,0.000000
IN,JHARKHAND,BADKAGAW,India,1,1,487.00,0.00,0.000000
IN,TAMIL NADU,NAGERCOIL,India,85,82,50105.63,37785.00,0.020000
IN,WEST BENGAL,"NEW TOWN, RAJARHAT",India,1,1,574.00,574.00,0.000000
IN,DELHI,GTB NAGAR,India,3,4,2387.00,2387.00,0.000000
IN,JHARKHAND,SIRKA,India,1,1,751.00,751.00,0.000000
IN,MAHARASHTRA,MEHKAR,India,6,4,3060.93,2002.00,0.000000
IN,ANDHRA PRADESH,SRIKAKULAM,India,53,51,31468.05,27765.00,0.010000
IN,KARNATAKA,BANNUR,India,2,0,0.00,0.00,0.000000
IN,TAMIL NADU,THIRUPPARANKUNDRAN,India,1,1,449.00,449.00,0.000000
IN,JAMMU & KASHMIR,BISHNAH,India,1,0,0.00,0.00,0.000000
IN,KARNATAKA,KAMPLI,India,1,1,571.00,571.00,0.000000
IN,TELANGANA,SECUNDERAB,India,1,1,641.00,641.00,0.000000
IN,TAMIL NADU,KOTHANALLUR,India,2,2,1103.00,1103.00,0.000000
IN,MADHYA PRADESH,TEKANPUR GWALIOR,India,1,1,475.00,475.00,0.000000
IN,TAMIL NADU,TAMBARAM,India,6,4,1572.00,1572.00,0.000000
IN,HARYANA,PATAUDI,India,9,8,6401.00,4652.00,0.000000
IN,KERALA,PATHIPPALAM,India,4,2,2870.00,0.00,0.000000
IN,ASSAM,LAKHIPUR CACHAR DISTRICT,India,3,4,1544.00,1544.00,0.000000
IN,ODISHA,TIKARPADA,India,1,1,487.00,487.00,0.000000
IN,HARYANA,RADAUR,India,2,2,2244.00,1122.00,0.000000
IN,JHARKHAND,BOKARO THERMAL,India,1,1,771.00,771.00,0.000000
IN,UTTAR PRADESH,SIDHPURA,India,1,1,495.00,495.00,0.000000
IN,MAHARASHTRA,MUMBAI -13,India,2,2,1407.00,1407.00,0.000000
IN,TAMIL NADU,NAGAMALAIPUDUKOTTAI,India,5,5,2206.00,2206.00,0.000000
IN,WEST BENGAL,KOKKATA,India,1,1,525.00,0.00,0.000000
UNITED STATES,NY,NEW YORK,North America,3441,10320,3149542.46,3021966.06,1.480000
AUSTRALIA,TX,AUSTIN,Asia-Pacific,214,666,204327.10,192349.33,0.100000
IN,UTTAR PRADESH,JHANSI,India,98,93,70634.68,66417.00,0.030000
IN,CHHATTISGARH,JASHPUR,India,2,2,2350.00,0.00,0.000000
IN,WEST BENGAL,BANKURA,India,20,20,14450.95,13770.00,0.010000
IN,UTTAR PRADESH,KASHGANJ,India,1,1,591.00,591.00,0.000000
IN,GUJARAT,PADRA,India,1,1,517.00,517.00,0.000000
IN,ANDHRA PRADESH,PULLA,India,1,1,721.00,721.00,0.000000
IN,KARNATAKA,BENGALORE,India,1,1,743.00,743.00,0.000000
IN,BIHAR,"HAJIPUR, VAISHALI",India,3,3,1787.00,1175.00,0.000000
IN,TAMIL NADU,PENNAGARAM,India,3,3,1909.00,1909.00,0.000000
IN,WEST BENGAL,BELGHORIA,India,4,4,2806.00,2806.00,0.000000
IN,BIHAR,ADAPUR,India,2,2,1320.00,0.00,0.000000
IN,GUJARAT,VYARA,India,12,12,9271.00,8074.00,0.000000
IN,MAHARASHTRA,TALASARI,India,5,6,3528.00,3528.00,0.000000
IN,KARNATAKA,SIDLAGHATTA,India,6,6,5769.00,5769.00,0.000000
IN,DELHI,AYA NAGAR,India,1,0,0.00,0.00,0.000000
IN,TELANGANA,CHENNUR,India,2,2,994.00,994.00,0.000000
IN,WEST BENGAL,BIDHAN NAGAR,India,111,104,67370.01,62690.00,0.030000
IN,HARYANA,ISMAILABAD,India,2,2,1447.00,1447.00,0.000000
IN,RAJASTHAN,BEAWER,India,1,1,666.00,666.00,0.000000
IN,MAHARASHTRA,DIST. RATNAGIRI. ( MOB. NO. 9860115770 ),India,1,1,460.00,460.00,0.000000
IN,ARUNACHAL PRADESH,NAHARLAGUN,India,22,23,19367.00,18203.00,0.010000
IN,CHHATTISGARH,PENDRA,India,2,1,1680.71,835.00,0.000000
IN,TAMIL NADU,BHAVANI,India,10,8,5053.00,5053.00,0.000000
IN,HIMACHAL PRADESH,KASOL,India,1,1,799.00,799.00,0.000000
IN,MADHYA PRADESH,DINDORI,India,4,4,3329.00,3329.00,0.000000
IN,UTTAR PRADESH,MALLAWAN,India,3,1,478.00,478.00,0.000000
IN,KARNATAKA,MALUR,India,3,4,2335.00,2335.00,0.000000
IN,MAHARASHTRA,KALWA,India,1,1,569.00,569.00,0.000000
IN,UTTAR PRADESH,BHINGA,India,3,2,1352.00,1352.00,0.000000
IN,MAHARASHTRA,"DOMBIVALI EAST,",India,1,1,560.00,560.00,0.000000
IN,ARUNACHAL PRADESH,ITANAGAR,India,57,56,41845.52,36372.00,0.020000
IN,KERALA,"PERUNNA, CHANGANACHERRY, KOTTAYAM",India,1,1,406.00,406.00,0.000000
IN,KERALA,PANMANA,India,6,5,1800.00,1800.00,0.000000
IN,MADHYA PRADESH,HIRAPUR,India,1,0,700.00,0.00,0.000000
IN,UTTAR PRADESH,BISHUNIPUR,India,4,4,3215.00,3215.00,0.000000
IN,GUJARAT,GAMBHOI/HIMMATNAGAR,India,1,1,453.00,453.00,0.000000
IN,MADHYA PRADESH,SUSNER,India,3,2,1581.14,1124.00,0.000000
IN,MAHARASHTRA,MURUD,India,6,6,3946.00,3946.00,0.000000
IN,ODISHA,KANTABANJI,India,1,1,399.00,399.00,0.000000
IN,ARUNACHAL PRADESH,NAHARLGUN NIRJULI,India,1,1,1099.00,1099.00,0.000000
IN,ANDHRA PRADESH,CHIPURUPALLE.  VIZIANAGARAM DIST,India,1,1,664.00,664.00,0.000000
IN,DELHI,WEST PATEL NAGAR,India,1,1,518.00,518.00,0.000000
IN,KARNATAKA,MULKY,India,1,1,721.00,721.00,0.000000
IN,KERALA,KALAMASSERYCOCHIN,India,1,1,379.00,379.00,0.000000
IN,KERALA,MANNANCHERY,India,1,1,854.00,854.00,0.000000
IN,UTTAR PRADESH,SEWARHI,India,2,2,1224.00,1224.00,0.000000
IN,ANDHRA PRADESH,GUNDIMEDA,India,2,1,399.00,399.00,0.000000
IN,KERALA,PULIKKAL,India,1,1,569.00,569.00,0.000000
IN,UTTAR PRADESH,INDRAPURI,India,1,1,363.00,363.00,0.000000
IN,MAHARASHTRA,RAIGAD,India,2,2,1924.00,1924.00,0.000000
IN,SIKKIM,MELLI,India,1,0,700.00,0.00,0.000000
IN,UTTAR PRADESH,RATH,India,3,2,593.00,593.00,0.000000
IN,TELANGANA,BODUPPAL,India,1,1,563.00,563.00,0.000000
IN,TAMIL NADU,MADHURAI UTHANGUDI,India,2,3,3322.00,3322.00,0.000000
IN,ANDHRA PRADESH,.GANNAVARAM,India,1,1,832.00,832.00,0.000000
IN,MAHARASHTRA,UDGIR,India,4,3,1942.48,1532.00,0.000000
IN,KARNATAKA,KOTTURU,India,2,2,2126.00,1063.00,0.000000
IN,ANDHRA PRADESH,DACHEPALLI,India,1,1,517.00,517.00,0.000000
IN,WEST BENGAL,MEMARI,India,1,1,690.00,690.00,0.000000
IN,UTTARAKHAND,KALADHUNGI HALDWANI,India,4,3,4167.04,3009.00,0.000000
IN,MAHARASHTRA,AMBERNATH,India,1,1,1163.00,1163.00,0.000000
IN,UTTAR PRADESH,GREATER NOIDA WEST SEC 2,India,2,2,1148.00,1148.00,0.000000
IN,RAJASTHAN,SIRIYASAR KALAN KA BAAS,India,1,1,399.00,399.00,0.000000
IN,PUNJAB,MUKTSAR,India,3,3,2057.00,2057.00,0.000000
IN,TAMIL NADU,ARUMBAVUR,India,1,0,0.00,0.00,0.000000
IN,KERALA,PADIYAM,India,1,1,1112.00,1112.00,0.000000
IN,MAHARASHTRA,NATEPUTE,India,2,1,962.81,459.00,0.000000
IN,MAHARASHTRA,PATAN,India,1,1,788.00,788.00,0.000000
IN,UTTAR PRADESH,HALDAUR DISTRICT BIJNOR,India,1,1,1099.00,1099.00,0.000000
IN,ANDHRA PRADESH,DRAKSHARAMAM,India,2,2,1380.00,1380.00,0.000000
IN,KERALA,"THAIKKATTUKARA P O, ALUVA",India,1,1,788.00,788.00,0.000000
IN,MADHYA PRADESH,BRG SHANGRI-LA  INDORE,India,1,1,549.00,549.00,0.000000
IN,WEST BENGAL,HASNABAD,India,1,1,526.00,526.00,0.000000
IN,ANDHRA PRADESH,"SABBAVARAM,VISAKHAPATNAM",India,2,2,798.00,798.00,0.000000
IN,UTTAR PRADESH,RAYA,India,1,1,696.00,696.00,0.000000
IN,MAHARASHTRA,"TALUKA-SHAHAPUR , DIST- THANE",India,1,1,825.00,825.00,0.000000
IN,TAMIL NADU,TIRUNELVELI-TOWN,India,1,1,435.00,435.00,0.000000
IN,MAHARASHTRA,MADANGAD,India,1,1,666.00,666.00,0.000000
IN,UTTAR PRADESH,KESOPUR SATHLA,India,1,1,612.00,612.00,0.000000
IN,WEST BENGAL,"DEBRA BAZAR, WEST MEDINIPUR",India,1,1,521.00,521.00,0.000000
IN,GUJARAT,UMBARGAM,India,1,1,499.00,499.00,0.000000
IN,HARYANA,SONIPAT,India,107,107,70565.00,65255.00,0.030000
IN,MEGHALAYA,JENGJAL WARIBOK,India,1,1,758.00,0.00,0.000000
IN,TELANGANA,JANGAON,India,9,8,5370.81,4467.00,0.000000
IN,RAJASTHAN,PALI,India,16,15,11099.00,9984.00,0.010000
IN,TAMIL NADU,HARUR,India,2,2,1326.00,1326.00,0.000000
IN,KERALA,KULANADA,India,1,0,350.48,0.00,0.000000
IN,ANDHRA PRADESH,"DUVVA, TANUKU MANDALAM,",India,1,1,1499.00,1499.00,0.000000
IN,TAMIL NADU,EDAIKODU,India,2,2,1089.00,1089.00,0.000000
IN,GUJARAT,MEHMDABAD,India,2,1,755.58,387.00,0.000000
IN,UTTAR PRADESH,SIRSI,India,1,1,345.00,345.00,0.000000
IN,MAHARASHTRA,"ANDHERI WEST, MUMBAI",India,4,3,2290.90,1493.00,0.000000
IN,KARNATAKA,HANAGANDI,India,1,1,626.00,626.00,0.000000
IN,GUJARAT,LUNAWADA,India,9,7,5054.84,3752.00,0.000000
IN,MAHARASHTRA,BEED,India,3,3,1951.00,1951.00,0.000000
IN,MAHARASHTRA,THANA,India,2,2,990.00,990.00,0.000000
IN,KERALA,PARIYARAM,India,2,2,781.00,781.00,0.000000
IN,PUNJAB,DHARIWAL. TEH & DISTT GURDASPUR,India,1,1,376.00,376.00,0.000000
IN,MAHARASHTRA,DARYAPUR BANOSA,India,4,4,2186.00,2186.00,0.000000
IN,UTTAR PRADESH,BAGHPAT,India,9,8,6343.00,6343.00,0.000000
IN,KERALA,QUILANDY,India,6,6,3978.00,3978.00,0.000000
IN,MAHARASHTRA,BASMATH,India,3,2,1960.19,1424.00,0.000000
IN,ASSAM,BELTOLA GUWAHATI,India,1,1,850.00,850.00,0.000000
IN,UTTAR PRADESH,BINDKI,India,4,4,3006.00,3006.00,0.000000
IN,KERALA,MULAVUKAD,India,2,2,1620.00,1620.00,0.000000
IN,GUJARAT,KOSAMBA,India,8,8,5224.00,4576.00,0.000000
IN,BIHAR,KHAGARIA,India,4,4,2320.00,2320.00,0.000000
IN,ODISHA,DIGAPAHANDI,India,2,1,612.00,612.00,0.000000
IN,PUNJAB,FATEHGARH PANJTOOR,India,3,3,2232.00,2232.00,0.000000
IN,KERALA,KOTTAYAM DIST,India,3,2,1901.43,1350.00,0.000000
IN,KARNATAKA,BENGALUR,India,3,3,1212.00,1212.00,0.000000
IN,ANDHRA PRADESH,ATMAKUR SRI POTTI SRIRAMULU,India,8,7,4739.00,4359.00,0.000000
IN,ODISHA,BHUBANESWARB,India,1,1,771.00,771.00,0.000000
IN,GOA,QUEPEM,India,20,22,13335.00,12958.00,0.010000
IN,UTTAR PRADESH,MAWANA MEERUT,India,1,0,350.48,0.00,0.000000
IN,UTTAR PRADESH,GHAZIYABAD,India,2,1,416.00,416.00,0.000000
IN,KARNATAKA,CHINTAMANI,India,11,11,6300.14,5703.00,0.000000
IN,KERALA,PARASSALA,India,4,3,1779.00,1779.00,0.000000
IN,TELANGANA,NARSAMPET,India,6,6,3812.00,3812.00,0.000000
IN,WEST BENGAL,MATLA,India,5,5,2727.00,2727.00,0.000000
IN,KERALA,KIZHUPARAMBA,India,3,3,1981.00,1981.00,0.000000
IN,KERALA,POTTORE,India,9,9,6776.00,6776.00,0.000000
IN,MAHARASHTRA,KANDIVALI EAST MUMBAI,India,3,3,2011.00,2011.00,0.000000
IN,RAJASTHAN,MANDAWA,India,3,2,1356.00,1356.00,0.000000
IN,ANDHRA PRADESH,DARSI,India,2,2,862.00,862.00,0.000000
IN,HARYANA,GURGOAN,India,1,1,1163.00,1163.00,0.000000
IN,ANDHRA PRADESH,DOWLESWARAM,India,6,6,3936.00,3936.00,0.000000
IN,ODISHA,PALURGADA,India,1,1,699.00,699.00,0.000000
CANADA,OH,COLUMBUS,North America,272,799,254638.14,248104.35,0.120000
IN,TELANGANA,"MAKTHAL,NARAYANPET DIST",India,4,4,1949.00,1949.00,0.000000
IN,ODISHA,JSPL TOWN ANUGUL TOWNSHIP,India,1,1,363.00,363.00,0.000000
IN,MEGHALAYA,UMLING,India,2,2,966.00,966.00,0.000000
IN,ANDHRA PRADESH,TANUKU,India,17,19,10085.00,10085.00,0.000000
IN,TELANGANA,PEDAPALLI,India,1,1,736.00,736.00,0.000000
IN,RAJASTHAN,KAPRAIN,India,1,1,1354.00,1354.00,0.000000
IN,KERALA,"ATTINGAL,  KOCHALUMOODU",India,1,1,459.00,459.00,0.000000
IN,TELANGANA,ELGAID,India,1,1,301.00,301.00,0.000000
IN,MADHYA PRADESH,BURHANPUR,India,10,16,10960.25,8664.00,0.010000
IN,KERALA,"KADAPARA, TIRUVALLA",India,1,1,1473.00,1473.00,0.000000
IN,TAMIL NADU,KILAPAVOOR,India,1,1,241.00,241.00,0.000000
IN,UTTARAKHAND,BHIMTAAL,India,13,9,6368.00,5769.00,0.000000
IN,MAHARASHTRA,KODOLI PANHALA,India,1,1,635.00,635.00,0.000000
IN,BIHAR,MUZAFFARPUR,India,105,88,70165.85,61253.00,0.030000
IN,MAHARASHTRA,PACHORA,India,4,4,2306.00,2306.00,0.000000
IN,MAHARASHTRA,DOMBIVLI (EAST),India,3,3,1392.00,1392.00,0.000000
IN,KERALA,NANMANDA,India,4,3,1554.38,1262.00,0.000000
IN,ANDHRA PRADESH,"SATTENAPALLI(MD),GUNTUR(DT)",India,2,2,1488.00,744.00,0.000000
IN,GOA,REIS MAGOS,India,6,6,3672.00,3672.00,0.000000
IN,GUJARAT,KARJAN,India,2,2,1619.00,1619.00,0.000000
IN,TELANGANA,MIRYAGUDEM,India,1,1,376.00,376.00,0.000000
IN,MAHARASHTRA,"AMBARNATH, WEST",India,1,1,744.00,744.00,0.000000
AUSTRALIA,NY,NEW YORK,Asia-Pacific,210,636,199294.42,196423.21,0.090000
IN,UTTAR PRADESH,AFZALGARH,India,2,2,1708.00,1708.00,0.000000
IN,MAHARASHTRA,RISOD,India,2,2,828.00,828.00,0.000000
IN,RAJASTHAN,KISHANGARH (AJMER),India,1,1,546.00,546.00,0.000000
IN,ODISHA,"BHUBANESWAR,",India,1,0,1359.82,0.00,0.000000
IN,JAMMU & KASHMIR,BHALWAL,India,3,3,2311.00,2311.00,0.000000
IN,TAMIL NADU,CHENGELPET,India,2,0,475.24,0.00,0.000000
IN,HIMACHAL PRADESH,JUNGA,India,1,1,597.00,597.00,0.000000
IN,TELANGANA,SIRCILLA,India,6,5,2747.00,2747.00,0.000000
IN,ANDHRA PRADESH,ULAVAPADU,India,2,2,1486.00,1486.00,0.000000
IN,KERALA,"RAJAGIRI VALLEY P O, KAKKANAD",India,1,1,771.00,771.00,0.000000
IN,MANIPUR,SEKMAI BAZAR,India,1,1,771.00,771.00,0.000000
IN,DELHI,PITAMPURA,India,1,2,698.00,698.00,0.000000
IN,MAHARASHTRA,VILE BHAGAD MIDC,India,1,1,999.00,999.00,0.000000
IN,JHARKHAND,SERAIKELLA,India,1,0,427.62,0.00,0.000000
IN,JHARKHAND,CHARHI,India,1,1,665.00,665.00,0.000000
IN,MAHARASHTRA,SHIRUR KASAR,India,1,1,852.00,852.00,0.000000
IN,GUJARAT,KANDLA,India,2,2,2198.00,2198.00,0.000000
IN,GOA,"NUVEM.   ( DO NOT RING THE DOOR BELL, CALL B4 COMG",India,4,6,3645.00,3645.00,0.000000
IN,MAHARASHTRA,FORT (MUMBAI),India,1,1,499.00,499.00,0.000000
IN,MAHARASHTRA,VAIBHAWADI,India,2,2,1089.00,1089.00,0.000000
IN,TELANGANA,MUSHEERABAD,India,1,1,399.00,399.00,0.000000
IN,WEST BENGAL,"KOLKATA,SINTHI",India,1,1,885.00,885.00,0.000000
IN,ASSAM,"KATHIATOLI,NAGAON",India,1,0,734.29,0.00,0.000000
IN,ANDHRA PRADESH,"ATMAKUR, MANGALAGIRI",India,1,1,363.00,363.00,0.000000
IN,WEST BENGAL,SWARUPNAGAR PS,India,1,1,677.00,677.00,0.000000
IN,MAHARASHTRA,SONPETH,India,1,1,471.00,471.00,0.000000
IN,HIMACHAL PRADESH,GAGRET,India,2,2,918.00,918.00,0.000000
IN,GUJARAT,AHMEDABAD 380014,India,1,1,459.00,459.00,0.000000
IN,TAMIL NADU,SULAKKARAI MEDU,India,1,1,696.00,696.00,0.000000
IN,KERALA,N. PARAVUR,India,1,1,487.00,487.00,0.000000
IN,GUJARAT,AHMDABAD,India,1,1,653.00,653.00,0.000000
IN,BIHAR,BANMANKHI BAZAR,India,1,0,1194.64,0.00,0.000000
IN,WEST BENGAL,"HALDIA, PURBA MEDINIPUR",India,1,1,725.00,725.00,0.000000
IN,GUJARAT,VADALI,India,1,1,1442.00,1442.00,0.000000
IN,KERALA,VIA KALLIASSERI,India,1,1,469.00,469.00,0.000000
IN,ANDHRA PRADESH,T.NARASAPURAM MANDALAM,India,1,1,359.00,359.00,0.000000
IN,MAHARASHTRA,PUNE 411030,India,1,1,588.00,588.00,0.000000
IN,UTTARAKHAND,KALADHUNGI,India,41,37,29184.96,23632.00,0.010000
IN,PUNJAB,HOSHIARPUR-146111,India,1,1,567.00,567.00,0.000000
IN,KERALA,"KAYAMKULAM,ALAPPUZHA",India,1,1,399.00,399.00,0.000000
IN,WEST BENGAL,BELDANGA,India,4,4,2907.00,2186.00,0.000000
IN,MAHARASHTRA,ALIBAG,India,10,9,5212.67,4227.00,0.000000
IN,ASSAM,JAGIROAD,India,1,1,1075.00,1075.00,0.000000
IN,KERALA,"KAKKANAD,ERNAKULAM",India,1,1,363.00,363.00,0.000000
IN,KARNATAKA,BAJPE,India,1,1,399.00,399.00,0.000000
IN,KARNATAKA,SAKLESHPUR,India,4,3,2784.62,1171.00,0.000000
IN,UTTARAKHAND,HALDWANI. (DISTRICT: NAINITAL),India,1,1,421.00,421.00,0.000000
IN,ANDHRA PRADESH,PILERU,India,14,13,11020.82,9661.00,0.010000
IN,UTTAR PRADESH,FIROZABAD,India,12,12,8907.00,7389.00,0.000000
IN,TAMIL NADU,VELLORE DISTRICT,India,4,2,1944.10,1406.00,0.000000
INDIA,AZ,PHOENIX,Global,697,2097,651651.66,632524.86,0.310000
IN,KERALA,"AZHIKODE ,KANNUR",India,2,2,1467.00,1467.00,0.000000
IN,TELANGANA,MY HOME INDUSTRIES PVT LTD,India,1,1,405.00,405.00,0.000000
IN,UTTAR PRADESH,TANDA AMBEDKAR NAGAR DISTRICT,India,3,4,3281.00,3281.00,0.000000
IN,PUNJAB,BARNALA,India,7,6,4457.00,4081.00,0.000000
IN,KARNATAKA,RIPPONPETE,India,1,1,751.00,751.00,0.000000
IN,TAMIL NADU,VELLORE,India,167,167,104361.53,98968.00,0.050000
IN,KARNATAKA,"HIRIYUR, CHITRADURGA DISTRICT",India,1,1,999.00,999.00,0.000000
UNITED KINGDOM,TX,HOUSTON,Europe,230,689,209248.54,200452.99,0.100000
IN,HIMACHAL PRADESH,BADDI,India,12,9,5636.19,5240.00,0.000000
IN,KERALA,"CHENGANNUR, ALAPPUZHA DISTRICT",India,2,3,1962.00,1962.00,0.000000
IN,KERALA,SULTAN BATHERY,India,1,1,721.00,721.00,0.000000
IN,ANDHRA PRADESH,NARASANNAPETA,India,3,3,1652.00,1652.00,0.000000
IN,TAMIL NADU,POLUR TIRUVANNAMALAI,India,1,1,399.00,399.00,0.000000
IN,UTTAR PRADESH,FATEHPUR BARA BANKI DISTRICT,India,2,2,1356.00,1356.00,0.000000
IN,TELANGANA,WANAPARTHY,India,12,11,6996.00,6296.00,0.000000
IN,ANDHRA PRADESH,NELLORE DISTRICT,India,2,1,476.00,476.00,0.000000
IN,MAHARASHTRA,BID,India,8,8,4520.00,4520.00,0.000000
IN,WEST BENGAL,"BALLY, BALLY STATION",India,1,1,435.00,435.00,0.000000
IN,MADHYA PRADESH,DEWAS,India,21,20,11361.95,10224.00,0.010000
IN,UTTAR PRADESH,DHAURA TANDA,India,2,3,2086.00,2086.00,0.000000
IN,GUJARAT,CHANDKHEDA,India,2,2,1003.00,1003.00,0.000000
IN,UTTAR PRADESH,VRINDAVAN- 281121,India,1,0,0.00,0.00,0.000000
IN,DELHI,NAJAFGARH,India,3,4,3600.00,3600.00,0.000000
IN,HIMACHAL PRADESH,DISTRICT MANDI,India,2,2,1730.00,1730.00,0.000000
IN,RAJASTHAN,KEKRI,India,2,2,938.00,938.00,0.000000
IN,ANDHRA PRADESH,BANAGANAPALLI,India,1,1,353.00,0.00,0.000000
IN,GUJARAT,NEAR BPTP ASTAIRE GARDEN/M3M ESCALA,India,2,2,1676.00,1676.00,0.000000
IN,UTTAR PRADESH,SHIKOHABAD,India,8,5,3019.86,2357.00,0.000000
IN,ANDHRA PRADESH,MOVVA. MANDAL,India,1,1,1137.00,1137.00,0.000000
IN,DELHI,DWARKA,India,10,10,7171.00,7171.00,0.000000
IN,BIHAR,ARERAJ,India,4,6,4963.00,4963.00,0.000000
IN,PUNJAB,"RAYYA, AMRITSAR",India,1,0,0.00,0.00,0.000000
IN,MADHYA PRADESH,KHAJURAHO,India,6,7,5402.00,3267.00,0.000000
IN,MAHARASHTRA,PUNE 411060,India,1,1,491.00,491.00,0.000000
IN,TELANGANA,CHELPUR,India,1,1,659.00,659.00,0.000000
IN,JHARKHAND,CHATRA,India,3,3,2030.00,2030.00,0.000000
IN,DELHI,VIPIN GARDEN,India,1,1,1115.00,1115.00,0.000000
IN,GOA,GOA VELHA,India,8,8,5799.00,5799.00,0.000000
IN,BIHAR,PURNEA,India,7,5,6042.06,3252.00,0.000000
IN,UTTAR PRADESH,"MOGRA BADSHAHPUR, JAUNPUR",India,1,1,788.00,788.00,0.000000
IN,HIMACHAL PRADESH,KALA AMB,India,1,1,357.00,357.00,0.000000
IN,KARNATAKA,GIRINAGAR 4TH PHASE,India,1,1,743.00,743.00,0.000000
IN,KARNATAKA,SIRALKOPPA,India,2,2,1479.00,1479.00,0.000000
IN,ODISHA,CHIKITI,India,1,1,493.00,493.00,0.000000
IN,BIHAR,MUZAFFARPURINDIA,India,1,1,635.00,635.00,0.000000
IN,MAHARASHTRA,WASHIM,India,8,8,4614.00,4238.00,0.000000
IN,ASSAM,SONITPUR,India,1,1,665.00,665.00,0.000000
IN,MAHARASHTRA,PALGHAR( EAST),India,1,1,999.00,999.00,0.000000
IN,WEST BENGAL,DIAMOND HARBOUR,India,9,9,5531.00,5531.00,0.000000
IN,MAHARASHTRA,BHANDARA MIDC,India,1,1,435.00,0.00,0.000000
IN,WEST BENGAL,BURDWAN,India,73,71,47613.96,44781.00,0.020000
IN,MAHARASHTRA,AMBEJOGAI,India,6,9,6144.00,6144.00,0.000000
IN,HIMACHAL PRADESH,SANTOKHGARH,India,2,5,2099.00,2099.00,0.000000
IN,TAMIL NADU,MUTHUR,India,1,1,468.00,468.00,0.000000
IN,KERALA,"VENNALA, ERANAKULAM",India,1,1,301.00,301.00,0.000000
IN,KERALA,"KAKKANAD, ERNAKULAM",India,1,1,631.00,631.00,0.000000
IN,UTTAR PRADESH,JATARI,India,6,5,3196.00,3196.00,0.000000
IN,TELANGANA,AMANGAL,India,1,1,1163.00,1163.00,0.000000
IN,PUNJAB,BEAS,India,1,1,399.00,399.00,0.000000
IN,ANDHRA PRADESH,ELCHURU,India,1,1,345.00,345.00,0.000000
IN,BIHAR,MAJHAULIA,India,2,2,1648.00,1648.00,0.000000
IN,KERALA,NILAMBUR,India,13,12,11096.01,9196.00,0.010000
IN,MAHARASHTRA,MUMBAI-400064,India,2,2,1459.00,1459.00,0.000000
IN,UTTAR PRADESH,MUZAFFARNAGAR,India,47,45,33227.15,30177.00,0.020000
IN,ASSAM,NAMRUP,India,1,0,0.00,0.00,0.000000
IN,ASSAM,RANGIA PART,India,3,3,1697.00,1697.00,0.000000
IN,GUJARAT,"ADIPUR, GANDHIDHAM",India,1,1,787.00,787.00,0.000000
IN,TAMIL NADU,UTHUKKOTTAI,India,3,3,1149.00,1149.00,0.000000
IN,MAHARASHTRA,AUSA,India,1,1,788.00,788.00,0.000000
IN,BIHAR,JHANJHARPUR RS,India,1,1,659.00,659.00,0.000000
IN,MANIPUR,LAMLAI,India,1,1,319.00,319.00,0.000000
IN,ANDHRA PRADESH,BANAGANAPALLE,India,1,1,885.00,885.00,0.000000
IN,WEST BENGAL,DIST : NADIA,India,2,2,1756.00,1756.00,0.000000
IN,MAHARASHTRA,"BANER,PUNE",India,1,1,771.00,771.00,0.000000
IN,KARNATAKA,"BANTWAL TALUK, DAKSHINA KANNADA",India,1,0,0.00,0.00,0.000000
IN,KERALA,PERUMBALA,India,1,0,0.00,0.00,0.000000
IN,ASSAM,ANAND NAGAR,India,2,1,868.38,376.00,0.000000
IN,KERALA,ELOOR,India,2,2,1348.00,1348.00,0.000000
IN,MAHARASHTRA,ALANDI PUNE,India,1,1,716.00,716.00,0.000000
IN,TELANGANA,"MALKAJGIRI, HYDERABAD",India,1,1,771.00,771.00,0.000000
IN,BIHAR,BARAULI,India,1,1,797.00,797.00,0.000000
IN,TAMIL NADU,VANIYAMBADI TIRPATTUR DISTRICT,India,2,2,974.00,487.00,0.000000
IN,UTTAR PRADESH,SIRSAGANJ,India,4,1,2471.38,759.00,0.000000
IN,GUJARAT,KHAROD,India,1,1,563.00,563.00,0.000000
IN,KERALA,"KANJIRAPPALLY, KOTTAYAM",India,2,2,1542.00,1542.00,0.000000
IN,TAMIL NADU,THIRUPPORUR,India,1,1,1238.00,1238.00,0.000000
IN,GUJARAT,SHEHERA,India,4,2,1796.20,460.00,0.000000
IN,KERALA,MALAPPURAM P O,India,3,8,3065.00,3065.00,0.000000
IN,HIMACHAL PRADESH,YOI CANTT,India,1,1,645.00,645.00,0.000000
IN,MAHARASHTRA,AMRAVATI.,India,1,1,399.00,399.00,0.000000
IN,WEST BENGAL,"SALKIA, HOWRAH",India,1,0,700.95,0.00,0.000000
IN,UTTAR PRADESH,LAKHIMPUR-KHERI,India,1,1,544.00,544.00,0.000000
IN,KARNATAKA,MYSORE DISTRICT,India,1,2,1398.00,1398.00,0.000000
IN,KARNATAKA,"KADRI, MANGALURU, DAKSHINA KANNADA (D)",India,1,1,363.00,363.00,0.000000
IN,JHARKHAND,POST-BOKARO THERMAL DIST- BOKARO,India,1,1,1338.00,1338.00,0.000000
IN,KERALA,TALIPARAMBA KANNUR,India,2,2,2000.00,2000.00,0.000000
IN,UTTAR PRADESH,AGRA 282005,India,1,1,721.00,721.00,0.000000
IN,KERALA,PERINTALMANNA,India,1,1,666.00,666.00,0.000000
IN,TELANGANA,PEDDAPALLY,India,1,1,1063.00,1063.00,0.000000
IN,KARNATAKA,"ALURU ,HASSAN DISTRICT",India,1,0,953.57,0.00,0.000000
IN,WEST BENGAL,MASLANDAPUR,India,1,1,491.00,491.00,0.000000
IN,ANDHRA PRADESH,PEDAPADU MANDAL,India,1,1,760.00,760.00,0.000000
IN,KERALA,KURUPPAPADY (VIA),India,1,1,685.00,685.00,0.000000
IN,KARNATAKA,BENGALURU-28,India,1,1,999.00,999.00,0.000000
IN,UTTARAKHAND,TANAKPUR,India,9,8,5453.00,5453.00,0.000000
IN,PUNJAB,MOHALI ZIRAKPUR,India,1,1,319.00,319.00,0.000000
IN,UTTAR PRADESH,KATRA SHAHJAHANPUR DISTRICT,India,1,1,999.00,999.00,0.000000
IN,PUDUCHERRY,NELLITHOPE,India,1,1,544.00,544.00,0.000000
IN,BIHAR,BIHTA BEGUSARAI DISTRICT,India,2,2,911.00,911.00,0.000000
IN,Metro Hub,DELHI,India,65802,152415,12753899.00,12686765.00,5.990000
IN,GUJARAT,JETPUR,India,2,2,1511.00,1511.00,0.000000
IN,TELANGANA,HAYATHNAGAR,India,2,3,2155.00,2155.00,0.000000
UNITED KINGDOM,TX,DALLAS,Europe,274,815,245635.92,241993.32,0.120000
IN,KERALA,CHITTETHUKARA,India,2,2,1123.00,1123.00,0.000000
IN,WEST BENGAL,BELDA,India,1,1,788.00,788.00,0.000000
IN,ODISHA,GUNUPUR,India,7,7,3910.00,3910.00,0.000000
IN,TRIPURA,PANISAGAR,India,1,1,1329.00,1329.00,0.000000
IN,GOA,PANAJI,India,97,91,54570.57,50534.00,0.030000
IN,RAJASTHAN,NEEM KA THANA,India,5,3,3235.19,2159.00,0.000000
IN,MADHYA PRADESH,INDORE,India,525,511,340335.77,319403.00,0.160000
IN,KERALA,OKKAL,India,1,0,0.00,0.00,0.000000
IN,MAHARASHTRA,SHRIRAMPUR,India,10,11,6887.00,6887.00,0.000000
IN,MAHARASHTRA,CHINCHWAD,India,1,1,791.00,791.00,0.000000
IN,UTTAR PRADESH,BAHJOI,India,3,3,1909.00,1909.00,0.000000
IN,MADHYA PRADESH,PASAN,India,1,1,741.00,741.00,0.000000
IN,KERALA,KANJIKODE,India,2,1,680.00,680.00,0.000000
IN,KARNATAKA,MYSURU,India,400,377,259682.79,228971.00,0.120000
IN,KERALA,KATTAPPANA,India,6,5,4220.48,3530.00,0.000000
IN,KARNATAKA,RAMANAGARA,India,5,5,3603.00,3603.00,0.000000
IN,BIHAR,BUXAR,India,17,16,14014.00,14014.00,0.010000
IN,MAHARASHTRA,KEDGAON,India,3,1,1284.00,1284.00,0.000000
IN,KARNATAKA,"BRAHMAVAR, UDUPI",India,1,1,825.00,825.00,0.000000
IN,WEST BENGAL,BELGHARIA NIMTA,India,1,1,376.00,376.00,0.000000
IN,KARNATAKA,SIRSI,India,28,26,18276.00,17286.00,0.010000
IN,WEST BENGAL,JHANTI PAHARI,India,1,0,0.00,0.00,0.000000
IN,PUNJAB,SANAUR,India,2,2,677.00,677.00,0.000000
IN,UTTAR PRADESH,SARSAWAN,India,2,1,633.00,633.00,0.000000
IN,KARNATAKA,VENKATAPURA,India,2,0,1454.29,0.00,0.000000
IN,BIHAR,DEHRI ON SONE,India,3,7,7164.00,7164.00,0.000000
IN,KARNATAKA,ULLAL,India,35,33,20875.67,15647.00,0.010000
IN,UTTAR PRADESH,GYANPUR,India,2,2,895.00,895.00,0.000000
IN,UTTAR PRADESH,BABUGARH,India,3,3,2429.00,2429.00,0.000000
IN,RAJASTHAN,CHITTAURGARH,India,9,8,5706.00,5706.00,0.000000
IN,KERALA,CHEGANNUR,India,1,0,0.00,0.00,0.000000
AUSTRALIA,WA,SEATTLE,Asia-Pacific,232,715,189909.97,184381.58,0.090000
IN,MAHARASHTRA,NANDGAON,India,1,1,435.00,435.00,0.000000
IN,KERALA,"PEROLE,NILESHWAR P.O, KASARAGOD DISTRICT",India,3,3,1883.00,1883.00,0.000000
IN,MAHARASHTRA,VARANGAON,India,8,6,4564.00,3452.00,0.000000
IN,BIHAR,MOTIHARI,India,31,29,23439.81,22936.00,0.010000
IN,TELANGANA,SHAMSHABAD,India,3,3,1270.00,1270.00,0.000000
IN,KERALA,KOCHI,India,183,182,129924.92,116423.00,0.060000
IN,KERALA,TALIKKULAM,India,6,6,3982.00,3982.00,0.000000
IN,MADHYA PRADESH,WEST NIMAR,India,5,3,6727.21,3554.00,0.000000
IN,MAHARASHTRA,KHARGHAR,India,3,3,2559.00,2559.00,0.000000
IN,MAHARASHTRA,URAN ISLAMPUR,India,6,6,4292.00,4292.00,0.000000
IN,JHARKHAND,MAHESHPUR,India,1,0,655.24,0.00,0.000000
IN,MAHARASHTRA,THANK,India,1,1,625.00,625.00,0.000000
IN,TAMIL NADU,NATCHIARKOIL,India,2,1,1242.90,301.00,0.000000
IN,UTTAR PRADESH,CHIRGAON,India,2,2,1618.00,1618.00,0.000000
IN,MAHARASHTRA,DEHU CANTT CIVIL TOWNSHIP,India,1,1,471.00,471.00,0.000000
IN,KERALA,PINARAYI,India,7,7,5453.00,5453.00,0.000000
IN,RAJASTHAN,MERTA CITY,India,3,1,1399.00,1399.00,0.000000
IN,RAJASTHAN,RAJGARH ALWAR DISTRICT,India,1,1,788.00,788.00,0.000000
IN,TAMIL NADU,PONNERI,India,7,5,3064.24,1946.00,0.000000
IN,UTTARAKHAND,"KOTDWARA,PAURI GARHWAL",India,1,1,824.00,824.00,0.000000
IN,KERALA,PULPALLY,India,3,2,2268.29,1534.00,0.000000
IN,PUNJAB,BALACHAUR,India,5,5,2766.00,2766.00,0.000000
IN,ASSAM,ABHAYAPURI,India,2,2,1034.00,1034.00,0.000000
IN,CHHATTISGARH,BHILAI,India,123,110,69033.00,62523.00,0.030000
IN,MADHYA PRADESH,PIPARIYA,India,6,5,3240.00,3240.00,0.000000
IN,KARNATAKA,SATAGALLI 1ST STAGE,India,2,2,1194.00,1194.00,0.000000
IN,TAMIL NADU,SINGAPERUMALKOIL,India,1,1,435.00,435.00,0.000000
IN,KERALA,"CHITTETHUKARA, KAKKANAD,COCHIN",India,1,1,735.00,735.00,0.000000
IN,ASSAM,JAMUGURIHAT,India,1,1,1173.00,1173.00,0.000000
IN,TELANGANA,"BAPU NAGAR, SANJEEVA REDDY NAGAR, HYDERABAD",India,1,2,1031.00,1031.00,0.000000
IN,ANDHRA PRADESH,VADDESWARAM,India,1,1,524.00,524.00,0.000000
IN,HARYANA,"SAFIDON, DITT. JIND",India,1,1,1186.00,1186.00,0.000000
IN,PUNJAB,LUDHIANALUDHIANA,India,1,1,399.00,399.00,0.000000
IN,UTTAR PRADESH,NOIDA. GAUTAM BUDDH NAGAR,India,1,1,342.00,342.00,0.000000
IN,BIHAR,ASARGANJ,India,1,1,969.00,969.00,0.000000
IN,KARNATAKA,"MAHALAKSHMI LAYOUT, BANAGALORE",India,1,1,517.00,517.00,0.000000
IN,KERALA,KOOTTILANGADI,India,2,2,1998.00,999.00,0.000000
IN,MADHYA PRADESH,JHINGURDA,India,1,1,563.00,563.00,0.000000
IN,KERALA,"MUVATTUPUZHA , ERNAKULAM DST",India,1,1,635.00,635.00,0.000000
IN,KARNATAKA,CHANDAPURA,India,1,1,382.00,382.00,0.000000
IN,BIHAR,MANPUR ABGILLA DEVI ASTHAN,India,1,1,597.00,597.00,0.000000
IN,KERALA,DEVIKULAM,India,1,1,449.00,449.00,0.000000
IN,KERALA,KALLARA/ KOTTAYAM,India,2,2,812.00,406.00,0.000000
IN,UTTAR PRADESH,SHAHABAD,India,1,1,388.00,388.00,0.000000
IN,UTTAR PRADESH,REOTI,India,1,0,0.00,0.00,0.000000
IN,PUNJAB,"LUDHIANA, PUNJAB (INDIA)",India,1,1,486.00,486.00,0.000000
IN,KERALA,THRIKKAKKARA,India,1,1,988.00,988.00,0.000000
IN,TAMIL NADU,KALPAKKAM,India,1,0,0.00,0.00,0.000000
IN,PUNJAB/MOHALI/ZIRAKPUR,ZIRAKPUR,India,1,1,568.00,568.00,0.000000
IN,MAHARASHTRA,MOSHI PRADHIKARAN,India,2,2,875.00,875.00,0.000000
IN,MAHARASHTRA,"UTTAN, THANE",India,1,1,771.00,771.00,0.000000
IN,GUJARAT,BARWALA,India,1,1,725.00,725.00,0.000000
IN,TELANGANA,RANGAAREDDY,India,1,1,1281.00,1281.00,0.000000
IN,KARNATAKA,RAICHUR-584101,India,1,1,744.00,744.00,0.000000
IN,RAJASTHAN,NIWAI INDUSTRIAL AREA,India,2,2,1167.00,1167.00,0.000000
IN,DELHI,EAST ARJUN NAGAR,India,2,2,1878.00,939.00,0.000000
IN,PUNJAB,KAUNTARPUR,India,1,1,487.00,487.00,0.000000
IN,KERALA,"GURUVAYUR, THRISSUR",India,1,1,499.00,499.00,0.000000
GLOBAL,UNKNOWN,UNKNOWN,Global,37432,37432,16395599.19,16395599.19,7.700000
CANADA,NY,NEW YORK,North America,296,904,297644.98,290769.75,0.140000
IN,GOA,DONA PAULA,India,2,2,1959.00,1442.00,0.000000
IN,KERALA,MUTHUKULAM,India,3,3,1715.00,1715.00,0.000000
IN,JHARKHAND,KANKE,India,12,10,10240.97,8609.00,0.000000
IN,KERALA,"POOTHAKKULAM,PARIPPALLY",India,1,1,771.00,771.00,0.000000
IN,UTTAR PRADESH,LONI,India,32,32,19093.00,19093.00,0.010000
IN,ASSAM,RANGIA,India,10,9,8601.79,5638.00,0.000000
IN,PUNJAB,SANGRUR  AFTER 4:00 PM,India,1,1,1149.00,1149.00,0.000000
IN,MADHYA PRADESH,SEHORE,India,25,20,12666.57,12178.00,0.010000
IN,ODISHA,RAIRANGPUR,India,6,6,3896.00,3896.00,0.000000
IN,UTTAR PRADESH,FATEHPUR FATEHPUR DISTRICT,India,17,14,11394.62,9587.00,0.010000
IN,UTTARAKHAND,"CHAKRATA ROAD, DEHRADUN",India,1,1,735.00,735.00,0.000000
IN,BIHAR,ARRAH,India,24,21,16430.00,12821.00,0.010000
IN,UTTAR PRADESH,PRATAPGARH,India,7,5,3424.86,2702.00,0.000000
IN,WEST BENGAL,DHUBULIA,India,1,1,399.00,399.00,0.000000
IN,KERALA,MUZHAPPILANGAD,India,2,3,2281.00,2281.00,0.000000
IN,ASSAM,BARPETA ROAD,India,5,5,3355.00,3355.00,0.000000
INDIA,CO,DENVER,Global,776,2296,695065.05,675439.64,0.330000
IN,MAHARASHTRA,PALGHAR,India,25,24,14869.67,13397.00,0.010000
IN,DELHI,NEW DELHI 110023,India,1,1,432.00,432.00,0.000000
IN,WEST BENGAL,ALIPORE KOLKATA,India,5,5,3940.00,1576.00,0.000000
IN,TAMIL NADU,"MADURAVOIL,CHENNAI",India,1,1,597.00,597.00,0.000000
IN,KARNATAKA,BENGALURU-560085,India,2,2,754.00,754.00,0.000000
IN,GOA,DABOLIM,India,1,1,301.00,301.00,0.000000
INDIA,CA,SAN FRANCISCO,Global,771,2319,713694.89,692536.03,0.340000
IN,TELANGANA,QUTUBULLAPUR,India,1,0,358.10,0.00,0.000000
IN,WEST BENGAL,SHYAMDHAN,India,2,4,2359.00,2359.00,0.000000
IN,UTTAR PRADESH,"PHULPUR,ALLAHABAD",India,2,2,2267.00,2267.00,0.000000
IN,ASSAM,NAGAON,India,52,50,32650.67,27286.00,0.020000
IN,ANDHRA PRADESH,YELESWARAM,India,5,5,3076.00,3076.00,0.000000
IN,WEST BENGAL,RATANPOTA,India,1,1,399.00,399.00,0.000000
IN,HIMACHAL PRADESH,KULLU,India,24,21,14062.48,11942.00,0.010000
IN,WEST BENGAL,CHITRANJAN,India,1,1,533.00,533.00,0.000000
IN,HARYANA,PANCHKULA,India,136,128,95822.19,86390.00,0.050000
IN,MAHARASHTRA,DAHISAR EAST MUMBAI,India,2,1,1435.00,735.00,0.000000
IN,GUJARAT,BODELI,India,1,1,1163.00,1163.00,0.000000
IN,KARNATAKA,KGF,India,5,6,4201.00,4201.00,0.000000
IN,RAJASTHAN,UDAIPUR MAVLI,India,1,1,319.00,319.00,0.000000
IN,KERALA,THIRUVANANTHPURAM,India,1,1,735.00,735.00,0.000000
IN,KARNATAKA,CHIKKAMANGALORE,India,1,1,736.00,736.00,0.000000
IN,KARNATAKA,GOLIYANGDI,India,1,1,486.00,486.00,0.000000
IN,BIHAR,BARAHAT,India,1,1,665.00,665.00,0.000000
IN,TRIPURA,AGARTALA,India,106,101,66750.95,64647.00,0.030000
IN,TAMIL NADU,"THIRUPATTURE DISTRICT,TAMILNADU.INDIA.",India,1,0,0.00,0.00,0.000000
IN,JHARKHAND,KANDRA,India,1,0,380.00,0.00,0.000000
IN,BIHAR,BAKHTIARPUR,India,2,2,1206.00,1206.00,0.000000
IN,BIHAR,KATIHAR,India,41,37,28689.26,25348.00,0.010000
IN,GUJARAT,HALVAD,India,1,1,965.00,965.00,0.000000
IN,WEST BENGAL,NADIA,India,9,8,4062.33,3609.00,0.000000
IN,WEST BENGAL,RANIGANJ,India,7,7,5625.00,5625.00,0.000000
IN,MAHARASHTRA,VIRAR,India,11,10,5859.00,5859.00,0.000000
IN,KARNATAKA,OPPOSITE TO SRI MOOKAMBIKA TEMPLE KOLLUR,India,2,1,376.00,376.00,0.000000
IN,ANDHRA PRADESH,GUDIVADA KRISHNA DISTRICT,India,20,18,10395.00,10395.00,0.000000
IN,TAMIL NADU,BALAPALLAM,India,4,2,3075.53,1486.00,0.000000
IN,UTTARAKHAND,DOIWALA,India,11,11,7496.00,6963.00,0.000000
IN,TELANGANA,"NIZAMABAD,TELANGANA",India,1,1,517.00,517.00,0.000000
IN,CHHATTISGARH,BILASPUR,India,96,90,64125.24,57497.00,0.030000
IN,KARNATAKA,BENGALURU 560016,India,2,3,1933.00,1145.00,0.000000
IN,ODISHA,ANUGUL,India,18,14,13844.54,10839.00,0.010000
IN,WEST BENGAL,CHANCHAL,India,5,4,2967.00,2967.00,0.000000
IN,TELANGANA,ARMUR,India,8,6,6096.86,4654.00,0.000000
IN,WEST BENGAL,KHATRA,India,1,1,1593.00,1593.00,0.000000
IN,UTTAR PRADESH,PARASI,India,3,3,1331.00,1331.00,0.000000
IN,ASSAM,SARBHOG,India,2,2,1432.00,1432.00,0.000000
IN,UTTARAKHAND,RISHIKESH,India,51,43,29024.33,28152.00,0.010000
IN,TELANGANA,"MEDAK, NARSAPUR",India,1,0,0.00,0.00,0.000000
IN,WEST BENGAL,BARAKAR,India,1,1,1399.00,1399.00,0.000000
IN,KARNATAKA,VIJAPURA,India,37,32,26489.48,24130.00,0.010000
IN,WEST BENGAL,SONARPUR,India,2,3,1596.00,1596.00,0.000000
IN,KERALA,PERIYA,India,1,1,764.00,764.00,0.000000
IN,UTTAR PRADESH,GREATER NOIDA,India,529,517,381913.72,357206.00,0.180000
IN,TAMIL NADU,SINGAMPUNERI,India,2,1,1167.52,598.00,0.000000
IN,ANDHRA PRADESH,MANDAPETA,India,8,9,5666.00,5666.00,0.000000
IN,KARNATAKA,MUDHOL,India,5,4,3179.00,2211.00,0.000000
IN,KERALA,PERLA TOWN,India,1,1,771.00,771.00,0.000000
IN,ASSAM,NAOBAICHA,India,2,2,933.00,933.00,0.000000
IN,TAMIL NADU,"VALSARAVAKKAM,CHENNAI",India,1,1,852.00,852.00,0.000000
IN,TELANGANA,KHAMMAM,India,71,65,38106.57,37139.00,0.020000
IN,MAHARASHTRA,BHOR,India,4,1,399.00,399.00,0.000000
IN,PUNJAB,"PAKHOWAL ROAD, LUDHIANA",India,2,2,1100.00,1100.00,0.000000
IN,RAJASTHAN,RAWATBHATA,India,10,10,7870.48,7300.00,0.000000
IN,GUJARAT,KHAMBHAT,India,4,4,1929.00,1929.00,0.000000
IN,TAMIL NADU,REDHILLS,India,1,0,0.00,0.00,0.000000
IN,RAJASTHAN,MANDAWAR,India,1,0,0.00,0.00,0.000000
IN,ASSAM,BAKULIA,India,1,1,969.00,969.00,0.000000
IN,KARNATAKA,KRISHNARAJANAGARA,India,2,1,735.00,735.00,0.000000
IN,JHARKHAND,JAMSHEDPUR,India,291,277,188206.83,173918.00,0.090000
IN,KARNATAKA,BANGALORE SOUTH,India,1,1,895.00,895.00,0.000000
IN,TAMIL NADU,CHETPET,India,2,2,593.00,593.00,0.000000
IN,MAHARASHTRA,ANDHERI,India,2,2,1194.00,597.00,0.000000
IN,KERALA,PUTHUNAGARAM,India,4,4,2177.00,2177.00,0.000000
IN,UTTAR PRADESH,NAUGARH,India,7,5,3201.00,3201.00,0.000000
IN,TAMIL NADU,COIMBATORE,India,805,799,492657.93,455076.00,0.230000
IN,KARNATAKA,"HUVINAHADAGALI (TQ),, BALLARI (D)",India,1,0,0.00,0.00,0.000000
IN,KARNATAKA,TARIKERE,India,10,9,6683.38,6031.00,0.000000
IN,RAJASTHAN,CHHOTI SADRI,India,2,2,1657.00,1657.00,0.000000
IN,GUJARAT,BALASINOR,India,2,1,2226.00,1176.00,0.000000
IN,WEST BENGAL,TELENI PARA,India,2,2,1271.00,1271.00,0.000000
IN,KARNATAKA,NAVNAGAR BAGALKOT,India,1,1,544.00,544.00,0.000000
IN,ASSAM,HAILAKANDI,India,13,8,5155.00,5155.00,0.000000
IN,HIMACHAL PRADESH,DEHRA H.O,India,3,4,3558.00,3558.00,0.000000
IN,TELANGANA,DEVARAKONDA,India,5,4,6294.28,3239.00,0.000000
IN,TAMIL NADU,METTUPALAYAM COIMBATORE DISTRICT,India,6,4,4417.83,2613.00,0.000000
IN,KARNATAKA,KUPPEPADAV,India,1,1,311.00,311.00,0.000000
IN,TELANGANA,PEDDAPALLE,India,13,14,8249.00,8249.00,0.000000
IN,GUJARAT,SIHOR,India,2,2,759.00,759.00,0.000000
IN,TELANGANA,"HANAMKOND, WARANGAL",India,1,1,487.00,487.00,0.000000
IN,KERALA,"PATTAMBI,PALAKKAD",India,1,1,948.00,948.00,0.000000
IN,HIMACHAL PRADESH,BILASPUR,India,20,19,13808.00,12622.00,0.010000
IN,MAHARASHTRA,MUMBAIMUMBAI,India,4,4,1901.00,1901.00,0.000000
IN,RAJASTHAN,BEHROR,India,4,4,2769.00,2769.00,0.000000
IN,KERALA,VARKALA,India,32,25,17142.00,16716.00,0.010000
IN,TAMIL NADU,SANKARI(T.K),India,1,1,693.00,693.00,0.000000
IN,TAMIL NADU,ELAVANASURKOTTAI,India,2,3,1117.00,319.00,0.000000
IN,MADHYA PRADESH,BAGLI,India,2,2,1129.00,1129.00,0.000000
IN,TAMIL NADU,MADATHUKULAM,India,1,1,725.00,725.00,0.000000
IN,PUNJAB,PHILLAUR DIST. JALANDHAR,India,1,0,0.00,0.00,0.000000
IN,GUJARAT,CHHOTAUDEPUR,India,2,2,562.00,562.00,0.000000
IN,TAMIL NADU,APPAKUDAL,India,1,1,859.00,859.00,0.000000
IN,HIMACHAL PRADESH,"MANDI,",India,1,1,499.00,499.00,0.000000
IN,WEST BENGAL,KOLKATA- 700031,India,1,1,751.00,751.00,0.000000
IN,GOA,OLD GOA,India,11,11,6350.00,6350.00,0.000000
IN,KERALA,CHOVVA,India,2,2,1204.00,607.00,0.000000
IN,WEST BENGAL,NAIHATI,India,9,10,6255.00,6255.00,0.000000
IN,TELANGANA,HANAMKONDA,India,12,12,7672.00,7672.00,0.000000
IN,KERALA,CALICUT,India,20,18,12291.43,10225.00,0.010000
IN,TAMIL NADU,CHENGALPATTU,India,39,37,17882.00,17882.00,0.010000
IN,UTTAR PRADESH,AMETHI SULTANPUR DISTRICT,India,8,7,4014.00,4014.00,0.000000
IN,HARYANA,BAHADURGARH,India,44,39,27528.43,25488.00,0.010000
IN,UTTAR PRADESH,KACHHWA,India,1,1,521.00,521.00,0.000000
IN,MAHARASHTRA,KOLHAR BK. TALUKA RAHTA,India,1,0,546.67,0.00,0.000000
IN,PUNJAB,LEHRAGAGA,India,1,1,801.00,801.00,0.000000
IN,KERALA,THIRUVALLA,India,50,52,33446.19,28055.00,0.020000
IN,MIZORAM,AIZAWL,India,62,61,36053.81,31671.00,0.020000
IN,JAMMU & KASHMIR,UDHAMPUR,India,20,22,15319.00,12744.00,0.010000
IN,KARNATAKA,KUNDAPURA,India,17,13,9707.81,9244.00,0.000000
AUSTRALIA,CA,SAN JOSE,Asia-Pacific,200,573,197912.98,195866.81,0.090000
IN,UTTAR PRADESH,KANPUR,India,496,499,347049.69,327598.00,0.160000
IN,KARNATAKA,CHICKBALLAPUR,India,6,5,3585.57,1141.00,0.000000
IN,MAHARASHTRA,PUNE KALYANI NAGAR,India,3,3,2099.00,2099.00,0.000000
IN,ANDHRA PRADESH,ANANTHPUR,India,2,1,1133.00,1133.00,0.000000
IN,RAJASTHAN,BHADRA,India,2,4,2825.00,2825.00,0.000000
IN,KARNATAKA,CHANNGIRI,India,1,1,721.00,721.00,0.000000
IN,DELHI,NEW DELHIHBJO,India,1,1,477.00,477.00,0.000000
IN,MAHARASHTRA,SEVAGRAM,India,1,1,487.00,487.00,0.000000
IN,ANDAMAN & NICOBAR,HADDO,India,3,3,2461.00,2461.00,0.000000
IN,TAMIL NADU,AYYAMPETTAI THANJAVUR DISTRICT,India,11,10,5496.38,5044.00,0.000000
IN,TELANGANA,MULAKALAPALLY MANDL,India,1,1,399.00,399.00,0.000000
IN,UTTARAKHAND,RUDRAPRAYAG,India,3,3,2296.00,2296.00,0.000000
IN,KARNATAKA,ARSIKERE,India,9,11,7174.00,7174.00,0.000000
IN,RAJASTHAN,MUNDARA,India,3,0,862.86,0.00,0.000000
IN,MAHARASHTRA,DOBIWALI,India,1,1,363.00,363.00,0.000000
IN,TAMIL NADU,KOORAIKUNDU,India,1,1,735.00,735.00,0.000000
IN,UTTAR PRADESH,MEHNAGAR,India,1,1,1122.00,1122.00,0.000000
IN,KERALA,VADAKKEKAD,India,3,2,1398.00,1398.00,0.000000
IN,BIHAR,SIWAN,India,31,28,19719.00,15746.00,0.010000
IN,TAMIL NADU,KOOTHAPPAR,India,3,2,1147.00,1147.00,0.000000
IN,KARNATAKA,KARKAL,India,34,31,17457.00,17457.00,0.010000
IN,GOA,SIOLIM,India,13,11,5819.67,5473.00,0.000000
IN,KARNATAKA,KRISHNARAJPET,India,3,3,2157.00,2157.00,0.000000
IN,BIHAR,KASBA,India,2,2,1147.00,1147.00,0.000000
IN,HARYANA,NARWANA,India,4,2,1198.00,1198.00,0.000000
IN,MAHARASHTRA,JAYSINGPUR,India,3,3,2153.00,2153.00,0.000000
IN,KARNATAKA,BIJAPUR,India,3,3,1948.00,1948.00,0.000000
IN,KERALA,"S N PURAM , THRISSUR DISTRICT",India,1,1,735.00,735.00,0.000000
IN,ASSAM,RANI BLOCK,India,1,1,845.00,845.00,0.000000
IN,RAJASTHAN,ASPUR,India,1,1,735.00,735.00,0.000000
IN,BIHAR,"DANAPUR, PATNA",India,1,1,1523.00,1523.00,0.000000
IN,TAMIL NADU,"SIVAGIRI, TIRUNELVELI DISTRICT",India,1,1,301.00,301.00,0.000000
IN,KARNATAKA,DAKSHINA KANNADA,India,4,4,2982.00,2982.00,0.000000
IN,WEST BENGAL,RANINAGAR II,India,1,1,1168.00,1168.00,0.000000
IN,KERALA,"CHALAKUDY , THRISSUR",India,3,5,4314.00,4314.00,0.000000
IN,MAHARASHTRA,"MUMBAI,  ANDHERI WEST",India,1,1,1099.00,1099.00,0.000000
IN,MAHARASHTRA,ULHASNAGAR 1,India,1,1,999.00,999.00,0.000000
IN,TELANGANA,HYDERABAD SECUNDERABAD,India,1,1,292.00,292.00,0.000000
IN,KARNATAKA,CHICKABALLPUR,India,1,1,698.00,698.00,0.000000
IN,UTTAR PRADESH,JEWAR,India,2,2,1036.00,1036.00,0.000000
IN,JAMMU & KASHMIR,HIRANAGAR,India,2,3,2172.00,2172.00,0.000000
IN,ARUNACHAL PRADESH,SUNPURA,India,3,3,1056.00,1056.00,0.000000
IN,ANDHRA PRADESH,ATMAKUR,India,2,5,2213.00,2213.00,0.000000
IN,CHHATTISGARH,KHARORA,India,1,0,734.29,0.00,0.000000
IN,TAMIL NADU,"ORATHANAD TALUK, THANJAVUR DT",India,1,2,1856.00,1856.00,0.000000
IN,MAHARASHTRA,MAHAD MIDC,India,1,1,283.00,283.00,0.000000
IN,ASSAM,LALA,India,1,1,1338.00,1338.00,0.000000
IN,WEST BENGAL,KOLKATA 700036,India,1,1,999.00,999.00,0.000000
IN,HIMACHAL PRADESH,WAKNAGHAT,India,1,1,852.00,852.00,0.000000
IN,HIMACHAL PRADESH,DISTRICT KANGRA TEHSIL. DHEERA,India,1,1,1111.00,1111.00,0.000000
IN,UTTAR PRADESH,SAHASPUR,India,1,1,487.00,487.00,0.000000
IN,MAHARASHTRA,MALSHIRAS,India,1,1,599.00,599.00,0.000000
IN,WEST BENGAL,SOBHAGANJ,India,2,2,1013.00,1013.00,0.000000
IN,RAJASTHAN,"BEYOND 18TH SECTOR,C.H.B.JODHPUR",India,1,1,318.00,318.00,0.000000
IN,MAHARASHTRA,MUSALGAON MIDC,India,1,1,1063.00,1063.00,0.000000
IN,TAMIL NADU,CHENNAI 600004,India,2,1,484.00,484.00,0.000000
IN,KERALA,THIKKODY,India,5,5,3704.00,3704.00,0.000000
IN,GOA,"DONA PAULA, PANAJI",India,1,0,0.00,0.00,0.000000
IN,KERALA,KIZHUVALAM KOONTHALLOOR,India,1,1,735.00,735.00,0.000000
IN,HIMACHAL PRADESH,GAGRET INDUSTRIAL AREA,India,1,0,0.00,0.00,0.000000
IN,WEST BENGAL,"BIDHAN NAGAR, KOLKATA",India,2,2,1932.86,990.00,0.000000
IN,KERALA,"TIRUR, MALAPPURAM",India,1,1,1099.00,1099.00,0.000000
IN,JAMMU & KASHMIR,KHAN SAHIB,India,1,0,700.00,0.00,0.000000
IN,ANDHRA PRADESH,"PULIVENDULA, KADAPA",India,1,1,999.00,999.00,0.000000
IN,WEST BENGAL,ANDUL-MOURI,India,1,1,545.00,545.00,0.000000
IN,KARNATAKA,"KAMATGI,HUNUGUND TALUK,BAGALKOT DISTRICT",India,1,1,486.00,486.00,0.000000
IN,KARNATAKA,"GOPPENAHALLI, CHANNAGIRI TALUK, DAVANGERE DISTRICT",India,1,1,561.00,561.00,0.000000
IN,MAHARASHTRA,SANTA CRUZ MUMBAI,India,1,1,764.00,764.00,0.000000
IN,HARYANA,"PANCHGAON, MANESAR, GURGAON",India,1,1,1349.00,1349.00,0.000000
IN,ANDHRA PRADESH,PAMUR,India,5,4,1632.00,1233.00,0.000000
IN,MAHARASHTRA,SANASWADI,India,6,5,3806.95,3266.00,0.000000
IN,MAHARASHTRA,PIMPRI,India,2,2,883.00,883.00,0.000000
IN,MAHARASHTRA,JUNNAR PUNE,India,1,1,1442.00,1442.00,0.000000
IN,NEW DELHI,NEW DELHI,India,28,25,17322.95,15547.00,0.010000
IN,TAMIL NADU,"AVINASHI, TIRUPUR",India,15,13,9507.00,9507.00,0.000000
IN,UTTAR PRADESH,BARAGAON,India,1,1,435.00,435.00,0.000000
IN,MAHARASHTRA,GADHINGLAJ,India,4,4,2093.00,1191.00,0.000000
IN,HARYANA,JAKHAL MANDI,India,1,0,0.00,0.00,0.000000
IN,MAHARASHTRA,NAVI MUMBAI 410218,India,2,2,2095.00,2095.00,0.000000
IN,MADHYA PRADESH,MUNDI,India,1,0,0.00,0.00,0.000000
IN,MAHARASHTRA,KUDUS,India,3,2,1668.00,1668.00,0.000000
IN,UTTAR PRADESH,JAUNPURJAUNPUR,India,2,2,1398.00,1398.00,0.000000
IN,TAMIL NADU,"SULUR TALUK, COIMBATORE",India,1,1,280.00,280.00,0.000000
IN,KERALA,KAKANAD,India,1,1,631.00,631.00,0.000000
IN,UTTAR PRADESH,"GREATER NOIDA,GAUTAM BUDDHA NAGAR",India,1,1,487.00,487.00,0.000000
IN,WEST BENGAL,KALCHINI,India,1,1,280.00,280.00,0.000000
IN,CHHATTISGARH,BHILAI CHARODA,India,1,0,662.86,0.00,0.000000
IN,JHARKHAND,BACHRA,India,2,2,1194.00,597.00,0.000000
IN,KARNATAKA,IRAKASANDRA,India,1,1,399.00,399.00,0.000000
IN,GOA,TALIEGAO,India,1,1,432.00,432.00,0.000000
IN,WEST BENGAL,"BIRATI, KOLKATA",India,1,1,518.00,518.00,0.000000
IN,KARNATAKA,KAPIKAD KINNIGOLI,India,1,1,399.00,399.00,0.000000
IN,MAHARASHTRA,MUMBAI-400001,India,2,3,1473.00,1473.00,0.000000
IN,UTTAR PRADESH,GRETER NOIDA,India,1,1,916.00,916.00,0.000000
IN,KARNATAKA,BENGALURU; 560047,India,1,1,399.00,399.00,0.000000
IN,TAMIL NADU,VANJIPALAYAM,India,3,4,2983.00,2983.00,0.000000
IN,BIHAR,"DANAPUR,PATNA,BIHAR",India,1,1,319.00,319.00,0.000000
IN,MAHARASHTRA,LONI,India,4,4,2988.00,2988.00,0.000000
IN,DELHI,YAMUNA VIHAR,India,1,1,845.00,845.00,0.000000
IN,ODISHA,RASOL,India,1,1,1112.00,1112.00,0.000000
IN,UTTARAKHAND,MANGLAUR,India,1,1,648.00,648.00,0.000000
IN,UTTAR PRADESH,BANSI,India,1,1,1099.00,1099.00,0.000000
IN,TAMIL NADU,ETTAIYAPURAM,India,2,2,798.00,399.00,0.000000
IN,KARNATAKA,CHANNARAYAPATNA,India,4,2,1571.76,927.00,0.000000
IN,UTTAR PRADESH,GOLA CHOLAPUR VARANASI,India,1,0,959.82,0.00,0.000000
IN,ANDHRA PRADESH,PRAKASAM DISTRICT,India,2,1,759.00,759.00,0.000000
IN,GUJARAT,AHMADABAD,India,2,2,1465.00,1465.00,0.000000
IN,MADHYA PRADESH,JOBAT,India,1,1,666.00,666.00,0.000000
IN,DELHI,NEW DELHI 110059,India,1,1,518.00,518.00,0.000000
IN,MAHARASHTRA,RUKADI,India,1,1,345.00,345.00,0.000000
IN,KERALA,KAZHAKOOTTAM THIRUVANANTHAPURAM DISTRICT,India,1,1,665.00,665.00,0.000000
IN,JHARKHAND,DANGUWAPASI,India,2,2,1667.00,1667.00,0.000000
IN,NEW DELHI,SOUTH WEST DELHI,India,2,2,1442.00,1442.00,0.000000
IN,DELHI,NEW DELHI 110058,India,1,1,908.00,908.00,0.000000
IN,GUJARAT,UNJHA,India,2,2,1479.00,1479.00,0.000000
IN,TAMIL NADU,"TITTAKUDI,CUDDALORE",India,1,1,1473.00,1473.00,0.000000
IN,WEST BENGAL,KOLKATA  39,India,1,1,399.00,399.00,0.000000
IN,HIMACHAL PRADESH,KANDAGHAT,India,1,1,856.00,856.00,0.000000
IN,MAHARASHTRA,"KALEWADI,PUNE",India,1,1,824.00,824.00,0.000000
IN,TAMIL NADU,ANAIMALAI,India,1,1,699.00,699.00,0.000000
IN,ANDHRA PRADESH,NAIDUPETA,India,1,1,442.00,442.00,0.000000
IN,KERALA,ATHAZHAKUNNU,India,1,0,0.00,0.00,0.000000
IN,WEST BENGAL,DEULIA,India,3,2,807.00,807.00,0.000000
IN,TAMIL NADU,AMBASAMUDRAM,India,2,2,800.00,800.00,0.000000
IN,MAHARASHTRA,THANE-WEST,India,3,1,560.00,560.00,0.000000
IN,MAHARASHTRA,ARVI,India,3,3,1075.00,1075.00,0.000000
IN,UTTAR PRADESH,CHIRAIYAKOT MAU,India,1,1,799.00,799.00,0.000000
IN,WEST BENGAL,BAGNAN,India,2,1,499.00,499.00,0.000000
IN,UTTAR PRADESH,MIRANPUR,India,1,1,376.00,376.00,0.000000
IN,BIHAR,BETTIYAH,India,1,1,654.00,654.00,0.000000
IN,HIMACHAL PRADESH,BADDI INDUSTRIAL AREA,India,1,1,499.00,499.00,0.000000
IN,ODISHA,GORUMAHISANI,India,1,1,379.00,379.00,0.000000
IN,GUJARAT,BARDOLI,India,17,14,6982.00,6465.00,0.000000
IN,ANDHRA PRADESH,TADPATRI,India,16,20,15557.00,15557.00,0.010000
IN,UTTAR PRADESH,PARICHHA,India,2,2,1778.00,1778.00,0.000000
IN,MAHARASHTRA,PUNE-24,India,1,0,431.43,0.00,0.000000
IN,MAHARASHTRA,BADLAPUR (EAST),India,3,4,1514.00,1514.00,0.000000
IN,KERALA,CHERTHALA,India,26,24,14553.00,14553.00,0.010000
IN,KERALA,ERNAKULAM KOCHI,India,1,1,467.00,467.00,0.000000
IN,MAHARASHTRA,WADGAON,India,2,1,1483.93,425.00,0.000000
IN,WEST BENGAL,PHULIA,India,3,3,2227.00,2227.00,0.000000
IN,ANDHRA PRADESH,PODILI,India,1,1,1187.00,1187.00,0.000000
IN,WEST BENGAL,BANGAON,India,8,8,6106.00,4131.00,0.000000
IN,MAHARASHTRA,PUNE,India,4317,4237,2794975.79,2577805.00,1.310000
IN,MADHYA PRADESH,PORSA,India,2,2,1631.00,1631.00,0.000000
IN,GOA,CURCHOREM,India,25,24,16281.93,14998.00,0.010000
UNITED STATES,AZ,PHOENIX,North America,3503,10545,3182720.17,3080511.90,1.500000
IN,MAHARASHTRA,MANWATH,India,1,1,399.00,399.00,0.000000
IN,UTTARAKHAND,"POST OFFICE-HARRAWALA, DEHRADUN",India,1,1,1338.00,1338.00,0.000000
IN,WEST BENGAL,"BARENDRAPARA,NEAR-AVINANDAN FURNITURE, PO-SONARPUR",India,2,2,1061.00,1061.00,0.000000
IN,ODISHA,PATNAGARH,India,2,2,2117.00,2117.00,0.000000
IN,KERALA,ERNAKULAM DIST.,India,3,3,2590.00,1714.00,0.000000
IN,TELANGANA,BADEPALLE,India,4,6,4435.00,4435.00,0.000000
IN,WEST BENGAL,MECHEDA,India,6,2,1923.00,1923.00,0.000000
IN,TAMIL NADU,SANKARI,India,3,3,2384.00,2384.00,0.000000
IN,HARYANA,GURUGRAM.,India,2,2,597.00,597.00,0.000000
IN,RAJASTHAN,SHEOGANJ,India,2,1,601.33,308.00,0.000000
IN,KARNATAKA,CHITRADURGA,India,29,33,20657.95,19517.00,0.010000
IN,ODISHA,BELPAHAR,India,5,5,2570.00,2570.00,0.000000
IN,GUJARAT,SAVARKUNDLA,India,2,2,1142.00,1142.00,0.000000
IN,KERALA,KURATTIKADU,India,1,1,443.00,443.00,0.000000
IN,KARNATAKA,SOMVARPET,India,4,2,1434.00,1434.00,0.000000
IN,ANDHRA PRADESH,KOILAKUNTLA,India,1,1,426.00,426.00,0.000000
IN,MAHARASHTRA,MOUJE ANJANVEL,India,2,2,1686.00,1686.00,0.000000
IN,TAMIL NADU,PONNERI. CHENNAI,India,1,1,499.00,499.00,0.000000
IN,MAHARASHTRA,VASAI,India,25,21,15302.33,13398.00,0.010000
IN,KERALA,CHERUTHAZHAM,India,11,11,6919.95,6239.00,0.000000
IN,MAHARASHTRA,BHADGAON,India,1,0,0.00,0.00,0.000000
IN,MAHARASHTRA,TCPIMPRI CHINCHWAD,India,2,2,897.00,897.00,0.000000
IN,ANDHRA PRADESH,MACHERLA,India,5,4,2640.71,2315.00,0.000000
IN,KERALA,VARAM,India,7,7,4216.00,4216.00,0.000000
IN,ANDHRA PRADESH,SOMPETA,India,1,1,1099.00,1099.00,0.000000
IN,TAMIL NADU,SINGAPERUMAL KOIL,India,1,1,382.00,382.00,0.000000
IN,ASSAM,"BISWANATH CHARIALI, BISWANATH",India,1,1,569.00,569.00,0.000000
IN,UTTARAKHAND,SELAQUI,India,6,6,3547.00,3547.00,0.000000
IN,KARNATAKA,JSW STEEL PLANT TOWNSHIP,India,4,4,2734.00,2734.00,0.000000
IN,TAMIL NADU,PALLIKONDA,India,2,2,1204.00,1204.00,0.000000
IN,PUNJAB,LUDHIANA,India,217,206,136805.94,127151.00,0.060000
IN,KARNATAKA,KINNIGOLI POST TALIPADY,India,1,1,999.00,999.00,0.000000
IN,UTTAR PRADESH,GURSAHAIGANJ,India,2,2,1957.00,1133.00,0.000000
IN,WEST BENGAL,COOCH BEHAR,India,5,6,5973.00,4885.00,0.000000
AUSTRALIA,PA,PHILADELPHIA,Asia-Pacific,206,629,207453.85,204762.68,0.100000
IN,KERALA,CHELARI,India,1,1,1096.00,1096.00,0.000000
IN,TELANGANA,"UPPAL, HYDERABAD,",India,1,1,664.00,664.00,0.000000
IN,RAJASTHAN,SRIGANGANAGAR,India,2,2,1784.00,1784.00,0.000000
IN,TAMIL NADU,ANDIPATTI,India,2,2,811.00,811.00,0.000000
IN,PUNJAB,BEGOWAL,India,4,7,5293.00,5293.00,0.000000
IN,KERALA,VYTHIRI,India,3,3,1612.00,1612.00,0.000000
IN,TAMIL NADU,NANJIKOTTAI,India,3,3,2113.00,2113.00,0.000000
IN,KERALA,GURUVAYUR,India,12,12,8323.29,6538.00,0.000000
IN,GUJARAT,"CHANDLODIA, AHMEDABAD",India,1,1,475.00,475.00,0.000000
IN,KERALA,PUNALUR,India,13,9,6776.58,4620.00,0.000000
IN,UTTAR PRADESH,MAUNATH BHANJAN,India,20,17,15893.19,13521.00,0.010000
IN,KERALA,AZHIKODE,India,4,3,3011.29,2277.00,0.000000
IN,ANDHRA PRADESH,KAMALAPURAM,India,1,1,376.00,376.00,0.000000
IN,KERALA,PUTHENCRUZ,India,10,10,5573.14,3877.00,0.000000
IN,TAMIL NADU,ILAMPILLAI,India,2,2,916.00,916.00,0.000000
IN,KARNATAKA,HOSAPETE,India,21,19,13394.67,11003.00,0.010000
IN,WEST BENGAL,"116  B. P. M. B SARANI, UTTARPARA KOTRUNG",India,1,1,655.00,655.00,0.000000
IN,PUNJAB,FIROZPUR,India,16,14,9197.00,8798.00,0.000000
IN,JAMMU & KASHMIR,BADGAM,India,3,3,2024.00,2024.00,0.000000
IN,UTTAR PRADESH,GIRD BARAGAON,India,1,1,759.00,759.00,0.000000
IN,GUJARAT,OPPOSITE AIR FORCE STATION,India,1,1,743.00,743.00,0.000000
IN,TAMIL NADU,KUNDRATHUR CHENNAI,India,1,1,547.00,547.00,0.000000
IN,KERALA,RAJAKKAD,India,2,1,399.00,399.00,0.000000
IN,ODISHA,MAYURBHANJ,India,3,2,1560.00,1560.00,0.000000
IN,KARNATAKA,CHIK BALLAPUR,India,2,1,759.00,759.00,0.000000
IN,TELANGANA,NACHARAM,India,2,2,1224.00,1224.00,0.000000
IN,TAMIL NADU,CHINNAMANUR,India,4,2,1739.29,1005.00,0.000000
IN,UTTAR PRADESH,SHAHABAD HARDOI,India,2,0,1304.76,0.00,0.000000
IN,TAMIL NADU,MALLANKINARU,India,1,0,0.00,0.00,0.000000
IN,MAHARASHTRA,PUNE-412207,India,2,2,1936.00,1936.00,0.000000
IN,UTTAR PRADESH,BABERU,India,1,1,895.00,895.00,0.000000
IN,UTTARAKHAND,HALDWANI (NAINITAL),India,1,0,0.00,0.00,0.000000
IN,MAHARASHTRA,"MUMBAI, BANDRA EAST",India,2,3,1423.00,1423.00,0.000000
IN,KERALA,"EDAPALLY, COCHIN",India,1,1,563.00,563.00,0.000000
IN,TAMIL NADU,KOOTHANALLUR,India,1,1,626.00,626.00,0.000000
IN,MAHARASHTRA,"POKHARAN ROAD 2, THANE (WEST)",India,1,1,493.00,493.00,0.000000
IN,TAMIL NADU,VEERAPANDIANPATTINAM,India,3,5,3797.00,3797.00,0.000000
IN,TAMIL NADU,VALVAITHANKOSHTAM,India,1,1,696.00,696.00,0.000000
IN,MAHARASHTRA,PATHARDI,India,1,1,999.00,999.00,0.000000
IN,RAJASTHAN,CHHIPABAROD,India,1,1,759.00,759.00,0.000000
IN,ANDHRA PRADESH,ANAKAPALLI MANDAL,India,1,1,299.00,299.00,0.000000
IN,TAMIL NADU,POCHAMPALLI,India,3,3,2513.00,2513.00,0.000000
IN,KERALA,PERAMANGALAM,India,1,1,735.00,735.00,0.000000
IN,HARYANA,GURUGRAM 122002,India,1,1,477.00,477.00,0.000000
IN,DADRA AND NAGAR,MOTI DAMAN,India,1,1,635.00,635.00,0.000000
IN,KARNATAKA,TORANGALLU,India,1,1,568.00,568.00,0.000000
IN,TAMIL NADU,THIRUVERUMBUR,India,2,2,801.00,801.00,0.000000
IN,UTTAR PRADESH,KHARGUPUR,India,1,1,368.00,368.00,0.000000
IN,GUJARAT,"ADAJAN GAM, SURAT",India,1,1,486.00,486.00,0.000000
IN,KARNATAKA,UJIRE,India,1,0,286.67,0.00,0.000000
IN,BIHAR,SANGRAMPUR,India,1,1,1338.00,1338.00,0.000000
IN,HARYANA,ROHTAK 124001,India,1,1,665.00,665.00,0.000000
IN,WEST BENGAL,DHOLA,India,1,0,0.00,0.00,0.000000
IN,UTTAR PRADESH,GAJIYABAD,India,1,0,286.67,0.00,0.000000
IN,UTTAR PRADESH,INDIRAPURAM GHAZIABAD,India,1,0,0.00,0.00,0.000000
IN,ANDHRA PRADESH,ONGOLE,India,79,73,51075.20,44309.00,0.020000
IN,MAHARASHTRA,"VASAI WEST, PALGHAR DISTRICT",India,1,1,432.00,432.00,0.000000
IN,ANDHRA PRADESH,"BUCHIREDDIPALEM, NELLORE",India,2,2,1418.00,1418.00,0.000000
IN,KERALA,MANADAN HOUSE,India,1,1,301.00,301.00,0.000000
IN,WEST BENGAL,SILLIGURI,India,2,1,368.00,368.00,0.000000
IN,PUNJAB,TEH. PHAGWARA DISTT. KAPURTHALA,India,11,11,8383.00,8383.00,0.000000
IN,MANIPUR,IMPHAL,India,203,207,146802.04,139120.00,0.070000
IN,TELANGANA,POTHREDDIPALLE,India,9,9,6800.00,6283.00,0.000000
IN,HARYANA,RAI  INDUSTRIAL AREA,India,3,2,654.00,654.00,0.000000
IN,ODISHA,ROURKELA,India,96,97,73193.22,61328.00,0.030000
IN,MAHARASHTRA,AHERI,India,2,2,1082.00,1082.00,0.000000
IN,ODISHA,SUNDARGARH,India,24,25,18143.95,15954.00,0.010000
IN,MAHARASHTRA,DINDORI,India,2,1,311.00,311.00,0.000000
IN,MAHARASHTRA,KALAMNURI,India,3,2,1232.00,426.00,0.000000
IN,GOA,BASTORA - MAPUSA,India,1,1,1099.00,1099.00,0.000000
IN,KERALA,ETTUMANOOR,India,20,20,12913.00,12913.00,0.010000
IN,MAHARASHTRA,MUMBAI 400070,India,2,2,1136.00,1136.00,0.000000
IN,MAHARASHTRA,MUMBAI 400057,India,3,2,2195.29,1621.00,0.000000
IN,MAHARASHTRA,UMARGA,India,2,1,1535.48,845.00,0.000000
IN,UTTAR PRADESH,SIDHAULI,India,2,2,1218.00,873.00,0.000000
IN,RAJASTHAN,BUHANA,India,1,1,666.00,666.00,0.000000
IN,MADHYA PRADESH,PAL CHAURAI,India,5,6,2488.48,1597.00,0.000000
IN,ASSAM,KOKRAJHAR,India,23,23,14401.00,13967.00,0.010000
IN,WEST BENGAL,JHARGRAM,India,6,5,2646.00,1558.00,0.000000
IN,GUJARAT,AHMEDABAD.,India,1,1,435.00,435.00,0.000000
IN,MAHARASHTRA,"GOREGAON (WEST), MUMBAI",India,1,1,792.00,792.00,0.000000
IN,MAHARASHTRA,GOREGAON MUMBAI,India,2,2,1152.00,1152.00,0.000000
IN,HARYANA,"PLOT NO.7,SECTOR 47,GURGAON",India,5,5,3564.00,3564.00,0.000000
IN,HIMACHAL PRADESH,DHARAMPUR INDUSTRIAL ESTATE,India,3,2,924.00,924.00,0.000000
IN,WEST BENGAL,SANTURI,India,1,1,471.00,471.00,0.000000
IN,MANIPUR,CHURACHANDPUR,India,3,3,2257.00,2257.00,0.000000
IN,KARNATAKA,SAMBRA,India,6,6,4382.00,4382.00,0.000000
IN,KARNATAKA,UTTARAKANNADA,India,1,1,435.00,0.00,0.000000
IN,ANDHRA PRADESH,KAIKALURU,India,1,1,471.00,0.00,0.000000
IN,PUNJAB,"KHARAR, DISTT : MOHALI",India,1,1,729.00,729.00,0.000000
IN,ANDHRA PRADESH,GUDUR,India,23,24,14935.00,14152.00,0.010000
IN,KERALA,"PERUMBAVOOR,MARUTHUKAVALA",India,1,1,725.00,725.00,0.000000
IN,KERALA,KALADY ERNAKULAM DISTRICT,India,1,1,606.00,606.00,0.000000
IN,KARNATAKA,CHANNAPATNA,India,4,3,2112.00,2112.00,0.000000
IN,UTTAR PRADESH,RAMPUR MANIHARAN,India,2,2,990.00,495.00,0.000000
IN,MAHARASHTRA,ANJANGAON SURJI,India,2,1,446.00,446.00,0.000000
IN,PUNJAB,MALAUT,India,3,3,1511.00,1511.00,0.000000
CANADA,IN,INDIANAPOLIS,North America,272,830,238980.97,233681.55,0.110000
IN,MAHARASHTRA,CHINCHWAD GAON PUNE,India,1,1,471.00,471.00,0.000000
IN,KERALA,KOTTAKKAL,India,5,4,2032.10,1754.00,0.000000
IN,MEGHALAYA,WILLIAMNAGAR,India,1,1,435.00,435.00,0.000000
IN,MAHARASHTRA,DARWHA,India,5,3,2808.48,1600.00,0.000000
IN,PUNJAB,DASUYA,India,9,8,4584.00,4584.00,0.000000
IN,ODISHA,BYASANAGAR,India,10,10,5864.00,5864.00,0.000000
IN,MAHARASHTRA,SANPADA SECTOR 1,India,4,4,2282.00,1141.00,0.000000
IN,ANDHRA PRADESH,KAVALI,India,16,16,8894.00,8894.00,0.000000
IN,UTTARAKHAND,ALMORA,India,37,36,24662.40,22400.00,0.010000
IN,KERALA,CHELAKKARA,India,6,6,3924.00,3924.00,0.000000
IN,TAMIL NADU,PORAYAR,India,3,3,2435.00,2435.00,0.000000
IN,HARYANA,GURGAUN,India,1,1,331.00,331.00,0.000000
IN,TELANGANA,"ECIL,HYDERABAD",India,2,1,771.00,771.00,0.000000
IN,ANDHRA PRADESH,MADANAPALLE,India,34,34,18057.00,18057.00,0.010000
IN,MAHARASHTRA,OPP TATA MOTOR.AJMERA,India,1,1,625.00,625.00,0.000000
IN,KERALA,KUTHUPARAMBA,India,4,3,1993.00,1993.00,0.000000
IN,CHHATTISGARH,JAIJAIPUR,India,1,1,771.00,771.00,0.000000
IN,MADHYA PRADESH,MANDIDEEP,India,5,6,3803.52,3234.00,0.000000
IN,TAMIL NADU,CUDDALORE,India,24,26,14479.67,13753.00,0.010000
IN,MAHARASHTRA,MUMBAI MAHARASHTRA,India,2,1,1837.82,478.00,0.000000
IN,KERALA,MANANTHAVADY,India,10,9,7419.00,5830.00,0.000000
IN,WEST BENGAL,SINGUR,India,2,1,764.00,764.00,0.000000
IN,TAMIL NADU,THONDI,India,1,1,744.00,744.00,0.000000
IN,WEST BENGAL,GALSI,India,1,1,459.00,459.00,0.000000
IN,TAMIL NADU,KARAMADAI,India,14,10,6488.43,4421.00,0.000000
IN,JAMMU & KASHMIR,MARALIA,India,11,9,8621.72,6411.00,0.000000
IN,ANDHRA PRADESH,PULIVENDULA,India,7,6,5377.00,5377.00,0.000000
IN,MADHYA PRADESH,BAIHAR,India,3,3,2086.00,2086.00,0.000000
IN,TELANGANA,BHUPALPALLE,India,8,7,4252.00,4252.00,0.000000
IN,WEST BENGAL,BARASAT,India,72,72,47692.43,44949.00,0.020000
IN,UTTAR PRADESH,AGRA-282001,India,1,1,0.00,0.00,0.000000
IN,PUNJAB,KOTKAPURA,India,3,2,2261.86,1539.00,0.000000
IN,TAMIL NADU,ULUNDURPET TK,India,2,1,464.00,464.00,0.000000
IN,WEST BENGAL,HABIBPUR,India,1,1,549.00,549.00,0.000000
IN,WEST BENGAL,KAPASARIA,India,1,0,0.00,0.00,0.000000
IN,MAHARASHTRA,"MUNDHAWA, PUNE",India,1,1,1187.00,1187.00,0.000000
IN,CHHATTISGARH,"SARONA, RAIPUR",India,1,1,597.00,597.00,0.000000
IN,ASSAM,RANGJULI,India,2,2,917.00,486.00,0.000000
IN,TELANGANA,"KAGHAZNAGAR, 9849771800.",India,1,1,435.00,435.00,0.000000
IN,TELANGANA,KODAD,India,11,11,6559.00,6559.00,0.000000
IN,MAHARASHTRA,SATANA,India,2,1,1921.86,999.00,0.000000
IN,WEST BENGAL,ICHAPUR MANIKTALA,India,1,1,699.00,699.00,0.000000
IN,KARNATAKA,AMBIKANAGARA,India,2,2,926.00,926.00,0.000000
IN,BIHAR,MADHUBAN,India,3,3,1373.00,968.00,0.000000
IN,ANDHRA PRADESH,SATTENAPALLE,India,5,5,2670.00,2670.00,0.000000
IN,TAMIL NADU,THIRUNAGESWARAM,India,3,3,1171.00,1171.00,0.000000
IN,GOA,PONDA,India,45,41,24404.14,23607.00,0.010000
IN,BIHAR,KAHALGAON,India,8,8,5222.10,4375.00,0.000000
IN,KARNATAKA,PONNAMPET,India,1,1,589.00,589.00,0.000000
IN,KARNATAKA,HUBLI,India,18,18,10876.00,8425.00,0.010000
IN,WEST BENGAL,CHINSURAH HOOGHLY,India,1,1,599.00,599.00,0.000000
IN,HARYANA,UDYOGH VIHAR PHASE 2,India,1,0,622.86,0.00,0.000000
IN,RAJASTHAN,NIMBAHERA,India,6,6,4925.00,4925.00,0.000000
IN,KARNATAKA,TUMAKURU. PHONE NUMBER 9686000855,India,8,8,4937.00,4937.00,0.000000
IN,KARNATAKA,BENGALURU RURAL DIST,India,1,1,379.00,379.00,0.000000
IN,KERALA,CHERUKAVU,India,2,1,452.00,452.00,0.000000
IN,WEST BENGAL,CALCUTTA,India,2,2,895.00,895.00,0.000000
IN,NEW DELHI,SARITA VIHAR,India,3,3,2367.00,2367.00,0.000000
IN,TELANGANA,ARMOOR,India,3,4,2284.67,1978.00,0.000000
IN,KARNATAKA,SANOOR,India,1,1,442.00,442.00,0.000000
IN,MADHYA PRADESH,BADI,India,2,2,1386.00,1386.00,0.000000
IN,APO,APO,India,1,0,0.00,0.00,0.000000
IN,MAHARASHTRA,THANE BHAYANDERWEST,India,1,1,362.00,362.00,0.000000
IN,HIMACHAL PRADESH,BHOTA,India,6,4,5256.05,3227.00,0.000000
IN,MAHARASHTRA,MUMBRA,India,3,2,1214.00,1214.00,0.000000
IN,MADHYA PRADESH,BIAORA,India,2,2,1177.00,1177.00,0.000000
IN,TAMIL NADU,PARAMATHY VELUR,India,1,1,363.00,363.00,0.000000
IN,KARNATAKA,BASAVANA BAGEVADI,India,4,3,2930.00,2930.00,0.000000
IN,TAMIL NADU,TIRUKKOYILUR,India,2,2,1228.00,1228.00,0.000000
IN,TAMIL NADU,KALKULAM,India,1,1,399.00,399.00,0.000000
IN,TRIPURA,GOLAGHATI,India,1,2,979.00,979.00,0.000000
IN,MADHYA PRADESH,MEHGAON,India,1,1,771.00,771.00,0.000000
IN,MAHARASHTRA,"ANUSHAKTINAGAR, MUMBAI",India,1,1,455.00,455.00,0.000000
IN,MAHARASHTRA,BHANDUP- EAST,India,1,1,574.00,574.00,0.000000
IN,MAHARASHTRA,SHIVAI NAGAR,India,1,1,473.00,473.00,0.000000
IN,MAHARASHTRA,THANE (WEST),India,2,2,1929.00,1929.00,0.000000
IN,KERALA,KODUNGALUR,India,1,1,832.00,832.00,0.000000
IN,KERALA,UDYOGAMANDAL,India,1,1,345.00,345.00,0.000000
IN,TELANGANA,AMBERPWT HYDERABAD,India,1,1,345.00,345.00,0.000000
IN,TELANGANA,HYDERABAD (500034),India,5,5,2263.00,1565.00,0.000000
IN,WEST BENGAL,HANSKUNDA,India,2,2,814.00,814.00,0.000000
IN,KERALA,KULASEKHARAPURAM P.O KERLA,India,1,2,626.00,626.00,0.000000
IN,KERALA,"KOTTAKKAL, MALAPPURAM",India,1,1,833.00,833.00,0.000000
IN,UTTAR PRADESH,BAREILLY CANTT,India,1,1,1163.00,1163.00,0.000000
IN,ODISHA,ROURKELA- 769012,India,1,1,458.00,0.00,0.000000
IN,TAMIL NADU,PADUR,India,2,4,1920.00,1920.00,0.000000
IN,JHARKHAND,BARKI SARAIYA,India,1,0,0.00,0.00,0.000000
IN,CHHATTISGARH,BHILAI CHARODA   DIST-DURG,India,1,1,458.00,458.00,0.000000
IN,KERALA,KALLELIBHAGOM,India,1,1,727.00,727.00,0.000000
IN,TELANGANA,VIKARABAD PUDUR,India,1,0,0.00,0.00,0.000000
IN,KARNATAKA,ARKALGUD,India,1,1,387.00,387.00,0.000000
IN,KERALA,PAYAMBRA,India,1,1,376.00,376.00,0.000000
IN,KERALA,KALLADIKKODE,India,1,1,399.00,399.00,0.000000
IN,UTTAR PRADESH,NIZAMABAD,India,1,1,458.00,458.00,0.000000
IN,KERALA,VENKITANGU,India,2,1,459.00,459.00,0.000000
IN,UTTAR PRADESH,MOHAMMADABAD GHAZIPUR DISTRICT,India,1,0,0.00,0.00,0.000000
IN,KERALA,ALAMCODE,India,1,1,399.00,399.00,0.000000
IN,TAMIL NADU,MANAVALAKURICHI,India,1,0,0.00,0.00,0.000000
IN,TELANGANA,"HANAMKONDA, WARANGAL. MOBILE- 7661968333",India,1,1,664.00,664.00,0.000000
IN,UTTAR PRADESH,CHANDAUSI DIST.SAMBHAL,India,1,1,435.00,435.00,0.000000
IN,ARUNACHAL PRADESH,AALO,India,1,1,1099.00,1099.00,0.000000
IN,GOA,PARRA,India,1,1,665.00,665.00,0.000000
IN,MAHARASHTRA,MAHOOR,India,1,0,0.00,0.00,0.000000
IN,GUJARAT,"BAPUNAGAR,AHMEDABAD",India,1,1,517.00,517.00,0.000000
IN,KERALA,NELLUVAI,India,1,1,725.00,725.00,0.000000
IN,TAMIL NADU,MADIPAKAM CHENNAI,India,3,3,763.00,763.00,0.000000
IN,UTTAR PRADESH,SASNI,India,2,1,654.00,654.00,0.000000
IN,ANDAMAN & NICOBAR,PORTBAIR,India,1,1,828.00,828.00,0.000000
IN,UTTAR PRADESH,PURANPUR,India,1,1,696.00,696.00,0.000000
IN,JAMMU & KASHMIR,SRINAGAR,India,163,155,117177.62,110580.00,0.060000
IN,WEST BENGAL,BAGUIATI,India,4,4,2590.00,2590.00,0.000000
IN,ODISHA,JAJPUR,India,9,10,6161.00,6161.00,0.000000
IN,KERALA,OACHIRA,India,7,6,3706.19,2850.00,0.000000
IN,KARNATAKA,KRISHNARAJA SAGARA,India,2,2,1638.00,1638.00,0.000000
IN,MAHARASHTRA,KHALAPUR,India,1,1,1065.00,1065.00,0.000000
IN,WEST BENGAL,MADHYAMGRAM,India,20,20,11628.62,11121.00,0.010000
IN,UTTAR PRADESH,ROSHNABAD,India,2,1,471.00,471.00,0.000000
IN,KARNATAKA,MOTEBENNUR,India,1,1,399.00,399.00,0.000000
IN,TAMIL NADU,JAMBAI,India,1,1,382.00,382.00,0.000000
IN,RAJASTHAN,KOTA,India,117,109,75424.15,72588.00,0.040000
IN,KARNATAKA,TALIKOTA,India,2,2,1532.00,1532.00,0.000000
IN,TAMIL NADU,GUDALUR THE NILGIRIS DISTRICT,India,7,11,9299.00,9299.00,0.000000
IN,ODISHA,JAGATSINGHPUR,India,2,2,1539.00,1539.00,0.000000
IN,HIMACHAL PRADESH,RAWALSAR,India,1,1,771.00,0.00,0.000000
IN,TAMIL NADU,COIMBATORE RURAL,India,1,1,497.00,497.00,0.000000
IN,ANDHRA PRADESH,NUZVID,India,20,19,13537.43,12248.00,0.010000
IN,GUJARAT,BOPAL AHMEDABAD,India,1,1,801.00,801.00,0.000000
IN,ANDHRA PRADESH,BHIMADOLE,India,5,5,4499.00,4499.00,0.000000
IN,ANDHRA PRADESH,NARENDRAPURAM,India,1,1,597.00,597.00,0.000000
IN,ANDHRA PRADESH,TENALI,India,27,24,15992.06,12459.00,0.010000
IN,WEST BENGAL,FARAKKA PTS TOWNSHIP,India,2,2,912.00,912.00,0.000000
IN,KARNATAKA,BENGALURU,India,11096,11038,7257748.80,6729194.00,3.410000
IN,KERALA,UDMA,India,17,14,10951.67,7213.00,0.010000
IN,ODISHA,JAJAPUR,India,7,7,5111.00,4712.00,0.000000
IN,TELANGANA,BHAINSA,India,4,3,1554.00,1554.00,0.000000
IN,TELANGANA,RAIKAL,India,2,2,1962.00,1962.00,0.000000
IN,MAHARASHTRA,MIRAJ,India,7,7,4395.00,4395.00,0.000000
IN,KARNATAKA,KOLLEGAL,India,5,3,2112.00,2112.00,0.000000
IN,UTTAR PRADESH,SARAI MIR,India,2,2,1752.00,1752.00,0.000000
IN,DELHI,NEW DELHI-110075,India,2,2,825.00,825.00,0.000000
IN,TAMIL NADU,PUDUPATTINAM,India,9,7,3630.00,3630.00,0.000000
IN,KARNATAKA,RAICHUR,India,39,37,25886.91,24100.00,0.010000
IN,ODISHA,RENGALI,India,1,1,684.00,684.00,0.000000
IN,MAHARASHTRA,ASHTA,India,2,2,1396.00,1396.00,0.000000
IN,TELANGANA,RAMAGUNDAM,India,26,24,17600.67,15345.00,0.010000
IN,ODISHA,REDHAKHOL,India,3,2,899.00,899.00,0.000000
IN,MAHARASHTRA,VIRAR EAST,India,5,5,3999.00,2101.00,0.000000
IN,KERALA,KOLLENGODE PALAKKAD,India,1,1,763.00,763.00,0.000000
IN,KERALA,OLAVANNA,India,2,2,868.00,868.00,0.000000
IN,RAJASTHAN,LACHHMANGARH,India,5,4,3398.00,3398.00,0.000000
IN,MIZORAM,LUNGLEI,India,6,5,2748.00,1364.00,0.000000
IN,MAHARASHTRA,GADCHIROLI,India,9,7,5089.00,2825.00,0.000000
IN,RAJASTHAN,CHIRAWA,India,11,11,8198.00,7448.00,0.000000
IN,MAHARASHTRA,DOMBIVLI WEST,India,28,25,15493.00,15493.00,0.010000
IN,MAHARASHTRA,"PIMPRI CHINCHWAD, CHICKLI PCNTDA, PUNE",India,1,1,649.00,649.00,0.000000
IN,PUNJAB,DERABASSI,India,3,3,2782.00,1444.00,0.000000
IN,UTTAR PRADESH,HARGAON,India,2,2,929.00,929.00,0.000000
IN,WEST BENGAL,"BELGHARIA,KOLKATA",India,1,1,330.00,330.00,0.000000
IN,TAMIL NADU,VEDASANDUR,India,1,1,399.00,399.00,0.000000
IN,PUNJAB,AMRITSAR,India,154,147,96052.03,92393.00,0.050000
IN,GUJARAT,HIMMATNAGAR,India,16,18,13276.00,10871.00,0.010000
IN,KARNATAKA,BYATRYANPURA,India,1,1,259.00,259.00,0.000000
IN,JHARKHAND,CHAIBASA,India,17,17,11461.95,10781.00,0.010000
IN,UTTAR PRADESH,MARIHAN,India,1,1,435.00,435.00,0.000000
IN,KARNATAKA,VILLAGE :MUDDAPUR TQ :MUDHOL DIST :BAGALKOT,India,1,1,301.00,301.00,0.000000
IN,KERALA,MALAPPURAM DISTRICT,India,3,2,1358.00,1358.00,0.000000
IN,PUNJAB,FAZILKA,India,6,4,3973.00,3593.00,0.000000
IN,KERALA,PERAKAM,India,5,7,3745.00,3745.00,0.000000
IN,WEST BENGAL,RUDRANAGAR,India,1,1,641.00,641.00,0.000000
IN,WEST BENGAL,SIRSHA,India,2,4,4075.00,4075.00,0.000000
IN,WEST BENGAL,BANKRA,India,1,1,295.00,0.00,0.000000
IN,KERALA,PALLICHAL,India,10,10,7340.00,7340.00,0.000000
IN,TAMIL NADU,PERUVILAI,India,3,3,1977.00,1977.00,0.000000
IN,WEST BENGAL,"RAGHUNATHPUR, PURULIA",India,1,1,376.00,376.00,0.000000
IN,WEST BENGAL,CHINSURAH,India,4,4,2358.00,2358.00,0.000000
IN,KERALA,"EDAT, PAYYANUR,KANNUR",India,1,1,597.00,597.00,0.000000
IN,ANDHRA PRADESH,IRAGAVARAM,India,2,2,1371.00,1371.00,0.000000
IN,ANDHRA PRADESH,BHIMAVARAM 2,India,1,1,491.00,491.00,0.000000
IN,ODISHA,CUTTACK - 14,India,1,1,399.00,399.00,0.000000
IN,MAHARASHTRA,AKKALKUWA,India,1,1,416.00,416.00,0.000000
IN,UTTAR PRADESH,GONDA,India,32,29,19853.86,17961.00,0.010000
IN,GOA,TOWN MAPUSA,India,3,3,1846.00,1846.00,0.000000
IN,MADHYA PRADESH,BADA BAZAR SAGAR,India,2,2,636.00,318.00,0.000000
IN,ODISHA,BISHAMA KATAK,India,2,2,1531.00,1531.00,0.000000
IN,GOA,BARDEZ,India,15,13,9171.00,9171.00,0.000000
IN,ANDHRA PRADESH,MAKAVARAPALEM,India,1,1,301.00,301.00,0.000000
IN,TAMIL NADU,KAVERIPATTINAM,India,7,6,5379.00,5379.00,0.000000
IN,ANDHRA PRADESH,YERNAGUDEM,India,1,1,376.00,376.00,0.000000
IN,RAJASTHAN,VIJAINAGAR AJMER DISTRICT,India,2,2,1289.00,1289.00,0.000000
IN,WEST BENGAL,BAKRESHWAR THERMAL POWER TOWNSHIP,India,2,1,951.43,480.00,0.000000
IN,UTTAR PRADESH,BHARWARI,India,2,2,1772.00,1772.00,0.000000
IN,MAHARASHTRA,NALLASOPARA WEST,India,9,9,5056.00,4158.00,0.000000
AUSTRALIA,TX,SAN ANTONIO,Asia-Pacific,227,696,209685.92,202795.33,0.100000
IN,NEW DELHI,GAUTAM NAGAR,India,1,1,518.00,518.00,0.000000
IN,MADHYA PRADESH,KARELI,India,2,2,988.00,988.00,0.000000
IN,ANDHRA PRADESH,RAZAM,India,1,1,399.00,399.00,0.000000
IN,UTTAR PRADESH,GANGOH,India,4,3,1825.00,1825.00,0.000000
IN,UTTAR PRADESH,CHANDAULI,India,8,8,5265.00,4790.00,0.000000
IN,GUJARAT,DWARKA,India,4,4,2632.00,2632.00,0.000000
IN,KERALA,PANTHERANKAVE  P.O,India,2,2,1111.00,1111.00,0.000000
IN,MAHARASHTRA,ULHASNAGAR 3,India,2,3,1531.00,1531.00,0.000000
IN,ODISHA,JAMDA,India,1,1,635.00,635.00,0.000000
IN,GOA,VELSAO FALVADDO,India,1,1,899.00,899.00,0.000000
IN,ANDHRA PRADESH,LAKKAVARAM,India,1,1,329.00,329.00,0.000000
IN,CHHATTISGARH,SUKMA,India,1,1,418.00,418.00,0.000000
IN,TAMIL NADU,NANDIVARAM GUDUVANCHER,India,1,1,635.00,635.00,0.000000
IN,UTTARAKHAND,CHINIYALISAUR,India,1,1,495.00,495.00,0.000000
IN,KERALA,"CHOVVA,KANNUR",India,1,1,399.00,399.00,0.000000
IN,UTTAR PRADESH,"KALWARI,MIRZAPUR",India,1,1,460.00,460.00,0.000000
IN,ASSAM,MORIGAON,India,2,2,1534.00,1534.00,0.000000
IN,ODISHA,SARANGA,India,2,2,743.00,743.00,0.000000
IN,KERALA,KOCHIN,India,1,1,735.00,735.00,0.000000
IN,ASSAM,JOHRAT,India,2,2,1098.00,1098.00,0.000000
IN,RAJASTHAN,RIICO INDUSTRIAL AREA KHUSHKHERA,India,2,2,1470.00,1470.00,0.000000
IN,ODISHA,CUTTACKCUTTACK,India,1,1,487.00,487.00,0.000000
IN,DELHI,NEW ASHOK NAGAR,India,1,1,442.00,442.00,0.000000
IN,KERALA,PEROORKADA PO,India,1,1,635.00,0.00,0.000000
IN,ANDHRA PRADESH,TRIPURANTHAKAM,India,1,1,852.00,852.00,0.000000
IN,KARNATAKA,"T.DASARAHALLI, BANGALORE",India,1,1,1432.00,1432.00,0.000000
IN,GUJARAT,RAJPIPLA,India,2,2,779.00,779.00,0.000000
IN,WEST BENGAL,BOINCHI,India,2,1,1192.00,1192.00,0.000000
IN,KERALA,CHENTRAPINNI,India,1,0,0.00,0.00,0.000000
IN,KERALA,PADNE,India,1,1,379.00,379.00,0.000000
IN,ODISHA,GOURDANDA,India,2,2,666.00,666.00,0.000000
IN,JHARKHAND,BAGODAR,India,1,1,605.00,605.00,0.000000
IN,TAMIL NADU,TIRUNELVELI TOWN,India,3,2,2013.75,870.00,0.000000
IN,TELANGANA,BANSWADA,India,2,2,776.00,776.00,0.000000
IN,MAHARASHTRA,MORSHI,India,2,3,2694.00,2694.00,0.000000
IN,ANDHRA PRADESH,TIRUPATI (RURAL),India,1,2,950.00,950.00,0.000000
IN,MAHARASHTRA,AHMEDANAGAR,India,1,1,850.00,850.00,0.000000
IN,MAHARASHTRA,JAWHAR,India,1,1,459.00,459.00,0.000000
IN,HARYANA,INDUSTRIAL ESTATE BARWALA,India,1,1,859.00,0.00,0.000000
IN,KARNATAKA,BAILHONGAL,India,1,1,517.00,517.00,0.000000
IN,ANDHRA PRADESH,MYDUKUR,India,1,1,828.00,828.00,0.000000
IN,KARNATAKA,"HOSANAGARA(TQ), SHIMOGA(DIST)",India,1,1,625.00,625.00,0.000000
IN,MADHYA PRADESH,RAJGARH DHAR DISTRICT,India,1,1,597.00,597.00,0.000000
IN,GOA,ALTO DABOLIM,India,1,1,749.00,749.00,0.000000
IN,MAHARASHTRA,MAHAD (RAIGAD ),India,1,1,635.00,635.00,0.000000
IN,DELHI,ROHINI SECTOR 8,India,2,2,1281.00,1281.00,0.000000
IN,JHARKHAND,DIST. BOKARO,India,1,1,729.00,729.00,0.000000
IN,KARNATAKA,"BHAGYA NAGAR,9916015445,KOPPAL",India,1,1,715.00,715.00,0.000000
IN,BIHAR,BAGAHA,India,1,0,680.95,0.00,0.000000
IN,PB,ZIRA,India,1,1,399.00,399.00,0.000000
IN,HIMACHAL PRADESH,DAGSHAI,India,1,1,1173.00,1173.00,0.000000
IN,DELHI,LAXMI NAGAR,India,1,1,852.00,852.00,0.000000
IN,CHANDIGARH,CHANDIAGARH,India,1,1,771.00,771.00,0.000000
IN,KARNATAKA,"HARWADA, ANKOLA",India,1,1,495.00,495.00,0.000000
IN,MAHARASHTRA,BADLAPUR ROAD,India,1,1,449.00,449.00,0.000000
IN,RAJASTHAN,BEAWAR,India,20,20,15204.00,14170.00,0.010000
IN,KERALA,PAREMARI ROAD,India,1,1,491.00,0.00,0.000000
IN,KERALA,THRISSUR [NO NEED TO CALL ME].,India,1,1,666.00,666.00,0.000000
IN,WEST BENGAL,KHARAGPUR,India,56,52,33998.20,30802.00,0.020000
IN,KARNATAKA,HIRIYUR,India,8,6,3659.00,3659.00,0.000000
CANADA,DC,WASHINGTON,North America,276,836,269896.90,256500.42,0.130000
IN,UTTAR PRADESH,CHAKMANO,India,1,1,1149.00,1149.00,0.000000
IN,MADHYA PRADESH,GWALIOR,India,148,145,99205.81,92361.00,0.050000
IN,GUJARAT,UMBERGAON,India,6,6,3106.00,3106.00,0.000000
IN,UTTARAKHAND,KAPKOT,India,4,3,2389.05,1870.00,0.000000
IN,MAHARASHTRA,CBD BELAPUR,India,1,2,584.00,584.00,0.000000
IN,GUJARAT,JALUNDH KHAMBHAT,India,1,1,533.00,533.00,0.000000
IN,UTTAR PRADESH,JILA BIJNOR,India,1,0,0.00,0.00,0.000000
IN,TELANGANA,"SECUNDERABAD, HYDERABAD",India,1,0,514.29,0.00,0.000000
IN,TAMIL NADU,KARAMBAKKAM PORUR CHENNAI,India,1,1,999.00,999.00,0.000000
IN,UTTAR PRADESH,MUSAFIRKHANA,India,4,4,3625.00,2449.00,0.000000
IN,WEST BENGAL,NAZRA,India,1,1,599.00,599.00,0.000000
IN,WEST BENGAL,JAYGAON,India,5,5,4446.00,4446.00,0.000000
IN,KERALA,KAIPAMANGALAM,India,2,2,1534.00,1534.00,0.000000
IN,UTTAR PRADESH,GHUGHULI,India,1,1,1163.00,1163.00,0.000000
IN,MAHARASHTRA,VAISHALI NAGAR NAGPUR,India,1,1,501.00,501.00,0.000000
IN,BIHAR,BARH,India,3,3,1241.00,1241.00,0.000000
IN,MAHARASHTRA,PEN,India,9,8,3830.00,3473.00,0.000000
IN,WEST BENGAL,MIDNAPORE,India,1,1,949.00,949.00,0.000000
IN,KERALA,KOTTAMKARA,India,5,5,3308.00,3308.00,0.000000
IN,TAMIL NADU,"AKASH NAGAR ANNEXE, MANIMEDU",India,1,1,1075.00,1075.00,0.000000
IN,MAHARASHTRA,THANE,India,1770,1703,1111506.35,1015128.00,0.520000
IN,UTTAR PRADESH,BIJNOR,India,34,30,19757.00,17662.00,0.010000
IN,BIHAR,RAMNAGAR,India,2,3,1754.00,1754.00,0.000000
IN,UTTAR PRADESH,BIHKA,India,1,0,0.00,0.00,0.000000
IN,ANDAMAN & NICOBAR,PORT BLAIR,India,167,158,112173.24,96350.00,0.050000
IN,UTTAR PRADESH,DINDASPUR,India,2,2,2378.00,2378.00,0.000000
IN,KARNATAKA,BANGARAPET,India,9,9,5407.00,5407.00,0.000000
IN,MAHARASHTRA,LONAND,India,1,1,1154.00,1154.00,0.000000
IN,UTTAR PRADESH,LUCKNOW,India,1556,1441,1049983.10,957382.00,0.490000
IN,KERALA,FEROKE,India,8,5,2113.00,2113.00,0.000000
IN,ASSAM,SONAPUR GAON,India,9,7,4791.00,4791.00,0.000000
IN,MAHARASHTRA,NANDA,India,1,1,654.00,654.00,0.000000
IN,UTTARAKHAND,"KATHGHARIYA, HALDWANI",India,1,1,1099.00,1099.00,0.000000
IN,MADHYA PRADESH,MANASA,India,3,1,292.00,292.00,0.000000
IN,UTTAR PRADESH,SAHIBABAD,India,3,2,3168.38,2516.00,0.000000
IN,KERALA,RAMANATTUKARA,India,4,4,2641.00,2641.00,0.000000
IN,PUNJAB,PATRAN,India,2,1,1435.43,744.00,0.000000
IN,GUJARAT,TALAJA,India,1,1,599.00,599.00,0.000000
IN,KARNATAKA,BHALKI,India,2,2,1345.00,493.00,0.000000
IN,ODISHA,ASIKA,India,4,4,3528.00,3528.00,0.000000
IN,HARYANA,MAHENDRAGARH,India,12,23,15018.00,15018.00,0.010000
IN,ARUNACHAL PRADESH,DIYUN,India,1,1,499.00,499.00,0.000000
IN,ANDHRA PRADESH,MURAKAMBATTU,India,7,6,5438.73,3742.00,0.000000
IN,KERALA,TRISSUR,India,3,3,1790.00,798.00,0.000000
IN,MAHARASHTRA,CHINCHANI,India,10,10,5587.00,5587.00,0.000000
IN,ANDHRA PRADESH,ANANTAPUR DISTRICT,India,3,1,2094.34,721.00,0.000000
IN,TAMIL NADU,GOBICHETTIPALAYAM,India,10,10,5721.00,5721.00,0.000000
IN,MAHARASHTRA,KASEGAON TAL WALWA DIST SANGLI,India,1,0,454.29,0.00,0.000000
IN,TELANGANA,HYDERBAD,India,3,5,2399.00,2399.00,0.000000
IN,MAHARASHTRA,"ARMORI, DIST. GADCHIROLI",India,1,1,379.00,379.00,0.000000
IN,ANDHRA PRADESH,"GARUGUBILLI MANDAL, VIZIANAGARAM DIST",India,1,1,551.00,551.00,0.000000
IN,RAJASTHAN,JALOR,India,5,4,2440.00,2440.00,0.000000
IN,HIMACHAL PRADESH,BALOH,India,1,1,431.00,431.00,0.000000
IN,TELANGANA,MANAGURU,India,1,1,517.00,517.00,0.000000
IN,JHARKHAND,BAHARAGORA,India,3,3,2436.00,2436.00,0.000000
IN,KARNATAKA,BAGALKOT,India,29,26,16143.38,14032.00,0.010000
IN,TAMIL NADU,PAZHUGAL,India,2,1,903.10,545.00,0.000000
IN,UTTAR PRADESH,PILIBHIT,India,23,19,16190.43,12749.00,0.010000
IN,KERALA,ERNAKULLAM,India,2,2,1675.00,1675.00,0.000000
IN,HARYANA,GANAUR,India,4,4,2543.00,2543.00,0.000000
IN,TELANGANA,RAASI CEMENT FACTORY WAZIRABAD,India,1,1,791.00,791.00,0.000000
IN,TELANGANA,JAMMIKUNTA,India,9,9,6596.00,6596.00,0.000000
IN,KARNATAKA,BADAMI,India,3,3,2244.00,2244.00,0.000000
IN,TAMIL NADU,OTHAKADAI,India,3,3,1865.00,1865.00,0.000000
IN,MAHARASHTRA,NILANGA,India,1,1,685.00,685.00,0.000000
IN,HIMACHAL PRADESH,BHORANJ,India,1,1,771.00,771.00,0.000000
IN,PUNJAB,NAYAGAON,India,2,2,399.00,399.00,0.000000
IN,UTTAR PRADESH,TIRVA ROD GURSAHAIGANJ,India,1,0,0.00,0.00,0.000000
IN,TAMIL NADU,ODDANCHATRAM,India,8,7,4238.00,4238.00,0.000000
IN,ANDHRA PRADESH,MACHILIPATNAM,India,24,24,16862.21,15614.00,0.010000
IN,KARNATAKA,KALABURGI,India,82,76,50972.48,48562.00,0.020000
IN,MAHARASHTRA,KOREGAON,India,2,1,1841.38,1349.00,0.000000
IN,MAHARASHTRA,MOWAD,India,1,1,1122.00,0.00,0.000000
IN,KERALA,MUVATTUPUZHA,India,36,33,23713.62,19171.00,0.010000
IN,UTTAR PRADESH,ALLAHABAD,India,307,285,203525.97,185668.00,0.100000
IN,MAHARASHTRA,KONDHWA KHURD 48 .PUNE  411048,India,1,1,475.00,0.00,0.000000
IN,WEST BENGAL,RAGHUNATHGANJ,India,2,1,1010.43,399.00,0.000000
IN,ANDHRA PRADESH,PALAVALASA,India,1,1,469.00,469.00,0.000000
IN,BIHAR,"LAUKAHA , MADHUBANI",India,1,1,599.00,599.00,0.000000
IN,KARNATAKA,"SANDUR TALUK, BELLARY DISTRICT",India,1,1,517.00,517.00,0.000000
IN,UTTAR PRADESH,ITWA,India,2,2,1823.00,1823.00,0.000000
IN,BIHAR,DARBHANGA,India,49,44,33664.85,30544.00,0.020000
IN,UTTAR PRADESH,GAJRAULA,India,7,7,4631.00,4631.00,0.000000
IN,ANDHRA PRADESH,NAGARI,India,10,8,3985.10,3627.00,0.000000
IN,HIMACHAL PRADESH,NAHAN,India,22,21,17494.95,15009.00,0.010000
IN,TELANGANA,NIZAMBADH,India,1,1,399.00,399.00,0.000000
IN,UTTAR PRADESH,BHOGAON,India,2,2,748.00,748.00,0.000000
IN,KARNATAKA,CHIKBALLAPUR ROAD . DODDABALLAPUR,India,1,1,635.00,0.00,0.000000
IN,SIKKIM,SORENG  WEST SIKKIM,India,2,2,786.00,786.00,0.000000
IN,PUNJAB,CHOGAWAN,India,1,1,376.00,376.00,0.000000
IN,MAHARASHTRA,"BARAMATI,PUNE",India,2,2,798.00,798.00,0.000000
IN,BIHAR,SIWAN BIHAR,India,2,2,1098.00,549.00,0.000000
IN,RAJASTHAN,NASIRABAD,India,3,3,1909.00,1410.00,0.000000
IN,TAMIL NADU,SHOLAVANDAN,India,2,3,1223.00,1223.00,0.000000
IN,BIHAR,MASAURHI,India,2,2,1130.00,1130.00,0.000000
IN,ANDHRA PRADESH,"ITHEPALLI(V), CHANDRAGIRI(M), CHITTOOR(D),",India,1,1,349.00,349.00,0.000000
IN,TELANGANA,"RUDRARAM, HYDERABAD",India,1,1,386.00,386.00,0.000000
IN,TELANGANA,OLD ALWAL  SECUNDERABAD,India,1,1,788.00,788.00,0.000000
IN,BIHAR,NARPATGANJ,India,1,1,533.00,533.00,0.000000
IN,MAHARASHTRA,SANGOLE,India,1,1,419.00,419.00,0.000000
IN,TAMIL NADU,VADALUR,India,1,1,1137.00,1137.00,0.000000
IN,UTTAR PRADESH,KARNAWAL,India,1,1,888.00,888.00,0.000000
IN,TELANGANA,KOSIGI,India,1,1,588.00,588.00,0.000000
IN,MAHARASHTRA,"KALEWADI, PIMPRI CHINCHWAD, PUNE",India,1,1,318.00,318.00,0.000000
IN,DADRA AND NAGAR,"NANI DAMAN,DAMAN",India,1,1,1399.00,1399.00,0.000000
IN,BIHAR,DARBHNGA,India,1,1,828.00,0.00,0.000000
IN,MAHARASHTRA,AKLUJ,India,1,0,360.95,0.00,0.000000
IN,MADHYA PRADESH,GORMI,India,1,1,801.00,801.00,0.000000
IN,MADHYA PRADESH,GOTEGAON (DIST-NARSINGHPUR),India,1,1,453.00,453.00,0.000000
IN,WEST BENGAL,BANDOAN,India,1,0,686.67,0.00,0.000000
IN,KARNATAKA,VIJAYPURA,India,1,1,1238.00,1238.00,0.000000
IN,MAHARASHTRA,"CHAUL,KATKAR ALI,ALIBAG,RAIGAD",India,1,1,345.00,345.00,0.000000
IN,UTTAR PRADESH,"WAZIRGANJ,BADAUN",India,1,1,1126.00,1126.00,0.000000
IN,ANDHRA PRADESH,"ATMAKUR  (M), KURNOOL DIST",India,1,0,414.29,0.00,0.000000
IN,ANDHRA PRADESH,NAKKAPALLE,India,1,1,1213.00,1213.00,0.000000
IN,KARNATAKA,KUVETTU,India,1,1,625.00,625.00,0.000000
IN,CHHATTISGARH,DHARAMJAIGARH,India,1,0,0.00,0.00,0.000000
IN,MAHARASHTRA,VIRAR (WEST),India,1,1,735.00,735.00,0.000000
IN,MAHARASHTRA,PARANDA,India,1,1,1388.00,1388.00,0.000000
IN,KERALA,"VAZHAKKALA  , KOCHI",India,1,1,375.00,375.00,0.000000
IN,GOA,TALEIGAO,India,2,2,1633.00,1633.00,0.000000
IN,MAHARASHTRA,MURUM,India,1,1,471.00,471.00,0.000000
IN,MAHARASHTRA,ARVI WARDHA,India,1,1,654.00,654.00,0.000000
IN,TAMIL NADU,RAMAPURAM CHENNAI,India,1,1,399.00,0.00,0.000000
IN,MAHARASHTRA,MALAD WEST,India,1,1,376.00,376.00,0.000000
IN,MAHARASHTRA,"BHOSARI,PUNE",India,1,1,569.00,569.00,0.000000
IN,PUNJAB,GURU HAR SAHAI,India,2,2,1038.00,1038.00,0.000000
IN,RAJASTHAN,BAKANI,India,1,1,376.00,376.00,0.000000
IN,GUJARAT,SUKHSAR,India,1,1,603.00,603.00,0.000000
IN,MAHARASHTRA,KOROCHI,India,1,1,563.00,563.00,0.000000
IN,TAMIL NADU,NUNGABAKAM CHENNAI,India,1,1,399.00,399.00,0.000000
IN,MAHARASHTRA,KOLHAR-BHAGWATIPUR,India,1,1,1036.00,1036.00,0.000000
IN,KARNATAKA,MANGLORE,India,1,1,363.00,363.00,0.000000
IN,MAHARASHTRA,"MUMBAI,MALAD  EAST",India,1,1,529.00,529.00,0.000000
IN,KERALA,PARIPALLY,India,1,1,788.00,788.00,0.000000
IN,BIHAR,BHAGALPUR,India,69,60,45831.87,41723.00,0.020000
IN,ANDHRA PRADESH,AVANIGADDA,India,8,9,6567.00,6567.00,0.000000
IN,GOA,SANQUELIM,India,9,10,6501.00,6501.00,0.000000
IN,KERALA,"RAMAPURAM, PALA, KOTTAYAM",India,1,1,758.00,758.00,0.000000
IN,MADHYA PRADESH,BEGAMGANJ,India,2,2,1225.00,1225.00,0.000000
IN,UTTAR PRADESH,KUSHINAGAR,India,12,11,9477.29,7944.00,0.000000
IN,TELANGANA,GAJWEL,India,8,7,3999.00,3564.00,0.000000
IN,UTTAR PRADESH,MANGAPUR,India,1,1,545.00,0.00,0.000000
IN,MAHARASHTRA,"CHANDUR RAILWAY, DIST - AMRAVATI",India,1,1,549.00,549.00,0.000000
IN,HIMACHAL PRADESH,KANGRA,India,50,47,35144.76,33175.00,0.020000
IN,CHHATTISGARH,BALRAMPUR,India,6,5,3974.24,2470.00,0.000000
IN,KARNATAKA,MANDYA DISTRICT,India,1,1,568.00,568.00,0.000000
IN,KARNATAKA,JAMKHANDI,India,8,6,4873.67,4587.00,0.000000
IN,MAHARASHTRA,MUMBAI - 400062,India,6,6,4673.62,2116.00,0.000000
IN,GUJARAT,MEHMEDABAD,India,6,6,3302.00,3302.00,0.000000
IN,WEST BENGAL,BADKULLA,India,1,1,359.00,359.00,0.000000
IN,KARNATAKA,"NELAMANGALA TALUK ,BENGALURU",India,2,2,1542.00,1542.00,0.000000
IN,MAHARASHTRA,DOMBIVLI,India,92,90,57656.76,48844.00,0.030000
IN,GUJARAT,JHALOD,India,2,3,2258.00,2258.00,0.000000
IN,KERALA,"PALA, KOTTAYAM",India,1,1,758.00,758.00,0.000000
IN,MAHARASHTRA,SUPA MIDC,India,1,1,597.00,597.00,0.000000
IN,MAHARASHTRA,NAGOTHANE,India,3,2,1245.00,1245.00,0.000000
IN,DADRA AND NAGAR,DIU,India,12,16,7811.00,7811.00,0.000000
IN,PUNJAB,JALANDHAR CANT,India,1,1,1039.00,1039.00,0.000000
IN,WEST BENGAL,NEW TOWN/ KOLKATA,India,2,2,785.00,785.00,0.000000
IN,PUNJAB,ROPAR,India,13,12,7040.00,7040.00,0.000000
IN,ODISHA,KHURDA,India,2,2,1139.00,1139.00,0.000000
IN,MADHYA PRADESH,BARWANI,India,4,4,3140.00,3140.00,0.000000
IN,RAJASTHAN,SAGWARA,India,6,8,4315.00,4315.00,0.000000
IN,MAHARASHTRA,GHANSOLI,India,4,4,2085.00,1598.00,0.000000
IN,TAMIL NADU,"ANNA NAGAR WEST, CHENNAI",India,2,3,987.00,987.00,0.000000
IN,GUJARAT,JAMNAGAR,India,60,60,37366.48,35817.00,0.020000
IN,KERALA,FORTKOCHI,India,2,2,1577.00,1577.00,0.000000
IN,PUNJAB,BATHINDA,India,58,60,39120.95,35243.00,0.020000
IN,HARYANA,TARAORI,India,2,3,1909.00,1909.00,0.000000
UNITED STATES,IN,INDIANAPOLIS,North America,3469,10445,3246583.55,3123864.54,1.530000
IN,KERALA,KULATHUMMAL,India,8,6,3379.00,3379.00,0.000000
IN,JHARKHAND,MIHIJAM,India,8,3,4817.14,2460.00,0.000000
IN,TAMIL NADU,SIKKATHAMBUR PALAYAM,India,2,2,1949.00,1949.00,0.000000
IN,RAJASTHAN,PHALODI,India,4,4,2669.00,2669.00,0.000000
IN,WEST BENGAL,SANTIPUR,India,2,2,1258.00,1258.00,0.000000
IN,ANDHRA PRADESH,VISHAKAPATNAM,India,4,4,3288.00,2517.00,0.000000
IN,TAMIL NADU,ORAGADAM,India,1,1,468.00,468.00,0.000000
IN,HIMACHAL PRADESH,DISTT.SHIMLA,India,1,1,574.00,574.00,0.000000
INDIA,TX,FORT WORTH,Global,758,2299,701047.54,675592.48,0.330000
IN,TAMIL NADU,THENI DISTRICT,India,1,1,376.00,376.00,0.000000
IN,KARNATAKA,KOLAR GOLD FIELD - KGF,India,1,1,666.00,666.00,0.000000
IN,TELANGANA,SURYAPET,India,18,16,10871.44,9720.00,0.010000
IN,ODISHA,"BALIPATNA, KHURDA",India,1,1,725.00,725.00,0.000000
IN,KERALA,KOZHIPPILLY PARASHALAPPADY,India,1,1,499.00,499.00,0.000000
IN,TAMIL NADU,MANAMADURAI,India,1,1,641.00,641.00,0.000000
IN,ODISHA,DHENKANAL,India,25,22,16703.24,15030.00,0.010000
IN,ANDHRA PRADESH,BESTAWARIPETA,India,5,3,2786.43,2315.00,0.000000
IN,KERALA,ELAMPALLOOR,India,7,7,4993.00,3991.00,0.000000
IN,KERALA,PAYYANNUR,India,8,7,3292.00,2933.00,0.000000
IN,UTTARAKHAND,TEHRI,India,9,8,4769.00,3583.00,0.000000
IN,ANDHRA PRADESH,MANDAVALLI,India,3,2,855.00,855.00,0.000000
IN,ANDHRA PRADESH,GANAVARAM,India,2,2,1306.00,653.00,0.000000
IN,WEST BENGAL,BONGAON,India,2,2,1221.00,1221.00,0.000000
IN,TAMIL NADU,URAPAKKAM,India,1,1,519.00,519.00,0.000000
IN,WEST BENGAL,KOLAGHAT,India,7,5,4838.74,3416.00,0.000000
IN,KERALA,CHATHANNOOR,India,1,1,799.00,799.00,0.000000
IN,ANDHRA PRADESH,VOLETIVARIPALEM,India,2,2,1327.00,1327.00,0.000000
IN,UTTAR PRADESH,NAINI INDUSTRIAL AREA,India,1,1,699.00,699.00,0.000000
IN,TAMIL NADU,UDUMALAIPETTAI,India,6,5,3557.67,3111.00,0.000000
IN,ANDHRA PRADESH,VIDYANAGAR,India,1,1,399.00,399.00,0.000000
IN,BIHAR,MIRGANJ,India,2,2,2067.00,2067.00,0.000000
IN,MAHARASHTRA,"ALANDI, PUNE",India,1,1,721.00,721.00,0.000000
IN,TELANGANA,"HYDERABAD, RANGA REDDY",India,1,1,533.00,533.00,0.000000
IN,WEST BENGAL,BIRPARA TEA GARDEN,India,3,2,1569.00,1009.00,0.000000
IN,KERALA,MAVELIKKARA,India,17,19,11812.00,11141.00,0.010000
IN,KARNATAKA,"KAGGALIPURA, BENGALURU",India,1,1,899.00,899.00,0.000000
IN,ANDHRA PRADESH,NAGARAM,India,2,2,898.00,898.00,0.000000
IN,GUJARAT,DEESA,India,5,4,2431.00,2431.00,0.000000
IN,UTTAR PRADESH,KORA JAHANABAD,India,2,1,885.00,885.00,0.000000
IN,CHHATTISGARH,NAYA BARADWAR,India,1,1,1238.00,1238.00,0.000000
IN,HARYANA,BHAKALI,India,1,1,635.00,635.00,0.000000
IN,BIHAR,SLEPUR,India,2,1,1133.00,0.00,0.000000
IN,ANDHRA PRADESH,"KEDARESWARA PET ,  VIJAYAWADA",India,2,2,728.00,728.00,0.000000
IN,PUDUCHERRY,YANAM,India,3,3,798.00,798.00,0.000000
IN,HIMACHAL PRADESH,SUNDERNAGR,India,1,1,847.00,847.00,0.000000
IN,KERALA,AMBALLUR,India,1,1,735.00,735.00,0.000000
IN,WEST BENGAL,GARH KAMALPUR,India,1,1,435.00,435.00,0.000000
IN,UTTAR PRADESH,KARHAL,India,1,1,1099.00,1099.00,0.000000
IN,KARNATAKA,CHIKBALLAPUR,India,1,1,759.00,759.00,0.000000
IN,PUNJAB,NAWANSHAHAR,India,1,1,825.00,825.00,0.000000
IN,HARYANA,MEHAM DISTT. ROHTAK,India,1,1,635.00,635.00,0.000000
IN,KERALA,KUNNAMANGALAM,India,4,2,2437.14,1680.00,0.000000
IN,TAMIL NADU,TIRUNELVELLI DIST,India,1,1,363.00,363.00,0.000000
IN,KARNATAKA,PAVAGADA,India,2,1,1138.67,852.00,0.000000
IN,TAMIL NADU,ERODEERODE,India,1,1,382.00,382.00,0.000000
IN,UTTAR PRADESH,ATARRA,India,1,1,1075.00,1075.00,0.000000
IN,MAHARASHTRA,DOMBIVALI (WEST) -421202,India,2,2,1380.00,1380.00,0.000000
IN,MAHARASHTRA,BHANDARA ROAD,India,1,0,0.00,0.00,0.000000
IN,UTTAR PRADESH,BUDHANA,India,1,1,1093.00,1093.00,0.000000
IN,KARNATAKA,VIRAJPET,India,8,7,3568.00,3568.00,0.000000
IN,ANDHRA PRADESH,PEDAVEGI,India,1,1,435.00,435.00,0.000000
IN,DELHI,NEW DELHILHI,India,1,1,775.00,775.00,0.000000
IN,WEST BENGAL,DAKSHIN JHAPARDAHA,India,2,2,1441.00,1441.00,0.000000
IN,MAHARASHTRA,THANE.  MUMBRA,India,1,1,291.00,291.00,0.000000
IN,PUNJAB,RAHON,India,2,1,1064.05,0.00,0.000000
IN,GOA,SAVLEM PILERNE,India,1,1,376.00,376.00,0.000000
IN,UTTAR PRADESH,KORAON,India,1,1,319.00,319.00,0.000000
IN,TELANGANA,KHAMMAM DISTRICT,India,1,1,307.00,307.00,0.000000
IN,ODISHA,GMR POWER PLANT KMALANGA TOWNSHIP,India,1,1,376.00,376.00,0.000000
IN,KARNATAKA,HONNALI,India,1,1,612.00,612.00,0.000000
IN,ANDHRA PRADESH,MUDDANUR,India,3,3,1598.00,1598.00,0.000000
IN,ASSAM,MENDIPATHAR,India,1,1,387.00,387.00,0.000000
IN,GUJARAT,GWC TOWNSHIP KOVAYA,India,1,1,487.00,487.00,0.000000
IN,KERALA,THOPPIPPALA,India,1,1,459.00,459.00,0.000000
IN,DELHI,"MALVIYA NAGAR,NEW DELHI",India,1,1,690.00,690.00,0.000000
IN,TAMIL NADU,KANCHEEPURAM DISTRICT,India,1,1,587.00,587.00,0.000000
IN,UTTAR PRADESH,"BELA, PRATAPGARH",India,1,1,759.00,759.00,0.000000
IN,PUNJAB,MALLANWALA KHAS/FEROZEPUR,India,1,1,625.00,625.00,0.000000
IN,BIHAR,MARHAURA,India,1,1,499.00,499.00,0.000000
IN,UTTAR PRADESH,SIRSIYA,India,1,1,425.00,425.00,0.000000
IN,TELANGANA,DISTRICT KAMAREDDY,India,1,1,725.00,725.00,0.000000
IN,TAMIL NADU,KUTHANALLUR,India,1,1,499.00,499.00,0.000000
IN,KERALA,PATTAMBI PALAKKAD,India,1,1,399.00,399.00,0.000000
IN,WEST BENGAL,DAKSHIN DEOGAON,India,1,1,999.00,999.00,0.000000
IN,ODISHA,NIALI,India,1,1,459.00,459.00,0.000000
IN,RAJASTHAN,PIRAWA,India,1,1,383.00,383.00,0.000000
IN,MAHARASHTRA,CBD BELAPUR NAVI MUMBAI,India,1,1,648.00,648.00,0.000000
IN,KARNATAKA,KADABA,India,1,1,612.00,612.00,0.000000
IN,JHARKHAND,WEST SINGHBHUM,India,1,1,435.00,0.00,0.000000
IN,KERALA,MANNANCHERRY,India,1,1,735.00,735.00,0.000000
IN,PUNJAB,KAPURTHALA,India,14,16,10603.00,10086.00,0.000000
IN,ASSAM,NORTH LAKHIMPUR,India,15,11,9554.71,7104.00,0.000000
IN,PUNJAB,BABA BAKALA,India,3,3,2130.00,2130.00,0.000000
IN,TAMIL NADU,SULUR,India,10,7,3837.00,3248.00,0.000000
IN,JAMMU & KASHMIR,KATHUA,India,22,16,14739.05,12794.00,0.010000
IN,WEST BENGAL,SABANG,India,3,3,1410.00,1410.00,0.000000
IN,KARNATAKA,HONAVAR,India,8,7,4073.00,3468.00,0.000000
IN,KARNATAKA,KARWAR,India,42,38,24932.29,23698.00,0.010000
IN,MADHYA PRADESH,MANDSAUR,India,12,12,7863.00,7163.00,0.000000
IN,HIMACHAL PRADESH,JOGINDARNAGAR,India,1,0,700.00,0.00,0.000000
IN,MADHYA PRADESH,"VINDHYA NAGAR NTPC TOWNSHIP, SINGRAULI DISTRICT",India,1,1,786.00,786.00,0.000000
IN,DELHI,SOUTH WEST DELHI,India,27,30,23101.00,21188.00,0.010000
IN,MAHARASHTRA,MUKTAINAGAR,India,2,2,1148.00,1148.00,0.000000
IN,WEST BENGAL,CHANDANNAGAR,India,18,17,9135.00,8008.00,0.000000
IN,TELANGANA,MALKAJGIRI,India,4,4,1768.00,977.00,0.000000
IN,RAJASTHAN,KHERLI,India,2,2,2081.00,1112.00,0.000000
IN,TAMIL NADU,AMMAPETTAI THANJAVUR DISTRICT,India,2,1,1077.57,0.00,0.000000
IN,TAMIL NADU,SHENKOTTAI,India,2,2,796.00,796.00,0.000000
IN,WEST BENGAL,BANDEL,India,3,3,1812.00,1812.00,0.000000
IN,MAHARASHTRA,"KHADKI,PUNE",India,2,1,1221.00,1221.00,0.000000
IN,ANDHRA PRADESH,NELLORE,India,254,258,168499.77,150159.00,0.080000
IN,KERALA,"NEAR TMCAA AUDITORIUM,MEDICAL COLLEGE, THRISSUR",India,2,1,799.00,799.00,0.000000
IN,MAHARASHTRA,DOMBIVALI,India,24,27,19017.57,18131.00,0.010000
IN,KERALA,VILAPPILSALA,India,2,2,700.00,700.00,0.000000
IN,TAMIL NADU,KOLACHAL,India,7,8,3752.00,3752.00,0.000000
IN,KERALA,KUMARANELLUR,India,3,3,2572.00,2572.00,0.000000
IN,ANDHRA PRADESH,KAPILESWARAPURAM,India,2,2,1264.00,1264.00,0.000000
IN,WEST BENGAL,BARRACKPORE,India,54,50,30624.15,28307.00,0.010000
IN,KARNATAKA,TUMKUR,India,36,28,20351.62,17178.00,0.010000
IN,KERALA,DESAMANGALAM,India,2,2,1770.00,1770.00,0.000000
IN,WEST BENGAL,PANAGARH,India,2,2,2177.00,2177.00,0.000000
IN,MAHARASHTRA,MALNAKA RATNAGIRI,India,1,1,545.00,545.00,0.000000
IN,MAHARASHTRA,"MAGARPATTA CITY, PUNE",India,2,2,1467.00,1467.00,0.000000
IN,TAMIL NADU,MELUR,India,5,5,3489.00,3489.00,0.000000
IN,TELANGANA,KOTHAGUDEM,India,13,14,8270.00,7907.00,0.000000
IN,GUJARAT,JUNAGADH,India,23,20,14312.00,13541.00,0.010000
IN,TAMIL NADU,"POLUR TALUK, THIRUVANAMALAI DISTRICT",India,1,1,442.00,442.00,0.000000
IN,ODISHA,KASHINAGARA,India,1,1,547.00,547.00,0.000000
IN,UTTAR PRADESH,INDIRAPURATM,India,1,1,1146.00,1146.00,0.000000
IN,TAMIL NADU,THENI ALLINAGARAM,India,12,11,8792.00,8792.00,0.000000
IN,MAHARASHTRA,TUMSAR,India,10,10,7129.57,4264.00,0.000000
IN,ANDHRA PRADESH,DHANIYANICHERUVU.VILLAGE,India,1,1,886.00,886.00,0.000000
IN,PUNJAB,DHARIWAL,India,1,2,2067.00,2067.00,0.000000
IN,UTTAR PRADESH,PADRAUNA,India,8,8,5421.00,5421.00,0.000000
IN,BIHAR,BIHAR BEGUSARAI DISTRICT,India,1,0,0.00,0.00,0.000000
IN,KARNATAKA,"KADUGODI, WHITEFIELD, BENGALURU",India,1,1,376.00,376.00,0.000000
IN,MADHYA PRADESH,BANKHEDI,India,3,2,1232.10,653.00,0.000000
IN,WEST BENGAL,"SALBARI, SILIGURI",India,1,1,1186.00,1186.00,0.000000
IN,TAMIL NADU,UTHAMAPALAYAM,India,5,2,1067.00,1067.00,0.000000
IN,MAHARASHTRA,PANDHARPUR,India,13,13,10217.00,9199.00,0.000000
IN,UTTAR PRADESH,DIBIYAPUR,India,5,4,3544.00,2793.00,0.000000
IN,RAJASTHAN,RATANGARH,India,4,3,2176.00,2176.00,0.000000
IN,MAHARASHTRA,PIMPRI-CHICHWAD,India,1,1,969.00,969.00,0.000000
IN,TAMIL NADU,PERAMBALUR,India,12,9,4219.00,4219.00,0.000000
IN,HIMACHAL PRADESH,NAGROTA BAGWAN,India,5,3,1858.00,1858.00,0.000000
IN,NAGALAND,KOHIMA,India,25,21,16027.15,14571.00,0.010000
IN,TAMIL NADU,THOOTHUKKUDI,India,33,31,16132.00,16132.00,0.010000
IN,KARNATAKA,KUDCHI,India,2,2,944.00,944.00,0.000000
IN,PUNJAB,SANGRUR,India,12,14,9032.00,8399.00,0.000000
IN,MAHARASHTRA,VASAI EAST,India,8,7,3716.95,2956.00,0.000000
IN,KERALA,ULLIYERI,India,6,6,3950.00,3950.00,0.000000
IN,BIHAR,"KAHALGAON, BHAGALPUR",India,2,2,1315.00,1315.00,0.000000
IN,TELANGANA,SECUNDERABAD 500003,India,1,1,685.00,685.00,0.000000
IN,KERALA,MALLAPPALLY,India,1,1,487.00,487.00,0.000000
IN,GUJARAT,SG HIGHWAY AHMEDABAD,India,1,1,1176.00,1176.00,0.000000
IN,DADRA AND NAGAR,"SAMARVARNI, SILVASSA",India,1,0,0.00,0.00,0.000000
IN,ANDHRA PRADESH,DOWLESHWARAM... RAJAHMUNDRY (R),India,1,1,527.00,527.00,0.000000
IN,TAMIL NADU,"KUNRATHUR, CHENNAI",India,3,3,2233.00,1158.00,0.000000
IN,MAHARASHTRA,DEOLA,India,1,1,1349.00,1349.00,0.000000
IN,ORISSA,BHUBANESWAR,India,2,2,1361.00,1361.00,0.000000
IN,MAHARASHTRA,"NEW PANVEL, NAVI MUMBAI, RAIGAD DIST.",India,2,2,1542.00,1542.00,0.000000
IN,TELANGANA,HYDRABAD,India,1,1,967.00,967.00,0.000000
IN,MAHARASHTRA,KURULI,India,1,1,729.00,729.00,0.000000
IN,MAHARASHTRA,DOMBIVLI (W),India,1,1,499.00,499.00,0.000000
IN,TAMIL NADU,SRIVILLIPUTTUR,India,1,1,744.00,744.00,0.000000
IN,BIHAR,SIKTA,India,2,1,759.00,0.00,0.000000
IN,TELANGANA,"KPHB 9TH PHASE, NEAR FORUM MALL, HYDERABAD",India,1,1,568.00,568.00,0.000000
IN,ASSAM,"PUB DANIRAM PATHER,HOJAI",India,1,1,955.00,955.00,0.000000
IN,ODISHA,MALKANGIRI,India,3,2,2325.43,1914.00,0.000000
IN,UTTAR PRADESH,JANSATH,India,1,1,1091.00,1091.00,0.000000
IN,ARUNACHAL PRADESH,KHARSANG,India,2,2,1331.00,1331.00,0.000000
IN,GUJARAT,MODASA,India,2,2,1975.00,1975.00,0.000000
IN,TELANGANA,"KHAMMAM ,NELAKONDAPALLI",India,1,2,1403.00,1403.00,0.000000
IN,MAHARASHTRA,ULHASNAGAR 421004,India,3,1,1002.14,345.00,0.000000
IN,MAHARASHTRA,"BADLAPUR, MUMBAI",India,1,1,735.00,735.00,0.000000
IN,GUJARAT,DEDIAPADA,India,1,1,517.00,517.00,0.000000
IN,GUJARAT,"DHOLKA, AHMEDABAD",India,1,1,499.00,499.00,0.000000
IN,TAMIL NADU,THIRUVANAMALAI,India,1,1,399.00,399.00,0.000000
IN,WEST BENGAL,HOWRAH 711102,India,1,1,759.00,759.00,0.000000
IN,ANDHRA PRADESH,"AINAVILLI MANDAL, EAST GODHAVARI",India,1,1,458.00,458.00,0.000000
IN,MAHARASHTRA,MUMBAI 400098,India,1,1,443.00,443.00,0.000000
IN,UTTAR PRADESH,PRAYAGRAJ (ALLAHABAD),India,1,1,574.00,0.00,0.000000
IN,WEST BENGAL,SONATALA,India,1,1,476.00,476.00,0.000000
IN,NEW DELHI,CHAND NAGAR,India,1,1,499.00,0.00,0.000000
IN,TAMIL NADU,KALPAKKKAM,India,1,1,1399.00,1399.00,0.000000
IN,UTTAR PRADESH,MUZZAFARNAGAR,India,1,0,0.00,0.00,0.000000
IN,ANDHRA PRADESH,INDUSTRIAL GROWTH CENTRE THIMMANAPALEM,India,1,1,989.00,989.00,0.000000
IN,CHHATTISGARH,HIRMI,India,2,2,1119.00,1119.00,0.000000
IN,UTTAR PRADESH,DIST-CHANDAULI SUB DIST- CHAKIYA SHAHABGANJ,India,1,1,475.00,0.00,0.000000
IN,KERALA,"THRIPPUNITHURA , KOCHI",India,1,2,1488.00,1488.00,0.000000
IN,MAHARASHTRA,USAR MIDC,India,1,1,517.00,517.00,0.000000
IN,TAMIL NADU,THIRUMANAGALAM MADURAI,India,1,0,286.67,0.00,0.000000
IN,ODISHA,"PO-JAGANNATHPUR,PHULNAKHRA DIST-KHURDA",India,1,1,1099.00,1099.00,0.000000
IN,MADHYA PRADESH,RAMNAGAR,India,1,0,0.00,0.00,0.000000
IN,ODISHA,BUNDIA,India,2,3,2572.00,499.00,0.000000
IN,WEST BENGAL,KALAMJOTE,India,1,1,1354.00,1354.00,0.000000
IN,MAHARASHTRA,THANE WEST,India,72,70,48589.34,43353.00,0.020000
IN,UTTAR PRADESH,SARAI LAHUR,India,2,2,1270.00,1270.00,0.000000
IN,PUNJAB,KARORAN,India,12,12,7606.00,7606.00,0.000000
INDIA,FL,JACKSONVILLE,Global,756,2275,656426.10,641031.73,0.310000
IN,GUJARAT,DOHAD,India,25,25,16885.00,16885.00,0.010000
IN,WEST BENGAL,UTTARPARA KOTRUNG,India,26,28,21130.36,18900.00,0.010000
IN,ANDHRA PRADESH,HANUMAN JUNCTION,India,8,7,5160.00,5160.00,0.000000
IN,MAHARASHTRA,MANMAD,India,4,4,2022.00,2022.00,0.000000
IN,SIKKIM,NAMCHI,India,23,19,16163.33,15850.00,0.010000
IN,BIHAR,SAHARSA,India,12,13,9345.00,9345.00,0.000000
IN,HIMACHAL PRADESH,KAMAND,India,7,7,4079.00,4079.00,0.000000
IN,GUJARAT,MEGHRAJ,India,4,3,1858.00,1858.00,0.000000
IN,WEST BENGAL,RAJARHAT NEW TOWN ACTION AREA 3,India,1,1,788.00,788.00,0.000000
IN,MAHARASHTRA,"MUMBAI,",India,1,1,330.00,330.00,0.000000
IN,ANDHRA PRADESH,PENUGONDA,India,2,2,1334.00,1334.00,0.000000
IN,MAHARASHTRA,VIRAR W,India,1,1,458.00,458.00,0.000000
IN,PUNJAB,MALOUT,India,2,2,1654.00,1654.00,0.000000
IN,RAJASTHAN,NAWALGARH,India,3,3,1549.00,1549.00,0.000000
IN,KERALA,MUNDIYERUMA,India,1,1,399.00,399.00,0.000000
IN,HARYANA,DHARUHERA,India,13,11,8082.24,7607.00,0.000000
IN,KERALA,RAMAVARMAPURAM,India,1,1,330.00,330.00,0.000000
IN,MAHARASHTRA,KALYAN WEST,India,43,41,27899.86,25064.00,0.010000
IN,KARNATAKA,AVERSA,India,2,2,809.00,809.00,0.000000
IN,GOA,SAO JOSE DE AREAL,India,8,8,3445.00,2832.00,0.000000
IN,ASSAM,MARIGAON,India,6,6,3717.00,3717.00,0.000000
IN,TAMIL NADU,TIRUCHIRAPPALLI,India,178,173,102481.58,97862.00,0.050000
IN,UTTAR PRADESH,BARABANKI,India,44,35,28009.97,23933.00,0.010000
IN,ODISHA,CHAMPUA,India,1,1,664.00,664.00,0.000000
IN,TELANGANA,"KARIMNAGAR,",India,2,2,678.00,339.00,0.000000
IN,TELANGANA,"KUKATPALLY, HYDERABAD",India,3,4,2012.00,2012.00,0.000000
IN,MAHARASHTRA,RAVET PUNE,India,1,1,376.00,376.00,0.000000
IN,KARNATAKA,NANDI,India,1,1,442.00,442.00,0.000000
IN,MAHARASHTRA,SATARA MIDC,India,1,1,771.00,771.00,0.000000
IN,DELHI,NEW DELHIDE,India,1,0,472.38,0.00,0.000000
IN,TAMIL NADU,MUTHUPET,India,1,1,459.00,459.00,0.000000
IN,WEST BENGAL,"RAJARHAT, KATHGOLA",India,1,1,435.00,435.00,0.000000
IN,KERALA,"EDAPPALLY, ERNAKULAM",India,1,1,744.00,744.00,0.000000
IN,KARNATAKA,SANDUR,India,1,1,435.00,435.00,0.000000
IN,GUJARAT,DOLVAN,India,1,1,999.00,999.00,0.000000
IN,MAHARASHTRA,ULHASNAGAR 4,India,2,1,779.00,0.00,0.000000
IN,MAHARASHTRA,MUMBAI 400101,India,6,7,3700.00,3700.00,0.000000
IN,MAHARASHTRA,VASAI ( W),India,1,1,301.00,301.00,0.000000
IN,HARYANA,PINJORE,India,7,5,3755.76,2752.00,0.000000
IN,HIMACHAL PRADESH,DISTT - MANDI,India,1,1,1126.00,1126.00,0.000000
IN,ARUNACHAL PRADESH,JAIRAMPUR,India,1,0,700.00,0.00,0.000000
IN,KERALA,"SAINIK SCHOOL, THIRUVANANTHAPURAM DISTRICT",India,1,1,764.00,764.00,0.000000
IN,HARYANA,BALLABHGARH,India,1,1,432.00,432.00,0.000000
IN,TAMIL NADU,PALAKKARAI,India,1,1,382.00,382.00,0.000000
IN,MAHARASHTRA,"SION , MUMBAI",India,1,1,399.00,399.00,0.000000
IN,TAMIL NADU,"SELAIYUR , CHENNAI",India,1,1,513.00,513.00,0.000000
IN,PUNJAB,KAHNUWAN (GURDASPUR),India,1,1,599.00,599.00,0.000000
IN,ASSAM,BOKO,India,1,1,771.00,771.00,0.000000
IN,ODISHA,BANDHBAHAL,India,1,1,380.00,380.00,0.000000
IN,KERALA,KEEKAN,India,2,2,1467.00,1467.00,0.000000
IN,KARNATAKA,BELLARE VILLAGE AND POST,India,1,1,463.00,463.00,0.000000
IN,UTTAR PRADESH,"MONDH , BHADOHI",India,1,1,657.00,657.00,0.000000
IN,KERALA,CHERKALA,India,2,1,345.00,345.00,0.000000
IN,DELHI,NEW DELH,India,1,1,1442.00,1442.00,0.000000
IN,KERALA,CHATTUKAPPARA,India,2,2,1014.00,1014.00,0.000000
IN,MADHYA PRADESH,TIRODI,India,1,1,759.00,759.00,0.000000
IN,CHHATTISGARH,"SARAIPALI,  DISTT : MAHASAMUND",India,1,1,563.00,563.00,0.000000
IN,MADHYA PRADESH,HOSHANGABAD,India,10,9,7132.00,7132.00,0.000000
IN,KERALA,PAYYANUR,India,17,17,14703.00,14703.00,0.010000
IN,WEST BENGAL,PURBO BURDWAN,India,1,1,495.00,495.00,0.000000
IN,HARYANA,BADLI,India,2,2,1583.00,1583.00,0.000000
IN,HARYANA,"SECTOR 90, MANESAR",India,1,1,517.00,517.00,0.000000
IN,KERALA,THALASSERY,India,37,35,23215.76,20800.00,0.010000
IN,MAHARASHTRA,SHIRPUR,India,6,4,2973.86,2391.00,0.000000
IN,MAHARASHTRA,SHAHAPUR THANE DISTRICT,India,13,13,7045.00,6320.00,0.000000
IN,UTTAR PRADESH,"LONI, GHAZIABAD",India,1,1,399.00,399.00,0.000000
IN,GOA,TIVIM,India,4,4,2923.00,2923.00,0.000000
IN,MAHARASHTRA,SELOO WARDHA DISTRICT,India,2,2,1632.00,1632.00,0.000000
IN,RAJASTHAN,PHULERA,India,2,2,1135.00,1135.00,0.000000
IN,TAMIL NADU,SETHIATHOPPU,India,1,0,286.67,0.00,0.000000
IN,WEST BENGAL,GOBARDANGA,India,5,4,2617.00,2617.00,0.000000
IN,UTTAR PRADESH,LALGANJ AZAMGARH U. P,India,1,1,517.00,517.00,0.000000
IN,MADHYA PRADESH,SHEOPUR,India,3,4,3710.00,3710.00,0.000000
IN,KARNATAKA,ROBERTSONPET,India,23,20,11328.00,9119.00,0.010000
IN,ODISHA,DAMANJODI,India,2,2,1661.00,1661.00,0.000000
IN,KARNATAKA,ALAND,India,4,3,2011.00,2011.00,0.000000
IN,JAMMU & KASHMIR,JANIPUR,India,1,1,1099.00,1099.00,0.000000
IN,ANDHRA PRADESH,KADIRI,India,8,8,4533.00,4533.00,0.000000
IN,CHHATTISGARH,BHATGAON,India,2,1,399.00,399.00,0.000000
IN,TAMIL NADU,ZAMIN UTHUKULI,India,2,2,1198.00,1198.00,0.000000
IN,GUJARAT,KALOL PANCH MAHALS DISTRICT,India,4,4,1837.00,1837.00,0.000000
IN,DADRA AND NAGAR,PARK CITY,India,1,1,717.00,717.00,0.000000
IN,UTTAR PRADESH,AMROHA,India,11,12,7752.00,7752.00,0.000000
IN,WEST BENGAL,HINDUSTHAN CABLES TOWN,India,2,2,623.00,623.00,0.000000
IN,TAMIL NADU,RANIPETTAI,India,12,13,7411.00,7411.00,0.000000
IN,KERALA,"NADATHARA, THRISSUR",India,1,1,885.00,885.00,0.000000
IN,KERALA,VADUVANCHAL,India,1,1,1096.00,0.00,0.000000
IN,MAHARASHTRA,SAWANTWADI,India,13,11,7514.14,7077.00,0.000000
IN,KERALA,RANNI,India,2,2,1158.00,1158.00,0.000000
IN,DELHI,NORTH WEST DELHI,India,19,19,11431.00,11431.00,0.010000
IN,MAHARASHTRA,PIMPRI PUNE,India,3,3,1569.00,1569.00,0.000000
IN,WEST BENGAL,"BARRACKPORE , KOLKATA",India,2,2,828.00,414.00,0.000000
IN,MAHARASHTRA,THANE. WEST,India,1,1,979.00,979.00,0.000000
IN,WEST BENGAL,SODPUR,India,2,2,917.00,917.00,0.000000
IN,MAHARASHTRA,KANKAVLI,India,8,7,4821.33,4084.00,0.000000
IN,MAHARASHTRA,"BHAYANDER (E), THANE",India,2,2,956.00,956.00,0.000000
IN,BIHAR,ARARIA,India,13,14,12019.00,12019.00,0.010000
IN,GUJARAT,AHEMDABAD,India,6,4,3494.00,3494.00,0.000000
IN,TAMIL NADU,MULAGUMUDU,India,6,3,3222.72,2017.00,0.000000
IN,ANDHRA PRADESH,KAKINADA,India,139,137,99660.92,78600.00,0.050000
IN,TAMIL NADU,PARAVAI,India,3,3,1404.00,1404.00,0.000000
IN,JAMMU & KASHMIR,GANDERBAL,India,3,2,1729.00,1729.00,0.000000
IN,CHHATTISGARH,DURG,India,43,43,30047.03,26162.00,0.010000
IN,GUJARAT,BARODA,India,4,6,4353.00,4353.00,0.000000
IN,WEST BENGAL,UTTAR KAMAKHYAGURI,India,2,1,1165.57,597.00,0.000000
IN,MAHARASHTRA,MUL,India,1,1,382.00,382.00,0.000000
IN,ODISHA,KARANJIA,India,5,5,2694.00,2694.00,0.000000
IN,TAMIL NADU,VADDAKKANKULAM,India,7,3,2634.09,1036.00,0.000000
IN,BIHAR,BIHAR,India,1,1,976.00,976.00,0.000000
IN,TAMIL NADU,ERAL,India,2,3,1587.00,1587.00,0.000000
IN,PUNJAB,DERA BASSI INDUSTRIAL AREA,India,12,10,6842.05,5923.00,0.000000
IN,KERALA,PALLIKKAL,India,1,1,376.00,376.00,0.000000
IN,KARNATAKA,RAMDURG - BELGAVI,India,1,1,435.00,435.00,0.000000
IN,JAMMU & KASHMIR,"JAMMU, VIJAYPUR",India,1,1,1299.00,1299.00,0.000000
IN,ANDHRA PRADESH,"SRISAILAM PROJECT, SUNDIPENTA",India,1,0,0.00,0.00,0.000000
IN,KERALA,NADAKKAVU,India,1,1,534.00,534.00,0.000000
IN,MAHARASHTRA,KAMPTEE,India,10,8,4956.14,4519.00,0.000000
IN,GOA,BORIM,India,3,3,1487.00,1487.00,0.000000
IN,HARYANA,JATHLANA,India,2,2,906.00,906.00,0.000000
IN,CHHATTISGARH,JANJGIR,India,3,3,1784.00,1784.00,0.000000
IN,RAJASTHAN,NOHAR,India,3,4,3822.00,3822.00,0.000000
IN,ANDHRA PRADESH,NEELIPUDI,India,1,1,399.00,399.00,0.000000
IN,MAHARASHTRA,MUMBAI 400102,India,7,10,7648.00,7648.00,0.000000
IN,WEST BENGAL,"HABRA, ASHOKENAGAR",India,2,1,299.00,299.00,0.000000
IN,MAHARASHTRA,THANE 400602,India,1,1,1099.00,1099.00,0.000000
IN,UTTAR PRADESH,NTPC DADRI,India,1,1,744.00,744.00,0.000000
IN,PUNJAB,FIROZPUR CANTT,India,1,1,660.00,660.00,0.000000
IN,DELHI,DELHI CANTT,India,3,3,2098.00,2098.00,0.000000
IN,TELANGANA,KARIMANAGAR,India,1,1,1549.00,1549.00,0.000000
IN,TAMIL NADU,GUDIYATHAM VELLORE,India,1,1,449.00,0.00,0.000000
IN,TAMIL NADU,KATTUMANNARKOIL,India,2,2,926.00,926.00,0.000000
IN,KERALA,VENGARA,India,4,4,3387.00,3387.00,0.000000
IN,ODISHA,TANGI,India,5,5,3278.00,2819.00,0.000000
IN,DELHI,SOUTH-WEST DELHI,India,1,1,735.00,735.00,0.000000
IN,ANDHRA PRADESH,PONDURU,India,2,2,1350.00,1350.00,0.000000
IN,KERALA,KADUNGALLOOR,India,16,16,9929.00,8679.00,0.000000
IN,KERALA,MANAVALASSERY,India,1,1,549.00,549.00,0.000000
IN,ODISHA,PURI,India,23,21,14921.54,13477.00,0.010000
IN,TELANGANA,"YAPRAL, SECUNDERABAD",India,1,1,729.00,729.00,0.000000
IN,MAHARASHTRA,GANPATIPULE,India,1,1,315.00,315.00,0.000000
IN,GUJARAT,BHARUCH,India,62,61,41421.96,38849.00,0.020000
IN,UTTAR PRADESH,GREATER NOIDA (WEST),India,2,2,798.00,798.00,0.000000
IN,WEST BENGAL,KANDI,India,8,4,3641.00,3641.00,0.000000
IN,ANDHRA PRADESH,GOLLAPUDI VIJAYAWADA RURAL,India,1,1,292.00,292.00,0.000000
IN,TAMIL NADU,CINNA KOTTAKUPPAM,India,1,1,1199.00,1199.00,0.000000
IN,TAMIL NADU,SURANDAI,India,1,1,597.00,597.00,0.000000
IN,WEST BENGAL,BELIATORE,India,1,1,399.00,399.00,0.000000
IN,KARNATAKA,GOGIPETH,India,1,1,355.00,355.00,0.000000
IN,MAHARASHTRA,RAJURA,India,1,1,376.00,0.00,0.000000
IN,TAMIL NADU,NASIYANUR,India,1,1,631.00,631.00,0.000000
IN,KERALA,KOCHI ERNAKULAM,India,1,1,759.00,759.00,0.000000
IN,TAMIL NADU,GANGUVARPATTI,India,1,1,399.00,399.00,0.000000
IN,KERALA,KOTTAYAMPOIL,India,1,1,1111.00,0.00,0.000000
IN,MAHARASHTRA,THANE- 401107,India,1,1,1399.00,1399.00,0.000000
IN,UTTAR PRADESH,BAJNA,India,1,0,475.24,0.00,0.000000
IN,UTTAR PRADESH,"TEHSIL - SIKANDRABAD, DISTRICT - BULANDSHAHR",India,2,2,1371.00,1371.00,0.000000
IN,HIMACHAL PRADESH,SUNDERNAGAR,India,2,1,876.62,449.00,0.000000
IN,MADHYA PRADESH,BARGHAT,India,1,0,0.00,0.00,0.000000
IN,TAMIL NADU,SANKARANKOIL,India,2,3,1991.00,1991.00,0.000000
IN,ODISHA,KOIDA,India,2,2,1542.00,1542.00,0.000000
IN,KERALA,"NEDUMANGAD, THIRUVANANTHAPURAM",India,1,0,286.67,0.00,0.000000
IN,KERALA,P.O CHETTIPADI,India,1,1,435.00,435.00,0.000000
IN,UTTAR PRADESH,.AZAMGARH,India,1,1,949.00,949.00,0.000000
IN,MAHARASHTRA,JAMNER,India,1,1,495.00,495.00,0.000000
IN,ASSAM,BAITHALANGSO,India,1,1,1477.00,1477.00,0.000000
IN,WEST BENGAL,"SECTOR 3, SALT LAKE , KOLKATA",India,2,2,1396.00,1396.00,0.000000
IN,UTTAR PRADESH,JHINJHAK,India,2,2,1288.00,1288.00,0.000000
IN,MAHARASHTRA,VADUJ,India,2,2,781.00,781.00,0.000000
IN,KERALA,PUTHUKKAD,India,1,2,2496.00,0.00,0.000000
IN,GOA,"CAMURLIM, BARDEZ",India,1,1,591.00,591.00,0.000000
IN,MAHARASHTRA,KARANJA LAD,India,3,3,2130.00,2130.00,0.000000
IN,DELHI,LAXMI NAGAR NEW DELHI,India,2,2,620.00,620.00,0.000000
IN,BIHAR,PANDUAL,India,2,2,845.00,845.00,0.000000
IN,PUNJAB,OMAXE NEW CHANDIGARH,India,1,1,284.00,0.00,0.000000
IN,CHHATTISGARH,SUPELA BHILAI,India,1,0,448.57,0.00,0.000000
IN,MAHARASHTRA,PALI,India,1,1,721.00,721.00,0.000000
IN,MAHARASHTRA,MUMB,India,1,2,1719.00,1719.00,0.000000
IN,WEST BENGAL,BHOLAR DABRI,India,1,1,759.00,759.00,0.000000
IN,MAHARASHTRA,DOMBIVLI (E),India,2,3,886.00,886.00,0.000000
IN,MADHYA PRADESH,AMARPATAN,India,1,1,495.00,495.00,0.000000
IN,UTTAR PRADESH,CHAUMUHAN,India,1,1,908.00,908.00,0.000000
IN,KARNATAKA,NELLYADI,India,1,0,750.48,0.00,0.000000
IN,GUJARAT,ATUL DIST. VALSAD,India,1,0,380.00,0.00,0.000000
IN,ANDHRA PRADESH,MARTUR,India,3,3,2519.00,2519.00,0.000000
IN,PUNJAB,ZIRAKPUR PUNJAB MOHALI,India,1,2,1547.00,1547.00,0.000000
IN,PUNJAB,DHAR KALAN,India,1,1,979.00,979.00,0.000000
IN,ARUNACHAL PRADESH,LIKABALI,India,1,1,726.00,726.00,0.000000
IN,KARNATAKA,DERALAKATTE,India,1,1,399.00,399.00,0.000000
IN,MAHARASHTRA,"SEA WOODS, NAVI MUMBAI",India,1,1,423.00,423.00,0.000000
IN,KERALA,CHUNGAM,India,1,1,625.00,0.00,0.000000
IN,ANDHRA PRADESH,KARAMCHEDU,India,1,2,1409.00,1409.00,0.000000
IN,TAMIL NADU,NADUVANERI,India,1,1,399.00,399.00,0.000000
IN,GOA,"CHINCHINIM, SOUTH GOA",India,1,1,487.00,487.00,0.000000
IN,WEST BENGAL,PURBO MEDINEPUR,India,1,1,666.00,666.00,0.000000
IN,UTTAR PRADESH,KHAIR,India,1,1,579.00,579.00,0.000000
IN,PUNJAB,MALERKOTLA,India,3,3,2339.00,2339.00,0.000000
IN,GOA,CALAPOR,India,9,11,5286.00,4887.00,0.000000
IN,HIMACHAL PRADESH,RAMPUR,India,9,12,7701.00,7701.00,0.000000
IN,UTTAR PRADESH,GHIRAUR,India,2,2,1117.00,1117.00,0.000000
IN,JAMMU & KASHMIR,SHOPIAN,India,3,3,3033.00,3033.00,0.000000
IN,SIKKIM,NAMCHI SOUTH SIKKIM,India,1,1,771.00,771.00,0.000000
IN,KERALA,KUMARAPURAM,India,7,10,6188.00,6188.00,0.000000
IN,GUJARAT,MANDVI,India,4,4,1559.00,807.00,0.000000
IN,TAMIL NADU,SIPCOT THOOTHUKUDI,India,8,8,4176.00,3535.00,0.000000
IN,KERALA,"CHALAKKAL,ALUVA",India,1,1,690.00,0.00,0.000000
IN,DELHI,MAYUR VIHAR-3,India,1,1,1133.00,1133.00,0.000000
IN,KERALA,MANIYUR,India,1,1,349.00,349.00,0.000000
IN,UTTAR PRADESH,NOIDA EXTENSION,India,11,10,7356.00,6568.00,0.000000
IN,JHARKHAND,KUMARDHUBHI,India,1,1,735.00,735.00,0.000000
IN,GOA,MORMUGAO,India,3,4,2919.00,2919.00,0.000000
IN,RAJASTHAN,SUMERPUR,India,1,1,758.00,758.00,0.000000
IN,TELANGANA,KAGAZNAGAR,India,3,3,1744.00,1744.00,0.000000
IN,ANDHRA PRADESH,JAMMALAMADUGU,India,13,8,3278.00,3278.00,0.000000
IN,WEST BENGAL,ASANSOL,India,91,81,54535.43,47697.00,0.030000
IN,GOA,MIRAMAR,India,3,4,3255.00,3255.00,0.000000
IN,JHARKHAND,BERMO,India,8,8,5800.00,5800.00,0.000000
IN,TELANGANA,KALWAKURTHY,India,2,2,1170.00,1170.00,0.000000
IN,ANDHRA PRADESH,PODALAKUR,India,7,6,3037.00,3037.00,0.000000
IN,WEST BENGAL,MANTESWAR,India,3,3,3514.00,2328.00,0.000000
IN,KERALA,CHOWWARA,India,8,7,3609.00,3609.00,0.000000
IN,KARNATAKA,MANDYA,India,39,38,25606.33,24853.00,0.010000
IN,BIHAR,SITAMADHI,India,1,0,0.00,0.00,0.000000
IN,TELANGANA,KUKATPALLY,India,1,1,771.00,771.00,0.000000
IN,TAMIL NADU,CHINNALAPATTI,India,2,2,845.00,845.00,0.000000
IN,TAMIL NADU,VIRALIMALAI,India,3,5,3703.00,3703.00,0.000000
IN,JHARKHAND,MADHUPUR,India,1,1,744.00,744.00,0.000000
IN,GUJARAT,JHAGADIYA INDUSTRIAL AREA,India,2,2,1968.00,969.00,0.000000
IN,BIHAR,SARAIRANJAN,India,1,1,1349.00,1349.00,0.000000
IN,KARNATAKA,CHITGOPPA,India,3,3,2620.00,2620.00,0.000000
IN,BIHAR,CHAPRA,India,22,19,13960.83,11831.00,0.010000
IN,ANDHRA PRADESH,RAMPACHODAVARAM,India,7,8,3396.00,3396.00,0.000000
IN,MAHARASHTRA,NASHIK,India,356,348,239182.80,219315.00,0.110000
IN,BIHAR,SAHARSHA,India,1,1,1079.00,1079.00,0.000000
IN,KERALA,PAMPAKUDA VIA,India,3,2,764.00,764.00,0.000000
IN,TAMIL NADU,PALLIPALAYAM,India,5,5,2417.00,2417.00,0.000000
IN,GOA,MERCES,India,3,3,1826.00,1826.00,0.000000
IN,KERALA,ERAMALA,India,1,1,399.00,399.00,0.000000
IN,HARYANA,SOHNA,India,24,21,14917.00,14257.00,0.010000
IN,WEST BENGAL,SAGAR,India,1,1,568.00,568.00,0.000000
IN,TAMIL NADU,BOOTHAPANDI,India,2,3,1730.00,1730.00,0.000000
IN,BIHAR,BIKRAM,India,1,1,1133.00,1133.00,0.000000
IN,DELHI,MAYUR VIHAR PHASE-1,India,2,2,1148.00,1148.00,0.000000
IN,CHHATTISGARH,"BILASPUR,",India,1,1,496.00,496.00,0.000000
IN,TAMIL NADU,VELLICHANTAI,India,1,1,284.00,284.00,0.000000
IN,UTTAR PRADESH,SAIDABAD ALLAHABAD,India,1,1,759.00,759.00,0.000000
IN,MADHYA PRADESH,LATERI,India,1,1,1199.00,1199.00,0.000000
IN,UTTAR PRADESH,DEBAI,India,2,2,1215.00,1215.00,0.000000
IN,KARNATAKA,BANTWAL T.Q.,India,1,1,855.00,855.00,0.000000
IN,UTTAR PRADESH,SHRAVASTI,India,1,1,788.00,788.00,0.000000
IN,TAMIL NADU,TIRUPUR,India,14,13,9301.00,8784.00,0.000000
IN,UTTAR PRADESH,LUCKNOWN,India,1,1,735.00,735.00,0.000000
IN,GUJARAT,"MANAVADAR, JUNAGDH",India,1,1,565.00,565.00,0.000000
IN,KARNATAKA,"MANIPAL,UDUPI",India,2,2,994.00,994.00,0.000000
IN,GUJARAT,DHARAMPUR,India,2,2,2074.00,2074.00,0.000000
IN,KERALA,"SOUTH KALAMASSERY, ERNAKULAM",India,2,2,1083.00,1083.00,0.000000
IN,ANDHRA PRADESH,"MANGALAM, TIRUPATI",India,1,1,511.00,511.00,0.000000
IN,TAMIL NADU,"EGATTUR, CHENNAI",India,1,1,459.00,459.00,0.000000
IN,GUJARAT,WADHWAN,India,1,1,677.00,677.00,0.000000
IN,GUJARAT,"AHMEDABAD,",India,1,1,744.00,744.00,0.000000
IN,MEGHALAYA,MAWLAI,India,4,5,1576.00,1576.00,0.000000
IN,ANDHRA PRADESH,"PUTTUR, CHITTOOOR",India,2,1,487.00,487.00,0.000000
IN,TAMIL NADU,WALAJABAD,India,3,3,1869.00,1869.00,0.000000
IN,KERALA,"NANNAMBRA,( PO)",India,1,1,744.00,744.00,0.000000
IN,KERALA,AMBALAPUZHA,India,1,1,882.00,882.00,0.000000
IN,UTTAR PRADESH,"DUDAHI, KUSHINAGAR",India,1,1,967.00,967.00,0.000000
IN,MAHARASHTRA,PUNE.,India,1,1,399.00,399.00,0.000000
IN,WEST BENGAL,RAIPUR BAZAR,India,2,1,435.00,435.00,0.000000
IN,WEST BENGAL,KOTULPUR,India,1,1,690.00,690.00,0.000000
IN,HARYANA,"SECTOR-86,FARIDABAD",India,1,1,545.00,545.00,0.000000
IN,WEST BENGAL,SAINTHIA,India,2,2,2383.00,2383.00,0.000000
IN,MAHARASHTRA,AIROLI NAVI MUMBAI,India,1,1,794.00,794.00,0.000000
IN,TAMIL NADU,"PERUMANALLUR, TIRUPUR",India,1,2,787.00,787.00,0.000000
IN,HIMACHAL PRADESH,SHIMLA,India,143,136,108279.95,101316.00,0.050000
IN,ANDAMAN & NICOBAR,PORTBLAIR SHADIPUR,India,1,1,301.00,301.00,0.000000
IN,TAMIL NADU,KANYAKUMARI,India,7,5,3158.00,2458.00,0.000000
IN,ANDHRA PRADESH,KAIKALUR,India,3,3,1806.00,1806.00,0.000000
IN,TELANGANA,RANGE REDDY DIST,India,1,1,352.00,352.00,0.000000
IN,ANDHRA PRADESH,"TAGARAPUVALASA ,VISAKAPATNAM",India,1,1,329.00,329.00,0.000000
IN,ODISHA,SALIPUR,India,2,1,667.76,383.00,0.000000
IN,KERALA,PERUVALLUR,India,2,2,3539.57,2671.00,0.000000
IN,GUJARAT,SEVALIYA,India,1,1,563.00,563.00,0.000000
IN,BIHAR,SUPAUL,India,14,11,9418.00,7986.00,0.000000
IN,KARNATAKA,HARUGERI,India,4,2,1053.00,1053.00,0.000000
IN,ODISHA,BAISINGA,India,4,4,4652.00,2326.00,0.000000
IN,KARNATAKA,HEJAMADI,India,1,1,771.00,771.00,0.000000
IN,MAHARASHTRA,"VASANT VIHAR, THANE",India,1,1,457.00,457.00,0.000000
IN,TAMIL NADU,KALLAKUDI,India,1,1,399.00,399.00,0.000000
INDIA,WA,SEATTLE,Global,734,2253,730520.92,701733.39,0.340000
IN,KERALA,ELAMAKKARA,India,7,6,3973.00,3973.00,0.000000
IN,KERALA,NADUVANNUR,India,1,1,248.00,248.00,0.000000
AUSTRALIA,IL,CHICAGO,Asia-Pacific,219,663,198164.14,196582.97,0.090000
IN,ANDHRA PRADESH,PALASA KASIBUGGA,India,6,5,3431.00,3431.00,0.000000
IN,KARNATAKA,BENGALURU EAST,India,3,3,1484.00,1484.00,0.000000
IN,HARYANA,BALLABGARH,India,3,3,2365.00,2365.00,0.000000
IN,WEST BENGAL,HARIPAL,India,4,4,1676.00,1676.00,0.000000
IN,WEST BENGAL,"KUSHBERIA, ULUBERIA",India,1,0,463.81,0.00,0.000000
IN,KERALA,"THOTTADA,KANNUR,670007",India,1,1,599.00,599.00,0.000000
IN,TAMIL NADU,CHENNAI -600053,India,1,1,487.00,0.00,0.000000
IN,MAHARASHTRA,"ULWE,NAVI MUMBAI",India,2,2,1262.00,1262.00,0.000000
IN,KERALA,KALANAD POST. MELPARAMBA KASARAGOD,India,1,1,699.00,699.00,0.000000
IN,MAHARASHTRA,NASIK,India,9,9,5024.00,5024.00,0.000000
IN,KERALA,CHOONDAL,India,10,14,6329.15,4213.00,0.000000
IN,KERALA,KOZHENCHERY,India,8,8,4857.00,4538.00,0.000000
IN,MAHARASHTRA,"THANE, MIRAROAD EAST",India,1,1,599.00,599.00,0.000000
IN,MAHARASHTRA,BHATKULI,India,3,3,3012.00,3012.00,0.000000
IN,MAHARASHTRA,"SHIKRAPUR, PUNE",India,1,1,777.00,777.00,0.000000
IN,BIHAR,BODH GAYA,India,2,1,1338.00,1338.00,0.000000
IN,KERALA,CHENDAMANGALAM,India,6,6,4034.00,4034.00,0.000000
IN,BIHAR,DEO,India,1,0,0.00,0.00,0.000000
IN,KARNATAKA,BANKAPURA,India,1,1,517.00,517.00,0.000000
IN,WEST BENGAL,BENUDIA,India,1,0,0.00,0.00,0.000000
IN,BIHAR,POTHIA,India,2,3,1522.00,1522.00,0.000000
IN,KERALA,AZHEEKAL TELEPHONE EXCHANGE,India,1,1,729.00,729.00,0.000000
IN,HARYANA,SAMPLA,India,1,0,695.24,0.00,0.000000
IN,PUNJAB,TANDA,India,1,1,540.00,540.00,0.000000
IN,KARNATAKA,VIJAYAPUR.,India,1,1,449.00,449.00,0.000000
IN,GUJARAT,BORSAD,India,3,3,1811.00,1811.00,0.000000
IN,MAHARASHTRA,VASIND,India,3,3,3267.00,3267.00,0.000000
IN,RAJASTHAN,JHALRAPATAN,India,2,2,1727.00,968.00,0.000000
IN,UTTARAKHAND,LANSDOWNE,India,2,2,848.00,848.00,0.000000
IN,MADHYA PRADESH,"KOTHRI, SEHORE",India,1,1,399.00,399.00,0.000000
IN,TAMIL NADU,MADURAI - 625006,India,1,1,487.00,487.00,0.000000
IN,TELANGANA,KOHEDA,India,1,1,597.00,597.00,0.000000
IN,MAHARASHTRA,"PATAS , DISTRICT DAUND, PUNA",India,1,1,568.00,568.00,0.000000
IN,TAMIL NADU,PERIYAMANALI,India,1,1,999.00,999.00,0.000000
IN,CHHATTISGARH,KURUD,India,2,2,911.00,424.00,0.000000
IN,KARNATAKA,"KRISHNARAJPET, KRISHNARAJPET TQ.,MANDYA DIST.",India,1,1,874.00,874.00,0.000000
IN,HARYANA,FATEHPUR PUNDRI,India,1,1,491.00,491.00,0.000000
IN,UTTAR PRADESH,AMILA,India,2,2,2270.00,2270.00,0.000000
IN,KARNATAKA,HEROOR,India,1,1,1176.00,1176.00,0.000000
IN,ANDHRA PRADESH,SAKHINETIPALLI,India,1,0,471.43,0.00,0.000000
IN,MADHYA PRADESH,SIHORA,India,1,1,517.00,517.00,0.000000
IN,TAMIL NADU,"VELLORE,",India,1,1,469.00,469.00,0.000000
IN,ANDHRA PRADESH,"PARVATHIPURAM, VIZIANAGARAM DIST",India,1,1,852.00,852.00,0.000000
IN,ANDHRA PRADESH,"KONDAPUR, HYDERABAD",India,1,1,301.00,301.00,0.000000
IN,WEST BENGAL,"ANDUL, HOWRAH",India,1,1,259.00,259.00,0.000000
IN,UTTAR PRADESH,GOLA BAZAR,India,2,1,1163.00,1163.00,0.000000
IN,BIHAR,MAHADEOPUR,India,1,1,736.00,0.00,0.000000
IN,UTTARAKHAND,LAKSAR,India,1,1,471.00,471.00,0.000000
IN,MAHARASHTRA,"SHIRUR KASAR, BID",India,1,1,771.00,771.00,0.000000
IN,ANDHRA PRADESH,KATRENIKONA,India,1,1,612.00,612.00,0.000000
IN,BIHAR,GHOGHARDIHA,India,1,1,399.00,399.00,0.000000
IN,WEST BENGAL,PURULIYA,India,14,12,8426.00,8426.00,0.000000
IN,ODISHA,VENKETRAIPUR,India,5,5,4130.00,4130.00,0.000000
IN,KERALA,"EDACHIRA,KAKKANAD",India,1,0,1287.50,0.00,0.000000
IN,BIHAR,CHAKIA PIPRA,India,1,1,1133.00,1133.00,0.000000
IN,ODISHA,KALINGA NAGAR INDUSTRIAL AREA,India,4,3,1880.00,1880.00,0.000000
IN,DELHI,NEW DELHI,India,5920,5729,3935367.25,3620190.00,1.850000
IN,CHHATTISGARH,DULDULA,India,1,1,968.00,968.00,0.000000
IN,UTTAR PRADESH,LAKHIMPUR KHERI,India,5,5,3173.00,3173.00,0.000000
IN,UTTAR PRADESH,JALALABAD,India,1,1,999.00,999.00,0.000000
IN,WEST BENGAL,SHYAMNAGAR,India,5,5,3358.00,3358.00,0.000000
IN,GUJARAT,PATAN,India,9,8,6304.00,6304.00,0.000000
IN,KARNATAKA,GUDIBANDA,India,3,3,1673.00,1224.00,0.000000
IN,RAJASTHAN,SANCHORE,India,3,3,1889.00,1889.00,0.000000
IN,CHHATTISGARH,KONDAGAON,India,3,3,1819.00,1819.00,0.000000
IN,KARNATAKA,MELLAHALLI,India,1,1,357.00,357.00,0.000000
IN,KARNATAKA,CHALLAKERE,India,2,2,1089.00,1089.00,0.000000
IN,HIMACHAL PRADESH,SHOGHI,India,2,2,1594.00,1594.00,0.000000
IN,TELANGANA,BODHAN,India,5,6,4241.00,4241.00,0.000000
IN,ANDHRA PRADESH,PALAKONDA,India,4,2,992.00,992.00,0.000000
IN,GUJARAT,AHMEDABAD 380007,India,1,1,563.00,0.00,0.000000
IN,PUNJAB,SAS NAGAR,India,1,1,599.00,599.00,0.000000
IN,ANDHRA PRADESH,GAJAPATHINAGARAM,India,2,2,1343.00,1343.00,0.000000
IN,WEST BENGAL,"P.O.-RAHARA , P.S.-KHARDAH.",India,1,1,925.00,925.00,0.000000
IN,HIMACHAL PRADESH,SHIVNAGARI HOLI INDUSTRIAL ESTATE,India,1,0,0.00,0.00,0.000000
IN,ANDHRA PRADESH,GUNTUR,India,371,358,251911.45,211180.00,0.120000
UNITED STATES,TX,SAN ANTONIO,North America,3363,10051,3043671.74,2955209.38,1.430000
IN,KERALA,COCHIN,India,14,13,7414.00,6616.00,0.000000
IN,MADHYA PRADESH,RAMPUR,India,1,0,358.10,0.00,0.000000
IN,MAHARASHTRA,KALYAN,India,519,507,322486.77,298699.00,0.150000
IN,DADRA AND NAGAR,DAMAN,India,14,13,9952.54,7139.00,0.000000
IN,MAHARASHTRA,AKURDI,India,4,4,2661.00,2661.00,0.000000
IN,PUNJAB,QADIAN,India,8,10,3198.00,3198.00,0.000000
IN,TELANGANA,RR DIST.,India,1,2,1457.00,1457.00,0.000000
IN,PUNJAB,KHARAR,India,21,19,12670.00,12670.00,0.010000
IN,KARNATAKA,MADDUR,India,10,9,6047.00,4883.00,0.000000
IN,TAMIL NADU,PARAMAKUDI,India,8,9,5230.00,5230.00,0.000000
IN,TAMIL NADU,TIRUTANI,India,1,1,399.00,399.00,0.000000
IN,ODISHA,KENDRAPARA,India,28,26,16130.00,12191.00,0.010000
IN,UTTAR PRADESH,BHULEPUR,India,1,1,899.00,899.00,0.000000
IN,MAHARASHTRA,SATARA,India,68,82,44575.48,41687.00,0.020000
IN,TELANGANA,ADILABAD,India,16,17,9200.00,8801.00,0.000000
IN,MAHARASHTRA,PUNAWALE PIMPRI CHINCHWAD,India,1,1,563.00,563.00,0.000000
IN,KERALA,THODUPUZHA,India,47,40,28454.27,22285.00,0.010000
IN,MAHARASHTRA,TROMBAY,India,2,2,1416.00,1416.00,0.000000
IN,ODISHA,FCI TOWNSHIP,India,5,4,1998.00,1669.00,0.000000
IN,MADHYA PRADESH,SEONI,India,16,15,12100.52,10527.00,0.010000
IN,KERALA,PALLIPPURAM THIRUVANANTHAPURAM DISTRICT,India,6,6,3845.00,3219.00,0.000000
IN,RAJASTHAN,KAWAI,India,1,1,709.00,709.00,0.000000
IN,KARNATAKA,MURUGESHPALYA BANGALORE,India,1,1,788.00,788.00,0.000000
IN,MAHARASHTRA,CHOPDA,India,3,3,1937.00,1937.00,0.000000
IN,DELHI,N.DELHI,India,3,3,2216.00,2216.00,0.000000
IN,MADHYA PRADESH,HUZUR,India,2,2,1437.00,1437.00,0.000000
IN,RAJASTHAN,SIKAR RODE JAIPUR,India,1,0,1287.50,0.00,0.000000
IN,WEST BENGAL,ADRA,India,2,2,1264.00,1264.00,0.000000
IN,TELANGANA,HYDERABADYDERABAD,India,1,1,1186.00,1186.00,0.000000
IN,TELANGANA,"JILLELGUDA , MEERPET , HYDERABAD",India,1,2,967.00,967.00,0.000000
IN,BIHAR,PATNAPATNA,India,1,1,499.00,499.00,0.000000
IN,JHARKHAND,JAMTARAJ,India,1,1,534.00,534.00,0.000000
IN,MADHYA PRADESH,SHAHPUR BURHANPUR DISTRICT,India,2,2,1359.00,1359.00,0.000000
IN,PUNJAB,MACHHIWARA,India,3,3,2043.00,2043.00,0.000000
IN,PUNJAB,ALAWALPUR,India,1,1,562.00,562.00,0.000000
IN,HIMACHAL PRADESH,MEHATPUR,India,1,1,599.00,599.00,0.000000
IN,KARNATAKA,NADSAL,India,2,2,781.00,781.00,0.000000
IN,KERALA,MANJUMMEL,India,1,1,545.00,545.00,0.000000
IN,GUJARAT,GIDC PANOLI,India,1,1,471.00,471.00,0.000000
IN,MAHARASHTRA,TRIMBAK,India,1,1,399.00,399.00,0.000000
IN,ASSAM,GUWAHATI IN,India,1,1,581.00,581.00,0.000000
IN,UTTAR PRADESH,GULAOTHI,India,1,1,476.00,476.00,0.000000
IN,TAMIL NADU,"RANIPET, VELLORE DT",India,5,3,4320.42,699.00,0.000000
IN,UTTAR PRADESH,GAUR CITY 1,India,1,1,385.00,385.00,0.000000
IN,MAHARASHTRA,MOSHI,India,1,1,735.00,735.00,0.000000
IN,KARNATAKA,BAGALKOTE,India,2,2,915.00,915.00,0.000000
IN,UTTARAKHAND,TEHRI GARHWAL,India,1,0,0.00,0.00,0.000000
IN,MAHARASHTRA,SINDKHEDA,India,1,1,442.00,442.00,0.000000
IN,UTTAR PRADESH,MEERUT,India,227,220,162029.94,146893.00,0.080000
IN,ARUNACHAL PRADESH,NAHARLUGUN MODEL ARUNACHAL PRADESH,India,2,2,602.00,602.00,0.000000
IN,RAJASTHAN,BALOTRA,India,5,4,3364.00,2984.00,0.000000
IN,TAMIL NADU,"PUDUCHATRAM, NAMAKKAL",India,1,1,1199.00,1199.00,0.000000
IN,MAHARASHTRA,MALEGAON,India,6,7,3795.00,3795.00,0.000000
IN,CHHATTISGARH,CHAMPA,India,1,1,376.00,376.00,0.000000
IN,MAHARASHTRA,"VASHI, NEW MUMBAI.",India,3,3,1128.00,1128.00,0.000000
IN,MAHARASHTRA,DOMBIVALI EAST,India,13,13,8885.00,8509.00,0.000000
IN,MAHARASHTRA,DAHIVADI,India,4,3,2444.00,2444.00,0.000000
IN,ODISHA,KENDUJHAR,India,29,29,20904.00,18086.00,0.010000
IN,GUJARAT,KADI,India,3,3,1933.00,1933.00,0.000000
IN,KARNATAKA,NELAMANGALA BANGALURU,India,1,1,696.00,696.00,0.000000
IN,HIMACHAL PRADESH,MANDI,India,64,51,45258.44,36093.00,0.020000
IN,GUJARAT,KATHLAL,India,1,1,330.00,330.00,0.000000
IN,TAMIL NADU,CHENNAI600031,India,1,1,368.00,368.00,0.000000
IN,UTTAR PRADESH,AMETHI,India,11,11,7348.00,7348.00,0.000000
IN,ANDHRA PRADESH,RAJAMPET,India,7,8,3930.00,3930.00,0.000000
IN,TRIPURA,BADHARGHAT,India,2,2,1009.00,1009.00,0.000000
IN,KERALA,NATTAKAM,India,6,6,4454.00,4454.00,0.000000
IN,PUNJAB,HOSHIARPUR,India,25,22,14216.36,12712.00,0.010000
IN,MAHARASHTRA,VALLABHNAGAR PIMPRI,India,2,2,1050.00,525.00,0.000000
IN,HIMACHAL PRADESH,BCS NEW SHIMLA,India,1,1,1099.00,1099.00,0.000000
IN,KERALA,GANESHGIRI (P O) SHORANUR,India,1,1,449.00,449.00,0.000000
IN,WEST BENGAL,SUKHIA POKHARI,India,1,1,799.00,799.00,0.000000
IN,KERALA,NORTH PAROOR,India,1,2,798.00,798.00,0.000000
IN,MAHARASHTRA,KALWA-THANE,India,1,1,791.00,791.00,0.000000
IN,KARNATAKA,KARIYANGALA,India,2,2,935.00,935.00,0.000000
IN,MAHARASHTRA,KOPERKHAIRANE,India,1,1,335.00,0.00,0.000000
IN,UTTARAKHAND,HALDWANI GOLAPAR,India,1,1,484.00,484.00,0.000000
IN,KERALA,TANALUR,India,1,1,518.00,518.00,0.000000
IN,PUNJAB,KATHAR,India,1,1,568.00,568.00,0.000000
IN,ANDHRA PRADESH,BEMILI,India,1,1,323.00,0.00,0.000000
IN,WEST BENGAL,"BANGIHATI, PO-MALLICKPARA,SERAMPORE",India,1,1,988.00,988.00,0.000000
IN,RAJASTHAN,ATRU,India,1,1,754.00,754.00,0.000000
IN,ANDHRA PRADESH,"WEST GODAVARI DISTRICT, ELURU",India,1,1,1199.00,1199.00,0.000000
IN,DELHI,NEW DELHI 110070,India,1,1,869.00,869.00,0.000000
IN,UTTAR PRADESH,BARHAJ,India,1,1,1163.00,1163.00,0.000000
IN,TELANGANA,GHATKESAR(VILL)(MANDAL),India,1,1,612.00,612.00,0.000000
IN,GUJARAT,UMRETH,India,1,1,665.00,665.00,0.000000
IN,KERALA,THRIKAKKARA,India,1,1,725.00,725.00,0.000000
IN,ASSAM,"GUWAHATI, KAMRUP (M)",India,1,2,1146.00,1146.00,0.000000
IN,MAHARASHTRA,MUMBAI 400067,India,1,1,859.00,859.00,0.000000
IN,TELANGANA,"KHAMMAM, VEMSOOR(MANDAL)",India,1,0,0.00,0.00,0.000000
IN,ANDHRA PRADESH,"ONGOLE, PRAKASAM DIST",India,1,1,545.00,545.00,0.000000
IN,MAHARASHTRA,"CHEMBUR (EAST), MUMBAI",India,1,1,799.00,799.00,0.000000
IN,UTTAR PRADESH,SAHAWAR,India,1,1,999.00,999.00,0.000000
IN,GOA,AGARWADA,India,1,1,544.00,544.00,0.000000
IN,MAHARASHTRA,"MULUND, EAST MUMBAI",India,1,1,531.00,531.00,0.000000
IN,MAHARASHTRA,PUNE-15,India,1,1,1099.00,1099.00,0.000000
IN,TAMIL NADU,VANIYANBADI,India,2,2,1158.00,825.00,0.000000
IN,MADHYA PRADESH,UKWA,India,2,2,1997.00,1997.00,0.000000
IN,MAHARASHTRA,VITA,India,3,2,740.00,740.00,0.000000
IN,MAHARASHTRA,MANGALVEDHA,India,3,3,2353.00,2353.00,0.000000
IN,MAHARASHTRA,BUTIBORI MIDC,India,3,3,2870.00,2870.00,0.000000
IN,MAHARASHTRA,PANVEL,India,35,31,19584.14,16536.00,0.010000
IN,WEST BENGAL,KHARDAH,India,4,4,2599.00,2599.00,0.000000
IN,KARNATAKA,SALIGRAM,India,2,1,292.00,292.00,0.000000
IN,WEST BENGAL,EGRA,India,6,6,2914.00,2914.00,0.000000
IN,BIHAR,BAHADURPUR,India,1,1,788.00,788.00,0.000000
AUSTRALIA,TX,DALLAS,Asia-Pacific,198,630,202028.34,192514.02,0.090000
IN,RAJASTHAN,KUMHER,India,1,1,560.00,560.00,0.000000
IN,TELANGANA,"HYDERABAD,RANGAREDDY",India,2,2,998.00,998.00,0.000000
IN,PUDUCHERRY,KARAIKAL,India,30,35,19988.00,17898.00,0.010000
IN,KERALA,"ANNAMANADA,TRISSUR",India,1,1,698.00,698.00,0.000000
IN,MANIPUR,SENAPATI,India,1,1,1523.00,1523.00,0.000000
IN,KERALA,"KAVALAM, ALAPPUZHA",India,2,0,1314.28,0.00,0.000000
IN,TAMIL NADU,PARAMATHI,India,1,1,399.00,399.00,0.000000
IN,WEST BENGAL,KAJORA,India,3,3,1930.00,1930.00,0.000000
IN,KERALA,PANTHEERAMKAVU,India,7,6,3232.00,3232.00,0.000000
IN,TAMIL NADU,DHALIYUR,India,10,11,7383.00,7383.00,0.000000
IN,TAMIL NADU,"SRIPERUMBUDUR,CHENNAI CITY",India,1,1,468.00,468.00,0.000000
IN,KERALA,"PUTHOOR ,KOLLAM",India,1,1,429.00,429.00,0.000000
IN,TAMIL NADU,VAZHAPADI,India,3,2,1038.76,754.00,0.000000
IN,BIHAR,AURANGABAD,India,21,19,11695.00,11695.00,0.010000
IN,TAMIL NADU,VETTAIKARANPUDUR,India,3,2,922.00,922.00,0.000000
IN,CHHATTISGARH,BILHA,India,3,4,3261.00,3261.00,0.000000
IN,UTTAR PRADESH,PILKHUWA,India,15,15,9759.14,9093.00,0.000000
IN,RAJASTHAN,ANUPGARH,India,1,1,666.00,666.00,0.000000
IN,GUJARAT,VILAYAT GIDC,India,6,7,3818.14,3381.00,0.000000
IN,PUNJAB,SULTANPUR LODHI,India,1,1,1163.00,1163.00,0.000000
IN,GUJARAT,BOTAD,India,2,1,1971.48,1281.00,0.000000
IN,ARUNACHAL PRADESH,LONGDING-DISTRICT . ARUNACHAL PRADESH,India,2,2,1299.00,725.00,0.000000
IN,MAHARASHTRA,AKOLA,India,53,50,34228.72,30728.00,0.020000
IN,KARNATAKA,BHATKAL,India,10,10,6478.00,6478.00,0.000000
IN,UTTAR PRADESH,DEVINAGAR,India,2,2,2760.00,2760.00,0.000000
IN,KERALA,KAKKANAD,India,47,49,35571.00,34800.00,0.020000
IN,KARNATAKA,SHAKTINAGAR,India,2,2,1427.00,1427.00,0.000000
IN,TAMIL NADU,VENNANTHUR,India,1,1,842.00,842.00,0.000000
IN,MAHARASHTRA,"NAVI MUMBAI, VILLAGE,JASKHAR URAN RAIGAD",India,2,2,752.00,752.00,0.000000
IN,ODISHA,ANANDAPUR,India,3,1,1695.48,1125.00,0.000000
IN,ANDHRA PRADESH,KANKIPADU,India,5,5,3323.00,3323.00,0.000000
IN,TELANGANA,UPPAL,India,3,3,1380.00,1380.00,0.000000
IN,ANDHRA PRADESH,ADDANKI MANDAL BAPATL DISTRICT,India,1,1,459.00,459.00,0.000000
IN,MAHARASHTRA,MURMADI,India,1,1,735.00,735.00,0.000000
IN,UTTAR PRADESH,BHADOHI,India,8,8,5403.00,5027.00,0.000000
IN,WEST BENGAL,ICHAPORE,India,3,4,2862.00,2862.00,0.000000
IN,PUNJAB,KOTLA NIHANG,India,3,3,1549.00,1549.00,0.000000
IN,MAHARASHTRA,MIRAROAD,India,1,1,565.00,565.00,0.000000
IN,WEST BENGAL,HABRA,India,11,8,4857.00,4857.00,0.000000
IN,KERALA,KARUNAGAPALLY,India,2,2,1275.00,1275.00,0.000000
IN,GUJARAT,PREMGADH TA. JETPUR,India,1,1,631.00,631.00,0.000000
IN,UTTAR PRADESH,KANNAUJ,India,4,4,2712.00,2712.00,0.000000
IN,KARNATAKA,NARIKOMBU,India,2,2,316.00,316.00,0.000000
IN,KERALA,IRINJALAKUDA,India,19,20,13438.86,13096.00,0.010000
IN,MAHARASHTRA,KHERDI,India,1,2,1156.00,1156.00,0.000000
IN,WEST BENGAL,"NEW TOWN, KOLKATA",India,7,7,4803.00,3951.00,0.000000
IN,MAHARASHTRA,BAVDHAN PUNE,India,1,1,788.00,0.00,0.000000
IN,TAMIL NADU,PANRUTI,India,4,3,1434.00,1434.00,0.000000
IN,UTTAR PRADESH,HATA,India,6,5,3522.86,2620.00,0.000000
IN,ANDHRA PRADESH,NARASARAOPET,India,27,30,20460.82,17230.00,0.010000
IN,ANDHRA PRADESH,KOTHACHERUVU,India,2,2,1124.00,1124.00,0.000000
IN,HARYANA,PUNDRI,India,2,2,1411.00,1411.00,0.000000
IN,MAHARASHTRA,BULDANA,India,5,4,2210.86,1868.00,0.000000
IN,MADHYA PRADESH,MURWARA KATNI,India,28,32,18340.95,17415.00,0.010000
IN,MAHARASHTRA,GHANSOLI  NAVI MUMBAI,India,1,1,529.00,529.00,0.000000
IN,WEST BENGAL,"GOKARNA,KANDI, MURSHIDABAD",India,1,1,399.00,399.00,0.000000
IN,UTTAR PRADESH,BHARATGANJ,India,1,1,772.00,772.00,0.000000
IN,MAHARASHTRA,PARATWADA,India,3,5,3863.00,3863.00,0.000000
IN,ASSAM,DHALIGAON,India,2,2,1202.00,1202.00,0.000000
IN,JHARKHAND,GUA,India,2,1,824.00,824.00,0.000000
IN,ODISHA,BASUDEVPUR,India,1,1,999.00,999.00,0.000000
IN,RAJASTHAN,BHILWARA,India,43,39,30971.92,26446.00,0.010000
IN,MAHARASHTRA,PANDHARKAODA,India,5,6,3080.00,3080.00,0.000000
IN,MAHARASHTRA,PUNEPUNE,India,1,1,989.00,989.00,0.000000
IN,TAMIL NADU,KUZHITHURAI,India,3,4,2279.00,2279.00,0.000000
IN,MADHYA PRADESH,ALOT,India,2,1,747.76,383.00,0.000000
IN,ASSAM,LEPETKATA,India,1,1,459.00,459.00,0.000000
IN,UTTAR PRADESH,BILGRAM,India,2,1,2032.43,1481.00,0.000000
IN,HIMACHAL PRADESH,RAMPUR BUSHAHR,India,1,1,799.00,799.00,0.000000
IN,JAMMU & KASHMIR,BUDGAM,India,10,8,4480.00,4009.00,0.000000
IN,KARNATAKA,VIJAYAPUR,India,1,1,835.00,835.00,0.000000
IN,DELHI,"DWARKA, SECTOR - 22",India,2,2,368.00,368.00,0.000000
IN,PUNJAB,DIRBA,India,1,1,682.00,682.00,0.000000
IN,UTTAR PRADESH,MACHHALI SHAHAR JAUNPUR,India,1,1,459.00,459.00,0.000000
IN,GUJARAT,"SOUTH BOPAL, AHMEDABAD",India,2,2,1542.00,1542.00,0.000000
IN,KERALA,ADINAD,India,2,2,1306.00,1306.00,0.000000
IN,GOA,CORTALIM,India,1,1,487.00,487.00,0.000000
IN,UTTARAKHAND,DEHRADUN 248001,India,1,1,471.00,471.00,0.000000
IN,BIHAR,KAIMUR BHABUA,India,1,1,537.00,537.00,0.000000
IN,JHARKHAND,GARHWA,India,3,2,1060.00,1060.00,0.000000
IN,KERALA,KARUMALOOR,India,1,0,2214.29,0.00,0.000000
IN,KERALA,THIRUVANATHAPURAM,India,2,2,1147.00,1147.00,0.000000
IN,HIMACHAL PRADESH,DHARMSHALA,India,2,2,487.00,487.00,0.000000
IN,KERALA,"ANGAMALY, ERNAKULAM",India,1,0,0.00,0.00,0.000000
IN,WEST BENGAL,KOYRA,India,2,2,933.00,933.00,0.000000
IN,ANDHRA PRADESH,KOTHAPETA,India,4,2,2190.29,771.00,0.000000
IN,KARNATAKA,BIRUR,India,1,2,851.00,851.00,0.000000
IN,ANDAMAN & NICOBAR,SOUTH ANDAMAN,India,2,2,2149.00,2149.00,0.000000
IN,KERALA,"KALLAMBALAM ,28TH MILE VETTIYARA P.O",India,1,1,431.00,431.00,0.000000
IN,KERALA,THURAYUR,India,2,3,1419.00,1419.00,0.000000
IN,UTTAR PRADESH,DALMAU,India,2,1,517.00,517.00,0.000000
IN,ANDHRA PRADESH,GUDLAVALLERU,India,1,1,471.00,471.00,0.000000
IN,GUJARAT,DEVDHARI,India,1,1,435.00,435.00,0.000000
IN,ANDHRA PRADESH,ZARUGUMILLI,India,2,2,2385.00,2385.00,0.000000
IN,TELANGANA,MULAKALAPALLY,India,1,2,661.00,661.00,0.000000
IN,ASSAM,SILAPATHAR,India,1,1,385.00,385.00,0.000000
IN,RAJASTHAN,CHAKSU,India,4,4,3729.00,3729.00,0.000000
IN,TELANGANA,ADDAKAL,India,3,2,1503.86,442.00,0.000000
IN,CHHATTISGARH,RAIGARH TOWN,India,1,1,471.00,471.00,0.000000
IN,DELHI,DELHI 110085,India,1,1,631.00,631.00,0.000000
IN,TAMIL NADU,ARNI,India,1,1,909.00,909.00,0.000000
IN,RAJASTHAN,"CHHABRA, BARAN",India,1,1,563.00,563.00,0.000000
IN,BIHAR,NAWKOTHI,India,1,1,1133.00,1133.00,0.000000
IN,MAHARASHTRA,KALYAN EAST-421306,India,1,1,771.00,771.00,0.000000
IN,WEST BENGAL,BALICHAK,India,1,1,574.00,574.00,0.000000
IN,UTTAR PRADESH,LUCKNOWL,India,1,1,487.00,487.00,0.000000
IN,MAHARASHTRA,TATHAWADE  PUNE,India,1,1,359.00,359.00,0.000000
IN,JHARKHAND,KHELARI,India,1,2,1808.00,1808.00,0.000000
IN,TELANGANA,"MOHANRAOPET, KORUTLA MANDAL, JAGITYAL DIST",India,1,1,487.00,487.00,0.000000
IN,JAMMU & KASHMIR,JOURIAN,India,2,2,1361.00,1361.00,0.000000
IN,RAJASTHAN,KISHANGARH RENWAL,India,1,1,888.00,0.00,0.000000
IN,RAJASTHAN,RAMGARH SIKAR DISTRICT,India,1,1,1018.00,1018.00,0.000000
IN,TELANGANA,ANJANI PORTLAND CEMENT FACTORY,India,1,1,345.00,345.00,0.000000
IN,MADHYA PRADESH,KYMORE,India,1,1,666.00,666.00,0.000000
IN,KERALA,KALLUR- THRISSUR,India,1,1,474.00,474.00,0.000000
IN,MAHARASHTRA,"NEW PANVEL, RAIGARH",India,1,1,387.00,387.00,0.000000
IN,HARYANA,GURGAON,India,313,316,222239.20,205744.00,0.100000
IN,KERALA,KUDUKKIMOTTA,India,5,6,3766.00,3766.00,0.000000
IN,RAJASTHAN,CHOMU,India,1,1,646.00,646.00,0.000000
IN,RAJASTHAN,KHERWARA CHHAONI,India,1,1,563.00,563.00,0.000000
IN,MIZORAM,SAIHA,India,2,2,1870.00,1870.00,0.000000
IN,SIKKIM,SINGTAM,India,20,17,14620.25,13034.00,0.010000
IN,PUNJAB,MAHILPUR,India,2,2,1798.00,1798.00,0.000000
IN,MAHARASHTRA,"MUMBAI,MALAD WEST,MALVANI.",India,1,1,533.00,533.00,0.000000
IN,HARYANA,JHAJJAR,India,15,14,10127.57,9242.00,0.000000
IN,UTTAR PRADESH,BABRALA,India,3,2,897.00,897.00,0.000000
IN,WEST BENGAL,CHAMRAIL,India,4,3,4011.39,2973.00,0.000000
IN,KARNATAKA,GADAG BETIGERI,India,18,18,12792.93,11335.00,0.010000
IN,MAHARASHTRA,RASAYANI PANVEL,India,1,1,562.00,562.00,0.000000
IN,MAHARASHTRA,NAVIMUMBAI,India,4,4,2276.00,1731.00,0.000000
IN,KERALA,AIMANAM,India,3,4,3779.00,3779.00,0.000000
IN,WEST BENGAL,NORTH BARRACKPUR,India,6,6,3160.00,3160.00,0.000000
IN,GOA,POMBURPA,India,1,2,720.00,720.00,0.000000
IN,KERALA,TRIPRAYAR,India,3,3,1426.00,700.00,0.000000
IN,MADHYA PRADESH,AGAR MALWA,India,2,2,886.00,886.00,0.000000
IN,RAJASTHAN,UDAIPURUDAIPUR,India,2,2,1798.00,1798.00,0.000000
IN,KARNATAKA,VIRAJPETE,India,18,16,10742.76,10138.00,0.010000
IN,HARYANA,BHIWANI,India,17,17,13599.14,12370.00,0.010000
IN,KARNATAKA,MANGALURU 575005,India,1,1,449.00,449.00,0.000000
IN,TAMIL NADU,HARVEYPATTI,India,2,1,692.00,692.00,0.000000
IN,UTTARAKHAND,"KOTDWAR, DISTT. PAURI GARHWAL",India,1,1,685.00,685.00,0.000000
IN,RAJASTHAN,GANGANAGAR,India,5,4,3738.00,3738.00,0.000000
UNITED KINGDOM,IL,CHICAGO,Europe,238,741,223963.37,215916.46,0.110000
IN,HARYANA,GURUGAON,India,2,3,2457.00,2457.00,0.000000
IN,GOA,PORVORIM BARDEZ,India,1,1,487.00,487.00,0.000000
IN,GUJARAT,KALOL GANDHINAGAR DISTRICT,India,9,9,5143.14,4706.00,0.000000
IN,KERALA,VADAKARA,India,27,21,16161.52,13968.00,0.010000
IN,MAHARASHTRA,MUMBAI (E),India,2,2,720.00,360.00,0.000000
IN,CHHATTISGARH,BALODA BAZAR,India,9,9,5348.00,5348.00,0.000000
IN,PUNJAB,SUFIPIND,India,2,2,822.00,822.00,0.000000
IN,ANDHRA PRADESH,BUCHIREDDIPALEM,India,13,12,7168.72,5403.00,0.000000
IN,ANDHRA PRADESH,L.N.D PETA (LAKSHMI NARAYANA DEVI PETA),India,1,1,359.00,359.00,0.000000
IN,UTTAR PRADESH,LALGANJ,India,8,7,4779.00,4779.00,0.000000
IN,KERALA,KIDANGOOR,India,1,1,517.00,517.00,0.000000
IN,KERALA,ALUVA,India,49,47,29498.90,27201.00,0.010000
IN,UTTARAKHAND,CHAMBA,India,2,1,856.00,856.00,0.000000
IN,KERALA,KOLLAM,India,164,148,91260.68,81503.00,0.040000
IN,KARNATAKA,"BENGALURU,",India,1,1,666.00,666.00,0.000000
IN,MEGHALAYA,EAST KHASI HILLS,India,3,5,1787.00,1787.00,0.000000
IN,ANDHRA PRADESH,"DARMAVARAM,ADDANKI",India,1,0,0.00,0.00,0.000000
IN,TELANGANA,FAROOQNAGAR,India,11,11,9381.72,8356.00,0.000000
IN,KARNATAKA,MALAVALLI,India,4,2,870.00,870.00,0.000000
IN,KERALA,ALUVA 6,India,1,1,771.00,771.00,0.000000
IN,KERALA,CHEVVOOR,India,3,5,2627.00,2627.00,0.000000
IN,KERALA,MADHOOR,India,2,2,1198.00,599.00,0.000000
IN,KARNATAKA,DHARWAD,India,74,80,47117.00,45536.00,0.020000
IN,PUNJAB,GURDASPUR,India,30,28,17396.00,16472.00,0.010000
IN,UTTAR PRADESH,BANSDIH,India,2,1,721.00,721.00,0.000000
IN,RAJASTHAN,NADBAI,India,11,10,14470.25,12049.00,0.010000
IN,KERALA,KANHIRODE,India,3,3,1921.00,1921.00,0.000000
IN,KARNATAKA,TIPTUR,India,7,5,3379.00,3379.00,0.000000
IN,UTTAR PRADESH,ALIGARH,India,110,113,81129.76,68690.00,0.040000
IN,KARNATAKA,HOLALKERE,India,3,3,2040.00,2040.00,0.000000
IN,KARNATAKA,"BASAVANABAGEVADI, VIJAPURA",India,1,1,471.00,471.00,0.000000
IN,MADHYA PRADESH,MANDSOUR,India,1,1,788.00,0.00,0.000000
IN,ANDHRA PRADESH,PRATHIPADU,India,5,5,4144.00,4144.00,0.000000
IN,TAMIL NADU,KEEZHKULAM,India,1,1,735.00,735.00,0.000000
INDIA,TX,AUSTIN,Global,799,2331,705271.06,690015.74,0.330000
IN,MAHARASHTRA,THAKURLI,India,4,3,2392.00,1671.00,0.000000
IN,WEST BENGAL,RAMPURHAT,India,4,2,1778.48,828.00,0.000000
IN,ASSAM,"GUWAHATI, NOONMATI",India,1,1,399.00,399.00,0.000000
IN,GUJARAT,SANAND,India,6,6,3812.00,3812.00,0.000000
IN,KARNATAKA,VIJAYAPURA,India,6,5,3193.43,2722.00,0.000000
IN,MAHARASHTRA,NIMBHORE BUDRUK,India,1,1,345.00,345.00,0.000000
IN,GUJARAT,KACHCHH,India,3,3,1813.00,1813.00,0.000000
IN,MAHARASHTRA,"THANE, DIVA",India,1,1,376.00,376.00,0.000000
IN,ODISHA,ATHMALLIK,India,2,1,2178.36,1173.00,0.000000
IN,WEST BENGAL,CHANDPARA,India,1,0,0.00,0.00,0.000000
IN,ASSAM,RAHA TOWN,India,1,1,999.00,999.00,0.000000
IN,MADHYA PRADESH,BANDHAWAGARH,India,2,3,1788.00,1788.00,0.000000
IN,RAJASTHAN,RIICO INDUSTRIAL AREA GUDLI,India,1,1,399.00,399.00,0.000000
IN,MAHARASHTRA,AMRAVATI,India,83,79,54672.68,44688.00,0.030000
IN,UTTAR PRADESH,GAURA KALA,India,2,2,1546.00,1546.00,0.000000
IN,KERALA,MANJERI P.O,India,3,2,2276.29,1542.00,0.000000
IN,BIHAR,BIHARSHARIF,India,13,12,8910.00,8910.00,0.000000
IN,KARNATAKA,SRINIVASPUR,India,7,4,3442.57,2854.00,0.000000
IN,MAHARASHTRA,DISTRICT:- SANGLI,India,1,1,499.00,499.00,0.000000
IN,MAHARASHTRA,GHODEGAON,India,1,1,1338.00,1338.00,0.000000
IN,TAMIL NADU,NAMAGIRIPETTAI,India,4,3,3062.43,2111.00,0.000000
IN,ASSAM,LUMDING,India,3,3,2417.00,2417.00,0.000000
IN,GUJARAT,ZUNDAL,India,2,1,1632.20,836.00,0.000000
IN,WEST BENGAL,BARUIPUR,India,17,15,8825.00,8825.00,0.000000
IN,MAHARASHTRA,MANGALWEDHA,India,1,1,1399.00,1399.00,0.000000
IN,MADHYA PRADESH,SAGAR,India,29,25,18214.20,16362.00,0.010000
IN,KERALA,VELUR,India,2,3,1163.00,1163.00,0.000000
IN,KERALA,MAVELIKARA,India,1,1,449.00,449.00,0.000000
IN,KARNATAKA,BANGALORE RURAL,India,7,7,5607.00,3763.00,0.000000
IN,WEST BENGAL,BOLPUR,India,23,26,18731.76,16589.00,0.010000
IN,MADHYA PRADESH,BHAINSDEHI,India,1,1,493.00,493.00,0.000000
IN,TAMIL NADU,TINDIVANAM,India,12,13,8216.81,7078.00,0.000000
IN,ANDHRA PRADESH,PRODDATUR,India,54,52,37528.71,32283.00,0.020000
IN,ANDHRA PRADESH,"PUTTAPARTHI, ANANTAPUR DISTRICT",India,2,2,1034.00,1034.00,0.000000
IN,MAHARASHTRA,"PIMPRI-CHINCHWAD,",India,1,1,969.00,969.00,0.000000
IN,JAMMU & KASHMIR,MAGAM,India,2,2,1284.00,1284.00,0.000000
IN,MADHYA PRADESH,BHITARWAR,India,1,1,399.00,399.00,0.000000
IN,UTTAR PRADESH,SHAHGANJ,India,1,1,999.00,999.00,0.000000
IN,MAHARASHTRA,KURLA EAST MUMBAI,India,1,1,560.00,560.00,0.000000
IN,UTTAR PRADESH,BACHHRAON,India,2,2,1621.00,1621.00,0.000000
IN,PUNJAB,MULLANPUR GARIB DASS,India,2,2,1151.00,1151.00,0.000000
IN,RAJASTHAN,ANTA CITY,India,1,1,788.00,788.00,0.000000
IN,MAHARASHTRA,MUMBAI - 400092.,India,1,1,629.00,629.00,0.000000
IN,MAHARASHTRA,WANJRWADA,India,3,3,1407.00,0.00,0.000000
IN,WEST BENGAL,UKHRA,India,2,1,1133.00,1133.00,0.000000
IN,TAMIL NADU,KARAIKKUDI SIVAGANGAI,India,1,1,759.00,759.00,0.000000
IN,SIKKIM,LOWER TADONG,India,1,0,0.00,0.00,0.000000
IN,UTTAR PRADESH,FAIZABAD...KARMA CHAURAHA,India,1,1,1099.00,1099.00,0.000000
IN,TAMIL NADU,PONNERI TK,India,1,1,364.00,364.00,0.000000
IN,BIHAR,"BARH, PATNA",India,1,1,382.00,382.00,0.000000
IN,KERALA,KODANNUR,India,1,1,603.00,603.00,0.000000
IN,KARNATAKA,KANAGAL,India,1,1,399.00,399.00,0.000000
IN,PUNJAB,SAHIBZADA AJIT SINGH NAGAR,India,1,1,1229.00,1229.00,0.000000
IN,KARNATAKA,TIRUMAKUDAL NARSIPUR,India,1,1,426.00,426.00,0.000000
IN,TAMIL NADU,NELLIKUPPAM,India,1,1,744.00,744.00,0.000000
IN,TAMIL NADU,TIRUVANNAMALAI DT,India,2,1,389.00,389.00,0.000000
IN,KERALA,KARUVANTHURUTHY,India,2,2,1232.00,635.00,0.000000
IN,TAMIL NADU,ARIYALUR D.T,India,1,1,529.00,529.00,0.000000
IN,ANDHRA PRADESH,"GUDIVADA, KRISHNA DISTRICT",India,1,1,459.00,459.00,0.000000
IN,WEST BENGAL,LAGOLA,India,1,1,599.00,599.00,0.000000
IN,KARNATAKA,GARGESWARI,India,1,1,654.00,654.00,0.000000
IN,WEST BENGAL,BANDIPUR,India,1,1,517.00,517.00,0.000000
IN,ANDHRA PRADESH,GANAPAVARAM,India,2,2,1156.00,1156.00,0.000000
IN,TAMIL NADU,MUTHUKADU,India,1,1,381.00,381.00,0.000000
IN,UTTAR PRADESH,DAURALA,India,1,1,357.00,357.00,0.000000
IN,TAMIL NADU,"PERUMBAKKAM, NEAR CHETTINADU VILLA",India,1,1,499.00,499.00,0.000000
IN,WEST BENGAL,SONATIKIRI,India,1,1,1127.00,1127.00,0.000000
IN,UTTAR PRADESH,GHORAWAL,India,1,1,487.00,487.00,0.000000
IN,GUJARAT,BHARUCH  DEHGAM,India,1,0,300.96,0.00,0.000000
IN,KARNATAKA,NELAMANGALA,India,2,3,2193.00,2193.00,0.000000
IN,RAJASTHAN,KOLAYAT,India,1,1,759.00,759.00,0.000000
IN,UTTAR PRADESH,POWAYAN,India,2,2,882.00,882.00,0.000000
IN,MAHARASHTRA,VIRAR (W),India,9,7,2572.00,2572.00,0.000000
IN,PUNJAB,GORAYA,India,4,3,1844.00,646.00,0.000000
IN,TAMIL NADU,SIVAGANGA,India,9,10,4534.95,4114.00,0.000000
IN,UTTAR PRADESH,HAMIRPUR,India,9,10,7632.00,6911.00,0.000000
IN,UTTAR PRADESH,CHANDPUR,India,5,5,3593.00,3194.00,0.000000
IN,UTTAR PRADESH,DEORIA,India,26,25,16402.00,16063.00,0.010000
IN,UTTAR PRADESH,SANDILA,India,1,1,759.00,759.00,0.000000
IN,KERALA,KONNI,India,1,1,399.00,399.00,0.000000
IN,HIMACHAL PRADESH,DHARAMSHALA,India,2,2,1356.00,1356.00,0.000000
IN,KARNATAKA,ILKAL,India,4,3,1787.00,1787.00,0.000000
IN,RAJASTHAN,DUNGARGARH,India,1,1,666.00,666.00,0.000000
IN,KARNATAKA,BANGALORE,India,1267,1272,825152.35,776752.00,0.390000
IN,ANDHRA PRADESH,MANGALAGIRI,India,31,33,17204.00,16421.00,0.010000
IN,MAHARASHTRA,"OWE GAON, KHARGHAR, NAVI MUMBAI",India,1,1,496.00,496.00,0.000000
IN,GUJARAT,WAGHAI,India,1,1,775.00,775.00,0.000000
IN,TAMIL NADU,IRUGUR,India,3,3,1735.00,1735.00,0.000000
IN,UTTAR PRADESH,CHITRAKOOT,India,1,1,814.00,814.00,0.000000
IN,BIHAR,TIKARI GAYA,India,1,1,463.00,463.00,0.000000
IN,MAHARASHTRA,"PAVNAR , WARDHA",India,1,0,0.00,0.00,0.000000
IN,JHARKHAND,JADUGORA,India,1,1,383.00,383.00,0.000000
IN,MADHYA PRADESH,CHANDAMETA BUTARIA,India,2,0,0.00,0.00,0.000000
IN,WEST BENGAL,DALKHOLA,India,2,2,1450.00,1450.00,0.000000
IN,HIMACHAL PRADESH,KULLUKULLU,India,1,1,698.00,698.00,0.000000
IN,KARNATAKA,VARTHEGUNDI,India,1,1,1075.00,1075.00,0.000000
IN,KARNATAKA,BHATKAL-UTTARA KANNADA,India,3,3,2472.00,2472.00,0.000000
IN,KARNATAKA,VARAMBALLI,India,2,2,1304.00,1304.00,0.000000
IN,UTTARAKHAND,DSTR-  DEHRADUN,India,1,1,523.00,523.00,0.000000
IN,TAMIL NADU,NEYYOOR,India,3,3,1157.00,812.00,0.000000
IN,TELANGANA,VEMULAWADA,India,3,2,1020.00,1020.00,0.000000
IN,TELANGANA,"KHAJAGUDA, GACHIBOWLI",India,2,2,1629.00,1629.00,0.000000
IN,NL,DIMAPUR,India,2,2,961.00,961.00,0.000000
IN,BIHAR,MAHARAJGANJ,India,2,2,952.00,459.00,0.000000
IN,KERALA,PALAKKAD KERALA,India,1,1,832.00,832.00,0.000000
IN,KERALA,TANALOOR,India,1,1,376.00,376.00,0.000000
IN,MAHARASHTRA,DOMBIVLI(EAST),India,2,2,835.00,835.00,0.000000
IN,BIHAR,BIHAR SHARIF,India,1,1,1140.00,1140.00,0.000000
IN,ASSAM,SIVSAGHR,India,1,1,399.00,399.00,0.000000
IN,JHARKHAND,TONTO,India,1,1,301.00,301.00,0.000000
IN,MAHARASHTRA,"GOREGAON WEST, MUMBAI",India,3,2,1303.00,1303.00,0.000000
IN,KERALA,THRISSUR DISTRICT,India,4,1,907.57,459.00,0.000000
IN,HIMACHAL PRADESH,JHAKHRI,India,1,1,368.00,368.00,0.000000
IN,HARYANA,"GURGAON, HSIIDC SOHNA",India,2,2,1755.00,771.00,0.000000
IN,KERALA,KUTTIPURAM MALAPPURAM DISTRICT,India,1,1,376.00,376.00,0.000000
IN,MAHARASHTRA,NANDGAONPETH MIDC,India,1,1,646.00,646.00,0.000000
IN,ANDHRA PRADESH,MADANAPALLI,India,1,1,459.00,459.00,0.000000
IN,MAHARASHTRA,NAGPUR CITY,India,1,1,735.00,735.00,0.000000
IN,MAHARASHTRA,"THANE WEST ,MAJIWADE",India,1,1,788.00,788.00,0.000000
IN,TAMIL NADU,AVALAPALLI,India,1,1,949.00,949.00,0.000000
IN,BIHAR,KATHIAR,India,1,1,568.00,568.00,0.000000
IN,MADHYA PRADESH,PACHMARHI,India,1,1,888.00,888.00,0.000000
IN,TAMIL NADU,MADUVANKARAI/CHENNAI,India,1,1,1133.00,1133.00,0.000000
IN,TAMIL NADU,DEVAKOTTAI.SIVAGANGAI DISTRICT.,India,1,2,2177.00,2177.00,0.000000
IN,MAHARASHTRA,SUPANE,India,1,1,759.00,759.00,0.000000
IN,ANDHRA PRADESH,"MADANAPALLE, CHITTOOR DISTRICT",India,1,1,1287.00,1287.00,0.000000
IN,DELHI,NEW DELHI 110017,India,1,1,582.00,582.00,0.000000
IN,TELANGANA,"NARSAPUR , MEDAK DISTRICT",India,3,2,2384.76,1580.00,0.000000
IN,HIMACHAL PRADESH,JUTOGH,India,5,5,3798.00,3798.00,0.000000
IN,ANDHRA PRADESH,VETAPALEM,India,3,3,1634.00,1634.00,0.000000
IN,RAJASTHAN,RIICO INDUSTRIAL AREA KANT KALWAR,India,2,2,1285.00,1285.00,0.000000
IN,MAHARASHTRA,"THANE WEST, MUMBAI",India,2,2,995.00,995.00,0.000000
IN,HIMACHAL PRADESH,DARLAGHAT,India,2,2,1620.00,1620.00,0.000000
IN,PUNJAB,KURALI,India,4,4,2632.00,2632.00,0.000000
IN,WEST BENGAL,KONNAGAR,India,10,12,7290.00,7290.00,0.000000
IN,MAHARASHTRA,PUNE 411004,India,2,2,1338.00,1338.00,0.000000
IN,MADHYA PRADESH,CHHINDWARA,India,32,28,17818.00,17419.00,0.010000
IN,MADHYA PRADESH,KHIRKIYA,India,1,1,1111.00,1111.00,0.000000
IN,TELANGANA,BELLAMPALLE,India,5,2,2318.86,1416.00,0.000000
IN,BIHAR,THAKURGANJ,India,1,2,2066.00,2066.00,0.000000
IN,KERALA,KANHANGAD,India,22,21,13120.00,12008.00,0.010000
IN,WEST BENGAL,DINHATA,India,4,4,1828.00,1828.00,0.000000
IN,KERALA,"VARAM, KANNUR",India,1,1,763.00,763.00,0.000000
IN,HARYANA,"GOLF COURSE ROAD,  SECTOR 53, GURUGRAM",India,1,1,517.00,517.00,0.000000
IN,TAMIL NADU,SIVAKASI,India,15,13,5050.00,4759.00,0.000000
IN,JHARKHAND,GIRIDIH,India,35,26,22190.04,18492.00,0.010000
IN,MAHARASHTRA,SAPHALE,India,3,1,1110.29,376.00,0.000000
IN,TELANGANA,"KOMPALLY, HYDERABAD",India,3,3,1176.00,1176.00,0.000000
AUSTRALIA,FL,JACKSONVILLE,Asia-Pacific,214,562,172319.95,170923.58,0.080000
IN,KERALA,"THRIKKAKARA, KAKKANAD",India,1,1,1168.00,1168.00,0.000000
IN,MAHARASHTRA,BOISAR,India,33,29,19220.34,15549.00,0.010000
IN,UTTAR PRADESH,PILKHUWA HAPUR,India,1,1,518.00,518.00,0.000000
IN,BIHAR,KHARAGPUR,India,1,1,659.00,659.00,0.000000
IN,RAJASTHAN,BHIWADI,India,46,43,28910.95,27811.00,0.010000
IN,KERALA,MULAMTHURUTHY,India,6,5,2692.00,2692.00,0.000000
IN,KERALA,OTTAPALAM,India,6,2,2628.00,1108.00,0.000000
IN,KARNATAKA,SANKESHWAR,India,2,2,1299.00,1299.00,0.000000
IN,UTTAR PRADESH,JALALABAD SHAHJAHANPUR DISTRICT,India,4,2,1473.00,1473.00,0.000000
IN,KARNATAKA,HOSDURGA,India,6,6,4320.00,4320.00,0.000000
IN,TAMIL NADU,KARUR(DT),India,1,1,540.00,540.00,0.000000
IN,KARNATAKA,HOSKOTE,India,48,48,28611.00,27411.00,0.010000
IN,JHARKHAND,BOKARO THERMAL TOWNSHIP,India,3,3,1754.00,1754.00,0.000000
IN,KARNATAKA,JAGALUR,India,2,2,1983.00,1983.00,0.000000
IN,KERALA,"MUKHATHALA, KOLLAM",India,1,1,587.00,587.00,0.000000
IN,UTTAR PRADESH,RUDRAPUR,India,3,3,2241.00,2241.00,0.000000
IN,WEST BENGAL,KALIACHAK ; GOLAPGONJ,India,1,1,744.00,744.00,0.000000
IN,TAMIL NADU,KARUNGAL,India,7,7,4408.00,4408.00,0.000000
IN,MAHARASHTRA,"KOTHRUD,PUNE",India,1,1,649.00,649.00,0.000000
IN,KERALA,THRIPPUNITHURA,India,45,44,31726.00,30593.00,0.010000
IN,TAMIL NADU,"KOVAIPUDUR, COIMBATORE",India,1,1,301.00,301.00,0.000000
IN,MAHARASHTRA,KALYAN (W),India,3,3,2028.00,2028.00,0.000000
IN,MAHARASHTRA,NALASORAPRA (E),India,1,1,988.00,988.00,0.000000
IN,KERALA,"PERINGARA P O,TIRUVALLA",India,1,1,597.00,597.00,0.000000
IN,RAJASTHAN,ABU ROAD,India,12,11,7843.29,7030.00,0.000000
IN,KARNATAKA,KALABURGI 585102,India,1,1,885.00,885.00,0.000000
IN,MADHYA PRADESH,SIRMAUR,India,1,1,1065.00,1065.00,0.000000
IN,WEST BENGAL,HUGLI CHINSURAH,India,10,7,3754.00,3754.00,0.000000
IN,MADHYA PRADESH,DHAMNOD DHAR DISTRICT,India,6,7,4956.00,4481.00,0.000000
IN,ANDHRA PRADESH,TSUNDUR,India,1,1,496.00,496.00,0.000000
CANADA,TX,FORT WORTH,North America,258,779,232315.67,227692.93,0.110000
IN,MAHARASHTRA,DOMBIVLI WEST 421202,India,1,1,435.00,435.00,0.000000
IN,MAHARASHTRA,DOMBIVALI ( EAST),India,1,1,685.00,685.00,0.000000
IN,MAHARASHTRA,"BANDRA WEST, MUMBAI",India,1,1,726.00,726.00,0.000000
IN,ANDHRA PRADESH,"PADERU, VISAKHAPATNAM",India,1,1,544.00,544.00,0.000000
IN,MAHARASHTRA,BADLAPUR,India,77,74,48611.33,43876.00,0.020000
IN,MAHARASHTRA,THERGAON,India,3,1,399.00,399.00,0.000000
UNITED STATES,TX,DALLAS,North America,3549,10760,3302355.14,3173771.27,1.550000
IN,UTTARAKHAND,DHANAULTI,India,1,1,471.00,471.00,0.000000
IN,ASSAM,TITABOR TOWN,India,3,3,1777.00,1777.00,0.000000
IN,ANDHRA PRADESH,AMARAVATHI,India,3,3,1680.00,1680.00,0.000000
IN,ANDHRA PRADESH,AKIVIDU,India,4,2,1733.00,1733.00,0.000000
IN,ODISHA,BARAGAON,India,3,3,3423.00,3423.00,0.000000
IN,WEST BENGAL,"KHARAGPUR, WEST BENGAL",India,1,1,495.00,0.00,0.000000
IN,KARNATAKA,MAGADI,India,2,2,1541.00,845.00,0.000000
IN,KARNATAKA,BENGALURU -50015,India,1,0,0.00,0.00,0.000000
IN,KARNATAKA,KUDUR,India,5,4,2467.05,2068.00,0.000000
IN,PUNJAB,GARHSHANKAR,India,5,5,3247.00,3247.00,0.000000
IN,TELANGANA,MAHABUBNAGAR,India,11,11,4612.00,4612.00,0.000000
IN,TAMIL NADU,PERAVURANI,India,2,2,1471.00,1471.00,0.000000
IN,ANDAMAN & NICOBAR,ANDAMAN AND NICOBAR ISLANDS PORT BLAIR,India,1,1,999.00,999.00,0.000000
IN,TAMIL NADU,ANDIPALAYAM,India,3,2,2053.00,2053.00,0.000000
IN,ANDHRA PRADESH,ANNAVARAM,India,2,2,1739.00,1739.00,0.000000
IN,JAMMU & KASHMIR,ARNIA,India,1,1,1163.00,1163.00,0.000000
IN,HARYANA,BILASPUR,India,2,2,889.00,889.00,0.000000
IN,MAHARASHTRA,PUNE-411062,India,1,1,376.00,376.00,0.000000
IN,ODISHA,BARGARH DISTRICT,India,1,1,329.00,329.00,0.000000
IN,JAMMU & KASHMIR,CHENANI,India,1,1,376.00,376.00,0.000000
IN,CHHATTISGARH,"TAKHATPUR,DIST - BILASPUR",India,1,1,387.00,387.00,0.000000
IN,TAMIL NADU,KOTTAKUPPAM,India,4,4,1630.00,1198.00,0.000000
IN,ANDHRA PRADESH,KANUMOLU,India,1,1,729.00,729.00,0.000000
IN,TAMIL NADU,"ALAGAPPAPURAM,KANYAKUMARI DISTRICT",India,1,1,560.00,560.00,0.000000
IN,TAMIL NADU,"THORAIPAKKAM, CHENNAI",India,1,1,511.00,511.00,0.000000
IN,ANDHRA PRADESH,"YENDADA, VISAKHAPATNAM",India,1,1,1099.00,1099.00,0.000000
IN,KERALA,KAKKANADU.ERNAKULAM,India,3,3,1473.00,1473.00,0.000000
IN,KERALA,VADAKKEKARA,India,3,3,2407.00,2407.00,0.000000
IN,GUJARAT,AHEMADABAD,India,1,1,801.00,801.00,0.000000
IN,KARNATAKA,AJEKAR,India,1,1,292.00,292.00,0.000000
IN,MAHARASHTRA,NIGADI PUNE,India,1,1,635.00,635.00,0.000000
IN,WEST BENGAL,RISHRA HOOGHLY,India,2,3,920.00,920.00,0.000000
IN,ANDHRA PRADESH,KOTHAVALASA,India,1,1,399.00,399.00,0.000000
IN,HARYANA,NIT FARIDABAD,India,1,1,741.00,741.00,0.000000
IN,WEST BENGAL,AGORPARA,India,1,1,487.00,487.00,0.000000
IN,ANDHRA PRADESH,"RAMACHANDRA PURAM, EAST GODAVARI",India,1,1,1099.00,1099.00,0.000000
IN,RAJASTHAN,SARWAR,India,1,1,521.00,521.00,0.000000
IN,KERALA,NEMMARA,India,1,0,0.00,0.00,0.000000
IN,KERALA,NORTH PARAVUR,India,1,1,635.00,635.00,0.000000
IN,TAMIL NADU,CHENNAI THIRUVALLUR DISTRICT,India,2,2,1353.00,1353.00,0.000000
IN,TAMIL NADU,TRICHY,India,15,15,11285.43,9799.00,0.010000
IN,WEST BENGAL,BIRBHUM,India,3,3,1769.00,499.00,0.000000
IN,ANDHRA PRADESH,PALAKONDA/SRIKAKULAM(DIST),India,1,0,437.14,0.00,0.000000
IN,MAHARASHTRA,PIMPRI CHINCHWAD,India,715,689,434969.39,401545.00,0.200000
IN,JHARKHAND,BARKAKANA,India,2,2,932.00,932.00,0.000000
IN,ASSAM,"GUWAHATI,",India,1,1,665.00,665.00,0.000000
IN,GUJARAT,SAVLI,India,1,1,301.00,301.00,0.000000
IN,GOA,"VELSAO,CANSAULIM",India,1,1,698.00,698.00,0.000000
IN,ARUNACHAL PRADESH,NAMSAI,India,5,7,3928.00,3928.00,0.000000
IN,TRIPURA,BANKIMNAGAR,India,2,2,1011.00,1011.00,0.000000
IN,TAMIL NADU,HOSURHOSUR,India,1,1,459.00,459.00,0.000000
IN,TAMIL NADU,SARAVANAMPATTICOIMBATORE.,India,1,1,771.00,771.00,0.000000
IN,TAMIL NADU,THOOTHUKUDI,India,8,8,7905.39,4821.00,0.000000
IN,TAMIL NADU,SIVAGANGAI,India,1,1,499.00,499.00,0.000000
IN,HIMACHAL PRADESH,THEOG,India,3,3,1972.00,664.00,0.000000
IN,TAMIL NADU,CHIDAMBARAM,India,26,23,12831.00,12372.00,0.010000
IN,MADHYA PRADESH,MAIHAR SATNA,India,1,1,435.00,0.00,0.000000
IN,MADHYA PRADESH,SILWANI,India,5,5,5395.00,1079.00,0.000000
IN,TELANGANA,ALLIPUR,India,2,1,449.00,449.00,0.000000
IN,MAHARASHTRA,BHANDARA,India,26,28,17124.00,16058.00,0.010000
IN,BIHAR,BEGUSARAI DISTRICT,India,2,2,893.00,893.00,0.000000
IN,KERALA,CHIRAYINKEEZHU,India,3,2,893.00,893.00,0.000000
IN,KERALA,KALMASSERY,India,1,1,967.00,967.00,0.000000
IN,TAMIL NADU,"PERUMBAKKAM, CHENNAI",India,1,1,1168.00,1168.00,0.000000
IN,TAMIL NADU,MUSIRI,India,7,7,5076.62,4249.00,0.000000
IN,MAHARASHTRA,PUNE YERWADA,India,1,1,449.00,449.00,0.000000
IN,KERALA,CHENGANNUR,India,36,29,18913.46,13083.00,0.010000
IN,BIHAR,ROSERA,India,3,3,2330.00,2330.00,0.000000
IN,MAHARASHTRA,"AUNDH, PUNE",India,1,1,759.00,759.00,0.000000
IN,PUNJAB,PATIALA,India,100,99,63495.68,60039.00,0.030000
IN,WEST BENGAL,MALATIPUR,India,1,1,480.00,480.00,0.000000
IN,UTTAR PRADESH,MEERUT CANTT,India,1,1,517.00,517.00,0.000000
IN,UTTAR PRADESH,CHITBARA GAON,India,2,3,2212.00,2212.00,0.000000
IN,GUJARAT,PETHAPUR,India,4,4,2702.00,1993.00,0.000000
IN,TAMIL NADU,MANNARGUDI,India,15,12,7641.10,7283.00,0.000000
IN,TELANGANA,MANAKONDUR,India,2,2,1098.00,1098.00,0.000000
IN,MADHYA PRADESH,MHOW,India,19,14,9385.38,8913.00,0.000000
IN,WEST BENGAL,KARARI CHANDPUR,India,6,5,1594.00,700.00,0.000000
IN,ANDHRA PRADESH,RAVULAPALEM,India,2,2,886.00,886.00,0.000000
IN,JHARKHAND,JHARIA KHAS,India,3,2,3481.57,2203.00,0.000000
IN,UTTAR PRADESH,JALALABAD MUZAFFARNAGAR DISTRICT,India,2,1,499.00,499.00,0.000000
IN,TAMIL NADU,VADAKKUVALLIYUR,India,8,6,4450.00,3933.00,0.000000
IN,RAJASTHAN,LADNU,India,2,2,1249.00,1249.00,0.000000
IN,KARNATAKA,TURUVEKERE,India,2,2,1133.00,1133.00,0.000000
IN,JHARKHAND,SAUNDA,India,1,1,399.00,399.00,0.000000
IN,TELANGANA,ACHAMPET,India,9,9,8203.29,7469.00,0.000000
IN,UTTAR PRADESH,SANDI,India,1,1,662.00,662.00,0.000000
IN,BIHAR,SONBARSA,India,2,1,749.71,384.00,0.000000
IN,RAJASTHAN,GOTHRA,India,4,4,2585.00,970.00,0.000000
IN,WEST BENGAL,SOUTH 24 PARGANAS,India,5,5,3370.00,3370.00,0.000000
IN,TELANGANA,MEDAK,India,23,23,13797.00,13185.00,0.010000
IN,GUJARAT,ANJAR,India,8,6,3246.00,3246.00,0.000000
CANADA,TX,DALLAS,North America,334,989,310539.99,306387.10,0.150000
IN,MAHARASHTRA,AHMEDNAGAR,India,20,17,14139.52,8914.00,0.010000
IN,TAMIL NADU,KOTTAIYUR,India,1,0,0.00,0.00,0.000000
IN,GOA,KESARVAL,India,1,1,999.00,999.00,0.000000
IN,WEST BENGAL,KOLKATA 700039,India,1,1,376.00,376.00,0.000000
IN,KERALA,PULAMANTHOLE,India,1,1,859.00,859.00,0.000000
IN,TAMIL NADU,PALLADAM,India,2,1,1522.29,788.00,0.000000
IN,KARNATAKA,MANGALURU 575008,India,4,4,2100.00,1002.00,0.000000
IN,UTTAR PRADESH,UNCHAHAR,India,11,12,7765.00,7765.00,0.000000
IN,RAJASTHAN,MERTA ROAD,India,1,0,0.00,0.00,0.000000
IN,KERALA,KURUVATTUR,India,5,5,3161.00,2785.00,0.000000
IN,TELANGANA,KANCHANBAGH  HYDERABAD,India,3,3,2612.00,2612.00,0.000000
IN,HARYANA,HSIIDC SOHNA,India,15,15,8441.14,7436.00,0.000000
IN,MAHARASHTRA,KATOL,India,6,6,4883.00,4883.00,0.000000
IN,UTTAR PRADESH,SHAHABAD HARDOI DISTRICT,India,1,1,1432.00,1432.00,0.000000
IN,WEST BENGAL,DIST- PASCHIM MEDINIPORE,India,1,1,641.00,641.00,0.000000
IN,MAHARASHTRA,NEW MUMBAI,India,1,1,1186.00,1186.00,0.000000
IN,KERALA,"AVINISSERY PO., OLLUR, TRISSUR DISTRICT",India,1,0,0.00,0.00,0.000000
IN,UTTARAKHAND,KARNAPRAYAG,India,1,1,968.00,968.00,0.000000
IN,MAHARASHTRA,TITWALA EAST,India,1,1,690.00,690.00,0.000000
IN,PUNJAB,THARIAL,India,2,2,1114.00,1114.00,0.000000
IN,KERALA,MUTTAM,India,1,1,631.00,631.00,0.000000
IN,KARNATAKA,KOTESHWAR,India,1,1,380.00,380.00,0.000000
IN,MAHARASHTRA,KALYAN W DIST THANE,India,1,1,1268.00,1268.00,0.000000
IN,KARNATAKA,CHIKNAYAKANHALLI,India,2,2,1295.00,1295.00,0.000000
IN,MAHARASHTRA,RAIGARH MH,India,1,1,799.00,799.00,0.000000
IN,WEST BENGAL,BHIMRAM,India,2,0,0.00,0.00,0.000000
IN,KERALA,"ALLAPRA, PERUMBAVOOR",India,1,1,885.00,885.00,0.000000
IN,UTTAR PRADESH,SIKANDRABAD,India,1,1,1186.00,1186.00,0.000000
IN,RAJASTHAN,SAMBHAR,India,2,2,1049.00,1049.00,0.000000
IN,KERALA,"KALOOR, KOCHI",India,1,1,771.00,771.00,0.000000
IN,GUJARAT,AHMEDABAD 380013,India,1,2,1875.00,1875.00,0.000000
IN,UTTAR PRADESH,MANSURPUR,India,1,1,696.00,696.00,0.000000
IN,KARNATAKA,BELTHANGADI,India,1,1,517.00,517.00,0.000000
IN,JHARKHAND,BALUMATH,India,1,1,1112.00,1112.00,0.000000
IN,KERALA,PAPPINIVATTOM,India,3,2,2031.00,2031.00,0.000000
IN,ARUNACHAL PRADESH,BOMDILA,India,1,1,788.00,788.00,0.000000
IN,MAHARASHTRA,THANE(W),India,2,2,1067.00,1067.00,0.000000
IN,KARNATAKA,GULEDGUDDA,India,2,2,399.00,399.00,0.000000
IN,WEST BENGAL,"SABANG, PASCHIM MEDINIPUR",India,1,1,568.00,568.00,0.000000
IN,TAMIL NADU,"PARVATHYNAGAR, OLD PERUNGALATHORE",India,1,1,690.00,690.00,0.000000
IN,TELANGANA,"MIYAPUR ,HYDERABAD",India,1,1,771.00,771.00,0.000000
IN,TAMIL NADU,MECHERI,India,1,1,353.00,353.00,0.000000
IN,PUDUCHERRY,THIRUMALAIRAYAN PATTINAM,India,1,1,382.00,382.00,0.000000
IN,UTTAR PRADESH,GREATER NOIDA(WEST) SECTOR 1,India,1,1,455.00,455.00,0.000000
IN,UTTAR PRADESH,KUNDA,India,1,1,854.00,854.00,0.000000
IN,TELANGANA,MELLACHERUV,India,1,1,376.00,376.00,0.000000
IN,UTTAR PRADESH,OBRA SONEBHADRA,India,2,2,1840.00,1840.00,0.000000
IN,ANDHRA PRADESH,I POLAVARAM,India,1,1,725.00,725.00,0.000000
IN,TAMIL NADU,PERUNDURAI,India,1,1,359.00,359.00,0.000000
IN,WEST BENGAL,JAMURIA,India,1,1,399.00,399.00,0.000000
IN,KERALA,NEAR DISTRICT JAIL,India,1,1,771.00,771.00,0.000000
IN,ANDHRA PRADESH,EAST VIPPARRU,India,1,1,495.00,495.00,0.000000
IN,TAMIL NADU,NEYVELI TOWNSHIP,India,1,1,1099.00,1099.00,0.000000
IN,MAHARASHTRA,THANE-(W),India,1,1,666.00,666.00,0.000000
IN,BIHAR,DAUDNAGAR,India,3,2,1409.00,1409.00,0.000000
IN,JHARKHAND,SINDRI DHANBAD,India,1,0,0.00,0.00,0.000000
IN,WEST BENGAL,PURULIA I,India,2,1,889.62,382.00,0.000000
IN,MAHARASHTRA,VADA,India,8,7,6796.95,5111.00,0.000000
IN,MAHARASHTRA,AAMBY VALLEY,India,7,7,3156.00,3156.00,0.000000
IN,ODISHA,CUTTACK SADAR,India,1,1,824.00,824.00,0.000000
IN,TAMIL NADU,SEITHUR,India,1,1,325.00,325.00,0.000000
IN,UTTAR PRADESH,NOIDANOIDA,India,1,1,521.00,521.00,0.000000
IN,DELHI,ROHINI,India,11,9,6734.05,6135.00,0.000000
IN,MAHARASHTRA,SHAHADA,India,6,4,3506.29,2772.00,0.000000
IN,RAJASTHAN,DHAULPUR,India,7,8,4951.00,4951.00,0.000000
IN,ANDHRA PRADESH,PEDDAPURAM,India,4,4,1872.00,1872.00,0.000000
IN,ODISHA,GARABANDHA,India,2,2,1211.00,1211.00,0.000000
IN,MEGHALAYA,SHILLONG,India,127,116,74495.47,65856.00,0.040000
IN,SIKKIM,SORENG,India,7,5,5178.84,3212.00,0.000000
CANADA,CA,SAN DIEGO,North America,291,840,273970.09,266204.79,0.130000
IN,KERALA,EDAKKODE,India,1,1,699.00,699.00,0.000000
IN,JHARKHAND,DUGDA,India,1,1,399.00,399.00,0.000000
IN,JHARKHAND,GUMLA,India,10,10,6437.00,4162.00,0.000000
IN,KARNATAKA,GUNDLUPET,India,8,7,5124.00,5124.00,0.000000
IN,KERALA,KARUKACHAL,India,3,2,2712.48,2022.00,0.000000
IN,ANDHRA PRADESH,KOTA MANDAL,India,5,2,3570.00,0.00,0.000000
IN,KERALA,THRISSUR,India,270,251,169937.33,149641.00,0.080000
IN,MAHARASHTRA,LONAVALA,India,19,19,10962.00,10394.00,0.010000
IN,TELANGANA,BHONGIR,India,6,5,2362.00,2362.00,0.000000
IN,HARYANA,KUNDLI TDI CITY KINGSBURY,India,1,1,721.00,721.00,0.000000
IN,CHHATTISGARH,BALOD,India,4,2,1526.00,1146.00,0.000000
IN,TELANGANA,ZAHIRABAD,India,10,9,4201.33,3888.00,0.000000
IN,TAMIL NADU,KOIL PALAYAM,India,4,5,4227.00,4227.00,0.000000
IN,UTTAR PRADESH,TANDA RAMPUR DISTRICT,India,1,1,574.00,574.00,0.000000
IN,KARNATAKA,JAMAKHANDI,India,1,1,764.00,764.00,0.000000
IN,CHHATTISGARH,MALKHARODA,India,1,0,0.00,0.00,0.000000
IN,RAJASTHAN,BARMER,India,5,6,4760.00,4760.00,0.000000
IN,JAMMU & KASHMIR,BARAMULA,India,4,4,2645.00,1874.00,0.000000
IN,WEST BENGAL,UTTAR BAGDOGRA,India,24,20,15308.90,12035.00,0.010000
IN,SIKKIM,UPPER TADONG,India,27,27,19463.95,18384.00,0.010000
IN,RAJASTHAN,BARAN,India,6,8,4416.00,4416.00,0.000000
IN,TELANGANA,NAGARKURNOOL,India,7,5,2957.00,2957.00,0.000000
IN,ODISHA,NABARANGAPUR,India,5,4,2652.86,2030.00,0.000000
IN,UTTARAKHAND,NEW TEHRI (BAURARI),India,1,1,607.00,607.00,0.000000
IN,RAJASTHAN,DARIBA,India,4,4,2748.00,2748.00,0.000000
IN,RAJASTHAN,NIWAI,India,1,1,648.00,648.00,0.000000
IN,CHHATTISGARH,RATANPUR,India,1,1,399.00,399.00,0.000000
IN,TAMIL NADU,BATLAGUNDU,India,4,4,2450.00,2450.00,0.000000
IN,TAMIL NADU,THUVAKUDI,India,3,3,1975.00,1975.00,0.000000
IN,MAHARASHTRA,KALAMESHWAR,India,8,9,3763.00,3763.00,0.000000
IN,ANDHRA PRADESH,PARVATHIPURAM,India,9,8,5783.00,5783.00,0.000000
IN,WEST BENGAL,TEHATTA,India,1,1,450.00,450.00,0.000000
IN,CHHATTISGARH,CHHARCHHA,India,1,1,635.00,635.00,0.000000
IN,ANDHRA PRADESH,ANANTAPUR,India,139,131,92071.12,81783.00,0.040000
IN,RAJASTHAN,UDAIPUR,India,188,190,132174.71,121615.00,0.060000
IN,UTTAR PRADESH,PIHANI DIST. HARDOI,India,1,1,292.00,292.00,0.000000
IN,HARYANA,MANESAR PACHGAON,India,1,1,690.00,0.00,0.000000
IN,KERALA,VAIKOM,India,6,6,3403.00,3403.00,0.000000
IN,HARYANA,FARIDABAD,India,761,756,531871.02,483195.00,0.250000
IN,TAMIL NADU,NALLAMPATTI,India,2,2,874.00,442.00,0.000000
IN,KERALA,THALAYOLAPARAMBU,India,1,1,1173.00,1173.00,0.000000
IN,KERALA,PALLAKAD,India,1,1,481.00,481.00,0.000000
IN,UTTAR PRADESH,JARWA ROAD TULSIPUR,India,2,1,771.00,771.00,0.000000
IN,MAHARASHTRA,AMBEPUR,India,1,1,659.00,659.00,0.000000
IN,WEST BENGAL,"LILUAH, HOWRAH",India,1,1,1199.00,1199.00,0.000000
IN,GOA,MARCEL,India,2,2,1035.00,1035.00,0.000000
IN,TAMIL NADU,"ARASU NAGER PC PATTI,THENI",India,1,1,352.00,352.00,0.000000
IN,ANDHRA PRADESH,NTPC SIMHADRI TOWNSHIP,India,6,6,3344.00,1706.00,0.000000
IN,ANDHRA PRADESH,URAVAKONDA,India,3,3,2479.00,2479.00,0.000000
IN,KERALA,KODUR,India,1,1,825.00,825.00,0.000000
IN,TAMIL NADU,MADURAI,India,262,251,151386.87,140120.00,0.070000
UNITED STATES,TX,FORT WORTH,North America,3498,10493,3196419.69,3129825.73,1.500000
AUSTRALIA,CA,LOS ANGELES,Asia-Pacific,166,485,147262.30,146431.47,0.070000
IN,UTTAR PRADESH,SIKANDRA RAO,India,3,2,1141.00,1141.00,0.000000
IN,RAJASTHAN,HANUMANGARH,India,8,7,5570.48,4920.00,0.000000
IN,TELANGANA,METAPALLY,India,9,9,6185.48,5435.00,0.000000
IN,GUJARAT,MANGROL,India,2,2,1501.00,1501.00,0.000000
IN,TELANGANA,SIDDIPET,India,27,23,17331.00,14647.00,0.010000
IN,HARYANA,SHAHBAD,India,5,6,4568.00,4568.00,0.000000
IN,NAGALAND,MOKOKCHUNG,India,3,3,2964.00,2006.00,0.000000
IN,UTTAR PRADESH,KIRAOLI,India,2,1,1442.00,1442.00,0.000000
IN,HARYANA,GARHI HARSARU,India,1,1,969.00,969.00,0.000000
IN,MAHARASHTRA,CHANDVAD,India,2,2,857.00,857.00,0.000000
IN,MAHARASHTRA,MAHABALESHWAR,India,1,2,1823.00,1823.00,0.000000
IN,ASSAM,HOJAI,India,13,16,12422.00,12422.00,0.010000
IN,KERALA,"ERNAKULAM,ALUVA",India,1,1,735.00,735.00,0.000000
IN,KERALA,KURUMPILAVU,India,3,8,5289.00,5289.00,0.000000
IN,MAHARASHTRA,CHIPLUN,India,12,10,6814.00,6814.00,0.000000
IN,UTTAR PRADESH,"CHHIBRAMAU,KANNAUJ",India,3,3,1247.00,1247.00,0.000000
IN,DELHI,BURARI,India,4,1,672.00,292.00,0.000000
IN,UTTAR PRADESH,FATEHGARH,India,8,7,6504.00,6504.00,0.000000
IN,ODISHA,"BERHAMPUR, GANJAM",India,1,1,1238.00,1238.00,0.000000
IN,KARNATAKA,DABBASPET,India,1,0,734.29,0.00,0.000000
IN,CHHATTISGARH,PUSAUR,India,2,1,736.05,377.00,0.000000
IN,MAHARASHTRA,"KASHELI, TALUKA BHIWANDI, DISTRICT THANE",India,1,1,666.00,666.00,0.000000
IN,KERALA,"CHITTUR, PALAKKAD",India,1,1,569.00,569.00,0.000000
IN,HARYANA,SOHNA ROAD,India,1,1,788.00,788.00,0.000000
IN,WEST BENGAL,KALIACHAK,India,1,1,749.00,749.00,0.000000
IN,WEST BENGAL,BAGUIHATI,India,1,1,692.00,692.00,0.000000
IN,ANDHRA PRADESH,NAGULUPPALA PADU,India,1,0,0.00,0.00,0.000000
IN,JHARKHAND,"GOBINDPUR,DHANBAD",India,1,1,459.00,459.00,0.000000
IN,RAJASTHAN,TODABHIM,India,1,1,435.00,435.00,0.000000
IN,ODISHA,PADMAPUR,India,1,1,788.00,788.00,0.000000
IN,TAMIL NADU,METTUPALAYAM,India,2,2,1262.00,1262.00,0.000000
IN,WEST BENGAL,MATHABHANGA,India,1,1,0.00,0.00,0.000000
IN,DADRA AND NAGAR,SILVASS,India,1,1,388.00,388.00,0.000000
IN,KARNATAKA,LINGSUGUR,India,1,1,744.00,744.00,0.000000
IN,MAHARASHTRA,NANDURBAR DISTRICT,India,1,1,788.00,788.00,0.000000
IN,MAHARASHTRA,"TAL-ALIBAG, DIST - RAIGAD, PIN 402201",India,1,1,899.00,899.00,0.000000
IN,TAMIL NADU,HMS COLONY MADURAI,India,1,1,376.00,376.00,0.000000
IN,ODISHA,NUAPADA,India,1,0,0.00,0.00,0.000000
IN,TAMIL NADU,SAMAYAPURAM,India,1,1,744.00,744.00,0.000000
IN,TAMIL NADU,DHALAVOIPURAM,India,1,1,318.00,318.00,0.000000
IN,MAHARASHTRA,PUNE 412207,India,2,2,917.00,917.00,0.000000
IN,DELHI,NEW DELHI 110076,India,1,1,791.00,791.00,0.000000
IN,KERALA,"KOLAZHY P.O, THRISSUR",India,1,1,771.00,771.00,0.000000
IN,TELANGANA,"HANAMKONDA ,WARANGAL",India,1,1,1168.00,1168.00,0.000000
IN,HARYANA,SUKHRALI SEC 17C GURGAON,India,1,1,574.00,574.00,0.000000
IN,PUNJAB,RAYYA,India,1,1,702.00,702.00,0.000000
IN,GUJARAT,VADNAGAR,India,1,1,788.00,788.00,0.000000
IN,HARYANA,JAKHALMANDI,India,1,1,885.00,885.00,0.000000
IN,UTTAR PRADESH,CHAKIA CHANDAULU,India,1,1,885.00,885.00,0.000000
IN,KERALA,"PAYYANUR, KANNUR",India,1,0,1508.57,0.00,0.000000
IN,UTTAR PRADESH,GOSAINGANJ FAIZABAD DISTRICT AYODHYA,India,1,0,0.00,0.00,0.000000
IN,MAHARASHTRA,KHOPOLI-PALI ROAD.MH06,India,1,1,1163.00,1163.00,0.000000
IN,UTTARAKHAND,DWARAHAT,India,2,2,906.00,906.00,0.000000
IN,UTTARAKHAND,BHIMTAL,India,1,1,899.00,899.00,0.000000
IN,TELANGANA,THIMMAPUR KARIMNAGAR DISTRICT,India,1,0,0.00,0.00,0.000000
IN,GUJARAT,SHAMLAJI,India,1,1,725.00,725.00,0.000000
IN,ANDHRA PRADESH,MUSUNURU,India,1,0,0.00,0.00,0.000000
IN,MADHYA PRADESH,BABAI,India,1,1,1432.00,1432.00,0.000000
IN,GUJARAT,ADIPUR,India,1,1,735.00,735.00,0.000000
IN,UTTAR PRADESH,MANIYAR,India,1,1,435.00,435.00,0.000000
IN,ASSAM,KANIHA,India,1,1,1323.00,1323.00,0.000000
IN,TAMIL NADU,THIRUPPARANKUNDRAM,India,1,1,486.00,486.00,0.000000
IN,MAHARASHTRA,"PHONDAGHAT, KANKAVLI",India,1,1,968.00,968.00,0.000000
IN,TAMIL NADU,CHETTIPALAYAM COIMBATORE DISTRICT,India,1,1,429.00,429.00,0.000000
IN,UTTARAKHAND,KIRTINAGAR,India,1,1,359.00,359.00,0.000000
IN,UTTAR PRADESH,"GOPIGANJ  ,BHADOHI",India,1,1,782.00,782.00,0.000000
IN,KARNATAKA,SHEDBAL,India,1,1,301.00,301.00,0.000000
IN,JAMMU & KASHMIR,JAMMU,India,268,247,166736.87,152776.00,0.080000
IN,ODISHA,BOUDH,India,4,4,2482.00,2482.00,0.000000
IN,ASSAM,KAMRUP,India,11,10,4948.00,4948.00,0.000000
IN,MAHARASHTRA,KOHLAPUR,India,2,1,1071.86,549.00,0.000000
IN,CHHATTISGARH,RAJNANDGAON,India,17,13,11389.62,10842.00,0.010000
IN,GUJARAT,GANDIDHAM,India,2,1,496.00,496.00,0.000000
IN,JHARKHAND,BOKARO STEEL CITY,India,94,89,66915.97,62347.00,0.030000
IN,KARNATAKA,PUTTUR,India,30,27,15542.00,14761.00,0.010000
IN,ANDHRA PRADESH,KORUKONDA,India,1,1,940.00,0.00,0.000000
IN,KERALA,KOOTHPARAMBA,India,5,5,1951.00,1951.00,0.000000
IN,GUJARAT,GONDAL,India,9,9,6455.00,6455.00,0.000000
IN,KERALA,MOONNIYUR,India,10,9,6369.48,5070.00,0.000000
IN,KERALA,CHALAKUDY,India,29,30,21928.90,20687.00,0.010000
IN,ASSAM,AZARA,India,1,1,999.00,999.00,0.000000
IN,BIHAR,KISHANGANJ,India,9,7,5845.33,5212.00,0.000000
IN,UTTARAKHAND,NAINITAL,India,20,19,16475.24,14923.00,0.010000
IN,WEST BENGAL,DHANIAKHALI,India,2,1,635.00,635.00,0.000000
IN,KERALA,ERUMAPPETTY,India,1,1,292.00,292.00,0.000000
IN,UTTAR PRADESH,SIDDHAUR,India,1,1,899.00,899.00,0.000000
IN,MANIPUR,IMPHAL TOWN,India,1,1,786.00,786.00,0.000000
IN,ANDHRA PRADESH,ALLAVARAM,India,1,1,561.00,561.00,0.000000
IN,WEST BENGAL,DURGAPUR,India,129,119,83191.73,71431.00,0.040000
IN,TAMIL NADU,SALEM,India,163,148,96241.20,89308.00,0.050000
IN,UTTAR PRADESH,GAUTAM BUDH NAGAR,India,2,2,1134.00,1134.00,0.000000
IN,KERALA,CHIRAKKAL,India,10,6,4750.00,2871.00,0.000000
IN,TELANGANA,PEDDAPALLI DISTRICT,India,2,2,1495.00,1495.00,0.000000
IN,MAHARASHTRA,BHUSAWAL,India,17,16,9429.00,8798.00,0.000000
IN,WEST BENGAL,KOLKATA 700145,India,1,0,361.90,0.00,0.000000
IN,MAHARASHTRA,KAMSHET,India,2,2,1430.00,1430.00,0.000000
IN,ANDHRA PRADESH,CHIMAKURTHY,India,3,2,1109.00,1109.00,0.000000
IN,TAMIL NADU,THANJAVUR,India,60,67,44198.52,41426.00,0.020000
IN,BIHAR,JAMALPUR,India,8,6,4335.81,3872.00,0.000000
IN,KARNATAKA,SIRUGUPPA,India,7,10,5239.00,5239.00,0.000000
IN,RAJASTHAN,SURAJGARH,India,5,5,2723.00,2252.00,0.000000
IN,ODISHA,KHORDA,India,8,8,5982.00,5982.00,0.000000
IN,UTTAR PRADESH,BABARPUR AJITMAL,India,3,3,2127.00,1798.00,0.000000
IN,KERALA,NJARACKAL,India,3,3,2195.00,2195.00,0.000000
IN,MADHYA PRADESH,BADRA,India,3,3,1876.00,1876.00,0.000000
IN,GUJARAT,DAKOR,India,2,2,1827.00,1827.00,0.000000
IN,UTTAR PRADESH,SARENI,India,1,1,563.00,563.00,0.000000
IN,UTTAR PRADESH,GARHMUKTESHWAR,India,19,13,16297.76,8807.00,0.010000
IN,UTTAR PRADESH,MISRIKH CUM NEEMSAR,India,1,1,574.00,574.00,0.000000
IN,ODISHA,HEMGIR,India,1,1,1075.00,1075.00,0.000000
IN,TAMIL NADU,RAJAPALAYAM,India,2,2,1275.00,1275.00,0.000000
IN,KERALA,"KOYILANDY, KOZHIKODE",India,5,9,4992.00,4992.00,0.000000
IN,ODISHA,INDIPUR,India,6,10,6560.00,6560.00,0.000000
IN,ANDHRA PRADESH,IBRAHIMPATNAM,India,15,15,11547.00,10066.00,0.010000
IN,HARYANA,ELLENABAD,India,1,1,595.00,595.00,0.000000
IN,HIMACHAL PRADESH,BHUNTER,India,3,3,2093.00,2093.00,0.000000
IN,TAMIL NADU,PUDUPAKKAM,India,42,42,32429.84,27830.00,0.020000
IN,TAMIL NADU,VELLAKOIL,India,8,7,3620.00,3103.00,0.000000
IN,TRIPURA,KAILASAHAR,India,3,2,1283.14,626.00,0.000000
IN,ODISHA,BALESHWAR,India,34,26,17778.00,16398.00,0.010000
IN,KERALA,AZHIYUR,India,3,3,1976.00,1976.00,0.000000
IN,TAMIL NADU,SIPCOT PERUNDURAI,India,8,3,2596.05,2077.00,0.000000
IN,MAHARASHTRA,BHANDUP MUMBAI,India,1,1,599.00,599.00,0.000000
IN,ANDHRA PRADESH,TADEPALLIGUDEM,India,17,14,10086.00,8873.00,0.000000
IN,GOA,MARGAO,India,106,101,57552.48,52414.00,0.030000
IN,ANDHRA PRADESH,RAYADURG,India,9,9,7744.10,6866.00,0.000000
IN,TELANGANA,TANDUR,India,9,7,5973.29,5339.00,0.000000
IN,ANDHRA PRADESH,MUDINEPALLE,India,4,3,1716.00,1716.00,0.000000
IN,CHANDIGARH,CHANDIGARH,India,304,293,204470.05,191255.00,0.100000
IN,KERALA,UPPALA,India,7,7,4432.00,2396.00,0.000000
IN,ANDHRA PRADESH,NADIM TIRUVURU,India,9,4,2745.95,2065.00,0.000000
IN,UTTARAKHAND,DEHRADUN,India,594,569,402632.48,366397.00,0.190000
IN,MAHARASHTRA,KARAD,India,21,21,12621.00,12621.00,0.010000
IN,KARNATAKA,HOOVINA HADAGALLI,India,3,3,1383.00,1383.00,0.000000
IN,KARNATAKA,"BANNANJE, UDUPI",India,1,1,435.00,435.00,0.000000
IN,TAMIL NADU,"SIRKALI, NAGAPATTINUM (DISTRICT)",India,3,2,3231.95,1186.00,0.000000
IN,GUJARAT,VAPI,India,60,66,47834.00,36102.00,0.020000
IN,MAHARASHTRA,RAMTEK,India,2,1,1350.43,399.00,0.000000
IN,MAHARASHTRA,"THANE, KALWA",India,1,0,0.00,0.00,0.000000
IN,MADHYA PRADESH,PANSEMAL,India,1,1,771.00,771.00,0.000000
IN,KARNATAKA,ITAGI,India,1,0,236.19,0.00,0.000000
IN,KARNATAKA,BELUR,India,4,4,2266.00,2266.00,0.000000
IN,MADHYA PRADESH,TEKANPUR,India,1,1,563.00,563.00,0.000000
IN,MAHARASHTRA,BARSHI,India,5,5,3627.00,3627.00,0.000000
IN,MAHARASHTRA,THANE - MUMBAI,India,1,1,588.00,588.00,0.000000
IN,KARNATAKA,RAGHUNALHI BCMC LAYOUT,India,1,1,376.00,376.00,0.000000
IN,GUJARAT,MUNDRA,India,4,4,2317.00,2317.00,0.000000
IN,ANDAMAN & NICOBAR,FERRARGUNJ,India,10,9,5714.00,5285.00,0.000000
IN,GOA,USGAO,India,4,3,2535.00,2535.00,0.000000
IN,ODISHA,BHUSHAN STEEL PLANT MERAMANDALI TOWNSHIP,India,1,1,749.00,749.00,0.000000
IN,MAHARASHTRA,DOMBIWALI,India,1,1,431.00,431.00,0.000000
IN,UTTAR PRADESH,CHHUTMALPUR,India,2,2,725.00,725.00,0.000000
IN,MADHYA PRADESH,SOHAGPUR,India,3,4,2789.00,2789.00,0.000000
IN,MADHYA PRADESH,KOTMA,India,1,1,499.00,499.00,0.000000
IN,CHHATTISGARH,TILDA,India,1,1,376.00,376.00,0.000000
IN,UTTAR PRADESH,NOIDA 201301,India,1,1,635.00,635.00,0.000000
IN,NEW DELHI,KIRTI NAGAR,India,2,4,1426.00,1426.00,0.000000
IN,CHHATTISGARH,SARANGARH,India,1,1,771.00,771.00,0.000000
IN,UTTAR PRADESH,"BADLAPUR, JAUNPUR",India,1,0,750.48,0.00,0.000000
IN,GUJARAT,"MALPUR ROAD, MODASA",India,3,6,2851.00,2851.00,0.000000
IN,WEST BENGAL,NEAR COUNSELOR HOUSE BASANTI DEY BISWAS,India,1,1,629.00,629.00,0.000000
IN,CHHATTISGARH,LAWAN,India,1,1,654.00,654.00,0.000000
IN,ANDHRA PRADESH,AMADALAVALASA,India,1,1,492.00,492.00,0.000000
IN,HARYANA,BAHADUARGARH,India,1,1,499.00,499.00,0.000000
IN,GUJARAT,MEHSANA,India,2,2,1251.00,1251.00,0.000000
IN,KERALA,KANJIRAMATTOM,India,1,1,280.00,0.00,0.000000
IN,ASSAM,BADARPUR,India,1,1,824.00,824.00,0.000000
IN,MADHYA PRADESH,ALIRAJPUR,India,1,1,292.00,292.00,0.000000
IN,MAHARASHTRA,"RAIGARH, NAVI MUMBAI",India,1,1,413.00,413.00,0.000000
IN,KERALA,"PERINTHALMANNA, MALAPPURAM DT",India,2,3,2954.00,2954.00,0.000000
IN,MAHARASHTRA,KALYAN (E),India,1,0,0.00,0.00,0.000000
IN,ODISHA,BILEIPADA,India,1,1,475.00,475.00,0.000000
IN,ASSAM,KATIGORAH,India,1,1,635.00,635.00,0.000000
IN,GUJARAT,ANKLAV,India,2,2,1286.00,1286.00,0.000000
IN,MAHARASHTRA,DODAMARG,India,1,0,0.00,0.00,0.000000
IN,KARNATAKA,KORAMANGALA BANGALORE,India,1,1,382.00,382.00,0.000000
IN,UTTAR PRADESH,GOLA GOKARANNATH,India,3,3,1947.00,1947.00,0.000000
IN,WEST BENGAL,HAROA,India,1,1,499.00,499.00,0.000000
IN,MAHARASHTRA,TITWALA,India,1,0,319.05,0.00,0.000000
IN,ASSAM,DALGAON,India,1,1,476.00,0.00,0.000000
IN,MAHARASHTRA,"DOMBIVLI,KALYAN",India,1,1,1168.00,1168.00,0.000000
IN,BIHAR,"HABIBPUR,BHAGALPUR",India,1,1,764.00,764.00,0.000000
IN,ASSAM,LAHARIGHAT,India,1,1,1140.00,1140.00,0.000000
IN,MAHARASHTRA,"BORIVALI-WEST, MUMBAI",India,1,1,373.00,373.00,0.000000
IN,TELANGANA,"MEDIPALLY ,HYDERABAD",India,1,1,399.00,399.00,0.000000
IN,MAHARASHTRA,MALKAPUR DIST: BULDHANA,India,1,1,362.00,362.00,0.000000
IN,KERALA,ALAPPUZHA DISTRICT,India,1,0,750.48,0.00,0.000000
IN,ASSAM,DHEKIAJUJI,India,1,1,563.00,563.00,0.000000
IN,TELANGANA,GACHIBOWLI / HYDERABAD,India,1,2,998.00,998.00,0.000000
IN,KARNATAKA,ALNAVAR,India,1,1,376.00,376.00,0.000000
IN,UTTAR PRADESH,NOIDA SECTOR 75,India,1,1,999.00,999.00,0.000000
IN,KERALA,KAYANKULAM,India,1,1,835.00,835.00,0.000000
IN,TAMIL NADU,KAVERIPAKKAM,India,1,1,487.00,487.00,0.000000
IN,BIHAR,WEST CHAMPARAN,India,1,1,749.00,749.00,0.000000
IN,ANDHRA PRADESH,PALLANA GARI PALLI,India,1,1,388.00,388.00,0.000000
IN,KERALA,VATAKARA,India,4,3,1523.00,1523.00,0.000000
IN,RAJASTHAN,JAISALMER,India,8,9,6220.00,6220.00,0.000000
IN,KERALA,MULANTHURUTHY,India,2,2,1951.00,1951.00,0.000000
IN,KERALA,GURUVAYOOR,India,1,1,517.00,517.00,0.000000
IN,MADHYA PRADESH,ITARSI,India,6,6,3789.00,3789.00,0.000000
IN,UTTAR PRADESH,SARDHANA,India,3,3,1851.00,1851.00,0.000000
IN,TAMIL NADU,"PALAYAMKOTTAI ,TIRUNELVELI",India,1,0,856.19,0.00,0.000000
IN,JHARKHAND,SIMDEGA,India,2,2,2294.00,2294.00,0.000000
IN,ANDHRA PRADESH,THALLUR,India,1,1,922.00,922.00,0.000000
IN,PUDUCHERRY,"CHINNAKALAPET, PUDUCHERRY",India,2,2,1531.00,1531.00,0.000000
IN,KERALA,PAZHUVIL WEST,India,1,1,511.00,511.00,0.000000
IN,MAHARASHTRA,PARBHANI,India,16,14,10621.00,9921.00,0.000000
IN,KERALA,MANGATTIDAM,India,4,4,2665.00,2665.00,0.000000
IN,UTTAR PRADESH,SAHATWAR,India,1,1,1399.00,1399.00,0.000000
IN,TAMIL NADU,VILLUPURAM,India,29,37,22986.00,22587.00,0.010000
IN,UTTAR PRADESH,KEWALPUR,India,3,3,1177.00,1177.00,0.000000
IN,TELANGANA,"PHANIGIRI ROAD,CHAITANYAPURI,HYDERABAD",India,2,2,1616.00,1616.00,0.000000
IN,TAMIL NADU,"TIRUPATHUR , TIRUPATTUR DISTRICT",India,1,2,721.00,721.00,0.000000
IN,GOA,CHIMBEL,India,4,4,2655.00,2655.00,0.000000
IN,BIHAR,FORBESGANJ,India,4,4,2234.00,1599.00,0.000000
IN,JHARKHAND,JAMTARA,India,6,6,4062.00,4062.00,0.000000
IN,JHARKHAND,KATHHARA,India,1,1,824.00,824.00,0.000000
IN,ANDHRA PRADESH,PEDAPADU,India,2,1,635.00,635.00,0.000000
IN,KERALA,CHATHANNOOR.,India,1,1,442.00,442.00,0.000000
IN,WEST BENGAL,NORTH 24 PARGANAS,India,19,18,13403.76,11859.00,0.010000
IN,ASSAM,GAURIPUR,India,4,4,2161.00,2161.00,0.000000
IN,MAHARASHTRA,NALLASOPARA(WEST),India,1,1,399.00,399.00,0.000000
IN,RAJASTHAN,"SARDARSHAHAR, CHURU",India,1,1,730.00,730.00,0.000000
IN,TAMIL NADU,ERODE DISTRICT,India,3,2,3563.39,2225.00,0.000000
IN,WEST BENGAL,PURBA BARDHAMAN,India,2,2,885.00,885.00,0.000000
CANADA,CA,LOS ANGELES,North America,314,915,266612.14,261395.10,0.130000
IN,MANIPUR,THOUBAL,India,24,21,18477.00,18477.00,0.010000
IN,GUJARAT,"CHANDKHEDA, AHMEDABAD",India,1,1,399.00,399.00,0.000000
IN,ASSAM,BOKAJAN,India,2,2,939.00,939.00,0.000000
IN,MAHARASHTRA,BADLAPUR WEST,India,5,5,4444.00,4444.00,0.000000
IN,HARYANA,PANIPAT REFINERY TOWNSHIP,India,1,1,999.00,999.00,0.000000
IN,ANDHRA PRADESH,PUTTAPARTHI,India,6,5,3244.00,3244.00,0.000000
IN,UTTAR PRADESH,BULANDSHAHR,India,32,29,19704.00,18421.00,0.010000
IN,MAHARASHTRA,DOMBIVILI,India,6,6,2355.00,2355.00,0.000000
IN,GUJARAT,VALSAD,India,34,30,26261.28,23236.00,0.010000
IN,UTTAR PRADESH,MAHRONI,India,2,2,1974.00,1974.00,0.000000
IN,MAHARASHTRA,CHIKHLI,India,3,3,1344.00,1344.00,0.000000
IN,KERALA,EDAVILANGU,India,2,2,879.00,879.00,0.000000
IN,KERALA,WADAKKANCHERY,India,2,2,1230.00,1230.00,0.000000
IN,ODISHA,"BONDA,BANARPAL",India,1,1,1112.00,1112.00,0.000000
IN,GOA,CHINCHINIM,India,8,7,4096.00,3461.00,0.000000
IN,GUJARAT,MANDVI KACHCHH DISTRICT,India,9,9,6547.00,6547.00,0.000000
CANADA,FL,JACKSONVILLE,North America,279,808,241498.36,235479.61,0.110000
IN,MAHARASHTRA,TALA,India,2,5,4819.00,4819.00,0.000000
IN,TAMIL NADU,TIRUCHENDUR,India,3,3,1879.00,1879.00,0.000000
IN,WEST BENGAL,TAKI,India,1,1,349.00,349.00,0.000000
IN,ANDHRA PRADESH,DHARMAVARAM,India,17,16,10603.57,10095.00,0.000000
IN,DELHI,RASHID MARKET,India,1,1,399.00,399.00,0.000000
IN,WEST BENGAL,UTTAR LATABARI,India,7,6,4410.00,4410.00,0.000000
IN,RAJASTHAN,SUJANGARH,India,4,3,1909.00,1529.00,0.000000
IN,ANDHRA PRADESH,KODUR,India,4,2,379.00,379.00,0.000000
IN,WEST BENGAL,KOLKATA 700104,India,1,1,568.00,568.00,0.000000
IN,KERALA,MANJERI,India,21,20,13230.00,13230.00,0.010000
IN,KARNATAKA,MADHUGIRI,India,1,1,534.00,534.00,0.000000
IN,GOA,ARAMBOL,India,2,2,998.00,998.00,0.000000
IN,WEST BENGAL,KHARDAHA,India,14,10,6785.67,5879.00,0.000000
IN,ODISHA,TALCHER,India,5,4,3110.00,3110.00,0.000000
IN,KERALA,PATTAMBI,India,6,6,3334.00,1895.00,0.000000
IN,TAMIL NADU,KANGAYAMPALAYAM,India,5,4,3213.00,3213.00,0.000000
IN,GUJARAT,HAJIRA,India,4,3,2321.28,1587.00,0.000000
IN,TRIPURA,DUKLI,India,1,1,484.00,484.00,0.000000
IN,KERALA,CHARUMMOODU,India,1,1,599.00,599.00,0.000000
IN,ARUNACHAL PRADESH,CHANGLANG,India,2,2,821.00,821.00,0.000000
IN,WEST BENGAL,PANSKURA,India,1,1,1186.00,1186.00,0.000000
IN,ANDHRA PRADESH,"TADEPALLI, VIJAYAWADA",India,1,2,2198.00,2198.00,0.000000
IN,ANDHRA PRADESH,KURMANNAPALEM,India,1,1,399.00,399.00,0.000000
IN,KARNATAKA,CORAMENDAL POST KGF,India,1,2,602.00,602.00,0.000000
IN,UTTAR PRADESH,KACHHAUNA PATSENI,India,1,0,0.00,0.00,0.000000
IN,MADHYA PRADESH,BHANDER,India,4,3,4166.24,2185.00,0.000000
IN,ANDHRA PRADESH,"NARASARAOPET,GUNTUR DESTRICT",India,3,2,1042.19,0.00,0.000000
IN,MAHARASHTRA,TALEGAON STATION,India,2,2,2079.00,916.00,0.000000
IN,TAMIL NADU,THIKKANAMCODE,India,2,2,1183.00,1183.00,0.000000
IN,JHARKHAND,GOMOH,India,1,1,1075.00,1075.00,0.000000
IN,TAMIL NADU,PATTUKKOTTAI,India,3,4,2925.00,2925.00,0.000000
IN,TELANGANA,"KUKATPALLI, HYDERABAD",India,2,1,496.00,496.00,0.000000
IN,TAMIL NADU,MADUKKUR,India,1,1,316.00,316.00,0.000000
IN,WEST BENGAL,PIARINAGAR,India,2,1,779.00,399.00,0.000000
IN,WEST BENGAL,GOURA,India,1,1,702.00,702.00,0.000000
IN,TELANGANA,"BAGH AMBERPET,HYDERABAD",India,1,1,471.00,471.00,0.000000
IN,BIHAR,ROHTAS,India,2,1,771.00,771.00,0.000000
IN,KARNATAKA,KHANAPUR,India,5,5,4067.00,4067.00,0.000000
IN,MAHARASHTRA,DOMBIVLI(WEST),India,2,2,1680.00,1680.00,0.000000
IN,TAMIL NADU,"URAPAKKAM,KANCHIPURAM",India,1,1,435.00,435.00,0.000000
IN,WEST BENGAL,KOLKATAKOLKATA,India,1,1,725.00,725.00,0.000000
IN,KERALA,PALLIKUNNU (P O),India,1,1,771.00,771.00,0.000000
IN,RAJASTHAN,SWAROOPGANJ,India,1,1,788.00,788.00,0.000000
IN,ORISSA,BHUBANESHWAR,India,1,1,376.00,376.00,0.000000
IN,DELHI,ROHINI SECTOR 23 DELHI,India,1,1,469.00,469.00,0.000000
IN,RAJSTHAN,BHEEM,India,1,1,521.00,521.00,0.000000
IN,BIHAR,ASHIANA NAGAR PATNA,India,1,1,1186.00,1186.00,0.000000
IN,TAMIL NADU,KEELAKARAI,India,1,1,1127.00,1127.00,0.000000
IN,MAHARASHTRA,WAI,India,2,2,1147.00,1147.00,0.000000
IN,KARNATAKA,T NARASIPURA,India,1,1,499.00,499.00,0.000000
IN,TAMIL NADU,"ILAYANGUDI, SIVAGANGAI",India,1,1,725.00,725.00,0.000000
IN,MADHYA PRADESH,BIJURI,India,1,1,788.00,788.00,0.000000
IN,TAMIL NADU,THIRUVARAMBU,India,1,1,791.00,791.00,0.000000
IN,TAMIL NADU,OOTACAMUND THE NILGIRI,India,1,1,432.00,432.00,0.000000
IN,TAMIL NADU,SATHYAMANGALAM ERODE,India,1,1,544.00,544.00,0.000000
IN,KERALA,"VENGINISSERY, THRISSUR",India,1,1,550.00,550.00,0.000000
IN,ANDHRA PRADESH,KONDEPI,India,1,1,355.00,0.00,0.000000
IN,ODISHA,NILAGIRI,India,1,1,399.00,399.00,0.000000
IN,KERALA,THRIKKAKARA,India,1,2,1470.00,1470.00,0.000000
IN,UTTAR PRADESH,SITAPUR,India,38,30,23469.24,22874.00,0.010000
IN,UTTAR PRADESH,ANANDNAGAR,India,2,0,1310.48,0.00,0.000000
IN,MAHARASHTRA,PUNE 411038,India,2,0,0.00,0.00,0.000000
IN,ANDHRA PRADESH,THALLAREVU,India,1,1,758.00,758.00,0.000000
IN,UTTAR PRADESH,OBRA,India,4,5,4076.00,4076.00,0.000000
IN,GOA,ALTO PORVORIM,India,1,1,614.00,614.00,0.000000
IN,NEW DELHI,CITY,India,1,1,432.00,432.00,0.000000
IN,ASSAM,BISWANATH,India,1,1,1075.00,1075.00,0.000000
AUSTRALIA,AZ,PHOENIX,Asia-Pacific,179,541,162135.15,158411.99,0.080000
IN,MAHARASHTRA,SANGLI MIRAJ KUPWAD,India,49,52,33816.81,32885.00,0.020000
IN,TAMIL NADU,ANTHIYUR,India,4,3,1720.00,1720.00,0.000000
IN,MAHARASHTRA,LATUR,India,45,44,27985.86,25416.00,0.010000
IN,MAHARASHTRA,IGATPURI,India,4,3,4944.36,2934.00,0.000000
IN,ARUNACHAL PRADESH,ROING,India,3,3,2372.00,2372.00,0.000000
IN,ANDHRA PRADESH,CHINTALAPUDI,India,3,3,1430.00,1430.00,0.000000
IN,KERALA,TRIKARIPUR,India,1,1,771.00,771.00,0.000000
IN,PUNJAB,JAGRAON,India,8,8,3371.00,3371.00,0.000000
IN,RAJASTHAN,SOJAT CITY,India,2,1,885.00,885.00,0.000000
IN,KERALA,PALA,India,5,4,2384.00,2384.00,0.000000
IN,KARNATAKA,SHIRTHADY,India,1,1,442.00,442.00,0.000000
IN,PUNJAB,SIRHIND,India,4,3,2113.00,2113.00,0.000000
IN,ODISHA,LANJIGARH ROAD,India,3,1,824.00,824.00,0.000000
UNITED KINGDOM,DC,WASHINGTON,Europe,269,793,240188.22,230417.66,0.110000
IN,MAHARASHTRA,"SOPANBAUG, PUNE",India,3,4,2751.00,2751.00,0.000000
IN,KERALA,THRIPRAYAR,India,1,1,469.00,469.00,0.000000
IN,KERALA,CHERTHALACHERTHALA,India,4,3,4204.62,1755.00,0.000000
IN,DELHI,NEW DELHIS,India,1,1,376.00,376.00,0.000000
IN,KERALA,ERNAKULAM (DT),India,1,1,735.00,735.00,0.000000
IN,KARNATAKA,HIREKERUR,India,6,6,2596.00,2596.00,0.000000
IN,TAMIL NADU,OTHAKADAI MADURAI,India,1,0,0.00,0.00,0.000000
IN,TAMIL NADU,ADAMBAKKAM,India,1,1,575.00,575.00,0.000000
IN,BIHAR,SONEPUR,India,5,5,3604.00,3604.00,0.000000
IN,RAJASTHAN,KISHANGARH,India,6,7,5205.00,5205.00,0.000000
IN,MAHARASHTRA,NASHIK 422003,India,2,2,828.00,828.00,0.000000
IN,MAHARASHTRA,"MIRA BHAYANDAR,THANE",India,1,1,1063.00,1063.00,0.000000
IN,GUJARAT,VAGRA,India,1,1,666.00,666.00,0.000000
IN,WEST BENGAL,BHATPARA,India,11,8,5243.00,5243.00,0.000000
IN,UTTARAKHAND,PANTNAGAR,India,3,3,1571.00,1571.00,0.000000
IN,KARNATAKA,SHANIVARSANTE,India,1,1,899.00,899.00,0.000000
IN,CHHATTISGARH,JAGDALPUR,India,27,26,17203.00,16066.00,0.010000
IN,UTTAR PRADESH,SONBHADRA,India,6,7,5805.00,5805.00,0.000000
IN,KERALA,THENHIPPALAM,India,2,2,1474.00,1474.00,0.000000
IN,MANIPUR,IMPHAL EAST,India,15,15,11183.00,11183.00,0.010000
IN,UTTAR PRADESH,SEOHARA,India,2,2,1303.00,567.00,0.000000
IN,RAJASTHAN,SALASAR,India,2,3,2084.00,2084.00,0.000000
IN,UTTAR PRADESH,"DIBIYAPUR,AURAIYA",India,2,2,754.00,754.00,0.000000
IN,TAMIL NADU,PUTHUKDAI,India,1,1,442.00,442.00,0.000000
IN,WEST BENGAL,DHANYAKURIA,India,1,1,499.00,499.00,0.000000
IN,UTTAR PRADESH,ETAH,India,8,7,5190.00,5190.00,0.000000
IN,GOA,P.O BAMBOLIM COMPLEX,India,1,1,459.00,459.00,0.000000
IN,TAMIL NADU,TIRUPPUR,India,77,77,48983.53,46137.00,0.020000
IN,KARNATAKA,MULKI,India,6,6,4362.00,4362.00,0.000000
IN,PUNJAB,BANGA,India,1,1,459.00,459.00,0.000000
IN,KERALA,TRIVANDRUM,India,53,61,38324.29,37214.00,0.020000
IN,KERALA,ALANGAD,India,2,2,1134.00,1134.00,0.000000
IN,MAHARASHTRA,KALAYN,India,2,1,665.00,665.00,0.000000
IN,ASSAM,BORKA,India,1,1,499.00,499.00,0.000000
IN,MAHARASHTRA,BORLI PANCHTAN,India,2,4,2015.00,2015.00,0.000000
IN,UTTARAKHAND,RUDRAPUR,India,36,31,22856.78,19586.00,0.010000
IN,RAJASTHAN,KHAIRTHAL,India,3,3,1955.00,1955.00,0.000000
IN,UTTAR PRADESH,"MILAK, RAMPUR",India,2,2,1490.00,591.00,0.000000
IN,KERALA,PERUMBAIKAD - KOTTAYAM,India,3,4,2935.00,2935.00,0.000000
IN,TAMIL NADU,DINDIGUL,India,26,29,17981.00,17510.00,0.010000
IN,MADHYA PRADESH,DAMOH,India,16,17,13192.00,13192.00,0.010000
IN,BIHAR,NAWADA,India,11,11,10030.00,9559.00,0.000000
IN,HARYANA,MAHAM,India,1,1,1186.00,1186.00,0.000000
IN,KARNATAKA,HAVERI,India,13,11,6394.00,5995.00,0.000000
IN,MAHARASHTRA,BUTIBORI,India,10,9,5406.33,5013.00,0.000000
IN,WEST BENGAL,"BIDHAN NAGAR, KOLKATA- 700102",India,1,1,529.00,529.00,0.000000
IN,TAMIL NADU,EZHUDESAM,India,3,3,1433.00,1017.00,0.000000
IN,GUJARAT,AMALSAD,India,1,1,457.00,457.00,0.000000
IN,MAHARASHTRA,MIRA ROAD.....,India,1,1,771.00,771.00,0.000000
IN,ASSAM,SIVASAGAR,India,2,1,948.00,948.00,0.000000
IN,ODISHA,RANPUR,India,2,1,620.86,318.00,0.000000
IN,RAJASTHAN,JHALAWAR,India,10,10,6080.00,6080.00,0.000000
IN,MAHARASHTRA,MMBAI,India,2,2,706.00,0.00,0.000000
IN,RAJASTHAN,BIJAINAGAR AJMER DISTRICT,India,1,1,788.00,0.00,0.000000
IN,UTTAR PRADESH,GHAZIABADCOUNTY,India,1,1,1112.00,1112.00,0.000000
IN,ANDHRA PRADESH,YSR DISTRICT,India,2,5,3424.00,3424.00,0.000000
IN,HARYANA,NAGAL CHAUDHRY,India,1,1,1099.00,1099.00,0.000000
IN,KERALA,ALANGAD VIA,India,1,1,824.00,824.00,0.000000
IN,TAMIL NADU,SOLAMADEVI TIRUPPUR DISTRICT,India,1,1,376.00,376.00,0.000000
IN,ODISHA,NARLA,India,1,1,549.00,549.00,0.000000
IN,MAHARASHTRA,DOMBIVLI-E,India,1,1,751.00,751.00,0.000000
IN,WEST BENGAL,BHATTANAGAR .LILUAH .HOWRAH,India,1,1,699.00,699.00,0.000000
IN,WEST BENGAL,KOLKATA 700034,India,1,1,518.00,518.00,0.000000
IN,DELHI,"SECTOR - 15 , ROHINI",India,1,1,885.00,885.00,0.000000
IN,BIHAR,NALANDA,India,1,1,725.00,725.00,0.000000
IN,WEST BENGAL,SONARPUR BAZAR,India,1,0,0.00,0.00,0.000000
IN,RAJASTHAN,MEHANDIPUR,India,1,1,1442.00,1442.00,0.000000
IN,TELANGANA,"KOMPALLY , HYD",India,1,1,452.00,452.00,0.000000
IN,MANIPUR,LEIMAKHONG,India,1,1,899.00,899.00,0.000000
IN,TELANGANA,VIKARABAD DIST,India,1,1,435.00,435.00,0.000000
IN,KARNATAKA,KODAMBAL,India,2,2,870.00,0.00,0.000000
IN,KERALA,TRISSURE,India,1,1,517.00,517.00,0.000000
IN,GUJARAT,OKHAPORT,India,1,0,380.00,0.00,0.000000
IN,HIMACHAL PRADESH,PARWANOO,India,4,3,2205.00,2205.00,0.000000
IN,TELANGANA,"HAYATHNAGAR, HYDERABAD",India,1,2,2055.00,2055.00,0.000000
IN,UTTAR PRADESH,FATEHPUR,India,2,2,614.00,614.00,0.000000
IN,WEST BENGAL,JAGATDAL,India,1,1,1099.00,1099.00,0.000000
IN,TAMIL NADU,JAYANKONDAM,India,1,1,279.00,279.00,0.000000
IN,TAMIL NADU,CHENGALPATTU  D.T,India,1,2,2135.00,2135.00,0.000000
IN,WEST BENGAL,"RAJARHAAT , KOLKATA",India,2,3,1378.00,1378.00,0.000000
IN,MADHYA PRADESH,ISAGARH,India,3,3,1462.00,1462.00,0.000000
IN,KERALA,MADAPPALLY,India,1,1,1096.00,1096.00,0.000000
IN,UTTAR PRADESH,PIPRAICH,India,1,1,631.00,631.00,0.000000
IN,KERALA,NILAMBUR KALIKAVU,India,1,1,382.00,382.00,0.000000
IN,TAMIL NADU,COIMB,India,2,2,1338.00,1338.00,0.000000
IN,ASSAM,DULIAJAN NO 1,India,1,1,471.00,471.00,0.000000
IN,HARYANA,KALANWALI,India,1,2,1684.00,1684.00,0.000000
IN,TAMIL NADU,"HARUR (TK), DHARMAPURI (DT).",India,1,1,469.00,469.00,0.000000
IN,PUNJAB,GARDHIWALA,India,1,1,1099.00,1099.00,0.000000
IN,MAHARASHTRA,KHANAPUR,India,1,1,544.00,544.00,0.000000
IN,GUJARAT,MOTI BHOYAN,India,1,1,413.00,413.00,0.000000
IN,MAHARASHTRA,"PEN, DIST : RAIGAD",India,2,2,2372.00,1186.00,0.000000
IN,KERALA,KATTANGAL,India,1,1,376.00,376.00,0.000000
IN,TAMIL NADU,"CHEKKANOORANI, MADURAI",India,1,1,382.00,382.00,0.000000
IN,MAHARASHTRA,LAVASA,India,1,1,339.00,339.00,0.000000
IN,TRIPURA,DINABANDHUNAGAR,India,1,1,487.00,487.00,0.000000
IN,SIKKIM,"GANGTOK, EAST SIKKIM",India,1,1,735.00,735.00,0.000000
IN,UTTAR PRADESH,KARWI CHITRAKOOT,India,1,1,568.00,568.00,0.000000
IN,ODISHA,PARADIP,India,6,5,3729.95,3189.00,0.000000
IN,RAJASTHAN,SURATGARH,India,4,4,1714.00,1714.00,0.000000
IN,UTTARAKHAND,KOTDWARA,India,25,23,19210.00,17692.00,0.010000
IN,ANDHRA PRADESH,KOLIMIGUNDLA,India,1,0,332.38,0.00,0.000000
IN,KERALA,KONDOTTY,India,5,5,2831.00,2831.00,0.000000
IN,CHHATTISGARH,GHARGHODA,India,1,0,0.00,0.00,0.000000
IN,JAMMU & KASHMIR,VIJAYPUR KOULPUR,India,1,1,599.00,599.00,0.000000
IN,ASSAM,SIBSAGAR,India,40,39,27260.00,27260.00,0.010000
IN,JHARKHAND,CHAINPUR,India,2,1,353.00,353.00,0.000000
IN,CHHATTISGARH,NAI LEDRI,India,1,1,852.00,852.00,0.000000
IN,MAHARASHTRA,DOMBIVALI  EAST,India,2,2,1194.00,1194.00,0.000000
IN,ANDHRA PRADESH,TIRUPATI,India,224,217,137968.56,121100.00,0.060000
IN,TAMIL NADU,"NANGANALLUR, CHENNAI",India,2,2,2153.00,2153.00,0.000000
IN,PUNJAB,NAWANSHAHR,India,8,8,4950.00,4950.00,0.000000
IN,UTTAR PRADESH,JAUNPUR,India,38,25,16317.86,12793.00,0.010000
IN,TAMIL NADU,KARAIKKUDI,India,20,17,11392.76,9746.00,0.010000
IN,UTTAR PRADESH,ANPARA,India,7,6,4101.00,4101.00,0.000000
IN,ANDHRA PRADESH,KANEKAL,India,5,5,5106.00,5106.00,0.000000
IN,ASSAM,LEDO,India,1,1,668.00,668.00,0.000000
IN,WEST BENGAL,MALDA,India,52,47,31966.48,26710.00,0.020000
IN,DELHI,DELHI,India,317,307,204812.65,192130.00,0.100000
IN,KARNATAKA,BENGALURU NORTH,India,2,2,2787.00,2787.00,0.000000
IN,KARNATAKA,"VINOBANAGAR,SHIMOGA",India,2,2,597.00,597.00,0.000000
IN,TAMIL NADU,GUMMIDIPOONDI,India,9,8,3831.00,3831.00,0.000000
IN,TELANGANA,SECUNDERABAD-25,India,1,1,735.00,735.00,0.000000
IN,UTTAR PRADESH,NOIDA EXTENSION (GREATER NOIDA WEST),India,1,1,814.00,814.00,0.000000
IN,KERALA,IRINGAPROM,India,3,3,1897.00,1897.00,0.000000
IN,UTTAR PRADESH,DOSTPUR,India,1,1,357.00,357.00,0.000000
IN,TAMIL NADU,PADMANABHAPURAM,India,3,3,2119.00,2119.00,0.000000
IN,MAHARASHTRA,"WARJE, PUNE",India,1,2,634.00,634.00,0.000000
IN,TAMIL NADU,NANDIVARAM GUDUVANCHERI,India,47,44,30488.42,26846.00,0.010000
IN,KERALA,PERINAD,India,5,5,3875.00,3875.00,0.000000
IN,GOA,RIBANDER,India,3,4,2390.00,2390.00,0.000000
IN,ASSAM,BADARPUR RLY TOWN,India,2,1,1523.00,1523.00,0.000000
IN,TAMIL NADU,TIRUVANNAMALAI,India,29,32,18238.95,17638.00,0.010000
IN,KARNATAKA,MUDALGI,India,1,0,694.29,0.00,0.000000
IN,KERALA,"THIRUVALLA, PATHANAMTHITTA",India,3,3,2975.00,1932.00,0.000000
IN,TELANGANA,JALLARAM,India,3,3,3088.00,3088.00,0.000000
IN,JHARKHAND,MUSABANI,India,5,4,3429.00,3429.00,0.000000
IN,ODISHA,JAJPUR ROAD,India,3,2,2965.00,2965.00,0.000000
IN,KERALA,KARUNAGAPPALLY,India,5,6,3692.00,3692.00,0.000000
IN,ANDHRA PRADESH,GOLUGONDA,India,6,1,2018.93,735.00,0.000000
IN,KERALA,KULASEKARAPURAM,India,1,1,798.00,798.00,0.000000
IN,ANDHRA PRADESH,SALUR,India,6,6,3296.00,3296.00,0.000000
IN,MAHARASHTRA,"DEVGAD, SINDHUDURG",India,2,1,399.00,399.00,0.000000
IN,TAMIL NADU,CHENNAI- 600040,India,1,1,499.00,499.00,0.000000
IN,MADHYA PRADESH,GAROTH,India,4,5,2933.00,2933.00,0.000000
IN,PUNJAB,ANANDPUR SAHIB,India,8,8,8297.00,5971.00,0.000000
IN,MAHARASHTRA,AMBARNATH EAST,India,6,6,3853.00,3163.00,0.000000
IN,KERALA,"KUTHUPARAMBA, KANNUR",India,2,5,2902.57,0.00,0.000000
IN,UTTAR PRADESH,SURIYAWAN,India,1,1,481.00,481.00,0.000000
IN,JHARKHAND,GOBINDPUR,India,2,2,975.00,975.00,0.000000
IN,TELANGANA,MANDAMARRI,India,3,3,1344.00,1344.00,0.000000
IN,WEST BENGAL,HARINGHATA FARM,India,5,4,3145.00,3145.00,0.000000
IN,MAHARASHTRA,"PUNE,LOHENGAO",India,1,1,517.00,517.00,0.000000
IN,UTTAR PRADESH,GAUTAM BUDDH NAGAR,India,2,2,2326.00,2326.00,0.000000
IN,MAHARASHTRA,SANGAMESHWAR,India,1,1,399.00,399.00,0.000000
IN,ANDHRA PRADESH,"ITHEPALLI, CHANDRAGIRI",India,1,1,1671.00,1671.00,0.000000
IN,TAMIL NADU,MARAKKANAM,India,2,4,3581.00,449.00,0.000000
IN,MAHARASHTRA,RETHARE BK. TAL KARAD DIST SATARA,India,1,0,647.62,0.00,0.000000
IN,TAMIL NADU,PALAVOOR,India,1,1,517.00,517.00,0.000000
IN,KERALA,AKATHIYOOR,India,1,1,476.00,476.00,0.000000
IN,UTTAR PRADESH,"FAIZABAD, AYODHYA",India,1,1,618.00,618.00,0.000000
IN,KERALA,MADAVOOR PALLIKKAL,India,1,0,380.00,0.00,0.000000
IN,TELANGANA,MAKTHAL,India,1,1,399.00,399.00,0.000000
IN,UTTAR PRADESH,BARHALGANJ,India,3,3,1899.00,1899.00,0.000000
IN,TRIPURA,GAKULPUR,India,2,2,1560.00,1138.00,0.000000
IN,ODISHA,BALIMELA,India,1,1,429.00,429.00,0.000000
IN,ASSAM,"SILCHAR, CACHAR",India,1,0,0.00,0.00,0.000000
IN,KERALA,KOTTARAKARA,India,1,1,292.00,292.00,0.000000
IN,WEST BENGAL,"NEWTOWN, KOLKATA",India,2,2,1086.00,1086.00,0.000000
IN,MAHARASHTRA,SINDKHED RAJA,India,3,3,3184.00,3184.00,0.000000
IN,ASSAM,CHABUA,India,1,1,1099.00,1099.00,0.000000
IN,ODISHA,BASUDEBPUR,India,2,1,1388.00,1388.00,0.000000
IN,KERALA,"VYPIN ,EDAVANAKAD",India,1,1,566.00,566.00,0.000000
IN,UTTAR PRADESH,GR. NOIDA,India,1,1,735.00,735.00,0.000000
IN,KARNATAKA,KOTA,India,1,1,665.00,665.00,0.000000
IN,HIMACHAL PRADESH,GHUMARWIN,India,1,1,1112.00,1112.00,0.000000
IN,BIHAR,JHANJHARPUR,India,1,1,575.00,575.00,0.000000
IN,KARNATAKA,"GUNDLUPET TALOKU,CHAMARAJANAGARA DISTIC",India,2,2,1738.00,1738.00,0.000000
IN,UTTAR PRADESH,"KOSI KALAN , MATHURA",India,1,2,2164.00,2164.00,0.000000
IN,ODISHA,R UDAYAGIRI,India,1,1,969.00,969.00,0.000000
IN,KARNATAKA,AMTADY,India,1,1,725.00,725.00,0.000000
IN,KERALA,CHERUKUNNU (P.O),India,1,0,0.00,0.00,0.000000
IN,ANDHRA PRADESH,RAYACHOTY,India,1,1,899.00,899.00,0.000000
IN,TAMIL NADU,KONAVATTAM,India,2,2,706.00,706.00,0.000000
IN,KERALA,CALICUT KUNNAMANGALAM,India,1,1,463.00,463.00,0.000000
IN,KERALA,PERINTHALMANNA,India,23,19,13591.09,12793.00,0.010000
IN,GOA,CHORAO,India,2,3,1851.00,1851.00,0.000000
IN,DELHI,"MOHAN GARDEN, UTTAM NAGAR,NEW DELHI",India,1,1,560.00,560.00,0.000000
IN,ASSAM,HAFLONG,India,2,2,1040.00,1040.00,0.000000
IN,UTTAR PRADESH,VARANAS,India,1,1,399.00,399.00,0.000000
IN,GUJARAT,AT AND POST NABIPUR .. DIST BHARUCH,India,1,0,1391.12,0.00,0.000000
IN,TAMIL NADU,MARAIMALAINAGAR,India,13,13,8867.00,7467.00,0.000000
IN,GUJARAT,LILIA,India,1,1,325.00,325.00,0.000000
IN,WEST BENGAL,ICHHAPUR,India,2,2,964.00,484.00,0.000000
IN,KARNATAKA,SURATHKAL,India,1,1,999.00,999.00,0.000000
IN,TAMIL NADU,GUDUVANCHERRY,India,1,2,864.00,864.00,0.000000
IN,KERALA,TRIPUNITHURA,India,9,7,6385.85,4683.00,0.000000
AUSTRALIA,OH,COLUMBUS,Asia-Pacific,214,623,180056.91,174238.84,0.080000
IN,KERALA,PALLIKKUNNU,India,16,12,7247.29,4551.00,0.000000
IN,KARNATAKA,TUMAKURU,India,93,92,57872.24,55066.00,0.030000
IN,ANDHRA PRADESH,GOKAVARAM,India,4,5,2648.00,2648.00,0.000000
IN,JAMMU & KASHMIR,NOWSHEHRA,India,1,1,680.00,680.00,0.000000
IN,TELANGANA,JULURUPADU,India,1,1,301.00,301.00,0.000000
IN,KARNATAKA,NARASIMHARAJAPURA,India,3,4,2273.00,2273.00,0.000000
IN,GUJARAT,PALITANA,India,4,3,1683.00,1683.00,0.000000
IN,ODISHA,"VAYASANAGAR, JAJPUR ROAD",India,1,1,1399.00,1399.00,0.000000
IN,KERALA,KANJIKKUZHI,India,1,1,376.00,376.00,0.000000
IN,UTTAR PRADESH,MAU,India,4,4,4435.00,1737.00,0.000000
IN,MAHARASHTRA,JAT,India,1,1,423.00,423.00,0.000000
IN,ANDHRA PRADESH,IRALA,India,1,1,799.00,799.00,0.000000
IN,KARNATAKA,SUNTIKOPPA,India,3,3,1586.00,1099.00,0.000000
IN,HARYANA,NUH,India,2,2,1096.00,1096.00,0.000000
IN,UTTAR PRADESH,JAMUHAN,India,8,8,7758.00,7758.00,0.000000
IN,KARNATAKA,MUNDARGI,India,3,0,0.00,0.00,0.000000
IN,MAHARASHTRA,"VASHI KOPARKHAIRANE ROAD, NAVI MUMBAI",India,1,1,825.00,825.00,0.000000
IN,GUJARAT,"NANA KAPAYA, MUNDRA",India,1,1,329.00,329.00,0.000000
IN,UTTAR PRADESH,GORAKHPUR,India,246,227,167067.11,150063.00,0.080000
IN,MADHYA PRADESH,KHATEGAON,India,3,2,848.00,848.00,0.000000
IN,ODISHA,PURUSOTTAMPUR,India,1,1,399.00,399.00,0.000000
IN,MAHARASHTRA,MIRA RD,India,2,0,0.00,0.00,0.000000
IN,TELANGANA,JOGIPET,India,5,5,2765.00,2765.00,0.000000
IN,ASSAM,DULIAJAN,India,22,24,16406.00,16406.00,0.010000
IN,ANDHRA PRADESH,EAST GODAVARI,India,11,8,8451.95,5300.00,0.000000
IN,KERALA,"VENJARAMOODU, THIRUVANANTHAPURAM",India,1,1,635.00,635.00,0.000000
IN,HARYANA,NARNAUND,India,1,1,399.00,399.00,0.000000
IN,ANDHRA PRADESH,CHITTOOR,India,109,100,68648.56,58276.00,0.030000
IN,ANDHRA PRADESH,WEST GODAVARI,India,4,5,3308.00,2873.00,0.000000
IN,GOA,ONDA,India,2,1,1170.86,648.00,0.000000
IN,GUJARAT,CHANGODAR GIDC,India,3,3,2317.00,2317.00,0.000000
IN,ANDHRA PRADESH,RAMACHANDRAPURAM,India,3,3,2039.00,551.00,0.000000
IN,GOA,"ALTO PORVORIM,",India,1,1,696.00,696.00,0.000000
IN,TAMIL NADU,"ANNAMALAI NAGAR, CHIDAMBARAM",India,1,1,1127.00,1127.00,0.000000
IN,MAHARASHTRA,LANJA,India,1,1,1349.00,1349.00,0.000000
IN,KARNATAKA,BELLARY,India,17,17,7900.00,7900.00,0.000000
IN,HARYANA,REWARI,India,56,51,40342.29,36483.00,0.020000
IN,JHARKHAND,BALIAPUR,India,4,1,788.00,788.00,0.000000
IN,TAMIL NADU,MELMARUVATHUR,India,1,1,751.00,751.00,0.000000
IN,UTTAR PRADESH,VARANAI,India,1,1,273.00,273.00,0.000000
IN,KARNATAKA,"YELAHANKA, BANGALORE",India,1,1,459.00,459.00,0.000000
IN,TRIPURA,WEST TRIPURA,India,4,5,2682.00,2682.00,0.000000
IN,MADHYA PRADESH,DHANA,India,1,1,399.00,399.00,0.000000
IN,DELHI,EAST DELHI,India,51,46,34666.09,33288.00,0.020000
IN,TAMIL NADU,KANCHIPURAM DISTRICT,India,5,4,1660.57,1332.00,0.000000
IN,GOA,NORTH GOA,India,27,29,19772.00,18265.00,0.010000
IN,MAHARASHTRA,"SHIRGAON, BADLAPUR EAST",India,2,3,2436.00,2436.00,0.000000
IN,KARNATAKA,MANIPAL,India,12,15,10848.00,10024.00,0.010000
IN,TAMIL NADU,HOSUR / KRISHNAGIRI DISTRICT,India,1,1,376.00,376.00,0.000000
IN,ASSAM,LANKA,India,3,3,1764.00,1764.00,0.000000
IN,TAMIL NADU,"KALAIYARKOIL, SIVAGANGA DISTRICT",India,1,0,0.00,0.00,0.000000
IN,MAHARASHTRA,BARAMATI,India,21,18,11800.71,10009.00,0.010000
IN,PUDUCHERRY,MUTHIALPET,India,1,1,999.00,999.00,0.000000
IN,TELANGANA,YELLANDU,India,6,5,3640.00,3640.00,0.000000
IN,UTTAR PRADESH,HASTINAPUR,India,2,2,379.00,379.00,0.000000
IN,KERALA,"ARYANAD,TRIVANDRUM",India,2,2,1886.00,1886.00,0.000000
IN,MADHYA PRADESH,JHABUA,India,6,7,3670.00,3670.00,0.000000
IN,WEST BENGAL,DEBRA,India,8,8,3363.00,3363.00,0.000000
IN,TELANGANA,"NIZAMPET VILLAGE, RANGA REDDY DISTRICT, HYDERABAD",India,3,3,1382.00,1382.00,0.000000
IN,UTTAR PRADESH,HASANPUR,India,2,2,1259.00,1259.00,0.000000
IN,TAMIL NADU,MOOLAVAIKKAL,India,2,1,673.57,345.00,0.000000
IN,KERALA,MANNARKAD,India,9,10,4832.00,4832.00,0.000000
IN,UTTAR PRADESH,KANPUR DEHAT,India,1,0,0.00,0.00,0.000000
IN,TAMIL NADU,SARCARSAMAKULAM,India,8,7,4674.00,4674.00,0.000000
IN,MADHYA PRADESH,ASHTA,India,2,2,1742.00,1742.00,0.000000
IN,MADHYA PRADESH,GADARWARA,India,7,7,3712.00,3712.00,0.000000
IN,HARYANA,HANSI,India,7,8,5054.00,5054.00,0.000000
IN,MADHYA PRADESH,SAUSAR,India,5,4,2284.48,1534.00,0.000000
IN,MAHARASHTRA,JAWHARNAGAR,India,3,2,1891.81,1428.00,0.000000
IN,MAHARASHTRA,DOMBIVLI(E),India,2,2,945.00,945.00,0.000000
IN,DELHI,"MAHAVIR ENCLAVE,DELHI",India,1,1,696.00,696.00,0.000000
IN,UTTAR PRADESH,TUNDLA KHAM,India,9,8,4391.00,4011.00,0.000000
IN,KERALA,ERATTAYAR,India,4,1,612.00,612.00,0.000000
IN,MADHYA PRADESH,BINA,India,6,6,5787.00,4675.00,0.000000
IN,ODISHA,BALIPATNA,India,2,1,876.62,449.00,0.000000
IN,MAHARASHTRA,PIRANGUT,India,21,21,12652.00,11783.00,0.010000
CANADA,TX,AUSTIN,North America,309,907,279884.06,263237.28,0.130000
IN,KARNATAKA,KOGNOLI,India,1,1,471.00,471.00,0.000000
IN,UTTAR PRADESH,KEMRI,India,1,1,382.00,382.00,0.000000
IN,UTTAR PRADESH,DISTT SHAMLI,India,2,1,1099.00,1099.00,0.000000
IN,WEST BENGAL,DHULIYAN,India,1,1,376.00,376.00,0.000000
IN,WEST BENGAL,MANGALBARI,India,1,1,631.00,631.00,0.000000
IN,GOA,OLAULIM POMBURPA,India,1,1,311.00,311.00,0.000000
IN,RAJASTHAN,RAJGARH CHURU DISTRICT,India,1,2,2372.00,2372.00,0.000000
IN,MAHARASHTRA,PIMPRI - CHINCHWAD,India,1,1,680.00,680.00,0.000000
IN,MAHARASHTRA,"NAVI MUMBAI,THANE",India,3,1,571.00,571.00,0.000000
IN,MAHARASHTRA,HADGAON,India,2,2,974.00,487.00,0.000000
IN,TAMIL NADU,TANJAVUR,India,2,2,946.00,946.00,0.000000
IN,MADHYA PRADESH,"JABALPUR, MADHYA PRADESH",India,1,1,389.00,389.00,0.000000
IN,RAJASTHAN,HANUMANGARH JUNCTION,India,1,1,625.00,625.00,0.000000
IN,UTTAR PRADESH,GHAZIABADLPI,India,1,1,582.00,582.00,0.000000
IN,ANDHRA PRADESH,KADAPA,India,82,76,48552.86,42172.00,0.020000
IN,TELANGANA,HUZURABAD,India,5,5,3555.00,3555.00,0.000000
IN,GUJARAT,"VERAVAL, DIST- GIR SOMNATH",India,1,1,1163.00,1163.00,0.000000
IN,KERALA,CHENGAMANAD P O 683578,India,2,2,2281.48,0.00,0.000000
IN,ODISHA,RAYAGADA RAYAGADA DISTRICT,India,17,16,12778.00,12778.00,0.010000
IN,TELANGANA,PALAKURTHY,India,1,1,399.00,399.00,0.000000
IN,KARNATAKA,BENGALOORU,India,1,1,379.00,379.00,0.000000
IN,WEST BENGAL,PURBA MEDINIPUR,India,1,1,709.00,709.00,0.000000
IN,TELANGANA,HYDERABA,India,2,3,2332.00,2332.00,0.000000
IN,WEST BENGAL,KOLKATA SOUTH 24 PARAGANA,India,1,1,696.00,696.00,0.000000
IN,MADHYA PRADESH,"VINDHYANAGAR, SINGRAULI",India,4,4,1808.00,1808.00,0.000000
IN,MAHARASHTRA,KAGAL,India,3,3,1667.00,1667.00,0.000000
IN,WEST BENGAL,KAKDIHI,India,1,1,825.00,825.00,0.000000
IN,RAJASTHAN,BARAM,India,1,1,771.00,771.00,0.000000
IN,JAMMU & KASHMIR,REASI,India,4,3,1535.00,835.00,0.000000
IN,KARNATAKA,KOPPAL,India,18,14,8743.00,8743.00,0.000000
IN,KERALA,ATHIYANNUR,India,5,4,1679.00,1679.00,0.000000
IN,KERALA,NORTH CHALAKUDY,India,1,0,452.38,0.00,0.000000
IN,WEST BENGAL,MEJIA THERMAL POWER TOWNSHIP,India,4,4,3102.00,3102.00,0.000000
IN,UTTAR PRADESH,NAI BAZAR,India,2,1,517.00,517.00,0.000000
IN,KERALA,EDAPALLY,India,11,13,9157.00,6390.00,0.000000
IN,TELANGANA,UTNUR,India,1,1,645.00,645.00,0.000000
IN,MAHARASHTRA,PUNE 411006,India,1,0,0.00,0.00,0.000000
IN,DELHI,NEW DELHI 41,India,1,1,574.00,574.00,0.000000
IN,ASSAM,DHEMAJI,India,13,12,9785.00,8706.00,0.000000
IN,HARYANA,KARNAL,India,58,60,43133.00,40487.00,0.020000
IN,GUJARAT,UCHCHHAL,India,1,0,0.00,0.00,0.000000
IN,UTTARAKHAND,BAGESHWAR,India,10,9,5708.10,4830.00,0.000000
IN,TAMIL NADU,GANAPATHIPURAM,India,5,4,2028.00,2028.00,0.000000
IN,TAMIL NADU,CHENGAM,India,3,3,1309.00,1309.00,0.000000
IN,TAMIL NADU,ALANTHURAI,India,9,11,9985.00,9985.00,0.000000
IN,KERALA,SOUTH KALAMASSERY,India,1,1,457.00,457.00,0.000000
IN,ASSAM,GUWAHATI,India,708,666,444421.65,411467.00,0.210000
IN,ANDHRA PRADESH,PALACODERU,India,6,3,4267.92,2259.00,0.000000
INDIA,NY,NEW YORK,Global,758,2234,697041.16,666735.54,0.330000
IN,ANDHRA PRADESH,YELAMANCHILI,India,7,6,3785.00,3785.00,0.000000
IN,UTTAR PRADESH,MIRZAPUR,India,6,5,3470.00,1947.00,0.000000
IN,MADHYA PRADESH,BADNAGAR,India,1,1,626.00,626.00,0.000000
IN,WEST BENGAL,DOGACHHIA BARDDHAMAN DISTRICT,India,1,1,788.00,788.00,0.000000
IN,GUJARAT,JETPUR GUJARAT,India,1,1,696.00,696.00,0.000000
IN,TELANGANA,SAROORNAGAR RR DISTRICT,India,1,2,1120.00,1120.00,0.000000
IN,TAMIL NADU,KANIYUR TIRUPPUR DISTRICT,India,1,1,471.00,471.00,0.000000
IN,KARNATAKA,YESHWANTHPUR BANGALORE,India,1,2,1712.00,1712.00,0.000000
IN,DADRA AND NAGAR,NANI DAMAN,India,2,2,710.00,710.00,0.000000
IN,PUNJAB,TALWARA,India,2,2,1249.00,1249.00,0.000000
IN,TAMIL NADU,MAILLADUDURAI,India,1,1,442.00,442.00,0.000000
IN,KARNATAKA,GURMATKAL,India,3,0,437.14,0.00,0.000000
IN,MAHARASHTRA,"BEHIND GANESH TEMPLE, CIVIL LINE, CHANDRAPUR",India,1,1,1399.00,1399.00,0.000000
IN,WEST BENGAL,SERAMPORE (HOOGHLY),India,1,1,382.00,382.00,0.000000
IN,ANDHRA PRADESH,NELLORE(DT),India,1,1,442.00,442.00,0.000000
IN,KERALA,KALPETTA WAYANAD,India,1,1,487.00,487.00,0.000000
IN,WEST BENGAL,"ULUBERIA, HOWRAH",India,1,1,301.00,301.00,0.000000
IN,KERALA,UNIVERSITY,India,1,1,771.00,771.00,0.000000
IN,KERALA,CHOORNIKKARA,India,1,1,574.00,574.00,0.000000
IN,UTTAR PRADESH,MIRZAPUR CHITAVANPUR,India,1,1,399.00,399.00,0.000000
IN,UTTAR PRADESH,JALAUN,India,1,1,788.00,788.00,0.000000
IN,KERALA,KALARCODE,India,2,2,416.00,416.00,0.000000
IN,HIMACHAL PRADESH,DURAH,India,1,1,471.00,471.00,0.000000
IN,UTTAR PRADESH,"MADHU VIHAR, LUCKNOW KANPUR HIGHWAY",India,1,1,399.00,399.00,0.000000
IN,KARNATAKA,DAVANGERE-577004,India,1,1,399.00,399.00,0.000000
IN,KERALA,NHANGATTIRI,India,1,1,635.00,635.00,0.000000
IN,MADHYA PRADESH,SENDHWA,India,5,3,2169.00,2169.00,0.000000
IN,MAHARASHTRA,NALASOPARA,India,1,1,852.00,852.00,0.000000
IN,UTTAR PRADESH,GAZIABAD,India,1,1,569.00,569.00,0.000000
IN,TAMIL NADU,NAGOJANAHALLI,India,3,2,1371.00,1371.00,0.000000
IN,ANDHRA PRADESH,APIIC TADA,India,2,2,784.00,435.00,0.000000
IN,KERALA,MANAKUNNAM,India,3,2,2263.48,1573.00,0.000000
IN,UTTAR PRADESH,DHANAURA,India,3,2,2187.00,2187.00,0.000000
IN,TAMIL NADU,VEDARANYAM,India,1,1,791.00,791.00,0.000000
IN,TAMIL NADU,KAILASAGIRI,India,2,1,1009.38,517.00,0.000000
IN,NEW DELHI,NANGLOI,India,1,1,518.00,518.00,0.000000
IN,AR,ITANAGAR,India,1,1,493.00,493.00,0.000000
IN,PUDUCHERRY,VILLIANUR TALUK,India,2,2,1600.00,1600.00,0.000000
IN,WEST BENGAL,"KHARAGPUR, PASCHIM MIDNAPUR",India,1,1,495.00,495.00,0.000000
IN,HARYANA,FARIDABAD-121004,India,1,1,1112.00,1112.00,0.000000
IN,KERALA,KALADY,India,1,1,725.00,725.00,0.000000
IN,JHARKHAND,RAMGARH CANTONMENT,India,1,1,736.00,736.00,0.000000
IN,JAMMU & KASHMIR,"KATRA, DISTRICT REASI",India,1,1,631.00,631.00,0.000000
IN,RAJASTHAN,FATEHNAGAR,India,1,2,832.00,832.00,0.000000
IN,MAHARASHTRA,VASHI,India,1,1,625.00,625.00,0.000000
IN,MAHARASHTRA,"BORIVALI (W), MUMBAI",India,1,1,786.00,786.00,0.000000
IN,KERALA,"THIRUVALLA , PATHANAMTHITTA (DISTRICT)",India,1,1,376.00,376.00,0.000000
IN,KERALA,SULTHAN BATHERI,India,2,2,1406.00,1406.00,0.000000
IN,KERALA,"PENNUKKARA,CHENGANNUR,ALAPPUZHA",India,2,2,729.00,729.00,0.000000
IN,WEST BENGAL,"KOLKATA, INDIA",India,1,1,399.00,399.00,0.000000
IN,HIMACHAL PRADESH,TOTU,India,1,0,0.00,0.00,0.000000
IN,UTTAR PRADESH,MAIGAL GANJ,India,1,1,574.00,574.00,0.000000
IN,TELANGANA,SECUNDERABAD,India,567,560,374647.95,338306.00,0.180000
IN,UTTAR PRADESH,KATHAURA,India,5,4,2969.29,2335.00,0.000000
IN,TAMIL NADU,AVINASHI,India,5,5,2565.00,2133.00,0.000000
IN,ANDHRA PRADESH,ANANTAPALLI,India,2,1,1191.95,771.00,0.000000
IN,BIHAR,SHERGHATI,India,3,3,1452.00,981.00,0.000000
IN,RAJASTHAN,POKARAN,India,3,3,1683.00,1092.00,0.000000
IN,GOA,"BAIGUINIM, OLD GOA",India,1,1,984.00,984.00,0.000000
IN,TAMIL NADU,VENNANDUR,India,1,1,626.00,626.00,0.000000
IN,UTTAR PRADESH,LONI GHAZIABAD,India,1,1,1088.00,1088.00,0.000000
IN,KERALA,KUNNAMKULAM,India,15,15,10041.00,8910.00,0.000000
IN,RAJASTHAN,PILANI TOWN,India,15,14,10828.00,10828.00,0.010000
IN,TELANGANA,CHIRCH COMPOND,India,1,1,475.00,475.00,0.000000
IN,WEST BENGAL,BANKURA.,India,1,1,653.00,653.00,0.000000
IN,MAHARASHTRA,MUMBAI 40064,India,1,1,499.00,499.00,0.000000
IN,MEGHALAYA,JOWAI,India,10,9,6179.29,5445.00,0.000000
IN,WEST BENGAL,HAORA,India,8,7,5187.24,3123.00,0.000000
IN,MAHARASHTRA,MUMBAI-400066,India,1,1,718.00,718.00,0.000000
IN,RAJASTHAN,TARANAGAR,India,7,4,7303.57,4735.00,0.000000
IN,JAMMU & KASHMIR,JAMMUJAMMU,India,1,0,0.00,0.00,0.000000
IN,MAHARASHTRA,"THAKURLI EAST,KALYAN",India,2,2,545.00,545.00,0.000000
IN,ANDHRA PRADESH,NAGALAPURAM,India,1,1,735.00,735.00,0.000000
IN,KERALA,PUTHENPALLY; GURUVAYOOR,India,1,1,353.00,353.00,0.000000
IN,MAHARASHTRA,"KANDIVALI (W), MUMBAI",India,1,0,463.81,0.00,0.000000
IN,KERALA,OTHUKKUNGAL,India,3,6,2647.00,2647.00,0.000000
IN,KERALA,CHERPU,India,3,4,3468.00,3468.00,0.000000
IN,ANDHRA PRADESH,GOOTY,India,7,6,2735.00,2735.00,0.000000
IN,JAMMU & KASHMIR,REHAMBAL,India,4,5,2376.00,2376.00,0.000000
IN,MEGHALAYA,TURA,India,37,35,26911.05,21358.00,0.010000
IN,KERALA,CHIRAYANKIL,India,1,1,459.00,459.00,0.000000
IN,ANDHRA PRADESH,SANIVARAPUPETA,India,4,4,2600.00,2600.00,0.000000
IN,HARYANA,GREATER FARIDABAD,India,3,3,1945.00,1945.00,0.000000
IN,PUNJAB,NABHA,India,6,6,3516.00,3516.00,0.000000
IN,WEST BENGAL,NANDIGRAM,India,1,1,399.00,399.00,0.000000
IN,WEST BENGAL,GARULIA,India,8,6,7178.24,5238.00,0.000000
IN,TAMIL NADU,MANALMEDU,India,3,6,4369.00,4369.00,0.000000
IN,ANDHRA PRADESH,PORUMAMILLA,India,1,1,435.00,435.00,0.000000
IN,DELHI,UTTAM NAGAR,India,3,3,2432.00,2432.00,0.000000
IN,KERALA,PAPPANAMCODE THIRUVANANTHAPURAM,India,2,2,1450.00,1450.00,0.000000
IN,WEST BENGAL,PASCHIM MEDINIPUR,India,5,5,2259.00,1902.00,0.000000
IN,KERALA,PANANGAD THRISSUR DISTRICT,India,1,1,771.00,771.00,0.000000
IN,KARNATAKA,HULIYAR,India,1,1,627.00,627.00,0.000000
IN,CHHATTISGARH,"BUDHUWARI , KORBA",India,1,1,1068.00,1068.00,0.000000
IN,GOA,MADGOAN,India,1,1,735.00,735.00,0.000000
IN,WEST BENGAL,"KIDDERPORE, KOLKATA,",India,1,1,788.00,788.00,0.000000
IN,MADHYA PRADESH,MORENA,India,16,19,11094.00,11094.00,0.010000
IN,KARNATAKA,HD KOTE,India,2,2,1616.00,1616.00,0.000000
IN,HARYANA,FARIDABAD MY FIRST FLOOR,India,1,1,1126.00,1126.00,0.000000
IN,ANDHRA PRADESH,DUVVUR,India,2,1,852.00,852.00,0.000000
IN,UTTAR PRADESH,MAHARAJGANJ,India,4,5,3772.00,3772.00,0.000000
IN,TAMIL NADU,ATHUR THOOTHUKKUDI DISTRICT,India,2,1,855.00,855.00,0.000000
IN,TAMIL NADU,PERAMBAKKAM,India,5,2,669.00,669.00,0.000000
IN,UTTAR PRADESH,KULPAHAR,India,1,0,0.00,0.00,0.000000
IN,KERALA,MORAZHA,India,1,1,735.00,735.00,0.000000
IN,KERALA,CHOCKLI,India,8,7,4086.00,3710.00,0.000000
IN,WEST BENGAL,RISHRA,India,14,14,10028.81,8829.00,0.000000
IN,GUJARAT,NAVSARI,India,52,48,30758.32,24138.00,0.010000
IN,UTTAR PRADESH,MATHURA,India,85,82,54698.10,45608.00,0.030000
IN,MAHARASHTRA,DAPOLI CAMP,India,2,2,1378.00,1378.00,0.000000
IN,UTTAR PRADESH,"GREATER NOIDA WEST ,GAUTAM BUDH NAGAR",India,2,2,1055.00,1055.00,0.000000
IN,MADHYA PRADESH,MANGALYA,India,4,4,3067.00,3067.00,0.000000
IN,ASSAM,DIBRUGARH,India,64,62,36484.24,33311.00,0.020000
IN,GUJARAT,JALALPORE,India,2,2,521.00,521.00,0.000000
IN,HIMACHAL PRADESH,UNA,India,14,12,7235.25,5874.00,0.000000
IN,MAHARASHTRA,BALAPUR MIDC,India,1,1,0.00,0.00,0.000000
IN,KERALA,KOVALAM,India,13,15,6987.00,6030.00,0.000000
IN,UTTAR PRADESH,VARANASIVARANASI,India,3,3,2295.00,2295.00,0.000000
IN,MAHARASHTRA,AMBARNATH,India,95,95,61189.43,56842.00,0.030000
IN,MADHYA PRADESH,RAGHOGARH,India,7,8,4292.00,3098.00,0.000000
IN,KERALA,ALAPPUZHA HARIPPAD,India,1,1,735.00,735.00,0.000000
IN,BIHAR,GAYA,India,66,64,47248.00,45839.00,0.020000
IN,ANDHRA PRADESH,GUNTAKAL,India,15,17,10247.00,10247.00,0.000000
IN,HIMACHAL PRADESH,DHARAMSALA,India,2,2,1008.00,1008.00,0.000000
IN,UTTAR PRADESH,NAGINA,India,3,3,2333.00,1334.00,0.000000
IN,KERALA,"CALICUT,PIN-673008",India,2,0,1902.86,0.00,0.000000
IN,MAHARASHTRA,GANGAPUR,India,1,1,1432.00,1432.00,0.000000
IN,ASSAM,RANGAPARA,India,3,3,2052.00,2052.00,0.000000
IN,TAMIL NADU,"TRIPLICANE,CHENNAI",India,1,1,962.00,962.00,0.000000
IN,MAHARASHTRA,"KENWAD, MALEGAON JAHAGIR",India,1,2,724.00,724.00,0.000000
IN,MAHARASHTRA,"PIMPRI, PUNE",India,2,2,1381.00,1381.00,0.000000
IN,KERALA,CHANNANKARA THIRUVANANTHAPURAM DISTRICT,India,1,0,0.00,0.00,0.000000
IN,MAHARASHTRA,"NEW PANVEL, NAVI MUMBAI",India,2,2,1650.00,1650.00,0.000000
IN,MAHARASHTRA,NEVASA,India,2,1,329.00,329.00,0.000000
IN,TAMIL NADU,PERIYAKODIVERI,India,1,1,299.00,299.00,0.000000
IN,MAHARASHTRA,GHANSOLI GAON,India,1,1,1166.00,1166.00,0.000000
IN,MAHARASHTRA,"PIMPLE SAUDAGAR,  PUNE",India,1,0,595.24,0.00,0.000000
IN,JAMMU & KASHMIR,PAMPORA,India,1,1,1432.00,1432.00,0.000000
IN,MAHARASHTRA,BAIF ROAD WAGHOLI PUNE,India,1,1,518.00,518.00,0.000000
IN,MAHARASHTRA,KURLA WEST MUMBAI,India,1,2,914.00,914.00,0.000000
IN,KARNATAKA,BANGALORE URBAN,India,1,3,3404.00,3404.00,0.000000
IN,JHARKHAND,NIRSA,India,2,2,1620.00,1620.00,0.000000
IN,UTTAR PRADESH,TARUN,India,1,0,0.00,0.00,0.000000
IN,KERALA,"MALA,THRISSUR",India,2,1,671.00,671.00,0.000000
IN,BIHAR,MURLIGANJ,India,2,2,1834.00,1834.00,0.000000
IN,ANDHRA PRADESH,NANDHALURU,India,1,1,771.00,771.00,0.000000
IN,MAHARASHTRA,SHELAR BHIWANDI,India,1,1,569.00,569.00,0.000000
IN,MAHARASHTRA,"GAHUNJE, PUNE",India,1,1,788.00,788.00,0.000000
IN,BIHAR,NAGARBASTI,India,1,0,662.86,0.00,0.000000
IN,PUNJAB,SHAHKOT,India,2,2,871.00,871.00,0.000000
IN,ANDHRA PRADESH,SECUNDERABAD,India,2,2,1128.00,1128.00,0.000000
IN,CHHATTISGARH,DONGARGARH,India,3,3,1840.00,1840.00,0.000000
IN,TAMIL NADU,ARCOT,India,5,5,1773.00,1773.00,0.000000
IN,KERALA,"ERNAKULAM, KOCHI",India,1,1,824.00,824.00,0.000000
IN,KERALA,MULLASSERY,India,1,2,891.00,891.00,0.000000
IN,TELANGANA,C.C.C NASPUR,India,1,1,581.00,581.00,0.000000
IN,PUNJAB,MANDI GOBINDGARH,India,1,1,627.00,627.00,0.000000
IN,BIHAR,SADHA KHEMAJI TOLA CHAPRA,India,1,1,534.00,534.00,0.000000
IN,MADHYA PRADESH,SIRALI,India,2,0,1201.90,0.00,0.000000
IN,TAMIL NADU,ACHARAPAKKAM,India,1,1,523.00,523.00,0.000000
IN,MAHARASHTRA,"AIROLI, NAVIMUMBAI",India,1,1,799.00,799.00,0.000000
IN,MAHARASHTRA,DHARNI,India,1,1,435.00,435.00,0.000000
IN,MADHYA PRADESH,MEHIDPUR ROAD,India,1,1,376.00,376.00,0.000000
IN,TELANGANA,CHINNAKODUR,India,1,0,0.00,0.00,0.000000
IN,MAHARASHTRA,DHARANGAON DIST JALGAON,India,1,1,603.00,603.00,0.000000
IN,UTTARAKHAND,HALDWANI DISTRICT NAINITAL,India,1,1,1099.00,1099.00,0.000000
IN,KERALA,KONGORPILLY,India,1,1,441.00,441.00,0.000000
IN,MAHARASHTRA,MUMBAI,India,6572,6576,4293210.16,3954578.00,2.020000
IN,PUNJAB,PHILLAUR,India,5,6,3557.00,3557.00,0.000000
IN,RAJASTHAN,RUPBAS,India,2,1,759.00,0.00,0.000000
IN,ASSAM,CHANGSARI,India,3,3,2640.00,2640.00,0.000000
IN,ASSAM,DIST - DIBRUGARH,India,4,2,3730.86,1788.00,0.000000
INDIA,CA,SAN DIEGO,Global,736,2213,693074.65,674951.58,0.330000
IN,ANDHRA PRADESH,GORANTLA,India,7,8,5364.00,5364.00,0.000000
IN,HARYANA,DISTRICT FATEHABAD,India,1,1,626.00,626.00,0.000000
IN,TAMIL NADU,CHENNAI.600073.,India,1,1,1238.00,1238.00,0.000000
IN,TAMIL NADU,"SELAIYUR, CHENNAI",India,1,1,798.00,798.00,0.000000
IN,UTTAR PRADESH,BHOGNIPUR,India,1,2,973.00,973.00,0.000000
IN,ANDHRA PRADESH,BANGARUPALYAM,India,1,1,301.00,301.00,0.000000
IN,WEST BENGAL,HALISAHAR,India,6,4,3014.43,2603.00,0.000000
IN,GOA,MANDREM,India,1,1,442.00,442.00,0.000000
IN,SIKKIM,MANGAN,India,4,3,3311.29,2577.00,0.000000
IN,RAJASTHAN,HINDAUN,India,4,6,4356.00,4356.00,0.000000
IN,CHHATTISGARH,KORBA,India,37,37,26211.95,25531.00,0.010000
IN,TAMIL NADU,"OPPOSITE JAINS PUBLIC SCHOOL,THIRUMUDIVAKAM",India,1,1,599.00,599.00,0.000000
IN,GUJARAT,"BODAKDEV, AHMEDABAD",India,2,2,1332.00,1332.00,0.000000
IN,PUNJAB,TARNTARAN,India,1,1,545.00,545.00,0.000000
IN,HARYANA,NARNAUL,India,12,10,9824.67,8938.00,0.000000
IN,TAMIL NADU,TIRUMANGALAM,India,1,1,518.00,518.00,0.000000
IN,ANDHRA PRADESH,GUDIVADA,India,4,3,2297.00,2297.00,0.000000
IN,TELANGANA,"KONDAPUR, HYDERABAD",India,2,2,1143.00,1143.00,0.000000
IN,WEST BENGAL,KHIRAI,India,1,1,399.00,399.00,0.000000
IN,KERALA,PUTHANATHANI,India,1,1,693.00,693.00,0.000000
IN,UTTAR PRADESH,SULTANPUR,India,38,34,27897.97,24066.00,0.010000
IN,ANDHRA PRADESH,PULIVENDHULA,India,1,1,399.00,399.00,0.000000
IN,MAHARASHTRA,PAMPALNER,India,2,1,525.00,525.00,0.000000
IN,WEST BENGAL,DHATRIGRAM,India,1,1,399.00,399.00,0.000000
IN,KERALA,PUTHENCHIRA,India,1,1,696.00,696.00,0.000000
IN,GOA,BETALBATIM,India,3,3,1394.00,1394.00,0.000000
IN,GUJARAT,PORBANDAR,India,15,15,10090.00,10090.00,0.000000
IN,BIHAR,BIKRAMGANJ,India,8,7,3929.24,2721.00,0.000000
IN,MAHARASHTRA,KALYAN (WEST),India,2,2,744.00,744.00,0.000000
IN,MAHARASHTRA,NEW PANVEL,India,5,5,2159.00,2159.00,0.000000
IN,HARYANA,KALKA,India,10,8,7739.48,4874.00,0.000000
IN,UTTAR PRADESH,लखनऊ,India,2,2,2003.00,2003.00,0.000000
IN,KERALA,MANNUTHY,India,7,3,1948.48,1258.00,0.000000
IN,MAHARASHTRA,RAHURI FACTORY,India,1,1,735.00,735.00,0.000000
IN,KERALA,VANIYAMKULAM II,India,8,7,4631.00,4631.00,0.000000
IN,TELANGANA,SADASIVPET,India,8,8,4950.14,4633.00,0.000000
IN,TELANGANA,"LUNGER HOUZ , HYDERABAD",India,1,1,486.00,486.00,0.000000
IN,UTTAR PRADESH,SHAHJAHANPUR,India,48,48,32400.77,31357.00,0.020000
IN,ODISHA,ANGUL,India,9,10,7562.39,6524.00,0.000000
IN,WEST BENGAL,SITARAMPUR,India,3,1,725.00,0.00,0.000000
IN,UTTAR PRADESH,BIGHAPUR,India,1,0,662.86,0.00,0.000000
IN,ASSAM,DERGAON,India,3,3,2037.00,2037.00,0.000000
IN,UTTAR PRADESH,SOHAWAL,India,5,5,3270.00,3270.00,0.000000
IN,TELANGANA,KARIMNAGAR,India,109,108,76295.71,70829.00,0.040000
IN,GOA,COLVALE,India,21,21,15615.00,14791.00,0.010000
IN,WEST BENGAL,UTTAR SATALI,India,2,2,2188.00,2188.00,0.000000
IN,TAMIL NADU,VIKRAMASINGAPURAM,India,2,1,435.00,435.00,0.000000
IN,PUNJAB,MANDI GOVINDGARH,India,4,3,3635.43,2684.00,0.000000
IN,TAMIL NADU,SEELANAICKENPATTI,India,1,1,1126.00,1126.00,0.000000
IN,TELANGANA,NAKREKAL,India,4,2,1546.33,1233.00,0.000000
IN,WEST BENGAL,"RAJPUR SONARPUR ,KOLKATA ,INDIA",India,1,1,301.00,301.00,0.000000
IN,MAHARASHTRA,MUMBA,India,3,3,2573.00,2573.00,0.000000
IN,CHHATTISGARH,DANTEWADA,India,3,3,3003.00,3003.00,0.000000
IN,ODISHA,RAJGANGPUR,India,2,2,1279.00,1279.00,0.000000
IN,ODISHA,BERHAMPUR,India,95,103,65485.62,62937.00,0.030000
IN,UTTAR PRADESH,MAHMUDABAD,India,6,5,2066.00,1767.00,0.000000
IN,PUNJAB,MUKERIAN,India,6,4,4680.86,3187.00,0.000000
IN,TELANGANA,THORRUR,India,3,3,1626.00,1626.00,0.000000
IN,RAJASTHAN,SOJAT,India,2,2,1345.00,1345.00,0.000000
IN,PUNJAB,KHANNA,India,13,11,7745.04,6662.00,0.000000
IN,CHHATTISGARH,"SHANKARGARH, DISTRICT- BALRAMPUR",India,1,1,533.00,533.00,0.000000
IN,MAHARASHTRA,MIHAN,India,2,2,871.00,871.00,0.000000
IN,TAMIL NADU,NAMAKKAL,India,23,25,14979.71,14314.00,0.010000
IN,KARNATAKA,MULGUND,India,1,2,1488.00,1488.00,0.000000
IN,UTTAR PRADESH,BAKSAR,India,2,2,2132.00,2132.00,0.000000
IN,KARNATAKA,DAVANGERE,India,8,9,7066.00,7066.00,0.000000
IN,MAHARASHTRA,THAKURLI EAST,India,2,1,999.00,999.00,0.000000
IN,KERALA,MEPPADI,India,2,2,1124.00,399.00,0.000000
IN,TAMIL NADU,TNPL PUGALUR,India,1,1,353.00,353.00,0.000000
IN,KARNATAKA,BANGALORE CITY 560002,India,1,1,376.00,376.00,0.000000
IN,MAHARASHTRA,HAVELI,India,1,1,759.00,759.00,0.000000
IN,PUNJAB,JALANDHAR CANTT,India,1,1,1432.00,0.00,0.000000
IN,ANDHRA PRADESH,BHEEMUNIPATNAM,India,3,4,1934.00,1499.00,0.000000
IN,BIHAR,DANAPUR CANTT,India,1,0,0.00,0.00,0.000000
IN,RAJSHTHAN,GANGAPUR CITY,India,2,2,1126.00,563.00,0.000000
IN,GOA,"SANTA CRUZ, ILHAS",India,1,1,801.00,801.00,0.000000
IN,TAMIL NADU,"UDUMALPET, TIRUPUR",India,1,2,787.00,787.00,0.000000
IN,ODISHA,KHANDAPARA,India,1,1,375.00,375.00,0.000000
IN,BIHAR,"NALA ROAD, PATNA",India,1,1,666.00,666.00,0.000000
IN,TELANGANA,MAHESWARAM MANDAL,India,1,3,1896.00,1896.00,0.000000
IN,MAHARASHTRA,MALEGAON DIST NASIK,India,1,1,1122.00,1122.00,0.000000
IN,MAHARASHTRA,WCL UMRED,India,2,2,870.00,870.00,0.000000
IN,KARNATAKA,HUKERI,India,1,1,435.00,435.00,0.000000
IN,RAJASTHAN,ARNOD,India,1,1,788.00,788.00,0.000000
IN,MAHARASHTRA,TAL -NEWASA DIST- AHMEDNAGAR,India,1,1,387.00,387.00,0.000000
IN,HIMACHAL PRADESH,RATTI INDUSTRIAL AREA,India,2,2,1149.00,1149.00,0.000000
IN,GOA,SANCOALE,India,1,1,786.00,786.00,0.000000
IN,MAHARASHTRA,MUMBAI 400066,India,1,1,771.00,771.00,0.000000
IN,MAHARASHTRA,KALYAN (EAST),India,1,1,376.00,376.00,0.000000
IN,JAMMU & KASHMIR,PAMPORE,India,1,0,0.00,0.00,0.000000
IN,KERALA,PALARIVATTOM,India,1,1,735.00,735.00,0.000000
IN,MAHARASHTRA,"WAKAD,PUNE",India,1,1,771.00,771.00,0.000000
IN,DELHI,NEW DELHI -110067,India,1,1,1186.00,1186.00,0.000000
IN,ANDHRA PRADESH,PEDANA,India,3,1,910.33,597.00,0.000000
IN,ANDHRA PRADESH,MOGALTUR,India,1,1,348.00,348.00,0.000000
IN,UTTAR PRADESH,PUKHRAYAN,India,1,1,1149.00,1149.00,0.000000
IN,UTTARAKHAND,NEW TEHRI,India,3,3,1542.00,1542.00,0.000000
IN,TELANGANA,CITY & MANDAL : KORATLA ;(DISTRICT: JAGTIAL DIST.),India,1,1,743.00,743.00,0.000000
IN,UTTAR PRADESH,RAIBARELI,India,1,1,696.00,696.00,0.000000
IN,TAMIL NADU,KELAMANGALAM,India,2,2,1392.00,568.00,0.000000
IN,CHHATTISGARH,KAWARDHA,India,7,5,3736.24,3021.00,0.000000
IN,TELANGANA,TEKULAPALLI,India,1,1,625.00,625.00,0.000000
IN,MANIPUR,PUNGDONGBAM MAKHA LEIKAI,India,1,1,493.00,493.00,0.000000
IN,MAHARASHTRA,CHINCHWAD PUNE,India,1,1,308.00,308.00,0.000000
IN,ASSAM,TINSUKIA DISTRICT,India,2,2,2476.00,2476.00,0.000000
IN,KERALA,VAZHAKULAM,India,1,0,463.81,0.00,0.000000
IN,JHARKHAND,NAGRI KALAN,India,1,1,441.00,441.00,0.000000
IN,PUNJAB,BASSI PATHANA,India,1,1,1163.00,1163.00,0.000000
IN,MAHARASHTRA,VASAI WEST (MUMBAI),India,1,1,382.00,382.00,0.000000
IN,MAHARASHTRA,CHANDURBAZAR,India,1,1,729.00,729.00,0.000000
IN,ANDHRA PRADESH,MUNAGAPADU,India,1,1,908.00,908.00,0.000000
IN,WEST BENGAL,CHOPRA,India,1,1,547.00,547.00,0.000000
IN,TAMIL NADU,"MUDICHUR,CHENNAI",India,1,1,376.00,376.00,0.000000
IN,ANDHRA PRADESH,PEDAAMIRAM,India,1,1,799.00,799.00,0.000000
IN,MADHYA PRADESH,"SUNDREL,  DHAR DISTRICT",India,1,1,295.00,295.00,0.000000
IN,TELANGANA,SECUNDERABAD 500094,India,1,1,788.00,788.00,0.000000
IN,KERALA,"PUZHAKKAL P O, THRISSUR",India,1,1,1186.00,1186.00,0.000000
IN,TAMIL NADU,"THUNDALAM, CHENNAI",India,1,1,526.00,526.00,0.000000
IN,GUJARAT,DHOLKA,India,6,5,3575.00,3575.00,0.000000
IN,WEST BENGAL,BELGHARIA,India,2,2,967.00,967.00,0.000000
IN,UTTARAKHAND,BAHADARABAD,India,1,1,399.00,399.00,0.000000
IN,KERALA,IRIKKUR,India,2,1,614.81,311.00,0.000000
IN,PUNJAB,BHATINDA,India,1,1,517.00,517.00,0.000000
IN,ANDHRA PRADESH,NIDADAVOLE,India,4,4,2452.00,1708.00,0.000000
IN,TAMIL NADU,KARUR DISTRICT,India,1,1,459.00,459.00,0.000000
IN,TAMIL NADU,THUCKALAY P.O,India,1,1,771.00,771.00,0.000000
IN,WEST BENGAL,MIRIK,India,7,7,6485.00,6485.00,0.000000
IN,WEST BENGAL,HOWRAH,India,209,200,125824.18,115160.00,0.060000
IN,WEST BENGAL,BALURGHAT,India,11,9,7780.24,6605.00,0.000000
IN,TAMIL NADU,ORATHANADU,India,2,2,1834.00,1834.00,0.000000
IN,JAMMU & KASHMIR,RAJAURI,India,4,3,1798.00,1798.00,0.000000
IN,MAHARASHTRA,UTEKHOL,India,7,6,6040.86,5458.00,0.000000
IN,KARNATAKA,MADIKERI,India,30,31,15264.00,10914.00,0.010000
IN,UTTAR PRADESH,SAIFAI,India,1,1,824.00,824.00,0.000000
IN,ANDHRA PRADESH,ANIL NEERKONDA HOSPITAL,India,1,1,1094.00,1094.00,0.000000
IN,WEST BENGAL,RUPNARAYANPUR,India,4,4,1669.00,1669.00,0.000000
IN,KERALA,KUMBALANGY,India,4,3,2248.00,2248.00,0.000000
IN,KARNATAKA,KARKALA,India,4,5,2638.00,2638.00,0.000000
IN,JHARKHAND,"BIT CAMPUS MESRA, RANCHI",India,1,1,353.00,353.00,0.000000
IN,KERALA,MADAYI,India,2,2,1134.00,1134.00,0.000000
IN,CHANDIGARH,CHANDIGAR,India,3,4,886.00,886.00,0.000000
IN,MAHARASHTRA,BANDA,India,2,2,775.00,775.00,0.000000
IN,UTTAR PRADESH,PHULPUR ALLAHABAD DISTRICT,India,2,1,1846.29,1112.00,0.000000
IN,UTTARAKHAND,DEHRADUND,India,1,1,1088.00,1088.00,0.000000
IN,WEST BENGAL,NIMTA,India,2,3,1774.00,1774.00,0.000000
IN,UTTAR PRADESH,IKAUNA,India,2,0,2557.14,0.00,0.000000
UNITED KINGDOM,CO,DENVER,Europe,259,793,246221.80,241343.99,0.120000
IN,TAMIL NADU,POLLACHI,India,17,15,8781.33,7393.00,0.000000
IN,KERALA,PUTHUR,India,3,2,1187.00,1187.00,0.000000
IN,MAHARASHTRA,PATODA,India,1,1,399.00,399.00,0.000000
IN,DELHI,NEW DELHIDELHI,India,4,4,2543.00,2543.00,0.000000
IN,HIMACHAL PRADESH,BAROTIWALA INDUSTRIAL AREA,India,2,2,1318.00,1318.00,0.000000
IN,WEST BENGAL,DHULASIMLA,India,1,1,429.00,429.00,0.000000
IN,MADHYA PRADESH,UMARIA BANDHAWAGARH,India,1,1,517.00,517.00,0.000000
IN,TAMIL NADU,KANNIYAKUMARI,India,21,20,13032.95,11605.00,0.010000
IN,GOA,ANJUNA,India,7,5,4818.43,4387.00,0.000000
IN,ANDHRA PRADESH,VENKATAGIRI,India,10,9,8036.00,8036.00,0.000000
IN,GUJARAT,SURENDRANAGAR,India,27,27,18756.44,14506.00,0.010000
IN,PUNJAB,NAYA GAON,India,2,1,1452.57,744.00,0.000000
IN,WEST BENGAL,BAIDYABATI,India,2,2,1487.00,1487.00,0.000000
IN,GUJARAT,ANKLESHWAR,India,25,23,17637.00,17637.00,0.010000
IN,MADHYA PRADESH,REWA,India,53,49,34468.00,32893.00,0.020000
IN,UTTAR PRADESH,MANKAPUR,India,1,1,474.00,474.00,0.000000
IN,HARYANA,FARRUKHNAGAR,India,3,3,1552.00,1552.00,0.000000
IN,KARNATAKA,KOLAR GOLD FIELDS,India,1,1,635.00,635.00,0.000000
IN,JHARKHAND,GIDI,India,1,1,771.00,771.00,0.000000
IN,KARNATAKA,KAKKABE,India,2,0,1685.72,0.00,0.000000
IN,MAHARASHTRA,DAUND PUNE,India,1,1,969.00,969.00,0.000000
IN,TAMIL NADU,KRISHNAGIRI DT,India,2,0,0.00,0.00,0.000000
IN,BIHAR,MOKAMEH,India,3,3,2913.00,2913.00,0.000000
IN,PUNJAB,DINANAGAR,India,9,9,6839.00,5740.00,0.000000
IN,GUJARAT,KHAMBHALIA,India,4,3,1853.00,1853.00,0.000000
IN,UTTAR PRADESH,ROBERTSGANJ SONBHADRA,India,2,2,2091.00,2091.00,0.000000
IN,GOA,DAVORLIM,India,1,1,920.00,920.00,0.000000
IN,ODISHA,TIKABALI,India,1,1,721.00,721.00,0.000000
IN,RAJASTHAN,AHORE,India,3,3,2111.00,2111.00,0.000000
IN,WEST BENGAL,HALDIA,India,23,20,12178.38,10580.00,0.010000
IN,WEST BENGAL,DARJEELING,India,38,31,23822.71,23037.00,0.010000
IN,RAJASTHAN,SRI GANGANAGAR,India,26,22,19220.81,15458.00,0.010000
IN,WEST BENGAL,NABABPUR,India,2,1,452.00,452.00,0.000000
IN,ASSAM,MARGHERITA,India,2,2,2054.00,2054.00,0.000000
IN,UTTAR PRADESH,BANDA,India,21,21,15414.38,14110.00,0.010000
IN,KARNATAKA,"MADIKERI, COORG",India,1,1,517.00,517.00,0.000000
IN,MAHARASHTRA,DAUND,India,5,4,3467.99,1568.00,0.000000
IN,JAMMU & KASHMIR,HANDWARA,India,1,1,318.00,318.00,0.000000
IN,PUNJAB,SUNAM,India,5,5,3959.00,3528.00,0.000000
IN,ARUNACHAL PRADESH,PASIGHAT,India,4,5,3553.00,3553.00,0.000000
IN,MAHARASHTRA,NALASOPARA EAST,India,5,5,2217.00,2217.00,0.000000
IN,PUNJAB,"GREATER  MOHALI  / KHARAR  , PUNJAB",India,2,2,626.00,325.00,0.000000
IN,MADHYA PRADESH,SHAHDOL,India,25,21,16061.29,13459.00,0.010000
IN,MAHARASHTRA,DEGLUR,India,1,1,852.00,0.00,0.000000
IN,GUJARAT,VADODARA,India,663,637,444270.22,408630.00,0.210000
IN,GUJARAT,KESHOD,India,3,3,2395.00,2395.00,0.000000
IN,MAHARASHTRA,"NIGDI, PUNE",India,2,2,1247.00,1247.00,0.000000
IN,WEST BENGAL,HANSKHALI,India,3,1,471.00,0.00,0.000000
IN,ANDHRA PRADESH,INDUSTRIAL PARK NAIDUPET,India,9,8,7068.29,6334.00,0.000000
IN,HARYANA,HISAR,India,51,55,41748.76,36585.00,0.020000
IN,ODISHA,SUBDEGA,India,2,1,1221.86,499.00,0.000000
IN,PUNJAB,RAMAN,India,4,4,2105.00,2105.00,0.000000
IN,MADHYA PRADESH,PARA,India,1,1,487.00,487.00,0.000000
IN,UTTARAKHAND,CHAMOLI,India,2,1,664.00,664.00,0.000000
IN,BIHAR,ANDAR,India,1,1,1399.00,1399.00,0.000000
IN,UTTARAKHAND,GADARPUR,India,1,1,999.00,999.00,0.000000
IN,MAHARASHTRA,HINGNA/NAGPUR,India,1,1,761.00,761.00,0.000000
IN,KERALA,"KANNUR DISTRICT,",India,1,1,497.00,497.00,0.000000
IN,ANDHRA PRADESH,SATYAVEDU MANDAL,India,1,1,363.00,0.00,0.000000
IN,MAHARASHTRA,"AIROLI, NAVI MUMBAI",India,1,1,499.00,499.00,0.000000
IN,KARNATAKA,SHIVAMOGA,India,1,1,791.00,791.00,0.000000
IN,MAHARASHTRA,MIRA ROAD EAST THANE,India,1,1,1065.00,1065.00,0.000000
IN,RAJASTHAN,KISHANGARH AJMER DISTRICT,India,2,2,1247.00,1247.00,0.000000
IN,TAMIL NADU,COIMBATORE 25,India,1,1,458.00,458.00,0.000000
IN,MAHARASHTRA,"BADLAPUR , THANE",India,1,1,382.00,382.00,0.000000
IN,ASSAM,"NAGAON , NORTH HAIBOURGAON",India,1,1,399.00,399.00,0.000000
IN,ASSAM,TEZPUR CHANDMARI,India,1,1,699.00,699.00,0.000000
IN,MAHARASHTRA,ORDNANCE FACTORY BHADRAVATI TOWNSHIP,India,2,2,691.00,691.00,0.000000
IN,WEST BENGAL,BAGUIATI KOLKATA,India,1,1,469.00,469.00,0.000000
IN,MAHARASHTRA,PALUS,India,1,1,597.00,597.00,0.000000
IN,GUJARAT,SONGADH TAPI DISTRICT,India,1,1,788.00,788.00,0.000000
IN,MAHARASHTRA,MALKAPUR BULDANA DISTRICT,India,1,1,399.00,399.00,0.000000
IN,WEST BENGAL,NEWBARRACKPUR,India,1,1,1523.00,1523.00,0.000000
IN,TELANGANA,KOWKOOR,India,1,1,736.00,736.00,0.000000
IN,MADHYA PRADESH,JAYPEE NAGAR,India,2,2,1906.00,1906.00,0.000000
IN,ANDHRA PRADESH,SRUNGAVARAPUKOTA,India,1,1,969.00,969.00,0.000000
IN,KERALA,EROOR  KOCHI,India,1,1,869.00,869.00,0.000000
IN,ANDHRA PRADESH,"MAACHAVARAM, PIDUGURALLA",India,1,1,771.00,771.00,0.000000
IN,JHARKHAND,ADITYAPUR,India,1,1,735.00,735.00,0.000000
IN,JAMMU & KASHMIR,"KANIPORA,NOWGAM SRINAGAR",India,1,2,582.00,582.00,0.000000
IN,TAMIL NADU,SWAMIMALAI,India,1,1,376.00,376.00,0.000000
IN,DELHI,"NEW DELHI, OTHER NO. 9667856896",India,1,1,549.00,549.00,0.000000
IN,KARNATAKA,NAVALGUND,India,2,2,870.00,435.00,0.000000
IN,UTTAR PRADESH,MACHHLISHAHR,India,1,1,357.00,357.00,0.000000
IN,GUJARAT,GANDHI NAGAR,India,4,5,2406.00,2406.00,0.000000
IN,PUDUCHERRY,PUDUCHERRY 605003,India,1,2,848.00,848.00,0.000000
IN,MAHARASHTRA,DOMBIVLI EAST  THANE,India,1,1,729.00,729.00,0.000000
IN,UTTARAKHAND,JAKHOLI,India,1,1,292.00,292.00,0.000000
IN,BIHAR,JAMUI,India,5,5,4497.00,4497.00,0.000000
IN,TAMIL NADU,KRISHNAGIRI,India,26,23,14757.86,11744.00,0.010000
IN,MAHARASHTRA,GONDIA,India,3,3,1814.00,1814.00,0.000000
IN,MAHARASHTRA,KHOPOLI,India,18,16,10411.20,8339.00,0.000000
IN,MAHARASHTRA,DOMBIVLI EAST THANE,India,1,1,375.00,375.00,0.000000
IN,KERALA,"EDAPALLY, ERNAKULAM",India,2,2,1542.00,1542.00,0.000000
IN,RAJASTHAN,LADNUN,India,2,2,1350.00,1350.00,0.000000
IN,MAHARASHTRA,DONDAICHA WARWADE,India,2,2,1103.00,1103.00,0.000000
IN,MAHARASHTRA,TULJAPUR,India,4,4,2883.00,1787.00,0.000000
UNITED STATES,DC,WASHINGTON,North America,3560,10550,3197914.23,3074013.34,1.500000
IN,UTTAR PRADESH,BARHANI BAZAR,India,3,2,1965.86,1123.00,0.000000
IN,KARNATAKA,BALLARI,India,39,34,21336.29,18633.00,0.010000
IN,KERALA,CHIRAMANANGAD,India,4,3,2814.00,2814.00,0.000000
IN,MAHARASHTRA,RAHATANI,India,1,0,686.67,0.00,0.000000
IN,TAMIL NADU,CHENNAI 42,India,1,1,788.00,788.00,0.000000
IN,TAMIL NADU,CHENNAI 600042,India,3,3,3343.00,3343.00,0.000000
IN,KERALA,KOYILANDY,India,1,1,301.00,301.00,0.000000
IN,UTTAR PRADESH,ACHHNERA,India,1,1,1163.00,1163.00,0.000000
IN,MAHARASHTRA,JALGAON,India,55,57,37427.00,36792.00,0.020000
IN,KARNATAKA,WHITEFIELD,India,1,1,342.00,342.00,0.000000
IN,ANDHRA PRADESH,"KURNOOL, INDIA",India,2,2,1148.00,1148.00,0.000000
IN,KARNATAKA,BENGALURU.,India,1,2,1279.00,1279.00,0.000000
IN,KARNATAKA,"MARATHAHALLI,BENGALORE.",India,1,0,437.14,0.00,0.000000
IN,UTTARAKHAND,KAUSANI,India,2,2,1362.00,1362.00,0.000000
IN,UTTAR PRADESH,LAHARPUR,India,2,2,1392.00,696.00,0.000000
IN,UTTARAKHAND,"GAULAPAR, HALDWANI",India,1,1,518.00,518.00,0.000000
IN,HIMACHAL PRADESH,"NAHAN, SIRMOUR",India,1,0,0.00,0.00,0.000000
IN,TAMIL NADU,KANATHUR,India,1,1,549.00,549.00,0.000000
IN,KERALA,"KANJIRAPALLY, KOTTAYAM",India,1,0,0.00,0.00,0.000000
IN,MAHARASHTRA,"MULUND WEST, MUMBAI",India,1,1,452.00,452.00,0.000000
IN,KARNATAKA,BANGALORE18,India,1,1,549.00,549.00,0.000000
IN,CHHATTISGARH,BHATAPARA,India,8,8,5565.00,4968.00,0.000000
IN,TELANGANA,KAMAREDDY,India,30,32,22114.00,22114.00,0.010000
IN,ANDHRA PRADESH,DWARAKA TIRUMALA,India,2,2,922.00,922.00,0.000000
IN,TAMIL NADU,RASIPURAM,India,7,6,2705.00,2705.00,0.000000
IN,KARNATAKA,GADAG,India,4,3,1438.00,1438.00,0.000000
IN,MAHARASHTRA,"KAUSA, MUMBRA",India,1,1,788.00,788.00,0.000000
IN,KERALA,"TIRURANGADI, MALAPPURAM",India,1,1,560.00,560.00,0.000000
IN,TAMIL NADU,VEERAPPANCHATIRAM,India,1,1,749.00,749.00,0.000000
IN,KERALA,IDUKKI TOWNSHIP,India,4,2,1401.00,1401.00,0.000000
IN,TAMIL NADU,"SOMANUR,KARUMATHAMPATTI",India,2,1,307.00,307.00,0.000000
IN,ANDHRA PRADESH,KURNOOL DIST,India,1,1,899.00,899.00,0.000000
IN,ODISHA,CUTTACK,India,195,184,132876.20,116611.00,0.060000
IN,CHHATTISGARH,BHILAI  490020,India,2,1,788.00,788.00,0.000000
IN,ANDHRA PRADESH,VIZAG,India,3,1,2239.58,771.00,0.000000
IN,UTTAR PRADESH,RAMNAGAR VARANASI,India,1,1,836.00,836.00,0.000000
IN,GOA,PANJIM,India,9,9,5118.00,5118.00,0.000000
IN,KERALA,PUNNAYUR,India,1,1,725.00,725.00,0.000000
IN,WEST BENGAL,DHUPGURI,India,1,1,362.00,362.00,0.000000
IN,UTTAR PRADESH,VRINDAVAN     {MATHURA},India,1,1,301.00,301.00,0.000000
IN,ASSAM,"SIVASAGAR,SUNPURA GOHAIN GAON",India,1,1,999.00,0.00,0.000000
IN,KERALA,THEKKUMKARA,India,2,1,792.76,368.00,0.000000
IN,TELANGANA,"HYDERABAD, SHAMSHABAD",India,1,1,725.00,725.00,0.000000
IN,TAMIL NADU,"BODINAYAKANUR, THENI DT",India,1,1,376.00,376.00,0.000000
IN,UTTAR PRADESH,NAUTANWA,India,3,2,2187.90,1266.00,0.000000
IN,KERALA,MUPPATHADAM,India,1,1,431.00,431.00,0.000000
IN,DELHI,NEW DELHI-110008,India,1,1,788.00,788.00,0.000000
IN,TAMIL NADU,KARUR - 6,India,2,1,906.24,431.00,0.000000
IN,KERALA,PALAKKADPALAKKAD,India,1,1,540.00,540.00,0.000000
IN,ANDAMAN & NICOBAR,PANIPAT ROAD,India,1,1,633.00,633.00,0.000000
IN,GOA,CARMONA,India,1,1,737.00,737.00,0.000000
IN,UTTAR PRADESH,NOIDA SECTOR 76,India,1,1,699.00,699.00,0.000000
IN,WEST BENGAL,DEGANGA,India,1,1,399.00,399.00,0.000000
IN,RAJASTHAN,BORAWAR,India,1,1,824.00,824.00,0.000000
IN,TELANGANA,INDERAVELLY,India,1,1,363.00,363.00,0.000000
IN,KERALA,EDAPALLY NORTH PO,India,1,1,761.00,761.00,0.000000
IN,KARNATAKA,MANIPURA DENDOORKATTE,India,1,1,824.00,824.00,0.000000
IN,TELANGANA,"HANAMKONDA, WARANGAL URBAN",India,1,1,612.00,612.00,0.000000
IN,KARNATAKA,MOODABETTU,India,1,1,518.00,518.00,0.000000
IN,MAHARASHTRA,"NERUL, NAVI MUMBAI",India,2,2,785.00,785.00,0.000000
IN,KERALA,ALUVA2,India,1,1,771.00,771.00,0.000000
IN,BIHAR,PURNIA,India,33,33,24393.00,23161.00,0.010000
IN,MAHARASHTRA,PACHWAD TAL WAI DISTRICT SATARA,India,1,1,399.00,399.00,0.000000
IN,WEST BENGAL,NIBRA,India,1,0,475.24,0.00,0.000000
IN,MAHARASHTRA,PIMPRI CHINCHWAD PUNE,India,3,4,2840.00,2840.00,0.000000
IN,WEST BENGAL,BINNAGURI,India,2,2,1581.00,1581.00,0.000000
IN,KERALA,KAYYUR,India,2,2,1460.00,1460.00,0.000000
IN,ANDAMAN & NICOBAR,PROTHRAPUR,India,20,17,9393.00,9393.00,0.000000
IN,ODISHA,"ARGUL, KHORDHA",India,1,1,399.00,399.00,0.000000
IN,KERALA,KURATTISSERY,India,6,6,4151.00,3039.00,0.000000
IN,GUJARAT,AHMEDABAD,India,1324,1330,896843.56,820379.00,0.420000
IN,ANDHRA PRADESH,RAJAHMUNDRY,India,121,115,71010.52,65565.00,0.030000
IN,KERALA,KANNUR,India,125,122,79080.19,69060.00,0.040000
IN,KARNATAKA,"BATLAHALLI, CHINTAMANI TALUK, CHIKKABALLAPUR DIST",India,1,1,1125.00,1125.00,0.000000
IN,HIMACHAL PRADESH,KHAIRI,India,1,0,0.00,0.00,0.000000
IN,WEST BENGAL,"KIRNAHAR , BIRBHUM",India,1,1,438.00,438.00,0.000000
IN,ANDHRA PRADESH,DHONE,India,7,6,3510.00,3510.00,0.000000
IN,ODISHA,NAYAGARH,India,11,10,8275.95,7355.00,0.000000
IN,ODISHA,"BHARATPUR , BHUBANESWAR",India,1,1,501.00,501.00,0.000000
IN,ANDHRA PRADESH,LINGAPALEM,India,2,2,869.00,869.00,0.000000
IN,BIHAR,BEGUSARAI,India,22,20,14785.77,13621.00,0.010000
IN,ANDHRA PRADESH,GUNTURGUNTUR,India,1,1,721.00,721.00,0.000000
IN,ODISHA,SURADA,India,1,1,597.00,597.00,0.000000
IN,BIHAR,PAHARPUR,India,1,1,1133.00,1133.00,0.000000
IN,MAHARASHTRA,MUMBAI 40092,India,1,1,685.00,685.00,0.000000
IN,BIHAR,BARUNI,India,2,2,1457.00,1457.00,0.000000
IN,KERALA,ATTINGAL,India,9,11,6500.00,6500.00,0.000000
IN,LAKSHADWEEP,AGATTI,India,2,1,1505.29,771.00,0.000000
IN,PUNJAB,HAJIPUR,India,3,2,3128.50,1841.00,0.000000
IN,UTTAR PRADESH,UNNAO,India,40,37,26471.72,21585.00,0.010000
IN,ANDHRA PRADESH,CHODAVARAM,India,8,5,4980.72,3065.00,0.000000
IN,KERALA,KANIYARKODE,India,2,2,2926.00,1463.00,0.000000
IN,KERALA,ELAPPARA,India,1,1,319.00,319.00,0.000000
IN,KERALA,ALAPPUZHA,India,73,66,42987.38,35565.00,0.020000
IN,BIHAR,GAZIPUR,India,2,2,1835.00,1835.00,0.000000
IN,RAJASTHAN,JAIPUR,India,973,948,667130.36,623913.00,0.310000
IN,UTTAR PRADESH,DEOBAND,India,7,11,10156.00,10156.00,0.000000
IN,ANDHRA PRADESH,PALAMANER,India,14,14,8920.00,8920.00,0.000000
IN,MAHARASHTRA,PARAS,India,1,1,459.00,459.00,0.000000
IN,PUNJAB,JALANDHAR CITY,India,1,1,441.00,441.00,0.000000
IN,MAHARASHTRA,BHAYANDER (EASY),India,5,4,3270.00,3270.00,0.000000
IN,TAMIL NADU,PULIYUR,India,1,1,635.00,635.00,0.000000
IN,MAHARASHTRA,WARUD,India,6,4,2089.67,1803.00,0.000000
IN,MAHARASHTRA,AHMADNAGAR,India,59,55,38299.00,35739.00,0.020000
IN,MAHARASHTRA,DOMBVLI WEST,India,1,1,744.00,744.00,0.000000
IN,TAMIL NADU,GUDALUR COIMBATORE DISTRICT,India,6,3,3218.00,3218.00,0.000000
IN,TAMIL NADU,KILVELUR,India,1,1,399.00,399.00,0.000000
IN,ANDHRA PRADESH,THULLUR,India,3,4,2452.00,2452.00,0.000000
IN,WEST BENGAL,"KOLKATA, BAGUIATI",India,1,0,475.24,0.00,0.000000
IN,RAJASTHAN,DUNGARPUR,India,16,14,12647.49,9912.00,0.010000
IN,KARNATAKA,SIDCO INDUSTRIAL ESTATE BADANGUPPE KELLAMBALI,India,1,1,339.00,339.00,0.000000
IN,ASSAM,RUPAISIDING TINSUKIA DISTRICT,India,2,2,2298.00,2298.00,0.000000
IN,KERALA,THAZHUTHALA,India,8,8,5304.00,5304.00,0.000000
IN,ASSAM,SANPARA,India,1,1,737.00,0.00,0.000000
IN,MAHARASHTRA,RAJUR AHMADNAGAR DISTRICT,India,1,0,0.00,0.00,0.000000
IN,UTTAR PRADESH,RASRA,India,5,5,4156.00,2358.00,0.000000
IN,MADHYA PRADESH,DHAR,India,4,3,1142.00,1142.00,0.000000
IN,MAHARASHTRA,OSMANABAD,India,22,18,14743.24,12098.00,0.010000
IN,KARNATAKA,CHAMARAJANAGAR,India,17,16,9202.00,8839.00,0.000000
IN,CHHATTISGARH,BACHELI,India,1,1,533.00,533.00,0.000000
IN,WEST BENGAL,RAGHUNATHPUR PURULIYA DISTRICT,India,2,2,2536.00,1268.00,0.000000
IN,BIHAR,LAUKAHA,India,1,1,690.00,690.00,0.000000
IN,GUJARAT,UNA,India,3,3,3361.00,3361.00,0.000000
IN,TAMIL NADU,THAKKOLAM,India,1,0,302.86,0.00,0.000000
IN,PUNJAB,URMAR TANDA,India,4,2,1503.38,1011.00,0.000000
IN,PUNJAB,"ZIRAKPUR,MOHALI",India,1,1,771.00,771.00,0.000000
IN,HIMACHAL PRADESH,KASAULI,India,4,3,2417.00,2417.00,0.000000
IN,KERALA,CHERUTHURUTHI,India,10,7,3656.00,3280.00,0.000000
IN,UTTAR PRADESH,CHI V GREATER NOIDA,India,1,1,471.00,471.00,0.000000
IN,BIHAR,MANER,India,2,2,1219.00,1219.00,0.000000
IN,KARNATAKA,CHURCHUGUNDI,India,1,1,426.00,426.00,0.000000
IN,KERALA,ERNAD,India,1,1,641.00,641.00,0.000000
IN,MAHARASHTRA,AMBARNATH (E),India,1,1,499.00,499.00,0.000000
IN,HARYANA,BINOLA INDUSTRIAL AREA,India,2,2,1131.00,1131.00,0.000000
IN,UTTAR PRADESH,"AMETHI,SULTANPUR",India,1,0,0.00,0.00,0.000000
IN,HIMACHAL PRADESH,KOTKHAI,India,1,0,471.43,0.00,0.000000
IN,KARNATAKA,TALIPADY,India,2,2,735.00,735.00,0.000000
IN,TAMIL NADU,PONNAMARAVATHI,India,2,2,930.00,930.00,0.000000
IN,MADHYA PRADESH,LAKHNADON,India,1,1,432.00,432.00,0.000000
IN,ANDHRA PRADESH,VAKADU(M),India,1,1,435.00,435.00,0.000000
IN,UTTAR PRADESH,LUCKNOW CANTT,India,2,1,464.00,464.00,0.000000
IN,MAHARASHTRA,MULUND WEST,India,1,1,399.00,0.00,0.000000
IN,WEST BENGAL,RAIDIGHI,India,3,0,1390.48,0.00,0.000000
IN,TAMIL NADU,KALASALINGAM UNIVERSITY,India,1,1,364.00,364.00,0.000000
IN,LADAKH,"LEH, ALT NO 9419844047",India,1,1,788.00,788.00,0.000000
IN,BIHAR,KALUAHI,India,1,1,1399.00,1399.00,0.000000
IN,KERALA,EDAVANAKAD,India,3,3,1796.00,1796.00,0.000000
IN,WEST BENGAL,"DINHATA , COOCHBEHAR",India,1,1,442.00,442.00,0.000000
IN,KERALA,VATTAPOYIL,India,1,1,471.00,471.00,0.000000
IN,RAJASTHAN,GOGUNDA,India,1,1,416.00,416.00,0.000000
IN,ODISHA,UDALA,India,2,1,399.00,399.00,0.000000
IN,MADHYA PRADESH,"NAMLI, TEHSIL-RATLAM, DIST. RATLAM",India,2,2,2668.00,1369.00,0.000000
IN,JHARKHAND,MAHAGMA,India,1,1,376.00,376.00,0.000000
IN,BIHAR,BENIPATTI,India,2,3,1481.00,1481.00,0.000000
IN,UTTAR PRADESH,NOIDA EXTENTION,India,4,5,2466.81,1540.00,0.000000
IN,UTTAR PRADESH,RANIPUR,India,1,1,435.00,435.00,0.000000
IN,MAHARASHTRA,TALUKA KALYAN DISTRICT THANE,India,1,1,699.00,699.00,0.000000
IN,UTTARAKHAND,TAPOVAN LAXMAN JHULA RISHIKESH,India,1,1,1315.00,1315.00,0.000000
IN,KERALA,ERAYAMKUDY,India,2,2,1542.00,1542.00,0.000000
IN,GOA,"CARANZALEM, PANJIM",India,1,1,528.00,528.00,0.000000
IN,KERALA,ADIMALY,India,2,2,1496.00,1496.00,0.000000
IN,TAMIL NADU,KOLATHUR,India,1,1,333.00,333.00,0.000000
IN,WEST BENGAL,"DURGANAGAR ,NIMTA SOUTH",India,1,1,499.00,499.00,0.000000
IN,MAHARASHTRA,"GOREGAON WEST, MUMBAI 400062",India,1,0,652.38,0.00,0.000000
IN,TAMIL NADU,CHATRAPATTI,India,1,1,599.00,599.00,0.000000
IN,ASSAM,ORANG,India,1,1,495.00,495.00,0.000000
IN,MAHARASHTRA,VASAI(WEST),India,1,1,399.00,399.00,0.000000
IN,MADHYA PRADESH,SIRONJ,India,1,1,575.00,575.00,0.000000
IN,TAMIL NADU,PATTABIRAM,India,1,1,471.00,471.00,0.000000
IN,ANDHRA PRADESH,JEELUGU MILLI,India,1,1,459.00,459.00,0.000000
IN,WEST BENGAL,BAHIRGRAM,India,2,2,903.00,903.00,0.000000
IN,UTTAR PRADESH,KUNDARKI,India,1,1,376.00,376.00,0.000000
IN,GUJARAT,KHEDBRAHMA,India,1,1,471.00,471.00,0.000000
IN,HARYANA,LADWA,India,1,1,382.00,382.00,0.000000
IN,ARUNACHAL PRADESH,SAGALEE,India,1,1,735.00,735.00,0.000000
IN,WEST BENGAL,"DAMDIM, JALPAIGURI",India,1,1,597.00,597.00,0.000000
IN,GOA,NEURA PEQUENO,India,1,1,524.00,524.00,0.000000
IN,KERALA,ALUVA-2,India,1,1,376.00,376.00,0.000000
IN,TAMIL NADU,ALANGAYAM,India,1,2,752.00,752.00,0.000000
IN,TAMIL NADU,"NAVALUR, CHENNAI",India,1,1,847.00,847.00,0.000000
IN,PUNJAB,DERA BASSI INDUSTRIAL AREA MOHALI,India,1,1,469.00,469.00,0.000000
IN,KARNATAKA,SINDAGI,India,1,1,382.00,382.00,0.000000
IN,TAMIL NADU,VALAVANUR,India,1,1,376.00,376.00,0.000000
IN,HIMACHAL PRADESH,53MILES,India,1,0,0.00,0.00,0.000000
IN,MAHARASHTRA,"SANPADA,NAVI MUMBAI",India,1,1,798.00,798.00,0.000000
IN,MAHARASHTRA,DOMBIVLI-EAST,India,2,2,487.00,487.00,0.000000
IN,GOA,SERAULIM,India,1,1,429.00,429.00,0.000000
IN,ANDHRA PRADESH,SAMALKOT,India,3,3,1633.00,1633.00,0.000000
IN,ANDHRA PRADESH,SAKHINETIPALLE,India,1,1,1610.00,1610.00,0.000000
IN,UTTAR PRADESH,JUGAULI,India,7,11,5667.00,5667.00,0.000000
IN,UTTAR PRADESH,"DELHI, NCR",India,1,1,599.00,599.00,0.000000
IN,ARUNACHAL PRADESH,ALONG,India,12,11,7281.05,5834.00,0.000000
IN,WEST BENGAL,DANKUNI,India,6,5,3157.00,3157.00,0.000000
IN,WEST BENGAL,"CHANDANNAGAR, HOOGHLY",India,1,1,518.00,518.00,0.000000
IN,GUJARAT,"VALLABH VIDYANAGAR, ANAND",India,1,1,699.00,699.00,0.000000
IN,MADHYA PRADESH,BARHI,India,2,1,474.00,474.00,0.000000
IN,ANDHRA PRADESH,ELURU,India,62,61,41344.97,36174.00,0.020000
IN,ODISHA,BHANJANAGAR,India,7,5,3927.00,3927.00,0.000000
IN,GOA,BAMBOLIM,India,11,14,7801.00,7801.00,0.000000
IN,BIHAR,ANDHARI,India,2,1,1112.00,0.00,0.000000
IN,RAJASTHAN,UDAIPURWATI JHUNJHUNU,India,1,1,802.00,0.00,0.000000
IN,PUDUCHERRY,PILLAIARKUPPAM,India,11,8,4592.00,4592.00,0.000000
IN,TELANGANA,CHERIAL,India,1,1,698.00,698.00,0.000000
IN,WEST BENGAL,LASKARPARA,India,2,2,1187.00,1187.00,0.000000
IN,TELANGANA,SANGAREDDY,India,50,38,31587.88,22789.00,0.010000
IN,KARNATAKA,HATTI GOLD MINES,India,2,2,1102.00,626.00,0.000000
IN,MAHARASHTRA,KHAMGAON,India,7,7,3170.10,2892.00,0.000000
IN,WEST BENGAL,"LILUAH,HOWRAH",India,5,5,3152.00,1970.00,0.000000
IN,WEST BENGAL,GANGARAMPUR,India,1,1,518.00,518.00,0.000000
IN,ASSAM,DIGBOI,India,16,16,13089.00,11657.00,0.010000
IN,KERALA,VADANAPPALLY,India,6,7,4019.00,4019.00,0.000000
IN,UTTAR PRADESH,JARWAL,India,2,1,399.00,399.00,0.000000
UNITED STATES,IL,CHICAGO,North America,3507,10521,3268618.39,3182132.60,1.540000
IN,CHHATTISGARH,KHAIRAGARH,India,2,2,1309.00,1309.00,0.000000
IN,BIHAR,VAISHALI,India,28,26,19861.78,16994.00,0.010000
IN,WEST BENGAL,KHANAKUL I,India,3,4,1753.00,1753.00,0.000000
IN,UTTAR PRADESH,SIKANDERPUR BALLIA DISTRICT,India,2,2,1802.00,1802.00,0.000000
IN,TRIPURA,DHARMANAGAR,India,4,3,2507.00,2507.00,0.000000
IN,ODISHA,TITILAGARH,India,1,1,758.00,758.00,0.000000
IN,WEST BENGAL,KRISHNAGANJ,India,4,1,1126.30,292.00,0.000000
IN,MAHARASHTRA,"BORIVALI,MUMBAI",India,1,1,449.00,449.00,0.000000
IN,MAHARASHTRA,KHATAV,India,1,1,399.00,399.00,0.000000
IN,UTTAR PRADESH,GREATER NOIDA WEST,India,53,52,33092.06,29186.00,0.020000
IN,MAHARASHTRA,DOMBIVLI - WEST,India,1,1,471.00,471.00,0.000000
IN,TAMIL NADU,SATHANKULAM,India,1,1,699.00,699.00,0.000000
IN,TAMIL NADU,CHENGELPATTU,India,3,3,1367.00,1367.00,0.000000
IN,KARNATAKA,MULBAGAL,India,6,6,6044.00,2171.00,0.000000
IN,CHHATTISGARH,BIJAPUR,India,3,3,1438.00,1438.00,0.000000
IN,BIHAR,SURAJGARHA,India,1,1,879.00,879.00,0.000000
IN,GUJARAT,DHRANGADHRA,India,4,3,3367.86,2525.00,0.000000
IN,MADHYA PRADESH,BUDNI,India,1,1,599.00,599.00,0.000000
IN,TELANGANA,SHANKARAMPET A,India,1,2,901.00,901.00,0.000000
IN,TAMIL NADU,NAMBIYUR,India,1,0,1451.43,0.00,0.000000
IN,MAHARASHTRA,RATNAGIRI,India,38,37,23723.00,23723.00,0.010000
IN,WEST BENGAL,"CHANDANNAGAR, DISTRICT - HOOGHLY",India,1,1,999.00,999.00,0.000000
IN,WEST BENGAL,CHANDIPUR MALDAH DISTRICT,India,2,1,1078.33,625.00,0.000000
IN,TELANGANA,KORATLA,India,9,4,4312.18,2997.00,0.000000
IN,TAMIL NADU,THIRUVERKADU,India,2,2,1443.00,1443.00,0.000000
IN,KERALA,ANGAMALY,India,16,16,11369.00,10039.00,0.010000
IN,ASSAM,DUDHNAI,India,1,1,666.00,666.00,0.000000
IN,ANDHRA PRADESH,RAJAMAHENDRAVARAM,India,2,2,804.00,804.00,0.000000
IN,ANDHRA PRADESH,MOVVA,India,2,2,1417.00,1417.00,0.000000
IN,KERALA,KUNNATHUNAD,India,26,24,19730.29,18643.00,0.010000
IN,ODISHA,BALANGIR,India,17,15,9549.38,7106.00,0.000000
IN,HIMACHAL PRADESH,MANALI,India,12,12,8620.00,6891.00,0.000000
IN,KARNATAKA,BHADRAVATI,India,13,14,7822.00,6390.00,0.000000
IN,PUNJAB,AJNALA,India,4,4,2446.00,2446.00,0.000000
IN,KERALA,KUREEKKAD,India,5,4,2827.00,2447.00,0.000000
IN,ASSAM,UDALGURI,India,3,3,1329.00,1329.00,0.000000
IN,ASSAM,HOWLI,India,2,2,1252.00,1252.00,0.000000
IN,KERALA,THONNAKKAL,India,1,0,683.81,0.00,0.000000
IN,UTTARAKHAND,CHAKLUWA KALADHUNGI,India,1,1,799.00,799.00,0.000000
IN,ASSAM,TEZPUR,India,59,43,33344.04,29391.00,0.020000
IN,KERALA,MANNAR,India,3,3,1915.00,1915.00,0.000000
IN,KERALA,KUTHIATHODE,India,2,2,1780.00,1780.00,0.000000
IN,NEW DELHI,DELHI,India,19,17,12173.05,11894.00,0.010000
IN,BIHAR,DHAKA,India,1,0,940.95,0.00,0.000000
IN,KARNATAKA,HONNAVAR,India,4,4,2919.00,2919.00,0.000000
IN,DELHI,NEW DELHI-35,India,1,1,625.00,625.00,0.000000
IN,UTTAR PRADESH,KONCH,India,2,1,850.00,850.00,0.000000
IN,KERALA,"KOTTARAKARA, KOLLAM",India,1,1,1115.00,1115.00,0.000000
IN,DELHI,SOUTH  DELHI,India,1,1,507.00,507.00,0.000000
IN,TAMIL NADU,ALAGAPPAPURAM,India,3,5,2009.00,2009.00,0.000000
IN,TAMIL NADU,ARANI THIRUVALLUR DISTRICT,India,4,5,3879.00,3879.00,0.000000
IN,KERALA,ELAYAVOOR,India,1,1,636.00,636.00,0.000000
IN,ANDAMAN & NICOBAR,KAMORTA,India,1,1,729.00,729.00,0.000000
IN,PUNJAB,TARN TARAN,India,1,0,621.90,0.00,0.000000
IN,BIHAR,SATGHARA,India,1,1,788.00,788.00,0.000000
IN,MAHARASHTRA,MUMBAI'S,India,1,1,387.00,387.00,0.000000
IN,JAMMU & KASHMIR,MENDHAR,India,1,1,399.00,0.00,0.000000
IN,MAHARASHTRA,"TAL. SHAHAPUR, DIST. THANE",India,1,1,735.00,735.00,0.000000
IN,TAMIL NADU,THIRVALLUR DISTRICT,India,1,1,1238.00,1238.00,0.000000
IN,JHARKHAND,RANCHI2,India,1,1,1122.00,1122.00,0.000000
IN,MAHARASHTRA,MUMBAI 400050,India,1,1,589.00,589.00,0.000000
IN,UTTAR PRADESH,TIRWAGANJ KANNAUJ,India,1,1,469.00,469.00,0.000000
IN,UTTARAKHAND,"KALADHUNGI ROAD,P.O- KATGHARIA ,HALDWANI",India,1,1,329.00,329.00,0.000000
IN,JAMMU & KASHMIR,KALAKOTE,India,1,1,1099.00,1099.00,0.000000
IN,TAMIL NADU,VILLUPURAM.,India,1,1,399.00,399.00,0.000000
IN,TAMIL NADU,KANNAMANGALAM,India,1,1,386.00,386.00,0.000000
IN,GUJARAT,"VILAYAT GIDC , BHARUCH",India,1,2,1107.00,1107.00,0.000000
IN,CHHATTISGARH,PANDARIA KABIRDHAM,India,1,1,725.00,725.00,0.000000
IN,TAMIL NADU,"MANIYANKUZHI, KANYAKUMARI",India,1,1,735.00,735.00,0.000000
IN,ODISHA,KULADA,India,1,1,759.00,759.00,0.000000
IN,MAHARASHTRA,"MALWANI CHURCH, MALAD WEST , MUMBAI.",India,1,1,543.00,543.00,0.000000
IN,MAHARASHTRA,"CHEMBUR, OPP BLDG NO . 112, MUMBAI",India,2,2,2250.00,2250.00,0.000000
IN,ASSAM,"GUWAHATI, MALIGAON",India,1,1,696.00,696.00,0.000000
IN,KERALA,CHERTHALA CITY,India,1,1,513.00,513.00,0.000000
IN,KERALA,"OLLUR, THRISSUR",India,1,1,999.00,999.00,0.000000
IN,KARNATAKA,NAVANAGAR BAGALKOT,India,1,1,1186.00,1186.00,0.000000
IN,WEST BENGAL,KOLKATA 700078,India,1,1,885.00,885.00,0.000000
IN,PUNJAB,JALALABAD,India,1,1,715.00,715.00,0.000000
IN,BIHAR,AMARPUR,India,1,0,0.00,0.00,0.000000
IN,ASSAM,NEW GUWAHATI TINIALI,India,1,1,518.00,518.00,0.000000
IN,GUJARAT,UPLETA,India,4,4,2699.00,2699.00,0.000000
IN,TAMIL NADU,VADUGAPATTI THENI DISTRICT,India,1,1,1125.00,1125.00,0.000000
IN,KERALA,THIRUVANANTHAPURAM,India,633,616,388123.86,359354.00,0.180000
IN,TAMIL NADU,USILAMPATTI,India,8,7,5229.00,5229.00,0.000000
IN,UTTAR PRADESH,ZAMANIA,India,4,3,2650.00,2650.00,0.000000
IN,KARNATAKA,DAVANAGERE,India,78,66,46150.43,43207.00,0.020000
IN,HARYANA,FARRUKH NAGAR,India,1,1,1152.00,1152.00,0.000000
UNITED STATES,WA,SEATTLE,North America,3504,10496,3224396.33,3144420.06,1.510000
IN,ANDHRA PRADESH,GUNTUR DIST PONNUR,India,1,1,487.00,487.00,0.000000
IN,UTTAR PRADESH,FATEHGANJ PASHCHIMI,India,1,1,684.00,684.00,0.000000
IN,MAHARASHTRA,RAIGARH,India,27,27,15335.00,15335.00,0.010000
IN,TAMIL NADU,CHEYYAR,India,2,2,808.00,808.00,0.000000
IN,RAJASTHAN,PADAMPUR,India,1,1,665.00,665.00,0.000000
CANADA,CA,SAN JOSE,North America,269,817,263252.09,257635.65,0.120000
IN,ODISHA,JALESWAR,India,2,2,1684.00,1684.00,0.000000
IN,UTTAR PRADESH,RAMPUR,India,30,27,18287.86,15788.00,0.010000
IN,CHHATTISGARH,NEW RAIPUR,India,11,5,8007.82,3299.00,0.000000
IN,UTTAR PRADESH,GULAOTHI DISTT. BULANDSHAHAR,India,1,1,999.00,999.00,0.000000
IN,WEST BENGAL,UTTARPARA,India,1,1,899.00,899.00,0.000000
IN,GUJARAT,BALIYASAN,India,2,0,0.00,0.00,0.000000
IN,UTTAR PRADESH,AURAIYA,India,17,13,8222.67,6836.00,0.000000
IN,KERALA,PAYYOLI,India,3,2,1820.54,390.00,0.000000
IN,PUNJAB,BHAGHA PURANA,India,1,0,350.48,0.00,0.000000
IN,HIMACHAL PRADESH,HAMIRPUR,India,31,25,19817.00,17742.00,0.010000
IN,KARNATAKA,MYSURUMYSORE,India,1,1,671.00,671.00,0.000000
IN,KERALA,KADAMAKKUDY,India,1,1,582.00,582.00,0.000000
IN,ODISHA,BARGARH,India,24,27,23137.32,21915.00,0.010000
IN,CHHATTISGARH,KHARSIA,India,3,2,2209.43,1698.00,0.000000
IN,TELANGANA,KOTHAKOTA,India,4,5,2362.00,2362.00,0.000000
IN,MADHYA PRADESH,NEELBAD,India,1,1,517.00,517.00,0.000000
IN,MAHARASHTRA,BABHALESHWAR,India,2,2,1105.00,729.00,0.000000
IN,MAHARASHTRA,PADAGHA,India,2,2,1939.00,1939.00,0.000000
IN,ANDAMAN & NICOBAR,SCHOOL LINE,India,1,1,1199.00,1199.00,0.000000
IN,UTTAR PRADESH,KARWI,India,6,8,6655.00,6655.00,0.000000
IN,ODISHA,"BHUBANESWAR, 751003",India,1,1,788.00,788.00,0.000000
IN,UTTARAKHAND,PAURI,India,18,19,10993.00,10506.00,0.010000
IN,GUJARAT,VAGHODIA,India,4,3,2425.00,2425.00,0.000000
IN,MAHARASHTRA,PARLI VAIJNATH,India,2,5,2126.00,2126.00,0.000000
IN,TAMIL NADU,ANUPURAM,India,3,3,1928.00,1928.00,0.000000
IN,UTTAR PRADESH,MERRUT,India,2,1,1186.00,1186.00,0.000000
IN,KARNATAKA,HULSOOR,India,1,0,278.10,0.00,0.000000
IN,TAMIL NADU,ARASUR,India,2,1,1619.61,458.00,0.000000
IN,ODISHA,PHULABANI,India,7,7,4719.00,4719.00,0.000000
IN,TAMIL NADU,KANGEYAM,India,1,1,549.00,549.00,0.000000
IN,ANDHRA PRADESH,CHINNAGOTTIGALLU,India,3,3,2419.00,2419.00,0.000000
IN,CHHATTISGARH,RAMANUJGANJ,India,1,1,387.00,387.00,0.000000
IN,TAMIL NADU,UDAIYALUR,India,2,2,669.00,669.00,0.000000
IN,CHHATTISGARH,ADBHAR,India,3,3,3228.02,1882.00,0.000000
IN,TAMIL NADU,PAPANASAM,India,4,4,2370.00,2370.00,0.000000
IN,MAHARASHTRA,DHULE,India,24,25,15803.00,13669.00,0.010000
IN,TAMIL NADU,SIRUSERI,India,1,1,835.00,835.00,0.000000
IN,KARNATAKA,GAURIBIDANUR,India,5,5,4425.00,4425.00,0.000000
IN,TAMIL NADU,VANIYAMBADI,India,2,2,924.00,924.00,0.000000
IN,ANDHRA PRADESH,VISSANNAPET,India,3,2,2032.00,1332.00,0.000000
IN,KERALA,IRIVERI,India,3,2,1025.00,1025.00,0.000000
IN,KARNATAKA,BAGEPALLI,India,3,3,2056.00,2056.00,0.000000
IN,MADHYA PRADESH,RAYMOND CHHINDWARA,India,2,2,1575.00,1575.00,0.000000
IN,KERALA,MALA,India,2,2,775.00,399.00,0.000000
IN,UTTAR PRADESH,BEWAR,India,2,1,1734.86,1112.00,0.000000
IN,UTTARAKHAND,"MALLITAL, NAINITAL",India,1,1,999.00,999.00,0.000000
IN,TAMIL NADU,PADAPPAI,India,8,8,3855.00,3855.00,0.000000
IN,KERALA,"KAKKANAD,KOCHI",India,1,1,1053.00,1053.00,0.000000
IN,KERALA,THOTTADA,India,12,15,7688.00,7289.00,0.000000
IN,TAMIL NADU,SUNDARAPANDIAM,India,2,2,886.00,886.00,0.000000
IN,UTTAR PRADESH,"VRINDAVAN, MATHURA",India,5,2,3228.57,1320.00,0.000000
IN,UTTAR PRADESH,DOHRIGHAT,India,1,1,487.00,487.00,0.000000
IN,CHHATTISGARH,JASHPURNAGAR,India,14,13,9941.53,8213.00,0.000000
IN,BIHAR,EKANGAR SARAI,India,2,2,1690.00,1690.00,0.000000
IN,KERALA,NARATH,India,1,0,0.00,0.00,0.000000
CANADA,CO,DENVER,North America,296,904,277088.47,265982.94,0.130000
IN,WEST BENGAL,ARAMBAGH,India,3,3,1785.00,1785.00,0.000000
IN,UTTAR PRADESH,KABRAI,India,1,1,1186.00,1186.00,0.000000
IN,KARNATAKA,SHRIRANGAPATTANA,India,2,1,1449.48,699.00,0.000000
IN,RAJASTHAN,GALIAKOT,India,2,2,1469.00,1469.00,0.000000
IN,ODISHA,KESINGA,India,5,5,4764.00,4764.00,0.000000
IN,MAHARASHTRA,RAJGURUNAGAR KHED,India,4,4,2530.00,2530.00,0.000000
IN,JHARKHAND,JHARIA,India,2,2,1134.00,1134.00,0.000000
IN,KERALA,PARAVOOR,India,6,5,3057.00,3057.00,0.000000
IN,UTTARAKHAND,JASPUR,India,2,2,920.00,920.00,0.000000
IN,MAHARASHTRA,PALAM,India,2,6,2256.00,2256.00,0.000000
IN,KERALA,HARIPAD,India,3,3,2111.00,1542.00,0.000000
IN,KERALA,BATHERY,India,1,1,744.00,744.00,0.000000
IN,MAHARASHTRA,"OLD PANVEL, NAVI MUMBAI",India,3,4,1731.00,1731.00,0.000000
IN,JHARKHAND,SHAHPUR,India,1,1,999.00,999.00,0.000000
IN,MAHARASHTRA,PIMPRI CHINCHWAD PUNE.,India,1,1,569.00,569.00,0.000000
IN,KERALA,PANGODE,India,1,1,799.00,799.00,0.000000
IN,PUNJAB,KARTARPUR,India,1,1,376.00,376.00,0.000000
IN,UTTAR PRADESH,BHATNI BAZAR (DEORIA),India,2,2,654.00,654.00,0.000000
IN,ANDHRA PRADESH,CHALLAPALLE,India,4,4,2027.00,2027.00,0.000000
IN,WEST BENGAL,BELUR,India,4,4,3138.00,3138.00,0.000000
IN,KERALA,"WADAKANCHERI,THRISSUR",India,1,1,413.00,413.00,0.000000
IN,KARNATAKA,RAMDURG,India,1,1,545.00,545.00,0.000000
IN,MAHARASHTRA,NANDURA,India,1,1,744.00,744.00,0.000000
IN,WEST BENGAL,JAYNAGAR MAZILPUR,India,2,2,1778.00,1778.00,0.000000
IN,MAHARASHTRA,"PIMPLE SAUDAGAR, PIMPRI-CHINCHWAD",India,1,1,545.00,545.00,0.000000
IN,TELANGANA,SHADNAGAR,India,3,2,1507.00,1507.00,0.000000
IN,KARNATAKA,DHARMASTHALA,India,1,1,329.00,329.00,0.000000
IN,UTTAR PRADESH,BISWAN,India,2,1,597.00,597.00,0.000000
IN,JHARKHAND,DHANWAR,India,2,2,752.00,376.00,0.000000
IN,ANDHRA PRADESH,KOTANANDURU,India,1,1,558.00,558.00,0.000000
IN,MAHARASHTRA,AURANGBAD,India,1,1,759.00,759.00,0.000000
IN,UTTAR PRADESH,TOWN.BUDHANA VILLAGE. HUSAINPUR KALAN,India,1,1,499.00,499.00,0.000000
IN,TAMIL NADU,ARAKANDANALLUR,India,1,1,487.00,487.00,0.000000
IN,MAHARASHTRA,"EVERSHINE CITY, VASAI (EAST)",India,2,2,1198.00,599.00,0.000000
IN,BIHAR,AMRATH,India,1,1,1698.00,1698.00,0.000000
IN,KARNATAKA,"BANTWAL, DAKSHINA KANNADA",India,2,2,1776.00,1776.00,0.000000
IN,HIMACHAL PRADESH,KASUMPTI SHIMLA,India,1,1,487.00,487.00,0.000000
IN,WEST BENGAL,MATELLI,India,1,1,835.00,835.00,0.000000
IN,MAHARASHTRA,AMBARNATH (WEST),India,1,1,869.00,869.00,0.000000
IN,KERALA,"PUDUKAD PO, THRISSUR",India,1,1,597.00,597.00,0.000000
IN,DELHI,NARELA,India,1,1,463.00,463.00,0.000000
IN,KARNATAKA,NAGAMANGALA,India,1,1,735.00,735.00,0.000000
IN,TELANGANA,"MADEENAGUDA, CHANDANAGAR, HYDERABAD",India,1,3,984.00,984.00,0.000000
IN,MAHARASHTRA,"RAWET, PUNE",India,1,1,1199.00,1199.00,0.000000
IN,MAHARASHTRA,BADLAPUR (W),India,1,1,735.00,735.00,0.000000
IN,ODISHA,BASUDEBPUR/BHADRAK,India,1,1,399.00,399.00,0.000000
IN,BIHAR,SHEOSAGAR,India,1,1,1075.00,1075.00,0.000000
IN,MAHARASHTRA,GOREGAON WEST,India,1,1,791.00,791.00,0.000000
IN,KERALA,AROOR,India,19,21,11941.33,11188.00,0.010000
IN,HARYANA,GOHANA,India,8,8,5737.00,4938.00,0.000000
IN,RAJASTHAN,"SARDARSHAHAR ,CHURU",India,1,1,899.00,899.00,0.000000
IN,TAMIL NADU,ERODE,India,69,61,43576.75,38910.00,0.020000
IN,KERALA,PERUMBAIKAD,India,14,11,6755.43,5038.00,0.000000
IN,MAHARASHTRA,KAIJ,India,2,2,894.00,894.00,0.000000
IN,KERALA,THALAKKULATHUR,India,5,4,2753.00,1365.00,0.000000
IN,RJ,JAIPUR,India,1,1,685.00,685.00,0.000000
IN,TAMIL NADU,KANCHEPURAM,India,2,2,1798.00,1798.00,0.000000
IN,KARNATAKA,SHIVAMOGGA,India,82,67,46168.19,38540.00,0.020000
IN,GUJARAT,GANDHINAGAR,India,128,120,85137.32,72501.00,0.040000
IN,KERALA,KANJIKODE INDUSTRIAL AREA,India,8,8,4869.00,4869.00,0.000000
IN,TAMIL NADU,GUDUVANCHERI,India,1,1,318.00,318.00,0.000000
IN,JHARKHAND,LOHARDAGA,India,3,3,1496.00,1496.00,0.000000
IN,MAHARASHTRA,CHEMBUR MUMBAI,India,2,4,1946.00,1946.00,0.000000
IN,TELANGANA,PALWANCHA,India,5,5,2342.00,2342.00,0.000000
IN,GUJARAT,NIZAR (BARDOLI),India,1,1,699.00,699.00,0.000000
IN,MAHARASHTRA,"KALYAN - WEST, THANE",India,1,1,1112.00,1112.00,0.000000
IN,KARNATAKA,"HOSKOTE, BANGALORE",India,3,3,2018.00,2018.00,0.000000
IN,TAMIL NADU,PODAKKUDI,India,3,6,3309.00,3309.00,0.000000
IN,ANDHRA PRADESH,TEKKALI,India,3,3,1488.00,1112.00,0.000000
IN,KERALA,"ELETTIL VATTOLI,KOZHIKODE",India,1,1,399.00,399.00,0.000000
IN,JHARKHAND,EGARKUNR,India,1,1,759.00,759.00,0.000000
IN,TAMIL NADU,KELAMBAKAM,India,2,2,957.00,957.00,0.000000
IN,MADHYA PRADESH,RAJGARH RAJGARH DISTRICT,India,5,5,4322.00,2780.00,0.000000
IN,KERALA,PALLIPURAM,India,2,2,1032.00,1032.00,0.000000
IN,TAMIL NADU,SIRKALI,India,7,4,4883.21,3601.00,0.000000
IN,ANDHRA PRADESH,ELURU -2,India,1,1,749.00,749.00,0.000000
IN,UTTAR PRADESH,SADABAD,India,1,1,399.00,0.00,0.000000
IN,PUNJAB,BUDHLADA,India,2,1,1223.48,533.00,0.000000
IN,KERALA,ALAMCODE MALAPPURAM DISTRICT,India,1,1,744.00,744.00,0.000000
IN,TAMIL NADU,VEERAKKALPUDUR,India,2,2,1220.00,1220.00,0.000000
IN,KERALA,KOZIKODE,India,4,4,2276.00,2276.00,0.000000
IN,HARYANA,MILAKPUR,India,1,1,788.00,788.00,0.000000
IN,UTTAR PRADESH,NIYOTNI,India,1,1,1173.00,1173.00,0.000000
IN,MAHARASHTRA,NASHIK ROAD,India,1,1,399.00,399.00,0.000000
IN,WEST BENGAL,CHAMPDANI,India,3,2,1108.95,568.00,0.000000
IN,KERALA,CHENNITHALA,India,2,1,999.00,999.00,0.000000
IN,WEST BENGAL,DISTRICT- BURDWAN,India,1,1,471.00,471.00,0.000000
IN,UTTARAKHAND,HERBERTPUR,India,2,2,1876.00,1876.00,0.000000
IN,ODISHA,"BHUBANESHWAR, ODISHA",India,1,1,685.00,685.00,0.000000
IN,WEST BENGAL,KHOARDANGA,India,1,1,683.00,683.00,0.000000
IN,MADHYA PRADESH,LAHAR,India,1,1,399.00,399.00,0.000000
IN,UTTAR PRADESH,CHHAPRAULI,India,1,1,356.00,356.00,0.000000
IN,UTTAR PRADESH,MANJHANPUR,India,1,1,449.00,449.00,0.000000
IN,CHHATTISGARH,PALI,India,1,1,459.00,459.00,0.000000
IN,KERALA,AVITTATHUR,India,1,1,544.00,544.00,0.000000
IN,KARNATAKA,HASSAN (AMAZON ARUN),India,3,3,1403.00,1403.00,0.000000
IN,RAJASTHAN,SRIDUNGARGARH,India,1,1,475.00,475.00,0.000000
IN,UTTAR PRADESH,DARIYABAD,India,1,1,1127.00,1127.00,0.000000
IN,MAHARASHTRA,"ROADPALI, KALAMBOLI",India,1,1,1126.00,1126.00,0.000000
IN,WEST BENGAL,TAPAN,India,2,2,1418.00,1418.00,0.000000
IN,UTTARAKHAND,BANBASA,India,3,3,1123.00,1123.00,0.000000
IN,KERALA,OCHIRA,India,1,1,725.00,725.00,0.000000
IN,WEST BENGAL,SARISHA,India,1,1,1287.00,1287.00,0.000000
IN,TAMIL NADU,"KALAIYANUR, COIMBATORE",India,2,4,1505.00,1505.00,0.000000
IN,KARNATAKA,"BANGALORE, KARNATAKA",India,1,1,471.00,0.00,0.000000
IN,KERALA,KOIPPAD CHATHANNOOR,India,1,1,376.00,376.00,0.000000
IN,ANDHRA PRADESH,GUNTUR  DISTRICT,India,2,1,435.00,0.00,0.000000
IN,ODISHA,NUAPATNA,India,1,1,685.00,685.00,0.000000
IN,UTTAR PRADESH,JHANSI CANTT,India,1,1,888.00,888.00,0.000000
IN,NEW DELHI,NORTH DELHI,India,1,1,807.00,807.00,0.000000
IN,MAHARASHTRA,KARANJA (LAAD),India,1,1,346.00,346.00,0.000000
IN,TAMIL NADU,MADURA,India,1,0,0.00,0.00,0.000000
IN,KERALA,TRIPUNITRA,India,1,1,725.00,725.00,0.000000
IN,PUNJAB,AKALGARH,India,2,2,1745.00,1745.00,0.000000
IN,WEST BENGAL,NABAGRAM COLONY,India,10,7,4600.00,4600.00,0.000000
IN,MAHARASHTRA,"DECCAN , PUNE",India,1,1,690.00,690.00,0.000000
IN,TELANGANA,"BACHUPALLY, HYDERABAD",India,1,1,399.00,399.00,0.000000
IN,KARNATAKA,BANTWAL,India,10,8,7551.62,5524.00,0.000000
IN,MAHARASHTRA,MUMBAI 400049,India,1,1,599.00,599.00,0.000000
IN,TAMIL NADU,SUNDARAPANDIAPURAM,India,2,2,2070.00,2070.00,0.000000
IN,KERALA,VENGANOOR,India,2,2,1241.00,1241.00,0.000000
IN,KARNATAKA,SHIRAWAD INDUSTRIAL AREA,India,1,0,0.00,0.00,0.000000
IN,MAHARASHTRA,KANDIVALI EST MUMBAI,India,2,1,999.00,0.00,0.000000
IN,MAHARASHTRA,THANE (W),India,10,7,5045.00,5045.00,0.000000
IN,GOA,PIRNA,India,2,2,792.00,792.00,0.000000
IN,UTTARAKHAND,BHOWALI,India,7,7,5014.00,5014.00,0.000000
IN,MAHARASHTRA,SHAHAPUR,India,2,2,1424.00,1424.00,0.000000
IN,TELANGANA,BACHUPALLY,India,1,1,431.00,431.00,0.000000
IN,TELANGANA,SECUNDERABAD.,India,2,2,971.00,971.00,0.000000
IN,KERALA,CHERUVATHUR,India,1,0,0.00,0.00,0.000000
IN,MAHARASHTRA,"HADAPSAR, PUNE",India,1,1,660.00,660.00,0.000000
IN,ANDHRA PRADESH,KOTAURATLA,India,1,0,0.00,0.00,0.000000
IN,TAMIL NADU,COIMBATORE I,India,1,1,293.00,293.00,0.000000
IN,KERALA,CHITTUR THATHAMANGALAM,India,12,13,8431.00,7733.00,0.000000
IN,PUNJAB,NAKODAR,India,14,14,8916.00,8916.00,0.000000
INDIA,CA,SAN JOSE,Global,775,2369,739322.30,723267.27,0.350000
IN,TAMIL NADU,HOSUR,India,91,83,50772.05,44615.00,0.020000
IN,UTTAR PRADESH,MUNDERA BAZAR,India,3,4,3249.00,3249.00,0.000000
IN,KERALA,ERNAKULAM,India,468,457,297022.32,263032.00,0.140000
IN,NEW DELHI,NEW DELHI-110015,India,1,1,416.00,0.00,0.000000
IN,SIKKIM,RANGPO,India,22,20,14110.00,13229.00,0.010000
IN,TELANGANA,NIRMAL,India,11,10,6875.43,5460.00,0.000000
IN,MADHYA PRADESH,MANDLA,India,13,12,9281.00,8502.00,0.000000
CANADA,TX,SAN ANTONIO,North America,309,945,284577.31,273153.56,0.130000
IN,WEST BENGAL,NEW BARRACKPUR,India,5,6,4542.00,4542.00,0.000000
IN,KERALA,ERANAKULAM,India,5,6,3100.00,3100.00,0.000000
IN,PUDUCHERRY,PONDICHERRY,India,20,23,15574.38,13314.00,0.010000
IN,UTTAR PRADESH,FARRUKHABAD,India,17,18,11753.00,11753.00,0.010000
IN,WEST BENGAL,RAJARHAT GOPALPUR,India,1,1,727.00,727.00,0.000000
IN,KARNATAKA,KOPPA,India,5,4,2041.00,2041.00,0.000000
IN,WEST BENGAL,"SODEPUR, KOLKATA",India,2,2,1401.00,1401.00,0.000000
IN,TAMIL NADU,TIRUVETHIPURAM,India,5,4,3980.00,3280.00,0.000000
IN,TAMIL NADU,THIRUTHURAIPOONDI,India,4,4,3686.57,3278.00,0.000000
IN,DELHI,SHAKARPUR,India,3,4,1672.00,1672.00,0.000000
IN,ANDHRA PRADESH,NAGIREDDIPALLE,India,1,2,885.00,885.00,0.000000
IN,UTTAR PRADESH,GHAZIPUR,India,27,27,21316.79,18187.00,0.010000
UNITED KINGDOM,PA,PHILADELPHIA,Europe,247,778,227665.89,220680.73,0.110000
AUSTRALIA,NC,CHARLOTTE,Asia-Pacific,209,654,204668.09,198166.33,0.100000
IN,ANDHRA PRADESH,RAJAM,India,6,5,2767.00,2767.00,0.000000
IN,MAHARASHTRA,WADA,India,3,2,2268.29,1534.00,0.000000
IN,WEST BENGAL,LILUAH,India,5,5,4224.00,4224.00,0.000000
IN,GOA,VARCA,India,10,8,5593.10,4395.00,0.000000
IN,UTTAR PRADESH,HAPUR,India,13,11,9326.00,8855.00,0.000000
IN,ASSAM,SIPAJHAR,India,2,1,875.00,495.00,0.000000
IN,MADHYA PRADESH,MAUGANJ,India,4,5,3362.00,3362.00,0.000000
IN,KERALA,ERAMALLOOR,India,1,1,435.00,435.00,0.000000
IN,WEST BENGAL,RAHARA,India,6,7,6320.00,5944.00,0.000000
IN,HARYANA,LADWA STATE- KURUKSHETRA,India,1,1,399.00,399.00,0.000000
IN,TAMIL NADU,"PASUR,ERODE",India,1,1,771.00,771.00,0.000000
IN,UTTARAKHAND,CHAMPAWAT,India,7,7,5824.00,4712.00,0.000000
IN,JHARKHAND,JAMADOBA,India,2,1,647.00,647.00,0.000000
IN,JHARKHAND,KATRAS,India,2,2,1074.00,537.00,0.000000
IN,MAHARASHTRA,THANE - WEST,India,4,4,3043.00,3043.00,0.000000
IN,BIHAR,BARAUNI IOC TOWNSHIP,India,4,4,2150.00,2150.00,0.000000
IN,KERALA,"ALUVA, ERNAKULAM",India,1,1,458.00,458.00,0.000000
IN,KARNATAKA,SULYA,India,13,11,9450.00,6154.00,0.000000
IN,UTTAR PRADESH,GHAZIABADSAHIBABAD,India,2,2,399.00,399.00,0.000000
IN,ANDHRA PRADESH,"RANGAREDDY DISTRICT,HYDERABAD",India,1,1,635.00,635.00,0.000000
IN,UTTAR PRADESH,COLONELGANJ,India,3,3,903.00,301.00,0.000000
IN,RAJASTHAN,KARAULI,India,4,7,4838.00,4838.00,0.000000
IN,TAMIL NADU,VIRUDHACHALAM,India,9,9,3983.00,3465.00,0.000000
IN,UTTAR PRADESH,DHAMPUR,India,9,9,6913.00,5750.00,0.000000
IN,BIHAR,SHEOHAR,India,1,1,581.00,581.00,0.000000
IN,MAHARASHTRA,"SHAHUNAGAR, DHARAVI,MUMBAI",India,3,3,1475.00,1475.00,0.000000
IN,RAJASTHAN,KHETRI,India,1,1,709.00,709.00,0.000000
IN,ODISHA,GOTAMARA,India,2,1,641.00,641.00,0.000000
IN,KERALA,"VIZHINJAM, TRIVANDRUM",India,1,0,760.95,0.00,0.000000
IN,GOA,COLVA,India,3,3,2680.00,2680.00,0.000000
IN,UTTAR PRADESH,BANGLA CHOURAHA,India,2,4,1826.00,1826.00,0.000000
IN,MAHARASHTRA,MANCHAR,India,2,2,1922.00,1922.00,0.000000
IN,KERALA,CHEPPAD,India,4,4,1961.00,1961.00,0.000000
IN,CHHATTISGARH,WADRAFNAGAR,India,1,1,475.00,475.00,0.000000
IN,MANIPUR,MOTBUNG,India,1,1,788.00,788.00,0.000000
IN,JHARKHAND,CHIRKUNDA,India,5,4,3346.86,2624.00,0.000000
IN,TAMIL NADU,MANAPPARAI,India,2,2,1644.00,1644.00,0.000000
IN,TAMIL NADU,"CHROMPET, CHENNAI",India,1,0,380.00,0.00,0.000000
IN,ANDHRA PRADESH,NELLORE DIST.,India,1,1,399.00,399.00,0.000000
IN,BIHAR,DIGHWARA,India,1,1,1115.00,1115.00,0.000000
IN,KARNATAKA,YENAGUDDE,India,4,6,3322.00,3322.00,0.000000
IN,ODISHA,UMARKOTE,India,3,3,1488.00,1488.00,0.000000
IN,MADHYA PRADESH,NOWROZABAD,India,3,1,1693.71,1068.00,0.000000
IN,GUJARAT,DHANDHUKA,India,2,1,681.00,301.00,0.000000
IN,TAMIL NADU,VILANTHAI ANDIMADAM(PO),India,1,1,399.00,399.00,0.000000
IN,TAMIL NADU,COIMBATORE 641041,India,4,4,2531.68,1570.00,0.000000
IN,TAMIL NADU,"VALLIOOR VIA, TIRUNELVELI DISTRICT",India,2,2,944.00,944.00,0.000000
IN,HARYANA,ASSANDH,India,2,2,1033.00,1033.00,0.000000
IN,KARNATAKA,SHAHPUR,India,2,2,1117.00,1117.00,0.000000
IN,PUNJAB,JANDIALA AMRITSAR DISTRICT,India,4,3,1649.00,1024.00,0.000000
IN,MADHYA PRADESH,JAORA,India,3,3,2751.00,2751.00,0.000000
IN,KARNATAKA,BENGALURU 560062,India,1,1,729.00,729.00,0.000000
IN,ANDHRA PRADESH,TALLAPUDI,India,1,1,442.00,442.00,0.000000
IN,JAMMU & KASHMIR,JAMMU AND KADHMIR,India,1,1,631.00,631.00,0.000000
IN,TELANGANA,BEET BAZAR,India,1,1,1201.00,1201.00,0.000000
IN,CHHATTISGARH,PANDARIA,India,1,1,999.00,999.00,0.000000
IN,WEST BENGAL,BASUDEBPUR MURSHIDABAD DISTRICT,India,1,1,471.00,471.00,0.000000
IN,GUJARAT,"AT POST UNAI,TA VANSDA DI NAVSARI",India,1,1,680.00,680.00,0.000000
IN,MAHARASHTRA,WANI,India,1,0,0.00,0.00,0.000000
IN,ANDHRA PRADESH,MUTTUKURU,India,1,1,357.00,357.00,0.000000
IN,UTTAR PRADESH,SIANA,India,1,1,463.00,463.00,0.000000
IN,UTTAR PRADESH,KHUTAR,India,1,1,999.00,999.00,0.000000
IN,ANDHRA PRADESH,MAHABUBNAGAR,India,1,1,625.00,625.00,0.000000
IN,MAHARASHTRA,PUNE 16,India,2,2,2028.00,2028.00,0.000000
IN,MAHARASHTRA,"GOREGAON EAST, MUMBAI -  400097",India,1,3,936.00,936.00,0.000000
IN,WEST BENGAL,KOLKATAL,India,1,1,622.00,622.00,0.000000
IN,TELANGANA,ATHVELLY,India,1,1,471.00,471.00,0.000000
IN,KERALA,ELANJI P.O,India,1,1,399.00,399.00,0.000000
IN,KERALA,PERUMANNA,India,4,4,2456.00,2456.00,0.000000
IN,UTTAR PRADESH,BHATPAR RANI,India,3,3,3168.00,3168.00,0.000000
IN,UTTAR PRADESH,SIKRI KALAN,India,1,1,521.00,521.00,0.000000
IN,TAMIL NADU,MAYILADUTHURAI,India,11,13,7846.00,7846.00,0.000000
IN,WEST BENGAL,TAMLUK,India,5,5,2605.00,2605.00,0.000000
IN,MADHYA PRADESH,SHAMGARH,India,1,2,1090.00,1090.00,0.000000
IN,JHARKHAND,DALTONGANJ,India,17,15,8549.24,7954.00,0.000000
IN,GUJARAT,PALANPUR,India,16,17,11277.00,9854.00,0.010000
AUSTRALIA,TX,HOUSTON,Asia-Pacific,203,628,196328.23,189553.30,0.090000
IN,RAJASTHAN,KAMAN,India,1,1,1481.00,1481.00,0.000000
IN,LADAKH,LEH,India,33,30,29291.43,25289.00,0.010000
IN,ANDHRA PRADESH,SULLURU,India,11,11,5927.00,5927.00,0.000000
IN,WEST BENGAL,SHEORAPHULI,India,2,2,1198.00,1198.00,0.000000
IN,KERALA,PURANATTUKARA,India,11,10,5921.00,5921.00,0.000000
IN,MAHARASHTRA,TALODA,India,5,4,3812.48,2123.00,0.000000
IN,TELANGANA,ISNAPUR,India,6,6,2821.00,1624.00,0.000000
IN,ANDHRA PRADESH,PAYAKARAOPETA,India,5,3,2718.00,2718.00,0.000000
IN,KERALA,KANJIRAPPALLY,India,12,11,8600.71,8035.00,0.000000
IN,MADHYA PRADESH,RATLAM,India,20,17,12506.58,11038.00,0.010000
IN,MAHARASHTRA,"ANDHERI EAST, MUMBAI",India,5,3,2345.00,2345.00,0.000000
IN,MADHYA PRADESH,TAMIA,India,1,1,684.00,684.00,0.000000
IN,KERALA,"PATTAMBI, PALAKKAD",India,1,1,989.00,989.00,0.000000
IN,KERALA,KODAKARA,India,6,5,3684.00,3684.00,0.000000
IN,MAHARASHTRA,MOHADI MIDC,India,3,3,2618.00,2618.00,0.000000
IN,UTTAR PRADESH,KHERI,India,4,7,6699.00,6699.00,0.000000
AUSTRALIA,CO,DENVER,Asia-Pacific,198,589,179980.61,175196.07,0.080000
IN,UTTARAKHAND,ROORKEE,India,65,62,41662.00,38202.00,0.020000
IN,TAMIL NADU,THORAPADI,India,2,1,486.00,486.00,0.000000
IN,ARUNACHAL PRADESH,NIRJULI,India,3,3,1616.00,1616.00,0.000000
IN,MADHYA PRADESH,KASRAWAD,India,2,1,771.00,771.00,0.000000
UNITED STATES,CA,LOS ANGELES,North America,3571,10654,3293609.37,3190423.99,1.550000
IN,CHHATTISGARH,SAKTI,India,2,2,1598.00,1598.00,0.000000
IN,KERALA,VYLATHUR,India,4,4,2664.00,2664.00,0.000000
UNITED KINGDOM,CA,SAN JOSE,Europe,244,708,212158.18,203068.88,0.100000
IN,CHHATTISGARH,DHAMTARI,India,16,14,10316.00,10316.00,0.000000
IN,TELANGANA,BIKNOOR,India,1,1,301.00,301.00,0.000000
IN,UTTAR PRADESH,KORWA,India,5,5,2553.00,2154.00,0.000000
IN,KERALA,CHEMANCHERI,India,6,5,3581.95,2981.00,0.000000
IN,GOA,MAPUSA,India,64,61,34610.48,32309.00,0.020000
IN,KARNATAKA,GAJENDRAGARH,India,5,4,2568.01,770.00,0.000000
IN,BIHAR,JEHANABAD,India,15,13,10623.00,7626.00,0.000000
IN,KERALA,CALICUT DIST,India,1,1,799.00,799.00,0.000000
IN,UTTAR PRADESH,AMBEDKAR NAGAR,India,5,4,2043.00,2043.00,0.000000
IN,ANDHRA PRADESH,ANAKAPALLI,India,2,2,1034.00,1034.00,0.000000
IN,TAMIL NADU,CHROMPET,India,1,1,788.00,788.00,0.000000
IN,UTTARAKHAND,GHANSALI,India,2,2,2150.00,1075.00,0.000000
IN,KERALA,ALATHUR,India,9,11,6783.00,6783.00,0.000000
IN,MAHARASHTRA,KURUNDVAD,India,1,1,1238.00,1238.00,0.000000
IN,MAHARASHTRA,JALNA,India,30,28,21616.19,16712.00,0.010000
IN,MAHARASHTRA,"VADAVALI, NAIGAON, VASAI",India,1,1,680.00,680.00,0.000000
IN,MAHARASHTRA,NANDED MAHARASHTRA,India,1,1,1112.00,1112.00,0.000000
IN,GOA,CANACONA,India,16,14,10547.86,8773.00,0.000000
IN,WEST BENGAL,RANAGHAT,India,5,3,3172.86,2450.00,0.000000
IN,ANDHRA PRADESH,ACHANTA,India,2,2,891.00,891.00,0.000000
IN,UTTAR PRADESH,THAKURDWARA,India,1,1,791.00,0.00,0.000000
IN,TAMIL NADU,NILAKKOTTAI,India,1,1,399.00,399.00,0.000000
IN,ODISHA,BARBIL,India,9,9,3924.00,3595.00,0.000000
IN,MAHARASHTRA,"MUMBAI, MULUND (W)",India,1,1,493.00,493.00,0.000000
UNITED KINGDOM,TX,SAN ANTONIO,Europe,259,805,254575.69,242321.19,0.120000
IN,WEST BENGAL,BASIRHAT,India,7,7,4597.00,3848.00,0.000000
IN,UTTAR PRADESH,SIKANDARABAD INDUSTRIAL AREA,India,4,3,2126.00,2126.00,0.000000
IN,KERALA,MUNNAR,India,10,10,6134.00,4699.00,0.000000
IN,BIHAR,SARAN,India,2,2,1454.00,1454.00,0.000000
IN,WEST BENGAL,MALBAZAR,India,1,1,666.00,666.00,0.000000
IN,MAHARASHTRA,THANE:421302,India,3,2,2884.00,2884.00,0.000000
IN,TELANGANA,HYDERABAD TELANGANA,India,1,1,1199.00,1199.00,0.000000
IN,KARNATAKA,"JUDICIAL LAYOUT, BENGALURU",India,1,1,648.00,648.00,0.000000
IN,KARNATAKA,CHIKAMAGALUR,India,1,1,654.00,654.00,0.000000
IN,MAHARASHTRA,"DOMBIVLI EAST, DIST: THANE",India,2,2,1167.00,1167.00,0.000000
IN,RAJASTHAN,SARMATHURA,India,1,1,1473.00,1473.00,0.000000
IN,KERALA,KOITHOORKONAM,India,1,1,471.00,471.00,0.000000
IN,MAHARASHTRA,MIRA ROAD (EAST),India,1,1,475.00,475.00,0.000000
IN,MAHARASHTRA,ACHALPUR,India,1,1,464.00,464.00,0.000000
IN,ANDHRA PRADESH,PARAVADA INDUSTRIAL AREA,India,2,2,1963.00,1963.00,0.000000
IN,MAHARASHTRA,GOREGAON EAST  MUMBAI,India,1,1,459.00,459.00,0.000000
IN,ANDHRA PRADESH,ENDADA/VISHAKA PATNAM,India,1,1,744.00,744.00,0.000000
IN,CHHATTISGARH,"KOTRA ROAD ,RAIGARH",India,1,0,403.81,0.00,0.000000
IN,WEST BENGAL,"MAINAGURI, JALPAIGURI",India,1,1,399.00,399.00,0.000000
IN,JHARKHAND,"KANKE, RANCHI",India,1,1,399.00,399.00,0.000000
IN,HARYANA,BARARA,India,1,1,1349.00,1349.00,0.000000
IN,UTTAR PRADESH,CHHATA,India,1,1,522.00,522.00,0.000000
IN,KARNATAKA,"ELECTRONIC CITY PHASE-1, BANGALORE",India,1,1,631.00,631.00,0.000000
IN,PUNJAB,BHIKHIWIND,India,1,1,382.00,382.00,0.000000
IN,MADHYA PRADESH,SIDHI,India,8,7,5957.62,5530.00,0.000000
IN,WEST BENGAL,BARASST,India,1,1,399.00,0.00,0.000000
IN,UTTAR PRADESH,MAHRAJGANJ MAHRAJGANJ DISTRICT,India,7,5,4583.00,3448.00,0.000000
IN,MADHYA PRADESH,HATTA,India,2,3,1948.00,1948.00,0.000000
IN,KERALA,KUNJATHUR,India,3,2,1930.00,965.00,0.000000
IN,HARYANA,KAITHAL,India,18,17,10898.00,10119.00,0.010000
IN,ODISHA,"KHURDA,BHUBANESWAR",India,1,1,517.00,517.00,0.000000
IN,MADHYA PRADESH,PRITHVIPUR,India,5,5,3356.00,3356.00,0.000000
IN,MAHARASHTRA,"KHARGHAR, NAVI MUMBAI",India,4,4,2740.00,1641.00,0.000000
IN,KERALA,TIRUR,India,19,16,14749.58,11569.00,0.010000
IN,MAHARASHTRA,MUMBAI 400005,India,1,1,545.00,545.00,0.000000
IN,UTTARAKHAND,VIKASNAGAR,India,13,13,9167.00,8644.00,0.000000
IN,KERALA,THRISUR,India,2,1,718.48,368.00,0.000000
IN,MAHARASHTRA,"SANTACRUZ EAST, MUMBAI",India,1,1,788.00,788.00,0.000000
IN,KERALA,"NILAMBUR P O , MALAPPURAM",India,1,0,360.95,0.00,0.000000
IN,ODISHA,SAMBALPUR,India,42,38,28875.79,26819.00,0.010000
IN,KERALA,PERALASSERI,India,3,2,838.00,838.00,0.000000
IN,WEST BENGAL,MURSHIDABAD,India,5,6,3901.00,3901.00,0.000000
IN,TAMIL NADU,VALLAM THANJAVUR DISTRICT,India,3,4,2807.00,2807.00,0.000000
IN,KERALA,MAVOOR,India,13,12,9692.57,8240.00,0.000000
IN,ODISHA,KHORDHA,India,10,9,6359.00,6359.00,0.000000
IN,KARNATAKA,HALIYAL,India,4,5,3985.00,3164.00,0.000000
IN,TELANGANA,BIBINAGAR HYDERABAD,India,1,1,672.00,672.00,0.000000
IN,MAHARASHTRA,NAIGOAN,India,2,1,654.00,0.00,0.000000
IN,MAHARASHTRA,"BORIVALI WEST, MUMBAI",India,1,1,376.00,376.00,0.000000
IN,HIMACHAL PRADESH,BALDWARA,India,1,1,653.00,653.00,0.000000
IN,RAJASTHAN,BHARATPUR,India,26,22,17648.94,16039.00,0.010000
IN,ANDHRA PRADESH,"TADEPALLI MANDAL,GUNTUR DISTRICT",India,1,1,699.00,699.00,0.000000
IN,KARNATAKA,MUDIPU,India,1,1,1163.00,1163.00,0.000000
IN,WEST BENGAL,PUJALI,India,1,1,480.00,480.00,0.000000
IN,KERALA,KUDLU,India,4,3,2461.00,1761.00,0.000000
IN,MAHARASHTRA,"KHARGHAR,",India,2,1,665.67,379.00,0.000000
IN,KARNATAKA,GULBARGA,India,6,6,2805.00,2805.00,0.000000
IN,TAMIL NADU,TIRICHIRAPALLI,India,1,1,469.00,469.00,0.000000
IN,ODISHA,LANJIGARH,India,2,2,759.00,759.00,0.000000
IN,MAHARASHTRA,VASAI VIRAR,India,308,286,186466.18,158970.00,0.090000
IN,KERALA,CHANGANACHERI,India,1,1,399.00,399.00,0.000000
IN,MADHYA PRADESH,BHOPAL,India,472,439,318732.09,288324.00,0.150000
IN,KERALA,KOTTAYAM DISTRICT,India,4,4,2236.00,2236.00,0.000000
IN,KERALA,ALUVA ERNAKULAM,India,3,2,3075.29,1442.00,0.000000
IN,MAHARASHTRA,"MANMAD, DIST- NASIK",India,2,1,841.95,301.00,0.000000
IN,MAHARASHTRA,KARANJA,India,4,3,1920.00,1920.00,0.000000
IN,MAHARASHTRA,YAVATMAL,India,40,38,29132.40,25264.00,0.010000
IN,TAMIL NADU,METTUPALAYAM TIRUCHIRAPPALLI DISTRICT,India,2,2,1542.00,1542.00,0.000000
IN,KERALA,KALAMASSERY,India,80,70,49913.49,39141.00,0.020000
IN,CHHATTISGARH,RAIGARH,India,32,34,20420.00,18989.00,0.010000
IN,ANDHRA PRADESH,SATYAVEDU,India,4,4,2584.00,2185.00,0.000000
IN,WEST BENGAL,"DURGAPUR, WEST BENGAL",India,1,3,1120.00,1120.00,0.000000
IN,UTTAR PRADESH,MAWANA,India,4,4,1633.00,1633.00,0.000000
IN,MADHYA PRADESH,PICHHORE SHIVPURI DISTRICT,India,3,2,1574.00,1574.00,0.000000
IN,TAMIL NADU,NARASINGAPURAM VELLORE DISTRICT,India,5,4,2064.00,2064.00,0.000000
IN,Metro Hub,MUMBAI,India,15221,33644,2837271.00,2823775.00,1.330000
IN,ASSAM,NALBARI,India,15,11,8646.19,7790.00,0.000000
IN,TAMIL NADU,THISAYANVILAI,India,3,3,1743.00,1743.00,0.000000
IN,ANDHRA PRADESH,NANDIKOTKUR,India,1,1,899.00,899.00,0.000000
IN,UTTAR PRADESH,SAHARANPUR,India,65,57,44010.15,35504.00,0.020000
IN,KERALA,"KATTANAM  , ALLEPY",India,2,2,1252.00,626.00,0.000000
IN,KARNATAKA,YELLAPUR,India,3,3,1792.00,1792.00,0.000000
IN,PUNJAB,ZIRAKPUR,India,142,134,99597.06,87634.00,0.050000
IN,GUJARAT,AHEMEDABAD,India,3,3,2859.00,1823.00,0.000000
IN,GUJARAT,NADIAD,India,27,33,22468.48,15936.00,0.010000
IN,KARNATAKA,BANGANLORE,India,1,0,471.43,0.00,0.000000
IN,KARNATAKA,BELTANGADI,India,7,5,3751.05,2492.00,0.000000
IN,MAHARASHTRA,MUMBAI 400 020,India,3,2,1435.00,1435.00,0.000000
IN,ASSAM,DIPHU,India,7,6,4977.48,3536.00,0.000000
IN,UTTAR PRADESH,JAHANGIRABAD,India,5,3,2979.89,1954.00,0.000000
IN,KERALA,PONKUNNAM (KOTTAYAM),India,1,1,771.00,771.00,0.000000
IN,KERALA,KAKKODI,India,2,2,883.00,883.00,0.000000
IN,WEST BENGAL,KURSEONG -734204,India,1,1,699.00,699.00,0.000000
IN,KERALA,VADUTHALA,India,1,1,735.00,735.00,0.000000
IN,MADHYA PRADESH,SAGORE DIST.DHAR,India,1,1,1099.00,1099.00,0.000000
IN,ANDHRA PRADESH,ANAPARTHY,India,16,17,11234.00,11234.00,0.010000
IN,HARYANA,GURUGRAMGURGAON,India,2,2,937.00,937.00,0.000000
IN,UTTAR PRADESH,AONLA,India,4,3,3542.10,2724.00,0.000000
IN,GUJARAT,BABEN,India,1,1,635.00,635.00,0.000000
IN,KERALA,PERINJANAM,India,3,3,1856.00,1856.00,0.000000
IN,ODISHA,RENGALI DAM PROJECT TOWNSHIP,India,1,0,981.25,0.00,0.000000
IN,MAHARASHTRA,DHANORI-VISHRANTWADI,India,1,0,551.43,0.00,0.000000
IN,MAHARASHTRA,MUMBAI.,India,2,2,1267.00,1267.00,0.000000
IN,MAHARASHTRA,MUMBAI 400023,India,1,1,563.00,563.00,0.000000
IN,WEST BENGAL,OODLABARI,India,1,1,1349.00,1349.00,0.000000
IN,HIMACHAL PRADESH,NADAUN,India,4,3,2919.38,2427.00,0.000000
IN,GOA,DICARPALI - NAVELIM,India,1,1,666.00,666.00,0.000000
IN,HARYANA,HSIIDC INDUSTRIAL ESTATE PANIPAT,India,1,1,1319.00,1319.00,0.000000
IN,TAMIL NADU,CHENNAI 64,India,1,1,1168.00,1168.00,0.000000
IN,MAHARASHTRA,"BORIVALI EAST, MUMBAI",India,1,1,574.00,574.00,0.000000
IN,TELANGANA,IBRAHIMPATNAM,India,2,2,1436.00,1436.00,0.000000
IN,TELANGANA,"MEDCHAL DISTRICT, SHAMIRPET MONDAL. HYDERABAD",India,1,1,376.00,376.00,0.000000
IN,WEST BENGAL,DAKSHIN RAJYADHARPUR,India,3,2,2657.86,2135.00,0.000000
IN,UTTAR PRADESH,CHANDAULI UP,India,1,0,0.00,0.00,0.000000
IN,WEST BENGAL,"PALTA, NORTH 24 PARAGANAS, WEST BENGAL",India,1,1,475.00,475.00,0.000000
IN,KERALA,KANDANASSERY,India,1,1,845.00,845.00,0.000000
IN,JAMMU & KASHMIR,DODA,India,1,2,1031.00,1031.00,0.000000
IN,GOA,AQUEM MARGAO,India,1,0,0.00,0.00,0.000000
IN,MAHARASHTRA,ANDHERI EAST,India,1,1,864.00,864.00,0.000000
IN,MAHARASHTRA,AMBARNATH WEST,India,1,1,751.00,751.00,0.000000
IN,ASSAM,"ABHAYAPURI, BONGAIGAON",India,1,1,487.00,487.00,0.000000
IN,WEST BENGAL,PARA,India,1,1,599.00,599.00,0.000000
IN,ANDHRA PRADESH,"TADEPALLI, GUNTUR DT.",India,1,1,573.00,573.00,0.000000
IN,TAMIL NADU,CHENGALPET,India,1,1,824.00,824.00,0.000000
IN,ANDHRA PRADESH,DONAKONDA,India,2,2,772.00,772.00,0.000000
IN,KERALA,"KANIYAPURAM, THIRUVANANTHAPURAM DISTRICT",India,2,6,3042.00,3042.00,0.000000
IN,TAMIL NADU,"PULIYAMPETTAI, THIRUPUVANAM THANJAVUR DISTRICT",India,1,1,376.00,376.00,0.000000
IN,KARNATAKA,PANDAVAPURA,India,1,1,416.00,416.00,0.000000
IN,MAHARASHTRA,DISTRICT PUNE,India,1,1,744.00,744.00,0.000000
IN,RAJASTHAN,NEEMKATHANA SIKAR,India,1,1,357.00,357.00,0.000000
IN,UTTARAKHAND,KATHGODAM (HALDWANI),India,1,1,999.00,999.00,0.000000
IN,MADHYA PRADESH,MHOW GAON,India,1,1,955.00,955.00,0.000000
IN,UTTAR PRADESH,GHAZIABAD UP,India,1,1,382.00,382.00,0.000000
IN,CHHATTISGARH,SANKRA,India,1,1,1432.00,1432.00,0.000000
IN,ANDHRA PRADESH,KUTUKULURU,India,1,1,459.00,459.00,0.000000
IN,JHARKHAND,RAMGARH CANTTOMENT,India,1,1,399.00,399.00,0.000000
IN,CHHATTISGARH,"DURG, BHILAI",India,1,0,335.24,0.00,0.000000
IN,TAMIL NADU,PERALAM,India,1,1,376.00,376.00,0.000000
IN,MAHARASHTRA,BOPODI PUNE,India,1,1,690.00,690.00,0.000000
IN,KERALA,THIRUVEGAPPURA,India,1,1,999.00,0.00,0.000000
IN,MAHARASHTRA,HINGANGHAT,India,4,4,2882.00,2882.00,0.000000
IN,MAHARASHTRA,"KANDIVALI (E), MUMBAI",India,1,1,690.00,690.00,0.000000
IN,ANDHRA PRADESH,"NALLAPADU, GUNTUR",India,2,1,442.00,442.00,0.000000
IN,KERALA,CALICUT MEDICAL COLLEGE,India,1,1,0.00,0.00,0.000000
IN,ANDHRA PRADESH,DEVARAPALLI,India,5,6,4231.00,2348.00,0.000000
IN,WEST BENGAL,TUFANGANJ,India,5,5,2053.00,2053.00,0.000000
IN,PUNJAB,ZIRA,India,2,2,727.00,727.00,0.000000
IN,JHARKHAND,RAMGARH CANTONMENT CIVIL TOWNSHIP,India,14,13,9757.00,9757.00,0.000000
IN,TELANGANA,BHADRACHALAM,India,11,11,6665.00,6665.00,0.000000
IN,WEST BENGAL,"BAIDYABATI, HOOGHLY",India,1,1,345.00,345.00,0.000000
AUSTRALIA,CA,SAN FRANCISCO,Asia-Pacific,225,649,196754.59,189088.28,0.090000
IN,KERALA,PAYIMBRA,India,2,2,1031.00,1031.00,0.000000
IN,ODISHA,GHATAGAON,India,1,0,0.00,0.00,0.000000
IN,GOA,CASNE-AMBEREM-POROSCADEM VP,India,1,1,969.00,969.00,0.000000
IN,TELANGANA,VICARABAD,India,2,2,752.00,752.00,0.000000
IN,TAMIL NADU,AYACODE,India,3,3,2314.00,2314.00,0.000000
IN,MAHARASHTRA,"POYENGE, PANVEL, NEW MUMBAI",India,2,2,1254.00,1254.00,0.000000
IN,HIMACHAL PRADESH,CHUARI KHAS,India,2,2,1814.00,1814.00,0.000000
IN,GUJARAT,KADODARA,India,9,7,5817.66,5131.00,0.000000
IN,TAMIL NADU,PANAGUDI,India,1,1,453.00,453.00,0.000000
IN,TAMIL NADU,PALANI,India,13,14,10783.00,9383.00,0.010000
IN,KERALA,KUNNUMMAL,India,4,2,1280.00,1280.00,0.000000
IN,MAHARASHTRA,WALUJ MIDC,India,8,11,7681.00,7084.00,0.000000
IN,TAMIL NADU,COONOOR,India,12,11,8203.43,7392.00,0.000000
IN,MADHYA PRADESH,RAISEN,India,7,5,5120.00,4780.00,0.000000
IN,MADHYA PRADESH,MAHESHWAR,India,3,3,1550.00,1075.00,0.000000
IN,TELANGANA,YERRABALEM,India,2,2,1234.00,1234.00,0.000000
IN,TAMIL NADU,"KONDUR, CUDDALORE",India,1,1,696.00,696.00,0.000000
IN,TAMIL NADU,RADHAPURAM,India,5,7,2689.00,2689.00,0.000000
IN,KERALA,VELLAYANI PO.,India,1,1,672.00,672.00,0.000000
IN,KERALA,NAYATHODE,India,1,1,301.00,301.00,0.000000
IN,UTTAR PRADESH,NAJIBABAD,India,12,10,8224.00,7825.00,0.000000
IN,MAHARASHTRA,PUNE 48,India,1,1,735.00,735.00,0.000000
IN,UTTAR PRADESH,AKBARPUR,India,14,11,10609.00,9290.00,0.000000
IN,MAHARASHTRA,TASGAON,India,4,4,3100.00,0.00,0.000000
IN,KERALA,MANIYAT,India,5,4,1955.00,1955.00,0.000000
IN,WEST BENGAL,NEW TOWN,India,240,226,155505.91,147843.00,0.070000
IN,WEST BENGAL,"CONTAI, EAST MEDINIPUR",India,1,1,399.00,399.00,0.000000
IN,TAMIL NADU,AMBATTUR,India,4,4,2008.00,1154.00,0.000000
IN,UTTARAKHAND,HARIDWAR,India,65,64,41824.05,38998.00,0.020000
IN,TELANGANA,"TARNAKA, HYDERABAD",India,1,1,771.00,771.00,0.000000
IN,KARNATAKA,HALASHI,India,1,1,771.00,771.00,0.000000
IN,KARNATAKA,GUBBI,India,3,1,1214.81,751.00,0.000000
IN,GUJARAT,HALOL,India,5,4,2569.00,2569.00,0.000000
IN,SIKKIM,JORETHANG,India,13,12,9852.00,9852.00,0.000000
IN,WEST BENGAL,CHAKAPARA,India,1,1,1093.00,1093.00,0.000000
IN,WEST BENGAL,"PUJALI,BUDGE BUDGE",India,1,1,399.00,399.00,0.000000
IN,KARNATAKA,SHIRHATTI,India,2,1,471.00,471.00,0.000000
IN,ODISHA,BALASORE,India,5,5,2934.00,2934.00,0.000000
IN,UTTAR PRADESH,CHOPAN,India,2,2,1456.00,1456.00,0.000000
IN,TAMIL NADU,"ANNAMALAI NAGAR , CHIDHAMBARAM",India,1,1,523.00,523.00,0.000000
IN,MAHARASHTRA,PIMPLE SAUDAGAR,India,2,2,1113.00,1113.00,0.000000
IN,KERALA,KANNADIPARAMBA,India,1,1,1065.00,1065.00,0.000000
IN,HIMACHAL PRADESH,JOGINDER NAGAR,India,1,1,301.00,301.00,0.000000
IN,TELANGANA,JILLELAGUDA,India,4,4,1740.00,435.00,0.000000
IN,TAMIL NADU,KUMBAKONAM,India,30,28,15142.00,13831.00,0.010000
IN,CHHATTISGARH,BALODABAZAR,India,2,2,1324.00,1324.00,0.000000
IN,MAHARASHTRA,CHAKAN,India,11,8,5229.86,3963.00,0.000000
IN,GUJARAT,KEVADIYA,India,1,1,428.00,0.00,0.000000
IN,UTTAR PRADESH,BISALPUR,India,3,2,1064.00,1064.00,0.000000
IN,WEST BENGAL,PURSURA,India,1,0,0.00,0.00,0.000000
IN,UTTARAKHAND,NAGLA,India,1,1,671.00,671.00,0.000000
IN,MAHARASHTRA,"VASAI,PALGHAR",India,6,6,3513.00,3513.00,0.000000
IN,TAMIL NADU,"KEERANOOR,MALLUR",India,1,1,471.00,471.00,0.000000
IN,LADAKH,LEH LADAKH,India,4,5,5762.00,5762.00,0.000000
IN,WEST BENGAL,KARIMPUR,India,6,5,3377.00,3377.00,0.000000
IN,MAHARASHTRA,"MULUND (WEST), MUMBAI",India,2,2,1537.00,1537.00,0.000000
IN,KERALA,AMBALAMEDU,India,2,1,1505.29,771.00,0.000000
IN,ASSAM,BONGAIGAON,India,19,15,10136.29,7748.00,0.000000
IN,GUJARAT,GANDHIDHAM,India,24,25,14871.96,14331.00,0.010000
IN,UTTAR PRADESH,LALGANJ AZAMGARH,India,1,1,517.00,517.00,0.000000
IN,PUNJAB,GHARSHANKAR,India,1,1,499.00,499.00,0.000000
IN,KERALA,NARIKKUNI,India,2,2,1620.00,1620.00,0.000000
IN,MAHARASHTRA,SELU,India,1,1,599.00,599.00,0.000000
IN,KARNATAKA,BANGALORE-560 086,India,1,1,579.00,579.00,0.000000
IN,ODISHA,PARLAKHEMUNDI,India,7,6,3866.00,3866.00,0.000000
IN,ANDHRA PRADESH,PAMARRU,India,2,2,995.00,995.00,0.000000
IN,TAMIL NADU,CHENGALPATTU TALUK,India,1,1,558.00,558.00,0.000000
IN,MAHARASHTRA,ROHA,India,5,5,3073.33,2146.00,0.000000
IN,UTTAR PRADESH,BINDKI FATEHPUR,India,2,1,790.00,790.00,0.000000
IN,JHARKHAND,RAMGARH CANTONMENT TOWNSHIP,India,1,1,666.00,666.00,0.000000
IN,UTTAR PRADESH,UJHANI,India,1,1,399.00,399.00,0.000000
IN,BIHAR,TOLA MANSARAUT,India,1,0,700.95,0.00,0.000000
IN,UTTAR PRADESH,"NAUTANWA, MAHARAJGANJ",India,1,1,857.00,857.00,0.000000
IN,RAJASTHAN,BANASTHALI,India,1,1,459.00,459.00,0.000000
IN,HIMACHAL PRADESH,DERA GOPIPUR,India,2,2,1250.00,1250.00,0.000000
IN,WEST BENGAL,UTTAR MADARIHAT,India,1,1,1033.00,1033.00,0.000000
IN,TAMIL NADU,"THIRUNAGAR, MADURAI",India,2,1,1415.48,725.00,0.000000
IN,TAMIL NADU,"MEDAVAKKAM, CHENNAI",India,2,2,368.00,368.00,0.000000
IN,ANDHRA PRADESH,PRATTIPADU,India,2,2,1370.57,702.00,0.000000
IN,MADHYA PRADESH,PITHAMPUR INDUSTRIAL HUB,India,1,1,692.00,692.00,0.000000
IN,TAMIL NADU,KARAPAKKAM CHENNAI,India,2,2,1775.00,1775.00,0.000000
IN,TAMIL NADU,"KRISHNAPURAM, COIMBATORE",India,1,1,301.00,301.00,0.000000
IN,MANIPUR,IMPHAL-WEST,India,1,1,605.00,605.00,0.000000
IN,BIHAR,BAIRGANIA,India,1,1,387.00,387.00,0.000000
IN,TAMIL NADU,P.N.PATTI,India,1,2,2130.00,2130.00,0.000000
IN,KERALA,COCHI,India,1,2,1224.00,1224.00,0.000000
IN,TELANGANA,PARGI,India,3,3,1719.00,1719.00,0.000000
IN,ASSAM,SONAI TOWN,India,1,1,1299.00,1299.00,0.000000
IN,WEST BENGAL,DHANIA,India,1,1,301.00,301.00,0.000000
IN,DELHI,SHALIMAR BAGH,India,1,0,0.00,0.00,0.000000
IN,TELANGANA,"PERZAADIGUDA, HYDERABAD",India,2,1,475.00,475.00,0.000000
IN,TAMIL NADU,KARUMATHAMPATTI,India,2,2,662.00,662.00,0.000000
IN,ANDHRA PRADESH,CHEVUTURU,India,1,1,1099.00,1099.00,0.000000
IN,MAHARASHTRA,PAITHAN,India,1,1,416.00,416.00,0.000000
IN,KARNATAKA,BANGALURU,India,1,1,435.00,435.00,0.000000
IN,GUJARAT,"KHODIYAR, AHMEDABAD",India,1,1,449.00,449.00,0.000000
IN,ASSAM,LAKHIMPUR,India,1,1,758.00,758.00,0.000000
IN,KARNATAKA,ATHANI,India,1,1,380.00,380.00,0.000000
IN,KARNATAKA,KOTEKAR,India,1,1,969.00,969.00,0.000000
IN,TELANGANA,THRUMALAGIRI,India,1,0,0.00,0.00,0.000000
IN,MADHYA PRADESH,AMLOHRI,India,1,1,432.00,432.00,0.000000
IN,MAHARASHTRA,"NERUL EAST, NAVI MUMBAI",India,1,1,487.00,487.00,0.000000
IN,GUJARAT,HIMATNAGAR,India,2,2,1496.00,1496.00,0.000000
IN,UTTAR PRADESH,SAKALDIHA,India,1,1,399.00,399.00,0.000000
IN,TAMIL NADU,TINDIVANAM VILLUPURAM DISTRICT,India,1,1,725.00,725.00,0.000000
IN,TAMIL NADU,PETHANAICKENPALAYAM,India,1,2,775.00,775.00,0.000000
IN,KARNATAKA,"NAGAMANGLA TALUK,MANDYA DISTRICT",India,1,1,771.00,771.00,0.000000
IN,KARNATAKA,CHITTAPUR TQ,India,1,1,612.00,612.00,0.000000
IN,MAHARASHTRA,LAKHNI,India,1,1,1523.00,1523.00,0.000000
IN,UTTAR PRADESH,"NAINI, ALLAHABAD",India,1,1,1477.00,1477.00,0.000000
IN,MAHARASHTRA,NEAR VIGHNAHARTA GANESH MANDIR,India,1,1,353.00,353.00,0.000000
IN,BIHAR,MUNGER,India,18,17,10705.00,10705.00,0.010000
IN,ANDHRA PRADESH,CHITRADA VILLAGE,India,1,1,730.00,730.00,0.000000
IN,UTTAR PRADESH,GHAZIABAD,India,1404,1353,938153.46,848035.00,0.440000
IN,RAJASTHAN,DHARIAWAD,India,1,1,499.00,499.00,0.000000
IN,ANDHRA PRADESH,BHOGAPURAM,India,1,1,442.00,442.00,0.000000
IN,MAHARASHTRA,VIRAR.  (W),India,1,1,431.00,431.00,0.000000
IN,TELANGANA,NALGONDA,India,37,36,23531.00,21094.00,0.010000
IN,KERALA,MANNARKKAD,India,1,1,359.00,359.00,0.000000
INDIA,CA,LOS ANGELES,Global,759,2278,686853.47,670105.33,0.320000
IN,KERALA,EROOR,India,2,2,1148.00,574.00,0.000000
IN,PUNJAB,MOHALI,India,274,263,190507.90,179735.00,0.090000
IN,TAMIL NADU,KARUR,India,50,50,26006.80,22182.00,0.010000
IN,MAHARASHTRA,SOLAPUR,India,79,100,69204.00,67310.00,0.030000
IN,TAMIL NADU,THIRUPUVANAM THANJAVUR DISTRICT,India,1,0,492.38,0.00,0.000000
IN,MAHARASHTRA,VASAI WEST,India,18,20,13753.00,13753.00,0.010000
IN,KARNATAKA,HOLE NARSIPUR,India,4,4,2931.00,2931.00,0.000000
IN,Metro Hub,HR-NCR,India,37330,84346,6171676.00,6154230.00,2.900000
IN,WEST BENGAL,GHATAL,India,5,2,834.00,834.00,0.000000
IN,KARNATAKA,(CHIKMAGALUR DISTERICT).     (N.R PUR THALUKU),India,1,1,389.00,389.00,0.000000
IN,MAHARASHTRA,PUNE 41104,India,1,1,599.00,599.00,0.000000
IN,TAMIL NADU,OOTY,India,12,10,9547.96,8407.00,0.000000
IN,UTTAR PRADESH,MILAK,India,6,6,6407.00,6407.00,0.000000
IN,TELANGANA,SECENDRABAD,India,1,1,764.00,764.00,0.000000
IN,ODISHA,BHUBAN,India,1,0,1026.67,0.00,0.000000
IN,WEST BENGAL,MEDINIPUR,India,29,25,19205.00,17764.00,0.010000
IN,JHARKHAND,ARA,India,5,5,4973.00,4973.00,0.000000
IN,UTTAR PRADESH,CHUNAR,India,6,5,4204.00,4204.00,0.000000
IN,BIHAR,FATWAH,India,4,3,2561.00,2561.00,0.000000
IN,TELANGANA,SAROORNAGAR,India,2,3,1677.00,1677.00,0.000000
IN,KARNATAKA,GONIKOPPAL,India,4,4,2705.00,2705.00,0.000000
IN,MAHARASHTRA,NAGBHID,India,1,1,442.00,442.00,0.000000
IN,TAMIL NADU,ANDIPATTI JAKKAMPATTI,India,4,4,3614.00,3614.00,0.000000
IN,KARNATAKA,HUNSUR,India,12,10,6256.48,2000.00,0.000000
IN,WEST BENGAL,ASHOKNAGAR,India,2,1,668.00,668.00,0.000000
IN,HARYANA,SHAHZADPUR,India,2,2,308.00,308.00,0.000000
IN,DELHI,DILSHAD GARDEN,India,6,7,2678.00,2678.00,0.000000
IN,GOA,PERNEM,India,10,11,6192.00,6192.00,0.000000
IN,KERALA,PONKUNNAM,India,4,4,2707.00,2707.00,0.000000
IN,DELHI,SHAHDARA,India,7,12,8342.00,8342.00,0.000000
IN,TAMIL NADU,THIRUVALAM,India,6,6,4135.00,4135.00,0.000000
IN,TAMIL NADU,MAHINDRA WORLD CITY,India,15,15,8947.00,8947.00,0.000000
IN,DELHI,WEST DELHI,India,8,5,5516.42,3825.00,0.000000
IN,MAHARASHTRA,"DOMBIVALI EAST, KALYAN DISTRICT",India,1,1,301.00,301.00,0.000000
IN,ASSAM,BIHPURIA,India,2,2,1737.00,1737.00,0.000000
IN,RAJASTHAN,MADANGANJ-KISHANGARH  AJMER,India,1,2,1744.00,1744.00,0.000000
IN,RAJASTHAN,NEEMRANA,India,2,2,2618.00,2618.00,0.000000
IN,JAMMU & KASHMIR,LEH,India,28,26,22425.38,19246.00,0.010000
IN,PUNJAB,BATALA,India,10,10,6295.00,6295.00,0.000000
IN,ODISHA,BHADRAK,India,17,17,12404.00,12404.00,0.010000
IN,MANIPUR,LILONG IMPHAL WEST,India,6,4,2514.00,2514.00,0.000000
IN,KARNATAKA,"MADIKERI,KODAGU.",India,1,1,399.00,399.00,0.000000
IN,MADHYA PRADESH,INDOREINDORE,India,1,1,635.00,635.00,0.000000
IN,HARYANA,MATENHAIL,India,3,3,2241.00,2241.00,0.000000
IN,WEST BENGAL,BUDGE BUDGE,India,12,11,7655.00,7110.00,0.000000
IN,ANDHRA PRADESH,KANCHIKACHERLA,India,4,3,1560.00,1560.00,0.000000
IN,TELANGANA,MIRYALAGUDA,India,17,17,10888.00,10456.00,0.010000
IN,PUNJAB,ABOHAR,India,7,5,3739.00,3739.00,0.000000
IN,TAMIL NADU,NEW PERUNGALATHUR,India,1,1,835.00,835.00,0.000000
IN,TAMIL NADU,KALLAKURICHI,India,6,6,2688.00,2688.00,0.000000
IN,ANDHRA PRADESH,"VADAMALPET (M), CHITTOOR (D.T)",India,1,1,1523.00,1523.00,0.000000
IN,KERALA,PUTHUPARAMBA,India,2,1,847.00,847.00,0.000000
IN,KERALA,"EDATHIRUTHY,THRISSUR",India,1,1,725.00,725.00,0.000000
IN,UTTAR PRADESH,MURADNAGAR,India,8,8,6250.00,6250.00,0.000000
IN,DELHI,JOSHI ROAD KAROL BAGH NEW DELHI,India,2,1,788.00,788.00,0.000000
IN,GUJARAT,LIMKHEDA,India,3,1,1283.92,442.00,0.000000
IN,GOA,MARCELA,India,3,2,1278.00,898.00,0.000000
IN,ANDHRA PRADESH,SULLURPETA,India,1,1,349.00,349.00,0.000000
IN,KERALA,PERUMACHERY,India,5,5,3735.00,747.00,0.000000
IN,UNKNOWN,UNKNOWN,India,28,28,18671.00,16641.00,0.010000
IN,GUJARAT,RAJKOT,India,201,202,133015.90,126546.00,0.060000
IN,ANDHRA PRADESH,MUMMIDIVARAM,India,1,1,432.00,432.00,0.000000
IN,MAHARASHTRA,ULHASNAGER,India,1,1,301.00,301.00,0.000000
IN,UTTAR PRADESH,CHHIBRAMAU,India,6,5,3845.81,2895.00,0.000000
IN,MAHARASHTRA,"NERAL EAST, KARJAT RAIGAD",India,1,1,788.00,788.00,0.000000
IN,MADHYA PRADESH,DHARAMPURI,India,3,1,2018.20,582.00,0.000000
IN,KERALA,PALLIPPURAM ALAPPUZHA DISTRICT,India,3,3,1647.00,1647.00,0.000000
IN,KARNATAKA,BELAGAVI,India,131,124,84414.86,79459.00,0.040000
IN,UTTAR PRADESH,BUDAUN,India,22,21,13122.48,12772.00,0.010000
IN,BIHAR,BALIA,India,1,1,741.00,741.00,0.000000
IN,MADHYA PRADESH,UJJAIN,India,52,51,35572.28,34238.00,0.020000
IN,MAHARASHTRA,BALLARPUR,India,8,5,5639.46,3086.00,0.000000
IN,HARYANA,HISSAR,India,2,3,3255.00,3255.00,0.000000
IN,ANDHRA PRADESH,VISAKHAPATANM,India,1,1,999.00,999.00,0.000000
IN,RAJASTHAN,RAIPUR TEHSIL PIRAWA DISTRICT JHALAWAR,India,1,1,872.00,872.00,0.000000
IN,GUJARAT,PRANTIJ,India,1,1,595.00,595.00,0.000000
IN,TAMIL NADU,KALLADAIKURICHI,India,1,1,735.00,735.00,0.000000
IN,GUJARAT,SANTRAMPUR,India,1,1,599.00,599.00,0.000000
IN,UTTAR PRADESH,KEWALPUR BAHRAICH,India,1,0,0.00,0.00,0.000000
IN,TELANGANA,"HYDERABAD, RANGAREDDY .",India,1,1,376.00,376.00,0.000000
IN,JHARKHAND,GOBINDPUR DHANBAD,India,1,1,969.00,969.00,0.000000
IN,MAHARASHTRA,"THANE, MUMBAI",India,1,1,353.00,353.00,0.000000
IN,MAHARASHTRA,"THANE(W), THANE",India,4,1,845.00,845.00,0.000000
IN,UTTARAKHAND,SRINAGAR GARHWAL,India,5,5,2677.00,2677.00,0.000000
IN,TAMIL NADU,KOTTAGOUNDAMPATI,India,1,1,967.00,967.00,0.000000
IN,ASSAM,LAKHIPUR GOALPARA DISTRICT,India,2,2,1779.00,1779.00,0.000000
IN,UTTAR PRADESH,SAIFAI ETAWAH,India,2,3,1738.00,1738.00,0.000000
IN,KERALA,THALAKKULATHUR FRESH BAKERY,India,1,0,951.43,0.00,0.000000
IN,TAMIL NADU,TIRUNELVELI DISTRICT,India,1,2,1001.00,1001.00,0.000000
IN,ODISHA,BALUGAON,India,1,1,888.00,888.00,0.000000
IN,ARUNACHAL PRADESH,YAZALI,India,1,1,487.00,487.00,0.000000
IN,MADHYA PRADESH,CHANDERI,India,2,1,929.33,476.00,0.000000
IN,WEST BENGAL,"MURARAI,BIRBHUM",India,2,2,1051.00,1051.00,0.000000
IN,KARNATAKA,"KINNIGOLI,MANGLURU",India,1,1,877.00,877.00,0.000000
IN,JHARKHAND,BARKAGAW,India,1,1,487.00,487.00,0.000000
IN,ODISHA,"ROURKELA , DIST - SUNDARGARH",India,1,1,568.00,568.00,0.000000
IN,ODISHA,BADMAL,India,1,1,399.00,399.00,0.000000
IN,PUNJAB,"DORAHA, DISTRICT LUDHIANA.",India,1,1,545.00,545.00,0.000000
IN,CHHATTISGARH,GARAWAND,India,1,1,799.00,799.00,0.000000
IN,TAMIL NADU,OMALUR,India,1,1,518.00,518.00,0.000000
IN,MAHARASHTRA,MUMBAI 400053,India,1,1,688.00,688.00,0.000000
IN,UTTAR PRADESH,NEAR SHAUCHALEY,India,1,1,549.00,549.00,0.000000
IN,UTTAR PRADESH,MURSAN,India,1,1,399.00,399.00,0.000000
IN,CHHATTISGARH,FARSABAHAR,India,2,1,1994.54,999.00,0.000000
IN,HIMACHAL PRADESH,DIST UNA,India,2,2,932.00,932.00,0.000000
IN,DELHI,CENTRAL DELHI,India,7,7,5165.33,4376.00,0.000000
IN,WEST BENGAL,KURSEONG,India,7,7,4996.00,2911.00,0.000000
IN,ASSAM,KALIABOR,India,2,2,1556.00,1556.00,0.000000
IN,MAHARASHTRA,VIRAR WEST,India,32,34,20522.86,18290.00,0.010000
IN,ANDHRA PRADESH,CHAGALLU,India,4,4,2196.00,2196.00,0.000000
IN,KERALA,KULASEKHARAPURAM,India,1,1,537.00,537.00,0.000000
IN,KERALA,EDAPPALLY NORTH,India,1,1,735.00,735.00,0.000000
IN,MAHARASHTRA,"CHEMBUR, MUMBAI",India,2,2,1134.00,1134.00,0.000000
IN,KERALA,KALAVOOR,India,1,1,721.00,721.00,0.000000
IN,KARNATAKA,TIRTHAHALLI,India,5,4,2125.00,2125.00,0.000000
IN,ANDHRA PRADESH,BICCAVOLU,India,3,3,1483.00,1483.00,0.000000
IN,GOA,SALIGAO,India,6,7,3882.00,3882.00,0.000000
IN,UTTAR PRADESH,"TILHAR, 9717754694",India,1,1,525.00,525.00,0.000000
IN,ANDHRA PRADESH,KOYYALAGUDEM,India,3,3,2522.00,2522.00,0.000000
IN,WEST BENGAL,KRISHNANAGAR,India,13,12,7353.38,6352.00,0.000000
IN,WEST BENGAL,BISHNUPUR BANKURA DISTRICT,India,3,3,1850.00,1850.00,0.000000
IN,BIHAR,BHABUA,India,3,2,1284.00,1284.00,0.000000
IN,ASSAM,BARPETA,India,4,4,3544.00,3544.00,0.000000
IN,BIHAR,RAJGIR,India,6,5,5413.00,3981.00,0.000000
IN,KARNATAKA,SARVABHOUMNAGAR  CHIKALSANDRA  BENGALURU,India,1,1,399.00,399.00,0.000000
IN,TAMIL NADU,ETTIMADAI,India,4,4,1936.00,1936.00,0.000000
IN,MAHARASHTRA,"KHARGHAR,NAVI MUMBAI",India,5,5,2954.00,2954.00,0.000000
IN,TELANGANA,"MEHADIPATNAM ,HYDERABAD",India,1,1,443.00,443.00,0.000000
IN,TAMIL NADU,"NANDIVARAM GUDUVANCHERI,",India,1,1,824.00,824.00,0.000000
IN,KERALA,VALAYAM,India,2,2,2049.38,1457.00,0.000000
IN,KERALA,KORATTY,India,8,8,4792.00,4102.00,0.000000
IN,RAJASTHAN,BAGRU,India,6,6,3570.00,3570.00,0.000000
IN,KERALA,VENGOLA,India,8,8,4206.00,3251.00,0.000000
IN,MAHARASHTRA,KHED,India,6,7,3782.00,3782.00,0.000000
IN,TAMIL NADU,WALAJAPET,India,7,5,3840.24,2480.00,0.000000
IN,RAJASTHAN,GOREDI CHANCHA,India,1,1,499.00,499.00,0.000000
IN,KERALA,MAYYANAD,India,2,4,1534.00,1534.00,0.000000
IN,WEST BENGAL,HASIMNAGAR,India,2,2,1464.48,894.00,0.000000
IN,DELHI,NEW DELHI DWARKA SECTER 6,India,1,1,885.00,885.00,0.000000
IN,UTTAR PRADESH,KANPUR NAGAR,India,3,2,2144.48,1574.00,0.000000
IN,PUNJAB,FATEHGARH CHURIAN,India,1,1,1075.00,1075.00,0.000000
IN,KERALA,PALAKKAD,India,223,213,136370.77,118852.00,0.060000
IN,MANIPUR,IMPHAL WEST,India,13,13,8919.00,8919.00,0.000000
IN,TAMIL NADU,NATRAMPALLI,India,2,2,1277.00,1277.00,0.000000
IN,ANDHRA PRADESH,GOLLAPROLU,India,1,1,845.00,845.00,0.000000
IN,JAMMU & KASHMIR,AWANTIPORA,India,1,1,968.00,968.00,0.000000
IN,UTTAR PRADESH,MAHRAJGANJ AZAMGARH DISTRICT,India,2,2,1501.00,1501.00,0.000000
IN,KARNATAKA,KUSHALANAGARA,India,14,12,7400.95,6860.00,0.000000
IN,CHHATTISGARH,BANKI MONGRA,India,2,2,870.00,399.00,0.000000
IN,MAHARASHTRA,ADYAL,India,1,1,1112.00,1112.00,0.000000
IN,UTTAR PRADESH,SAMBHAL,India,6,6,5678.00,5678.00,0.000000
IN,TAMIL NADU,GANGAVALLI,India,2,2,2468.00,2468.00,0.000000
UNITED KINGDOM,TX,AUSTIN,Europe,240,700,213256.52,205331.35,0.100000
IN,TAMIL NADU,DHARMAPURI,India,27,24,15131.96,12265.00,0.010000
IN,GUJARAT,CHALTHAN,India,4,4,2953.00,2953.00,0.000000
IN,KARNATAKA,KOLAMBE,India,4,4,2281.00,2281.00,0.000000
IN,BIHAR,SULTANGANJ,India,1,1,517.00,517.00,0.000000
IN,TAMIL NADU,NANNILAM,India,3,3,2287.00,2287.00,0.000000
IN,UTTAR PRADESH,VRINDAVAN,India,25,21,16057.73,10258.00,0.010000
IN,KERALA,KOTTAYAMPOYIL/THALASSERY,India,1,1,521.00,521.00,0.000000
IN,KERALA,VAZHAKKALA,India,23,19,11700.00,11700.00,0.010000
IN,WEST BENGAL,"HOWRAH, LILUAH",India,1,1,399.00,399.00,0.000000
IN,PUNJAB,SAMANA,India,2,2,1766.00,1766.00,0.000000
IN,DELHI,NEW DELHI 110045,India,1,1,399.00,399.00,0.000000
IN,KARNATAKA,MUDBIDRI,India,14,14,8197.00,8197.00,0.000000
UNITED STATES,FL,JACKSONVILLE,North America,3594,10870,3281693.36,3166467.93,1.540000
IN,KERALA,NADUVANNUR  KOZHIKODE (DISTRICT )BALUSSERY(TOWN),India,1,0,595.24,0.00,0.000000
IN,KARNATAKA,BAIL HONGAL,India,6,7,4456.00,4456.00,0.000000
IN,DELHI,NEW DELHI.53,India,1,1,1281.00,1281.00,0.000000
IN,TELANGANA,CHILKUR,India,2,1,612.00,612.00,0.000000
IN,RAJASTHAN,GOTAN,India,1,1,835.00,835.00,0.000000
IN,TELANGANA,GADWAL,India,6,6,3101.00,3101.00,0.000000
IN,ANDHRA PRADESH,GAMPALAGUDEM,India,2,2,1398.00,1398.00,0.000000
IN,UTTAR PRADESH,JAIS,India,1,1,435.00,435.00,0.000000
IN,TELANGANA,JADCHERLA,India,2,2,2135.00,2135.00,0.000000
IN,WEST BENGAL,PURULIA,India,2,2,1270.00,1270.00,0.000000
IN,WEST BENGAL,SIMLAPAL,India,1,1,463.00,463.00,0.000000
IN,ANDHRA PRADESH,"KANURU, VIJAYAWADA",India,1,1,857.00,857.00,0.000000
IN,KARNATAKA,BENGALURU 560032,India,1,1,455.00,455.00,0.000000
IN,KERALA,VELLIMADUKUNNU,India,2,1,1231.95,0.00,0.000000
IN,TAMIL NADU,NAGERCOIL -  2,India,1,1,461.00,461.00,0.000000
IN,ANDHRA PRADESH,"PENUMUR, CHITTOOR",India,1,1,518.00,518.00,0.000000
IN,WEST BENGAL,BILANDAPUR,India,2,2,1158.00,1158.00,0.000000
IN,TAMIL NADU,"CHENGHLEPET TALUK, KANCHEEPURAM DT.",India,1,1,518.00,518.00,0.000000
IN,TELANGANA,"SRIRAMA COLONY, ARMUR",India,1,1,353.00,353.00,0.000000
IN,WEST BENGAL,NAZIRPUR,India,1,1,1199.00,1199.00,0.000000
IN,MADHYA PRADESH,KANNOD,India,1,1,698.00,698.00,0.000000
IN,WEST BENGAL,BASUDEBPUR PURBA MEDINIPUR DISTRICT,India,2,0,0.00,0.00,0.000000
IN,KERALA,THAZHECODE,India,1,1,432.00,432.00,0.000000
IN,GUJARAT,DI-TAPI,India,1,1,499.00,499.00,0.000000
IN,HARYANA,RAI INDUSTRIAL AREA,India,7,8,5311.00,5311.00,0.000000
IN,KERALA,KUNNAMTHANAM,India,1,5,1937.00,1937.00,0.000000
IN,TAMIL NADU,TIRUVARUR,India,2,2,1334.00,1334.00,0.000000
IN,MANIPUR,NAMBOL,India,3,3,2394.00,2394.00,0.000000
IN,BIHAR,LALGANJ,India,2,2,1995.00,1995.00,0.000000
IN,TAMIL NADU,CHENNAI 81,India,1,1,529.00,529.00,0.000000
IN,ANDHRA PRADESH,AGIRIPALLE,India,2,2,1412.00,1412.00,0.000000
IN,MAHARASHTRA,AURANGABAD,India,151,143,88478.10,78697.00,0.040000
IN,MADHYA PRADESH,AMLA,India,5,5,4809.00,4809.00,0.000000
IN,MAHARASHTRA,KARJAT RAIGARH DISTRICT,India,13,13,10043.76,8739.00,0.000000
IN,TAMIL NADU,UDUMALPET,India,2,2,1538.00,1538.00,0.000000
IN,TELANGANA,PAPANNAPET,India,2,3,2205.00,2205.00,0.000000
IN,GUJARAT,KAPADVANJ,India,8,8,5704.00,5704.00,0.000000
IN,TAMIL NADU,KARUPPUR,India,1,1,399.00,399.00,0.000000
IN,UTTARAKHAND,JHABRERA,India,1,1,568.00,568.00,0.000000
IN,DELHI,"DWARKA, NEW DELHI",India,1,1,758.00,758.00,0.000000
IN,KERALA,ANAKKAYAM,India,1,1,599.00,599.00,0.000000
IN,PUNJAB,VPO RAUNI,India,1,1,380.00,380.00,0.000000
IN,GUJARAT,OKHA,India,1,1,612.00,612.00,0.000000
IN,WEST BENGAL,CHINSURAH R. S,India,1,1,427.00,427.00,0.000000
IN,ODISHA,CITY,India,1,0,0.00,0.00,0.000000
IN,MAHARASHTRA,SINNAR,India,5,3,1826.67,1540.00,0.000000
IN,KERALA,"POOVATTUPARAMBA, PERUMANNA (PO)",India,1,1,426.00,426.00,0.000000
IN,MANIPUR,THONGKHONG LAXMI BAZAR,India,1,1,1268.00,1268.00,0.000000
IN,GUJARAT,"VYARA, TAPI",India,1,1,376.00,376.00,0.000000
IN,MAHARASHTRA,"BANDRA KURLA COMPLEX, MUMBAI",India,1,1,471.00,471.00,0.000000
IN,KERALA,"KAKKAD, MUKKAM, KOZHIKODE",India,1,0,0.00,0.00,0.000000
IN,CHHATTISGARH,"BHILAI-490006, DISTRICT -DURG ,",India,1,1,373.00,373.00,0.000000
IN,ANDHRA PRADESH,KAVALI INDUSTRIAL AREA,India,2,2,870.00,870.00,0.000000
IN,UTTAR PRADESH,GHOSI,India,1,0,0.00,0.00,0.000000
IN,MADHYA PRADESH,PANNA,India,2,2,1750.00,1750.00,0.000000
IN,MAHARASHTRA,GANGAKHED,India,1,1,824.00,824.00,0.000000
IN,MAHARASHTRA,"MIRA ROAD EAST, MUMBAI 401107",India,1,1,588.00,588.00,0.000000
IN,MADHYA PRADESH,ANUPPUR,India,4,4,2591.00,2591.00,0.000000
IN,UTTAR PRADESH,LAKHNA,India,1,1,999.00,999.00,0.000000
IN,MAHARASHTRA,AHMEDPUR,India,1,1,648.00,648.00,0.000000
IN,TAMIL NADU,MARUDUR,India,1,1,1043.00,1043.00,0.000000
IN,WEST BENGAL,"MAKHLA, UTTARPARA, HOOGHLY",India,1,1,399.00,399.00,0.000000
IN,TAMIL NADU,KADAYANALLUR,India,1,1,311.00,311.00,0.000000
IN,ASSAM,GUWAHATIGUWAHATI,India,1,1,744.00,744.00,0.000000
IN,GOA,MAPUSA GUIRIM,India,1,1,989.00,989.00,0.000000
IN,PUNJAB,KANSAL,India,2,2,1713.00,1713.00,0.000000
IN,KERALA,KOOVALASEERY.P.O,India,1,1,603.00,603.00,0.000000
IN,MAHARASHTRA,CHINCHWAD-PUNE,India,2,1,2128.76,0.00,0.000000
IN,GUJARAT,NANDEJ,India,1,0,690.48,0.00,0.000000
IN,WEST BENGAL,RAMPURHAT II,India,1,1,654.00,654.00,0.000000
IN,WEST BENGAL,SERAMPUR,India,1,1,487.00,487.00,0.000000
IN,JHARKHAND,DAKRA,India,1,1,597.00,0.00,0.000000
IN,CHHATTISGARH,KUNKURI,India,1,0,463.81,0.00,0.000000
IN,TAMIL NADU,TIRUVALLUR,India,28,27,15861.00,13929.00,0.010000
IN,MAHARASHTRA,AIROLI,India,3,3,1793.00,1793.00,0.000000
IN,GOA,"PATTO,  PANAJI -GOA",India,1,1,510.00,510.00,0.000000
IN,KERALA,"ELAKAMON, VARKALA",India,1,1,744.00,744.00,0.000000
IN,MAHARASHTRA,PUNE CITY,India,3,2,1603.00,1603.00,0.000000
IN,MAHARASHTRA,VENGURLA,India,8,7,4897.00,4410.00,0.000000
IN,MAHARASHTRA,DOMBIVALI E,India,4,3,2200.00,2200.00,0.000000
IN,WEST BENGAL,DUILLLYA,India,2,2,1481.00,1481.00,0.000000
IN,UTTAR PRADESH,GAUTAM BUDHA NAGAR,India,1,1,442.00,442.00,0.000000
IN,MAHARASHTRA,THERGOAN,India,2,0,570.48,0.00,0.000000
IN,RAJASTHAN,SIKAR,India,35,31,21300.39,18698.00,0.010000
IN,BIHAR,KISANGANJ,India,1,1,999.00,999.00,0.000000
IN,MAHARASHTRA,DOMBIVLI ( WEST),India,2,4,2878.00,2878.00,0.000000
IN,TELANGANA,NARAYANPET,India,5,5,3282.00,3282.00,0.000000
IN,BIHAR,BAKHRI,India,1,1,318.00,318.00,0.000000
IN,KERALA,KALPETTA,India,21,19,13637.19,12240.00,0.010000
IN,GUJARAT,"TA-IDAR,VILLAGE- KADIYADARA",India,1,1,376.00,376.00,0.000000
IN,ANDHRA PRADESH,"K.R.PURAM  , MANUBOLU",India,1,1,1163.00,1163.00,0.000000
IN,MAHARASHTRA,HINGOLI,India,3,3,2490.00,2490.00,0.000000
IN,KERALA,CHELAVOOR PO,India,3,2,600.00,600.00,0.000000
IN,TAMIL NADU,SRIPERUMBUDUR,India,19,18,12082.14,11292.00,0.010000
IN,TAMIL NADU,"PUDUPAKKAM VILLAGE, SIRUSERI",India,1,1,721.00,721.00,0.000000
IN,ANDHRA PRADESH,VINUKONDA,India,9,9,5509.00,5509.00,0.000000
IN,TAMIL NADU,MELPAKKAM,India,1,0,0.00,0.00,0.000000
IN,GOA,VASCO DA GAMA,India,97,96,57587.00,49568.00,0.030000
IN,TAMIL NADU,ALANGULAM TIRUNELVELI DISTRICT,India,3,5,1980.00,1980.00,0.000000
IN,UTTAR PRADESH,KASGANJ,India,7,5,3906.62,2499.00,0.000000
IN,GUJARAT,VAPI VALSAD,India,1,1,791.00,791.00,0.000000
IN,BIHAR,TEGHRA,India,1,1,999.00,999.00,0.000000
IN,TAMIL NADU,BODINAYAKANUR,India,10,8,5030.00,4330.00,0.000000
IN,MAHARASHTRA,NANDED WAGHALA,India,46,44,29112.24,26389.00,0.010000
IN,UTTARAKHAND,KASHIPUR,India,21,19,12919.14,11622.00,0.010000
IN,MAHARASHTRA,KUDAL,India,10,9,5147.00,5147.00,0.000000
IN,MADHYA PRADESH,NAGDA,India,6,5,4950.67,4144.00,0.000000
IN,KERALA,CHERANALLUR,India,23,21,16106.48,14836.00,0.010000
IN,GUJARAT,JETPUR NAVAGADH,India,4,3,2690.86,1698.00,0.000000
IN,RAJASTHAN,PRATAPGARH,India,2,2,1370.00,1370.00,0.000000
IN,MAHARASHTRA,"CHEMBUR , MUMBAI",India,1,1,399.00,399.00,0.000000
IN,KERALA,KOPPAM,India,2,1,693.00,693.00,0.000000
IN,GUJARAT,MORBI,India,35,35,22304.00,22304.00,0.010000
IN,TAMIL NADU,SIVAGIRI VIRDHUNAGAR DISTRICT,India,2,2,1330.00,1330.00,0.000000
IN,TAMIL NADU,TOWN,India,2,1,442.00,442.00,0.000000
IN,GUJARAT,KODINAR,India,8,7,3950.80,2584.00,0.000000
IN,KARNATAKA,SRIRANGAPATNA,India,1,1,471.00,471.00,0.000000
IN,GUJARAT,VALLABHIPUR,India,1,1,449.00,449.00,0.000000
IN,TAMIL NADU,PULIANKUDI,India,2,2,1341.00,1341.00,0.000000
IN,RAJASTHAN,KARANPUR,India,1,1,999.00,999.00,0.000000
IN,MAHARASHTRA,"PIMPLE SAUDAGAR,PUNE",India,1,1,471.00,471.00,0.000000
IN,HIMACHAL PRADESH,BADSAR,India,2,1,1315.00,1315.00,0.000000
IN,ASSAM,GUWAHATI 5,India,2,2,359.00,359.00,0.000000
IN,BIHAR,BETTIAH,India,41,38,29336.89,28236.00,0.010000
IN,WEST BENGAL,BALLY,India,45,49,30897.72,29392.00,0.010000
IN,KERALA,"KARUKACHAL, KOTTAYAM",India,13,13,7897.00,6899.00,0.000000
IN,HIMACHAL PRADESH,TEH. DHARAMSHALA,India,1,1,1245.00,1245.00,0.000000
IN,ANDAMAN & NICOBAR,GARACHARMA,India,3,3,1418.00,1418.00,0.000000
IN,CHHATTISGARH,NTPC SIPAT TOWNSHIP,India,2,1,1028.90,527.00,0.000000
IN,RAJASTHAN,GANGAPUR CITY,India,1,1,484.00,484.00,0.000000
IN,SIKKIM,UPPER TADONG BAZAAR,India,1,1,478.00,478.00,0.000000
IN,TELANGANA,JAINOOR,India,1,1,435.00,435.00,0.000000
IN,ANDHRA PRADESH,"TADIGADAPA,VIJAYAWADA",India,3,4,2307.00,2307.00,0.000000
IN,MAHARASHTRA,"RAVET, PUNE",India,4,3,1995.48,1645.00,0.000000
IN,UTTAR PRADESH,BANKI BARABANKI,India,1,1,852.00,852.00,0.000000
IN,TAMIL NADU,ATTAYAMPATTI,India,10,9,5211.67,3697.00,0.000000
IN,KERALA,ALUVA / ERNAKULAM,India,1,1,486.00,486.00,0.000000
CANADA,TX,HOUSTON,North America,290,825,247163.28,237227.78,0.120000
IN,MAHARASHTRA,"CHINCHWAD ,PUNE",India,1,0,0.00,0.00,0.000000
IN,MAHARASHTRA,BHOKAR,India,2,2,736.00,736.00,0.000000
IN,ANDHRA PRADESH,RYALI,India,1,0,691.43,0.00,0.000000
IN,KARNATAKA,BYADGI,India,1,1,666.00,666.00,0.000000
IN,MAHARASHTRA,MIRA BHAYANDER,India,1,1,545.00,545.00,0.000000
IN,TAMIL NADU,"VELACHERY,CHENNAI-42.",India,1,1,1139.00,1139.00,0.000000
IN,DELHI,NEW-DELHI,India,1,1,646.00,646.00,0.000000
IN,ANDHRA PRADESH,KASIBUGGA,India,1,1,648.00,648.00,0.000000
IN,KERALA,VAIKOM P.O,India,1,1,569.00,569.00,0.000000
IN,MAHARASHTRA,VISHRAMBHAG SANGLI,India,1,1,969.00,969.00,0.000000
IN,DADRA AND NAGAR,SILVASAA,India,1,1,1031.00,1031.00,0.000000
IN,KARNATAKA,NARGUND,India,2,1,709.62,382.00,0.000000
IN,TELANGANA,"STATION GHANPUR,WARANGAL DISTRICT",India,1,1,471.00,471.00,0.000000
IN,KERALA,ALLEPPEY,India,1,1,435.00,435.00,0.000000
IN,KARNATAKA,"SIRA TALUK, BUKKAPATNA",India,2,2,637.00,637.00,0.000000
IN,ODISHA,BHUBANESHWAR,India,1,1,399.00,399.00,0.000000
IN,ANDHRA PRADESH,HIRAMANDALAM,India,1,1,499.00,499.00,0.000000
IN,KERALA,ELAMAKKARA KOCHI,India,2,4,1828.00,1828.00,0.000000
IN,RAJASTHAN,"BHIWADI, ALWAR",India,1,0,0.00,0.00,0.000000
IN,HIMACHAL PRADESH,DAULATPUR,India,3,3,1112.00,1112.00,0.000000
IN,MAHARASHTRA,AKOT,India,3,2,458.00,458.00,0.000000
IN,KERALA,SULTHAN BATHERY,India,2,1,627.00,627.00,0.000000
IN,JAMMU & KASHMIR,TALWARA,India,1,1,1299.00,1299.00,0.000000
IN,HARYANA,"SECTOR 53, GOLF COURSE ROAD, GURUGRAM",India,1,0,785.71,0.00,0.000000
IN,TAMIL NADU,THIRUVALLUR DISTRICT,India,1,0,0.00,0.00,0.000000
IN,KERALA,THURANGAM KAVALA,India,1,1,657.00,657.00,0.000000
IN,ANDHRA PRADESH,NANDYALA DISTRICT,India,1,1,1133.00,1133.00,0.000000
IN,GUJARAT,BHABHAR,India,2,1,1298.20,442.00,0.000000
IN,MADHYA PRADESH,CHITRAKOOT,India,2,2,1927.00,1927.00,0.000000
IN,PUNJAB,CHAMKAUR SAHIB,India,1,1,349.00,349.00,0.000000
IN,TAMIL NADU,SULEESWARANPATTI,India,1,1,416.00,416.00,0.000000
IN,ANDHRA PRADESH,KAMAVARAPUKOTA,India,2,2,1159.00,1159.00,0.000000
IN,SIKKIM,6TH MILE TADONG,India,1,1,698.00,698.00,0.000000
IN,PUDUCHERRY,"NAVARKULAM, LAWSPET",India,1,1,599.00,599.00,0.000000
IN,UTTAR PRADESH,FAIZABAD AYODHYA,India,1,1,480.00,480.00,0.000000
IN,HARYANA,CITY -DHARUHERA,India,1,1,950.00,950.00,0.000000
IN,GOA,SANVORDEM,India,1,0,380.00,0.00,0.000000
IN,TAMIL NADU,MALLUR,India,2,2,781.00,781.00,0.000000
IN,KARNATAKA,NARANAPURA,India,1,1,517.00,517.00,0.000000
IN,GUJARAT,NASVADI CHHOTAUDEPUR,India,3,3,4326.00,1442.00,0.000000
IN,DELHI,NEWDELHI,India,2,2,1600.00,1600.00,0.000000
IN,WEST BENGAL,GARBETA,India,1,1,759.00,759.00,0.000000
IN,KERALA,ANTHICAD,India,1,0,1042.86,0.00,0.000000
IN,KERALA,MUKKOM,India,2,2,763.00,763.00,0.000000
IN,TAMIL NADU,ARANTHANGI,India,1,1,725.00,725.00,0.000000
IN,MAHARASHTRA,AMBEGAON,India,1,1,666.00,666.00,0.000000
IN,MAHARASHTRA,BAJRANG NAGAR GALI NO 9 NAGPUR,India,1,1,475.00,475.00,0.000000
IN,TAMIL NADU,PANDAMANGALAM,India,1,1,459.00,459.00,0.000000
IN,ARUNACHAL PRADESH,HAPOLI,India,1,1,544.00,544.00,0.000000
IN,TAMIL NADU,KALASAPAKKAM,India,1,1,1137.00,1137.00,0.000000
IN,HIMACHAL PRADESH,RENUKA,India,1,0,1326.67,0.00,0.000000
IN,JHARKHAND,RAJMAHAL,India,1,1,1163.00,1163.00,0.000000
IN,TELANGANA,YELDURTHY,India,1,1,1112.00,1112.00,0.000000
IN,GUJARAT,KHAPAT,India,1,1,487.00,487.00,0.000000
IN,DELHI,CHITTRANJAN PARK NEW DELHI,India,1,1,1301.00,1301.00,0.000000
IN,MAHARASHTRA,NANDED,India,23,20,13424.29,12450.00,0.010000
IN,TELANGANA,NIZAMABAD,India,72,72,45587.71,44539.00,0.020000
IN,TAMIL NADU,TRICHIRAPALLI,India,1,0,266.67,0.00,0.000000
IN,WEST BENGAL,"HALDIA, EAST MADNIPUR",India,1,1,855.00,855.00,0.000000
IN,CHANDIGARH,CHANDIGARHCHANDIGARH,India,2,2,691.00,691.00,0.000000
IN,ANDHRA PRADESH,KONDAPI,India,7,9,4351.00,2611.00,0.000000
IN,RAJASTHAN,CHITTORGARH,India,5,6,5005.00,5005.00,0.000000
IN,TELANGANA,ATMAKUR,India,3,3,2457.00,2457.00,0.000000
IN,MADHYA PRADESH,MAIHAR,India,3,3,1567.00,1567.00,0.000000
IN,MAHARASHTRA,"PUNE,",India,2,2,1586.00,1586.00,0.000000
IN,TAMIL NADU,KAYALPATTINAM,India,6,6,4262.00,4262.00,0.000000
IN,TAMIL NADU,ALUR,India,1,1,449.00,449.00,0.000000
IN,JHARKHAND,BARUGHUTU,India,2,2,1506.00,1506.00,0.000000
IN,ANDHRA PRADESH,GUNTUR DISTRICT,India,5,3,3134.48,2064.00,0.000000
IN,ANDHRA PRADESH,CHITVEL,India,1,1,353.00,353.00,0.000000
IN,UTTAR PRADESH,HATHRAS,India,13,11,7967.48,6174.00,0.000000
IN,TELANGANA,"MAYURI NAGAR, MIYAPUR",India,1,1,771.00,771.00,0.000000
IN,ANDHRA PRADESH,KALLUR,India,1,1,1033.00,1033.00,0.000000
IN,TAMIL NADU,AMMAPETTAI ERODE DISTRICT,India,2,2,2106.00,2106.00,0.000000
IN,MAHARASHTRA,CHANDGAD,India,2,2,2150.00,2150.00,0.000000
IN,WEST BENGAL,GOPALNAGAR,India,1,1,493.00,493.00,0.000000
IN,WEST BENGAL,KOLKATA 53,India,1,1,764.00,764.00,0.000000
IN,TELANGANA,CHOPPADANDI,India,1,1,449.00,449.00,0.000000
IN,RAJASTHAN,JODHPUR,India,166,155,113660.44,107447.00,0.050000
IN,UTTAR PRADESH,BIKAPUR,India,1,1,655.00,0.00,0.000000
IN,KERALA,KALLIASSERI,India,11,9,5556.00,5176.00,0.000000
IN,TAMIL NADU,TIRUNELVELI,India,78,75,49607.05,44397.00,0.020000
IN,TAMIL NADU,TIRUPATHUR VELLORE DISTRICT,India,9,12,8100.00,8100.00,0.000000
IN,KERALA,IRINGAL,India,3,3,1507.00,1507.00,0.000000
IN,WEST BENGAL,SUBARNAPUR,India,2,2,1075.00,1075.00,0.000000
IN,KARNATAKA,PADUBIDRI,India,1,1,432.00,432.00,0.000000
IN,WEST BENGAL,DIST. - N 24 PARGANAS,India,1,1,449.00,449.00,0.000000
IN,UTTARAKHAND,"HALDWANI,NAINITAL",India,2,2,1998.00,999.00,0.000000
IN,KERALA,PADOOR,India,1,1,517.00,517.00,0.000000
IN,MAHARASHTRA,"KALYAN, THANE",India,3,3,2545.00,2545.00,0.000000
IN,ODISHA,DHARAMGARH,India,3,4,2117.00,798.00,0.000000
IN,TELANGANA,MAHBUBNAGAR,India,25,22,17430.96,15411.00,0.010000
IN,KARNATAKA,T NARSIPURA,India,3,3,2428.00,2428.00,0.000000
IN,MADHYA PRADESH,JAMAI,India,5,5,2524.00,2524.00,0.000000
IN,GUJARAT,DANTA,India,2,2,426.00,426.00,0.000000
IN,TELANGANA,TURKAPALLY,India,2,2,1039.00,1039.00,0.000000
IN,UTTAR PRADESH,WAZIRGANJ,India,2,2,2174.00,2174.00,0.000000
IN,CHHATTISGARH,MANENDRAGARH,India,1,1,729.00,729.00,0.000000
IN,WEST BENGAL,7BARASAT,India,2,2,931.00,931.00,0.000000
IN,MAHARASHTRA,NAIGAON EAST,India,5,6,3019.00,2353.00,0.000000
IN,KARNATAKA,HOLEHONNURU,India,1,1,1523.00,1523.00,0.000000
IN,KARNATAKA,UPPINANGADY,India,4,3,1460.00,1460.00,0.000000
IN,JHARKHAND,DEOGHAR,India,25,23,14231.00,13886.00,0.010000
IN,BIHAR,BANKA,India,6,7,4987.00,4987.00,0.000000
IN,MAHARASHTRA,"NAVI MUMBAI,",India,1,1,352.00,352.00,0.000000
IN,UTTAR PRADESH,PARIKSHITGARH,India,1,1,979.00,979.00,0.000000
IN,KERALA,"CHENTRAPPINI (VIA ),CHAMAKKALA",India,1,1,471.00,471.00,0.000000
IN,GOA,VELIM,India,5,6,3944.00,1887.00,0.000000
IN,ANDHRA PRADESH,KURICHEDU,India,1,0,0.00,0.00,0.000000
IN,DELHI,"LAXMI NAGAR, DELHI",India,1,1,1163.00,1163.00,0.000000
IN,MAHARASHTRA,NAGOTHANA,India,2,4,1527.00,1527.00,0.000000
IN,HIMACHAL PRADESH,SUNDARNAGAR DISTT MANDI,India,1,0,278.10,0.00,0.000000
IN,KERALA,EDAPPAL,India,11,10,4755.00,4320.00,0.000000
IN,TAMIL NADU,ARUPPUKOTTAI,India,4,6,2529.00,717.00,0.000000
IN,WEST BENGAL,PIALI,India,1,1,799.00,799.00,0.000000
IN,UTTAR PRADESH,"SAHIBABAD, GHAZIABAD",India,2,2,345.00,345.00,0.000000
IN,UTTAR PRADESH,PARTAPGARH,India,1,1,1115.00,1115.00,0.000000
IN,MAHARASHTRA,"ULWE, NAVI MUMBAI",India,2,2,752.00,0.00,0.000000
IN,KERALA,CHELORA,India,2,1,1174.48,484.00,0.000000
IN,TELANGANA,KESHAMPET,India,1,1,589.00,589.00,0.000000
IN,MAHARASHTRA,CHUNCHALE TAL CHOPDA DIS JALGAON,India,1,1,776.00,776.00,0.000000
IN,ANDHRA PRADESH,BALLIKURAVA,India,1,1,399.00,399.00,0.000000
IN,TAMIL NADU,THIRUKAZUKUNDERAM,India,1,1,635.00,635.00,0.000000
IN,ANDHRA PRADESH,CHANDRUPATLA,India,1,1,471.00,471.00,0.000000
IN,WEST BENGAL,BARA JUMLA,India,2,1,806.33,413.00,0.000000
IN,TAMIL NADU,CHINNAVEERAMPATTI,India,1,1,1126.00,1126.00,0.000000
IN,BIHAR,RAHUI BLOCK. LOCAL TOWN-BIHARSARIF,India,1,1,606.00,0.00,0.000000
IN,ANDHRA PRADESH,THATIPAKA,India,3,2,2388.90,2067.00,0.000000
IN,WEST BENGAL,BATIKA,India,2,1,1369.33,736.00,0.000000
IN,MAHARASHTRA,BHANDUP EAST MUMBAI,India,1,1,518.00,518.00,0.000000
IN,TAMIL NADU,KOLLANCODE,India,4,4,2504.00,2504.00,0.000000
IN,ODISHA,PURI-2,India,1,0,0.00,0.00,0.000000
IN,CHHATTISGARH,BAIKUNTHPUR,India,1,1,499.00,499.00,0.000000
IN,CHANDIGARH,SECTOR 22 B,India,4,3,3490.62,2663.00,0.000000
IN,MAHARASHTRA,RAVER,India,1,1,721.00,721.00,0.000000
IN,TELANGANA,WARANGAL INDUSTRIAL AREA,India,1,0,0.00,0.00,0.000000
IN,BIHAR,NAUBATPUR,India,1,1,357.00,357.00,0.000000
IN,ANDHRA PRADESH,"PEDAPADU,WESTGODAVARI",India,1,1,459.00,459.00,0.000000
IN,ANDHRA PRADESH,CHAGALLU MANDAL,India,1,0,0.00,0.00,0.000000
IN,TELANGANA,ICHODA,India,1,1,1133.00,1133.00,0.000000
IN,MAHARASHTRA,"HARSUL, AURANGABAD 431001",India,2,2,1437.00,1437.00,0.000000
IN,KERALA,EDATHIRINJI,India,1,1,376.00,376.00,0.000000
IN,MADHYA PRADESH,OBEDULLAHGANJ,India,2,1,1442.00,1442.00,0.000000
IN,KARNATAKA,BEERI KOTEKAR POST,India,1,0,0.00,0.00,0.000000
IN,UTTAR PRADESH,FHATEHPUR,India,1,1,449.00,449.00,0.000000
IN,TAMIL NADU,CHENNAI-81,India,1,0,0.00,0.00,0.000000
IN,PUNJAB,JAITU,India,1,1,357.00,357.00,0.000000
IN,UTTAR PRADESH,NEAR KAUSHALYA VATIKA NH2 ETAWAH,India,1,1,435.00,435.00,0.000000
IN,UTTAR PRADESH,SUMERPUR,India,1,1,487.00,487.00,0.000000
IN,GOA,"RAIBANDER, OLD GOA",India,1,1,399.00,399.00,0.000000
IN,MADHYA PRADESH,LAUNDI,India,1,0,634.29,0.00,0.000000
IN,UTTAR PRADESH,UTRAULA,India,2,2,975.00,975.00,0.000000
IN,TAMIL NADU,RAMANATHAPURAM DIST,India,1,1,549.00,549.00,0.000000
IN,KERALA,"VADUTHALA,KOCHI",India,1,2,1483.00,1483.00,0.000000
IN,WEST BENGAL,BARASAT - I,India,1,1,850.00,850.00,0.000000
IN,MAHARASHTRA,"NALASOPARA,PALGHAR",India,1,1,339.00,339.00,0.000000
IN,ODISHA,BALIKUDA,India,1,1,967.00,967.00,0.000000
IN,JHARKHAND,LAPUNG.....RANCHI,India,1,0,0.00,0.00,0.000000
IN,HIMACHAL PRADESH,"ALAMPUR, KANGRA",India,1,1,597.00,597.00,0.000000
IN,BIHAR,BIHTA,India,1,1,1133.00,1133.00,0.000000
IN,PUNJAB,FEROZPUR CANTT,India,1,1,825.00,825.00,0.000000
IN,HIMACHAL PRADESH,SARKAGHAT,India,1,1,930.00,930.00,0.000000
IN,KARNATAKA,BENGALURU 560085,India,1,0,0.00,0.00,0.000000
IN,ANDHRA PRADESH,KAKINADA (URBAN),India,1,1,499.00,499.00,0.000000
IN,TELANGANA,NASPUR,India,1,1,824.00,824.00,0.000000
IN,CHHATTISGARH,"KARGIKALA, KOTA, BILASPUR",India,1,2,2541.00,2541.00,0.000000
IN,MAHARASHTRA,KALWA THANE,India,1,0,657.14,0.00,0.000000
IN,MAHARASHTRA,DOMBIVALLI,India,1,1,293.00,293.00,0.000000
IN,UTTARAKHAND,DEHARDUN,India,2,2,798.00,798.00,0.000000
IN,ASSAM,MANJA FISH MARKET,India,2,2,1582.00,1582.00,0.000000
IN,UTTAR PRADESH,NOIDA,India,1537,1467,1037799.01,952218.00,0.490000
IN,HIMACHAL PRADESH,SUNDARNAGAR,India,7,6,5931.00,5931.00,0.000000
IN,PUNJAB,BUNGAL,India,10,9,10749.25,7887.00,0.010000
IN,GOA,TISWADI,India,9,9,5481.00,5481.00,0.000000
IN,MAHARASHTRA,GONDIYA,India,29,30,21037.14,19934.00,0.010000
IN,GUJARAT,SIMAR SIR,India,2,3,2022.00,2022.00,0.000000
IN,GUJARAT,SIDHPUR,India,5,5,3782.00,3782.00,0.000000
IN,JHARKHAND,GODDA,India,7,7,5728.00,5728.00,0.000000
IN,MADHYA PRADESH,NARSINGHPUR,India,4,4,3317.00,3317.00,0.000000
IN,GUJARAT,OLPAD,India,1,1,597.00,597.00,0.000000
IN,TAMIL NADU,PANDALKUDI,India,1,1,635.00,635.00,0.000000
IN,KARNATAKA,BANGLURU,India,1,1,399.00,399.00,0.000000
IN,MADHYA PRADESH,VINDHYA NAGAR,India,1,0,0.00,0.00,0.000000
IN,ANDHRA PRADESH,MADAKASIRA,India,3,3,2665.00,2665.00,0.000000
IN,HIMACHAL PRADESH,NALAGARH,India,6,5,4249.00,3198.00,0.000000
IN,UTTAR PRADESH,PALIA KALAN LAKHIMPUR KHERI,India,1,1,519.00,519.00,0.000000
IN,KARNATAKA,CHANNAGIRI,India,2,1,1385.62,958.00,0.000000
IN,KARNATAKA,SHIMOGA,India,18,16,11627.00,11160.00,0.010000
IN,TAMIL NADU,KOVILPATTI,India,14,12,6989.24,4883.00,0.000000
IN,TAMIL NADU,MATHIGIRI,India,8,8,5528.00,5528.00,0.000000
IN,ASSAM,ROWRIAH,India,1,0,0.00,0.00,0.000000
IN,ODISHA,IB THEMAL POWER PLANT BANHARPALI TOWNSHIP,India,5,4,2860.00,2860.00,0.000000
IN,TAMIL NADU,NILGIRIS,India,1,1,885.00,0.00,0.000000
IN,KARNATAKA,KINNIGOLI,India,7,7,4673.67,2960.00,0.000000
IN,ANDHRA PRADESH,ALAMURU,India,2,2,1174.00,1174.00,0.000000
IN,MAHARASHTRA,MULUND W,India,1,1,939.00,939.00,0.000000
IN,MADHYA PRADESH,DABRA,India,1,2,1248.00,1248.00,0.000000
IN,KERALA,VANNAPPURAM,India,1,1,540.00,540.00,0.000000
IN,KERALA,ONGALLUR I,India,2,2,798.00,399.00,0.000000
IN,KERALA,PATHANAMTHITTA,India,145,125,87835.61,70125.00,0.040000
IN,MAHARASHTRA,ARMORI,India,2,1,961.86,399.00,0.000000
IN,KARNATAKA,KUNDGOL,India,2,1,549.00,549.00,0.000000
IN,ANDHRA PRADESH,CHENNUR,India,4,3,2317.00,1617.00,0.000000
IN,JAMMU & KASHMIR,TRAL,India,1,0,0.00,0.00,0.000000
IN,LAKSHADWEEP,KAVARATTI,India,1,1,845.00,845.00,0.000000
IN,MAHARASHTRA,ROHA ASHTAMI,India,13,13,5466.00,5466.00,0.000000
IN,KERALA,WAYANAD,India,6,5,3822.71,2977.00,0.000000
IN,RAJASTHAN,NATHDWARA,India,6,5,4340.00,4340.00,0.000000
IN,GOA,CURTORIM,India,3,3,1313.00,1313.00,0.000000
IN,TAMIL NADU,MELPATTAMPAKKAM,India,1,1,376.00,376.00,0.000000
IN,KARNATAKA,THIMMARAYAGOWDA LAYOUT BANASHANKARI 3RD STATGE,India,2,2,704.00,352.00,0.000000
IN,CHHATTISGARH,RISALI BHILAI,India,2,4,2045.00,2045.00,0.000000
IN,MAHARASHTRA,BADNAPUR,India,1,1,399.00,399.00,0.000000
IN,MAHARASHTRA,HAJARMACHI,India,1,1,747.00,747.00,0.000000
IN,UTTAR PRADESH,BANSGAON,India,2,3,2134.00,2134.00,0.000000
IN,GUJARAT,KHEDA,India,4,4,2425.00,2425.00,0.000000
IN,KERALA,"KOZHENCHERY, PATHANAMTHITTA",India,1,1,725.00,725.00,0.000000
IN,WEST BENGAL,JALPAIGURI,India,35,36,20220.00,20220.00,0.010000
UNITED STATES,CA,SAN FRANCISCO,North America,3464,10388,3157340.79,3064655.73,1.480000
IN,GUJARAT,BHUJ,India,25,26,20203.00,20203.00,0.010000
IN,ASSAM,NAZIRA,India,3,3,2039.00,2039.00,0.000000
IN,UTTAR PRADESH,AZAMGARH,India,49,46,31456.00,28989.00,0.010000
IN,BIHAR,HARNAUT,India,3,3,2234.00,2234.00,0.000000
IN,TELANGANA,JOGULAMBA GADWAL DISTRICT,India,1,1,363.00,363.00,0.000000
IN,TAMIL NADU,THOOTHUKUDI 628008,India,1,1,420.00,420.00,0.000000
IN,MADHYA PRADESH,NASRULLAGANJ,India,1,0,1058.93,0.00,0.000000
IN,HARYANA,MUSTAFABAD,India,1,1,824.00,824.00,0.000000
IN,RAJASTHAN,KOTPUTLI,India,5,3,2435.00,2435.00,0.000000
IN,WEST BENGAL,AMDANGA,India,1,1,517.00,517.00,0.000000
IN,KARNATAKA,BANGALORE 560076,India,1,1,435.00,435.00,0.000000
IN,TAMIL NADU,ILAYANGUDI,India,3,3,2103.00,2103.00,0.000000
IN,LADAKH,CHOGLAMSAR,India,4,4,2547.00,2547.00,0.000000
IN,UTTAR PRADESH,BAHRAICH,India,26,20,14589.91,8984.00,0.010000
IN,DADRA AND NAGAR,ALOK CITY,India,7,4,4688.90,3767.00,0.000000
IN,UTTARAKHAND,UTTARKASHI,India,24,20,14805.00,14292.00,0.010000
IN,BIHAR,DEHRI,India,5,4,2935.00,2935.00,0.000000
IN,JHARKHAND,CHAKRADHARPUR,India,7,7,3883.00,3883.00,0.000000
IN,MAHARASHTRA,NERAL,India,2,2,1002.00,1002.00,0.000000
IN,UTTARAKHAND,PITHORAGARH,India,47,43,31374.67,27017.00,0.010000
IN,KERALA,ENKAKKAD,India,4,3,2005.10,1647.00,0.000000
IN,BIHAR,TIKARI,India,1,1,759.00,759.00,0.000000
IN,MAHARASHTRA,DOMBIVLI EAST,India,43,42,25229.00,23022.00,0.010000
IN,ODISHA,GOLABANDHA,India,7,7,5553.00,5553.00,0.000000
IN,KERALA,DHARMADOM,India,12,11,7369.29,6635.00,0.000000
IN,UTTAR PRADESH,PALIA KALAN,India,7,8,5064.00,5064.00,0.000000
IN,GUJARAT,BANTWA,India,1,1,507.00,0.00,0.000000
IN,ANDHRA PRADESH,SINGARAYAKONDA,India,3,3,2477.00,2477.00,0.000000
IN,WEST BENGAL,SAMUKTOLA,India,3,3,1077.00,1077.00,0.000000
IN,TAMIL NADU,CHENNAI.,India,4,4,1455.00,1455.00,0.000000
IN,MAHARASHTRA,MALWAN,India,3,3,2788.00,2788.00,0.000000
IN,KARNATAKA,CHITTAPUR,India,1,0,1182.14,0.00,0.000000
IN,MEGHALAYA,KHLIEHRIAT,India,1,1,301.00,301.00,0.000000
IN,MAHARASHTRA,MUMBAI 400030,India,4,4,2513.00,2513.00,0.000000
IN,TRIPURA,METHERMIA,India,1,1,751.00,751.00,0.000000
IN,UTTARAKHAND,NATTHUWA WALA,India,1,1,1043.00,1043.00,0.000000
IN,JHARKHAND,JAMSHEDPURJAMSHEDPUR,India,2,2,1224.00,1224.00,0.000000
IN,KERALA,PANDAKASALA CHIRAYINKIZH,India,1,1,487.00,487.00,0.000000
IN,BIHAR,DIST-ROHTAS,India,1,1,1388.00,1388.00,0.000000
IN,WEST BENGAL,ITAHAR,India,2,2,1433.00,1433.00,0.000000
IN,TAMIL NADU,MANGALAM,India,2,2,1570.00,1570.00,0.000000
IN,ANDHRA PRADESH,MADANAPALLI CHITTOOR,India,1,1,759.00,759.00,0.000000
IN,UTTAR PRADESH,KAPTANGANJ.  KUSHINAGAR,India,1,1,749.00,749.00,0.000000
IN,UTTAR PRADESH,MEHNAGAR AZAMGARH,India,2,1,301.00,301.00,0.000000
IN,MAHARASHTRA,JUNNAR,India,6,6,4045.00,3355.00,0.000000
IN,KERALA,NJRACKEL,India,2,2,1262.00,1262.00,0.000000
IN,PUNJAB,"DAUDHAR, MOGA",India,1,2,1335.00,1335.00,0.000000
IN,KARNATAKA,BANGALORE-17,India,1,1,1137.00,1137.00,0.000000
IN,TAMIL NADU,KADAMBATHUR,India,1,1,442.00,442.00,0.000000
IN,MADHYA PRADESH,ASHOKNAGAR,India,3,3,1586.00,1586.00,0.000000
IN,BIHAR,KUMARKHAND,India,1,1,759.00,759.00,0.000000
IN,UTTAR PRADESH,SIDDHARTHNAGAR,India,1,1,631.00,631.00,0.000000
IN,KARNATAKA,BALEHONNUR,India,1,1,635.00,635.00,0.000000
IN,MAHARASHTRA,KUDAL- SINDHUDURG,India,1,1,457.00,457.00,0.000000
IN,ASSAM,BHURAGAON,India,1,1,1129.00,1129.00,0.000000
IN,WEST BENGAL,BERHAMPUR,India,1,0,0.00,0.00,0.000000
IN,TAMIL NADU,"PONNAMARAVATHI, PUDUKOTTAI DISTRICT",India,1,0,0.00,0.00,0.000000
IN,MAHARASHTRA,KOLIWALI KALYAN WEST,India,1,0,0.00,0.00,0.000000
IN,KARNATAKA,MANDYA DISTIC,India,1,1,1648.00,1648.00,0.000000
IN,KERALA,NENMENIKKARA,India,1,2,1920.00,1920.00,0.000000
IN,TAMIL NADU,PANPOLI,India,1,1,517.00,517.00,0.000000
IN,KARNATAKA,"NAVILE , SHIVAMOGGA",India,1,1,544.00,544.00,0.000000
IN,WEST BENGAL,KOLKATA-700064,India,1,1,721.00,721.00,0.000000
IN,GOA,"BETIM,  BARDEZ",India,1,1,702.00,702.00,0.000000
IN,ANDHRA PRADESH,MUNDLAMURU,India,1,1,1186.00,1186.00,0.000000
IN,ANDAMAN & NICOBAR,"PORT BLAIR , SOUTH ANDAMAN",India,1,1,518.00,518.00,0.000000
IN,ANDHRA PRADESH,RAYABHUPALAPATNAM,India,1,1,1258.00,1258.00,0.000000
IN,GOA,MARGAO SALCETE,India,1,1,771.00,771.00,0.000000
IN,UTTAR PRADESH,JALALABAD SHAMLI DISTRICT,India,1,1,591.00,591.00,0.000000
IN,CHHATTISGARH,JAITPURI PATELPARA,India,1,1,916.00,916.00,0.000000
IN,MAHARASHTRA,KURDUWADI,India,1,1,435.00,435.00,0.000000
IN,MADHYA PRADESH,AMLAI,India,1,1,690.00,690.00,0.000000
IN,UTTARAKHAND,"MASI,ALMORA",India,1,1,486.00,486.00,0.000000
IN,WEST BENGAL,BERHAMPORE,India,31,30,19395.00,17588.00,0.010000
IN,TELANGANA,DHARMAPURI,India,8,7,6837.52,6028.00,0.000000
IN,KERALA,KUTTEMPEROOR,India,1,1,357.00,357.00,0.000000
IN,MAHARASHTRA,KAMOTHE,India,2,3,1738.00,1738.00,0.000000
IN,TELANGANA,PATANCHERU,India,4,3,3210.00,3210.00,0.000000
IN,MAHARASHTRA,"AWALPUR, DIST CHANDRAPUR",India,1,0,368.57,0.00,0.000000
IN,DELHI,NEW USMANPUR 1 PUSTA,India,1,1,692.00,692.00,0.000000
IN,UTTAR PRADESH,LAKHIMPUR,India,38,34,21095.04,19067.00,0.010000
IN,ASSAM,MORANHAT,India,6,5,3475.95,3195.00,0.000000
IN,MAHARASHTRA,FORT.MUMBAI,India,4,5,1986.00,1986.00,0.000000
IN,WEST BENGAL,TARAKESWAR,India,5,3,2598.00,2218.00,0.000000
IN,MAHARASHTRA,SANGLI,India,13,15,9990.00,9990.00,0.000000
UNITED KINGDOM,OH,COLUMBUS,Europe,247,746,232296.73,222855.65,0.110000
IN,WEST BENGAL,SALBANI,India,5,7,2318.00,2318.00,0.000000
IN,KARNATAKA,MUDIGERE,India,8,8,5673.00,5673.00,0.000000
IN,ANDHRA PRADESH,KOTA,India,4,4,2385.00,2385.00,0.000000
IN,UTTARAKHAND,GOPESHWAR,India,11,7,5038.00,5038.00,0.000000
IN,TAMIL NADU,ATTUR,India,9,8,6018.00,6018.00,0.000000
IN,CHHATTISGARH,MASTURI,India,1,1,1127.00,1127.00,0.000000
IN,JHARKHAND,PAKAUR,India,11,12,7408.00,7408.00,0.000000
IN,KARNATAKA,HOLEHONNUR,India,3,3,3417.00,3417.00,0.000000
UNITED KINGDOM,AZ,PHOENIX,Europe,250,765,243116.63,238988.33,0.110000
IN,ODISHA,TITLAGARH,India,6,6,4421.00,2424.00,0.000000
IN,GOA,SOUTH GOA,India,39,42,21441.00,20792.00,0.010000
IN,GOA,CANDOLIM,India,7,7,3749.00,2601.00,0.000000
IN,JHARKHAND,JHUMRI TILAIYA,India,9,9,5309.00,4910.00,0.000000
IN,UTTAR PRADESH,SHAJAHANPUR,India,1,1,435.00,435.00,0.000000
IN,TAMIL NADU,GUDUVANCHERY,India,2,2,1092.00,1092.00,0.000000
IN,GUJARAT,DEODAR,India,2,2,1550.00,1550.00,0.000000
IN,HARYANA,MANDI DABWALI,India,2,2,2638.00,2638.00,0.000000
IN,KERALA,KAYAMKULAM,India,21,19,10976.86,9419.00,0.010000
IN,UTTAR PRADESH,MAURANIPUR,India,3,2,1514.00,824.00,0.000000
IN,DELHI,RAJOURI GARDEN,India,1,1,657.00,657.00,0.000000
IN,KERALA,KOLLAKADAVU,India,1,1,469.00,469.00,0.000000
IN,MANIPUR,LEIMAKHONG TOWN,India,5,14,10488.95,6498.00,0.000000
IN,KARNATAKA,K R PURAM BENGALURU,India,1,1,635.00,635.00,0.000000
IN,MAHARASHTRA,KENJAL,India,1,0,0.00,0.00,0.000000
IN,ANDHRA PRADESH,TIRUCHANUR,India,1,2,1190.00,1190.00,0.000000
IN,GUJARAT,"VADODARA, VADODARA",India,1,1,885.00,885.00,0.000000
IN,ODISHA,RAYAGADA,India,2,2,1224.00,1224.00,0.000000
IN,TAMIL NADU,THIRUVALLUR,India,24,23,14523.57,14075.00,0.010000
IN,JAMMU & KASHMIR,BHADERWAH,India,4,3,1789.00,1789.00,0.000000
IN,KARNATAKA,KUMTA,India,16,15,11083.95,10543.00,0.010000
IN,UTTAR PRADESH,GHATAMPUR,India,3,3,1231.00,1231.00,0.000000
IN,TELANGANA,SICENDRABAD,India,1,1,331.00,331.00,0.000000
IN,PUNJAB,TARANTARAN,India,4,4,4070.00,2402.00,0.000000
IN,HARYANA,GHARAUNDA,India,2,2,1748.00,1748.00,0.000000
IN,GOA,GOA,India,3,2,2026.57,1318.00,0.000000
IN,GOA,BAGA,India,1,1,629.00,629.00,0.000000
IN,KERALA,PADUVILAYI,India,5,5,2582.00,2582.00,0.000000
IN,BIHAR,SIKANDRA,India,1,1,735.00,735.00,0.000000
IN,KERALA,PATTIOM,India,5,5,2505.00,1937.00,0.000000
IN,KERALA,MEPPAYYUR,India,4,4,2487.00,1095.00,0.000000
IN,UTTAR PRADESH,BANGUWAN KALAN,India,2,1,521.00,521.00,0.000000
IN,ANDHRA PRADESH,RAYACHOTI,India,10,8,6204.00,4907.00,0.000000
IN,ASSAM,KHAIRA BARI,India,4,4,4155.00,4155.00,0.000000
IN,RAJASTHAN,SAGANER,India,2,2,752.00,376.00,0.000000
IN,UTTAR PRADESH,BAKSHI KA TALAB,India,1,1,835.00,835.00,0.000000
IN,TAMIL NADU,"CHUNKANKADAI, NAGERCOIL",India,1,1,549.00,549.00,0.000000
IN,ODISHA,HIRAKUD,India,1,1,487.00,487.00,0.000000
IN,MAHARASHTRA,SAKOLI,India,7,7,5253.00,5253.00,0.000000
IN,MAHARASHTRA,NANDURBAR,India,11,10,7520.00,6820.00,0.000000
IN,TAMIL NADU,BHAVANISAGAR,India,3,3,1406.00,1406.00,0.000000
IN,WEST BENGAL,BETHUADHARAI,India,1,1,574.00,574.00,0.000000
IN,CHHATTISGARH,MUNGELI,India,3,3,1536.00,1536.00,0.000000
IN,ODISHA,KALIAPANI,India,2,2,2676.00,2676.00,0.000000
IN,TAMIL NADU,CHENKALPATTU,India,1,1,458.00,458.00,0.000000
IN,HARYANA,KOSLI,India,1,1,1099.00,1099.00,0.000000
IN,ANDHRA PRADESH,"KORNEPADU, GUNTUR",India,1,1,362.00,362.00,0.000000
IN,MAHARASHTRA,NAGPUR.,India,1,1,376.00,376.00,0.000000
IN,MADHYA PRADESH,NARSINGARH,India,1,1,859.00,859.00,0.000000
IN,MAHARASHTRA,CHALSIGAON,India,1,0,657.14,0.00,0.000000
IN,TELANGANA,HYDERABAD .,India,1,1,599.00,599.00,0.000000
IN,ANDHRA PRADESH,NARASAPUR MANDAL,India,1,0,416.19,0.00,0.000000
IN,WEST BENGAL,NORTH DINAJPUR,India,2,2,1106.00,1106.00,0.000000
IN,KERALA,THRISSUR DT,India,1,1,597.00,597.00,0.000000
IN,TAMIL NADU,NALLUR TIRUNELVELI DISTRICT,India,1,1,459.00,459.00,0.000000
IN,RAJASTHAN,DABI,India,1,1,788.00,788.00,0.000000
IN,MAHARASHTRA,SASVAD,India,3,3,3921.00,2922.00,0.000000
IN,UTTAR PRADESH,CHAKIA,India,3,3,1180.00,635.00,0.000000
IN,TAMIL NADU,MANALURPET,India,1,1,330.00,330.00,0.000000
IN,TAMIL NADU,"SOMANUR, COIMBATORE",India,3,3,830.00,830.00,0.000000
IN,MADHYA PRADESH,DAHI,India,5,3,4738.18,3648.00,0.000000
IN,UTTAR PRADESH,KHAIRABAD SITAPUR DISTRICT,India,3,1,435.00,435.00,0.000000
IN,DELHI,"NEW DELHI, DELHI CANTT",India,1,1,1163.00,1163.00,0.000000
IN,UTTAR PRADESH,PIPIGANJ,India,1,1,989.00,989.00,0.000000
IN,MAHARASHTRA,ANDHERI E,India,1,1,517.00,517.00,0.000000
IN,TAMIL NADU,TIRUCHIRAPPALLI - 620102,India,1,1,735.00,735.00,0.000000
IN,KARNATAKA,"CHAMARAJANAGAR, DISTRICT AND SUBDISTRICT",India,1,1,523.00,523.00,0.000000
IN,CHHATTISGARH,NARHARPUR,India,1,1,1258.00,1258.00,0.000000
IN,WEST BENGAL,HIJULI,India,3,3,1968.00,1968.00,0.000000
IN,HIMACHAL PRADESH,SHIMLA-717009,India,1,1,872.00,872.00,0.000000
IN,TELANGANA,HANMAKONDA,India,1,1,759.00,759.00,0.000000
IN,MAHARASHTRA,MANJLEGAON,India,1,1,725.00,725.00,0.000000
IN,ANDHRA PRADESH,VIJAYANAGARAM,India,1,1,399.00,399.00,0.000000
IN,KERALA,THIRUVALLAM,India,1,1,442.00,442.00,0.000000
IN,HARYANA,MAHENDRAGARH DISTRICT,India,1,1,1065.00,1065.00,0.000000
IN,CHHATTISGARH,JANJGIR CHAMPA,India,1,1,735.00,735.00,0.000000
IN,TAMIL NADU,AVADI,India,1,1,759.00,759.00,0.000000
IN,TELANGANA,NARSAPUR,India,1,1,342.00,342.00,0.000000
IN,TAMIL NADU,"NEW PERUNGALATHUR, CHENNAI",India,1,1,653.00,653.00,0.000000
IN,KERALA,VELLANGALLUR,India,1,2,942.00,942.00,0.000000
IN,MAHARASHTRA,CHANDUR AMRAVATI DISTRICT,India,2,2,560.00,560.00,0.000000
IN,RAJASTHAN,SHAHJAHANPUR,India,1,1,1523.00,1523.00,0.000000
IN,ANDHRA PRADESH,"EDULAMUSTOOR ,BATHALAPALLE",India,1,1,295.00,295.00,0.000000
IN,TAMIL NADU,PUDUPALAYAM AGRAHARAM,India,1,1,432.00,432.00,0.000000
IN,MADHYA PRADESH,RAJGARH,India,1,1,517.00,517.00,0.000000
IN,KERALA,KECHERY,India,1,0,662.86,0.00,0.000000
IN,KERALA,CHERUKUNNU,India,3,2,1355.14,459.00,0.000000
IN,KERALA,"MARATHAKKARA, THRISSUR",India,1,1,399.00,399.00,0.000000
IN,PUNJAB,PATHANKOT ( MAMUN ),India,1,1,955.00,955.00,0.000000
IN,WEST BENGAL,CHAKDAHA,India,9,9,5689.00,5689.00,0.000000
IN,MAHARASHTRA,NALLASOPRA EAST MUMBI,India,3,3,1331.00,1331.00,0.000000
IN,ANDHRA PRADESH,PERECHERLA,India,3,3,2471.00,2471.00,0.000000
IN,MADHYA PRADESH,VIDISHA,India,8,8,4950.00,4950.00,0.000000
IN,KERALA,KANDAMKUNNU,India,1,0,0.00,0.00,0.000000
IN,GUJARAT,SARGASAN VILLAGE,India,2,2,1407.00,1407.00,0.000000
IN,KERALA,PERAVOOR,India,1,0,0.00,0.00,0.000000
IN,TAMIL NADU,TIRUPATTUR,India,3,3,3225.00,1075.00,0.000000
IN,KARNATAKA,SIDDAPUR,India,4,3,1913.00,1913.00,0.000000
IN,ODISHA,KHALIAPALI,India,2,2,1900.00,1900.00,0.000000
IN,BIHAR,RAXAUL BAZAR,India,47,57,47706.88,40752.00,0.020000
IN,TAMIL NADU,"BUDAMANGALAM , THIRUVARUR DISTRICT",India,1,1,399.00,399.00,0.000000
IN,UTTAR PRADESH,CHANDAUSI,India,11,13,8786.00,8022.00,0.000000
IN,MAHARASHTRA,RASAYANI,India,2,2,1782.00,1782.00,0.000000
IN,KERALA,KODINHI P O,India,2,2,2230.00,2230.00,0.000000
IN,ANDHRA PRADESH,PUTTUR,India,13,10,6245.00,6245.00,0.000000
IN,ASSAM,SILCHAR,India,77,68,43944.71,37049.00,0.020000
IN,TAMIL NADU,TIMIRI,India,1,1,735.00,735.00,0.000000
IN,KERALA,BEYPORE,India,9,9,5626.00,5626.00,0.000000
IN,GOA,VERNA,India,16,13,8001.57,7433.00,0.000000
IN,ANDHRA PRADESH,DENDULURU,India,1,1,725.00,725.00,0.000000
IN,WEST BENGAL,SURI,India,12,11,5754.00,5355.00,0.000000
IN,UTTAR PRADESH,BIJAULI INDUSTRIAL AREA,India,1,1,885.00,0.00,0.000000
IN,KARNATAKA,DERALAKATTE/ MANGALORE,India,1,1,387.00,387.00,0.000000
IN,MAHARASHTRA,SHRIGONDA,India,4,3,1363.00,1363.00,0.000000
IN,WEST BENGAL,RAMNAGAR,India,4,2,1806.00,1806.00,0.000000
IN,UTTAR PRADESH,DATAGANJ,India,2,0,1285.72,0.00,0.000000
IN,KARNATAKA,DODDABALLAPURA,India,1,1,696.00,696.00,0.000000
IN,PUNJAB,FARIDKOT,India,8,8,5564.00,5046.00,0.000000
IN,JAMMU & KASHMIR,KULGAM,India,12,10,12474.29,8898.00,0.010000
IN,MAHARASHTRA,T,India,1,1,486.00,0.00,0.000000
IN,UTTAR PRADESH,PAKWARA,India,1,1,725.00,725.00,0.000000
IN,JAMMU & KASHMIR,KIRPIND,India,1,1,613.00,613.00,0.000000
IN,PUNJAB,RAMPURA PHUL,India,4,5,2937.00,2937.00,0.000000
IN,TAMIL NADU,"POLLACHI, COIMBATORE",India,2,2,1059.00,1059.00,0.000000
IN,KERALA,MUNDERI,India,1,1,325.00,325.00,0.000000
INDIA,DC,WASHINGTON,Global,702,2048,624960.81,611830.59,0.290000
IN,KERALA,MARANCHERI,India,2,1,1343.24,688.00,0.000000
IN,TAMIL NADU,MYLAUDY,India,1,1,568.00,568.00,0.000000
IN,GUJARAT,MAHESANA,India,25,25,17254.28,16520.00,0.010000
IN,MAHARASHTRA,LONI KALBHOR,India,5,4,2480.00,2480.00,0.000000
IN,CHHATTISGARH,RAWAN AMBUJA CEMENT PLANT,India,2,2,1031.00,1031.00,0.000000
IN,MADHYA PRADESH,RANAPUR,India,1,1,698.00,698.00,0.000000
IN,RAJASTHAN,AJMER,India,86,78,60955.65,52040.00,0.030000
IN,UTTAR PRADESH,IGLAS,India,3,1,1333.28,459.00,0.000000
IN,CHHATTISGARH,MANDHAR INDUSTRIAL AREA,India,3,3,2401.00,2401.00,0.000000
IN,GOA,NERUL,India,1,1,1133.00,1133.00,0.000000
IN,ANDHRA PRADESH,TIRUPATHI,India,11,12,9127.00,9127.00,0.000000
IN,HIMACHAL PRADESH,RAJGARH,India,1,1,368.00,368.00,0.000000
IN,ASSAM,DHEKIAJULI,India,3,4,2287.00,2287.00,0.000000
IN,GUJARAT,SARIGAM,India,3,3,2488.00,2488.00,0.000000
IN,KERALA,KODUVAYUR,India,1,1,1186.00,1186.00,0.000000
IN,KERALA,PEERMADE,India,4,3,1653.00,1653.00,0.000000
IN,ANDAMAN & NICOBAR,PORTBLAIR,India,11,8,6004.14,4467.00,0.000000
IN,KARNATAKA,RABKAVI BANHATTI,India,1,0,0.00,0.00,0.000000
IN,MAHARASHTRA,SHRIVARDHAN,India,2,2,1418.00,1418.00,0.000000
IN,UTTAR PRADESH,"GAUTAM BUDDHA NAGAR,NOIDA",India,1,1,949.00,949.00,0.000000
IN,CHHATTISGARH,PALARI,India,1,1,533.00,533.00,0.000000
IN,MADHYA PRADESH,SINGRAULI,India,20,22,14249.00,12751.00,0.010000
IN,MAHARASHTRA,BHUGAON,India,1,1,493.00,493.00,0.000000
IN,WEST BENGAL,PANCHLA,India,5,5,3449.00,3449.00,0.000000
IN,KERALA,PANOOR,India,2,2,1250.00,1250.00,0.000000
IN,MAHARASHTRA,MIRA ROAD EAST,India,7,7,4382.00,4382.00,0.000000
IN,TAMIL NADU,CHENNAI 126,India,2,2,1301.00,1301.00,0.000000
IN,MAHARASHTRA,SEAWOOD EAST NAVI MUMBAI,India,1,1,1186.00,1186.00,0.000000
IN,MAHARASHTRA,PAUNI,India,2,2,1293.00,1293.00,0.000000
IN,ODISHA,JAJUR ROAD,India,1,1,824.00,824.00,0.000000
IN,KARNATAKA,UTTARA KANNADA,India,3,3,1145.00,1145.00,0.000000
IN,ANDHRA PRADESH,GAVARAVARAM,India,4,8,3013.00,3013.00,0.000000
UNITED STATES,TX,AUSTIN,North America,3481,10350,3235664.44,3137663.70,1.520000
IN,KERALA,CHETHIPUZHA,India,5,7,4726.00,4726.00,0.000000
IN,KARNATAKA,TUCHAMAKERI,India,1,1,566.00,566.00,0.000000
IN,ASSAM,BONGAIGAON RPCL TOWNSHIP,India,1,1,1091.00,1091.00,0.000000
IN,WEST BENGAL,PATIRAM,India,1,1,399.00,399.00,0.000000
IN,BIHAR,MAHNAR BAZAR,India,3,3,2183.00,2183.00,0.000000
IN,JHARKHAND,KODERMA,India,2,2,2344.00,1556.00,0.000000
IN,MAHARASHTRA,"WAGHOLI, PUNE",India,3,4,2741.00,2741.00,0.000000
IN,TAMIL NADU,NATHAM,India,1,1,399.00,399.00,0.000000
IN,KARNATAKA,"HOLEALUR, DISTRICT: GADAG",India,2,2,1253.00,1253.00,0.000000
IN,TAMIL NADU,MADURAI- 625004,India,1,1,399.00,399.00,0.000000
IN,MAHARASHTRA,PIMPALGAON,India,2,0,2210.72,0.00,0.000000
IN,ANDHRA PRADESH,ICHCHAPURAM,India,3,3,3339.00,3339.00,0.000000
IN,RAJASTHAN,MASUDA,India,1,1,899.00,899.00,0.000000
IN,KERALA,"CHAMPAKULAM, ALAPPUZHAA",India,1,1,435.00,435.00,0.000000
IN,WEST BENGAL,SHEAKHALA,India,1,1,627.00,627.00,0.000000
IN,UTTAR PRADESH,USKA BAZAR,India,2,1,599.00,599.00,0.000000
IN,MAHARASHTRA,"CBD BELAPUR , NAVI MUMBAI",India,1,1,869.00,869.00,0.000000
IN,MAHARASHTRA,SINGNAPUR KOPARGAON,India,1,2,2151.00,0.00,0.000000
IN,KARNATAKA,VIJAYPUR,India,1,1,397.00,397.00,0.000000
IN,KARNATAKA,"YELAHANKA 64,BENGALURU",India,1,1,735.00,735.00,0.000000
IN,KERALA,ALLAPUZHA,India,1,1,382.00,382.00,0.000000
IN,JHARKHAND,CIP HOSPITAL KANKE Q NO N3 14 RANCHI,India,1,1,626.00,626.00,0.000000
IN,GUJARAT,MANDVI SURAT DISTRICT,India,2,1,1204.00,1204.00,0.000000
IN,UTTARAKHAND,1,India,1,1,533.00,533.00,0.000000
IN,BIHAR,MOHAMMADPUR URF CHAINPUR,India,2,2,602.00,602.00,0.000000
IN,MAHARASHTRA,PAROLA,India,1,1,1068.00,1068.00,0.000000
IN,KERALA,KASARGOD,India,3,3,1604.00,1169.00,0.000000
IN,WEST BENGAL,KOLKATA 700063,India,1,1,507.00,507.00,0.000000
IN,GUJARAT,"UMALLA ,DI:BHARUCH",India,2,2,593.00,593.00,0.000000
IN,MAHARASHTRA,RASAYANI MOHOPADA,India,1,1,635.00,635.00,0.000000
IN,ANDHRA PRADESH,PERAVALI,India,2,1,435.00,435.00,0.000000
IN,KERALA,ERNAKULAM.,India,2,2,2490.00,1245.00,0.000000
IN,GOA,"MAPUSA, BARDEZ",India,2,2,1634.00,1634.00,0.000000
IN,WEST BENGAL,BINPUR I,India,1,1,475.00,475.00,0.000000
IN,WEST BENGAL,SANKRAIL,India,1,1,1099.00,1099.00,0.000000
IN,KERALA,KOTTAYM,India,1,1,771.00,771.00,0.000000
IN,MADHYA PRADESH,RAJPUR,India,1,1,517.00,517.00,0.000000
IN,ANDHRA PRADESH,UNDI,India,1,1,399.00,399.00,0.000000
IN,GUJARAT,WANKANER,India,1,1,788.00,788.00,0.000000
IN,ANDAMAN & NICOBAR,GOALGHAR PORT BLAIR,India,1,1,399.00,399.00,0.000000
IN,ODISHA,BONAIGARH,India,2,2,1116.00,1116.00,0.000000
IN,UTTAR PRADESH,TAJ NAGRI PHASE 2  AGRA,India,1,1,368.00,368.00,0.000000
IN,KARNATAKA,SALIGRAM UPUPI,India,1,1,346.00,346.00,0.000000
IN,UTTAR PRADESH,GREATER NOIDA (W),India,1,1,1186.00,1186.00,0.000000
IN,BIHAR,NARKATIA,India,1,1,379.00,379.00,0.000000
IN,MAHARASHTRA,"VASAI, THANE",India,1,1,599.00,599.00,0.000000
IN,MAHARASHTRA,BHAYANDER WEST,India,1,1,545.00,545.00,0.000000
IN,MAHARASHTRA,KOLHAR,India,1,1,850.00,850.00,0.000000
IN,HIMACHAL PRADESH,DHARMSALA,India,24,23,13525.48,12775.00,0.010000
IN,PUNJAB,LALRU,India,2,2,886.00,886.00,0.000000
IN,ASSAM,MORAN,India,1,1,696.00,696.00,0.000000
IN,ASSAM,NUMALIGARH REFINERY TOWNSHIP,India,3,3,1575.00,1575.00,0.000000
IN,TAMIL NADU,CHENNAI 106,India,1,1,313.00,313.00,0.000000
IN,ANDHRA PRADESH,VISAKHAPATNAM,India,775,773,510478.09,470150.00,0.240000
IN,KARNATAKA,DEVANAHALLI,India,19,20,11709.00,11709.00,0.010000
IN,TAMIL NADU,RAYAGIRI,India,1,1,744.00,744.00,0.000000
IN,BIHAR,LAURIYA,India,3,2,2271.00,2271.00,0.000000
IN,GUJARAT,TALALA,India,2,2,967.00,967.00,0.000000
IN,MAHARASHTRA,"PIMPRI CHINCHWAD, PUNE",India,7,7,5239.33,4526.00,0.000000
IN,MAHARASHTRA,MUMBAI 400064,India,1,1,513.00,513.00,0.000000
IN,BIHAR,NARKATIAGANJ,India,5,5,1966.00,1966.00,0.000000
IN,KARNATAKA,SALIGRAMA,India,1,1,852.00,852.00,0.000000
IN,KARNATAKA,HOSPET,India,3,3,2130.00,2130.00,0.000000
IN,TAMIL NADU,"KANUVAI, COIMBATORE",India,3,3,3930.00,3930.00,0.000000
IN,ANDAMAN & NICOBAR,SWARAJ DWEEP,India,1,1,459.00,0.00,0.000000
IN,MADHYA PRADESH,KHANDWA,India,20,19,13088.00,11316.00,0.010000
IN,TELANGANA,EDDUMAILARAM,India,7,5,5121.00,5121.00,0.000000
IN,KARNATAKA,SRINGERI,India,6,5,2734.34,1449.00,0.000000
IN,UTTAR PRADESH,GAUTAM BUDDHA NAGAR,India,40,55,34546.77,31515.00,0.020000
IN,MADHYA PRADESH,KHACHAROD,India,2,2,701.00,701.00,0.000000
IN,CHHATTISGARH,ARJUNDA,India,3,2,798.00,798.00,0.000000
IN,TAMIL NADU,ARUMANAI,India,1,1,633.00,633.00,0.000000
IN,GUJARAT,VERAVAL RAJKOT DISTRICT,India,3,2,1763.24,329.00,0.000000
IN,MAHARASHTRA,SHIROL,India,1,1,799.00,799.00,0.000000
IN,WEST BENGAL,AGARPARA,India,3,3,1835.00,1835.00,0.000000
IN,MAHARASHTRA,RAHURI,India,4,3,2877.00,2177.00,0.000000
IN,PUNJAB,DERA BASSI,India,6,7,3932.00,3932.00,0.000000
IN,KERALA,"KUTTUR, THRISSUR",India,1,1,435.00,435.00,0.000000
IN,KERALA,MATTANNUR,India,15,12,7521.00,7521.00,0.000000
IN,MAHARASHTRA,AMALNER,India,3,2,977.00,977.00,0.000000
IN,TAMIL NADU,THARANGAMBADI,India,1,1,435.00,435.00,0.000000
IN,ANDHRA PRADESH,TANGUTUR,India,4,5,3464.00,3464.00,0.000000
IN,UTTARAKHAND,KHATIMA,India,6,5,4298.00,3918.00,0.000000
IN,WEST BENGAL,FARAKKA,India,2,2,1012.00,1012.00,0.000000
IN,HARYANA,BAWAL,India,4,5,2821.00,2821.00,0.000000
IN,MAHARASHTRA,PIMPRI GAV,India,1,1,357.00,357.00,0.000000
IN,MADHYA PRADESH,PANDHANA,India,1,1,788.00,788.00,0.000000
IN,PUDUCHERRY,PONDYCHERRY,India,2,2,1437.00,1437.00,0.000000
IN,GUJARAT,ANAND,India,60,60,40021.28,35736.00,0.020000
IN,ANDHRA PRADESH,SRICITY,India,3,3,2669.00,2669.00,0.000000
IN,MAHARASHTRA,KELVEROAD,India,1,1,399.00,399.00,0.000000
IN,GOA,NAVELIM,India,18,19,10034.00,10034.00,0.000000
IN,WEST BENGAL,KASHIMNAGAR,India,1,1,399.00,399.00,0.000000
IN,RAJASTHAN,CHOMU JAIPUR,India,2,1,1534.57,786.00,0.000000
IN,GUJARAT,GODHRA,India,11,10,7560.00,6900.00,0.000000
IN,RAJASTHAN,TODARAISINGH,India,1,1,353.00,353.00,0.000000
IN,KARNATAKA,BELGAUM,India,12,11,6719.00,6719.00,0.000000
IN,MAHARASHTRA,AHMED NAGAR,India,3,3,993.00,993.00,0.000000
IN,MAHARASHTRA,SASWAD,India,2,2,1497.00,1497.00,0.000000
IN,KERALA,KARIVELLUR,India,16,13,7475.58,3654.00,0.000000
IN,KERALA,CHELANNUR,India,2,1,589.00,589.00,0.000000
IN,TELANGANA,MANCHERIAL,India,25,22,15398.76,14314.00,0.010000
IN,HARYANA,JIND,India,19,17,13113.00,13113.00,0.010000
IN,TELANGANA,VIKARABAD,India,10,17,8422.00,8069.00,0.000000
IN,ODISHA,"JATANI, BHUBANESWAR",India,1,1,399.00,399.00,0.000000
IN,ANDHRA PRADESH,TADEPALLI,India,6,4,4875.24,3380.00,0.000000
IN,TAMIL NADU,URAPAKKAM WEST,India,1,1,431.00,431.00,0.000000
IN,RAJASTHAN,TONK,India,17,19,15859.00,15859.00,0.010000
IN,ODISHA,GANJAM,India,16,10,11139.78,8564.00,0.010000
IN,KERALA,ANCHAL,India,2,1,948.52,499.00,0.000000
UNITED KINGDOM,NY,NEW YORK,Europe,244,704,210835.06,202207.33,0.100000
IN,ANDHRA PRADESH,KOVVUR,India,4,4,1365.00,1365.00,0.000000
IN,JHARKHAND,CHANDIL,India,1,1,376.00,376.00,0.000000
IN,PUNJAB,"URMAR TANDA, HOSHIARPUR",India,1,0,1005.36,0.00,0.000000
IN,MAHARASHTRA,KALYAN EAST,India,14,16,8281.00,7646.00,0.000000
IN,UTTAR PRADESH,BARA GAON,India,1,1,385.00,385.00,0.000000
IN,GOA,CALANGUTE,India,19,19,14110.67,12738.00,0.010000
IN,TAMIL NADU,KANYAKUMARI DISTRICT,India,1,1,469.00,469.00,0.000000
IN,HARYANA,PALWAL,India,17,16,11262.00,10502.00,0.010000
IN,MAHARASHTRA,MANGAON,India,5,5,2530.00,2530.00,0.000000
IN,UTTAR PRADESH,NICHLAUL,India,1,1,399.00,399.00,0.000000
IN,UTTAR PRADESH,ALIGANJ,India,6,5,3467.00,3467.00,0.000000
IN,KARNATAKA,BENGALURU SOUTH,India,1,1,824.00,824.00,0.000000
IN,KERALA,BALARAMAPURAM /MUDAVOORPARA,India,1,1,560.00,560.00,0.000000
IN,KERALA,"FEROKE,CALICUT",India,1,0,0.00,0.00,0.000000
IN,KARNATAKA,BANAGALORE,India,1,1,735.00,735.00,0.000000
IN,UTTAR PRADESH,NAWABGANJ,India,1,1,329.00,329.00,0.000000
IN,TAMIL NADU,UTHUKULI,India,1,1,399.00,399.00,0.000000
IN,RAJASTHAN,SADULSHAHAR,India,1,1,845.00,845.00,0.000000
IN,ANDHRA PRADESH,GOPALAPURAM,India,2,1,1075.00,1075.00,0.000000
IN,KARNATAKA,BENGALURU 560064,India,1,1,807.00,807.00,0.000000
IN,MIZORAM,LAWNGTLAI,India,1,0,541.90,0.00,0.000000
IN,PUNJAB,BANUR,India,1,1,1257.00,1257.00,0.000000
IN,KERALA,KOOTHATTUKULAM,India,2,0,385.71,0.00,0.000000
IN,HIMACHAL PRADESH,SBI FAGU,India,1,1,495.00,495.00,0.000000
IN,MAHARASHTRA,DIVA,India,1,0,0.00,0.00,0.000000
IN,DELHI,NEW DELHI 110075,India,1,1,999.00,999.00,0.000000
IN,KERALA,ERATTUPETTA,India,4,3,1978.00,1978.00,0.000000
IN,MAHARASHTRA,"IGATPURI ,NASIK DISTRICT",India,2,2,1196.00,1196.00,0.000000
IN,UTTAR PRADESH,"BHOJIPURA, BAREILLY",India,2,2,2676.00,2676.00,0.000000
IN,RAJASTHAN,BHAWANI MANDI,India,1,1,345.00,345.00,0.000000
IN,TAMIL NADU,TUTICORIN,India,1,1,459.00,459.00,0.000000
IN,MAHARASHTRA,MURBAD,India,3,3,2058.00,2058.00,0.000000
IN,CHHATTISGARH,CHARAMA,India,1,1,399.00,399.00,0.000000
IN,TAMIL NADU,NANGAVALLI,India,1,1,475.00,475.00,0.000000
IN,KERALA,KALAMASSERY PH NO: 9074200347,India,1,1,626.00,626.00,0.000000
IN,UTTAR PRADESH,HALDAUR,India,1,1,771.00,771.00,0.000000
IN,MAHARASHTRA,BORIVALI WEST MUMBAI,India,1,1,382.00,382.00,0.000000
IN,MAHARASHTRA,MUMBAI NO. 400053,India,1,1,715.00,715.00,0.000000
IN,TAMIL NADU,COIMBATORE-641041,India,1,1,469.00,469.00,0.000000
IN,GUJARAT,"VERAVAL, DISTRICT - GIR SOMNATH",India,1,1,495.00,495.00,0.000000
IN,ANDHRA PRADESH,CHINNAMANDEAM,India,1,1,399.00,399.00,0.000000
IN,UTTAR PRADESH,BANTHRA,India,1,1,382.00,382.00,0.000000
IN,MAHARASHTRA,MUMBAI -400064,India,3,3,1880.00,1880.00,0.000000
IN,KARNATAKA,KODAGU DIST,India,1,1,749.00,749.00,0.000000
IN,JHARKHAND,KIRIBURU,India,4,3,1908.00,1908.00,0.000000
IN,RAJASTHAN,LAKHERI,India,1,1,665.00,665.00,0.000000
IN,TAMIL NADU,"OLD MATHIGIRI, HOSUR",India,1,1,1115.00,1115.00,0.000000
IN,UTTAR PRADESH,ROORKEE ROAD MEERUT,India,1,1,888.00,888.00,0.000000
IN,MAHARASHTRA,DISTRICT RAIGADH,India,1,1,599.00,599.00,0.000000
IN,UTTAR PRADESH,AYODHYA FAIZABAD,India,1,1,599.00,599.00,0.000000
IN,UTTAR PRADESH,CHOUBEPUR KALAN,India,1,0,0.00,0.00,0.000000
IN,KERALA,"ADOOR, VADDAKKEDATHU CAVU",India,1,1,771.00,771.00,0.000000
IN,NAGALAND,NIULAND,India,1,1,442.00,442.00,0.000000
IN,DELHI,NARELA DELHI,India,1,1,631.00,631.00,0.000000
IN,UTTARAKHAND,KICHHA,India,3,4,3040.00,3040.00,0.000000
IN,ASSAM,GOHPUR,India,1,1,999.00,999.00,0.000000
IN,MAHARASHTRA,BHAYANDAR (WEST),India,1,1,725.00,725.00,0.000000
IN,KERALA,PUZHATHI,India,3,1,1538.48,788.00,0.000000
IN,ASSAM,NIZ HAJO,India,1,1,850.00,850.00,0.000000
IN,ANDHRA PRADESH,NALLAJERLA,India,1,0,0.00,0.00,0.000000
IN,KARNATAKA,HOSAPETEBELLARY,India,1,1,357.00,357.00,0.000000
IN,GOA,VERNA GOA,India,1,2,1025.00,1025.00,0.000000
IN,DELHI,DWARKA 110078,India,1,1,493.00,493.00,0.000000
IN,ANDHRA PRADESH,SPSR NELLORE DISTRICT,India,1,1,376.00,376.00,0.000000
IN,ASSAM,CHIRANG,India,1,1,369.00,369.00,0.000000
IN,KERALA,KADIKKAD,India,2,1,612.00,612.00,0.000000
IN,WEST BENGAL,KOLKATA-700101,India,1,1,641.00,641.00,0.000000
IN,TELANGANA,DAMMAPETA,India,1,0,0.00,0.00,0.000000
IN,KERALA,AVINISSERY,India,2,2,786.00,786.00,0.000000
IN,KARNATAKA,"BANASWADI, BENGALURU",India,1,1,1099.00,1099.00,0.000000
IN,GUJARAT,BHILAD,India,3,2,942.00,471.00,0.000000
IN,KERALA,PEYAD,India,1,1,666.00,666.00,0.000000
IN,MADHYA PRADESH,SARNI,India,1,1,533.00,533.00,0.000000
IN,TELANGANA,"POTHREDDIPALLY, SANGAREDDY",India,2,2,1700.00,850.00,0.000000
IN,MAHARASHTRA,NILJE DOMBIVLI EAST,India,1,1,406.00,406.00,0.000000
IN,MADHYA PRADESH,WARASEONI,India,1,0,574.29,0.00,0.000000
IN,DELHI,NEW DELHI 45,India,1,1,879.00,879.00,0.000000
IN,KARNATAKA,MAGADI.,India,1,1,345.00,345.00,0.000000
IN,RAJASTHAN,MADANGANJ KISHANGARH,India,1,1,382.00,382.00,0.000000
IN,KERALA,TRIVANDURM,India,1,1,599.00,599.00,0.000000
IN,JAMMU & KASHMIR,MIRAN SAHIB  JAMMU,India,1,1,1399.00,1399.00,0.000000
IN,UTTAR PRADESH,PALI HARDOI DISTRICT,India,1,0,662.86,0.00,0.000000
IN,PUNJAB,MUKANPUR,India,1,1,471.00,471.00,0.000000
IN,KERALA,"KAKKODI, KOZHIKODE",India,1,1,771.00,771.00,0.000000
IN,MAHARASHTRA,"DOMBIVLI EAST, THANE",India,1,0,0.00,0.00,0.000000
IN,ANDHRA PRADESH,"CHEEPURUPALLI, VIZIANAGARAM DIST",India,1,1,574.00,574.00,0.000000
IN,UTTAR PRADESH,DERAPUR,India,1,1,399.00,399.00,0.000000
IN,TAMIL NADU,HANUMANTHAN PATTY,India,1,1,469.00,469.00,0.000000
IN,KERALA,"NALLEPILLY P.O , PALAKKAD DT",India,2,1,779.00,0.00,0.000000
IN,TAMIL NADU,BARGUR,India,2,2,1331.00,1331.00,0.000000
IN,RAJASTHAN,"ADARSH NAGAR, JAIPUR",India,1,1,511.00,511.00,0.000000
IN,TELANGANA,"BANJARA HILLS ,HYDERABAD",India,1,1,777.00,777.00,0.000000
IN,KERALA,"ERNAKULAM, KOLENCHERY",India,1,1,824.00,824.00,0.000000
IN,KARNATAKA,DEVANUR,India,1,1,737.00,737.00,0.000000
IN,GOA,SHIRODA,India,1,1,517.00,517.00,0.000000
IN,KERALA,THIRUVALLOM,India,1,1,518.00,518.00,0.000000
IN,MAHARASHTRA,MAHASLA,India,1,1,999.00,999.00,0.000000
IN,TAMIL NADU,TIRUPATHUR DISTRICT,India,1,1,582.00,582.00,0.000000
IN,BIHAR,"HANUMAN NAGAR,PATNA",India,1,1,999.00,999.00,0.000000
IN,TAMIL NADU,THOOKKANAIKAMPALAYAM,India,1,1,301.00,301.00,0.000000
IN,TAMIL NADU,THIRUCHENTUR,India,1,1,499.00,499.00,0.000000
IN,MEGHALAYA,RANIKOR,India,1,1,1186.00,1186.00,0.000000
IN,MAHARASHTRA,PATALGANGA MIDC,India,1,1,1523.00,1523.00,0.000000
IN,ODISHA,MADANPUR RAMPUR,India,1,0,454.29,0.00,0.000000
IN,UTTAR PRADESH,MENHDAWAL,India,2,1,1439.86,597.00,0.000000
IN,MADHYA PRADESH,BAMORA,India,1,1,399.00,399.00,0.000000
IN,ANDHRA PRADESH,"KHANDAVALLI, PERAVALI MANDAL, WEST GODAVARI",India,1,0,0.00,0.00,0.000000
IN,KERALA,"THENHIPALAM, MALAPPURAM",India,1,1,744.00,744.00,0.000000
IN,ODISHA,MAYURBHANJA,India,1,1,698.00,698.00,0.000000
IN,MAHARASHTRA,AMBAD,India,1,1,534.00,534.00,0.000000
IN,TAMIL NADU,THIRUVIDAIMARUDUR,India,1,1,363.00,363.00,0.000000
IN,ANDHRA PRADESH,MARTERU,India,1,1,399.00,399.00,0.000000
IN,UTTAR PRADESH,SIKANDRA RAO HATHRAS,India,1,2,1816.00,1816.00,0.000000
IN,ANDHRA PRADESH,"KANCHIKACHERLA, KRISHNA DISTRICT",India,2,4,3932.00,3932.00,0.000000
IN,KERALA,KOTTAPURAM PO,India,1,1,736.00,736.00,0.000000
IN,HARYANA,SONEPAT,India,1,1,486.00,486.00,0.000000
IN,MAHARASHTRA,CHINCHPOKLI,India,2,2,1998.00,999.00,0.000000
IN,GOA,TISK-USGAO,India,1,1,899.00,899.00,0.000000
IN,KERALA,NAYARAMBALAM,India,2,2,1200.00,1200.00,0.000000
IN,KARNATAKA,MULUR,India,1,1,380.00,380.00,0.000000
IN,KERALA,KUTTANAD,India,1,1,758.00,758.00,0.000000
IN,TAMIL NADU,PANNAIPURAM,India,2,2,1060.00,1060.00,0.000000
IN,TAMIL NADU,"NANNILAM, TIRUVARUR",India,2,2,1222.00,1222.00,0.000000
IN,MAHARASHTRA,BHIWAPUR,India,1,1,788.00,788.00,0.000000
IN,CHHATTISGARH,SIMGA,India,1,1,446.00,446.00,0.000000
IN,UTTARAKHAND,NK SWEETS VIKASNAGAR,India,1,1,432.00,432.00,0.000000
IN,TAMIL NADU,"KOVUR,CHENNAI",India,1,1,487.00,487.00,0.000000
IN,MAHARASHTRA,"DOMBIVALI MIDC, THANE",India,2,2,979.00,979.00,0.000000
IN,MEGHALAYA,SOHRA,India,1,1,573.00,573.00,0.000000
IN,WEST BENGAL,COUCH BEHAR,India,1,0,0.00,0.00,0.000000
IN,UTTAR PRADESH,DISTRICT-FATEHPUR,India,1,0,0.00,0.00,0.000000
IN,UTTAR PRADESH,"FARIDPUR,BAREILLY",India,1,1,988.00,988.00,0.000000
IN,CHHATTISGARH,BHILAI DURG,India,1,1,563.00,563.00,0.000000
IN,JHARKHAND,SERAIKELA KHARSAWAN,India,1,0,0.00,0.00,0.000000
IN,KERALA,NOORANAD,India,1,1,735.00,735.00,0.000000
IN,WEST BENGAL,MATHURAPUR,India,1,1,721.00,721.00,0.000000
IN,TAMIL NADU,"PUTHALAM,KANYAKUMARI",India,2,2,1470.00,1470.00,0.000000
IN,KARNATAKA,MADAPURA,India,1,1,589.00,589.00,0.000000
IN,PONDICHERRY,PONDICHERRY,India,1,1,529.00,529.00,0.000000
IN,KERALA,N.PARAVOOR,India,1,1,735.00,735.00,0.000000
IN,TAMIL NADU,THARAMANGALAM,India,1,1,517.00,517.00,0.000000
IN,UTTAR PRADESH,BHAWAN BAHADUR NAGAR,India,1,1,399.00,399.00,0.000000
IN,MAHARASHTRA,VIRAR EAST.,India,1,1,376.00,376.00,0.000000
