ProductKey,SKU,ProductName,Category,BaseMRP,TransferPrice,StockOnHand,ReorderThreshold,CapitalTiedUpAtCost,InventoryRetailValue,TotalHistoricalUnitsSold,InventoryHealthStatus
1333,SET273-KR-NP-XXXL,SET - SET273,SET,612.00,244.80,0,10,0.00,0.00,10,Out of Stock (Margin Loss)
1334,J0386-KR-XXXL,KURTA - J0386,KURTA,967.00,386.80,0,10,0.00,0.00,6,Out of Stock (Margin Loss)
1335,SET375-KR-NP-L,SET - SET375,SET,696.00,278.40,0,10,0.00,0.00,28,Out of Stock (Margin Loss)
1336,JNE2100-KR-144-L,KURTA - JNE2100,KURTA,382.00,152.80,0,10,0.00,0.00,45,Out of Stock (Margin Loss)
1337,SET350-KR-NP-M,SET - SET350,SET,1324.00,529.60,0,10,0.00,0.00,49,Out of Stock (Margin Loss)
1338,JNE3684-TU-XS,TOP - JNE3684,TOP,319.00,127.60,0,10,0.00,0.00,10,Out of Stock (Margin Loss)
1339,SET128-KR-DH-XS,SET - SET128,SET,1147.00,458.80,0,10,0.00,0.00,7,Out of Stock (Margin Loss)
1340,JNE3654-TP-XL,TOP - JNE3654,TOP,443.00,177.20,0,10,0.00,0.00,57,Out of Stock (Margin Loss)
1341,J0336-TP-M,TOP - J0336,TOP,925.00,370.00,0,10,0.00,0.00,36,Out of Stock (Margin Loss)
1342,JNE3606-KR-L,KURTA - JNE3606,KURTA,487.00,194.80,0,10,0.00,0.00,20,Out of Stock (Margin Loss)
1343,SET238-KR-PP-XL,SET - SET238,SET,477.00,190.80,0,10,0.00,0.00,18,Out of Stock (Margin Loss)
1344,J0249-SKD-XXL,SET - J0249,SET,939.00,375.60,0,10,0.00,0.00,15,Out of Stock (Margin Loss)
1345,SET317-KR-PP-XS,SET - SET317,SET,1201.00,480.40,0,10,0.00,0.00,14,Out of Stock (Margin Loss)
1346,JNE3896-KR-XXL,KURTA - JNE3896,KURTA,582.00,232.80,0,10,0.00,0.00,0,Out of Stock (Margin Loss)
1347,SET131-KR-NP-XXL,SET - SET131,SET,666.00,266.40,0,10,0.00,0.00,12,Out of Stock (Margin Loss)
1348,J0078-SET-XXXL,SET - J0078,SET,947.00,378.80,0,10,0.00,0.00,3,Out of Stock (Margin Loss)
1349,SET363-KR-NP-L,SET - SET363,SET,1354.00,541.60,0,10,0.00,0.00,41,Out of Stock (Margin Loss)
1350,JNE3633-KR-L,KURTA - JNE3633,KURTA,459.00,183.60,0,10,0.00,0.00,21,Out of Stock (Margin Loss)
1351,SET273-KR-NP-XS,SET - SET273,SET,612.00,244.80,0,10,0.00,0.00,53,Out of Stock (Margin Loss)
1352,SET224-KR-NP-XL,SET - SET224,SET,1299.00,519.60,0,10,0.00,0.00,16,Out of Stock (Margin Loss)
1353,J0249-SKD-XL,SET - J0249,SET,939.00,375.60,0,10,0.00,0.00,11,Out of Stock (Margin Loss)
1354,JNE3740-KR-XS,KURTA - JNE3740,KURTA,319.00,127.60,0,10,0.00,0.00,1,Out of Stock (Margin Loss)
1524,JNE3612-KR-XXXL,KURTA - JNE3612,KURTA,399.00,159.60,0,10,0.00,0.00,8,Out of Stock (Margin Loss)
1525,JNE3708-TU-L,TOP - JNE3708,TOP,749.00,299.60,0,10,0.00,0.00,13,Out of Stock (Margin Loss)
1526,JNE3684-TU-XXXL,TOP - JNE3684,TOP,315.00,126.00,0,10,0.00,0.00,9,Out of Stock (Margin Loss)
1527,BL098-S,BLOUSE - BL098,BLOUSE,372.00,148.80,0,10,0.00,0.00,5,Out of Stock (Margin Loss)
1528,J0429-DR-XL,WESTERN DRESS - J0429,WESTERN DRESS,859.00,343.60,0,10,0.00,0.00,1,Out of Stock (Margin Loss)
1529,J0158-DR-S,WESTERN DRESS - J0158,WESTERN DRESS,1091.00,436.40,0,10,0.00,0.00,13,Out of Stock (Margin Loss)
1530,J0245-SKD-S,SET - J0245,SET,1249.00,499.60,0,10,0.00,0.00,7,Out of Stock (Margin Loss)
1531,J0328-KR-XS,KURTA - J0328,KURTA,939.00,375.60,0,10,0.00,0.00,11,Out of Stock (Margin Loss)
1532,J0151-KR-XXL,KURTA - J0151,KURTA,499.00,199.60,0,10,0.00,0.00,10,Out of Stock (Margin Loss)
1533,JNE3819-KR-XXXL,KURTA - JNE3819,KURTA,499.00,199.60,0,10,0.00,0.00,7,Out of Stock (Margin Loss)
1534,JNE3311-KR-XL,KURTA - JNE3311,KURTA,599.00,239.60,0,10,0.00,0.00,10,Out of Stock (Margin Loss)
1535,AN213-BROWN-S,BOTTOM - AN213,BOTTOM,301.00,120.40,0,10,0.00,0.00,8,Out of Stock (Margin Loss)
1536,JNE3452-KR-S,KURTA - JNE3452,KURTA,301.00,120.40,0,10,0.00,0.00,3,Out of Stock (Margin Loss)
1537,J0145-SET-L,SET - J0145,SET,493.00,197.20,0,10,0.00,0.00,5,Out of Stock (Margin Loss)
1538,JNE3750-KR-XXXL,KURTA - JNE3750,KURTA,511.00,204.40,0,10,0.00,0.00,15,Out of Stock (Margin Loss)
1539,JNE3777-KR-L,KURTA - JNE3777,KURTA,399.00,159.60,0,10,0.00,0.00,5,Out of Stock (Margin Loss)
1540,JNE3606-KR-XL,KURTA - JNE3606,KURTA,487.00,194.80,0,10,0.00,0.00,11,Out of Stock (Margin Loss)
1541,NW001-TP-PJ-S,SET - NW001,SET,563.00,225.20,0,10,0.00,0.00,10,Out of Stock (Margin Loss)
1542,JNE2170-KR-436-XL,KURTA - JNE2170,KURTA,612.00,244.80,0,10,0.00,0.00,21,Out of Stock (Margin Loss)
1543,JNE3780-KR-XL,KURTA - JNE3780,KURTA,325.00,130.00,0,10,0.00,0.00,10,Out of Stock (Margin Loss)
1544,J0401-DR-L,WESTERN DRESS - J0401,WESTERN DRESS,1168.00,467.20,0,10,0.00,0.00,17,Out of Stock (Margin Loss)
1545,MEN5014-KR-XXL,KURTA - MEN5014,KURTA,665.00,266.00,0,10,0.00,0.00,18,Out of Stock (Margin Loss)
1546,SET353-KR-NP-XS,SET - SET353,SET,888.00,355.20,0,10,0.00,0.00,5,Out of Stock (Margin Loss)
1547,J0172-TP-XS,TOP - J0172,TOP,499.00,199.60,0,10,0.00,0.00,3,Out of Stock (Margin Loss)
1741,SET340-KR-NP-M,SET - SET340,SET,799.00,319.60,0,10,0.00,0.00,10,Out of Stock (Margin Loss)
1742,SET389-KR-NP-XL,SET - SET389,SET,680.00,272.00,0,10,0.00,0.00,55,Out of Stock (Margin Loss)
1743,JNE3806-KR-L,KURTA - JNE3806,KURTA,549.00,219.60,0,10,0.00,0.00,21,Out of Stock (Margin Loss)
1744,JNE3673-TU-L,TOP - JNE3673,TOP,599.00,239.60,0,10,0.00,0.00,15,Out of Stock (Margin Loss)
1745,SET328-KR-NP-L,SET - SET328,SET,635.00,254.00,0,10,0.00,0.00,69,Out of Stock (Margin Loss)
1746,J0179-KR-S,KURTA - J0179,KURTA,696.00,278.40,0,10,0.00,0.00,12,Out of Stock (Margin Loss)
1747,J0133-KR-XS,KURTA - J0133,KURTA,381.00,152.40,0,10,0.00,0.00,2,Out of Stock (Margin Loss)
1748,J0251-SKD-S,SET - J0251,SET,763.00,305.20,0,10,0.00,0.00,3,Out of Stock (Margin Loss)
1749,J0283-SET-S,SET - J0283,SET,1072.00,428.80,0,10,0.00,0.00,15,Out of Stock (Margin Loss)
1750,SET324-KR-NP-M,SET - SET324,SET,699.00,279.60,0,10,0.00,0.00,250,Out of Stock (Margin Loss)
1751,MEN5009-KR-S,KURTA - MEN5009,KURTA,709.00,283.60,0,10,0.00,0.00,49,Out of Stock (Margin Loss)
1752,BL113-S,BLOUSE - BL113,BLOUSE,493.00,197.20,0,10,0.00,0.00,8,Out of Stock (Margin Loss)
1753,J0349-SET-XS,SET - J0349,SET,888.00,355.20,0,10,0.00,0.00,61,Out of Stock (Margin Loss)
1754,JNE3479-KR-M,KURTA - JNE3479,KURTA,301.00,120.40,0,10,0.00,0.00,26,Out of Stock (Margin Loss)
1755,JNE3429-KR-M,KURTA - JNE3429,KURTA,318.00,127.20,0,10,0.00,0.00,14,Out of Stock (Margin Loss)
1756,J0171-DR-L,WESTERN DRESS - J0171,WESTERN DRESS,489.00,195.60,0,10,0.00,0.00,10,Out of Stock (Margin Loss)
1757,BTM002-S,BOTTOM - BTM002,BOTTOM,518.00,207.20,0,10,0.00,0.00,18,Out of Stock (Margin Loss)
1758,J0062-DR-S,WESTERN DRESS - J0062,WESTERN DRESS,491.00,196.40,0,10,0.00,0.00,2,Out of Stock (Margin Loss)
1759,JNE3535-KR-XXXL,KURTA - JNE3535,KURTA,419.00,167.60,0,10,0.00,0.00,11,Out of Stock (Margin Loss)
1760,J0034-SET-XS,SET - J0034,SET,743.00,297.20,0,10,0.00,0.00,5,Out of Stock (Margin Loss)
1761,JNE3833-KR-M,KURTA - JNE3833,KURTA,521.00,208.40,0,10,0.00,0.00,7,Out of Stock (Margin Loss)
1762,JNE3336-KR-S,KURTA - JNE3336,KURTA,330.00,132.00,0,10,0.00,0.00,1,Out of Stock (Margin Loss)
1763,SET333-KR-DPT-M,SET - SET333,SET,967.00,386.80,0,10,0.00,0.00,36,Out of Stock (Margin Loss)
1764,JNE3678-TU-XXXL,TOP - JNE3678,TOP,545.00,218.00,0,10,0.00,0.00,9,Out of Stock (Margin Loss)
1957,J0190-TP-XS,TOP - J0190,TOP,345.00,138.00,0,10,0.00,0.00,2,Out of Stock (Margin Loss)
1958,J0111-TP-M,TOP - J0111,TOP,423.00,169.20,0,10,0.00,0.00,1,Out of Stock (Margin Loss)
1959,SET197-KR-NP-XXL,SET - SET197,SET,759.00,303.60,0,10,0.00,0.00,88,Out of Stock (Margin Loss)
1960,J0151-KR-L,KURTA - J0151,KURTA,499.00,199.60,0,10,0.00,0.00,18,Out of Stock (Margin Loss)
1961,NW037-TP-SR-L,SET - NW037,SET,450.00,180.00,0,10,0.00,0.00,21,Out of Stock (Margin Loss)
1962,SET347-KR-NP-M,SET - SET347,SET,852.00,340.80,0,10,0.00,0.00,38,Out of Stock (Margin Loss)
1963,JNE3413-KR-L,KURTA - JNE3413,KURTA,526.00,210.40,0,10,0.00,0.00,1,Out of Stock (Margin Loss)
1964,JNE3605-KR-L,KURTA - JNE3605,KURTA,517.00,206.80,0,10,0.00,0.00,26,Out of Stock (Margin Loss)
1965,JNE3905-DR-XXL,WESTERN DRESS - JNE3905,WESTERN DRESS,869.00,347.60,0,10,0.00,0.00,36,Out of Stock (Margin Loss)
1966,JNE3483-KR-M,KURTA - JNE3483,KURTA,0.00,0.00,0,10,0.00,0.00,0,Out of Stock (Margin Loss)
1967,MEN5008-KR-L,KURTA - MEN5008,KURTA,709.00,283.60,0,10,0.00,0.00,53,Out of Stock (Margin Loss)
1968,JNE3611-KR-L,KURTA - JNE3611,KURTA,469.00,187.60,0,10,0.00,0.00,53,Out of Stock (Margin Loss)
1969,JNE3528-KR-L,KURTA - JNE3528,KURTA,319.00,127.60,0,10,0.00,0.00,11,Out of Stock (Margin Loss)
1970,J0345-SET-XS,SET - J0345,SET,478.00,191.20,0,10,0.00,0.00,4,Out of Stock (Margin Loss)
1971,J0398-DR-XL,WESTERN DRESS - J0398,WESTERN DRESS,885.00,354.00,0,10,0.00,0.00,8,Out of Stock (Margin Loss)
1972,SET145-KR-NP-S,SET - SET145,SET,788.00,315.20,0,10,0.00,0.00,33,Out of Stock (Margin Loss)
1973,SET341-KR-NP-XXXL,SET - SET341,SET,899.00,359.60,0,10,0.00,0.00,14,Out of Stock (Margin Loss)
1974,SET273-KR-NP-XXL,SET - SET273,SET,612.00,244.80,0,10,0.00,0.00,16,Out of Stock (Margin Loss)
1976,SET242-KR-PP-XXL,SET - SET242,SET,561.00,224.40,0,10,0.00,0.00,5,Out of Stock (Margin Loss)
1978,MEN5019-KR-XXL,KURTA - MEN5019,KURTA,655.00,262.00,0,10,0.00,0.00,23,Out of Stock (Margin Loss)
1979,JNE3461-KR-S,KURTA - JNE3461,KURTA,499.00,199.60,0,10,0.00,0.00,17,Out of Stock (Margin Loss)
1980,MEN5025-KR-L,KURTA - MEN5025,KURTA,777.00,310.80,0,10,0.00,0.00,37,Out of Stock (Margin Loss)
1981,BTM030-NP-XXXL,BOTTOM - BTM030,BOTTOM,301.00,120.40,0,10,0.00,0.00,11,Out of Stock (Margin Loss)
1982,SET302-KR-PP-S,SET - SET302,SET,939.00,375.60,0,10,0.00,0.00,18,Out of Stock (Margin Loss)
1983,NW038-ST-SR-XS,SET - NW038,SET,517.00,206.80,0,10,0.00,0.00,1,Out of Stock (Margin Loss)
1984,NW009-ST-CP-M,SET - NW009,SET,560.00,224.00,0,10,0.00,0.00,9,Out of Stock (Margin Loss)
1986,J0002-SKD-M,SET - J0002,SET,1186.00,474.40,0,10,0.00,0.00,65,Out of Stock (Margin Loss)
1987,J0401-DR-M,WESTERN DRESS - J0401,WESTERN DRESS,1229.00,491.60,0,10,0.00,0.00,10,Out of Stock (Margin Loss)
1988,JNE3438-KR-XS,KURTA - JNE3438,KURTA,453.00,181.20,0,10,0.00,0.00,1,Out of Stock (Margin Loss)
1989,JNE3863-TU-L,TOP - JNE3863,TOP,798.00,319.20,0,10,0.00,0.00,25,Out of Stock (Margin Loss)
1990,JNE3625-DR-S,WESTERN DRESS - JNE3625,WESTERN DRESS,453.00,181.20,0,10,0.00,0.00,2,Out of Stock (Margin Loss)
1991,J0281-SKD-XXL,SET - J0281,SET,1496.00,598.40,0,10,0.00,0.00,20,Out of Stock (Margin Loss)
1992,JNE3777-KR-M,KURTA - JNE3777,KURTA,399.00,159.60,0,10,0.00,0.00,3,Out of Stock (Margin Loss)
1993,JNE2049-KR-351-XL,KURTA - JNE2049,KURTA,435.00,174.00,0,10,0.00,0.00,15,Out of Stock (Margin Loss)
1994,PSET268-KR-NP-4XL,SET - PSET268,SET,1399.00,559.60,0,10,0.00,0.00,17,Out of Stock (Margin Loss)
1995,SET285-KR-SHA-M,SET - SET285,SET,499.00,199.60,0,10,0.00,0.00,23,Out of Stock (Margin Loss)
1996,J0352-KR-L,KURTA - J0352,KURTA,666.00,266.40,0,10,0.00,0.00,9,Out of Stock (Margin Loss)
1997,J0310-TP-S,TOP - J0310,TOP,339.00,135.60,0,10,0.00,0.00,1,Out of Stock (Margin Loss)
1998,BL090-XS,BLOUSE - BL090,BLOUSE,0.00,0.00,0,10,0.00,0.00,1,Out of Stock (Margin Loss)
1999,J0126-SKD-XXL,SET - J0126,SET,818.00,327.20,0,10,0.00,0.00,16,Out of Stock (Margin Loss)
2000,JNE3781-KR-S,KURTA - JNE3781,KURTA,432.00,172.80,0,10,0.00,0.00,44,Out of Stock (Margin Loss)
2001,J0251-SKD-XXL,SET - J0251,SET,763.00,305.20,0,10,0.00,0.00,2,Out of Stock (Margin Loss)
2002,SET197-KR-NP-XS,SET - SET197,SET,759.00,303.60,0,10,0.00,0.00,20,Out of Stock (Margin Loss)
2004,NW036-ST-SR-XXL,SET - NW036,SET,539.00,215.60,0,10,0.00,0.00,6,Out of Stock (Margin Loss)
2199,NW005-ST-PJ-XS,SET - NW005,SET,599.00,239.60,0,10,0.00,0.00,8,Out of Stock (Margin Loss)
2200,JNE3480-KR-S,KURTA - JNE3480,KURTA,249.00,99.60,0,10,0.00,0.00,12,Out of Stock (Margin Loss)
2201,MEN5030-KR-L,KURTA - MEN5030,KURTA,590.00,236.00,0,10,0.00,0.00,11,Out of Stock (Margin Loss)
2202,JNE3822-KR-S,KURTA - JNE3822,KURTA,490.00,196.00,0,10,0.00,0.00,12,Out of Stock (Margin Loss)
2203,SET318-KR-SHA-L,SET - SET318,SET,1152.00,460.80,0,10,0.00,0.00,7,Out of Stock (Margin Loss)
2204,J0140-SET-S,SET - J0140,SET,626.00,250.40,0,10,0.00,0.00,3,Out of Stock (Margin Loss)
2205,J0352-KR-S,KURTA - J0352,KURTA,669.00,267.60,0,10,0.00,0.00,15,Out of Stock (Margin Loss)
2206,SET278-KR-NP-M,SET - SET278,SET,1542.00,616.80,0,10,0.00,0.00,134,Out of Stock (Margin Loss)
2207,SET343-KR-NP-XS,SET - SET343,SET,916.00,366.40,0,10,0.00,0.00,18,Out of Stock (Margin Loss)
2209,SET285-KR-SHA-XXXL,SET - SET285,SET,499.00,199.60,0,10,0.00,0.00,12,Out of Stock (Margin Loss)
2210,JNE3721-KR-XS,KURTA - JNE3721,KURTA,329.00,131.60,0,10,0.00,0.00,55,Out of Stock (Margin Loss)
2211,SET279-LC-XXXL,SET - SET279,SET,888.00,355.20,0,10,0.00,0.00,11,Out of Stock (Margin Loss)
2212,J0007-SKD-S,SET - J0007,SET,1133.00,453.20,0,10,0.00,0.00,11,Out of Stock (Margin Loss)
2213,JNE2291-KR-602-XL,KURTA - JNE2291,KURTA,427.00,170.80,0,10,0.00,0.00,6,Out of Stock (Margin Loss)
2214,BL104-XXL,BLOUSE - BL104,BLOUSE,529.00,211.60,0,10,0.00,0.00,8,Out of Stock (Margin Loss)
2215,JNE3571-KR-M,KURTA - JNE3571,KURTA,549.00,219.60,0,10,0.00,0.00,25,Out of Stock (Margin Loss)
2216,JNE3691-TU-XXXL,TOP - JNE3691,TOP,956.00,382.40,0,10,0.00,0.00,23,Out of Stock (Margin Loss)
2217,NW033-ST-CP-L,SET - NW033,SET,558.00,223.20,0,10,0.00,0.00,2,Out of Stock (Margin Loss)
2219,JNE3579-KR-S,KURTA - JNE3579,KURTA,301.00,120.40,0,10,0.00,0.00,12,Out of Stock (Margin Loss)
2220,JNE1951-KR-155-XXL,KURTA - JNE1951,KURTA,389.00,155.60,0,10,0.00,0.00,16,Out of Stock (Margin Loss)
2221,JNE3676-TU-L,TOP - JNE3676,TOP,385.00,154.00,0,10,0.00,0.00,26,Out of Stock (Margin Loss)
2222,J0127-SKD-XXXL,SET - J0127,SET,1186.00,474.40,0,10,0.00,0.00,6,Out of Stock (Margin Loss)
1548,JNE3612-KR-XS,KURTA - JNE3612,KURTA,380.00,152.00,0,10,0.00,0.00,3,Out of Stock (Margin Loss)
1549,JNE3726-KR-L,KURTA - JNE3726,KURTA,345.00,138.00,0,10,0.00,0.00,4,Out of Stock (Margin Loss)
1550,J0345-SET-L,SET - J0345,SET,519.00,207.60,0,10,0.00,0.00,12,Out of Stock (Margin Loss)
1551,BTM043-PP-XS,BOTTOM - BTM043,BOTTOM,377.00,150.80,0,10,0.00,0.00,1,Out of Stock (Margin Loss)
1552,J0002-SKD-XXXL,SET - J0002,SET,1186.00,474.40,0,10,0.00,0.00,43,Out of Stock (Margin Loss)
1553,J0011-LCD-S,SET - J0011,SET,1695.00,678.00,0,10,0.00,0.00,25,Out of Stock (Margin Loss)
1554,JNE3806-KR-S,KURTA - JNE3806,KURTA,545.00,218.00,0,10,0.00,0.00,6,Out of Stock (Margin Loss)
1555,SET247-KR-SHA-M,SET - SET247,SET,775.00,310.00,0,10,0.00,0.00,28,Out of Stock (Margin Loss)
1556,JNE3430-KR-XXL,KURTA - JNE3430,KURTA,349.00,139.60,0,10,0.00,0.00,2,Out of Stock (Margin Loss)
1557,JNE3603-KR-XXL,KURTA - JNE3603,KURTA,301.00,120.40,0,10,0.00,0.00,17,Out of Stock (Margin Loss)
1558,SET038-KR-PP-L,SET - SET038,SET,579.00,231.60,0,10,0.00,0.00,33,Out of Stock (Margin Loss)
1560,J0070-KR-XS,KURTA - J0070,KURTA,318.00,127.20,0,10,0.00,0.00,1,Out of Stock (Margin Loss)
1561,JNE3891-TP-XXL,TOP - JNE3891,TOP,0.00,0.00,0,10,0.00,0.00,0,Out of Stock (Margin Loss)
1562,JNE3364-KR-1051-S,KURTA - JNE3364,KURTA,376.00,150.40,0,10,0.00,0.00,15,Out of Stock (Margin Loss)
1563,J0335-DR-M,WESTERN DRESS - J0335,WESTERN DRESS,1294.00,517.60,0,10,0.00,0.00,99,Out of Stock (Margin Loss)
1564,JNE3629-KR-M,KURTA - JNE3629,KURTA,526.00,210.40,0,10,0.00,0.00,5,Out of Stock (Margin Loss)
1565,J0345-SET-XL,SET - J0345,SET,519.00,207.60,0,10,0.00,0.00,19,Out of Stock (Margin Loss)
1566,JNE3825-KR-S,KURTA - JNE3825,KURTA,474.00,189.60,0,10,0.00,0.00,6,Out of Stock (Margin Loss)
1567,SET053-KR-NP-M,SET - SET053,SET,633.00,253.20,0,10,0.00,0.00,5,Out of Stock (Margin Loss)
1568,JNE3538-KR-XS,KURTA - JNE3538,KURTA,269.00,107.60,0,10,0.00,0.00,2,Out of Stock (Margin Loss)
1569,JNE3928-KR-S,KURTA - JNE3928,KURTA,568.00,227.20,0,10,0.00,0.00,4,Out of Stock (Margin Loss)
1570,SET346-KR-PP-XXXL,SET - SET346,SET,774.00,309.60,0,10,0.00,0.00,5,Out of Stock (Margin Loss)
1571,SET366-KR-NP-M,SET - SET366,SET,1352.00,540.80,0,10,0.00,0.00,13,Out of Stock (Margin Loss)
1572,JNE2101-KR-210-XL,KURTA - JNE2101,KURTA,280.00,112.00,0,10,0.00,0.00,15,Out of Stock (Margin Loss)
1573,J0123-TP-XS,TOP - J0123,TOP,267.00,106.80,0,10,0.00,0.00,4,Out of Stock (Margin Loss)
1575,SET401-KR-NP-XS,SET - SET401,SET,999.00,399.60,0,10,0.00,0.00,4,Out of Stock (Margin Loss)
1576,SET230-KR-PP-XXL,SET - SET230,SET,832.00,332.80,0,10,0.00,0.00,11,Out of Stock (Margin Loss)
1577,JNE3370-KR-S,KURTA - JNE3370,KURTA,305.00,122.00,0,10,0.00,0.00,1,Out of Stock (Margin Loss)
1578,J0097-KR-XXXL,KURTA - J0097,KURTA,568.00,227.20,0,10,0.00,0.00,39,Out of Stock (Margin Loss)
1579,J0008-SKD-M,SET - J0008,SET,1133.00,453.20,0,10,0.00,0.00,167,Out of Stock (Margin Loss)
1580,J0239-SKD-XS,SET - J0239,SET,1324.00,529.60,0,10,0.00,0.00,12,Out of Stock (Margin Loss)
1581,JNE3863-TU-XL,TOP - JNE3863,TOP,798.00,319.20,0,10,0.00,0.00,29,Out of Stock (Margin Loss)
1582,SET317-KR-PP-XL,SET - SET317,SET,1199.00,479.60,0,10,0.00,0.00,23,Out of Stock (Margin Loss)
1583,JNE3727-KR-L,KURTA - JNE3727,KURTA,568.00,227.20,0,10,0.00,0.00,16,Out of Stock (Margin Loss)
1584,JNE3628-KR-L,KURTA - JNE3628,KURTA,487.00,194.80,0,10,0.00,0.00,15,Out of Stock (Margin Loss)
1585,J0062-DR-M,WESTERN DRESS - J0062,WESTERN DRESS,475.00,190.00,0,10,0.00,0.00,1,Out of Stock (Margin Loss)
1586,BL098-M,BLOUSE - BL098,BLOUSE,372.00,148.80,0,10,0.00,0.00,3,Out of Stock (Margin Loss)
1587,JNE3822-KR-XL,KURTA - JNE3822,KURTA,490.00,196.00,0,10,0.00,0.00,47,Out of Stock (Margin Loss)
1589,J0252-SKD-XS,SET - J0252,SET,939.00,375.60,0,10,0.00,0.00,5,Out of Stock (Margin Loss)
1590,MEN5019-KR-M,KURTA - MEN5019,KURTA,655.00,262.00,0,10,0.00,0.00,26,Out of Stock (Margin Loss)
1591,J0372-SKD-XXL,SET - J0372,SET,1099.00,439.60,0,10,0.00,0.00,9,Out of Stock (Margin Loss)
1592,JNE3421-KR-XL,KURTA - JNE3421,KURTA,449.00,179.60,0,10,0.00,0.00,21,Out of Stock (Margin Loss)
1593,SET183-KR-DH-M,SET - SET183,SET,759.00,303.60,0,10,0.00,0.00,291,Out of Stock (Margin Loss)
1594,JNE3449-KR-S,KURTA - JNE3449,KURTA,322.00,128.80,0,10,0.00,0.00,35,Out of Stock (Margin Loss)
1595,JNE3432-KR-XL,KURTA - JNE3432,KURTA,432.00,172.80,0,10,0.00,0.00,7,Out of Stock (Margin Loss)
1596,J0162-SKD-XL,SET - J0162,SET,1199.00,479.60,0,10,0.00,0.00,6,Out of Stock (Margin Loss)
1597,J0212-DR-L,ETHNIC DRESS - J0212,ETHNIC DRESS,1099.00,439.60,0,10,0.00,0.00,23,Out of Stock (Margin Loss)
1598,JNE2032-KR-205-S,KURTA - JNE2032,KURTA,316.00,126.40,0,10,0.00,0.00,15,Out of Stock (Margin Loss)
1599,JNE3726-KR-XXL,KURTA - JNE3726,KURTA,345.00,138.00,0,10,0.00,0.00,4,Out of Stock (Margin Loss)
1601,J0340-TP-XXXL,TOP - J0340,TOP,690.00,276.00,0,10,0.00,0.00,12,Out of Stock (Margin Loss)
1602,JNE3476-KR-XXL,KURTA - JNE3476,KURTA,405.00,162.00,0,10,0.00,0.00,15,Out of Stock (Margin Loss)
1603,AN207-PINK-S,BOTTOM - AN207,BOTTOM,322.00,128.80,0,10,0.00,0.00,1,Out of Stock (Margin Loss)
1604,J0340-TP-S,TOP - J0340,TOP,908.00,363.20,0,10,0.00,0.00,57,Out of Stock (Margin Loss)
1605,BTM031-NP-M,BOTTOM - BTM031,BOTTOM,518.00,207.20,0,10,0.00,0.00,5,Out of Stock (Margin Loss)
1606,JNE3255-KR-S,KURTA - JNE3255,KURTA,487.00,194.80,0,10,0.00,0.00,11,Out of Stock (Margin Loss)
1608,JNE3689-TU-XXXL,TOP - JNE3689,TOP,572.00,228.80,0,10,0.00,0.00,10,Out of Stock (Margin Loss)
1609,J0337-TP-L,TOP - J0337,TOP,726.00,290.40,0,10,0.00,0.00,31,Out of Stock (Margin Loss)
1610,J0330-KR-XS,KURTA - J0330,KURTA,599.00,239.60,0,10,0.00,0.00,2,Out of Stock (Margin Loss)
1611,SET444-KR-SH-XXXL,SET - SET444,SET,899.00,359.60,0,10,0.00,0.00,13,Out of Stock (Margin Loss)
1612,AN206-GREEN-S,BOTTOM - AN206,BOTTOM,301.00,120.40,0,10,0.00,0.00,1,Out of Stock (Margin Loss)
1613,SET344-KR-NP-XXXL,SET - SET344,SET,968.00,387.20,0,10,0.00,0.00,29,Out of Stock (Margin Loss)
1614,J0385-KR-XXXL,KURTA - J0385,KURTA,888.00,355.20,0,10,0.00,0.00,8,Out of Stock (Margin Loss)
2998,J0105-KR-XS,WESTERN DRESS - J0105,WESTERN DRESS,999.00,399.60,0,10,0.00,0.00,3,Out of Stock (Margin Loss)
2999,BTM038-PP-XS,BOTTOM - BTM038,BOTTOM,360.00,144.00,0,10,0.00,0.00,3,Out of Stock (Margin Loss)
3000,SET289-KR-NP-XXXL,SET - SET289,SET,666.00,266.40,0,10,0.00,0.00,17,Out of Stock (Margin Loss)
3001,J0304-TP-XS,TOP - J0304,TOP,297.00,118.80,0,10,0.00,0.00,4,Out of Stock (Margin Loss)
3002,JNE3622-KR-S,KURTA - JNE3622,KURTA,368.00,147.20,0,10,0.00,0.00,18,Out of Stock (Margin Loss)
3003,J0201-TP-S,TOP - J0201,TOP,625.00,250.00,0,10,0.00,0.00,19,Out of Stock (Margin Loss)
3004,J0285-SKD-M,SET - J0285,SET,1523.00,609.20,0,10,0.00,0.00,73,Out of Stock (Margin Loss)
3005,SET014-KR-PP-M,SET - SET014,SET,819.00,327.60,0,10,0.00,0.00,14,Out of Stock (Margin Loss)
3006,J0242-SKD-XXL,SET - J0242,SET,1149.00,459.60,0,10,0.00,0.00,28,Out of Stock (Margin Loss)
3007,JNE3689-TU-XS,TOP - JNE3689,TOP,499.00,199.60,0,10,0.00,0.00,9,Out of Stock (Margin Loss)
3008,JNE3738-KR-XS,KURTA - JNE3738,KURTA,459.00,183.60,0,10,0.00,0.00,6,Out of Stock (Margin Loss)
3009,NW029-ST-SR-XL,SET - NW029,SET,495.00,198.00,0,10,0.00,0.00,9,Out of Stock (Margin Loss)
3011,AN202-ORANGE-S,BOTTOM - AN202,BOTTOM,310.00,124.00,0,10,0.00,0.00,6,Out of Stock (Margin Loss)
3012,SET415-KR-NP-XXXL,SET - SET415,SET,999.00,399.60,0,10,0.00,0.00,8,Out of Stock (Margin Loss)
3013,SET415-KR-NP-S,SET - SET415,SET,999.00,399.60,0,10,0.00,0.00,1,Out of Stock (Margin Loss)
3014,JNE3432-KR-S,KURTA - JNE3432,KURTA,432.00,172.80,0,10,0.00,0.00,9,Out of Stock (Margin Loss)
3015,J0331-KR-XXXL,KURTA - J0331,KURTA,832.00,332.80,0,10,0.00,0.00,17,Out of Stock (Margin Loss)
3016,SET341-KR-NP-L,SET - SET341,SET,899.00,359.60,0,10,0.00,0.00,23,Out of Stock (Margin Loss)
3017,SET328-KR-NP-XL,SET - SET328,SET,635.00,254.00,0,10,0.00,0.00,60,Out of Stock (Margin Loss)
3018,J0415-DR-XXL,WESTERN DRESS - J0415,WESTERN DRESS,1187.00,474.80,0,10,0.00,0.00,15,Out of Stock (Margin Loss)
3019,JNE3790-KR-XXXL,KURTA - JNE3790,KURTA,316.00,126.40,0,10,0.00,0.00,24,Out of Stock (Margin Loss)
3020,JNE3782-KR-XXL,KURTA - JNE3782,KURTA,544.00,217.60,0,10,0.00,0.00,10,Out of Stock (Margin Loss)
3023,JNE2100-KR-144-XS,KURTA - JNE2100,KURTA,382.00,152.80,0,10,0.00,0.00,9,Out of Stock (Margin Loss)
3024,JNE3371-KR-XXL,KURTA - JNE3371,KURTA,353.00,141.20,0,10,0.00,0.00,5,Out of Stock (Margin Loss)
3025,SET299-KR-PP-XS,SET - SET299,SET,825.00,330.00,0,10,0.00,0.00,1,Out of Stock (Margin Loss)
3026,JNE3686-TU-M,TOP - JNE3686,TOP,433.00,173.20,0,10,0.00,0.00,21,Out of Stock (Margin Loss)
3027,J0094-KR-XS,KURTA - J0094,KURTA,603.00,241.20,0,10,0.00,0.00,12,Out of Stock (Margin Loss)
3028,SAR109,SAREE - SAR109,SAREE,563.00,225.20,0,10,0.00,0.00,1,Out of Stock (Margin Loss)
3029,SET446-KR-NP-XS,SET - SET446,SET,1449.00,579.60,0,10,0.00,0.00,1,Out of Stock (Margin Loss)
3030,JNE3618-KR-XXL,KURTA - JNE3618,KURTA,399.00,159.60,0,10,0.00,0.00,90,Out of Stock (Margin Loss)
3031,J0348-SET-S,SET - J0348,SET,519.00,207.60,0,10,0.00,0.00,19,Out of Stock (Margin Loss)
3032,SET364-KR-NP-XXL,SET - SET364,SET,1338.00,535.20,0,10,0.00,0.00,38,Out of Stock (Margin Loss)
3034,J0329-KR-L,KURTA - J0329,KURTA,852.00,340.80,0,10,0.00,0.00,6,Out of Stock (Margin Loss)
4542,J0139-KR-S,KURTA - J0139,KURTA,399.00,159.60,0,10,0.00,0.00,13,Out of Stock (Margin Loss)
4543,NW024-TP-PJ-XXL,SET - NW024,SET,586.00,234.40,0,10,0.00,0.00,12,Out of Stock (Margin Loss)
4544,J0297-TP-XS,TOP - J0297,TOP,758.00,303.20,0,10,0.00,0.00,19,Out of Stock (Margin Loss)
4545,JNE3691-TU-XXL,TOP - JNE3691,TOP,956.00,382.40,0,10,0.00,0.00,36,Out of Stock (Margin Loss)
4546,J0093-DR-L,ETHNIC DRESS - J0093,ETHNIC DRESS,637.00,254.80,0,10,0.00,0.00,11,Out of Stock (Margin Loss)
4547,J0248-KR-DPT-XS,SET - J0248,SET,999.00,399.60,0,10,0.00,0.00,5,Out of Stock (Margin Loss)
4548,SET252-KR-PP-XL,SET - SET252,SET,759.00,303.60,0,10,0.00,0.00,8,Out of Stock (Margin Loss)
4549,JNE3767-KR-XL,KURTA - JNE3767,KURTA,487.00,194.80,0,10,0.00,0.00,4,Out of Stock (Margin Loss)
4550,SET014-KR-PP-XL,SET - SET014,SET,849.00,339.60,0,10,0.00,0.00,22,Out of Stock (Margin Loss)
4551,JNE3879-DR-M,WESTERN DRESS - JNE3879,WESTERN DRESS,791.00,316.40,0,10,0.00,0.00,14,Out of Stock (Margin Loss)
4552,JNE3790-KR-S,KURTA - JNE3790,KURTA,316.00,126.40,0,10,0.00,0.00,18,Out of Stock (Margin Loss)
4553,SET376-KR-NP-S,SET - SET376,SET,666.00,266.40,0,10,0.00,0.00,8,Out of Stock (Margin Loss)
4554,J0413-DR-XL,WESTERN DRESS - J0413,WESTERN DRESS,968.00,387.20,0,10,0.00,0.00,14,Out of Stock (Margin Loss)
4556,JNE3897-KR-XXXL,KURTA - JNE3897,KURTA,565.00,226.00,0,10,0.00,0.00,1,Out of Stock (Margin Loss)
4557,JNE3902-KR-XS,KURTA - JNE3902,KURTA,563.00,225.20,0,10,0.00,0.00,0,Out of Stock (Margin Loss)
4558,BL085-S,BLOUSE - BL085,BLOUSE,460.00,184.00,0,10,0.00,0.00,1,Out of Stock (Margin Loss)
4560,JNE3437-KR-XXL,KURTA - JNE3437,KURTA,517.00,206.80,0,10,0.00,0.00,52,Out of Stock (Margin Loss)
4561,JNE3773-KR-XXL,KURTA - JNE3773,KURTA,301.00,120.40,0,10,0.00,0.00,9,Out of Stock (Margin Loss)
4562,J0217-BL-L,BLOUSE - J0217,BLOUSE,879.00,351.60,0,10,0.00,0.00,30,Out of Stock (Margin Loss)
4563,SET240-KR-PP-M,SET - SET240,SET,579.00,231.60,0,10,0.00,0.00,17,Out of Stock (Margin Loss)
4564,J0338-DR-XL,WESTERN DRESS - J0338,WESTERN DRESS,1187.00,474.80,0,10,0.00,0.00,40,Out of Stock (Margin Loss)
4565,SET287-KR-NP-L,SET - SET287,SET,666.00,266.40,0,10,0.00,0.00,47,Out of Stock (Margin Loss)
4566,JNE3616-KR-XL,KURTA - JNE3616,KURTA,320.00,128.00,0,10,0.00,0.00,25,Out of Stock (Margin Loss)
4567,BTM003-M,BOTTOM - BTM003,BOTTOM,518.00,207.20,0,10,0.00,0.00,3,Out of Stock (Margin Loss)
4568,SET376-KR-NP-XXL,SET - SET376,SET,666.00,266.40,0,10,0.00,0.00,3,Out of Stock (Margin Loss)
4569,JNE3870-DR-XS,WESTERN DRESS - JNE3870,WESTERN DRESS,998.00,399.20,0,10,0.00,0.00,16,Out of Stock (Margin Loss)
4570,JNE3630-KR-XL,KURTA - JNE3630,KURTA,499.00,199.60,0,10,0.00,0.00,15,Out of Stock (Margin Loss)
4571,JNE3905-DR-M,WESTERN DRESS - JNE3905,WESTERN DRESS,869.00,347.60,0,10,0.00,0.00,41,Out of Stock (Margin Loss)
4572,JNE3483-KR-XXL,KURTA - JNE3483,KURTA,362.00,144.80,0,10,0.00,0.00,3,Out of Stock (Margin Loss)
4573,MEN5032-KR-S,KURTA - MEN5032,KURTA,811.00,324.40,0,10,0.00,0.00,45,Out of Stock (Margin Loss)
4574,J0209-DR-M,ETHNIC DRESS - J0209,ETHNIC DRESS,885.00,354.00,0,10,0.00,0.00,9,Out of Stock (Margin Loss)
4575,JNE3678-TU-S,TOP - JNE3678,TOP,545.00,218.00,0,10,0.00,0.00,9,Out of Stock (Margin Loss)
1355,JNE3928-KR-L,KURTA - JNE3928,KURTA,568.00,227.20,0,10,0.00,0.00,4,Out of Stock (Margin Loss)
1356,J0074-TP-XXL,TOP - J0074,TOP,301.00,120.40,0,10,0.00,0.00,2,Out of Stock (Margin Loss)
1357,SET244-KR-NP-XS,SET - SET244,SET,773.00,309.20,0,10,0.00,0.00,1,Out of Stock (Margin Loss)
1358,J0224-SKD-XXXL,SET - J0224,SET,1364.00,545.60,0,10,0.00,0.00,9,Out of Stock (Margin Loss)
1359,SET347-KR-NP-XS,SET - SET347,SET,852.00,340.80,0,10,0.00,0.00,64,Out of Stock (Margin Loss)
1360,JNE3690-TU-M,TOP - JNE3690,TOP,726.00,290.40,0,10,0.00,0.00,40,Out of Stock (Margin Loss)
1361,SET246-KR-PP-XXXL,SET - SET246,SET,472.00,188.80,0,10,0.00,0.00,8,Out of Stock (Margin Loss)
1363,J0119-TP-S,TOP - J0119,TOP,758.00,303.20,0,10,0.00,0.00,40,Out of Stock (Margin Loss)
1364,JNE2132-KR-398-XXL,KURTA - JNE2132,KURTA,566.00,226.40,0,10,0.00,0.00,11,Out of Stock (Margin Loss)
1365,J0281-SKD-M,SET - J0281,SET,1477.00,590.80,0,10,0.00,0.00,14,Out of Stock (Margin Loss)
1366,J0378-SKD-L,SET - J0378,SET,1146.00,458.40,0,10,0.00,0.00,2,Out of Stock (Margin Loss)
1367,BL087-S,BLOUSE - BL087,BLOUSE,647.00,258.80,0,10,0.00,0.00,1,Out of Stock (Margin Loss)
1368,SET369-KR-NP-XXL,SET - SET369,SET,1399.00,559.60,0,10,0.00,0.00,39,Out of Stock (Margin Loss)
1369,SET217-KR-PP-XL,SET - SET217,SET,859.00,343.60,0,10,0.00,0.00,41,Out of Stock (Margin Loss)
1370,SET278-KR-NP-XXXL,SET - SET278,SET,1523.00,609.20,0,10,0.00,0.00,35,Out of Stock (Margin Loss)
1371,JNE3805-KR-XXL,KURTA - JNE3805,KURTA,487.00,194.80,0,10,0.00,0.00,26,Out of Stock (Margin Loss)
1372,SET349-KR-NP-XXXL,SET - SET349,SET,1152.00,460.80,0,10,0.00,0.00,42,Out of Stock (Margin Loss)
1373,JNE3467-KR-XS,KURTA - JNE3467,KURTA,362.00,144.80,0,10,0.00,0.00,3,Out of Stock (Margin Loss)
1374,J0134-SET-M,SET - J0134,SET,729.00,291.60,0,10,0.00,0.00,10,Out of Stock (Margin Loss)
1375,NW024-TP-PJ-XXXL,SET - NW024,SET,586.00,234.40,0,10,0.00,0.00,3,Out of Stock (Margin Loss)
1377,SET315-KR-PP-L,SET - SET315,SET,852.00,340.80,0,10,0.00,0.00,5,Out of Stock (Margin Loss)
1378,J0420-TP-M,TOP - J0420,TOP,749.00,299.60,0,10,0.00,0.00,2,Out of Stock (Margin Loss)
1379,J0213-TP-L,TOP - J0213,TOP,836.00,334.40,0,10,0.00,0.00,35,Out of Stock (Margin Loss)
1380,J0245-SKD-XXL,SET - J0245,SET,1249.00,499.60,0,10,0.00,0.00,6,Out of Stock (Margin Loss)
1381,J0088-TP-XXXL,TOP - J0088,TOP,497.00,198.80,0,10,0.00,0.00,8,Out of Stock (Margin Loss)
1384,JNE3676-TU-M,TOP - JNE3676,TOP,385.00,154.00,0,10,0.00,0.00,34,Out of Stock (Margin Loss)
1385,J0304-TP-XXL,TOP - J0304,TOP,297.00,118.80,0,10,0.00,0.00,7,Out of Stock (Margin Loss)
1386,JNE3574-KR-XL,KURTA - JNE3574,KURTA,299.00,119.60,0,10,0.00,0.00,21,Out of Stock (Margin Loss)
1387,JNE3760-KR-XS,KURTA - JNE3760,KURTA,432.00,172.80,0,10,0.00,0.00,2,Out of Stock (Margin Loss)
1388,SET291-KR-PP-XXXL,SET - SET291,SET,605.00,242.00,0,10,0.00,0.00,102,Out of Stock (Margin Loss)
1389,SET110-KR-PP-S,SET - SET110,SET,837.00,334.80,0,10,0.00,0.00,147,Out of Stock (Margin Loss)
1390,SET295-KR-NP-M,SET - SET295,SET,799.00,319.60,0,10,0.00,0.00,21,Out of Stock (Margin Loss)
1391,MEN5014-KR-XL,KURTA - MEN5014,KURTA,665.00,266.00,0,10,0.00,0.00,20,Out of Stock (Margin Loss)
1392,JNE3822-KR-M,KURTA - JNE3822,KURTA,474.00,189.60,0,10,0.00,0.00,30,Out of Stock (Margin Loss)
1393,JNE3749-KR-XS,KURTA - JNE3749,KURTA,499.00,199.60,0,10,0.00,0.00,23,Out of Stock (Margin Loss)
1394,JNE3510-KR-XS,KURTA - JNE3510,KURTA,442.00,176.80,0,10,0.00,0.00,7,Out of Stock (Margin Loss)
1395,JNE1525-KR-UDF19BLACK-M,KURTA - JNE1525,KURTA,311.00,124.40,0,10,0.00,0.00,25,Out of Stock (Margin Loss)
1397,J0162-SKD-XS,SET - J0162,SET,1186.00,474.40,0,10,0.00,0.00,2,Out of Stock (Margin Loss)
1398,SET240-KR-PP-S,SET - SET240,SET,789.00,315.60,0,10,0.00,0.00,18,Out of Stock (Margin Loss)
1399,JNE3284-KR-M,KURTA - JNE3284,KURTA,324.00,129.60,0,10,0.00,0.00,1,Out of Stock (Margin Loss)
1400,J0196-TP-XXL,TOP - J0196,TOP,490.00,196.00,0,10,0.00,0.00,20,Out of Stock (Margin Loss)
1401,JNE2086-KR-389-XS,KURTA - JNE2086,KURTA,699.00,279.60,0,10,0.00,0.00,2,Out of Stock (Margin Loss)
1403,J0102-SKD-XXXL,SET - J0102,SET,1115.00,446.00,0,10,0.00,0.00,1,Out of Stock (Margin Loss)
1404,J0341-DR-XS,WESTERN DRESS - J0341,WESTERN DRESS,1168.00,467.20,0,10,0.00,0.00,131,Out of Stock (Margin Loss)
1405,SET192-KR-NP-XXXL,SET - SET192,SET,680.00,272.00,0,10,0.00,0.00,13,Out of Stock (Margin Loss)
1406,J0346-SET-L,SET - J0346,SET,478.00,191.20,0,10,0.00,0.00,35,Out of Stock (Margin Loss)
1407,J0215-BL-XXL,BLOUSE - J0215,BLOUSE,764.00,305.60,0,10,0.00,0.00,21,Out of Stock (Margin Loss)
1409,JNE3776-KR-XXL,KURTA - JNE3776,KURTA,310.00,124.00,0,10,0.00,0.00,4,Out of Stock (Margin Loss)
1410,SET271-KR-NP-S,SET - SET271,SET,895.00,358.00,0,10,0.00,0.00,7,Out of Stock (Margin Loss)
1411,JNE3472-KR-S,KURTA - JNE3472,KURTA,329.00,131.60,0,10,0.00,0.00,5,Out of Stock (Margin Loss)
1412,SET158-KR-PP-XL,SET - SET158,SET,791.00,316.40,0,10,0.00,0.00,7,Out of Stock (Margin Loss)
1413,J0431-DR-L,WESTERN DRESS - J0431,WESTERN DRESS,899.00,359.60,0,10,0.00,0.00,6,Out of Stock (Margin Loss)
1414,BL089-M,BLOUSE - BL089,BLOUSE,301.00,120.40,0,10,0.00,0.00,1,Out of Stock (Margin Loss)
1415,JNE3818-KR-XXL,KURTA - JNE3818,KURTA,499.00,199.60,0,10,0.00,0.00,14,Out of Stock (Margin Loss)
1416,JNE3861-DR-M,WESTERN DRESS - JNE3861,WESTERN DRESS,1044.00,417.60,0,10,0.00,0.00,24,Out of Stock (Margin Loss)
1417,JNE3730-KR-XL,KURTA - JNE3730,KURTA,310.00,124.00,0,10,0.00,0.00,20,Out of Stock (Margin Loss)
1418,BL100-M,BLOUSE - BL100,BLOUSE,259.00,103.60,0,10,0.00,0.00,5,Out of Stock (Margin Loss)
1419,SET218-KR-NP-M,SET - SET218,SET,699.00,279.60,0,10,0.00,0.00,6,Out of Stock (Margin Loss)
1420,JNE3625-DR-XL,WESTERN DRESS - JNE3625,WESTERN DRESS,530.00,212.00,0,10,0.00,0.00,3,Out of Stock (Margin Loss)
1421,JNE3449-KR-XXL,KURTA - JNE3449,KURTA,322.00,128.80,0,10,0.00,0.00,22,Out of Stock (Margin Loss)
1422,J0416-DR-S,WESTERN DRESS - J0416,WESTERN DRESS,825.00,330.00,0,10,0.00,0.00,12,Out of Stock (Margin Loss)
1423,J0339-DR-XXXL,WESTERN DRESS - J0339,WESTERN DRESS,1091.00,436.40,0,10,0.00,0.00,91,Out of Stock (Margin Loss)
1424,J0305-DR-S,WESTERN DRESS - J0305,WESTERN DRESS,613.00,245.20,0,10,0.00,0.00,5,Out of Stock (Margin Loss)
1425,J0238-LCD-L,SET - J0238,SET,2598.00,1039.20,0,10,0.00,0.00,14,Out of Stock (Margin Loss)
1428,JNE3863-TU-XXL,TOP - JNE3863,TOP,758.00,303.20,0,10,0.00,0.00,28,Out of Stock (Margin Loss)
1429,JNE1525-KR-UDF19BLACK-XXL,KURTA - JNE1525,KURTA,311.00,124.40,0,10,0.00,0.00,13,Out of Stock (Margin Loss)
1430,JNE3568-KR-XS,KURTA - JNE3568,KURTA,449.00,179.60,0,10,0.00,0.00,7,Out of Stock (Margin Loss)
1431,JNE3767-KR-L,KURTA - JNE3767,KURTA,487.00,194.80,0,10,0.00,0.00,6,Out of Stock (Margin Loss)
1432,JNE3684-TU-M,TOP - JNE3684,TOP,372.00,148.80,0,10,0.00,0.00,9,Out of Stock (Margin Loss)
1433,BL098-XL,BLOUSE - BL098,BLOUSE,301.00,120.40,0,10,0.00,0.00,2,Out of Stock (Margin Loss)
1434,JNE3486-KR-XXL,KURTA - JNE3486,KURTA,0.00,0.00,0,10,0.00,0.00,1,Out of Stock (Margin Loss)
1435,SET322-KR-SHA-L,SET - SET322,SET,1120.00,448.00,0,10,0.00,0.00,24,Out of Stock (Margin Loss)
1436,J0236-SKD-XS,SET - J0236,SET,950.00,380.00,0,10,0.00,0.00,21,Out of Stock (Margin Loss)
1437,BL101-XS,BLOUSE - BL101,BLOUSE,249.00,99.60,0,10,0.00,0.00,1,Out of Stock (Margin Loss)
1438,JNE3688-TU-M,TOP - JNE3688,TOP,836.00,334.40,0,10,0.00,0.00,31,Out of Stock (Margin Loss)
1439,J0398-DR-XS,WESTERN DRESS - J0398,WESTERN DRESS,885.00,354.00,0,10,0.00,0.00,12,Out of Stock (Margin Loss)
1440,JNE1233-BLUE-KR-031-XXL,KURTA - JNE1233,KURTA,427.00,170.80,0,10,0.00,0.00,25,Out of Stock (Margin Loss)
1441,JNE3745-KR-XXXL,KURTA - JNE3745,KURTA,316.00,126.40,0,10,0.00,0.00,6,Out of Stock (Margin Loss)
1442,SET250-KR-SHA-L,SET - SET250,SET,729.00,291.60,0,10,0.00,0.00,23,Out of Stock (Margin Loss)
1443,SET332-KR-PP-M,SET - SET332,SET,549.00,219.60,0,10,0.00,0.00,8,Out of Stock (Margin Loss)
1445,JNE3769-KR-S,KURTA - JNE3769,KURTA,487.00,194.80,0,10,0.00,0.00,6,Out of Stock (Margin Loss)
1446,J0177-KR-XS,KURTA - J0177,KURTA,344.00,137.60,0,10,0.00,0.00,3,Out of Stock (Margin Loss)
1447,SET182-KR-DH-L,SET - SET182,SET,699.00,279.60,0,10,0.00,0.00,29,Out of Stock (Margin Loss)
1448,SET366-KR-NP-XXXL,SET - SET366,SET,1438.00,575.20,0,10,0.00,0.00,13,Out of Stock (Margin Loss)
1449,JNE3610-KR-M,KURTA - JNE3610,KURTA,318.00,127.20,0,10,0.00,0.00,5,Out of Stock (Margin Loss)
1452,J0296-DR-M,WESTERN DRESS - J0296,WESTERN DRESS,519.00,207.60,0,10,0.00,0.00,5,Out of Stock (Margin Loss)
1453,JNE3631-DR-M,WESTERN DRESS - JNE3631,WESTERN DRESS,499.00,199.60,0,10,0.00,0.00,1,Out of Stock (Margin Loss)
1454,JNE3910-KR-XS,KURTA - JNE3910,KURTA,736.00,294.40,0,10,0.00,0.00,3,Out of Stock (Margin Loss)
1455,JNE3820-KR-XXXL,KURTA - JNE3820,KURTA,475.00,190.00,0,10,0.00,0.00,1,Out of Stock (Margin Loss)
1456,J0049-TP-S,TOP - J0049,TOP,329.00,131.60,0,10,0.00,0.00,1,Out of Stock (Margin Loss)
1457,SET078-KR-NP-XS,SET - SET078,SET,459.00,183.60,0,10,0.00,0.00,3,Out of Stock (Margin Loss)
1458,SET100-KR-PP-M,SET - SET100,SET,799.00,319.60,0,10,0.00,0.00,3,Out of Stock (Margin Loss)
1459,SET344-KR-NP-S,SET - SET344,SET,968.00,387.20,0,10,0.00,0.00,19,Out of Stock (Margin Loss)
1460,JNE3371-KR-S,KURTA - JNE3371,KURTA,353.00,141.20,0,10,0.00,0.00,13,Out of Stock (Margin Loss)
1461,JNE3476-KR-M,KURTA - JNE3476,KURTA,399.00,159.60,0,10,0.00,0.00,19,Out of Stock (Margin Loss)
1462,J0239-SKD-XXXL,SET - J0239,SET,1399.00,559.60,0,10,0.00,0.00,14,Out of Stock (Margin Loss)
1463,J0350-SET-XXL,SET - J0350,SET,477.00,190.80,0,10,0.00,0.00,10,Out of Stock (Margin Loss)
1464,JNE3534-KR-L,KURTA - JNE3534,KURTA,329.00,131.60,0,10,0.00,0.00,12,Out of Stock (Margin Loss)
1465,MEN5016-KR-XXXL,KURTA - MEN5016,KURTA,475.00,190.00,0,10,0.00,0.00,10,Out of Stock (Margin Loss)
3035,SET053-KR-NP-S,SET - SET053,SET,599.00,239.60,0,10,0.00,0.00,5,Out of Stock (Margin Loss)
3036,SET364-KR-NP-XS,SET - SET364,SET,1338.00,535.20,0,10,0.00,0.00,10,Out of Stock (Margin Loss)
3037,SET444-KR-SH-XL,SET - SET444,SET,899.00,359.60,0,10,0.00,0.00,10,Out of Stock (Margin Loss)
3038,JNE3294-KR-S,KURTA - JNE3294,KURTA,449.00,179.60,0,10,0.00,0.00,21,Out of Stock (Margin Loss)
3039,SET413-KR-NP-XXL,SET - SET413,SET,852.00,340.80,0,10,0.00,0.00,12,Out of Stock (Margin Loss)
3040,J0012-SKD-XS,SET - J0012,SET,1213.00,485.20,0,10,0.00,0.00,42,Out of Stock (Margin Loss)
3041,JNE3065-KR-XL,KURTA - JNE3065,KURTA,393.00,157.20,0,10,0.00,0.00,15,Out of Stock (Margin Loss)
3043,J0243-DR-L,ETHNIC DRESS - J0243,ETHNIC DRESS,1377.00,550.80,0,10,0.00,0.00,26,Out of Stock (Margin Loss)
3044,J0202-TP-XL,TOP - J0202,TOP,522.00,208.80,0,10,0.00,0.00,17,Out of Stock (Margin Loss)
3045,J0391-TP-S,TOP - J0391,TOP,956.00,382.40,0,10,0.00,0.00,2,Out of Stock (Margin Loss)
3046,SET184-KR-PP-XXL,SET - SET184,SET,599.00,239.60,0,10,0.00,0.00,60,Out of Stock (Margin Loss)
3047,SET344-KR-NP-L,SET - SET344,SET,968.00,387.20,0,10,0.00,0.00,42,Out of Stock (Margin Loss)
3048,SET131-KR-NP-M,SET - SET131,SET,666.00,266.40,0,10,0.00,0.00,20,Out of Stock (Margin Loss)
3050,NW037-TP-SR-M,SET - NW037,SET,450.00,180.00,0,10,0.00,0.00,14,Out of Stock (Margin Loss)
3051,SET321-KR-DPT-XXL,SET - SET321,SET,967.00,386.80,0,10,0.00,0.00,3,Out of Stock (Margin Loss)
3052,SET147-KR-NP-XS,SET - SET147,SET,684.00,273.60,0,10,0.00,0.00,3,Out of Stock (Margin Loss)
3053,SET350-KR-NP-XL,SET - SET350,SET,1324.00,529.60,0,10,0.00,0.00,54,Out of Stock (Margin Loss)
3054,JNE3781-KR-XL,KURTA - JNE3781,KURTA,432.00,172.80,0,10,0.00,0.00,105,Out of Stock (Margin Loss)
3055,JNE3818-KR-L,KURTA - JNE3818,KURTA,549.00,219.60,0,10,0.00,0.00,13,Out of Stock (Margin Loss)
3056,J0329-KR-XS,KURTA - J0329,KURTA,852.00,340.80,0,10,0.00,0.00,6,Out of Stock (Margin Loss)
3057,JNE3671-TU-M,TOP - JNE3671,TOP,625.00,250.00,0,10,0.00,0.00,18,Out of Stock (Margin Loss)
3058,J0372-SKD-XXXL,SET - J0372,SET,1099.00,439.60,0,10,0.00,0.00,4,Out of Stock (Margin Loss)
3059,JNE2294-KR-A-XXXL,KURTA - JNE2294,KURTA,544.00,217.60,0,10,0.00,0.00,2,Out of Stock (Margin Loss)
3060,SAR060,SAREE - SAR060,SAREE,0.00,0.00,0,10,0.00,0.00,0,Out of Stock (Margin Loss)
3061,NW020-ST-SR-XL,SET - NW020,SET,525.00,210.00,0,10,0.00,0.00,20,Out of Stock (Margin Loss)
3062,SAR098,SAREE - SAR098,SAREE,648.00,259.20,0,10,0.00,0.00,1,Out of Stock (Margin Loss)
3063,SET131-KR-NP-XXXL,SET - SET131,SET,666.00,266.40,0,10,0.00,0.00,12,Out of Stock (Margin Loss)
3064,JNE3770-KR-S,KURTA - JNE3770,KURTA,487.00,194.80,0,10,0.00,0.00,14,Out of Stock (Margin Loss)
3065,JNE3547-KR-XXL,KURTA - JNE3547,KURTA,510.00,204.00,0,10,0.00,0.00,19,Out of Stock (Margin Loss)
3066,SET132-KR-NP-S,SET - SET132,SET,629.00,251.60,0,10,0.00,0.00,5,Out of Stock (Margin Loss)
3067,JNE3401-KR-M,KURTA - JNE3401,KURTA,301.00,120.40,0,10,0.00,0.00,13,Out of Stock (Margin Loss)
3068,JNE3691-TU-M,TOP - JNE3691,TOP,908.00,363.20,0,10,0.00,0.00,43,Out of Stock (Margin Loss)
3069,J0340-TP-L,TOP - J0340,TOP,908.00,363.20,0,10,0.00,0.00,45,Out of Stock (Margin Loss)
3070,SET216-KR-PP-XL,SET - SET216,SET,545.00,218.00,0,10,0.00,0.00,2,Out of Stock (Margin Loss)
3071,J0147-SET-XXL,SET - J0147,SET,599.00,239.60,0,10,0.00,0.00,13,Out of Stock (Margin Loss)
3072,JNE3408-KR-XS,KURTA - JNE3408,KURTA,459.00,183.60,0,10,0.00,0.00,2,Out of Stock (Margin Loss)
3073,NW027-TP-PJ-XL,SET - NW027,SET,613.00,245.20,0,10,0.00,0.00,5,Out of Stock (Margin Loss)
3074,BL104-XS,BLOUSE - BL104,BLOUSE,493.00,197.20,0,10,0.00,0.00,1,Out of Stock (Margin Loss)
3075,J0385-KR-S,KURTA - J0385,KURTA,888.00,355.20,0,10,0.00,0.00,13,Out of Stock (Margin Loss)
3076,JNE3906-KR-XXXL,KURTA - JNE3906,KURTA,852.00,340.80,0,10,0.00,0.00,2,Out of Stock (Margin Loss)
3077,JNE3794-KR-XXXL,KURTA - JNE3794,KURTA,529.00,211.60,0,10,0.00,0.00,66,Out of Stock (Margin Loss)
3078,JNE3387-KR-M,KURTA - JNE3387,KURTA,526.00,210.40,0,10,0.00,0.00,1,Out of Stock (Margin Loss)
3079,SET349-KR-NP-XXL,SET - SET349,SET,1152.00,460.80,0,10,0.00,0.00,36,Out of Stock (Margin Loss)
3081,J0147-SET-XS,SET - J0147,SET,583.00,233.20,0,10,0.00,0.00,7,Out of Stock (Margin Loss)
3082,JNE3042-KR-XXL,KURTA - JNE3042,KURTA,301.00,120.40,0,10,0.00,0.00,6,Out of Stock (Margin Loss)
3084,J0379-SKD-XXXL,SET - J0379,SET,1369.00,547.60,0,10,0.00,0.00,14,Out of Stock (Margin Loss)
3085,J0179-KR-XXXL,KURTA - J0179,KURTA,696.00,278.40,0,10,0.00,0.00,16,Out of Stock (Margin Loss)
3086,J0079-SKD-XL,SET - J0079,SET,1523.00,609.20,0,10,0.00,0.00,5,Out of Stock (Margin Loss)
3087,J0075-KR-S,KURTA - J0075,KURTA,359.00,143.60,0,10,0.00,0.00,1,Out of Stock (Margin Loss)
3088,JNE3617-KR-XL,KURTA - JNE3617,KURTA,319.00,127.60,0,10,0.00,0.00,14,Out of Stock (Margin Loss)
3089,JNE1977-KR-237-S,KURTA - JNE1977,KURTA,301.00,120.40,0,10,0.00,0.00,11,Out of Stock (Margin Loss)
3090,JNE3471-KR-L,KURTA - JNE3471,KURTA,318.00,127.20,0,10,0.00,0.00,8,Out of Stock (Margin Loss)
3091,JNE3407-KR-M,KURTA - JNE3407,KURTA,301.00,120.40,0,10,0.00,0.00,13,Out of Stock (Margin Loss)
3092,SET398-KR-PP-L,SET - SET398,SET,1186.00,474.40,0,10,0.00,0.00,53,Out of Stock (Margin Loss)
3093,NW008-ST-CP-XS,SET - NW008,SET,582.00,232.80,0,10,0.00,0.00,2,Out of Stock (Margin Loss)
3094,JNE3638-KR-XS,KURTA - JNE3638,KURTA,517.00,206.80,0,10,0.00,0.00,9,Out of Stock (Margin Loss)
3096,SET321-KR-DPT-S,SET - SET321,SET,967.00,386.80,0,10,0.00,0.00,5,Out of Stock (Margin Loss)
3097,SET043-KR-NP-M,SET - SET043,SET,999.00,399.60,0,10,0.00,0.00,34,Out of Stock (Margin Loss)
3098,JNE3676-TU-XL,TOP - JNE3676,TOP,385.00,154.00,0,10,0.00,0.00,19,Out of Stock (Margin Loss)
3099,J0328-KR-M,KURTA - J0328,KURTA,927.00,370.80,0,10,0.00,0.00,5,Out of Stock (Margin Loss)
3100,SET185-KR-NP-L,SET - SET185,SET,785.00,314.00,0,10,0.00,0.00,6,Out of Stock (Margin Loss)
3101,SET336-KR-NP-XXL,SET - SET336,SET,833.00,333.20,0,10,0.00,0.00,1,Out of Stock (Margin Loss)
3102,MEN5004-KR-XL,KURTA - MEN5004,KURTA,709.00,283.60,0,10,0.00,0.00,72,Out of Stock (Margin Loss)
3103,NW037-TP-SR-S,SET - NW037,SET,450.00,180.00,0,10,0.00,0.00,12,Out of Stock (Margin Loss)
3104,JNE3501-KR-XS,KURTA - JNE3501,KURTA,419.00,167.60,0,10,0.00,0.00,10,Out of Stock (Margin Loss)
3106,JNE3445-KR-XXXL,KURTA - JNE3445,KURTA,487.00,194.80,0,10,0.00,0.00,12,Out of Stock (Margin Loss)
3107,J0282-SET-XL,SET - J0282,SET,999.00,399.60,0,10,0.00,0.00,9,Out of Stock (Margin Loss)
3108,MEN5002-KR-M,KURTA - MEN5002,KURTA,709.00,283.60,0,10,0.00,0.00,61,Out of Stock (Margin Loss)
3110,SET158-KR-PP-XS,SET - SET158,SET,791.00,316.40,0,10,0.00,0.00,4,Out of Stock (Margin Loss)
3111,JNE3678-TU-XL,TOP - JNE3678,TOP,545.00,218.00,0,10,0.00,0.00,13,Out of Stock (Margin Loss)
3112,J0140-SET-M,SET - J0140,SET,591.00,236.40,0,10,0.00,0.00,6,Out of Stock (Margin Loss)
3113,JNE3338-KR-S,KURTA - JNE3338,KURTA,301.00,120.40,0,10,0.00,0.00,2,Out of Stock (Margin Loss)
3114,JNE3718-KR-S,KURTA - JNE3718,KURTA,487.00,194.80,0,10,0.00,0.00,39,Out of Stock (Margin Loss)
3115,JNE3769-KR-XS,KURTA - JNE3769,KURTA,487.00,194.80,0,10,0.00,0.00,5,Out of Stock (Margin Loss)
3116,SET394-KR-NP-S,SET - SET394,SET,1281.00,512.40,0,10,0.00,0.00,29,Out of Stock (Margin Loss)
3118,JNE3482-KR-L,KURTA - JNE3482,KURTA,318.00,127.20,0,10,0.00,0.00,14,Out of Stock (Margin Loss)
3119,JNE3707-DR-M,WESTERN DRESS - JNE3707,WESTERN DRESS,581.00,232.40,0,10,0.00,0.00,16,Out of Stock (Margin Loss)
3120,JNE2131-KR-A-XXL,KURTA - JNE2131,KURTA,563.00,225.20,0,10,0.00,0.00,1,Out of Stock (Margin Loss)
3121,J0167-KR-S,KURTA - J0167,KURTA,319.00,127.60,0,10,0.00,0.00,10,Out of Stock (Margin Loss)
3122,JNE3581-KR-S,KURTA - JNE3581,KURTA,635.00,254.00,0,10,0.00,0.00,10,Out of Stock (Margin Loss)
3123,JNE3547-KR-XXXL,KURTA - JNE3547,KURTA,517.00,206.80,0,10,0.00,0.00,19,Out of Stock (Margin Loss)
3124,JNE3762-KR-L,KURTA - JNE3762,KURTA,329.00,131.60,0,10,0.00,0.00,12,Out of Stock (Margin Loss)
3125,JNE3614-KR-L,KURTA - JNE3614,KURTA,459.00,183.60,0,10,0.00,0.00,44,Out of Stock (Margin Loss)
3126,JNE3365-KR-1052-L,KURTA - JNE3365,KURTA,376.00,150.40,0,10,0.00,0.00,24,Out of Stock (Margin Loss)
3127,NW031-TP-PJ-S,SET - NW031,SET,599.00,239.60,0,10,0.00,0.00,10,Out of Stock (Margin Loss)
3128,JNE3562-KR-M,KURTA - JNE3562,KURTA,476.00,190.40,0,10,0.00,0.00,24,Out of Stock (Margin Loss)
3129,NW009-ST-CP-XS,SET - NW009,SET,560.00,224.00,0,10,0.00,0.00,4,Out of Stock (Margin Loss)
3130,JNE3745-KR-XXL,KURTA - JNE3745,KURTA,316.00,126.40,0,10,0.00,0.00,12,Out of Stock (Margin Loss)
3131,SET128-KR-DH-M,SET - SET128,SET,1133.00,453.20,0,10,0.00,0.00,11,Out of Stock (Margin Loss)
3132,J0236-SKD-XXL,SET - J0236,SET,950.00,380.00,0,10,0.00,0.00,53,Out of Stock (Margin Loss)
3133,J0154-DR-XL,WESTERN DRESS - J0154,WESTERN DRESS,377.00,150.80,0,10,0.00,0.00,8,Out of Stock (Margin Loss)
3134,JNE3546-KR-S,KURTA - JNE3546,KURTA,487.00,194.80,0,10,0.00,0.00,69,Out of Stock (Margin Loss)
3135,JNE2049-KR-351-S,KURTA - JNE2049,KURTA,441.00,176.40,0,10,0.00,0.00,13,Out of Stock (Margin Loss)
3136,J0296-DR-S,WESTERN DRESS - J0296,WESTERN DRESS,519.00,207.60,0,10,0.00,0.00,11,Out of Stock (Margin Loss)
3137,NW029-ST-SR-S,SET - NW029,SET,495.00,198.00,0,10,0.00,0.00,23,Out of Stock (Margin Loss)
3138,NW028-TP-PJ-L,SET - NW028,SET,563.00,225.20,0,10,0.00,0.00,2,Out of Stock (Margin Loss)
3139,MEN5012-KR-S,KURTA - MEN5012,KURTA,655.00,262.00,0,10,0.00,0.00,4,Out of Stock (Margin Loss)
3140,JNE3766-KR-XS,KURTA - JNE3766,KURTA,517.00,206.80,0,10,0.00,0.00,2,Out of Stock (Margin Loss)
3142,JNE3423-KR-XL,KURTA - JNE3423,KURTA,435.00,174.00,0,10,0.00,0.00,45,Out of Stock (Margin Loss)
3143,J0373-KR-L,KURTA - J0373,KURTA,620.00,248.00,0,10,0.00,0.00,15,Out of Stock (Margin Loss)
3144,J0239-SKD-XL,SET - J0239,SET,1399.00,559.60,0,10,0.00,0.00,27,Out of Stock (Margin Loss)
3145,NW006-ST-SR-S,SET - NW006,SET,516.00,206.40,0,10,0.00,0.00,12,Out of Stock (Margin Loss)
3146,JNE3407-KR-XXL,KURTA - JNE3407,KURTA,301.00,120.40,0,10,0.00,0.00,8,Out of Stock (Margin Loss)
3147,JNE3787-KR-L,KURTA - JNE3787,KURTA,487.00,194.80,0,10,0.00,0.00,14,Out of Stock (Margin Loss)
3148,J0184-KR-M,KURTA - J0184,KURTA,378.00,151.20,0,10,0.00,0.00,1,Out of Stock (Margin Loss)
3149,PSET264-KR-NP-5XL,SET - PSET264,SET,1399.00,559.60,0,10,0.00,0.00,30,Out of Stock (Margin Loss)
3150,J0049-TP-M,TOP - J0049,TOP,329.00,131.60,0,10,0.00,0.00,2,Out of Stock (Margin Loss)
3151,JNE3542-KR-S,KURTA - JNE3542,KURTA,333.00,133.20,0,10,0.00,0.00,3,Out of Stock (Margin Loss)
3152,NW036-ST-SR-L,SET - NW036,SET,539.00,215.60,0,10,0.00,0.00,5,Out of Stock (Margin Loss)
3153,J0420-TP-L,TOP - J0420,TOP,704.00,281.60,0,10,0.00,0.00,0,Out of Stock (Margin Loss)
3154,JNE3797-KR-XS,WESTERN DRESS - JNE3797,WESTERN DRESS,799.00,319.60,0,10,0.00,0.00,371,Out of Stock (Margin Loss)
3155,SET220-KR-PP-M,SET - SET220,SET,1199.00,479.60,0,10,0.00,0.00,25,Out of Stock (Margin Loss)
3156,JNE3707-DR-XXXL,WESTERN DRESS - JNE3707,WESTERN DRESS,496.00,198.40,0,10,0.00,0.00,12,Out of Stock (Margin Loss)
3158,SET194-KR-NP-XXXL,SET - SET194,SET,641.00,256.40,0,10,0.00,0.00,8,Out of Stock (Margin Loss)
3159,JNE3606-KR-XXXL,KURTA - JNE3606,KURTA,499.00,199.60,0,10,0.00,0.00,16,Out of Stock (Margin Loss)
3160,SET131-KR-NP-L,SET - SET131,SET,666.00,266.40,0,10,0.00,0.00,16,Out of Stock (Margin Loss)
3161,JNE3775-KR-M,KURTA - JNE3775,KURTA,349.00,139.60,0,10,0.00,0.00,19,Out of Stock (Margin Loss)
3162,JNE3768-KR-XXL,KURTA - JNE3768,KURTA,487.00,194.80,0,10,0.00,0.00,13,Out of Stock (Margin Loss)
3163,J0249-SKD-XS,SET - J0249,SET,939.00,375.60,0,10,0.00,0.00,14,Out of Stock (Margin Loss)
3164,J0091-TP-XS,TOP - J0091,TOP,301.00,120.40,0,10,0.00,0.00,2,Out of Stock (Margin Loss)
3165,SET351-KR-NP-L,SET - SET351,SET,599.00,239.60,0,10,0.00,0.00,37,Out of Stock (Margin Loss)
3167,JNE2049-KR-351-XS,KURTA - JNE2049,KURTA,441.00,176.40,0,10,0.00,0.00,13,Out of Stock (Margin Loss)
3168,J0043-SET-S,SET - J0043,SET,611.00,244.40,0,10,0.00,0.00,1,Out of Stock (Margin Loss)
3169,JNE3273-KR-XS,KURTA - JNE3273,KURTA,475.00,190.00,0,10,0.00,0.00,11,Out of Stock (Margin Loss)
3170,JNE3709-DR-M,WESTERN DRESS - JNE3709,WESTERN DRESS,833.00,333.20,0,10,0.00,0.00,16,Out of Stock (Margin Loss)
3171,SET253-KR-NP-XXL,SET - SET253,SET,737.00,294.80,0,10,0.00,0.00,11,Out of Stock (Margin Loss)
3172,JNE3732-KR-L,KURTA - JNE3732,KURTA,517.00,206.80,0,10,0.00,0.00,14,Out of Stock (Margin Loss)
3173,SET401-KR-NP-L,SET - SET401,SET,1186.00,474.40,0,10,0.00,0.00,31,Out of Stock (Margin Loss)
3174,NW020-ST-SR-S,SET - NW020,SET,654.00,261.60,0,10,0.00,0.00,14,Out of Stock (Margin Loss)
3175,J0181-TP-S,TOP - J0181,TOP,399.00,159.60,0,10,0.00,0.00,4,Out of Stock (Margin Loss)
3176,J0029-KR-S,KURTA - J0029,KURTA,345.00,138.00,0,10,0.00,0.00,6,Out of Stock (Margin Loss)
3177,JNE3670-TU-XXXL,TOP - JNE3670,TOP,399.00,159.60,0,10,0.00,0.00,10,Out of Stock (Margin Loss)
3178,SET327-KR-DPT-XS,SET - SET327,SET,999.00,399.60,0,10,0.00,0.00,23,Out of Stock (Margin Loss)
3179,J0390-TP-XS,TOP - J0390,TOP,625.00,250.00,0,10,0.00,0.00,4,Out of Stock (Margin Loss)
3180,J0296-DR-XS,WESTERN DRESS - J0296,WESTERN DRESS,519.00,207.60,0,10,0.00,0.00,14,Out of Stock (Margin Loss)
3181,J0395-DR-M,WESTERN DRESS - J0395,WESTERN DRESS,1196.00,478.40,0,10,0.00,0.00,7,Out of Stock (Margin Loss)
3182,JNE3255-KR-XL,KURTA - JNE3255,KURTA,487.00,194.80,0,10,0.00,0.00,5,Out of Stock (Margin Loss)
3183,JNE3530-KR-S,KURTA - JNE3530,KURTA,356.00,142.40,0,10,0.00,0.00,2,Out of Stock (Margin Loss)
3184,SET334-KR-NP-M,SET - SET334,SET,666.00,266.40,0,10,0.00,0.00,25,Out of Stock (Margin Loss)
3185,JNE3791-DR-XXL,ETHNIC DRESS - JNE3791,ETHNIC DRESS,399.00,159.60,0,10,0.00,0.00,11,Out of Stock (Margin Loss)
3186,J0339-DR-XS,WESTERN DRESS - J0339,WESTERN DRESS,1099.00,439.60,0,10,0.00,0.00,41,Out of Stock (Margin Loss)
3187,JNE3454-KR-XS,KURTA - JNE3454,KURTA,435.00,174.00,0,10,0.00,0.00,6,Out of Stock (Margin Loss)
3188,SET339-KR-NP-XS,SET - SET339,SET,736.00,294.40,0,10,0.00,0.00,25,Out of Stock (Margin Loss)
3189,J0400-DR-S,WESTERN DRESS - J0400,WESTERN DRESS,859.00,343.60,0,10,0.00,0.00,7,Out of Stock (Margin Loss)
3190,J0225-SKD-XL,SET - J0225,SET,1284.00,513.60,0,10,0.00,0.00,10,Out of Stock (Margin Loss)
3191,JNE3485-KR-M,KURTA - JNE3485,KURTA,459.00,183.60,0,10,0.00,0.00,1,Out of Stock (Margin Loss)
3192,SET304-KR-DPT-XS,SET - SET304,SET,1186.00,474.40,0,10,0.00,0.00,93,Out of Stock (Margin Loss)
3193,JNE2171-KR-437-M,KURTA - JNE2171,KURTA,524.00,209.60,0,10,0.00,0.00,59,Out of Stock (Margin Loss)
3194,J0416-DR-L,WESTERN DRESS - J0416,WESTERN DRESS,825.00,330.00,0,10,0.00,0.00,18,Out of Stock (Margin Loss)
3196,JNE3042-KR-XL,KURTA - JNE3042,KURTA,292.00,116.80,0,10,0.00,0.00,9,Out of Stock (Margin Loss)
3197,SET251-KR-PP-L,SET - SET251,SET,689.00,275.60,0,10,0.00,0.00,27,Out of Stock (Margin Loss)
3198,J0302-DR-XS,WESTERN DRESS - J0302,WESTERN DRESS,539.00,215.60,0,10,0.00,0.00,2,Out of Stock (Margin Loss)
3200,J0434-DR-XL,WESTERN DRESS - J0434,WESTERN DRESS,749.00,299.60,0,10,0.00,0.00,1,Out of Stock (Margin Loss)
3201,JNE3789-KR-L,KURTA - JNE3789,KURTA,487.00,194.80,0,10,0.00,0.00,3,Out of Stock (Margin Loss)
3202,J0121-TP-S,TOP - J0121,TOP,301.00,120.40,0,10,0.00,0.00,5,Out of Stock (Margin Loss)
3203,JNE3690-TU-XL,TOP - JNE3690,TOP,726.00,290.40,0,10,0.00,0.00,39,Out of Stock (Margin Loss)
3204,SET265-KR-NP-M,SET - SET265,SET,889.00,355.60,0,10,0.00,0.00,55,Out of Stock (Margin Loss)
3205,SET380-KR-NP-L,SET - SET380,SET,1186.00,474.40,0,10,0.00,0.00,19,Out of Stock (Margin Loss)
3206,J0337-TP-XL,TOP - J0337,TOP,726.00,290.40,0,10,0.00,0.00,18,Out of Stock (Margin Loss)
3207,SET257-KR-PP-XXXL,SET - SET257,SET,568.00,227.20,0,10,0.00,0.00,7,Out of Stock (Margin Loss)
3208,J0152-DR-XS,WESTERN DRESS - J0152,WESTERN DRESS,885.00,354.00,0,10,0.00,0.00,10,Out of Stock (Margin Loss)
3209,SET373-KR-PP-XXXL,SET - SET373,SET,774.00,309.60,0,10,0.00,0.00,6,Out of Stock (Margin Loss)
3210,SET337-KR-NP-XXL,SET - SET337,SET,874.00,349.60,0,10,0.00,0.00,5,Out of Stock (Margin Loss)
3211,JNE2307-KR-572-XL,KURTA - JNE2307,KURTA,301.00,120.40,0,10,0.00,0.00,11,Out of Stock (Margin Loss)
1615,SET273-KR-NP-XL,SET - SET273,SET,612.00,244.80,0,10,0.00,0.00,17,Out of Stock (Margin Loss)
1616,JNE3803-KR-M,KURTA - JNE3803,KURTA,487.00,194.80,0,10,0.00,0.00,49,Out of Stock (Margin Loss)
1617,JNE3563-KR-S,KURTA - JNE3563,KURTA,479.00,191.60,0,10,0.00,0.00,7,Out of Stock (Margin Loss)
1618,J0102-SKD-XXL,SET - J0102,SET,1186.00,474.40,0,10,0.00,0.00,2,Out of Stock (Margin Loss)
1619,J0112-TP-XXXL,TOP - J0112,TOP,359.00,143.60,0,10,0.00,0.00,4,Out of Stock (Margin Loss)
1620,BL103-XL,BLOUSE - BL103,BLOUSE,647.00,258.80,0,10,0.00,0.00,8,Out of Stock (Margin Loss)
1621,MEN5007-KR-S,KURTA - MEN5007,KURTA,625.00,250.00,0,10,0.00,0.00,10,Out of Stock (Margin Loss)
1622,J0173-DR-XS,WESTERN DRESS - J0173,WESTERN DRESS,436.00,174.40,0,10,0.00,0.00,4,Out of Stock (Margin Loss)
1623,JNE3775-KR-XXL,KURTA - JNE3775,KURTA,301.00,120.40,0,10,0.00,0.00,11,Out of Stock (Margin Loss)
1624,SET332-KR-PP-XXL,SET - SET332,SET,549.00,219.60,0,10,0.00,0.00,6,Out of Stock (Margin Loss)
1625,J0207-DR-XS,WESTERN DRESS - J0207,WESTERN DRESS,1229.00,491.60,0,10,0.00,0.00,6,Out of Stock (Margin Loss)
1626,JNE3578-KR-L,KURTA - JNE3578,KURTA,612.00,244.80,0,10,0.00,0.00,12,Out of Stock (Margin Loss)
1627,JNE3654-TP-S,TOP - JNE3654,TOP,387.00,154.80,0,10,0.00,0.00,15,Out of Stock (Margin Loss)
1628,PJNE3364-KR-4XL,KURTA - PJNE3364,KURTA,836.00,334.40,0,10,0.00,0.00,9,Out of Stock (Margin Loss)
1629,JNE3413-KR-M,KURTA - JNE3413,KURTA,511.00,204.40,0,10,0.00,0.00,1,Out of Stock (Margin Loss)
1630,J0286-KR-L,KURTA - J0286,KURTA,927.00,370.80,0,10,0.00,0.00,1,Out of Stock (Margin Loss)
1631,SET288-KR-NP-XXXL,SET - SET288,SET,698.00,279.20,0,10,0.00,0.00,35,Out of Stock (Margin Loss)
1632,JNE3373-KR-XXXL,KURTA - JNE3373,KURTA,382.00,152.80,0,10,0.00,0.00,254,Out of Stock (Margin Loss)
1633,MEN5014-KR-XXXL,KURTA - MEN5014,KURTA,665.00,266.00,0,10,0.00,0.00,17,Out of Stock (Margin Loss)
1634,NW013-ST-SR-S,SET - NW013,SET,496.00,198.40,0,10,0.00,0.00,14,Out of Stock (Margin Loss)
1635,NW008-ST-CP-S,SET - NW008,SET,582.00,232.80,0,10,0.00,0.00,9,Out of Stock (Margin Loss)
1636,J0347-SET-XXL,SET - J0347,SET,632.00,252.80,0,10,0.00,0.00,8,Out of Stock (Margin Loss)
1637,SET373-KR-PP-XXL,SET - SET373,SET,774.00,309.60,0,10,0.00,0.00,10,Out of Stock (Margin Loss)
1638,JNE3701-KR-M,KURTA - JNE3701,KURTA,333.00,133.20,0,10,0.00,0.00,19,Out of Stock (Margin Loss)
1639,SET295-KR-NP-XXXL,SET - SET295,SET,799.00,319.60,0,10,0.00,0.00,31,Out of Stock (Margin Loss)
1640,J0132-KR-XS,KURTA - J0132,KURTA,362.00,144.80,0,10,0.00,0.00,8,Out of Stock (Margin Loss)
1641,BTM026-NP-S,BOTTOM - BTM026,BOTTOM,518.00,207.20,0,10,0.00,0.00,3,Out of Stock (Margin Loss)
1643,SET335-KR-NP-L,SET - SET335,SET,771.00,308.40,0,10,0.00,0.00,13,Out of Stock (Margin Loss)
1644,MEN5017-KR-M,KURTA - MEN5017,KURTA,549.00,219.60,0,10,0.00,0.00,20,Out of Stock (Margin Loss)
1646,JNE3607-KR-XXL,KURTA - JNE3607,KURTA,477.00,190.80,0,10,0.00,0.00,14,Out of Stock (Margin Loss)
1647,JNE3436-KR-S,KURTA - JNE3436,KURTA,299.00,119.60,0,10,0.00,0.00,3,Out of Stock (Margin Loss)
1649,J0136-KR-XS,KURTA - J0136,KURTA,568.00,227.20,0,10,0.00,0.00,6,Out of Stock (Margin Loss)
1650,SET310-KR-NP-XXXL,SET - SET310,SET,1213.00,485.20,0,10,0.00,0.00,17,Out of Stock (Margin Loss)
1652,J0019-SET-M,SET - J0019,SET,566.00,226.40,0,10,0.00,0.00,1,Out of Stock (Margin Loss)
1654,SET315-KR-PP-XL,SET - SET315,SET,699.00,279.60,0,10,0.00,0.00,9,Out of Stock (Margin Loss)
1655,JNE3752-KR-L,KURTA - JNE3752,KURTA,362.00,144.80,0,10,0.00,0.00,7,Out of Stock (Margin Loss)
1656,JNE3363-KR-1032-XXXL,KURTA - JNE3363,KURTA,399.00,159.60,0,10,0.00,0.00,39,Out of Stock (Margin Loss)
1657,JNE3391-KR-M,KURTA - JNE3391,KURTA,448.00,179.20,0,10,0.00,0.00,11,Out of Stock (Margin Loss)
1658,SET305-KR-DPT-S,SET - SET305,SET,967.00,386.80,0,10,0.00,0.00,19,Out of Stock (Margin Loss)
1659,JNE3576-KR-M,KURTA - JNE3576,KURTA,487.00,194.80,0,10,0.00,0.00,32,Out of Stock (Margin Loss)
1660,J0301-TP-L,TOP - J0301,TOP,693.00,277.20,0,10,0.00,0.00,125,Out of Stock (Margin Loss)
1661,JNE3405-KR-XXXL,KURTA - JNE3405,KURTA,449.00,179.60,0,10,0.00,0.00,241,Out of Stock (Margin Loss)
1662,JNE3818-KR-XXXL,KURTA - JNE3818,KURTA,499.00,199.60,0,10,0.00,0.00,12,Out of Stock (Margin Loss)
1663,BTM030-NP-XXL,BOTTOM - BTM030,BOTTOM,284.00,113.60,0,10,0.00,0.00,7,Out of Stock (Margin Loss)
1665,J0117-TP-XS,TOP - J0117,TOP,726.00,290.40,0,10,0.00,0.00,26,Out of Stock (Margin Loss)
1666,J0348-SET-XXXL,SET - J0348,SET,478.00,191.20,0,10,0.00,0.00,6,Out of Stock (Margin Loss)
1667,J0024-KR-M,KURTA - J0024,KURTA,321.00,128.40,0,10,0.00,0.00,17,Out of Stock (Margin Loss)
1668,J0130-SET-XS,SET - J0130,SET,729.00,291.60,0,10,0.00,0.00,11,Out of Stock (Margin Loss)
1669,SET386-KR-NP-XXXL,SET - SET386,SET,699.00,279.60,0,10,0.00,0.00,16,Out of Stock (Margin Loss)
1670,JNE3763-KR-M,KURTA - JNE3763,KURTA,459.00,183.60,0,10,0.00,0.00,6,Out of Stock (Margin Loss)
1672,SET154-KR-NP-L,SET - SET154,SET,832.00,332.80,0,10,0.00,0.00,19,Out of Stock (Margin Loss)
1673,J0072-KR-XS,KURTA - J0072,KURTA,318.00,127.20,0,10,0.00,0.00,1,Out of Stock (Margin Loss)
1674,SET394-KR-NP-XXXL,SET - SET394,SET,1281.00,512.40,0,10,0.00,0.00,14,Out of Stock (Margin Loss)
1675,JNE3620-KR-XXL,KURTA - JNE3620,KURTA,339.00,135.60,0,10,0.00,0.00,23,Out of Stock (Margin Loss)
1676,SET240-KR-PP-XS,SET - SET240,SET,629.00,251.60,0,10,0.00,0.00,6,Out of Stock (Margin Loss)
1677,JNE3776-KR-M,KURTA - JNE3776,KURTA,301.00,120.40,0,10,0.00,0.00,7,Out of Stock (Margin Loss)
1678,BTM047-PP-XS,BOTTOM - BTM047,BOTTOM,345.00,138.00,0,10,0.00,0.00,3,Out of Stock (Margin Loss)
1679,JNE3676-TU-XXL,TOP - JNE3676,TOP,385.00,154.00,0,10,0.00,0.00,13,Out of Stock (Margin Loss)
1680,SET098-KR-PP-M,SET - SET098,SET,759.00,303.60,0,10,0.00,0.00,87,Out of Stock (Margin Loss)
1681,JNE3764-KR-XL,KURTA - JNE3764,KURTA,487.00,194.80,0,10,0.00,0.00,50,Out of Stock (Margin Loss)
1682,SET037-KR-NP-XL,SET - SET037,SET,612.00,244.80,0,10,0.00,0.00,18,Out of Stock (Margin Loss)
1683,NW012-TP-PJ-L,SET - NW012,SET,560.00,224.00,0,10,0.00,0.00,33,Out of Stock (Margin Loss)
1684,BTM040-PP-XXXL,BOTTOM - BTM040,BOTTOM,345.00,138.00,0,10,0.00,0.00,9,Out of Stock (Margin Loss)
1685,NW022-TP-PJ-XXXL,SET - NW022,SET,590.00,236.00,0,10,0.00,0.00,4,Out of Stock (Margin Loss)
1686,JNE3908-KR-XS,KURTA - JNE3908,KURTA,736.00,294.40,0,10,0.00,0.00,2,Out of Stock (Margin Loss)
1687,J0378-SKD-XXL,SET - J0378,SET,1112.00,444.80,0,10,0.00,0.00,5,Out of Stock (Margin Loss)
1688,J0111-TP-XXXL,TOP - J0111,TOP,528.00,211.20,0,10,0.00,0.00,25,Out of Stock (Margin Loss)
1689,JNE3881-DR-M,WESTERN DRESS - JNE3881,WESTERN DRESS,825.00,330.00,0,10,0.00,0.00,5,Out of Stock (Margin Loss)
1691,JNE3698-KR-XL,KURTA - JNE3698,KURTA,487.00,194.80,0,10,0.00,0.00,12,Out of Stock (Margin Loss)
1692,JNE3443-KR-S,KURTA - JNE3443,KURTA,487.00,194.80,0,10,0.00,0.00,4,Out of Stock (Margin Loss)
1693,NW008-ST-CP-M,SET - NW008,SET,582.00,232.80,0,10,0.00,0.00,5,Out of Stock (Margin Loss)
1694,J0243-DR-XXL,ETHNIC DRESS - J0243,ETHNIC DRESS,1449.00,579.60,0,10,0.00,0.00,24,Out of Stock (Margin Loss)
1695,JNE3856-KR-XL,KURTA - JNE3856,KURTA,666.00,266.40,0,10,0.00,0.00,21,Out of Stock (Margin Loss)
1696,SET087-KR-PP-XXL,SET - SET087,SET,881.00,352.40,0,10,0.00,0.00,4,Out of Stock (Margin Loss)
1697,JNE3534-KR-M,KURTA - JNE3534,KURTA,345.00,138.00,0,10,0.00,0.00,13,Out of Stock (Margin Loss)
1698,JNE3903-KR-XL,KURTA - JNE3903,KURTA,432.00,172.80,0,10,0.00,0.00,2,Out of Stock (Margin Loss)
1699,J0236-SKD-S,SET - J0236,SET,950.00,380.00,0,10,0.00,0.00,53,Out of Stock (Margin Loss)
1700,J0126-SKD-XL,SET - J0126,SET,783.00,313.20,0,10,0.00,0.00,11,Out of Stock (Margin Loss)
1701,JNE3927-KR-XS,KURTA - JNE3927,KURTA,801.00,320.40,0,10,0.00,0.00,1,Out of Stock (Margin Loss)
1702,J0401-DR-XS,WESTERN DRESS - J0401,WESTERN DRESS,1168.00,467.20,0,10,0.00,0.00,15,Out of Stock (Margin Loss)
1703,SET282-KR-PP-L,SET - SET282,SET,1120.00,448.00,0,10,0.00,0.00,37,Out of Stock (Margin Loss)
1704,SET375-KR-NP-XS,SET - SET375,SET,696.00,278.40,0,10,0.00,0.00,14,Out of Stock (Margin Loss)
1706,J0347-SET-XL,SET - J0347,SET,632.00,252.80,0,10,0.00,0.00,16,Out of Stock (Margin Loss)
1707,BL110-XS,BLOUSE - BL110,BLOUSE,329.00,131.60,0,10,0.00,0.00,5,Out of Stock (Margin Loss)
1708,JNE3459-KR-XL,KURTA - JNE3459,KURTA,442.00,176.80,0,10,0.00,0.00,7,Out of Stock (Margin Loss)
1709,J0185-DR-XS,ETHNIC DRESS - J0185,ETHNIC DRESS,799.00,319.60,0,10,0.00,0.00,4,Out of Stock (Margin Loss)
1710,JNE3896-KR-XXXL,KURTA - JNE3896,KURTA,819.00,327.60,0,10,0.00,0.00,4,Out of Stock (Margin Loss)
1711,JNE3765-KR-M,KURTA - JNE3765,KURTA,579.00,231.60,0,10,0.00,0.00,4,Out of Stock (Margin Loss)
1712,MEN5002-KR-XXL,KURTA - MEN5002,KURTA,709.00,283.60,0,10,0.00,0.00,37,Out of Stock (Margin Loss)
1714,MEN5029-KR-XL,KURTA - MEN5029,KURTA,625.00,250.00,0,10,0.00,0.00,25,Out of Stock (Margin Loss)
1715,SET262-KR-NP-XL,SET - SET262,SET,595.00,238.00,0,10,0.00,0.00,22,Out of Stock (Margin Loss)
1716,SET258-KR-PP-S,SET - SET258,SET,881.00,352.40,0,10,0.00,0.00,13,Out of Stock (Margin Loss)
1717,SET014-KR-PP-XS,SET - SET014,SET,819.00,327.60,0,10,0.00,0.00,4,Out of Stock (Margin Loss)
1718,J0370-SKD-L,SET - J0370,SET,936.00,374.40,0,10,0.00,0.00,13,Out of Stock (Margin Loss)
1720,JNE2305-KR-533-XS,KURTA - JNE2305,KURTA,382.00,152.80,0,10,0.00,0.00,31,Out of Stock (Margin Loss)
1721,J0347-SET-XS,SET - J0347,SET,679.00,271.60,0,10,0.00,0.00,4,Out of Stock (Margin Loss)
1722,J0073-KR-XL,KURTA - J0073,KURTA,355.00,142.00,0,10,0.00,0.00,3,Out of Stock (Margin Loss)
1723,JNE3313-KR-M,KURTA - JNE3313,KURTA,582.00,232.80,0,10,0.00,0.00,5,Out of Stock (Margin Loss)
1724,SAR028,SAREE - SAR028,SAREE,659.00,263.60,0,10,0.00,0.00,1,Out of Stock (Margin Loss)
1725,J0010-LCD-S,SET - J0010,SET,1329.00,531.60,0,10,0.00,0.00,25,Out of Stock (Margin Loss)
1726,SET353-KR-NP-XXL,SET - SET353,SET,888.00,355.20,0,10,0.00,0.00,2,Out of Stock (Margin Loss)
1727,JNE3438-KR-S,KURTA - JNE3438,KURTA,459.00,183.60,0,10,0.00,0.00,5,Out of Stock (Margin Loss)
1728,SET165-KR-PP-XS,SET - SET165,SET,567.00,226.80,0,10,0.00,0.00,2,Out of Stock (Margin Loss)
1729,J0232-SKD-XXXL,SET - J0232,SET,1228.00,491.20,0,10,0.00,0.00,2,Out of Stock (Margin Loss)
1730,BTM046-PP-M,BOTTOM - BTM046,BOTTOM,0.00,0.00,0,10,0.00,0.00,5,Out of Stock (Margin Loss)
1731,AN205-YELLOW-XXL,BOTTOM - AN205,BOTTOM,301.00,120.40,0,10,0.00,0.00,1,Out of Stock (Margin Loss)
1732,BTM038-PP-XXXL,BOTTOM - BTM038,BOTTOM,379.00,151.60,0,10,0.00,0.00,14,Out of Stock (Margin Loss)
1733,SET436-KR-NP-XXXL,SET - SET436,SET,1999.00,799.60,0,10,0.00,0.00,24,Out of Stock (Margin Loss)
1734,J0308-DR-XXL,WESTERN DRESS - J0308,WESTERN DRESS,879.00,351.60,0,10,0.00,0.00,65,Out of Stock (Margin Loss)
1735,NW039-TP-SR-L,SET - NW039,SET,499.00,199.60,0,10,0.00,0.00,10,Out of Stock (Margin Loss)
1736,JNE3837-KR-XL,KURTA - JNE3837,KURTA,635.00,254.00,0,10,0.00,0.00,32,Out of Stock (Margin Loss)
1737,J0148-SET-XXXL,SET - J0148,SET,636.00,254.40,0,10,0.00,0.00,18,Out of Stock (Margin Loss)
1738,J0396-DR-M,WESTERN DRESS - J0396,WESTERN DRESS,859.00,343.60,0,10,0.00,0.00,22,Out of Stock (Margin Loss)
1739,J0282-SET-S,SET - J0282,SET,1051.00,420.40,0,10,0.00,0.00,20,Out of Stock (Margin Loss)
1765,SET285-KR-SHA-XL,SET - SET285,SET,499.00,199.60,0,10,0.00,0.00,13,Out of Stock (Margin Loss)
1766,BTM047-PP-L,BOTTOM - BTM047,BOTTOM,360.00,144.00,0,10,0.00,0.00,12,Out of Stock (Margin Loss)
1767,J0082-TP-XS,TOP - J0082,TOP,360.00,144.00,0,10,0.00,0.00,1,Out of Stock (Margin Loss)
1768,J0252-SKD-L,SET - J0252,SET,899.00,359.60,0,10,0.00,0.00,31,Out of Stock (Margin Loss)
1769,JNE3797-KR-M,WESTERN DRESS - JNE3797,WESTERN DRESS,799.00,319.60,0,10,0.00,0.00,557,Out of Stock (Margin Loss)
1770,NW031-TP-PJ-M,SET - NW031,SET,799.00,319.60,0,10,0.00,0.00,14,Out of Stock (Margin Loss)
1771,J0295-DR-L,WESTERN DRESS - J0295,WESTERN DRESS,1196.00,478.40,0,10,0.00,0.00,35,Out of Stock (Margin Loss)
1773,SET121-KR-NP-L,SET - SET121,SET,478.00,191.20,0,10,0.00,0.00,1,Out of Stock (Margin Loss)
1774,MEN5001-KR-L,KURTA - MEN5001,KURTA,655.00,262.00,0,10,0.00,0.00,22,Out of Stock (Margin Loss)
1775,SAR068,SAREE - SAR068,SAREE,899.00,359.60,0,10,0.00,0.00,2,Out of Stock (Margin Loss)
1776,JNE3834-KR-XXL,KURTA - JNE3834,KURTA,549.00,219.60,0,10,0.00,0.00,23,Out of Stock (Margin Loss)
1777,BTM005-XXL,BOTTOM - BTM005,BOTTOM,518.00,207.20,0,10,0.00,0.00,13,Out of Stock (Margin Loss)
1778,JNE3908-KR-XXL,KURTA - JNE3908,KURTA,736.00,294.40,0,10,0.00,0.00,2,Out of Stock (Margin Loss)
1779,JNE3694-KR-XXL,KURTA - JNE3694,KURTA,301.00,120.40,0,10,0.00,0.00,2,Out of Stock (Margin Loss)
1780,SET282-KR-PP-XXXL,SET - SET282,SET,1099.00,439.60,0,10,0.00,0.00,34,Out of Stock (Margin Loss)
1781,JNE3801-KR-M,KURTA - JNE3801,KURTA,771.00,308.40,0,10,0.00,0.00,144,Out of Stock (Margin Loss)
1782,JNE3609-KR-M,KURTA - JNE3609,KURTA,568.00,227.20,0,10,0.00,0.00,36,Out of Stock (Margin Loss)
1783,JNE3400-KR-S,KURTA - JNE3400,KURTA,459.00,183.60,0,10,0.00,0.00,9,Out of Stock (Margin Loss)
1784,JNE3894-TP-XXL,TOP - JNE3894,TOP,1039.00,415.60,0,10,0.00,0.00,13,Out of Stock (Margin Loss)
1787,SET272-KR-PP-M,SET - SET272,SET,852.00,340.80,0,10,0.00,0.00,12,Out of Stock (Margin Loss)
1788,JNE3891-TP-M,TOP - JNE3891,TOP,621.00,248.40,0,10,0.00,0.00,1,Out of Stock (Margin Loss)
1789,SET397-KR-NP-XXL,SET - SET397,SET,1201.00,480.40,0,10,0.00,0.00,70,Out of Stock (Margin Loss)
1790,SET343-KR-NP-M,SET - SET343,SET,916.00,366.40,0,10,0.00,0.00,40,Out of Stock (Margin Loss)
1791,J0331-KR-XL,KURTA - J0331,KURTA,832.00,332.80,0,10,0.00,0.00,8,Out of Stock (Margin Loss)
1792,JNE3451-KR-XXXL,KURTA - JNE3451,KURTA,380.00,152.00,0,10,0.00,0.00,1,Out of Stock (Margin Loss)
1793,JNE3881-DR-XL,WESTERN DRESS - JNE3881,WESTERN DRESS,825.00,330.00,0,10,0.00,0.00,10,Out of Stock (Margin Loss)
1794,JNE3862-TU-L,TOP - JNE3862,TOP,836.00,334.40,0,10,0.00,0.00,10,Out of Stock (Margin Loss)
1796,JNE3679-TU-L,TOP - JNE3679,TOP,425.00,170.00,0,10,0.00,0.00,18,Out of Stock (Margin Loss)
1797,JNE3672-TU-L,TOP - JNE3672,TOP,574.00,229.60,0,10,0.00,0.00,30,Out of Stock (Margin Loss)
1798,JNE3456-KR-XL,KURTA - JNE3456,KURTA,301.00,120.40,0,10,0.00,0.00,6,Out of Stock (Margin Loss)
1799,JNE3704-KR-L,KURTA - JNE3704,KURTA,487.00,194.80,0,10,0.00,0.00,12,Out of Stock (Margin Loss)
1800,SET396-KR-PP-XXL,SET - SET396,SET,1166.00,466.40,0,10,0.00,0.00,29,Out of Stock (Margin Loss)
1801,JNE3766-KR-XXXL,KURTA - JNE3766,KURTA,517.00,206.80,0,10,0.00,0.00,6,Out of Stock (Margin Loss)
1802,JNE3252-KR-L,KURTA - JNE3252,KURTA,479.00,191.60,0,10,0.00,0.00,13,Out of Stock (Margin Loss)
1803,SET410-KR-NP-S,SET - SET410,SET,534.00,213.60,0,10,0.00,0.00,1,Out of Stock (Margin Loss)
1804,SET388-KR-NP-S,SET - SET388,SET,1499.00,599.60,0,10,0.00,0.00,17,Out of Stock (Margin Loss)
1805,J0119-TP-XS,TOP - J0119,TOP,758.00,303.20,0,10,0.00,0.00,23,Out of Stock (Margin Loss)
1806,J0148-SET-S,SET - J0148,SET,636.00,254.40,0,10,0.00,0.00,17,Out of Stock (Margin Loss)
1807,JNE3423-KR-M,KURTA - JNE3423,KURTA,435.00,174.00,0,10,0.00,0.00,50,Out of Stock (Margin Loss)
1808,JNE3473-KR-M,KURTA - JNE3473,KURTA,487.00,194.80,0,10,0.00,0.00,5,Out of Stock (Margin Loss)
1809,SET300-KR-NP-M,SET - SET300,SET,999.00,399.60,0,10,0.00,0.00,34,Out of Stock (Margin Loss)
1810,JNE3566-KR-XXL,KURTA - JNE3566,KURTA,419.00,167.60,0,10,0.00,0.00,14,Out of Stock (Margin Loss)
1811,JNE3763-KR-S,KURTA - JNE3763,KURTA,459.00,183.60,0,10,0.00,0.00,12,Out of Stock (Margin Loss)
1812,JNE3627-KR-S,KURTA - JNE3627,KURTA,329.00,131.60,0,10,0.00,0.00,19,Out of Stock (Margin Loss)
1813,JNE3445-KR-XS,KURTA - JNE3445,KURTA,459.00,183.60,0,10,0.00,0.00,1,Out of Stock (Margin Loss)
1814,MEN5002-KR-XL,KURTA - MEN5002,KURTA,709.00,283.60,0,10,0.00,0.00,40,Out of Stock (Margin Loss)
1815,SET290-KR-DPT-S,SET - SET290,SET,832.00,332.80,0,10,0.00,0.00,13,Out of Stock (Margin Loss)
1816,JNE3807-KR-M,KURTA - JNE3807,KURTA,736.00,294.40,0,10,0.00,0.00,12,Out of Stock (Margin Loss)
1817,J0306-DR-L,WESTERN DRESS - J0306,WESTERN DRESS,1044.00,417.60,0,10,0.00,0.00,25,Out of Stock (Margin Loss)
1818,JNE3816-KR-S,KURTA - JNE3816,KURTA,521.00,208.40,0,10,0.00,0.00,6,Out of Stock (Margin Loss)
1820,SET291-KR-PP-M,SET - SET291,SET,605.00,242.00,0,10,0.00,0.00,204,Out of Stock (Margin Loss)
1821,SET356-KR-NP-M,SET - SET356,SET,1099.00,439.60,0,10,0.00,0.00,31,Out of Stock (Margin Loss)
1822,J0250-SKD-XS,SET - J0250,SET,0.00,0.00,0,10,0.00,0.00,0,Out of Stock (Margin Loss)
1823,J0109-SKD-XXXL,SET - J0109,SET,1213.00,485.20,0,10,0.00,0.00,5,Out of Stock (Margin Loss)
1824,BL006-54BLACK,BLOUSE - BL006,BLOUSE,388.00,155.20,0,10,0.00,0.00,6,Out of Stock (Margin Loss)
1827,JNE3693-KR-S,KURTA - JNE3693,KURTA,319.00,127.60,0,10,0.00,0.00,5,Out of Stock (Margin Loss)
1828,J0237-SKD-XL,SET - J0237,SET,1369.00,547.60,0,10,0.00,0.00,10,Out of Stock (Margin Loss)
1829,J0300-TP-S,TOP - J0300,TOP,279.00,111.60,0,10,0.00,0.00,1,Out of Stock (Margin Loss)
1830,SET186-KR-DH-XXL,SET - SET186,SET,631.00,252.40,0,10,0.00,0.00,11,Out of Stock (Margin Loss)
1831,JNE3905-DR-XXXL,WESTERN DRESS - JNE3905,WESTERN DRESS,869.00,347.60,0,10,0.00,0.00,33,Out of Stock (Margin Loss)
1832,SET432-KR-PP-L,SET - SET432,SET,939.00,375.60,0,10,0.00,0.00,1,Out of Stock (Margin Loss)
1833,SET316-KR-DPT-XXXL,SET - SET316,SET,1238.00,495.20,0,10,0.00,0.00,21,Out of Stock (Margin Loss)
1834,JNE3423-KR-XXL,KURTA - JNE3423,KURTA,435.00,174.00,0,10,0.00,0.00,37,Out of Stock (Margin Loss)
1835,SET377-KR-NP-XL,SET - SET377,SET,1238.00,495.20,0,10,0.00,0.00,15,Out of Stock (Margin Loss)
1836,SET375-KR-NP-XXXL,SET - SET375,SET,696.00,278.40,0,10,0.00,0.00,23,Out of Stock (Margin Loss)
1837,J0233-SKD-XXXL,SET - J0233,SET,1324.00,529.60,0,10,0.00,0.00,10,Out of Stock (Margin Loss)
1839,JNE3885-KR-XXXL,KURTA - JNE3885,KURTA,526.00,210.40,0,10,0.00,0.00,7,Out of Stock (Margin Loss)
1840,JNE3820-KR-XXL,KURTA - JNE3820,KURTA,475.00,190.00,0,10,0.00,0.00,1,Out of Stock (Margin Loss)
1841,J0329-KR-XXXL,KURTA - J0329,KURTA,852.00,340.80,0,10,0.00,0.00,11,Out of Stock (Margin Loss)
1842,MEN5006-KR-L,KURTA - MEN5006,KURTA,665.00,266.00,0,10,0.00,0.00,28,Out of Stock (Margin Loss)
1843,JNE3819-KR-S,KURTA - JNE3819,KURTA,499.00,199.60,0,10,0.00,0.00,4,Out of Stock (Margin Loss)
1844,J0124-TP-S,TOP - J0124,TOP,743.00,297.20,0,10,0.00,0.00,8,Out of Stock (Margin Loss)
1845,SET248-KR-NP-L,SET - SET248,SET,612.00,244.80,0,10,0.00,0.00,20,Out of Stock (Margin Loss)
1846,SET388-KR-NP-XS,SET - SET388,SET,1499.00,599.60,0,10,0.00,0.00,22,Out of Stock (Margin Loss)
1847,SET185-KR-NP-XXL,SET - SET185,SET,911.00,364.40,0,10,0.00,0.00,2,Out of Stock (Margin Loss)
1848,JNE3618-KR-XXXL,KURTA - JNE3618,KURTA,399.00,159.60,0,10,0.00,0.00,19,Out of Stock (Margin Loss)
1849,SET254-KR-NP-L,SET - SET254,SET,886.00,354.40,0,10,0.00,0.00,9,Out of Stock (Margin Loss)
1850,SAR102,SAREE - SAR102,SAREE,563.00,225.20,0,10,0.00,0.00,1,Out of Stock (Margin Loss)
1852,JNE3635-KR-XL,KURTA - JNE3635,KURTA,345.00,138.00,0,10,0.00,0.00,13,Out of Stock (Margin Loss)
1853,NW030-TP-PJ-XXXL,SET - NW030,SET,582.00,232.80,0,10,0.00,0.00,8,Out of Stock (Margin Loss)
1854,JNE3548-KR-XXXL,KURTA - JNE3548,KURTA,579.00,231.60,0,10,0.00,0.00,41,Out of Stock (Margin Loss)
1855,J0386-KR-XL,KURTA - J0386,KURTA,967.00,386.80,0,10,0.00,0.00,7,Out of Stock (Margin Loss)
1856,JNE3825-KR-M,KURTA - JNE3825,KURTA,549.00,219.60,0,10,0.00,0.00,4,Out of Stock (Margin Loss)
1857,J0093-DR-M,ETHNIC DRESS - J0093,ETHNIC DRESS,799.00,319.60,0,10,0.00,0.00,9,Out of Stock (Margin Loss)
1858,J0391-TP-L,TOP - J0391,TOP,956.00,382.40,0,10,0.00,0.00,16,Out of Stock (Margin Loss)
1859,JNE3273-KR-S,KURTA - JNE3273,KURTA,475.00,190.00,0,10,0.00,0.00,20,Out of Stock (Margin Loss)
1860,JNE3765-KR-S,KURTA - JNE3765,KURTA,517.00,206.80,0,10,0.00,0.00,1,Out of Stock (Margin Loss)
1861,J0023-TP-XXL,TOP - J0023,TOP,399.00,159.60,0,10,0.00,0.00,29,Out of Stock (Margin Loss)
1862,BL017-63BLACK,BLOUSE - BL017,BLOUSE,379.00,151.60,0,10,0.00,0.00,16,Out of Stock (Margin Loss)
1863,SET239-KR-NP-XXL,SET - SET239,SET,693.00,277.20,0,10,0.00,0.00,25,Out of Stock (Margin Loss)
1864,JNE3721-KR-M,KURTA - JNE3721,KURTA,329.00,131.60,0,10,0.00,0.00,123,Out of Stock (Margin Loss)
1865,JNE3634-KR-L,KURTA - JNE3634,KURTA,544.00,217.60,0,10,0.00,0.00,81,Out of Stock (Margin Loss)
1866,J0197-TP-XXL,TOP - J0197,TOP,625.00,250.00,0,10,0.00,0.00,14,Out of Stock (Margin Loss)
1867,JNE3733-KR-XXL,KURTA - JNE3733,KURTA,549.00,219.60,0,10,0.00,0.00,9,Out of Stock (Margin Loss)
1869,AN210-NAVY-M,BOTTOM - AN210,BOTTOM,0.00,0.00,0,10,0.00,0.00,0,Out of Stock (Margin Loss)
1871,JNE3628-KR-XXL,KURTA - JNE3628,KURTA,487.00,194.80,0,10,0.00,0.00,17,Out of Stock (Margin Loss)
1872,PJNE3368-KR-5XL,KURTA - PJNE3368,KURTA,869.00,347.60,0,10,0.00,0.00,22,Out of Stock (Margin Loss)
1875,SET299-KR-PP-XXXL,SET - SET299,SET,889.00,355.60,0,10,0.00,0.00,7,Out of Stock (Margin Loss)
1876,J0108-SKD-XS,SET - J0108,SET,1152.00,460.80,0,10,0.00,0.00,5,Out of Stock (Margin Loss)
1877,SET400-KR-NP-M,SET - SET400,SET,1254.00,501.60,0,10,0.00,0.00,13,Out of Stock (Margin Loss)
1878,J0033-KR-XS,KURTA - J0033,KURTA,399.00,159.60,0,10,0.00,0.00,4,Out of Stock (Margin Loss)
1879,J0044-TP-XS,TOP - J0044,TOP,299.00,119.60,0,10,0.00,0.00,1,Out of Stock (Margin Loss)
1880,SET444-KR-SH-S,SET - SET444,SET,899.00,359.60,0,10,0.00,0.00,9,Out of Stock (Margin Loss)
1881,SET393-KR-NP-L,SET - SET393,SET,1186.00,474.40,0,10,0.00,0.00,29,Out of Stock (Margin Loss)
1882,SET288-KR-NP-XS,SET - SET288,SET,698.00,279.20,0,10,0.00,0.00,20,Out of Stock (Margin Loss)
1883,SET058-KR-NP-XXXL,SET - SET058,SET,847.00,338.80,0,10,0.00,0.00,14,Out of Stock (Margin Loss)
1884,JNE3603-KR-L,KURTA - JNE3603,KURTA,301.00,120.40,0,10,0.00,0.00,22,Out of Stock (Margin Loss)
1886,J0415-DR-XXXL,WESTERN DRESS - J0415,WESTERN DRESS,1187.00,474.80,0,10,0.00,0.00,13,Out of Stock (Margin Loss)
1887,JNE3489-KR-M,KURTA - JNE3489,KURTA,487.00,194.80,0,10,0.00,0.00,43,Out of Stock (Margin Loss)
1888,JNE09209-MULTI-SR-JP8101RMV,SAREE - JNE09209,SAREE,819.00,327.60,0,10,0.00,0.00,2,Out of Stock (Margin Loss)
1889,J0231-SKD-L,SET - J0231,SET,1298.00,519.20,0,10,0.00,0.00,7,Out of Stock (Margin Loss)
1891,JNE3676-TU-XXXL,TOP - JNE3676,TOP,385.00,154.00,0,10,0.00,0.00,16,Out of Stock (Margin Loss)
1892,SET251-KR-PP-XXL,SET - SET251,SET,759.00,303.60,0,10,0.00,0.00,11,Out of Stock (Margin Loss)
1893,JNE3782-KR-XS,KURTA - JNE3782,KURTA,511.00,204.40,0,10,0.00,0.00,2,Out of Stock (Margin Loss)
1894,JNE3366-KR-1053-XL,KURTA - JNE3366,KURTA,382.00,152.80,0,10,0.00,0.00,55,Out of Stock (Margin Loss)
1895,SET004-KR-SP-XXXL,SET - SET004,SET,682.00,272.80,0,10,0.00,0.00,2,Out of Stock (Margin Loss)
1896,NW015-TP-PJ-XXXL,SET - NW015,SET,517.00,206.80,0,10,0.00,0.00,2,Out of Stock (Margin Loss)
1897,JNE3744-TU-XXXL,TOP - JNE3744,TOP,690.00,276.00,0,10,0.00,0.00,18,Out of Stock (Margin Loss)
1898,J0353-KR-XXL,KURTA - J0353,KURTA,635.00,254.00,0,10,0.00,0.00,28,Out of Stock (Margin Loss)
1899,JNE3399-KR-XXXL,KURTA - JNE3399,KURTA,469.00,187.60,0,10,0.00,0.00,54,Out of Stock (Margin Loss)
1901,J0048-TP-S,TOP - J0048,TOP,339.00,135.60,0,10,0.00,0.00,4,Out of Stock (Margin Loss)
1902,SET241-KR-PP-M,SET - SET241,SET,357.00,142.80,0,10,0.00,0.00,4,Out of Stock (Margin Loss)
1903,SET313-KR-NP-XXL,SET - SET313,SET,1099.00,439.60,0,10,0.00,0.00,8,Out of Stock (Margin Loss)
1904,J0101-DR-S,ETHNIC DRESS - J0101,ETHNIC DRESS,842.00,336.80,0,10,0.00,0.00,8,Out of Stock (Margin Loss)
1905,SAR134,SAREE - SAR134,SAREE,720.00,288.00,0,10,0.00,0.00,1,Out of Stock (Margin Loss)
1906,J0012-SKD-M,SET - J0012,SET,1199.00,479.60,0,10,0.00,0.00,72,Out of Stock (Margin Loss)
1907,SET323-KR-NP-XXXL,SET - SET323,SET,999.00,399.60,0,10,0.00,0.00,15,Out of Stock (Margin Loss)
1908,J0335-DR-XS,WESTERN DRESS - J0335,WESTERN DRESS,1362.00,544.80,0,10,0.00,0.00,35,Out of Stock (Margin Loss)
1909,JNE2251-KR-537-M,KURTA - JNE2251,KURTA,429.00,171.60,0,10,0.00,0.00,9,Out of Stock (Margin Loss)
1910,JNE3607-KR-XXXL,KURTA - JNE3607,KURTA,477.00,190.80,0,10,0.00,0.00,20,Out of Stock (Margin Loss)
1911,SET196-KR-NP-XXL,SET - SET196,SET,799.00,319.60,0,10,0.00,0.00,16,Out of Stock (Margin Loss)
1912,JNE3834-KR-XS,KURTA - JNE3834,KURTA,549.00,219.60,0,10,0.00,0.00,9,Out of Stock (Margin Loss)
1913,JNE3758-KR-XXXL,KURTA - JNE3758,KURTA,376.00,150.40,0,10,0.00,0.00,9,Out of Stock (Margin Loss)
1914,BTM039-PP-XL,BOTTOM - BTM039,BOTTOM,360.00,144.00,0,10,0.00,0.00,15,Out of Stock (Margin Loss)
1915,BL089-XS,BLOUSE - BL089,BLOUSE,301.00,120.40,0,10,0.00,0.00,1,Out of Stock (Margin Loss)
1916,JNE3373-KR-XXL,KURTA - JNE3373,KURTA,382.00,152.80,0,10,0.00,0.00,199,Out of Stock (Margin Loss)
1917,JNE3783-KR-XXL,KURTA - JNE3783,KURTA,517.00,206.80,0,10,0.00,0.00,14,Out of Stock (Margin Loss)
1918,JNE3774-KR-M,KURTA - JNE3774,KURTA,474.00,189.60,0,10,0.00,0.00,8,Out of Stock (Margin Loss)
1919,J0043-SET-XL,SET - J0043,SET,635.00,254.00,0,10,0.00,0.00,6,Out of Stock (Margin Loss)
1921,J0106-KR-XXL,WESTERN DRESS - J0106,WESTERN DRESS,1449.00,579.60,0,10,0.00,0.00,8,Out of Stock (Margin Loss)
1922,SAR174,SAREE - SAR174,SAREE,682.00,272.80,0,10,0.00,0.00,2,Out of Stock (Margin Loss)
1923,J0003-SET-XXXL,SET - J0003,SET,696.00,278.40,0,10,0.00,0.00,208,Out of Stock (Margin Loss)
1924,SET400-KR-NP-XXXL,SET - SET400,SET,1254.00,501.60,0,10,0.00,0.00,16,Out of Stock (Margin Loss)
1925,SET145-KR-NP-XXL,SET - SET145,SET,788.00,315.20,0,10,0.00,0.00,51,Out of Stock (Margin Loss)
1926,JNE3348-KR-XS,KURTA - JNE3348,KURTA,434.00,173.60,0,10,0.00,0.00,4,Out of Stock (Margin Loss)
1927,J0306-DR-XXXL,WESTERN DRESS - J0306,WESTERN DRESS,1044.00,417.60,0,10,0.00,0.00,22,Out of Stock (Margin Loss)
1928,JNE3665-TP-XL,TOP - JNE3665,TOP,545.00,218.00,0,10,0.00,0.00,21,Out of Stock (Margin Loss)
1929,JNE3888-KR-L,KURTA - JNE3888,KURTA,696.00,278.40,0,10,0.00,0.00,5,Out of Stock (Margin Loss)
1930,SET436-KR-NP-XXL,SET - SET436,SET,1399.00,559.60,0,10,0.00,0.00,10,Out of Stock (Margin Loss)
1931,J0124-TP-L,TOP - J0124,TOP,743.00,297.20,0,10,0.00,0.00,15,Out of Stock (Margin Loss)
1932,J0198-TP-L,TOP - J0198,TOP,826.00,330.40,0,10,0.00,0.00,25,Out of Stock (Margin Loss)
1933,SET186-KR-DH-M,SET - SET186,SET,631.00,252.40,0,10,0.00,0.00,36,Out of Stock (Margin Loss)
1934,J0109-SKD-XL,SET - J0109,SET,1299.00,519.60,0,10,0.00,0.00,13,Out of Stock (Margin Loss)
1935,J0328-KR-XL,KURTA - J0328,KURTA,939.00,375.60,0,10,0.00,0.00,7,Out of Stock (Margin Loss)
1936,SET376-KR-NP-M,SET - SET376,SET,657.00,262.80,0,10,0.00,0.00,9,Out of Stock (Margin Loss)
1937,JNE3313-KR-XXL,KURTA - JNE3313,KURTA,582.00,232.80,0,10,0.00,0.00,9,Out of Stock (Margin Loss)
1938,AN212-WHITE-S,BOTTOM - AN212,BOTTOM,312.00,124.80,0,10,0.00,0.00,1,Out of Stock (Margin Loss)
1939,JNE3740-KR-XXL,KURTA - JNE3740,KURTA,319.00,127.60,0,10,0.00,0.00,6,Out of Stock (Margin Loss)
1940,J0120-TP-XXXL,TOP - J0120,TOP,365.00,146.00,0,10,0.00,0.00,13,Out of Stock (Margin Loss)
1941,JNE1408-GREY-KR-UDF19-XL,KURTA - JNE1408,KURTA,376.00,150.40,0,10,0.00,0.00,4,Out of Stock (Margin Loss)
1944,SET203-KR-DPT-XS,SET - SET203,SET,449.00,179.60,0,10,0.00,0.00,21,Out of Stock (Margin Loss)
1945,JNE3771-KR-XS,KURTA - JNE3771,KURTA,346.00,138.40,0,10,0.00,0.00,10,Out of Stock (Margin Loss)
1946,SET203-KR-DPT-XL,SET - SET203,SET,449.00,179.60,0,10,0.00,0.00,48,Out of Stock (Margin Loss)
1947,J0189-TP-M,TOP - J0189,TOP,329.00,131.60,0,10,0.00,0.00,12,Out of Stock (Margin Loss)
1948,J0214-TP-M,TOP - J0214,TOP,495.00,198.00,0,10,0.00,0.00,16,Out of Stock (Margin Loss)
1949,J0386-KR-XS,KURTA - J0386,KURTA,967.00,386.80,0,10,0.00,0.00,4,Out of Stock (Margin Loss)
1950,J0042-DR-XS,WESTERN DRESS - J0042,WESTERN DRESS,634.00,253.60,0,10,0.00,0.00,5,Out of Stock (Margin Loss)
1951,MEN5028-KR-XL,KURTA - MEN5028,KURTA,709.00,283.60,0,10,0.00,0.00,22,Out of Stock (Margin Loss)
1952,JNE3686-TU-L,TOP - JNE3686,TOP,446.00,178.40,0,10,0.00,0.00,16,Out of Stock (Margin Loss)
1953,BL111-L,BLOUSE - BL111,BLOUSE,301.00,120.40,0,10,0.00,0.00,8,Out of Stock (Margin Loss)
1955,JNE3657-TP-XXL,TOP - JNE3657,TOP,347.00,138.80,0,10,0.00,0.00,2,Out of Stock (Margin Loss)
1956,J0202-TP-XXXL,TOP - J0202,TOP,499.00,199.60,0,10,0.00,0.00,7,Out of Stock (Margin Loss)
2005,SET187-KR-DH-M,SET - SET187,SET,699.00,279.60,0,10,0.00,0.00,90,Out of Stock (Margin Loss)
2007,SET249-KR-NP-XXL,SET - SET249,SET,680.00,272.00,0,10,0.00,0.00,7,Out of Stock (Margin Loss)
2008,J0112-TP-XS,TOP - J0112,TOP,359.00,143.60,0,10,0.00,0.00,5,Out of Stock (Margin Loss)
2009,J0077-SKD-XL,SET - J0077,SET,1170.00,468.00,0,10,0.00,0.00,1,Out of Stock (Margin Loss)
2010,MEN5014-KR-L,KURTA - MEN5014,KURTA,665.00,266.00,0,10,0.00,0.00,24,Out of Stock (Margin Loss)
2011,JNE3721-KR-XXXL,KURTA - JNE3721,KURTA,322.00,128.80,0,10,0.00,0.00,10,Out of Stock (Margin Loss)
2012,NW036-ST-SR-XS,SET - NW036,SET,539.00,215.60,0,10,0.00,0.00,3,Out of Stock (Margin Loss)
2013,NW035-ST-CP-XL,SET - NW035,SET,582.00,232.80,0,10,0.00,0.00,1,Out of Stock (Margin Loss)
2014,SET280-KR-PP-XXL,SET - SET280,SET,814.00,325.60,0,10,0.00,0.00,25,Out of Stock (Margin Loss)
2015,SET330-KR-PP-L,SET - SET330,SET,666.00,266.40,0,10,0.00,0.00,13,Out of Stock (Margin Loss)
2016,JNE3503-KR-XXL,KURTA - JNE3503,KURTA,318.00,127.20,0,10,0.00,0.00,2,Out of Stock (Margin Loss)
2017,SET097-KR-PP-XS,SET - SET097,SET,958.00,383.20,0,10,0.00,0.00,1,Out of Stock (Margin Loss)
2018,J0189-TP-XS,TOP - J0189,TOP,317.00,126.80,0,10,0.00,0.00,3,Out of Stock (Margin Loss)
2019,JNE3030-KR-M,KURTA - JNE3030,KURTA,736.00,294.40,0,10,0.00,0.00,16,Out of Stock (Margin Loss)
2020,J0332-DR-M,WESTERN DRESS - J0332,WESTERN DRESS,699.00,279.60,0,10,0.00,0.00,22,Out of Stock (Margin Loss)
2021,MEN5015-KR-XXL,KURTA - MEN5015,KURTA,665.00,266.00,0,10,0.00,0.00,24,Out of Stock (Margin Loss)
2022,J0079-SKD-S,SET - J0079,SET,1556.00,622.40,0,10,0.00,0.00,2,Out of Stock (Margin Loss)
2023,BTM033-NP-XXXL,BOTTOM - BTM033,BOTTOM,301.00,120.40,0,10,0.00,0.00,3,Out of Stock (Margin Loss)
2024,J0391-TP-XXXL,TOP - J0391,TOP,690.00,276.00,0,10,0.00,0.00,2,Out of Stock (Margin Loss)
2026,BL087-L,BLOUSE - BL087,BLOUSE,647.00,258.80,0,10,0.00,0.00,7,Out of Stock (Margin Loss)
2027,JNE3546-KR-L,KURTA - JNE3546,KURTA,487.00,194.80,0,10,0.00,0.00,117,Out of Stock (Margin Loss)
2028,CH204-PURPLE-M,BOTTOM - CH204,BOTTOM,301.00,120.40,0,10,0.00,0.00,2,Out of Stock (Margin Loss)
2031,MEN5031-KR-XL,KURTA - MEN5031,KURTA,714.00,285.60,0,10,0.00,0.00,21,Out of Stock (Margin Loss)
2032,JNE3779-KR-M,KURTA - JNE3779,KURTA,432.00,172.80,0,10,0.00,0.00,3,Out of Stock (Margin Loss)
2033,SET305-KR-DPT-L,SET - SET305,SET,967.00,386.80,0,10,0.00,0.00,21,Out of Stock (Margin Loss)
2034,JNE3420-KR-XXL,KURTA - JNE3420,KURTA,299.00,119.60,0,10,0.00,0.00,11,Out of Stock (Margin Loss)
2035,JNE3780-KR-XXL,KURTA - JNE3780,KURTA,342.00,136.80,0,10,0.00,0.00,3,Out of Stock (Margin Loss)
2036,J0092-SET-XXXL,SET - J0092,SET,1008.00,403.20,0,10,0.00,0.00,16,Out of Stock (Margin Loss)
2037,SET351-KR-NP-XL,SET - SET351,SET,599.00,239.60,0,10,0.00,0.00,25,Out of Stock (Margin Loss)
2038,JNE3674-TU-XXL,TOP - JNE3674,TOP,798.00,319.20,0,10,0.00,0.00,38,Out of Stock (Margin Loss)
2039,JNE3742-KR-XL,KURTA - JNE3742,KURTA,432.00,172.80,0,10,0.00,0.00,12,Out of Stock (Margin Loss)
2041,J0305-DR-XXL,WESTERN DRESS - J0305,WESTERN DRESS,774.00,309.60,0,10,0.00,0.00,6,Out of Stock (Margin Loss)
2042,SET138-KR-PP-M,SET - SET138,SET,803.00,321.20,0,10,0.00,0.00,10,Out of Stock (Margin Loss)
2043,J0008-SKD-XXXL,SET - J0008,SET,1147.00,458.80,0,10,0.00,0.00,45,Out of Stock (Margin Loss)
2044,J0163-SKD-XS,SET - J0163,SET,1186.00,474.40,0,10,0.00,0.00,3,Out of Stock (Margin Loss)
2045,JNE3721-KR-XXL,KURTA - JNE3721,KURTA,329.00,131.60,0,10,0.00,0.00,87,Out of Stock (Margin Loss)
2046,JNE3404-KR-XL,KURTA - JNE3404,KURTA,517.00,206.80,0,10,0.00,0.00,23,Out of Stock (Margin Loss)
2048,JNE3910-KR-S,KURTA - JNE3910,KURTA,736.00,294.40,0,10,0.00,0.00,8,Out of Stock (Margin Loss)
2049,JNE3468-KR-M,KURTA - JNE3468,KURTA,399.00,159.60,0,10,0.00,0.00,97,Out of Stock (Margin Loss)
2050,SET364-KR-NP-M,SET - SET364,SET,1338.00,535.20,0,10,0.00,0.00,37,Out of Stock (Margin Loss)
2051,SET380-KR-NP-XXL,SET - SET380,SET,1186.00,474.40,0,10,0.00,0.00,21,Out of Stock (Margin Loss)
2052,JNE3762-KR-XXL,KURTA - JNE3762,KURTA,329.00,131.60,0,10,0.00,0.00,5,Out of Stock (Margin Loss)
2053,J0284-SKD-XS,SET - J0284,SET,1213.00,485.20,0,10,0.00,0.00,2,Out of Stock (Margin Loss)
2055,BL100-XXL,BLOUSE - BL100,BLOUSE,0.00,0.00,0,10,0.00,0.00,0,Out of Stock (Margin Loss)
2056,JNE3284-KR-S,KURTA - JNE3284,KURTA,324.00,129.60,0,10,0.00,0.00,3,Out of Stock (Margin Loss)
2057,SET413-KR-NP-M,SET - SET413,SET,852.00,340.80,0,10,0.00,0.00,20,Out of Stock (Margin Loss)
2058,JNE3531-KR-XXXL,KURTA - JNE3531,KURTA,329.00,131.60,0,10,0.00,0.00,5,Out of Stock (Margin Loss)
2059,J0179-KR-XS,KURTA - J0179,KURTA,696.00,278.40,0,10,0.00,0.00,4,Out of Stock (Margin Loss)
2060,JNE3637-KR-XXXL,KURTA - JNE3637,KURTA,499.00,199.60,0,10,0.00,0.00,8,Out of Stock (Margin Loss)
2061,BL107-XXL,BLOUSE - BL107,BLOUSE,311.00,124.40,0,10,0.00,0.00,5,Out of Stock (Margin Loss)
2062,J0006-SET-M,ETHNIC DRESS - J0006,ETHNIC DRESS,1174.00,469.60,0,10,0.00,0.00,100,Out of Stock (Margin Loss)
2063,JNE3697-KR-M,KURTA - JNE3697,KURTA,517.00,206.80,0,10,0.00,0.00,61,Out of Stock (Margin Loss)
2064,J0106-KR-L,WESTERN DRESS - J0106,WESTERN DRESS,999.00,399.60,0,10,0.00,0.00,5,Out of Stock (Margin Loss)
2065,J0089-TP-XL,TOP - J0089,TOP,360.00,144.00,0,10,0.00,0.00,9,Out of Stock (Margin Loss)
2067,SAR113,SAREE - SAR113,SAREE,948.00,379.20,0,10,0.00,0.00,1,Out of Stock (Margin Loss)
2068,SET359-KR-NP-XXL,SET - SET359,SET,1099.00,439.60,0,10,0.00,0.00,12,Out of Stock (Margin Loss)
2070,SET348-KR-NP-L,SET - SET348,SET,968.00,387.20,0,10,0.00,0.00,52,Out of Stock (Margin Loss)
2072,SET404-KR-NP-S,SET - SET404,SET,1199.00,479.60,0,10,0.00,0.00,6,Out of Stock (Margin Loss)
2073,JNE3789-KR-XS,KURTA - JNE3789,KURTA,487.00,194.80,0,10,0.00,0.00,8,Out of Stock (Margin Loss)
2074,JNE3030-KR-XXXL,KURTA - JNE3030,KURTA,736.00,294.40,0,10,0.00,0.00,30,Out of Stock (Margin Loss)
2075,SET276-KR-PP-M,SET - SET276,SET,1238.00,495.20,0,10,0.00,0.00,8,Out of Stock (Margin Loss)
2076,JNE3470-KR-L,KURTA - JNE3470,KURTA,329.00,131.60,0,10,0.00,0.00,7,Out of Stock (Margin Loss)
2078,JNE3802-KR-XL,KURTA - JNE3802,KURTA,487.00,194.80,0,10,0.00,0.00,27,Out of Stock (Margin Loss)
2079,SET219-KR-PP-XS,SET - SET219,SET,662.00,264.80,0,10,0.00,0.00,3,Out of Stock (Margin Loss)
2080,SET392-KR-NP-XXXL,SET - SET392,SET,799.00,319.60,0,10,0.00,0.00,21,Out of Stock (Margin Loss)
2081,J0416-DR-XS,WESTERN DRESS - J0416,WESTERN DRESS,825.00,330.00,0,10,0.00,0.00,8,Out of Stock (Margin Loss)
2082,JNE3363-KR-1032-XS,KURTA - JNE3363,KURTA,376.00,150.40,0,10,0.00,0.00,11,Out of Stock (Margin Loss)
2083,JNE3518-KR-XL,KURTA - JNE3518,KURTA,487.00,194.80,0,10,0.00,0.00,61,Out of Stock (Margin Loss)
2084,SET302-KR-PP-XXXL,SET - SET302,SET,939.00,375.60,0,10,0.00,0.00,28,Out of Stock (Margin Loss)
2085,JNE3689-TU-XXL,TOP - JNE3689,TOP,572.00,228.80,0,10,0.00,0.00,14,Out of Stock (Margin Loss)
2086,J0185-DR-S,ETHNIC DRESS - J0185,ETHNIC DRESS,799.00,319.60,0,10,0.00,0.00,10,Out of Stock (Margin Loss)
2087,BL100-XL,BLOUSE - BL100,BLOUSE,301.00,120.40,0,10,0.00,0.00,6,Out of Stock (Margin Loss)
2088,J0330-KR-XXL,KURTA - J0330,KURTA,599.00,239.60,0,10,0.00,0.00,3,Out of Stock (Margin Loss)
2089,NW027-TP-PJ-XXXL,SET - NW027,SET,613.00,245.20,0,10,0.00,0.00,7,Out of Stock (Margin Loss)
2090,J0133-KR-XXL,KURTA - J0133,KURTA,381.00,152.40,0,10,0.00,0.00,8,Out of Stock (Margin Loss)
2092,JNE3749-KR-L,KURTA - JNE3749,KURTA,499.00,199.60,0,10,0.00,0.00,27,Out of Stock (Margin Loss)
2093,SET397-KR-NP-XS,SET - SET397,SET,1129.00,451.60,0,10,0.00,0.00,70,Out of Stock (Margin Loss)
2094,MEN5027-KR-XXL,KURTA - MEN5027,KURTA,625.00,250.00,0,10,0.00,0.00,26,Out of Stock (Margin Loss)
2095,SET197-KR-NP-S,SET - SET197,SET,759.00,303.60,0,10,0.00,0.00,51,Out of Stock (Margin Loss)
2096,SET357-KR-NP-XL,SET - SET357,SET,1149.00,459.60,0,10,0.00,0.00,44,Out of Stock (Margin Loss)
2097,SET433-KR-NP-XS,SET - SET433,SET,666.00,266.40,0,10,0.00,0.00,9,Out of Stock (Margin Loss)
2098,J0178-TP-XL,TOP - J0178,TOP,319.00,127.60,0,10,0.00,0.00,12,Out of Stock (Margin Loss)
2099,J0102-SKD-L,SET - J0102,SET,1186.00,474.40,0,10,0.00,0.00,9,Out of Stock (Margin Loss)
2100,J0122-TP-XS,TOP - J0122,TOP,330.00,132.00,0,10,0.00,0.00,2,Out of Stock (Margin Loss)
2101,JNE3625-DR-XXXL,WESTERN DRESS - JNE3625,WESTERN DRESS,473.00,189.20,0,10,0.00,0.00,5,Out of Stock (Margin Loss)
2102,JNE3500-KR-XXL,KURTA - JNE3500,KURTA,364.00,145.60,0,10,0.00,0.00,31,Out of Stock (Margin Loss)
2103,SET197-KR-NP-M,SET - SET197,SET,759.00,303.60,0,10,0.00,0.00,65,Out of Stock (Margin Loss)
2104,JNE3607-KR-S,KURTA - JNE3607,KURTA,477.00,190.80,0,10,0.00,0.00,4,Out of Stock (Margin Loss)
2105,BTM030-NP-XS,BOTTOM - BTM030,BOTTOM,284.00,113.60,0,10,0.00,0.00,5,Out of Stock (Margin Loss)
2106,SET353-KR-NP-S,SET - SET353,SET,899.00,359.60,0,10,0.00,0.00,13,Out of Stock (Margin Loss)
2107,J0204-TP-XS,TOP - J0204,TOP,751.00,300.40,0,10,0.00,0.00,5,Out of Stock (Margin Loss)
2108,JNE3615-KR-XXXL,KURTA - JNE3615,KURTA,319.00,127.60,0,10,0.00,0.00,9,Out of Stock (Margin Loss)
2109,J0102-SKD-M,SET - J0102,SET,1269.00,507.60,0,10,0.00,0.00,3,Out of Stock (Margin Loss)
2111,JNE3710-DR-S,WESTERN DRESS - JNE3710,WESTERN DRESS,956.00,382.40,0,10,0.00,0.00,43,Out of Stock (Margin Loss)
2112,JNE3461-KR-XXXL,KURTA - JNE3461,KURTA,499.00,199.60,0,10,0.00,0.00,51,Out of Stock (Margin Loss)
2114,SET287-KR-NP-XXL,SET - SET287,SET,666.00,266.40,0,10,0.00,0.00,29,Out of Stock (Margin Loss)
2115,J0201-TP-XXXL,TOP - J0201,TOP,869.00,347.60,0,10,0.00,0.00,19,Out of Stock (Margin Loss)
2117,SET378-KR-NP-M,SET - SET378,SET,1299.00,519.60,0,10,0.00,0.00,17,Out of Stock (Margin Loss)
2118,JNE3715-KR-XXXL,KURTA - JNE3715,KURTA,283.00,113.20,0,10,0.00,0.00,3,Out of Stock (Margin Loss)
2119,JNE3767-KR-M,KURTA - JNE3767,KURTA,487.00,194.80,0,10,0.00,0.00,7,Out of Stock (Margin Loss)
2120,SET331-KR-NP-S,SET - SET331,SET,641.00,256.40,0,10,0.00,0.00,114,Out of Stock (Margin Loss)
2121,JNE3769-KR-XXL,KURTA - JNE3769,KURTA,487.00,194.80,0,10,0.00,0.00,4,Out of Stock (Margin Loss)
2122,SET380-KR-NP-XS,SET - SET380,SET,1186.00,474.40,0,10,0.00,0.00,16,Out of Stock (Margin Loss)
2123,JNE3655-TP-S,TOP - JNE3655,TOP,329.00,131.60,0,10,0.00,0.00,3,Out of Stock (Margin Loss)
2124,MEN5002-KR-XXXL,KURTA - MEN5002,KURTA,709.00,283.60,0,10,0.00,0.00,41,Out of Stock (Margin Loss)
2125,SET083-KR-PP-XXXL,SET - SET083,SET,619.00,247.60,0,10,0.00,0.00,6,Out of Stock (Margin Loss)
2126,J0075-KR-XS,KURTA - J0075,KURTA,359.00,143.60,0,10,0.00,0.00,2,Out of Stock (Margin Loss)
2127,J0145-SET-XXXL,SET - J0145,SET,478.00,191.20,0,10,0.00,0.00,1,Out of Stock (Margin Loss)
2128,JNE3323-KR-S,KURTA - JNE3323,KURTA,264.00,105.60,0,10,0.00,0.00,1,Out of Stock (Margin Loss)
2129,JNE2086-KR-389-S,KURTA - JNE2086,KURTA,699.00,279.60,0,10,0.00,0.00,2,Out of Stock (Margin Loss)
2130,JNE3373-KR-XS,KURTA - JNE3373,KURTA,382.00,152.80,0,10,0.00,0.00,47,Out of Stock (Margin Loss)
2131,JNE3773-KR-XL,KURTA - JNE3773,KURTA,310.00,124.00,0,10,0.00,0.00,5,Out of Stock (Margin Loss)
2132,JNE1977-KR-237-L,KURTA - JNE1977,KURTA,301.00,120.40,0,10,0.00,0.00,20,Out of Stock (Margin Loss)
2133,SET271-KR-NP-M,SET - SET271,SET,885.00,354.00,0,10,0.00,0.00,1,Out of Stock (Margin Loss)
2134,SET352-KR-NP-M,SET - SET352,SET,486.00,194.40,0,10,0.00,0.00,4,Out of Stock (Margin Loss)
2136,J0138-KR-XXL,KURTA - J0138,KURTA,499.00,199.60,0,10,0.00,0.00,13,Out of Stock (Margin Loss)
2138,MEN5013-KR-S,KURTA - MEN5013,KURTA,709.00,283.60,0,10,0.00,0.00,15,Out of Stock (Margin Loss)
2139,SET223-KR-NP-S,SET - SET223,SET,648.00,259.20,0,10,0.00,0.00,17,Out of Stock (Margin Loss)
2140,J0080-TP-L,TOP - J0080,TOP,0.00,0.00,0,10,0.00,0.00,2,Out of Stock (Margin Loss)
2142,JNE3769-KR-XL,KURTA - JNE3769,KURTA,549.00,219.60,0,10,0.00,0.00,10,Out of Stock (Margin Loss)
2143,JNE3416-KR-M,KURTA - JNE3416,KURTA,301.00,120.40,0,10,0.00,0.00,3,Out of Stock (Margin Loss)
2144,J0398-DR-L,WESTERN DRESS - J0398,WESTERN DRESS,885.00,354.00,0,10,0.00,0.00,9,Out of Stock (Margin Loss)
2145,JNE3866-KR-S,KURTA - JNE3866,KURTA,888.00,355.20,0,10,0.00,0.00,2,Out of Stock (Margin Loss)
2148,JNE3781-KR-M,KURTA - JNE3781,KURTA,432.00,172.80,0,10,0.00,0.00,68,Out of Stock (Margin Loss)
2149,J0283-SET-M,SET - J0283,SET,1099.00,439.60,0,10,0.00,0.00,32,Out of Stock (Margin Loss)
2150,SET405-KR-NP-S,SET - SET405,SET,771.00,308.40,0,10,0.00,0.00,22,Out of Stock (Margin Loss)
2151,SET281-KR-PP-XL,SET - SET281,SET,499.00,199.60,0,10,0.00,0.00,25,Out of Stock (Margin Loss)
2152,SET378-KR-NP-S,SET - SET378,SET,1324.00,529.60,0,10,0.00,0.00,32,Out of Stock (Margin Loss)
2153,BL104-S,BLOUSE - BL104,BLOUSE,529.00,211.60,0,10,0.00,0.00,8,Out of Stock (Margin Loss)
2154,JNE3778-KR-L,KURTA - JNE3778,KURTA,459.00,183.60,0,10,0.00,0.00,10,Out of Stock (Margin Loss)
2155,SET062-KR-SP-S,SET - SET062,SET,684.00,273.60,0,10,0.00,0.00,13,Out of Stock (Margin Loss)
2156,JNE3732-KR-XS,KURTA - JNE3732,KURTA,517.00,206.80,0,10,0.00,0.00,7,Out of Stock (Margin Loss)
2157,JNE3468-KR-XXXL,KURTA - JNE3468,KURTA,399.00,159.60,0,10,0.00,0.00,80,Out of Stock (Margin Loss)
2158,J0277-SKD-XXL,SET - J0277,SET,1576.00,630.40,0,10,0.00,0.00,23,Out of Stock (Margin Loss)
2159,J0135-SET-L,SET - J0135,SET,591.00,236.40,0,10,0.00,0.00,31,Out of Stock (Margin Loss)
2160,JNE3473-KR-XS,KURTA - JNE3473,KURTA,487.00,194.80,0,10,0.00,0.00,1,Out of Stock (Margin Loss)
2162,JNE3769-KR-M,KURTA - JNE3769,KURTA,549.00,219.60,0,10,0.00,0.00,11,Out of Stock (Margin Loss)
2163,JNE3252-KR-XXXL,KURTA - JNE3252,KURTA,479.00,191.60,0,10,0.00,0.00,23,Out of Stock (Margin Loss)
2164,JNE3753-KR-S,KURTA - JNE3753,KURTA,475.00,190.00,0,10,0.00,0.00,7,Out of Stock (Margin Loss)
2165,J0085-TP-L,TOP - J0085,TOP,346.00,138.40,0,10,0.00,0.00,1,Out of Stock (Margin Loss)
2166,JNE3795-KR-M,KURTA - JNE3795,KURTA,517.00,206.80,0,10,0.00,0.00,18,Out of Stock (Margin Loss)
2167,JNE2113-KR-381-S,KURTA - JNE2113,KURTA,499.00,199.60,0,10,0.00,0.00,5,Out of Stock (Margin Loss)
2168,JNE3425-KR-XL,KURTA - JNE3425,KURTA,356.00,142.40,0,10,0.00,0.00,4,Out of Stock (Margin Loss)
2169,BL109-XXL,BLOUSE - BL109,BLOUSE,518.00,207.20,0,10,0.00,0.00,5,Out of Stock (Margin Loss)
2170,SET179-KR-PP-XL,SET - SET179,SET,496.00,198.40,0,10,0.00,0.00,1,Out of Stock (Margin Loss)
2171,SET262-KR-NP-M,SET - SET262,SET,633.00,253.20,0,10,0.00,0.00,28,Out of Stock (Margin Loss)
2172,SET048-KR-NP-L,SET - SET048,SET,648.00,259.20,0,10,0.00,0.00,18,Out of Stock (Margin Loss)
2173,SET405-KR-NP-XS,SET - SET405,SET,771.00,308.40,0,10,0.00,0.00,20,Out of Stock (Margin Loss)
2174,SET239-KR-NP-XXXL,SET - SET239,SET,693.00,277.20,0,10,0.00,0.00,15,Out of Stock (Margin Loss)
2175,J0179-KR-L,KURTA - J0179,KURTA,696.00,278.40,0,10,0.00,0.00,26,Out of Stock (Margin Loss)
2176,SET258-KR-PP-XXXL,SET - SET258,SET,881.00,352.40,0,10,0.00,0.00,5,Out of Stock (Margin Loss)
2177,JNE3793-KR-M,KURTA - JNE3793,KURTA,368.00,147.20,0,10,0.00,0.00,33,Out of Stock (Margin Loss)
2178,JNE3741-KR-S,KURTA - JNE3741,KURTA,459.00,183.60,0,10,0.00,0.00,10,Out of Stock (Margin Loss)
2179,JNE3564-KR-L,KURTA - JNE3564,KURTA,549.00,219.60,0,10,0.00,0.00,34,Out of Stock (Margin Loss)
2180,J0225-SKD-S,SET - J0225,SET,1284.00,513.60,0,10,0.00,0.00,11,Out of Stock (Margin Loss)
2181,JNE3629-KR-XS,KURTA - JNE3629,KURTA,499.00,199.60,0,10,0.00,0.00,2,Out of Stock (Margin Loss)
2183,J0122-TP-XXXL,TOP - J0122,TOP,417.00,166.80,0,10,0.00,0.00,40,Out of Stock (Margin Loss)
2184,JNE3270-KR-S,KURTA - JNE3270,KURTA,376.00,150.40,0,10,0.00,0.00,5,Out of Stock (Margin Loss)
2185,JNE3887-KR-M,KURTA - JNE3887,KURTA,526.00,210.40,0,10,0.00,0.00,21,Out of Stock (Margin Loss)
2186,SET366-KR-NP-XL,SET - SET366,SET,1438.00,575.20,0,10,0.00,0.00,6,Out of Stock (Margin Loss)
2187,SET329-KR-NP-M,SET - SET329,SET,666.00,266.40,0,10,0.00,0.00,44,Out of Stock (Margin Loss)
2189,J0400-DR-XS,WESTERN DRESS - J0400,WESTERN DRESS,859.00,343.60,0,10,0.00,0.00,7,Out of Stock (Margin Loss)
2190,BTM031-NP-L,BOTTOM - BTM031,BOTTOM,518.00,207.20,0,10,0.00,0.00,14,Out of Stock (Margin Loss)
2191,NW016-ST-SR-XL,SET - NW016,SET,560.00,224.00,0,10,0.00,0.00,15,Out of Stock (Margin Loss)
2193,J0350-SET-L,SET - J0350,SET,477.00,190.80,0,10,0.00,0.00,9,Out of Stock (Margin Loss)
2194,JNE3571-KR-XL,KURTA - JNE3571,KURTA,549.00,219.60,0,10,0.00,0.00,28,Out of Stock (Margin Loss)
2195,J0112-TP-S,TOP - J0112,TOP,354.00,141.60,0,10,0.00,0.00,6,Out of Stock (Margin Loss)
2196,JNE3862-TU-XXL,TOP - JNE3862,TOP,599.00,239.60,0,10,0.00,0.00,2,Out of Stock (Margin Loss)
2197,J0048-TP-XL,TOP - J0048,TOP,339.00,135.60,0,10,0.00,0.00,4,Out of Stock (Margin Loss)
2198,CH202-ORANGE-L,BOTTOM - CH202,BOTTOM,301.00,120.40,0,10,0.00,0.00,4,Out of Stock (Margin Loss)
2223,J0001-DR-M,ETHNIC DRESS - J0001,ETHNIC DRESS,690.00,276.00,0,10,0.00,0.00,8,Out of Stock (Margin Loss)
2224,SET295-KR-NP-S,SET - SET295,SET,799.00,319.60,0,10,0.00,0.00,21,Out of Stock (Margin Loss)
2225,JNE3030-KR-L,KURTA - JNE3030,KURTA,736.00,294.40,0,10,0.00,0.00,18,Out of Stock (Margin Loss)
2226,JNE3674-TU-XL,TOP - JNE3674,TOP,574.00,229.60,0,10,0.00,0.00,38,Out of Stock (Margin Loss)
2227,SET282-KR-PP-XL,SET - SET282,SET,1099.00,439.60,0,10,0.00,0.00,37,Out of Stock (Margin Loss)
2228,SET364-KR-NP-XL,SET - SET364,SET,1338.00,535.20,0,10,0.00,0.00,27,Out of Stock (Margin Loss)
2230,JNE3532-KR-S,KURTA - JNE3532,KURTA,359.00,143.60,0,10,0.00,0.00,0,Out of Stock (Margin Loss)
2231,J0331-KR-XS,KURTA - J0331,KURTA,832.00,332.80,0,10,0.00,0.00,1,Out of Stock (Margin Loss)
2232,SET264-KR-NP-XXXL,SET - SET264,SET,824.00,329.60,0,10,0.00,0.00,40,Out of Stock (Margin Loss)
2233,NW014-ST-SR-L,SET - NW014,SET,560.00,224.00,0,10,0.00,0.00,23,Out of Stock (Margin Loss)
2235,JNE3856-KR-XS,KURTA - JNE3856,KURTA,666.00,266.40,0,10,0.00,0.00,6,Out of Stock (Margin Loss)
2236,J0375-SKD-L,SET - J0375,SET,1099.00,439.60,0,10,0.00,0.00,7,Out of Stock (Margin Loss)
2237,JNE3891-TP-XXXL,TOP - JNE3891,TOP,621.00,248.40,0,10,0.00,0.00,2,Out of Stock (Margin Loss)
2238,JNE3895-TP-XL,TOP - JNE3895,TOP,648.00,259.20,0,10,0.00,0.00,4,Out of Stock (Margin Loss)
2239,JNE3802-KR-XXXL,KURTA - JNE3802,KURTA,487.00,194.80,0,10,0.00,0.00,10,Out of Stock (Margin Loss)
2241,J0277-SKD-XL,SET - J0277,SET,1556.00,622.40,0,10,0.00,0.00,63,Out of Stock (Margin Loss)
2242,JNE3539-KR-M,KURTA - JNE3539,KURTA,329.00,131.60,0,10,0.00,0.00,8,Out of Stock (Margin Loss)
2243,JNE3805-KR-L,KURTA - JNE3805,KURTA,487.00,194.80,0,10,0.00,0.00,51,Out of Stock (Margin Loss)
2244,SET320-KR-NP-XXL,SET - SET320,SET,911.00,364.40,0,10,0.00,0.00,20,Out of Stock (Margin Loss)
2245,MEN5013-KR-XL,KURTA - MEN5013,KURTA,709.00,283.60,0,10,0.00,0.00,27,Out of Stock (Margin Loss)
2246,J0007-SKD-XXL,SET - J0007,SET,1133.00,453.20,0,10,0.00,0.00,18,Out of Stock (Margin Loss)
2247,J0300-TP-XXXL,TOP - J0300,TOP,351.00,140.40,0,10,0.00,0.00,14,Out of Stock (Margin Loss)
2248,MEN5009-KR-XXL,KURTA - MEN5009,KURTA,709.00,283.60,0,10,0.00,0.00,43,Out of Stock (Margin Loss)
2249,J0337-TP-M,TOP - J0337,TOP,726.00,290.40,0,10,0.00,0.00,28,Out of Stock (Margin Loss)
2250,J0355-KR-S,KURTA - J0355,KURTA,635.00,254.00,0,10,0.00,0.00,18,Out of Stock (Margin Loss)
2252,J0087-TP-XXL,TOP - J0087,TOP,329.00,131.60,0,10,0.00,0.00,5,Out of Stock (Margin Loss)
2253,J0042-DR-L,WESTERN DRESS - J0042,WESTERN DRESS,657.00,262.80,0,10,0.00,0.00,4,Out of Stock (Margin Loss)
2255,SET143-KR-PP-S,SET - SET143,SET,517.00,206.80,0,10,0.00,0.00,1,Out of Stock (Margin Loss)
2256,J0348-SET-XS,SET - J0348,SET,519.00,207.60,0,10,0.00,0.00,10,Out of Stock (Margin Loss)
2257,SET369-KR-NP-XXXL,SET - SET369,SET,1399.00,559.60,0,10,0.00,0.00,15,Out of Stock (Margin Loss)
2259,J0098-TP-XS,TOP - J0098,TOP,426.00,170.40,0,10,0.00,0.00,7,Out of Stock (Margin Loss)
2260,JNE3715-KR-S,KURTA - JNE3715,KURTA,283.00,113.20,0,10,0.00,0.00,5,Out of Stock (Margin Loss)
2261,JNE3334-KR-XXL,KURTA - JNE3334,KURTA,330.00,132.00,0,10,0.00,0.00,39,Out of Stock (Margin Loss)
2262,SET330-KR-PP-S,SET - SET330,SET,666.00,266.40,0,10,0.00,0.00,22,Out of Stock (Margin Loss)
2263,J0282-SET-XS,SET - J0282,SET,999.00,399.60,0,10,0.00,0.00,2,Out of Stock (Margin Loss)
2264,SET346-KR-PP-XS,SET - SET346,SET,911.00,364.40,0,10,0.00,0.00,3,Out of Stock (Margin Loss)
2266,JNE3456-KR-XS,KURTA - JNE3456,KURTA,301.00,120.40,0,10,0.00,0.00,8,Out of Stock (Margin Loss)
2268,JNE3574-KR-L,KURTA - JNE3574,KURTA,319.00,127.60,0,10,0.00,0.00,28,Out of Stock (Margin Loss)
4576,JNE3424-KR-M,KURTA - JNE3424,KURTA,301.00,120.40,0,10,0.00,0.00,1,Out of Stock (Margin Loss)
4577,J0351-SET-XXXL,SET - J0351,SET,832.00,332.80,0,10,0.00,0.00,16,Out of Stock (Margin Loss)
4578,JNE3607-KR-XS,KURTA - JNE3607,KURTA,477.00,190.80,0,10,0.00,0.00,8,Out of Stock (Margin Loss)
4579,J0005-DR-XXL,WESTERN DRESS - J0005,WESTERN DRESS,1249.00,499.60,0,10,0.00,0.00,44,Out of Stock (Margin Loss)
4580,J0134-SET-S,SET - J0134,SET,729.00,291.60,0,10,0.00,0.00,22,Out of Stock (Margin Loss)
4581,J0014-LCD-XS,SET - J0014,SET,1648.00,659.20,0,10,0.00,0.00,16,Out of Stock (Margin Loss)
4582,JNE3603-KR-M,KURTA - JNE3603,KURTA,301.00,120.40,0,10,0.00,0.00,11,Out of Stock (Margin Loss)
4583,J0377-SKD-XXL,SET - J0377,SET,1099.00,439.60,0,10,0.00,0.00,19,Out of Stock (Margin Loss)
4584,JNE3777-KR-S,KURTA - JNE3777,KURTA,324.00,129.60,0,10,0.00,0.00,4,Out of Stock (Margin Loss)
4585,J0220-BL-M,BLOUSE - J0220,BLOUSE,869.00,347.60,0,10,0.00,0.00,10,Out of Stock (Margin Loss)
4586,JNE3636-KR-L,KURTA - JNE3636,KURTA,459.00,183.60,0,10,0.00,0.00,23,Out of Stock (Margin Loss)
4587,J0129-SET-S,SET - J0129,SET,733.00,293.20,0,10,0.00,0.00,16,Out of Stock (Margin Loss)
4588,SET340-KR-NP-XS,SET - SET340,SET,799.00,319.60,0,10,0.00,0.00,21,Out of Stock (Margin Loss)
4589,J0112-TP-XXL,TOP - J0112,TOP,359.00,143.60,0,10,0.00,0.00,10,Out of Stock (Margin Loss)
4590,J0293-DR-S,WESTERN DRESS - J0293,WESTERN DRESS,472.00,188.80,0,10,0.00,0.00,9,Out of Stock (Margin Loss)
4591,J0339-DR-XXL,WESTERN DRESS - J0339,WESTERN DRESS,1099.00,439.60,0,10,0.00,0.00,105,Out of Stock (Margin Loss)
4592,SET377-KR-NP-XS,SET - SET377,SET,1238.00,495.20,0,10,0.00,0.00,36,Out of Stock (Margin Loss)
4593,J0212-DR-S,ETHNIC DRESS - J0212,ETHNIC DRESS,1099.00,439.60,0,10,0.00,0.00,8,Out of Stock (Margin Loss)
4594,J0014-LCD-XXL,SET - J0014,SET,1648.00,659.20,0,10,0.00,0.00,11,Out of Stock (Margin Loss)
4595,JNE3718-KR-XXL,KURTA - JNE3718,KURTA,487.00,194.80,0,10,0.00,0.00,52,Out of Stock (Margin Loss)
4596,MEN5008-KR-XXL,KURTA - MEN5008,KURTA,709.00,283.60,0,10,0.00,0.00,24,Out of Stock (Margin Loss)
4597,NW020-ST-SR-L,SET - NW020,SET,525.00,210.00,0,10,0.00,0.00,26,Out of Stock (Margin Loss)
4598,JNE3609-KR-S,KURTA - JNE3609,KURTA,568.00,227.20,0,10,0.00,0.00,12,Out of Stock (Margin Loss)
4600,J0011-LCD-XXXL,SET - J0011,SET,1695.00,678.00,0,10,0.00,0.00,10,Out of Stock (Margin Loss)
4601,SET257-KR-PP-XXL,SET - SET257,SET,568.00,227.20,0,10,0.00,0.00,4,Out of Stock (Margin Loss)
4602,SAR096,SAREE - SAR096,SAREE,648.00,259.20,0,10,0.00,0.00,1,Out of Stock (Margin Loss)
4603,J0385-KR-XXL,KURTA - J0385,KURTA,1249.00,499.60,0,10,0.00,0.00,8,Out of Stock (Margin Loss)
4604,SET236-KR-PP-XL,SET - SET236,SET,788.00,315.20,0,10,0.00,0.00,22,Out of Stock (Margin Loss)
4605,SET353-KR-NP-M,SET - SET353,SET,888.00,355.20,0,10,0.00,0.00,2,Out of Stock (Margin Loss)
4606,J0079-SKD-XXXL,SET - J0079,SET,1556.00,622.40,0,10,0.00,0.00,3,Out of Stock (Margin Loss)
4607,J0081-DR-S,WESTERN DRESS - J0081,WESTERN DRESS,658.00,263.20,0,10,0.00,0.00,14,Out of Stock (Margin Loss)
4608,SET251-KR-PP-XS,SET - SET251,SET,759.00,303.60,0,10,0.00,0.00,30,Out of Stock (Margin Loss)
4609,J0291-JS-XXXL,SET - J0291,SET,859.00,343.60,0,10,0.00,0.00,1,Out of Stock (Margin Loss)
4611,J0331-KR-L,KURTA - J0331,KURTA,859.00,343.60,0,10,0.00,0.00,9,Out of Stock (Margin Loss)
4612,J0292-TP-XXXL,TOP - J0292,TOP,360.00,144.00,0,10,0.00,0.00,7,Out of Stock (Margin Loss)
4613,MEN5031-KR-XXXL,KURTA - MEN5031,KURTA,714.00,285.60,0,10,0.00,0.00,16,Out of Stock (Margin Loss)
4614,JNE3695-KR-S,KURTA - JNE3695,KURTA,301.00,120.40,0,10,0.00,0.00,2,Out of Stock (Margin Loss)
4616,J0111-TP-XS,TOP - J0111,TOP,423.00,169.20,0,10,0.00,0.00,5,Out of Stock (Margin Loss)
4617,SET236-KR-PP-L,SET - SET236,SET,788.00,315.20,0,10,0.00,0.00,31,Out of Stock (Margin Loss)
4618,J0012-SKD-XXL,SET - J0012,SET,1199.00,479.60,0,10,0.00,0.00,76,Out of Stock (Margin Loss)
4619,J0202-TP-XXL,TOP - J0202,TOP,618.00,247.20,0,10,0.00,0.00,19,Out of Stock (Margin Loss)
4620,J0280-SKD-XXL,SET - J0280,SET,1576.00,630.40,0,10,0.00,0.00,20,Out of Stock (Margin Loss)
4621,JNE3522-KR-L,KURTA - JNE3522,KURTA,342.00,136.80,0,10,0.00,0.00,39,Out of Stock (Margin Loss)
4622,BL093-S,BLOUSE - BL093,BLOUSE,273.00,109.20,0,10,0.00,0.00,5,Out of Stock (Margin Loss)
4623,JNE3503-KR-XXXL,KURTA - JNE3503,KURTA,318.00,127.20,0,10,0.00,0.00,8,Out of Stock (Margin Loss)
4624,SET144-KR-NP-L,SET - SET144,SET,788.00,315.20,0,10,0.00,0.00,69,Out of Stock (Margin Loss)
4625,J0153-DR-XS,WESTERN DRESS - J0153,WESTERN DRESS,443.00,177.20,0,10,0.00,0.00,10,Out of Stock (Margin Loss)
4626,JNE3779-KR-S,KURTA - JNE3779,KURTA,427.00,170.80,0,10,0.00,0.00,3,Out of Stock (Margin Loss)
4627,SET274-KR-PP-L,SET - SET274,SET,676.00,270.40,0,10,0.00,0.00,1,Out of Stock (Margin Loss)
4628,JNE3721-KR-L,KURTA - JNE3721,KURTA,329.00,131.60,0,10,0.00,0.00,123,Out of Stock (Margin Loss)
4629,J0335-DR-L,WESTERN DRESS - J0335,WESTERN DRESS,1294.00,517.60,0,10,0.00,0.00,144,Out of Stock (Margin Loss)
4630,JNE3423-KR-S,KURTA - JNE3423,KURTA,435.00,174.00,0,10,0.00,0.00,32,Out of Stock (Margin Loss)
4631,J0377-SKD-L,SET - J0377,SET,1099.00,439.60,0,10,0.00,0.00,21,Out of Stock (Margin Loss)
4632,J0120-TP-XL,TOP - J0120,TOP,365.00,146.00,0,10,0.00,0.00,12,Out of Stock (Margin Loss)
4634,SET179-KR-PP-L,SET - SET179,SET,496.00,198.40,0,10,0.00,0.00,2,Out of Stock (Margin Loss)
4635,JNE3886-KR-M,KURTA - JNE3886,KURTA,526.00,210.40,0,10,0.00,0.00,1,Out of Stock (Margin Loss)
4637,J0097-KR-XXL,KURTA - J0097,KURTA,568.00,227.20,0,10,0.00,0.00,38,Out of Stock (Margin Loss)
4638,SET392-KR-NP-M,SET - SET392,SET,799.00,319.60,0,10,0.00,0.00,122,Out of Stock (Margin Loss)
4639,SET254-KR-NP-S,SET - SET254,SET,886.00,354.40,0,10,0.00,0.00,12,Out of Stock (Margin Loss)
4640,NW039-TP-SR-M,SET - NW039,SET,499.00,199.60,0,10,0.00,0.00,13,Out of Stock (Margin Loss)
4641,JNE3820-KR-XS,KURTA - JNE3820,KURTA,499.00,199.60,0,10,0.00,0.00,3,Out of Stock (Margin Loss)
4642,BL102-XS,BLOUSE - BL102,BLOUSE,259.00,103.60,0,10,0.00,0.00,1,Out of Stock (Margin Loss)
4643,JNE3687-TU-XXL,TOP - JNE3687,TOP,549.00,219.60,0,10,0.00,0.00,26,Out of Stock (Margin Loss)
4644,JNE3693-KR-M,KURTA - JNE3693,KURTA,319.00,127.60,0,10,0.00,0.00,7,Out of Stock (Margin Loss)
4645,J0198-TP-XXXL,TOP - J0198,TOP,826.00,330.40,0,10,0.00,0.00,21,Out of Stock (Margin Loss)
4647,SET433-KR-NP-S,SET - SET433,SET,666.00,266.40,0,10,0.00,0.00,10,Out of Stock (Margin Loss)
4648,JNE3666-TP-XXL,TOP - JNE3666,TOP,301.00,120.40,0,10,0.00,0.00,7,Out of Stock (Margin Loss)
4649,JNE3818-KR-XS,KURTA - JNE3818,KURTA,499.00,199.60,0,10,0.00,0.00,3,Out of Stock (Margin Loss)
4650,SET338-KR-NP-L,SET - SET338,SET,1186.00,474.40,0,10,0.00,0.00,2,Out of Stock (Margin Loss)
4651,J0184-KR-XXXL,KURTA - J0184,KURTA,405.00,162.00,0,10,0.00,0.00,4,Out of Stock (Margin Loss)
4652,JNE3866-KR-XS,KURTA - JNE3866,KURTA,753.00,301.20,0,10,0.00,0.00,2,Out of Stock (Margin Loss)
4654,SET288-KR-NP-XL,SET - SET288,SET,698.00,279.20,0,10,0.00,0.00,41,Out of Stock (Margin Loss)
4655,JNE3633-KR-M,KURTA - JNE3633,KURTA,459.00,183.60,0,10,0.00,0.00,26,Out of Stock (Margin Loss)
4656,BL104-XL,BLOUSE - BL104,BLOUSE,0.00,0.00,0,10,0.00,0.00,8,Out of Stock (Margin Loss)
4657,JNE3530-KR-XXXL,KURTA - JNE3530,KURTA,356.00,142.40,0,10,0.00,0.00,4,Out of Stock (Margin Loss)
4658,J0294-TP-XL,TOP - J0294,TOP,396.00,158.40,0,10,0.00,0.00,7,Out of Stock (Margin Loss)
4659,JNE3909-KR-XXL,KURTA - JNE3909,KURTA,696.00,278.40,0,10,0.00,0.00,1,Out of Stock (Margin Loss)
4660,J0291-JS-L,SET - J0291,SET,1196.00,478.40,0,10,0.00,0.00,3,Out of Stock (Margin Loss)
4661,SET295-KR-NP-XL,SET - SET295,SET,751.00,300.40,0,10,0.00,0.00,24,Out of Stock (Margin Loss)
4662,SET343-KR-NP-XL,SET - SET343,SET,916.00,366.40,0,10,0.00,0.00,35,Out of Stock (Margin Loss)
4663,JNE3768-KR-S,KURTA - JNE3768,KURTA,487.00,194.80,0,10,0.00,0.00,8,Out of Stock (Margin Loss)
4664,J0173-DR-S,WESTERN DRESS - J0173,WESTERN DRESS,436.00,174.40,0,10,0.00,0.00,4,Out of Stock (Margin Loss)
4665,JNE3881-DR-XXL,WESTERN DRESS - JNE3881,WESTERN DRESS,825.00,330.00,0,10,0.00,0.00,10,Out of Stock (Margin Loss)
4666,JNE3658-TP-XL,TOP - JNE3658,TOP,446.00,178.40,0,10,0.00,0.00,7,Out of Stock (Margin Loss)
4667,J0100-DR-XXXL,WESTERN DRESS - J0100,WESTERN DRESS,1499.00,599.60,0,10,0.00,0.00,2,Out of Stock (Margin Loss)
4668,J0161-DR-XXL,WESTERN DRESS - J0161,WESTERN DRESS,473.00,189.20,0,10,0.00,0.00,8,Out of Stock (Margin Loss)
4669,JNE3788-KR-L,KURTA - JNE3788,KURTA,0.00,0.00,0,10,0.00,0.00,5,Out of Stock (Margin Loss)
4670,SET313-KR-NP-L,SET - SET313,SET,1199.00,479.60,0,10,0.00,0.00,9,Out of Stock (Margin Loss)
4671,NW037-TP-SR-XS,SET - NW037,SET,450.00,180.00,0,10,0.00,0.00,9,Out of Stock (Margin Loss)
4672,JNE3560-KR-XXXL,KURTA - JNE3560,KURTA,544.00,217.60,0,10,0.00,0.00,45,Out of Stock (Margin Loss)
4673,J0203-TP-XXXL,TOP - J0203,TOP,568.00,227.20,0,10,0.00,0.00,11,Out of Stock (Margin Loss)
4674,JNE3443-KR-XL,KURTA - JNE3443,KURTA,487.00,194.80,0,10,0.00,0.00,8,Out of Stock (Margin Loss)
4675,SET220-KR-PP-L,SET - SET220,SET,1199.00,479.60,0,10,0.00,0.00,27,Out of Stock (Margin Loss)
4676,SET218-KR-NP-XXXL,SET - SET218,SET,729.00,291.60,0,10,0.00,0.00,7,Out of Stock (Margin Loss)
4677,SET404-KR-NP-XL,SET - SET404,SET,1199.00,479.60,0,10,0.00,0.00,5,Out of Stock (Margin Loss)
4678,SET273-KR-NP-S,SET - SET273,SET,612.00,244.80,0,10,0.00,0.00,130,Out of Stock (Margin Loss)
4679,JNE3294-KR-XS,KURTA - JNE3294,KURTA,432.00,172.80,0,10,0.00,0.00,12,Out of Stock (Margin Loss)
4680,J0224-SKD-XXL,SET - J0224,SET,1593.00,637.20,0,10,0.00,0.00,7,Out of Stock (Margin Loss)
4681,JNE3752-KR-XXL,KURTA - JNE3752,KURTA,362.00,144.80,0,10,0.00,0.00,3,Out of Stock (Margin Loss)
4682,J0244-SKD-XXL,SET - J0244,SET,1238.00,495.20,0,10,0.00,0.00,13,Out of Stock (Margin Loss)
4683,SET397-KR-NP-XL,SET - SET397,SET,1186.00,474.40,0,10,0.00,0.00,76,Out of Stock (Margin Loss)
4684,JNE3805-KR-S,KURTA - JNE3805,KURTA,487.00,194.80,0,10,0.00,0.00,23,Out of Stock (Margin Loss)
4685,SET348-KR-NP-XXXL,SET - SET348,SET,968.00,387.20,0,10,0.00,0.00,28,Out of Stock (Margin Loss)
4686,SET374-KR-NP-XXL,SET - SET374,SET,729.00,291.60,0,10,0.00,0.00,83,Out of Stock (Margin Loss)
4687,MEN5008-KR-XL,KURTA - MEN5008,KURTA,709.00,283.60,0,10,0.00,0.00,29,Out of Stock (Margin Loss)
4688,SET267-KR-NP-M,SET - SET267,SET,852.00,340.80,0,10,0.00,0.00,19,Out of Stock (Margin Loss)
4689,JNE3821-KR-XS,KURTA - JNE3821,KURTA,526.00,210.40,0,10,0.00,0.00,5,Out of Stock (Margin Loss)
4690,SET238-KR-PP-XXL,SET - SET238,SET,457.00,182.80,0,10,0.00,0.00,5,Out of Stock (Margin Loss)
4692,JNE2251-KR-537-XS,KURTA - JNE2251,KURTA,429.00,171.60,0,10,0.00,0.00,2,Out of Stock (Margin Loss)
4693,SET226-KR-PP-XXL,SET - SET226,SET,799.00,319.60,0,10,0.00,0.00,13,Out of Stock (Margin Loss)
4694,J0131-KR-S,KURTA - J0131,KURTA,345.00,138.00,0,10,0.00,0.00,7,Out of Stock (Margin Loss)
4695,JNE3736-KR-XXXL,KURTA - JNE3736,KURTA,421.00,168.40,0,10,0.00,0.00,6,Out of Stock (Margin Loss)
4696,J0145-SET-XXL,SET - J0145,SET,511.00,204.40,0,10,0.00,0.00,5,Out of Stock (Margin Loss)
4697,J0355-KR-L,KURTA - J0355,KURTA,635.00,254.00,0,10,0.00,0.00,42,Out of Stock (Margin Loss)
4698,JNE3708-TU-XS,TOP - JNE3708,TOP,987.00,394.80,0,10,0.00,0.00,14,Out of Stock (Margin Loss)
4699,J0002-SKD-XXL,SET - J0002,SET,1186.00,474.40,0,10,0.00,0.00,45,Out of Stock (Margin Loss)
4700,J0281-SKD-XL,SET - J0281,SET,1477.00,590.80,0,10,0.00,0.00,40,Out of Stock (Margin Loss)
4701,JNE3563-KR-L,KURTA - JNE3563,KURTA,476.00,190.40,0,10,0.00,0.00,9,Out of Stock (Margin Loss)
4702,JNE3673-TU-XL,TOP - JNE3673,TOP,599.00,239.60,0,10,0.00,0.00,20,Out of Stock (Margin Loss)
4703,AN211-BLACK-XL,BOTTOM - AN211,BOTTOM,301.00,120.40,0,10,0.00,0.00,1,Out of Stock (Margin Loss)
4704,BTM041-PP-S,BOTTOM - BTM041,BOTTOM,345.00,138.00,0,10,0.00,0.00,2,Out of Stock (Margin Loss)
4705,JNE3265-KR-S,KURTA - JNE3265,KURTA,329.00,131.60,0,10,0.00,0.00,7,Out of Stock (Margin Loss)
4707,JNE3601-KR-XXL,KURTA - JNE3601,KURTA,301.00,120.40,0,10,0.00,0.00,11,Out of Stock (Margin Loss)
4708,J0185-DR-M,ETHNIC DRESS - J0185,ETHNIC DRESS,766.00,306.40,0,10,0.00,0.00,8,Out of Stock (Margin Loss)
4710,JNE3609-KR-XXL,KURTA - JNE3609,KURTA,568.00,227.20,0,10,0.00,0.00,32,Out of Stock (Margin Loss)
4711,SET325-KR-NP-XXXL,SET - SET325,SET,666.00,266.40,0,10,0.00,0.00,8,Out of Stock (Margin Loss)
4713,J0176-TP-M,TOP - J0176,TOP,387.00,154.80,0,10,0.00,0.00,18,Out of Stock (Margin Loss)
4714,SET279-LC-XL,SET - SET279,SET,888.00,355.20,0,10,0.00,0.00,18,Out of Stock (Margin Loss)
4716,AN201-RED-M,BOTTOM - AN201,BOTTOM,229.00,91.60,0,10,0.00,0.00,2,Out of Stock (Margin Loss)
4717,JNE3820-KR-L,KURTA - JNE3820,KURTA,549.00,219.60,0,10,0.00,0.00,8,Out of Stock (Margin Loss)
4719,SET221-KR-NP-XL,SET - SET221,SET,699.00,279.60,0,10,0.00,0.00,15,Out of Stock (Margin Loss)
4720,BTM032-NP-M,BOTTOM - BTM032,BOTTOM,0.00,0.00,0,10,0.00,0.00,0,Out of Stock (Margin Loss)
3212,JNE3778-KR-XL,KURTA - JNE3778,KURTA,459.00,183.60,0,10,0.00,0.00,14,Out of Stock (Margin Loss)
3213,JNE3608-KR-XXL,KURTA - JNE3608,KURTA,362.00,144.80,0,10,0.00,0.00,8,Out of Stock (Margin Loss)
3214,MEN5017-KR-XL,KURTA - MEN5017,KURTA,759.00,303.60,0,10,0.00,0.00,28,Out of Stock (Margin Loss)
3215,J0389-TP-M,TOP - J0389,TOP,929.00,371.60,0,10,0.00,0.00,7,Out of Stock (Margin Loss)
3216,JNE3835-KR-XS,KURTA - JNE3835,KURTA,666.00,266.40,0,10,0.00,0.00,11,Out of Stock (Margin Loss)
3217,JNE3359-KR-L,KURTA - JNE3359,KURTA,390.00,156.00,0,10,0.00,0.00,5,Out of Stock (Margin Loss)
3218,JNE3376-KR-XXXL,KURTA - JNE3376,KURTA,432.00,172.80,0,10,0.00,0.00,14,Out of Stock (Margin Loss)
3219,JNE3635-KR-XXXL,KURTA - JNE3635,KURTA,355.00,142.00,0,10,0.00,0.00,14,Out of Stock (Margin Loss)
3220,SAR026,SAREE - SAR026,SAREE,790.00,316.00,0,10,0.00,0.00,1,Out of Stock (Margin Loss)
3221,J0414-DR-XS,WESTERN DRESS - J0414,WESTERN DRESS,885.00,354.00,0,10,0.00,0.00,3,Out of Stock (Margin Loss)
3222,SET199-KR-NP-M,SET - SET199,SET,587.00,234.80,0,10,0.00,0.00,20,Out of Stock (Margin Loss)
3223,JNE3450-KR-XL,KURTA - JNE3450,KURTA,531.00,212.40,0,10,0.00,0.00,1,Out of Stock (Margin Loss)
3224,JNE3885-KR-S,KURTA - JNE3885,KURTA,590.00,236.00,0,10,0.00,0.00,1,Out of Stock (Margin Loss)
3225,JNE3481-KR-S,KURTA - JNE3481,KURTA,301.00,120.40,0,10,0.00,0.00,3,Out of Stock (Margin Loss)
3226,SET355-KR-PP-XXL,SET - SET355,SET,1426.00,570.40,0,10,0.00,0.00,25,Out of Stock (Margin Loss)
3227,JNE2171-KR-437-S,KURTA - JNE2171,KURTA,524.00,209.60,0,10,0.00,0.00,29,Out of Stock (Margin Loss)
3228,J0090-TP-M,TOP - J0090,TOP,563.00,225.20,0,10,0.00,0.00,17,Out of Stock (Margin Loss)
3229,JNE3542-KR-XL,KURTA - JNE3542,KURTA,333.00,133.20,0,10,0.00,0.00,7,Out of Stock (Margin Loss)
3230,JNE3678-TU-XXL,TOP - JNE3678,TOP,545.00,218.00,0,10,0.00,0.00,23,Out of Stock (Margin Loss)
3231,JNE3528-KR-M,KURTA - JNE3528,KURTA,319.00,127.60,0,10,0.00,0.00,9,Out of Stock (Margin Loss)
3232,JNE1234-MULTI-KR-032-XXXL,KURTA - JNE1234,KURTA,301.00,120.40,0,10,0.00,0.00,7,Out of Stock (Margin Loss)
3233,JNE3504-KR-XXXL,KURTA - JNE3504,KURTA,459.00,183.60,0,10,0.00,0.00,8,Out of Stock (Margin Loss)
3234,JNE3564-KR-XS,KURTA - JNE3564,KURTA,487.00,194.80,0,10,0.00,0.00,1,Out of Stock (Margin Loss)
3236,SET236-KR-PP-XXXL,SET - SET236,SET,729.00,291.60,0,10,0.00,0.00,12,Out of Stock (Margin Loss)
3237,JNE3722-KR-S,KURTA - JNE3722,KURTA,301.00,120.40,0,10,0.00,0.00,28,Out of Stock (Margin Loss)
3238,JNE3856-KR-XXXL,KURTA - JNE3856,KURTA,666.00,266.40,0,10,0.00,0.00,16,Out of Stock (Margin Loss)
3239,J0090-TP-XXXL,TOP - J0090,TOP,665.00,266.00,0,10,0.00,0.00,12,Out of Stock (Margin Loss)
3240,J0154-DR-S,WESTERN DRESS - J0154,WESTERN DRESS,377.00,150.80,0,10,0.00,0.00,7,Out of Stock (Margin Loss)
3241,J0377-SKD-XS,SET - J0377,SET,1099.00,439.60,0,10,0.00,0.00,4,Out of Stock (Margin Loss)
3242,SET247-KR-SHA-XXL,SET - SET247,SET,680.00,272.00,0,10,0.00,0.00,3,Out of Stock (Margin Loss)
3243,J0349-SET-XL,SET - J0349,SET,888.00,355.20,0,10,0.00,0.00,43,Out of Stock (Margin Loss)
3244,J0135-SET-XXL,SET - J0135,SET,591.00,236.40,0,10,0.00,0.00,13,Out of Stock (Margin Loss)
3245,J0382-SKD-XS,SET - J0382,SET,1338.00,535.20,0,10,0.00,0.00,13,Out of Stock (Margin Loss)
3246,J0196-TP-M,TOP - J0196,TOP,490.00,196.00,0,10,0.00,0.00,13,Out of Stock (Margin Loss)
3247,JNE3706-DR-L,WESTERN DRESS - JNE3706,WESTERN DRESS,443.00,177.20,0,10,0.00,0.00,33,Out of Stock (Margin Loss)
3248,J0224-SKD-M,SET - J0224,SET,1593.00,637.20,0,10,0.00,0.00,7,Out of Stock (Margin Loss)
3249,SET279-LC-M,SET - SET279,SET,888.00,355.20,0,10,0.00,0.00,30,Out of Stock (Margin Loss)
3250,SET307-KR-DPT-M,SET - SET307,SET,736.00,294.40,0,10,0.00,0.00,15,Out of Stock (Margin Loss)
3251,JNE3742-KR-XXXL,KURTA - JNE3742,KURTA,432.00,172.80,0,10,0.00,0.00,10,Out of Stock (Margin Loss)
3252,JNE2170-KR-436-M,KURTA - JNE2170,KURTA,518.00,207.20,0,10,0.00,0.00,20,Out of Stock (Margin Loss)
3253,J0094-KR-XXXL,KURTA - J0094,KURTA,603.00,241.20,0,10,0.00,0.00,22,Out of Stock (Margin Loss)
3255,BTM037-PP-XL,BOTTOM - BTM037,BOTTOM,360.00,144.00,0,10,0.00,0.00,3,Out of Stock (Margin Loss)
3256,J0154-DR-L,WESTERN DRESS - J0154,WESTERN DRESS,377.00,150.80,0,10,0.00,0.00,8,Out of Stock (Margin Loss)
3257,JNE3702-KR-XXXL,KURTA - JNE3702,KURTA,342.00,136.80,0,10,0.00,0.00,15,Out of Stock (Margin Loss)
3258,MEN5025-KR-XXXL,KURTA - MEN5025,KURTA,777.00,310.80,0,10,0.00,0.00,50,Out of Stock (Margin Loss)
3259,SET184-KR-PP-M,SET - SET184,SET,599.00,239.60,0,10,0.00,0.00,75,Out of Stock (Margin Loss)
3260,BTM027-NP-XXXL,BOTTOM - BTM027,BOTTOM,518.00,207.20,0,10,0.00,0.00,9,Out of Stock (Margin Loss)
3261,J0210-DR-XS,ETHNIC DRESS - J0210,ETHNIC DRESS,1125.00,450.00,0,10,0.00,0.00,5,Out of Stock (Margin Loss)
3262,SET091-KR-NP-S,SET - SET091,SET,499.00,199.60,0,10,0.00,0.00,2,Out of Stock (Margin Loss)
3263,BTM044-PP-XXL,BOTTOM - BTM044,BOTTOM,360.00,144.00,0,10,0.00,0.00,9,Out of Stock (Margin Loss)
3264,BTM008-XL,BOTTOM - BTM008,BOTTOM,518.00,207.20,0,10,0.00,0.00,6,Out of Stock (Margin Loss)
3265,MEN5010-KR-XL,KURTA - MEN5010,KURTA,618.00,247.20,0,10,0.00,0.00,14,Out of Stock (Margin Loss)
3266,JNE3757-KR-XXXL,KURTA - JNE3757,KURTA,487.00,194.80,0,10,0.00,0.00,6,Out of Stock (Margin Loss)
3268,SET404-KR-NP-XXL,SET - SET404,SET,1199.00,479.60,0,10,0.00,0.00,6,Out of Stock (Margin Loss)
3269,SAR066,SAREE - SAR066,SAREE,719.00,287.60,0,10,0.00,0.00,3,Out of Stock (Margin Loss)
3270,SET135-KR-PP-XL,SET - SET135,SET,646.00,258.40,0,10,0.00,0.00,1,Out of Stock (Margin Loss)
3271,JNE3291-KR-XS,KURTA - JNE3291,KURTA,499.00,199.60,0,10,0.00,0.00,20,Out of Stock (Margin Loss)
3272,J0135-SET-M,SET - J0135,SET,591.00,236.40,0,10,0.00,0.00,31,Out of Stock (Margin Loss)
3273,SET199-KR-NP-XXL,SET - SET199,SET,696.00,278.40,0,10,0.00,0.00,15,Out of Stock (Margin Loss)
3274,JNE3401-KR-XL,KURTA - JNE3401,KURTA,259.00,103.60,0,10,0.00,0.00,4,Out of Stock (Margin Loss)
3275,NW013-ST-SR-XS,SET - NW013,SET,499.00,199.60,0,10,0.00,0.00,6,Out of Stock (Margin Loss)
3276,SET014-KR-PP-S,SET - SET014,SET,819.00,327.60,0,10,0.00,0.00,6,Out of Stock (Margin Loss)
3277,J0014-LCD-S,SET - J0014,SET,1648.00,659.20,0,10,0.00,0.00,21,Out of Stock (Margin Loss)
3279,JNE3617-KR-XS,KURTA - JNE3617,KURTA,299.00,119.60,0,10,0.00,0.00,3,Out of Stock (Margin Loss)
3281,BL096-S,BLOUSE - BL096,BLOUSE,229.00,91.60,0,10,0.00,0.00,1,Out of Stock (Margin Loss)
3282,SET138-KR-PP-S,SET - SET138,SET,737.00,294.80,0,10,0.00,0.00,7,Out of Stock (Margin Loss)
3283,SET402-KR-NP-XL,SET - SET402,SET,1149.00,459.60,0,10,0.00,0.00,31,Out of Stock (Margin Loss)
3284,JNE3791-DR-M,ETHNIC DRESS - JNE3791,ETHNIC DRESS,499.00,199.60,0,10,0.00,0.00,12,Out of Stock (Margin Loss)
3286,JNE3421-KR-XXL,KURTA - JNE3421,KURTA,449.00,179.60,0,10,0.00,0.00,24,Out of Stock (Margin Loss)
3287,J0371-SKD-XS,SET - J0371,SET,1099.00,439.60,0,10,0.00,0.00,4,Out of Stock (Margin Loss)
3288,SET073-KR-SHA-XL,SET - SET073,SET,824.00,329.60,0,10,0.00,0.00,18,Out of Stock (Margin Loss)
3290,J0138-KR-M,KURTA - J0138,KURTA,478.00,191.20,0,10,0.00,0.00,8,Out of Stock (Margin Loss)
3291,J0207-DR-L,WESTERN DRESS - J0207,WESTERN DRESS,885.00,354.00,0,10,0.00,0.00,14,Out of Stock (Margin Loss)
3292,J0420-TP-S,TOP - J0420,TOP,749.00,299.60,0,10,0.00,0.00,2,Out of Stock (Margin Loss)
3293,J0303-KR-XS,KURTA - J0303,KURTA,416.00,166.40,0,10,0.00,0.00,1,Out of Stock (Margin Loss)
3294,JNE3875-KR-XXL,KURTA - JNE3875,KURTA,599.00,239.60,0,10,0.00,0.00,5,Out of Stock (Margin Loss)
3295,JNE3261-KR-M,KURTA - JNE3261,KURTA,382.00,152.80,0,10,0.00,0.00,30,Out of Stock (Margin Loss)
3296,NW005-ST-PJ-M,SET - NW005,SET,599.00,239.60,0,10,0.00,0.00,24,Out of Stock (Margin Loss)
3297,BL110-S,BLOUSE - BL110,BLOUSE,333.00,133.20,0,10,0.00,0.00,8,Out of Stock (Margin Loss)
3298,J0072-KR-XL,KURTA - J0072,KURTA,318.00,127.20,0,10,0.00,0.00,5,Out of Stock (Margin Loss)
3301,JNE3869-DR-S,WESTERN DRESS - JNE3869,WESTERN DRESS,998.00,399.20,0,10,0.00,0.00,32,Out of Stock (Margin Loss)
3302,SET316-KR-DPT-XXL,SET - SET316,SET,1238.00,495.20,0,10,0.00,0.00,15,Out of Stock (Margin Loss)
3303,JNE3779-KR-XXXL,KURTA - JNE3779,KURTA,346.00,138.40,0,10,0.00,0.00,4,Out of Stock (Margin Loss)
3304,JNE3616-KR-M,KURTA - JNE3616,KURTA,320.00,128.00,0,10,0.00,0.00,19,Out of Stock (Margin Loss)
3305,SET269-KR-NP-M,SET - SET269,SET,824.00,329.60,0,10,0.00,0.00,81,Out of Stock (Margin Loss)
3306,JNE3781-KR-XXL,KURTA - JNE3781,KURTA,432.00,172.80,0,10,0.00,0.00,88,Out of Stock (Margin Loss)
3307,J0047-TP-XL,TOP - J0047,TOP,346.00,138.40,0,10,0.00,0.00,2,Out of Stock (Margin Loss)
3308,J0277-SKD-XS,SET - J0277,SET,1463.00,585.20,0,10,0.00,0.00,13,Out of Stock (Margin Loss)
3309,BL113-M,BLOUSE - BL113,BLOUSE,493.00,197.20,0,10,0.00,0.00,6,Out of Stock (Margin Loss)
3310,SET130-KR-NP-M,SET - SET130,SET,629.00,251.60,0,10,0.00,0.00,18,Out of Stock (Margin Loss)
3311,JNE3906-KR-M,KURTA - JNE3906,KURTA,852.00,340.80,0,10,0.00,0.00,2,Out of Stock (Margin Loss)
3312,JNE3447-KR-XXXL,KURTA - JNE3447,KURTA,301.00,120.40,0,10,0.00,0.00,1,Out of Stock (Margin Loss)
3313,SET345-KR-NP-S,SET - SET345,SET,729.00,291.60,0,10,0.00,0.00,178,Out of Stock (Margin Loss)
3314,SET268-KR-NP-XXL,SET - SET268,SET,788.00,315.20,0,10,0.00,0.00,211,Out of Stock (Margin Loss)
3315,SET395-KR-NP-M,SET - SET395,SET,1133.00,453.20,0,10,0.00,0.00,17,Out of Stock (Margin Loss)
3316,MEN5005-KR-L,KURTA - MEN5005,KURTA,625.00,250.00,0,10,0.00,0.00,12,Out of Stock (Margin Loss)
3317,SET266-KR-NP-XS,SET - SET266,SET,852.00,340.80,0,10,0.00,0.00,2,Out of Stock (Margin Loss)
3318,JNE3821-KR-M,KURTA - JNE3821,KURTA,526.00,210.40,0,10,0.00,0.00,8,Out of Stock (Margin Loss)
3319,J0305-DR-L,WESTERN DRESS - J0305,WESTERN DRESS,774.00,309.60,0,10,0.00,0.00,5,Out of Stock (Margin Loss)
3320,J0197-TP-XS,TOP - J0197,TOP,625.00,250.00,0,10,0.00,0.00,8,Out of Stock (Margin Loss)
3321,J0092-SET-XXL,SET - J0092,SET,833.00,333.20,0,10,0.00,0.00,14,Out of Stock (Margin Loss)
3322,J0277-SKD-S,SET - J0277,SET,1481.00,592.40,0,10,0.00,0.00,48,Out of Stock (Margin Loss)
3323,J0117-TP-XXXL,TOP - J0117,TOP,726.00,290.40,0,10,0.00,0.00,66,Out of Stock (Margin Loss)
3324,JNE3743-TP-XXL,TOP - JNE3743,TOP,329.00,131.60,0,10,0.00,0.00,3,Out of Stock (Margin Loss)
3325,J0330-KR-M,KURTA - J0330,KURTA,575.00,230.00,0,10,0.00,0.00,3,Out of Stock (Margin Loss)
3326,J0097-KR-L,KURTA - J0097,KURTA,568.00,227.20,0,10,0.00,0.00,70,Out of Stock (Margin Loss)
3327,JNE3665-TP-S,TOP - JNE3665,TOP,545.00,218.00,0,10,0.00,0.00,21,Out of Stock (Margin Loss)
3328,SET155-KR-PP-XS,SET - SET155,SET,446.00,178.40,0,10,0.00,0.00,3,Out of Stock (Margin Loss)
3329,JNE3400-KR-XXL,KURTA - JNE3400,KURTA,529.00,211.60,0,10,0.00,0.00,6,Out of Stock (Margin Loss)
3330,J0186-SET-XL,SET - J0186,SET,848.00,339.20,0,10,0.00,0.00,5,Out of Stock (Margin Loss)
3331,SAR059,SAREE - SAR059,SAREE,885.00,354.00,0,10,0.00,0.00,1,Out of Stock (Margin Loss)
3332,J0250-SKD-XXXL,SET - J0250,SET,763.00,305.20,0,10,0.00,0.00,8,Out of Stock (Margin Loss)
3333,MEN5018-KR-S,KURTA - MEN5018,KURTA,655.00,262.00,0,10,0.00,0.00,9,Out of Stock (Margin Loss)
3334,SET221-KR-NP-S,SET - SET221,SET,714.00,285.60,0,10,0.00,0.00,15,Out of Stock (Margin Loss)
3335,BTM048-PP-M,BOTTOM - BTM048,BOTTOM,345.00,138.00,0,10,0.00,0.00,2,Out of Stock (Margin Loss)
3336,NW032-ST-CP-L,SET - NW032,SET,517.00,206.80,0,10,0.00,0.00,8,Out of Stock (Margin Loss)
3337,J0141-KR-XXL,KURTA - J0141,KURTA,475.00,190.00,0,10,0.00,0.00,2,Out of Stock (Margin Loss)
3338,JNE3434-KR-XXXL,KURTA - JNE3434,KURTA,337.00,134.80,0,10,0.00,0.00,9,Out of Stock (Margin Loss)
3339,NW009-ST-CP-XXXL,SET - NW009,SET,586.00,234.40,0,10,0.00,0.00,7,Out of Stock (Margin Loss)
3341,J0234-SKD-XXL,SET - J0234,SET,1213.00,485.20,0,10,0.00,0.00,16,Out of Stock (Margin Loss)
3342,J0101-DR-L,ETHNIC DRESS - J0101,ETHNIC DRESS,799.00,319.60,0,10,0.00,0.00,17,Out of Stock (Margin Loss)
3343,SET053-KR-NP-XXXL,SET - SET053,SET,633.00,253.20,0,10,0.00,0.00,9,Out of Stock (Margin Loss)
3344,JNE2032-KR-205-XS,KURTA - JNE2032,KURTA,316.00,126.40,0,10,0.00,0.00,5,Out of Stock (Margin Loss)
3345,BTM047-PP-XXL,BOTTOM - BTM047,BOTTOM,345.00,138.00,0,10,0.00,0.00,13,Out of Stock (Margin Loss)
3346,SET241-KR-PP-XS,SET - SET241,SET,357.00,142.80,0,10,0.00,0.00,3,Out of Stock (Margin Loss)
3347,JNE3348-KR-XL,KURTA - JNE3348,KURTA,434.00,173.60,0,10,0.00,0.00,11,Out of Stock (Margin Loss)
3348,JNE3485-KR-XXXL,KURTA - JNE3485,KURTA,469.00,187.60,0,10,0.00,0.00,4,Out of Stock (Margin Loss)
3349,SET335-KR-NP-XL,SET - SET335,SET,771.00,308.40,0,10,0.00,0.00,12,Out of Stock (Margin Loss)
3350,BTM044-PP-XL,BOTTOM - BTM044,BOTTOM,377.00,150.80,0,10,0.00,0.00,9,Out of Stock (Margin Loss)
3351,JNE3288-KR-M,KURTA - JNE3288,KURTA,442.00,176.80,0,10,0.00,0.00,25,Out of Stock (Margin Loss)
3352,JNE3836-KR-L,KURTA - JNE3836,KURTA,666.00,266.40,0,10,0.00,0.00,18,Out of Stock (Margin Loss)
3353,J0277-SKD-L,SET - J0277,SET,1556.00,622.40,0,10,0.00,0.00,66,Out of Stock (Margin Loss)
3354,J0340-TP-XXL,TOP - J0340,TOP,908.00,363.20,0,10,0.00,0.00,25,Out of Stock (Margin Loss)
3355,J0201-TP-XL,TOP - J0201,TOP,625.00,250.00,0,10,0.00,0.00,22,Out of Stock (Margin Loss)
3356,JNE3783-KR-XS,KURTA - JNE3783,KURTA,0.00,0.00,0,10,0.00,0.00,5,Out of Stock (Margin Loss)
3357,JNE3791-DR-L,ETHNIC DRESS - JNE3791,ETHNIC DRESS,399.00,159.60,0,10,0.00,0.00,8,Out of Stock (Margin Loss)
3358,JNE2307-KR-572-M,KURTA - JNE2307,KURTA,316.00,126.40,0,10,0.00,0.00,7,Out of Stock (Margin Loss)
3359,JNE3776-KR-L,KURTA - JNE3776,KURTA,301.00,120.40,0,10,0.00,0.00,12,Out of Stock (Margin Loss)
3360,SET179-KR-PP-S,SET - SET179,SET,499.00,199.60,0,10,0.00,0.00,4,Out of Stock (Margin Loss)
3361,SET062-KR-SP-XL,SET - SET062,SET,685.00,274.00,0,10,0.00,0.00,15,Out of Stock (Margin Loss)
3362,JNE3701-KR-XS,KURTA - JNE3701,KURTA,399.00,159.60,0,10,0.00,0.00,4,Out of Stock (Margin Loss)
3363,JNE3661-TP-XS,TOP - JNE3661,TOP,315.00,126.00,0,10,0.00,0.00,2,Out of Stock (Margin Loss)
3364,JNE3436-KR-XL,KURTA - JNE3436,KURTA,318.00,127.20,0,10,0.00,0.00,4,Out of Stock (Margin Loss)
3365,JNE3928-KR-M,KURTA - JNE3928,KURTA,568.00,227.20,0,10,0.00,0.00,6,Out of Stock (Margin Loss)
3366,JNE3767-KR-XXL,KURTA - JNE3767,KURTA,487.00,194.80,0,10,0.00,0.00,2,Out of Stock (Margin Loss)
3367,SET226-KR-PP-L,SET - SET226,SET,0.00,0.00,0,10,0.00,0.00,6,Out of Stock (Margin Loss)
3368,J0228-SKD-XL,SET - J0228,SET,1799.00,719.60,0,10,0.00,0.00,10,Out of Stock (Margin Loss)
3369,J0070-KR-M,KURTA - J0070,KURTA,318.00,127.20,0,10,0.00,0.00,2,Out of Stock (Margin Loss)
3370,J0161-DR-M,WESTERN DRESS - J0161,WESTERN DRESS,473.00,189.20,0,10,0.00,0.00,6,Out of Stock (Margin Loss)
3371,SAR136,SAREE - SAR136,SAREE,791.00,316.40,0,10,0.00,0.00,2,Out of Stock (Margin Loss)
3372,J0280-SKD-S,SET - J0280,SET,1556.00,622.40,0,10,0.00,0.00,51,Out of Stock (Margin Loss)
3373,JNE3773-KR-M,KURTA - JNE3773,KURTA,301.00,120.40,0,10,0.00,0.00,9,Out of Stock (Margin Loss)
3374,SET218-KR-NP-XL,SET - SET218,SET,699.00,279.60,0,10,0.00,0.00,11,Out of Stock (Margin Loss)
3375,J0105-KR-XXL,WESTERN DRESS - J0105,WESTERN DRESS,999.00,399.60,0,10,0.00,0.00,13,Out of Stock (Margin Loss)
3376,J0230-SKD-XS,SET - J0230,SET,1349.00,539.60,0,10,0.00,0.00,194,Out of Stock (Margin Loss)
3377,SET327-KR-DPT-XXXL,SET - SET327,SET,999.00,399.60,0,10,0.00,0.00,32,Out of Stock (Margin Loss)
3378,JNE3718-KR-XS,KURTA - JNE3718,KURTA,487.00,194.80,0,10,0.00,0.00,19,Out of Stock (Margin Loss)
3379,J0307-TP-S,TOP - J0307,TOP,518.00,207.20,0,10,0.00,0.00,3,Out of Stock (Margin Loss)
3380,JNE3621-KR-M,KURTA - JNE3621,KURTA,472.00,188.80,0,10,0.00,0.00,9,Out of Stock (Margin Loss)
3381,J0306-DR-S,WESTERN DRESS - J0306,WESTERN DRESS,1099.00,439.60,0,10,0.00,0.00,13,Out of Stock (Margin Loss)
3382,JNE3270-KR-XS,KURTA - JNE3270,KURTA,382.00,152.80,0,10,0.00,0.00,8,Out of Stock (Margin Loss)
3383,JNE3675-TU-XS,TOP - JNE3675,TOP,574.00,229.60,0,10,0.00,0.00,5,Out of Stock (Margin Loss)
3384,SET250-KR-SHA-XXL,SET - SET250,SET,680.00,272.00,0,10,0.00,0.00,9,Out of Stock (Margin Loss)
3385,NW039-TP-SR-XXXL,SET - NW039,SET,495.00,198.00,0,10,0.00,0.00,12,Out of Stock (Margin Loss)
3386,NW013-ST-SR-XL,SET - NW013,SET,496.00,198.40,0,10,0.00,0.00,5,Out of Stock (Margin Loss)
3388,SET322-KR-SHA-XL,SET - SET322,SET,1099.00,439.60,0,10,0.00,0.00,19,Out of Stock (Margin Loss)
3389,SET268-KR-NP-M,SET - SET268,SET,788.00,315.20,0,10,0.00,0.00,192,Out of Stock (Margin Loss)
3390,J0402-DR-L,WESTERN DRESS - J0402,WESTERN DRESS,899.00,359.60,0,10,0.00,0.00,13,Out of Stock (Margin Loss)
3391,JNE3720-KR-M,KURTA - JNE3720,KURTA,517.00,206.80,0,10,0.00,0.00,11,Out of Stock (Margin Loss)
3392,NW008-ST-CP-XXXL,SET - NW008,SET,758.00,303.20,0,10,0.00,0.00,12,Out of Stock (Margin Loss)
3393,JNE3778-KR-S,KURTA - JNE3778,KURTA,459.00,183.60,0,10,0.00,0.00,20,Out of Stock (Margin Loss)
3394,JNE3796-KR-XXXL,KURTA - JNE3796,KURTA,358.00,143.20,0,10,0.00,0.00,7,Out of Stock (Margin Loss)
3395,JNE3438-KR-L,KURTA - JNE3438,KURTA,459.00,183.60,0,10,0.00,0.00,7,Out of Stock (Margin Loss)
3396,SET433-KR-NP-XXXL,SET - SET433,SET,666.00,266.40,0,10,0.00,0.00,12,Out of Stock (Margin Loss)
3397,JNE3624-KR-XL,KURTA - JNE3624,KURTA,481.00,192.40,0,10,0.00,0.00,7,Out of Stock (Margin Loss)
3398,SET415-KR-NP-M,SET - SET415,SET,999.00,399.60,0,10,0.00,0.00,8,Out of Stock (Margin Loss)
3399,J0157-DR-S,WESTERN DRESS - J0157,WESTERN DRESS,956.00,382.40,0,10,0.00,0.00,48,Out of Stock (Margin Loss)
3400,JNE3368-KR-M,KURTA - JNE3368,KURTA,471.00,188.40,0,10,0.00,0.00,69,Out of Stock (Margin Loss)
3401,JNE3788-KR-XXXL,KURTA - JNE3788,KURTA,487.00,194.80,0,10,0.00,0.00,2,Out of Stock (Margin Loss)
3402,JNE3819-KR-M,KURTA - JNE3819,KURTA,499.00,199.60,0,10,0.00,0.00,8,Out of Stock (Margin Loss)
3403,JNE3348-KR-M,KURTA - JNE3348,KURTA,434.00,173.60,0,10,0.00,0.00,8,Out of Stock (Margin Loss)
3404,J0284-SKD-M,SET - J0284,SET,1250.00,500.00,0,10,0.00,0.00,19,Out of Stock (Margin Loss)
3405,SET130-KR-NP-XXL,SET - SET130,SET,629.00,251.60,0,10,0.00,0.00,18,Out of Stock (Margin Loss)
3407,JNE3878-KR-XXL,KURTA - JNE3878,KURTA,487.00,194.80,0,10,0.00,0.00,29,Out of Stock (Margin Loss)
3408,AN205-YELLOW-S,BOTTOM - AN205,BOTTOM,241.00,96.40,0,10,0.00,0.00,4,Out of Stock (Margin Loss)
3409,NW016-ST-SR-XS,SET - NW016,SET,560.00,224.00,0,10,0.00,0.00,16,Out of Stock (Margin Loss)
3410,SET335-KR-NP-S,SET - SET335,SET,771.00,308.40,0,10,0.00,0.00,10,Out of Stock (Margin Loss)
3411,JNE3671-TU-XS,TOP - JNE3671,TOP,625.00,250.00,0,10,0.00,0.00,13,Out of Stock (Margin Loss)
3412,SET375-KR-NP-S,SET - SET375,SET,696.00,278.40,0,10,0.00,0.00,26,Out of Stock (Margin Loss)
3413,NW013-ST-SR-M,SET - NW013,SET,499.00,199.60,0,10,0.00,0.00,16,Out of Stock (Margin Loss)
3416,JNE3725-KR-XXL,KURTA - JNE3725,KURTA,442.00,176.80,0,10,0.00,0.00,16,Out of Stock (Margin Loss)
3417,JNE3256-KR-L,KURTA - JNE3256,KURTA,487.00,194.80,0,10,0.00,0.00,21,Out of Stock (Margin Loss)
3419,JNE3366-KR-1053-XS,KURTA - JNE3366,KURTA,376.00,150.40,0,10,0.00,0.00,11,Out of Stock (Margin Loss)
3420,JNE3491-KR-XXL,KURTA - JNE3491,KURTA,349.00,139.60,0,10,0.00,0.00,6,Out of Stock (Margin Loss)
3421,J0199-SET-XXL,SET - J0199,SET,491.00,196.40,0,10,0.00,0.00,5,Out of Stock (Margin Loss)
3422,NW028-TP-PJ-S,SET - NW028,SET,539.00,215.60,0,10,0.00,0.00,1,Out of Stock (Margin Loss)
3423,JNE3863-TU-XXXL,TOP - JNE3863,TOP,574.00,229.60,0,10,0.00,0.00,16,Out of Stock (Margin Loss)
3424,J0181-TP-L,TOP - J0181,TOP,399.00,159.60,0,10,0.00,0.00,8,Out of Stock (Margin Loss)
3425,J0208-DR-XL,WESTERN DRESS - J0208,WESTERN DRESS,721.00,288.40,0,10,0.00,0.00,8,Out of Stock (Margin Loss)
3426,JNE3717-KR-S,KURTA - JNE3717,KURTA,271.00,108.40,0,10,0.00,0.00,3,Out of Stock (Margin Loss)
3427,J0119-TP-XXL,TOP - J0119,TOP,758.00,303.20,0,10,0.00,0.00,150,Out of Stock (Margin Loss)
3428,MEN5006-KR-XL,KURTA - MEN5006,KURTA,665.00,266.00,0,10,0.00,0.00,27,Out of Stock (Margin Loss)
3429,JNE3735-KR-XXL,KURTA - JNE3735,KURTA,399.00,159.60,0,10,0.00,0.00,7,Out of Stock (Margin Loss)
3430,SET217-KR-PP-S,SET - SET217,SET,859.00,343.60,0,10,0.00,0.00,19,Out of Stock (Margin Loss)
3431,J0299-KR-XS,KURTA - J0299,KURTA,345.00,138.00,0,10,0.00,0.00,6,Out of Stock (Margin Loss)
3432,J0124-TP-XXXL,TOP - J0124,TOP,743.00,297.20,0,10,0.00,0.00,13,Out of Stock (Margin Loss)
3433,NW007-ST-CP-L,SET - NW007,SET,560.00,224.00,0,10,0.00,0.00,3,Out of Stock (Margin Loss)
3434,JNE3428-KR-S,KURTA - JNE3428,KURTA,249.00,99.60,0,10,0.00,0.00,13,Out of Stock (Margin Loss)
3436,SET332-KR-PP-XXXL,SET - SET332,SET,549.00,219.60,0,10,0.00,0.00,17,Out of Stock (Margin Loss)
3437,JNE3667-TP-XXL,TOP - JNE3667,TOP,329.00,131.60,0,10,0.00,0.00,15,Out of Stock (Margin Loss)
3439,NW013-ST-SR-XXXL,SET - NW013,SET,499.00,199.60,0,10,0.00,0.00,23,Out of Stock (Margin Loss)
3440,JNE3673-TU-S,TOP - JNE3673,TOP,599.00,239.60,0,10,0.00,0.00,7,Out of Stock (Margin Loss)
3441,SET038-KR-PP-XS,SET - SET038,SET,594.00,237.60,0,10,0.00,0.00,8,Out of Stock (Margin Loss)
3442,JNE3571-KR-XXL,KURTA - JNE3571,KURTA,549.00,219.60,0,10,0.00,0.00,22,Out of Stock (Margin Loss)
3443,J0381-SKD-S,SET - J0381,SET,1324.00,529.60,0,10,0.00,0.00,8,Out of Stock (Margin Loss)
3444,JNE3885-KR-XS,KURTA - JNE3885,KURTA,526.00,210.40,0,10,0.00,0.00,1,Out of Stock (Margin Loss)
3446,J0279-SET-XL,SET - J0279,SET,895.00,358.00,0,10,0.00,0.00,5,Out of Stock (Margin Loss)
3447,JNE3722-KR-L,KURTA - JNE3722,KURTA,301.00,120.40,0,10,0.00,0.00,43,Out of Stock (Margin Loss)
3448,SET348-KR-NP-XS,SET - SET348,SET,968.00,387.20,0,10,0.00,0.00,22,Out of Stock (Margin Loss)
3449,JNE3703-KR-M,KURTA - JNE3703,KURTA,316.00,126.40,0,10,0.00,0.00,73,Out of Stock (Margin Loss)
3450,SET219-KR-PP-M,SET - SET219,SET,662.00,264.80,0,10,0.00,0.00,9,Out of Stock (Margin Loss)
3451,J0181-TP-XXXL,TOP - J0181,TOP,399.00,159.60,0,10,0.00,0.00,8,Out of Stock (Margin Loss)
3452,J0116-TP-XS,TOP - J0116,TOP,360.00,144.00,0,10,0.00,0.00,1,Out of Stock (Margin Loss)
3454,JNE3702-KR-XL,KURTA - JNE3702,KURTA,342.00,136.80,0,10,0.00,0.00,12,Out of Stock (Margin Loss)
3455,J0205-TP-XS,TOP - J0205,TOP,387.00,154.80,0,10,0.00,0.00,5,Out of Stock (Margin Loss)
3456,SET323-KR-NP-XS,SET - SET323,SET,999.00,399.60,0,10,0.00,0.00,18,Out of Stock (Margin Loss)
3457,J0307-TP-XL,TOP - J0307,TOP,518.00,207.20,0,10,0.00,0.00,4,Out of Stock (Margin Loss)
3458,JNE3485-KR-XS,KURTA - JNE3485,KURTA,469.00,187.60,0,10,0.00,0.00,1,Out of Stock (Margin Loss)
3459,SET185-KR-NP-S,SET - SET185,SET,911.00,364.40,0,10,0.00,0.00,2,Out of Stock (Margin Loss)
3460,JNE3697-KR-XXL,KURTA - JNE3697,KURTA,517.00,206.80,0,10,0.00,0.00,73,Out of Stock (Margin Loss)
3461,MEN5022-KR-S,KURTA - MEN5022,KURTA,777.00,310.80,0,10,0.00,0.00,26,Out of Stock (Margin Loss)
3462,JNE3437-KR-XL,KURTA - JNE3437,KURTA,517.00,206.80,0,10,0.00,0.00,53,Out of Stock (Margin Loss)
3464,J0375-SKD-XXXL,SET - J0375,SET,1099.00,439.60,0,10,0.00,0.00,10,Out of Stock (Margin Loss)
3465,JNE3860-DR-XS,WESTERN DRESS - JNE3860,WESTERN DRESS,614.00,245.60,0,10,0.00,0.00,4,Out of Stock (Margin Loss)
3467,SET014-KR-PP-XXL,SET - SET014,SET,819.00,327.60,0,10,0.00,0.00,28,Out of Stock (Margin Loss)
3468,NW031-TP-PJ-XXL,SET - NW031,SET,599.00,239.60,0,10,0.00,0.00,13,Out of Stock (Margin Loss)
3469,JNE3732-KR-XXXL,KURTA - JNE3732,KURTA,517.00,206.80,0,10,0.00,0.00,10,Out of Stock (Margin Loss)
3470,JNE3666-TP-L,TOP - JNE3666,TOP,299.00,119.60,0,10,0.00,0.00,7,Out of Stock (Margin Loss)
3471,SET252-KR-PP-XXXL,SET - SET252,SET,759.00,303.60,0,10,0.00,0.00,20,Out of Stock (Margin Loss)
3474,JNE3889-KR-S,KURTA - JNE3889,KURTA,736.00,294.40,0,10,0.00,0.00,1,Out of Stock (Margin Loss)
3475,J0334-TP-XXXL,TOP - J0334,TOP,599.00,239.60,0,10,0.00,0.00,8,Out of Stock (Margin Loss)
3476,SET274-KR-PP-M,SET - SET274,SET,682.00,272.80,0,10,0.00,0.00,4,Out of Stock (Margin Loss)
3477,JNE3451-KR-S,KURTA - JNE3451,KURTA,380.00,152.00,0,10,0.00,0.00,1,Out of Stock (Margin Loss)
3478,JNE3629-KR-S,KURTA - JNE3629,KURTA,526.00,210.40,0,10,0.00,0.00,4,Out of Stock (Margin Loss)
3480,J0386-KR-XXL,KURTA - J0386,KURTA,967.00,386.80,0,10,0.00,0.00,8,Out of Stock (Margin Loss)
3481,J0240-SKD-S,SET - J0240,SET,1593.00,637.20,0,10,0.00,0.00,3,Out of Stock (Margin Loss)
3482,SET254-KR-NP-M,SET - SET254,SET,886.00,354.40,0,10,0.00,0.00,11,Out of Stock (Margin Loss)
3483,JNE3655-TP-L,TOP - JNE3655,TOP,329.00,131.60,0,10,0.00,0.00,5,Out of Stock (Margin Loss)
3484,JNE3431-KR-XXXL,KURTA - JNE3431,KURTA,349.00,139.60,0,10,0.00,0.00,2,Out of Stock (Margin Loss)
3485,JNE1951-KR-155-XXXL,KURTA - JNE1951,KURTA,389.00,155.60,0,10,0.00,0.00,11,Out of Stock (Margin Loss)
3487,JNE3468-KR-XXL,KURTA - JNE3468,KURTA,399.00,159.60,0,10,0.00,0.00,88,Out of Stock (Margin Loss)
3488,JNE3564-KR-XXL,KURTA - JNE3564,KURTA,487.00,194.80,0,10,0.00,0.00,28,Out of Stock (Margin Loss)
3489,SET329-KR-NP-XXL,SET - SET329,SET,666.00,266.40,0,10,0.00,0.00,28,Out of Stock (Margin Loss)
3490,JNE3348-KR-XXL,KURTA - JNE3348,KURTA,434.00,173.60,0,10,0.00,0.00,7,Out of Stock (Margin Loss)
3491,JNE3803-KR-XXL,KURTA - JNE3803,KURTA,487.00,194.80,0,10,0.00,0.00,4,Out of Stock (Margin Loss)
3492,SET132-KR-NP-XXL,SET - SET132,SET,629.00,251.60,0,10,0.00,0.00,8,Out of Stock (Margin Loss)
3494,J0010-LCD-XS,SET - J0010,SET,1329.00,531.60,0,10,0.00,0.00,16,Out of Stock (Margin Loss)
3495,SET220-KR-PP-XL,SET - SET220,SET,1199.00,479.60,0,10,0.00,0.00,24,Out of Stock (Margin Loss)
3496,SET267-KR-NP-XL,SET - SET267,SET,869.00,347.60,0,10,0.00,0.00,26,Out of Stock (Margin Loss)
3497,JNE3777-KR-XL,KURTA - JNE3777,KURTA,399.00,159.60,0,10,0.00,0.00,11,Out of Stock (Margin Loss)
3498,J0079-SKD-L,SET - J0079,SET,1556.00,622.40,0,10,0.00,0.00,5,Out of Stock (Margin Loss)
3499,JNE2251-KR-537-XL,KURTA - JNE2251,KURTA,429.00,171.60,0,10,0.00,0.00,4,Out of Stock (Margin Loss)
3500,J0207-DR-XXXL,WESTERN DRESS - J0207,WESTERN DRESS,1168.00,467.20,0,10,0.00,0.00,8,Out of Stock (Margin Loss)
3501,J0033-KR-L,KURTA - J0033,KURTA,399.00,159.60,0,10,0.00,0.00,9,Out of Stock (Margin Loss)
3502,JNE3752-KR-S,KURTA - JNE3752,KURTA,345.00,138.00,0,10,0.00,0.00,2,Out of Stock (Margin Loss)
3503,J0355-KR-XL,KURTA - J0355,KURTA,635.00,254.00,0,10,0.00,0.00,10,Out of Stock (Margin Loss)
3504,J0049-TP-XL,TOP - J0049,TOP,321.00,128.40,0,10,0.00,0.00,3,Out of Stock (Margin Loss)
3505,JNE3510-KR-M,KURTA - JNE3510,KURTA,471.00,188.40,0,10,0.00,0.00,113,Out of Stock (Margin Loss)
3506,J0334-TP-XL,TOP - J0334,TOP,599.00,239.60,0,10,0.00,0.00,24,Out of Stock (Margin Loss)
3508,SET348-KR-NP-XL,SET - SET348,SET,968.00,387.20,0,10,0.00,0.00,48,Out of Stock (Margin Loss)
3509,J0371-SKD-XXL,SET - J0371,SET,1099.00,439.60,0,10,0.00,0.00,4,Out of Stock (Margin Loss)
3510,BL103-L,BLOUSE - BL103,BLOUSE,499.00,199.60,0,10,0.00,0.00,5,Out of Stock (Margin Loss)
3511,JNE3885-KR-L,KURTA - JNE3885,KURTA,590.00,236.00,0,10,0.00,0.00,3,Out of Stock (Margin Loss)
3512,JNE3449-KR-M,KURTA - JNE3449,KURTA,319.00,127.60,0,10,0.00,0.00,18,Out of Stock (Margin Loss)
3513,JNE3030-KR-XXL,KURTA - JNE3030,KURTA,736.00,294.40,0,10,0.00,0.00,12,Out of Stock (Margin Loss)
3514,JNE1233-BLUE-KR-031-XL,KURTA - JNE1233,KURTA,427.00,170.80,0,10,0.00,0.00,26,Out of Stock (Margin Loss)
3515,J0342-TP-XS,TOP - J0342,TOP,879.00,351.60,0,10,0.00,0.00,17,Out of Stock (Margin Loss)
3516,SAR071,SAREE - SAR071,SAREE,899.00,359.60,0,10,0.00,0.00,1,Out of Stock (Margin Loss)
3517,JNE3255-KR-M,KURTA - JNE3255,KURTA,487.00,194.80,0,10,0.00,0.00,8,Out of Stock (Margin Loss)
3518,BTM042-PP-S,BOTTOM - BTM042,BOTTOM,317.00,126.80,0,10,0.00,0.00,3,Out of Stock (Margin Loss)
3519,AN212-WHITE-XXL,BOTTOM - AN212,BOTTOM,322.00,128.80,0,10,0.00,0.00,1,Out of Stock (Margin Loss)
3520,SET380-KR-NP-XXXL,SET - SET380,SET,1186.00,474.40,0,10,0.00,0.00,19,Out of Stock (Margin Loss)
3521,SET304-KR-DPT-XL,SET - SET304,SET,1201.00,480.40,0,10,0.00,0.00,53,Out of Stock (Margin Loss)
3522,J0034-SET-XXL,SET - J0034,SET,717.00,286.80,0,10,0.00,0.00,7,Out of Stock (Margin Loss)
3523,JNE3403-KR-M,KURTA - JNE3403,KURTA,429.00,171.60,0,10,0.00,0.00,4,Out of Stock (Margin Loss)
3524,SET305-KR-DPT-XXXL,SET - SET305,SET,967.00,386.80,0,10,0.00,0.00,12,Out of Stock (Margin Loss)
3527,JNE3365-KR-1052-S,KURTA - JNE3365,KURTA,365.00,146.00,0,10,0.00,0.00,11,Out of Stock (Margin Loss)
3528,J0254-SKD-XS,SET - J0254,SET,789.00,315.60,0,10,0.00,0.00,1,Out of Stock (Margin Loss)
3529,J0157-DR-XXXL,WESTERN DRESS - J0157,WESTERN DRESS,908.00,363.20,0,10,0.00,0.00,33,Out of Stock (Margin Loss)
3530,JNE3735-KR-M,KURTA - JNE3735,KURTA,399.00,159.60,0,10,0.00,0.00,11,Out of Stock (Margin Loss)
3531,MEN5020-KR-S,KURTA - MEN5020,KURTA,590.00,236.00,0,10,0.00,0.00,7,Out of Stock (Margin Loss)
3532,J0087-TP-S,TOP - J0087,TOP,329.00,131.60,0,10,0.00,0.00,4,Out of Stock (Margin Loss)
3533,JNE3452-KR-XXXL,KURTA - JNE3452,KURTA,301.00,120.40,0,10,0.00,0.00,4,Out of Stock (Margin Loss)
3535,J0176-TP-XS,TOP - J0176,TOP,387.00,154.80,0,10,0.00,0.00,6,Out of Stock (Margin Loss)
3536,J0307-TP-XS,TOP - J0307,TOP,729.00,291.60,0,10,0.00,0.00,3,Out of Stock (Margin Loss)
3537,JNE3765-KR-XXXL,KURTA - JNE3765,KURTA,579.00,231.60,0,10,0.00,0.00,3,Out of Stock (Margin Loss)
3538,J0003-SET-XL,SET - J0003,SET,696.00,278.40,0,10,0.00,0.00,155,Out of Stock (Margin Loss)
3539,J0033-KR-S,KURTA - J0033,KURTA,399.00,159.60,0,10,0.00,0.00,7,Out of Stock (Margin Loss)
3540,J0369-SKD-L,SET - J0369,SET,1099.00,439.60,0,10,0.00,0.00,10,Out of Stock (Margin Loss)
3541,JNE3785-KR-XL,KURTA - JNE3785,KURTA,362.00,144.80,0,10,0.00,0.00,40,Out of Stock (Margin Loss)
3543,J0083-KR-XL,KURTA - J0083,KURTA,591.00,236.40,0,10,0.00,0.00,20,Out of Stock (Margin Loss)
3544,BTM036-PP-M,BOTTOM - BTM036,BOTTOM,360.00,144.00,0,10,0.00,0.00,1,Out of Stock (Margin Loss)
3545,JNE3704-KR-XL,KURTA - JNE3704,KURTA,487.00,194.80,0,10,0.00,0.00,7,Out of Stock (Margin Loss)
3546,SET364-KR-NP-XXXL,SET - SET364,SET,1338.00,535.20,0,10,0.00,0.00,2,Out of Stock (Margin Loss)
3547,SET403-KR-NP-L,SET - SET403,SET,999.00,399.60,0,10,0.00,0.00,6,Out of Stock (Margin Loss)
3548,SET356-KR-NP-XS,SET - SET356,SET,1099.00,439.60,0,10,0.00,0.00,27,Out of Stock (Margin Loss)
3549,SET188-KR-NP-M,SET - SET188,SET,680.00,272.00,0,10,0.00,0.00,19,Out of Stock (Margin Loss)
3550,JNE3894-TP-L,TOP - JNE3894,TOP,1039.00,415.60,0,10,0.00,0.00,7,Out of Stock (Margin Loss)
3551,JNE3880-DR-XXL,WESTERN DRESS - JNE3880,WESTERN DRESS,758.00,303.20,0,10,0.00,0.00,8,Out of Stock (Margin Loss)
3552,J0371-SKD-M,SET - J0371,SET,1072.00,428.80,0,10,0.00,0.00,5,Out of Stock (Margin Loss)
3553,JNE3666-TP-XL,TOP - JNE3666,TOP,301.00,120.40,0,10,0.00,0.00,8,Out of Stock (Margin Loss)
3554,JNE3412-KR-XS,KURTA - JNE3412,KURTA,435.00,174.00,0,10,0.00,0.00,8,Out of Stock (Margin Loss)
3555,JNE3816-KR-XL,KURTA - JNE3816,KURTA,549.00,219.60,0,10,0.00,0.00,13,Out of Stock (Margin Loss)
3556,JNE3667-TP-L,TOP - JNE3667,TOP,329.00,131.60,0,10,0.00,0.00,18,Out of Stock (Margin Loss)
3557,J0103-SKD-XS,SET - J0103,SET,1338.00,535.20,0,10,0.00,0.00,6,Out of Stock (Margin Loss)
3558,JNE3780-KR-S,KURTA - JNE3780,KURTA,325.00,130.00,0,10,0.00,0.00,1,Out of Stock (Margin Loss)
3559,JNE2294-KR-A-L,KURTA - JNE2294,KURTA,544.00,217.60,0,10,0.00,0.00,6,Out of Stock (Margin Loss)
3560,SET214-KR-DPT-XL,SET - SET214,SET,604.00,241.60,0,10,0.00,0.00,1,Out of Stock (Margin Loss)
3561,JNE3794-KR-XXL,KURTA - JNE3794,KURTA,529.00,211.60,0,10,0.00,0.00,69,Out of Stock (Margin Loss)
3562,JNE3422-KR-XL,KURTA - JNE3422,KURTA,301.00,120.40,0,10,0.00,0.00,17,Out of Stock (Margin Loss)
3563,JNE3786-KR-XXXL,KURTA - JNE3786,KURTA,549.00,219.60,0,10,0.00,0.00,26,Out of Stock (Margin Loss)
3564,NW024-TP-PJ-XL,SET - NW024,SET,586.00,234.40,0,10,0.00,0.00,8,Out of Stock (Margin Loss)
3565,JNE2100-KR-144-XXL,KURTA - JNE2100,KURTA,382.00,152.80,0,10,0.00,0.00,47,Out of Stock (Margin Loss)
3566,JNE2170-KR-436-XS,KURTA - JNE2170,KURTA,612.00,244.80,0,10,0.00,0.00,6,Out of Stock (Margin Loss)
3567,SET403-KR-NP-XXXL,SET - SET403,SET,999.00,399.60,0,10,0.00,0.00,3,Out of Stock (Margin Loss)
3568,SET335-KR-NP-XS,SET - SET335,SET,771.00,308.40,0,10,0.00,0.00,10,Out of Stock (Margin Loss)
3569,J0226-SKD-XL,SET - J0226,SET,1499.00,599.60,0,10,0.00,0.00,5,Out of Stock (Margin Loss)
3570,J0246-SKD-XS,SET - J0246,SET,1152.00,460.80,0,10,0.00,0.00,3,Out of Stock (Margin Loss)
3571,JNE3742-KR-XS,KURTA - JNE3742,KURTA,432.00,172.80,0,10,0.00,0.00,3,Out of Stock (Margin Loss)
3572,JNE3578-KR-M,KURTA - JNE3578,KURTA,612.00,244.80,0,10,0.00,0.00,11,Out of Stock (Margin Loss)
3573,JNE3488-KR-XS,KURTA - JNE3488,KURTA,301.00,120.40,0,10,0.00,0.00,5,Out of Stock (Margin Loss)
3574,BL026-74BEIGE,BLOUSE - BL026,BLOUSE,383.00,153.20,0,10,0.00,0.00,3,Out of Stock (Margin Loss)
3576,MEN5029-KR-M,KURTA - MEN5029,KURTA,625.00,250.00,0,10,0.00,0.00,32,Out of Stock (Margin Loss)
3577,SET349-KR-NP-M,SET - SET349,SET,1152.00,460.80,0,10,0.00,0.00,22,Out of Stock (Margin Loss)
3578,J0196-TP-L,TOP - J0196,TOP,469.00,187.60,0,10,0.00,0.00,24,Out of Stock (Margin Loss)
3579,MEN5026-KR-S,KURTA - MEN5026,KURTA,499.00,199.60,0,10,0.00,0.00,10,Out of Stock (Margin Loss)
3580,JNE3928-KR-XXXL,KURTA - JNE3928,KURTA,568.00,227.20,0,10,0.00,0.00,7,Out of Stock (Margin Loss)
3581,J0173-DR-L,WESTERN DRESS - J0173,WESTERN DRESS,420.00,168.00,0,10,0.00,0.00,5,Out of Stock (Margin Loss)
3582,J0350-SET-XL,SET - J0350,SET,499.00,199.60,0,10,0.00,0.00,17,Out of Stock (Margin Loss)
3584,SET326-KR-PP-XXL,SET - SET326,SET,666.00,266.40,0,10,0.00,0.00,10,Out of Stock (Margin Loss)
3585,J0139-KR-M,KURTA - J0139,KURTA,399.00,159.60,0,10,0.00,0.00,17,Out of Stock (Margin Loss)
3586,JNE3856-KR-L,KURTA - JNE3856,KURTA,666.00,266.40,0,10,0.00,0.00,26,Out of Stock (Margin Loss)
3587,J0231-SKD-XS,SET - J0231,SET,1238.00,495.20,0,10,0.00,0.00,1,Out of Stock (Margin Loss)
3588,JNE2265-KR-501-S,KURTA - JNE2265,KURTA,329.00,131.60,0,10,0.00,0.00,12,Out of Stock (Margin Loss)
3589,SET143-KR-PP-XXL,SET - SET143,SET,517.00,206.80,0,10,0.00,0.00,2,Out of Stock (Margin Loss)
3590,NW014-ST-SR-S,SET - NW014,SET,560.00,224.00,0,10,0.00,0.00,15,Out of Stock (Margin Loss)
3591,J0087-TP-XL,TOP - J0087,TOP,329.00,131.60,0,10,0.00,0.00,7,Out of Stock (Margin Loss)
3592,JNE3225-KR-L,KURTA - JNE3225,KURTA,349.00,139.60,0,10,0.00,0.00,13,Out of Stock (Margin Loss)
3593,J0159-DR-XS,WESTERN DRESS - J0159,WESTERN DRESS,579.00,231.60,0,10,0.00,0.00,9,Out of Stock (Margin Loss)
3594,JNE3443-KR-M,KURTA - JNE3443,KURTA,517.00,206.80,0,10,0.00,0.00,4,Out of Stock (Margin Loss)
3595,SET272-KR-PP-S,SET - SET272,SET,852.00,340.80,0,10,0.00,0.00,19,Out of Stock (Margin Loss)
3596,SET291-KR-PP-XS,SET - SET291,SET,605.00,242.00,0,10,0.00,0.00,26,Out of Stock (Margin Loss)
3597,NW036-ST-SR-M,SET - NW036,SET,539.00,215.60,0,10,0.00,0.00,8,Out of Stock (Margin Loss)
3598,JNE3394-KR-XXL,KURTA - JNE3394,KURTA,414.00,165.60,0,10,0.00,0.00,2,Out of Stock (Margin Loss)
3599,J0112-TP-XL,TOP - J0112,TOP,359.00,143.60,0,10,0.00,0.00,15,Out of Stock (Margin Loss)
3600,JNE3890-TP-XL,TOP - JNE3890,TOP,621.00,248.40,0,10,0.00,0.00,2,Out of Stock (Margin Loss)
3601,JNE3555-KR-XXXL,KURTA - JNE3555,KURTA,487.00,194.80,0,10,0.00,0.00,29,Out of Stock (Margin Loss)
3602,J0122-TP-XL,TOP - J0122,TOP,330.00,132.00,0,10,0.00,0.00,16,Out of Stock (Margin Loss)
3603,SET038-KR-PP-S,SET - SET038,SET,579.00,231.60,0,10,0.00,0.00,25,Out of Stock (Margin Loss)
3604,SET048-KR-NP-XXXL,SET - SET048,SET,648.00,259.20,0,10,0.00,0.00,9,Out of Stock (Margin Loss)
3605,JNE1233-BLUE-KR-031-XXXL,KURTA - JNE1233,KURTA,382.00,152.80,0,10,0.00,0.00,16,Out of Stock (Margin Loss)
3607,J0228-SKD-XXXL,SET - J0228,SET,1698.00,679.20,0,10,0.00,0.00,9,Out of Stock (Margin Loss)
3609,JNE3284-KR-XL,KURTA - JNE3284,KURTA,0.00,0.00,0,10,0.00,0.00,0,Out of Stock (Margin Loss)
3610,SET372-KR-PP-S,SET - SET372,SET,647.00,258.80,0,10,0.00,0.00,1,Out of Stock (Margin Loss)
3611,NW001-TP-PJ-XXL,SET - NW001,SET,563.00,225.20,0,10,0.00,0.00,16,Out of Stock (Margin Loss)
3612,J0210-DR-S,ETHNIC DRESS - J0210,ETHNIC DRESS,1125.00,450.00,0,10,0.00,0.00,18,Out of Stock (Margin Loss)
3613,JNE3719-KR-XXL,KURTA - JNE3719,KURTA,399.00,159.60,0,10,0.00,0.00,6,Out of Stock (Margin Loss)
3614,JNE3861-DR-XL,WESTERN DRESS - JNE3861,WESTERN DRESS,1099.00,439.60,0,10,0.00,0.00,53,Out of Stock (Margin Loss)
3615,J0346-SET-XL,SET - J0346,SET,478.00,191.20,0,10,0.00,0.00,62,Out of Stock (Margin Loss)
3616,JNE1234-MULTI-KR-032-L,KURTA - JNE1234,KURTA,301.00,120.40,0,10,0.00,0.00,10,Out of Stock (Margin Loss)
3617,SET260-KR-PP-S,SET - SET260,SET,571.00,228.40,0,10,0.00,0.00,6,Out of Stock (Margin Loss)
3618,J0209-DR-XXXL,ETHNIC DRESS - J0209,ETHNIC DRESS,885.00,354.00,0,10,0.00,0.00,4,Out of Stock (Margin Loss)
3619,JNE3866-KR-XL,KURTA - JNE3866,KURTA,888.00,355.20,0,10,0.00,0.00,8,Out of Stock (Margin Loss)
3620,JNE2294-KR-A-XS,KURTA - JNE2294,KURTA,0.00,0.00,0,10,0.00,0.00,0,Out of Stock (Margin Loss)
3621,JNE3802-KR-L,KURTA - JNE3802,KURTA,487.00,194.80,0,10,0.00,0.00,40,Out of Stock (Margin Loss)
3622,JNE3816-KR-M,KURTA - JNE3816,KURTA,521.00,208.40,0,10,0.00,0.00,8,Out of Stock (Margin Loss)
3623,JNE3622-KR-XXXL,KURTA - JNE3622,KURTA,405.00,162.00,0,10,0.00,0.00,9,Out of Stock (Margin Loss)
3624,NW001-TP-PJ-XS,SET - NW001,SET,563.00,225.20,0,10,0.00,0.00,4,Out of Stock (Margin Loss)
3625,SET311-KR-NP-XL,SET - SET311,SET,925.00,370.00,0,10,0.00,0.00,1,Out of Stock (Margin Loss)
3626,JNE3893-TP-XXXL,TOP - JNE3893,TOP,817.00,326.80,0,10,0.00,0.00,3,Out of Stock (Margin Loss)
3627,NW005-ST-PJ-XL,SET - NW005,SET,599.00,239.60,0,10,0.00,0.00,36,Out of Stock (Margin Loss)
3628,JNE1951-KR-155-XS,KURTA - JNE1951,KURTA,368.00,147.20,0,10,0.00,0.00,3,Out of Stock (Margin Loss)
3629,J0112-TP-L,TOP - J0112,TOP,359.00,143.60,0,10,0.00,0.00,14,Out of Stock (Margin Loss)
3630,BTM044-PP-XS,BOTTOM - BTM044,BOTTOM,360.00,144.00,0,10,0.00,0.00,1,Out of Stock (Margin Loss)
3631,SET187-KR-DH-S,SET - SET187,SET,699.00,279.60,0,10,0.00,0.00,22,Out of Stock (Margin Loss)
3632,NW038-ST-SR-XL,SET - NW038,SET,525.00,210.00,0,10,0.00,0.00,8,Out of Stock (Margin Loss)
3633,J0085-TP-XL,TOP - J0085,TOP,421.00,168.40,0,10,0.00,0.00,13,Out of Stock (Margin Loss)
3634,JNE3887-KR-XXL,KURTA - JNE3887,KURTA,526.00,210.40,0,10,0.00,0.00,15,Out of Stock (Margin Loss)
3635,JNE3438-KR-M,KURTA - JNE3438,KURTA,0.00,0.00,0,10,0.00,0.00,2,Out of Stock (Margin Loss)
3636,J0373-KR-M,KURTA - J0373,KURTA,620.00,248.00,0,10,0.00,0.00,18,Out of Stock (Margin Loss)
3637,SET398-KR-PP-XS,SET - SET398,SET,1186.00,474.40,0,10,0.00,0.00,30,Out of Stock (Margin Loss)
3638,J0062-DR-L,WESTERN DRESS - J0062,WESTERN DRESS,475.00,190.00,0,10,0.00,0.00,1,Out of Stock (Margin Loss)
3640,SET329-KR-NP-L,SET - SET329,SET,666.00,266.40,0,10,0.00,0.00,42,Out of Stock (Margin Loss)
3641,J0124-TP-M,TOP - J0124,TOP,766.00,306.40,0,10,0.00,0.00,8,Out of Stock (Margin Loss)
3642,J0092-SET-L,SET - J0092,SET,1008.00,403.20,0,10,0.00,0.00,23,Out of Stock (Margin Loss)
3643,JNE3766-KR-XL,KURTA - JNE3766,KURTA,517.00,206.80,0,10,0.00,0.00,5,Out of Stock (Margin Loss)
3644,AN211-BLACK-L,BOTTOM - AN211,BOTTOM,301.00,120.40,0,10,0.00,0.00,6,Out of Stock (Margin Loss)
3646,J0186-SET-XXL,SET - J0186,SET,848.00,339.20,0,10,0.00,0.00,7,Out of Stock (Margin Loss)
3648,JNE3674-TU-M,TOP - JNE3674,TOP,798.00,319.20,0,10,0.00,0.00,30,Out of Stock (Margin Loss)
3649,SET202-KR-NP-M,SET - SET202,SET,383.00,153.20,0,10,0.00,0.00,2,Out of Stock (Margin Loss)
3650,JNE2014-KR-178-L,KURTA - JNE2014,KURTA,359.00,143.60,0,10,0.00,0.00,87,Out of Stock (Margin Loss)
3651,JNE3579-KR-XXXL,KURTA - JNE3579,KURTA,310.00,124.00,0,10,0.00,0.00,32,Out of Stock (Margin Loss)
3653,JNE3879-DR-XS,WESTERN DRESS - JNE3879,WESTERN DRESS,791.00,316.40,0,10,0.00,0.00,2,Out of Stock (Margin Loss)
3654,JNE3860-DR-XXL,WESTERN DRESS - JNE3860,WESTERN DRESS,736.00,294.40,0,10,0.00,0.00,19,Out of Stock (Margin Loss)
3655,J0294-TP-XXL,TOP - J0294,TOP,396.00,158.40,0,10,0.00,0.00,4,Out of Stock (Margin Loss)
3657,JNE3618-KR-S,KURTA - JNE3618,KURTA,399.00,159.60,0,10,0.00,0.00,41,Out of Stock (Margin Loss)
3658,JNE3694-KR-L,KURTA - JNE3694,KURTA,295.00,118.00,0,10,0.00,0.00,1,Out of Stock (Margin Loss)
3659,J0233-SKD-L,SET - J0233,SET,1299.00,519.60,0,10,0.00,0.00,12,Out of Stock (Margin Loss)
3660,SET317-KR-PP-M,SET - SET317,SET,1199.00,479.60,0,10,0.00,0.00,22,Out of Stock (Margin Loss)
3661,JNE3363-KR-1032-XL,KURTA - JNE3363,KURTA,399.00,159.60,0,10,0.00,0.00,37,Out of Stock (Margin Loss)
3663,J0109-SKD-XXL,SET - J0109,SET,1299.00,519.60,0,10,0.00,0.00,7,Out of Stock (Margin Loss)
3664,JNE3879-DR-L,WESTERN DRESS - JNE3879,WESTERN DRESS,1099.00,439.60,0,10,0.00,0.00,19,Out of Stock (Margin Loss)
3665,NW015-TP-PJ-XL,SET - NW015,SET,517.00,206.80,0,10,0.00,0.00,6,Out of Stock (Margin Loss)
3666,J0008-SKD-XL,SET - J0008,SET,1147.00,458.80,0,10,0.00,0.00,83,Out of Stock (Margin Loss)
3667,JNE3473-KR-XXXL,KURTA - JNE3473,KURTA,487.00,194.80,0,10,0.00,0.00,6,Out of Stock (Margin Loss)
3668,JNE3560-KR-XXL,KURTA - JNE3560,KURTA,544.00,217.60,0,10,0.00,0.00,54,Out of Stock (Margin Loss)
3669,SET363-KR-NP-XXXL,SET - SET363,SET,1354.00,541.60,0,10,0.00,0.00,43,Out of Stock (Margin Loss)
3670,SET319-KR-NP-XXL,SET - SET319,SET,949.00,379.60,0,10,0.00,0.00,24,Out of Stock (Margin Loss)
3672,JNE3518-KR-XXXL,KURTA - JNE3518,KURTA,487.00,194.80,0,10,0.00,0.00,23,Out of Stock (Margin Loss)
3673,SET229-KR-PP-XS,SET - SET229,SET,899.00,359.60,0,10,0.00,0.00,7,Out of Stock (Margin Loss)
3674,MEN5016-KR-S,KURTA - MEN5016,KURTA,495.00,198.00,0,10,0.00,0.00,19,Out of Stock (Margin Loss)
3675,SET373-KR-PP-S,SET - SET373,SET,899.00,359.60,0,10,0.00,0.00,10,Out of Stock (Margin Loss)
3676,J0136-KR-XL,KURTA - J0136,KURTA,568.00,227.20,0,10,0.00,0.00,11,Out of Stock (Margin Loss)
3677,JNE3897-KR-S,KURTA - JNE3897,KURTA,582.00,232.80,0,10,0.00,0.00,2,Out of Stock (Margin Loss)
3678,JNE3714-KR-XXXL,KURTA - JNE3714,KURTA,487.00,194.80,0,10,0.00,0.00,29,Out of Stock (Margin Loss)
3679,SET265-KR-NP-XXXL,SET - SET265,SET,889.00,355.60,0,10,0.00,0.00,27,Out of Stock (Margin Loss)
3680,JNE3609-KR-XS,KURTA - JNE3609,KURTA,568.00,227.20,0,10,0.00,0.00,11,Out of Stock (Margin Loss)
3681,BL101-XXL,BLOUSE - BL101,BLOUSE,249.00,99.60,0,10,0.00,0.00,1,Out of Stock (Margin Loss)
3682,JNE3407-KR-XS,KURTA - JNE3407,KURTA,249.00,99.60,0,10,0.00,0.00,3,Out of Stock (Margin Loss)
3683,SET037-KR-NP-S,SET - SET037,SET,612.00,244.80,0,10,0.00,0.00,15,Out of Stock (Margin Loss)
3684,JNE3614-KR-M,KURTA - JNE3614,KURTA,459.00,183.60,0,10,0.00,0.00,41,Out of Stock (Margin Loss)
3685,J0217-BL-M,BLOUSE - J0217,BLOUSE,879.00,351.60,0,10,0.00,0.00,31,Out of Stock (Margin Loss)
3686,JNE3522-KR-M,KURTA - JNE3522,KURTA,342.00,136.80,0,10,0.00,0.00,34,Out of Stock (Margin Loss)
3687,SET358-KR-NP-S,SET - SET358,SET,1398.00,559.20,0,10,0.00,0.00,16,Out of Stock (Margin Loss)
3688,JNE3621-KR-XL,KURTA - JNE3621,KURTA,455.00,182.00,0,10,0.00,0.00,13,Out of Stock (Margin Loss)
3690,SET408-KR-NP-L,SET - SET408,SET,599.00,239.60,0,10,0.00,0.00,13,Out of Stock (Margin Loss)
3691,SET281-KR-PP-S,SET - SET281,SET,499.00,199.60,0,10,0.00,0.00,15,Out of Stock (Margin Loss)
3692,JNE3669-TU-XL,TOP - JNE3669,TOP,625.00,250.00,0,10,0.00,0.00,25,Out of Stock (Margin Loss)
3693,AN213-BROWN-L,BOTTOM - AN213,BOTTOM,301.00,120.40,0,10,0.00,0.00,4,Out of Stock (Margin Loss)
3694,SET389-KR-NP-L,SET - SET389,SET,680.00,272.00,0,10,0.00,0.00,48,Out of Stock (Margin Loss)
3695,JNE3709-DR-XXL,WESTERN DRESS - JNE3709,WESTERN DRESS,1013.00,405.20,0,10,0.00,0.00,17,Out of Stock (Margin Loss)
3696,MEN5028-KR-S,KURTA - MEN5028,KURTA,499.00,199.60,0,10,0.00,0.00,1,Out of Stock (Margin Loss)
3697,MEN5026-KR-XXXL,KURTA - MEN5026,KURTA,709.00,283.60,0,10,0.00,0.00,13,Out of Stock (Margin Loss)
3698,SET383-KR-NP-XL,SET - SET383,SET,699.00,279.60,0,10,0.00,0.00,22,Out of Stock (Margin Loss)
3699,JNE3662-TP-S,TOP - JNE3662,TOP,399.00,159.60,0,10,0.00,0.00,13,Out of Stock (Margin Loss)
3700,NW035-ST-CP-L,SET - NW035,SET,582.00,232.80,0,10,0.00,0.00,5,Out of Stock (Margin Loss)
3701,J0379-SKD-XS,SET - J0379,SET,1369.00,547.60,0,10,0.00,0.00,13,Out of Stock (Margin Loss)
3702,SET361-KR-NP-S,SET - SET361,SET,1477.00,590.80,0,10,0.00,0.00,23,Out of Stock (Margin Loss)
3703,J0277-SKD-M,SET - J0277,SET,1576.00,630.40,0,10,0.00,0.00,61,Out of Stock (Margin Loss)
3704,J0329-KR-M,KURTA - J0329,KURTA,737.00,294.80,0,10,0.00,0.00,9,Out of Stock (Margin Loss)
3705,SET154-KR-NP-M,SET - SET154,SET,832.00,332.80,0,10,0.00,0.00,12,Out of Stock (Margin Loss)
3706,SET116-KR-NP-XXXL,SET - SET116,SET,591.00,236.40,0,10,0.00,0.00,11,Out of Stock (Margin Loss)
3707,JNE3663-TP-S,TOP - JNE3663,TOP,354.00,141.60,0,10,0.00,0.00,5,Out of Stock (Margin Loss)
3708,J0004-SKD-XXL,SET - J0004,SET,1186.00,474.40,0,10,0.00,0.00,31,Out of Stock (Margin Loss)
3709,JNE3459-KR-XXL,KURTA - JNE3459,KURTA,442.00,176.80,0,10,0.00,0.00,9,Out of Stock (Margin Loss)
3710,J0005-DR-XXXL,WESTERN DRESS - J0005,WESTERN DRESS,1249.00,499.60,0,10,0.00,0.00,52,Out of Stock (Margin Loss)
3712,J0341-DR-XL,WESTERN DRESS - J0341,WESTERN DRESS,1229.00,491.60,0,10,0.00,0.00,187,Out of Stock (Margin Loss)
3713,J0353-KR-XL,KURTA - J0353,KURTA,635.00,254.00,0,10,0.00,0.00,39,Out of Stock (Margin Loss)
3714,J0006-SET-XS,ETHNIC DRESS - J0006,ETHNIC DRESS,899.00,359.60,0,10,0.00,0.00,28,Out of Stock (Margin Loss)
3715,CH206-GREEN-XXL,BOTTOM - CH206,BOTTOM,273.00,109.20,0,10,0.00,0.00,1,Out of Stock (Margin Loss)
3716,SET138-KR-PP-XXL,SET - SET138,SET,737.00,294.80,0,10,0.00,0.00,2,Out of Stock (Margin Loss)
3717,SET249-KR-NP-M,SET - SET249,SET,680.00,272.00,0,10,0.00,0.00,19,Out of Stock (Margin Loss)
3718,JNE3729-KR-XXXL,KURTA - JNE3729,KURTA,348.00,139.20,0,10,0.00,0.00,8,Out of Stock (Margin Loss)
3719,JNE3678-TU-M,TOP - JNE3678,TOP,545.00,218.00,0,10,0.00,0.00,8,Out of Stock (Margin Loss)
3720,J0126-SKD-M,SET - J0126,SET,849.00,339.60,0,10,0.00,0.00,19,Out of Stock (Margin Loss)
3721,BL095-M,BLOUSE - BL095,BLOUSE,460.00,184.00,0,10,0.00,0.00,1,Out of Stock (Margin Loss)
3722,CH203-MAROON-L,BOTTOM - CH203,BOTTOM,273.00,109.20,0,10,0.00,0.00,2,Out of Stock (Margin Loss)
3723,J0172-TP-XL,TOP - J0172,TOP,518.00,207.20,0,10,0.00,0.00,22,Out of Stock (Margin Loss)
3724,J0291-JS-M,SET - J0291,SET,859.00,343.60,0,10,0.00,0.00,3,Out of Stock (Margin Loss)
3725,JNE3687-TU-S,TOP - JNE3687,TOP,764.00,305.60,0,10,0.00,0.00,16,Out of Stock (Margin Loss)
3726,SET197-KR-NP-L,SET - SET197,SET,759.00,303.60,0,10,0.00,0.00,155,Out of Stock (Margin Loss)
3727,SET203-KR-DPT-S,SET - SET203,SET,449.00,179.60,0,10,0.00,0.00,42,Out of Stock (Margin Loss)
3728,JNE3870-DR-XXXL,WESTERN DRESS - JNE3870,WESTERN DRESS,998.00,399.20,0,10,0.00,0.00,36,Out of Stock (Margin Loss)
3729,J0041-SET-XXL,SET - J0041,SET,660.00,264.00,0,10,0.00,0.00,19,Out of Stock (Margin Loss)
3730,JNE3404-KR-M,KURTA - JNE3404,KURTA,517.00,206.80,0,10,0.00,0.00,18,Out of Stock (Margin Loss)
3731,SET156-KR-NP-L,SET - SET156,SET,716.00,286.40,0,10,0.00,0.00,10,Out of Stock (Margin Loss)
3732,JNE3693-KR-XXL,KURTA - JNE3693,KURTA,319.00,127.60,0,10,0.00,0.00,10,Out of Stock (Margin Loss)
3733,SET242-KR-PP-XS,SET - SET242,SET,598.00,239.20,0,10,0.00,0.00,3,Out of Stock (Margin Loss)
3734,JNE3415-KR-M,KURTA - JNE3415,KURTA,297.00,118.80,0,10,0.00,0.00,3,Out of Stock (Margin Loss)
3735,J0340-TP-M,TOP - J0340,TOP,956.00,382.40,0,10,0.00,0.00,76,Out of Stock (Margin Loss)
3737,SET359-KR-NP-S,SET - SET359,SET,1099.00,439.60,0,10,0.00,0.00,6,Out of Stock (Margin Loss)
3738,BTM029-NP-XXL,BOTTOM - BTM029,BOTTOM,518.00,207.20,0,10,0.00,0.00,13,Out of Stock (Margin Loss)
3739,JNE3740-KR-S,KURTA - JNE3740,KURTA,319.00,127.60,0,10,0.00,0.00,5,Out of Stock (Margin Loss)
3740,J0002-SKD-XS,SET - J0002,SET,1186.00,474.40,0,10,0.00,0.00,28,Out of Stock (Margin Loss)
3741,JNE3780-KR-XS,KURTA - JNE3780,KURTA,0.00,0.00,0,10,0.00,0.00,0,Out of Stock (Margin Loss)
3742,SET444-KR-SH-L,SET - SET444,SET,899.00,359.60,0,10,0.00,0.00,9,Out of Stock (Margin Loss)
3743,JNE3765-KR-XL,KURTA - JNE3765,KURTA,517.00,206.80,0,10,0.00,0.00,2,Out of Stock (Margin Loss)
3744,SET433-KR-NP-XL,SET - SET433,SET,666.00,266.40,0,10,0.00,0.00,17,Out of Stock (Margin Loss)
3745,JNE3679-TU-S,TOP - JNE3679,TOP,425.00,170.00,0,10,0.00,0.00,8,Out of Stock (Margin Loss)
3746,JNE3904-DR-XXXL,WESTERN DRESS - JNE3904,WESTERN DRESS,836.00,334.40,0,10,0.00,0.00,24,Out of Stock (Margin Loss)
3747,JNE3672-TU-S,TOP - JNE3672,TOP,574.00,229.60,0,10,0.00,0.00,18,Out of Stock (Margin Loss)
3748,J0354-KR-M,KURTA - J0354,KURTA,635.00,254.00,0,10,0.00,0.00,34,Out of Stock (Margin Loss)
3749,JNE3432-KR-XXXL,KURTA - JNE3432,KURTA,432.00,172.80,0,10,0.00,0.00,4,Out of Stock (Margin Loss)
3750,J0204-TP-XXXL,TOP - J0204,TOP,1039.00,415.60,0,10,0.00,0.00,10,Out of Stock (Margin Loss)
3751,JNE3749-KR-XXL,KURTA - JNE3749,KURTA,499.00,199.60,0,10,0.00,0.00,42,Out of Stock (Margin Loss)
3752,J0091-TP-XXXL,TOP - J0091,TOP,344.00,137.60,0,10,0.00,0.00,11,Out of Stock (Margin Loss)
3754,J0323-CD-M,TOP - J0323,TOP,0.00,0.00,0,10,0.00,0.00,0,Out of Stock (Margin Loss)
3755,SET229-KR-PP-L,SET - SET229,SET,899.00,359.60,0,10,0.00,0.00,19,Out of Stock (Margin Loss)
3756,SET385-KR-NP-XS,SET - SET385,SET,631.00,252.40,0,10,0.00,0.00,4,Out of Stock (Margin Loss)
3757,J0122-TP-XXL,TOP - J0122,TOP,330.00,132.00,0,10,0.00,0.00,30,Out of Stock (Margin Loss)
3758,JNE3902-KR-L,KURTA - JNE3902,KURTA,599.00,239.60,0,10,0.00,0.00,3,Out of Stock (Margin Loss)
3759,SET431-KR-NP-XXL,SET - SET431,SET,899.00,359.60,0,10,0.00,0.00,1,Out of Stock (Margin Loss)
3760,JNE3522-KR-XXL,KURTA - JNE3522,KURTA,342.00,136.80,0,10,0.00,0.00,29,Out of Stock (Margin Loss)
3761,J0414-DR-XXL,WESTERN DRESS - J0414,WESTERN DRESS,1229.00,491.60,0,10,0.00,0.00,5,Out of Stock (Margin Loss)
3762,JNE3637-KR-XL,KURTA - JNE3637,KURTA,526.00,210.40,0,10,0.00,0.00,29,Out of Stock (Margin Loss)
3763,J0155-KR-XL,KURTA - J0155,KURTA,635.00,254.00,0,10,0.00,0.00,2,Out of Stock (Margin Loss)
3764,JNE3445-KR-L,KURTA - JNE3445,KURTA,459.00,183.60,0,10,0.00,0.00,14,Out of Stock (Margin Loss)
3765,SET179-KR-PP-XXL,SET - SET179,SET,499.00,199.60,0,10,0.00,0.00,3,Out of Stock (Margin Loss)
3766,BL111-XS,BLOUSE - BL111,BLOUSE,301.00,120.40,0,10,0.00,0.00,6,Out of Stock (Margin Loss)
3767,JNE2171-KR-437-XS,KURTA - JNE2171,KURTA,518.00,207.20,0,10,0.00,0.00,10,Out of Stock (Margin Loss)
3768,JNE3270-KR-M,KURTA - JNE3270,KURTA,382.00,152.80,0,10,0.00,0.00,4,Out of Stock (Margin Loss)
3769,SET325-KR-NP-XS,SET - SET325,SET,666.00,266.40,0,10,0.00,0.00,11,Out of Stock (Margin Loss)
3770,JNE3348-KR-XXXL,KURTA - JNE3348,KURTA,434.00,173.60,0,10,0.00,0.00,7,Out of Stock (Margin Loss)
3771,SET376-KR-NP-XS,SET - SET376,SET,666.00,266.40,0,10,0.00,0.00,11,Out of Stock (Margin Loss)
3772,J0024-KR-XL,KURTA - J0024,KURTA,329.00,131.60,0,10,0.00,0.00,15,Out of Stock (Margin Loss)
3773,JNE3613-KR-M,KURTA - JNE3613,KURTA,405.00,162.00,0,10,0.00,0.00,77,Out of Stock (Margin Loss)
3774,NW001-TP-PJ-M,SET - NW001,SET,699.00,279.60,0,10,0.00,0.00,15,Out of Stock (Margin Loss)
3775,SET004-KR-SP-M,SET - SET004,SET,711.00,284.40,0,10,0.00,0.00,5,Out of Stock (Margin Loss)
3776,JNE3866-KR-XXXL,KURTA - JNE3866,KURTA,753.00,301.20,0,10,0.00,0.00,3,Out of Stock (Margin Loss)
3777,JNE3739-KR-XS,KURTA - JNE3739,KURTA,459.00,183.60,0,10,0.00,0.00,15,Out of Stock (Margin Loss)
3778,JNE3463-KR-XS,KURTA - JNE3463,KURTA,568.00,227.20,0,10,0.00,0.00,15,Out of Stock (Margin Loss)
3779,BTM036-PP-XXL,BOTTOM - BTM036,BOTTOM,377.00,150.80,0,10,0.00,0.00,7,Out of Stock (Margin Loss)
3780,J0108-SKD-L,SET - J0108,SET,1152.00,460.80,0,10,0.00,0.00,13,Out of Stock (Margin Loss)
3781,J0131-KR-XS,KURTA - J0131,KURTA,369.00,147.60,0,10,0.00,0.00,10,Out of Stock (Margin Loss)
3782,JNE3445-KR-S,KURTA - JNE3445,KURTA,459.00,183.60,0,10,0.00,0.00,7,Out of Stock (Margin Loss)
3783,J0199-SET-XL,SET - J0199,SET,476.00,190.40,0,10,0.00,0.00,2,Out of Stock (Margin Loss)
3784,JNE3476-KR-XXXL,KURTA - JNE3476,KURTA,399.00,159.60,0,10,0.00,0.00,1,Out of Stock (Margin Loss)
3785,JNE3663-TP-L,TOP - JNE3663,TOP,446.00,178.40,0,10,0.00,0.00,1,Out of Stock (Margin Loss)
3786,JNE3611-KR-XL,KURTA - JNE3611,KURTA,469.00,187.60,0,10,0.00,0.00,41,Out of Stock (Margin Loss)
3787,JNE3740-KR-XXXL,KURTA - JNE3740,KURTA,319.00,127.60,0,10,0.00,0.00,11,Out of Stock (Margin Loss)
3788,SET396-KR-PP-XS,SET - SET396,SET,1149.00,459.60,0,10,0.00,0.00,9,Out of Stock (Margin Loss)
3789,SET144-KR-NP-XL,SET - SET144,SET,788.00,315.20,0,10,0.00,0.00,36,Out of Stock (Margin Loss)
3790,SET034-KR-NP-S,SET - SET034,SET,522.00,208.80,0,10,0.00,0.00,1,Out of Stock (Margin Loss)
3791,J0124-TP-XS,TOP - J0124,TOP,570.00,228.00,0,10,0.00,0.00,4,Out of Stock (Margin Loss)
3792,JNE3625-DR-L,WESTERN DRESS - JNE3625,WESTERN DRESS,453.00,181.20,0,10,0.00,0.00,5,Out of Stock (Margin Loss)
3793,SET273-KR-NP-M,SET - SET273,SET,612.00,244.80,0,10,0.00,0.00,89,Out of Stock (Margin Loss)
3794,J0088-TP-XS,TOP - J0088,TOP,497.00,198.80,0,10,0.00,0.00,5,Out of Stock (Margin Loss)
3795,J0197-TP-L,TOP - J0197,TOP,625.00,250.00,0,10,0.00,0.00,22,Out of Stock (Margin Loss)
3796,JNE3892-TP-XXL,TOP - JNE3892,TOP,751.00,300.40,0,10,0.00,0.00,15,Out of Stock (Margin Loss)
3797,J0376-SKD-XS,SET - J0376,SET,1063.00,425.20,0,10,0.00,0.00,24,Out of Stock (Margin Loss)
3798,JNE3680-TU-XXL,TOP - JNE3680,TOP,758.00,303.20,0,10,0.00,0.00,29,Out of Stock (Margin Loss)
3799,SET341-KR-NP-M,SET - SET341,SET,899.00,359.60,0,10,0.00,0.00,27,Out of Stock (Margin Loss)
3800,J0342-TP-L,TOP - J0342,TOP,879.00,351.60,0,10,0.00,0.00,46,Out of Stock (Margin Loss)
3801,JNE3802-KR-XS,KURTA - JNE3802,KURTA,487.00,194.80,0,10,0.00,0.00,23,Out of Stock (Margin Loss)
3802,JNE3764-KR-S,KURTA - JNE3764,KURTA,487.00,194.80,0,10,0.00,0.00,30,Out of Stock (Margin Loss)
3803,JNE3866-KR-L,KURTA - JNE3866,KURTA,888.00,355.20,0,10,0.00,0.00,7,Out of Stock (Margin Loss)
3804,JNE3616-KR-XXL,KURTA - JNE3616,KURTA,320.00,128.00,0,10,0.00,0.00,29,Out of Stock (Margin Loss)
3805,JNE3686-TU-XXL,TOP - JNE3686,TOP,536.00,214.40,0,10,0.00,0.00,36,Out of Stock (Margin Loss)
3806,NW022-TP-PJ-S,SET - NW022,SET,744.00,297.60,0,10,0.00,0.00,1,Out of Stock (Margin Loss)
3807,BTM026-NP-XXXL,BOTTOM - BTM026,BOTTOM,518.00,207.20,0,10,0.00,0.00,2,Out of Stock (Margin Loss)
3808,BL087-XS,BLOUSE - BL087,BLOUSE,460.00,184.00,0,10,0.00,0.00,2,Out of Stock (Margin Loss)
3809,JNE3908-KR-L,KURTA - JNE3908,KURTA,692.00,276.80,0,10,0.00,0.00,2,Out of Stock (Margin Loss)
3811,J0339-DR-L,WESTERN DRESS - J0339,WESTERN DRESS,1091.00,436.40,0,10,0.00,0.00,119,Out of Stock (Margin Loss)
3812,MEN5024-KR-M,KURTA - MEN5024,KURTA,665.00,266.00,0,10,0.00,0.00,32,Out of Stock (Margin Loss)
3813,JNE3738-KR-XXXL,KURTA - JNE3738,KURTA,459.00,183.60,0,10,0.00,0.00,9,Out of Stock (Margin Loss)
3814,SET197-KR-NP-XL,SET - SET197,SET,759.00,303.60,0,10,0.00,0.00,55,Out of Stock (Margin Loss)
3815,JNE3800-KR-XS,WESTERN DRESS - JNE3800,WESTERN DRESS,771.00,308.40,0,10,0.00,0.00,31,Out of Stock (Margin Loss)
3816,J0231-SKD-XXL,SET - J0231,SET,1281.00,512.40,0,10,0.00,0.00,6,Out of Stock (Margin Loss)
3817,J0306-DR-XS,WESTERN DRESS - J0306,WESTERN DRESS,1044.00,417.60,0,10,0.00,0.00,10,Out of Stock (Margin Loss)
3818,SET306-KR-PP-M,SET - SET306,SET,696.00,278.40,0,10,0.00,0.00,41,Out of Stock (Margin Loss)
3819,SET202-KR-NP-XXXL,SET - SET202,SET,383.00,153.20,0,10,0.00,0.00,5,Out of Stock (Margin Loss)
3820,JNE3770-KR-XXL,KURTA - JNE3770,KURTA,487.00,194.80,0,10,0.00,0.00,12,Out of Stock (Margin Loss)
3821,J0168-DR-M,ETHNIC DRESS - J0168,ETHNIC DRESS,443.00,177.20,0,10,0.00,0.00,1,Out of Stock (Margin Loss)
3822,JNE3560-KR-XS,KURTA - JNE3560,KURTA,544.00,217.60,0,10,0.00,0.00,19,Out of Stock (Margin Loss)
3823,JNE3602-KR-XXXL,KURTA - JNE3602,KURTA,399.00,159.60,0,10,0.00,0.00,6,Out of Stock (Margin Loss)
3824,SET224-KR-NP-XS,SET - SET224,SET,1369.00,547.60,0,10,0.00,0.00,28,Out of Stock (Margin Loss)
3825,JNE2132-KR-398-M,KURTA - JNE2132,KURTA,566.00,226.40,0,10,0.00,0.00,4,Out of Stock (Margin Loss)
3826,J0300-TP-XXL,TOP - J0300,TOP,310.00,124.00,0,10,0.00,0.00,12,Out of Stock (Margin Loss)
3827,BTM041-PP-XS,BOTTOM - BTM041,BOTTOM,345.00,138.00,0,10,0.00,0.00,3,Out of Stock (Margin Loss)
3828,JNE3563-KR-XXL,KURTA - JNE3563,KURTA,472.00,188.80,0,10,0.00,0.00,7,Out of Stock (Margin Loss)
3829,BTM039-PP-L,BOTTOM - BTM039,BOTTOM,360.00,144.00,0,10,0.00,0.00,21,Out of Stock (Margin Loss)
3830,JNE3782-KR-XL,KURTA - JNE3782,KURTA,544.00,217.60,0,10,0.00,0.00,19,Out of Stock (Margin Loss)
3831,JNE3637-KR-S,KURTA - JNE3637,KURTA,526.00,210.40,0,10,0.00,0.00,19,Out of Stock (Margin Loss)
3832,SET346-KR-PP-M,SET - SET346,SET,774.00,309.60,0,10,0.00,0.00,5,Out of Stock (Margin Loss)
3834,BTM037-PP-XXXL,BOTTOM - BTM037,BOTTOM,360.00,144.00,0,10,0.00,0.00,6,Out of Stock (Margin Loss)
3835,J0171-DR-M,WESTERN DRESS - J0171,WESTERN DRESS,488.00,195.20,0,10,0.00,0.00,5,Out of Stock (Margin Loss)
3836,JNE3666-TP-S,TOP - JNE3666,TOP,299.00,119.60,0,10,0.00,0.00,8,Out of Stock (Margin Loss)
3837,AN202-ORANGE-M,BOTTOM - AN202,BOTTOM,301.00,120.40,0,10,0.00,0.00,4,Out of Stock (Margin Loss)
3838,SET289-KR-NP-S,SET - SET289,SET,526.00,210.40,0,10,0.00,0.00,6,Out of Stock (Margin Loss)
3839,JNE3434-KR-S,KURTA - JNE3434,KURTA,319.00,127.60,0,10,0.00,0.00,20,Out of Stock (Margin Loss)
3840,J0247-SKD-XXL,SET - J0247,SET,820.00,328.00,0,10,0.00,0.00,3,Out of Stock (Margin Loss)
3841,SAR097,SAREE - SAR097,SAREE,648.00,259.20,0,10,0.00,0.00,1,Out of Stock (Margin Loss)
3842,SET444-KR-SH-XXL,SET - SET444,SET,899.00,359.60,0,10,0.00,0.00,8,Out of Stock (Margin Loss)
3844,JNE3753-KR-M,KURTA - JNE3753,KURTA,499.00,199.60,0,10,0.00,0.00,4,Out of Stock (Margin Loss)
3845,JNE3766-KR-S,KURTA - JNE3766,KURTA,517.00,206.80,0,10,0.00,0.00,4,Out of Stock (Margin Loss)
3846,J0176-TP-S,TOP - J0176,TOP,387.00,154.80,0,10,0.00,0.00,9,Out of Stock (Margin Loss)
3847,SET153-KR-NP-XXXL,SET - SET153,SET,461.00,184.40,0,10,0.00,0.00,1,Out of Stock (Margin Loss)
3849,SET319-KR-NP-L,SET - SET319,SET,949.00,379.60,0,10,0.00,0.00,40,Out of Stock (Margin Loss)
3850,JNE3553-KR-XXXL,KURTA - JNE3553,KURTA,517.00,206.80,0,10,0.00,0.00,8,Out of Stock (Margin Loss)
3851,JNE3665-TP-L,TOP - JNE3665,TOP,545.00,218.00,0,10,0.00,0.00,34,Out of Stock (Margin Loss)
3852,SET398-KR-PP-XXL,SET - SET398,SET,1249.00,499.60,0,10,0.00,0.00,81,Out of Stock (Margin Loss)
3853,SET209-KR-PP-XS,SET - SET209,SET,548.00,219.20,0,10,0.00,0.00,5,Out of Stock (Margin Loss)
3854,SET171-KR-NP-XL,SET - SET171,SET,817.00,326.80,0,10,0.00,0.00,33,Out of Stock (Margin Loss)
3855,JNE3294-KR-M,KURTA - JNE3294,KURTA,449.00,179.60,0,10,0.00,0.00,40,Out of Stock (Margin Loss)
3856,JNE3506-KR-M,KURTA - JNE3506,KURTA,635.00,254.00,0,10,0.00,0.00,16,Out of Stock (Margin Loss)
3857,JNE3255-KR-XS,KURTA - JNE3255,KURTA,487.00,194.80,0,10,0.00,0.00,1,Out of Stock (Margin Loss)
3858,BTM038-PP-XXL,BOTTOM - BTM038,BOTTOM,379.00,151.60,0,10,0.00,0.00,5,Out of Stock (Margin Loss)
3859,J0302-DR-XL,WESTERN DRESS - J0302,WESTERN DRESS,0.00,0.00,0,10,0.00,0.00,4,Out of Stock (Margin Loss)
3860,AN201-RED-XL,BOTTOM - AN201,BOTTOM,301.00,120.40,0,10,0.00,0.00,2,Out of Stock (Margin Loss)
3861,SET313-KR-NP-XS,SET - SET313,SET,1099.00,439.60,0,10,0.00,0.00,3,Out of Stock (Margin Loss)
3862,JNE3869-DR-XS,WESTERN DRESS - JNE3869,WESTERN DRESS,948.00,379.20,0,10,0.00,0.00,20,Out of Stock (Margin Loss)
3863,SET310-KR-NP-L,SET - SET310,SET,1228.00,491.20,0,10,0.00,0.00,32,Out of Stock (Margin Loss)
3864,J0299-KR-M,KURTA - J0299,KURTA,345.00,138.00,0,10,0.00,0.00,5,Out of Stock (Margin Loss)
3865,J0209-DR-L,ETHNIC DRESS - J0209,ETHNIC DRESS,998.00,399.20,0,10,0.00,0.00,22,Out of Stock (Margin Loss)
3866,J0161-DR-XS,WESTERN DRESS - J0161,WESTERN DRESS,473.00,189.20,0,10,0.00,0.00,7,Out of Stock (Margin Loss)
3867,JNE3476-KR-XS,KURTA - JNE3476,KURTA,405.00,162.00,0,10,0.00,0.00,7,Out of Stock (Margin Loss)
3868,BL022-71BEIGE,BLOUSE - BL022,BLOUSE,419.00,167.60,0,10,0.00,0.00,5,Out of Stock (Margin Loss)
3869,MEN5003-KR-S,KURTA - MEN5003,KURTA,633.00,253.20,0,10,0.00,0.00,14,Out of Stock (Margin Loss)
3870,J0232-SKD-S,SET - J0232,SET,1213.00,485.20,0,10,0.00,0.00,2,Out of Stock (Margin Loss)
3871,JNE3273-KR-M,KURTA - JNE3273,KURTA,499.00,199.60,0,10,0.00,0.00,23,Out of Stock (Margin Loss)
3872,SET202-KR-NP-XL,SET - SET202,SET,383.00,153.20,0,10,0.00,0.00,1,Out of Stock (Margin Loss)
3873,NW016-ST-SR-M,SET - NW016,SET,560.00,224.00,0,10,0.00,0.00,18,Out of Stock (Margin Loss)
3874,JNE3773-KR-L,KURTA - JNE3773,KURTA,301.00,120.40,0,10,0.00,0.00,13,Out of Stock (Margin Loss)
3875,JNE1906-KR-031-XXXL,KURTA - JNE1906,KURTA,382.00,152.80,0,10,0.00,0.00,23,Out of Stock (Margin Loss)
3876,SET355-KR-PP-S,SET - SET355,SET,1426.00,570.40,0,10,0.00,0.00,40,Out of Stock (Margin Loss)
3877,J0126-SKD-L,SET - J0126,SET,818.00,327.20,0,10,0.00,0.00,21,Out of Stock (Margin Loss)
3878,JNE3549-KR-XXXL,KURTA - JNE3549,KURTA,347.00,138.80,0,10,0.00,0.00,14,Out of Stock (Margin Loss)
3879,JNE3364-KR-1051-XL,KURTA - JNE3364,KURTA,376.00,150.40,0,10,0.00,0.00,19,Out of Stock (Margin Loss)
3880,PJNE3607-KR-6XL,KURTA - PJNE3607,KURTA,869.00,347.60,0,10,0.00,0.00,14,Out of Stock (Margin Loss)
3881,SET301-KR-PP-XL,SET - SET301,SET,0.00,0.00,0,10,0.00,0.00,3,Out of Stock (Margin Loss)
3882,JNE3480-KR-M,KURTA - JNE3480,KURTA,301.00,120.40,0,10,0.00,0.00,16,Out of Stock (Margin Loss)
3883,JNE3401-KR-S,KURTA - JNE3401,KURTA,301.00,120.40,0,10,0.00,0.00,7,Out of Stock (Margin Loss)
3884,MEN5027-KR-M,KURTA - MEN5027,KURTA,625.00,250.00,0,10,0.00,0.00,29,Out of Stock (Margin Loss)
3886,SET290-KR-DPT-L,SET - SET290,SET,832.00,332.80,0,10,0.00,0.00,33,Out of Stock (Margin Loss)
3887,J0297-TP-M,TOP - J0297,TOP,758.00,303.20,0,10,0.00,0.00,35,Out of Stock (Margin Loss)
3888,SET217-KR-PP-XXXL,SET - SET217,SET,825.00,330.00,0,10,0.00,0.00,18,Out of Stock (Margin Loss)
3889,J0254-SKD-XXXL,SET - J0254,SET,789.00,315.60,0,10,0.00,0.00,3,Out of Stock (Margin Loss)
3890,NW034-TP-PJ-XS,SET - NW034,SET,774.00,309.60,0,10,0.00,0.00,13,Out of Stock (Margin Loss)
3891,JNE3803-KR-XS,KURTA - JNE3803,KURTA,487.00,194.80,0,10,0.00,0.00,7,Out of Stock (Margin Loss)
3892,JNE3225-KR-XXXL,KURTA - JNE3225,KURTA,0.00,0.00,0,10,0.00,0.00,5,Out of Stock (Margin Loss)
3893,JNE3700-KR-S,KURTA - JNE3700,KURTA,299.00,119.60,0,10,0.00,0.00,4,Out of Stock (Margin Loss)
3894,J0339-DR-S,WESTERN DRESS - J0339,WESTERN DRESS,1091.00,436.40,0,10,0.00,0.00,101,Out of Stock (Margin Loss)
3895,JNE3813-KR-XXL,KURTA - JNE3813,KURTA,635.00,254.00,0,10,0.00,0.00,13,Out of Stock (Margin Loss)
3896,J0215-BL-S,BLOUSE - J0215,BLOUSE,726.00,290.40,0,10,0.00,0.00,13,Out of Stock (Margin Loss)
3897,SET194-KR-NP-XL,SET - SET194,SET,641.00,256.40,0,10,0.00,0.00,26,Out of Stock (Margin Loss)
3898,JNE3804-KR-XS,KURTA - JNE3804,KURTA,487.00,194.80,0,10,0.00,0.00,6,Out of Stock (Margin Loss)
3899,BTM047-PP-S,BOTTOM - BTM047,BOTTOM,345.00,138.00,0,10,0.00,0.00,4,Out of Stock (Margin Loss)
3900,J0334-TP-XXL,TOP - J0334,TOP,836.00,334.40,0,10,0.00,0.00,14,Out of Stock (Margin Loss)
3901,SET326-KR-PP-L,SET - SET326,SET,666.00,266.40,0,10,0.00,0.00,27,Out of Stock (Margin Loss)
3902,J0089-TP-S,TOP - J0089,TOP,360.00,144.00,0,10,0.00,0.00,4,Out of Stock (Margin Loss)
3903,SET414-KR-NP-XL,SET - SET414,SET,999.00,399.60,0,10,0.00,0.00,10,Out of Stock (Margin Loss)
3904,JNE3691-TU-L,TOP - JNE3691,TOP,908.00,363.20,0,10,0.00,0.00,50,Out of Stock (Margin Loss)
3905,SET276-KR-PP-XS,SET - SET276,SET,1238.00,495.20,0,10,0.00,0.00,5,Out of Stock (Margin Loss)
3906,SET210-KR-PP-L,SET - SET210,SET,575.00,230.00,0,10,0.00,0.00,39,Out of Stock (Margin Loss)
3907,SET075-KR-DH-S,SET - SET075,SET,648.00,259.20,0,10,0.00,0.00,8,Out of Stock (Margin Loss)
3908,JNE3615-KR-M,KURTA - JNE3615,KURTA,319.00,127.60,0,10,0.00,0.00,5,Out of Stock (Margin Loss)
3909,J0198-TP-XXL,TOP - J0198,TOP,625.00,250.00,0,10,0.00,0.00,17,Out of Stock (Margin Loss)
3910,BTM045-PP-M,BOTTOM - BTM045,BOTTOM,331.00,132.40,0,10,0.00,0.00,3,Out of Stock (Margin Loss)
3911,SET226-KR-PP-XXXL,SET - SET226,SET,799.00,319.60,0,10,0.00,0.00,3,Out of Stock (Margin Loss)
3912,SET275-KR-NP-XL,SET - SET275,SET,684.00,273.60,0,10,0.00,0.00,31,Out of Stock (Margin Loss)
3913,JNE3425-KR-M,KURTA - JNE3425,KURTA,329.00,131.60,0,10,0.00,0.00,7,Out of Stock (Margin Loss)
3914,JNE3461-KR-XS,KURTA - JNE3461,KURTA,399.00,159.60,0,10,0.00,0.00,19,Out of Stock (Margin Loss)
3915,JNE3835-KR-S,KURTA - JNE3835,KURTA,666.00,266.40,0,10,0.00,0.00,19,Out of Stock (Margin Loss)
3917,SET244-KR-NP-XXL,SET - SET244,SET,799.00,319.60,0,10,0.00,0.00,9,Out of Stock (Margin Loss)
3918,JNE3730-KR-S,KURTA - JNE3730,KURTA,301.00,120.40,0,10,0.00,0.00,16,Out of Stock (Margin Loss)
3919,SET410-KR-NP-XS,SET - SET410,SET,568.00,227.20,0,10,0.00,0.00,3,Out of Stock (Margin Loss)
3920,JNE3447-KR-XL,KURTA - JNE3447,KURTA,0.00,0.00,0,10,0.00,0.00,4,Out of Stock (Margin Loss)
3921,JNE3725-KR-L,KURTA - JNE3725,KURTA,448.00,179.20,0,10,0.00,0.00,17,Out of Stock (Margin Loss)
3922,JNE3403-KR-XS,KURTA - JNE3403,KURTA,429.00,171.60,0,10,0.00,0.00,8,Out of Stock (Margin Loss)
3923,SET345-KR-NP-XXXL,SET - SET345,SET,666.00,266.40,0,10,0.00,0.00,102,Out of Stock (Margin Loss)
3925,SET290-KR-DPT-XXL,SET - SET290,SET,832.00,332.80,0,10,0.00,0.00,28,Out of Stock (Margin Loss)
3926,JNE3452-KR-XL,KURTA - JNE3452,KURTA,301.00,120.40,0,10,0.00,0.00,4,Out of Stock (Margin Loss)
3927,JNE3253-KR-XL,KURTA - JNE3253,KURTA,329.00,131.60,0,10,0.00,0.00,1,Out of Stock (Margin Loss)
3928,J0021-TP-XXL,TOP - J0021,TOP,319.00,127.60,0,10,0.00,0.00,6,Out of Stock (Margin Loss)
3929,JNE3898-KR-XXXL,KURTA - JNE3898,KURTA,582.00,232.80,0,10,0.00,0.00,1,Out of Stock (Margin Loss)
3930,JNE3803-KR-XXXL,KURTA - JNE3803,KURTA,487.00,194.80,0,10,0.00,0.00,4,Out of Stock (Margin Loss)
3931,JNE3762-KR-M,KURTA - JNE3762,KURTA,329.00,131.60,0,10,0.00,0.00,13,Out of Stock (Margin Loss)
3932,J0434-DR-S,WESTERN DRESS - J0434,WESTERN DRESS,704.00,281.60,0,10,0.00,0.00,1,Out of Stock (Margin Loss)
3933,BL110-XXL,BLOUSE - BL110,BLOUSE,333.00,133.20,0,10,0.00,0.00,1,Out of Stock (Margin Loss)
3934,JNE3686-TU-XXXL,TOP - JNE3686,TOP,432.00,172.80,0,10,0.00,0.00,22,Out of Stock (Margin Loss)
3935,SET436-KR-NP-M,SET - SET436,SET,1999.00,799.60,0,10,0.00,0.00,16,Out of Stock (Margin Loss)
3936,JNE3417-KR-M,KURTA - JNE3417,KURTA,343.00,137.20,0,10,0.00,0.00,1,Out of Stock (Margin Loss)
3937,JNE2305-KR-533-M,KURTA - JNE2305,KURTA,382.00,152.80,0,10,0.00,0.00,117,Out of Stock (Margin Loss)
3938,JNE2291-KR-602-M,KURTA - JNE2291,KURTA,427.00,170.80,0,10,0.00,0.00,19,Out of Stock (Margin Loss)
3939,BL090-S,BLOUSE - BL090,BLOUSE,499.00,199.60,0,10,0.00,0.00,2,Out of Stock (Margin Loss)
3941,SET100-KR-PP-L,SET - SET100,SET,878.00,351.20,0,10,0.00,0.00,5,Out of Stock (Margin Loss)
3942,JNE3662-TP-XS,TOP - JNE3662,TOP,512.00,204.80,0,10,0.00,0.00,8,Out of Stock (Margin Loss)
3943,SET334-KR-NP-XL,SET - SET334,SET,666.00,266.40,0,10,0.00,0.00,20,Out of Stock (Margin Loss)
3944,MEN5013-KR-M,KURTA - MEN5013,KURTA,709.00,283.60,0,10,0.00,0.00,26,Out of Stock (Margin Loss)
3945,JNE3866-KR-M,KURTA - JNE3866,KURTA,888.00,355.20,0,10,0.00,0.00,7,Out of Stock (Margin Loss)
3946,SET043-KR-NP-XXL,SET - SET043,SET,0.00,0.00,0,10,0.00,0.00,2,Out of Stock (Margin Loss)
3947,JNE3288-KR-XL,KURTA - JNE3288,KURTA,442.00,176.80,0,10,0.00,0.00,27,Out of Stock (Margin Loss)
3949,BL086-XL,BLOUSE - BL086,BLOUSE,284.00,113.60,0,10,0.00,0.00,6,Out of Stock (Margin Loss)
3950,J0329-KR-XL,KURTA - J0329,KURTA,852.00,340.80,0,10,0.00,0.00,15,Out of Stock (Margin Loss)
3951,JNE3615-KR-XS,KURTA - JNE3615,KURTA,319.00,127.60,0,10,0.00,0.00,6,Out of Stock (Margin Loss)
3952,JNE3366-KR-1053-L,KURTA - JNE3366,KURTA,382.00,152.80,0,10,0.00,0.00,54,Out of Stock (Margin Loss)
3953,NW031-TP-PJ-XL,SET - NW031,SET,582.00,232.80,0,10,0.00,0.00,5,Out of Stock (Margin Loss)
3955,JNE3694-KR-XL,KURTA - JNE3694,KURTA,295.00,118.00,0,10,0.00,0.00,2,Out of Stock (Margin Loss)
3956,CH204-PURPLE-L,BOTTOM - CH204,BOTTOM,284.00,113.60,0,10,0.00,0.00,1,Out of Stock (Margin Loss)
3957,SET361-KR-NP-L,SET - SET361,SET,0.00,0.00,0,10,0.00,0.00,1,Out of Stock (Margin Loss)
3958,J0329-KR-XXL,KURTA - J0329,KURTA,852.00,340.80,0,10,0.00,0.00,7,Out of Stock (Margin Loss)
4721,SET219-KR-PP-XL,SET - SET219,SET,662.00,264.80,0,10,0.00,0.00,13,Out of Stock (Margin Loss)
4722,J0009-SKD-L,SET - J0009,SET,999.00,399.60,0,10,0.00,0.00,72,Out of Stock (Margin Loss)
4723,J0348-SET-L,SET - J0348,SET,519.00,207.60,0,10,0.00,0.00,23,Out of Stock (Margin Loss)
4724,MEN5009-KR-XXXL,KURTA - MEN5009,KURTA,709.00,283.60,0,10,0.00,0.00,45,Out of Stock (Margin Loss)
4725,SET145-KR-NP-XS,SET - SET145,SET,788.00,315.20,0,10,0.00,0.00,29,Out of Stock (Margin Loss)
4726,JNE3273-KR-XXXL,KURTA - JNE3273,KURTA,499.00,199.60,0,10,0.00,0.00,16,Out of Stock (Margin Loss)
4727,JNE3816-KR-XS,KURTA - JNE3816,KURTA,521.00,208.40,0,10,0.00,0.00,5,Out of Stock (Margin Loss)
4728,JNE1906-KR-031-XXL,KURTA - JNE1906,KURTA,382.00,152.80,0,10,0.00,0.00,21,Out of Stock (Margin Loss)
4729,J0220-BL-XXL,BLOUSE - J0220,BLOUSE,625.00,250.00,0,10,0.00,0.00,9,Out of Stock (Margin Loss)
4730,JNE3506-KR-S,KURTA - JNE3506,KURTA,635.00,254.00,0,10,0.00,0.00,11,Out of Stock (Margin Loss)
4731,MEN5003-KR-XL,KURTA - MEN5003,KURTA,633.00,253.20,0,10,0.00,0.00,25,Out of Stock (Margin Loss)
4732,JNE3606-KR-M,KURTA - JNE3606,KURTA,499.00,199.60,0,10,0.00,0.00,9,Out of Stock (Margin Loss)
4733,JNE3265-KR-L,KURTA - JNE3265,KURTA,329.00,131.60,0,10,0.00,0.00,21,Out of Stock (Margin Loss)
4734,JNE2032-KR-205-XXL,KURTA - JNE2032,KURTA,316.00,126.40,0,10,0.00,0.00,25,Out of Stock (Margin Loss)
4735,J0211-DR-XL,ETHNIC DRESS - J0211,ETHNIC DRESS,749.00,299.60,0,10,0.00,0.00,10,Out of Stock (Margin Loss)
4736,J0381-SKD-XS,SET - J0381,SET,1299.00,519.60,0,10,0.00,0.00,6,Out of Stock (Margin Loss)
4737,JNE1525-KR-UDF19BLACK-L,KURTA - JNE1525,KURTA,311.00,124.40,0,10,0.00,0.00,9,Out of Stock (Margin Loss)
4738,JNE3751-KR-S,KURTA - JNE3751,KURTA,368.00,147.20,0,10,0.00,0.00,17,Out of Stock (Margin Loss)
4739,SET043-KR-NP-XS,SET - SET043,SET,999.00,399.60,0,10,0.00,0.00,3,Out of Stock (Margin Loss)
4740,SET152-KR-NP-XS,SET - SET152,SET,469.00,187.60,0,10,0.00,0.00,4,Out of Stock (Margin Loss)
4741,SET372-KR-PP-XL,SET - SET372,SET,667.00,266.80,0,10,0.00,0.00,4,Out of Stock (Margin Loss)
4742,SET333-KR-DPT-XL,SET - SET333,SET,967.00,386.80,0,10,0.00,0.00,41,Out of Stock (Margin Loss)
4743,J0349-SET-XXL,SET - J0349,SET,888.00,355.20,0,10,0.00,0.00,22,Out of Stock (Margin Loss)
4744,JNE3742-KR-M,KURTA - JNE3742,KURTA,432.00,172.80,0,10,0.00,0.00,7,Out of Stock (Margin Loss)
4745,J0095-SET-M,SET - J0095,SET,653.00,261.20,0,10,0.00,0.00,52,Out of Stock (Margin Loss)
4746,NW002-TP-PJ-XXXL,SET - NW002,SET,495.00,198.00,0,10,0.00,0.00,9,Out of Stock (Margin Loss)
4747,JNE3400-KR-XL,KURTA - JNE3400,KURTA,459.00,183.60,0,10,0.00,0.00,15,Out of Stock (Margin Loss)
4748,JNE3042-KR-S,KURTA - JNE3042,KURTA,301.00,120.40,0,10,0.00,0.00,11,Out of Stock (Margin Loss)
4749,J0151-KR-S,KURTA - J0151,KURTA,499.00,199.60,0,10,0.00,0.00,12,Out of Stock (Margin Loss)
4750,SAR051,SAREE - SAR051,SAREE,899.00,359.60,0,10,0.00,0.00,2,Out of Stock (Margin Loss)
4751,JNE3875-KR-M,KURTA - JNE3875,KURTA,599.00,239.60,0,10,0.00,0.00,2,Out of Stock (Margin Loss)
4752,JNE3251-KR-XL,KURTA - JNE3251,KURTA,319.00,127.60,0,10,0.00,0.00,1,Out of Stock (Margin Loss)
4754,JNE3688-TU-L,TOP - JNE3688,TOP,599.00,239.60,0,10,0.00,0.00,43,Out of Stock (Margin Loss)
4755,BL111-S,BLOUSE - BL111,BLOUSE,280.00,112.00,0,10,0.00,0.00,6,Out of Stock (Margin Loss)
4757,SET315-KR-PP-M,SET - SET315,SET,721.00,288.40,0,10,0.00,0.00,6,Out of Stock (Margin Loss)
4758,JNE3395-KR-XL,KURTA - JNE3395,KURTA,333.00,133.20,0,10,0.00,0.00,1,Out of Stock (Margin Loss)
4759,JNE3897-KR-M,KURTA - JNE3897,KURTA,0.00,0.00,0,10,0.00,0.00,0,Out of Stock (Margin Loss)
4760,JNE3635-KR-L,KURTA - JNE3635,KURTA,345.00,138.00,0,10,0.00,0.00,19,Out of Stock (Margin Loss)
4761,J0216-BL-M,BLOUSE - J0216,BLOUSE,625.00,250.00,0,10,0.00,0.00,13,Out of Stock (Margin Loss)
4762,JNE3384-KR-XL,KURTA - JNE3384,KURTA,313.00,125.20,0,10,0.00,0.00,35,Out of Stock (Margin Loss)
4763,J0413-DR-XS,WESTERN DRESS - J0413,WESTERN DRESS,968.00,387.20,0,10,0.00,0.00,17,Out of Stock (Margin Loss)
4764,JNE3368-KR-XXL,KURTA - JNE3368,KURTA,471.00,188.40,0,10,0.00,0.00,197,Out of Stock (Margin Loss)
4765,JNE3688-TU-XL,TOP - JNE3688,TOP,836.00,334.40,0,10,0.00,0.00,24,Out of Stock (Margin Loss)
4766,J0402-DR-M,WESTERN DRESS - J0402,WESTERN DRESS,825.00,330.00,0,10,0.00,0.00,6,Out of Stock (Margin Loss)
4767,JNE3518-KR-S,KURTA - JNE3518,KURTA,487.00,194.80,0,10,0.00,0.00,32,Out of Stock (Margin Loss)
4768,SET210-KR-PP-XXXL,SET - SET210,SET,575.00,230.00,0,10,0.00,0.00,6,Out of Stock (Margin Loss)
4770,J0339-DR-M,WESTERN DRESS - J0339,WESTERN DRESS,1099.00,439.60,0,10,0.00,0.00,149,Out of Stock (Margin Loss)
4771,J0001-DR-XXL,ETHNIC DRESS - J0001,ETHNIC DRESS,690.00,276.00,0,10,0.00,0.00,5,Out of Stock (Margin Loss)
4772,JNE3398-KR-XL,KURTA - JNE3398,KURTA,318.00,127.20,0,10,0.00,0.00,5,Out of Stock (Margin Loss)
4773,JNE3291-KR-XXL,KURTA - JNE3291,KURTA,499.00,199.60,0,10,0.00,0.00,115,Out of Stock (Margin Loss)
4774,SET386-KR-NP-M,SET - SET386,SET,699.00,279.60,0,10,0.00,0.00,29,Out of Stock (Margin Loss)
4775,JNE3515-KR-XXXL,KURTA - JNE3515,KURTA,469.00,187.60,0,10,0.00,0.00,12,Out of Stock (Margin Loss)
4776,MEN5027-KR-L,KURTA - MEN5027,KURTA,625.00,250.00,0,10,0.00,0.00,31,Out of Stock (Margin Loss)
4777,MEN5026-KR-XL,KURTA - MEN5026,KURTA,709.00,283.60,0,10,0.00,0.00,25,Out of Stock (Margin Loss)
4778,J0399-DR-XS,WESTERN DRESS - J0399,WESTERN DRESS,1044.00,417.60,0,10,0.00,0.00,16,Out of Stock (Margin Loss)
4779,JNE3451-KR-L,KURTA - JNE3451,KURTA,380.00,152.00,0,10,0.00,0.00,4,Out of Stock (Margin Loss)
4780,JNE3445-KR-XL,KURTA - JNE3445,KURTA,487.00,194.80,0,10,0.00,0.00,17,Out of Stock (Margin Loss)
4781,SET326-KR-PP-XL,SET - SET326,SET,666.00,266.40,0,10,0.00,0.00,12,Out of Stock (Margin Loss)
4782,SET154-KR-NP-S,SET - SET154,SET,832.00,332.80,0,10,0.00,0.00,8,Out of Stock (Margin Loss)
4783,J0102-SKD-XS,SET - J0102,SET,1186.00,474.40,0,10,0.00,0.00,1,Out of Stock (Margin Loss)
4785,SET110-KR-PP-M,SET - SET110,SET,837.00,334.80,0,10,0.00,0.00,169,Out of Stock (Margin Loss)
4786,SET183-KR-DH-XXL,SET - SET183,SET,759.00,303.60,0,10,0.00,0.00,17,Out of Stock (Margin Loss)
4787,SET233-KR-PP-M,SET - SET233,SET,545.00,218.00,0,10,0.00,0.00,42,Out of Stock (Margin Loss)
4788,JNE3805-KR-XS,KURTA - JNE3805,KURTA,487.00,194.80,0,10,0.00,0.00,9,Out of Stock (Margin Loss)
4789,MEN5010-KR-XXXL,KURTA - MEN5010,KURTA,618.00,247.20,0,10,0.00,0.00,18,Out of Stock (Margin Loss)
3960,SET251-KR-PP-XXXL,SET - SET251,SET,759.00,303.60,0,10,0.00,0.00,10,Out of Stock (Margin Loss)
3962,J0110-SKD-L,SET - J0110,SET,826.00,330.40,0,10,0.00,0.00,5,Out of Stock (Margin Loss)
3963,JNE3522-KR-XL,KURTA - JNE3522,KURTA,342.00,136.80,0,10,0.00,0.00,32,Out of Stock (Margin Loss)
3964,JNE3823-KR-M,KURTA - JNE3823,KURTA,526.00,210.40,0,10,0.00,0.00,4,Out of Stock (Margin Loss)
3965,BL090-XXL,BLOUSE - BL090,BLOUSE,460.00,184.00,0,10,0.00,0.00,1,Out of Stock (Margin Loss)
3966,SET239-KR-NP-S,SET - SET239,SET,693.00,277.20,0,10,0.00,0.00,38,Out of Stock (Margin Loss)
3967,SET408-KR-NP-XS,SET - SET408,SET,599.00,239.60,0,10,0.00,0.00,5,Out of Stock (Margin Loss)
3968,J0155-KR-L,KURTA - J0155,KURTA,627.00,250.80,0,10,0.00,0.00,2,Out of Stock (Margin Loss)
3969,J0372-SKD-L,SET - J0372,SET,1099.00,439.60,0,10,0.00,0.00,21,Out of Stock (Margin Loss)
3970,SET217-KR-PP-XS,SET - SET217,SET,859.00,343.60,0,10,0.00,0.00,9,Out of Stock (Margin Loss)
3971,SET098-KR-PP-XXXL,SET - SET098,SET,759.00,303.60,0,10,0.00,0.00,15,Out of Stock (Margin Loss)
3972,SET295-KR-NP-XXL,SET - SET295,SET,799.00,319.60,0,10,0.00,0.00,19,Out of Stock (Margin Loss)
3973,JNE3760-KR-XXXL,KURTA - JNE3760,KURTA,438.00,175.20,0,10,0.00,0.00,7,Out of Stock (Margin Loss)
3974,PJNE3364-KR-5XL,KURTA - PJNE3364,KURTA,836.00,334.40,0,10,0.00,0.00,17,Out of Stock (Margin Loss)
3975,J0181-TP-M,TOP - J0181,TOP,399.00,159.60,0,10,0.00,0.00,14,Out of Stock (Margin Loss)
3976,JNE3702-KR-M,KURTA - JNE3702,KURTA,342.00,136.80,0,10,0.00,0.00,7,Out of Stock (Margin Loss)
3977,J0369-SKD-S,SET - J0369,SET,1199.00,479.60,0,10,0.00,0.00,12,Out of Stock (Margin Loss)
3978,J0252-SKD-M,SET - J0252,SET,939.00,375.60,0,10,0.00,0.00,7,Out of Stock (Margin Loss)
3979,JNE3780-KR-XXXL,KURTA - JNE3780,KURTA,325.00,130.00,0,10,0.00,0.00,4,Out of Stock (Margin Loss)
3980,J0418-TP-XXL,TOP - J0418,TOP,1039.00,415.60,0,10,0.00,0.00,3,Out of Stock (Margin Loss)
3981,SAR025,SAREE - SAR025,SAREE,772.00,308.80,0,10,0.00,0.00,1,Out of Stock (Margin Loss)
3982,JNE3909-KR-L,KURTA - JNE3909,KURTA,0.00,0.00,0,10,0.00,0.00,0,Out of Stock (Margin Loss)
3983,SET442-KR-NP-L,SET - SET442,SET,771.00,308.40,0,10,0.00,0.00,1,Out of Stock (Margin Loss)
3984,SET100-KR-PP-XL,SET - SET100,SET,878.00,351.20,0,10,0.00,0.00,6,Out of Stock (Margin Loss)
3985,SET323-KR-NP-S,SET - SET323,SET,999.00,399.60,0,10,0.00,0.00,29,Out of Stock (Margin Loss)
3986,SET156-KR-NP-XS,SET - SET156,SET,716.00,286.40,0,10,0.00,0.00,2,Out of Stock (Margin Loss)
3987,JNE3446-KR-XXXL,KURTA - JNE3446,KURTA,299.00,119.60,0,10,0.00,0.00,1,Out of Stock (Margin Loss)
3988,J0091-TP-L,TOP - J0091,TOP,301.00,120.40,0,10,0.00,0.00,8,Out of Stock (Margin Loss)
3989,JNE3750-KR-XL,KURTA - JNE3750,KURTA,544.00,217.60,0,10,0.00,0.00,15,Out of Stock (Margin Loss)
3990,CH205-YELLOW-XL,BOTTOM - CH205,BOTTOM,317.00,126.80,0,10,0.00,0.00,2,Out of Stock (Margin Loss)
3991,J0109-SKD-S,SET - J0109,SET,1199.00,479.60,0,10,0.00,0.00,3,Out of Stock (Margin Loss)
3992,JNE3729-KR-XL,KURTA - JNE3729,KURTA,360.00,144.00,0,10,0.00,0.00,14,Out of Stock (Margin Loss)
3993,J0189-TP-L,TOP - J0189,TOP,345.00,138.00,0,10,0.00,0.00,12,Out of Stock (Margin Loss)
4790,JNE3629-KR-XL,KURTA - JNE3629,KURTA,526.00,210.40,0,10,0.00,0.00,7,Out of Stock (Margin Loss)
4791,J0007-SKD-XS,SET - J0007,SET,1133.00,453.20,0,10,0.00,0.00,5,Out of Stock (Margin Loss)
4792,JNE3743-TP-XS,TOP - JNE3743,TOP,329.00,131.60,0,10,0.00,0.00,2,Out of Stock (Margin Loss)
4793,JNE3655-TP-XXL,TOP - JNE3655,TOP,329.00,131.60,0,10,0.00,0.00,4,Out of Stock (Margin Loss)
4794,J0389-TP-L,TOP - J0389,TOP,665.00,266.00,0,10,0.00,0.00,4,Out of Stock (Margin Loss)
4795,JNE1951-KR-155-L,KURTA - JNE1951,KURTA,389.00,155.60,0,10,0.00,0.00,7,Out of Stock (Margin Loss)
4796,JNE3465-KR-XXXL,KURTA - JNE3465,KURTA,523.00,209.20,0,10,0.00,0.00,88,Out of Stock (Margin Loss)
4797,JNE3790-KR-L,KURTA - JNE3790,KURTA,316.00,126.40,0,10,0.00,0.00,41,Out of Stock (Margin Loss)
4798,J0217-BL-XL,BLOUSE - J0217,BLOUSE,879.00,351.60,0,10,0.00,0.00,27,Out of Stock (Margin Loss)
4799,J0292-TP-XL,TOP - J0292,TOP,377.00,150.80,0,10,0.00,0.00,8,Out of Stock (Margin Loss)
4800,SET243-KR-PP-XXXL,SET - SET243,SET,534.00,213.60,0,10,0.00,0.00,11,Out of Stock (Margin Loss)
4801,J0114-TP-M,TOP - J0114,TOP,385.00,154.00,0,10,0.00,0.00,9,Out of Stock (Margin Loss)
4802,J0186-SET-L,SET - J0186,SET,848.00,339.20,0,10,0.00,0.00,11,Out of Stock (Margin Loss)
4803,JNE3885-KR-XXL,KURTA - JNE3885,KURTA,584.00,233.60,0,10,0.00,0.00,4,Out of Stock (Margin Loss)
4804,JNE3395-KR-L,KURTA - JNE3395,KURTA,333.00,133.20,0,10,0.00,0.00,2,Out of Stock (Margin Loss)
4805,JNE3785-KR-XXL,KURTA - JNE3785,KURTA,362.00,144.80,0,10,0.00,0.00,37,Out of Stock (Margin Loss)
4806,J0094-KR-XL,KURTA - J0094,KURTA,603.00,241.20,0,10,0.00,0.00,39,Out of Stock (Margin Loss)
4807,SET359-KR-NP-XL,SET - SET359,SET,1099.00,439.60,0,10,0.00,0.00,19,Out of Stock (Margin Loss)
4808,SET384-KR-NP-L,SET - SET384,SET,699.00,279.60,0,10,0.00,0.00,12,Out of Stock (Margin Loss)
4809,SET365-KR-NP-XXXL,SET - SET365,SET,1299.00,519.60,0,10,0.00,0.00,7,Out of Stock (Margin Loss)
4810,J0137-SET-XXXL,SET - J0137,SET,721.00,288.40,0,10,0.00,0.00,6,Out of Stock (Margin Loss)
4811,JNE3906-KR-XL,KURTA - JNE3906,KURTA,852.00,340.80,0,10,0.00,0.00,2,Out of Stock (Margin Loss)
4812,BTM037-PP-S,BOTTOM - BTM037,BOTTOM,345.00,138.00,0,10,0.00,0.00,1,Out of Stock (Margin Loss)
4813,J0352-KR-XL,KURTA - J0352,KURTA,669.00,267.60,0,10,0.00,0.00,7,Out of Stock (Margin Loss)
4814,JNE3799-KR-XXL,KURTA - JNE3799,KURTA,666.00,266.40,0,10,0.00,0.00,30,Out of Stock (Margin Loss)
4815,J0346-SET-XXXL,SET - J0346,SET,478.00,191.20,0,10,0.00,0.00,19,Out of Stock (Margin Loss)
4816,JNE3835-KR-L,KURTA - JNE3835,KURTA,666.00,266.40,0,10,0.00,0.00,10,Out of Stock (Margin Loss)
4817,JNE3706-DR-M,WESTERN DRESS - JNE3706,WESTERN DRESS,443.00,177.20,0,10,0.00,0.00,19,Out of Stock (Margin Loss)
4818,SET179-KR-PP-XXXL,SET - SET179,SET,512.00,204.80,0,10,0.00,0.00,18,Out of Stock (Margin Loss)
4819,J0041-SET-XS,SET - J0041,SET,899.00,359.60,0,10,0.00,0.00,62,Out of Stock (Margin Loss)
4820,JNE2132-KR-398-XS,KURTA - JNE2132,KURTA,524.00,209.60,0,10,0.00,0.00,2,Out of Stock (Margin Loss)
4821,SAR110,SAREE - SAR110,SAREE,616.00,246.40,0,10,0.00,0.00,2,Out of Stock (Margin Loss)
4822,JNE3700-KR-L,KURTA - JNE3700,KURTA,299.00,119.60,0,10,0.00,0.00,1,Out of Stock (Margin Loss)
4823,JNE2170-KR-436-XXL,KURTA - JNE2170,KURTA,518.00,207.20,0,10,0.00,0.00,17,Out of Stock (Margin Loss)
4824,J0232-SKD-XXL,SET - J0232,SET,1249.00,499.60,0,10,0.00,0.00,5,Out of Stock (Margin Loss)
4825,JNE3676-TU-XS,TOP - JNE3676,TOP,449.00,179.60,0,10,0.00,0.00,7,Out of Stock (Margin Loss)
4826,BTM043-PP-XL,BOTTOM - BTM043,BOTTOM,379.00,151.60,0,10,0.00,0.00,6,Out of Stock (Margin Loss)
4827,J0389-TP-XXL,TOP - J0389,TOP,925.00,370.00,0,10,0.00,0.00,4,Out of Stock (Margin Loss)
4828,JNE3788-KR-S,KURTA - JNE3788,KURTA,487.00,194.80,0,10,0.00,0.00,13,Out of Stock (Margin Loss)
4829,SET094-KR-NP-XXL,SET - SET094,SET,876.00,350.40,0,10,0.00,0.00,7,Out of Stock (Margin Loss)
4830,JNE3741-KR-XXL,KURTA - JNE3741,KURTA,459.00,183.60,0,10,0.00,0.00,21,Out of Stock (Margin Loss)
4831,JNE3822-KR-L,KURTA - JNE3822,KURTA,490.00,196.00,0,10,0.00,0.00,44,Out of Stock (Margin Loss)
4832,J0205-TP-XXL,TOP - J0205,TOP,483.00,193.20,0,10,0.00,0.00,22,Out of Stock (Margin Loss)
4833,JNE3751-KR-XS,KURTA - JNE3751,KURTA,368.00,147.20,0,10,0.00,0.00,12,Out of Stock (Margin Loss)
4834,JNE3470-KR-M,KURTA - JNE3470,KURTA,329.00,131.60,0,10,0.00,0.00,8,Out of Stock (Margin Loss)
4835,JNE3654-TP-XS,TOP - JNE3654,TOP,387.00,154.80,0,10,0.00,0.00,8,Out of Stock (Margin Loss)
4836,J0341-DR-XXXL,WESTERN DRESS - J0341,WESTERN DRESS,1168.00,467.20,0,10,0.00,0.00,169,Out of Stock (Margin Loss)
4837,SET389-KR-NP-XXL,SET - SET389,SET,749.00,299.60,0,10,0.00,0.00,49,Out of Stock (Margin Loss)
4838,SET320-KR-NP-S,SET - SET320,SET,857.00,342.80,0,10,0.00,0.00,25,Out of Stock (Margin Loss)
4839,J0087-TP-XXXL,TOP - J0087,TOP,329.00,131.60,0,10,0.00,0.00,4,Out of Stock (Margin Loss)
4840,JNE3786-KR-L,KURTA - JNE3786,KURTA,549.00,219.60,0,10,0.00,0.00,6,Out of Stock (Margin Loss)
4841,J0390-TP-XL,TOP - J0390,TOP,625.00,250.00,0,10,0.00,0.00,4,Out of Stock (Margin Loss)
4842,JNE3449-KR-XS,KURTA - JNE3449,KURTA,319.00,127.60,0,10,0.00,0.00,2,Out of Stock (Margin Loss)
4843,J0347-SET-L,SET - J0347,SET,679.00,271.60,0,10,0.00,0.00,9,Out of Stock (Margin Loss)
4844,PJNE3368-KR-6XL,KURTA - PJNE3368,KURTA,869.00,347.60,0,10,0.00,0.00,20,Out of Stock (Margin Loss)
4845,JNE3784-KR-L,KURTA - JNE3784,KURTA,517.00,206.80,0,10,0.00,0.00,121,Out of Stock (Margin Loss)
4846,JNE3468-KR-XS,KURTA - JNE3468,KURTA,399.00,159.60,0,10,0.00,0.00,49,Out of Stock (Margin Loss)
4847,JNE3609-KR-XXXL,KURTA - JNE3609,KURTA,568.00,227.20,0,10,0.00,0.00,31,Out of Stock (Margin Loss)
4848,J0172-TP-XXXL,TOP - J0172,TOP,518.00,207.20,0,10,0.00,0.00,2,Out of Stock (Margin Loss)
4849,SET055-KR-NP-M,SET - SET055,SET,648.00,259.20,0,10,0.00,0.00,17,Out of Stock (Margin Loss)
4850,JNE3400-KR-XS,KURTA - JNE3400,KURTA,459.00,183.60,0,10,0.00,0.00,4,Out of Stock (Margin Loss)
4851,SET308-KR-PP-S,SET - SET308,SET,696.00,278.40,0,10,0.00,0.00,7,Out of Stock (Margin Loss)
4852,MEN5030-KR-S,KURTA - MEN5030,KURTA,452.00,180.80,0,10,0.00,0.00,6,Out of Stock (Margin Loss)
4853,PSET058-KR-NP-5XL,SET - PSET058,SET,871.00,348.40,0,10,0.00,0.00,1,Out of Stock (Margin Loss)
4854,SET308-KR-PP-XL,SET - SET308,SET,749.00,299.60,0,10,0.00,0.00,4,Out of Stock (Margin Loss)
4855,JNE3568-KR-XL,KURTA - JNE3568,KURTA,435.00,174.00,0,10,0.00,0.00,112,Out of Stock (Margin Loss)
4856,SET278-KR-NP-S,SET - SET278,SET,1523.00,609.20,0,10,0.00,0.00,75,Out of Stock (Margin Loss)
4857,J0247-SKD-L,SET - J0247,SET,820.00,328.00,0,10,0.00,0.00,6,Out of Stock (Margin Loss)
4858,J0081-DR-XL,WESTERN DRESS - J0081,WESTERN DRESS,869.00,347.60,0,10,0.00,0.00,24,Out of Stock (Margin Loss)
4859,JNE3797-KR-XL,WESTERN DRESS - JNE3797,WESTERN DRESS,799.00,319.60,0,10,0.00,0.00,411,Out of Stock (Margin Loss)
4862,SET410-KR-NP-M,SET - SET410,SET,599.00,239.60,0,10,0.00,0.00,1,Out of Stock (Margin Loss)
4863,J0037-KR-L,KURTA - J0037,KURTA,522.00,208.80,0,10,0.00,0.00,9,Out of Stock (Margin Loss)
4864,SET232-KR-PP-XS,SET - SET232,SET,499.00,199.60,0,10,0.00,0.00,2,Out of Stock (Margin Loss)
4865,SET408-KR-NP-M,SET - SET408,SET,599.00,239.60,0,10,0.00,0.00,23,Out of Stock (Margin Loss)
4866,BL074-85RED,BLOUSE - BL074,BLOUSE,429.00,171.60,0,10,0.00,0.00,1,Out of Stock (Margin Loss)
4867,BL111-XL,BLOUSE - BL111,BLOUSE,301.00,120.40,0,10,0.00,0.00,5,Out of Stock (Margin Loss)
4869,SET243-KR-PP-L,SET - SET243,SET,534.00,213.60,0,10,0.00,0.00,27,Out of Stock (Margin Loss)
4870,JNE3778-KR-XXL,KURTA - JNE3778,KURTA,459.00,183.60,0,10,0.00,0.00,11,Out of Stock (Margin Loss)
4871,J0243-DR-M,ETHNIC DRESS - J0243,ETHNIC DRESS,1377.00,550.80,0,10,0.00,0.00,30,Out of Stock (Margin Loss)
4872,JNE2291-KR-602-XS,KURTA - JNE2291,KURTA,376.00,150.40,0,10,0.00,0.00,7,Out of Stock (Margin Loss)
4873,BL003-50BLACK,BLOUSE - BL003,BLOUSE,419.00,167.60,0,10,0.00,0.00,2,Out of Stock (Margin Loss)
4874,JNE3708-TU-XXXL,TOP - JNE3708,TOP,749.00,299.60,0,10,0.00,0.00,16,Out of Stock (Margin Loss)
4875,MEN5001-KR-S,KURTA - MEN5001,KURTA,655.00,262.00,0,10,0.00,0.00,7,Out of Stock (Margin Loss)
4876,J0370-SKD-XXL,SET - J0370,SET,1120.00,448.00,0,10,0.00,0.00,7,Out of Stock (Margin Loss)
4877,SET236-KR-PP-S,SET - SET236,SET,788.00,315.20,0,10,0.00,0.00,23,Out of Stock (Margin Loss)
4878,SET299-KR-PP-L,SET - SET299,SET,889.00,355.60,0,10,0.00,0.00,2,Out of Stock (Margin Loss)
4879,SET438-KR-NP-XL,SET - SET438,SET,1164.00,465.60,0,10,0.00,0.00,2,Out of Stock (Margin Loss)
4880,SET377-KR-NP-L,SET - SET377,SET,1238.00,495.20,0,10,0.00,0.00,14,Out of Stock (Margin Loss)
4881,NW039-TP-SR-XL,SET - NW039,SET,499.00,199.60,0,10,0.00,0.00,11,Out of Stock (Margin Loss)
4882,JNE3548-KR-M,KURTA - JNE3548,KURTA,517.00,206.80,0,10,0.00,0.00,61,Out of Stock (Margin Loss)
4883,JNE3898-KR-XL,KURTA - JNE3898,KURTA,582.00,232.80,0,10,0.00,0.00,3,Out of Stock (Margin Loss)
4884,NW016-ST-SR-XXXL,SET - NW016,SET,560.00,224.00,0,10,0.00,0.00,8,Out of Stock (Margin Loss)
4885,SET240-KR-PP-XXXL,SET - SET240,SET,629.00,251.60,0,10,0.00,0.00,15,Out of Stock (Margin Loss)
4886,JNE3543-KR-L,KURTA - JNE3543,KURTA,368.00,147.20,0,10,0.00,0.00,19,Out of Stock (Margin Loss)
4888,J0162-SKD-S,SET - J0162,SET,1199.00,479.60,0,10,0.00,0.00,5,Out of Stock (Margin Loss)
4889,J0285-SKD-S,SET - J0285,SET,1523.00,609.20,0,10,0.00,0.00,59,Out of Stock (Margin Loss)
4890,J0152-DR-XXL,WESTERN DRESS - J0152,WESTERN DRESS,1249.00,499.60,0,10,0.00,0.00,18,Out of Stock (Margin Loss)
4891,JNE3618-KR-XL,KURTA - JNE3618,KURTA,399.00,159.60,0,10,0.00,0.00,16,Out of Stock (Margin Loss)
4892,JNE3160-KR-XXL,KURTA - JNE3160,KURTA,749.00,299.60,0,10,0.00,0.00,32,Out of Stock (Margin Loss)
4893,J0106-KR-M,WESTERN DRESS - J0106,WESTERN DRESS,1377.00,550.80,0,10,0.00,0.00,11,Out of Stock (Margin Loss)
4894,JNE3670-TU-S,TOP - JNE3670,TOP,399.00,159.60,0,10,0.00,0.00,7,Out of Stock (Margin Loss)
4895,BTM029-NP-XXXL,BOTTOM - BTM029,BOTTOM,518.00,207.20,0,10,0.00,0.00,10,Out of Stock (Margin Loss)
4897,SET396-KR-PP-L,SET - SET396,SET,1149.00,459.60,0,10,0.00,0.00,37,Out of Stock (Margin Loss)
4898,SAR138,SAREE - SAR138,SAREE,749.00,299.60,0,10,0.00,0.00,2,Out of Stock (Margin Loss)
4899,JNE3775-KR-L,KURTA - JNE3775,KURTA,301.00,120.40,0,10,0.00,0.00,18,Out of Stock (Margin Loss)
4900,J0201-TP-XXL,TOP - J0201,TOP,625.00,250.00,0,10,0.00,0.00,22,Out of Stock (Margin Loss)
4901,JNE3726-KR-M,KURTA - JNE3726,KURTA,345.00,138.00,0,10,0.00,0.00,5,Out of Stock (Margin Loss)
4902,SET253-KR-NP-XS,SET - SET253,SET,737.00,294.80,0,10,0.00,0.00,6,Out of Stock (Margin Loss)
4903,JNE3253-KR-M,KURTA - JNE3253,KURTA,329.00,131.60,0,10,0.00,0.00,2,Out of Stock (Margin Loss)
4905,JNE3620-KR-XXXL,KURTA - JNE3620,KURTA,329.00,131.60,0,10,0.00,0.00,15,Out of Stock (Margin Loss)
4906,JNE3575-KR-XS,KURTA - JNE3575,KURTA,471.00,188.40,0,10,0.00,0.00,3,Out of Stock (Margin Loss)
4907,JNE3887-KR-XL,KURTA - JNE3887,KURTA,590.00,236.00,0,10,0.00,0.00,25,Out of Stock (Margin Loss)
4908,JNE3476-KR-XL,KURTA - JNE3476,KURTA,405.00,162.00,0,10,0.00,0.00,18,Out of Stock (Margin Loss)
4910,NW003-TP-PJ-XL,SET - NW003,SET,519.00,207.60,0,10,0.00,0.00,16,Out of Stock (Margin Loss)
4911,SET132-KR-NP-M,SET - SET132,SET,547.00,218.80,0,10,0.00,0.00,2,Out of Stock (Margin Loss)
4912,JNE3698-KR-S,KURTA - JNE3698,KURTA,487.00,194.80,0,10,0.00,0.00,12,Out of Stock (Margin Loss)
4913,J0245-SKD-XXXL,SET - J0245,SET,1166.00,466.40,0,10,0.00,0.00,7,Out of Stock (Margin Loss)
4914,J0385-KR-XS,KURTA - J0385,KURTA,888.00,355.20,0,10,0.00,0.00,5,Out of Stock (Margin Loss)
4917,SET317-KR-PP-XXL,SET - SET317,SET,1199.00,479.60,0,10,0.00,0.00,24,Out of Stock (Margin Loss)
4918,SET349-KR-NP-XS,SET - SET349,SET,1152.00,460.80,0,10,0.00,0.00,25,Out of Stock (Margin Loss)
4919,JNE3724-KR-M,KURTA - JNE3724,KURTA,499.00,199.60,0,10,0.00,0.00,20,Out of Stock (Margin Loss)
4920,JNE3480-KR-XL,KURTA - JNE3480,KURTA,249.00,99.60,0,10,0.00,0.00,16,Out of Stock (Margin Loss)
4921,SET116-KR-NP-L,SET - SET116,SET,591.00,236.40,0,10,0.00,0.00,14,Out of Stock (Margin Loss)
4923,BL110-M,BLOUSE - BL110,BLOUSE,349.00,139.60,0,10,0.00,0.00,6,Out of Stock (Margin Loss)
4925,MEN5023-KR-XL,KURTA - MEN5023,KURTA,777.00,310.80,0,10,0.00,0.00,53,Out of Stock (Margin Loss)
4926,JNE2014-KR-178-M,KURTA - JNE2014,KURTA,359.00,143.60,0,10,0.00,0.00,90,Out of Stock (Margin Loss)
4927,J0211-DR-S,ETHNIC DRESS - J0211,ETHNIC DRESS,699.00,279.60,0,10,0.00,0.00,10,Out of Stock (Margin Loss)
4928,SET245-KR-NP-L,SET - SET245,SET,849.00,339.60,0,10,0.00,0.00,19,Out of Stock (Margin Loss)
4931,SET269-KR-NP-XXL,SET - SET269,SET,824.00,329.60,0,10,0.00,0.00,45,Out of Stock (Margin Loss)
4932,JNE3463-KR-S,KURTA - JNE3463,KURTA,574.00,229.60,0,10,0.00,0.00,37,Out of Stock (Margin Loss)
4933,J0005-DR-L,WESTERN DRESS - J0005,WESTERN DRESS,1249.00,499.60,0,10,0.00,0.00,63,Out of Stock (Margin Loss)
4934,JNE3694-KR-M,KURTA - JNE3694,KURTA,301.00,120.40,0,10,0.00,0.00,3,Out of Stock (Margin Loss)
4935,JNE3728-KR-XL,KURTA - JNE3728,KURTA,361.00,144.40,0,10,0.00,0.00,14,Out of Stock (Margin Loss)
4936,J0081-DR-XXL,WESTERN DRESS - J0081,WESTERN DRESS,658.00,263.20,0,10,0.00,0.00,21,Out of Stock (Margin Loss)
4937,J0155-KR-XS,KURTA - J0155,KURTA,0.00,0.00,0,10,0.00,0.00,0,Out of Stock (Margin Loss)
4938,JNE2265-KR-501-L,KURTA - JNE2265,KURTA,329.00,131.60,0,10,0.00,0.00,18,Out of Stock (Margin Loss)
4939,SET221-KR-NP-XXXL,SET - SET221,SET,714.00,285.60,0,10,0.00,0.00,3,Out of Stock (Margin Loss)
4940,J0001-DR-S,ETHNIC DRESS - J0001,ETHNIC DRESS,690.00,276.00,0,10,0.00,0.00,17,Out of Stock (Margin Loss)
4941,JNE3503-KR-S,KURTA - JNE3503,KURTA,318.00,127.20,0,10,0.00,0.00,1,Out of Stock (Margin Loss)
4942,JNE3405-KR-XS,KURTA - JNE3405,KURTA,449.00,179.60,0,10,0.00,0.00,212,Out of Stock (Margin Loss)
4943,J0230-SKD-M,SET - J0230,SET,1349.00,539.60,0,10,0.00,0.00,451,Out of Stock (Margin Loss)
4944,JNE3613-KR-XS,KURTA - JNE3613,KURTA,405.00,162.00,0,10,0.00,0.00,19,Out of Stock (Margin Loss)
4945,SET183-KR-DH-L,SET - SET183,SET,759.00,303.60,0,10,0.00,0.00,24,Out of Stock (Margin Loss)
4946,JNE3727-KR-M,KURTA - JNE3727,KURTA,549.00,219.60,0,10,0.00,0.00,19,Out of Stock (Margin Loss)
4947,J0242-SKD-M,SET - J0242,SET,1166.00,466.40,0,10,0.00,0.00,22,Out of Stock (Margin Loss)
4949,JNE3601-KR-XS,KURTA - JNE3601,KURTA,301.00,120.40,0,10,0.00,0.00,10,Out of Stock (Margin Loss)
4950,J0388-TP-S,TOP - J0388,TOP,690.00,276.00,0,10,0.00,0.00,1,Out of Stock (Margin Loss)
4953,SET285-KR-SHA-XS,SET - SET285,SET,499.00,199.60,0,10,0.00,0.00,21,Out of Stock (Margin Loss)
4954,JNE1977-KR-237-M,KURTA - JNE1977,KURTA,310.00,124.00,0,10,0.00,0.00,21,Out of Stock (Margin Loss)
4955,J0104-KR-M,KURTA - J0104,KURTA,469.00,187.60,0,10,0.00,0.00,11,Out of Stock (Margin Loss)
4956,J0251-SKD-L,SET - J0251,SET,763.00,305.20,0,10,0.00,0.00,1,Out of Stock (Margin Loss)
4957,SET301-KR-PP-M,SET - SET301,SET,833.00,333.20,0,10,0.00,0.00,11,Out of Stock (Margin Loss)
4958,J0090-TP-S,TOP - J0090,TOP,563.00,225.20,0,10,0.00,0.00,14,Out of Stock (Margin Loss)
4959,JNE3866-KR-XXL,KURTA - JNE3866,KURTA,888.00,355.20,0,10,0.00,0.00,4,Out of Stock (Margin Loss)
4961,SET438-KR-NP-M,SET - SET438,SET,1238.00,495.20,0,10,0.00,0.00,2,Out of Stock (Margin Loss)
4962,J0109-SKD-XS,SET - J0109,SET,0.00,0.00,0,10,0.00,0.00,6,Out of Stock (Margin Loss)
4963,J0248-KR-DPT-XXXL,SET - J0248,SET,999.00,399.60,0,10,0.00,0.00,8,Out of Stock (Margin Loss)
4964,J0118-TP-S,TOP - J0118,TOP,729.00,291.60,0,10,0.00,0.00,49,Out of Stock (Margin Loss)
4965,MEN5022-KR-XXXL,KURTA - MEN5022,KURTA,777.00,310.80,0,10,0.00,0.00,45,Out of Stock (Margin Loss)
4966,JNE3546-KR-XXXL,KURTA - JNE3546,KURTA,487.00,194.80,0,10,0.00,0.00,37,Out of Stock (Margin Loss)
4967,JNE3528-KR-XXXL,KURTA - JNE3528,KURTA,319.00,127.60,0,10,0.00,0.00,10,Out of Stock (Margin Loss)
4968,J0201-TP-M,TOP - J0201,TOP,625.00,250.00,0,10,0.00,0.00,32,Out of Stock (Margin Loss)
4969,JNE3822-KR-XXXL,KURTA - JNE3822,KURTA,474.00,189.60,0,10,0.00,0.00,7,Out of Stock (Margin Loss)
4970,JNE3539-KR-S,KURTA - JNE3539,KURTA,361.00,144.40,0,10,0.00,0.00,7,Out of Stock (Margin Loss)
4972,JNE3811-KR-S,KURTA - JNE3811,KURTA,474.00,189.60,0,10,0.00,0.00,7,Out of Stock (Margin Loss)
4973,JNE3399-KR-M,KURTA - JNE3399,KURTA,469.00,187.60,0,10,0.00,0.00,247,Out of Stock (Margin Loss)
4974,SET267-KR-NP-XXXL,SET - SET267,SET,852.00,340.80,0,10,0.00,0.00,14,Out of Stock (Margin Loss)
4975,J0247-SKD-M,SET - J0247,SET,849.00,339.60,0,10,0.00,0.00,26,Out of Stock (Margin Loss)
4976,SET034-KR-NP-XL,SET - SET034,SET,545.00,218.00,0,10,0.00,0.00,1,Out of Stock (Margin Loss)
4977,J0180-DR-XXXL,WESTERN DRESS - J0180,WESTERN DRESS,523.00,209.20,0,10,0.00,0.00,2,Out of Stock (Margin Loss)
4978,J0040-SET-XS,SET - J0040,SET,643.00,257.20,0,10,0.00,0.00,1,Out of Stock (Margin Loss)
4979,SET303-KR-NP-XL,SET - SET303,SET,888.00,355.20,0,10,0.00,0.00,4,Out of Stock (Margin Loss)
4980,JNE3795-KR-XXL,KURTA - JNE3795,KURTA,529.00,211.60,0,10,0.00,0.00,18,Out of Stock (Margin Loss)
4981,JNE3401-KR-XS,KURTA - JNE3401,KURTA,301.00,120.40,0,10,0.00,0.00,6,Out of Stock (Margin Loss)
4982,MEN5029-KR-XXL,KURTA - MEN5029,KURTA,625.00,250.00,0,10,0.00,0.00,19,Out of Stock (Margin Loss)
4983,JNE3757-KR-L,KURTA - JNE3757,KURTA,487.00,194.80,0,10,0.00,0.00,21,Out of Stock (Margin Loss)
4984,SET135-KR-PP-XXXL,SET - SET135,SET,646.00,258.40,0,10,0.00,0.00,2,Out of Stock (Margin Loss)
4985,MEN5015-KR-S,KURTA - MEN5015,KURTA,0.00,0.00,0,10,0.00,0.00,10,Out of Stock (Margin Loss)
4986,J0120-TP-L,TOP - J0120,TOP,365.00,146.00,0,10,0.00,0.00,27,Out of Stock (Margin Loss)
4987,JNE3910-KR-XXL,KURTA - JNE3910,KURTA,819.00,327.60,0,10,0.00,0.00,2,Out of Stock (Margin Loss)
4988,J0008-SKD-L,SET - J0008,SET,1147.00,458.80,0,10,0.00,0.00,124,Out of Stock (Margin Loss)
4989,JNE3667-TP-M,TOP - JNE3667,TOP,329.00,131.60,0,10,0.00,0.00,4,Out of Stock (Margin Loss)
4990,J0077-SKD-M,SET - J0077,SET,1170.00,468.00,0,10,0.00,0.00,8,Out of Stock (Margin Loss)
4992,MEN5012-KR-M,KURTA - MEN5012,KURTA,655.00,262.00,0,10,0.00,0.00,8,Out of Stock (Margin Loss)
4993,J0116-TP-M,TOP - J0116,TOP,360.00,144.00,0,10,0.00,0.00,3,Out of Stock (Margin Loss)
4994,PJNE3068-KR-6XL,KURTA - PJNE3068,KURTA,1099.00,439.60,0,10,0.00,0.00,55,Out of Stock (Margin Loss)
4995,J0083-KR-M,KURTA - J0083,KURTA,591.00,236.40,0,10,0.00,0.00,24,Out of Stock (Margin Loss)
4996,JNE3559-KR-XXXL,KURTA - JNE3559,KURTA,487.00,194.80,0,10,0.00,0.00,5,Out of Stock (Margin Loss)
4997,JNE3549-KR-S,KURTA - JNE3549,KURTA,329.00,131.60,0,10,0.00,0.00,8,Out of Stock (Margin Loss)
4998,JNE3683-TU-S,TOP - JNE3683,TOP,349.00,139.60,0,10,0.00,0.00,14,Out of Stock (Margin Loss)
4999,SAR030,SAREE - SAR030,SAREE,898.00,359.20,0,10,0.00,0.00,1,Out of Stock (Margin Loss)
5000,MEN5011-KR-XL,KURTA - MEN5011,KURTA,709.00,283.60,0,10,0.00,0.00,39,Out of Stock (Margin Loss)
5001,SET351-KR-NP-XXL,SET - SET351,SET,599.00,239.60,0,10,0.00,0.00,20,Out of Stock (Margin Loss)
5002,JNE3484-KR-S,KURTA - JNE3484,KURTA,301.00,120.40,0,10,0.00,0.00,25,Out of Stock (Margin Loss)
5003,J0139-KR-L,KURTA - J0139,KURTA,399.00,159.60,0,10,0.00,0.00,32,Out of Stock (Margin Loss)
5004,CH213-BROWN-M,BOTTOM - CH213,BOTTOM,273.00,109.20,0,10,0.00,0.00,3,Out of Stock (Margin Loss)
5005,JNE3617-KR-XXL,KURTA - JNE3617,KURTA,319.00,127.60,0,10,0.00,0.00,11,Out of Stock (Margin Loss)
5006,JNE3544-KR-M,KURTA - JNE3544,KURTA,319.00,127.60,0,10,0.00,0.00,2,Out of Stock (Margin Loss)
5007,SET318-KR-SHA-S,SET - SET318,SET,1152.00,460.80,0,10,0.00,0.00,10,Out of Stock (Margin Loss)
5008,JNE3555-KR-M,KURTA - JNE3555,KURTA,487.00,194.80,0,10,0.00,0.00,53,Out of Stock (Margin Loss)
5010,JNE3743-TP-M,TOP - JNE3743,TOP,385.00,154.00,0,10,0.00,0.00,1,Out of Stock (Margin Loss)
5011,JNE3543-KR-XL,KURTA - JNE3543,KURTA,368.00,147.20,0,10,0.00,0.00,34,Out of Stock (Margin Loss)
5012,BL109-M,BLOUSE - BL109,BLOUSE,518.00,207.20,0,10,0.00,0.00,9,Out of Stock (Margin Loss)
5014,JNE2049-KR-351-XXL,KURTA - JNE2049,KURTA,435.00,174.00,0,10,0.00,0.00,17,Out of Stock (Margin Loss)
5015,J0164-DR-XXXL,ETHNIC DRESS - J0164,ETHNIC DRESS,452.00,180.80,0,10,0.00,0.00,31,Out of Stock (Margin Loss)
5016,J0163-SKD-XL,SET - J0163,SET,1199.00,479.60,0,10,0.00,0.00,3,Out of Stock (Margin Loss)
5017,JNE3734-KR-XS,KURTA - JNE3734,KURTA,431.00,172.40,0,10,0.00,0.00,2,Out of Stock (Margin Loss)
5018,SET372-KR-PP-XXXL,SET - SET372,SET,667.00,266.80,0,10,0.00,0.00,4,Out of Stock (Margin Loss)
5019,JNE3396-KR-XL,KURTA - JNE3396,KURTA,487.00,194.80,0,10,0.00,0.00,50,Out of Stock (Margin Loss)
5020,J0335-DR-XXXL,WESTERN DRESS - J0335,WESTERN DRESS,1294.00,517.60,0,10,0.00,0.00,21,Out of Stock (Margin Loss)
5021,J0338-DR-M,WESTERN DRESS - J0338,WESTERN DRESS,1187.00,474.80,0,10,0.00,0.00,27,Out of Stock (Margin Loss)
5022,JNE3726-KR-XL,KURTA - JNE3726,KURTA,345.00,138.00,0,10,0.00,0.00,4,Out of Stock (Margin Loss)
5023,J0152-DR-L,WESTERN DRESS - J0152,WESTERN DRESS,1249.00,499.60,0,10,0.00,0.00,34,Out of Stock (Margin Loss)
5025,JNE3710-DR-XXL,WESTERN DRESS - JNE3710,WESTERN DRESS,699.00,279.60,0,10,0.00,0.00,43,Out of Stock (Margin Loss)
5026,SET243-KR-PP-XS,SET - SET243,SET,534.00,213.60,0,10,0.00,0.00,7,Out of Stock (Margin Loss)
5027,JNE3458-KR-L,KURTA - JNE3458,KURTA,399.00,159.60,0,10,0.00,0.00,32,Out of Stock (Margin Loss)
5028,J0164-DR-L,ETHNIC DRESS - J0164,ETHNIC DRESS,452.00,180.80,0,10,0.00,0.00,42,Out of Stock (Margin Loss)
5029,JNE3895-TP-XXXL,TOP - JNE3895,TOP,852.00,340.80,0,10,0.00,0.00,6,Out of Stock (Margin Loss)
5030,J0127-SKD-L,SET - J0127,SET,1186.00,474.40,0,10,0.00,0.00,16,Out of Stock (Margin Loss)
5031,J0062-DR-XS,WESTERN DRESS - J0062,WESTERN DRESS,491.00,196.40,0,10,0.00,0.00,3,Out of Stock (Margin Loss)
5033,J0431-DR-XL,WESTERN DRESS - J0431,WESTERN DRESS,899.00,359.60,0,10,0.00,0.00,1,Out of Stock (Margin Loss)
5034,JNE3861-DR-XXL,WESTERN DRESS - JNE3861,WESTERN DRESS,1099.00,439.60,0,10,0.00,0.00,47,Out of Stock (Margin Loss)
5035,JNE2100-KR-144-S,KURTA - JNE2100,KURTA,376.00,150.40,0,10,0.00,0.00,33,Out of Stock (Margin Loss)
5036,J0236-SKD-XL,SET - J0236,SET,950.00,380.00,0,10,0.00,0.00,67,Out of Stock (Margin Loss)
5037,SET242-KR-PP-M,SET - SET242,SET,581.00,232.40,0,10,0.00,0.00,3,Out of Stock (Margin Loss)
5038,PSET264-KR-NP-4XL,SET - PSET264,SET,1399.00,559.60,0,10,0.00,0.00,25,Out of Stock (Margin Loss)
5039,BTM048-PP-L,BOTTOM - BTM048,BOTTOM,356.00,142.40,0,10,0.00,0.00,6,Out of Stock (Margin Loss)
5040,JNE3261-KR-S,KURTA - JNE3261,KURTA,382.00,152.80,0,10,0.00,0.00,22,Out of Stock (Margin Loss)
5041,MEN5018-KR-XL,KURTA - MEN5018,KURTA,655.00,262.00,0,10,0.00,0.00,23,Out of Stock (Margin Loss)
5043,J0247-SKD-XXXL,SET - J0247,SET,820.00,328.00,0,10,0.00,0.00,6,Out of Stock (Margin Loss)
5044,SET388-KR-NP-XXL,SET - SET388,SET,1499.00,599.60,0,10,0.00,0.00,38,Out of Stock (Margin Loss)
5045,JNE3607-KR-L,KURTA - JNE3607,KURTA,477.00,190.80,0,10,0.00,0.00,13,Out of Stock (Margin Loss)
5046,J0323-CD-S,TOP - J0323,TOP,534.00,213.60,0,10,0.00,0.00,1,Out of Stock (Margin Loss)
5047,BTM008-XXXL,BOTTOM - BTM008,BOTTOM,518.00,207.20,0,10,0.00,0.00,9,Out of Stock (Margin Loss)
5048,JNE3273-KR-XXL,KURTA - JNE3273,KURTA,499.00,199.60,0,10,0.00,0.00,26,Out of Stock (Margin Loss)
5049,JNE3437-KR-L,KURTA - JNE3437,KURTA,517.00,206.80,0,10,0.00,0.00,53,Out of Stock (Margin Loss)
5050,JNE3751-KR-XL,KURTA - JNE3751,KURTA,368.00,147.20,0,10,0.00,0.00,11,Out of Stock (Margin Loss)
5051,J0178-TP-XXXL,TOP - J0178,TOP,319.00,127.60,0,10,0.00,0.00,12,Out of Stock (Margin Loss)
5052,SET055-KR-NP-XXXL,SET - SET055,SET,625.00,250.00,0,10,0.00,0.00,5,Out of Stock (Margin Loss)
5053,SET130-KR-NP-XS,SET - SET130,SET,612.00,244.80,0,10,0.00,0.00,8,Out of Stock (Margin Loss)
5054,J0381-SKD-XXL,SET - J0381,SET,1299.00,519.60,0,10,0.00,0.00,5,Out of Stock (Margin Loss)
5055,NW028-TP-PJ-XXXL,SET - NW028,SET,563.00,225.20,0,10,0.00,0.00,2,Out of Stock (Margin Loss)
5056,SAR070,SAREE - SAR070,SAREE,899.00,359.60,0,10,0.00,0.00,8,Out of Stock (Margin Loss)
5057,SET449-KR-NP-S,SET - SET449,SET,1449.00,579.60,0,10,0.00,0.00,1,Out of Stock (Margin Loss)
5058,JNE3470-KR-XS,KURTA - JNE3470,KURTA,329.00,131.60,0,10,0.00,0.00,7,Out of Stock (Margin Loss)
5059,JNE3618-KR-L,KURTA - JNE3618,KURTA,399.00,159.60,0,10,0.00,0.00,97,Out of Stock (Margin Loss)
5060,JNE3800-KR-XXXL,WESTERN DRESS - JNE3800,WESTERN DRESS,771.00,308.40,0,10,0.00,0.00,83,Out of Stock (Margin Loss)
5062,JNE3735-KR-XS,KURTA - JNE3735,KURTA,399.00,159.60,0,10,0.00,0.00,6,Out of Stock (Margin Loss)
5063,SET147-KR-NP-S,SET - SET147,SET,684.00,273.60,0,10,0.00,0.00,12,Out of Stock (Margin Loss)
5064,J0087-TP-XS,TOP - J0087,TOP,329.00,131.60,0,10,0.00,0.00,2,Out of Stock (Margin Loss)
5065,J0077-SKD-XS,SET - J0077,SET,1170.00,468.00,0,10,0.00,0.00,9,Out of Stock (Margin Loss)
5066,JNE3567-KR-XXL,KURTA - JNE3567,KURTA,449.00,179.60,0,10,0.00,0.00,86,Out of Stock (Margin Loss)
5068,SET044-KR-NP-XL,SET - SET044,SET,612.00,244.80,0,10,0.00,0.00,57,Out of Stock (Margin Loss)
5069,J0304-TP-XXXL,TOP - J0304,TOP,297.00,118.80,0,10,0.00,0.00,10,Out of Stock (Margin Loss)
5070,J0371-SKD-S,SET - J0371,SET,1099.00,439.60,0,10,0.00,0.00,2,Out of Stock (Margin Loss)
5071,SET138-KR-PP-XL,SET - SET138,SET,803.00,321.20,0,10,0.00,0.00,11,Out of Stock (Margin Loss)
5072,JNE3504-KR-S,KURTA - JNE3504,KURTA,481.00,192.40,0,10,0.00,0.00,8,Out of Stock (Margin Loss)
5073,JNE3787-KR-S,KURTA - JNE3787,KURTA,487.00,194.80,0,10,0.00,0.00,44,Out of Stock (Margin Loss)
5074,JNE3486-KR-XS,KURTA - JNE3486,KURTA,499.00,199.60,0,10,0.00,0.00,1,Out of Stock (Margin Loss)
5075,JNE1977-KR-237-XXXL,KURTA - JNE1977,KURTA,301.00,120.40,0,10,0.00,0.00,9,Out of Stock (Margin Loss)
5076,JNE3537-KR-S,KURTA - JNE3537,KURTA,367.00,146.80,0,10,0.00,0.00,4,Out of Stock (Margin Loss)
5077,JNE3526-KR-XL,KURTA - JNE3526,KURTA,301.00,120.40,0,10,0.00,0.00,3,Out of Stock (Margin Loss)
5078,SET062-KR-SP-XXL,SET - SET062,SET,685.00,274.00,0,10,0.00,0.00,11,Out of Stock (Margin Loss)
5080,SET171-KR-NP-XS,SET - SET171,SET,817.00,326.80,0,10,0.00,0.00,19,Out of Stock (Margin Loss)
5081,SET282-KR-PP-S,SET - SET282,SET,1099.00,439.60,0,10,0.00,0.00,32,Out of Stock (Margin Loss)
5082,JNE3744-TU-S,TOP - JNE3744,TOP,925.00,370.00,0,10,0.00,0.00,21,Out of Stock (Margin Loss)
5083,SET293-KR-NP-XXL,SET - SET293,SET,736.00,294.40,0,10,0.00,0.00,69,Out of Stock (Margin Loss)
5084,NW034-TP-PJ-XXXL,SET - NW034,SET,613.00,245.20,0,10,0.00,0.00,22,Out of Stock (Margin Loss)
5085,JNE3439-KR-XXXL,KURTA - JNE3439,KURTA,469.00,187.60,0,10,0.00,0.00,26,Out of Stock (Margin Loss)
5086,JNE3670-TU-XS,TOP - JNE3670,TOP,479.00,191.60,0,10,0.00,0.00,17,Out of Stock (Margin Loss)
5087,J0148-SET-XL,SET - J0148,SET,636.00,254.40,0,10,0.00,0.00,27,Out of Stock (Margin Loss)
5088,JNE3798-KR-S,WESTERN DRESS - JNE3798,WESTERN DRESS,799.00,319.60,0,10,0.00,0.00,55,Out of Stock (Margin Loss)
5089,JNE3807-KR-XS,KURTA - JNE3807,KURTA,736.00,294.40,0,10,0.00,0.00,20,Out of Stock (Margin Loss)
5090,J0085-TP-XXXL,TOP - J0085,TOP,360.00,144.00,0,10,0.00,0.00,3,Out of Stock (Margin Loss)
5091,NW024-TP-PJ-M,SET - NW024,SET,586.00,234.40,0,10,0.00,0.00,4,Out of Stock (Margin Loss)
5092,J0301-TP-XXXL,TOP - J0301,TOP,693.00,277.20,0,10,0.00,0.00,69,Out of Stock (Margin Loss)
5094,JNE3730-KR-XXL,KURTA - JNE3730,KURTA,301.00,120.40,0,10,0.00,0.00,12,Out of Stock (Margin Loss)
5095,BL102-M,BLOUSE - BL102,BLOUSE,259.00,103.60,0,10,0.00,0.00,6,Out of Stock (Margin Loss)
5096,NW009-ST-CP-L,SET - NW009,SET,586.00,234.40,0,10,0.00,0.00,11,Out of Stock (Margin Loss)
5097,J0106-KR-XS,WESTERN DRESS - J0106,WESTERN DRESS,999.00,399.60,0,10,0.00,0.00,3,Out of Stock (Margin Loss)
5098,JNE3407-KR-XL,KURTA - JNE3407,KURTA,301.00,120.40,0,10,0.00,0.00,6,Out of Stock (Margin Loss)
5099,J0041-SET-XXXL,SET - J0041,SET,899.00,359.60,0,10,0.00,0.00,16,Out of Stock (Margin Loss)
5100,SET360-KR-NP-L,SET - SET360,SET,1338.00,535.20,0,10,0.00,0.00,28,Out of Stock (Margin Loss)
5101,JNE3928-KR-XS,KURTA - JNE3928,KURTA,568.00,227.20,0,10,0.00,0.00,6,Out of Stock (Margin Loss)
5102,JNE3819-KR-XS,KURTA - JNE3819,KURTA,475.00,190.00,0,10,0.00,0.00,3,Out of Stock (Margin Loss)
5103,J0161-DR-S,WESTERN DRESS - J0161,WESTERN DRESS,473.00,189.20,0,10,0.00,0.00,8,Out of Stock (Margin Loss)
5104,MEN5008-KR-S,KURTA - MEN5008,KURTA,709.00,283.60,0,10,0.00,0.00,13,Out of Stock (Margin Loss)
5105,SET158-KR-PP-M,SET - SET158,SET,791.00,316.40,0,10,0.00,0.00,10,Out of Stock (Margin Loss)
5106,SET274-KR-PP-S,SET - SET274,SET,711.00,284.40,0,10,0.00,0.00,2,Out of Stock (Margin Loss)
5107,SET373-KR-PP-M,SET - SET373,SET,774.00,309.60,0,10,0.00,0.00,10,Out of Stock (Margin Loss)
5108,JNE2014-KR-178-XXXL,KURTA - JNE2014,KURTA,359.00,143.60,0,10,0.00,0.00,62,Out of Stock (Margin Loss)
5109,JNE3789-KR-S,KURTA - JNE3789,KURTA,487.00,194.80,0,10,0.00,0.00,7,Out of Stock (Margin Loss)
5110,NW012-TP-PJ-XXXL,SET - NW012,SET,560.00,224.00,0,10,0.00,0.00,36,Out of Stock (Margin Loss)
5111,JNE3782-KR-L,KURTA - JNE3782,KURTA,544.00,217.60,0,10,0.00,0.00,17,Out of Stock (Margin Loss)
5112,J0249-SKD-XXXL,SET - J0249,SET,939.00,375.60,0,10,0.00,0.00,10,Out of Stock (Margin Loss)
5113,SET346-KR-PP-XXL,SET - SET346,SET,911.00,364.40,0,10,0.00,0.00,7,Out of Stock (Margin Loss)
5114,J0299-KR-XXL,KURTA - J0299,KURTA,342.00,136.80,0,10,0.00,0.00,2,Out of Stock (Margin Loss)
5115,SET404-KR-NP-L,SET - SET404,SET,1729.00,691.60,0,10,0.00,0.00,6,Out of Stock (Margin Loss)
5116,SET223-KR-NP-XS,SET - SET223,SET,648.00,259.20,0,10,0.00,0.00,8,Out of Stock (Margin Loss)
5117,JNE3439-KR-L,KURTA - JNE3439,KURTA,469.00,187.60,0,10,0.00,0.00,38,Out of Stock (Margin Loss)
5118,SET154-KR-NP-XXL,SET - SET154,SET,859.00,343.60,0,10,0.00,0.00,10,Out of Stock (Margin Loss)
5119,JNE3904-DR-XXL,WESTERN DRESS - JNE3904,WESTERN DRESS,836.00,334.40,0,10,0.00,0.00,9,Out of Stock (Margin Loss)
5120,JNE3581-KR-XXL,KURTA - JNE3581,KURTA,635.00,254.00,0,10,0.00,0.00,15,Out of Stock (Margin Loss)
5121,BTM035-NP-XXXL,BOTTOM - BTM035,BOTTOM,301.00,120.40,0,10,0.00,0.00,5,Out of Stock (Margin Loss)
5122,J0246-SKD-XXXL,SET - J0246,SET,1279.00,511.60,0,10,0.00,0.00,9,Out of Stock (Margin Loss)
5123,JNE3368-KR-XXXL,KURTA - JNE3368,KURTA,471.00,188.40,0,10,0.00,0.00,182,Out of Stock (Margin Loss)
5124,J0006-SET-XXL,ETHNIC DRESS - J0006,ETHNIC DRESS,1174.00,469.60,0,10,0.00,0.00,51,Out of Stock (Margin Loss)
5125,SET266-KR-NP-M,SET - SET266,SET,852.00,340.80,0,10,0.00,0.00,38,Out of Stock (Margin Loss)
5127,J0332-DR-XL,WESTERN DRESS - J0332,WESTERN DRESS,828.00,331.20,0,10,0.00,0.00,27,Out of Stock (Margin Loss)
5129,J0224-SKD-XS,SET - J0224,SET,1593.00,637.20,0,10,0.00,0.00,7,Out of Stock (Margin Loss)
5130,SET415-KR-NP-XXL,SET - SET415,SET,999.00,399.60,0,10,0.00,0.00,4,Out of Stock (Margin Loss)
5131,JNE3396-KR-XXXL,KURTA - JNE3396,KURTA,487.00,194.80,0,10,0.00,0.00,33,Out of Stock (Margin Loss)
5134,JNE3427-KR-S,KURTA - JNE3427,KURTA,259.00,103.60,0,10,0.00,0.00,6,Out of Stock (Margin Loss)
5135,SET286-KR-NP-XXL,SET - SET286,SET,666.00,266.40,0,10,0.00,0.00,26,Out of Stock (Margin Loss)
5136,J0020-SET-XS,SET - J0020,SET,571.00,228.40,0,10,0.00,0.00,2,Out of Stock (Margin Loss)
5137,JNE3565-KR-XL,KURTA - JNE3565,KURTA,318.00,127.20,0,10,0.00,0.00,15,Out of Stock (Margin Loss)
5138,J0225-SKD-XXXL,SET - J0225,SET,1245.00,498.00,0,10,0.00,0.00,6,Out of Stock (Margin Loss)
5140,SET369-KR-NP-S,SET - SET369,SET,1399.00,559.60,0,10,0.00,0.00,18,Out of Stock (Margin Loss)
5141,JNE3555-KR-XL,KURTA - JNE3555,KURTA,487.00,194.80,0,10,0.00,0.00,50,Out of Stock (Margin Loss)
5142,JNE3477-KR-S,KURTA - JNE3477,KURTA,484.00,193.60,0,10,0.00,0.00,2,Out of Stock (Margin Loss)
5143,JNE3621-KR-S,KURTA - JNE3621,KURTA,455.00,182.00,0,10,0.00,0.00,4,Out of Stock (Margin Loss)
5144,PSET268-KR-NP-5XL,SET - PSET268,SET,1399.00,559.60,0,10,0.00,0.00,29,Out of Stock (Margin Loss)
5145,J0377-SKD-XXXL,SET - J0377,SET,1099.00,439.60,0,10,0.00,0.00,16,Out of Stock (Margin Loss)
5146,JNE3771-KR-M,KURTA - JNE3771,KURTA,432.00,172.80,0,10,0.00,0.00,12,Out of Stock (Margin Loss)
5147,SAR062,SAREE - SAR062,SAREE,899.00,359.60,0,10,0.00,0.00,6,Out of Stock (Margin Loss)
5148,JNE3801-KR-XXXL,KURTA - JNE3801,KURTA,771.00,308.40,0,10,0.00,0.00,69,Out of Stock (Margin Loss)
5149,JNE3864-TU-XL,TOP - JNE3864,TOP,836.00,334.40,0,10,0.00,0.00,15,Out of Stock (Margin Loss)
5150,SET275-KR-NP-S,SET - SET275,SET,659.00,263.60,0,10,0.00,0.00,24,Out of Stock (Margin Loss)
5151,SET384-KR-NP-S,SET - SET384,SET,631.00,252.40,0,10,0.00,0.00,8,Out of Stock (Margin Loss)
5152,SET062-KR-SP-L,SET - SET062,SET,684.00,273.60,0,10,0.00,0.00,23,Out of Stock (Margin Loss)
5153,J0015-DR-S,ETHNIC DRESS - J0015,ETHNIC DRESS,566.00,226.40,0,10,0.00,0.00,2,Out of Stock (Margin Loss)
5154,J0140-SET-L,SET - J0140,SET,591.00,236.40,0,10,0.00,0.00,2,Out of Stock (Margin Loss)
5155,SET307-KR-DPT-XL,SET - SET307,SET,736.00,294.40,0,10,0.00,0.00,9,Out of Stock (Margin Loss)
5156,SET432-KR-PP-XL,SET - SET432,SET,939.00,375.60,0,10,0.00,0.00,1,Out of Stock (Margin Loss)
5158,SET156-KR-NP-M,SET - SET156,SET,716.00,286.40,0,10,0.00,0.00,15,Out of Stock (Margin Loss)
5159,JNE3655-TP-XS,TOP - JNE3655,TOP,329.00,131.60,0,10,0.00,0.00,1,Out of Stock (Margin Loss)
5160,JNE3819-KR-XXL,KURTA - JNE3819,KURTA,499.00,199.60,0,10,0.00,0.00,6,Out of Stock (Margin Loss)
5162,J0336-TP-XXL,TOP - J0336,TOP,925.00,370.00,0,10,0.00,0.00,29,Out of Stock (Margin Loss)
5163,JNE3427-KR-XL,KURTA - JNE3427,KURTA,301.00,120.40,0,10,0.00,0.00,5,Out of Stock (Margin Loss)
5164,J0004-SKD-S,SET - J0004,SET,1186.00,474.40,0,10,0.00,0.00,16,Out of Stock (Margin Loss)
5165,J0298-DR-S,WESTERN DRESS - J0298,WESTERN DRESS,512.00,204.80,0,10,0.00,0.00,2,Out of Stock (Margin Loss)
5166,J0297-TP-XXXL,TOP - J0297,TOP,574.00,229.60,0,10,0.00,0.00,17,Out of Stock (Margin Loss)
5167,JNE3816-KR-XXL,KURTA - JNE3816,KURTA,736.00,294.40,0,10,0.00,0.00,11,Out of Stock (Margin Loss)
5168,SET402-KR-NP-XXL,SET - SET402,SET,1166.00,466.40,0,10,0.00,0.00,29,Out of Stock (Margin Loss)
5169,JNE3875-KR-L,KURTA - JNE3875,KURTA,929.00,371.60,0,10,0.00,0.00,6,Out of Stock (Margin Loss)
5170,JNE3548-KR-S,KURTA - JNE3548,KURTA,517.00,206.80,0,10,0.00,0.00,39,Out of Stock (Margin Loss)
5171,JNE3251-KR-L,KURTA - JNE3251,KURTA,319.00,127.60,0,10,0.00,0.00,1,Out of Stock (Margin Loss)
5172,JNE3885-KR-M,KURTA - JNE3885,KURTA,526.00,210.40,0,10,0.00,0.00,3,Out of Stock (Margin Loss)
5173,SET098-KR-PP-L,SET - SET098,SET,759.00,303.60,0,10,0.00,0.00,66,Out of Stock (Margin Loss)
5174,JNE3559-KR-L,KURTA - JNE3559,KURTA,487.00,194.80,0,10,0.00,0.00,11,Out of Stock (Margin Loss)
5176,JNE3466-KR-XXXL,KURTA - JNE3466,KURTA,771.00,308.40,0,10,0.00,0.00,3,Out of Stock (Margin Loss)
5177,NW003-TP-PJ-S,SET - NW003,SET,519.00,207.60,0,10,0.00,0.00,15,Out of Stock (Margin Loss)
5178,J0159-DR-XXXL,WESTERN DRESS - J0159,WESTERN DRESS,599.00,239.60,0,10,0.00,0.00,7,Out of Stock (Margin Loss)
5179,J0150-KR-L,KURTA - J0150,KURTA,420.00,168.00,0,10,0.00,0.00,2,Out of Stock (Margin Loss)
5181,JNE3752-KR-XXXL,KURTA - JNE3752,KURTA,362.00,144.80,0,10,0.00,0.00,6,Out of Stock (Margin Loss)
5182,SET280-KR-PP-M,SET - SET280,SET,814.00,325.60,0,10,0.00,0.00,10,Out of Stock (Margin Loss)
5183,JNE3603-KR-S,KURTA - JNE3603,KURTA,301.00,120.40,0,10,0.00,0.00,6,Out of Stock (Margin Loss)
5184,MEN5018-KR-M,KURTA - MEN5018,KURTA,655.00,262.00,0,10,0.00,0.00,20,Out of Stock (Margin Loss)
5185,NW028-TP-PJ-XL,SET - NW028,SET,563.00,225.20,0,10,0.00,0.00,3,Out of Stock (Margin Loss)
5187,JNE3605-KR-XS,KURTA - JNE3605,KURTA,517.00,206.80,0,10,0.00,0.00,8,Out of Stock (Margin Loss)
5188,SET183-KR-DH-XXXL,SET - SET183,SET,759.00,303.60,0,10,0.00,0.00,98,Out of Stock (Margin Loss)
5189,MEN5012-KR-L,KURTA - MEN5012,KURTA,655.00,262.00,0,10,0.00,0.00,17,Out of Stock (Margin Loss)
5190,J0232-SKD-XL,SET - J0232,SET,1249.00,499.60,0,10,0.00,0.00,7,Out of Stock (Margin Loss)
5191,SET257-KR-PP-XS,SET - SET257,SET,568.00,227.20,0,10,0.00,0.00,44,Out of Stock (Margin Loss)
5193,SET251-KR-PP-XL,SET - SET251,SET,759.00,303.60,0,10,0.00,0.00,16,Out of Stock (Margin Loss)
5195,J0390-TP-XXL,TOP - J0390,TOP,625.00,250.00,0,10,0.00,0.00,3,Out of Stock (Margin Loss)
5196,JNE3907-KR-L,KURTA - JNE3907,KURTA,736.00,294.40,0,10,0.00,0.00,1,Out of Stock (Margin Loss)
5197,J0039-SET-XS,SET - J0039,SET,625.00,250.00,0,10,0.00,0.00,1,Out of Stock (Margin Loss)
5198,J0334-TP-L,TOP - J0334,TOP,794.00,317.60,0,10,0.00,0.00,27,Out of Stock (Margin Loss)
5200,JNE3810-KR-XS,KURTA - JNE3810,KURTA,696.00,278.40,0,10,0.00,0.00,13,Out of Stock (Margin Loss)
5201,SET210-KR-PP-XL,SET - SET210,SET,575.00,230.00,0,10,0.00,0.00,24,Out of Stock (Margin Loss)
5202,NW005-ST-PJ-XXL,SET - NW005,SET,599.00,239.60,0,10,0.00,0.00,22,Out of Stock (Margin Loss)
5203,JNE3408-KR-S,KURTA - JNE3408,KURTA,432.00,172.80,0,10,0.00,0.00,2,Out of Stock (Margin Loss)
5204,SET299-KR-PP-S,SET - SET299,SET,825.00,330.00,0,10,0.00,0.00,6,Out of Stock (Margin Loss)
5205,SET405-KR-NP-L,SET - SET405,SET,771.00,308.40,0,10,0.00,0.00,47,Out of Stock (Margin Loss)
5206,NW014-ST-SR-M,SET - NW014,SET,560.00,224.00,0,10,0.00,0.00,21,Out of Stock (Margin Loss)
5207,JNE3786-KR-XS,KURTA - JNE3786,KURTA,368.00,147.20,0,10,0.00,0.00,7,Out of Stock (Margin Loss)
5208,J0073-KR-XXXL,KURTA - J0073,KURTA,345.00,138.00,0,10,0.00,0.00,5,Out of Stock (Margin Loss)
5209,J0108-SKD-XL,SET - J0108,SET,1152.00,460.80,0,10,0.00,0.00,13,Out of Stock (Margin Loss)
5210,SET384-KR-NP-XL,SET - SET384,SET,699.00,279.60,0,10,0.00,0.00,13,Out of Stock (Margin Loss)
5211,SET165-KR-PP-XXL,SET - SET165,SET,615.00,246.00,0,10,0.00,0.00,4,Out of Stock (Margin Loss)
5212,JNE3689-TU-S,TOP - JNE3689,TOP,572.00,228.80,0,10,0.00,0.00,11,Out of Stock (Margin Loss)
5213,J0162-SKD-XXL,SET - J0162,SET,1186.00,474.40,0,10,0.00,0.00,7,Out of Stock (Margin Loss)
5214,J0210-DR-XXL,ETHNIC DRESS - J0210,ETHNIC DRESS,1125.00,450.00,0,10,0.00,0.00,24,Out of Stock (Margin Loss)
5215,J0228-SKD-XS,SET - J0228,SET,1669.00,667.60,0,10,0.00,0.00,1,Out of Stock (Margin Loss)
5216,SET058-KR-NP-XS,SET - SET058,SET,847.00,338.80,0,10,0.00,0.00,7,Out of Stock (Margin Loss)
5217,JNE3889-KR-M,KURTA - JNE3889,KURTA,736.00,294.40,0,10,0.00,0.00,1,Out of Stock (Margin Loss)
5218,SET365-KR-NP-L,SET - SET365,SET,1299.00,519.60,0,10,0.00,0.00,25,Out of Stock (Margin Loss)
5219,J0098-TP-XXL,TOP - J0098,TOP,413.00,165.20,0,10,0.00,0.00,13,Out of Stock (Margin Loss)
5220,SET323-KR-NP-M,SET - SET323,SET,999.00,399.60,0,10,0.00,0.00,32,Out of Stock (Margin Loss)
5221,SET355-KR-PP-XL,SET - SET355,SET,1426.00,570.40,0,10,0.00,0.00,22,Out of Stock (Margin Loss)
5222,J0210-DR-M,ETHNIC DRESS - J0210,ETHNIC DRESS,1030.00,412.00,0,10,0.00,0.00,17,Out of Stock (Margin Loss)
5224,J0374-KR-L,KURTA - J0374,KURTA,614.00,245.60,0,10,0.00,0.00,6,Out of Stock (Margin Loss)
5225,JNE3905-DR-L,WESTERN DRESS - JNE3905,WESTERN DRESS,869.00,347.60,0,10,0.00,0.00,51,Out of Stock (Margin Loss)
5226,JNE3673-TU-XS,TOP - JNE3673,TOP,599.00,239.60,0,10,0.00,0.00,7,Out of Stock (Margin Loss)
5227,SET396-KR-PP-S,SET - SET396,SET,1149.00,459.60,0,10,0.00,0.00,18,Out of Stock (Margin Loss)
5228,J0147-SET-M,SET - J0147,SET,583.00,233.20,0,10,0.00,0.00,9,Out of Stock (Margin Loss)
5229,JNE3376-KR-XS,KURTA - JNE3376,KURTA,432.00,172.80,0,10,0.00,0.00,10,Out of Stock (Margin Loss)
5230,J0208-DR-M,WESTERN DRESS - J0208,WESTERN DRESS,721.00,288.40,0,10,0.00,0.00,8,Out of Stock (Margin Loss)
5231,J0195-TP-M,TOP - J0195,TOP,665.00,266.00,0,10,0.00,0.00,5,Out of Stock (Margin Loss)
5232,JNE3702-KR-XS,KURTA - JNE3702,KURTA,342.00,136.80,0,10,0.00,0.00,7,Out of Stock (Margin Loss)
5233,J0345-SET-M,SET - J0345,SET,519.00,207.60,0,10,0.00,0.00,7,Out of Stock (Margin Loss)
5234,JNE3752-KR-M,KURTA - JNE3752,KURTA,362.00,144.80,0,10,0.00,0.00,10,Out of Stock (Margin Loss)
5235,JNE3435-KR-XXXL,KURTA - JNE3435,KURTA,487.00,194.80,0,10,0.00,0.00,13,Out of Stock (Margin Loss)
5236,SET240-KR-PP-XL,SET - SET240,SET,629.00,251.60,0,10,0.00,0.00,15,Out of Stock (Margin Loss)
5237,JNE3787-KR-M,KURTA - JNE3787,KURTA,487.00,194.80,0,10,0.00,0.00,22,Out of Stock (Margin Loss)
5238,JNE3823-KR-XXL,KURTA - JNE3823,KURTA,526.00,210.40,0,10,0.00,0.00,6,Out of Stock (Margin Loss)
5239,J0072-KR-XXL,KURTA - J0072,KURTA,318.00,127.20,0,10,0.00,0.00,1,Out of Stock (Margin Loss)
5241,J0194-DR-L,WESTERN DRESS - J0194,WESTERN DRESS,668.00,267.20,0,10,0.00,0.00,15,Out of Stock (Margin Loss)
5243,SET211-KR-DPT-XXL,SET - SET211,SET,604.00,241.60,0,10,0.00,0.00,1,Out of Stock (Margin Loss)
5244,JNE3806-KR-XXL,KURTA - JNE3806,KURTA,549.00,219.60,0,10,0.00,0.00,22,Out of Stock (Margin Loss)
5245,JNE3471-KR-XS,KURTA - JNE3471,KURTA,295.00,118.00,0,10,0.00,0.00,4,Out of Stock (Margin Loss)
5246,NW016-ST-SR-XXL,SET - NW016,SET,560.00,224.00,0,10,0.00,0.00,6,Out of Stock (Margin Loss)
5247,JNE3160-KR-M,KURTA - JNE3160,KURTA,749.00,299.60,0,10,0.00,0.00,49,Out of Stock (Margin Loss)
5248,J0431-DR-S,WESTERN DRESS - J0431,WESTERN DRESS,899.00,359.60,0,10,0.00,0.00,6,Out of Stock (Margin Loss)
5249,SET316-KR-DPT-XS,SET - SET316,SET,1238.00,495.20,0,10,0.00,0.00,20,Out of Stock (Margin Loss)
5250,JNE3738-KR-S,KURTA - JNE3738,KURTA,459.00,183.60,0,10,0.00,0.00,12,Out of Stock (Margin Loss)
5251,SET154-KR-NP-XL,SET - SET154,SET,859.00,343.60,0,10,0.00,0.00,23,Out of Stock (Margin Loss)
5252,J0230-SKD-XL,SET - J0230,SET,1349.00,539.60,0,10,0.00,0.00,205,Out of Stock (Margin Loss)
5253,J0006-SET-XXXL,ETHNIC DRESS - J0006,ETHNIC DRESS,899.00,359.60,0,10,0.00,0.00,54,Out of Stock (Margin Loss)
5254,J0208-DR-XXL,WESTERN DRESS - J0208,WESTERN DRESS,721.00,288.40,0,10,0.00,0.00,8,Out of Stock (Margin Loss)
5255,JNE3688-TU-XXL,TOP - JNE3688,TOP,599.00,239.60,0,10,0.00,0.00,26,Out of Stock (Margin Loss)
5256,SET313-KR-NP-M,SET - SET313,SET,1199.00,479.60,0,10,0.00,0.00,4,Out of Stock (Margin Loss)
5257,SET230-KR-PP-XXXL,SET - SET230,SET,832.00,332.80,0,10,0.00,0.00,19,Out of Stock (Margin Loss)
5258,SET401-KR-NP-XXL,SET - SET401,SET,1186.00,474.40,0,10,0.00,0.00,20,Out of Stock (Margin Loss)
5259,PSET043-KR-NP-4XL,SET - PSET043,SET,1629.00,651.60,0,10,0.00,0.00,3,Out of Stock (Margin Loss)
5260,SET376-KR-NP-XL,SET - SET376,SET,560.00,224.00,0,10,0.00,0.00,6,Out of Stock (Margin Loss)
5262,J0230-SKD-L,SET - J0230,SET,1349.00,539.60,0,10,0.00,0.00,277,Out of Stock (Margin Loss)
5263,SET280-KR-PP-XS,SET - SET280,SET,799.00,319.60,0,10,0.00,0.00,18,Out of Stock (Margin Loss)
5264,JNE3605-KR-S,KURTA - JNE3605,KURTA,517.00,206.80,0,10,0.00,0.00,21,Out of Stock (Margin Loss)
5265,JNE3610-KR-XL,KURTA - JNE3610,KURTA,301.00,120.40,0,10,0.00,0.00,9,Out of Stock (Margin Loss)
5266,JNE3625-DR-XXL,WESTERN DRESS - JNE3625,WESTERN DRESS,434.00,173.60,0,10,0.00,0.00,4,Out of Stock (Margin Loss)
5267,JNE3898-KR-S,KURTA - JNE3898,KURTA,582.00,232.80,0,10,0.00,0.00,2,Out of Stock (Margin Loss)
5268,JNE3484-KR-XL,KURTA - JNE3484,KURTA,310.00,124.00,0,10,0.00,0.00,49,Out of Stock (Margin Loss)
5269,J0301-TP-S,TOP - J0301,TOP,693.00,277.20,0,10,0.00,0.00,70,Out of Stock (Margin Loss)
5270,NW008-ST-CP-L,SET - NW008,SET,582.00,232.80,0,10,0.00,0.00,7,Out of Stock (Margin Loss)
5271,JNE3255-KR-L,KURTA - JNE3255,KURTA,487.00,194.80,0,10,0.00,0.00,10,Out of Stock (Margin Loss)
5272,JNE3798-KR-L,WESTERN DRESS - JNE3798,WESTERN DRESS,771.00,308.40,0,10,0.00,0.00,96,Out of Stock (Margin Loss)
5273,J0295-DR-XL,WESTERN DRESS - J0295,WESTERN DRESS,1196.00,478.40,0,10,0.00,0.00,19,Out of Stock (Margin Loss)
5274,JNE3447-KR-XS,KURTA - JNE3447,KURTA,295.00,118.00,0,10,0.00,0.00,2,Out of Stock (Margin Loss)
5275,JNE3789-KR-M,KURTA - JNE3789,KURTA,549.00,219.60,0,10,0.00,0.00,4,Out of Stock (Margin Loss)
5276,JNE3555-KR-S,KURTA - JNE3555,KURTA,487.00,194.80,0,10,0.00,0.00,1,Out of Stock (Margin Loss)
5277,JNE3544-KR-S,KURTA - JNE3544,KURTA,320.00,128.00,0,10,0.00,0.00,4,Out of Stock (Margin Loss)
5278,JNE3816-KR-XXXL,KURTA - JNE3816,KURTA,549.00,219.60,0,10,0.00,0.00,6,Out of Stock (Margin Loss)
5279,J0415-DR-XS,WESTERN DRESS - J0415,WESTERN DRESS,899.00,359.60,0,10,0.00,0.00,5,Out of Stock (Margin Loss)
5280,SET356-KR-NP-XXXL,SET - SET356,SET,1112.00,444.80,0,10,0.00,0.00,35,Out of Stock (Margin Loss)
5281,SET360-KR-NP-XXL,SET - SET360,SET,1338.00,535.20,0,10,0.00,0.00,27,Out of Stock (Margin Loss)
5282,J0023-TP-XXXL,TOP - J0023,TOP,483.00,193.20,0,10,0.00,0.00,11,Out of Stock (Margin Loss)
5283,SET290-KR-DPT-XXXL,SET - SET290,SET,832.00,332.80,0,10,0.00,0.00,22,Out of Stock (Margin Loss)
5285,JNE3565-KR-M,KURTA - JNE3565,KURTA,329.00,131.60,0,10,0.00,0.00,12,Out of Stock (Margin Loss)
5286,NW033-ST-CP-XXL,SET - NW033,SET,582.00,232.80,0,10,0.00,0.00,4,Out of Stock (Margin Loss)
5287,JNE3763-KR-XXL,KURTA - JNE3763,KURTA,459.00,183.60,0,10,0.00,0.00,4,Out of Stock (Margin Loss)
5288,J0254-SKD-S,SET - J0254,SET,955.00,382.00,0,10,0.00,0.00,2,Out of Stock (Margin Loss)
5289,J0095-SET-XXL,SET - J0095,SET,653.00,261.20,0,10,0.00,0.00,78,Out of Stock (Margin Loss)
5290,SET251-KR-PP-M,SET - SET251,SET,759.00,303.60,0,10,0.00,0.00,71,Out of Stock (Margin Loss)
5291,SET058-KR-NP-S,SET - SET058,SET,847.00,338.80,0,10,0.00,0.00,35,Out of Stock (Margin Loss)
5292,J0160-TP-XXL,TOP - J0160,TOP,339.00,135.60,0,10,0.00,0.00,2,Out of Stock (Margin Loss)
5293,J0027-SET-XXL,SET - J0027,SET,0.00,0.00,0,10,0.00,0.00,1,Out of Stock (Margin Loss)
5295,JNE3563-KR-XL,KURTA - JNE3563,KURTA,476.00,190.40,0,10,0.00,0.00,16,Out of Stock (Margin Loss)
5296,NW024-TP-PJ-L,SET - NW024,SET,560.00,224.00,0,10,0.00,0.00,2,Out of Stock (Margin Loss)
5297,JNE3486-KR-L,KURTA - JNE3486,KURTA,0.00,0.00,0,10,0.00,0.00,1,Out of Stock (Margin Loss)
5298,JNE3733-KR-L,KURTA - JNE3733,KURTA,549.00,219.60,0,10,0.00,0.00,8,Out of Stock (Margin Loss)
5299,SET347-KR-NP-XXL,SET - SET347,SET,852.00,340.80,0,10,0.00,0.00,30,Out of Stock (Margin Loss)
5300,JNE3635-KR-XXL,KURTA - JNE3635,KURTA,345.00,138.00,0,10,0.00,0.00,16,Out of Stock (Margin Loss)
5301,J0248-KR-DPT-XL,SET - J0248,SET,999.00,399.60,0,10,0.00,0.00,6,Out of Stock (Margin Loss)
5302,NW005-ST-PJ-XXXL,SET - NW005,SET,599.00,239.60,0,10,0.00,0.00,20,Out of Stock (Margin Loss)
5303,SET388-KR-NP-XL,SET - SET388,SET,1499.00,599.60,0,10,0.00,0.00,21,Out of Stock (Margin Loss)
5304,JNE3749-KR-S,KURTA - JNE3749,KURTA,495.00,198.00,0,10,0.00,0.00,16,Out of Stock (Margin Loss)
5305,J0212-DR-XL,ETHNIC DRESS - J0212,ETHNIC DRESS,1099.00,439.60,0,10,0.00,0.00,31,Out of Stock (Margin Loss)
5306,J0249-SKD-L,SET - J0249,SET,939.00,375.60,0,10,0.00,0.00,17,Out of Stock (Margin Loss)
5307,J0072-KR-XXXL,KURTA - J0072,KURTA,318.00,127.20,0,10,0.00,0.00,1,Out of Stock (Margin Loss)
5308,JNE3562-KR-S,KURTA - JNE3562,KURTA,476.00,190.40,0,10,0.00,0.00,14,Out of Stock (Margin Loss)
5309,PJNE3364-KR-6XL,KURTA - PJNE3364,KURTA,836.00,334.40,0,10,0.00,0.00,21,Out of Stock (Margin Loss)
5310,SET288-KR-NP-XXL,SET - SET288,SET,685.00,274.00,0,10,0.00,0.00,33,Out of Stock (Margin Loss)
5311,SET269-KR-NP-XS,SET - SET269,SET,824.00,329.60,0,10,0.00,0.00,33,Out of Stock (Margin Loss)
5312,J0305-DR-XS,WESTERN DRESS - J0305,WESTERN DRESS,730.00,292.00,0,10,0.00,0.00,4,Out of Stock (Margin Loss)
5313,JNE3291-KR-S,KURTA - JNE3291,KURTA,499.00,199.60,0,10,0.00,0.00,74,Out of Stock (Margin Loss)
5314,JNE3825-KR-XS,KURTA - JNE3825,KURTA,474.00,189.60,0,10,0.00,0.00,6,Out of Stock (Margin Loss)
5315,J0379-SKD-XXL,SET - J0379,SET,1386.00,554.40,0,10,0.00,0.00,23,Out of Stock (Margin Loss)
5316,J0131-KR-XL,KURTA - J0131,KURTA,342.00,136.80,0,10,0.00,0.00,6,Out of Stock (Margin Loss)
5317,JNE3491-KR-XXXL,KURTA - JNE3491,KURTA,347.00,138.80,0,10,0.00,0.00,1,Out of Stock (Margin Loss)
5318,SET414-KR-NP-S,SET - SET414,SET,999.00,399.60,0,10,0.00,0.00,2,Out of Stock (Margin Loss)
5319,JNE3804-KR-S,KURTA - JNE3804,KURTA,487.00,194.80,0,10,0.00,0.00,10,Out of Stock (Margin Loss)
5320,JNE3443-KR-XXXL,KURTA - JNE3443,KURTA,517.00,206.80,0,10,0.00,0.00,5,Out of Stock (Margin Loss)
5321,SET182-KR-DH-XL,SET - SET182,SET,699.00,279.60,0,10,0.00,0.00,24,Out of Stock (Margin Loss)
5322,SET038-KR-PP-XXXL,SET - SET038,SET,579.00,231.60,0,10,0.00,0.00,12,Out of Stock (Margin Loss)
5323,JNE3323-KR-XS,KURTA - JNE3323,KURTA,264.00,105.60,0,10,0.00,0.00,0,Out of Stock (Margin Loss)
5324,SET372-KR-PP-M,SET - SET372,SET,667.00,266.80,0,10,0.00,0.00,1,Out of Stock (Margin Loss)
5325,SET414-KR-NP-L,SET - SET414,SET,1449.00,579.60,0,10,0.00,0.00,5,Out of Stock (Margin Loss)
5326,J0242-SKD-XXXL,SET - J0242,SET,1279.00,511.60,0,10,0.00,0.00,12,Out of Stock (Margin Loss)
5327,SET358-KR-NP-XL,SET - SET358,SET,1477.00,590.80,0,10,0.00,0.00,11,Out of Stock (Margin Loss)
5328,J0041-SET-M,SET - J0041,SET,763.00,305.20,0,10,0.00,0.00,71,Out of Stock (Margin Loss)
5329,J0162-SKD-XXXL,SET - J0162,SET,1199.00,479.60,0,10,0.00,0.00,9,Out of Stock (Margin Loss)
1466,JNE3741-KR-M,KURTA - JNE3741,KURTA,459.00,183.60,0,10,0.00,0.00,19,Out of Stock (Margin Loss)
1467,BTM039-PP-S,BOTTOM - BTM039,BOTTOM,360.00,144.00,0,10,0.00,0.00,11,Out of Stock (Margin Loss)
1468,SET252-KR-PP-S,SET - SET252,SET,759.00,303.60,0,10,0.00,0.00,16,Out of Stock (Margin Loss)
1469,SET318-KR-SHA-XXL,SET - SET318,SET,1152.00,460.80,0,10,0.00,0.00,2,Out of Stock (Margin Loss)
1470,J0196-TP-XS,TOP - J0196,TOP,446.00,178.40,0,10,0.00,0.00,7,Out of Stock (Margin Loss)
1471,SET184-KR-PP-XXXL,SET - SET184,SET,599.00,239.60,0,10,0.00,0.00,42,Out of Stock (Margin Loss)
1472,JNE3769-KR-L,KURTA - JNE3769,KURTA,487.00,194.80,0,10,0.00,0.00,8,Out of Stock (Margin Loss)
1473,JNE3865-TP-XL,TOP - JNE3865,TOP,676.00,270.40,0,10,0.00,0.00,20,Out of Stock (Margin Loss)
1474,SET204-KR-DPT-XXXL,SET - SET204,SET,666.00,266.40,0,10,0.00,0.00,14,Out of Stock (Margin Loss)
1475,JNE3675-TU-M,TOP - JNE3675,TOP,758.00,303.20,0,10,0.00,0.00,19,Out of Stock (Margin Loss)
1476,JNE3735-KR-XL,KURTA - JNE3735,KURTA,417.00,166.80,0,10,0.00,0.00,11,Out of Stock (Margin Loss)
1477,JNE3756-KR-M,KURTA - JNE3756,KURTA,487.00,194.80,0,10,0.00,0.00,11,Out of Stock (Margin Loss)
1478,JNE3701-KR-S,KURTA - JNE3701,KURTA,333.00,133.20,0,10,0.00,0.00,20,Out of Stock (Margin Loss)
1479,JNE3684-TU-L,TOP - JNE3684,TOP,319.00,127.60,0,10,0.00,0.00,11,Out of Stock (Margin Loss)
1480,NW027-TP-PJ-M,SET - NW027,SET,613.00,245.20,0,10,0.00,0.00,7,Out of Stock (Margin Loss)
1481,J0101-DR-XS,ETHNIC DRESS - J0101,ETHNIC DRESS,799.00,319.60,0,10,0.00,0.00,2,Out of Stock (Margin Loss)
1482,J0003-SET-S,SET - J0003,SET,696.00,278.40,0,10,0.00,0.00,272,Out of Stock (Margin Loss)
1483,J0398-DR-M,WESTERN DRESS - J0398,WESTERN DRESS,885.00,354.00,0,10,0.00,0.00,12,Out of Stock (Margin Loss)
1484,J0333-DR-L,WESTERN DRESS - J0333,WESTERN DRESS,885.00,354.00,0,10,0.00,0.00,27,Out of Stock (Margin Loss)
1485,JNE3482-KR-XXL,KURTA - JNE3482,KURTA,318.00,127.20,0,10,0.00,0.00,25,Out of Stock (Margin Loss)
1486,SET153-KR-NP-XS,SET - SET153,SET,468.00,187.20,0,10,0.00,0.00,3,Out of Stock (Margin Loss)
1487,SET338-KR-NP-M,SET - SET338,SET,1186.00,474.40,0,10,0.00,0.00,4,Out of Stock (Margin Loss)
1489,SET390-KR-NP-XXXL,SET - SET390,SET,999.00,399.60,0,10,0.00,0.00,9,Out of Stock (Margin Loss)
1490,SET210-KR-PP-XS,SET - SET210,SET,575.00,230.00,0,10,0.00,0.00,4,Out of Stock (Margin Loss)
1491,JNE3730-KR-L,KURTA - JNE3730,KURTA,310.00,124.00,0,10,0.00,0.00,8,Out of Stock (Margin Loss)
1492,SET257-KR-PP-XL,SET - SET257,SET,568.00,227.20,0,10,0.00,0.00,5,Out of Stock (Margin Loss)
1493,SET037-KR-NP-L,SET - SET037,SET,567.00,226.80,0,10,0.00,0.00,12,Out of Stock (Margin Loss)
1494,JNE3862-TU-XS,TOP - JNE3862,TOP,563.00,225.20,0,10,0.00,0.00,1,Out of Stock (Margin Loss)
1495,SET324-KR-NP-XS,SET - SET324,SET,699.00,279.60,0,10,0.00,0.00,115,Out of Stock (Margin Loss)
1496,SET220-KR-PP-S,SET - SET220,SET,1199.00,479.60,0,10,0.00,0.00,21,Out of Stock (Margin Loss)
1497,JNE3415-KR-XL,KURTA - JNE3415,KURTA,299.00,119.60,0,10,0.00,0.00,4,Out of Stock (Margin Loss)
1498,J0402-DR-S,WESTERN DRESS - J0402,WESTERN DRESS,899.00,359.60,0,10,0.00,0.00,9,Out of Stock (Margin Loss)
1499,J0239-SKD-XXL,SET - J0239,SET,1399.00,559.60,0,10,0.00,0.00,13,Out of Stock (Margin Loss)
1500,SET188-KR-NP-XXXL,SET - SET188,SET,680.00,272.00,0,10,0.00,0.00,16,Out of Stock (Margin Loss)
1501,JNE3757-KR-M,KURTA - JNE3757,KURTA,487.00,194.80,0,10,0.00,0.00,15,Out of Stock (Margin Loss)
1502,JNE3619-KR-XXL,KURTA - JNE3619,KURTA,318.00,127.20,0,10,0.00,0.00,52,Out of Stock (Margin Loss)
1503,JNE3400-KR-XXXL,KURTA - JNE3400,KURTA,459.00,183.60,0,10,0.00,0.00,9,Out of Stock (Margin Loss)
1504,BTM039-PP-XXL,BOTTOM - BTM039,BOTTOM,360.00,144.00,0,10,0.00,0.00,10,Out of Stock (Margin Loss)
1505,J0390-TP-M,TOP - J0390,TOP,869.00,347.60,0,10,0.00,0.00,7,Out of Stock (Margin Loss)
1506,J0323-CD-XXL,TOP - J0323,TOP,534.00,213.60,0,10,0.00,0.00,1,Out of Stock (Margin Loss)
1507,SET110-KR-PP-L,SET - SET110,SET,837.00,334.80,0,10,0.00,0.00,90,Out of Stock (Margin Loss)
1508,SET188-KR-NP-XS,SET - SET188,SET,680.00,272.00,0,10,0.00,0.00,5,Out of Stock (Margin Loss)
1509,J0098-TP-S,TOP - J0098,TOP,413.00,165.20,0,10,0.00,0.00,4,Out of Stock (Margin Loss)
1510,JNE3724-KR-L,KURTA - JNE3724,KURTA,499.00,199.60,0,10,0.00,0.00,28,Out of Stock (Margin Loss)
1511,SET100-KR-PP-XS,SET - SET100,SET,816.00,326.40,0,10,0.00,0.00,2,Out of Stock (Margin Loss)
1512,JNE3689-TU-L,TOP - JNE3689,TOP,572.00,228.80,0,10,0.00,0.00,16,Out of Stock (Margin Loss)
1513,JNE1408-GREY-KR-UDF19-S,KURTA - JNE1408,KURTA,376.00,150.40,0,10,0.00,0.00,3,Out of Stock (Margin Loss)
1514,JNE3439-KR-XS,KURTA - JNE3439,KURTA,435.00,174.00,0,10,0.00,0.00,9,Out of Stock (Margin Loss)
1516,JNE3680-TU-XXXL,TOP - JNE3680,TOP,758.00,303.20,0,10,0.00,0.00,12,Out of Stock (Margin Loss)
1517,SET303-KR-NP-L,SET - SET303,SET,888.00,355.20,0,10,0.00,0.00,11,Out of Stock (Margin Loss)
1518,JNE3501-KR-XXL,KURTA - JNE3501,KURTA,419.00,167.60,0,10,0.00,0.00,16,Out of Stock (Margin Loss)
1519,J0330-KR-XXXL,KURTA - J0330,KURTA,575.00,230.00,0,10,0.00,0.00,3,Out of Stock (Margin Loss)
1520,J0389-TP-S,TOP - J0389,TOP,665.00,266.00,0,10,0.00,0.00,4,Out of Stock (Margin Loss)
1521,JNE3364-KR-1051-M,KURTA - JNE3364,KURTA,376.00,150.40,0,10,0.00,0.00,13,Out of Stock (Margin Loss)
1522,JNE1408-GREY-KR-UDF19-XXL,KURTA - JNE1408,KURTA,376.00,150.40,0,10,0.00,0.00,8,Out of Stock (Margin Loss)
1523,SET094-KR-NP-XL,SET - SET094,SET,758.00,303.20,0,10,0.00,0.00,13,Out of Stock (Margin Loss)
6082,BL109-XL,BLOUSE - BL109,BLOUSE,729.00,291.60,0,10,0.00,0.00,4,Out of Stock (Margin Loss)
6083,SET403-KR-NP-XXL,SET - SET403,SET,999.00,399.60,0,10,0.00,0.00,4,Out of Stock (Margin Loss)
6084,J0174-TP-XS,TOP - J0174,TOP,423.00,169.20,0,10,0.00,0.00,2,Out of Stock (Margin Loss)
6085,J0186-SET-XS,SET - J0186,SET,848.00,339.20,0,10,0.00,0.00,5,Out of Stock (Margin Loss)
6086,J0335-DR-S,WESTERN DRESS - J0335,WESTERN DRESS,1294.00,517.60,0,10,0.00,0.00,51,Out of Stock (Margin Loss)
6087,J0158-DR-XXL,WESTERN DRESS - J0158,WESTERN DRESS,1091.00,436.40,0,10,0.00,0.00,27,Out of Stock (Margin Loss)
6088,SET253-KR-NP-S,SET - SET253,SET,737.00,294.80,0,10,0.00,0.00,14,Out of Stock (Margin Loss)
6089,SET392-KR-NP-L,SET - SET392,SET,799.00,319.60,0,10,0.00,0.00,58,Out of Stock (Margin Loss)
6090,JNE3431-KR-XL,KURTA - JNE3431,KURTA,349.00,139.60,0,10,0.00,0.00,22,Out of Stock (Margin Loss)
6091,JNE3893-TP-L,TOP - JNE3893,TOP,621.00,248.40,0,10,0.00,0.00,4,Out of Stock (Margin Loss)
6092,J0386-KR-L,KURTA - J0386,KURTA,1369.00,547.60,0,10,0.00,0.00,15,Out of Stock (Margin Loss)
6093,JNE2132-KR-398-XXXL,KURTA - JNE2132,KURTA,566.00,226.40,0,10,0.00,0.00,6,Out of Stock (Margin Loss)
6094,JNE3757-KR-XL,KURTA - JNE3757,KURTA,487.00,194.80,0,10,0.00,0.00,22,Out of Stock (Margin Loss)
6095,J0012-SKD-S,SET - J0012,SET,1213.00,485.20,0,10,0.00,0.00,42,Out of Stock (Margin Loss)
6096,J0306-DR-XL,WESTERN DRESS - J0306,WESTERN DRESS,1044.00,417.60,0,10,0.00,0.00,21,Out of Stock (Margin Loss)
6097,J0132-KR-XXXL,KURTA - J0132,KURTA,362.00,144.80,0,10,0.00,0.00,29,Out of Stock (Margin Loss)
6098,SET390-KR-NP-M,SET - SET390,SET,999.00,399.60,0,10,0.00,0.00,6,Out of Stock (Margin Loss)
6099,JNE3577-KR-XXL,KURTA - JNE3577,KURTA,696.00,278.40,0,10,0.00,0.00,9,Out of Stock (Margin Loss)
6100,SET337-KR-NP-XL,SET - SET337,SET,874.00,349.60,0,10,0.00,0.00,5,Out of Stock (Margin Loss)
6101,J0096-KR-XL,KURTA - J0096,KURTA,635.00,254.00,0,10,0.00,0.00,56,Out of Stock (Margin Loss)
6102,JNE3741-KR-L,KURTA - JNE3741,KURTA,459.00,183.60,0,10,0.00,0.00,25,Out of Stock (Margin Loss)
6103,J0346-SET-XXL,SET - J0346,SET,478.00,191.20,0,10,0.00,0.00,22,Out of Stock (Margin Loss)
6104,JNE3488-KR-XXL,KURTA - JNE3488,KURTA,299.00,119.60,0,10,0.00,0.00,6,Out of Stock (Margin Loss)
6105,J0131-KR-XXL,KURTA - J0131,KURTA,369.00,147.60,0,10,0.00,0.00,13,Out of Stock (Margin Loss)
6106,SET165-KR-PP-XL,SET - SET165,SET,567.00,226.80,0,10,0.00,0.00,4,Out of Stock (Margin Loss)
6107,J0007-SKD-XXXL,SET - J0007,SET,1133.00,453.20,0,10,0.00,0.00,20,Out of Stock (Margin Loss)
6108,J0348-SET-XXL,SET - J0348,SET,499.00,199.60,0,10,0.00,0.00,5,Out of Stock (Margin Loss)
6109,J0183-TP-XS,TOP - J0183,TOP,443.00,177.20,0,10,0.00,0.00,5,Out of Stock (Margin Loss)
6110,J0024-KR-XXL,KURTA - J0024,KURTA,321.00,128.40,0,10,0.00,0.00,12,Out of Stock (Margin Loss)
6111,J0429-DR-XXXL,WESTERN DRESS - J0429,WESTERN DRESS,859.00,343.60,0,10,0.00,0.00,2,Out of Stock (Margin Loss)
6112,JNE3618-KR-M,KURTA - JNE3618,KURTA,399.00,159.60,0,10,0.00,0.00,84,Out of Stock (Margin Loss)
6114,NW003-TP-PJ-XXXL,SET - NW003,SET,519.00,207.60,0,10,0.00,0.00,9,Out of Stock (Margin Loss)
6115,SET158-KR-PP-XXL,SET - SET158,SET,791.00,316.40,0,10,0.00,0.00,4,Out of Stock (Margin Loss)
6116,SET206-KR-PP-S,SET - SET206,SET,526.00,210.40,0,10,0.00,0.00,2,Out of Stock (Margin Loss)
6117,SET390-KR-NP-XS,SET - SET390,SET,999.00,399.60,0,10,0.00,0.00,4,Out of Stock (Margin Loss)
6118,JNE3885-KR-XL,KURTA - JNE3885,KURTA,590.00,236.00,0,10,0.00,0.00,11,Out of Stock (Margin Loss)
6119,JNE3802-KR-S,KURTA - JNE3802,KURTA,487.00,194.80,0,10,0.00,0.00,32,Out of Stock (Margin Loss)
6120,JNE3804-KR-XXXL,KURTA - JNE3804,KURTA,487.00,194.80,0,10,0.00,0.00,5,Out of Stock (Margin Loss)
6121,JNE3838-KR-L,KURTA - JNE3838,KURTA,487.00,194.80,0,10,0.00,0.00,45,Out of Stock (Margin Loss)
6122,JNE3791-DR-XXXL,ETHNIC DRESS - JNE3791,ETHNIC DRESS,517.00,206.80,0,10,0.00,0.00,8,Out of Stock (Margin Loss)
6123,BL079-87RED,BLOUSE - BL079,BLOUSE,436.00,174.40,0,10,0.00,0.00,2,Out of Stock (Margin Loss)
6125,SET398-KR-PP-S,SET - SET398,SET,1186.00,474.40,0,10,0.00,0.00,55,Out of Stock (Margin Loss)
6126,JNE3471-KR-M,KURTA - JNE3471,KURTA,318.00,127.20,0,10,0.00,0.00,2,Out of Stock (Margin Loss)
6127,J0225-SKD-M,SET - J0225,SET,1284.00,513.60,0,10,0.00,0.00,16,Out of Stock (Margin Loss)
6129,SET214-KR-DPT-XXXL,SET - SET214,SET,604.00,241.60,0,10,0.00,0.00,1,Out of Stock (Margin Loss)
6130,SET187-KR-DH-XS,SET - SET187,SET,699.00,279.60,0,10,0.00,0.00,28,Out of Stock (Margin Loss)
6131,J0396-DR-XL,WESTERN DRESS - J0396,WESTERN DRESS,1196.00,478.40,0,10,0.00,0.00,4,Out of Stock (Margin Loss)
6132,JNE3256-KR-XXL,KURTA - JNE3256,KURTA,487.00,194.80,0,10,0.00,0.00,19,Out of Stock (Margin Loss)
6133,JNE3427-KR-XXL,KURTA - JNE3427,KURTA,259.00,103.60,0,10,0.00,0.00,1,Out of Stock (Margin Loss)
6134,JNE1525-KR-UDF19BLACK-XXXL,KURTA - JNE1525,KURTA,311.00,124.40,0,10,0.00,0.00,9,Out of Stock (Margin Loss)
6135,JNE3864-TU-S,TOP - JNE3864,TOP,599.00,239.60,0,10,0.00,0.00,6,Out of Stock (Margin Loss)
6136,SET437-KR-PP-L,SET - SET437,SET,1204.00,481.60,0,10,0.00,0.00,1,Out of Stock (Margin Loss)
6137,J0417-TP-M,TOP - J0417,TOP,791.00,316.40,0,10,0.00,0.00,2,Out of Stock (Margin Loss)
6138,SET186-KR-DH-XS,SET - SET186,SET,631.00,252.40,0,10,0.00,0.00,17,Out of Stock (Margin Loss)
6139,J0025-DR-S,WESTERN DRESS - J0025,WESTERN DRESS,714.00,285.60,0,10,0.00,0.00,22,Out of Stock (Margin Loss)
6140,J0081-DR-XXXL,WESTERN DRESS - J0081,WESTERN DRESS,658.00,263.20,0,10,0.00,0.00,8,Out of Stock (Margin Loss)
6141,J0204-TP-XL,TOP - J0204,TOP,751.00,300.40,0,10,0.00,0.00,9,Out of Stock (Margin Loss)
6142,SET243-KR-PP-S,SET - SET243,SET,534.00,213.60,0,10,0.00,0.00,8,Out of Stock (Margin Loss)
6143,J0131-KR-L,KURTA - J0131,KURTA,345.00,138.00,0,10,0.00,0.00,13,Out of Stock (Margin Loss)
6144,JNE3662-TP-XXL,TOP - JNE3662,TOP,399.00,159.60,0,10,0.00,0.00,7,Out of Stock (Margin Loss)
6145,JNE3630-KR-XXL,KURTA - JNE3630,KURTA,405.00,162.00,0,10,0.00,0.00,14,Out of Stock (Margin Loss)
6146,SET280-KR-PP-XXXL,SET - SET280,SET,814.00,325.60,0,10,0.00,0.00,2,Out of Stock (Margin Loss)
6147,J0292-TP-L,TOP - J0292,TOP,0.00,0.00,0,10,0.00,0.00,6,Out of Stock (Margin Loss)
6148,NW007-ST-CP-XL,SET - NW007,SET,560.00,224.00,0,10,0.00,0.00,1,Out of Stock (Margin Loss)
6149,CH209-BIEGE-L,BOTTOM - CH209,BOTTOM,301.00,120.40,0,10,0.00,0.00,0,Out of Stock (Margin Loss)
6150,JNE3870-DR-XXL,WESTERN DRESS - JNE3870,WESTERN DRESS,998.00,399.20,0,10,0.00,0.00,46,Out of Stock (Margin Loss)
6151,J0415-DR-L,WESTERN DRESS - J0415,WESTERN DRESS,1187.00,474.80,0,10,0.00,0.00,8,Out of Stock (Margin Loss)
6152,JNE3799-KR-S,KURTA - JNE3799,KURTA,666.00,266.40,0,10,0.00,0.00,14,Out of Stock (Margin Loss)
6153,NW006-ST-SR-M,SET - NW006,SET,481.00,192.40,0,10,0.00,0.00,6,Out of Stock (Margin Loss)
6154,J0117-TP-M,TOP - J0117,TOP,726.00,290.40,0,10,0.00,0.00,88,Out of Stock (Margin Loss)
6155,SET316-KR-DPT-XL,SET - SET316,SET,1238.00,495.20,0,10,0.00,0.00,21,Out of Stock (Margin Loss)
6156,J0328-KR-XXXL,KURTA - J0328,KURTA,939.00,375.60,0,10,0.00,0.00,13,Out of Stock (Margin Loss)
6157,SET404-KR-NP-M,SET - SET404,SET,1729.00,691.60,0,10,0.00,0.00,4,Out of Stock (Margin Loss)
6159,JNE1408-GREY-KR-UDF19-M,KURTA - JNE1408,KURTA,376.00,150.40,0,10,0.00,0.00,5,Out of Stock (Margin Loss)
6161,JNE3634-KR-XXXL,KURTA - JNE3634,KURTA,544.00,217.60,0,10,0.00,0.00,63,Out of Stock (Margin Loss)
6162,J0233-SKD-M,SET - J0233,SET,1324.00,529.60,0,10,0.00,0.00,11,Out of Stock (Margin Loss)
6163,J0207-DR-XL,WESTERN DRESS - J0207,WESTERN DRESS,1168.00,467.20,0,10,0.00,0.00,17,Out of Stock (Margin Loss)
6165,J0039-SET-S,SET - J0039,SET,648.00,259.20,0,10,0.00,0.00,2,Out of Stock (Margin Loss)
6166,SET229-KR-PP-XXXL,SET - SET229,SET,899.00,359.60,0,10,0.00,0.00,26,Out of Stock (Margin Loss)
6167,J0416-DR-M,WESTERN DRESS - J0416,WESTERN DRESS,1148.00,459.20,0,10,0.00,0.00,7,Out of Stock (Margin Loss)
6168,JNE1525-KR-UDF19BLACK-XL,KURTA - JNE1525,KURTA,311.00,124.40,0,10,0.00,0.00,9,Out of Stock (Margin Loss)
6169,NW038-ST-SR-XXXL,SET - NW038,SET,517.00,206.80,0,10,0.00,0.00,3,Out of Stock (Margin Loss)
6170,JNE3554-KR-XXL,KURTA - JNE3554,KURTA,517.00,206.80,0,10,0.00,0.00,30,Out of Stock (Margin Loss)
6171,JNE3739-KR-XXXL,KURTA - JNE3739,KURTA,459.00,183.60,0,10,0.00,0.00,50,Out of Stock (Margin Loss)
6172,MEN5021-KR-S,KURTA - MEN5021,KURTA,777.00,310.80,0,10,0.00,0.00,14,Out of Stock (Margin Loss)
6173,J0242-SKD-L,SET - J0242,SET,1149.00,459.60,0,10,0.00,0.00,34,Out of Stock (Margin Loss)
6174,SET435-KR-NP-M,SET - SET435,SET,1999.00,799.60,0,10,0.00,0.00,15,Out of Stock (Margin Loss)
6175,J0177-KR-S,KURTA - J0177,KURTA,344.00,137.60,0,10,0.00,0.00,1,Out of Stock (Margin Loss)
6176,J0241-SKD-M,SET - J0241,SET,1258.00,503.20,0,10,0.00,0.00,15,Out of Stock (Margin Loss)
6177,JNE3613-KR-XXL,KURTA - JNE3613,KURTA,405.00,162.00,0,10,0.00,0.00,48,Out of Stock (Margin Loss)
6178,J0025-DR-XS,WESTERN DRESS - J0025,WESTERN DRESS,693.00,277.20,0,10,0.00,0.00,22,Out of Stock (Margin Loss)
6179,JNE3865-TP-S,TOP - JNE3865,TOP,599.00,239.60,0,10,0.00,0.00,24,Out of Stock (Margin Loss)
6180,JNE3336-KR-XS,KURTA - JNE3336,KURTA,345.00,138.00,0,10,0.00,0.00,4,Out of Stock (Margin Loss)
6181,J0226-SKD-XS,SET - J0226,SET,1593.00,637.20,0,10,0.00,0.00,5,Out of Stock (Margin Loss)
6182,J0187-KR-XXL,KURTA - J0187,KURTA,599.00,239.60,0,10,0.00,0.00,4,Out of Stock (Margin Loss)
6183,SET098-KR-PP-XXL,SET - SET098,SET,759.00,303.60,0,10,0.00,0.00,19,Out of Stock (Margin Loss)
6184,JNE3065-KR-M,KURTA - JNE3065,KURTA,393.00,157.20,0,10,0.00,0.00,13,Out of Stock (Margin Loss)
6185,J0110-SKD-XXL,SET - J0110,SET,864.00,345.60,0,10,0.00,0.00,13,Out of Stock (Margin Loss)
6186,J0164-DR-XS,ETHNIC DRESS - J0164,ETHNIC DRESS,388.00,155.20,0,10,0.00,0.00,8,Out of Stock (Margin Loss)
6188,J0136-KR-XXL,KURTA - J0136,KURTA,568.00,227.20,0,10,0.00,0.00,10,Out of Stock (Margin Loss)
6189,SET383-KR-NP-XXL,SET - SET383,SET,699.00,279.60,0,10,0.00,0.00,42,Out of Stock (Margin Loss)
6190,SET179-KR-PP-XS,SET - SET179,SET,528.00,211.20,0,10,0.00,0.00,20,Out of Stock (Margin Loss)
6191,JNE3602-KR-XS,KURTA - JNE3602,KURTA,376.00,150.40,0,10,0.00,0.00,1,Out of Stock (Margin Loss)
6193,JNE3431-KR-XXL,KURTA - JNE3431,KURTA,349.00,139.60,0,10,0.00,0.00,37,Out of Stock (Margin Loss)
6195,JNE3376-KR-L,KURTA - JNE3376,KURTA,432.00,172.80,0,10,0.00,0.00,27,Out of Stock (Margin Loss)
6196,NW022-TP-PJ-XL,SET - NW022,SET,590.00,236.00,0,10,0.00,0.00,8,Out of Stock (Margin Loss)
6197,JNE3530-KR-XXL,KURTA - JNE3530,KURTA,356.00,142.40,0,10,0.00,0.00,8,Out of Stock (Margin Loss)
6198,SET378-KR-NP-XXXL,SET - SET378,SET,1299.00,519.60,0,10,0.00,0.00,23,Out of Stock (Margin Loss)
6199,SAR132,SAREE - SAR132,SAREE,648.00,259.20,0,10,0.00,0.00,1,Out of Stock (Margin Loss)
6200,JNE3403-KR-S,KURTA - JNE3403,KURTA,399.00,159.60,0,10,0.00,0.00,5,Out of Stock (Margin Loss)
6201,J0175-KR-L,KURTA - J0175,KURTA,476.00,190.40,0,10,0.00,0.00,2,Out of Stock (Margin Loss)
6202,SET236-KR-PP-XS,SET - SET236,SET,729.00,291.60,0,10,0.00,0.00,10,Out of Stock (Margin Loss)
6203,J0165-TP-M,TOP - J0165,TOP,371.00,148.40,0,10,0.00,0.00,11,Out of Stock (Margin Loss)
6204,JNE3709-DR-XL,WESTERN DRESS - JNE3709,WESTERN DRESS,833.00,333.20,0,10,0.00,0.00,22,Out of Stock (Margin Loss)
6206,JNE3856-KR-S,KURTA - JNE3856,KURTA,666.00,266.40,0,10,0.00,0.00,7,Out of Stock (Margin Loss)
6207,SET351-KR-NP-XS,SET - SET351,SET,599.00,239.60,0,10,0.00,0.00,8,Out of Stock (Margin Loss)
6208,JNE3437-KR-M,KURTA - JNE3437,KURTA,517.00,206.80,0,10,0.00,0.00,58,Out of Stock (Margin Loss)
6209,J0395-DR-L,WESTERN DRESS - J0395,WESTERN DRESS,859.00,343.60,0,10,0.00,0.00,6,Out of Stock (Margin Loss)
6210,SET360-KR-NP-XS,SET - SET360,SET,1126.00,450.40,0,10,0.00,0.00,3,Out of Stock (Margin Loss)
6211,SET401-KR-NP-XL,SET - SET401,SET,1186.00,474.40,0,10,0.00,0.00,19,Out of Stock (Margin Loss)
6212,JNE3869-DR-M,WESTERN DRESS - JNE3869,WESTERN DRESS,948.00,379.20,0,10,0.00,0.00,63,Out of Stock (Margin Loss)
6213,JNE3554-KR-S,KURTA - JNE3554,KURTA,517.00,206.80,0,10,0.00,0.00,37,Out of Stock (Margin Loss)
6215,NW012-TP-PJ-XS,SET - NW012,SET,560.00,224.00,0,10,0.00,0.00,32,Out of Stock (Margin Loss)
6216,JNE3733-KR-M,KURTA - JNE3733,KURTA,749.00,299.60,0,10,0.00,0.00,6,Out of Stock (Margin Loss)
6217,PJNE3291-KR-6XL,KURTA - PJNE3291,KURTA,869.00,347.60,0,10,0.00,0.00,31,Out of Stock (Margin Loss)
6218,JNE3872-KR-XXL,KURTA - JNE3872,KURTA,771.00,308.40,0,10,0.00,0.00,2,Out of Stock (Margin Loss)
6219,J0009-SKD-S,SET - J0009,SET,999.00,399.60,0,10,0.00,0.00,31,Out of Stock (Margin Loss)
6220,J0295-DR-M,WESTERN DRESS - J0295,WESTERN DRESS,859.00,343.60,0,10,0.00,0.00,43,Out of Stock (Margin Loss)
6221,SET121-KR-NP-XS,SET - SET121,SET,495.00,198.00,0,10,0.00,0.00,2,Out of Stock (Margin Loss)
6222,SET219-KR-PP-XXL,SET - SET219,SET,662.00,264.80,0,10,0.00,0.00,14,Out of Stock (Margin Loss)
6223,J0088-TP-XL,TOP - J0088,TOP,497.00,198.80,0,10,0.00,0.00,13,Out of Stock (Margin Loss)
6224,JNE3672-TU-XL,TOP - JNE3672,TOP,798.00,319.20,0,10,0.00,0.00,35,Out of Stock (Margin Loss)
6225,SET048-KR-NP-XXL,SET - SET048,SET,648.00,259.20,0,10,0.00,0.00,7,Out of Stock (Margin Loss)
6226,J0040-SET-XXXL,SET - J0040,SET,667.00,266.80,0,10,0.00,0.00,1,Out of Stock (Margin Loss)
6227,JNE2086-KR-389-M,KURTA - JNE2086,KURTA,699.00,279.60,0,10,0.00,0.00,15,Out of Stock (Margin Loss)
6228,SET186-KR-DH-S,SET - SET186,SET,631.00,252.40,0,10,0.00,0.00,34,Out of Stock (Margin Loss)
6229,SET196-KR-NP-S,SET - SET196,SET,799.00,319.60,0,10,0.00,0.00,10,Out of Stock (Margin Loss)
6230,SET135-KR-PP-XS,SET - SET135,SET,646.00,258.40,0,10,0.00,0.00,1,Out of Stock (Margin Loss)
6231,JNE3567-KR-XXXL,KURTA - JNE3567,KURTA,449.00,179.60,0,10,0.00,0.00,43,Out of Stock (Margin Loss)
6232,SET320-KR-NP-XS,SET - SET320,SET,856.00,342.40,0,10,0.00,0.00,17,Out of Stock (Margin Loss)
6233,JNE3391-KR-S,KURTA - JNE3391,KURTA,432.00,172.80,0,10,0.00,0.00,13,Out of Stock (Margin Loss)
2269,SET307-KR-DPT-XXXL,SET - SET307,SET,736.00,294.40,0,10,0.00,0.00,10,Out of Stock (Margin Loss)
2270,JNE3398-KR-XS,KURTA - JNE3398,KURTA,301.00,120.40,0,10,0.00,0.00,5,Out of Stock (Margin Loss)
2271,J0328-KR-S,KURTA - J0328,KURTA,939.00,375.60,0,10,0.00,0.00,6,Out of Stock (Margin Loss)
2272,JNE3369-KR-XS,KURTA - JNE3369,KURTA,487.00,194.80,0,10,0.00,0.00,3,Out of Stock (Margin Loss)
2273,JNE3535-KR-L,KURTA - JNE3535,KURTA,419.00,167.60,0,10,0.00,0.00,15,Out of Stock (Margin Loss)
2274,JNE3531-KR-XXL,KURTA - JNE3531,KURTA,322.00,128.80,0,10,0.00,0.00,2,Out of Stock (Margin Loss)
2275,J0023-TP-XS,TOP - J0023,TOP,483.00,193.20,0,10,0.00,0.00,12,Out of Stock (Margin Loss)
2276,SET217-KR-PP-L,SET - SET217,SET,859.00,343.60,0,10,0.00,0.00,31,Out of Stock (Margin Loss)
2277,JNE3670-TU-M,TOP - JNE3670,TOP,399.00,159.60,0,10,0.00,0.00,8,Out of Stock (Margin Loss)
2278,J0106-KR-S,WESTERN DRESS - J0106,WESTERN DRESS,1399.00,559.60,0,10,0.00,0.00,10,Out of Stock (Margin Loss)
2279,JNE3431-KR-L,KURTA - JNE3431,KURTA,349.00,139.60,0,10,0.00,0.00,17,Out of Stock (Margin Loss)
2280,JNE3421-KR-S,KURTA - JNE3421,KURTA,399.00,159.60,0,10,0.00,0.00,0,Out of Stock (Margin Loss)
2281,J0279-SET-M,SET - J0279,SET,895.00,358.00,0,10,0.00,0.00,8,Out of Stock (Margin Loss)
2284,J0098-TP-L,TOP - J0098,TOP,426.00,170.40,0,10,0.00,0.00,11,Out of Stock (Margin Loss)
2285,NW024-TP-PJ-XS,SET - NW024,SET,586.00,234.40,0,10,0.00,0.00,6,Out of Stock (Margin Loss)
2286,SET073-KR-SHA-S,SET - SET073,SET,824.00,329.60,0,10,0.00,0.00,25,Out of Stock (Margin Loss)
2287,J0094-KR-S,KURTA - J0094,KURTA,568.00,227.20,0,10,0.00,0.00,31,Out of Stock (Margin Loss)
2288,J0248-KR-DPT-S,SET - J0248,SET,999.00,399.60,0,10,0.00,0.00,6,Out of Stock (Margin Loss)
2289,SET250-KR-SHA-M,SET - SET250,SET,680.00,272.00,0,10,0.00,0.00,23,Out of Stock (Margin Loss)
2290,J0228-SKD-M,SET - J0228,SET,1776.00,710.40,0,10,0.00,0.00,10,Out of Stock (Margin Loss)
2291,J0192-TP-S,TOP - J0192,TOP,351.00,140.40,0,10,0.00,0.00,3,Out of Stock (Margin Loss)
2292,CH207-PINK-L,BOTTOM - CH207,BOTTOM,301.00,120.40,0,10,0.00,0.00,1,Out of Stock (Margin Loss)
2293,J0319-KR-S,KURTA - J0319,KURTA,871.00,348.40,0,10,0.00,0.00,1,Out of Stock (Margin Loss)
2294,J0335-DR-XXL,WESTERN DRESS - J0335,WESTERN DRESS,1294.00,517.60,0,10,0.00,0.00,67,Out of Stock (Margin Loss)
2295,J0414-DR-XXXL,WESTERN DRESS - J0414,WESTERN DRESS,885.00,354.00,0,10,0.00,0.00,10,Out of Stock (Margin Loss)
2296,J0278-SET-XXL,SET - J0278,SET,761.00,304.40,0,10,0.00,0.00,3,Out of Stock (Margin Loss)
2297,JNE3745-KR-XL,KURTA - JNE3745,KURTA,316.00,126.40,0,10,0.00,0.00,6,Out of Stock (Margin Loss)
2298,JNE3820-KR-M,KURTA - JNE3820,KURTA,499.00,199.60,0,10,0.00,0.00,2,Out of Stock (Margin Loss)
2299,SET432-KR-PP-M,SET - SET432,SET,999.00,399.60,0,10,0.00,0.00,1,Out of Stock (Margin Loss)
2300,SET393-KR-NP-XXL,SET - SET393,SET,1186.00,474.40,0,10,0.00,0.00,49,Out of Stock (Margin Loss)
2301,J0011-LCD-XS,SET - J0011,SET,1695.00,678.00,0,10,0.00,0.00,13,Out of Stock (Margin Loss)
2302,SET404-KR-NP-XS,SET - SET404,SET,1729.00,691.60,0,10,0.00,0.00,3,Out of Stock (Margin Loss)
2303,JNE3673-TU-XXXL,TOP - JNE3673,TOP,599.00,239.60,0,10,0.00,0.00,10,Out of Stock (Margin Loss)
2304,JNE1906-KR-031-XS,KURTA - JNE1906,KURTA,382.00,152.80,0,10,0.00,0.00,9,Out of Stock (Margin Loss)
2305,J0009-SKD-XS,SET - J0009,SET,999.00,399.60,0,10,0.00,0.00,19,Out of Stock (Margin Loss)
2306,SET248-KR-NP-XS,SET - SET248,SET,612.00,244.80,0,10,0.00,0.00,7,Out of Stock (Margin Loss)
2307,J0149-KR-XS,KURTA - J0149,KURTA,318.00,127.20,0,10,0.00,0.00,2,Out of Stock (Margin Loss)
2308,SET244-KR-NP-XL,SET - SET244,SET,799.00,319.60,0,10,0.00,0.00,20,Out of Stock (Margin Loss)
2309,JNE3727-KR-XXXL,KURTA - JNE3727,KURTA,749.00,299.60,0,10,0.00,0.00,5,Out of Stock (Margin Loss)
2310,SAR053,SAREE - SAR053,SAREE,899.00,359.60,0,10,0.00,0.00,2,Out of Stock (Margin Loss)
2312,JNE3567-KR-S,KURTA - JNE3567,KURTA,459.00,183.60,0,10,0.00,0.00,88,Out of Stock (Margin Loss)
2313,J0124-TP-XXL,TOP - J0124,TOP,743.00,297.20,0,10,0.00,0.00,14,Out of Stock (Margin Loss)
2314,J0034-SET-M,SET - J0034,SET,717.00,286.80,0,10,0.00,0.00,5,Out of Stock (Margin Loss)
2315,JNE3030-KR-XS,KURTA - JNE3030,KURTA,736.00,294.40,0,10,0.00,0.00,2,Out of Stock (Margin Loss)
2316,SET369-KR-NP-M,SET - SET369,SET,1399.00,559.60,0,10,0.00,0.00,13,Out of Stock (Margin Loss)
2317,SET276-KR-PP-L,SET - SET276,SET,1238.00,495.20,0,10,0.00,0.00,14,Out of Stock (Margin Loss)
2318,SET333-KR-DPT-XXL,SET - SET333,SET,967.00,386.80,0,10,0.00,0.00,34,Out of Stock (Margin Loss)
2319,JNE3270-KR-XXL,KURTA - JNE3270,KURTA,376.00,150.40,0,10,0.00,0.00,3,Out of Stock (Margin Loss)
2320,JNE3616-KR-L,KURTA - JNE3616,KURTA,320.00,128.00,0,10,0.00,0.00,21,Out of Stock (Margin Loss)
2321,J0104-KR-S,KURTA - J0104,KURTA,446.00,178.40,0,10,0.00,0.00,7,Out of Stock (Margin Loss)
2322,JNE3619-KR-XL,KURTA - JNE3619,KURTA,318.00,127.20,0,10,0.00,0.00,49,Out of Stock (Margin Loss)
2323,SET197-KR-NP-XXXL,SET - SET197,SET,759.00,303.60,0,10,0.00,0.00,22,Out of Stock (Margin Loss)
2324,BTM045-PP-XXL,BOTTOM - BTM045,BOTTOM,345.00,138.00,0,10,0.00,0.00,4,Out of Stock (Margin Loss)
2325,JNE2265-KR-501-M,KURTA - JNE2265,KURTA,329.00,131.60,0,10,0.00,0.00,15,Out of Stock (Margin Loss)
2326,JNE3602-KR-S,KURTA - JNE3602,KURTA,399.00,159.60,0,10,0.00,0.00,4,Out of Stock (Margin Loss)
2327,JNE3577-KR-S,KURTA - JNE3577,KURTA,696.00,278.40,0,10,0.00,0.00,11,Out of Stock (Margin Loss)
2328,JNE3544-KR-XS,KURTA - JNE3544,KURTA,320.00,128.00,0,10,0.00,0.00,1,Out of Stock (Margin Loss)
2329,JNE3893-TP-XS,TOP - JNE3893,TOP,602.00,240.80,0,10,0.00,0.00,2,Out of Stock (Margin Loss)
2330,SET324-KR-NP-L,SET - SET324,SET,699.00,279.60,0,10,0.00,0.00,211,Out of Stock (Margin Loss)
2331,JNE3455-KR-M,KURTA - JNE3455,KURTA,531.00,212.40,0,10,0.00,0.00,6,Out of Stock (Margin Loss)
2332,J0234-SKD-XL,SET - J0234,SET,1213.00,485.20,0,10,0.00,0.00,26,Out of Stock (Margin Loss)
2333,JNE3715-KR-XL,KURTA - JNE3715,KURTA,301.00,120.40,0,10,0.00,0.00,8,Out of Stock (Margin Loss)
2334,J0023-TP-S,TOP - J0023,TOP,399.00,159.60,0,10,0.00,0.00,17,Out of Stock (Margin Loss)
2335,JNE3836-KR-S,KURTA - JNE3836,KURTA,666.00,266.40,0,10,0.00,0.00,17,Out of Stock (Margin Loss)
2336,JNE3391-KR-L,KURTA - JNE3391,KURTA,448.00,179.20,0,10,0.00,0.00,9,Out of Stock (Margin Loss)
2338,SET185-KR-NP-XS,SET - SET185,SET,911.00,364.40,0,10,0.00,0.00,3,Out of Stock (Margin Loss)
2339,JNE3537-KR-XS,KURTA - JNE3537,KURTA,379.00,151.60,0,10,0.00,0.00,6,Out of Stock (Margin Loss)
2340,JNE3455-KR-XL,KURTA - JNE3455,KURTA,531.00,212.40,0,10,0.00,0.00,6,Out of Stock (Margin Loss)
2341,SET038-KR-PP-M,SET - SET038,SET,579.00,231.60,0,10,0.00,0.00,23,Out of Stock (Margin Loss)
2342,JNE3880-DR-S,WESTERN DRESS - JNE3880,WESTERN DRESS,690.00,276.00,0,10,0.00,0.00,7,Out of Stock (Margin Loss)
2343,JNE2307-KR-572-XXL,KURTA - JNE2307,KURTA,299.00,119.60,0,10,0.00,0.00,8,Out of Stock (Margin Loss)
2344,J0378-SKD-S,SET - J0378,SET,1146.00,458.40,0,10,0.00,0.00,3,Out of Stock (Margin Loss)
2346,SET291-KR-PP-XXL,SET - SET291,SET,605.00,242.00,0,10,0.00,0.00,79,Out of Stock (Margin Loss)
2347,JNE3399-KR-S,KURTA - JNE3399,KURTA,469.00,187.60,0,10,0.00,0.00,144,Out of Stock (Margin Loss)
2348,SET290-KR-DPT-XL,SET - SET290,SET,832.00,332.80,0,10,0.00,0.00,33,Out of Stock (Margin Loss)
2349,J0344-TP-XXL,TOP - J0344,TOP,758.00,303.20,0,10,0.00,0.00,61,Out of Stock (Margin Loss)
2350,JNE3810-KR-XXL,KURTA - JNE3810,KURTA,696.00,278.40,0,10,0.00,0.00,25,Out of Stock (Margin Loss)
2351,J0033-KR-XXL,KURTA - J0033,KURTA,425.00,170.00,0,10,0.00,0.00,9,Out of Stock (Margin Loss)
2352,SET277-KR-NP-XS,SET - SET277,SET,1338.00,535.20,0,10,0.00,0.00,8,Out of Stock (Margin Loss)
2353,JNE3537-KR-M,KURTA - JNE3537,KURTA,379.00,151.60,0,10,0.00,0.00,5,Out of Stock (Margin Loss)
2354,J0401-DR-XXL,WESTERN DRESS - J0401,WESTERN DRESS,1229.00,491.60,0,10,0.00,0.00,36,Out of Stock (Margin Loss)
2355,JNE3428-KR-XS,KURTA - JNE3428,KURTA,249.00,99.60,0,10,0.00,0.00,2,Out of Stock (Margin Loss)
2356,J0023-TP-L,TOP - J0023,TOP,483.00,193.20,0,10,0.00,0.00,19,Out of Stock (Margin Loss)
2357,SET245-KR-NP-M,SET - SET245,SET,999.00,399.60,0,10,0.00,0.00,21,Out of Stock (Margin Loss)
2358,J0091-TP-XXL,TOP - J0091,TOP,301.00,120.40,0,10,0.00,0.00,13,Out of Stock (Margin Loss)
2359,JNE3477-KR-XL,KURTA - JNE3477,KURTA,484.00,193.60,0,10,0.00,0.00,2,Out of Stock (Margin Loss)
2360,JNE3359-KR-M,KURTA - JNE3359,KURTA,458.00,183.20,0,10,0.00,0.00,3,Out of Stock (Margin Loss)
2361,JNE3889-KR-XXL,KURTA - JNE3889,KURTA,779.00,311.60,0,10,0.00,0.00,1,Out of Stock (Margin Loss)
2362,JNE3560-KR-M,KURTA - JNE3560,KURTA,544.00,217.60,0,10,0.00,0.00,87,Out of Stock (Margin Loss)
2363,JNE3761-KR-XXL,KURTA - JNE3761,KURTA,301.00,120.40,0,10,0.00,0.00,47,Out of Stock (Margin Loss)
2364,J0240-SKD-XXXL,SET - J0240,SET,1593.00,637.20,0,10,0.00,0.00,7,Out of Stock (Margin Loss)
2365,NW005-ST-PJ-S,SET - NW005,SET,599.00,239.60,0,10,0.00,0.00,12,Out of Stock (Margin Loss)
2366,JNE3838-KR-XS,KURTA - JNE3838,KURTA,487.00,194.80,0,10,0.00,0.00,11,Out of Stock (Margin Loss)
2367,SET365-KR-NP-XL,SET - SET365,SET,1112.00,444.80,0,10,0.00,0.00,3,Out of Stock (Margin Loss)
2368,JNE3568-KR-L,KURTA - JNE3568,KURTA,449.00,179.60,0,10,0.00,0.00,77,Out of Stock (Margin Loss)
2369,J0095-SET-XL,SET - J0095,SET,653.00,261.20,0,10,0.00,0.00,58,Out of Stock (Margin Loss)
2370,JNE3612-KR-XL,KURTA - JNE3612,KURTA,399.00,159.60,0,10,0.00,0.00,26,Out of Stock (Margin Loss)
2371,MEN5024-KR-XL,KURTA - MEN5024,KURTA,665.00,266.00,0,10,0.00,0.00,13,Out of Stock (Margin Loss)
2372,J0197-TP-XL,TOP - J0197,TOP,625.00,250.00,0,10,0.00,0.00,15,Out of Stock (Margin Loss)
2373,J0091-TP-M,TOP - J0091,TOP,301.00,120.40,0,10,0.00,0.00,7,Out of Stock (Margin Loss)
2374,SET318-KR-SHA-M,SET - SET318,SET,1152.00,460.80,0,10,0.00,0.00,9,Out of Stock (Margin Loss)
2376,J0140-SET-XXXL,SET - J0140,SET,586.00,234.40,0,10,0.00,0.00,5,Out of Stock (Margin Loss)
2377,J0281-SKD-XS,SET - J0281,SET,1477.00,590.80,0,10,0.00,0.00,32,Out of Stock (Margin Loss)
2378,SET278-KR-NP-XS,SET - SET278,SET,1523.00,609.20,0,10,0.00,0.00,48,Out of Stock (Margin Loss)
2379,SET396-KR-PP-M,SET - SET396,SET,1166.00,466.40,0,10,0.00,0.00,44,Out of Stock (Margin Loss)
2380,SET245-KR-NP-XL,SET - SET245,SET,999.00,399.60,0,10,0.00,0.00,22,Out of Stock (Margin Loss)
2381,JNE3817-KR-XL,KURTA - JNE3817,KURTA,549.00,219.60,0,10,0.00,0.00,17,Out of Stock (Margin Loss)
2382,SAR034,SAREE - SAR034,SAREE,790.00,316.00,0,10,0.00,0.00,1,Out of Stock (Margin Loss)
2383,J0168-DR-L,ETHNIC DRESS - J0168,ETHNIC DRESS,443.00,177.20,0,10,0.00,0.00,1,Out of Stock (Margin Loss)
2384,J0296-DR-XXL,WESTERN DRESS - J0296,WESTERN DRESS,519.00,207.60,0,10,0.00,0.00,5,Out of Stock (Margin Loss)
2385,JNE3788-KR-XS,KURTA - JNE3788,KURTA,487.00,194.80,0,10,0.00,0.00,3,Out of Stock (Margin Loss)
2386,J0095-SET-L,SET - J0095,SET,653.00,261.20,0,10,0.00,0.00,75,Out of Stock (Margin Loss)
2387,J0096-KR-S,KURTA - J0096,KURTA,635.00,254.00,0,10,0.00,0.00,13,Out of Stock (Margin Loss)
2388,J0338-DR-S,WESTERN DRESS - J0338,WESTERN DRESS,1187.00,474.80,0,10,0.00,0.00,46,Out of Stock (Margin Loss)
2389,BTM042-PP-XL,BOTTOM - BTM042,BOTTOM,345.00,138.00,0,10,0.00,0.00,17,Out of Stock (Margin Loss)
2390,J0163-SKD-L,SET - J0163,SET,999.00,399.60,0,10,0.00,0.00,2,Out of Stock (Margin Loss)
2391,SET257-KR-PP-L,SET - SET257,SET,568.00,227.20,0,10,0.00,0.00,2,Out of Stock (Margin Loss)
2392,AN204-PURPLE-M,BOTTOM - AN204,BOTTOM,322.00,128.80,0,10,0.00,0.00,3,Out of Stock (Margin Loss)
2393,J0154-DR-XXL,WESTERN DRESS - J0154,WESTERN DRESS,377.00,150.80,0,10,0.00,0.00,12,Out of Stock (Margin Loss)
2394,JNE3805-KR-XXXL,KURTA - JNE3805,KURTA,487.00,194.80,0,10,0.00,0.00,28,Out of Stock (Margin Loss)
2395,JNE3466-KR-L,KURTA - JNE3466,KURTA,771.00,308.40,0,10,0.00,0.00,11,Out of Stock (Margin Loss)
2396,JNE3524-KR-XXXL,KURTA - JNE3524,KURTA,499.00,199.60,0,10,0.00,0.00,1,Out of Stock (Margin Loss)
2397,J0290-CD-XL,TOP - J0290,TOP,534.00,213.60,0,10,0.00,0.00,4,Out of Stock (Margin Loss)
2398,SET306-KR-PP-S,SET - SET306,SET,0.00,0.00,0,10,0.00,0.00,11,Out of Stock (Margin Loss)
2399,J0008-SKD-XXL,SET - J0008,SET,1133.00,453.20,0,10,0.00,0.00,61,Out of Stock (Margin Loss)
2400,JNE3446-KR-S,KURTA - JNE3446,KURTA,318.00,127.20,0,10,0.00,0.00,27,Out of Stock (Margin Loss)
2401,JNE3722-KR-M,KURTA - JNE3722,KURTA,301.00,120.40,0,10,0.00,0.00,32,Out of Stock (Margin Loss)
2402,SET386-KR-NP-S,SET - SET386,SET,631.00,252.40,0,10,0.00,0.00,16,Out of Stock (Margin Loss)
2403,SET344-KR-NP-XL,SET - SET344,SET,968.00,387.20,0,10,0.00,0.00,35,Out of Stock (Margin Loss)
2404,JNE3690-TU-L,TOP - JNE3690,TOP,726.00,290.40,0,10,0.00,0.00,28,Out of Stock (Margin Loss)
2406,SET209-KR-PP-XXL,SET - SET209,SET,548.00,219.20,0,10,0.00,0.00,17,Out of Stock (Margin Loss)
2407,J0158-DR-L,WESTERN DRESS - J0158,WESTERN DRESS,1091.00,436.40,0,10,0.00,0.00,24,Out of Stock (Margin Loss)
2408,SET341-KR-NP-S,SET - SET341,SET,958.00,383.20,0,10,0.00,0.00,21,Out of Stock (Margin Loss)
2409,JNE3759-KR-M,KURTA - JNE3759,KURTA,568.00,227.20,0,10,0.00,0.00,21,Out of Stock (Margin Loss)
2410,JNE3489-KR-XL,KURTA - JNE3489,KURTA,487.00,194.80,0,10,0.00,0.00,44,Out of Stock (Margin Loss)
2411,J0401-DR-XXXL,WESTERN DRESS - J0401,WESTERN DRESS,1168.00,467.20,0,10,0.00,0.00,17,Out of Stock (Margin Loss)
2412,MEN5025-KR-XL,KURTA - MEN5025,KURTA,777.00,310.80,0,10,0.00,0.00,61,Out of Stock (Margin Loss)
2413,JNE3638-KR-S,KURTA - JNE3638,KURTA,517.00,206.80,0,10,0.00,0.00,10,Out of Stock (Margin Loss)
2414,JNE3608-KR-S,KURTA - JNE3608,KURTA,362.00,144.80,0,10,0.00,0.00,4,Out of Stock (Margin Loss)
2415,JNE3741-KR-XL,KURTA - JNE3741,KURTA,459.00,183.60,0,10,0.00,0.00,24,Out of Stock (Margin Loss)
2416,JNE3571-KR-S,KURTA - JNE3571,KURTA,549.00,219.60,0,10,0.00,0.00,17,Out of Stock (Margin Loss)
2417,AN208-MUSTARD-L,BOTTOM - AN208,BOTTOM,301.00,120.40,0,10,0.00,0.00,1,Out of Stock (Margin Loss)
2419,NW004-TP-PJ-XL,SET - NW004,SET,496.00,198.40,0,10,0.00,0.00,12,Out of Stock (Margin Loss)
2420,SET139-KR-PP-S,SET - SET139,SET,466.00,186.40,0,10,0.00,0.00,2,Out of Stock (Margin Loss)
2422,SET338-KR-NP-XL,SET - SET338,SET,999.00,399.60,0,10,0.00,0.00,5,Out of Stock (Margin Loss)
2423,J0328-KR-L,KURTA - J0328,KURTA,939.00,375.60,0,10,0.00,0.00,17,Out of Stock (Margin Loss)
2424,JNE3628-KR-XXXL,KURTA - JNE3628,KURTA,487.00,194.80,0,10,0.00,0.00,15,Out of Stock (Margin Loss)
2425,JNE3501-KR-M,KURTA - JNE3501,KURTA,419.00,167.60,0,10,0.00,0.00,17,Out of Stock (Margin Loss)
2426,J0329-KR-S,KURTA - J0329,KURTA,852.00,340.80,0,10,0.00,0.00,7,Out of Stock (Margin Loss)
2427,NW023-ST-SR-L,SET - NW023,SET,517.00,206.80,0,10,0.00,0.00,1,Out of Stock (Margin Loss)
2428,SET360-KR-NP-M,SET - SET360,SET,1138.00,455.20,0,10,0.00,0.00,11,Out of Stock (Margin Loss)
2429,JNE3794-KR-XS,KURTA - JNE3794,KURTA,529.00,211.60,0,10,0.00,0.00,15,Out of Stock (Margin Loss)
2430,SET246-KR-PP-S,SET - SET246,SET,472.00,188.80,0,10,0.00,0.00,18,Out of Stock (Margin Loss)
2432,SET220-KR-PP-XS,SET - SET220,SET,1199.00,479.60,0,10,0.00,0.00,4,Out of Stock (Margin Loss)
2433,J0077-SKD-L,SET - J0077,SET,1158.00,463.20,0,10,0.00,0.00,8,Out of Stock (Margin Loss)
2434,JNE3658-TP-XS,TOP - JNE3658,TOP,446.00,178.40,0,10,0.00,0.00,5,Out of Stock (Margin Loss)
2435,J0123-TP-M,TOP - J0123,TOP,301.00,120.40,0,10,0.00,0.00,9,Out of Stock (Margin Loss)
2436,SET347-KR-NP-XXXL,SET - SET347,SET,801.00,320.40,0,10,0.00,0.00,22,Out of Stock (Margin Loss)
2437,SET266-KR-NP-L,SET - SET266,SET,852.00,340.80,0,10,0.00,0.00,30,Out of Stock (Margin Loss)
2438,BL113-L,BLOUSE - BL113,BLOUSE,493.00,197.20,0,10,0.00,0.00,8,Out of Stock (Margin Loss)
2439,JNE3581-KR-XL,KURTA - JNE3581,KURTA,635.00,254.00,0,10,0.00,0.00,12,Out of Stock (Margin Loss)
2441,SET281-KR-PP-XXL,SET - SET281,SET,499.00,199.60,0,10,0.00,0.00,30,Out of Stock (Margin Loss)
2442,J0082-TP-XXL,TOP - J0082,TOP,360.00,144.00,0,10,0.00,0.00,3,Out of Stock (Margin Loss)
2443,MEN5007-KR-XXXL,KURTA - MEN5007,KURTA,475.00,190.00,0,10,0.00,0.00,15,Out of Stock (Margin Loss)
2444,JNE3506-KR-XXXL,KURTA - JNE3506,KURTA,635.00,254.00,0,10,0.00,0.00,22,Out of Stock (Margin Loss)
5330,JNE3396-KR-L,KURTA - JNE3396,KURTA,487.00,194.80,0,10,0.00,0.00,34,Out of Stock (Margin Loss)
5331,JNE3606-KR-XS,KURTA - JNE3606,KURTA,487.00,194.80,0,10,0.00,0.00,8,Out of Stock (Margin Loss)
5332,J0391-TP-M,TOP - J0391,TOP,690.00,276.00,0,10,0.00,0.00,12,Out of Stock (Margin Loss)
5333,JNE3620-KR-XL,KURTA - JNE3620,KURTA,339.00,135.60,0,10,0.00,0.00,45,Out of Stock (Margin Loss)
5334,J0231-SKD-S,SET - J0231,SET,1299.00,519.60,0,10,0.00,0.00,6,Out of Stock (Margin Loss)
5335,JNE3638-KR-XL,KURTA - JNE3638,KURTA,517.00,206.80,0,10,0.00,0.00,23,Out of Stock (Margin Loss)
5336,J0203-TP-XL,TOP - J0203,TOP,574.00,229.60,0,10,0.00,0.00,15,Out of Stock (Margin Loss)
5337,SAR041,SAREE - SAR041,SAREE,989.00,395.60,0,10,0.00,0.00,1,Out of Stock (Margin Loss)
5338,J0380-SKD-L,SET - J0380,SET,1438.00,575.20,0,10,0.00,0.00,7,Out of Stock (Margin Loss)
5339,JNE3704-KR-S,KURTA - JNE3704,KURTA,487.00,194.80,0,10,0.00,0.00,11,Out of Stock (Margin Loss)
5340,JNE3504-KR-L,KURTA - JNE3504,KURTA,487.00,194.80,0,10,0.00,0.00,21,Out of Stock (Margin Loss)
5341,JNE3798-KR-XXXL,WESTERN DRESS - JNE3798,WESTERN DRESS,771.00,308.40,0,10,0.00,0.00,80,Out of Stock (Margin Loss)
5342,JNE3528-KR-XL,KURTA - JNE3528,KURTA,319.00,127.60,0,10,0.00,0.00,11,Out of Stock (Margin Loss)
5343,BTM047-PP-XXXL,BOTTOM - BTM047,BOTTOM,345.00,138.00,0,10,0.00,0.00,11,Out of Stock (Margin Loss)
5344,SET311-KR-NP-S,SET - SET311,SET,974.00,389.60,0,10,0.00,0.00,7,Out of Stock (Margin Loss)
5345,BTM027-NP-L,BOTTOM - BTM027,BOTTOM,0.00,0.00,0,10,0.00,0.00,10,Out of Stock (Margin Loss)
5346,JNE3735-KR-L,KURTA - JNE3735,KURTA,417.00,166.80,0,10,0.00,0.00,17,Out of Stock (Margin Loss)
5347,J0291-JS-XL,SET - J0291,SET,859.00,343.60,0,10,0.00,0.00,1,Out of Stock (Margin Loss)
5348,JNE3726-KR-XS,KURTA - JNE3726,KURTA,345.00,138.00,0,10,0.00,0.00,1,Out of Stock (Margin Loss)
5349,J0310-TP-L,TOP - J0310,TOP,339.00,135.60,0,10,0.00,0.00,4,Out of Stock (Margin Loss)
5350,J0159-DR-M,WESTERN DRESS - J0159,WESTERN DRESS,745.00,298.00,0,10,0.00,0.00,7,Out of Stock (Margin Loss)
5352,JNE1977-KR-237-XXL,KURTA - JNE1977,KURTA,310.00,124.00,0,10,0.00,0.00,22,Out of Stock (Margin Loss)
5353,JNE3622-KR-XXL,KURTA - JNE3622,KURTA,405.00,162.00,0,10,0.00,0.00,17,Out of Stock (Margin Loss)
5354,JNE3750-KR-S,KURTA - JNE3750,KURTA,544.00,217.60,0,10,0.00,0.00,19,Out of Stock (Margin Loss)
5355,BTM037-PP-XXL,BOTTOM - BTM037,BOTTOM,345.00,138.00,0,10,0.00,0.00,1,Out of Stock (Margin Loss)
5356,SAR130,SAREE - SAR130,SAREE,819.00,327.60,0,10,0.00,0.00,1,Out of Stock (Margin Loss)
5357,JNE2131-KR-A-M,KURTA - JNE2131,KURTA,599.00,239.60,0,10,0.00,0.00,1,Out of Stock (Margin Loss)
5358,J0113-TP-M,TOP - J0113,TOP,798.00,319.20,0,10,0.00,0.00,53,Out of Stock (Margin Loss)
5359,JNE3703-KR-XS,KURTA - JNE3703,KURTA,316.00,126.40,0,10,0.00,0.00,13,Out of Stock (Margin Loss)
5360,SET369-KR-NP-XS,SET - SET369,SET,1399.00,559.60,0,10,0.00,0.00,7,Out of Stock (Margin Loss)
5361,MEN5007-KR-L,KURTA - MEN5007,KURTA,625.00,250.00,0,10,0.00,0.00,18,Out of Stock (Margin Loss)
5362,J0251-SKD-XL,SET - J0251,SET,763.00,305.20,0,10,0.00,0.00,10,Out of Stock (Margin Loss)
5363,J0400-DR-L,WESTERN DRESS - J0400,WESTERN DRESS,1196.00,478.40,0,10,0.00,0.00,16,Out of Stock (Margin Loss)
2446,SET196-KR-NP-XS,SET - SET196,SET,668.00,267.20,0,10,0.00,0.00,1,Out of Stock (Margin Loss)
2447,SET265-KR-NP-S,SET - SET265,SET,889.00,355.60,0,10,0.00,0.00,40,Out of Stock (Margin Loss)
2448,JNE3399-KR-L,KURTA - JNE3399,KURTA,469.00,187.60,0,10,0.00,0.00,177,Out of Stock (Margin Loss)
2449,J0251-SKD-XS,SET - J0251,SET,763.00,305.20,0,10,0.00,0.00,4,Out of Stock (Margin Loss)
2450,SET365-KR-NP-XS,SET - SET365,SET,1299.00,519.60,0,10,0.00,0.00,6,Out of Stock (Margin Loss)
2451,SET223-KR-NP-XXL,SET - SET223,SET,648.00,259.20,0,10,0.00,0.00,10,Out of Stock (Margin Loss)
2452,SET403-KR-NP-XL,SET - SET403,SET,1228.00,491.20,0,10,0.00,0.00,15,Out of Stock (Margin Loss)
2453,JNE3806-KR-XS,KURTA - JNE3806,KURTA,545.00,218.00,0,10,0.00,0.00,3,Out of Stock (Margin Loss)
2455,SET338-KR-NP-XS,SET - SET338,SET,999.00,399.60,0,10,0.00,0.00,3,Out of Stock (Margin Loss)
2456,JNE3416-KR-L,KURTA - JNE3416,KURTA,301.00,120.40,0,10,0.00,0.00,1,Out of Stock (Margin Loss)
2457,SET264-KR-NP-L,SET - SET264,SET,824.00,329.60,0,10,0.00,0.00,71,Out of Stock (Margin Loss)
2458,J0094-KR-XXL,KURTA - J0094,KURTA,603.00,241.20,0,10,0.00,0.00,35,Out of Stock (Margin Loss)
2459,JNE3764-KR-XXL,KURTA - JNE3764,KURTA,487.00,194.80,0,10,0.00,0.00,44,Out of Stock (Margin Loss)
2460,JNE3638-KR-XXXL,KURTA - JNE3638,KURTA,517.00,206.80,0,10,0.00,0.00,15,Out of Stock (Margin Loss)
2461,SET319-KR-NP-XS,SET - SET319,SET,949.00,379.60,0,10,0.00,0.00,35,Out of Stock (Margin Loss)
2462,J0078-SET-L,SET - J0078,SET,999.00,399.60,0,10,0.00,0.00,5,Out of Stock (Margin Loss)
2463,JNE3748-KR-XXL,KURTA - JNE3748,KURTA,517.00,206.80,0,10,0.00,0.00,7,Out of Stock (Margin Loss)
2464,J0147-SET-XL,SET - J0147,SET,583.00,233.20,0,10,0.00,0.00,25,Out of Stock (Margin Loss)
2465,J0346-SET-XS,SET - J0346,SET,478.00,191.20,0,10,0.00,0.00,15,Out of Stock (Margin Loss)
2466,JNE3609-KR-L,KURTA - JNE3609,KURTA,568.00,227.20,0,10,0.00,0.00,29,Out of Stock (Margin Loss)
2468,SAR027,SAREE - SAR027,SAREE,659.00,263.60,0,10,0.00,0.00,6,Out of Stock (Margin Loss)
2469,JNE3520-KR-M,KURTA - JNE3520,KURTA,419.00,167.60,0,10,0.00,0.00,1,Out of Stock (Margin Loss)
2470,MEN5025-KR-XXL,KURTA - MEN5025,KURTA,777.00,310.80,0,10,0.00,0.00,55,Out of Stock (Margin Loss)
2471,JNE3615-KR-L,KURTA - JNE3615,KURTA,301.00,120.40,0,10,0.00,0.00,14,Out of Stock (Margin Loss)
2472,BTM030-NP-M,BOTTOM - BTM030,BOTTOM,284.00,113.60,0,10,0.00,0.00,3,Out of Stock (Margin Loss)
2474,J0029-KR-XS,KURTA - J0029,KURTA,355.00,142.00,0,10,0.00,0.00,3,Out of Stock (Margin Loss)
2475,NW002-TP-PJ-XL,SET - NW002,SET,474.00,189.60,0,10,0.00,0.00,11,Out of Stock (Margin Loss)
2476,J0104-KR-XXL,KURTA - J0104,KURTA,469.00,187.60,0,10,0.00,0.00,10,Out of Stock (Margin Loss)
2477,SET289-KR-NP-L,SET - SET289,SET,666.00,266.40,0,10,0.00,0.00,11,Out of Stock (Margin Loss)
2478,SET330-KR-PP-XXL,SET - SET330,SET,666.00,266.40,0,10,0.00,0.00,10,Out of Stock (Margin Loss)
2479,J0199-SET-XS,SET - J0199,SET,476.00,190.40,0,10,0.00,0.00,4,Out of Stock (Margin Loss)
2480,SET401-KR-NP-M,SET - SET401,SET,1186.00,474.40,0,10,0.00,0.00,24,Out of Stock (Margin Loss)
2481,SET192-KR-NP-XS,SET - SET192,SET,680.00,272.00,0,10,0.00,0.00,7,Out of Stock (Margin Loss)
5364,J0034-SET-XL,SET - J0034,SET,743.00,297.20,0,10,0.00,0.00,6,Out of Stock (Margin Loss)
5365,SET264-KR-NP-XL,SET - SET264,SET,824.00,329.60,0,10,0.00,0.00,141,Out of Stock (Margin Loss)
5366,J0343-DR-XXL,WESTERN DRESS - J0343,WESTERN DRESS,1168.00,467.20,0,10,0.00,0.00,60,Out of Stock (Margin Loss)
5367,JNE3822-KR-XXL,KURTA - JNE3822,KURTA,490.00,196.00,0,10,0.00,0.00,47,Out of Stock (Margin Loss)
5368,JNE3704-KR-XS,KURTA - JNE3704,KURTA,487.00,194.80,0,10,0.00,0.00,6,Out of Stock (Margin Loss)
5369,SET400-KR-NP-XXL,SET - SET400,SET,1254.00,501.60,0,10,0.00,0.00,16,Out of Stock (Margin Loss)
5370,J0219-BL-S,BLOUSE - J0219,BLOUSE,794.00,317.60,0,10,0.00,0.00,15,Out of Stock (Margin Loss)
5371,SET153-KR-NP-XXL,SET - SET153,SET,448.00,179.20,0,10,0.00,0.00,1,Out of Stock (Margin Loss)
5372,JNE3888-KR-S,KURTA - JNE3888,KURTA,696.00,278.40,0,10,0.00,0.00,7,Out of Stock (Margin Loss)
5373,JNE3823-KR-XXXL,KURTA - JNE3823,KURTA,499.00,199.60,0,10,0.00,0.00,1,Out of Stock (Margin Loss)
5374,JNE3701-KR-XL,KURTA - JNE3701,KURTA,399.00,159.60,0,10,0.00,0.00,29,Out of Stock (Margin Loss)
5375,JNE3484-KR-XXL,KURTA - JNE3484,KURTA,310.00,124.00,0,10,0.00,0.00,49,Out of Stock (Margin Loss)
5376,JNE3491-KR-M,KURTA - JNE3491,KURTA,375.00,150.00,0,10,0.00,0.00,2,Out of Stock (Margin Loss)
5377,JNE3790-KR-M,KURTA - JNE3790,KURTA,316.00,126.40,0,10,0.00,0.00,27,Out of Stock (Margin Loss)
5378,J0388-TP-XS,TOP - J0388,TOP,690.00,276.00,0,10,0.00,0.00,3,Out of Stock (Margin Loss)
5379,JNE3899-KR-XXL,KURTA - JNE3899,KURTA,582.00,232.80,0,10,0.00,0.00,2,Out of Stock (Margin Loss)
5380,JNE3908-KR-S,KURTA - JNE3908,KURTA,736.00,294.40,0,10,0.00,0.00,2,Out of Stock (Margin Loss)
5381,J0339-DR-XL,WESTERN DRESS - J0339,WESTERN DRESS,1091.00,436.40,0,10,0.00,0.00,166,Out of Stock (Margin Loss)
5382,SET366-KR-NP-XS,SET - SET366,SET,1438.00,575.20,0,10,0.00,0.00,22,Out of Stock (Margin Loss)
5383,JNE3706-DR-XL,WESTERN DRESS - JNE3706,WESTERN DRESS,443.00,177.20,0,10,0.00,0.00,15,Out of Stock (Margin Loss)
5384,SET254-KR-NP-XXL,SET - SET254,SET,886.00,354.40,0,10,0.00,0.00,14,Out of Stock (Margin Loss)
5385,JNE3612-KR-XXL,KURTA - JNE3612,KURTA,399.00,159.60,0,10,0.00,0.00,13,Out of Stock (Margin Loss)
5386,J0252-SKD-XL,SET - J0252,SET,939.00,375.60,0,10,0.00,0.00,21,Out of Stock (Margin Loss)
5387,JNE3446-KR-XS,KURTA - JNE3446,KURTA,299.00,119.60,0,10,0.00,0.00,5,Out of Stock (Margin Loss)
5388,J0148-SET-L,SET - J0148,SET,636.00,254.40,0,10,0.00,0.00,21,Out of Stock (Margin Loss)
5389,JNE3386-KR-XS,KURTA - JNE3386,KURTA,322.00,128.80,0,10,0.00,0.00,4,Out of Stock (Margin Loss)
5390,J0337-TP-XXXL,TOP - J0337,TOP,764.00,305.60,0,10,0.00,0.00,16,Out of Stock (Margin Loss)
5391,J0195-TP-S,TOP - J0195,TOP,665.00,266.00,0,10,0.00,0.00,7,Out of Stock (Margin Loss)
5392,JNE3460-KR-XL,KURTA - JNE3460,KURTA,480.00,192.00,0,10,0.00,0.00,2,Out of Stock (Margin Loss)
5393,JNE3456-KR-M,KURTA - JNE3456,KURTA,301.00,120.40,0,10,0.00,0.00,1,Out of Stock (Margin Loss)
5394,JNE3560-KR-XL,KURTA - JNE3560,KURTA,544.00,217.60,0,10,0.00,0.00,90,Out of Stock (Margin Loss)
5395,J0204-TP-M,TOP - J0204,TOP,1039.00,415.60,0,10,0.00,0.00,9,Out of Stock (Margin Loss)
5396,SET378-KR-NP-XL,SET - SET378,SET,1299.00,519.60,0,10,0.00,0.00,15,Out of Stock (Margin Loss)
3994,J0375-SKD-XXL,SET - J0375,SET,1099.00,439.60,0,10,0.00,0.00,6,Out of Stock (Margin Loss)
3996,SET270-KR-PP-M,SET - SET270,SET,568.00,227.20,0,10,0.00,0.00,15,Out of Stock (Margin Loss)
3997,SET394-KR-NP-M,SET - SET394,SET,1281.00,512.40,0,10,0.00,0.00,29,Out of Stock (Margin Loss)
3998,BTM044-PP-M,BOTTOM - BTM044,BOTTOM,360.00,144.00,0,10,0.00,0.00,3,Out of Stock (Margin Loss)
3999,JNE3566-KR-XL,KURTA - JNE3566,KURTA,419.00,167.60,0,10,0.00,0.00,20,Out of Stock (Margin Loss)
4000,SET392-KR-NP-XS,SET - SET392,SET,799.00,319.60,0,10,0.00,0.00,40,Out of Stock (Margin Loss)
4001,JNE3732-KR-M,KURTA - JNE3732,KURTA,517.00,206.80,0,10,0.00,0.00,8,Out of Stock (Margin Loss)
4002,JNE3683-TU-XL,TOP - JNE3683,TOP,349.00,139.60,0,10,0.00,0.00,7,Out of Stock (Margin Loss)
4003,JNE3725-KR-XL,KURTA - JNE3725,KURTA,442.00,176.80,0,10,0.00,0.00,15,Out of Stock (Margin Loss)
4004,SET280-KR-PP-L,SET - SET280,SET,814.00,325.60,0,10,0.00,0.00,7,Out of Stock (Margin Loss)
4005,J0113-TP-XL,TOP - J0113,TOP,758.00,303.20,0,10,0.00,0.00,37,Out of Stock (Margin Loss)
4006,JNE3724-KR-XXL,KURTA - JNE3724,KURTA,499.00,199.60,0,10,0.00,0.00,11,Out of Stock (Margin Loss)
4007,SET359-KR-NP-M,SET - SET359,SET,1099.00,439.60,0,10,0.00,0.00,13,Out of Stock (Margin Loss)
4008,SET265-KR-NP-XL,SET - SET265,SET,889.00,355.60,0,10,0.00,0.00,34,Out of Stock (Margin Loss)
4009,JNE3784-KR-S,KURTA - JNE3784,KURTA,517.00,206.80,0,10,0.00,0.00,64,Out of Stock (Margin Loss)
4010,SET288-KR-NP-M,SET - SET288,SET,899.00,359.60,0,10,0.00,0.00,44,Out of Stock (Margin Loss)
4011,JNE3733-KR-XS,KURTA - JNE3733,KURTA,549.00,219.60,0,10,0.00,0.00,3,Out of Stock (Margin Loss)
4012,J0216-BL-XXL,BLOUSE - J0216,BLOUSE,869.00,347.60,0,10,0.00,0.00,17,Out of Stock (Margin Loss)
4013,SET204-KR-DPT-M,SET - SET204,SET,666.00,266.40,0,10,0.00,0.00,7,Out of Stock (Margin Loss)
4014,SET324-KR-NP-XXXL,SET - SET324,SET,699.00,279.60,0,10,0.00,0.00,91,Out of Stock (Margin Loss)
4015,J0089-TP-XXL,TOP - J0089,TOP,360.00,144.00,0,10,0.00,0.00,9,Out of Stock (Margin Loss)
4016,NW029-ST-SR-XXL,SET - NW029,SET,495.00,198.00,0,10,0.00,0.00,14,Out of Stock (Margin Loss)
4017,SET436-KR-NP-L,SET - SET436,SET,1399.00,559.60,0,10,0.00,0.00,8,Out of Stock (Margin Loss)
4019,J0431-DR-XXXL,WESTERN DRESS - J0431,WESTERN DRESS,899.00,359.60,0,10,0.00,0.00,2,Out of Stock (Margin Loss)
4020,NW007-ST-CP-XXXL,SET - NW007,SET,730.00,292.00,0,10,0.00,0.00,6,Out of Stock (Margin Loss)
4021,J0013-SKD-L,SET - J0013,SET,1099.00,439.60,0,10,0.00,0.00,36,Out of Stock (Margin Loss)
4022,JNE3710-DR-XS,WESTERN DRESS - JNE3710,WESTERN DRESS,956.00,382.40,0,10,0.00,0.00,23,Out of Stock (Margin Loss)
4023,J0299-KR-S,KURTA - J0299,KURTA,345.00,138.00,0,10,0.00,0.00,11,Out of Stock (Margin Loss)
4024,SET321-KR-DPT-XS,SET - SET321,SET,967.00,386.80,0,10,0.00,0.00,4,Out of Stock (Margin Loss)
4025,J0391-TP-XL,TOP - J0391,TOP,956.00,382.40,0,10,0.00,0.00,10,Out of Stock (Margin Loss)
4026,JNE3734-KR-XXL,KURTA - JNE3734,KURTA,431.00,172.40,0,10,0.00,0.00,11,Out of Stock (Margin Loss)
4027,JNE3042-KR-XXXL,KURTA - JNE3042,KURTA,301.00,120.40,0,10,0.00,0.00,8,Out of Stock (Margin Loss)
4028,SET232-KR-PP-S,SET - SET232,SET,499.00,199.60,0,10,0.00,0.00,15,Out of Stock (Margin Loss)
4029,J0284-SKD-L,SET - J0284,SET,1237.00,494.80,0,10,0.00,0.00,24,Out of Stock (Margin Loss)
4030,J0376-SKD-M,SET - J0376,SET,1063.00,425.20,0,10,0.00,0.00,22,Out of Stock (Margin Loss)
4031,J0082-TP-XL,TOP - J0082,TOP,360.00,144.00,0,10,0.00,0.00,8,Out of Stock (Margin Loss)
4032,J0398-DR-S,WESTERN DRESS - J0398,WESTERN DRESS,885.00,354.00,0,10,0.00,0.00,7,Out of Stock (Margin Loss)
4033,JNE3778-KR-XXXL,KURTA - JNE3778,KURTA,459.00,183.60,0,10,0.00,0.00,15,Out of Stock (Margin Loss)
4034,JNE3892-TP-XL,TOP - JNE3892,TOP,852.00,340.80,0,10,0.00,0.00,10,Out of Stock (Margin Loss)
4035,JNE3825-KR-XXL,KURTA - JNE3825,KURTA,449.00,179.60,0,10,0.00,0.00,3,Out of Stock (Margin Loss)
4036,J0073-KR-XXL,KURTA - J0073,KURTA,333.00,133.20,0,10,0.00,0.00,2,Out of Stock (Margin Loss)
4037,JNE3797-KR-XXXL,WESTERN DRESS - JNE3797,WESTERN DRESS,771.00,308.40,0,10,0.00,0.00,340,Out of Stock (Margin Loss)
4038,JNE3865-TP-XXL,TOP - JNE3865,TOP,676.00,270.40,0,10,0.00,0.00,34,Out of Stock (Margin Loss)
4039,SET230-KR-PP-XL,SET - SET230,SET,832.00,332.80,0,10,0.00,0.00,11,Out of Stock (Margin Loss)
4040,J0373-KR-XXL,KURTA - J0373,KURTA,599.00,239.60,0,10,0.00,0.00,19,Out of Stock (Margin Loss)
4041,SET395-KR-NP-XL,SET - SET395,SET,1133.00,453.20,0,10,0.00,0.00,7,Out of Stock (Margin Loss)
4042,JNE3432-KR-M,KURTA - JNE3432,KURTA,432.00,172.80,0,10,0.00,0.00,6,Out of Stock (Margin Loss)
4043,JNE3786-KR-S,KURTA - JNE3786,KURTA,368.00,147.20,0,10,0.00,0.00,9,Out of Stock (Margin Loss)
4044,NW030-TP-PJ-XL,SET - NW030,SET,758.00,303.20,0,10,0.00,0.00,34,Out of Stock (Margin Loss)
4045,J0004-SKD-XS,SET - J0004,SET,1186.00,474.40,0,10,0.00,0.00,11,Out of Stock (Margin Loss)
4046,J0209-DR-XS,ETHNIC DRESS - J0209,ETHNIC DRESS,885.00,354.00,0,10,0.00,0.00,7,Out of Stock (Margin Loss)
4047,SET159-KR-NP-XS,SET - SET159,SET,464.00,185.60,0,10,0.00,0.00,4,Out of Stock (Margin Loss)
4048,J0157-DR-XS,WESTERN DRESS - J0157,WESTERN DRESS,908.00,363.20,0,10,0.00,0.00,28,Out of Stock (Margin Loss)
4049,J0086-DR-XXXL,ETHNIC DRESS - J0086,ETHNIC DRESS,569.00,227.60,0,10,0.00,0.00,15,Out of Stock (Margin Loss)
4051,JNE3556-KR-S,KURTA - JNE3556,KURTA,517.00,206.80,0,10,0.00,0.00,21,Out of Stock (Margin Loss)
4052,J0103-SKD-S,SET - J0103,SET,1399.00,559.60,0,10,0.00,0.00,11,Out of Stock (Margin Loss)
4054,J0118-TP-XXL,TOP - J0118,TOP,693.00,277.20,0,10,0.00,0.00,131,Out of Stock (Margin Loss)
4055,JNE3627-KR-L,KURTA - JNE3627,KURTA,329.00,131.60,0,10,0.00,0.00,36,Out of Stock (Margin Loss)
4056,JNE1234-MULTI-KR-032-M,KURTA - JNE1234,KURTA,301.00,120.40,0,10,0.00,0.00,12,Out of Stock (Margin Loss)
4057,JNE3560-KR-S,KURTA - JNE3560,KURTA,544.00,217.60,0,10,0.00,0.00,54,Out of Stock (Margin Loss)
4058,SET229-KR-PP-M,SET - SET229,SET,899.00,359.60,0,10,0.00,0.00,16,Out of Stock (Margin Loss)
4059,JNE1525-KR-UDF19BLACK-S,KURTA - JNE1525,KURTA,311.00,124.40,0,10,0.00,0.00,11,Out of Stock (Margin Loss)
4060,JNE3806-KR-XL,KURTA - JNE3806,KURTA,549.00,219.60,0,10,0.00,0.00,17,Out of Stock (Margin Loss)
4061,JNE3434-KR-L,KURTA - JNE3434,KURTA,319.00,127.60,0,10,0.00,0.00,20,Out of Stock (Margin Loss)
4064,JNE3654-TP-L,TOP - JNE3654,TOP,443.00,177.20,0,10,0.00,0.00,70,Out of Stock (Margin Loss)
4065,SET219-KR-PP-XXXL,SET - SET219,SET,662.00,264.80,0,10,0.00,0.00,21,Out of Stock (Margin Loss)
4067,J0334-TP-S,TOP - J0334,TOP,794.00,317.60,0,10,0.00,0.00,36,Out of Stock (Margin Loss)
4068,J0004-SKD-M,SET - J0004,SET,1186.00,474.40,0,10,0.00,0.00,32,Out of Stock (Margin Loss)
4069,SET184-KR-PP-XS,SET - SET184,SET,599.00,239.60,0,10,0.00,0.00,48,Out of Stock (Margin Loss)
4070,SET209-KR-PP-S,SET - SET209,SET,548.00,219.20,0,10,0.00,0.00,17,Out of Stock (Margin Loss)
4071,J0083-KR-XXXL,KURTA - J0083,KURTA,591.00,236.40,0,10,0.00,0.00,15,Out of Stock (Margin Loss)
4072,J0418-TP-L,TOP - J0418,TOP,749.00,299.60,0,10,0.00,0.00,4,Out of Stock (Margin Loss)
4073,J0091-TP-S,TOP - J0091,TOP,301.00,120.40,0,10,0.00,0.00,5,Out of Stock (Margin Loss)
4074,SET182-KR-DH-XS,SET - SET182,SET,699.00,279.60,0,10,0.00,0.00,24,Out of Stock (Margin Loss)
4075,J0390-TP-XXXL,TOP - J0390,TOP,869.00,347.60,0,10,0.00,0.00,6,Out of Stock (Margin Loss)
4076,J0073-KR-S,KURTA - J0073,KURTA,0.00,0.00,0,10,0.00,0.00,0,Out of Stock (Margin Loss)
4077,JNE3429-KR-XL,KURTA - JNE3429,KURTA,318.00,127.20,0,10,0.00,0.00,17,Out of Stock (Margin Loss)
4078,SET110-KR-PP-XXXL,SET - SET110,SET,837.00,334.80,0,10,0.00,0.00,18,Out of Stock (Margin Loss)
4079,JNE3311-KR-XS,KURTA - JNE3311,KURTA,599.00,239.60,0,10,0.00,0.00,14,Out of Stock (Margin Loss)
4080,J0283-SET-XXL,SET - J0283,SET,1099.00,439.60,0,10,0.00,0.00,33,Out of Stock (Margin Loss)
4081,J0278-SET-M,SET - J0278,SET,761.00,304.40,0,10,0.00,0.00,22,Out of Stock (Margin Loss)
4082,J0374-KR-XXL,KURTA - J0374,KURTA,614.00,245.60,0,10,0.00,0.00,8,Out of Stock (Margin Loss)
4083,JNE3862-TU-XL,TOP - JNE3862,TOP,836.00,334.40,0,10,0.00,0.00,7,Out of Stock (Margin Loss)
4084,JNE3748-KR-S,KURTA - JNE3748,KURTA,0.00,0.00,0,10,0.00,0.00,1,Out of Stock (Margin Loss)
4085,J0378-SKD-XS,SET - J0378,SET,1146.00,458.40,0,10,0.00,0.00,2,Out of Stock (Margin Loss)
4086,SET110-KR-PP-XL,SET - SET110,SET,837.00,334.80,0,10,0.00,0.00,67,Out of Stock (Margin Loss)
4087,SET276-KR-PP-XXL,SET - SET276,SET,1238.00,495.20,0,10,0.00,0.00,11,Out of Stock (Margin Loss)
4088,JNE3683-TU-XS,TOP - JNE3683,TOP,349.00,139.60,0,10,0.00,0.00,9,Out of Stock (Margin Loss)
4090,SET318-KR-SHA-XS,SET - SET318,SET,999.00,399.60,0,10,0.00,0.00,5,Out of Stock (Margin Loss)
4092,SET403-KR-NP-M,SET - SET403,SET,999.00,399.60,0,10,0.00,0.00,3,Out of Stock (Margin Loss)
4093,JNE3895-TP-M,TOP - JNE3895,TOP,852.00,340.80,0,10,0.00,0.00,4,Out of Stock (Margin Loss)
4094,SET328-KR-NP-M,SET - SET328,SET,635.00,254.00,0,10,0.00,0.00,83,Out of Stock (Margin Loss)
4095,J0118-TP-M,TOP - J0118,TOP,693.00,277.20,0,10,0.00,0.00,64,Out of Stock (Margin Loss)
4096,MEN5024-KR-L,KURTA - MEN5024,KURTA,665.00,266.00,0,10,0.00,0.00,31,Out of Stock (Margin Loss)
4097,J0214-TP-XXXL,TOP - J0214,TOP,499.00,199.60,0,10,0.00,0.00,14,Out of Stock (Margin Loss)
4098,JNE3435-KR-L,KURTA - JNE3435,KURTA,487.00,194.80,0,10,0.00,0.00,28,Out of Stock (Margin Loss)
4099,JNE3689-TU-XL,TOP - JNE3689,TOP,572.00,228.80,0,10,0.00,0.00,12,Out of Stock (Margin Loss)
4100,JNE2262-KR-569-S,KURTA - JNE2262,KURTA,400.00,160.00,0,10,0.00,0.00,3,Out of Stock (Margin Loss)
4101,AN204-PURPLE-L,BOTTOM - AN204,BOTTOM,322.00,128.80,0,10,0.00,0.00,3,Out of Stock (Margin Loss)
4102,JNE3446-KR-M,KURTA - JNE3446,KURTA,318.00,127.20,0,10,0.00,0.00,3,Out of Stock (Margin Loss)
4103,MEN5021-KR-XL,KURTA - MEN5021,KURTA,777.00,310.80,0,10,0.00,0.00,48,Out of Stock (Margin Loss)
4104,JNE3739-KR-XL,KURTA - JNE3739,KURTA,459.00,183.60,0,10,0.00,0.00,83,Out of Stock (Margin Loss)
4105,JNE3288-KR-XS,KURTA - JNE3288,KURTA,442.00,176.80,0,10,0.00,0.00,4,Out of Stock (Margin Loss)
4106,JNE3743-TP-L,TOP - JNE3743,TOP,385.00,154.00,0,10,0.00,0.00,4,Out of Stock (Margin Loss)
4107,JNE3787-KR-XL,KURTA - JNE3787,KURTA,487.00,194.80,0,10,0.00,0.00,23,Out of Stock (Margin Loss)
4108,SET253-KR-NP-M,SET - SET253,SET,750.00,300.00,0,10,0.00,0.00,19,Out of Stock (Margin Loss)
4109,SET299-KR-PP-M,SET - SET299,SET,825.00,330.00,0,10,0.00,0.00,2,Out of Stock (Margin Loss)
4110,SET437-KR-PP-M,SET - SET437,SET,1204.00,481.60,0,10,0.00,0.00,1,Out of Stock (Margin Loss)
4111,J0283-SET-L,SET - J0283,SET,1072.00,428.80,0,10,0.00,0.00,52,Out of Stock (Margin Loss)
4112,JNE3546-KR-XXL,KURTA - JNE3546,KURTA,487.00,194.80,0,10,0.00,0.00,29,Out of Stock (Margin Loss)
4113,JNE3523-KR-XXL,KURTA - JNE3523,KURTA,376.00,150.40,0,10,0.00,0.00,7,Out of Stock (Margin Loss)
4114,JNE3806-KR-M,KURTA - JNE3806,KURTA,549.00,219.60,0,10,0.00,0.00,13,Out of Stock (Margin Loss)
4115,JNE3787-KR-XS,KURTA - JNE3787,KURTA,487.00,194.80,0,10,0.00,0.00,21,Out of Stock (Margin Loss)
4116,JNE3369-KR-XXL,KURTA - JNE3369,KURTA,487.00,194.80,0,10,0.00,0.00,8,Out of Stock (Margin Loss)
4117,JNE3408-KR-M,KURTA - JNE3408,KURTA,432.00,172.80,0,10,0.00,0.00,4,Out of Stock (Margin Loss)
4118,JNE3447-KR-L,KURTA - JNE3447,KURTA,295.00,118.00,0,10,0.00,0.00,5,Out of Stock (Margin Loss)
4119,JNE3738-KR-XXL,KURTA - JNE3738,KURTA,459.00,183.60,0,10,0.00,0.00,35,Out of Stock (Margin Loss)
4120,BL025-74BLACK,BLOUSE - BL025,BLOUSE,388.00,155.20,0,10,0.00,0.00,3,Out of Stock (Margin Loss)
4121,JNE3727-KR-XXL,KURTA - JNE3727,KURTA,549.00,219.60,0,10,0.00,0.00,5,Out of Stock (Margin Loss)
4122,MEN5001-KR-M,KURTA - MEN5001,KURTA,655.00,262.00,0,10,0.00,0.00,12,Out of Stock (Margin Loss)
4123,J0338-DR-XS,WESTERN DRESS - J0338,WESTERN DRESS,1187.00,474.80,0,10,0.00,0.00,45,Out of Stock (Margin Loss)
4124,J0037-KR-XXXL,KURTA - J0037,KURTA,522.00,208.80,0,10,0.00,0.00,9,Out of Stock (Margin Loss)
4126,J0145-SET-S,SET - J0145,SET,511.00,204.40,0,10,0.00,0.00,5,Out of Stock (Margin Loss)
4127,AN212-WHITE-XL,BOTTOM - AN212,BOTTOM,322.00,128.80,0,10,0.00,0.00,2,Out of Stock (Margin Loss)
4128,JNE3878-KR-XS,KURTA - JNE3878,KURTA,399.00,159.60,0,10,0.00,0.00,4,Out of Stock (Margin Loss)
4129,SET282-KR-PP-M,SET - SET282,SET,1099.00,439.60,0,10,0.00,0.00,55,Out of Stock (Margin Loss)
4130,JNE3799-KR-XS,KURTA - JNE3799,KURTA,666.00,266.40,0,10,0.00,0.00,24,Out of Stock (Margin Loss)
4131,J0005-DR-XL,WESTERN DRESS - J0005,WESTERN DRESS,1249.00,499.60,0,10,0.00,0.00,51,Out of Stock (Margin Loss)
4132,NW001-TP-PJ-L,SET - NW001,SET,563.00,225.20,0,10,0.00,0.00,16,Out of Stock (Margin Loss)
4133,J0150-KR-XXXL,KURTA - J0150,KURTA,438.00,175.20,0,10,0.00,0.00,13,Out of Stock (Margin Loss)
4134,JNE3479-KR-XS,KURTA - JNE3479,KURTA,301.00,120.40,0,10,0.00,0.00,6,Out of Stock (Margin Loss)
4135,J0189-TP-XXL,TOP - J0189,TOP,329.00,131.60,0,10,0.00,0.00,18,Out of Stock (Margin Loss)
4136,J0210-DR-L,ETHNIC DRESS - J0210,ETHNIC DRESS,837.00,334.80,0,10,0.00,0.00,13,Out of Stock (Margin Loss)
4137,SET249-KR-NP-XXXL,SET - SET249,SET,749.00,299.60,0,10,0.00,0.00,8,Out of Stock (Margin Loss)
4138,JNE3743-TP-S,TOP - JNE3743,TOP,329.00,131.60,0,10,0.00,0.00,5,Out of Stock (Margin Loss)
4139,JNE3897-KR-XL,KURTA - JNE3897,KURTA,582.00,232.80,0,10,0.00,0.00,1,Out of Stock (Margin Loss)
4140,JNE3902-KR-XL,KURTA - JNE3902,KURTA,599.00,239.60,0,10,0.00,0.00,4,Out of Stock (Margin Loss)
4141,J0148-SET-M,SET - J0148,SET,636.00,254.40,0,10,0.00,0.00,10,Out of Stock (Margin Loss)
4142,J0328-KR-XXL,KURTA - J0328,KURTA,939.00,375.60,0,10,0.00,0.00,16,Out of Stock (Margin Loss)
4143,J0176-TP-XXL,TOP - J0176,TOP,387.00,154.80,0,10,0.00,0.00,41,Out of Stock (Margin Loss)
4144,BTM045-PP-XL,BOTTOM - BTM045,BOTTOM,345.00,138.00,0,10,0.00,0.00,8,Out of Stock (Margin Loss)
4145,JNE3447-KR-S,KURTA - JNE3447,KURTA,301.00,120.40,0,10,0.00,0.00,6,Out of Stock (Margin Loss)
4146,J0330-KR-XL,KURTA - J0330,KURTA,575.00,230.00,0,10,0.00,0.00,2,Out of Stock (Margin Loss)
4147,SET409-KR-NP-XXXL,SET - SET409,SET,641.00,256.40,0,10,0.00,0.00,2,Out of Stock (Margin Loss)
4148,SET413-KR-NP-XS,SET - SET413,SET,852.00,340.80,0,10,0.00,0.00,12,Out of Stock (Margin Loss)
4149,J0375-SKD-XL,SET - J0375,SET,1085.00,434.00,0,10,0.00,0.00,11,Out of Stock (Margin Loss)
4151,J0385-KR-XL,KURTA - J0385,KURTA,888.00,355.20,0,10,0.00,0.00,11,Out of Stock (Margin Loss)
4152,JNE3811-KR-L,KURTA - JNE3811,KURTA,474.00,189.60,0,10,0.00,0.00,13,Out of Stock (Margin Loss)
4153,JNE3261-KR-L,KURTA - JNE3261,KURTA,382.00,152.80,0,10,0.00,0.00,35,Out of Stock (Margin Loss)
4154,MEN5011-KR-S,KURTA - MEN5011,KURTA,688.00,275.20,0,10,0.00,0.00,11,Out of Stock (Margin Loss)
4155,SET270-KR-PP-XL,SET - SET270,SET,568.00,227.20,0,10,0.00,0.00,16,Out of Stock (Margin Loss)
4156,MEN5013-KR-L,KURTA - MEN5013,KURTA,709.00,283.60,0,10,0.00,0.00,28,Out of Stock (Margin Loss)
4157,MEN5032-KR-XXXL,KURTA - MEN5032,KURTA,811.00,324.40,0,10,0.00,0.00,23,Out of Stock (Margin Loss)
4158,SET405-KR-NP-M,SET - SET405,SET,771.00,308.40,0,10,0.00,0.00,55,Out of Stock (Margin Loss)
4159,JNE3431-KR-XS,KURTA - JNE3431,KURTA,349.00,139.60,0,10,0.00,0.00,9,Out of Stock (Margin Loss)
4160,J0010-LCD-XXXL,SET - J0010,SET,1329.00,531.60,0,10,0.00,0.00,16,Out of Stock (Margin Loss)
4161,JNE3581-KR-L,KURTA - JNE3581,KURTA,635.00,254.00,0,10,0.00,0.00,14,Out of Stock (Margin Loss)
4162,SET097-KR-PP-XXL,SET - SET097,SET,1082.00,432.80,0,10,0.00,0.00,5,Out of Stock (Margin Loss)
4163,J0127-SKD-XL,SET - J0127,SET,1186.00,474.40,0,10,0.00,0.00,14,Out of Stock (Margin Loss)
4164,SET220-KR-PP-XXL,SET - SET220,SET,1199.00,479.60,0,10,0.00,0.00,23,Out of Stock (Margin Loss)
4165,SET326-KR-PP-M,SET - SET326,SET,666.00,266.40,0,10,0.00,0.00,24,Out of Stock (Margin Loss)
4166,JNE3522-KR-XS,KURTA - JNE3522,KURTA,342.00,136.80,0,10,0.00,0.00,19,Out of Stock (Margin Loss)
4167,J0332-DR-L,WESTERN DRESS - J0332,WESTERN DRESS,699.00,279.60,0,10,0.00,0.00,13,Out of Stock (Margin Loss)
4168,J0154-DR-M,WESTERN DRESS - J0154,WESTERN DRESS,377.00,150.80,0,10,0.00,0.00,5,Out of Stock (Margin Loss)
4169,SET313-KR-NP-S,SET - SET313,SET,1099.00,439.60,0,10,0.00,0.00,1,Out of Stock (Margin Loss)
4171,SET184-KR-PP-S,SET - SET184,SET,599.00,239.60,0,10,0.00,0.00,67,Out of Stock (Margin Loss)
4172,J0243-DR-XL,ETHNIC DRESS - J0243,ETHNIC DRESS,1449.00,579.60,0,10,0.00,0.00,41,Out of Stock (Margin Loss)
4173,SET405-KR-NP-XL,SET - SET405,SET,771.00,308.40,0,10,0.00,0.00,44,Out of Stock (Margin Loss)
4174,BL024-74RED,BLOUSE - BL024,BLOUSE,383.00,153.20,0,10,0.00,0.00,3,Out of Stock (Margin Loss)
4175,JNE3311-KR-L,KURTA - JNE3311,KURTA,599.00,239.60,0,10,0.00,0.00,10,Out of Stock (Margin Loss)
4176,SET267-KR-NP-XS,SET - SET267,SET,852.00,340.80,0,10,0.00,0.00,7,Out of Stock (Margin Loss)
4177,SET154-KR-NP-XS,SET - SET154,SET,832.00,332.80,0,10,0.00,0.00,2,Out of Stock (Margin Loss)
4178,J0379-SKD-M,SET - J0379,SET,1369.00,547.60,0,10,0.00,0.00,36,Out of Stock (Margin Loss)
4179,SET147-KR-NP-XXXL,SET - SET147,SET,684.00,273.60,0,10,0.00,0.00,5,Out of Stock (Margin Loss)
4180,BL015-63PINK,BLOUSE - BL015,BLOUSE,379.00,151.60,0,10,0.00,0.00,2,Out of Stock (Margin Loss)
4181,JNE3881-DR-XS,WESTERN DRESS - JNE3881,WESTERN DRESS,825.00,330.00,0,10,0.00,0.00,2,Out of Stock (Margin Loss)
4182,BL107-XS,BLOUSE - BL107,BLOUSE,329.00,131.60,0,10,0.00,0.00,3,Out of Stock (Margin Loss)
4183,MEN5023-KR-M,KURTA - MEN5023,KURTA,777.00,310.80,0,10,0.00,0.00,42,Out of Stock (Margin Loss)
4184,J0250-SKD-XXL,SET - J0250,SET,763.00,305.20,0,10,0.00,0.00,5,Out of Stock (Margin Loss)
4185,JNE3817-KR-L,KURTA - JNE3817,KURTA,474.00,189.60,0,10,0.00,0.00,10,Out of Stock (Margin Loss)
4187,J0241-SKD-XS,SET - J0241,SET,1338.00,535.20,0,10,0.00,0.00,5,Out of Stock (Margin Loss)
4188,BTM048-PP-XXL,BOTTOM - BTM048,BOTTOM,331.00,132.40,0,10,0.00,0.00,10,Out of Stock (Margin Loss)
4189,JNE3437-KR-S,KURTA - JNE3437,KURTA,517.00,206.80,0,10,0.00,0.00,38,Out of Stock (Margin Loss)
4190,JNE3654-TP-M,TOP - JNE3654,TOP,443.00,177.20,0,10,0.00,0.00,85,Out of Stock (Margin Loss)
4191,J0179-KR-XXL,KURTA - J0179,KURTA,696.00,278.40,0,10,0.00,0.00,16,Out of Stock (Margin Loss)
4192,JNE3761-KR-M,KURTA - JNE3761,KURTA,301.00,120.40,0,10,0.00,0.00,25,Out of Stock (Margin Loss)
4193,JNE3605-KR-M,KURTA - JNE3605,KURTA,517.00,206.80,0,10,0.00,0.00,28,Out of Stock (Margin Loss)
4194,SET158-KR-PP-L,SET - SET158,SET,791.00,316.40,0,10,0.00,0.00,11,Out of Stock (Margin Loss)
4195,JNE3774-KR-XXXL,KURTA - JNE3774,KURTA,449.00,179.60,0,10,0.00,0.00,10,Out of Stock (Margin Loss)
4196,JNE3369-KR-XL,KURTA - JNE3369,KURTA,487.00,194.80,0,10,0.00,0.00,3,Out of Stock (Margin Loss)
4197,SET293-KR-NP-XS,SET - SET293,SET,736.00,294.40,0,10,0.00,0.00,74,Out of Stock (Margin Loss)
4198,SET302-KR-PP-M,SET - SET302,SET,939.00,375.60,0,10,0.00,0.00,15,Out of Stock (Margin Loss)
4199,SET348-KR-NP-S,SET - SET348,SET,968.00,387.20,0,10,0.00,0.00,26,Out of Stock (Margin Loss)
4200,J0217-BL-XXL,BLOUSE - J0217,BLOUSE,879.00,351.60,0,10,0.00,0.00,20,Out of Stock (Margin Loss)
4201,JNE3779-KR-XL,KURTA - JNE3779,KURTA,432.00,172.80,0,10,0.00,0.00,11,Out of Stock (Margin Loss)
4202,SET395-KR-NP-XS,SET - SET395,SET,1147.00,458.80,0,10,0.00,0.00,7,Out of Stock (Margin Loss)
4203,BTM037-PP-XS,BOTTOM - BTM037,BOTTOM,360.00,144.00,0,10,0.00,0.00,1,Out of Stock (Margin Loss)
4204,SET276-KR-PP-XL,SET - SET276,SET,1238.00,495.20,0,10,0.00,0.00,8,Out of Stock (Margin Loss)
4205,SET395-KR-NP-S,SET - SET395,SET,1147.00,458.80,0,10,0.00,0.00,2,Out of Stock (Margin Loss)
4206,JNE3485-KR-XL,KURTA - JNE3485,KURTA,469.00,187.60,0,10,0.00,0.00,4,Out of Stock (Margin Loss)
4207,J0279-SET-XXXL,SET - J0279,SET,895.00,358.00,0,10,0.00,0.00,4,Out of Stock (Margin Loss)
4208,JNE3798-KR-XXL,WESTERN DRESS - JNE3798,WESTERN DRESS,771.00,308.40,0,10,0.00,0.00,100,Out of Stock (Margin Loss)
4209,SET171-KR-NP-S,SET - SET171,SET,817.00,326.80,0,10,0.00,0.00,22,Out of Stock (Margin Loss)
4210,JNE3487-KR-M,KURTA - JNE3487,KURTA,362.00,144.80,0,10,0.00,0.00,63,Out of Stock (Margin Loss)
4211,J0012-SKD-XXXL,SET - J0012,SET,1213.00,485.20,0,10,0.00,0.00,61,Out of Stock (Margin Loss)
4212,J0095-SET-XS,SET - J0095,SET,653.00,261.20,0,10,0.00,0.00,16,Out of Stock (Margin Loss)
4213,J0337-TP-XXL,TOP - J0337,TOP,726.00,290.40,0,10,0.00,0.00,17,Out of Stock (Margin Loss)
4214,JNE3449-KR-L,KURTA - JNE3449,KURTA,322.00,128.80,0,10,0.00,0.00,18,Out of Stock (Margin Loss)
4215,J0161-DR-XL,WESTERN DRESS - J0161,WESTERN DRESS,473.00,189.20,0,10,0.00,0.00,12,Out of Stock (Margin Loss)
4216,JNE3779-KR-L,KURTA - JNE3779,KURTA,346.00,138.40,0,10,0.00,0.00,8,Out of Stock (Margin Loss)
4217,J0396-DR-L,WESTERN DRESS - J0396,WESTERN DRESS,1136.00,454.40,0,10,0.00,0.00,17,Out of Stock (Margin Loss)
4218,JNE3614-KR-XXXL,KURTA - JNE3614,KURTA,459.00,183.60,0,10,0.00,0.00,48,Out of Stock (Margin Loss)
4219,JNE3825-KR-L,KURTA - JNE3825,KURTA,0.00,0.00,0,10,0.00,0.00,4,Out of Stock (Margin Loss)
4221,J0057-DR-S,ETHNIC DRESS - J0057,ETHNIC DRESS,475.00,190.00,0,10,0.00,0.00,1,Out of Stock (Margin Loss)
4222,SET332-KR-PP-S,SET - SET332,SET,549.00,219.60,0,10,0.00,0.00,9,Out of Stock (Margin Loss)
4224,JNE3480-KR-XS,KURTA - JNE3480,KURTA,249.00,99.60,0,10,0.00,0.00,1,Out of Stock (Margin Loss)
4225,SET409-KR-NP-S,SET - SET409,SET,641.00,256.40,0,10,0.00,0.00,8,Out of Stock (Margin Loss)
4226,SET432-KR-PP-S,SET - SET432,SET,999.00,399.60,0,10,0.00,0.00,1,Out of Stock (Margin Loss)
4227,JNE3611-KR-XXXL,KURTA - JNE3611,KURTA,469.00,187.60,0,10,0.00,0.00,50,Out of Stock (Margin Loss)
4228,JNE3869-DR-XXXL,WESTERN DRESS - JNE3869,WESTERN DRESS,998.00,399.20,0,10,0.00,0.00,31,Out of Stock (Margin Loss)
4229,SAR135,SAREE - SAR135,SAREE,686.00,274.40,0,10,0.00,0.00,5,Out of Stock (Margin Loss)
4230,JNE3576-KR-XS,KURTA - JNE3576,KURTA,487.00,194.80,0,10,0.00,0.00,14,Out of Stock (Margin Loss)
4231,SET044-KR-NP-XXXL,SET - SET044,SET,612.00,244.80,0,10,0.00,0.00,20,Out of Stock (Margin Loss)
4232,J0232-SKD-XS,SET - J0232,SET,1213.00,485.20,0,10,0.00,0.00,0,Out of Stock (Margin Loss)
4233,JNE3871-KR-S,KURTA - JNE3871,KURTA,771.00,308.40,0,10,0.00,0.00,1,Out of Stock (Margin Loss)
4234,JNE3261-KR-XL,KURTA - JNE3261,KURTA,382.00,152.80,0,10,0.00,0.00,36,Out of Stock (Margin Loss)
4235,J0138-KR-S,KURTA - J0138,KURTA,499.00,199.60,0,10,0.00,0.00,11,Out of Stock (Margin Loss)
4236,JNE3768-KR-XL,KURTA - JNE3768,KURTA,487.00,194.80,0,10,0.00,0.00,3,Out of Stock (Margin Loss)
4237,BL001-50PINK,BLOUSE - BL001,BLOUSE,419.00,167.60,0,10,0.00,0.00,1,Out of Stock (Margin Loss)
4238,JNE2171-KR-437-L,KURTA - JNE2171,KURTA,524.00,209.60,0,10,0.00,0.00,29,Out of Stock (Margin Loss)
4239,J0306-DR-M,WESTERN DRESS - J0306,WESTERN DRESS,1044.00,417.60,0,10,0.00,0.00,26,Out of Stock (Margin Loss)
4240,JNE3776-KR-S,KURTA - JNE3776,KURTA,301.00,120.40,0,10,0.00,0.00,7,Out of Stock (Margin Loss)
4241,J0088-TP-M,TOP - J0088,TOP,497.00,198.80,0,10,0.00,0.00,12,Out of Stock (Margin Loss)
4242,JNE3436-KR-XS,KURTA - JNE3436,KURTA,299.00,119.60,0,10,0.00,0.00,1,Out of Stock (Margin Loss)
4243,J0140-SET-XXL,SET - J0140,SET,591.00,236.40,0,10,0.00,0.00,3,Out of Stock (Margin Loss)
4244,J0005-DR-XS,WESTERN DRESS - J0005,WESTERN DRESS,1249.00,499.60,0,10,0.00,0.00,27,Out of Stock (Margin Loss)
4245,JNE3539-KR-XS,KURTA - JNE3539,KURTA,330.00,132.00,0,10,0.00,0.00,10,Out of Stock (Margin Loss)
4246,JNE3336-KR-XL,KURTA - JNE3336,KURTA,330.00,132.00,0,10,0.00,0.00,1,Out of Stock (Margin Loss)
4247,NW030-TP-PJ-S,SET - NW030,SET,582.00,232.80,0,10,0.00,0.00,26,Out of Stock (Margin Loss)
4248,J0338-DR-XXL,WESTERN DRESS - J0338,WESTERN DRESS,1187.00,474.80,0,10,0.00,0.00,19,Out of Stock (Margin Loss)
4249,MEN5025-KR-S,KURTA - MEN5025,KURTA,764.00,305.60,0,10,0.00,0.00,40,Out of Stock (Margin Loss)
4250,SET360-KR-NP-XXXL,SET - SET360,SET,1268.00,507.20,0,10,0.00,0.00,27,Out of Stock (Margin Loss)
4251,J0134-SET-XS,SET - J0134,SET,729.00,291.60,0,10,0.00,0.00,7,Out of Stock (Margin Loss)
4252,NW012-TP-PJ-XXL,SET - NW012,SET,560.00,224.00,0,10,0.00,0.00,45,Out of Stock (Margin Loss)
4253,JNE3365-KR-1052-M,KURTA - JNE3365,KURTA,376.00,150.40,0,10,0.00,0.00,15,Out of Stock (Margin Loss)
4254,SET210-KR-PP-S,SET - SET210,SET,575.00,230.00,0,10,0.00,0.00,21,Out of Stock (Margin Loss)
4255,SET224-KR-NP-L,SET - SET224,SET,1132.00,452.80,0,10,0.00,0.00,1,Out of Stock (Margin Loss)
4256,SET247-KR-SHA-XXXL,SET - SET247,SET,0.00,0.00,0,10,0.00,0.00,2,Out of Stock (Margin Loss)
4257,J0416-DR-XL,WESTERN DRESS - J0416,WESTERN DRESS,825.00,330.00,0,10,0.00,0.00,16,Out of Stock (Margin Loss)
4258,JNE3714-KR-S,KURTA - JNE3714,KURTA,487.00,194.80,0,10,0.00,0.00,14,Out of Stock (Margin Loss)
4259,J0337-TP-XS,TOP - J0337,TOP,545.00,218.00,0,10,0.00,0.00,11,Out of Stock (Margin Loss)
4260,JNE3550-KR-XS,KURTA - JNE3550,KURTA,301.00,120.40,0,10,0.00,0.00,3,Out of Stock (Margin Loss)
4261,SET431-KR-NP-XS,SET - SET431,SET,899.00,359.60,0,10,0.00,0.00,1,Out of Stock (Margin Loss)
4262,JNE3476-KR-S,KURTA - JNE3476,KURTA,399.00,159.60,0,10,0.00,0.00,10,Out of Stock (Margin Loss)
4263,J0211-DR-XXXL,ETHNIC DRESS - J0211,ETHNIC DRESS,755.00,302.00,0,10,0.00,0.00,6,Out of Stock (Margin Loss)
4264,JNE3432-KR-XXL,KURTA - JNE3432,KURTA,432.00,172.80,0,10,0.00,0.00,5,Out of Stock (Margin Loss)
4266,CH205-YELLOW-S,BOTTOM - CH205,BOTTOM,273.00,109.20,0,10,0.00,0.00,2,Out of Stock (Margin Loss)
4267,MEN5006-KR-M,KURTA - MEN5006,KURTA,665.00,266.00,0,10,0.00,0.00,16,Out of Stock (Margin Loss)
4268,JNE3623-KR-M,KURTA - JNE3623,KURTA,362.00,144.80,0,10,0.00,0.00,4,Out of Stock (Margin Loss)
4269,JNE3674-TU-S,TOP - JNE3674,TOP,574.00,229.60,0,10,0.00,0.00,24,Out of Stock (Margin Loss)
4270,JNE3426-KR-S,KURTA - JNE3426,KURTA,360.00,144.00,0,10,0.00,0.00,1,Out of Stock (Margin Loss)
4271,JNE3371-KR-XXXL,KURTA - JNE3371,KURTA,353.00,141.20,0,10,0.00,0.00,9,Out of Stock (Margin Loss)
4272,JNE3634-KR-M,KURTA - JNE3634,KURTA,544.00,217.60,0,10,0.00,0.00,71,Out of Stock (Margin Loss)
4273,JNE3225-KR-S,KURTA - JNE3225,KURTA,349.00,139.60,0,10,0.00,0.00,15,Out of Stock (Margin Loss)
4274,JNE1975-KR-309-XXL,KURTA - JNE1975,KURTA,229.00,91.60,0,10,0.00,0.00,2,Out of Stock (Margin Loss)
4275,JNE3717-KR-XXL,KURTA - JNE3717,KURTA,301.00,120.40,0,10,0.00,0.00,9,Out of Stock (Margin Loss)
4276,JNE09186-BLUE-SR-JP7104RMV,SAREE - JNE09186,SAREE,819.00,327.60,0,10,0.00,0.00,1,Out of Stock (Margin Loss)
4277,SET300-KR-NP-XL,SET - SET300,SET,999.00,399.60,0,10,0.00,0.00,16,Out of Stock (Margin Loss)
4280,J0382-SKD-S,SET - J0382,SET,1338.00,535.20,0,10,0.00,0.00,19,Out of Stock (Margin Loss)
4281,JNE3836-KR-M,KURTA - JNE3836,KURTA,666.00,266.40,0,10,0.00,0.00,19,Out of Stock (Margin Loss)
4282,JNE3775-KR-XL,KURTA - JNE3775,KURTA,307.00,122.80,0,10,0.00,0.00,23,Out of Stock (Margin Loss)
4283,J0231-SKD-M,SET - J0231,SET,1298.00,519.20,0,10,0.00,0.00,9,Out of Stock (Margin Loss)
4284,JNE2291-KR-602-XXL,KURTA - JNE2291,KURTA,376.00,150.40,0,10,0.00,0.00,11,Out of Stock (Margin Loss)
4285,JNE3687-TU-L,TOP - JNE3687,TOP,549.00,219.60,0,10,0.00,0.00,22,Out of Stock (Margin Loss)
4286,SET257-KR-PP-M,SET - SET257,SET,568.00,227.20,0,10,0.00,0.00,14,Out of Stock (Margin Loss)
4287,JNE3601-KR-L,KURTA - JNE3601,KURTA,329.00,131.60,0,10,0.00,0.00,20,Out of Stock (Margin Loss)
4288,SET431-KR-NP-XXXL,SET - SET431,SET,845.00,338.00,0,10,0.00,0.00,2,Out of Stock (Margin Loss)
4289,SET445-KR-NP-S,SET - SET445,SET,1399.00,559.60,0,10,0.00,0.00,1,Out of Stock (Margin Loss)
4290,JNE3481-KR-XS,KURTA - JNE3481,KURTA,301.00,120.40,0,10,0.00,0.00,2,Out of Stock (Margin Loss)
4291,J0382-SKD-L,SET - J0382,SET,1354.00,541.60,0,10,0.00,0.00,25,Out of Stock (Margin Loss)
4292,JNE3761-KR-L,KURTA - JNE3761,KURTA,349.00,139.60,0,10,0.00,0.00,24,Out of Stock (Margin Loss)
4293,JNE3674-TU-L,TOP - JNE3674,TOP,798.00,319.20,0,10,0.00,0.00,49,Out of Stock (Margin Loss)
4294,SET062-KR-SP-M,SET - SET062,SET,685.00,274.00,0,10,0.00,0.00,28,Out of Stock (Margin Loss)
4296,SET339-KR-NP-XL,SET - SET339,SET,736.00,294.40,0,10,0.00,0.00,38,Out of Stock (Margin Loss)
4297,J0105-KR-XXXL,WESTERN DRESS - J0105,WESTERN DRESS,999.00,399.60,0,10,0.00,0.00,9,Out of Stock (Margin Loss)
4298,JNE3539-KR-XL,KURTA - JNE3539,KURTA,330.00,132.00,0,10,0.00,0.00,11,Out of Stock (Margin Loss)
4299,NW015-TP-PJ-L,SET - NW015,SET,517.00,206.80,0,10,0.00,0.00,2,Out of Stock (Margin Loss)
4300,JNE3864-TU-XXL,TOP - JNE3864,TOP,599.00,239.60,0,10,0.00,0.00,16,Out of Stock (Margin Loss)
4301,JNE3500-KR-XS,KURTA - JNE3500,KURTA,364.00,145.60,0,10,0.00,0.00,12,Out of Stock (Margin Loss)
4302,SET171-KR-NP-M,SET - SET171,SET,817.00,326.80,0,10,0.00,0.00,22,Out of Stock (Margin Loss)
4303,SET310-KR-NP-S,SET - SET310,SET,1213.00,485.20,0,10,0.00,0.00,16,Out of Stock (Margin Loss)
4304,JNE3408-KR-XXL,KURTA - JNE3408,KURTA,432.00,172.80,0,10,0.00,0.00,15,Out of Stock (Margin Loss)
4305,SET300-KR-NP-XXXL,SET - SET300,SET,999.00,399.60,0,10,0.00,0.00,8,Out of Stock (Margin Loss)
4306,BL113-XL,BLOUSE - BL113,BLOUSE,493.00,197.20,0,10,0.00,0.00,10,Out of Stock (Margin Loss)
4308,JNE2251-KR-537-XXXL,KURTA - JNE2251,KURTA,399.00,159.60,0,10,0.00,0.00,4,Out of Stock (Margin Loss)
4309,SET083-KR-PP-L,SET - SET083,SET,0.00,0.00,0,10,0.00,0.00,4,Out of Stock (Margin Loss)
4310,JNE3334-KR-L,KURTA - JNE3334,KURTA,318.00,127.20,0,10,0.00,0.00,39,Out of Stock (Margin Loss)
4311,JNE3801-KR-XXL,KURTA - JNE3801,KURTA,771.00,308.40,0,10,0.00,0.00,121,Out of Stock (Margin Loss)
4312,JNE3703-KR-XXL,KURTA - JNE3703,KURTA,316.00,126.40,0,10,0.00,0.00,45,Out of Stock (Margin Loss)
4313,JNE3761-KR-XS,KURTA - JNE3761,KURTA,310.00,124.00,0,10,0.00,0.00,6,Out of Stock (Margin Loss)
4314,JNE2305-KR-533-XL,KURTA - JNE2305,KURTA,382.00,152.80,0,10,0.00,0.00,118,Out of Stock (Margin Loss)
4315,JNE3716-KR-S,KURTA - JNE3716,KURTA,432.00,172.80,0,10,0.00,0.00,30,Out of Stock (Margin Loss)
4316,JNE3477-KR-M,KURTA - JNE3477,KURTA,484.00,193.60,0,10,0.00,0.00,2,Out of Stock (Margin Loss)
4317,JNE3489-KR-XXL,KURTA - JNE3489,KURTA,487.00,194.80,0,10,0.00,0.00,35,Out of Stock (Margin Loss)
4318,JNE3427-KR-M,KURTA - JNE3427,KURTA,301.00,120.40,0,10,0.00,0.00,3,Out of Stock (Margin Loss)
4319,JNE3774-KR-XS,KURTA - JNE3774,KURTA,474.00,189.60,0,10,0.00,0.00,3,Out of Stock (Margin Loss)
4320,JNE3506-KR-XL,KURTA - JNE3506,KURTA,635.00,254.00,0,10,0.00,0.00,29,Out of Stock (Margin Loss)
4321,NW002-TP-PJ-XS,SET - NW002,SET,474.00,189.60,0,10,0.00,0.00,1,Out of Stock (Margin Loss)
4322,SET307-KR-DPT-XXL,SET - SET307,SET,736.00,294.40,0,10,0.00,0.00,13,Out of Stock (Margin Loss)
4323,SET319-KR-NP-S,SET - SET319,SET,949.00,379.60,0,10,0.00,0.00,50,Out of Stock (Margin Loss)
4324,MEN5023-KR-XXXL,KURTA - MEN5023,KURTA,777.00,310.80,0,10,0.00,0.00,22,Out of Stock (Margin Loss)
4325,JNE2100-KR-144-M,KURTA - JNE2100,KURTA,382.00,152.80,0,10,0.00,0.00,69,Out of Stock (Margin Loss)
4326,J0396-DR-S,WESTERN DRESS - J0396,WESTERN DRESS,1196.00,478.40,0,10,0.00,0.00,11,Out of Stock (Margin Loss)
4327,J0001-DR-XL,ETHNIC DRESS - J0001,ETHNIC DRESS,690.00,276.00,0,10,0.00,0.00,15,Out of Stock (Margin Loss)
4328,JNE3672-TU-XS,TOP - JNE3672,TOP,574.00,229.60,0,10,0.00,0.00,11,Out of Stock (Margin Loss)
4329,JNE3251-KR-M,KURTA - JNE3251,KURTA,319.00,127.60,0,10,0.00,0.00,1,Out of Stock (Margin Loss)
4330,CH213-BROWN-S,BOTTOM - CH213,BOTTOM,301.00,120.40,0,10,0.00,0.00,4,Out of Stock (Margin Loss)
4331,J0294-TP-S,TOP - J0294,TOP,396.00,158.40,0,10,0.00,0.00,4,Out of Stock (Margin Loss)
4332,JNE3605-KR-XL,KURTA - JNE3605,KURTA,517.00,206.80,0,10,0.00,0.00,29,Out of Stock (Margin Loss)
4333,J0179-KR-M,KURTA - J0179,KURTA,696.00,278.40,0,10,0.00,0.00,7,Out of Stock (Margin Loss)
4334,SET217-KR-PP-XXL,SET - SET217,SET,859.00,343.60,0,10,0.00,0.00,40,Out of Stock (Margin Loss)
4335,SET062-KR-SP-XXXL,SET - SET062,SET,685.00,274.00,0,10,0.00,0.00,9,Out of Stock (Margin Loss)
4336,JNE3694-KR-S,KURTA - JNE3694,KURTA,295.00,118.00,0,10,0.00,0.00,1,Out of Stock (Margin Loss)
4337,JNE3880-DR-XL,WESTERN DRESS - JNE3880,WESTERN DRESS,758.00,303.20,0,10,0.00,0.00,12,Out of Stock (Margin Loss)
4338,J0346-SET-S,SET - J0346,SET,478.00,191.20,0,10,0.00,0.00,4,Out of Stock (Margin Loss)
4339,SET336-KR-NP-M,SET - SET336,SET,865.00,346.00,0,10,0.00,0.00,5,Out of Stock (Margin Loss)
4340,JNE3363-KR-1032-S,KURTA - JNE3363,KURTA,399.00,159.60,0,10,0.00,0.00,7,Out of Stock (Margin Loss)
6234,NW039-TP-SR-XXL,SET - NW039,SET,499.00,199.60,0,10,0.00,0.00,8,Out of Stock (Margin Loss)
6235,SET307-KR-DPT-L,SET - SET307,SET,736.00,294.40,0,10,0.00,0.00,11,Out of Stock (Margin Loss)
6236,SET247-KR-SHA-L,SET - SET247,SET,775.00,310.00,0,10,0.00,0.00,10,Out of Stock (Margin Loss)
6237,JNE3452-KR-XXL,KURTA - JNE3452,KURTA,301.00,120.40,0,10,0.00,0.00,7,Out of Stock (Margin Loss)
6238,JNE3674-TU-XS,TOP - JNE3674,TOP,798.00,319.20,0,10,0.00,0.00,9,Out of Stock (Margin Loss)
6239,JNE3665-TP-M,TOP - JNE3665,TOP,764.00,305.60,0,10,0.00,0.00,31,Out of Stock (Margin Loss)
6240,SET372-KR-PP-L,SET - SET372,SET,667.00,266.80,0,10,0.00,0.00,1,Out of Stock (Margin Loss)
6241,JNE3543-KR-M,KURTA - JNE3543,KURTA,368.00,147.20,0,10,0.00,0.00,32,Out of Stock (Margin Loss)
6242,NW004-TP-PJ-XXXL,SET - NW004,SET,499.00,199.60,0,10,0.00,0.00,28,Out of Stock (Margin Loss)
6243,J0020-SET-XL,SET - J0020,SET,571.00,228.40,0,10,0.00,0.00,2,Out of Stock (Margin Loss)
6244,SET325-KR-NP-L,SET - SET325,SET,666.00,266.40,0,10,0.00,0.00,17,Out of Stock (Margin Loss)
6245,NW009-ST-CP-XXL,SET - NW009,SET,586.00,234.40,0,10,0.00,0.00,8,Out of Stock (Margin Loss)
6246,SET300-KR-NP-S,SET - SET300,SET,999.00,399.60,0,10,0.00,0.00,8,Out of Stock (Margin Loss)
6247,SET364-KR-NP-S,SET - SET364,SET,1338.00,535.20,0,10,0.00,0.00,19,Out of Stock (Margin Loss)
6248,NW038-ST-SR-XXL,SET - NW038,SET,525.00,210.00,0,10,0.00,0.00,8,Out of Stock (Margin Loss)
6249,SET196-KR-NP-M,SET - SET196,SET,799.00,319.60,0,10,0.00,0.00,8,Out of Stock (Margin Loss)
6251,J0167-KR-XS,KURTA - J0167,KURTA,319.00,127.60,0,10,0.00,0.00,3,Out of Stock (Margin Loss)
6252,JNE3576-KR-XXL,KURTA - JNE3576,KURTA,487.00,194.80,0,10,0.00,0.00,39,Out of Stock (Margin Loss)
6253,JNE3617-KR-S,KURTA - JNE3617,KURTA,319.00,127.60,0,10,0.00,0.00,10,Out of Stock (Margin Loss)
6254,JNE2131-KR-A-L,KURTA - JNE2131,KURTA,929.00,371.60,0,10,0.00,0.00,2,Out of Stock (Margin Loss)
6255,J0090-TP-L,TOP - J0090,TOP,744.00,297.60,0,10,0.00,0.00,13,Out of Stock (Margin Loss)
6256,JNE3311-KR-M,KURTA - JNE3311,KURTA,599.00,239.60,0,10,0.00,0.00,16,Out of Stock (Margin Loss)
6257,JNE3534-KR-S,KURTA - JNE3534,KURTA,329.00,131.60,0,10,0.00,0.00,11,Out of Stock (Margin Loss)
6258,MEN5018-KR-XXL,KURTA - MEN5018,KURTA,655.00,262.00,0,10,0.00,0.00,10,Out of Stock (Margin Loss)
6259,J0245-SKD-XS,SET - J0245,SET,1133.00,453.20,0,10,0.00,0.00,2,Out of Stock (Margin Loss)
6260,JNE3720-KR-L,KURTA - JNE3720,KURTA,517.00,206.80,0,10,0.00,0.00,13,Out of Stock (Margin Loss)
6261,SET444-KR-SH-XS,SET - SET444,SET,899.00,359.60,0,10,0.00,0.00,6,Out of Stock (Margin Loss)
6262,JNE3902-KR-S,KURTA - JNE3902,KURTA,599.00,239.60,0,10,0.00,0.00,2,Out of Stock (Margin Loss)
6263,JNE3403-KR-XXL,KURTA - JNE3403,KURTA,0.00,0.00,0,10,0.00,0.00,0,Out of Stock (Margin Loss)
6264,J0399-DR-XXXL,WESTERN DRESS - J0399,WESTERN DRESS,1099.00,439.60,0,10,0.00,0.00,15,Out of Stock (Margin Loss)
6265,JNE3794-KR-L,KURTA - JNE3794,KURTA,517.00,206.80,0,10,0.00,0.00,55,Out of Stock (Margin Loss)
6266,JNE3461-KR-M,KURTA - JNE3461,KURTA,499.00,199.60,0,10,0.00,0.00,66,Out of Stock (Margin Loss)
6267,JNE3799-KR-XL,KURTA - JNE3799,KURTA,666.00,266.40,0,10,0.00,0.00,23,Out of Stock (Margin Loss)
6268,JNE3549-KR-XL,KURTA - JNE3549,KURTA,329.00,131.60,0,10,0.00,0.00,17,Out of Stock (Margin Loss)
6269,JNE3420-KR-L,KURTA - JNE3420,KURTA,299.00,119.60,0,10,0.00,0.00,16,Out of Stock (Margin Loss)
6270,J0093-DR-S,ETHNIC DRESS - J0093,ETHNIC DRESS,637.00,254.80,0,10,0.00,0.00,5,Out of Stock (Margin Loss)
6271,SET410-KR-NP-XXXL,SET - SET410,SET,568.00,227.20,0,10,0.00,0.00,6,Out of Stock (Margin Loss)
6273,SET385-KR-NP-XXL,SET - SET385,SET,699.00,279.60,0,10,0.00,0.00,21,Out of Stock (Margin Loss)
6274,J0235-SKD-M,SET - J0235,SET,1099.00,439.60,0,10,0.00,0.00,7,Out of Stock (Margin Loss)
6275,JNE3667-TP-XS,TOP - JNE3667,TOP,329.00,131.60,0,10,0.00,0.00,3,Out of Stock (Margin Loss)
6276,J0092-SET-S,SET - J0092,SET,833.00,333.20,0,10,0.00,0.00,4,Out of Stock (Margin Loss)
6277,J0235-SKD-XS,SET - J0235,SET,1089.00,435.60,0,10,0.00,0.00,1,Out of Stock (Margin Loss)
6278,JNE2171-KR-437-XXXL,KURTA - JNE2171,KURTA,495.00,198.00,0,10,0.00,0.00,11,Out of Stock (Margin Loss)
6280,JNE3724-KR-XS,KURTA - JNE3724,KURTA,499.00,199.60,0,10,0.00,0.00,2,Out of Stock (Margin Loss)
6281,SET336-KR-NP-L,SET - SET336,SET,865.00,346.00,0,10,0.00,0.00,11,Out of Stock (Margin Loss)
6282,JNE3904-DR-S,WESTERN DRESS - JNE3904,WESTERN DRESS,836.00,334.40,0,10,0.00,0.00,8,Out of Stock (Margin Loss)
6283,JNE3625-DR-M,WESTERN DRESS - JNE3625,WESTERN DRESS,453.00,181.20,0,10,0.00,0.00,8,Out of Stock (Margin Loss)
6284,JNE3390-KR-S,KURTA - JNE3390,KURTA,320.00,128.00,0,10,0.00,0.00,4,Out of Stock (Margin Loss)
6285,SET268-KR-NP-S,SET - SET268,SET,788.00,315.20,0,10,0.00,0.00,352,Out of Stock (Margin Loss)
6286,SET355-KR-PP-XS,SET - SET355,SET,1426.00,570.40,0,10,0.00,0.00,25,Out of Stock (Margin Loss)
6287,J0196-TP-XL,TOP - J0196,TOP,490.00,196.00,0,10,0.00,0.00,18,Out of Stock (Margin Loss)
6288,J0392-TP-XL,TOP - J0392,TOP,625.00,250.00,0,10,0.00,0.00,4,Out of Stock (Margin Loss)
6290,J0417-TP-S,TOP - J0417,TOP,1099.00,439.60,0,10,0.00,0.00,3,Out of Stock (Margin Loss)
6292,JNE3678-TU-XS,TOP - JNE3678,TOP,545.00,218.00,0,10,0.00,0.00,7,Out of Stock (Margin Loss)
6295,JNE3435-KR-XS,KURTA - JNE3435,KURTA,487.00,194.80,0,10,0.00,0.00,8,Out of Stock (Margin Loss)
6296,J0001-DR-XXXL,ETHNIC DRESS - J0001,ETHNIC DRESS,690.00,276.00,0,10,0.00,0.00,10,Out of Stock (Margin Loss)
6297,SET357-KR-NP-S,SET - SET357,SET,1149.00,459.60,0,10,0.00,0.00,43,Out of Stock (Margin Loss)
6298,JNE3438-KR-XXL,KURTA - JNE3438,KURTA,459.00,183.60,0,10,0.00,0.00,5,Out of Stock (Margin Loss)
6299,JNE3813-KR-XXXL,KURTA - JNE3813,KURTA,635.00,254.00,0,10,0.00,0.00,11,Out of Stock (Margin Loss)
6300,J0292-TP-S,TOP - J0292,TOP,377.00,150.80,0,10,0.00,0.00,10,Out of Stock (Margin Loss)
6302,SET413-KR-NP-XXXL,SET - SET413,SET,841.00,336.40,0,10,0.00,0.00,11,Out of Stock (Margin Loss)
6303,SET053-KR-NP-XS,SET - SET053,SET,633.00,253.20,0,10,0.00,0.00,3,Out of Stock (Margin Loss)
6304,JNE3833-KR-XS,KURTA - JNE3833,KURTA,666.00,266.40,0,10,0.00,0.00,7,Out of Stock (Margin Loss)
6305,JNE3796-KR-L,KURTA - JNE3796,KURTA,345.00,138.00,0,10,0.00,0.00,9,Out of Stock (Margin Loss)
6306,SET186-KR-DH-L,SET - SET186,SET,631.00,252.40,0,10,0.00,0.00,37,Out of Stock (Margin Loss)
6307,SET289-KR-NP-M,SET - SET289,SET,666.00,266.40,0,10,0.00,0.00,16,Out of Stock (Margin Loss)
6308,SET394-KR-NP-L,SET - SET394,SET,1298.00,519.20,0,10,0.00,0.00,30,Out of Stock (Margin Loss)
6309,J0252-SKD-XXXL,SET - J0252,SET,939.00,375.60,0,10,0.00,0.00,15,Out of Stock (Margin Loss)
6310,SET094-KR-NP-XS,SET - SET094,SET,758.00,303.20,0,10,0.00,0.00,1,Out of Stock (Margin Loss)
6311,SET396-KR-PP-XL,SET - SET396,SET,1166.00,466.40,0,10,0.00,0.00,37,Out of Stock (Margin Loss)
6312,BTM033-NP-XS,BOTTOM - BTM033,BOTTOM,297.00,118.80,0,10,0.00,0.00,1,Out of Stock (Margin Loss)
6313,JNE3428-KR-XL,KURTA - JNE3428,KURTA,301.00,120.40,0,10,0.00,0.00,13,Out of Stock (Margin Loss)
6314,SET224-KR-NP-XXXL,SET - SET224,SET,1369.00,547.60,0,10,0.00,0.00,21,Out of Stock (Margin Loss)
6315,J0250-SKD-M,SET - J0250,SET,725.00,290.00,0,10,0.00,0.00,7,Out of Stock (Margin Loss)
6316,SET324-KR-NP-XXL,SET - SET324,SET,699.00,279.60,0,10,0.00,0.00,146,Out of Stock (Margin Loss)
6317,JNE3762-KR-XL,KURTA - JNE3762,KURTA,329.00,131.60,0,10,0.00,0.00,14,Out of Stock (Margin Loss)
6318,JNE1233-BLUE-KR-031-XS,KURTA - JNE1233,KURTA,376.00,150.40,0,10,0.00,0.00,7,Out of Stock (Margin Loss)
6319,J0130-SET-L,SET - J0130,SET,659.00,263.60,0,10,0.00,0.00,1,Out of Stock (Margin Loss)
6320,SET297-KR-NP-XXXL,SET - SET297,SET,771.00,308.40,0,10,0.00,0.00,9,Out of Stock (Margin Loss)
6321,JNE3823-KR-XL,KURTA - JNE3823,KURTA,526.00,210.40,0,10,0.00,0.00,1,Out of Stock (Margin Loss)
6322,JNE3777-KR-XS,KURTA - JNE3777,KURTA,324.00,129.60,0,10,0.00,0.00,1,Out of Stock (Margin Loss)
6323,CH202-ORANGE-XXL,BOTTOM - CH202,BOTTOM,301.00,120.40,0,10,0.00,0.00,3,Out of Stock (Margin Loss)
6324,SET389-KR-NP-S,SET - SET389,SET,749.00,299.60,0,10,0.00,0.00,32,Out of Stock (Margin Loss)
6325,JNE3869-DR-XXL,WESTERN DRESS - JNE3869,WESTERN DRESS,998.00,399.20,0,10,0.00,0.00,29,Out of Stock (Margin Loss)
6326,SET348-KR-NP-XXL,SET - SET348,SET,968.00,387.20,0,10,0.00,0.00,38,Out of Stock (Margin Loss)
6327,JNE3422-KR-XXL,KURTA - JNE3422,KURTA,301.00,120.40,0,10,0.00,0.00,28,Out of Stock (Margin Loss)
6328,SET187-KR-DH-L,SET - SET187,SET,699.00,279.60,0,10,0.00,0.00,31,Out of Stock (Margin Loss)
6329,SET338-KR-NP-S,SET - SET338,SET,999.00,399.60,0,10,0.00,0.00,3,Out of Stock (Margin Loss)
6330,JNE3439-KR-M,KURTA - JNE3439,KURTA,469.00,187.60,0,10,0.00,0.00,45,Out of Stock (Margin Loss)
6331,JNE3761-KR-XL,KURTA - JNE3761,KURTA,301.00,120.40,0,10,0.00,0.00,39,Out of Stock (Margin Loss)
6332,JNE3702-KR-XXL,KURTA - JNE3702,KURTA,342.00,136.80,0,10,0.00,0.00,12,Out of Stock (Margin Loss)
6333,J0078-SET-M,SET - J0078,SET,999.00,399.60,0,10,0.00,0.00,4,Out of Stock (Margin Loss)
6334,BTM044-PP-XXXL,BOTTOM - BTM044,BOTTOM,360.00,144.00,0,10,0.00,0.00,10,Out of Stock (Margin Loss)
6335,J0104-KR-XL,KURTA - J0104,KURTA,442.00,176.80,0,10,0.00,0.00,4,Out of Stock (Margin Loss)
6336,JNE3761-KR-XXXL,KURTA - JNE3761,KURTA,301.00,120.40,0,10,0.00,0.00,1,Out of Stock (Margin Loss)
6337,JNE3461-KR-XXL,KURTA - JNE3461,KURTA,399.00,159.60,0,10,0.00,0.00,30,Out of Stock (Margin Loss)
6338,J0295-DR-XXL,WESTERN DRESS - J0295,WESTERN DRESS,859.00,343.60,0,10,0.00,0.00,18,Out of Stock (Margin Loss)
6339,JNE3449-KR-XXXL,KURTA - JNE3449,KURTA,319.00,127.60,0,10,0.00,0.00,11,Out of Stock (Margin Loss)
6340,MEN5018-KR-L,KURTA - MEN5018,KURTA,655.00,262.00,0,10,0.00,0.00,31,Out of Stock (Margin Loss)
6341,SET358-KR-NP-L,SET - SET358,SET,1477.00,590.80,0,10,0.00,0.00,8,Out of Stock (Margin Loss)
6342,J0342-TP-XL,TOP - J0342,TOP,665.00,266.00,0,10,0.00,0.00,12,Out of Stock (Margin Loss)
6343,JNE3065-KR-S,KURTA - JNE3065,KURTA,393.00,157.20,0,10,0.00,0.00,5,Out of Stock (Margin Loss)
6344,SET244-KR-NP-L,SET - SET244,SET,799.00,319.60,0,10,0.00,0.00,13,Out of Stock (Margin Loss)
6345,J0118-TP-XS,TOP - J0118,TOP,518.00,207.20,0,10,0.00,0.00,21,Out of Stock (Margin Loss)
6346,SET083-KR-PP-XXL,SET - SET083,SET,662.00,264.80,0,10,0.00,0.00,8,Out of Stock (Margin Loss)
6347,SET378-KR-NP-XS,SET - SET378,SET,1299.00,519.60,0,10,0.00,0.00,25,Out of Stock (Margin Loss)
6348,SET402-KR-NP-S,SET - SET402,SET,1149.00,459.60,0,10,0.00,0.00,20,Out of Stock (Margin Loss)
6349,JNE3334-KR-S,KURTA - JNE3334,KURTA,318.00,127.20,0,10,0.00,0.00,18,Out of Stock (Margin Loss)
6350,J0308-DR-XS,WESTERN DRESS - J0308,WESTERN DRESS,879.00,351.60,0,10,0.00,0.00,11,Out of Stock (Margin Loss)
6351,JNE3680-TU-XS,TOP - JNE3680,TOP,574.00,229.60,0,10,0.00,0.00,4,Out of Stock (Margin Loss)
6352,J0278-SET-S,SET - J0278,SET,761.00,304.40,0,10,0.00,0.00,12,Out of Stock (Margin Loss)
6353,J0118-TP-XXXL,TOP - J0118,TOP,693.00,277.20,0,10,0.00,0.00,123,Out of Stock (Margin Loss)
6354,JNE3482-KR-XL,KURTA - JNE3482,KURTA,330.00,132.00,0,10,0.00,0.00,6,Out of Stock (Margin Loss)
6355,JNE3399-KR-XS,KURTA - JNE3399,KURTA,469.00,187.60,0,10,0.00,0.00,65,Out of Stock (Margin Loss)
6356,J0244-SKD-S,SET - J0244,SET,1281.00,512.40,0,10,0.00,0.00,32,Out of Stock (Margin Loss)
6357,J0416-DR-XXL,WESTERN DRESS - J0416,WESTERN DRESS,1148.00,459.20,0,10,0.00,0.00,15,Out of Stock (Margin Loss)
6358,BL109-XS,BLOUSE - BL109,BLOUSE,518.00,207.20,0,10,0.00,0.00,2,Out of Stock (Margin Loss)
6359,JNE3522-KR-S,KURTA - JNE3522,KURTA,342.00,136.80,0,10,0.00,0.00,19,Out of Stock (Margin Loss)
6360,NW027-TP-PJ-XS,SET - NW027,SET,613.00,245.20,0,10,0.00,0.00,3,Out of Stock (Margin Loss)
6361,SET034-KR-NP-XXL,SET - SET034,SET,545.00,218.00,0,10,0.00,0.00,2,Out of Stock (Margin Loss)
6362,JNE3904-DR-L,WESTERN DRESS - JNE3904,WESTERN DRESS,599.00,239.60,0,10,0.00,0.00,21,Out of Stock (Margin Loss)
6363,SET363-KR-NP-XS,SET - SET363,SET,1354.00,541.60,0,10,0.00,0.00,27,Out of Stock (Margin Loss)
6364,JNE3803-KR-L,KURTA - JNE3803,KURTA,487.00,194.80,0,10,0.00,0.00,12,Out of Stock (Margin Loss)
6365,MEN5031-KR-M,KURTA - MEN5031,KURTA,714.00,285.60,0,10,0.00,0.00,14,Out of Stock (Margin Loss)
6366,SET004-KR-SP-XL,SET - SET004,SET,682.00,272.80,0,10,0.00,0.00,2,Out of Stock (Margin Loss)
6368,JNE3252-KR-S,KURTA - JNE3252,KURTA,479.00,191.60,0,10,0.00,0.00,8,Out of Stock (Margin Loss)
6369,SET263-KR-NP-XL,SET - SET263,SET,736.00,294.40,0,10,0.00,0.00,7,Out of Stock (Margin Loss)
6370,SET279-LC-XS,SET - SET279,SET,888.00,355.20,0,10,0.00,0.00,18,Out of Stock (Margin Loss)
6371,J0280-SKD-XS,SET - J0280,SET,1556.00,622.40,0,10,0.00,0.00,33,Out of Stock (Margin Loss)
6372,J0080-TP-S,TOP - J0080,TOP,678.00,271.20,0,10,0.00,0.00,13,Out of Stock (Margin Loss)
6373,SAR042,SAREE - SAR042,SAREE,989.00,395.60,0,10,0.00,0.00,1,Out of Stock (Margin Loss)
6374,SET395-KR-NP-XXXL,SET - SET395,SET,1147.00,458.80,0,10,0.00,0.00,13,Out of Stock (Margin Loss)
6375,BTM042-PP-XXXL,BOTTOM - BTM042,BOTTOM,329.00,131.60,0,10,0.00,0.00,12,Out of Stock (Margin Loss)
6376,BTM041-PP-XL,BOTTOM - BTM041,BOTTOM,331.00,132.40,0,10,0.00,0.00,5,Out of Stock (Margin Loss)
6377,JNE3662-TP-M,TOP - JNE3662,TOP,0.00,0.00,0,10,0.00,0.00,8,Out of Stock (Margin Loss)
6378,J0223-SKD-XXXL,SET - J0223,SET,1181.00,472.40,0,10,0.00,0.00,1,Out of Stock (Margin Loss)
6379,JNE3636-KR-XS,KURTA - JNE3636,KURTA,459.00,183.60,0,10,0.00,0.00,6,Out of Stock (Margin Loss)
6380,SET301-KR-PP-XXL,SET - SET301,SET,833.00,333.20,0,10,0.00,0.00,1,Out of Stock (Margin Loss)
6382,JNE3601-KR-XL,KURTA - JNE3601,KURTA,459.00,183.60,0,10,0.00,0.00,19,Out of Stock (Margin Loss)
6383,JNE3727-KR-XL,KURTA - JNE3727,KURTA,549.00,219.60,0,10,0.00,0.00,1,Out of Stock (Margin Loss)
6384,J0153-DR-XXL,WESTERN DRESS - J0153,WESTERN DRESS,443.00,177.20,0,10,0.00,0.00,12,Out of Stock (Margin Loss)
6385,JNE3663-TP-M,TOP - JNE3663,TOP,0.00,0.00,0,10,0.00,0.00,0,Out of Stock (Margin Loss)
6386,JNE3375-KR-XXXL,KURTA - JNE3375,KURTA,301.00,120.40,0,10,0.00,0.00,2,Out of Stock (Margin Loss)
6387,JNE3872-KR-L,KURTA - JNE3872,KURTA,725.00,290.00,0,10,0.00,0.00,2,Out of Stock (Margin Loss)
6388,SET375-KR-NP-XL,SET - SET375,SET,696.00,278.40,0,10,0.00,0.00,34,Out of Stock (Margin Loss)
6389,JNE3522-KR-XXXL,KURTA - JNE3522,KURTA,342.00,136.80,0,10,0.00,0.00,22,Out of Stock (Margin Loss)
6390,JNE3270-KR-L,KURTA - JNE3270,KURTA,376.00,150.40,0,10,0.00,0.00,6,Out of Stock (Margin Loss)
6391,JNE3452-KR-L,KURTA - JNE3452,KURTA,301.00,120.40,0,10,0.00,0.00,8,Out of Stock (Margin Loss)
6392,J0085-TP-S,TOP - J0085,TOP,421.00,168.40,0,10,0.00,0.00,7,Out of Stock (Margin Loss)
6393,J0088-TP-L,TOP - J0088,TOP,497.00,198.80,0,10,0.00,0.00,4,Out of Stock (Margin Loss)
6394,SET373-KR-PP-L,SET - SET373,SET,774.00,309.60,0,10,0.00,0.00,9,Out of Stock (Margin Loss)
6395,BTM039-PP-XXXL,BOTTOM - BTM039,BOTTOM,360.00,144.00,0,10,0.00,0.00,11,Out of Stock (Margin Loss)
6396,SET281-KR-PP-M,SET - SET281,SET,499.00,199.60,0,10,0.00,0.00,25,Out of Stock (Margin Loss)
6397,J0090-TP-XS,TOP - J0090,TOP,563.00,225.20,0,10,0.00,0.00,3,Out of Stock (Margin Loss)
6398,SET192-KR-NP-S,SET - SET192,SET,680.00,272.00,0,10,0.00,0.00,7,Out of Stock (Margin Loss)
6400,J0115-TP-XXL,TOP - J0115,TOP,352.00,140.80,0,10,0.00,0.00,5,Out of Stock (Margin Loss)
6402,JNE3799-KR-L,KURTA - JNE3799,KURTA,666.00,266.40,0,10,0.00,0.00,31,Out of Stock (Margin Loss)
6403,J0192-TP-XL,TOP - J0192,TOP,311.00,124.40,0,10,0.00,0.00,8,Out of Stock (Margin Loss)
6404,SET278-KR-NP-XXL,SET - SET278,SET,1523.00,609.20,0,10,0.00,0.00,49,Out of Stock (Margin Loss)
6406,NW006-ST-SR-L,SET - NW006,SET,496.00,198.40,0,10,0.00,0.00,7,Out of Stock (Margin Loss)
6407,JNE2113-KR-381-M,KURTA - JNE2113,KURTA,542.00,216.80,0,10,0.00,0.00,4,Out of Stock (Margin Loss)
6409,BL111-M,BLOUSE - BL111,BLOUSE,301.00,120.40,0,10,0.00,0.00,7,Out of Stock (Margin Loss)
6410,J0375-SKD-XS,SET - J0375,SET,1099.00,439.60,0,10,0.00,0.00,6,Out of Stock (Margin Loss)
6413,MEN5021-KR-M,KURTA - MEN5021,KURTA,777.00,310.80,0,10,0.00,0.00,39,Out of Stock (Margin Loss)
6414,JNE3739-KR-XXL,KURTA - JNE3739,KURTA,459.00,183.60,0,10,0.00,0.00,57,Out of Stock (Margin Loss)
6415,JNE3690-TU-XXXL,TOP - JNE3690,TOP,726.00,290.40,0,10,0.00,0.00,23,Out of Stock (Margin Loss)
6416,JNE3785-KR-L,KURTA - JNE3785,KURTA,362.00,144.80,0,10,0.00,0.00,43,Out of Stock (Margin Loss)
6417,BTM029-NP-M,BOTTOM - BTM029,BOTTOM,518.00,207.20,0,10,0.00,0.00,4,Out of Stock (Margin Loss)
6418,SET341-KR-NP-XXL,SET - SET341,SET,899.00,359.60,0,10,0.00,0.00,21,Out of Stock (Margin Loss)
6419,JNE3834-KR-S,KURTA - JNE3834,KURTA,666.00,266.40,0,10,0.00,0.00,12,Out of Stock (Margin Loss)
6420,J0380-SKD-XL,SET - J0380,SET,1438.00,575.20,0,10,0.00,0.00,5,Out of Stock (Margin Loss)
6421,JNE3813-KR-S,KURTA - JNE3813,KURTA,659.00,263.60,0,10,0.00,0.00,6,Out of Stock (Margin Loss)
6422,JNE3727-KR-XS,KURTA - JNE3727,KURTA,549.00,219.60,0,10,0.00,0.00,2,Out of Stock (Margin Loss)
6423,J0103-SKD-XL,SET - J0103,SET,1399.00,559.60,0,10,0.00,0.00,12,Out of Stock (Margin Loss)
6424,JNE3902-KR-XXL,KURTA - JNE3902,KURTA,599.00,239.60,0,10,0.00,0.00,5,Out of Stock (Margin Loss)
6425,PJNE3068-KR-4XL,KURTA - PJNE3068,KURTA,1099.00,439.60,0,10,0.00,0.00,58,Out of Stock (Margin Loss)
6426,SET363-KR-NP-XL,SET - SET363,SET,1354.00,541.60,0,10,0.00,0.00,48,Out of Stock (Margin Loss)
6427,SET293-KR-NP-XL,SET - SET293,SET,736.00,294.40,0,10,0.00,0.00,72,Out of Stock (Margin Loss)
6428,SET279-LC-L,SET - SET279,SET,888.00,355.20,0,10,0.00,0.00,17,Out of Stock (Margin Loss)
6429,SET044-KR-NP-L,SET - SET044,SET,612.00,244.80,0,10,0.00,0.00,46,Out of Stock (Margin Loss)
6430,J0211-DR-L,ETHNIC DRESS - J0211,ETHNIC DRESS,755.00,302.00,0,10,0.00,0.00,18,Out of Stock (Margin Loss)
6431,JNE3404-KR-S,KURTA - JNE3404,KURTA,517.00,206.80,0,10,0.00,0.00,4,Out of Stock (Margin Loss)
6432,MEN5030-KR-XXL,KURTA - MEN5030,KURTA,590.00,236.00,0,10,0.00,0.00,9,Out of Stock (Margin Loss)
6433,JNE3729-KR-XS,KURTA - JNE3729,KURTA,360.00,144.00,0,10,0.00,0.00,6,Out of Stock (Margin Loss)
6434,JNE3510-KR-XXXL,KURTA - JNE3510,KURTA,471.00,188.40,0,10,0.00,0.00,11,Out of Stock (Margin Loss)
6435,MEN5031-KR-S,KURTA - MEN5031,KURTA,714.00,285.60,0,10,0.00,0.00,7,Out of Stock (Margin Loss)
6436,JNE3783-KR-L,KURTA - JNE3783,KURTA,517.00,206.80,0,10,0.00,0.00,16,Out of Stock (Margin Loss)
6437,J0006-SET-XL,ETHNIC DRESS - J0006,ETHNIC DRESS,1174.00,469.60,0,10,0.00,0.00,79,Out of Stock (Margin Loss)
6438,JNE3878-KR-L,KURTA - JNE3878,KURTA,487.00,194.80,0,10,0.00,0.00,25,Out of Stock (Margin Loss)
6439,JNE3486-KR-XL,KURTA - JNE3486,KURTA,499.00,199.60,0,10,0.00,0.00,3,Out of Stock (Margin Loss)
6440,JNE3554-KR-L,KURTA - JNE3554,KURTA,517.00,206.80,0,10,0.00,0.00,34,Out of Stock (Margin Loss)
6441,J0297-TP-L,TOP - J0297,TOP,758.00,303.20,0,10,0.00,0.00,54,Out of Stock (Margin Loss)
6442,JNE3573-KR-XXL,KURTA - JNE3573,KURTA,381.00,152.40,0,10,0.00,0.00,9,Out of Stock (Margin Loss)
6443,J0083-KR-XS,KURTA - J0083,KURTA,565.00,226.00,0,10,0.00,0.00,3,Out of Stock (Margin Loss)
6444,JNE3886-KR-L,KURTA - JNE3886,KURTA,526.00,210.40,0,10,0.00,0.00,4,Out of Stock (Margin Loss)
6445,JNE3750-KR-XS,KURTA - JNE3750,KURTA,544.00,217.60,0,10,0.00,0.00,11,Out of Stock (Margin Loss)
6446,JNE3405-KR-XXL,KURTA - JNE3405,KURTA,449.00,179.60,0,10,0.00,0.00,198,Out of Stock (Margin Loss)
6447,J0025-DR-XXXL,WESTERN DRESS - J0025,WESTERN DRESS,714.00,285.60,0,10,0.00,0.00,14,Out of Stock (Margin Loss)
6448,SET155-KR-PP-S,SET - SET155,SET,446.00,178.40,0,10,0.00,0.00,2,Out of Stock (Margin Loss)
6449,SET192-KR-NP-M,SET - SET192,SET,680.00,272.00,0,10,0.00,0.00,7,Out of Stock (Margin Loss)
6450,JNE3578-KR-XS,KURTA - JNE3578,KURTA,612.00,244.80,0,10,0.00,0.00,1,Out of Stock (Margin Loss)
6451,JNE3807-KR-XXXL,KURTA - JNE3807,KURTA,736.00,294.40,0,10,0.00,0.00,27,Out of Stock (Margin Loss)
6452,J0019-SET-S,SET - J0019,SET,587.00,234.80,0,10,0.00,0.00,1,Out of Stock (Margin Loss)
6453,J0229-SKD-XXL,SET - J0229,SET,1245.00,498.00,0,10,0.00,0.00,1,Out of Stock (Margin Loss)
6454,J0062-DR-XXL,WESTERN DRESS - J0062,WESTERN DRESS,499.00,199.60,0,10,0.00,0.00,3,Out of Stock (Margin Loss)
6456,SET286-KR-NP-M,SET - SET286,SET,666.00,266.40,0,10,0.00,0.00,39,Out of Stock (Margin Loss)
6457,CH213-BROWN-L,BOTTOM - CH213,BOTTOM,301.00,120.40,0,10,0.00,0.00,2,Out of Stock (Margin Loss)
6459,J0020-SET-XXL,SET - J0020,SET,571.00,228.40,0,10,0.00,0.00,2,Out of Stock (Margin Loss)
6460,JNE3252-KR-XS,KURTA - JNE3252,KURTA,479.00,191.60,0,10,0.00,0.00,8,Out of Stock (Margin Loss)
6461,J0281-SKD-S,SET - J0281,SET,1477.00,590.80,0,10,0.00,0.00,54,Out of Stock (Margin Loss)
6463,SET337-KR-NP-S,SET - SET337,SET,874.00,349.60,0,10,0.00,0.00,10,Out of Stock (Margin Loss)
6464,J0299-KR-L,KURTA - J0299,KURTA,345.00,138.00,0,10,0.00,0.00,2,Out of Stock (Margin Loss)
6465,SET404-KR-NP-XXXL,SET - SET404,SET,1199.00,479.60,0,10,0.00,0.00,5,Out of Stock (Margin Loss)
6467,JNE3757-KR-XS,KURTA - JNE3757,KURTA,487.00,194.80,0,10,0.00,0.00,5,Out of Stock (Margin Loss)
6468,SET252-KR-PP-L,SET - SET252,SET,759.00,303.60,0,10,0.00,0.00,43,Out of Stock (Margin Loss)
6469,J0189-TP-S,TOP - J0189,TOP,329.00,131.60,0,10,0.00,0.00,5,Out of Stock (Margin Loss)
6470,J0136-KR-XXXL,KURTA - J0136,KURTA,568.00,227.20,0,10,0.00,0.00,19,Out of Stock (Margin Loss)
6472,JNE3716-KR-XXXL,KURTA - JNE3716,KURTA,432.00,172.80,0,10,0.00,0.00,30,Out of Stock (Margin Loss)
6473,SET273-KR-NP-L,SET - SET273,SET,612.00,244.80,0,10,0.00,0.00,12,Out of Stock (Margin Loss)
6474,JNE3813-KR-XL,KURTA - JNE3813,KURTA,635.00,254.00,0,10,0.00,0.00,10,Out of Stock (Margin Loss)
6475,JNE3860-DR-S,WESTERN DRESS - JNE3860,WESTERN DRESS,614.00,245.60,0,10,0.00,0.00,5,Out of Stock (Margin Loss)
6476,JNE3795-KR-XS,KURTA - JNE3795,KURTA,529.00,211.60,0,10,0.00,0.00,32,Out of Stock (Margin Loss)
6477,J0212-DR-M,ETHNIC DRESS - J0212,ETHNIC DRESS,1044.00,417.60,0,10,0.00,0.00,18,Out of Stock (Margin Loss)
6479,JNE3613-KR-XXXL,KURTA - JNE3613,KURTA,405.00,162.00,0,10,0.00,0.00,51,Out of Stock (Margin Loss)
6480,JNE3564-KR-XL,KURTA - JNE3564,KURTA,487.00,194.80,0,10,0.00,0.00,32,Out of Stock (Margin Loss)
6481,JNE3620-KR-XS,KURTA - JNE3620,KURTA,329.00,131.60,0,10,0.00,0.00,13,Out of Stock (Margin Loss)
6482,BL021-71BLACK,BLOUSE - BL021,BLOUSE,419.00,167.60,0,10,0.00,0.00,36,Out of Stock (Margin Loss)
6483,J0010-LCD-M,SET - J0010,SET,1329.00,531.60,0,10,0.00,0.00,27,Out of Stock (Margin Loss)
6484,SET280-KR-PP-XL,SET - SET280,SET,814.00,325.60,0,10,0.00,0.00,4,Out of Stock (Margin Loss)
6485,SET357-KR-NP-L,SET - SET357,SET,1149.00,459.60,0,10,0.00,0.00,62,Out of Stock (Margin Loss)
4341,JNE3479-KR-S,KURTA - JNE3479,KURTA,301.00,120.40,0,10,0.00,0.00,12,Out of Stock (Margin Loss)
4342,JNE3429-KR-S,KURTA - JNE3429,KURTA,318.00,127.20,0,10,0.00,0.00,17,Out of Stock (Margin Loss)
4343,SET192-KR-NP-L,SET - SET192,SET,749.00,299.60,0,10,0.00,0.00,13,Out of Stock (Margin Loss)
4344,JNE3451-KR-M,KURTA - JNE3451,KURTA,380.00,152.00,0,10,0.00,0.00,4,Out of Stock (Margin Loss)
4345,JNE1233-BLUE-KR-031-M,KURTA - JNE1233,KURTA,382.00,152.80,0,10,0.00,0.00,9,Out of Stock (Margin Loss)
4346,J0418-TP-M,TOP - J0418,TOP,749.00,299.60,0,10,0.00,0.00,4,Out of Stock (Margin Loss)
4347,SET087-KR-PP-M,SET - SET087,SET,925.00,370.00,0,10,0.00,0.00,7,Out of Stock (Margin Loss)
4348,SET385-KR-NP-XL,SET - SET385,SET,699.00,279.60,0,10,0.00,0.00,31,Out of Stock (Margin Loss)
4349,JNE3785-KR-XXXL,KURTA - JNE3785,KURTA,362.00,144.80,0,10,0.00,0.00,33,Out of Stock (Margin Loss)
4350,SET380-KR-NP-S,SET - SET380,SET,1186.00,474.40,0,10,0.00,0.00,30,Out of Stock (Margin Loss)
4351,SET132-KR-NP-XS,SET - SET132,SET,612.00,244.80,0,10,0.00,0.00,4,Out of Stock (Margin Loss)
4352,J0076-SET-S,SET - J0076,SET,468.00,187.20,0,10,0.00,0.00,1,Out of Stock (Margin Loss)
4353,JNE3616-KR-XXXL,KURTA - JNE3616,KURTA,320.00,128.00,0,10,0.00,0.00,21,Out of Stock (Margin Loss)
4354,JNE2131-KR-A-XL,KURTA - JNE2131,KURTA,599.00,239.60,0,10,0.00,0.00,1,Out of Stock (Margin Loss)
4355,SET333-KR-DPT-L,SET - SET333,SET,967.00,386.80,0,10,0.00,0.00,32,Out of Stock (Margin Loss)
4356,JNE3399-KR-XXL,KURTA - JNE3399,KURTA,469.00,187.60,0,10,0.00,0.00,55,Out of Stock (Margin Loss)
4357,JNE3368-KR-L,KURTA - JNE3368,KURTA,471.00,188.40,0,10,0.00,0.00,87,Out of Stock (Margin Loss)
4358,JNE3336-KR-M,KURTA - JNE3336,KURTA,345.00,138.00,0,10,0.00,0.00,2,Out of Stock (Margin Loss)
4359,JNE3439-KR-S,KURTA - JNE3439,KURTA,469.00,187.60,0,10,0.00,0.00,29,Out of Stock (Margin Loss)
4360,JNE3670-TU-XXL,TOP - JNE3670,TOP,399.00,159.60,0,10,0.00,0.00,7,Out of Stock (Margin Loss)
4361,J0233-SKD-XL,SET - J0233,SET,1299.00,519.60,0,10,0.00,0.00,7,Out of Stock (Margin Loss)
4362,SET331-KR-NP-XS,SET - SET331,SET,641.00,256.40,0,10,0.00,0.00,65,Out of Stock (Margin Loss)
4363,SET323-KR-NP-XXL,SET - SET323,SET,999.00,399.60,0,10,0.00,0.00,23,Out of Stock (Margin Loss)
4364,JNE3800-KR-L,WESTERN DRESS - JNE3800,WESTERN DRESS,771.00,308.40,0,10,0.00,0.00,163,Out of Stock (Margin Loss)
4365,SET116-KR-NP-XXL,SET - SET116,SET,591.00,236.40,0,10,0.00,0.00,7,Out of Stock (Margin Loss)
4366,J0194-DR-XXL,WESTERN DRESS - J0194,WESTERN DRESS,698.00,279.20,0,10,0.00,0.00,10,Out of Stock (Margin Loss)
4367,JNE3424-KR-XS,KURTA - JNE3424,KURTA,301.00,120.40,0,10,0.00,0.00,1,Out of Stock (Margin Loss)
4369,JNE3636-KR-M,KURTA - JNE3636,KURTA,459.00,183.60,0,10,0.00,0.00,24,Out of Stock (Margin Loss)
4370,JNE3691-TU-XS,TOP - JNE3691,TOP,690.00,276.00,0,10,0.00,0.00,9,Out of Stock (Margin Loss)
4371,JNE3720-KR-XL,KURTA - JNE3720,KURTA,517.00,206.80,0,10,0.00,0.00,22,Out of Stock (Margin Loss)
4372,JNE3745-KR-L,KURTA - JNE3745,KURTA,316.00,126.40,0,10,0.00,0.00,9,Out of Stock (Margin Loss)
4373,JNE3750-KR-L,KURTA - JNE3750,KURTA,544.00,217.60,0,10,0.00,0.00,22,Out of Stock (Margin Loss)
4374,NW023-ST-SR-XL,SET - NW023,SET,699.00,279.60,0,10,0.00,0.00,1,Out of Stock (Margin Loss)
4375,J0254-SKD-XXL,SET - J0254,SET,750.00,300.00,0,10,0.00,0.00,7,Out of Stock (Margin Loss)
4376,MEN5006-KR-XXL,KURTA - MEN5006,KURTA,665.00,266.00,0,10,0.00,0.00,15,Out of Stock (Margin Loss)
4377,J0096-KR-XS,KURTA - J0096,KURTA,635.00,254.00,0,10,0.00,0.00,12,Out of Stock (Margin Loss)
4378,MEN5003-KR-XXL,KURTA - MEN5003,KURTA,633.00,253.20,0,10,0.00,0.00,24,Out of Stock (Margin Loss)
4379,J0203-TP-XXL,TOP - J0203,TOP,568.00,227.20,0,10,0.00,0.00,6,Out of Stock (Margin Loss)
4382,J0025-DR-M,WESTERN DRESS - J0025,WESTERN DRESS,566.00,226.40,0,10,0.00,0.00,2,Out of Stock (Margin Loss)
4383,JNE2100-KR-144-XL,KURTA - JNE2100,KURTA,382.00,152.80,0,10,0.00,0.00,47,Out of Stock (Margin Loss)
4384,J0381-SKD-L,SET - J0381,SET,1324.00,529.60,0,10,0.00,0.00,13,Out of Stock (Margin Loss)
4385,SET087-KR-PP-S,SET - SET087,SET,925.00,370.00,0,10,0.00,0.00,4,Out of Stock (Margin Loss)
4386,JNE3422-KR-L,KURTA - JNE3422,KURTA,301.00,120.40,0,10,0.00,0.00,16,Out of Stock (Margin Loss)
4387,JNE3225-KR-XXL,KURTA - JNE3225,KURTA,349.00,139.60,0,10,0.00,0.00,6,Out of Stock (Margin Loss)
4388,J0284-SKD-XL,SET - J0284,SET,1237.00,494.80,0,10,0.00,0.00,11,Out of Stock (Margin Loss)
4389,JNE3667-TP-S,TOP - JNE3667,TOP,329.00,131.60,0,10,0.00,0.00,13,Out of Stock (Margin Loss)
4390,J0157-DR-M,WESTERN DRESS - J0157,WESTERN DRESS,908.00,363.20,0,10,0.00,0.00,84,Out of Stock (Margin Loss)
4391,JNE1525-KR-UDF19BLACK-XS,KURTA - JNE1525,KURTA,311.00,124.40,0,10,0.00,0.00,11,Out of Stock (Margin Loss)
4393,SET238-KR-PP-S,SET - SET238,SET,457.00,182.80,0,10,0.00,0.00,11,Out of Stock (Margin Loss)
4394,SET116-KR-NP-XL,SET - SET116,SET,591.00,236.40,0,10,0.00,0.00,4,Out of Stock (Margin Loss)
4395,JNE3690-TU-XXL,TOP - JNE3690,TOP,726.00,290.40,0,10,0.00,0.00,21,Out of Stock (Margin Loss)
4396,J0081-DR-L,WESTERN DRESS - J0081,WESTERN DRESS,658.00,263.20,0,10,0.00,0.00,17,Out of Stock (Margin Loss)
4397,J0297-TP-XL,TOP - J0297,TOP,574.00,229.60,0,10,0.00,0.00,20,Out of Stock (Margin Loss)
4398,AN208-MUSTARD-XL,BOTTOM - AN208,BOTTOM,301.00,120.40,0,10,0.00,0.00,2,Out of Stock (Margin Loss)
4399,JNE3886-KR-XL,KURTA - JNE3886,KURTA,526.00,210.40,0,10,0.00,0.00,1,Out of Stock (Margin Loss)
4400,J0198-TP-S,TOP - J0198,TOP,817.00,326.80,0,10,0.00,0.00,16,Out of Stock (Margin Loss)
4401,MEN5008-KR-M,KURTA - MEN5008,KURTA,709.00,283.60,0,10,0.00,0.00,39,Out of Stock (Margin Loss)
4402,JNE3786-KR-XXL,KURTA - JNE3786,KURTA,368.00,147.20,0,10,0.00,0.00,14,Out of Stock (Margin Loss)
4403,JNE3273-KR-XL,KURTA - JNE3273,KURTA,499.00,199.60,0,10,0.00,0.00,27,Out of Stock (Margin Loss)
4404,JNE3719-KR-S,KURTA - JNE3719,KURTA,399.00,159.60,0,10,0.00,0.00,3,Out of Stock (Margin Loss)
4405,J0419-TP-S,TOP - J0419,TOP,791.00,316.40,0,10,0.00,0.00,5,Out of Stock (Margin Loss)
4406,SAR032,SAREE - SAR032,SAREE,772.00,308.80,0,10,0.00,0.00,1,Out of Stock (Margin Loss)
4407,MEN5002-KR-L,KURTA - MEN5002,KURTA,709.00,283.60,0,10,0.00,0.00,68,Out of Stock (Margin Loss)
4408,SET286-KR-NP-XL,SET - SET286,SET,666.00,266.40,0,10,0.00,0.00,65,Out of Stock (Margin Loss)
4409,SET184-KR-PP-XL,SET - SET184,SET,599.00,239.60,0,10,0.00,0.00,67,Out of Stock (Margin Loss)
4410,SET400-KR-NP-XS,SET - SET400,SET,1254.00,501.60,0,10,0.00,0.00,5,Out of Stock (Margin Loss)
4411,NW022-TP-PJ-XXL,SET - NW022,SET,590.00,236.00,0,10,0.00,0.00,9,Out of Stock (Margin Loss)
4412,J0157-DR-L,WESTERN DRESS - J0157,WESTERN DRESS,956.00,382.40,0,10,0.00,0.00,87,Out of Stock (Margin Loss)
4413,JNE3903-KR-L,KURTA - JNE3903,KURTA,432.00,172.80,0,10,0.00,0.00,3,Out of Stock (Margin Loss)
4414,SET375-KR-NP-M,SET - SET375,SET,696.00,278.40,0,10,0.00,0.00,28,Out of Stock (Margin Loss)
4415,NW014-ST-SR-XL,SET - NW014,SET,560.00,224.00,0,10,0.00,0.00,14,Out of Stock (Margin Loss)
4416,SET272-KR-PP-L,SET - SET272,SET,852.00,340.80,0,10,0.00,0.00,12,Out of Stock (Margin Loss)
4417,JNE2100-KR-144-XXXL,KURTA - JNE2100,KURTA,382.00,152.80,0,10,0.00,0.00,33,Out of Stock (Margin Loss)
4418,JNE3792-KR-XS,KURTA - JNE3792,KURTA,432.00,172.80,0,10,0.00,0.00,2,Out of Stock (Margin Loss)
4419,JNE3545-KR-S,KURTA - JNE3545,KURTA,338.00,135.20,0,10,0.00,0.00,8,Out of Stock (Margin Loss)
4420,J0372-SKD-S,SET - J0372,SET,1099.00,439.60,0,10,0.00,0.00,6,Out of Stock (Margin Loss)
4422,JNE3673-TU-M,TOP - JNE3673,TOP,599.00,239.60,0,10,0.00,0.00,20,Out of Stock (Margin Loss)
4423,JNE3771-KR-XL,KURTA - JNE3771,KURTA,346.00,138.40,0,10,0.00,0.00,8,Out of Stock (Margin Loss)
4424,J0108-SKD-XXXL,SET - J0108,SET,1152.00,460.80,0,10,0.00,0.00,13,Out of Stock (Margin Loss)
4425,SET388-KR-NP-M,SET - SET388,SET,1499.00,599.60,0,10,0.00,0.00,10,Out of Stock (Margin Loss)
4426,JNE3767-KR-XS,KURTA - JNE3767,KURTA,487.00,194.80,0,10,0.00,0.00,9,Out of Stock (Margin Loss)
4427,JNE3270-KR-XL,KURTA - JNE3270,KURTA,376.00,150.40,0,10,0.00,0.00,7,Out of Stock (Margin Loss)
4428,JNE3864-TU-XXXL,TOP - JNE3864,TOP,836.00,334.40,0,10,0.00,0.00,12,Out of Stock (Margin Loss)
4429,JNE3833-KR-XXXL,KURTA - JNE3833,KURTA,549.00,219.60,0,10,0.00,0.00,11,Out of Stock (Margin Loss)
4430,SET358-KR-NP-M,SET - SET358,SET,1477.00,590.80,0,10,0.00,0.00,23,Out of Stock (Margin Loss)
4431,SET044-KR-NP-XS,SET - SET044,SET,612.00,244.80,0,10,0.00,0.00,14,Out of Stock (Margin Loss)
4432,JNE3642-TP-S,TOP - JNE3642,TOP,329.00,131.60,0,10,0.00,0.00,13,Out of Stock (Margin Loss)
4433,JNE3553-KR-XL,KURTA - JNE3553,KURTA,517.00,206.80,0,10,0.00,0.00,26,Out of Stock (Margin Loss)
4434,JNE3622-KR-L,KURTA - JNE3622,KURTA,368.00,147.20,0,10,0.00,0.00,33,Out of Stock (Margin Loss)
4435,J0016-DR-XS,WESTERN DRESS - J0016,WESTERN DRESS,426.00,170.40,0,10,0.00,0.00,4,Out of Stock (Margin Loss)
4436,JNE3893-TP-XXL,TOP - JNE3893,TOP,621.00,248.40,0,10,0.00,0.00,3,Out of Stock (Margin Loss)
4437,JNE3637-KR-XS,KURTA - JNE3637,KURTA,499.00,199.60,0,10,0.00,0.00,2,Out of Stock (Margin Loss)
4438,JNE3741-KR-XXXL,KURTA - JNE3741,KURTA,459.00,183.60,0,10,0.00,0.00,24,Out of Stock (Margin Loss)
4439,JNE3691-TU-XL,TOP - JNE3691,TOP,925.00,370.00,0,10,0.00,0.00,43,Out of Stock (Margin Loss)
4440,J0007-SKD-L,SET - J0007,SET,1133.00,453.20,0,10,0.00,0.00,19,Out of Stock (Margin Loss)
4441,NW029-ST-SR-XS,SET - NW029,SET,474.00,189.60,0,10,0.00,0.00,12,Out of Stock (Margin Loss)
4442,JNE3621-KR-XXL,KURTA - JNE3621,KURTA,455.00,182.00,0,10,0.00,0.00,12,Out of Stock (Margin Loss)
4444,SET187-KR-DH-XXXL,SET - SET187,SET,699.00,279.60,0,10,0.00,0.00,12,Out of Stock (Margin Loss)
4445,JNE3700-KR-XS,KURTA - JNE3700,KURTA,299.00,119.60,0,10,0.00,0.00,1,Out of Stock (Margin Loss)
4446,JNE3729-KR-XXL,KURTA - JNE3729,KURTA,333.00,133.20,0,10,0.00,0.00,14,Out of Stock (Margin Loss)
4447,SET156-KR-NP-S,SET - SET156,SET,716.00,286.40,0,10,0.00,0.00,17,Out of Stock (Margin Loss)
4448,SET462-KR-NP-S,SET - SET462,SET,999.00,399.60,0,10,0.00,0.00,1,Out of Stock (Margin Loss)
4449,JNE3618-KR-XS,KURTA - JNE3618,KURTA,399.00,159.60,0,10,0.00,0.00,23,Out of Stock (Margin Loss)
4450,SET258-KR-PP-L,SET - SET258,SET,881.00,352.40,0,10,0.00,0.00,12,Out of Stock (Margin Loss)
4451,MEN5014-KR-M,KURTA - MEN5014,KURTA,665.00,266.00,0,10,0.00,0.00,23,Out of Stock (Margin Loss)
4453,MEN5029-KR-L,KURTA - MEN5029,KURTA,625.00,250.00,0,10,0.00,0.00,30,Out of Stock (Margin Loss)
4454,JNE3515-KR-S,KURTA - JNE3515,KURTA,469.00,187.60,0,10,0.00,0.00,7,Out of Stock (Margin Loss)
4455,JNE3703-KR-XL,KURTA - JNE3703,KURTA,316.00,126.40,0,10,0.00,0.00,54,Out of Stock (Margin Loss)
4457,AN208-MUSTARD-S,BOTTOM - AN208,BOTTOM,229.00,91.60,0,10,0.00,0.00,1,Out of Stock (Margin Loss)
4458,MEN5018-KR-XXXL,KURTA - MEN5018,KURTA,655.00,262.00,0,10,0.00,0.00,11,Out of Stock (Margin Loss)
4459,MEN5032-KR-XL,KURTA - MEN5032,KURTA,811.00,324.40,0,10,0.00,0.00,48,Out of Stock (Margin Loss)
4460,JNE3721-KR-S,KURTA - JNE3721,KURTA,329.00,131.60,0,10,0.00,0.00,67,Out of Stock (Margin Loss)
4461,JNE3801-KR-XS,KURTA - JNE3801,KURTA,771.00,308.40,0,10,0.00,0.00,32,Out of Stock (Margin Loss)
4462,JNE3910-KR-XXXL,KURTA - JNE3910,KURTA,692.00,276.80,0,10,0.00,0.00,2,Out of Stock (Margin Loss)
4463,JNE3687-TU-M,TOP - JNE3687,TOP,545.00,218.00,0,10,0.00,0.00,16,Out of Stock (Margin Loss)
4465,JNE3724-KR-XL,KURTA - JNE3724,KURTA,499.00,199.60,0,10,0.00,0.00,20,Out of Stock (Margin Loss)
4466,JNE3620-KR-S,KURTA - JNE3620,KURTA,339.00,135.60,0,10,0.00,0.00,24,Out of Stock (Margin Loss)
4467,NW020-ST-SR-XXL,SET - NW020,SET,654.00,261.60,0,10,0.00,0.00,18,Out of Stock (Margin Loss)
4468,JNE3553-KR-L,KURTA - JNE3553,KURTA,517.00,206.80,0,10,0.00,0.00,14,Out of Stock (Margin Loss)
4469,JNE3834-KR-XXXL,KURTA - JNE3834,KURTA,666.00,266.40,0,10,0.00,0.00,7,Out of Stock (Margin Loss)
4470,SET258-KR-PP-XS,SET - SET258,SET,881.00,352.40,0,10,0.00,0.00,12,Out of Stock (Margin Loss)
4471,J0165-TP-XL,TOP - J0165,TOP,371.00,148.40,0,10,0.00,0.00,8,Out of Stock (Margin Loss)
4472,JNE3491-KR-XS,KURTA - JNE3491,KURTA,349.00,139.60,0,10,0.00,0.00,4,Out of Stock (Margin Loss)
4473,J0022-KR-XS,KURTA - J0022,KURTA,527.00,210.80,0,10,0.00,0.00,4,Out of Stock (Margin Loss)
4474,JNE3601-KR-M,KURTA - JNE3601,KURTA,329.00,131.60,0,10,0.00,0.00,19,Out of Stock (Margin Loss)
4475,J0120-TP-M,TOP - J0120,TOP,365.00,146.00,0,10,0.00,0.00,17,Out of Stock (Margin Loss)
4476,JNE3758-KR-XL,KURTA - JNE3758,KURTA,376.00,150.40,0,10,0.00,0.00,19,Out of Stock (Margin Loss)
4478,JNE3415-KR-S,KURTA - JNE3415,KURTA,301.00,120.40,0,10,0.00,0.00,5,Out of Stock (Margin Loss)
4479,SET295-KR-NP-L,SET - SET295,SET,799.00,319.60,0,10,0.00,0.00,21,Out of Stock (Margin Loss)
4480,NW039-TP-SR-XS,SET - NW039,SET,499.00,199.60,0,10,0.00,0.00,6,Out of Stock (Margin Loss)
4482,JNE3734-KR-S,KURTA - JNE3734,KURTA,517.00,206.80,0,10,0.00,0.00,5,Out of Stock (Margin Loss)
4483,SET431-KR-NP-S,SET - SET431,SET,845.00,338.00,0,10,0.00,0.00,2,Out of Stock (Margin Loss)
4484,JNE3389-KR-XS,KURTA - JNE3389,KURTA,452.00,180.80,0,10,0.00,0.00,1,Out of Stock (Margin Loss)
4485,JNE3311-KR-S,KURTA - JNE3311,KURTA,599.00,239.60,0,10,0.00,0.00,11,Out of Stock (Margin Loss)
4486,SET287-KR-NP-S,SET - SET287,SET,666.00,266.40,0,10,0.00,0.00,23,Out of Stock (Margin Loss)
4487,JNE3672-TU-M,TOP - JNE3672,TOP,574.00,229.60,0,10,0.00,0.00,24,Out of Stock (Margin Loss)
4488,J0172-TP-M,TOP - J0172,TOP,518.00,207.20,0,10,0.00,0.00,19,Out of Stock (Margin Loss)
4489,JNE3323-KR-L,KURTA - JNE3323,KURTA,264.00,105.60,0,10,0.00,0.00,1,Out of Stock (Margin Loss)
4490,JNE3679-TU-M,TOP - JNE3679,TOP,399.00,159.60,0,10,0.00,0.00,9,Out of Stock (Margin Loss)
4491,J0392-TP-L,TOP - J0392,TOP,625.00,250.00,0,10,0.00,0.00,3,Out of Stock (Margin Loss)
4492,J0004-SKD-XXXL,SET - J0004,SET,1186.00,474.40,0,10,0.00,0.00,35,Out of Stock (Margin Loss)
4493,SET165-KR-PP-S,SET - SET165,SET,567.00,226.80,0,10,0.00,0.00,2,Out of Stock (Margin Loss)
4494,SET277-KR-NP-XL,SET - SET277,SET,1354.00,541.60,0,10,0.00,0.00,17,Out of Stock (Margin Loss)
4495,JNE3782-KR-M,KURTA - JNE3782,KURTA,544.00,217.60,0,10,0.00,0.00,4,Out of Stock (Margin Loss)
4496,JNE3796-KR-XXL,KURTA - JNE3796,KURTA,345.00,138.00,0,10,0.00,0.00,3,Out of Stock (Margin Loss)
4497,JNE3881-DR-S,WESTERN DRESS - JNE3881,WESTERN DRESS,825.00,330.00,0,10,0.00,0.00,4,Out of Stock (Margin Loss)
4501,JNE3774-KR-S,KURTA - JNE3774,KURTA,474.00,189.60,0,10,0.00,0.00,6,Out of Stock (Margin Loss)
4502,JNE3607-KR-XL,KURTA - JNE3607,KURTA,477.00,190.80,0,10,0.00,0.00,22,Out of Stock (Margin Loss)
4503,JNE3763-KR-XXXL,KURTA - JNE3763,KURTA,459.00,183.60,0,10,0.00,0.00,13,Out of Stock (Margin Loss)
4504,J0089-TP-XXXL,TOP - J0089,TOP,360.00,144.00,0,10,0.00,0.00,6,Out of Stock (Margin Loss)
4505,JNE3789-KR-XXL,KURTA - JNE3789,KURTA,383.00,153.20,0,10,0.00,0.00,2,Out of Stock (Margin Loss)
4506,J0342-TP-M,TOP - J0342,TOP,879.00,351.60,0,10,0.00,0.00,35,Out of Stock (Margin Loss)
4507,JNE3655-TP-M,TOP - JNE3655,TOP,329.00,131.60,0,10,0.00,0.00,9,Out of Stock (Margin Loss)
4508,SET313-KR-NP-XL,SET - SET313,SET,1099.00,439.60,0,10,0.00,0.00,3,Out of Stock (Margin Loss)
4509,JNE3579-KR-XXL,KURTA - JNE3579,KURTA,295.00,118.00,0,10,0.00,0.00,1,Out of Stock (Margin Loss)
4511,SET325-KR-NP-XXL,SET - SET325,SET,666.00,266.40,0,10,0.00,0.00,10,Out of Stock (Margin Loss)
4512,JNE3608-KR-XXXL,KURTA - JNE3608,KURTA,358.00,143.20,0,10,0.00,0.00,1,Out of Stock (Margin Loss)
4513,SET438-KR-NP-XXL,SET - SET438,SET,1238.00,495.20,0,10,0.00,0.00,1,Out of Stock (Margin Loss)
4514,J0419-TP-XXL,TOP - J0419,TOP,1099.00,439.60,0,10,0.00,0.00,2,Out of Stock (Margin Loss)
4516,JNE3714-KR-XXL,KURTA - JNE3714,KURTA,487.00,194.80,0,10,0.00,0.00,15,Out of Stock (Margin Loss)
4517,J0323-CD-L,TOP - J0323,TOP,534.00,213.60,0,10,0.00,0.00,2,Out of Stock (Margin Loss)
4518,JNE3787-KR-XXL,KURTA - JNE3787,KURTA,487.00,194.80,0,10,0.00,0.00,47,Out of Stock (Margin Loss)
4519,JNE3635-KR-M,KURTA - JNE3635,KURTA,345.00,138.00,0,10,0.00,0.00,12,Out of Stock (Margin Loss)
4520,NW032-ST-CP-XXXL,SET - NW032,SET,496.00,198.40,0,10,0.00,0.00,4,Out of Stock (Margin Loss)
4522,JNE3671-TU-XL,TOP - JNE3671,TOP,625.00,250.00,0,10,0.00,0.00,10,Out of Stock (Margin Loss)
4524,JNE3751-KR-XXXL,KURTA - JNE3751,KURTA,385.00,154.00,0,10,0.00,0.00,31,Out of Stock (Margin Loss)
4525,JNE3470-KR-XXL,KURTA - JNE3470,KURTA,329.00,131.60,0,10,0.00,0.00,13,Out of Stock (Margin Loss)
4526,JNE3443-KR-XXL,KURTA - JNE3443,KURTA,517.00,206.80,0,10,0.00,0.00,5,Out of Stock (Margin Loss)
4528,JNE3716-KR-XXL,KURTA - JNE3716,KURTA,432.00,172.80,0,10,0.00,0.00,48,Out of Stock (Margin Loss)
4529,SET383-KR-NP-XXXL,SET - SET383,SET,699.00,279.60,0,10,0.00,0.00,26,Out of Stock (Margin Loss)
4530,J0149-KR-S,KURTA - J0149,KURTA,318.00,127.20,0,10,0.00,0.00,2,Out of Stock (Margin Loss)
4531,JNE3443-KR-L,KURTA - JNE3443,KURTA,517.00,206.80,0,10,0.00,0.00,12,Out of Stock (Margin Loss)
4532,J0378-SKD-XXXL,SET - J0378,SET,1146.00,458.40,0,10,0.00,0.00,3,Out of Stock (Margin Loss)
4533,SET372-KR-PP-XS,SET - SET372,SET,667.00,266.80,0,10,0.00,0.00,1,Out of Stock (Margin Loss)
4534,JNE3434-KR-XL,KURTA - JNE3434,KURTA,337.00,134.80,0,10,0.00,0.00,13,Out of Stock (Margin Loss)
4535,J0246-SKD-L,SET - J0246,SET,1152.00,460.80,0,10,0.00,0.00,11,Out of Stock (Margin Loss)
4536,JNE3560-KR-L,KURTA - JNE3560,KURTA,544.00,217.60,0,10,0.00,0.00,91,Out of Stock (Margin Loss)
4537,J0111-TP-S,TOP - J0111,TOP,423.00,169.20,0,10,0.00,0.00,6,Out of Stock (Margin Loss)
4538,BL020-71RED,BLOUSE - BL020,BLOUSE,0.00,0.00,0,10,0.00,0.00,10,Out of Stock (Margin Loss)
4539,NW008-ST-CP-XL,SET - NW008,SET,582.00,232.80,0,10,0.00,0.00,6,Out of Stock (Margin Loss)
4540,JNE3526-KR-XS,KURTA - JNE3526,KURTA,301.00,120.40,0,10,0.00,0.00,4,Out of Stock (Margin Loss)
4541,SET461-KR-NP-XXL,SET - SET461,SET,769.00,307.60,0,10,0.00,0.00,1,Out of Stock (Margin Loss)
7622,JNE3370-KR-L,KURTA - JNE3370,KURTA,305.00,122.00,0,10,0.00,0.00,2,Out of Stock (Margin Loss)
7623,SET397-KR-NP-S,SET - SET397,SET,1186.00,474.40,0,10,0.00,0.00,110,Out of Stock (Margin Loss)
7624,MEN5015-KR-XL,KURTA - MEN5015,KURTA,665.00,266.00,0,10,0.00,0.00,41,Out of Stock (Margin Loss)
7625,SET243-KR-PP-XL,SET - SET243,SET,534.00,213.60,0,10,0.00,0.00,14,Out of Stock (Margin Loss)
7626,SET320-KR-NP-L,SET - SET320,SET,856.00,342.40,0,10,0.00,0.00,12,Out of Stock (Margin Loss)
7627,JNE3441-KR-L,KURTA - JNE3441,KURTA,487.00,194.80,0,10,0.00,0.00,5,Out of Stock (Margin Loss)
7628,J0010-LCD-XL,SET - J0010,SET,1329.00,531.60,0,10,0.00,0.00,8,Out of Stock (Margin Loss)
7629,JNE3690-TU-S,TOP - JNE3690,TOP,545.00,218.00,0,10,0.00,0.00,30,Out of Stock (Margin Loss)
7630,J0119-TP-M,TOP - J0119,TOP,798.00,319.20,0,10,0.00,0.00,108,Out of Stock (Margin Loss)
7631,JNE3556-KR-XXL,KURTA - JNE3556,KURTA,517.00,206.80,0,10,0.00,0.00,24,Out of Stock (Margin Loss)
7633,SET413-KR-NP-XL,SET - SET413,SET,852.00,340.80,0,10,0.00,0.00,15,Out of Stock (Margin Loss)
7634,SET261-KR-PP-S,SET - SET261,SET,453.00,181.20,0,10,0.00,0.00,20,Out of Stock (Margin Loss)
7635,SET339-KR-NP-L,SET - SET339,SET,736.00,294.40,0,10,0.00,0.00,42,Out of Stock (Margin Loss)
7637,J0112-TP-M,TOP - J0112,TOP,359.00,143.60,0,10,0.00,0.00,9,Out of Stock (Margin Loss)
7638,JNE3579-KR-L,KURTA - JNE3579,KURTA,295.00,118.00,0,10,0.00,0.00,4,Out of Stock (Margin Loss)
7639,J0097-KR-XS,KURTA - J0097,KURTA,568.00,227.20,0,10,0.00,0.00,29,Out of Stock (Margin Loss)
7640,NW004-TP-PJ-XXL,SET - NW004,SET,499.00,199.60,0,10,0.00,0.00,12,Out of Stock (Margin Loss)
7641,JNE3435-KR-M,KURTA - JNE3435,KURTA,487.00,194.80,0,10,0.00,0.00,25,Out of Stock (Margin Loss)
7642,JNE3454-KR-S,KURTA - JNE3454,KURTA,419.00,167.60,0,10,0.00,0.00,4,Out of Stock (Margin Loss)
7643,JNE3441-KR-S,KURTA - JNE3441,KURTA,487.00,194.80,0,10,0.00,0.00,9,Out of Stock (Margin Loss)
7644,J0331-KR-XXL,KURTA - J0331,KURTA,832.00,332.80,0,10,0.00,0.00,6,Out of Stock (Margin Loss)
7645,NW038-ST-SR-L,SET - NW038,SET,517.00,206.80,0,10,0.00,0.00,4,Out of Stock (Margin Loss)
7646,J0109-SKD-L,SET - J0109,SET,1228.00,491.20,0,10,0.00,0.00,18,Out of Stock (Margin Loss)
7647,J0187-KR-XS,KURTA - J0187,KURTA,587.00,234.80,0,10,0.00,0.00,6,Out of Stock (Margin Loss)
7648,JNE3225-KR-XS,KURTA - JNE3225,KURTA,375.00,150.00,0,10,0.00,0.00,7,Out of Stock (Margin Loss)
7649,BTM031-NP-XS,BOTTOM - BTM031,BOTTOM,518.00,207.20,0,10,0.00,0.00,3,Out of Stock (Margin Loss)
7650,BL056-185GOLD,BLOUSE - BL056,BLOUSE,383.00,153.20,0,10,0.00,0.00,1,Out of Stock (Margin Loss)
7651,PJNE3607-KR-4XL,KURTA - PJNE3607,KURTA,869.00,347.60,0,10,0.00,0.00,7,Out of Stock (Margin Loss)
7652,J0133-KR-XXXL,KURTA - J0133,KURTA,377.00,150.80,0,10,0.00,0.00,1,Out of Stock (Margin Loss)
7653,J0188-KR-XXXL,KURTA - J0188,KURTA,381.00,152.40,0,10,0.00,0.00,3,Out of Stock (Margin Loss)
7654,J0431-DR-M,WESTERN DRESS - J0431,WESTERN DRESS,899.00,359.60,0,10,0.00,0.00,4,Out of Stock (Margin Loss)
7655,JNE3703-KR-XXXL,KURTA - JNE3703,KURTA,329.00,131.60,0,10,0.00,0.00,9,Out of Stock (Margin Loss)
7656,JNE3907-KR-S,KURTA - JNE3907,KURTA,819.00,327.60,0,10,0.00,0.00,1,Out of Stock (Margin Loss)
7657,J0338-DR-L,WESTERN DRESS - J0338,WESTERN DRESS,1187.00,474.80,0,10,0.00,0.00,55,Out of Stock (Margin Loss)
7658,JNE3894-TP-M,TOP - JNE3894,TOP,751.00,300.40,0,10,0.00,0.00,3,Out of Stock (Margin Loss)
7659,J0337-TP-S,TOP - J0337,TOP,545.00,218.00,0,10,0.00,0.00,15,Out of Stock (Margin Loss)
7660,JNE3796-KR-XL,KURTA - JNE3796,KURTA,345.00,138.00,0,10,0.00,0.00,3,Out of Stock (Margin Loss)
7661,SET196-KR-NP-L,SET - SET196,SET,799.00,319.60,0,10,0.00,0.00,21,Out of Stock (Margin Loss)
7662,JNE3788-KR-M,KURTA - JNE3788,KURTA,487.00,194.80,0,10,0.00,0.00,12,Out of Stock (Margin Loss)
7663,JNE3756-KR-XXL,KURTA - JNE3756,KURTA,487.00,194.80,0,10,0.00,0.00,19,Out of Stock (Margin Loss)
7664,J0095-SET-S,SET - J0095,SET,653.00,261.20,0,10,0.00,0.00,26,Out of Stock (Margin Loss)
7665,SET352-KR-NP-S,SET - SET352,SET,486.00,194.40,0,10,0.00,0.00,4,Out of Stock (Margin Loss)
7666,J0201-TP-L,TOP - J0201,TOP,625.00,250.00,0,10,0.00,0.00,29,Out of Stock (Margin Loss)
7667,JNE3288-KR-XXL,KURTA - JNE3288,KURTA,442.00,176.80,0,10,0.00,0.00,17,Out of Stock (Margin Loss)
7668,J0132-KR-XL,KURTA - J0132,KURTA,362.00,144.80,0,10,0.00,0.00,26,Out of Stock (Margin Loss)
7669,JNE3376-KR-XXL,KURTA - JNE3376,KURTA,432.00,172.80,0,10,0.00,0.00,21,Out of Stock (Margin Loss)
7670,BL086-XXL,BLOUSE - BL086,BLOUSE,284.00,113.60,0,10,0.00,0.00,2,Out of Stock (Margin Loss)
7672,JNE3515-KR-XXL,KURTA - JNE3515,KURTA,469.00,187.60,0,10,0.00,0.00,26,Out of Stock (Margin Loss)
7673,J0292-TP-XS,TOP - J0292,TOP,377.00,150.80,0,10,0.00,0.00,14,Out of Stock (Margin Loss)
7675,JNE3714-KR-M,KURTA - JNE3714,KURTA,487.00,194.80,0,10,0.00,0.00,25,Out of Stock (Margin Loss)
7676,SET037-KR-NP-XXXL,SET - SET037,SET,612.00,244.80,0,10,0.00,0.00,15,Out of Stock (Margin Loss)
7677,JNE3608-KR-XL,KURTA - JNE3608,KURTA,362.00,144.80,0,10,0.00,0.00,7,Out of Stock (Margin Loss)
7678,JNE3661-TP-XXL,TOP - JNE3661,TOP,301.00,120.40,0,10,0.00,0.00,8,Out of Stock (Margin Loss)
7679,JNE3252-KR-XXL,KURTA - JNE3252,KURTA,479.00,191.60,0,10,0.00,0.00,20,Out of Stock (Margin Loss)
7680,JNE3553-KR-XXL,KURTA - JNE3553,KURTA,517.00,206.80,0,10,0.00,0.00,11,Out of Stock (Margin Loss)
7681,J0136-KR-M,KURTA - J0136,KURTA,568.00,227.20,0,10,0.00,0.00,11,Out of Stock (Margin Loss)
7682,JNE3719-KR-XL,KURTA - JNE3719,KURTA,399.00,159.60,0,10,0.00,0.00,3,Out of Stock (Margin Loss)
7683,MEN5019-KR-XXXL,KURTA - MEN5019,KURTA,655.00,262.00,0,10,0.00,0.00,18,Out of Stock (Margin Loss)
7684,JNE3697-KR-S,KURTA - JNE3697,KURTA,517.00,206.80,0,10,0.00,0.00,49,Out of Stock (Margin Loss)
7685,JNE3459-KR-L,KURTA - JNE3459,KURTA,442.00,176.80,0,10,0.00,0.00,16,Out of Stock (Margin Loss)
7686,JNE3789-KR-XXXL,KURTA - JNE3789,KURTA,549.00,219.60,0,10,0.00,0.00,12,Out of Stock (Margin Loss)
7687,JNE3431-KR-S,KURTA - JNE3431,KURTA,349.00,139.60,0,10,0.00,0.00,7,Out of Stock (Margin Loss)
7688,BL107-XL,BLOUSE - BL107,BLOUSE,319.00,127.60,0,10,0.00,0.00,5,Out of Stock (Margin Loss)
7689,SAR061,SAREE - SAR061,SAREE,899.00,359.60,0,10,0.00,0.00,3,Out of Stock (Margin Loss)
7690,JNE3762-KR-XS,KURTA - JNE3762,KURTA,318.00,127.20,0,10,0.00,0.00,1,Out of Stock (Margin Loss)
7691,JNE3391-KR-XXL,KURTA - JNE3391,KURTA,432.00,172.80,0,10,0.00,0.00,8,Out of Stock (Margin Loss)
7692,SET280-KR-PP-S,SET - SET280,SET,814.00,325.60,0,10,0.00,0.00,44,Out of Stock (Margin Loss)
7693,J0158-DR-XL,WESTERN DRESS - J0158,WESTERN DRESS,1091.00,436.40,0,10,0.00,0.00,20,Out of Stock (Margin Loss)
7694,SET275-KR-NP-XXXL,SET - SET275,SET,659.00,263.60,0,10,0.00,0.00,20,Out of Stock (Margin Loss)
7695,SET004-KR-SP-S,SET - SET004,SET,682.00,272.80,0,10,0.00,0.00,1,Out of Stock (Margin Loss)
7696,MEN5023-KR-XXL,KURTA - MEN5023,KURTA,777.00,310.80,0,10,0.00,0.00,31,Out of Stock (Margin Loss)
7697,NW035-ST-CP-XXL,SET - NW035,SET,599.00,239.60,0,10,0.00,0.00,3,Out of Stock (Margin Loss)
7698,SET340-KR-NP-XL,SET - SET340,SET,799.00,319.60,0,10,0.00,0.00,11,Out of Stock (Margin Loss)
7699,J0395-DR-XL,WESTERN DRESS - J0395,WESTERN DRESS,1196.00,478.40,0,10,0.00,0.00,8,Out of Stock (Margin Loss)
7700,MEN5030-KR-M,KURTA - MEN5030,KURTA,590.00,236.00,0,10,0.00,0.00,8,Out of Stock (Margin Loss)
7701,SET304-KR-DPT-XXL,SET - SET304,SET,1201.00,480.40,0,10,0.00,0.00,43,Out of Stock (Margin Loss)
7702,BTM036-PP-XXXL,BOTTOM - BTM036,BOTTOM,360.00,144.00,0,10,0.00,0.00,7,Out of Stock (Margin Loss)
7703,J0402-DR-XXL,WESTERN DRESS - J0402,WESTERN DRESS,899.00,359.60,0,10,0.00,0.00,12,Out of Stock (Margin Loss)
7705,SET340-KR-NP-XXL,SET - SET340,SET,799.00,319.60,0,10,0.00,0.00,14,Out of Stock (Margin Loss)
7706,J0042-DR-S,WESTERN DRESS - J0042,WESTERN DRESS,657.00,262.80,0,10,0.00,0.00,2,Out of Stock (Margin Loss)
7707,SET442-KR-NP-M,SET - SET442,SET,771.00,308.40,0,10,0.00,0.00,1,Out of Stock (Margin Loss)
7708,JNE3781-KR-XS,KURTA - JNE3781,KURTA,432.00,172.80,0,10,0.00,0.00,15,Out of Stock (Margin Loss)
7709,JNE3391-KR-XXXL,KURTA - JNE3391,KURTA,448.00,179.20,0,10,0.00,0.00,12,Out of Stock (Margin Loss)
7710,SET266-KR-NP-XXXL,SET - SET266,SET,852.00,340.80,0,10,0.00,0.00,15,Out of Stock (Margin Loss)
7711,JNE3545-KR-M,KURTA - JNE3545,KURTA,315.00,126.00,0,10,0.00,0.00,2,Out of Stock (Margin Loss)
7712,JNE2101-KR-210-L,KURTA - JNE2101,KURTA,277.00,110.80,0,10,0.00,0.00,11,Out of Stock (Margin Loss)
7713,SET388-KR-NP-XXXL,SET - SET388,SET,1499.00,599.60,0,10,0.00,0.00,45,Out of Stock (Margin Loss)
7714,J0220-BL-XL,BLOUSE - J0220,BLOUSE,869.00,347.60,0,10,0.00,0.00,14,Out of Stock (Margin Loss)
7715,JNE3413-KR-XL,KURTA - JNE3413,KURTA,526.00,210.40,0,10,0.00,0.00,2,Out of Stock (Margin Loss)
7716,JNE3432-KR-L,KURTA - JNE3432,KURTA,432.00,172.80,0,10,0.00,0.00,9,Out of Stock (Margin Loss)
7717,JNE3391-KR-XL,KURTA - JNE3391,KURTA,432.00,172.80,0,10,0.00,0.00,6,Out of Stock (Margin Loss)
7718,JNE3578-KR-XL,KURTA - JNE3578,KURTA,612.00,244.80,0,10,0.00,0.00,12,Out of Stock (Margin Loss)
7720,J0155-KR-S,KURTA - J0155,KURTA,627.00,250.80,0,10,0.00,0.00,1,Out of Stock (Margin Loss)
7721,J0293-DR-XXL,WESTERN DRESS - J0293,WESTERN DRESS,450.00,180.00,0,10,0.00,0.00,1,Out of Stock (Margin Loss)
7722,SET263-KR-NP-S,SET - SET263,SET,614.00,245.60,0,10,0.00,0.00,14,Out of Stock (Margin Loss)
7723,J0002-SKD-XL,SET - J0002,SET,1199.00,479.60,0,10,0.00,0.00,56,Out of Stock (Margin Loss)
7724,J0301-TP-XL,TOP - J0301,TOP,693.00,277.20,0,10,0.00,0.00,124,Out of Stock (Margin Loss)
7725,JNE3716-KR-M,KURTA - JNE3716,KURTA,432.00,172.80,0,10,0.00,0.00,38,Out of Stock (Margin Loss)
7726,SET209-KR-PP-L,SET - SET209,SET,569.00,227.60,0,10,0.00,0.00,35,Out of Stock (Margin Loss)
7727,J0176-TP-XL,TOP - J0176,TOP,387.00,154.80,0,10,0.00,0.00,22,Out of Stock (Margin Loss)
7728,BTM042-PP-XS,BOTTOM - BTM042,BOTTOM,329.00,131.60,0,10,0.00,0.00,4,Out of Stock (Margin Loss)
7730,J0182-SET-S,SET - J0182,SET,699.00,279.60,0,10,0.00,0.00,1,Out of Stock (Margin Loss)
7732,JNE3453-KR-XL,KURTA - JNE3453,KURTA,497.00,198.80,0,10,0.00,0.00,2,Out of Stock (Margin Loss)
7733,JNE3798-KR-M,WESTERN DRESS - JNE3798,WESTERN DRESS,771.00,308.40,0,10,0.00,0.00,113,Out of Stock (Margin Loss)
7734,J0280-SKD-M,SET - J0280,SET,1576.00,630.40,0,10,0.00,0.00,31,Out of Stock (Margin Loss)
7735,JNE3373-KR-S,KURTA - JNE3373,KURTA,382.00,152.80,0,10,0.00,0.00,88,Out of Stock (Margin Loss)
7736,JNE1975-KR-309-XS,KURTA - JNE1975,KURTA,229.00,91.60,0,10,0.00,0.00,2,Out of Stock (Margin Loss)
7737,JNE2305-KR-533-S,KURTA - JNE2305,KURTA,382.00,152.80,0,10,0.00,0.00,43,Out of Stock (Margin Loss)
7738,JNE3802-KR-XXL,KURTA - JNE3802,KURTA,487.00,194.80,0,10,0.00,0.00,9,Out of Stock (Margin Loss)
7739,J0249-SKD-S,SET - J0249,SET,939.00,375.60,0,10,0.00,0.00,7,Out of Stock (Margin Loss)
7740,JNE3744-TU-M,TOP - JNE3744,TOP,956.00,382.40,0,10,0.00,0.00,26,Out of Stock (Margin Loss)
7741,NW033-ST-CP-XL,SET - NW033,SET,541.00,216.40,0,10,0.00,0.00,1,Out of Stock (Margin Loss)
7742,JNE3531-KR-S,KURTA - JNE3531,KURTA,329.00,131.60,0,10,0.00,0.00,6,Out of Stock (Margin Loss)
7743,J0236-SKD-M,SET - J0236,SET,950.00,380.00,0,10,0.00,0.00,39,Out of Stock (Margin Loss)
7744,J0111-TP-L,TOP - J0111,TOP,423.00,169.20,0,10,0.00,0.00,6,Out of Stock (Margin Loss)
7745,SET356-KR-NP-S,SET - SET356,SET,1099.00,439.60,0,10,0.00,0.00,24,Out of Stock (Margin Loss)
7746,BL110-L,BLOUSE - BL110,BLOUSE,414.00,165.60,0,10,0.00,0.00,15,Out of Stock (Margin Loss)
7748,SET318-KR-SHA-XL,SET - SET318,SET,1083.00,433.20,0,10,0.00,0.00,5,Out of Stock (Margin Loss)
7749,J0209-DR-XL,ETHNIC DRESS - J0209,ETHNIC DRESS,1229.00,491.60,0,10,0.00,0.00,11,Out of Stock (Margin Loss)
7750,JNE2049-KR-351-L,KURTA - JNE2049,KURTA,435.00,174.00,0,10,0.00,0.00,12,Out of Stock (Margin Loss)
7751,BTM026-NP-XXL,BOTTOM - BTM026,BOTTOM,729.00,291.60,0,10,0.00,0.00,3,Out of Stock (Margin Loss)
7752,SET357-KR-NP-XS,SET - SET357,SET,1149.00,459.60,0,10,0.00,0.00,30,Out of Stock (Margin Loss)
7753,JNE3622-KR-XS,KURTA - JNE3622,KURTA,368.00,147.20,0,10,0.00,0.00,1,Out of Stock (Margin Loss)
7755,J0127-SKD-XXL,SET - J0127,SET,1186.00,474.40,0,10,0.00,0.00,14,Out of Stock (Margin Loss)
7756,JNE3896-KR-XL,KURTA - JNE3896,KURTA,582.00,232.80,0,10,0.00,0.00,1,Out of Stock (Margin Loss)
7757,J0215-BL-L,BLOUSE - J0215,BLOUSE,764.00,305.60,0,10,0.00,0.00,12,Out of Stock (Margin Loss)
7758,JNE3523-KR-S,KURTA - JNE3523,KURTA,376.00,150.40,0,10,0.00,0.00,9,Out of Stock (Margin Loss)
7759,JNE3609-KR-XL,KURTA - JNE3609,KURTA,568.00,227.20,0,10,0.00,0.00,22,Out of Stock (Margin Loss)
7760,J0351-SET-XXL,SET - J0351,SET,832.00,332.80,0,10,0.00,0.00,12,Out of Stock (Margin Loss)
7761,JNE3706-DR-XXL,WESTERN DRESS - JNE3706,WESTERN DRESS,443.00,177.20,0,10,0.00,0.00,17,Out of Stock (Margin Loss)
7762,J0381-SKD-M,SET - J0381,SET,1299.00,519.60,0,10,0.00,0.00,17,Out of Stock (Margin Loss)
7763,J0077-SKD-XXXL,SET - J0077,SET,1170.00,468.00,0,10,0.00,0.00,5,Out of Stock (Margin Loss)
7764,J0163-SKD-XXL,SET - J0163,SET,999.00,399.60,0,10,0.00,0.00,1,Out of Stock (Margin Loss)
7765,SET331-KR-NP-M,SET - SET331,SET,699.00,279.60,0,10,0.00,0.00,174,Out of Stock (Margin Loss)
7766,J0310-TP-XL,TOP - J0310,TOP,339.00,135.60,0,10,0.00,0.00,6,Out of Stock (Margin Loss)
7767,SET402-KR-NP-M,SET - SET402,SET,1149.00,459.60,0,10,0.00,0.00,41,Out of Stock (Margin Loss)
7768,JNE1998-KR-311-L,KURTA - JNE1998,KURTA,301.00,120.40,0,10,0.00,0.00,14,Out of Stock (Margin Loss)
7769,SET325-KR-NP-M,SET - SET325,SET,666.00,266.40,0,10,0.00,0.00,17,Out of Stock (Margin Loss)
7770,SET209-KR-PP-XL,SET - SET209,SET,548.00,219.20,0,10,0.00,0.00,19,Out of Stock (Margin Loss)
7771,SET138-KR-PP-XS,SET - SET138,SET,737.00,294.80,0,10,0.00,0.00,5,Out of Stock (Margin Loss)
7772,SET087-KR-PP-XXXL,SET - SET087,SET,925.00,370.00,0,10,0.00,0.00,7,Out of Stock (Margin Loss)
7773,JNE3774-KR-XXL,KURTA - JNE3774,KURTA,474.00,189.60,0,10,0.00,0.00,11,Out of Stock (Margin Loss)
7774,JNE3890-TP-S,TOP - JNE3890,TOP,621.00,248.40,0,10,0.00,0.00,3,Out of Stock (Margin Loss)
7775,JNE3898-KR-L,KURTA - JNE3898,KURTA,582.00,232.80,0,10,0.00,0.00,1,Out of Stock (Margin Loss)
7776,SET331-KR-NP-XXXL,SET - SET331,SET,699.00,279.60,0,10,0.00,0.00,110,Out of Stock (Margin Loss)
7777,JNE3294-KR-XXL,KURTA - JNE3294,KURTA,449.00,179.60,0,10,0.00,0.00,63,Out of Stock (Margin Loss)
7778,SET344-KR-NP-XXL,SET - SET344,SET,968.00,387.20,0,10,0.00,0.00,57,Out of Stock (Margin Loss)
7779,SET246-KR-PP-XL,SET - SET246,SET,455.00,182.00,0,10,0.00,0.00,22,Out of Stock (Margin Loss)
7780,SET218-KR-NP-XXL,SET - SET218,SET,699.00,279.60,0,10,0.00,0.00,8,Out of Stock (Margin Loss)
7781,JNE3793-KR-L,KURTA - JNE3793,KURTA,368.00,147.20,0,10,0.00,0.00,30,Out of Stock (Margin Loss)
7782,J0120-TP-XXL,TOP - J0120,TOP,365.00,146.00,0,10,0.00,0.00,25,Out of Stock (Margin Loss)
7784,JNE3718-KR-XXXL,KURTA - JNE3718,KURTA,487.00,194.80,0,10,0.00,0.00,83,Out of Stock (Margin Loss)
7785,JNE3698-KR-M,KURTA - JNE3698,KURTA,487.00,194.80,0,10,0.00,0.00,6,Out of Stock (Margin Loss)
7786,JNE3633-KR-XS,KURTA - JNE3633,KURTA,459.00,183.60,0,10,0.00,0.00,6,Out of Stock (Margin Loss)
7787,SET158-KR-PP-XXXL,SET - SET158,SET,791.00,316.40,0,10,0.00,0.00,17,Out of Stock (Margin Loss)
7788,JNE3636-KR-S,KURTA - JNE3636,KURTA,459.00,183.60,0,10,0.00,0.00,14,Out of Stock (Margin Loss)
7789,SET282-KR-PP-XS,SET - SET282,SET,1099.00,439.60,0,10,0.00,0.00,14,Out of Stock (Margin Loss)
7790,JNE3687-TU-XS,TOP - JNE3687,TOP,545.00,218.00,0,10,0.00,0.00,6,Out of Stock (Margin Loss)
7792,SET321-KR-DPT-L,SET - SET321,SET,967.00,386.80,0,10,0.00,0.00,7,Out of Stock (Margin Loss)
7793,JNE3577-KR-L,KURTA - JNE3577,KURTA,696.00,278.40,0,10,0.00,0.00,8,Out of Stock (Margin Loss)
7794,SET097-KR-PP-S,SET - SET097,SET,1082.00,432.80,0,10,0.00,0.00,2,Out of Stock (Margin Loss)
7795,J0102-SKD-XL,SET - J0102,SET,1186.00,474.40,0,10,0.00,0.00,4,Out of Stock (Margin Loss)
7796,SET043-KR-NP-XXXL,SET - SET043,SET,999.00,399.60,0,10,0.00,0.00,12,Out of Stock (Margin Loss)
7797,JNE3567-KR-M,KURTA - JNE3567,KURTA,459.00,183.60,0,10,0.00,0.00,307,Out of Stock (Margin Loss)
7798,SET337-KR-NP-L,SET - SET337,SET,874.00,349.60,0,10,0.00,0.00,14,Out of Stock (Margin Loss)
7799,J0013-SKD-XS,SET - J0013,SET,1099.00,439.60,0,10,0.00,0.00,14,Out of Stock (Margin Loss)
7800,SET194-KR-NP-XXL,SET - SET194,SET,641.00,256.40,0,10,0.00,0.00,13,Out of Stock (Margin Loss)
7801,JNE3771-KR-S,KURTA - JNE3771,KURTA,346.00,138.40,0,10,0.00,0.00,10,Out of Stock (Margin Loss)
7802,J0390-TP-L,TOP - J0390,TOP,625.00,250.00,0,10,0.00,0.00,13,Out of Stock (Margin Loss)
7803,JNE3765-KR-XXL,KURTA - JNE3765,KURTA,517.00,206.80,0,10,0.00,0.00,6,Out of Stock (Margin Loss)
7804,JNE3568-KR-M,KURTA - JNE3568,KURTA,449.00,179.60,0,10,0.00,0.00,82,Out of Stock (Margin Loss)
7805,JNE3636-KR-XXXL,KURTA - JNE3636,KURTA,459.00,183.60,0,10,0.00,0.00,14,Out of Stock (Margin Loss)
7806,JNE3443-KR-XS,KURTA - JNE3443,KURTA,517.00,206.80,0,10,0.00,0.00,2,Out of Stock (Margin Loss)
7807,J0090-TP-XL,TOP - J0090,TOP,563.00,225.20,0,10,0.00,0.00,13,Out of Stock (Margin Loss)
7808,PJNE3368-KR-4XL,KURTA - PJNE3368,KURTA,869.00,347.60,0,10,0.00,0.00,15,Out of Stock (Margin Loss)
7809,SET245-KR-NP-XXL,SET - SET245,SET,849.00,339.60,0,10,0.00,0.00,17,Out of Stock (Margin Loss)
7810,JNE3615-KR-XXL,KURTA - JNE3615,KURTA,301.00,120.40,0,10,0.00,0.00,9,Out of Stock (Margin Loss)
7811,SET293-KR-NP-S,SET - SET293,SET,736.00,294.40,0,10,0.00,0.00,84,Out of Stock (Margin Loss)
7812,J0333-DR-XS,WESTERN DRESS - J0333,WESTERN DRESS,825.00,330.00,0,10,0.00,0.00,2,Out of Stock (Margin Loss)
7813,J0242-SKD-XS,SET - J0242,SET,1149.00,459.60,0,10,0.00,0.00,21,Out of Stock (Margin Loss)
6486,JNE3359-KR-XXL,KURTA - JNE3359,KURTA,390.00,156.00,0,10,0.00,0.00,7,Out of Stock (Margin Loss)
6487,J0373-KR-XXXL,KURTA - J0373,KURTA,599.00,239.60,0,10,0.00,0.00,15,Out of Stock (Margin Loss)
6488,SET334-KR-NP-XXL,SET - SET334,SET,666.00,266.40,0,10,0.00,0.00,12,Out of Stock (Margin Loss)
6489,JNE3468-KR-S,KURTA - JNE3468,KURTA,399.00,159.60,0,10,0.00,0.00,66,Out of Stock (Margin Loss)
6490,J0009-SKD-XXL,SET - J0009,SET,999.00,399.60,0,10,0.00,0.00,36,Out of Stock (Margin Loss)
6491,SET307-KR-DPT-S,SET - SET307,SET,736.00,294.40,0,10,0.00,0.00,7,Out of Stock (Margin Loss)
6492,J0090-TP-XXL,TOP - J0090,TOP,563.00,225.20,0,10,0.00,0.00,6,Out of Stock (Margin Loss)
6493,J0351-SET-XS,SET - J0351,SET,832.00,332.80,0,10,0.00,0.00,11,Out of Stock (Margin Loss)
6495,J0181-TP-XS,TOP - J0181,TOP,512.00,204.80,0,10,0.00,0.00,6,Out of Stock (Margin Loss)
6496,BL099-XS,BLOUSE - BL099,BLOUSE,259.00,103.60,0,10,0.00,0.00,1,Out of Stock (Margin Loss)
6497,BTM031-NP-XXL,BOTTOM - BTM031,BOTTOM,518.00,207.20,0,10,0.00,0.00,11,Out of Stock (Margin Loss)
6498,J0126-SKD-S,SET - J0126,SET,818.00,327.20,0,10,0.00,0.00,12,Out of Stock (Margin Loss)
6499,MEN5012-KR-XXXL,KURTA - MEN5012,KURTA,655.00,262.00,0,10,0.00,0.00,10,Out of Stock (Margin Loss)
6500,JNE3751-KR-M,KURTA - JNE3751,KURTA,368.00,147.20,0,10,0.00,0.00,15,Out of Stock (Margin Loss)
6501,J0399-DR-XL,WESTERN DRESS - J0399,WESTERN DRESS,1099.00,439.60,0,10,0.00,0.00,30,Out of Stock (Margin Loss)
6502,JNE3739-KR-S,KURTA - JNE3739,KURTA,459.00,183.60,0,10,0.00,0.00,29,Out of Stock (Margin Loss)
6503,JNE3752-KR-XS,KURTA - JNE3752,KURTA,345.00,138.00,0,10,0.00,0.00,2,Out of Stock (Margin Loss)
6504,JNE3909-KR-S,KURTA - JNE3909,KURTA,696.00,278.40,0,10,0.00,0.00,2,Out of Stock (Margin Loss)
6505,JNE3534-KR-XL,KURTA - JNE3534,KURTA,345.00,138.00,0,10,0.00,0.00,12,Out of Stock (Margin Loss)
6506,J0237-SKD-M,SET - J0237,SET,1369.00,547.60,0,10,0.00,0.00,13,Out of Stock (Margin Loss)
6507,SET100-KR-PP-XXXL,SET - SET100,SET,878.00,351.20,0,10,0.00,0.00,5,Out of Stock (Margin Loss)
6508,JNE3728-KR-M,KURTA - JNE3728,KURTA,328.00,131.20,0,10,0.00,0.00,8,Out of Stock (Margin Loss)
6509,NW029-ST-SR-XXXL,SET - NW029,SET,495.00,198.00,0,10,0.00,0.00,17,Out of Stock (Margin Loss)
6510,JNE3701-KR-XXXL,KURTA - JNE3701,KURTA,399.00,159.60,0,10,0.00,0.00,17,Out of Stock (Margin Loss)
6511,SET358-KR-NP-XS,SET - SET358,SET,1477.00,590.80,0,10,0.00,0.00,13,Out of Stock (Margin Loss)
6512,SET038-KR-PP-XXL,SET - SET038,SET,594.00,237.60,0,10,0.00,0.00,23,Out of Stock (Margin Loss)
6513,J0087-TP-L,TOP - J0087,TOP,329.00,131.60,0,10,0.00,0.00,5,Out of Stock (Margin Loss)
6514,JNE2132-KR-398-L,KURTA - JNE2132,KURTA,566.00,226.40,0,10,0.00,0.00,3,Out of Stock (Margin Loss)
6515,SET191-KR-PP-XL,SET - SET191,SET,738.00,295.20,0,10,0.00,0.00,3,Out of Stock (Margin Loss)
6516,J0137-SET-M,SET - J0137,SET,721.00,288.40,0,10,0.00,0.00,4,Out of Stock (Margin Loss)
6518,JNE1998-KR-311-M,KURTA - JNE1998,KURTA,301.00,120.40,0,10,0.00,0.00,19,Out of Stock (Margin Loss)
6519,JNE3408-KR-XL,KURTA - JNE3408,KURTA,459.00,183.60,0,10,0.00,0.00,5,Out of Stock (Margin Loss)
6520,JNE3666-TP-M,TOP - JNE3666,TOP,301.00,120.40,0,10,0.00,0.00,9,Out of Stock (Margin Loss)
6521,JNE3389-KR-XL,KURTA - JNE3389,KURTA,452.00,180.80,0,10,0.00,0.00,2,Out of Stock (Margin Loss)
6522,SET199-KR-NP-XS,SET - SET199,SET,0.00,0.00,0,10,0.00,0.00,0,Out of Stock (Margin Loss)
6523,JNE3384-KR-XXL,KURTA - JNE3384,KURTA,301.00,120.40,0,10,0.00,0.00,31,Out of Stock (Margin Loss)
6524,JNE3576-KR-XL,KURTA - JNE3576,KURTA,487.00,194.80,0,10,0.00,0.00,37,Out of Stock (Margin Loss)
6525,JNE3672-TU-XXXL,TOP - JNE3672,TOP,574.00,229.60,0,10,0.00,0.00,24,Out of Stock (Margin Loss)
6527,JNE3617-KR-L,KURTA - JNE3617,KURTA,299.00,119.60,0,10,0.00,0.00,7,Out of Stock (Margin Loss)
6528,JNE3786-KR-XL,KURTA - JNE3786,KURTA,368.00,147.20,0,10,0.00,0.00,9,Out of Stock (Margin Loss)
6529,J0130-SET-XXL,SET - J0130,SET,729.00,291.60,0,10,0.00,0.00,17,Out of Stock (Margin Loss)
6530,J0007-SKD-XL,SET - J0007,SET,1133.00,453.20,0,10,0.00,0.00,26,Out of Stock (Margin Loss)
6531,J0375-SKD-S,SET - J0375,SET,1099.00,439.60,0,10,0.00,0.00,7,Out of Stock (Margin Loss)
6533,SET372-KR-PP-XXL,SET - SET372,SET,699.00,279.60,0,10,0.00,0.00,7,Out of Stock (Margin Loss)
6534,JNE3424-KR-XXL,KURTA - JNE3424,KURTA,301.00,120.40,0,10,0.00,0.00,1,Out of Stock (Margin Loss)
6536,SET384-KR-NP-XS,SET - SET384,SET,631.00,252.40,0,10,0.00,0.00,2,Out of Stock (Margin Loss)
6537,JNE3785-KR-S,KURTA - JNE3785,KURTA,362.00,144.80,0,10,0.00,0.00,21,Out of Stock (Margin Loss)
6538,SET058-KR-NP-L,SET - SET058,SET,847.00,338.80,0,10,0.00,0.00,82,Out of Stock (Margin Loss)
6539,JNE3710-DR-M,WESTERN DRESS - JNE3710,WESTERN DRESS,699.00,279.60,0,10,0.00,0.00,52,Out of Stock (Margin Loss)
6540,SET128-KR-DH-L,SET - SET128,SET,1147.00,458.80,0,10,0.00,0.00,16,Out of Stock (Margin Loss)
6541,J0108-SKD-XXL,SET - J0108,SET,1166.00,466.40,0,10,0.00,0.00,10,Out of Stock (Margin Loss)
6542,J0332-DR-S,WESTERN DRESS - J0332,WESTERN DRESS,828.00,331.20,0,10,0.00,0.00,21,Out of Stock (Margin Loss)
6543,JNE3821-KR-XXXL,KURTA - JNE3821,KURTA,499.00,199.60,0,10,0.00,0.00,2,Out of Stock (Margin Loss)
6544,JNE3903-KR-XXXL,KURTA - JNE3903,KURTA,432.00,172.80,0,10,0.00,0.00,3,Out of Stock (Margin Loss)
6545,JNE3675-TU-S,TOP - JNE3675,TOP,574.00,229.60,0,10,0.00,0.00,11,Out of Stock (Margin Loss)
6546,SET248-KR-NP-M,SET - SET248,SET,612.00,244.80,0,10,0.00,0.00,17,Out of Stock (Margin Loss)
6547,JNE3610-KR-XXL,KURTA - JNE3610,KURTA,291.00,116.40,0,10,0.00,0.00,6,Out of Stock (Margin Loss)
6549,JNE3624-KR-S,KURTA - JNE3624,KURTA,487.00,194.80,0,10,0.00,0.00,7,Out of Stock (Margin Loss)
6550,BL019-71PINK,BLOUSE - BL019,BLOUSE,419.00,167.60,0,10,0.00,0.00,2,Out of Stock (Margin Loss)
6551,SET301-KR-PP-L,SET - SET301,SET,833.00,333.20,0,10,0.00,0.00,5,Out of Stock (Margin Loss)
6552,JNE3405-KR-M,KURTA - JNE3405,KURTA,449.00,179.60,0,10,0.00,0.00,377,Out of Stock (Margin Loss)
6553,J0381-SKD-XXXL,SET - J0381,SET,1299.00,519.60,0,10,0.00,0.00,10,Out of Stock (Margin Loss)
6554,SET347-KR-NP-XL,SET - SET347,SET,852.00,340.80,0,10,0.00,0.00,38,Out of Stock (Margin Loss)
6555,J0301-TP-XXL,TOP - J0301,TOP,693.00,277.20,0,10,0.00,0.00,106,Out of Stock (Margin Loss)
6556,J0097-KR-S,KURTA - J0097,KURTA,568.00,227.20,0,10,0.00,0.00,68,Out of Stock (Margin Loss)
6557,J0219-BL-L,BLOUSE - J0219,BLOUSE,794.00,317.60,0,10,0.00,0.00,13,Out of Stock (Margin Loss)
6558,SET220-KR-PP-XXXL,SET - SET220,SET,1199.00,479.60,0,10,0.00,0.00,17,Out of Stock (Margin Loss)
6559,JNE3783-KR-S,KURTA - JNE3783,KURTA,517.00,206.80,0,10,0.00,0.00,7,Out of Stock (Margin Loss)
6560,J0023-TP-XL,TOP - J0023,TOP,399.00,159.60,0,10,0.00,0.00,13,Out of Stock (Margin Loss)
6561,CH204-PURPLE-S,BOTTOM - CH204,BOTTOM,284.00,113.60,0,10,0.00,0.00,1,Out of Stock (Margin Loss)
6562,JNE3630-KR-S,KURTA - JNE3630,KURTA,405.00,162.00,0,10,0.00,0.00,9,Out of Stock (Margin Loss)
6563,SET159-KR-NP-XXL,SET - SET159,SET,464.00,185.60,0,10,0.00,0.00,1,Out of Stock (Margin Loss)
6564,SET233-KR-PP-XXXL,SET - SET233,SET,566.00,226.40,0,10,0.00,0.00,29,Out of Stock (Margin Loss)
6565,JNE3818-KR-XL,KURTA - JNE3818,KURTA,549.00,219.60,0,10,0.00,0.00,16,Out of Stock (Margin Loss)
6566,JNE3763-KR-XL,KURTA - JNE3763,KURTA,459.00,183.60,0,10,0.00,0.00,11,Out of Stock (Margin Loss)
6567,SET037-KR-NP-XXL,SET - SET037,SET,612.00,244.80,0,10,0.00,0.00,12,Out of Stock (Margin Loss)
6568,J0396-DR-XS,WESTERN DRESS - J0396,WESTERN DRESS,859.00,343.60,0,10,0.00,0.00,9,Out of Stock (Margin Loss)
6569,SET266-KR-NP-XXL,SET - SET266,SET,852.00,340.80,0,10,0.00,0.00,18,Out of Stock (Margin Loss)
6570,SET277-KR-NP-XXXL,SET - SET277,SET,1354.00,541.60,0,10,0.00,0.00,22,Out of Stock (Margin Loss)
6571,SET073-KR-SHA-XXL,SET - SET073,SET,824.00,329.60,0,10,0.00,0.00,9,Out of Stock (Margin Loss)
6573,JNE3429-KR-XS,KURTA - JNE3429,KURTA,299.00,119.60,0,10,0.00,0.00,1,Out of Stock (Margin Loss)
6574,SET275-KR-NP-XS,SET - SET275,SET,630.00,252.00,0,10,0.00,0.00,3,Out of Stock (Margin Loss)
6575,SET414-KR-NP-XXXL,SET - SET414,SET,999.00,399.60,0,10,0.00,0.00,5,Out of Stock (Margin Loss)
6576,NW006-ST-SR-XXXL,SET - NW006,SET,516.00,206.40,0,10,0.00,0.00,2,Out of Stock (Margin Loss)
6577,SET385-KR-NP-M,SET - SET385,SET,699.00,279.60,0,10,0.00,0.00,34,Out of Stock (Margin Loss)
6578,SET075-KR-DH-XS,SET - SET075,SET,648.00,259.20,0,10,0.00,0.00,7,Out of Stock (Margin Loss)
6579,J0324-CD-L,TOP - J0324,TOP,0.00,0.00,0,10,0.00,0.00,1,Out of Stock (Margin Loss)
6580,J0375-SKD-M,SET - J0375,SET,1099.00,439.60,0,10,0.00,0.00,8,Out of Stock (Margin Loss)
6581,J0214-TP-S,TOP - J0214,TOP,499.00,199.60,0,10,0.00,0.00,5,Out of Stock (Margin Loss)
6582,JNE3904-DR-M,WESTERN DRESS - JNE3904,WESTERN DRESS,836.00,334.40,0,10,0.00,0.00,20,Out of Stock (Margin Loss)
6583,BL095-XL,BLOUSE - BL095,BLOUSE,460.00,184.00,0,10,0.00,0.00,1,Out of Stock (Margin Loss)
6584,PJNE3068-KR-5XL,KURTA - PJNE3068,KURTA,1099.00,439.60,0,10,0.00,0.00,29,Out of Stock (Margin Loss)
6585,SET333-KR-DPT-XS,SET - SET333,SET,967.00,386.80,0,10,0.00,0.00,37,Out of Stock (Margin Loss)
6586,J0228-SKD-S,SET - J0228,SET,1776.00,710.40,0,10,0.00,0.00,14,Out of Stock (Margin Loss)
6587,JNE3612-KR-L,KURTA - JNE3612,KURTA,417.00,166.80,0,10,0.00,0.00,15,Out of Stock (Margin Loss)
6588,J0002-SKD-L,SET - J0002,SET,1186.00,474.40,0,10,0.00,0.00,52,Out of Stock (Margin Loss)
6589,SET392-KR-NP-XXL,SET - SET392,SET,799.00,319.60,0,10,0.00,0.00,47,Out of Stock (Margin Loss)
6590,J0213-TP-XXXL,TOP - J0213,TOP,836.00,334.40,0,10,0.00,0.00,22,Out of Stock (Margin Loss)
6591,JNE3910-KR-M,KURTA - JNE3910,KURTA,0.00,0.00,0,10,0.00,0.00,1,Out of Stock (Margin Loss)
6592,J0350-SET-XXXL,SET - J0350,SET,477.00,190.80,0,10,0.00,0.00,4,Out of Stock (Margin Loss)
6593,JNE2014-KR-178-XS,KURTA - JNE2014,KURTA,359.00,143.60,0,10,0.00,0.00,21,Out of Stock (Margin Loss)
6594,SET232-KR-PP-L,SET - SET232,SET,499.00,199.60,0,10,0.00,0.00,23,Out of Stock (Margin Loss)
6595,J0290-CD-XXL,TOP - J0290,TOP,534.00,213.60,0,10,0.00,0.00,4,Out of Stock (Margin Loss)
6596,J0386-KR-M,KURTA - J0386,KURTA,967.00,386.80,0,10,0.00,0.00,9,Out of Stock (Margin Loss)
6597,JNE3790-KR-XS,KURTA - JNE3790,KURTA,307.00,122.80,0,10,0.00,0.00,6,Out of Stock (Margin Loss)
6598,JNE3862-TU-XXXL,TOP - JNE3862,TOP,599.00,239.60,0,10,0.00,0.00,12,Out of Stock (Margin Loss)
6599,JNE3722-KR-XL,KURTA - JNE3722,KURTA,301.00,120.40,0,10,0.00,0.00,54,Out of Stock (Margin Loss)
6600,JNE3758-KR-S,KURTA - JNE3758,KURTA,376.00,150.40,0,10,0.00,0.00,19,Out of Stock (Margin Loss)
6601,SET310-KR-NP-XS,SET - SET310,SET,1213.00,485.20,0,10,0.00,0.00,16,Out of Stock (Margin Loss)
6602,JNE3507-KR-XXL,KURTA - JNE3507,KURTA,271.00,108.40,0,10,0.00,0.00,3,Out of Stock (Margin Loss)
6603,JNE3395-KR-XXXL,KURTA - JNE3395,KURTA,333.00,133.20,0,10,0.00,0.00,3,Out of Stock (Margin Loss)
6604,MEN5029-KR-XXXL,KURTA - MEN5029,KURTA,625.00,250.00,0,10,0.00,0.00,3,Out of Stock (Margin Loss)
6605,JNE3425-KR-S,KURTA - JNE3425,KURTA,329.00,131.60,0,10,0.00,0.00,1,Out of Stock (Margin Loss)
6606,NW036-ST-SR-S,SET - NW036,SET,539.00,215.60,0,10,0.00,0.00,12,Out of Stock (Margin Loss)
6607,J0290-CD-S,TOP - J0290,TOP,534.00,213.60,0,10,0.00,0.00,3,Out of Stock (Margin Loss)
6608,SET285-KR-SHA-XXL,SET - SET285,SET,499.00,199.60,0,10,0.00,0.00,16,Out of Stock (Margin Loss)
6609,SET327-KR-DPT-M,SET - SET327,SET,999.00,399.60,0,10,0.00,0.00,66,Out of Stock (Margin Loss)
6610,JNE3425-KR-XXXL,KURTA - JNE3425,KURTA,329.00,131.60,0,10,0.00,0.00,6,Out of Stock (Margin Loss)
6611,JNE3565-KR-XXL,KURTA - JNE3565,KURTA,347.00,138.80,0,10,0.00,0.00,12,Out of Stock (Margin Loss)
6612,SET075-KR-DH-L,SET - SET075,SET,690.00,276.00,0,10,0.00,0.00,12,Out of Stock (Margin Loss)
6614,JNE3504-KR-XXL,KURTA - JNE3504,KURTA,487.00,194.80,0,10,0.00,0.00,10,Out of Stock (Margin Loss)
6615,J0397-DR-XXL,WESTERN DRESS - J0397,WESTERN DRESS,999.00,399.60,0,10,0.00,0.00,6,Out of Stock (Margin Loss)
6616,AN211-BLACK-XXL,BOTTOM - AN211,BOTTOM,301.00,120.40,0,10,0.00,0.00,4,Out of Stock (Margin Loss)
6617,SET203-KR-DPT-L,SET - SET203,SET,449.00,179.60,0,10,0.00,0.00,61,Out of Stock (Margin Loss)
6618,JNE3860-DR-L,WESTERN DRESS - JNE3860,WESTERN DRESS,736.00,294.40,0,10,0.00,0.00,23,Out of Stock (Margin Loss)
6619,J0370-SKD-XXXL,SET - J0370,SET,1099.00,439.60,0,10,0.00,0.00,16,Out of Stock (Margin Loss)
6620,JNE3435-KR-S,KURTA - JNE3435,KURTA,487.00,194.80,0,10,0.00,0.00,28,Out of Stock (Margin Loss)
6621,JNE3457-KR-XL,KURTA - JNE3457,KURTA,399.00,159.60,0,10,0.00,0.00,13,Out of Stock (Margin Loss)
6622,JNE3771-KR-XXL,KURTA - JNE3771,KURTA,346.00,138.40,0,10,0.00,0.00,12,Out of Stock (Margin Loss)
6623,JNE3634-KR-XS,KURTA - JNE3634,KURTA,544.00,217.60,0,10,0.00,0.00,35,Out of Stock (Margin Loss)
6624,J0113-TP-XXL,TOP - J0113,TOP,758.00,303.20,0,10,0.00,0.00,32,Out of Stock (Margin Loss)
6625,SET253-KR-NP-L,SET - SET253,SET,737.00,294.80,0,10,0.00,0.00,18,Out of Stock (Margin Loss)
6626,J0111-TP-XL,TOP - J0111,TOP,528.00,211.20,0,10,0.00,0.00,17,Out of Stock (Margin Loss)
6627,JNE3557-KR-M,KURTA - JNE3557,KURTA,517.00,206.80,0,10,0.00,0.00,21,Out of Stock (Margin Loss)
6628,MEN5030-KR-XXXL,KURTA - MEN5030,KURTA,590.00,236.00,0,10,0.00,0.00,11,Out of Stock (Margin Loss)
6629,J0078-SET-XXL,SET - J0078,SET,999.00,399.60,0,10,0.00,0.00,6,Out of Stock (Margin Loss)
6630,AN213-BROWN-M,BOTTOM - AN213,BOTTOM,301.00,120.40,0,10,0.00,0.00,1,Out of Stock (Margin Loss)
6631,AN203-MAROON-XXL,BOTTOM - AN203,BOTTOM,301.00,120.40,0,10,0.00,0.00,1,Out of Stock (Margin Loss)
6632,SAR137,SAREE - SAR137,SAREE,686.00,274.40,0,10,0.00,0.00,7,Out of Stock (Margin Loss)
6633,SET408-KR-NP-XL,SET - SET408,SET,599.00,239.60,0,10,0.00,0.00,24,Out of Stock (Margin Loss)
6634,J0381-SKD-XL,SET - J0381,SET,1299.00,519.60,0,10,0.00,0.00,13,Out of Stock (Margin Loss)
6635,JNE3429-KR-L,KURTA - JNE3429,KURTA,299.00,119.60,0,10,0.00,0.00,11,Out of Stock (Margin Loss)
6636,JNE3524-KR-M,KURTA - JNE3524,KURTA,568.00,227.20,0,10,0.00,0.00,12,Out of Stock (Margin Loss)
6637,J0175-KR-S,KURTA - J0175,KURTA,476.00,190.40,0,10,0.00,0.00,3,Out of Stock (Margin Loss)
6638,SET373-KR-PP-XL,SET - SET373,SET,774.00,309.60,0,10,0.00,0.00,14,Out of Stock (Margin Loss)
6640,J0239-SKD-S,SET - J0239,SET,1399.00,559.60,0,10,0.00,0.00,12,Out of Stock (Margin Loss)
6641,SET203-KR-DPT-XXL,SET - SET203,SET,449.00,179.60,0,10,0.00,0.00,25,Out of Stock (Margin Loss)
6642,J0245-SKD-XL,SET - J0245,SET,1249.00,499.60,0,10,0.00,0.00,11,Out of Stock (Margin Loss)
6643,JNE3577-KR-XXXL,KURTA - JNE3577,KURTA,696.00,278.40,0,10,0.00,0.00,10,Out of Stock (Margin Loss)
6644,JNE3571-KR-XXXL,KURTA - JNE3571,KURTA,487.00,194.80,0,10,0.00,0.00,9,Out of Stock (Margin Loss)
6645,SET339-KR-NP-XXL,SET - SET339,SET,736.00,294.40,0,10,0.00,0.00,40,Out of Stock (Margin Loss)
6646,SET343-KR-NP-S,SET - SET343,SET,916.00,366.40,0,10,0.00,0.00,16,Out of Stock (Margin Loss)
6647,SET366-KR-NP-S,SET - SET366,SET,1438.00,575.20,0,10,0.00,0.00,20,Out of Stock (Margin Loss)
6648,SET385-KR-NP-XXXL,SET - SET385,SET,699.00,279.60,0,10,0.00,0.00,18,Out of Stock (Margin Loss)
6649,J0285-SKD-XXXL,SET - J0285,SET,1542.00,616.80,0,10,0.00,0.00,41,Out of Stock (Margin Loss)
6650,SET334-KR-NP-L,SET - SET334,SET,666.00,266.40,0,10,0.00,0.00,31,Out of Stock (Margin Loss)
6651,J0228-SKD-XXL,SET - J0228,SET,1698.00,679.20,0,10,0.00,0.00,5,Out of Stock (Margin Loss)
6652,J0142-KR-M,KURTA - J0142,KURTA,413.00,165.20,0,10,0.00,0.00,11,Out of Stock (Margin Loss)
6653,JNE3886-KR-XXXL,KURTA - JNE3886,KURTA,526.00,210.40,0,10,0.00,0.00,2,Out of Stock (Margin Loss)
6654,J0127-SKD-M,SET - J0127,SET,1115.00,446.00,0,10,0.00,0.00,3,Out of Stock (Margin Loss)
6655,SET110-KR-PP-XS,SET - SET110,SET,837.00,334.80,0,10,0.00,0.00,88,Out of Stock (Margin Loss)
6656,J0250-SKD-L,SET - J0250,SET,763.00,305.20,0,10,0.00,0.00,13,Out of Stock (Margin Loss)
6657,J0033-KR-M,KURTA - J0033,KURTA,425.00,170.00,0,10,0.00,0.00,3,Out of Stock (Margin Loss)
6658,JNE3739-KR-M,KURTA - JNE3739,KURTA,459.00,183.60,0,10,0.00,0.00,27,Out of Stock (Margin Loss)
6659,SET036-KR-NP-XXXL,SET - SET036,SET,383.00,153.20,0,10,0.00,0.00,1,Out of Stock (Margin Loss)
6660,JNE3562-KR-XL,KURTA - JNE3562,KURTA,476.00,190.40,0,10,0.00,0.00,26,Out of Stock (Margin Loss)
6661,JNE3575-KR-XXL,KURTA - JNE3575,KURTA,471.00,188.40,0,10,0.00,0.00,13,Out of Stock (Margin Loss)
6662,SET402-KR-NP-XS,SET - SET402,SET,1149.00,459.60,0,10,0.00,0.00,5,Out of Stock (Margin Loss)
6663,J0103-SKD-XXXL,SET - J0103,SET,1338.00,535.20,0,10,0.00,0.00,11,Out of Stock (Margin Loss)
6664,SET327-KR-DPT-XXL,SET - SET327,SET,999.00,399.60,0,10,0.00,0.00,34,Out of Stock (Margin Loss)
6665,J0239-SKD-M,SET - J0239,SET,1399.00,559.60,0,10,0.00,0.00,27,Out of Stock (Margin Loss)
6666,JNE3323-KR-M,KURTA - JNE3323,KURTA,264.00,105.60,0,10,0.00,0.00,1,Out of Stock (Margin Loss)
6667,J0350-SET-XS,SET - J0350,SET,499.00,199.60,0,10,0.00,0.00,4,Out of Stock (Margin Loss)
6668,JNE3535-KR-XS,KURTA - JNE3535,KURTA,435.00,174.00,0,10,0.00,0.00,1,Out of Stock (Margin Loss)
6669,JNE3563-KR-XS,KURTA - JNE3563,KURTA,479.00,191.60,0,10,0.00,0.00,6,Out of Stock (Margin Loss)
6670,SET344-KR-NP-M,SET - SET344,SET,968.00,387.20,0,10,0.00,0.00,37,Out of Stock (Margin Loss)
6671,JNE3437-KR-XS,KURTA - JNE3437,KURTA,517.00,206.80,0,10,0.00,0.00,24,Out of Stock (Margin Loss)
6673,SET230-KR-PP-XS,SET - SET230,SET,832.00,332.80,0,10,0.00,0.00,6,Out of Stock (Margin Loss)
6674,MEN5027-KR-XXXL,KURTA - MEN5027,KURTA,606.00,242.40,0,10,0.00,0.00,8,Out of Stock (Margin Loss)
6675,SET389-KR-NP-XXXL,SET - SET389,SET,749.00,299.60,0,10,0.00,0.00,24,Out of Stock (Margin Loss)
6676,JNE3506-KR-XS,KURTA - JNE3506,KURTA,635.00,254.00,0,10,0.00,0.00,9,Out of Stock (Margin Loss)
6677,JNE3742-KR-L,KURTA - JNE3742,KURTA,432.00,172.80,0,10,0.00,0.00,17,Out of Stock (Margin Loss)
6678,JNE3768-KR-XXXL,KURTA - JNE3768,KURTA,487.00,194.80,0,10,0.00,0.00,2,Out of Stock (Margin Loss)
6679,J0165-TP-XS,TOP - J0165,TOP,341.00,136.40,0,10,0.00,0.00,3,Out of Stock (Margin Loss)
6680,JNE3416-KR-S,KURTA - JNE3416,KURTA,301.00,120.40,0,10,0.00,0.00,2,Out of Stock (Margin Loss)
6681,J0003-SET-M,SET - J0003,SET,696.00,278.40,0,10,0.00,0.00,237,Out of Stock (Margin Loss)
6682,CH205-YELLOW-XXL,BOTTOM - CH205,BOTTOM,317.00,126.80,0,10,0.00,0.00,5,Out of Stock (Margin Loss)
6683,JNE3707-DR-S,WESTERN DRESS - JNE3707,WESTERN DRESS,496.00,198.40,0,10,0.00,0.00,11,Out of Stock (Margin Loss)
6684,SET094-KR-NP-S,SET - SET094,SET,758.00,303.20,0,10,0.00,0.00,5,Out of Stock (Margin Loss)
6685,J0369-SKD-XL,SET - J0369,SET,1099.00,439.60,0,10,0.00,0.00,3,Out of Stock (Margin Loss)
6686,J0418-TP-XS,TOP - J0418,TOP,1039.00,415.60,0,10,0.00,0.00,10,Out of Stock (Margin Loss)
6687,BL104-M,BLOUSE - BL104,BLOUSE,698.00,279.20,0,10,0.00,0.00,9,Out of Stock (Margin Loss)
6688,SET409-KR-NP-XXL,SET - SET409,SET,641.00,256.40,0,10,0.00,0.00,9,Out of Stock (Margin Loss)
6689,SET410-KR-NP-XXL,SET - SET410,SET,534.00,213.60,0,10,0.00,0.00,2,Out of Stock (Margin Loss)
6690,JNE3373-KR-L,KURTA - JNE3373,KURTA,382.00,152.80,0,10,0.00,0.00,112,Out of Stock (Margin Loss)
6691,JNE3506-KR-XXL,KURTA - JNE3506,KURTA,635.00,254.00,0,10,0.00,0.00,18,Out of Stock (Margin Loss)
6692,J0209-DR-XXL,ETHNIC DRESS - J0209,ETHNIC DRESS,885.00,354.00,0,10,0.00,0.00,6,Out of Stock (Margin Loss)
6693,J0139-KR-XS,KURTA - J0139,KURTA,399.00,159.60,0,10,0.00,0.00,13,Out of Stock (Margin Loss)
6694,J0167-KR-M,KURTA - J0167,KURTA,324.00,129.60,0,10,0.00,0.00,14,Out of Stock (Margin Loss)
6695,SET094-KR-NP-M,SET - SET094,SET,876.00,350.40,0,10,0.00,0.00,10,Out of Stock (Margin Loss)
6696,SET401-KR-NP-XXXL,SET - SET401,SET,999.00,399.60,0,10,0.00,0.00,20,Out of Stock (Margin Loss)
6697,J0084-TP-S,TOP - J0084,TOP,560.00,224.00,0,10,0.00,0.00,5,Out of Stock (Margin Loss)
6698,JNE3688-TU-XS,TOP - JNE3688,TOP,836.00,334.40,0,10,0.00,0.00,11,Out of Stock (Margin Loss)
6699,JNE3543-KR-XXL,KURTA - JNE3543,KURTA,368.00,147.20,0,10,0.00,0.00,21,Out of Stock (Margin Loss)
6700,SET369-KR-NP-L,SET - SET369,SET,1399.00,559.60,0,10,0.00,0.00,12,Out of Stock (Margin Loss)
6701,SET270-KR-PP-L,SET - SET270,SET,568.00,227.20,0,10,0.00,0.00,15,Out of Stock (Margin Loss)
6702,JNE2307-KR-572-L,KURTA - JNE2307,KURTA,299.00,119.60,0,10,0.00,0.00,12,Out of Stock (Margin Loss)
6703,JNE3548-KR-XXL,KURTA - JNE3548,KURTA,517.00,206.80,0,10,0.00,0.00,47,Out of Stock (Margin Loss)
6704,BTM026-NP-XS,BOTTOM - BTM026,BOTTOM,518.00,207.20,0,10,0.00,0.00,1,Out of Stock (Margin Loss)
6705,SET436-KR-NP-XS,SET - SET436,SET,1399.00,559.60,0,10,0.00,0.00,8,Out of Stock (Margin Loss)
6706,J0186-SET-S,SET - J0186,SET,848.00,339.20,0,10,0.00,0.00,3,Out of Stock (Margin Loss)
6707,J0370-SKD-XS,SET - J0370,SET,1099.00,439.60,0,10,0.00,0.00,2,Out of Stock (Margin Loss)
6708,SET300-KR-NP-XS,SET - SET300,SET,999.00,399.60,0,10,0.00,0.00,11,Out of Stock (Margin Loss)
6709,J0388-TP-M,TOP - J0388,TOP,690.00,276.00,0,10,0.00,0.00,3,Out of Stock (Margin Loss)
6710,BTM048-PP-XXXL,BOTTOM - BTM048,BOTTOM,345.00,138.00,0,10,0.00,0.00,12,Out of Stock (Margin Loss)
6712,SET320-KR-NP-XXXL,SET - SET320,SET,857.00,342.80,0,10,0.00,0.00,31,Out of Stock (Margin Loss)
6713,JNE3487-KR-XL,KURTA - JNE3487,KURTA,362.00,144.80,0,10,0.00,0.00,113,Out of Stock (Margin Loss)
6714,JNE3735-KR-XXXL,KURTA - JNE3735,KURTA,417.00,166.80,0,10,0.00,0.00,26,Out of Stock (Margin Loss)
6715,J0033-KR-XXXL,KURTA - J0033,KURTA,399.00,159.60,0,10,0.00,0.00,8,Out of Stock (Margin Loss)
6716,BTM038-PP-S,BOTTOM - BTM038,BOTTOM,379.00,151.60,0,10,0.00,0.00,6,Out of Stock (Margin Loss)
6717,SET156-KR-NP-XL,SET - SET156,SET,716.00,286.40,0,10,0.00,0.00,8,Out of Stock (Margin Loss)
6718,SET401-KR-NP-S,SET - SET401,SET,1186.00,474.40,0,10,0.00,0.00,11,Out of Stock (Margin Loss)
6719,JNE3665-TP-XS,TOP - JNE3665,TOP,545.00,218.00,0,10,0.00,0.00,15,Out of Stock (Margin Loss)
6720,J0105-KR-S,WESTERN DRESS - J0105,WESTERN DRESS,999.00,399.60,0,10,0.00,0.00,9,Out of Stock (Margin Loss)
6721,SET393-KR-NP-M,SET - SET393,SET,1186.00,474.40,0,10,0.00,0.00,20,Out of Stock (Margin Loss)
6722,JNE3880-DR-M,WESTERN DRESS - JNE3880,WESTERN DRESS,758.00,303.20,0,10,0.00,0.00,11,Out of Stock (Margin Loss)
6723,JNE3401-KR-L,KURTA - JNE3401,KURTA,259.00,103.60,0,10,0.00,0.00,9,Out of Stock (Margin Loss)
6724,J0048-TP-XXL,TOP - J0048,TOP,339.00,135.60,0,10,0.00,0.00,7,Out of Stock (Margin Loss)
6725,JNE3465-KR-XS,KURTA - JNE3465,KURTA,523.00,209.20,0,10,0.00,0.00,45,Out of Stock (Margin Loss)
6726,SET244-KR-NP-S,SET - SET244,SET,799.00,319.60,0,10,0.00,0.00,9,Out of Stock (Margin Loss)
6727,JNE3408-KR-XXXL,KURTA - JNE3408,KURTA,432.00,172.80,0,10,0.00,0.00,8,Out of Stock (Margin Loss)
6728,JNE3476-KR-L,KURTA - JNE3476,KURTA,405.00,162.00,0,10,0.00,0.00,8,Out of Stock (Margin Loss)
6729,BL090-M,BLOUSE - BL090,BLOUSE,499.00,199.60,0,10,0.00,0.00,3,Out of Stock (Margin Loss)
6730,JNE3454-KR-M,KURTA - JNE3454,KURTA,441.00,176.40,0,10,0.00,0.00,9,Out of Stock (Margin Loss)
6731,JNE3485-KR-L,KURTA - JNE3485,KURTA,469.00,187.60,0,10,0.00,0.00,2,Out of Stock (Margin Loss)
6732,JNE3701-KR-XXL,KURTA - JNE3701,KURTA,333.00,133.20,0,10,0.00,0.00,4,Out of Stock (Margin Loss)
6733,JNE3753-KR-XXXL,KURTA - JNE3753,KURTA,499.00,199.60,0,10,0.00,0.00,14,Out of Stock (Margin Loss)
6734,SET247-KR-SHA-S,SET - SET247,SET,775.00,310.00,0,10,0.00,0.00,13,Out of Stock (Margin Loss)
6735,J0103-SKD-XXL,SET - J0103,SET,1338.00,535.20,0,10,0.00,0.00,7,Out of Stock (Margin Loss)
6736,MEN5013-KR-XXXL,KURTA - MEN5013,KURTA,709.00,283.60,0,10,0.00,0.00,14,Out of Stock (Margin Loss)
6738,JNE3791-DR-S,ETHNIC DRESS - JNE3791,ETHNIC DRESS,399.00,159.60,0,10,0.00,0.00,4,Out of Stock (Margin Loss)
6739,SET356-KR-NP-L,SET - SET356,SET,1112.00,444.80,0,10,0.00,0.00,28,Out of Stock (Margin Loss)
6740,SET375-KR-NP-XXL,SET - SET375,SET,696.00,278.40,0,10,0.00,0.00,23,Out of Stock (Margin Loss)
6741,J0153-DR-XXXL,WESTERN DRESS - J0153,WESTERN DRESS,443.00,177.20,0,10,0.00,0.00,14,Out of Stock (Margin Loss)
6742,J0119-TP-L,TOP - J0119,TOP,758.00,303.20,0,10,0.00,0.00,136,Out of Stock (Margin Loss)
6743,MEN5005-KR-XXL,KURTA - MEN5005,KURTA,625.00,250.00,0,10,0.00,0.00,27,Out of Stock (Margin Loss)
6744,J0418-TP-XL,TOP - J0418,TOP,749.00,299.60,0,10,0.00,0.00,3,Out of Stock (Margin Loss)
6745,SET267-KR-NP-XXL,SET - SET267,SET,869.00,347.60,0,10,0.00,0.00,34,Out of Stock (Margin Loss)
6746,BL104-L,BLOUSE - BL104,BLOUSE,529.00,211.60,0,10,0.00,0.00,12,Out of Stock (Margin Loss)
6747,SET385-KR-NP-L,SET - SET385,SET,631.00,252.40,0,10,0.00,0.00,27,Out of Stock (Margin Loss)
6748,SET337-KR-NP-XS,SET - SET337,SET,874.00,349.60,0,10,0.00,0.00,6,Out of Stock (Margin Loss)
6749,NW001-TP-PJ-XXXL,SET - NW001,SET,699.00,279.60,0,10,0.00,0.00,9,Out of Stock (Margin Loss)
6750,JNE3670-TU-L,TOP - JNE3670,TOP,479.00,191.60,0,10,0.00,0.00,21,Out of Stock (Margin Loss)
6751,JNE3608-KR-M,KURTA - JNE3608,KURTA,362.00,144.80,0,10,0.00,0.00,12,Out of Stock (Margin Loss)
6752,JNE3909-KR-XL,KURTA - JNE3909,KURTA,654.00,261.60,0,10,0.00,0.00,2,Out of Stock (Margin Loss)
6753,SET091-KR-NP-XXXL,SET - SET091,SET,477.00,190.80,0,10,0.00,0.00,1,Out of Stock (Margin Loss)
6754,JNE3709-DR-XXXL,WESTERN DRESS - JNE3709,WESTERN DRESS,833.00,333.20,0,10,0.00,0.00,15,Out of Stock (Margin Loss)
6755,J0277-SKD-XXXL,SET - J0277,SET,1556.00,622.40,0,10,0.00,0.00,30,Out of Stock (Margin Loss)
6756,BTM002-L,BOTTOM - BTM002,BOTTOM,518.00,207.20,0,10,0.00,0.00,23,Out of Stock (Margin Loss)
6758,J0137-SET-L,SET - J0137,SET,852.00,340.80,0,10,0.00,0.00,9,Out of Stock (Margin Loss)
6759,J0336-TP-S,TOP - J0336,TOP,665.00,266.00,0,10,0.00,0.00,14,Out of Stock (Margin Loss)
6760,SET344-KR-NP-XS,SET - SET344,SET,968.00,387.20,0,10,0.00,0.00,19,Out of Stock (Margin Loss)
6761,JNE3225-KR-XL,KURTA - JNE3225,KURTA,349.00,139.60,0,10,0.00,0.00,15,Out of Stock (Margin Loss)
6764,J0369-SKD-XS,SET - J0369,SET,1099.00,439.60,0,10,0.00,0.00,4,Out of Stock (Margin Loss)
6765,SET232-KR-PP-XL,SET - SET232,SET,499.00,199.60,0,10,0.00,0.00,14,Out of Stock (Margin Loss)
6766,SET226-KR-PP-XL,SET - SET226,SET,799.00,319.60,0,10,0.00,0.00,16,Out of Stock (Margin Loss)
6767,NW014-ST-SR-XXL,SET - NW014,SET,730.00,292.00,0,10,0.00,0.00,15,Out of Stock (Margin Loss)
6769,JNE3434-KR-XS,KURTA - JNE3434,KURTA,319.00,127.60,0,10,0.00,0.00,9,Out of Stock (Margin Loss)
6770,J0195-TP-XL,TOP - J0195,TOP,665.00,266.00,0,10,0.00,0.00,8,Out of Stock (Margin Loss)
6771,SET075-KR-DH-XXL,SET - SET075,SET,648.00,259.20,0,10,0.00,0.00,7,Out of Stock (Margin Loss)
6772,JNE3770-KR-XL,KURTA - JNE3770,KURTA,487.00,194.80,0,10,0.00,0.00,14,Out of Stock (Margin Loss)
6773,JNE3861-DR-XS,WESTERN DRESS - JNE3861,WESTERN DRESS,1099.00,439.60,0,10,0.00,0.00,18,Out of Stock (Margin Loss)
6774,JNE3637-KR-M,KURTA - JNE3637,KURTA,526.00,210.40,0,10,0.00,0.00,29,Out of Stock (Margin Loss)
6775,J0074-TP-L,TOP - J0074,TOP,294.00,117.60,0,10,0.00,0.00,1,Out of Stock (Margin Loss)
6776,J0026-KR-S,KURTA - J0026,KURTA,318.00,127.20,0,10,0.00,0.00,7,Out of Stock (Margin Loss)
6777,JNE3294-KR-XL,KURTA - JNE3294,KURTA,449.00,179.60,0,10,0.00,0.00,45,Out of Stock (Margin Loss)
6778,BTM041-PP-XXL,BOTTOM - BTM041,BOTTOM,345.00,138.00,0,10,0.00,0.00,4,Out of Stock (Margin Loss)
6779,SET271-KR-NP-XXXL,SET - SET271,SET,885.00,354.00,0,10,0.00,0.00,1,Out of Stock (Margin Loss)
6780,SET415-KR-NP-L,SET - SET415,SET,999.00,399.60,0,10,0.00,0.00,10,Out of Stock (Margin Loss)
6781,BTM027-NP-XXL,BOTTOM - BTM027,BOTTOM,518.00,207.20,0,10,0.00,0.00,7,Out of Stock (Margin Loss)
6782,JNE3770-KR-M,KURTA - JNE3770,KURTA,487.00,194.80,0,10,0.00,0.00,12,Out of Stock (Margin Loss)
6783,J0308-DR-L,WESTERN DRESS - J0308,WESTERN DRESS,925.00,370.00,0,10,0.00,0.00,46,Out of Stock (Margin Loss)
6784,JNE3697-KR-L,KURTA - JNE3697,KURTA,517.00,206.80,0,10,0.00,0.00,88,Out of Stock (Margin Loss)
6785,JNE3480-KR-L,KURTA - JNE3480,KURTA,301.00,120.40,0,10,0.00,0.00,17,Out of Stock (Margin Loss)
6786,JNE3905-DR-XS,WESTERN DRESS - JNE3905,WESTERN DRESS,869.00,347.60,0,10,0.00,0.00,11,Out of Stock (Margin Loss)
6787,SET376-KR-NP-XXXL,SET - SET376,SET,666.00,266.40,0,10,0.00,0.00,10,Out of Stock (Margin Loss)
6788,JNE3784-KR-XXXL,KURTA - JNE3784,KURTA,517.00,206.80,0,10,0.00,0.00,70,Out of Stock (Margin Loss)
6789,J0395-DR-XS,WESTERN DRESS - J0395,WESTERN DRESS,859.00,343.60,0,10,0.00,0.00,6,Out of Stock (Margin Loss)
6790,MEN5022-KR-XL,KURTA - MEN5022,KURTA,777.00,310.80,0,10,0.00,0.00,58,Out of Stock (Margin Loss)
6791,J0096-KR-XXL,KURTA - J0096,KURTA,635.00,254.00,0,10,0.00,0.00,53,Out of Stock (Margin Loss)
6792,J0415-DR-S,WESTERN DRESS - J0415,WESTERN DRESS,1249.00,499.60,0,10,0.00,0.00,8,Out of Stock (Margin Loss)
6793,JNE3482-KR-M,KURTA - JNE3482,KURTA,330.00,132.00,0,10,0.00,0.00,10,Out of Stock (Margin Loss)
6794,JNE3700-KR-M,KURTA - JNE3700,KURTA,318.00,127.20,0,10,0.00,0.00,1,Out of Stock (Margin Loss)
6795,JNE3412-KR-L,KURTA - JNE3412,KURTA,435.00,174.00,0,10,0.00,0.00,15,Out of Stock (Margin Loss)
6796,JNE2170-KR-436-XXXL,KURTA - JNE2170,KURTA,518.00,207.20,0,10,0.00,0.00,10,Out of Stock (Margin Loss)
6797,JNE3863-TU-XS,TOP - JNE3863,TOP,574.00,229.60,0,10,0.00,0.00,12,Out of Stock (Margin Loss)
5397,NW022-TP-PJ-XS,SET - NW022,SET,744.00,297.60,0,10,0.00,0.00,12,Out of Stock (Margin Loss)
5398,JNE3709-DR-XS,WESTERN DRESS - JNE3709,WESTERN DRESS,1013.00,405.20,0,10,0.00,0.00,13,Out of Stock (Margin Loss)
5399,JNE3559-KR-XS,KURTA - JNE3559,KURTA,487.00,194.80,0,10,0.00,0.00,1,Out of Stock (Margin Loss)
5400,J0085-TP-XS,TOP - J0085,TOP,360.00,144.00,0,10,0.00,0.00,2,Out of Stock (Margin Loss)
5401,J0074-TP-XL,TOP - J0074,TOP,351.00,140.40,0,10,0.00,0.00,2,Out of Stock (Margin Loss)
5402,MEN5032-KR-XXL,KURTA - MEN5032,KURTA,811.00,324.40,0,10,0.00,0.00,41,Out of Stock (Margin Loss)
5403,SET246-KR-PP-M,SET - SET246,SET,455.00,182.00,0,10,0.00,0.00,21,Out of Stock (Margin Loss)
5404,NW002-TP-PJ-M,SET - NW002,SET,474.00,189.60,0,10,0.00,0.00,14,Out of Stock (Margin Loss)
5406,SET083-KR-PP-XL,SET - SET083,SET,662.00,264.80,0,10,0.00,0.00,7,Out of Stock (Margin Loss)
5407,J0230-SKD-XXXL,SET - J0230,SET,1349.00,539.60,0,10,0.00,0.00,25,Out of Stock (Margin Loss)
5408,JNE3257-KR-S,KURTA - JNE3257,KURTA,436.00,174.40,0,10,0.00,0.00,1,Out of Stock (Margin Loss)
5409,MEN5024-KR-XXXL,KURTA - MEN5024,KURTA,665.00,266.00,0,10,0.00,0.00,18,Out of Stock (Margin Loss)
5410,SET386-KR-NP-XXL,SET - SET386,SET,699.00,279.60,0,10,0.00,0.00,29,Out of Stock (Margin Loss)
5411,JNE3738-KR-M,KURTA - JNE3738,KURTA,459.00,183.60,0,10,0.00,0.00,13,Out of Stock (Margin Loss)
5412,SET249-KR-NP-XL,SET - SET249,SET,680.00,272.00,0,10,0.00,0.00,15,Out of Stock (Margin Loss)
5413,JNE2009-KR-310-XL,KURTA - JNE2009,KURTA,301.00,120.40,0,10,0.00,0.00,24,Out of Stock (Margin Loss)
5414,JNE3707-DR-XXL,WESTERN DRESS - JNE3707,WESTERN DRESS,581.00,232.40,0,10,0.00,0.00,19,Out of Stock (Margin Loss)
5417,SET415-KR-NP-XS,SET - SET415,SET,999.00,399.60,0,10,0.00,0.00,5,Out of Stock (Margin Loss)
5418,NW031-TP-PJ-XS,SET - NW031,SET,599.00,239.60,0,10,0.00,0.00,6,Out of Stock (Margin Loss)
5419,AN207-PINK-L,BOTTOM - AN207,BOTTOM,322.00,128.80,0,10,0.00,0.00,1,Out of Stock (Margin Loss)
5421,SET058-KR-NP-XL,SET - SET058,SET,847.00,338.80,0,10,0.00,0.00,87,Out of Stock (Margin Loss)
5422,SET305-KR-DPT-XS,SET - SET305,SET,967.00,386.80,0,10,0.00,0.00,7,Out of Stock (Margin Loss)
5423,JNE3636-KR-XXL,KURTA - JNE3636,KURTA,459.00,183.60,0,10,0.00,0.00,18,Out of Stock (Margin Loss)
5424,SET274-KR-PP-XXXL,SET - SET274,SET,682.00,272.80,0,10,0.00,0.00,2,Out of Stock (Margin Loss)
5425,JNE3573-KR-XXXL,KURTA - JNE3573,KURTA,381.00,152.40,0,10,0.00,0.00,6,Out of Stock (Margin Loss)
5426,JNE3686-TU-S,TOP - JNE3686,TOP,425.00,170.00,0,10,0.00,0.00,11,Out of Stock (Margin Loss)
5427,J0195-TP-XS,TOP - J0195,TOP,665.00,266.00,0,10,0.00,0.00,6,Out of Stock (Margin Loss)
5428,SET245-KR-NP-XXXL,SET - SET245,SET,999.00,399.60,0,10,0.00,0.00,17,Out of Stock (Margin Loss)
5429,SET291-KR-PP-L,SET - SET291,SET,605.00,242.00,0,10,0.00,0.00,154,Out of Stock (Margin Loss)
5430,J0380-SKD-XXXL,SET - J0380,SET,1438.00,575.20,0,10,0.00,0.00,6,Out of Stock (Margin Loss)
5431,SET343-KR-NP-L,SET - SET343,SET,916.00,366.40,0,10,0.00,0.00,39,Out of Stock (Margin Loss)
5432,MEN5013-KR-XXL,KURTA - MEN5013,KURTA,709.00,283.60,0,10,0.00,0.00,28,Out of Stock (Margin Loss)
5433,JNE3642-TP-L,TOP - JNE3642,TOP,321.00,128.40,0,10,0.00,0.00,12,Out of Stock (Margin Loss)
5435,JNE3555-KR-L,KURTA - JNE3555,KURTA,487.00,194.80,0,10,0.00,0.00,61,Out of Stock (Margin Loss)
5436,JNE3575-KR-XXXL,KURTA - JNE3575,KURTA,471.00,188.40,0,10,0.00,0.00,4,Out of Stock (Margin Loss)
5437,J0234-SKD-S,SET - J0234,SET,1228.00,491.20,0,10,0.00,0.00,13,Out of Stock (Margin Loss)
5438,J0207-DR-XXL,WESTERN DRESS - J0207,WESTERN DRESS,1168.00,467.20,0,10,0.00,0.00,16,Out of Stock (Margin Loss)
5439,MEN5006-KR-S,KURTA - MEN5006,KURTA,665.00,266.00,0,10,0.00,0.00,8,Out of Stock (Margin Loss)
5440,MEN5030-KR-XL,KURTA - MEN5030,KURTA,590.00,236.00,0,10,0.00,0.00,9,Out of Stock (Margin Loss)
5441,JNE3759-KR-XXL,KURTA - JNE3759,KURTA,544.00,217.60,0,10,0.00,0.00,17,Out of Stock (Margin Loss)
5442,SET143-KR-PP-M,SET - SET143,SET,534.00,213.60,0,10,0.00,0.00,1,Out of Stock (Margin Loss)
5443,J0279-SET-S,SET - J0279,SET,955.00,382.00,0,10,0.00,0.00,16,Out of Stock (Margin Loss)
5444,J0190-TP-M,TOP - J0190,TOP,345.00,138.00,0,10,0.00,0.00,1,Out of Stock (Margin Loss)
5445,JNE3520-KR-XS,KURTA - JNE3520,KURTA,419.00,167.60,0,10,0.00,0.00,1,Out of Stock (Margin Loss)
5446,SET131-KR-NP-S,SET - SET131,SET,666.00,266.40,0,10,0.00,0.00,6,Out of Stock (Margin Loss)
5447,JNE3491-KR-S,KURTA - JNE3491,KURTA,349.00,139.60,0,10,0.00,0.00,1,Out of Stock (Margin Loss)
5449,JNE3695-KR-M,KURTA - JNE3695,KURTA,301.00,120.40,0,10,0.00,0.00,10,Out of Stock (Margin Loss)
5450,SET339-KR-NP-XXXL,SET - SET339,SET,736.00,294.40,0,10,0.00,0.00,43,Out of Stock (Margin Loss)
5451,J0332-DR-XS,WESTERN DRESS - J0332,WESTERN DRESS,699.00,279.60,0,10,0.00,0.00,13,Out of Stock (Margin Loss)
5452,JNE3637-KR-XXL,KURTA - JNE3637,KURTA,526.00,210.40,0,10,0.00,0.00,24,Out of Stock (Margin Loss)
5453,MEN5001-KR-XXXL,KURTA - MEN5001,KURTA,655.00,262.00,0,10,0.00,0.00,11,Out of Stock (Margin Loss)
5454,J0109-SKD-M,SET - J0109,SET,1199.00,479.60,0,10,0.00,0.00,7,Out of Stock (Margin Loss)
5455,MEN5003-KR-XXXL,KURTA - MEN5003,KURTA,633.00,253.20,0,10,0.00,0.00,15,Out of Stock (Margin Loss)
5457,SET302-KR-PP-L,SET - SET302,SET,939.00,375.60,0,10,0.00,0.00,24,Out of Stock (Margin Loss)
5458,SET325-KR-NP-XL,SET - SET325,SET,666.00,266.40,0,10,0.00,0.00,17,Out of Stock (Margin Loss)
5459,SET130-KR-NP-L,SET - SET130,SET,612.00,244.80,0,10,0.00,0.00,12,Out of Stock (Margin Loss)
5460,JNE3570-KR-XS,KURTA - JNE3570,KURTA,328.00,131.20,0,10,0.00,0.00,5,Out of Stock (Margin Loss)
5462,J0208-DR-S,WESTERN DRESS - J0208,WESTERN DRESS,721.00,288.40,0,10,0.00,0.00,7,Out of Stock (Margin Loss)
5463,SET311-KR-NP-L,SET - SET311,SET,974.00,389.60,0,10,0.00,0.00,3,Out of Stock (Margin Loss)
5464,J0291-JS-S,SET - J0291,SET,859.00,343.60,0,10,0.00,0.00,7,Out of Stock (Margin Loss)
5465,JNE3635-KR-XS,KURTA - JNE3635,KURTA,345.00,138.00,0,10,0.00,0.00,8,Out of Stock (Margin Loss)
5466,JNE3500-KR-M,KURTA - JNE3500,KURTA,364.00,145.60,0,10,0.00,0.00,16,Out of Stock (Margin Loss)
5467,JNE3531-KR-XL,KURTA - JNE3531,KURTA,329.00,131.60,0,10,0.00,0.00,2,Out of Stock (Margin Loss)
5468,J0178-TP-L,TOP - J0178,TOP,311.00,124.40,0,10,0.00,0.00,20,Out of Stock (Margin Loss)
5469,SET335-KR-NP-XXXL,SET - SET335,SET,771.00,308.40,0,10,0.00,0.00,11,Out of Stock (Margin Loss)
5470,JNE3291-KR-XL,KURTA - JNE3291,KURTA,499.00,199.60,0,10,0.00,0.00,189,Out of Stock (Margin Loss)
5471,JNE3291-KR-XXXL,KURTA - JNE3291,KURTA,499.00,199.60,0,10,0.00,0.00,54,Out of Stock (Margin Loss)
5472,JNE3404-KR-XXXL,KURTA - JNE3404,KURTA,517.00,206.80,0,10,0.00,0.00,5,Out of Stock (Margin Loss)
5473,JNE3458-KR-M,KURTA - JNE3458,KURTA,399.00,159.60,0,10,0.00,0.00,24,Out of Stock (Margin Loss)
5474,JNE3466-KR-S,KURTA - JNE3466,KURTA,771.00,308.40,0,10,0.00,0.00,5,Out of Stock (Margin Loss)
5475,SET232-KR-PP-M,SET - SET232,SET,499.00,199.60,0,10,0.00,0.00,13,Out of Stock (Margin Loss)
5476,JNE3749-KR-M,KURTA - JNE3749,KURTA,469.00,187.60,0,10,0.00,0.00,10,Out of Stock (Margin Loss)
5479,J0247-SKD-S,SET - J0247,SET,820.00,328.00,0,10,0.00,0.00,10,Out of Stock (Margin Loss)
5480,NW015-TP-PJ-M,SET - NW015,SET,699.00,279.60,0,10,0.00,0.00,19,Out of Stock (Margin Loss)
5481,JNE3473-KR-XL,KURTA - JNE3473,KURTA,487.00,194.80,0,10,0.00,0.00,9,Out of Stock (Margin Loss)
5482,JNE3518-KR-XXL,KURTA - JNE3518,KURTA,487.00,194.80,0,10,0.00,0.00,51,Out of Stock (Margin Loss)
5483,SET262-KR-NP-L,SET - SET262,SET,595.00,238.00,0,10,0.00,0.00,28,Out of Stock (Margin Loss)
5484,JNE3483-KR-L,KURTA - JNE3483,KURTA,380.00,152.00,0,10,0.00,0.00,3,Out of Stock (Margin Loss)
5485,J0238-LCD-XXXL,SET - J0238,SET,2299.00,919.60,0,10,0.00,0.00,2,Out of Stock (Margin Loss)
5486,JNE3760-KR-XXL,KURTA - JNE3760,KURTA,432.00,172.80,0,10,0.00,0.00,6,Out of Stock (Margin Loss)
5487,J0314-KR-S,KURTA - J0314,KURTA,761.00,304.40,0,10,0.00,0.00,2,Out of Stock (Margin Loss)
5488,J0374-KR-XS,KURTA - J0374,KURTA,614.00,245.60,0,10,0.00,0.00,2,Out of Stock (Margin Loss)
5489,JNE3042-KR-L,KURTA - JNE3042,KURTA,295.00,118.00,0,10,0.00,0.00,6,Out of Stock (Margin Loss)
5490,J0179-KR-XL,KURTA - J0179,KURTA,696.00,278.40,0,10,0.00,0.00,18,Out of Stock (Margin Loss)
5492,SET392-KR-NP-S,SET - SET392,SET,799.00,319.60,0,10,0.00,0.00,61,Out of Stock (Margin Loss)
5493,JNE2131-KR-A-S,KURTA - JNE2131,KURTA,599.00,239.60,0,10,0.00,0.00,1,Out of Stock (Margin Loss)
5495,SET347-KR-NP-L,SET - SET347,SET,852.00,340.80,0,10,0.00,0.00,39,Out of Stock (Margin Loss)
5496,J0414-DR-L,WESTERN DRESS - J0414,WESTERN DRESS,1229.00,491.60,0,10,0.00,0.00,5,Out of Stock (Margin Loss)
5497,JNE3501-KR-S,KURTA - JNE3501,KURTA,419.00,167.60,0,10,0.00,0.00,8,Out of Stock (Margin Loss)
5498,JNE3784-KR-XL,KURTA - JNE3784,KURTA,517.00,206.80,0,10,0.00,0.00,110,Out of Stock (Margin Loss)
5500,JNE3704-KR-M,KURTA - JNE3704,KURTA,487.00,194.80,0,10,0.00,0.00,11,Out of Stock (Margin Loss)
5501,BTM038-PP-L,BOTTOM - BTM038,BOTTOM,379.00,151.60,0,10,0.00,0.00,15,Out of Stock (Margin Loss)
5502,J0110-SKD-S,SET - J0110,SET,864.00,345.60,0,10,0.00,0.00,5,Out of Stock (Margin Loss)
5503,NW035-ST-CP-S,SET - NW035,SET,599.00,239.60,0,10,0.00,0.00,4,Out of Stock (Margin Loss)
5504,JNE3483-KR-XXXL,KURTA - JNE3483,KURTA,380.00,152.00,0,10,0.00,0.00,5,Out of Stock (Margin Loss)
5506,J0319-KR-XL,KURTA - J0319,KURTA,0.00,0.00,0,10,0.00,0.00,1,Out of Stock (Margin Loss)
5507,BL089-XXL,BLOUSE - BL089,BLOUSE,273.00,109.20,0,10,0.00,0.00,1,Out of Stock (Margin Loss)
5510,SET043-KR-NP-XL,SET - SET043,SET,999.00,399.60,0,10,0.00,0.00,24,Out of Stock (Margin Loss)
5511,JNE3252-KR-XL,KURTA - JNE3252,KURTA,638.00,255.20,0,10,0.00,0.00,33,Out of Stock (Margin Loss)
5512,MEN5016-KR-M,KURTA - MEN5016,KURTA,665.00,266.00,0,10,0.00,0.00,16,Out of Stock (Margin Loss)
5513,J0229-SKD-S,SET - J0229,SET,1249.00,499.60,0,10,0.00,0.00,1,Out of Stock (Margin Loss)
5514,JNE3601-KR-S,KURTA - JNE3601,KURTA,329.00,131.60,0,10,0.00,0.00,4,Out of Stock (Margin Loss)
5515,SET275-KR-NP-XXL,SET - SET275,SET,630.00,252.00,0,10,0.00,0.00,17,Out of Stock (Margin Loss)
5516,JNE3543-KR-XS,KURTA - JNE3543,KURTA,368.00,147.20,0,10,0.00,0.00,35,Out of Stock (Margin Loss)
5517,SET322-KR-SHA-XXL,SET - SET322,SET,1099.00,439.60,0,10,0.00,0.00,22,Out of Stock (Margin Loss)
5518,SET389-KR-NP-XS,SET - SET389,SET,749.00,299.60,0,10,0.00,0.00,18,Out of Stock (Margin Loss)
5519,SET300-KR-NP-XXL,SET - SET300,SET,999.00,399.60,0,10,0.00,0.00,14,Out of Stock (Margin Loss)
5520,SET257-KR-PP-S,SET - SET257,SET,568.00,227.20,0,10,0.00,0.00,25,Out of Stock (Margin Loss)
5521,BTM043-PP-XXL,BOTTOM - BTM043,BOTTOM,379.00,151.60,0,10,0.00,0.00,4,Out of Stock (Margin Loss)
5522,J0166-DR-M,WESTERN DRESS - J0166,WESTERN DRESS,458.00,183.20,0,10,0.00,0.00,3,Out of Stock (Margin Loss)
5523,JNE3420-KR-M,KURTA - JNE3420,KURTA,301.00,120.40,0,10,0.00,0.00,5,Out of Stock (Margin Loss)
5524,JNE3619-KR-XS,KURTA - JNE3619,KURTA,330.00,132.00,0,10,0.00,0.00,16,Out of Stock (Margin Loss)
5525,J0414-DR-XL,WESTERN DRESS - J0414,WESTERN DRESS,1168.00,467.20,0,10,0.00,0.00,5,Out of Stock (Margin Loss)
5526,J0239-SKD-L,SET - J0239,SET,1399.00,559.60,0,10,0.00,0.00,20,Out of Stock (Margin Loss)
5527,JNE3654-TP-XXL,TOP - JNE3654,TOP,457.00,182.80,0,10,0.00,0.00,29,Out of Stock (Margin Loss)
5528,JNE3539-KR-XXL,KURTA - JNE3539,KURTA,329.00,131.60,0,10,0.00,0.00,6,Out of Stock (Margin Loss)
5529,J0173-DR-XL,WESTERN DRESS - J0173,WESTERN DRESS,0.00,0.00,0,10,0.00,0.00,2,Out of Stock (Margin Loss)
5531,JNE3869-DR-L,WESTERN DRESS - JNE3869,WESTERN DRESS,998.00,399.20,0,10,0.00,0.00,26,Out of Stock (Margin Loss)
5532,JNE3369-KR-M,KURTA - JNE3369,KURTA,487.00,194.80,0,10,0.00,0.00,2,Out of Stock (Margin Loss)
5533,BL101-S,BLOUSE - BL101,BLOUSE,249.00,99.60,0,10,0.00,0.00,2,Out of Stock (Margin Loss)
5534,SET320-KR-NP-XL,SET - SET320,SET,856.00,342.40,0,10,0.00,0.00,14,Out of Stock (Margin Loss)
5535,JNE3539-KR-XXXL,KURTA - JNE3539,KURTA,361.00,144.40,0,10,0.00,0.00,7,Out of Stock (Margin Loss)
5536,NW037-TP-SR-XXXL,SET - NW037,SET,450.00,180.00,0,10,0.00,0.00,8,Out of Stock (Margin Loss)
5537,JNE3870-DR-M,WESTERN DRESS - JNE3870,WESTERN DRESS,998.00,399.20,0,10,0.00,0.00,32,Out of Stock (Margin Loss)
5538,SET128-KR-DH-XL,SET - SET128,SET,1133.00,453.20,0,10,0.00,0.00,8,Out of Stock (Margin Loss)
5539,JNE1977-KR-237-XS,KURTA - JNE1977,KURTA,301.00,120.40,0,10,0.00,0.00,13,Out of Stock (Margin Loss)
5540,JNE3758-KR-L,KURTA - JNE3758,KURTA,376.00,150.40,0,10,0.00,0.00,22,Out of Stock (Margin Loss)
5541,JNE3833-KR-XXL,KURTA - JNE3833,KURTA,549.00,219.60,0,10,0.00,0.00,13,Out of Stock (Margin Loss)
5542,SAR112,SAREE - SAR112,SAREE,1198.00,479.20,0,10,0.00,0.00,2,Out of Stock (Margin Loss)
5543,NW022-TP-PJ-M,SET - NW022,SET,590.00,236.00,0,10,0.00,0.00,4,Out of Stock (Margin Loss)
5544,BTM003-XXXL,BOTTOM - BTM003,BOTTOM,518.00,207.20,0,10,0.00,0.00,7,Out of Stock (Margin Loss)
2482,J0310-TP-XS,TOP - J0310,TOP,339.00,135.60,0,10,0.00,0.00,1,Out of Stock (Margin Loss)
2483,NW020-ST-SR-XS,SET - NW020,SET,674.00,269.60,0,10,0.00,0.00,18,Out of Stock (Margin Loss)
2484,JNE3457-KR-XXXL,KURTA - JNE3457,KURTA,313.00,125.20,0,10,0.00,0.00,3,Out of Stock (Margin Loss)
2485,SET262-KR-NP-XXL,SET - SET262,SET,633.00,253.20,0,10,0.00,0.00,14,Out of Stock (Margin Loss)
2486,JNE3579-KR-M,KURTA - JNE3579,KURTA,301.00,120.40,0,10,0.00,0.00,21,Out of Stock (Margin Loss)
2487,JNE3487-KR-S,KURTA - JNE3487,KURTA,362.00,144.80,0,10,0.00,0.00,40,Out of Stock (Margin Loss)
2488,JNE3431-KR-M,KURTA - JNE3431,KURTA,349.00,139.60,0,10,0.00,0.00,19,Out of Stock (Margin Loss)
2489,JNE3774-KR-XL,KURTA - JNE3774,KURTA,474.00,189.60,0,10,0.00,0.00,10,Out of Stock (Margin Loss)
2490,NW034-TP-PJ-XL,SET - NW034,SET,613.00,245.20,0,10,0.00,0.00,27,Out of Stock (Margin Loss)
2491,JNE3837-KR-XS,KURTA - JNE3837,KURTA,635.00,254.00,0,10,0.00,0.00,12,Out of Stock (Margin Loss)
2492,BTM030-NP-S,BOTTOM - BTM030,BOTTOM,0.00,0.00,0,10,0.00,0.00,3,Out of Stock (Margin Loss)
2493,J0345-SET-XXL,SET - J0345,SET,499.00,199.60,0,10,0.00,0.00,11,Out of Stock (Margin Loss)
2494,J0100-DR-XS,WESTERN DRESS - J0100,WESTERN DRESS,1099.00,439.60,0,10,0.00,0.00,1,Out of Stock (Margin Loss)
2495,JNE3363-KR-1032-L,KURTA - JNE3363,KURTA,399.00,159.60,0,10,0.00,0.00,20,Out of Stock (Margin Loss)
2496,BL109-S,BLOUSE - BL109,BLOUSE,487.00,194.80,0,10,0.00,0.00,1,Out of Stock (Margin Loss)
2497,BTM040-PP-M,BOTTOM - BTM040,BOTTOM,331.00,132.40,0,10,0.00,0.00,3,Out of Stock (Margin Loss)
2498,J0110-SKD-M,SET - J0110,SET,937.00,374.80,0,10,0.00,0.00,16,Out of Stock (Margin Loss)
2500,JNE3792-KR-XXL,KURTA - JNE3792,KURTA,499.00,199.60,0,10,0.00,0.00,6,Out of Stock (Margin Loss)
2501,MEN5005-KR-XL,KURTA - MEN5005,KURTA,625.00,250.00,0,10,0.00,0.00,6,Out of Stock (Margin Loss)
2502,JNE3736-KR-XXL,KURTA - JNE3736,KURTA,399.00,159.60,0,10,0.00,0.00,3,Out of Stock (Margin Loss)
2503,JNE3890-TP-XXXL,TOP - JNE3890,TOP,621.00,248.40,0,10,0.00,0.00,1,Out of Stock (Margin Loss)
2504,JNE3636-KR-XL,KURTA - JNE3636,KURTA,459.00,183.60,0,10,0.00,0.00,30,Out of Stock (Margin Loss)
2505,SET353-KR-NP-L,SET - SET353,SET,888.00,355.20,0,10,0.00,0.00,13,Out of Stock (Margin Loss)
2506,JNE3479-KR-L,KURTA - JNE3479,KURTA,301.00,120.40,0,10,0.00,0.00,26,Out of Stock (Margin Loss)
2507,J0229-SKD-XL,SET - J0229,SET,1189.00,475.60,0,10,0.00,0.00,1,Out of Stock (Margin Loss)
2508,BTM041-PP-L,BOTTOM - BTM041,BOTTOM,0.00,0.00,0,10,0.00,0.00,4,Out of Stock (Margin Loss)
2509,JNE2049-KR-351-M,KURTA - JNE2049,KURTA,441.00,176.40,0,10,0.00,0.00,12,Out of Stock (Margin Loss)
2510,JNE2291-KR-602-XXXL,KURTA - JNE2291,KURTA,382.00,152.80,0,10,0.00,0.00,14,Out of Stock (Margin Loss)
2511,SET277-KR-NP-S,SET - SET277,SET,1354.00,541.60,0,10,0.00,0.00,17,Out of Stock (Margin Loss)
2512,J0088-TP-S,TOP - J0088,TOP,497.00,198.80,0,10,0.00,0.00,6,Out of Stock (Margin Loss)
2513,SET165-KR-PP-L,SET - SET165,SET,567.00,226.80,0,10,0.00,0.00,3,Out of Stock (Margin Loss)
2514,JNE3780-KR-L,KURTA - JNE3780,KURTA,325.00,130.00,0,10,0.00,0.00,5,Out of Stock (Margin Loss)
2515,JNE3468-KR-L,KURTA - JNE3468,KURTA,399.00,159.60,0,10,0.00,0.00,123,Out of Stock (Margin Loss)
5546,JNE3738-KR-XL,KURTA - JNE3738,KURTA,459.00,183.60,0,10,0.00,0.00,17,Out of Stock (Margin Loss)
5547,JNE3804-KR-L,KURTA - JNE3804,KURTA,487.00,194.80,0,10,0.00,0.00,12,Out of Stock (Margin Loss)
5548,J0348-SET-XL,SET - J0348,SET,519.00,207.60,0,10,0.00,0.00,11,Out of Stock (Margin Loss)
5549,JNE3606-KR-S,KURTA - JNE3606,KURTA,487.00,194.80,0,10,0.00,0.00,19,Out of Stock (Margin Loss)
5550,SET357-KR-NP-XXXL,SET - SET357,SET,1149.00,459.60,0,10,0.00,0.00,34,Out of Stock (Margin Loss)
5551,SAR039,SAREE - SAR039,SAREE,956.00,382.40,0,10,0.00,0.00,1,Out of Stock (Margin Loss)
5552,JNE3715-KR-XXL,KURTA - JNE3715,KURTA,301.00,120.40,0,10,0.00,0.00,13,Out of Stock (Margin Loss)
5553,J0168-DR-S,ETHNIC DRESS - J0168,ETHNIC DRESS,460.00,184.00,0,10,0.00,0.00,2,Out of Stock (Margin Loss)
5554,BL098-XS,BLOUSE - BL098,BLOUSE,419.00,167.60,0,10,0.00,0.00,1,Out of Stock (Margin Loss)
5555,JNE3890-TP-XXL,TOP - JNE3890,TOP,721.00,288.40,0,10,0.00,0.00,3,Out of Stock (Margin Loss)
5556,JNE3813-KR-L,KURTA - JNE3813,KURTA,627.00,250.80,0,10,0.00,0.00,5,Out of Stock (Margin Loss)
5557,JNE3875-KR-XL,KURTA - JNE3875,KURTA,599.00,239.60,0,10,0.00,0.00,4,Out of Stock (Margin Loss)
5558,J0372-SKD-XL,SET - J0372,SET,1099.00,439.60,0,10,0.00,0.00,5,Out of Stock (Margin Loss)
5559,JNE3288-KR-L,KURTA - JNE3288,KURTA,442.00,176.80,0,10,0.00,0.00,34,Out of Stock (Margin Loss)
5560,JNE3042-KR-M,KURTA - JNE3042,KURTA,301.00,120.40,0,10,0.00,0.00,10,Out of Stock (Margin Loss)
5561,JNE3836-KR-XXL,KURTA - JNE3836,KURTA,666.00,266.40,0,10,0.00,0.00,27,Out of Stock (Margin Loss)
5562,BL099-S,BLOUSE - BL099,BLOUSE,259.00,103.60,0,10,0.00,0.00,3,Out of Stock (Margin Loss)
5563,SET395-KR-NP-L,SET - SET395,SET,1147.00,458.80,0,10,0.00,0.00,14,Out of Stock (Margin Loss)
5564,J0195-TP-L,TOP - J0195,TOP,665.00,266.00,0,10,0.00,0.00,7,Out of Stock (Margin Loss)
5565,PJNE3291-KR-5XL,KURTA - PJNE3291,KURTA,869.00,347.60,0,10,0.00,0.00,22,Out of Stock (Margin Loss)
5566,SET398-KR-PP-XL,SET - SET398,SET,1249.00,499.60,0,10,0.00,0.00,50,Out of Stock (Margin Loss)
5567,JNE3698-KR-XXL,KURTA - JNE3698,KURTA,487.00,194.80,0,10,0.00,0.00,33,Out of Stock (Margin Loss)
5568,MEN5008-KR-XXXL,KURTA - MEN5008,KURTA,709.00,283.60,0,10,0.00,0.00,12,Out of Stock (Margin Loss)
5569,J0164-DR-M,ETHNIC DRESS - J0164,ETHNIC DRESS,438.00,175.20,0,10,0.00,0.00,30,Out of Stock (Margin Loss)
5570,J0334-TP-XS,TOP - J0334,TOP,794.00,317.60,0,10,0.00,0.00,20,Out of Stock (Margin Loss)
5571,SET196-KR-NP-XXXL,SET - SET196,SET,799.00,319.60,0,10,0.00,0.00,12,Out of Stock (Margin Loss)
5572,JNE3736-KR-M,KURTA - JNE3736,KURTA,421.00,168.40,0,10,0.00,0.00,10,Out of Stock (Margin Loss)
5573,J0123-TP-XL,TOP - J0123,TOP,267.00,106.80,0,10,0.00,0.00,10,Out of Stock (Margin Loss)
5574,JNE3825-KR-XXXL,KURTA - JNE3825,KURTA,449.00,179.60,0,10,0.00,0.00,2,Out of Stock (Margin Loss)
5575,JNE3559-KR-M,KURTA - JNE3559,KURTA,487.00,194.80,0,10,0.00,0.00,1,Out of Stock (Margin Loss)
5576,SET171-KR-NP-XXXL,SET - SET171,SET,817.00,326.80,0,10,0.00,0.00,35,Out of Stock (Margin Loss)
5577,JNE3708-TU-XXL,TOP - JNE3708,TOP,987.00,394.80,0,10,0.00,0.00,17,Out of Stock (Margin Loss)
5578,JNE3798-KR-XS,WESTERN DRESS - JNE3798,WESTERN DRESS,771.00,308.40,0,10,0.00,0.00,53,Out of Stock (Margin Loss)
5579,SET048-KR-NP-XS,SET - SET048,SET,648.00,259.20,0,10,0.00,0.00,18,Out of Stock (Margin Loss)
5580,JNE3541-KR-S,KURTA - JNE3541,KURTA,368.00,147.20,0,10,0.00,0.00,5,Out of Stock (Margin Loss)
5581,SET345-KR-NP-XXL,SET - SET345,SET,666.00,266.40,0,10,0.00,0.00,139,Out of Stock (Margin Loss)
5582,JNE3288-KR-XXXL,KURTA - JNE3288,KURTA,480.00,192.00,0,10,0.00,0.00,20,Out of Stock (Margin Loss)
5583,JNE3633-KR-XL,KURTA - JNE3633,KURTA,459.00,183.60,0,10,0.00,0.00,35,Out of Stock (Margin Loss)
5584,BTM032-NP-XS,BOTTOM - BTM032,BOTTOM,297.00,118.80,0,10,0.00,0.00,2,Out of Stock (Margin Loss)
5585,BL103-XS,BLOUSE - BL103,BLOUSE,460.00,184.00,0,10,0.00,0.00,3,Out of Stock (Margin Loss)
5586,JNE3434-KR-M,KURTA - JNE3434,KURTA,337.00,134.80,0,10,0.00,0.00,20,Out of Stock (Margin Loss)
5587,SET336-KR-NP-S,SET - SET336,SET,833.00,333.20,0,10,0.00,0.00,7,Out of Stock (Margin Loss)
5588,JNE3265-KR-XL,KURTA - JNE3265,KURTA,329.00,131.60,0,10,0.00,0.00,18,Out of Stock (Margin Loss)
5590,SET364-KR-NP-L,SET - SET364,SET,1338.00,535.20,0,10,0.00,0.00,33,Out of Stock (Margin Loss)
5591,J0132-KR-XXL,KURTA - J0132,KURTA,362.00,144.80,0,10,0.00,0.00,22,Out of Stock (Margin Loss)
5592,SET304-KR-DPT-L,SET - SET304,SET,1201.00,480.40,0,10,0.00,0.00,81,Out of Stock (Margin Loss)
5593,JNE3261-KR-XXXL,KURTA - JNE3261,KURTA,376.00,150.40,0,10,0.00,0.00,19,Out of Stock (Margin Loss)
5594,JNE3890-TP-L,TOP - JNE3890,TOP,602.00,240.80,0,10,0.00,0.00,2,Out of Stock (Margin Loss)
5595,SET410-KR-NP-XL,SET - SET410,SET,568.00,227.20,0,10,0.00,0.00,1,Out of Stock (Margin Loss)
5596,SET147-KR-NP-XL,SET - SET147,SET,684.00,273.60,0,10,0.00,0.00,13,Out of Stock (Margin Loss)
5597,JNE3534-KR-XS,KURTA - JNE3534,KURTA,329.00,131.60,0,10,0.00,0.00,7,Out of Stock (Margin Loss)
5598,JNE3801-KR-L,KURTA - JNE3801,KURTA,771.00,308.40,0,10,0.00,0.00,118,Out of Stock (Margin Loss)
5599,JNE3479-KR-XXL,KURTA - JNE3479,KURTA,301.00,120.40,0,10,0.00,0.00,24,Out of Stock (Margin Loss)
5600,J0219-BL-M,BLOUSE - J0219,BLOUSE,794.00,317.60,0,10,0.00,0.00,22,Out of Stock (Margin Loss)
5601,J0216-BL-L,BLOUSE - J0216,BLOUSE,869.00,347.60,0,10,0.00,0.00,17,Out of Stock (Margin Loss)
5602,J0379-SKD-S,SET - J0379,SET,1369.00,547.60,0,10,0.00,0.00,27,Out of Stock (Margin Loss)
5603,J0190-TP-S,TOP - J0190,TOP,360.00,144.00,0,10,0.00,0.00,7,Out of Stock (Margin Loss)
5604,SET433-KR-NP-M,SET - SET433,SET,666.00,266.40,0,10,0.00,0.00,16,Out of Stock (Margin Loss)
5605,JNE3879-DR-S,WESTERN DRESS - JNE3879,WESTERN DRESS,864.00,345.60,0,10,0.00,0.00,4,Out of Stock (Margin Loss)
5606,SET437-KR-PP-XXXL,SET - SET437,SET,1281.00,512.40,0,10,0.00,0.00,1,Out of Stock (Margin Loss)
5607,AN212-WHITE-L,BOTTOM - AN212,BOTTOM,322.00,128.80,0,10,0.00,0.00,1,Out of Stock (Margin Loss)
5608,PJNE3607-KR-5XL,KURTA - PJNE3607,KURTA,869.00,347.60,0,10,0.00,0.00,14,Out of Stock (Margin Loss)
5609,J0041-SET-XL,SET - J0041,SET,899.00,359.60,0,10,0.00,0.00,90,Out of Stock (Margin Loss)
5610,SET252-KR-PP-XXL,SET - SET252,SET,759.00,303.60,0,10,0.00,0.00,17,Out of Stock (Margin Loss)
5611,SET316-KR-DPT-L,SET - SET316,SET,1238.00,495.20,0,10,0.00,0.00,25,Out of Stock (Margin Loss)
5613,JNE3621-KR-L,KURTA - JNE3621,KURTA,499.00,199.60,0,10,0.00,0.00,12,Out of Stock (Margin Loss)
5614,NW033-ST-CP-XS,SET - NW033,SET,582.00,232.80,0,10,0.00,0.00,6,Out of Stock (Margin Loss)
5615,SET299-KR-PP-XXL,SET - SET299,SET,889.00,355.60,0,10,0.00,0.00,3,Out of Stock (Margin Loss)
5616,J0120-TP-XS,TOP - J0120,TOP,365.00,146.00,0,10,0.00,0.00,9,Out of Stock (Margin Loss)
5618,J0252-SKD-S,SET - J0252,SET,939.00,375.60,0,10,0.00,0.00,13,Out of Stock (Margin Loss)
5619,SAR152,SAREE - SAR152,SAREE,756.00,302.40,0,10,0.00,0.00,5,Out of Stock (Margin Loss)
5620,BTM032-NP-S,BOTTOM - BTM032,BOTTOM,351.00,140.40,0,10,0.00,0.00,6,Out of Stock (Margin Loss)
5623,J0152-DR-XL,WESTERN DRESS - J0152,WESTERN DRESS,1249.00,499.60,0,10,0.00,0.00,18,Out of Stock (Margin Loss)
5624,J0389-TP-XXXL,TOP - J0389,TOP,665.00,266.00,0,10,0.00,0.00,2,Out of Stock (Margin Loss)
5625,JNE3432-KR-XS,KURTA - JNE3432,KURTA,432.00,172.80,0,10,0.00,0.00,1,Out of Stock (Margin Loss)
5626,JNE3702-KR-L,KURTA - JNE3702,KURTA,359.00,143.60,0,10,0.00,0.00,15,Out of Stock (Margin Loss)
5627,JNE3638-KR-XXL,KURTA - JNE3638,KURTA,517.00,206.80,0,10,0.00,0.00,21,Out of Stock (Margin Loss)
5628,JNE3427-KR-L,KURTA - JNE3427,KURTA,259.00,103.60,0,10,0.00,0.00,5,Out of Stock (Margin Loss)
5629,J0157-DR-XL,WESTERN DRESS - J0157,WESTERN DRESS,956.00,382.40,0,10,0.00,0.00,67,Out of Stock (Margin Loss)
5630,SET365-KR-NP-S,SET - SET365,SET,1299.00,519.60,0,10,0.00,0.00,12,Out of Stock (Margin Loss)
5631,J0130-SET-M,SET - J0130,SET,659.00,263.60,0,10,0.00,0.00,23,Out of Stock (Margin Loss)
5632,BL029-78BLACK,BLOUSE - BL029,BLOUSE,419.00,167.60,0,10,0.00,0.00,1,Out of Stock (Margin Loss)
5633,NW014-ST-SR-XXXL,SET - NW014,SET,560.00,224.00,0,10,0.00,0.00,14,Out of Stock (Margin Loss)
5634,AN207-PINK-XXL,BOTTOM - AN207,BOTTOM,322.00,128.80,0,10,0.00,0.00,1,Out of Stock (Margin Loss)
5635,J0014-LCD-L,SET - J0014,SET,1648.00,659.20,0,10,0.00,0.00,21,Out of Stock (Margin Loss)
5636,J0100-DR-XXL,WESTERN DRESS - J0100,WESTERN DRESS,1499.00,599.60,0,10,0.00,0.00,1,Out of Stock (Margin Loss)
5637,JNE3619-KR-S,KURTA - JNE3619,KURTA,330.00,132.00,0,10,0.00,0.00,28,Out of Stock (Margin Loss)
5638,SET303-KR-NP-S,SET - SET303,SET,888.00,355.20,0,10,0.00,0.00,7,Out of Stock (Margin Loss)
5639,JNE3642-TP-XL,TOP - JNE3642,TOP,329.00,131.60,0,10,0.00,0.00,12,Out of Stock (Margin Loss)
5640,J0114-TP-S,TOP - J0114,TOP,339.00,135.60,0,10,0.00,0.00,4,Out of Stock (Margin Loss)
5641,JNE2009-KR-310-L,KURTA - JNE2009,KURTA,301.00,120.40,0,10,0.00,0.00,20,Out of Stock (Margin Loss)
5642,JNE3860-DR-XL,WESTERN DRESS - JNE3860,WESTERN DRESS,736.00,294.40,0,10,0.00,0.00,18,Out of Stock (Margin Loss)
5643,NW032-ST-CP-S,SET - NW032,SET,496.00,198.40,0,10,0.00,0.00,1,Out of Stock (Margin Loss)
5644,SET303-KR-NP-XS,SET - SET303,SET,888.00,355.20,0,10,0.00,0.00,6,Out of Stock (Margin Loss)
5645,JNE3764-KR-XXXL,KURTA - JNE3764,KURTA,487.00,194.80,0,10,0.00,0.00,31,Out of Stock (Margin Loss)
5646,JNE3807-KR-L,KURTA - JNE3807,KURTA,702.00,280.80,0,10,0.00,0.00,24,Out of Stock (Margin Loss)
5647,SET097-KR-PP-XL,SET - SET097,SET,958.00,383.20,0,10,0.00,0.00,4,Out of Stock (Margin Loss)
5648,J0399-DR-M,WESTERN DRESS - J0399,WESTERN DRESS,791.00,316.40,0,10,0.00,0.00,15,Out of Stock (Margin Loss)
5649,JNE3706-DR-S,WESTERN DRESS - JNE3706,WESTERN DRESS,443.00,177.20,0,10,0.00,0.00,8,Out of Stock (Margin Loss)
5650,BTM031-NP-XL,BOTTOM - BTM031,BOTTOM,518.00,207.20,0,10,0.00,0.00,7,Out of Stock (Margin Loss)
5651,JNE3455-KR-XXXL,KURTA - JNE3455,KURTA,531.00,212.40,0,10,0.00,0.00,5,Out of Stock (Margin Loss)
5652,SET217-KR-PP-M,SET - SET217,SET,859.00,343.60,0,10,0.00,0.00,35,Out of Stock (Margin Loss)
5653,JNE3400-KR-L,KURTA - JNE3400,KURTA,529.00,211.60,0,10,0.00,0.00,14,Out of Stock (Margin Loss)
5654,J0220-BL-S,BLOUSE - J0220,BLOUSE,869.00,347.60,0,10,0.00,0.00,7,Out of Stock (Margin Loss)
5655,SET328-KR-NP-XXL,SET - SET328,SET,635.00,254.00,0,10,0.00,0.00,47,Out of Stock (Margin Loss)
5656,J0212-DR-XXXL,ETHNIC DRESS - J0212,ETHNIC DRESS,1099.00,439.60,0,10,0.00,0.00,21,Out of Stock (Margin Loss)
5657,SET328-KR-NP-S,SET - SET328,SET,635.00,254.00,0,10,0.00,0.00,36,Out of Stock (Margin Loss)
5658,J0402-DR-XL,WESTERN DRESS - J0402,WESTERN DRESS,825.00,330.00,0,10,0.00,0.00,9,Out of Stock (Margin Loss)
5659,JNE3549-KR-M,KURTA - JNE3549,KURTA,329.00,131.60,0,10,0.00,0.00,11,Out of Stock (Margin Loss)
5660,JNE3256-KR-XL,KURTA - JNE3256,KURTA,487.00,194.80,0,10,0.00,0.00,24,Out of Stock (Margin Loss)
5663,JNE3630-KR-XS,KURTA - JNE3630,KURTA,405.00,162.00,0,10,0.00,0.00,2,Out of Stock (Margin Loss)
5664,J0089-TP-M,TOP - J0089,TOP,346.00,138.40,0,10,0.00,0.00,2,Out of Stock (Margin Loss)
5665,SET335-KR-NP-XXL,SET - SET335,SET,771.00,308.40,0,10,0.00,0.00,9,Out of Stock (Margin Loss)
5666,SET431-KR-NP-XL,SET - SET431,SET,845.00,338.00,0,10,0.00,0.00,1,Out of Stock (Margin Loss)
5667,JNE2009-KR-310-XS,KURTA - JNE2009,KURTA,301.00,120.40,0,10,0.00,0.00,5,Out of Stock (Margin Loss)
5668,JNE3879-DR-XXXL,WESTERN DRESS - JNE3879,WESTERN DRESS,864.00,345.60,0,10,0.00,0.00,29,Out of Stock (Margin Loss)
5669,JNE3804-KR-XXL,KURTA - JNE3804,KURTA,487.00,194.80,0,10,0.00,0.00,14,Out of Stock (Margin Loss)
5671,JNE1234-MULTI-KR-032-XL,KURTA - JNE1234,KURTA,307.00,122.80,0,10,0.00,0.00,17,Out of Stock (Margin Loss)
5672,JNE3466-KR-XS,KURTA - JNE3466,KURTA,771.00,308.40,0,10,0.00,0.00,2,Out of Stock (Margin Loss)
5673,JNE3470-KR-S,KURTA - JNE3470,KURTA,329.00,131.60,0,10,0.00,0.00,2,Out of Stock (Margin Loss)
5674,SET444-KR-SH-M,SET - SET444,SET,899.00,359.60,0,10,0.00,0.00,13,Out of Stock (Margin Loss)
5675,JNE2113-KR-381-XXL,KURTA - JNE2113,KURTA,542.00,216.80,0,10,0.00,0.00,10,Out of Stock (Margin Loss)
5676,JNE3817-KR-S,KURTA - JNE3817,KURTA,474.00,189.60,0,10,0.00,0.00,15,Out of Stock (Margin Loss)
5678,SET144-KR-NP-S,SET - SET144,SET,788.00,315.20,0,10,0.00,0.00,39,Out of Stock (Margin Loss)
5679,SET116-KR-NP-S,SET - SET116,SET,591.00,236.40,0,10,0.00,0.00,4,Out of Stock (Margin Loss)
5680,JNE3835-KR-M,KURTA - JNE3835,KURTA,666.00,266.40,0,10,0.00,0.00,17,Out of Stock (Margin Loss)
5681,JNE3888-KR-XL,KURTA - JNE3888,KURTA,1039.00,415.60,0,10,0.00,0.00,10,Out of Stock (Margin Loss)
5682,J0374-KR-M,KURTA - J0374,KURTA,0.00,0.00,0,10,0.00,0.00,0,Out of Stock (Margin Loss)
5683,JNE3864-TU-XS,TOP - JNE3864,TOP,599.00,239.60,0,10,0.00,0.00,6,Out of Stock (Margin Loss)
5684,JNE3718-KR-L,KURTA - JNE3718,KURTA,487.00,194.80,0,10,0.00,0.00,64,Out of Stock (Margin Loss)
5685,BTM042-PP-L,BOTTOM - BTM042,BOTTOM,329.00,131.60,0,10,0.00,0.00,18,Out of Stock (Margin Loss)
5687,JNE3834-KR-XL,KURTA - JNE3834,KURTA,521.00,208.40,0,10,0.00,0.00,10,Out of Stock (Margin Loss)
5688,JNE3394-KR-S,KURTA - JNE3394,KURTA,399.00,159.60,0,10,0.00,0.00,1,Out of Stock (Margin Loss)
5690,BL110-XL,BLOUSE - BL110,BLOUSE,329.00,131.60,0,10,0.00,0.00,6,Out of Stock (Margin Loss)
5691,J0006-SET-L,ETHNIC DRESS - J0006,ETHNIC DRESS,1249.00,499.60,0,10,0.00,0.00,57,Out of Stock (Margin Loss)
5692,SET377-KR-NP-XXXL,SET - SET377,SET,1238.00,495.20,0,10,0.00,0.00,22,Out of Stock (Margin Loss)
5693,SET246-KR-PP-XXL,SET - SET246,SET,455.00,182.00,0,10,0.00,0.00,16,Out of Stock (Margin Loss)
5694,JNE3671-TU-S,TOP - JNE3671,TOP,625.00,250.00,0,10,0.00,0.00,22,Out of Stock (Margin Loss)
5695,J0308-DR-S,WESTERN DRESS - J0308,WESTERN DRESS,879.00,351.60,0,10,0.00,0.00,13,Out of Stock (Margin Loss)
5696,JNE3482-KR-S,KURTA - JNE3482,KURTA,330.00,132.00,0,10,0.00,0.00,24,Out of Stock (Margin Loss)
5697,BTM029-NP-XS,BOTTOM - BTM029,BOTTOM,518.00,207.20,0,10,0.00,0.00,1,Out of Stock (Margin Loss)
5698,J0229-SKD-L,SET - J0229,SET,1189.00,475.60,0,10,0.00,0.00,2,Out of Stock (Margin Loss)
5699,J0235-SKD-L,SET - J0235,SET,1089.00,435.60,0,10,0.00,0.00,5,Out of Stock (Margin Loss)
5700,JNE1951-KR-155-S,KURTA - JNE1951,KURTA,368.00,147.20,0,10,0.00,0.00,4,Out of Stock (Margin Loss)
5701,MEN5010-KR-L,KURTA - MEN5010,KURTA,618.00,247.20,0,10,0.00,0.00,11,Out of Stock (Margin Loss)
5702,JNE3838-KR-XXXL,KURTA - JNE3838,KURTA,487.00,194.80,0,10,0.00,0.00,30,Out of Stock (Margin Loss)
5704,NW006-ST-SR-XS,SET - NW006,SET,496.00,198.40,0,10,0.00,0.00,1,Out of Stock (Margin Loss)
5705,JNE3369-KR-S,KURTA - JNE3369,KURTA,399.00,159.60,0,10,0.00,0.00,1,Out of Stock (Margin Loss)
5706,JNE3795-KR-XXXL,KURTA - JNE3795,KURTA,529.00,211.60,0,10,0.00,0.00,32,Out of Stock (Margin Loss)
5707,J0139-KR-XXL,KURTA - J0139,KURTA,399.00,159.60,0,10,0.00,0.00,28,Out of Stock (Margin Loss)
5708,JNE3421-KR-L,KURTA - JNE3421,KURTA,449.00,179.60,0,10,0.00,0.00,24,Out of Stock (Margin Loss)
5709,J0380-SKD-M,SET - J0380,SET,1438.00,575.20,0,10,0.00,0.00,7,Out of Stock (Margin Loss)
5710,JNE2032-KR-205-L,KURTA - JNE2032,KURTA,316.00,126.40,0,10,0.00,0.00,25,Out of Stock (Margin Loss)
5711,J0248-KR-DPT-M,SET - J0248,SET,999.00,399.60,0,10,0.00,0.00,7,Out of Stock (Margin Loss)
5712,JNE3364-KR-1051-XS,KURTA - JNE3364,KURTA,0.00,0.00,0,10,0.00,0.00,4,Out of Stock (Margin Loss)
5713,J0314-KR-M,KURTA - J0314,KURTA,795.00,318.00,0,10,0.00,0.00,3,Out of Stock (Margin Loss)
5714,J0119-TP-XL,TOP - J0119,TOP,798.00,319.20,0,10,0.00,0.00,167,Out of Stock (Margin Loss)
5715,J0278-SET-XXXL,SET - J0278,SET,761.00,304.40,0,10,0.00,0.00,8,Out of Stock (Margin Loss)
5717,SET322-KR-SHA-M,SET - SET322,SET,1120.00,448.00,0,10,0.00,0.00,25,Out of Stock (Margin Loss)
5718,J0087-TP-M,TOP - J0087,TOP,329.00,131.60,0,10,0.00,0.00,11,Out of Stock (Margin Loss)
5719,SET286-KR-NP-XS,SET - SET286,SET,666.00,266.40,0,10,0.00,0.00,27,Out of Stock (Margin Loss)
5720,JNE3752-KR-XL,KURTA - JNE3752,KURTA,362.00,144.80,0,10,0.00,0.00,4,Out of Stock (Margin Loss)
5721,SET360-KR-NP-S,SET - SET360,SET,1338.00,535.20,0,10,0.00,0.00,14,Out of Stock (Margin Loss)
5722,SET351-KR-NP-M,SET - SET351,SET,599.00,239.60,0,10,0.00,0.00,27,Out of Stock (Margin Loss)
5723,JNE3892-TP-L,TOP - JNE3892,TOP,648.00,259.20,0,10,0.00,0.00,7,Out of Stock (Margin Loss)
5724,JNE3547-KR-M,KURTA - JNE3547,KURTA,517.00,206.80,0,10,0.00,0.00,19,Out of Stock (Margin Loss)
5725,JNE3697-KR-XL,KURTA - JNE3697,KURTA,517.00,206.80,0,10,0.00,0.00,91,Out of Stock (Margin Loss)
5727,JNE3733-KR-XL,KURTA - JNE3733,KURTA,549.00,219.60,0,10,0.00,0.00,5,Out of Stock (Margin Loss)
5728,J0300-TP-L,TOP - J0300,TOP,279.00,111.60,0,10,0.00,0.00,15,Out of Stock (Margin Loss)
5729,SET307-KR-DPT-XS,SET - SET307,SET,736.00,294.40,0,10,0.00,0.00,5,Out of Stock (Margin Loss)
5731,JNE3924-TU-L,TOP - JNE3924,TOP,625.00,250.00,0,10,0.00,0.00,1,Out of Stock (Margin Loss)
5732,MEN5028-KR-XXL,KURTA - MEN5028,KURTA,709.00,283.60,0,10,0.00,0.00,16,Out of Stock (Margin Loss)
5733,SET073-KR-SHA-M,SET - SET073,SET,824.00,329.60,0,10,0.00,0.00,34,Out of Stock (Margin Loss)
5734,JNE2251-KR-537-L,KURTA - JNE2251,KURTA,429.00,171.60,0,10,0.00,0.00,7,Out of Stock (Margin Loss)
5735,JNE3836-KR-XS,KURTA - JNE3836,KURTA,666.00,266.40,0,10,0.00,0.00,9,Out of Stock (Margin Loss)
5736,MEN5027-KR-XL,KURTA - MEN5027,KURTA,625.00,250.00,0,10,0.00,0.00,36,Out of Stock (Margin Loss)
5737,SET332-KR-PP-XL,SET - SET332,SET,549.00,219.60,0,10,0.00,0.00,17,Out of Stock (Margin Loss)
5739,SET397-KR-NP-L,SET - SET397,SET,1201.00,480.40,0,10,0.00,0.00,17,Out of Stock (Margin Loss)
5740,SET044-KR-NP-S,SET - SET044,SET,612.00,244.80,0,10,0.00,0.00,39,Out of Stock (Margin Loss)
5741,PSET264-KR-NP-6XL,SET - PSET264,SET,1399.00,559.60,0,10,0.00,0.00,42,Out of Stock (Margin Loss)
5742,J0116-TP-XXL,TOP - J0116,TOP,449.00,179.60,0,10,0.00,0.00,2,Out of Stock (Margin Loss)
5743,JNE3257-KR-XXL,KURTA - JNE3257,KURTA,436.00,174.40,0,10,0.00,0.00,4,Out of Stock (Margin Loss)
5744,SET199-KR-NP-L,SET - SET199,SET,696.00,278.40,0,10,0.00,0.00,25,Out of Stock (Margin Loss)
5745,J0097-KR-XL,KURTA - J0097,KURTA,568.00,227.20,0,10,0.00,0.00,29,Out of Stock (Margin Loss)
5747,JNE3805-KR-M,KURTA - JNE3805,KURTA,487.00,194.80,0,10,0.00,0.00,32,Out of Stock (Margin Loss)
5748,SET203-KR-DPT-XXXL,SET - SET203,SET,449.00,179.60,0,10,0.00,0.00,30,Out of Stock (Margin Loss)
5749,NW001-TP-PJ-XL,SET - NW001,SET,699.00,279.60,0,10,0.00,0.00,13,Out of Stock (Margin Loss)
5750,JNE3408-KR-L,KURTA - JNE3408,KURTA,459.00,183.60,0,10,0.00,0.00,11,Out of Stock (Margin Loss)
5751,JNE3445-KR-M,KURTA - JNE3445,KURTA,487.00,194.80,0,10,0.00,0.00,18,Out of Stock (Margin Loss)
5752,JNE3821-KR-XL,KURTA - JNE3821,KURTA,542.00,216.80,0,10,0.00,0.00,3,Out of Stock (Margin Loss)
5753,SAR024,SAREE - SAR024,SAREE,790.00,316.00,0,10,0.00,0.00,2,Out of Stock (Margin Loss)
5754,J0353-KR-M,KURTA - J0353,KURTA,635.00,254.00,0,10,0.00,0.00,15,Out of Stock (Margin Loss)
5755,JNE3577-KR-XS,KURTA - JNE3577,KURTA,654.00,261.60,0,10,0.00,0.00,1,Out of Stock (Margin Loss)
5756,NW012-TP-PJ-S,SET - NW012,SET,560.00,224.00,0,10,0.00,0.00,23,Out of Stock (Margin Loss)
5757,J0010-LCD-XXL,SET - J0010,SET,1329.00,531.60,0,10,0.00,0.00,7,Out of Stock (Margin Loss)
5758,J0226-SKD-XXXL,SET - J0226,SET,1593.00,637.20,0,10,0.00,0.00,8,Out of Stock (Margin Loss)
5759,SET305-KR-DPT-XL,SET - SET305,SET,967.00,386.80,0,10,0.00,0.00,14,Out of Stock (Margin Loss)
5761,JNE2086-KR-389-XXXL,KURTA - JNE2086,KURTA,699.00,279.60,0,10,0.00,0.00,3,Out of Stock (Margin Loss)
5762,NW028-TP-PJ-XXL,SET - NW028,SET,539.00,215.60,0,10,0.00,0.00,3,Out of Stock (Margin Loss)
5763,JNE3785-KR-M,KURTA - JNE3785,KURTA,362.00,144.80,0,10,0.00,0.00,26,Out of Stock (Margin Loss)
5764,MEN5007-KR-XXL,KURTA - MEN5007,KURTA,625.00,250.00,0,10,0.00,0.00,19,Out of Stock (Margin Loss)
5765,JNE3458-KR-XL,KURTA - JNE3458,KURTA,399.00,159.60,0,10,0.00,0.00,23,Out of Stock (Margin Loss)
5766,SET272-KR-PP-XXL,SET - SET272,SET,852.00,340.80,0,10,0.00,0.00,32,Out of Stock (Margin Loss)
5767,SET192-KR-NP-XXL,SET - SET192,SET,749.00,299.60,0,10,0.00,0.00,6,Out of Stock (Margin Loss)
5769,JNE3401-KR-XXL,KURTA - JNE3401,KURTA,301.00,120.40,0,10,0.00,0.00,10,Out of Stock (Margin Loss)
5770,JNE3924-TU-XS,TOP - JNE3924,TOP,588.00,235.20,0,10,0.00,0.00,1,Out of Stock (Margin Loss)
5771,JNE3461-KR-L,KURTA - JNE3461,KURTA,499.00,199.60,0,10,0.00,0.00,75,Out of Stock (Margin Loss)
5772,JNE3775-KR-S,KURTA - JNE3775,KURTA,301.00,120.40,0,10,0.00,0.00,13,Out of Stock (Margin Loss)
5773,JNE3261-KR-XXL,KURTA - JNE3261,KURTA,382.00,152.80,0,10,0.00,0.00,35,Out of Stock (Margin Loss)
5774,SET383-KR-NP-M,SET - SET383,SET,699.00,279.60,0,10,0.00,0.00,38,Out of Stock (Margin Loss)
5775,JNE3423-KR-L,KURTA - JNE3423,KURTA,435.00,174.00,0,10,0.00,0.00,63,Out of Stock (Margin Loss)
5776,J0190-TP-L,TOP - J0190,TOP,426.00,170.40,0,10,0.00,0.00,16,Out of Stock (Margin Loss)
5777,SET238-KR-PP-M,SET - SET238,SET,477.00,190.80,0,10,0.00,0.00,7,Out of Stock (Margin Loss)
5779,NW038-ST-SR-M,SET - NW038,SET,517.00,206.80,0,10,0.00,0.00,2,Out of Stock (Margin Loss)
5780,SET363-KR-NP-M,SET - SET363,SET,1338.00,535.20,0,10,0.00,0.00,31,Out of Stock (Margin Loss)
5781,SET386-KR-NP-XL,SET - SET386,SET,631.00,252.40,0,10,0.00,0.00,7,Out of Stock (Margin Loss)
5782,BL100-S,BLOUSE - BL100,BLOUSE,259.00,103.60,0,10,0.00,0.00,7,Out of Stock (Margin Loss)
5783,JNE3630-KR-M,KURTA - JNE3630,KURTA,487.00,194.80,0,10,0.00,0.00,15,Out of Stock (Margin Loss)
5784,JNE3550-KR-S,KURTA - JNE3550,KURTA,283.00,113.20,0,10,0.00,0.00,2,Out of Stock (Margin Loss)
5785,JNE3394-KR-L,KURTA - JNE3394,KURTA,414.00,165.60,0,10,0.00,0.00,1,Out of Stock (Margin Loss)
5786,JNE3666-TP-XS,TOP - JNE3666,TOP,299.00,119.60,0,10,0.00,0.00,3,Out of Stock (Margin Loss)
5787,JNE3783-KR-M,KURTA - JNE3783,KURTA,517.00,206.80,0,10,0.00,0.00,5,Out of Stock (Margin Loss)
5788,JNE3446-KR-XL,KURTA - JNE3446,KURTA,318.00,127.20,0,10,0.00,0.00,5,Out of Stock (Margin Loss)
5789,MEN5011-KR-M,KURTA - MEN5011,KURTA,709.00,283.60,0,10,0.00,0.00,46,Out of Stock (Margin Loss)
5790,JNE3709-DR-S,WESTERN DRESS - JNE3709,WESTERN DRESS,1013.00,405.20,0,10,0.00,0.00,25,Out of Stock (Margin Loss)
5791,JNE3559-KR-XL,KURTA - JNE3559,KURTA,487.00,194.80,0,10,0.00,0.00,15,Out of Stock (Margin Loss)
5792,JNE3270-KR-XXXL,KURTA - JNE3270,KURTA,382.00,152.80,0,10,0.00,0.00,7,Out of Stock (Margin Loss)
5793,JNE3602-KR-XL,KURTA - JNE3602,KURTA,399.00,159.60,0,10,0.00,0.00,6,Out of Stock (Margin Loss)
5794,J0305-DR-M,WESTERN DRESS - J0305,WESTERN DRESS,613.00,245.20,0,10,0.00,0.00,1,Out of Stock (Margin Loss)
5795,JNE3542-KR-XS,KURTA - JNE3542,KURTA,333.00,133.20,0,10,0.00,0.00,3,Out of Stock (Margin Loss)
5796,SET346-KR-PP-L,SET - SET346,SET,911.00,364.40,0,10,0.00,0.00,4,Out of Stock (Margin Loss)
5797,J0388-TP-XXL,TOP - J0388,TOP,649.00,259.60,0,10,0.00,0.00,1,Out of Stock (Margin Loss)
5798,MEN5005-KR-M,KURTA - MEN5005,KURTA,625.00,250.00,0,10,0.00,0.00,5,Out of Stock (Margin Loss)
5799,J0163-SKD-XXXL,SET - J0163,SET,999.00,399.60,0,10,0.00,0.00,1,Out of Stock (Margin Loss)
5801,JNE3745-KR-S,KURTA - JNE3745,KURTA,399.00,159.60,0,10,0.00,0.00,11,Out of Stock (Margin Loss)
5802,JNE3744-TU-XL,TOP - JNE3744,TOP,690.00,276.00,0,10,0.00,0.00,35,Out of Stock (Margin Loss)
5803,J0237-SKD-XXXL,SET - J0237,SET,1369.00,547.60,0,10,0.00,0.00,18,Out of Stock (Margin Loss)
5804,JNE3501-KR-XXXL,KURTA - JNE3501,KURTA,419.00,167.60,0,10,0.00,0.00,18,Out of Stock (Margin Loss)
5805,JNE3760-KR-M,KURTA - JNE3760,KURTA,432.00,172.80,0,10,0.00,0.00,6,Out of Stock (Margin Loss)
5806,J0395-DR-S,WESTERN DRESS - J0395,WESTERN DRESS,859.00,343.60,0,10,0.00,0.00,9,Out of Stock (Margin Loss)
5807,JNE3684-TU-S,TOP - JNE3684,TOP,319.00,127.60,0,10,0.00,0.00,6,Out of Stock (Margin Loss)
5808,SET254-KR-NP-XXXL,SET - SET254,SET,920.00,368.00,0,10,0.00,0.00,5,Out of Stock (Margin Loss)
5810,JNE3903-KR-XS,KURTA - JNE3903,KURTA,499.00,199.60,0,10,0.00,0.00,3,Out of Stock (Margin Loss)
5811,MEN5004-KR-XXXL,KURTA - MEN5004,KURTA,709.00,283.60,0,10,0.00,0.00,59,Out of Stock (Margin Loss)
5812,J0400-DR-M,WESTERN DRESS - J0400,WESTERN DRESS,859.00,343.60,0,10,0.00,0.00,11,Out of Stock (Margin Loss)
5813,J0344-TP-S,TOP - J0344,TOP,758.00,303.20,0,10,0.00,0.00,46,Out of Stock (Margin Loss)
5814,J0021-TP-L,TOP - J0021,TOP,329.00,131.60,0,10,0.00,0.00,6,Out of Stock (Margin Loss)
5816,JNE3688-TU-S,TOP - JNE3688,TOP,563.00,225.20,0,10,0.00,0.00,25,Out of Stock (Margin Loss)
5817,SET360-KR-NP-XL,SET - SET360,SET,1338.00,535.20,0,10,0.00,0.00,30,Out of Stock (Margin Loss)
5818,J0285-SKD-XL,SET - J0285,SET,1523.00,609.20,0,10,0.00,0.00,77,Out of Stock (Margin Loss)
5819,JNE3602-KR-XXL,KURTA - JNE3602,KURTA,376.00,150.40,0,10,0.00,0.00,3,Out of Stock (Margin Loss)
5820,JNE3451-KR-XL,KURTA - JNE3451,KURTA,380.00,152.00,0,10,0.00,0.00,5,Out of Stock (Margin Loss)
5821,JNE3835-KR-XL,KURTA - JNE3835,KURTA,666.00,266.40,0,10,0.00,0.00,15,Out of Stock (Margin Loss)
5822,J0285-SKD-XXL,SET - J0285,SET,1523.00,609.20,0,10,0.00,0.00,45,Out of Stock (Margin Loss)
5823,J0397-DR-L,WESTERN DRESS - J0397,WESTERN DRESS,999.00,399.60,0,10,0.00,0.00,4,Out of Stock (Margin Loss)
5824,SET078-KR-NP-S,SET - SET078,SET,459.00,183.60,0,10,0.00,0.00,3,Out of Stock (Margin Loss)
5825,J0212-DR-XS,ETHNIC DRESS - J0212,ETHNIC DRESS,791.00,316.40,0,10,0.00,0.00,3,Out of Stock (Margin Loss)
5826,J0334-TP-M,TOP - J0334,TOP,794.00,317.60,0,10,0.00,0.00,47,Out of Stock (Margin Loss)
5827,SET183-KR-DH-XS,SET - SET183,SET,759.00,303.60,0,10,0.00,0.00,42,Out of Stock (Margin Loss)
5828,SET055-KR-NP-L,SET - SET055,SET,635.00,254.00,0,10,0.00,0.00,11,Out of Stock (Margin Loss)
5829,BL113-XXL,BLOUSE - BL113,BLOUSE,493.00,197.20,0,10,0.00,0.00,3,Out of Stock (Margin Loss)
5830,JNE3744-TU-XS,TOP - JNE3744,TOP,690.00,276.00,0,10,0.00,0.00,11,Out of Stock (Margin Loss)
5832,JNE3471-KR-XXXL,KURTA - JNE3471,KURTA,295.00,118.00,0,10,0.00,0.00,3,Out of Stock (Margin Loss)
5833,JNE3451-KR-XXL,KURTA - JNE3451,KURTA,380.00,152.00,0,10,0.00,0.00,7,Out of Stock (Margin Loss)
5834,JNE3756-KR-L,KURTA - JNE3756,KURTA,487.00,194.80,0,10,0.00,0.00,16,Out of Stock (Margin Loss)
5837,AN206-GREEN-M,BOTTOM - AN206,BOTTOM,249.00,99.60,0,10,0.00,0.00,1,Out of Stock (Margin Loss)
5838,JNE3500-KR-XL,KURTA - JNE3500,KURTA,348.00,139.20,0,10,0.00,0.00,11,Out of Stock (Margin Loss)
5839,J0102-SKD-S,SET - J0102,SET,1186.00,474.40,0,10,0.00,0.00,7,Out of Stock (Margin Loss)
5840,AN212-WHITE-M,BOTTOM - AN212,BOTTOM,312.00,124.80,0,10,0.00,0.00,1,Out of Stock (Margin Loss)
5841,JNE2305-KR-533-XXL,KURTA - JNE2305,KURTA,382.00,152.80,0,10,0.00,0.00,27,Out of Stock (Margin Loss)
5843,SET306-KR-PP-L,SET - SET306,SET,696.00,278.40,0,10,0.00,0.00,33,Out of Stock (Margin Loss)
5844,BL087-M,BLOUSE - BL087,BLOUSE,499.00,199.60,0,10,0.00,0.00,9,Out of Stock (Margin Loss)
5845,SET306-KR-PP-XXXL,SET - SET306,SET,696.00,278.40,0,10,0.00,0.00,27,Out of Stock (Margin Loss)
5847,JNE3564-KR-XXXL,KURTA - JNE3564,KURTA,487.00,194.80,0,10,0.00,0.00,12,Out of Stock (Margin Loss)
5848,SET348-KR-NP-M,SET - SET348,SET,968.00,387.20,0,10,0.00,0.00,51,Out of Stock (Margin Loss)
5849,SET279-LC-XXL,SET - SET279,SET,888.00,355.20,0,10,0.00,0.00,11,Out of Stock (Margin Loss)
5850,J0025-DR-XL,WESTERN DRESS - J0025,WESTERN DRESS,714.00,285.60,0,10,0.00,0.00,6,Out of Stock (Margin Loss)
5851,JNE3470-KR-XL,KURTA - JNE3470,KURTA,501.00,200.40,0,10,0.00,0.00,6,Out of Stock (Margin Loss)
5852,JNE3485-KR-XXL,KURTA - JNE3485,KURTA,469.00,187.60,0,10,0.00,0.00,2,Out of Stock (Margin Loss)
5853,JNE3907-KR-XS,KURTA - JNE3907,KURTA,819.00,327.60,0,10,0.00,0.00,1,Out of Stock (Margin Loss)
5854,SET345-KR-NP-M,SET - SET345,SET,666.00,266.40,0,10,0.00,0.00,257,Out of Stock (Margin Loss)
5855,SET183-KR-DH-S,SET - SET183,SET,759.00,303.60,0,10,0.00,0.00,73,Out of Stock (Margin Loss)
5856,J0097-KR-M,KURTA - J0097,KURTA,568.00,227.20,0,10,0.00,0.00,91,Out of Stock (Margin Loss)
5857,MEN5002-KR-S,KURTA - MEN5002,KURTA,688.00,275.20,0,10,0.00,0.00,27,Out of Stock (Margin Loss)
5859,J0297-TP-S,TOP - J0297,TOP,758.00,303.20,0,10,0.00,0.00,18,Out of Stock (Margin Loss)
5860,J0148-SET-XXL,SET - J0148,SET,636.00,254.40,0,10,0.00,0.00,18,Out of Stock (Margin Loss)
5861,NW022-TP-PJ-L,SET - NW022,SET,744.00,297.60,0,10,0.00,0.00,3,Out of Stock (Margin Loss)
5862,SET258-KR-PP-M,SET - SET258,SET,881.00,352.40,0,10,0.00,0.00,17,Out of Stock (Margin Loss)
5863,CH208-MUSTARD-S,BOTTOM - CH208,BOTTOM,301.00,120.40,0,10,0.00,0.00,1,Out of Stock (Margin Loss)
5864,JNE3899-KR-L,KURTA - JNE3899,KURTA,565.00,226.00,0,10,0.00,0.00,1,Out of Stock (Margin Loss)
5865,J0211-DR-XXL,ETHNIC DRESS - J0211,ETHNIC DRESS,749.00,299.60,0,10,0.00,0.00,10,Out of Stock (Margin Loss)
5867,JNE3661-TP-XL,TOP - JNE3661,TOP,301.00,120.40,0,10,0.00,0.00,8,Out of Stock (Margin Loss)
5870,SET270-KR-PP-S,SET - SET270,SET,568.00,227.20,0,10,0.00,0.00,22,Out of Stock (Margin Loss)
5871,JNE3323-KR-XXXL,KURTA - JNE3323,KURTA,264.00,105.60,0,10,0.00,0.00,1,Out of Stock (Margin Loss)
5872,JNE3878-KR-S,KURTA - JNE3878,KURTA,399.00,159.60,0,10,0.00,0.00,8,Out of Stock (Margin Loss)
5873,CH208-MUSTARD-M,BOTTOM - CH208,BOTTOM,301.00,120.40,0,10,0.00,0.00,4,Out of Stock (Margin Loss)
5874,SET347-KR-NP-S,SET - SET347,SET,852.00,340.80,0,10,0.00,0.00,61,Out of Stock (Margin Loss)
5875,SET187-KR-DH-XL,SET - SET187,SET,699.00,279.60,0,10,0.00,0.00,145,Out of Stock (Margin Loss)
5876,JNE3620-KR-L,KURTA - JNE3620,KURTA,339.00,135.60,0,10,0.00,0.00,42,Out of Stock (Margin Loss)
5877,JNE3554-KR-XL,KURTA - JNE3554,KURTA,517.00,206.80,0,10,0.00,0.00,25,Out of Stock (Margin Loss)
5878,BTM040-PP-S,BOTTOM - BTM040,BOTTOM,404.00,161.60,0,10,0.00,0.00,4,Out of Stock (Margin Loss)
5879,JNE3566-KR-M,KURTA - JNE3566,KURTA,419.00,167.60,0,10,0.00,0.00,20,Out of Stock (Margin Loss)
5880,J0049-TP-XXL,TOP - J0049,TOP,329.00,131.60,0,10,0.00,0.00,5,Out of Stock (Margin Loss)
5881,J0080-TP-XXL,TOP - J0080,TOP,678.00,271.20,0,10,0.00,0.00,7,Out of Stock (Margin Loss)
5882,BL099-L,BLOUSE - BL099,BLOUSE,301.00,120.40,0,10,0.00,0.00,4,Out of Stock (Margin Loss)
5883,J0390-TP-S,TOP - J0390,TOP,625.00,250.00,0,10,0.00,0.00,4,Out of Stock (Margin Loss)
5884,JNE3748-KR-XL,KURTA - JNE3748,KURTA,431.00,172.40,0,10,0.00,0.00,7,Out of Stock (Margin Loss)
5885,SET324-KR-NP-S,SET - SET324,SET,699.00,279.60,0,10,0.00,0.00,149,Out of Stock (Margin Loss)
5886,J0135-SET-XS,SET - J0135,SET,591.00,236.40,0,10,0.00,0.00,10,Out of Stock (Margin Loss)
5887,JNE3760-KR-L,KURTA - JNE3760,KURTA,432.00,172.80,0,10,0.00,0.00,9,Out of Stock (Margin Loss)
5888,JNE3878-KR-XXXL,KURTA - JNE3878,KURTA,487.00,194.80,0,10,0.00,0.00,37,Out of Stock (Margin Loss)
5889,JNE3515-KR-XS,KURTA - JNE3515,KURTA,469.00,187.60,0,10,0.00,0.00,9,Out of Stock (Margin Loss)
5891,J0121-TP-L,TOP - J0121,TOP,249.00,99.60,0,10,0.00,0.00,4,Out of Stock (Margin Loss)
5892,JNE3753-KR-XS,KURTA - JNE3753,KURTA,475.00,190.00,0,10,0.00,0.00,2,Out of Stock (Margin Loss)
5893,JNE3313-KR-XXXL,KURTA - JNE3313,KURTA,582.00,232.80,0,10,0.00,0.00,6,Out of Stock (Margin Loss)
5895,SET315-KR-PP-XXXL,SET - SET315,SET,852.00,340.80,0,10,0.00,0.00,7,Out of Stock (Margin Loss)
5896,JNE3701-KR-L,KURTA - JNE3701,KURTA,399.00,159.60,0,10,0.00,0.00,24,Out of Stock (Margin Loss)
5898,SET139-KR-PP-XXXL,SET - SET139,SET,453.00,181.20,0,10,0.00,0.00,1,Out of Stock (Margin Loss)
5899,J0163-SKD-S,SET - J0163,SET,1199.00,479.60,0,10,0.00,0.00,4,Out of Stock (Margin Loss)
5900,BL087-XXL,BLOUSE - BL087,BLOUSE,460.00,184.00,0,10,0.00,0.00,6,Out of Stock (Margin Loss)
5901,JNE3447-KR-M,KURTA - JNE3447,KURTA,301.00,120.40,0,10,0.00,0.00,6,Out of Stock (Margin Loss)
5902,JNE3927-KR-XL,KURTA - JNE3927,KURTA,852.00,340.80,0,10,0.00,0.00,1,Out of Stock (Margin Loss)
5903,JNE3872-KR-M,KURTA - JNE3872,KURTA,771.00,308.40,0,10,0.00,0.00,2,Out of Stock (Margin Loss)
5904,JNE3665-TP-XXL,TOP - JNE3665,TOP,764.00,305.60,0,10,0.00,0.00,9,Out of Stock (Margin Loss)
5905,J0189-TP-XL,TOP - J0189,TOP,329.00,131.60,0,10,0.00,0.00,15,Out of Stock (Margin Loss)
5906,J0195-TP-XXL,TOP - J0195,TOP,665.00,266.00,0,10,0.00,0.00,7,Out of Stock (Margin Loss)
5908,JNE3452-KR-M,KURTA - JNE3452,KURTA,301.00,120.40,0,10,0.00,0.00,5,Out of Stock (Margin Loss)
5909,J0219-BL-XXL,BLOUSE - J0219,BLOUSE,869.00,347.60,0,10,0.00,0.00,20,Out of Stock (Margin Loss)
5910,SET351-KR-NP-S,SET - SET351,SET,599.00,239.60,0,10,0.00,0.00,19,Out of Stock (Margin Loss)
5911,SET436-KR-NP-XL,SET - SET436,SET,1399.00,559.60,0,10,0.00,0.00,11,Out of Stock (Margin Loss)
5912,J0142-KR-XS,KURTA - J0142,KURTA,396.00,158.40,0,10,0.00,0.00,3,Out of Stock (Margin Loss)
5913,JNE3460-KR-XXL,KURTA - JNE3460,KURTA,480.00,192.00,0,10,0.00,0.00,1,Out of Stock (Margin Loss)
5914,NW027-TP-PJ-XXL,SET - NW027,SET,613.00,245.20,0,10,0.00,0.00,12,Out of Stock (Margin Loss)
5915,SET230-KR-PP-L,SET - SET230,SET,832.00,332.80,0,10,0.00,0.00,9,Out of Stock (Margin Loss)
5916,JNE3714-KR-L,KURTA - JNE3714,KURTA,487.00,194.80,0,10,0.00,0.00,26,Out of Stock (Margin Loss)
5917,JNE3777-KR-XXL,KURTA - JNE3777,KURTA,399.00,159.60,0,10,0.00,0.00,9,Out of Stock (Margin Loss)
5918,J0083-KR-L,KURTA - J0083,KURTA,591.00,236.40,0,10,0.00,0.00,20,Out of Stock (Margin Loss)
5919,JNE3759-KR-L,KURTA - JNE3759,KURTA,544.00,217.60,0,10,0.00,0.00,21,Out of Stock (Margin Loss)
5920,SET327-KR-DPT-L,SET - SET327,SET,999.00,399.60,0,10,0.00,0.00,61,Out of Stock (Margin Loss)
5921,JNE3793-KR-XL,KURTA - JNE3793,KURTA,549.00,219.60,0,10,0.00,0.00,49,Out of Stock (Margin Loss)
5922,JNE3501-KR-XL,KURTA - JNE3501,KURTA,419.00,167.60,0,10,0.00,0.00,17,Out of Stock (Margin Loss)
5923,SET165-KR-PP-XXXL,SET - SET165,SET,567.00,226.80,0,10,0.00,0.00,4,Out of Stock (Margin Loss)
5924,SET244-KR-NP-XXXL,SET - SET244,SET,799.00,319.60,0,10,0.00,0.00,11,Out of Stock (Margin Loss)
5925,J0374-KR-XL,KURTA - J0374,KURTA,614.00,245.60,0,10,0.00,0.00,8,Out of Stock (Margin Loss)
5926,JNE3865-TP-XXXL,TOP - JNE3865,TOP,836.00,334.40,0,10,0.00,0.00,28,Out of Stock (Margin Loss)
5927,J0131-KR-XXXL,KURTA - J0131,KURTA,345.00,138.00,0,10,0.00,0.00,2,Out of Stock (Margin Loss)
5928,JNE3030-KR-XL,KURTA - JNE3030,KURTA,736.00,294.40,0,10,0.00,0.00,23,Out of Stock (Margin Loss)
5929,SET171-KR-NP-L,SET - SET171,SET,817.00,326.80,0,10,0.00,0.00,52,Out of Stock (Margin Loss)
5930,JNE3554-KR-M,KURTA - JNE3554,KURTA,517.00,206.80,0,10,0.00,0.00,29,Out of Stock (Margin Loss)
5931,J0338-DR-XXXL,WESTERN DRESS - J0338,WESTERN DRESS,1187.00,474.80,0,10,0.00,0.00,28,Out of Stock (Margin Loss)
5932,J0118-TP-L,TOP - J0118,TOP,693.00,277.20,0,10,0.00,0.00,87,Out of Stock (Margin Loss)
5933,JNE3413-KR-S,KURTA - JNE3413,KURTA,526.00,210.40,0,10,0.00,0.00,1,Out of Stock (Margin Loss)
5935,J0226-SKD-XXL,SET - J0226,SET,1499.00,599.60,0,10,0.00,0.00,11,Out of Stock (Margin Loss)
5936,J0142-KR-S,KURTA - J0142,KURTA,413.00,165.20,0,10,0.00,0.00,8,Out of Stock (Margin Loss)
5937,JNE3395-KR-XXL,KURTA - JNE3395,KURTA,333.00,133.20,0,10,0.00,0.00,1,Out of Stock (Margin Loss)
5938,JNE3782-KR-XXXL,KURTA - JNE3782,KURTA,544.00,217.60,0,10,0.00,0.00,22,Out of Stock (Margin Loss)
5939,SET044-KR-NP-XXL,SET - SET044,SET,612.00,244.80,0,10,0.00,0.00,29,Out of Stock (Margin Loss)
5940,JNE3838-KR-S,KURTA - JNE3838,KURTA,487.00,194.80,0,10,0.00,0.00,15,Out of Stock (Margin Loss)
5941,SET130-KR-NP-S,SET - SET130,SET,629.00,251.60,0,10,0.00,0.00,15,Out of Stock (Margin Loss)
5942,J0167-KR-XXL,KURTA - J0167,KURTA,324.00,129.60,0,10,0.00,0.00,8,Out of Stock (Margin Loss)
5943,JNE3878-KR-M,KURTA - JNE3878,KURTA,399.00,159.60,0,10,0.00,0.00,10,Out of Stock (Margin Loss)
5944,NW013-ST-SR-L,SET - NW013,SET,496.00,198.40,0,10,0.00,0.00,18,Out of Stock (Margin Loss)
5945,JNE3371-KR-M,KURTA - JNE3371,KURTA,353.00,141.20,0,10,0.00,0.00,30,Out of Stock (Margin Loss)
5946,JNE3717-KR-L,KURTA - JNE3717,KURTA,301.00,120.40,0,10,0.00,0.00,14,Out of Stock (Margin Loss)
5947,SET329-KR-NP-XS,SET - SET329,SET,666.00,266.40,0,10,0.00,0.00,19,Out of Stock (Margin Loss)
5948,NW033-ST-CP-M,SET - NW033,SET,582.00,232.80,0,10,0.00,0.00,2,Out of Stock (Margin Loss)
5949,SET130-KR-NP-XL,SET - SET130,SET,629.00,251.60,0,10,0.00,0.00,11,Out of Stock (Margin Loss)
5950,J0415-DR-XL,WESTERN DRESS - J0415,WESTERN DRESS,899.00,359.60,0,10,0.00,0.00,7,Out of Stock (Margin Loss)
5951,J0354-KR-S,KURTA - J0354,KURTA,635.00,254.00,0,10,0.00,0.00,25,Out of Stock (Margin Loss)
5952,SET291-KR-PP-XL,SET - SET291,SET,605.00,242.00,0,10,0.00,0.00,120,Out of Stock (Margin Loss)
5953,J0308-DR-XL,WESTERN DRESS - J0308,WESTERN DRESS,879.00,351.60,0,10,0.00,0.00,40,Out of Stock (Margin Loss)
5954,JNE3800-KR-XXL,WESTERN DRESS - JNE3800,WESTERN DRESS,771.00,308.40,0,10,0.00,0.00,92,Out of Stock (Margin Loss)
5955,JNE3407-KR-S,KURTA - JNE3407,KURTA,301.00,120.40,0,10,0.00,0.00,6,Out of Stock (Margin Loss)
5956,SET248-KR-NP-XXL,SET - SET248,SET,612.00,244.80,0,10,0.00,0.00,13,Out of Stock (Margin Loss)
5957,MEN5023-KR-L,KURTA - MEN5023,KURTA,777.00,310.80,0,10,0.00,0.00,38,Out of Stock (Margin Loss)
5959,JNE3715-KR-XS,KURTA - JNE3715,KURTA,283.00,113.20,0,10,0.00,0.00,1,Out of Stock (Margin Loss)
5960,J0376-SKD-XXL,SET - J0376,SET,1063.00,425.20,0,10,0.00,0.00,38,Out of Stock (Margin Loss)
5961,AN208-MUSTARD-XXL,BOTTOM - AN208,BOTTOM,310.00,124.00,0,10,0.00,0.00,3,Out of Stock (Margin Loss)
5962,SAR163,SAREE - SAR163,SAREE,809.00,323.60,0,10,0.00,0.00,2,Out of Stock (Margin Loss)
5963,J0134-SET-XXXL,SET - J0134,SET,729.00,291.60,0,10,0.00,0.00,8,Out of Stock (Margin Loss)
5964,AN205-YELLOW-XL,BOTTOM - AN205,BOTTOM,301.00,120.40,0,10,0.00,0.00,3,Out of Stock (Margin Loss)
5966,JNE3716-KR-L,KURTA - JNE3716,KURTA,432.00,172.80,0,10,0.00,0.00,53,Out of Stock (Margin Loss)
5967,NW027-TP-PJ-S,SET - NW027,SET,613.00,245.20,0,10,0.00,0.00,10,Out of Stock (Margin Loss)
5968,J0240-SKD-XXL,SET - J0240,SET,1593.00,637.20,0,10,0.00,0.00,4,Out of Stock (Margin Loss)
5969,JNE3800-KR-S,WESTERN DRESS - JNE3800,WESTERN DRESS,799.00,319.60,0,10,0.00,0.00,86,Out of Stock (Margin Loss)
5970,JNE3675-TU-XXL,TOP - JNE3675,TOP,758.00,303.20,0,10,0.00,0.00,17,Out of Stock (Margin Loss)
5971,J0213-TP-XS,TOP - J0213,TOP,599.00,239.60,0,10,0.00,0.00,2,Out of Stock (Margin Loss)
5972,J0089-TP-L,TOP - J0089,TOP,346.00,138.40,0,10,0.00,0.00,1,Out of Stock (Margin Loss)
5973,SET196-KR-NP-XL,SET - SET196,SET,799.00,319.60,0,10,0.00,0.00,11,Out of Stock (Margin Loss)
5974,J0400-DR-XXL,WESTERN DRESS - J0400,WESTERN DRESS,1196.00,478.40,0,10,0.00,0.00,3,Out of Stock (Margin Loss)
5975,SET266-KR-NP-XL,SET - SET266,SET,852.00,340.80,0,10,0.00,0.00,24,Out of Stock (Margin Loss)
5976,SET245-KR-NP-XS,SET - SET245,SET,849.00,339.60,0,10,0.00,0.00,6,Out of Stock (Margin Loss)
5977,SET327-KR-DPT-S,SET - SET327,SET,999.00,399.60,0,10,0.00,0.00,32,Out of Stock (Margin Loss)
5978,JNE3821-KR-L,KURTA - JNE3821,KURTA,499.00,199.60,0,10,0.00,0.00,5,Out of Stock (Margin Loss)
5979,SET268-KR-NP-L,SET - SET268,SET,788.00,315.20,0,10,0.00,0.00,388,Out of Stock (Margin Loss)
5980,SET223-KR-NP-XXXL,SET - SET223,SET,648.00,259.20,0,10,0.00,0.00,18,Out of Stock (Margin Loss)
5981,JNE3773-KR-XS,KURTA - JNE3773,KURTA,280.00,112.00,0,10,0.00,0.00,2,Out of Stock (Margin Loss)
5982,SET433-KR-NP-L,SET - SET433,SET,666.00,266.40,0,10,0.00,0.00,11,Out of Stock (Margin Loss)
5983,BL009-61BLACK,BLOUSE - BL009,BLOUSE,344.00,137.60,0,10,0.00,0.00,9,Out of Stock (Margin Loss)
5984,SET192-KR-NP-XL,SET - SET192,SET,648.00,259.20,0,10,0.00,0.00,1,Out of Stock (Margin Loss)
5987,SET014-KR-PP-L,SET - SET014,SET,819.00,327.60,0,10,0.00,0.00,8,Out of Stock (Margin Loss)
5988,SET055-KR-NP-S,SET - SET055,SET,598.00,239.20,0,10,0.00,0.00,9,Out of Stock (Margin Loss)
5989,SET345-KR-NP-XL,SET - SET345,SET,666.00,266.40,0,10,0.00,0.00,168,Out of Stock (Margin Loss)
5990,JNE3800-KR-XL,WESTERN DRESS - JNE3800,WESTERN DRESS,771.00,308.40,0,10,0.00,0.00,98,Out of Stock (Margin Loss)
5991,JNE3534-KR-XXXL,KURTA - JNE3534,KURTA,345.00,138.00,0,10,0.00,0.00,13,Out of Stock (Margin Loss)
5994,JNE3557-KR-S,KURTA - JNE3557,KURTA,517.00,206.80,0,10,0.00,0.00,15,Out of Stock (Margin Loss)
5995,J0378-SKD-XL,SET - J0378,SET,1146.00,458.40,0,10,0.00,0.00,7,Out of Stock (Margin Loss)
5996,JNE3676-TU-S,TOP - JNE3676,TOP,385.00,154.00,0,10,0.00,0.00,19,Out of Stock (Margin Loss)
5997,JNE3706-DR-XS,WESTERN DRESS - JNE3706,WESTERN DRESS,413.00,165.20,0,10,0.00,0.00,9,Out of Stock (Margin Loss)
5998,JNE3255-KR-XXXL,KURTA - JNE3255,KURTA,487.00,194.80,0,10,0.00,0.00,7,Out of Stock (Margin Loss)
5999,J0282-SET-M,SET - J0282,SET,999.00,399.60,0,10,0.00,0.00,13,Out of Stock (Margin Loss)
6000,J0331-KR-S,KURTA - J0331,KURTA,832.00,332.80,0,10,0.00,0.00,3,Out of Stock (Margin Loss)
6001,SET291-KR-PP-S,SET - SET291,SET,605.00,242.00,0,10,0.00,0.00,114,Out of Stock (Margin Loss)
6002,SET384-KR-NP-XXXL,SET - SET384,SET,631.00,252.40,0,10,0.00,0.00,16,Out of Stock (Margin Loss)
6004,J0380-SKD-XXL,SET - J0380,SET,1438.00,575.20,0,10,0.00,0.00,13,Out of Stock (Margin Loss)
6005,JNE3745-KR-XS,KURTA - JNE3745,KURTA,301.00,120.40,0,10,0.00,0.00,2,Out of Stock (Margin Loss)
6006,JNE3872-KR-XXXL,KURTA - JNE3872,KURTA,771.00,308.40,0,10,0.00,0.00,2,Out of Stock (Margin Loss)
6008,J0332-DR-XXL,WESTERN DRESS - J0332,WESTERN DRESS,828.00,331.20,0,10,0.00,0.00,35,Out of Stock (Margin Loss)
6009,JNE3457-KR-XXL,KURTA - JNE3457,KURTA,399.00,159.60,0,10,0.00,0.00,9,Out of Stock (Margin Loss)
6010,JNE3698-KR-L,KURTA - JNE3698,KURTA,487.00,194.80,0,10,0.00,0.00,12,Out of Stock (Margin Loss)
6011,JNE3633-KR-XXXL,KURTA - JNE3633,KURTA,459.00,183.60,0,10,0.00,0.00,18,Out of Stock (Margin Loss)
6012,J0252-SKD-XXL,SET - J0252,SET,939.00,375.60,0,10,0.00,0.00,15,Out of Stock (Margin Loss)
6013,SET352-KR-NP-XXL,SET - SET352,SET,499.00,199.60,0,10,0.00,0.00,3,Out of Stock (Margin Loss)
6014,J0004-SKD-XL,SET - J0004,SET,1186.00,474.40,0,10,0.00,0.00,30,Out of Stock (Margin Loss)
6015,SET366-KR-NP-L,SET - SET366,SET,1438.00,575.20,0,10,0.00,0.00,15,Out of Stock (Margin Loss)
6016,JNE3623-KR-S,KURTA - JNE3623,KURTA,362.00,144.80,0,10,0.00,0.00,1,Out of Stock (Margin Loss)
6017,JNE3467-KR-XXXL,KURTA - JNE3467,KURTA,362.00,144.80,0,10,0.00,0.00,3,Out of Stock (Margin Loss)
6018,SET171-KR-NP-XXL,SET - SET171,SET,792.00,316.80,0,10,0.00,0.00,12,Out of Stock (Margin Loss)
6020,SET225-KR-NP-M,SET - SET225,SET,759.00,303.60,0,10,0.00,0.00,24,Out of Stock (Margin Loss)
6021,JNE3273-KR-L,KURTA - JNE3273,KURTA,499.00,199.60,0,10,0.00,0.00,23,Out of Stock (Margin Loss)
6022,J0147-SET-L,SET - J0147,SET,583.00,233.20,0,10,0.00,0.00,11,Out of Stock (Margin Loss)
6023,JNE3733-KR-S,KURTA - JNE3733,KURTA,549.00,219.60,0,10,0.00,0.00,6,Out of Stock (Margin Loss)
6024,PSET058-KR-NP-6XL,SET - PSET058,SET,0.00,0.00,0,10,0.00,0.00,0,Out of Stock (Margin Loss)
6025,J0417-TP-XS,TOP - J0417,TOP,791.00,316.40,0,10,0.00,0.00,1,Out of Stock (Margin Loss)
6026,J0237-SKD-L,SET - J0237,SET,1369.00,547.60,0,10,0.00,0.00,14,Out of Stock (Margin Loss)
6027,MEN5011-KR-L,KURTA - MEN5011,KURTA,709.00,283.60,0,10,0.00,0.00,53,Out of Stock (Margin Loss)
6029,J0158-DR-M,WESTERN DRESS - J0158,WESTERN DRESS,1091.00,436.40,0,10,0.00,0.00,8,Out of Stock (Margin Loss)
6030,J0370-SKD-S,SET - J0370,SET,1099.00,439.60,0,10,0.00,0.00,8,Out of Stock (Margin Loss)
6031,SET186-KR-DH-XL,SET - SET186,SET,631.00,252.40,0,10,0.00,0.00,19,Out of Stock (Margin Loss)
6032,JNE3405-KR-XL,KURTA - JNE3405,KURTA,449.00,179.60,0,10,0.00,0.00,215,Out of Stock (Margin Loss)
6033,JNE3510-KR-L,KURTA - JNE3510,KURTA,471.00,188.40,0,10,0.00,0.00,99,Out of Stock (Margin Loss)
6034,SET305-KR-DPT-XXL,SET - SET305,SET,967.00,386.80,0,10,0.00,0.00,8,Out of Stock (Margin Loss)
6035,SET326-KR-PP-XXXL,SET - SET326,SET,666.00,266.40,0,10,0.00,0.00,9,Out of Stock (Margin Loss)
6036,JNE3745-KR-M,KURTA - JNE3745,KURTA,316.00,126.40,0,10,0.00,0.00,10,Out of Stock (Margin Loss)
6037,JNE3630-KR-L,KURTA - JNE3630,KURTA,481.00,192.40,0,10,0.00,0.00,18,Out of Stock (Margin Loss)
6038,SET394-KR-NP-XS,SET - SET394,SET,1298.00,519.20,0,10,0.00,0.00,32,Out of Stock (Margin Loss)
6039,JNE3760-KR-S,KURTA - JNE3760,KURTA,432.00,172.80,0,10,0.00,0.00,10,Out of Stock (Margin Loss)
6040,SAR023,SAREE - SAR023,SAREE,790.00,316.00,0,10,0.00,0.00,1,Out of Stock (Margin Loss)
6041,JNE3875-KR-XXXL,KURTA - JNE3875,KURTA,599.00,239.60,0,10,0.00,0.00,10,Out of Stock (Margin Loss)
6045,JNE3709-DR-L,WESTERN DRESS - JNE3709,WESTERN DRESS,833.00,333.20,0,10,0.00,0.00,18,Out of Stock (Margin Loss)
6046,SET145-KR-NP-M,SET - SET145,SET,788.00,315.20,0,10,0.00,0.00,61,Out of Stock (Margin Loss)
6047,SET333-KR-DPT-S,SET - SET333,SET,967.00,386.80,0,10,0.00,0.00,48,Out of Stock (Margin Loss)
6048,JNE3773-KR-S,KURTA - JNE3773,KURTA,301.00,120.40,0,10,0.00,0.00,4,Out of Stock (Margin Loss)
6049,JNE3796-KR-S,KURTA - JNE3796,KURTA,345.00,138.00,0,10,0.00,0.00,4,Out of Stock (Margin Loss)
6050,JNE3261-KR-XS,KURTA - JNE3261,KURTA,376.00,150.40,0,10,0.00,0.00,6,Out of Stock (Margin Loss)
6051,SET218-KR-NP-L,SET - SET218,SET,667.00,266.80,0,10,0.00,0.00,4,Out of Stock (Margin Loss)
6052,SET390-KR-NP-S,SET - SET390,SET,882.00,352.80,0,10,0.00,0.00,1,Out of Stock (Margin Loss)
6053,BTM036-PP-XL,BOTTOM - BTM036,BOTTOM,426.00,170.40,0,10,0.00,0.00,6,Out of Stock (Margin Loss)
6055,SET303-KR-NP-XXL,SET - SET303,SET,888.00,355.20,0,10,0.00,0.00,5,Out of Stock (Margin Loss)
6056,SET400-KR-NP-S,SET - SET400,SET,1254.00,501.60,0,10,0.00,0.00,10,Out of Stock (Margin Loss)
6798,JNE3887-KR-L,KURTA - JNE3887,KURTA,590.00,236.00,0,10,0.00,0.00,28,Out of Stock (Margin Loss)
6799,BTM040-PP-XXL,BOTTOM - BTM040,BOTTOM,356.00,142.40,0,10,0.00,0.00,10,Out of Stock (Margin Loss)
6800,SET308-KR-PP-XXL,SET - SET308,SET,696.00,278.40,0,10,0.00,0.00,4,Out of Stock (Margin Loss)
6801,J0355-KR-M,KURTA - J0355,KURTA,635.00,254.00,0,10,0.00,0.00,27,Out of Stock (Margin Loss)
6802,JNE3740-KR-L,KURTA - JNE3740,KURTA,319.00,127.60,0,10,0.00,0.00,5,Out of Stock (Margin Loss)
6804,J0211-DR-M,ETHNIC DRESS - J0211,ETHNIC DRESS,749.00,299.60,0,10,0.00,0.00,11,Out of Stock (Margin Loss)
6805,BTM026-NP-XL,BOTTOM - BTM026,BOTTOM,518.00,207.20,0,10,0.00,0.00,2,Out of Stock (Margin Loss)
6806,SET233-KR-PP-XS,SET - SET233,SET,566.00,226.40,0,10,0.00,0.00,20,Out of Stock (Margin Loss)
6807,JNE3471-KR-XL,KURTA - JNE3471,KURTA,318.00,127.20,0,10,0.00,0.00,8,Out of Stock (Margin Loss)
6808,JNE3457-KR-L,KURTA - JNE3457,KURTA,399.00,159.60,0,10,0.00,0.00,8,Out of Stock (Margin Loss)
6809,J0183-TP-M,TOP - J0183,TOP,465.00,186.00,0,10,0.00,0.00,8,Out of Stock (Margin Loss)
6810,JNE3908-KR-XL,KURTA - JNE3908,KURTA,736.00,294.40,0,10,0.00,0.00,3,Out of Stock (Margin Loss)
6811,J0199-SET-XXXL,SET - J0199,SET,491.00,196.40,0,10,0.00,0.00,12,Out of Stock (Margin Loss)
6812,JNE3611-KR-S,KURTA - JNE3611,KURTA,459.00,183.60,0,10,0.00,0.00,32,Out of Stock (Margin Loss)
6813,JNE3437-KR-XXXL,KURTA - JNE3437,KURTA,517.00,206.80,0,10,0.00,0.00,35,Out of Stock (Margin Loss)
6814,NW037-TP-SR-XXL,SET - NW037,SET,450.00,180.00,0,10,0.00,0.00,16,Out of Stock (Margin Loss)
6815,NW031-TP-PJ-XXXL,SET - NW031,SET,599.00,239.60,0,10,0.00,0.00,6,Out of Stock (Margin Loss)
6816,JNE3773-KR-XXXL,KURTA - JNE3773,KURTA,301.00,120.40,0,10,0.00,0.00,3,Out of Stock (Margin Loss)
6817,JNE3730-KR-M,KURTA - JNE3730,KURTA,301.00,120.40,0,10,0.00,0.00,11,Out of Stock (Margin Loss)
6818,MEN5026-KR-XXL,KURTA - MEN5026,KURTA,709.00,283.60,0,10,0.00,0.00,19,Out of Stock (Margin Loss)
6819,JNE3758-KR-XS,KURTA - JNE3758,KURTA,376.00,150.40,0,10,0.00,0.00,3,Out of Stock (Margin Loss)
6820,JNE3531-KR-M,KURTA - JNE3531,KURTA,329.00,131.60,0,10,0.00,0.00,2,Out of Stock (Margin Loss)
6821,J0152-DR-M,WESTERN DRESS - J0152,WESTERN DRESS,899.00,359.60,0,10,0.00,0.00,11,Out of Stock (Margin Loss)
6822,J0349-SET-S,SET - J0349,SET,888.00,355.20,0,10,0.00,0.00,97,Out of Stock (Margin Loss)
6823,JNE3762-KR-S,KURTA - JNE3762,KURTA,329.00,131.60,0,10,0.00,0.00,6,Out of Stock (Margin Loss)
6824,MEN5024-KR-XXL,KURTA - MEN5024,KURTA,665.00,266.00,0,10,0.00,0.00,15,Out of Stock (Margin Loss)
6825,JNE3716-KR-XS,KURTA - JNE3716,KURTA,432.00,172.80,0,10,0.00,0.00,8,Out of Stock (Margin Loss)
6826,JNE3334-KR-XL,KURTA - JNE3334,KURTA,318.00,127.20,0,10,0.00,0.00,31,Out of Stock (Margin Loss)
6827,J0070-KR-XXL,KURTA - J0070,KURTA,318.00,127.20,0,10,0.00,0.00,1,Out of Stock (Margin Loss)
6828,J0178-TP-XS,TOP - J0178,TOP,319.00,127.60,0,10,0.00,0.00,8,Out of Stock (Margin Loss)
6829,SET210-KR-PP-M,SET - SET210,SET,575.00,230.00,0,10,0.00,0.00,26,Out of Stock (Margin Loss)
6830,SAR159,SAREE - SAR159,SAREE,1049.00,419.60,0,10,0.00,0.00,1,Out of Stock (Margin Loss)
6831,NW030-TP-PJ-L,SET - NW030,SET,758.00,303.20,0,10,0.00,0.00,29,Out of Stock (Margin Loss)
6832,JNE3613-KR-XL,KURTA - JNE3613,KURTA,405.00,162.00,0,10,0.00,0.00,111,Out of Stock (Margin Loss)
6834,JNE2132-KR-398-XL,KURTA - JNE2132,KURTA,519.00,207.60,0,10,0.00,0.00,3,Out of Stock (Margin Loss)
6835,JNE3899-KR-S,KURTA - JNE3899,KURTA,582.00,232.80,0,10,0.00,0.00,1,Out of Stock (Margin Loss)
6836,BTM047-PP-M,BOTTOM - BTM047,BOTTOM,331.00,132.40,0,10,0.00,0.00,3,Out of Stock (Margin Loss)
6838,JNE3903-KR-M,KURTA - JNE3903,KURTA,432.00,172.80,0,10,0.00,0.00,1,Out of Stock (Margin Loss)
6839,SAR148,SAREE - SAR148,SAREE,756.00,302.40,0,10,0.00,0.00,1,Out of Stock (Margin Loss)
6840,J0011-LCD-M,SET - J0011,SET,1695.00,678.00,0,10,0.00,0.00,34,Out of Stock (Margin Loss)
6841,JNE3800-KR-M,WESTERN DRESS - JNE3800,WESTERN DRESS,771.00,308.40,0,10,0.00,0.00,136,Out of Stock (Margin Loss)
6842,JNE3776-KR-XS,KURTA - JNE3776,KURTA,301.00,120.40,0,10,0.00,0.00,6,Out of Stock (Margin Loss)
6843,J0164-DR-XXL,ETHNIC DRESS - J0164,ETHNIC DRESS,438.00,175.20,0,10,0.00,0.00,37,Out of Stock (Margin Loss)
6845,SET043-KR-NP-L,SET - SET043,SET,999.00,399.60,0,10,0.00,0.00,32,Out of Stock (Margin Loss)
6846,SET263-KR-NP-XS,SET - SET263,SET,736.00,294.40,0,10,0.00,0.00,4,Out of Stock (Margin Loss)
6847,J0395-DR-XXL,WESTERN DRESS - J0395,WESTERN DRESS,1196.00,478.40,0,10,0.00,0.00,9,Out of Stock (Margin Loss)
6848,JNE3890-TP-M,TOP - JNE3890,TOP,621.00,248.40,0,10,0.00,0.00,1,Out of Stock (Margin Loss)
6849,J0244-SKD-M,SET - J0244,SET,1298.00,519.20,0,10,0.00,0.00,50,Out of Stock (Margin Loss)
6850,JNE3733-KR-XXXL,KURTA - JNE3733,KURTA,549.00,219.60,0,10,0.00,0.00,7,Out of Stock (Margin Loss)
6851,SAR166,SAREE - SAR166,SAREE,0.00,0.00,0,10,0.00,0.00,0,Out of Stock (Margin Loss)
6852,J0232-SKD-L,SET - J0232,SET,1228.00,491.20,0,10,0.00,0.00,6,Out of Stock (Margin Loss)
6853,JNE3256-KR-XS,KURTA - JNE3256,KURTA,487.00,194.80,0,10,0.00,0.00,4,Out of Stock (Margin Loss)
6854,SET100-KR-PP-XXL,SET - SET100,SET,816.00,326.40,0,10,0.00,0.00,4,Out of Stock (Margin Loss)
6855,JNE3744-TU-L,TOP - JNE3744,TOP,870.00,348.00,0,10,0.00,0.00,29,Out of Stock (Margin Loss)
6856,BL103-M,BLOUSE - BL103,BLOUSE,499.00,199.60,0,10,0.00,0.00,3,Out of Stock (Margin Loss)
6857,SET343-KR-NP-XXL,SET - SET343,SET,916.00,366.40,0,10,0.00,0.00,24,Out of Stock (Margin Loss)
6858,NW003-TP-PJ-L,SET - NW003,SET,519.00,207.60,0,10,0.00,0.00,21,Out of Stock (Margin Loss)
6859,J0203-TP-XS,TOP - J0203,TOP,568.00,227.20,0,10,0.00,0.00,19,Out of Stock (Margin Loss)
6860,JNE3742-KR-XXL,KURTA - JNE3742,KURTA,432.00,172.80,0,10,0.00,0.00,9,Out of Stock (Margin Loss)
6861,SET276-KR-PP-S,SET - SET276,SET,1238.00,495.20,0,10,0.00,0.00,9,Out of Stock (Margin Loss)
6863,JNE3291-KR-L,KURTA - JNE3291,KURTA,499.00,199.60,0,10,0.00,0.00,160,Out of Stock (Margin Loss)
6864,JNE3704-KR-XXXL,KURTA - JNE3704,KURTA,487.00,194.80,0,10,0.00,0.00,10,Out of Stock (Margin Loss)
6865,J0331-KR-M,KURTA - J0331,KURTA,832.00,332.80,0,10,0.00,0.00,8,Out of Stock (Margin Loss)
6866,J0297-TP-XXL,TOP - J0297,TOP,758.00,303.20,0,10,0.00,0.00,26,Out of Stock (Margin Loss)
6868,BTM002-XXXL,BOTTOM - BTM002,BOTTOM,518.00,207.20,0,10,0.00,0.00,21,Out of Stock (Margin Loss)
6870,JNE3364-KR-1051-L,KURTA - JNE3364,KURTA,376.00,150.40,0,10,0.00,0.00,17,Out of Stock (Margin Loss)
2516,SET286-KR-NP-XXXL,SET - SET286,SET,666.00,266.40,0,10,0.00,0.00,35,Out of Stock (Margin Loss)
2517,JNE3630-KR-XXXL,KURTA - JNE3630,KURTA,487.00,194.80,0,10,0.00,0.00,6,Out of Stock (Margin Loss)
2518,SET048-KR-NP-S,SET - SET048,SET,648.00,259.20,0,10,0.00,0.00,15,Out of Stock (Margin Loss)
2519,J0244-SKD-XXXL,SET - J0244,SET,1298.00,519.20,0,10,0.00,0.00,32,Out of Stock (Margin Loss)
2520,J0049-TP-L,TOP - J0049,TOP,321.00,128.40,0,10,0.00,0.00,2,Out of Stock (Margin Loss)
2521,SET353-KR-NP-XXXL,SET - SET353,SET,888.00,355.20,0,10,0.00,0.00,6,Out of Stock (Margin Loss)
2522,JNE3627-KR-XS,KURTA - JNE3627,KURTA,318.00,127.20,0,10,0.00,0.00,11,Out of Stock (Margin Loss)
2523,J0049-TP-XS,TOP - J0049,TOP,329.00,131.60,0,10,0.00,0.00,1,Out of Stock (Margin Loss)
2525,JNE3898-KR-M,KURTA - JNE3898,KURTA,582.00,232.80,0,10,0.00,0.00,4,Out of Stock (Margin Loss)
2526,SET299-KR-PP-XL,SET - SET299,SET,825.00,330.00,0,10,0.00,0.00,2,Out of Stock (Margin Loss)
2527,J0341-DR-L,WESTERN DRESS - J0341,WESTERN DRESS,1168.00,467.20,0,10,0.00,0.00,255,Out of Stock (Margin Loss)
2528,J0333-DR-XXXL,WESTERN DRESS - J0333,WESTERN DRESS,885.00,354.00,0,10,0.00,0.00,32,Out of Stock (Margin Loss)
2529,MEN5021-KR-XXL,KURTA - MEN5021,KURTA,777.00,310.80,0,10,0.00,0.00,28,Out of Stock (Margin Loss)
2531,SET145-KR-NP-L,SET - SET145,SET,788.00,315.20,0,10,0.00,0.00,61,Out of Stock (Margin Loss)
2532,JNE3799-KR-XXXL,KURTA - JNE3799,KURTA,666.00,266.40,0,10,0.00,0.00,21,Out of Stock (Margin Loss)
2534,J0237-SKD-XXL,SET - J0237,SET,1369.00,547.60,0,10,0.00,0.00,13,Out of Stock (Margin Loss)
2535,JNE3456-KR-S,KURTA - JNE3456,KURTA,329.00,131.60,0,10,0.00,0.00,9,Out of Stock (Margin Loss)
2536,J0429-DR-XS,WESTERN DRESS - J0429,WESTERN DRESS,859.00,343.60,0,10,0.00,0.00,1,Out of Stock (Margin Loss)
2537,JNE3311-KR-XXXL,KURTA - JNE3311,KURTA,599.00,239.60,0,10,0.00,0.00,9,Out of Stock (Margin Loss)
2538,JNE3793-KR-XXL,KURTA - JNE3793,KURTA,368.00,147.20,0,10,0.00,0.00,24,Out of Stock (Margin Loss)
2539,J0204-TP-S,TOP - J0204,TOP,751.00,300.40,0,10,0.00,0.00,8,Out of Stock (Margin Loss)
2540,NW031-TP-PJ-L,SET - NW031,SET,599.00,239.60,0,10,0.00,0.00,5,Out of Stock (Margin Loss)
2541,BTM005-L,BOTTOM - BTM005,BOTTOM,518.00,207.20,0,10,0.00,0.00,19,Out of Stock (Margin Loss)
2543,J0241-SKD-XXXL,SET - J0241,SET,1338.00,535.20,0,10,0.00,0.00,3,Out of Stock (Margin Loss)
2544,SET087-KR-PP-XS,SET - SET087,SET,855.00,342.00,0,10,0.00,0.00,1,Out of Stock (Margin Loss)
2545,J0293-DR-XS,WESTERN DRESS - J0293,WESTERN DRESS,472.00,188.80,0,10,0.00,0.00,8,Out of Stock (Margin Loss)
2546,JNE3294-KR-XXXL,KURTA - JNE3294,KURTA,449.00,179.60,0,10,0.00,0.00,38,Out of Stock (Margin Loss)
2547,J0165-TP-L,TOP - J0165,TOP,371.00,148.40,0,10,0.00,0.00,14,Out of Stock (Margin Loss)
2548,JNE3348-KR-L,KURTA - JNE3348,KURTA,434.00,173.60,0,10,0.00,0.00,10,Out of Stock (Margin Loss)
2549,SET188-KR-NP-L,SET - SET188,SET,680.00,272.00,0,10,0.00,0.00,23,Out of Stock (Margin Loss)
2550,JNE1234-MULTI-KR-032-XXL,KURTA - JNE1234,KURTA,301.00,120.40,0,10,0.00,0.00,6,Out of Stock (Margin Loss)
2551,J0026-KR-XS,KURTA - J0026,KURTA,318.00,127.20,0,10,0.00,0.00,1,Out of Stock (Margin Loss)
2552,J0354-KR-XL,KURTA - J0354,KURTA,635.00,254.00,0,10,0.00,0.00,19,Out of Stock (Margin Loss)
6871,JNE3576-KR-L,KURTA - JNE3576,KURTA,487.00,194.80,0,10,0.00,0.00,31,Out of Stock (Margin Loss)
6872,SET398-KR-PP-M,SET - SET398,SET,1186.00,474.40,0,10,0.00,0.00,56,Out of Stock (Margin Loss)
6873,NW030-TP-PJ-XXL,SET - NW030,SET,758.00,303.20,0,10,0.00,0.00,32,Out of Stock (Margin Loss)
6874,SET352-KR-NP-L,SET - SET352,SET,499.00,199.60,0,10,0.00,0.00,12,Out of Stock (Margin Loss)
6875,SET225-KR-NP-XXXL,SET - SET225,SET,729.00,291.60,0,10,0.00,0.00,9,Out of Stock (Margin Loss)
6876,J0147-SET-XXXL,SET - J0147,SET,599.00,239.60,0,10,0.00,0.00,12,Out of Stock (Margin Loss)
6877,SET304-KR-DPT-S,SET - SET304,SET,1186.00,474.40,0,10,0.00,0.00,64,Out of Stock (Margin Loss)
6878,J0136-KR-S,KURTA - J0136,KURTA,568.00,227.20,0,10,0.00,0.00,11,Out of Stock (Margin Loss)
6879,J0333-DR-M,WESTERN DRESS - J0333,WESTERN DRESS,885.00,354.00,0,10,0.00,0.00,14,Out of Stock (Margin Loss)
6883,SET091-KR-NP-XXL,SET - SET091,SET,499.00,199.60,0,10,0.00,0.00,1,Out of Stock (Margin Loss)
6884,CH208-MUSTARD-XXL,BOTTOM - CH208,BOTTOM,301.00,120.40,0,10,0.00,0.00,3,Out of Stock (Margin Loss)
6885,J0343-DR-XXXL,WESTERN DRESS - J0343,WESTERN DRESS,1168.00,467.20,0,10,0.00,0.00,66,Out of Stock (Margin Loss)
6886,SET390-KR-NP-XL,SET - SET390,SET,999.00,399.60,0,10,0.00,0.00,7,Out of Stock (Margin Loss)
6887,JNE3783-KR-XXXL,KURTA - JNE3783,KURTA,517.00,206.80,0,10,0.00,0.00,19,Out of Stock (Margin Loss)
6888,JNE1977-KR-237-XL,KURTA - JNE1977,KURTA,301.00,120.40,0,10,0.00,0.00,15,Out of Stock (Margin Loss)
6889,JNE3783-KR-XL,KURTA - JNE3783,KURTA,517.00,206.80,0,10,0.00,0.00,10,Out of Stock (Margin Loss)
6890,JNE3756-KR-S,KURTA - JNE3756,KURTA,487.00,194.80,0,10,0.00,0.00,9,Out of Stock (Margin Loss)
6891,JNE3602-KR-M,KURTA - JNE3602,KURTA,376.00,150.40,0,10,0.00,0.00,4,Out of Stock (Margin Loss)
6892,JNE3821-KR-S,KURTA - JNE3821,KURTA,542.00,216.80,0,10,0.00,0.00,7,Out of Stock (Margin Loss)
6893,J0389-TP-XL,TOP - J0389,TOP,665.00,266.00,0,10,0.00,0.00,3,Out of Stock (Margin Loss)
6894,SET386-KR-NP-L,SET - SET386,SET,699.00,279.60,0,10,0.00,0.00,35,Out of Stock (Margin Loss)
6895,SET324-KR-NP-XL,SET - SET324,SET,635.00,254.00,0,10,0.00,0.00,134,Out of Stock (Margin Loss)
6896,J0009-SKD-M,SET - J0009,SET,999.00,399.60,0,10,0.00,0.00,49,Out of Stock (Margin Loss)
6897,J0165-TP-XXL,TOP - J0165,TOP,371.00,148.40,0,10,0.00,0.00,22,Out of Stock (Margin Loss)
6898,JNE1975-KR-309-S,KURTA - JNE1975,KURTA,229.00,91.60,0,10,0.00,0.00,1,Out of Stock (Margin Loss)
6900,BTM040-PP-XL,BOTTOM - BTM040,BOTTOM,356.00,142.40,0,10,0.00,0.00,8,Out of Stock (Margin Loss)
6901,JNE3909-KR-M,KURTA - JNE3909,KURTA,696.00,278.40,0,10,0.00,0.00,3,Out of Stock (Margin Loss)
6902,JNE1998-KR-311-S,KURTA - JNE1998,KURTA,295.00,118.00,0,10,0.00,0.00,11,Out of Stock (Margin Loss)
6903,JNE3801-KR-XL,KURTA - JNE3801,KURTA,771.00,308.40,0,10,0.00,0.00,103,Out of Stock (Margin Loss)
6904,J0397-DR-XXXL,WESTERN DRESS - J0397,WESTERN DRESS,1399.00,559.60,0,10,0.00,0.00,18,Out of Stock (Margin Loss)
6905,JNE3717-KR-M,KURTA - JNE3717,KURTA,301.00,120.40,0,10,0.00,0.00,9,Out of Stock (Margin Loss)
6906,JNE3891-TP-L,TOP - JNE3891,TOP,621.00,248.40,0,10,0.00,0.00,1,Out of Stock (Margin Loss)
6907,AN210-NAVY-XL,BOTTOM - AN210,BOTTOM,301.00,120.40,0,10,0.00,0.00,0,Out of Stock (Margin Loss)
6908,JNE3401-KR-XXXL,KURTA - JNE3401,KURTA,301.00,120.40,0,10,0.00,0.00,1,Out of Stock (Margin Loss)
6909,JNE3556-KR-XL,KURTA - JNE3556,KURTA,517.00,206.80,0,10,0.00,0.00,26,Out of Stock (Margin Loss)
6910,J0345-SET-XXXL,SET - J0345,SET,499.00,199.60,0,10,0.00,0.00,14,Out of Stock (Margin Loss)
6911,SET248-KR-NP-XL,SET - SET248,SET,612.00,244.80,0,10,0.00,0.00,20,Out of Stock (Margin Loss)
6912,JNE3796-KR-M,KURTA - JNE3796,KURTA,345.00,138.00,0,10,0.00,0.00,2,Out of Stock (Margin Loss)
6914,J0429-DR-S,WESTERN DRESS - J0429,WESTERN DRESS,859.00,343.60,0,10,0.00,0.00,1,Out of Stock (Margin Loss)
6915,J0172-TP-XXL,TOP - J0172,TOP,729.00,291.60,0,10,0.00,0.00,17,Out of Stock (Margin Loss)
6916,JNE3581-KR-M,KURTA - JNE3581,KURTA,635.00,254.00,0,10,0.00,0.00,17,Out of Stock (Margin Loss)
6917,J0123-TP-XXL,TOP - J0123,TOP,321.00,128.40,0,10,0.00,0.00,17,Out of Stock (Margin Loss)
6918,JNE3359-KR-S,KURTA - JNE3359,KURTA,390.00,156.00,0,10,0.00,0.00,3,Out of Stock (Margin Loss)
6919,SET194-KR-NP-XS,SET - SET194,SET,641.00,256.40,0,10,0.00,0.00,1,Out of Stock (Margin Loss)
6920,JNE3794-KR-M,KURTA - JNE3794,KURTA,529.00,211.60,0,10,0.00,0.00,50,Out of Stock (Margin Loss)
6921,JNE3546-KR-M,KURTA - JNE3546,KURTA,487.00,194.80,0,10,0.00,0.00,111,Out of Stock (Margin Loss)
6922,JNE3703-KR-S,KURTA - JNE3703,KURTA,316.00,126.40,0,10,0.00,0.00,77,Out of Stock (Margin Loss)
6923,JNE3757-KR-S,KURTA - JNE3757,KURTA,487.00,194.80,0,10,0.00,0.00,13,Out of Stock (Margin Loss)
6924,J0224-SKD-XL,SET - J0224,SET,1593.00,637.20,0,10,0.00,0.00,6,Out of Stock (Margin Loss)
6925,JNE3703-KR-L,KURTA - JNE3703,KURTA,316.00,126.40,0,10,0.00,0.00,69,Out of Stock (Margin Loss)
6926,SAR108,SAREE - SAR108,SAREE,563.00,225.20,0,10,0.00,0.00,1,Out of Stock (Margin Loss)
6927,J0294-TP-XXXL,TOP - J0294,TOP,377.00,150.80,0,10,0.00,0.00,6,Out of Stock (Margin Loss)
6928,JNE3373-KR-M,KURTA - JNE3373,KURTA,382.00,152.80,0,10,0.00,0.00,167,Out of Stock (Margin Loss)
6929,J0215-BL-M,BLOUSE - J0215,BLOUSE,726.00,290.40,0,10,0.00,0.00,18,Out of Stock (Margin Loss)
6930,SET240-KR-PP-XXL,SET - SET240,SET,629.00,251.60,0,10,0.00,0.00,9,Out of Stock (Margin Loss)
6931,J0201-TP-XS,TOP - J0201,TOP,625.00,250.00,0,10,0.00,0.00,15,Out of Stock (Margin Loss)
6932,JNE3732-KR-XXL,KURTA - JNE3732,KURTA,517.00,206.80,0,10,0.00,0.00,14,Out of Stock (Margin Loss)
6933,SET355-KR-PP-XXXL,SET - SET355,SET,1399.00,559.60,0,10,0.00,0.00,21,Out of Stock (Margin Loss)
6934,J0075-KR-M,KURTA - J0075,KURTA,363.00,145.20,0,10,0.00,0.00,1,Out of Stock (Margin Loss)
6935,JNE3412-KR-XXL,KURTA - JNE3412,KURTA,435.00,174.00,0,10,0.00,0.00,23,Out of Stock (Margin Loss)
6936,J0203-TP-M,TOP - J0203,TOP,568.00,227.20,0,10,0.00,0.00,13,Out of Stock (Margin Loss)
6937,SET374-KR-NP-XL,SET - SET374,SET,729.00,291.60,0,10,0.00,0.00,104,Out of Stock (Margin Loss)
6938,J0376-SKD-XXXL,SET - J0376,SET,1063.00,425.20,0,10,0.00,0.00,22,Out of Stock (Margin Loss)
6939,NW033-ST-CP-S,SET - NW033,SET,582.00,232.80,0,10,0.00,0.00,2,Out of Stock (Margin Loss)
6940,JNE3466-KR-XXL,KURTA - JNE3466,KURTA,771.00,308.40,0,10,0.00,0.00,11,Out of Stock (Margin Loss)
2553,JNE2086-KR-389-XL,KURTA - JNE2086,KURTA,699.00,279.60,0,10,0.00,0.00,1,Out of Stock (Margin Loss)
2555,J0094-KR-M,KURTA - J0094,KURTA,603.00,241.20,0,10,0.00,0.00,59,Out of Stock (Margin Loss)
2556,JNE3638-KR-M,KURTA - JNE3638,KURTA,517.00,206.80,0,10,0.00,0.00,15,Out of Stock (Margin Loss)
2557,J0148-SET-XS,SET - J0148,SET,636.00,254.40,0,10,0.00,0.00,11,Out of Stock (Margin Loss)
2558,JNE3762-KR-XXXL,KURTA - JNE3762,KURTA,329.00,131.60,0,10,0.00,0.00,11,Out of Stock (Margin Loss)
2559,SET087-KR-PP-XL,SET - SET087,SET,925.00,370.00,0,10,0.00,0.00,9,Out of Stock (Margin Loss)
2560,JNE3454-KR-XL,KURTA - JNE3454,KURTA,435.00,174.00,0,10,0.00,0.00,14,Out of Stock (Margin Loss)
2561,J0096-KR-XXXL,KURTA - J0096,KURTA,635.00,254.00,0,10,0.00,0.00,22,Out of Stock (Margin Loss)
2562,SET248-KR-NP-XXXL,SET - SET248,SET,612.00,244.80,0,10,0.00,0.00,11,Out of Stock (Margin Loss)
2564,J0139-KR-XXXL,KURTA - J0139,KURTA,399.00,159.60,0,10,0.00,0.00,32,Out of Stock (Margin Loss)
2566,JNE3575-KR-S,KURTA - JNE3575,KURTA,471.00,188.40,0,10,0.00,0.00,4,Out of Stock (Margin Loss)
2567,JNE3256-KR-M,KURTA - JNE3256,KURTA,487.00,194.80,0,10,0.00,0.00,21,Out of Stock (Margin Loss)
2568,JNE3160-KR-XXXL,KURTA - JNE3160,KURTA,729.00,291.60,0,10,0.00,0.00,12,Out of Stock (Margin Loss)
2569,JNE3778-KR-M,KURTA - JNE3778,KURTA,459.00,183.60,0,10,0.00,0.00,11,Out of Stock (Margin Loss)
2570,JNE3686-TU-XS,TOP - JNE3686,TOP,446.00,178.40,0,10,0.00,0.00,11,Out of Stock (Margin Loss)
2571,SET268-KR-NP-XS,SET - SET268,SET,788.00,315.20,0,10,0.00,0.00,189,Out of Stock (Margin Loss)
2572,J0198-TP-XL,TOP - J0198,TOP,826.00,330.40,0,10,0.00,0.00,26,Out of Stock (Margin Loss)
2573,SET402-KR-NP-L,SET - SET402,SET,1166.00,466.40,0,10,0.00,0.00,40,Out of Stock (Margin Loss)
2574,J0197-TP-M,TOP - J0197,TOP,625.00,250.00,0,10,0.00,0.00,24,Out of Stock (Margin Loss)
2575,JNE3473-KR-L,KURTA - JNE3473,KURTA,487.00,194.80,0,10,0.00,0.00,6,Out of Stock (Margin Loss)
2576,JNE3348-KR-S,KURTA - JNE3348,KURTA,434.00,173.60,0,10,0.00,0.00,6,Out of Stock (Margin Loss)
2578,JNE3763-KR-L,KURTA - JNE3763,KURTA,459.00,183.60,0,10,0.00,0.00,10,Out of Stock (Margin Loss)
2579,JNE3658-TP-L,TOP - JNE3658,TOP,359.00,143.60,0,10,0.00,0.00,8,Out of Stock (Margin Loss)
2580,BL102-S,BLOUSE - BL102,BLOUSE,259.00,103.60,0,10,0.00,0.00,1,Out of Stock (Margin Loss)
2582,JNE3689-TU-M,TOP - JNE3689,TOP,572.00,228.80,0,10,0.00,0.00,17,Out of Stock (Margin Loss)
2583,J0278-SET-XL,SET - J0278,SET,761.00,304.40,0,10,0.00,0.00,11,Out of Stock (Margin Loss)
2584,JNE3823-KR-XS,KURTA - JNE3823,KURTA,542.00,216.80,0,10,0.00,0.00,5,Out of Stock (Margin Loss)
2585,SET408-KR-NP-XXL,SET - SET408,SET,599.00,239.60,0,10,0.00,0.00,10,Out of Stock (Margin Loss)
2586,J0210-DR-XXXL,ETHNIC DRESS - J0210,ETHNIC DRESS,812.00,324.80,0,10,0.00,0.00,10,Out of Stock (Margin Loss)
2587,J0215-BL-XL,BLOUSE - J0215,BLOUSE,764.00,305.60,0,10,0.00,0.00,12,Out of Stock (Margin Loss)
2588,SET318-KR-SHA-XXXL,SET - SET318,SET,999.00,399.60,0,10,0.00,0.00,2,Out of Stock (Margin Loss)
2589,J0048-TP-XS,TOP - J0048,TOP,339.00,135.60,0,10,0.00,0.00,3,Out of Stock (Margin Loss)
2590,SAR101,SAREE - SAR101,SAREE,616.00,246.40,0,10,0.00,0.00,1,Out of Stock (Margin Loss)
2591,J0236-SKD-L,SET - J0236,SET,950.00,380.00,0,10,0.00,0.00,66,Out of Stock (Margin Loss)
2592,BL109-L,BLOUSE - BL109,BLOUSE,518.00,207.20,0,10,0.00,0.00,10,Out of Stock (Margin Loss)
2593,SET352-KR-NP-XL,SET - SET352,SET,499.00,199.60,0,10,0.00,0.00,9,Out of Stock (Margin Loss)
2594,JNE3720-KR-XXXL,KURTA - JNE3720,KURTA,517.00,206.80,0,10,0.00,0.00,19,Out of Stock (Margin Loss)
2595,JNE3571-KR-XS,KURTA - JNE3571,KURTA,487.00,194.80,0,10,0.00,0.00,6,Out of Stock (Margin Loss)
2596,SET303-KR-NP-M,SET - SET303,SET,888.00,355.20,0,10,0.00,0.00,13,Out of Stock (Margin Loss)
2597,JNE3577-KR-M,KURTA - JNE3577,KURTA,696.00,278.40,0,10,0.00,0.00,10,Out of Stock (Margin Loss)
2598,JNE3524-KR-L,KURTA - JNE3524,KURTA,568.00,227.20,0,10,0.00,0.00,14,Out of Stock (Margin Loss)
2599,JNE3564-KR-S,KURTA - JNE3564,KURTA,487.00,194.80,0,10,0.00,0.00,24,Out of Stock (Margin Loss)
2600,AN213-BROWN-XL,BOTTOM - AN213,BOTTOM,301.00,120.40,0,10,0.00,0.00,1,Out of Stock (Margin Loss)
2601,J0057-DR-XXXL,ETHNIC DRESS - J0057,ETHNIC DRESS,0.00,0.00,0,10,0.00,0.00,0,Out of Stock (Margin Loss)
2602,JNE3893-TP-XL,TOP - JNE3893,TOP,817.00,326.80,0,10,0.00,0.00,2,Out of Stock (Margin Loss)
2603,J0333-DR-XL,WESTERN DRESS - J0333,WESTERN DRESS,885.00,354.00,0,10,0.00,0.00,14,Out of Stock (Margin Loss)
2604,J0336-TP-XL,TOP - J0336,TOP,836.00,334.40,0,10,0.00,0.00,33,Out of Stock (Margin Loss)
2605,J0096-KR-M,KURTA - J0096,KURTA,635.00,254.00,0,10,0.00,0.00,38,Out of Stock (Margin Loss)
2606,JNE3428-KR-M,KURTA - JNE3428,KURTA,249.00,99.60,0,10,0.00,0.00,7,Out of Stock (Margin Loss)
2607,JNE3482-KR-XS,KURTA - JNE3482,KURTA,318.00,127.20,0,10,0.00,0.00,5,Out of Stock (Margin Loss)
2608,J0203-TP-L,TOP - J0203,TOP,574.00,229.60,0,10,0.00,0.00,18,Out of Stock (Margin Loss)
2609,J0120-TP-S,TOP - J0120,TOP,365.00,146.00,0,10,0.00,0.00,11,Out of Stock (Margin Loss)
2610,JNE3355-KR-XL,KURTA - JNE3355,KURTA,448.00,179.20,0,10,0.00,0.00,1,Out of Stock (Margin Loss)
2611,SET301-KR-PP-S,SET - SET301,SET,833.00,333.20,0,10,0.00,0.00,1,Out of Stock (Margin Loss)
2612,JNE3359-KR-XL,KURTA - JNE3359,KURTA,390.00,156.00,0,10,0.00,0.00,3,Out of Stock (Margin Loss)
2613,JNE3924-TU-M,TOP - JNE3924,TOP,625.00,250.00,0,10,0.00,0.00,1,Out of Stock (Margin Loss)
2614,JNE3791-DR-XS,ETHNIC DRESS - JNE3791,ETHNIC DRESS,399.00,159.60,0,10,0.00,0.00,4,Out of Stock (Margin Loss)
2615,J0008-SKD-XS,SET - J0008,SET,1147.00,458.80,0,10,0.00,0.00,114,Out of Stock (Margin Loss)
2616,J0159-DR-S,WESTERN DRESS - J0159,WESTERN DRESS,599.00,239.60,0,10,0.00,0.00,12,Out of Stock (Margin Loss)
2617,J0376-SKD-L,SET - J0376,SET,1063.00,425.20,0,10,0.00,0.00,28,Out of Stock (Margin Loss)
2618,J0354-KR-XXL,KURTA - J0354,KURTA,635.00,254.00,0,10,0.00,0.00,23,Out of Stock (Margin Loss)
2619,SET062-KR-SP-XS,SET - SET062,SET,685.00,274.00,0,10,0.00,0.00,8,Out of Stock (Margin Loss)
2620,JNE3792-KR-XL,KURTA - JNE3792,KURTA,499.00,199.60,0,10,0.00,0.00,5,Out of Stock (Margin Loss)
2622,NW029-ST-SR-M,SET - NW029,SET,495.00,198.00,0,10,0.00,0.00,13,Out of Stock (Margin Loss)
2623,JNE1906-KR-031-XL,KURTA - JNE1906,KURTA,382.00,152.80,0,10,0.00,0.00,10,Out of Stock (Margin Loss)
2624,SET414-KR-NP-XXL,SET - SET414,SET,999.00,399.60,0,10,0.00,0.00,6,Out of Stock (Margin Loss)
2625,JNE3765-KR-L,KURTA - JNE3765,KURTA,579.00,231.60,0,10,0.00,0.00,3,Out of Stock (Margin Loss)
2626,SET374-KR-NP-S,SET - SET374,SET,666.00,266.40,0,10,0.00,0.00,90,Out of Stock (Margin Loss)
2627,JNE3810-KR-M,KURTA - JNE3810,KURTA,696.00,278.40,0,10,0.00,0.00,28,Out of Stock (Margin Loss)
2628,JNE3501-KR-L,KURTA - JNE3501,KURTA,419.00,167.60,0,10,0.00,0.00,25,Out of Stock (Margin Loss)
2629,JNE3611-KR-XS,KURTA - JNE3611,KURTA,469.00,187.60,0,10,0.00,0.00,17,Out of Stock (Margin Loss)
2630,J0159-DR-L,WESTERN DRESS - J0159,WESTERN DRESS,707.00,282.80,0,10,0.00,0.00,9,Out of Stock (Margin Loss)
2631,JNE3833-KR-XL,KURTA - JNE3833,KURTA,549.00,219.60,0,10,0.00,0.00,6,Out of Stock (Margin Loss)
2632,J0037-KR-XXL,KURTA - J0037,KURTA,522.00,208.80,0,10,0.00,0.00,11,Out of Stock (Margin Loss)
2633,J0197-TP-XXXL,TOP - J0197,TOP,869.00,347.60,0,10,0.00,0.00,20,Out of Stock (Margin Loss)
2635,SET346-KR-PP-XL,SET - SET346,SET,911.00,364.40,0,10,0.00,0.00,18,Out of Stock (Margin Loss)
2636,JNE3629-KR-XXXL,KURTA - JNE3629,KURTA,499.00,199.60,0,10,0.00,0.00,2,Out of Stock (Margin Loss)
2637,JNE3903-KR-XXL,KURTA - JNE3903,KURTA,432.00,172.80,0,10,0.00,0.00,3,Out of Stock (Margin Loss)
2638,JNE3520-KR-XXL,KURTA - JNE3520,KURTA,419.00,167.60,0,10,0.00,0.00,1,Out of Stock (Margin Loss)
2639,JNE3368-KR-XL,KURTA - JNE3368,KURTA,471.00,188.40,0,10,0.00,0.00,104,Out of Stock (Margin Loss)
2640,SET183-KR-DH-XL,SET - SET183,SET,759.00,303.60,0,10,0.00,0.00,85,Out of Stock (Margin Loss)
2641,JNE3720-KR-XXL,KURTA - JNE3720,KURTA,517.00,206.80,0,10,0.00,0.00,9,Out of Stock (Margin Loss)
2642,JNE3863-TU-M,TOP - JNE3863,TOP,758.00,303.20,0,10,0.00,0.00,29,Out of Stock (Margin Loss)
2643,J0024-KR-XXXL,KURTA - J0024,KURTA,0.00,0.00,0,10,0.00,0.00,6,Out of Stock (Margin Loss)
2644,SET233-KR-PP-L,SET - SET233,SET,566.00,226.40,0,10,0.00,0.00,50,Out of Stock (Margin Loss)
2645,JNE3461-KR-XL,KURTA - JNE3461,KURTA,399.00,159.60,0,10,0.00,0.00,48,Out of Stock (Margin Loss)
2646,SET098-KR-PP-XL,SET - SET098,SET,759.00,303.60,0,10,0.00,0.00,36,Out of Stock (Margin Loss)
2647,J0104-KR-XS,KURTA - J0104,KURTA,469.00,187.60,0,10,0.00,0.00,11,Out of Stock (Margin Loss)
2648,SAR173,SAREE - SAR173,SAREE,749.00,299.60,0,10,0.00,0.00,2,Out of Stock (Margin Loss)
2649,J0189-TP-XXXL,TOP - J0189,TOP,345.00,138.00,0,10,0.00,0.00,8,Out of Stock (Margin Loss)
2650,JNE3776-KR-XL,KURTA - JNE3776,KURTA,301.00,120.40,0,10,0.00,0.00,18,Out of Stock (Margin Loss)
2652,J0205-TP-XL,TOP - J0205,TOP,387.00,154.80,0,10,0.00,0.00,20,Out of Stock (Margin Loss)
2653,SET392-KR-NP-XL,SET - SET392,SET,799.00,319.60,0,10,0.00,0.00,52,Out of Stock (Margin Loss)
2654,JNE3669-TU-XXXL,TOP - JNE3669,TOP,869.00,347.60,0,10,0.00,0.00,15,Out of Stock (Margin Loss)
2655,JNE3748-KR-L,KURTA - JNE3748,KURTA,517.00,206.80,0,10,0.00,0.00,8,Out of Stock (Margin Loss)
2656,SET358-KR-NP-XXXL,SET - SET358,SET,1477.00,590.80,0,10,0.00,0.00,18,Out of Stock (Margin Loss)
2657,SET400-KR-NP-XL,SET - SET400,SET,1254.00,501.60,0,10,0.00,0.00,20,Out of Stock (Margin Loss)
2658,J0347-SET-XXXL,SET - J0347,SET,632.00,252.80,0,10,0.00,0.00,7,Out of Stock (Margin Loss)
2659,JNE3454-KR-XXXL,KURTA - JNE3454,KURTA,441.00,176.40,0,10,0.00,0.00,14,Out of Stock (Margin Loss)
2660,SET073-KR-SHA-XS,SET - SET073,SET,824.00,329.60,0,10,0.00,0.00,12,Out of Stock (Margin Loss)
2661,SET278-KR-NP-L,SET - SET278,SET,1523.00,609.20,0,10,0.00,0.00,80,Out of Stock (Margin Loss)
2662,JNE3614-KR-XL,KURTA - JNE3614,KURTA,459.00,183.60,0,10,0.00,0.00,56,Out of Stock (Margin Loss)
2663,SET287-KR-NP-XS,SET - SET287,SET,666.00,266.40,0,10,0.00,0.00,12,Out of Stock (Margin Loss)
2664,JNE3546-KR-XS,KURTA - JNE3546,KURTA,487.00,194.80,0,10,0.00,0.00,20,Out of Stock (Margin Loss)
2666,SET281-KR-PP-L,SET - SET281,SET,499.00,199.60,0,10,0.00,0.00,29,Out of Stock (Margin Loss)
2667,JNE3910-KR-XL,KURTA - JNE3910,KURTA,736.00,294.40,0,10,0.00,0.00,2,Out of Stock (Margin Loss)
2668,NW004-TP-PJ-M,SET - NW004,SET,496.00,198.40,0,10,0.00,0.00,13,Out of Stock (Margin Loss)
2669,JNE3675-TU-XL,TOP - JNE3675,TOP,574.00,229.60,0,10,0.00,0.00,13,Out of Stock (Margin Loss)
2671,JNE3778-KR-XS,KURTA - JNE3778,KURTA,459.00,183.60,0,10,0.00,0.00,6,Out of Stock (Margin Loss)
2672,SET330-KR-PP-XL,SET - SET330,SET,666.00,266.40,0,10,0.00,0.00,16,Out of Stock (Margin Loss)
2673,SET357-KR-NP-XXL,SET - SET357,SET,771.00,308.40,0,10,0.00,0.00,36,Out of Stock (Margin Loss)
2674,SET332-KR-PP-L,SET - SET332,SET,549.00,219.60,0,10,0.00,0.00,14,Out of Stock (Margin Loss)
2675,J0295-DR-XS,WESTERN DRESS - J0295,WESTERN DRESS,859.00,343.60,0,10,0.00,0.00,5,Out of Stock (Margin Loss)
2676,MEN5004-KR-S,KURTA - MEN5004,KURTA,709.00,283.60,0,10,0.00,0.00,40,Out of Stock (Margin Loss)
2677,JNE3862-TU-M,TOP - JNE3862,TOP,839.00,335.60,0,10,0.00,0.00,6,Out of Stock (Margin Loss)
2678,SET226-KR-PP-M,SET - SET226,SET,799.00,319.60,0,10,0.00,0.00,9,Out of Stock (Margin Loss)
2679,NW036-ST-SR-XXXL,SET - NW036,SET,563.00,225.20,0,10,0.00,0.00,2,Out of Stock (Margin Loss)
2680,J0038-DR-XS,ETHNIC DRESS - J0038,ETHNIC DRESS,546.00,218.40,0,10,0.00,0.00,5,Out of Stock (Margin Loss)
2681,SET409-KR-NP-XL,SET - SET409,SET,641.00,256.40,0,10,0.00,0.00,7,Out of Stock (Margin Loss)
2682,AN206-GREEN-XL,BOTTOM - AN206,BOTTOM,301.00,120.40,0,10,0.00,0.00,1,Out of Stock (Margin Loss)
2684,J0391-TP-XS,TOP - J0391,TOP,690.00,276.00,0,10,0.00,0.00,2,Out of Stock (Margin Loss)
2685,SET359-KR-NP-L,SET - SET359,SET,1099.00,439.60,0,10,0.00,0.00,25,Out of Stock (Margin Loss)
2686,BL101-M,BLOUSE - BL101,BLOUSE,249.00,99.60,0,10,0.00,0.00,2,Out of Stock (Margin Loss)
2687,MEN5021-KR-XXXL,KURTA - MEN5021,KURTA,777.00,310.80,0,10,0.00,0.00,23,Out of Stock (Margin Loss)
2688,J0110-SKD-XL,SET - J0110,SET,864.00,345.60,0,10,0.00,0.00,6,Out of Stock (Margin Loss)
2689,JNE3792-KR-M,KURTA - JNE3792,KURTA,432.00,172.80,0,10,0.00,0.00,10,Out of Stock (Margin Loss)
2690,SET289-KR-NP-XXL,SET - SET289,SET,526.00,210.40,0,10,0.00,0.00,9,Out of Stock (Margin Loss)
2691,JNE2113-KR-381-L,KURTA - JNE2113,KURTA,499.00,199.60,0,10,0.00,0.00,3,Out of Stock (Margin Loss)
2692,JNE2032-KR-205-XXXL,KURTA - JNE2032,KURTA,316.00,126.40,0,10,0.00,0.00,24,Out of Stock (Margin Loss)
2693,J0349-SET-M,SET - J0349,SET,888.00,355.20,0,10,0.00,0.00,95,Out of Stock (Margin Loss)
2694,J0196-TP-XXXL,TOP - J0196,TOP,490.00,196.00,0,10,0.00,0.00,9,Out of Stock (Margin Loss)
2695,JNE3480-KR-XXL,KURTA - JNE3480,KURTA,301.00,120.40,0,10,0.00,0.00,7,Out of Stock (Margin Loss)
6941,CH201-RED-M,BOTTOM - CH201,BOTTOM,301.00,120.40,0,10,0.00,0.00,2,Out of Stock (Margin Loss)
6943,JNE2170-KR-436-L,KURTA - JNE2170,KURTA,518.00,207.20,0,10,0.00,0.00,25,Out of Stock (Margin Loss)
6944,JNE3864-TU-L,TOP - JNE3864,TOP,836.00,334.40,0,10,0.00,0.00,13,Out of Stock (Margin Loss)
6946,J0307-TP-L,TOP - J0307,TOP,518.00,207.20,0,10,0.00,0.00,3,Out of Stock (Margin Loss)
6947,AN201-RED-XXL,BOTTOM - AN201,BOTTOM,229.00,91.60,0,10,0.00,0.00,1,Out of Stock (Margin Loss)
6948,J0341-DR-XXL,WESTERN DRESS - J0341,WESTERN DRESS,1168.00,467.20,0,10,0.00,0.00,195,Out of Stock (Margin Loss)
6949,J0343-DR-L,WESTERN DRESS - J0343,WESTERN DRESS,885.00,354.00,0,10,0.00,0.00,31,Out of Stock (Margin Loss)
6950,MEN5017-KR-S,KURTA - MEN5017,KURTA,736.00,294.40,0,10,0.00,0.00,14,Out of Stock (Margin Loss)
6952,SET053-KR-NP-L,SET - SET053,SET,633.00,253.20,0,10,0.00,0.00,7,Out of Stock (Margin Loss)
6953,JNE3833-KR-S,KURTA - JNE3833,KURTA,521.00,208.40,0,10,0.00,0.00,5,Out of Stock (Margin Loss)
6954,J0294-TP-XS,TOP - J0294,TOP,396.00,158.40,0,10,0.00,0.00,15,Out of Stock (Margin Loss)
6955,JNE3756-KR-XL,KURTA - JNE3756,KURTA,487.00,194.80,0,10,0.00,0.00,12,Out of Stock (Margin Loss)
6956,BL035-161GOLD,BLOUSE - BL035,BLOUSE,377.00,150.80,0,10,0.00,0.00,20,Out of Stock (Margin Loss)
6957,J0417-TP-XL,TOP - J0417,TOP,791.00,316.40,0,10,0.00,0.00,2,Out of Stock (Margin Loss)
6958,JNE3802-KR-M,KURTA - JNE3802,KURTA,487.00,194.80,0,10,0.00,0.00,53,Out of Stock (Margin Loss)
6960,JNE3892-TP-M,TOP - JNE3892,TOP,648.00,259.20,0,10,0.00,0.00,8,Out of Stock (Margin Loss)
6961,SET034-KR-NP-XS,SET - SET034,SET,0.00,0.00,0,10,0.00,0.00,0,Out of Stock (Margin Loss)
6962,JNE3510-KR-S,KURTA - JNE3510,KURTA,471.00,188.40,0,10,0.00,0.00,130,Out of Stock (Margin Loss)
6963,SET264-KR-NP-XXL,SET - SET264,SET,824.00,329.60,0,10,0.00,0.00,72,Out of Stock (Margin Loss)
6964,JNE3463-KR-XL,KURTA - JNE3463,KURTA,574.00,229.60,0,10,0.00,0.00,53,Out of Stock (Margin Loss)
6965,JNE3471-KR-S,KURTA - JNE3471,KURTA,301.00,120.40,0,10,0.00,0.00,8,Out of Stock (Margin Loss)
6966,J0078-SET-S,SET - J0078,SET,999.00,399.60,0,10,0.00,0.00,7,Out of Stock (Margin Loss)
6967,JNE3460-KR-S,KURTA - JNE3460,KURTA,480.00,192.00,0,10,0.00,0.00,1,Out of Stock (Margin Loss)
6968,NW012-TP-PJ-XL,SET - NW012,SET,560.00,224.00,0,10,0.00,0.00,46,Out of Stock (Margin Loss)
6969,JNE3446-KR-XXL,KURTA - JNE3446,KURTA,318.00,127.20,0,10,0.00,0.00,4,Out of Stock (Margin Loss)
6970,JNE3722-KR-XXL,KURTA - JNE3722,KURTA,301.00,120.40,0,10,0.00,0.00,49,Out of Stock (Margin Loss)
6971,J0233-SKD-XS,SET - J0233,SET,1299.00,519.60,0,10,0.00,0.00,4,Out of Stock (Margin Loss)
6972,SET221-KR-NP-XXL,SET - SET221,SET,714.00,285.60,0,10,0.00,0.00,12,Out of Stock (Margin Loss)
6973,J0019-SET-XS,SET - J0019,SET,579.00,231.60,0,10,0.00,0.00,2,Out of Stock (Margin Loss)
6974,NW006-ST-SR-XL,SET - NW006,SET,496.00,198.40,0,10,0.00,0.00,7,Out of Stock (Margin Loss)
6975,JNE3398-KR-XXXL,KURTA - JNE3398,KURTA,301.00,120.40,0,10,0.00,0.00,2,Out of Stock (Margin Loss)
6976,SET405-KR-NP-XXXL,SET - SET405,SET,771.00,308.40,0,10,0.00,0.00,34,Out of Stock (Margin Loss)
6977,JNE1408-GREY-KR-UDF19-L,KURTA - JNE1408,KURTA,376.00,150.40,0,10,0.00,0.00,9,Out of Stock (Margin Loss)
7814,J0077-SKD-S,SET - J0077,SET,1170.00,468.00,0,10,0.00,0.00,22,Out of Stock (Margin Loss)
7815,SET271-KR-NP-XS,SET - SET271,SET,895.00,358.00,0,10,0.00,0.00,4,Out of Stock (Margin Loss)
7816,JNE3707-DR-XS,WESTERN DRESS - JNE3707,WESTERN DRESS,496.00,198.40,0,10,0.00,0.00,4,Out of Stock (Margin Loss)
7817,J0175-KR-XL,KURTA - J0175,KURTA,499.00,199.60,0,10,0.00,0.00,2,Out of Stock (Margin Loss)
7818,JNE3255-KR-XXL,KURTA - JNE3255,KURTA,487.00,194.80,0,10,0.00,0.00,8,Out of Stock (Margin Loss)
7819,SET293-KR-NP-M,SET - SET293,SET,789.00,315.60,0,10,0.00,0.00,118,Out of Stock (Margin Loss)
7820,JNE3795-KR-L,KURTA - JNE3795,KURTA,529.00,211.60,0,10,0.00,0.00,31,Out of Stock (Margin Loss)
7821,J0198-TP-M,TOP - J0198,TOP,826.00,330.40,0,10,0.00,0.00,38,Out of Stock (Margin Loss)
7822,J0396-DR-XXL,WESTERN DRESS - J0396,WESTERN DRESS,1136.00,454.40,0,10,0.00,0.00,15,Out of Stock (Margin Loss)
7823,MEN5011-KR-XXL,KURTA - MEN5011,KURTA,709.00,283.60,0,10,0.00,0.00,18,Out of Stock (Margin Loss)
7825,JNE3880-DR-L,WESTERN DRESS - JNE3880,WESTERN DRESS,690.00,276.00,0,10,0.00,0.00,12,Out of Stock (Margin Loss)
7826,JNE3719-KR-M,KURTA - JNE3719,KURTA,399.00,159.60,0,10,0.00,0.00,4,Out of Stock (Margin Loss)
7827,JNE3895-TP-XXL,TOP - JNE3895,TOP,751.00,300.40,0,10,0.00,0.00,6,Out of Stock (Margin Loss)
7828,JNE3904-DR-XL,WESTERN DRESS - JNE3904,WESTERN DRESS,599.00,239.60,0,10,0.00,0.00,32,Out of Stock (Margin Loss)
7829,J0225-SKD-XXL,SET - J0225,SET,1499.00,599.60,0,10,0.00,0.00,12,Out of Stock (Margin Loss)
7830,SET329-KR-NP-XL,SET - SET329,SET,666.00,266.40,0,10,0.00,0.00,39,Out of Stock (Margin Loss)
7831,SET038-KR-PP-XL,SET - SET038,SET,579.00,231.60,0,10,0.00,0.00,20,Out of Stock (Margin Loss)
7832,J0154-DR-XXXL,WESTERN DRESS - J0154,WESTERN DRESS,377.00,150.80,0,10,0.00,0.00,5,Out of Stock (Margin Loss)
7834,JNE3504-KR-XL,KURTA - JNE3504,KURTA,487.00,194.80,0,10,0.00,0.00,27,Out of Stock (Margin Loss)
7835,SET182-KR-DH-M,SET - SET182,SET,699.00,279.60,0,10,0.00,0.00,61,Out of Stock (Margin Loss)
7836,JNE3622-KR-XL,KURTA - JNE3622,KURTA,368.00,147.20,0,10,0.00,0.00,25,Out of Stock (Margin Loss)
7837,JNE3637-KR-L,KURTA - JNE3637,KURTA,526.00,210.40,0,10,0.00,0.00,41,Out of Stock (Margin Loss)
7838,JNE3556-KR-L,KURTA - JNE3556,KURTA,517.00,206.80,0,10,0.00,0.00,21,Out of Stock (Margin Loss)
7839,J0100-DR-S,WESTERN DRESS - J0100,WESTERN DRESS,0.00,0.00,0,10,0.00,0.00,1,Out of Stock (Margin Loss)
7840,JNE3465-KR-M,KURTA - JNE3465,KURTA,523.00,209.20,0,10,0.00,0.00,103,Out of Stock (Margin Loss)
7841,SET305-KR-DPT-M,SET - SET305,SET,967.00,386.80,0,10,0.00,0.00,17,Out of Stock (Margin Loss)
7842,JNE3786-KR-M,KURTA - JNE3786,KURTA,368.00,147.20,0,10,0.00,0.00,2,Out of Stock (Margin Loss)
7843,JNE3759-KR-S,KURTA - JNE3759,KURTA,568.00,227.20,0,10,0.00,0.00,22,Out of Stock (Margin Loss)
7844,JNE2291-KR-602-S,KURTA - JNE2291,KURTA,382.00,152.80,0,10,0.00,0.00,12,Out of Stock (Margin Loss)
7845,SAR181,SAREE - SAR181,SAREE,998.00,399.20,0,10,0.00,0.00,2,Out of Stock (Margin Loss)
7847,JNE3864-TU-M,TOP - JNE3864,TOP,599.00,239.60,0,10,0.00,0.00,12,Out of Stock (Margin Loss)
7848,J0342-TP-XXXL,TOP - J0342,TOP,798.00,319.20,0,10,0.00,0.00,15,Out of Stock (Margin Loss)
7849,J0127-SKD-S,SET - J0127,SET,1199.00,479.60,0,10,0.00,0.00,12,Out of Stock (Margin Loss)
7850,JNE3860-DR-XXXL,WESTERN DRESS - JNE3860,WESTERN DRESS,736.00,294.40,0,10,0.00,0.00,32,Out of Stock (Margin Loss)
7852,SET437-KR-PP-XXL,SET - SET437,SET,1281.00,512.40,0,10,0.00,0.00,2,Out of Stock (Margin Loss)
7853,MEN5009-KR-XL,KURTA - MEN5009,KURTA,709.00,283.60,0,10,0.00,0.00,77,Out of Stock (Margin Loss)
7854,J0343-DR-M,WESTERN DRESS - J0343,WESTERN DRESS,1168.00,467.20,0,10,0.00,0.00,91,Out of Stock (Margin Loss)
7855,NW032-ST-CP-XXL,SET - NW032,SET,517.00,206.80,0,10,0.00,0.00,7,Out of Stock (Margin Loss)
7856,J0230-SKD-S,SET - J0230,SET,1349.00,539.60,0,10,0.00,0.00,411,Out of Stock (Margin Loss)
7857,JNE3784-KR-M,KURTA - JNE3784,KURTA,579.00,231.60,0,10,0.00,0.00,137,Out of Stock (Margin Loss)
7858,MEN5007-KR-M,KURTA - MEN5007,KURTA,625.00,250.00,0,10,0.00,0.00,31,Out of Stock (Margin Loss)
7859,J0214-TP-XL,TOP - J0214,TOP,495.00,198.00,0,10,0.00,0.00,12,Out of Stock (Margin Loss)
7860,J0228-SKD-L,SET - J0228,SET,1698.00,679.20,0,10,0.00,0.00,2,Out of Stock (Margin Loss)
7861,JNE3794-KR-XL,KURTA - JNE3794,KURTA,529.00,211.60,0,10,0.00,0.00,55,Out of Stock (Margin Loss)
7863,J0397-DR-XL,WESTERN DRESS - J0397,WESTERN DRESS,999.00,399.60,0,10,0.00,0.00,7,Out of Stock (Margin Loss)
7864,J0234-SKD-M,SET - J0234,SET,1228.00,491.20,0,10,0.00,0.00,13,Out of Stock (Margin Loss)
7865,SET185-KR-NP-XL,SET - SET185,SET,911.00,364.40,0,10,0.00,0.00,6,Out of Stock (Margin Loss)
7866,J0336-TP-L,TOP - J0336,TOP,925.00,370.00,0,10,0.00,0.00,38,Out of Stock (Margin Loss)
7867,JNE3861-DR-L,WESTERN DRESS - JNE3861,WESTERN DRESS,1099.00,439.60,0,10,0.00,0.00,60,Out of Stock (Margin Loss)
7868,J0281-SKD-XXXL,SET - J0281,SET,1477.00,590.80,0,10,0.00,0.00,17,Out of Stock (Margin Loss)
7870,JNE3391-KR-XS,KURTA - JNE3391,KURTA,448.00,179.20,0,10,0.00,0.00,8,Out of Stock (Margin Loss)
7871,J0203-TP-S,TOP - J0203,TOP,748.00,299.20,0,10,0.00,0.00,12,Out of Stock (Margin Loss)
7872,J0418-TP-S,TOP - J0418,TOP,749.00,299.60,0,10,0.00,0.00,5,Out of Stock (Margin Loss)
7873,J0232-SKD-M,SET - J0232,SET,1199.00,479.60,0,10,0.00,0.00,1,Out of Stock (Margin Loss)
7874,SET345-KR-NP-XS,SET - SET345,SET,666.00,266.40,0,10,0.00,0.00,119,Out of Stock (Margin Loss)
7875,J0219-BL-XL,BLOUSE - J0219,BLOUSE,794.00,317.60,0,10,0.00,0.00,13,Out of Stock (Margin Loss)
7876,J0012-SKD-XL,SET - J0012,SET,1213.00,485.20,0,10,0.00,0.00,96,Out of Stock (Margin Loss)
7877,SET250-KR-SHA-XS,SET - SET250,SET,680.00,272.00,0,10,0.00,0.00,10,Out of Stock (Margin Loss)
7878,SET253-KR-NP-XL,SET - SET253,SET,737.00,294.80,0,10,0.00,0.00,18,Out of Stock (Margin Loss)
7879,JNE3905-DR-S,WESTERN DRESS - JNE3905,WESTERN DRESS,869.00,347.60,0,10,0.00,0.00,7,Out of Stock (Margin Loss)
7880,SET302-KR-PP-XL,SET - SET302,SET,939.00,375.60,0,10,0.00,0.00,14,Out of Stock (Margin Loss)
7881,J0371-SKD-XL,SET - J0371,SET,1199.00,479.60,0,10,0.00,0.00,1,Out of Stock (Margin Loss)
7882,JNE3748-KR-M,KURTA - JNE3748,KURTA,431.00,172.40,0,10,0.00,0.00,2,Out of Stock (Margin Loss)
7883,J0144-SET-XS,SET - J0144,SET,499.00,199.60,0,10,0.00,0.00,10,Out of Stock (Margin Loss)
7884,JNE3573-KR-S,KURTA - JNE3573,KURTA,381.00,152.40,0,10,0.00,0.00,23,Out of Stock (Margin Loss)
7885,JNE3523-KR-XL,KURTA - JNE3523,KURTA,376.00,150.40,0,10,0.00,0.00,14,Out of Stock (Margin Loss)
7886,BTM036-PP-S,BOTTOM - BTM036,BOTTOM,377.00,150.80,0,10,0.00,0.00,2,Out of Stock (Margin Loss)
7887,SET319-KR-NP-XL,SET - SET319,SET,949.00,379.60,0,10,0.00,0.00,58,Out of Stock (Margin Loss)
7888,J0119-TP-XXXL,TOP - J0119,TOP,798.00,319.20,0,10,0.00,0.00,167,Out of Stock (Margin Loss)
7889,MEN5031-KR-XXL,KURTA - MEN5031,KURTA,714.00,285.60,0,10,0.00,0.00,17,Out of Stock (Margin Loss)
7891,SET277-KR-NP-L,SET - SET277,SET,1354.00,541.60,0,10,0.00,0.00,35,Out of Stock (Margin Loss)
7892,JNE3404-KR-L,KURTA - JNE3404,KURTA,487.00,194.80,0,10,0.00,0.00,8,Out of Stock (Margin Loss)
7893,NW015-TP-PJ-XS,SET - NW015,SET,539.00,215.60,0,10,0.00,0.00,4,Out of Stock (Margin Loss)
7894,SET116-KR-NP-M,SET - SET116,SET,591.00,236.40,0,10,0.00,0.00,6,Out of Stock (Margin Loss)
7895,J0028-KR-S,KURTA - J0028,KURTA,327.00,130.80,0,10,0.00,0.00,2,Out of Stock (Margin Loss)
7896,BL103-S,BLOUSE - BL103,BLOUSE,499.00,199.60,0,10,0.00,0.00,5,Out of Stock (Margin Loss)
7897,JNE3557-KR-XL,KURTA - JNE3557,KURTA,0.00,0.00,0,10,0.00,0.00,14,Out of Stock (Margin Loss)
7898,BL073-85BLACK,BLOUSE - BL073,BLOUSE,429.00,171.60,0,10,0.00,0.00,1,Out of Stock (Margin Loss)
7899,SET218-KR-NP-XS,SET - SET218,SET,667.00,266.80,0,10,0.00,0.00,4,Out of Stock (Margin Loss)
7900,JNE3631-DR-XL,WESTERN DRESS - JNE3631,WESTERN DRESS,499.00,199.60,0,10,0.00,0.00,1,Out of Stock (Margin Loss)
7902,J0028-KR-XS,KURTA - J0028,KURTA,318.00,127.20,0,10,0.00,0.00,3,Out of Stock (Margin Loss)
7903,JNE3892-TP-S,TOP - JNE3892,TOP,648.00,259.20,0,10,0.00,0.00,3,Out of Stock (Margin Loss)
7904,AN204-PURPLE-S,BOTTOM - AN204,BOTTOM,322.00,128.80,0,10,0.00,0.00,1,Out of Stock (Margin Loss)
7905,SET432-KR-PP-XXL,SET - SET432,SET,999.00,399.60,0,10,0.00,0.00,1,Out of Stock (Margin Loss)
7906,JNE3753-KR-XXL,KURTA - JNE3753,KURTA,499.00,199.60,0,10,0.00,0.00,9,Out of Stock (Margin Loss)
7907,SET258-KR-PP-XL,SET - SET258,SET,881.00,352.40,0,10,0.00,0.00,17,Out of Stock (Margin Loss)
7908,JNE3460-KR-M,KURTA - JNE3460,KURTA,480.00,192.00,0,10,0.00,0.00,1,Out of Stock (Margin Loss)
7909,JNE3160-KR-S,KURTA - JNE3160,KURTA,749.00,299.60,0,10,0.00,0.00,25,Out of Stock (Margin Loss)
7910,NW007-ST-CP-XXL,SET - NW007,SET,560.00,224.00,0,10,0.00,0.00,5,Out of Stock (Margin Loss)
7911,BTM040-PP-XS,BOTTOM - BTM040,BOTTOM,345.00,138.00,0,10,0.00,0.00,3,Out of Stock (Margin Loss)
7912,JNE3624-KR-L,KURTA - JNE3624,KURTA,487.00,194.80,0,10,0.00,0.00,5,Out of Stock (Margin Loss)
7913,J0088-TP-XXL,TOP - J0088,TOP,399.00,159.60,0,10,0.00,0.00,8,Out of Stock (Margin Loss)
7914,JNE3557-KR-XXL,KURTA - JNE3557,KURTA,517.00,206.80,0,10,0.00,0.00,13,Out of Stock (Margin Loss)
7915,JNE2294-KR-A-S,KURTA - JNE2294,KURTA,544.00,217.60,0,10,0.00,0.00,1,Out of Stock (Margin Loss)
7916,J0003-SET-XXL,SET - J0003,SET,696.00,278.40,0,10,0.00,0.00,183,Out of Stock (Margin Loss)
7917,JNE3803-KR-S,KURTA - JNE3803,KURTA,487.00,194.80,0,10,0.00,0.00,45,Out of Stock (Margin Loss)
7918,J0378-SKD-M,SET - J0378,SET,1146.00,458.40,0,10,0.00,0.00,5,Out of Stock (Margin Loss)
7919,SET269-KR-NP-L,SET - SET269,SET,824.00,329.60,0,10,0.00,0.00,97,Out of Stock (Margin Loss)
7920,BTM026-NP-M,BOTTOM - BTM026,BOTTOM,518.00,207.20,0,10,0.00,0.00,4,Out of Stock (Margin Loss)
7921,SET233-KR-PP-XL,SET - SET233,SET,566.00,226.40,0,10,0.00,0.00,23,Out of Stock (Margin Loss)
7922,JNE3504-KR-XS,KURTA - JNE3504,KURTA,487.00,194.80,0,10,0.00,0.00,9,Out of Stock (Margin Loss)
7923,SET341-KR-NP-XL,SET - SET341,SET,899.00,359.60,0,10,0.00,0.00,32,Out of Stock (Margin Loss)
7924,SET156-KR-NP-XXL,SET - SET156,SET,716.00,286.40,0,10,0.00,0.00,9,Out of Stock (Margin Loss)
7925,SET224-KR-NP-XXL,SET - SET224,SET,1299.00,519.60,0,10,0.00,0.00,37,Out of Stock (Margin Loss)
7926,JNE3888-KR-XXXL,KURTA - JNE3888,KURTA,696.00,278.40,0,10,0.00,0.00,7,Out of Stock (Margin Loss)
7927,JNE3416-KR-XL,KURTA - JNE3416,KURTA,301.00,120.40,0,10,0.00,0.00,2,Out of Stock (Margin Loss)
7928,J0095-SET-XXXL,SET - J0095,SET,653.00,261.20,0,10,0.00,0.00,71,Out of Stock (Margin Loss)
7929,JNE3838-KR-M,KURTA - JNE3838,KURTA,487.00,194.80,0,10,0.00,0.00,34,Out of Stock (Margin Loss)
7930,J0165-TP-S,TOP - J0165,TOP,371.00,148.40,0,10,0.00,0.00,5,Out of Stock (Margin Loss)
7931,JNE3687-TU-XXXL,TOP - JNE3687,TOP,545.00,218.00,0,10,0.00,0.00,9,Out of Stock (Margin Loss)
7932,SET357-KR-NP-M,SET - SET357,SET,771.00,308.40,0,10,0.00,0.00,50,Out of Stock (Margin Loss)
7933,SET435-KR-NP-XL,SET - SET435,SET,1399.00,559.60,0,10,0.00,0.00,13,Out of Stock (Margin Loss)
7934,J0172-TP-L,TOP - J0172,TOP,518.00,207.20,0,10,0.00,0.00,33,Out of Stock (Margin Loss)
7936,MEN5009-KR-M,KURTA - MEN5009,KURTA,709.00,283.60,0,10,0.00,0.00,91,Out of Stock (Margin Loss)
7938,JNE3465-KR-XL,KURTA - JNE3465,KURTA,523.00,209.20,0,10,0.00,0.00,76,Out of Stock (Margin Loss)
7939,JNE3736-KR-XL,KURTA - JNE3736,KURTA,421.00,168.40,0,10,0.00,0.00,9,Out of Stock (Margin Loss)
7940,J0244-SKD-L,SET - J0244,SET,1281.00,512.40,0,10,0.00,0.00,80,Out of Stock (Margin Loss)
7941,JNE3782-KR-S,KURTA - JNE3782,KURTA,544.00,217.60,0,10,0.00,0.00,5,Out of Stock (Margin Loss)
7942,J0282-SET-L,SET - J0282,SET,999.00,399.60,0,10,0.00,0.00,14,Out of Stock (Margin Loss)
7943,J0081-DR-M,WESTERN DRESS - J0081,WESTERN DRESS,658.00,263.20,0,10,0.00,0.00,20,Out of Stock (Margin Loss)
7944,JNE3573-KR-XS,KURTA - JNE3573,KURTA,381.00,152.40,0,10,0.00,0.00,14,Out of Stock (Margin Loss)
7945,JNE3457-KR-S,KURTA - JNE3457,KURTA,399.00,159.60,0,10,0.00,0.00,6,Out of Stock (Margin Loss)
7947,JNE3617-KR-XXXL,KURTA - JNE3617,KURTA,301.00,120.40,0,10,0.00,0.00,13,Out of Stock (Margin Loss)
7948,JNE3160-KR-L,KURTA - JNE3160,KURTA,749.00,299.60,0,10,0.00,0.00,38,Out of Stock (Margin Loss)
7949,J0301-TP-M,TOP - J0301,TOP,693.00,277.20,0,10,0.00,0.00,94,Out of Stock (Margin Loss)
7950,JNE3838-KR-XL,KURTA - JNE3838,KURTA,487.00,194.80,0,10,0.00,0.00,41,Out of Stock (Margin Loss)
7951,J0344-TP-XL,TOP - J0344,TOP,758.00,303.20,0,10,0.00,0.00,71,Out of Stock (Margin Loss)
7952,JNE3775-KR-XXXL,KURTA - JNE3775,KURTA,307.00,122.80,0,10,0.00,0.00,19,Out of Stock (Margin Loss)
7953,J0295-DR-S,WESTERN DRESS - J0295,WESTERN DRESS,1196.00,478.40,0,10,0.00,0.00,19,Out of Stock (Margin Loss)
7954,JNE2132-KR-398-S,KURTA - JNE2132,KURTA,524.00,209.60,0,10,0.00,0.00,4,Out of Stock (Margin Loss)
7955,SET204-KR-DPT-S,SET - SET204,SET,666.00,266.40,0,10,0.00,0.00,8,Out of Stock (Margin Loss)
7957,J0235-SKD-XL,SET - J0235,SET,1089.00,435.60,0,10,0.00,0.00,6,Out of Stock (Margin Loss)
7958,JNE3837-KR-S,KURTA - JNE3837,KURTA,635.00,254.00,0,10,0.00,0.00,23,Out of Stock (Margin Loss)
7959,JNE3225-KR-M,KURTA - JNE3225,KURTA,349.00,139.60,0,10,0.00,0.00,21,Out of Stock (Margin Loss)
7960,JNE3634-KR-S,KURTA - JNE3634,KURTA,544.00,217.60,0,10,0.00,0.00,35,Out of Stock (Margin Loss)
7961,SET384-KR-NP-XXL,SET - SET384,SET,631.00,252.40,0,10,0.00,0.00,14,Out of Stock (Margin Loss)
7962,J0155-KR-XXXL,KURTA - J0155,KURTA,736.00,294.40,0,10,0.00,0.00,2,Out of Stock (Margin Loss)
7963,JNE3398-KR-S,KURTA - JNE3398,KURTA,318.00,127.20,0,10,0.00,0.00,9,Out of Stock (Margin Loss)
7964,SET236-KR-PP-XXL,SET - SET236,SET,788.00,315.20,0,10,0.00,0.00,23,Out of Stock (Margin Loss)
7965,J0238-LCD-XS,SET - J0238,SET,2442.00,976.80,0,10,0.00,0.00,1,Out of Stock (Margin Loss)
7966,JNE3927-KR-M,KURTA - JNE3927,KURTA,801.00,320.40,0,10,0.00,0.00,1,Out of Stock (Margin Loss)
7967,SET377-KR-NP-M,SET - SET377,SET,1238.00,495.20,0,10,0.00,0.00,12,Out of Stock (Margin Loss)
7968,SET319-KR-NP-XXXL,SET - SET319,SET,949.00,379.60,0,10,0.00,0.00,20,Out of Stock (Margin Loss)
7969,SET308-KR-PP-L,SET - SET308,SET,696.00,278.40,0,10,0.00,0.00,9,Out of Stock (Margin Loss)
7972,BTM043-PP-XXXL,BOTTOM - BTM043,BOTTOM,379.00,151.60,0,10,0.00,0.00,1,Out of Stock (Margin Loss)
7973,SET366-KR-NP-XXL,SET - SET366,SET,1199.00,479.60,0,10,0.00,0.00,27,Out of Stock (Margin Loss)
7974,J0351-SET-S,SET - J0351,SET,792.00,316.80,0,10,0.00,0.00,19,Out of Stock (Margin Loss)
7975,JNE2171-KR-437-XXL,KURTA - JNE2171,KURTA,524.00,209.60,0,10,0.00,0.00,13,Out of Stock (Margin Loss)
7977,J0415-DR-M,WESTERN DRESS - J0415,WESTERN DRESS,899.00,359.60,0,10,0.00,0.00,11,Out of Stock (Margin Loss)
7978,J0002-SKD-S,SET - J0002,SET,1186.00,474.40,0,10,0.00,0.00,40,Out of Stock (Margin Loss)
7979,JNE3487-KR-XS,KURTA - JNE3487,KURTA,376.00,150.40,0,10,0.00,0.00,23,Out of Stock (Margin Loss)
7981,SET274-KR-PP-XS,SET - SET274,SET,711.00,284.40,0,10,0.00,0.00,2,Out of Stock (Margin Loss)
7982,J0078-SET-XL,SET - J0078,SET,976.00,390.40,0,10,0.00,0.00,5,Out of Stock (Margin Loss)
7983,J0341-DR-M,WESTERN DRESS - J0341,WESTERN DRESS,1168.00,467.20,0,10,0.00,0.00,254,Out of Stock (Margin Loss)
7984,JNE3368-KR-XS,KURTA - JNE3368,KURTA,471.00,188.40,0,10,0.00,0.00,36,Out of Stock (Margin Loss)
7985,JNE3425-KR-L,KURTA - JNE3425,KURTA,356.00,142.40,0,10,0.00,0.00,4,Out of Stock (Margin Loss)
7986,JNE3416-KR-XXL,KURTA - JNE3416,KURTA,329.00,131.60,0,10,0.00,0.00,4,Out of Stock (Margin Loss)
7987,JNE3610-KR-S,KURTA - JNE3610,KURTA,299.00,119.60,0,10,0.00,0.00,3,Out of Stock (Margin Loss)
7988,JNE3291-KR-M,KURTA - JNE3291,KURTA,499.00,199.60,0,10,0.00,0.00,133,Out of Stock (Margin Loss)
7989,SET405-KR-NP-XXL,SET - SET405,SET,771.00,308.40,0,10,0.00,0.00,22,Out of Stock (Margin Loss)
7990,J0015-DR-XS,ETHNIC DRESS - J0015,ETHNIC DRESS,566.00,226.40,0,10,0.00,0.00,2,Out of Stock (Margin Loss)
7991,JNE3559-KR-XXL,KURTA - JNE3559,KURTA,487.00,194.80,0,10,0.00,0.00,10,Out of Stock (Margin Loss)
7992,J0214-TP-XXL,TOP - J0214,TOP,495.00,198.00,0,10,0.00,0.00,22,Out of Stock (Margin Loss)
7993,J0388-TP-XL,TOP - J0388,TOP,690.00,276.00,0,10,0.00,0.00,4,Out of Stock (Margin Loss)
7994,J0194-DR-M,WESTERN DRESS - J0194,WESTERN DRESS,824.00,329.60,0,10,0.00,0.00,11,Out of Stock (Margin Loss)
7995,JNE3718-KR-XL,KURTA - JNE3718,KURTA,487.00,194.80,0,10,0.00,0.00,50,Out of Stock (Margin Loss)
7996,JNE3384-KR-XS,KURTA - JNE3384,KURTA,301.00,120.40,0,10,0.00,0.00,14,Out of Stock (Margin Loss)
7997,JNE3568-KR-XXXL,KURTA - JNE3568,KURTA,435.00,174.00,0,10,0.00,0.00,8,Out of Stock (Margin Loss)
7998,SET340-KR-NP-XXXL,SET - SET340,SET,799.00,319.60,0,10,0.00,0.00,12,Out of Stock (Margin Loss)
7999,SAR029,SAREE - SAR029,SAREE,659.00,263.60,0,10,0.00,0.00,5,Out of Stock (Margin Loss)
8000,JNE3487-KR-L,KURTA - JNE3487,KURTA,362.00,144.80,0,10,0.00,0.00,93,Out of Stock (Margin Loss)
8001,SET043-KR-NP-S,SET - SET043,SET,999.00,399.60,0,10,0.00,0.00,11,Out of Stock (Margin Loss)
8002,JNE3548-KR-XL,KURTA - JNE3548,KURTA,517.00,206.80,0,10,0.00,0.00,60,Out of Stock (Margin Loss)
8004,JNE3574-KR-XXXL,KURTA - JNE3574,KURTA,301.00,120.40,0,10,0.00,0.00,1,Out of Stock (Margin Loss)
8005,JNE3160-KR-XL,KURTA - JNE3160,KURTA,729.00,291.60,0,10,0.00,0.00,23,Out of Stock (Margin Loss)
8006,J0419-TP-XXXL,TOP - J0419,TOP,791.00,316.40,0,10,0.00,0.00,1,Out of Stock (Margin Loss)
8007,MEN5004-KR-XXL,KURTA - MEN5004,KURTA,709.00,283.60,0,10,0.00,0.00,70,Out of Stock (Margin Loss)
8008,J0086-DR-XL,ETHNIC DRESS - J0086,ETHNIC DRESS,0.00,0.00,0,10,0.00,0.00,22,Out of Stock (Margin Loss)
8010,AN204-PURPLE-XXL,BOTTOM - AN204,BOTTOM,322.00,128.80,0,10,0.00,0.00,2,Out of Stock (Margin Loss)
8011,SET353-KR-NP-XL,SET - SET353,SET,888.00,355.20,0,10,0.00,0.00,2,Out of Stock (Margin Loss)
8012,J0236-SKD-XXXL,SET - J0236,SET,950.00,380.00,0,10,0.00,0.00,46,Out of Stock (Margin Loss)
8013,JNE3415-KR-XS,KURTA - JNE3415,KURTA,299.00,119.60,0,10,0.00,0.00,1,Out of Stock (Margin Loss)
8014,SET385-KR-NP-S,SET - SET385,SET,631.00,252.40,0,10,0.00,0.00,9,Out of Stock (Margin Loss)
8015,JNE3642-TP-XXL,TOP - JNE3642,TOP,402.00,160.80,0,10,0.00,0.00,17,Out of Stock (Margin Loss)
8016,J0135-SET-XXXL,SET - J0135,SET,591.00,236.40,0,10,0.00,0.00,9,Out of Stock (Margin Loss)
8017,J0332-DR-XXXL,WESTERN DRESS - J0332,WESTERN DRESS,828.00,331.20,0,10,0.00,0.00,20,Out of Stock (Margin Loss)
8018,JNE3688-TU-XXXL,TOP - JNE3688,TOP,599.00,239.60,0,10,0.00,0.00,14,Out of Stock (Margin Loss)
8019,JNE09187-PINK-SR-JP7104RNV,SAREE - JNE09187,SAREE,819.00,327.60,0,10,0.00,0.00,1,Out of Stock (Margin Loss)
8020,J0372-SKD-XS,SET - J0372,SET,1199.00,479.60,0,10,0.00,0.00,4,Out of Stock (Margin Loss)
8021,NW028-TP-PJ-XS,SET - NW028,SET,539.00,215.60,0,10,0.00,0.00,1,Out of Stock (Margin Loss)
8022,SET235-KR-PP-S,SET - SET235,SET,0.00,0.00,0,10,0.00,0.00,2,Out of Stock (Margin Loss)
8023,SET331-KR-NP-XXL,SET - SET331,SET,641.00,256.40,0,10,0.00,0.00,94,Out of Stock (Margin Loss)
8024,JNE3628-KR-XS,KURTA - JNE3628,KURTA,487.00,194.80,0,10,0.00,0.00,1,Out of Stock (Margin Loss)
8025,JNE3453-KR-L,KURTA - JNE3453,KURTA,497.00,198.80,0,10,0.00,0.00,3,Out of Stock (Margin Loss)
8026,J0225-SKD-XS,SET - J0225,SET,1284.00,513.60,0,10,0.00,0.00,8,Out of Stock (Margin Loss)
8027,J0419-TP-XS,TOP - J0419,TOP,791.00,316.40,0,10,0.00,0.00,2,Out of Stock (Margin Loss)
8028,JNE3517-KR-M,KURTA - JNE3517,KURTA,451.00,180.40,0,10,0.00,0.00,2,Out of Stock (Margin Loss)
2696,JNE3506-KR-L,KURTA - JNE3506,KURTA,635.00,254.00,0,10,0.00,0.00,25,Out of Stock (Margin Loss)
2697,JNE3363-KR-1032-M,KURTA - JNE3363,KURTA,399.00,159.60,0,10,0.00,0.00,29,Out of Stock (Margin Loss)
2699,SET461-KR-NP-XS,SET - SET461,SET,769.00,307.60,0,10,0.00,0.00,1,Out of Stock (Margin Loss)
2700,J0380-SKD-XS,SET - J0380,SET,1352.00,540.80,0,10,0.00,0.00,1,Out of Stock (Margin Loss)
2701,SET355-KR-PP-M,SET - SET355,SET,1399.00,559.60,0,10,0.00,0.00,21,Out of Stock (Margin Loss)
2702,JNE3658-TP-M,TOP - JNE3658,TOP,446.00,178.40,0,10,0.00,0.00,9,Out of Stock (Margin Loss)
2703,BL102-L,BLOUSE - BL102,BLOUSE,259.00,103.60,0,10,0.00,0.00,2,Out of Stock (Margin Loss)
2704,J0003-SET-XS,SET - J0003,SET,696.00,278.40,0,10,0.00,0.00,205,Out of Stock (Margin Loss)
2705,SET116-KR-NP-XS,SET - SET116,SET,591.00,236.40,0,10,0.00,0.00,10,Out of Stock (Margin Loss)
2706,MEN5017-KR-L,KURTA - MEN5017,KURTA,759.00,303.60,0,10,0.00,0.00,21,Out of Stock (Margin Loss)
2707,J0139-KR-XL,KURTA - J0139,KURTA,399.00,159.60,0,10,0.00,0.00,18,Out of Stock (Margin Loss)
2708,MEN5003-KR-M,KURTA - MEN5003,KURTA,633.00,253.20,0,10,0.00,0.00,24,Out of Stock (Margin Loss)
2709,J0400-DR-XXXL,WESTERN DRESS - J0400,WESTERN DRESS,1196.00,478.40,0,10,0.00,0.00,9,Out of Stock (Margin Loss)
2710,JNE3837-KR-M,KURTA - JNE3837,KURTA,635.00,254.00,0,10,0.00,0.00,44,Out of Stock (Margin Loss)
2711,J0122-TP-M,TOP - J0122,TOP,417.00,166.80,0,10,0.00,0.00,8,Out of Stock (Margin Loss)
2713,J0161-DR-XXXL,WESTERN DRESS - J0161,WESTERN DRESS,473.00,189.20,0,10,0.00,0.00,8,Out of Stock (Margin Loss)
2715,JNE3770-KR-L,KURTA - JNE3770,KURTA,487.00,194.80,0,10,0.00,0.00,17,Out of Stock (Margin Loss)
2716,JNE3375-KR-S,KURTA - JNE3375,KURTA,249.00,99.60,0,10,0.00,0.00,1,Out of Stock (Margin Loss)
2717,JNE3473-KR-XXL,KURTA - JNE3473,KURTA,487.00,194.80,0,10,0.00,0.00,3,Out of Stock (Margin Loss)
2718,JNE3548-KR-XS,KURTA - JNE3548,KURTA,517.00,206.80,0,10,0.00,0.00,11,Out of Stock (Margin Loss)
2719,JNE3620-KR-M,KURTA - JNE3620,KURTA,339.00,135.60,0,10,0.00,0.00,60,Out of Stock (Margin Loss)
2720,JNE3687-TU-XL,TOP - JNE3687,TOP,549.00,219.60,0,10,0.00,0.00,13,Out of Stock (Margin Loss)
2721,J0382-SKD-XXL,SET - J0382,SET,1338.00,535.20,0,10,0.00,0.00,14,Out of Stock (Margin Loss)
2722,SET395-KR-NP-XXL,SET - SET395,SET,1133.00,453.20,0,10,0.00,0.00,26,Out of Stock (Margin Loss)
2723,SET242-KR-PP-S,SET - SET242,SET,581.00,232.40,0,10,0.00,0.00,3,Out of Stock (Margin Loss)
2724,JNE3574-KR-XXL,KURTA - JNE3574,KURTA,319.00,127.60,0,10,0.00,0.00,15,Out of Stock (Margin Loss)
2725,BTM008-L,BOTTOM - BTM008,BOTTOM,518.00,207.20,0,10,0.00,0.00,5,Out of Stock (Margin Loss)
2726,BL096-XL,BLOUSE - BL096,BLOUSE,301.00,120.40,0,10,0.00,0.00,1,Out of Stock (Margin Loss)
2727,JNE3500-KR-S,KURTA - JNE3500,KURTA,364.00,145.60,0,10,0.00,0.00,26,Out of Stock (Margin Loss)
2728,JNE3384-KR-XXXL,KURTA - JNE3384,KURTA,301.00,120.40,0,10,0.00,0.00,29,Out of Stock (Margin Loss)
2729,JNE3813-KR-XS,KURTA - JNE3813,KURTA,635.00,254.00,0,10,0.00,0.00,4,Out of Stock (Margin Loss)
2730,SET138-KR-PP-XXXL,SET - SET138,SET,737.00,294.80,0,10,0.00,0.00,3,Out of Stock (Margin Loss)
2731,J0380-SKD-S,SET - J0380,SET,1438.00,575.20,0,10,0.00,0.00,8,Out of Stock (Margin Loss)
6978,J0081-DR-XS,WESTERN DRESS - J0081,WESTERN DRESS,820.00,328.00,0,10,0.00,0.00,6,Out of Stock (Margin Loss)
6979,SET320-KR-NP-M,SET - SET320,SET,899.00,359.60,0,10,0.00,0.00,20,Out of Stock (Margin Loss)
6980,SET302-KR-PP-XS,SET - SET302,SET,939.00,375.60,0,10,0.00,0.00,10,Out of Stock (Margin Loss)
6981,SET233-KR-PP-S,SET - SET233,SET,566.00,226.40,0,10,0.00,0.00,29,Out of Stock (Margin Loss)
6982,JNE3719-KR-L,KURTA - JNE3719,KURTA,399.00,159.60,0,10,0.00,0.00,6,Out of Stock (Margin Loss)
6983,J0184-KR-S,KURTA - J0184,KURTA,0.00,0.00,0,10,0.00,0.00,2,Out of Stock (Margin Loss)
6984,JNE3623-KR-XXXL,KURTA - JNE3623,KURTA,362.00,144.80,0,10,0.00,0.00,8,Out of Stock (Margin Loss)
6986,J0001-DR-L,ETHNIC DRESS - J0001,ETHNIC DRESS,690.00,276.00,0,10,0.00,0.00,21,Out of Stock (Margin Loss)
6987,BTM033-NP-XXL,BOTTOM - BTM033,BOTTOM,297.00,118.80,0,10,0.00,0.00,1,Out of Stock (Margin Loss)
6988,JNE3799-KR-M,KURTA - JNE3799,KURTA,666.00,266.40,0,10,0.00,0.00,33,Out of Stock (Margin Loss)
6989,MEN5031-KR-L,KURTA - MEN5031,KURTA,714.00,285.60,0,10,0.00,0.00,18,Out of Stock (Margin Loss)
6990,JNE3735-KR-S,KURTA - JNE3735,KURTA,579.00,231.60,0,10,0.00,0.00,13,Out of Stock (Margin Loss)
6991,J0369-SKD-M,SET - J0369,SET,1199.00,479.60,0,10,0.00,0.00,10,Out of Stock (Margin Loss)
6992,J0214-TP-L,TOP - J0214,TOP,495.00,198.00,0,10,0.00,0.00,16,Out of Stock (Margin Loss)
6994,SET435-KR-NP-XXL,SET - SET435,SET,1399.00,559.60,0,10,0.00,0.00,6,Out of Stock (Margin Loss)
6995,JNE2131-KR-A-XXXL,KURTA - JNE2131,KURTA,599.00,239.60,0,10,0.00,0.00,2,Out of Stock (Margin Loss)
6996,J0117-TP-S,TOP - J0117,TOP,726.00,290.40,0,10,0.00,0.00,38,Out of Stock (Margin Loss)
6997,JNE3484-KR-M,KURTA - JNE3484,KURTA,310.00,124.00,0,10,0.00,0.00,29,Out of Stock (Margin Loss)
6998,J0092-SET-M,SET - J0092,SET,833.00,333.20,0,10,0.00,0.00,12,Out of Stock (Margin Loss)
6999,SET277-KR-NP-M,SET - SET277,SET,1338.00,535.20,0,10,0.00,0.00,30,Out of Stock (Margin Loss)
7000,JNE3452-KR-XS,KURTA - JNE3452,KURTA,301.00,120.40,0,10,0.00,0.00,8,Out of Stock (Margin Loss)
7001,SET055-KR-NP-XL,SET - SET055,SET,625.00,250.00,0,10,0.00,0.00,11,Out of Stock (Margin Loss)
7002,SET275-KR-NP-L,SET - SET275,SET,659.00,263.60,0,10,0.00,0.00,22,Out of Stock (Margin Loss)
7003,JNE3764-KR-XS,KURTA - JNE3764,KURTA,481.00,192.40,0,10,0.00,0.00,8,Out of Stock (Margin Loss)
7004,SET239-KR-NP-M,SET - SET239,SET,654.00,261.60,0,10,0.00,0.00,15,Out of Stock (Margin Loss)
7005,JNE3384-KR-L,KURTA - JNE3384,KURTA,301.00,120.40,0,10,0.00,0.00,39,Out of Stock (Margin Loss)
7007,NW028-TP-PJ-M,SET - NW028,SET,563.00,225.20,0,10,0.00,0.00,3,Out of Stock (Margin Loss)
7008,J0349-SET-XXXL,SET - J0349,SET,888.00,355.20,0,10,0.00,0.00,26,Out of Stock (Margin Loss)
7009,J0083-KR-XXL,KURTA - J0083,KURTA,591.00,236.40,0,10,0.00,0.00,12,Out of Stock (Margin Loss)
7010,BTM043-PP-S,BOTTOM - BTM043,BOTTOM,379.00,151.60,0,10,0.00,0.00,2,Out of Stock (Margin Loss)
7011,BTM037-PP-M,BOTTOM - BTM037,BOTTOM,345.00,138.00,0,10,0.00,0.00,1,Out of Stock (Margin Loss)
7012,SAR182,SAREE - SAR182,SAREE,0.00,0.00,0,10,0.00,0.00,0,Out of Stock (Margin Loss)
7013,SET295-KR-NP-XS,SET - SET295,SET,799.00,319.60,0,10,0.00,0.00,32,Out of Stock (Margin Loss)
7015,SET131-KR-NP-XS,SET - SET131,SET,666.00,266.40,0,10,0.00,0.00,5,Out of Stock (Margin Loss)
7016,JNE3403-KR-XL,KURTA - JNE3403,KURTA,429.00,171.60,0,10,0.00,0.00,1,Out of Stock (Margin Loss)
7017,JNE3486-KR-S,KURTA - JNE3486,KURTA,459.00,183.60,0,10,0.00,0.00,2,Out of Stock (Margin Loss)
7018,MEN5022-KR-XXL,KURTA - MEN5022,KURTA,777.00,310.80,0,10,0.00,0.00,61,Out of Stock (Margin Loss)
7019,MEN5029-KR-S,KURTA - MEN5029,KURTA,625.00,250.00,0,10,0.00,0.00,23,Out of Stock (Margin Loss)
7020,J0196-TP-S,TOP - J0196,TOP,570.00,228.00,0,10,0.00,0.00,10,Out of Stock (Margin Loss)
7021,SET461-KR-NP-XL,SET - SET461,SET,1039.00,415.60,0,10,0.00,0.00,1,Out of Stock (Margin Loss)
7023,SAR040,SAREE - SAR040,SAREE,989.00,395.60,0,10,0.00,0.00,2,Out of Stock (Margin Loss)
7024,MEN5001-KR-XXL,KURTA - MEN5001,KURTA,655.00,262.00,0,10,0.00,0.00,10,Out of Stock (Margin Loss)
7025,SET310-KR-NP-XL,SET - SET310,SET,1213.00,485.20,0,10,0.00,0.00,16,Out of Stock (Margin Loss)
7026,J0117-TP-XL,TOP - J0117,TOP,726.00,290.40,0,10,0.00,0.00,88,Out of Stock (Margin Loss)
7027,JNE3563-KR-M,KURTA - JNE3563,KURTA,476.00,190.40,0,10,0.00,0.00,11,Out of Stock (Margin Loss)
7028,J0074-TP-S,TOP - J0074,TOP,294.00,117.60,0,10,0.00,0.00,1,Out of Stock (Margin Loss)
7030,J0343-DR-S,WESTERN DRESS - J0343,WESTERN DRESS,1168.00,467.20,0,10,0.00,0.00,48,Out of Stock (Margin Loss)
7031,SET383-KR-NP-S,SET - SET383,SET,631.00,252.40,0,10,0.00,0.00,12,Out of Stock (Margin Loss)
7032,JNE3717-KR-XL,KURTA - JNE3717,KURTA,271.00,108.40,0,10,0.00,0.00,8,Out of Stock (Margin Loss)
7033,SET191-KR-PP-M,SET - SET191,SET,738.00,295.20,0,10,0.00,0.00,3,Out of Stock (Margin Loss)
7034,J0231-SKD-XL,SET - J0231,SET,1298.00,519.20,0,10,0.00,0.00,18,Out of Stock (Margin Loss)
7035,SET377-KR-NP-S,SET - SET377,SET,1238.00,495.20,0,10,0.00,0.00,37,Out of Stock (Margin Loss)
7036,JNE3288-KR-S,KURTA - JNE3288,KURTA,442.00,176.80,0,10,0.00,0.00,13,Out of Stock (Margin Loss)
7037,J0140-SET-XL,SET - J0140,SET,591.00,236.40,0,10,0.00,0.00,6,Out of Stock (Margin Loss)
7038,JNE3803-KR-XL,KURTA - JNE3803,KURTA,487.00,194.80,0,10,0.00,0.00,12,Out of Stock (Margin Loss)
7039,JNE3426-KR-XS,KURTA - JNE3426,KURTA,333.00,133.20,0,10,0.00,0.00,3,Out of Stock (Margin Loss)
7040,J0336-TP-XS,TOP - J0336,TOP,665.00,266.00,0,10,0.00,0.00,6,Out of Stock (Margin Loss)
7041,JNE3768-KR-XS,KURTA - JNE3768,KURTA,549.00,219.60,0,10,0.00,0.00,6,Out of Stock (Margin Loss)
7042,J0190-TP-XXXL,TOP - J0190,TOP,345.00,138.00,0,10,0.00,0.00,4,Out of Stock (Margin Loss)
7043,JNE3405-KR-L,KURTA - JNE3405,KURTA,449.00,179.60,0,10,0.00,0.00,490,Out of Stock (Margin Loss)
7044,J0010-LCD-L,SET - J0010,SET,1329.00,531.60,0,10,0.00,0.00,18,Out of Stock (Margin Loss)
7046,J0213-TP-M,TOP - J0213,TOP,794.00,317.60,0,10,0.00,0.00,40,Out of Stock (Margin Loss)
7047,SET286-KR-NP-L,SET - SET286,SET,666.00,266.40,0,10,0.00,0.00,49,Out of Stock (Margin Loss)
7048,JNE3425-KR-XXL,KURTA - JNE3425,KURTA,329.00,131.60,0,10,0.00,0.00,3,Out of Stock (Margin Loss)
7050,MEN5019-KR-S,KURTA - MEN5019,KURTA,476.00,190.40,0,10,0.00,0.00,15,Out of Stock (Margin Loss)
7051,JNE3565-KR-S,KURTA - JNE3565,KURTA,329.00,131.60,0,10,0.00,0.00,14,Out of Stock (Margin Loss)
8029,J0344-TP-M,TOP - J0344,TOP,798.00,319.20,0,10,0.00,0.00,79,Out of Stock (Margin Loss)
8030,JNE3463-KR-XXL,KURTA - JNE3463,KURTA,574.00,229.60,0,10,0.00,0.00,56,Out of Stock (Margin Loss)
8031,SET184-KR-PP-L,SET - SET184,SET,599.00,239.60,0,10,0.00,0.00,79,Out of Stock (Margin Loss)
8032,JNE3888-KR-XXL,KURTA - JNE3888,KURTA,696.00,278.40,0,10,0.00,0.00,8,Out of Stock (Margin Loss)
8033,J0004-SKD-L,SET - J0004,SET,1186.00,474.40,0,10,0.00,0.00,36,Out of Stock (Margin Loss)
8034,J0108-SKD-S,SET - J0108,SET,1152.00,460.80,0,10,0.00,0.00,4,Out of Stock (Margin Loss)
8035,J0113-TP-S,TOP - J0113,TOP,798.00,319.20,0,10,0.00,0.00,27,Out of Stock (Margin Loss)
8037,J0134-SET-XXL,SET - J0134,SET,729.00,291.60,0,10,0.00,0.00,10,Out of Stock (Margin Loss)
8038,JNE3256-KR-S,KURTA - JNE3256,KURTA,487.00,194.80,0,10,0.00,0.00,19,Out of Stock (Margin Loss)
8039,AN211-BLACK-S,BOTTOM - AN211,BOTTOM,301.00,120.40,0,10,0.00,0.00,3,Out of Stock (Margin Loss)
8040,NW030-TP-PJ-M,SET - NW030,SET,758.00,303.20,0,10,0.00,0.00,30,Out of Stock (Margin Loss)
8041,JNE3787-KR-XXXL,KURTA - JNE3787,KURTA,487.00,194.80,0,10,0.00,0.00,17,Out of Stock (Margin Loss)
8042,JNE3488-KR-S,KURTA - JNE3488,KURTA,299.00,119.60,0,10,0.00,0.00,7,Out of Stock (Margin Loss)
8043,SET317-KR-PP-L,SET - SET317,SET,1199.00,479.60,0,10,0.00,0.00,28,Out of Stock (Margin Loss)
8044,JNE3833-KR-L,KURTA - JNE3833,KURTA,689.00,275.60,0,10,0.00,0.00,11,Out of Stock (Margin Loss)
8045,JNE3761-KR-S,KURTA - JNE3761,KURTA,301.00,120.40,0,10,0.00,0.00,15,Out of Stock (Margin Loss)
8046,SET334-KR-NP-XXXL,SET - SET334,SET,657.00,262.80,0,10,0.00,0.00,7,Out of Stock (Margin Loss)
8047,SAR036,SAREE - SAR036,SAREE,737.00,294.80,0,10,0.00,0.00,3,Out of Stock (Margin Loss)
8050,JNE3365-KR-1052-XL,KURTA - JNE3365,KURTA,376.00,150.40,0,10,0.00,0.00,20,Out of Stock (Margin Loss)
8051,SET332-KR-PP-XS,SET - SET332,SET,549.00,219.60,0,10,0.00,0.00,10,Out of Stock (Margin Loss)
8052,J0036-TP-XS,TOP - J0036,TOP,344.00,137.60,0,10,0.00,0.00,3,Out of Stock (Margin Loss)
8053,JNE3364-KR-1051-XXL,KURTA - JNE3364,KURTA,376.00,150.40,0,10,0.00,0.00,19,Out of Stock (Margin Loss)
8054,J0166-DR-XL,WESTERN DRESS - J0166,WESTERN DRESS,441.00,176.40,0,10,0.00,0.00,4,Out of Stock (Margin Loss)
8055,JNE3908-KR-M,KURTA - JNE3908,KURTA,736.00,294.40,0,10,0.00,0.00,3,Out of Stock (Margin Loss)
8056,SET413-KR-NP-L,SET - SET413,SET,852.00,340.80,0,10,0.00,0.00,19,Out of Stock (Margin Loss)
8057,J0202-TP-S,TOP - J0202,TOP,522.00,208.80,0,10,0.00,0.00,7,Out of Stock (Margin Loss)
8058,J0113-TP-L,TOP - J0113,TOP,574.00,229.60,0,10,0.00,0.00,17,Out of Stock (Margin Loss)
8059,NW003-TP-PJ-XXL,SET - NW003,SET,519.00,207.60,0,10,0.00,0.00,16,Out of Stock (Margin Loss)
8060,JNE3704-KR-XXL,KURTA - JNE3704,KURTA,487.00,194.80,0,10,0.00,0.00,5,Out of Stock (Margin Loss)
8061,SET435-KR-NP-L,SET - SET435,SET,1399.00,559.60,0,10,0.00,0.00,16,Out of Stock (Margin Loss)
8062,SAR076,SAREE - SAR076,SAREE,920.00,368.00,0,10,0.00,0.00,1,Out of Stock (Margin Loss)
8063,J0314-KR-XL,KURTA - J0314,KURTA,761.00,304.40,0,10,0.00,0.00,3,Out of Stock (Margin Loss)
8064,BTM030-NP-XL,BOTTOM - BTM030,BOTTOM,301.00,120.40,0,10,0.00,0.00,7,Out of Stock (Margin Loss)
8065,JNE3515-KR-XL,KURTA - JNE3515,KURTA,469.00,187.60,0,10,0.00,0.00,17,Out of Stock (Margin Loss)
8066,SAR069,SAREE - SAR069,SAREE,899.00,359.60,0,10,0.00,0.00,12,Out of Stock (Margin Loss)
8067,J0028-KR-L,KURTA - J0028,KURTA,318.00,127.20,0,10,0.00,0.00,3,Out of Stock (Margin Loss)
8068,J0089-TP-XS,TOP - J0089,TOP,360.00,144.00,0,10,0.00,0.00,3,Out of Stock (Margin Loss)
8069,JNE3875-KR-S,KURTA - JNE3875,KURTA,599.00,239.60,0,10,0.00,0.00,2,Out of Stock (Margin Loss)
8070,JNE3790-KR-XXL,KURTA - JNE3790,KURTA,316.00,126.40,0,10,0.00,0.00,23,Out of Stock (Margin Loss)
8071,J0122-TP-S,TOP - J0122,TOP,330.00,132.00,0,10,0.00,0.00,17,Out of Stock (Margin Loss)
8072,JNE3531-KR-XS,KURTA - JNE3531,KURTA,329.00,131.60,0,10,0.00,0.00,2,Out of Stock (Margin Loss)
8075,SET346-KR-PP-S,SET - SET346,SET,911.00,364.40,0,10,0.00,0.00,3,Out of Stock (Margin Loss)
8076,BL098-XXL,BLOUSE - BL098,BLOUSE,301.00,120.40,0,10,0.00,0.00,2,Out of Stock (Margin Loss)
8077,JNE3568-KR-XXL,KURTA - JNE3568,KURTA,435.00,174.00,0,10,0.00,0.00,44,Out of Stock (Margin Loss)
8078,J0385-KR-M,KURTA - J0385,KURTA,1249.00,499.60,0,10,0.00,0.00,19,Out of Stock (Margin Loss)
8079,SET098-KR-PP-S,SET - SET098,SET,759.00,303.60,0,10,0.00,0.00,101,Out of Stock (Margin Loss)
8080,J0216-BL-S,BLOUSE - J0216,BLOUSE,869.00,347.60,0,10,0.00,0.00,18,Out of Stock (Margin Loss)
8081,J0092-SET-XL,SET - J0092,SET,1008.00,403.20,0,10,0.00,0.00,24,Out of Stock (Margin Loss)
8083,JNE3707-DR-XL,WESTERN DRESS - JNE3707,WESTERN DRESS,581.00,232.40,0,10,0.00,0.00,19,Out of Stock (Margin Loss)
8084,JNE3489-KR-L,KURTA - JNE3489,KURTA,487.00,194.80,0,10,0.00,0.00,48,Out of Stock (Margin Loss)
8085,JNE3819-KR-XL,KURTA - JNE3819,KURTA,499.00,199.60,0,10,0.00,0.00,11,Out of Stock (Margin Loss)
8086,SET121-KR-NP-XXXL,SET - SET121,SET,495.00,198.00,0,10,0.00,0.00,2,Out of Stock (Margin Loss)
8087,JNE3785-KR-XS,KURTA - JNE3785,KURTA,358.00,143.20,0,10,0.00,0.00,7,Out of Stock (Margin Loss)
8088,JNE3518-KR-M,KURTA - JNE3518,KURTA,487.00,194.80,0,10,0.00,0.00,58,Out of Stock (Margin Loss)
8089,J0014-LCD-M,SET - J0014,SET,1648.00,659.20,0,10,0.00,0.00,31,Out of Stock (Margin Loss)
8090,J0377-SKD-M,SET - J0377,SET,1099.00,439.60,0,10,0.00,0.00,21,Out of Stock (Margin Loss)
8091,JNE3797-KR-S,WESTERN DRESS - JNE3797,WESTERN DRESS,799.00,319.60,0,10,0.00,0.00,489,Out of Stock (Margin Loss)
8093,JNE3412-KR-S,KURTA - JNE3412,KURTA,435.00,174.00,0,10,0.00,0.00,11,Out of Stock (Margin Loss)
8094,J0241-SKD-S,SET - J0241,SET,1338.00,535.20,0,10,0.00,0.00,11,Out of Stock (Margin Loss)
8095,BL107-M,BLOUSE - BL107,BLOUSE,329.00,131.60,0,10,0.00,0.00,5,Out of Stock (Margin Loss)
8096,J0014-LCD-XL,SET - J0014,SET,1648.00,659.20,0,10,0.00,0.00,21,Out of Stock (Margin Loss)
8097,J0204-TP-L,TOP - J0204,TOP,751.00,300.40,0,10,0.00,0.00,6,Out of Stock (Margin Loss)
8098,JNE3566-KR-L,KURTA - JNE3566,KURTA,419.00,167.60,0,10,0.00,0.00,18,Out of Stock (Margin Loss)
8099,J0352-KR-M,KURTA - J0352,KURTA,669.00,267.60,0,10,0.00,0.00,13,Out of Stock (Margin Loss)
8100,SET204-KR-DPT-XL,SET - SET204,SET,545.00,218.00,0,10,0.00,0.00,8,Out of Stock (Margin Loss)
8101,SET343-KR-NP-XXXL,SET - SET343,SET,916.00,366.40,0,10,0.00,0.00,29,Out of Stock (Margin Loss)
8102,JNE2294-KR-A-XXL,KURTA - JNE2294,KURTA,544.00,217.60,0,10,0.00,0.00,4,Out of Stock (Margin Loss)
8103,J0307-TP-XXXL,TOP - J0307,TOP,518.00,207.20,0,10,0.00,0.00,4,Out of Stock (Margin Loss)
8104,BTM039-PP-M,BOTTOM - BTM039,BOTTOM,360.00,144.00,0,10,0.00,0.00,17,Out of Stock (Margin Loss)
8105,SET204-KR-DPT-XS,SET - SET204,SET,666.00,266.40,0,10,0.00,0.00,11,Out of Stock (Margin Loss)
8106,SET271-KR-NP-XXL,SET - SET271,SET,965.00,386.00,0,10,0.00,0.00,20,Out of Stock (Margin Loss)
8107,NW013-ST-SR-XXL,SET - NW013,SET,499.00,199.60,0,10,0.00,0.00,16,Out of Stock (Margin Loss)
8108,JNE3252-KR-M,KURTA - JNE3252,KURTA,479.00,191.60,0,10,0.00,0.00,19,Out of Stock (Margin Loss)
8109,JNE3578-KR-XXL,KURTA - JNE3578,KURTA,612.00,244.80,0,10,0.00,0.00,8,Out of Stock (Margin Loss)
8110,JNE3257-KR-L,KURTA - JNE3257,KURTA,389.00,155.60,0,10,0.00,0.00,1,Out of Stock (Margin Loss)
8111,J0198-TP-XS,TOP - J0198,TOP,869.00,347.60,0,10,0.00,0.00,7,Out of Stock (Margin Loss)
8113,JNE3371-KR-XS,KURTA - JNE3371,KURTA,329.00,131.60,0,10,0.00,0.00,2,Out of Stock (Margin Loss)
8114,JNE3376-KR-S,KURTA - JNE3376,KURTA,432.00,172.80,0,10,0.00,0.00,13,Out of Stock (Margin Loss)
8115,J0033-KR-XL,KURTA - J0033,KURTA,425.00,170.00,0,10,0.00,0.00,8,Out of Stock (Margin Loss)
8116,J0150-KR-M,KURTA - J0150,KURTA,399.00,159.60,0,10,0.00,0.00,4,Out of Stock (Margin Loss)
8117,JNE3633-KR-S,KURTA - JNE3633,KURTA,459.00,183.60,0,10,0.00,0.00,17,Out of Stock (Margin Loss)
8118,JNE3784-KR-XXL,KURTA - JNE3784,KURTA,517.00,206.80,0,10,0.00,0.00,97,Out of Stock (Margin Loss)
8119,JNE3863-TU-S,TOP - JNE3863,TOP,798.00,319.20,0,10,0.00,0.00,27,Out of Stock (Margin Loss)
8120,JNE3781-KR-L,KURTA - JNE3781,KURTA,432.00,172.80,0,10,0.00,0.00,78,Out of Stock (Margin Loss)
8121,NW002-TP-PJ-L,SET - NW002,SET,474.00,189.60,0,10,0.00,0.00,15,Out of Stock (Margin Loss)
8122,J0212-DR-XXL,ETHNIC DRESS - J0212,ETHNIC DRESS,1099.00,439.60,0,10,0.00,0.00,14,Out of Stock (Margin Loss)
8124,J0299-KR-XXXL,KURTA - J0299,KURTA,345.00,138.00,0,10,0.00,0.00,6,Out of Stock (Margin Loss)
8125,MEN5028-KR-L,KURTA - MEN5028,KURTA,709.00,283.60,0,10,0.00,0.00,29,Out of Stock (Margin Loss)
8126,J0250-SKD-XL,SET - J0250,SET,763.00,305.20,0,10,0.00,0.00,10,Out of Stock (Margin Loss)
8127,J0310-TP-XXL,TOP - J0310,TOP,339.00,135.60,0,10,0.00,0.00,6,Out of Stock (Margin Loss)
8128,J0213-TP-S,TOP - J0213,TOP,794.00,317.60,0,10,0.00,0.00,23,Out of Stock (Margin Loss)
8129,J0184-KR-XS,KURTA - J0184,KURTA,382.00,152.80,0,10,0.00,0.00,6,Out of Stock (Margin Loss)
8130,J0085-TP-M,TOP - J0085,TOP,360.00,144.00,0,10,0.00,0.00,3,Out of Stock (Margin Loss)
8131,JNE3768-KR-M,KURTA - JNE3768,KURTA,549.00,219.60,0,10,0.00,0.00,9,Out of Stock (Margin Loss)
8132,J0304-TP-XL,TOP - J0304,TOP,301.00,120.40,0,10,0.00,0.00,7,Out of Stock (Margin Loss)
8133,MEN5032-KR-M,KURTA - MEN5032,KURTA,811.00,324.40,0,10,0.00,0.00,26,Out of Stock (Margin Loss)
8134,J0401-DR-S,WESTERN DRESS - J0401,WESTERN DRESS,1168.00,467.20,0,10,0.00,0.00,41,Out of Stock (Margin Loss)
8135,SET359-KR-NP-XXXL,SET - SET359,SET,1099.00,439.60,0,10,0.00,0.00,20,Out of Stock (Margin Loss)
8136,J0234-SKD-XS,SET - J0234,SET,1213.00,485.20,0,10,0.00,0.00,5,Out of Stock (Margin Loss)
8137,JNE3714-KR-XL,KURTA - JNE3714,KURTA,487.00,194.80,0,10,0.00,0.00,21,Out of Stock (Margin Loss)
8138,J0369-SKD-XXL,SET - J0369,SET,1099.00,439.60,0,10,0.00,0.00,2,Out of Stock (Margin Loss)
8139,J0188-KR-XS,KURTA - J0188,KURTA,399.00,159.60,0,10,0.00,0.00,3,Out of Stock (Margin Loss)
8140,JNE3792-KR-XXXL,KURTA - JNE3792,KURTA,432.00,172.80,0,10,0.00,0.00,11,Out of Stock (Margin Loss)
8141,J0389-TP-XS,TOP - J0389,TOP,665.00,266.00,0,10,0.00,0.00,2,Out of Stock (Margin Loss)
8142,SET279-LC-S,SET - SET279,SET,888.00,355.20,0,10,0.00,0.00,24,Out of Stock (Margin Loss)
8143,JNE3807-KR-S,KURTA - JNE3807,KURTA,702.00,280.80,0,10,0.00,0.00,24,Out of Stock (Margin Loss)
8144,JNE2305-KR-533-L,KURTA - JNE2305,KURTA,382.00,152.80,0,10,0.00,0.00,60,Out of Stock (Margin Loss)
8145,J0135-SET-S,SET - J0135,SET,591.00,236.40,0,10,0.00,0.00,21,Out of Stock (Margin Loss)
8146,SET185-KR-NP-XXXL,SET - SET185,SET,911.00,364.40,0,10,0.00,0.00,0,Out of Stock (Margin Loss)
8147,SET051-KR-NP-XXXL,SET - SET051,SET,473.00,189.20,0,10,0.00,0.00,1,Out of Stock (Margin Loss)
8148,SET322-KR-SHA-XS,SET - SET322,SET,1099.00,439.60,0,10,0.00,0.00,15,Out of Stock (Margin Loss)
8149,JNE3865-TP-M,TOP - JNE3865,TOP,599.00,239.60,0,10,0.00,0.00,17,Out of Stock (Margin Loss)
8150,SET321-KR-DPT-XXXL,SET - SET321,SET,967.00,386.80,0,10,0.00,0.00,3,Out of Stock (Margin Loss)
8151,SET226-KR-PP-S,SET - SET226,SET,799.00,319.60,0,10,0.00,0.00,1,Out of Stock (Margin Loss)
8152,BTM042-PP-XXL,BOTTOM - BTM042,BOTTOM,329.00,131.60,0,10,0.00,0.00,7,Out of Stock (Margin Loss)
8153,J0094-KR-L,KURTA - J0094,KURTA,603.00,241.20,0,10,0.00,0.00,41,Out of Stock (Margin Loss)
8154,SET187-KR-DH-XXL,SET - SET187,SET,699.00,279.60,0,10,0.00,0.00,34,Out of Stock (Margin Loss)
8155,SET245-KR-NP-S,SET - SET245,SET,999.00,399.60,0,10,0.00,0.00,24,Out of Stock (Margin Loss)
8156,J0034-SET-XXXL,SET - J0034,SET,717.00,286.80,0,10,0.00,0.00,4,Out of Stock (Margin Loss)
8157,PSET268-KR-NP-6XL,SET - PSET268,SET,1399.00,559.60,0,10,0.00,0.00,27,Out of Stock (Margin Loss)
8159,JNE3904-DR-XS,WESTERN DRESS - JNE3904,WESTERN DRESS,836.00,334.40,0,10,0.00,0.00,6,Out of Stock (Margin Loss)
8160,JNE3862-TU-S,TOP - JNE3862,TOP,599.00,239.60,0,10,0.00,0.00,7,Out of Stock (Margin Loss)
8161,J0117-TP-XXL,TOP - J0117,TOP,726.00,290.40,0,10,0.00,0.00,92,Out of Stock (Margin Loss)
8162,J0373-KR-XS,KURTA - J0373,KURTA,599.00,239.60,0,10,0.00,0.00,11,Out of Stock (Margin Loss)
8163,JNE3633-KR-XXL,KURTA - JNE3633,KURTA,459.00,183.60,0,10,0.00,0.00,14,Out of Stock (Margin Loss)
8165,SET330-KR-PP-XS,SET - SET330,SET,666.00,266.40,0,10,0.00,0.00,10,Out of Stock (Margin Loss)
8166,J0130-SET-XL,SET - J0130,SET,659.00,263.60,0,10,0.00,0.00,19,Out of Stock (Margin Loss)
8167,J0178-TP-XXL,TOP - J0178,TOP,319.00,127.60,0,10,0.00,0.00,17,Out of Stock (Margin Loss)
8168,JNE3821-KR-XXL,KURTA - JNE3821,KURTA,542.00,216.80,0,10,0.00,0.00,6,Out of Stock (Margin Loss)
8170,JNE3837-KR-L,KURTA - JNE3837,KURTA,635.00,254.00,0,10,0.00,0.00,35,Out of Stock (Margin Loss)
8171,JNE3801-KR-S,KURTA - JNE3801,KURTA,771.00,308.40,0,10,0.00,0.00,85,Out of Stock (Margin Loss)
8172,J0399-DR-L,WESTERN DRESS - J0399,WESTERN DRESS,1044.00,417.60,0,10,0.00,0.00,26,Out of Stock (Margin Loss)
7052,SET374-KR-NP-XXXL,SET - SET374,SET,729.00,291.60,0,10,0.00,0.00,67,Out of Stock (Margin Loss)
7053,BL013-62BLACK,BLOUSE - BL013,BLOUSE,377.00,150.80,0,10,0.00,0.00,12,Out of Stock (Margin Loss)
7055,JNE3565-KR-XS,KURTA - JNE3565,KURTA,329.00,131.60,0,10,0.00,0.00,10,Out of Stock (Margin Loss)
7056,JNE3878-KR-XL,KURTA - JNE3878,KURTA,487.00,194.80,0,10,0.00,0.00,29,Out of Stock (Margin Loss)
7057,JNE3837-KR-XXL,KURTA - JNE3837,KURTA,635.00,254.00,0,10,0.00,0.00,27,Out of Stock (Margin Loss)
7058,NW003-TP-PJ-M,SET - NW003,SET,519.00,207.60,0,10,0.00,0.00,19,Out of Stock (Margin Loss)
7059,JNE3489-KR-S,KURTA - JNE3489,KURTA,487.00,194.80,0,10,0.00,0.00,33,Out of Stock (Margin Loss)
7061,J0376-SKD-S,SET - J0376,SET,1063.00,425.20,0,10,0.00,0.00,31,Out of Stock (Margin Loss)
7062,J0280-SKD-L,SET - J0280,SET,1556.00,622.40,0,10,0.00,0.00,26,Out of Stock (Margin Loss)
7063,MEN5015-KR-M,KURTA - MEN5015,KURTA,665.00,266.00,0,10,0.00,0.00,29,Out of Stock (Margin Loss)
7064,J0157-DR-XXL,WESTERN DRESS - J0157,WESTERN DRESS,908.00,363.20,0,10,0.00,0.00,104,Out of Stock (Margin Loss)
7065,NW008-ST-CP-XXL,SET - NW008,SET,582.00,232.80,0,10,0.00,0.00,6,Out of Stock (Margin Loss)
7066,SET145-KR-NP-XL,SET - SET145,SET,788.00,315.20,0,10,0.00,0.00,50,Out of Stock (Margin Loss)
7067,JNE3734-KR-XL,KURTA - JNE3734,KURTA,431.00,172.40,0,10,0.00,0.00,9,Out of Stock (Margin Loss)
7069,JNE3631-DR-XS,WESTERN DRESS - JNE3631,WESTERN DRESS,524.00,209.60,0,10,0.00,0.00,4,Out of Stock (Margin Loss)
7070,JNE3463-KR-L,KURTA - JNE3463,KURTA,574.00,229.60,0,10,0.00,0.00,43,Out of Stock (Margin Loss)
7071,JNE3869-DR-XL,WESTERN DRESS - JNE3869,WESTERN DRESS,948.00,379.20,0,10,0.00,0.00,41,Out of Stock (Margin Loss)
7072,JNE3429-KR-XXL,KURTA - JNE3429,KURTA,301.00,120.40,0,10,0.00,0.00,7,Out of Stock (Margin Loss)
7073,J0042-DR-XL,WESTERN DRESS - J0042,WESTERN DRESS,634.00,253.60,0,10,0.00,0.00,9,Out of Stock (Margin Loss)
7074,JNE3617-KR-M,KURTA - JNE3617,KURTA,301.00,120.40,0,10,0.00,0.00,9,Out of Stock (Margin Loss)
7075,J0340-TP-XS,TOP - J0340,TOP,908.00,363.20,0,10,0.00,0.00,62,Out of Stock (Margin Loss)
7076,J0333-DR-XXL,WESTERN DRESS - J0333,WESTERN DRESS,1229.00,491.60,0,10,0.00,0.00,13,Out of Stock (Margin Loss)
7077,SET132-KR-NP-XL,SET - SET132,SET,629.00,251.60,0,10,0.00,0.00,5,Out of Stock (Margin Loss)
7078,AN208-MUSTARD-M,BOTTOM - AN208,BOTTOM,229.00,91.60,0,10,0.00,0.00,1,Out of Stock (Margin Loss)
7079,J0163-SKD-M,SET - J0163,SET,1186.00,474.40,0,10,0.00,0.00,2,Out of Stock (Margin Loss)
7080,SET287-KR-NP-M,SET - SET287,SET,666.00,266.40,0,10,0.00,0.00,43,Out of Stock (Margin Loss)
7081,SET303-KR-NP-XXXL,SET - SET303,SET,888.00,355.20,0,10,0.00,0.00,6,Out of Stock (Margin Loss)
7082,JNE3887-KR-XS,KURTA - JNE3887,KURTA,584.00,233.60,0,10,0.00,0.00,12,Out of Stock (Margin Loss)
7083,SET199-KR-NP-XXXL,SET - SET199,SET,587.00,234.80,0,10,0.00,0.00,9,Out of Stock (Margin Loss)
7084,J0285-SKD-XS,SET - J0285,SET,1523.00,609.20,0,10,0.00,0.00,48,Out of Stock (Margin Loss)
7085,SET393-KR-NP-XL,SET - SET393,SET,999.00,399.60,0,10,0.00,0.00,15,Out of Stock (Margin Loss)
7086,JNE3451-KR-XS,KURTA - JNE3451,KURTA,362.00,144.80,0,10,0.00,0.00,3,Out of Stock (Margin Loss)
2732,JNE3628-KR-XL,KURTA - JNE3628,KURTA,487.00,194.80,0,10,0.00,0.00,16,Out of Stock (Margin Loss)
2733,JNE3838-KR-XXL,KURTA - JNE3838,KURTA,487.00,194.80,0,10,0.00,0.00,41,Out of Stock (Margin Loss)
2734,J0058-DR-XS,ETHNIC DRESS - J0058,ETHNIC DRESS,473.00,189.20,0,10,0.00,0.00,1,Out of Stock (Margin Loss)
2737,JNE3714-KR-XS,KURTA - JNE3714,KURTA,487.00,194.80,0,10,0.00,0.00,13,Out of Stock (Margin Loss)
2738,JNE3795-KR-XL,KURTA - JNE3795,KURTA,529.00,211.60,0,10,0.00,0.00,45,Out of Stock (Margin Loss)
2739,JNE3706-DR-XXXL,WESTERN DRESS - JNE3706,WESTERN DRESS,443.00,177.20,0,10,0.00,0.00,14,Out of Stock (Margin Loss)
2740,JNE3459-KR-XS,KURTA - JNE3459,KURTA,442.00,176.80,0,10,0.00,0.00,8,Out of Stock (Margin Loss)
2741,NW015-TP-PJ-S,SET - NW015,SET,523.00,209.20,0,10,0.00,0.00,13,Out of Stock (Margin Loss)
2742,JNE3810-KR-XXXL,KURTA - JNE3810,KURTA,696.00,278.40,0,10,0.00,0.00,24,Out of Stock (Margin Loss)
2743,J0210-DR-XL,ETHNIC DRESS - J0210,ETHNIC DRESS,1125.00,450.00,0,10,0.00,0.00,26,Out of Stock (Margin Loss)
2744,JNE3294-KR-L,KURTA - JNE3294,KURTA,449.00,179.60,0,10,0.00,0.00,45,Out of Stock (Margin Loss)
2745,SET339-KR-NP-S,SET - SET339,SET,736.00,294.40,0,10,0.00,0.00,32,Out of Stock (Margin Loss)
2746,JNE3366-KR-1053-M,KURTA - JNE3366,KURTA,382.00,152.80,0,10,0.00,0.00,43,Out of Stock (Margin Loss)
2747,SET243-KR-PP-XXL,SET - SET243,SET,534.00,213.60,0,10,0.00,0.00,10,Out of Stock (Margin Loss)
2748,SET269-KR-NP-XL,SET - SET269,SET,824.00,329.60,0,10,0.00,0.00,88,Out of Stock (Margin Loss)
2749,SET188-KR-NP-XL,SET - SET188,SET,680.00,272.00,0,10,0.00,0.00,18,Out of Stock (Margin Loss)
2750,SET034-KR-NP-XXXL,SET - SET034,SET,566.00,226.40,0,10,0.00,0.00,3,Out of Stock (Margin Loss)
2751,JNE2086-KR-389-L,KURTA - JNE2086,KURTA,699.00,279.60,0,10,0.00,0.00,16,Out of Stock (Margin Loss)
2752,J0233-SKD-S,SET - J0233,SET,1324.00,529.60,0,10,0.00,0.00,11,Out of Stock (Margin Loss)
2753,SAR091,SAREE - SAR091,SAREE,563.00,225.20,0,10,0.00,0.00,2,Out of Stock (Margin Loss)
2754,J0243-DR-XS,ETHNIC DRESS - J0243,ETHNIC DRESS,1377.00,550.80,0,10,0.00,0.00,14,Out of Stock (Margin Loss)
2755,SET144-KR-NP-XXL,SET - SET144,SET,788.00,315.20,0,10,0.00,0.00,28,Out of Stock (Margin Loss)
2756,JNE3667-TP-XL,TOP - JNE3667,TOP,329.00,131.60,0,10,0.00,0.00,14,Out of Stock (Margin Loss)
2757,J0160-TP-L,TOP - J0160,TOP,352.00,140.80,0,10,0.00,0.00,2,Out of Stock (Margin Loss)
2758,SET436-KR-NP-S,SET - SET436,SET,1399.00,559.60,0,10,0.00,0.00,4,Out of Stock (Margin Loss)
2759,SET226-KR-PP-XS,SET - SET226,SET,751.00,300.40,0,10,0.00,0.00,1,Out of Stock (Margin Loss)
2760,NW034-TP-PJ-XXL,SET - NW034,SET,774.00,309.60,0,10,0.00,0.00,25,Out of Stock (Margin Loss)
2761,J0342-TP-S,TOP - J0342,TOP,879.00,351.60,0,10,0.00,0.00,31,Out of Stock (Margin Loss)
2762,J0301-TP-XS,TOP - J0301,TOP,693.00,277.20,0,10,0.00,0.00,38,Out of Stock (Margin Loss)
2763,SET377-KR-NP-XXL,SET - SET377,SET,1238.00,495.20,0,10,0.00,0.00,29,Out of Stock (Margin Loss)
2764,SET154-KR-NP-XXXL,SET - SET154,SET,859.00,343.60,0,10,0.00,0.00,11,Out of Stock (Margin Loss)
2765,SET369-KR-NP-XL,SET - SET369,SET,1399.00,559.60,0,10,0.00,0.00,9,Out of Stock (Margin Loss)
2766,J0307-TP-XXL,TOP - J0307,TOP,518.00,207.20,0,10,0.00,0.00,8,Out of Stock (Margin Loss)
2767,J0242-SKD-S,SET - J0242,SET,1149.00,459.60,0,10,0.00,0.00,19,Out of Stock (Margin Loss)
2768,J0431-DR-XXL,WESTERN DRESS - J0431,WESTERN DRESS,899.00,359.60,0,10,0.00,0.00,1,Out of Stock (Margin Loss)
2769,J0003-SET-L,SET - J0003,SET,696.00,278.40,0,10,0.00,0.00,121,Out of Stock (Margin Loss)
2770,J0352-KR-XXL,KURTA - J0352,KURTA,669.00,267.60,0,10,0.00,0.00,24,Out of Stock (Margin Loss)
2771,JNE3613-KR-L,KURTA - JNE3613,KURTA,405.00,162.00,0,10,0.00,0.00,101,Out of Stock (Margin Loss)
2772,JNE3672-TU-XXL,TOP - JNE3672,TOP,574.00,229.60,0,10,0.00,0.00,36,Out of Stock (Margin Loss)
2773,SAR046,SAREE - SAR046,SAREE,667.00,266.80,0,10,0.00,0.00,5,Out of Stock (Margin Loss)
2774,JNE3708-TU-S,TOP - JNE3708,TOP,749.00,299.60,0,10,0.00,0.00,11,Out of Stock (Margin Loss)
2775,SET365-KR-NP-M,SET - SET365,SET,1299.00,519.60,0,10,0.00,0.00,28,Out of Stock (Margin Loss)
2776,J0353-KR-L,KURTA - J0353,KURTA,635.00,254.00,0,10,0.00,0.00,15,Out of Stock (Margin Loss)
2777,JNE3776-KR-XXXL,KURTA - JNE3776,KURTA,280.00,112.00,0,10,0.00,0.00,3,Out of Stock (Margin Loss)
2778,J0281-SKD-L,SET - J0281,SET,1496.00,598.40,0,10,0.00,0.00,21,Out of Stock (Margin Loss)
2779,SET048-KR-NP-XL,SET - SET048,SET,648.00,259.20,0,10,0.00,0.00,5,Out of Stock (Margin Loss)
2780,J0151-KR-XS,KURTA - J0151,KURTA,499.00,199.60,0,10,0.00,0.00,10,Out of Stock (Margin Loss)
2781,SET394-KR-NP-XXL,SET - SET394,SET,1281.00,512.40,0,10,0.00,0.00,13,Out of Stock (Margin Loss)
2783,J0174-TP-XL,TOP - J0174,TOP,423.00,169.20,0,10,0.00,0.00,6,Out of Stock (Margin Loss)
2784,SET246-KR-PP-XS,SET - SET246,SET,455.00,182.00,0,10,0.00,0.00,4,Out of Stock (Margin Loss)
2785,JNE3440-KR-XL,KURTA - JNE3440,KURTA,379.00,151.60,0,10,0.00,0.00,91,Out of Stock (Margin Loss)
2786,J0193-SET-XXXL,SET - J0193,SET,674.00,269.60,0,10,0.00,0.00,1,Out of Stock (Margin Loss)
2787,JNE3892-TP-XS,TOP - JNE3892,TOP,648.00,259.20,0,10,0.00,0.00,1,Out of Stock (Margin Loss)
2788,JNE3510-KR-XL,KURTA - JNE3510,KURTA,471.00,188.40,0,10,0.00,0.00,100,Out of Stock (Margin Loss)
2789,JNE3567-KR-L,KURTA - JNE3567,KURTA,449.00,179.60,0,10,0.00,0.00,186,Out of Stock (Margin Loss)
2790,J0197-TP-S,TOP - J0197,TOP,625.00,250.00,0,10,0.00,0.00,21,Out of Stock (Margin Loss)
2791,JNE3881-DR-L,WESTERN DRESS - JNE3881,WESTERN DRESS,825.00,330.00,0,10,0.00,0.00,10,Out of Stock (Margin Loss)
2792,JNE3434-KR-XXL,KURTA - JNE3434,KURTA,319.00,127.60,0,10,0.00,0.00,19,Out of Stock (Margin Loss)
2793,J0302-DR-XXXL,WESTERN DRESS - J0302,WESTERN DRESS,696.00,278.40,0,10,0.00,0.00,8,Out of Stock (Margin Loss)
2794,JNE3888-KR-XS,KURTA - JNE3888,KURTA,696.00,278.40,0,10,0.00,0.00,1,Out of Stock (Margin Loss)
2796,JNE3389-KR-S,KURTA - JNE3389,KURTA,452.00,180.80,0,10,0.00,0.00,2,Out of Stock (Margin Loss)
2797,JNE3313-KR-XS,KURTA - JNE3313,KURTA,582.00,232.80,0,10,0.00,0.00,3,Out of Stock (Margin Loss)
2798,J0238-LCD-S,SET - J0238,SET,2598.00,1039.20,0,10,0.00,0.00,1,Out of Stock (Margin Loss)
2799,JNE3669-TU-S,TOP - JNE3669,TOP,625.00,250.00,0,10,0.00,0.00,23,Out of Stock (Margin Loss)
2800,JNE3575-KR-M,KURTA - JNE3575,KURTA,457.00,182.80,0,10,0.00,0.00,8,Out of Stock (Margin Loss)
2801,J0164-DR-XL,ETHNIC DRESS - J0164,ETHNIC DRESS,438.00,175.20,0,10,0.00,0.00,28,Out of Stock (Margin Loss)
2802,JNE3725-KR-S,KURTA - JNE3725,KURTA,448.00,179.20,0,10,0.00,0.00,15,Out of Stock (Margin Loss)
2803,J0038-DR-XXXL,ETHNIC DRESS - J0038,ETHNIC DRESS,675.00,270.00,0,10,0.00,0.00,2,Out of Stock (Margin Loss)
2804,PSET058-KR-NP-4XL,SET - PSET058,SET,1362.00,544.80,0,10,0.00,0.00,5,Out of Stock (Margin Loss)
2805,JNE3568-KR-S,KURTA - JNE3568,KURTA,449.00,179.60,0,10,0.00,0.00,37,Out of Stock (Margin Loss)
2806,J0382-SKD-XL,SET - J0382,SET,1338.00,535.20,0,10,0.00,0.00,16,Out of Stock (Margin Loss)
2807,SET239-KR-NP-L,SET - SET239,SET,693.00,277.20,0,10,0.00,0.00,29,Out of Stock (Margin Loss)
2808,SET319-KR-NP-M,SET - SET319,SET,949.00,379.60,0,10,0.00,0.00,63,Out of Stock (Margin Loss)
2809,J0184-KR-XXL,KURTA - J0184,KURTA,382.00,152.80,0,10,0.00,0.00,1,Out of Stock (Margin Loss)
2810,J0158-DR-XS,WESTERN DRESS - J0158,WESTERN DRESS,1091.00,436.40,0,10,0.00,0.00,12,Out of Stock (Margin Loss)
2811,MEN5014-KR-S,KURTA - MEN5014,KURTA,665.00,266.00,0,10,0.00,0.00,19,Out of Stock (Margin Loss)
2812,SET128-KR-DH-S,SET - SET128,SET,1133.00,453.20,0,10,0.00,0.00,6,Out of Stock (Margin Loss)
2814,J0098-TP-XXXL,TOP - J0098,TOP,413.00,165.20,0,10,0.00,0.00,6,Out of Stock (Margin Loss)
2815,JNE2032-KR-205-M,KURTA - JNE2032,KURTA,316.00,126.40,0,10,0.00,0.00,20,Out of Stock (Margin Loss)
2816,JNE3751-KR-L,KURTA - JNE3751,KURTA,385.00,154.00,0,10,0.00,0.00,18,Out of Stock (Margin Loss)
2817,NW016-ST-SR-L,SET - NW016,SET,560.00,224.00,0,10,0.00,0.00,15,Out of Stock (Margin Loss)
2818,J0161-DR-L,WESTERN DRESS - J0161,WESTERN DRESS,473.00,189.20,0,10,0.00,0.00,5,Out of Stock (Margin Loss)
2819,JNE3627-KR-XXXL,KURTA - JNE3627,KURTA,329.00,131.60,0,10,0.00,0.00,27,Out of Stock (Margin Loss)
2820,J0434-DR-XXL,WESTERN DRESS - J0434,WESTERN DRESS,749.00,299.60,0,10,0.00,0.00,3,Out of Stock (Margin Loss)
2822,JNE3605-KR-XXL,KURTA - JNE3605,KURTA,517.00,206.80,0,10,0.00,0.00,24,Out of Stock (Margin Loss)
2823,MEN5019-KR-L,KURTA - MEN5019,KURTA,655.00,262.00,0,10,0.00,0.00,9,Out of Stock (Margin Loss)
2824,SET094-KR-NP-XXXL,SET - SET094,SET,876.00,350.40,0,10,0.00,0.00,10,Out of Stock (Margin Loss)
2825,SET323-KR-NP-XL,SET - SET323,SET,999.00,399.60,0,10,0.00,0.00,18,Out of Stock (Margin Loss)
2826,JNE3458-KR-XXXL,KURTA - JNE3458,KURTA,499.00,199.60,0,10,0.00,0.00,29,Out of Stock (Margin Loss)
2827,BTM045-PP-XXXL,BOTTOM - BTM045,BOTTOM,345.00,138.00,0,10,0.00,0.00,4,Out of Stock (Margin Loss)
2828,SET336-KR-NP-XS,SET - SET336,SET,874.00,349.60,0,10,0.00,0.00,1,Out of Stock (Margin Loss)
2829,BTM029-NP-XL,BOTTOM - BTM029,BOTTOM,518.00,207.20,0,10,0.00,0.00,9,Out of Stock (Margin Loss)
2830,J0282-SET-XXXL,SET - J0282,SET,999.00,399.60,0,10,0.00,0.00,12,Out of Stock (Margin Loss)
2831,SET219-KR-PP-S,SET - SET219,SET,662.00,264.80,0,10,0.00,0.00,9,Out of Stock (Margin Loss)
2832,SET204-KR-DPT-L,SET - SET204,SET,545.00,218.00,0,10,0.00,0.00,2,Out of Stock (Margin Loss)
2834,JNE3479-KR-XL,KURTA - JNE3479,KURTA,301.00,120.40,0,10,0.00,0.00,29,Out of Stock (Margin Loss)
2835,JNE3690-TU-XS,TOP - JNE3690,TOP,726.00,290.40,0,10,0.00,0.00,21,Out of Stock (Margin Loss)
2836,J0130-SET-S,SET - J0130,SET,729.00,291.60,0,10,0.00,0.00,20,Out of Stock (Margin Loss)
2837,JNE3466-KR-M,KURTA - JNE3466,KURTA,771.00,308.40,0,10,0.00,0.00,9,Out of Stock (Margin Loss)
2838,J0240-SKD-L,SET - J0240,SET,1593.00,637.20,0,10,0.00,0.00,4,Out of Stock (Margin Loss)
2839,JNE3458-KR-S,KURTA - JNE3458,KURTA,380.00,152.00,0,10,0.00,0.00,9,Out of Stock (Margin Loss)
2840,JNE3369-KR-XXXL,KURTA - JNE3369,KURTA,405.00,162.00,0,10,0.00,0.00,2,Out of Stock (Margin Loss)
2841,JNE3439-KR-XL,KURTA - JNE3439,KURTA,435.00,174.00,0,10,0.00,0.00,70,Out of Stock (Margin Loss)
2842,JNE3818-KR-M,KURTA - JNE3818,KURTA,549.00,219.60,0,10,0.00,0.00,22,Out of Stock (Margin Loss)
2843,J0171-DR-XXL,WESTERN DRESS - J0171,WESTERN DRESS,489.00,195.60,0,10,0.00,0.00,13,Out of Stock (Margin Loss)
2844,SET209-KR-PP-XXXL,SET - SET209,SET,569.00,227.60,0,10,0.00,0.00,21,Out of Stock (Margin Loss)
2845,JNE3894-TP-XXXL,TOP - JNE3894,TOP,751.00,300.40,0,10,0.00,0.00,7,Out of Stock (Margin Loss)
2846,JNE3614-KR-S,KURTA - JNE3614,KURTA,459.00,183.60,0,10,0.00,0.00,18,Out of Stock (Margin Loss)
2847,SET138-KR-PP-L,SET - SET138,SET,803.00,321.20,0,10,0.00,0.00,9,Out of Stock (Margin Loss)
2848,SET316-KR-DPT-S,SET - SET316,SET,1238.00,495.20,0,10,0.00,0.00,30,Out of Stock (Margin Loss)
2849,J0175-KR-XXL,KURTA - J0175,KURTA,499.00,199.60,0,10,0.00,0.00,2,Out of Stock (Margin Loss)
2850,J0195-TP-XXXL,TOP - J0195,TOP,665.00,266.00,0,10,0.00,0.00,10,Out of Stock (Margin Loss)
2851,J0244-SKD-XS,SET - J0244,SET,1238.00,495.20,0,10,0.00,0.00,7,Out of Stock (Margin Loss)
2852,NW032-ST-CP-XS,SET - NW032,SET,496.00,198.40,0,10,0.00,0.00,1,Out of Stock (Margin Loss)
2853,J0293-DR-M,WESTERN DRESS - J0293,WESTERN DRESS,450.00,180.00,0,10,0.00,0.00,7,Out of Stock (Margin Loss)
2854,JNE3384-KR-M,KURTA - JNE3384,KURTA,301.00,120.40,0,10,0.00,0.00,28,Out of Stock (Margin Loss)
2855,JNE3710-DR-XL,WESTERN DRESS - JNE3710,WESTERN DRESS,956.00,382.40,0,10,0.00,0.00,54,Out of Stock (Margin Loss)
2856,JNE3396-KR-XXL,KURTA - JNE3396,KURTA,487.00,194.80,0,10,0.00,0.00,33,Out of Stock (Margin Loss)
2857,SET400-KR-NP-L,SET - SET400,SET,1254.00,501.60,0,10,0.00,0.00,31,Out of Stock (Margin Loss)
2858,JNE3615-KR-S,KURTA - JNE3615,KURTA,319.00,127.60,0,10,0.00,0.00,7,Out of Stock (Margin Loss)
2859,SET247-KR-SHA-XL,SET - SET247,SET,775.00,310.00,0,10,0.00,0.00,14,Out of Stock (Margin Loss)
2860,JNE3730-KR-XS,KURTA - JNE3730,KURTA,301.00,120.40,0,10,0.00,0.00,4,Out of Stock (Margin Loss)
2861,JNE3449-KR-XL,KURTA - JNE3449,KURTA,322.00,128.80,0,10,0.00,0.00,29,Out of Stock (Margin Loss)
2863,J0123-TP-XXXL,TOP - J0123,TOP,301.00,120.40,0,10,0.00,0.00,5,Out of Stock (Margin Loss)
2864,JNE3695-KR-XL,KURTA - JNE3695,KURTA,301.00,120.40,0,10,0.00,0.00,10,Out of Stock (Margin Loss)
2865,SET349-KR-NP-XL,SET - SET349,SET,1152.00,460.80,0,10,0.00,0.00,32,Out of Stock (Margin Loss)
2866,J0105-KR-L,WESTERN DRESS - J0105,WESTERN DRESS,999.00,399.60,0,10,0.00,0.00,12,Out of Stock (Margin Loss)
2867,J0298-DR-XS,WESTERN DRESS - J0298,WESTERN DRESS,614.00,245.60,0,10,0.00,0.00,4,Out of Stock (Margin Loss)
2868,SET376-KR-NP-L,SET - SET376,SET,657.00,262.80,0,10,0.00,0.00,10,Out of Stock (Margin Loss)
2869,JNE3576-KR-XXXL,KURTA - JNE3576,KURTA,487.00,194.80,0,10,0.00,0.00,14,Out of Stock (Margin Loss)
2870,JNE3042-KR-XS,KURTA - JNE3042,KURTA,301.00,120.40,0,10,0.00,0.00,6,Out of Stock (Margin Loss)
2871,J0314-KR-L,KURTA - J0314,KURTA,761.00,304.40,0,10,0.00,0.00,0,Out of Stock (Margin Loss)
2872,SET188-KR-NP-XXL,SET - SET188,SET,680.00,272.00,0,10,0.00,0.00,13,Out of Stock (Margin Loss)
2873,BTM036-PP-L,BOTTOM - BTM036,BOTTOM,377.00,150.80,0,10,0.00,0.00,7,Out of Stock (Margin Loss)
2874,SET293-KR-NP-L,SET - SET293,SET,736.00,294.40,0,10,0.00,0.00,67,Out of Stock (Margin Loss)
2875,NW004-TP-PJ-L,SET - NW004,SET,499.00,199.60,0,10,0.00,0.00,19,Out of Stock (Margin Loss)
2876,JNE3518-KR-XS,KURTA - JNE3518,KURTA,487.00,194.80,0,10,0.00,0.00,10,Out of Stock (Margin Loss)
2877,SET232-KR-PP-XXL,SET - SET232,SET,499.00,199.60,0,10,0.00,0.00,9,Out of Stock (Margin Loss)
2878,SET219-KR-PP-L,SET - SET219,SET,662.00,264.80,0,10,0.00,0.00,4,Out of Stock (Margin Loss)
2879,SET378-KR-NP-XXL,SET - SET378,SET,1324.00,529.60,0,10,0.00,0.00,29,Out of Stock (Margin Loss)
2880,SET249-KR-NP-XS,SET - SET249,SET,680.00,272.00,0,10,0.00,0.00,6,Out of Stock (Margin Loss)
2881,SET199-KR-NP-XL,SET - SET199,SET,587.00,234.80,0,10,0.00,0.00,24,Out of Stock (Margin Loss)
2882,J0183-TP-XL,TOP - J0183,TOP,443.00,177.20,0,10,0.00,0.00,5,Out of Stock (Margin Loss)
2883,J0114-TP-XS,TOP - J0114,TOP,314.00,125.60,0,10,0.00,0.00,3,Out of Stock (Margin Loss)
2884,JNE3542-KR-L,KURTA - JNE3542,KURTA,330.00,132.00,0,10,0.00,0.00,3,Out of Stock (Margin Loss)
2885,JNE3445-KR-XXL,KURTA - JNE3445,KURTA,487.00,194.80,0,10,0.00,0.00,20,Out of Stock (Margin Loss)
2886,JNE3504-KR-M,KURTA - JNE3504,KURTA,487.00,194.80,0,10,0.00,0.00,8,Out of Stock (Margin Loss)
2887,NW032-ST-CP-M,SET - NW032,SET,517.00,206.80,0,10,0.00,0.00,4,Out of Stock (Margin Loss)
2888,JNE2009-KR-310-XXL,KURTA - JNE2009,KURTA,313.00,125.20,0,10,0.00,0.00,22,Out of Stock (Margin Loss)
2889,SET297-KR-NP-L,SET - SET297,SET,771.00,308.40,0,10,0.00,0.00,19,Out of Stock (Margin Loss)
2890,JNE3430-KR-XS,KURTA - JNE3430,KURTA,333.00,133.20,0,10,0.00,0.00,1,Out of Stock (Margin Loss)
2891,J0085-TP-XXL,TOP - J0085,TOP,360.00,144.00,0,10,0.00,0.00,6,Out of Stock (Margin Loss)
2892,SET431-KR-NP-L,SET - SET431,SET,899.00,359.60,0,10,0.00,0.00,2,Out of Stock (Margin Loss)
2894,J0351-SET-XL,SET - J0351,SET,832.00,332.80,0,10,0.00,0.00,16,Out of Stock (Margin Loss)
2895,JNE3627-KR-XL,KURTA - JNE3627,KURTA,330.00,132.00,0,10,0.00,0.00,36,Out of Stock (Margin Loss)
2896,JNE3820-KR-S,KURTA - JNE3820,KURTA,549.00,219.60,0,10,0.00,0.00,10,Out of Stock (Margin Loss)
2897,J0159-DR-XXL,WESTERN DRESS - J0159,WESTERN DRESS,745.00,298.00,0,10,0.00,0.00,9,Out of Stock (Margin Loss)
2898,J0240-SKD-XS,SET - J0240,SET,1593.00,637.20,0,10,0.00,0.00,6,Out of Stock (Margin Loss)
2899,SET352-KR-NP-XXXL,SET - SET352,SET,499.00,199.60,0,10,0.00,0.00,9,Out of Stock (Margin Loss)
2900,JNE3759-KR-XL,KURTA - JNE3759,KURTA,568.00,227.20,0,10,0.00,0.00,24,Out of Stock (Margin Loss)
2901,J0162-SKD-L,SET - J0162,SET,1199.00,479.60,0,10,0.00,0.00,7,Out of Stock (Margin Loss)
2902,J0306-DR-XXL,WESTERN DRESS - J0306,WESTERN DRESS,1044.00,417.60,0,10,0.00,0.00,15,Out of Stock (Margin Loss)
2903,JNE3810-KR-L,KURTA - JNE3810,KURTA,696.00,278.40,0,10,0.00,0.00,32,Out of Stock (Margin Loss)
2904,J0290-CD-L,TOP - J0290,TOP,534.00,213.60,0,10,0.00,0.00,3,Out of Stock (Margin Loss)
2905,SET251-KR-PP-S,SET - SET251,SET,759.00,303.60,0,10,0.00,0.00,19,Out of Stock (Margin Loss)
2906,JNE3895-TP-L,TOP - JNE3895,TOP,1039.00,415.60,0,10,0.00,0.00,2,Out of Stock (Margin Loss)
2907,SET300-KR-NP-L,SET - SET300,SET,999.00,399.60,0,10,0.00,0.00,17,Out of Stock (Margin Loss)
2908,JNE2251-KR-537-XXL,KURTA - JNE2251,KURTA,429.00,171.60,0,10,0.00,0.00,6,Out of Stock (Margin Loss)
2909,SET188-KR-NP-S,SET - SET188,SET,749.00,299.60,0,10,0.00,0.00,14,Out of Stock (Margin Loss)
2910,J0145-SET-XS,SET - J0145,SET,526.00,210.40,0,10,0.00,0.00,4,Out of Stock (Margin Loss)
2911,JNE3471-KR-XXL,KURTA - JNE3471,KURTA,301.00,120.40,0,10,0.00,0.00,3,Out of Stock (Margin Loss)
2913,JNE3472-KR-XXXL,KURTA - JNE3472,KURTA,333.00,133.20,0,10,0.00,0.00,5,Out of Stock (Margin Loss)
2914,J0284-SKD-XXXL,SET - J0284,SET,1213.00,485.20,0,10,0.00,0.00,16,Out of Stock (Margin Loss)
2915,J0344-TP-XS,TOP - J0344,TOP,758.00,303.20,0,10,0.00,0.00,25,Out of Stock (Margin Loss)
2916,JNE3629-KR-XXL,KURTA - JNE3629,KURTA,657.00,262.80,0,10,0.00,0.00,3,Out of Stock (Margin Loss)
2917,JNE3484-KR-L,KURTA - JNE3484,KURTA,301.00,120.40,0,10,0.00,0.00,44,Out of Stock (Margin Loss)
2918,JNE2265-KR-501-XXL,KURTA - JNE2265,KURTA,329.00,131.60,0,10,0.00,0.00,23,Out of Stock (Margin Loss)
2920,JNE3611-KR-M,KURTA - JNE3611,KURTA,469.00,187.60,0,10,0.00,0.00,41,Out of Stock (Margin Loss)
2921,SET306-KR-PP-XL,SET - SET306,SET,688.00,275.20,0,10,0.00,0.00,25,Out of Stock (Margin Loss)
2922,J0162-SKD-M,SET - J0162,SET,999.00,399.60,0,10,0.00,0.00,8,Out of Stock (Margin Loss)
2923,SET435-KR-NP-XXXL,SET - SET435,SET,1399.00,559.60,0,10,0.00,0.00,8,Out of Stock (Margin Loss)
2924,CH206-GREEN-M,BOTTOM - CH206,BOTTOM,301.00,120.40,0,10,0.00,0.00,1,Out of Stock (Margin Loss)
2925,SET345-KR-NP-L,SET - SET345,SET,666.00,266.40,0,10,0.00,0.00,186,Out of Stock (Margin Loss)
2926,J0284-SKD-S,SET - J0284,SET,1250.00,500.00,0,10,0.00,0.00,27,Out of Stock (Margin Loss)
2927,SET236-KR-PP-M,SET - SET236,SET,788.00,315.20,0,10,0.00,0.00,31,Out of Stock (Margin Loss)
2928,SET326-KR-PP-S,SET - SET326,SET,666.00,266.40,0,10,0.00,0.00,8,Out of Stock (Margin Loss)
2929,JNE3792-KR-L,KURTA - JNE3792,KURTA,432.00,172.80,0,10,0.00,0.00,9,Out of Stock (Margin Loss)
2930,SET265-KR-NP-XS,SET - SET265,SET,889.00,355.60,0,10,0.00,0.00,23,Out of Stock (Margin Loss)
2931,MEN5020-KR-XXXL,KURTA - MEN5020,KURTA,590.00,236.00,0,10,0.00,0.00,20,Out of Stock (Margin Loss)
2932,SET229-KR-PP-XL,SET - SET229,SET,899.00,359.60,0,10,0.00,0.00,14,Out of Stock (Margin Loss)
2933,JNE2170-KR-436-S,KURTA - JNE2170,KURTA,612.00,244.80,0,10,0.00,0.00,16,Out of Stock (Margin Loss)
2934,NW015-TP-PJ-XXL,SET - NW015,SET,699.00,279.60,0,10,0.00,0.00,26,Out of Stock (Margin Loss)
2935,CH208-MUSTARD-L,BOTTOM - CH208,BOTTOM,301.00,120.40,0,10,0.00,0.00,3,Out of Stock (Margin Loss)
2936,J0370-SKD-XL,SET - J0370,SET,1099.00,439.60,0,10,0.00,0.00,10,Out of Stock (Margin Loss)
2937,J0187-KR-XL,KURTA - J0187,KURTA,587.00,234.80,0,10,0.00,0.00,4,Out of Stock (Margin Loss)
2938,JNE3719-KR-XS,KURTA - JNE3719,KURTA,399.00,159.60,0,10,0.00,0.00,1,Out of Stock (Margin Loss)
2939,JNE3394-KR-M,KURTA - JNE3394,KURTA,418.00,167.20,0,10,0.00,0.00,1,Out of Stock (Margin Loss)
2940,SAR149,SAREE - SAR149,SAREE,756.00,302.40,0,10,0.00,0.00,1,Out of Stock (Margin Loss)
2942,JNE3613-KR-S,KURTA - JNE3613,KURTA,405.00,162.00,0,10,0.00,0.00,41,Out of Stock (Margin Loss)
2943,J0240-SKD-M,SET - J0240,SET,1649.00,659.60,0,10,0.00,0.00,8,Out of Stock (Margin Loss)
2944,J0400-DR-XL,WESTERN DRESS - J0400,WESTERN DRESS,1196.00,478.40,0,10,0.00,0.00,7,Out of Stock (Margin Loss)
2945,JNE3902-KR-XXXL,KURTA - JNE3902,KURTA,599.00,239.60,0,10,0.00,0.00,7,Out of Stock (Margin Loss)
2946,J0178-TP-M,TOP - J0178,TOP,311.00,124.40,0,10,0.00,0.00,15,Out of Stock (Margin Loss)
2948,J0082-TP-L,TOP - J0082,TOP,360.00,144.00,0,10,0.00,0.00,2,Out of Stock (Margin Loss)
2949,J0343-DR-XL,WESTERN DRESS - J0343,WESTERN DRESS,1168.00,467.20,0,10,0.00,0.00,77,Out of Stock (Margin Loss)
2950,SET244-KR-NP-M,SET - SET244,SET,799.00,319.60,0,10,0.00,0.00,25,Out of Stock (Margin Loss)
2951,JNE3710-DR-XXXL,WESTERN DRESS - JNE3710,WESTERN DRESS,956.00,382.40,0,10,0.00,0.00,56,Out of Stock (Margin Loss)
2952,SET325-KR-NP-S,SET - SET325,SET,666.00,266.40,0,10,0.00,0.00,16,Out of Stock (Margin Loss)
2953,J0135-SET-XL,SET - J0135,SET,591.00,236.40,0,10,0.00,0.00,30,Out of Stock (Margin Loss)
2954,J0073-KR-L,KURTA - J0073,KURTA,333.00,133.20,0,10,0.00,0.00,7,Out of Stock (Margin Loss)
2955,NW014-ST-SR-XS,SET - NW014,SET,537.00,214.80,0,10,0.00,0.00,4,Out of Stock (Margin Loss)
2956,J0187-KR-L,KURTA - J0187,KURTA,563.00,225.20,0,10,0.00,0.00,5,Out of Stock (Margin Loss)
2957,J0308-DR-M,WESTERN DRESS - J0308,WESTERN DRESS,879.00,351.60,0,10,0.00,0.00,34,Out of Stock (Margin Loss)
2958,SET304-KR-DPT-XXXL,SET - SET304,SET,1186.00,474.40,0,10,0.00,0.00,43,Out of Stock (Margin Loss)
2960,JNE3789-KR-XL,KURTA - JNE3789,KURTA,383.00,153.20,0,10,0.00,0.00,1,Out of Stock (Margin Loss)
2961,JNE3438-KR-XXXL,KURTA - JNE3438,KURTA,459.00,183.60,0,10,0.00,0.00,6,Out of Stock (Margin Loss)
2962,JNE3265-KR-M,KURTA - JNE3265,KURTA,330.00,132.00,0,10,0.00,0.00,13,Out of Stock (Margin Loss)
2963,JNE1998-KR-311-XXL,KURTA - JNE1998,KURTA,301.00,120.40,0,10,0.00,0.00,22,Out of Stock (Margin Loss)
2964,J0373-KR-XL,KURTA - J0373,KURTA,599.00,239.60,0,10,0.00,0.00,15,Out of Stock (Margin Loss)
2965,MEN5007-KR-XL,KURTA - MEN5007,KURTA,625.00,250.00,0,10,0.00,0.00,19,Out of Stock (Margin Loss)
2966,J0108-SKD-M,SET - J0108,SET,1152.00,460.80,0,10,0.00,0.00,23,Out of Stock (Margin Loss)
2967,JNE3454-KR-XXL,KURTA - JNE3454,KURTA,441.00,176.40,0,10,0.00,0.00,15,Out of Stock (Margin Loss)
2968,SET058-KR-NP-XXL,SET - SET058,SET,847.00,338.80,0,10,0.00,0.00,33,Out of Stock (Margin Loss)
2969,J0351-SET-M,SET - J0351,SET,832.00,332.80,0,10,0.00,0.00,10,Out of Stock (Margin Loss)
2970,J0165-TP-XXXL,TOP - J0165,TOP,331.00,132.40,0,10,0.00,0.00,1,Out of Stock (Margin Loss)
2971,JNE3562-KR-XXL,KURTA - JNE3562,KURTA,476.00,190.40,0,10,0.00,0.00,18,Out of Stock (Margin Loss)
2972,JNE3463-KR-M,KURTA - JNE3463,KURTA,574.00,229.60,0,10,0.00,0.00,65,Out of Stock (Margin Loss)
2973,JNE3798-KR-XL,WESTERN DRESS - JNE3798,WESTERN DRESS,799.00,319.60,0,10,0.00,0.00,153,Out of Stock (Margin Loss)
2974,JNE3811-KR-XS,KURTA - JNE3811,KURTA,568.00,227.20,0,10,0.00,0.00,6,Out of Stock (Margin Loss)
7087,BTM041-PP-XXXL,BOTTOM - BTM041,BOTTOM,345.00,138.00,0,10,0.00,0.00,6,Out of Stock (Margin Loss)
7088,SET267-KR-NP-S,SET - SET267,SET,869.00,347.60,0,10,0.00,0.00,23,Out of Stock (Margin Loss)
7090,J0014-LCD-XXXL,SET - J0014,SET,1648.00,659.20,0,10,0.00,0.00,10,Out of Stock (Margin Loss)
7091,JNE3415-KR-XXXL,KURTA - JNE3415,KURTA,301.00,120.40,0,10,0.00,0.00,6,Out of Stock (Margin Loss)
7092,SET389-KR-NP-M,SET - SET389,SET,680.00,272.00,0,10,0.00,0.00,27,Out of Stock (Margin Loss)
7093,SET358-KR-NP-XXL,SET - SET358,SET,1477.00,590.80,0,10,0.00,0.00,11,Out of Stock (Margin Loss)
7094,JNE3793-KR-XS,KURTA - JNE3793,KURTA,368.00,147.20,0,10,0.00,0.00,13,Out of Stock (Margin Loss)
7095,JNE3797-KR-XXL,WESTERN DRESS - JNE3797,WESTERN DRESS,771.00,308.40,0,10,0.00,0.00,356,Out of Stock (Margin Loss)
7096,JNE3313-KR-S,KURTA - JNE3313,KURTA,582.00,232.80,0,10,0.00,0.00,6,Out of Stock (Margin Loss)
7097,JNE3756-KR-XXXL,KURTA - JNE3756,KURTA,487.00,194.80,0,10,0.00,0.00,11,Out of Stock (Margin Loss)
7098,SET250-KR-SHA-XXXL,SET - SET250,SET,729.00,291.60,0,10,0.00,0.00,10,Out of Stock (Margin Loss)
7099,JNE3886-KR-XXL,KURTA - JNE3886,KURTA,526.00,210.40,0,10,0.00,0.00,4,Out of Stock (Margin Loss)
7100,JNE3465-KR-S,KURTA - JNE3465,KURTA,523.00,209.20,0,10,0.00,0.00,67,Out of Stock (Margin Loss)
7102,SET055-KR-NP-XXL,SET - SET055,SET,635.00,254.00,0,10,0.00,0.00,16,Out of Stock (Margin Loss)
7103,JNE3928-KR-XL,KURTA - JNE3928,KURTA,568.00,227.20,0,10,0.00,0.00,7,Out of Stock (Margin Loss)
7104,NW002-TP-PJ-XXL,SET - NW002,SET,441.00,176.40,0,10,0.00,0.00,5,Out of Stock (Margin Loss)
7105,J0341-DR-S,WESTERN DRESS - J0341,WESTERN DRESS,1168.00,467.20,0,10,0.00,0.00,229,Out of Stock (Margin Loss)
7106,SET413-KR-NP-S,SET - SET413,SET,852.00,340.80,0,10,0.00,0.00,17,Out of Stock (Margin Loss)
7107,JNE3784-KR-XS,KURTA - JNE3784,KURTA,517.00,206.80,0,10,0.00,0.00,51,Out of Stock (Margin Loss)
7108,JNE3865-TP-L,TOP - JNE3865,TOP,836.00,334.40,0,10,0.00,0.00,42,Out of Stock (Margin Loss)
7110,J0034-SET-L,SET - J0034,SET,717.00,286.80,0,10,0.00,0.00,11,Out of Stock (Margin Loss)
7111,SET144-KR-NP-XS,SET - SET144,SET,788.00,315.20,0,10,0.00,0.00,26,Out of Stock (Margin Loss)
7112,JNE3822-KR-XS,KURTA - JNE3822,KURTA,474.00,189.60,0,10,0.00,0.00,4,Out of Stock (Margin Loss)
7113,JNE3612-KR-M,KURTA - JNE3612,KURTA,399.00,159.60,0,10,0.00,0.00,10,Out of Stock (Margin Loss)
7114,J0291-JS-XS,SET - J0291,SET,1196.00,478.40,0,10,0.00,0.00,2,Out of Stock (Margin Loss)
7115,JNE3574-KR-S,KURTA - JNE3574,KURTA,319.00,127.60,0,10,0.00,0.00,15,Out of Stock (Margin Loss)
7116,J0166-DR-XS,WESTERN DRESS - J0166,WESTERN DRESS,441.00,176.40,0,10,0.00,0.00,4,Out of Stock (Margin Loss)
7117,J0041-SET-S,SET - J0041,SET,763.00,305.20,0,10,0.00,0.00,50,Out of Stock (Margin Loss)
7118,JNE3376-KR-XL,KURTA - JNE3376,KURTA,432.00,172.80,0,10,0.00,0.00,26,Out of Stock (Margin Loss)
7119,JNE3623-KR-XS,KURTA - JNE3623,KURTA,362.00,144.80,0,10,0.00,0.00,4,Out of Stock (Margin Loss)
7120,JNE3680-TU-XL,TOP - JNE3680,TOP,798.00,319.20,0,10,0.00,0.00,14,Out of Stock (Margin Loss)
7121,JNE3528-KR-XXL,KURTA - JNE3528,KURTA,317.00,126.80,0,10,0.00,0.00,10,Out of Stock (Margin Loss)
7122,J0137-SET-XXL,SET - J0137,SET,841.00,336.40,0,10,0.00,0.00,7,Out of Stock (Margin Loss)
7123,JNE3483-KR-XL,KURTA - JNE3483,KURTA,362.00,144.80,0,10,0.00,0.00,2,Out of Stock (Margin Loss)
7124,JNE3491-KR-XL,KURTA - JNE3491,KURTA,375.00,150.00,0,10,0.00,0.00,16,Out of Stock (Margin Loss)
7125,SET145-KR-NP-XXXL,SET - SET145,SET,788.00,315.20,0,10,0.00,0.00,23,Out of Stock (Margin Loss)
7126,J0134-SET-XL,SET - J0134,SET,729.00,291.60,0,10,0.00,0.00,15,Out of Stock (Margin Loss)
7127,J0144-SET-XXL,SET - J0144,SET,529.00,211.60,0,10,0.00,0.00,7,Out of Stock (Margin Loss)
7128,J0150-KR-S,KURTA - J0150,KURTA,420.00,168.00,0,10,0.00,0.00,31,Out of Stock (Margin Loss)
7129,JNE2265-KR-501-XL,KURTA - JNE2265,KURTA,329.00,131.60,0,10,0.00,0.00,12,Out of Stock (Margin Loss)
7130,SET308-KR-PP-M,SET - SET308,SET,696.00,278.40,0,10,0.00,0.00,5,Out of Stock (Margin Loss)
7131,J0413-DR-M,WESTERN DRESS - J0413,WESTERN DRESS,968.00,387.20,0,10,0.00,0.00,22,Out of Stock (Margin Loss)
7133,MEN5005-KR-XXXL,KURTA - MEN5005,KURTA,625.00,250.00,0,10,0.00,0.00,23,Out of Stock (Margin Loss)
7135,JNE3820-KR-XL,KURTA - JNE3820,KURTA,549.00,219.60,0,10,0.00,0.00,6,Out of Stock (Margin Loss)
7136,SET269-KR-NP-XXXL,SET - SET269,SET,824.00,329.60,0,10,0.00,0.00,44,Out of Stock (Margin Loss)
7137,SET253-KR-NP-XXXL,SET - SET253,SET,737.00,294.80,0,10,0.00,0.00,18,Out of Stock (Margin Loss)
7138,SET374-KR-NP-M,SET - SET374,SET,729.00,291.60,0,10,0.00,0.00,108,Out of Stock (Margin Loss)
7139,J0093-DR-XXL,ETHNIC DRESS - J0093,ETHNIC DRESS,799.00,319.60,0,10,0.00,0.00,13,Out of Stock (Margin Loss)
7140,SET350-KR-NP-L,SET - SET350,SET,1299.00,519.60,0,10,0.00,0.00,64,Out of Stock (Margin Loss)
7141,SET378-KR-NP-L,SET - SET378,SET,1299.00,519.60,0,10,0.00,0.00,22,Out of Stock (Margin Loss)
7142,JNE3412-KR-XL,KURTA - JNE3412,KURTA,435.00,174.00,0,10,0.00,0.00,15,Out of Stock (Margin Loss)
7143,JNE3770-KR-XXXL,KURTA - JNE3770,KURTA,487.00,194.80,0,10,0.00,0.00,6,Out of Stock (Margin Loss)
7144,BTM039-PP-XS,BOTTOM - BTM039,BOTTOM,360.00,144.00,0,10,0.00,0.00,3,Out of Stock (Margin Loss)
7145,PSET043-KR-NP-5XL,SET - PSET043,SET,1629.00,651.60,0,10,0.00,0.00,5,Out of Stock (Margin Loss)
7146,J0150-KR-XS,KURTA - J0150,KURTA,399.00,159.60,0,10,0.00,0.00,11,Out of Stock (Margin Loss)
7147,SET442-KR-NP-XXXL,SET - SET442,SET,771.00,308.40,0,10,0.00,0.00,3,Out of Stock (Margin Loss)
7148,J0396-DR-XXXL,WESTERN DRESS - J0396,WESTERN DRESS,1196.00,478.40,0,10,0.00,0.00,14,Out of Stock (Margin Loss)
7149,JNE3439-KR-XXL,KURTA - JNE3439,KURTA,435.00,174.00,0,10,0.00,0.00,58,Out of Stock (Margin Loss)
7150,SET403-KR-NP-S,SET - SET403,SET,1228.00,491.20,0,10,0.00,0.00,3,Out of Stock (Margin Loss)
7151,NW002-TP-PJ-S,SET - NW002,SET,474.00,189.60,0,10,0.00,0.00,6,Out of Stock (Margin Loss)
7152,SET204-KR-DPT-XXL,SET - SET204,SET,666.00,266.40,0,10,0.00,0.00,11,Out of Stock (Margin Loss)
7153,SET128-KR-DH-XXXL,SET - SET128,SET,1147.00,458.80,0,10,0.00,0.00,5,Out of Stock (Margin Loss)
7154,J0160-TP-S,TOP - J0160,TOP,352.00,140.80,0,10,0.00,0.00,1,Out of Stock (Margin Loss)
7156,JNE3257-KR-M,KURTA - JNE3257,KURTA,436.00,174.40,0,10,0.00,0.00,2,Out of Stock (Margin Loss)
7157,JNE3334-KR-M,KURTA - JNE3334,KURTA,318.00,127.20,0,10,0.00,0.00,27,Out of Stock (Margin Loss)
7158,SET356-KR-NP-XL,SET - SET356,SET,1112.00,444.80,0,10,0.00,0.00,35,Out of Stock (Margin Loss)
7160,SET053-KR-NP-XXL,SET - SET053,SET,599.00,239.60,0,10,0.00,0.00,7,Out of Stock (Margin Loss)
7161,SET044-KR-NP-M,SET - SET044,SET,612.00,244.80,0,10,0.00,0.00,52,Out of Stock (Margin Loss)
7162,SET330-KR-PP-XXXL,SET - SET330,SET,666.00,266.40,0,10,0.00,0.00,19,Out of Stock (Margin Loss)
7163,JNE3523-KR-XS,KURTA - JNE3523,KURTA,376.00,150.40,0,10,0.00,0.00,7,Out of Stock (Margin Loss)
7164,JNE1233-BLUE-KR-031-L,KURTA - JNE1233,KURTA,382.00,152.80,0,10,0.00,0.00,9,Out of Stock (Margin Loss)
7165,JNE3744-TU-XXL,TOP - JNE3744,TOP,665.00,266.00,0,10,0.00,0.00,28,Out of Stock (Margin Loss)
7166,JNE3284-KR-XXL,KURTA - JNE3284,KURTA,324.00,129.60,0,10,0.00,0.00,1,Out of Stock (Margin Loss)
7167,NW030-TP-PJ-XS,SET - NW030,SET,582.00,232.80,0,10,0.00,0.00,20,Out of Stock (Margin Loss)
7168,JNE2014-KR-178-XL,KURTA - JNE2014,KURTA,359.00,143.60,0,10,0.00,0.00,123,Out of Stock (Margin Loss)
7169,JNE3510-KR-XXL,KURTA - JNE3510,KURTA,471.00,188.40,0,10,0.00,0.00,72,Out of Stock (Margin Loss)
7170,JNE3716-KR-XL,KURTA - JNE3716,KURTA,432.00,172.80,0,10,0.00,0.00,31,Out of Stock (Margin Loss)
7171,JNE3549-KR-XXL,KURTA - JNE3549,KURTA,329.00,131.60,0,10,0.00,0.00,18,Out of Stock (Margin Loss)
7172,JNE1998-KR-311-XS,KURTA - JNE1998,KURTA,295.00,118.00,0,10,0.00,0.00,6,Out of Stock (Margin Loss)
7173,SET240-KR-PP-L,SET - SET240,SET,629.00,251.60,0,10,0.00,0.00,9,Out of Stock (Margin Loss)
7174,JNE3748-KR-XS,KURTA - JNE3748,KURTA,517.00,206.80,0,10,0.00,0.00,2,Out of Stock (Margin Loss)
7175,J0122-TP-L,TOP - J0122,TOP,0.00,0.00,0,10,0.00,0.00,2,Out of Stock (Margin Loss)
7176,JNE3905-DR-XL,WESTERN DRESS - JNE3905,WESTERN DRESS,869.00,347.60,0,10,0.00,0.00,40,Out of Stock (Margin Loss)
7177,J0372-SKD-M,SET - J0372,SET,1099.00,439.60,0,10,0.00,0.00,18,Out of Stock (Margin Loss)
7178,SET331-KR-NP-XL,SET - SET331,SET,641.00,256.40,0,10,0.00,0.00,145,Out of Stock (Margin Loss)
7179,SET341-KR-NP-XS,SET - SET341,SET,899.00,359.60,0,10,0.00,0.00,10,Out of Stock (Margin Loss)
7180,SET310-KR-NP-M,SET - SET310,SET,1213.00,485.20,0,10,0.00,0.00,26,Out of Stock (Margin Loss)
7181,J0027-SET-S,SET - J0027,SET,625.00,250.00,0,10,0.00,0.00,2,Out of Stock (Margin Loss)
7182,JNE3500-KR-XXXL,KURTA - JNE3500,KURTA,348.00,139.20,0,10,0.00,0.00,5,Out of Stock (Margin Loss)
7183,JNE3811-KR-XXL,KURTA - JNE3811,KURTA,474.00,189.60,0,10,0.00,0.00,7,Out of Stock (Margin Loss)
7184,JNE3881-DR-XXXL,WESTERN DRESS - JNE3881,WESTERN DRESS,825.00,330.00,0,10,0.00,0.00,10,Out of Stock (Margin Loss)
7185,SET233-KR-PP-XXL,SET - SET233,SET,545.00,218.00,0,10,0.00,0.00,42,Out of Stock (Margin Loss)
7187,J0150-KR-XXL,KURTA - J0150,KURTA,420.00,168.00,0,10,0.00,0.00,15,Out of Stock (Margin Loss)
7188,SET386-KR-NP-XS,SET - SET386,SET,699.00,279.60,0,10,0.00,0.00,12,Out of Stock (Margin Loss)
7189,JNE3835-KR-XXL,KURTA - JNE3835,KURTA,666.00,266.40,0,10,0.00,0.00,14,Out of Stock (Margin Loss)
7190,JNE3457-KR-M,KURTA - JNE3457,KURTA,399.00,159.60,0,10,0.00,0.00,16,Out of Stock (Margin Loss)
7191,J0355-KR-XXL,KURTA - J0355,KURTA,635.00,254.00,0,10,0.00,0.00,17,Out of Stock (Margin Loss)
7192,NW034-TP-PJ-L,SET - NW034,SET,774.00,309.60,0,10,0.00,0.00,14,Out of Stock (Margin Loss)
7193,J0126-SKD-XS,SET - J0126,SET,818.00,327.20,0,10,0.00,0.00,6,Out of Stock (Margin Loss)
7194,SET326-KR-PP-XS,SET - SET326,SET,666.00,266.40,0,10,0.00,0.00,2,Out of Stock (Margin Loss)
7195,SET100-KR-PP-S,SET - SET100,SET,878.00,351.20,0,10,0.00,0.00,3,Out of Stock (Margin Loss)
7196,JNE3906-KR-L,KURTA - JNE3906,KURTA,852.00,340.80,0,10,0.00,0.00,3,Out of Stock (Margin Loss)
7197,JNE3655-TP-XL,TOP - JNE3655,TOP,385.00,154.00,0,10,0.00,0.00,7,Out of Stock (Margin Loss)
7199,SET264-KR-NP-XS,SET - SET264,SET,824.00,329.60,0,10,0.00,0.00,10,Out of Stock (Margin Loss)
7201,J0279-SET-XXL,SET - J0279,SET,895.00,358.00,0,10,0.00,0.00,3,Out of Stock (Margin Loss)
7202,J0351-SET-L,SET - J0351,SET,832.00,332.80,0,10,0.00,0.00,34,Out of Stock (Margin Loss)
7203,JNE3454-KR-L,KURTA - JNE3454,KURTA,441.00,176.40,0,10,0.00,0.00,11,Out of Stock (Margin Loss)
7204,J0187-KR-S,KURTA - J0187,KURTA,587.00,234.80,0,10,0.00,0.00,6,Out of Stock (Margin Loss)
7205,J0374-KR-XXXL,KURTA - J0374,KURTA,614.00,245.60,0,10,0.00,0.00,4,Out of Stock (Margin Loss)
7206,SET397-KR-NP-XXXL,SET - SET397,SET,1201.00,480.40,0,10,0.00,0.00,72,Out of Stock (Margin Loss)
7208,JNE3524-KR-XXL,KURTA - JNE3524,KURTA,517.00,206.80,0,10,0.00,0.00,7,Out of Stock (Margin Loss)
7210,JNE3788-KR-XL,KURTA - JNE3788,KURTA,487.00,194.80,0,10,0.00,0.00,8,Out of Stock (Margin Loss)
7211,J0251-SKD-XXXL,SET - J0251,SET,725.00,290.00,0,10,0.00,0.00,4,Out of Stock (Margin Loss)
7212,SET437-KR-PP-S,SET - SET437,SET,1204.00,481.60,0,10,0.00,0.00,1,Out of Stock (Margin Loss)
7214,JNE3880-DR-XS,WESTERN DRESS - JNE3880,WESTERN DRESS,758.00,303.20,0,10,0.00,0.00,4,Out of Stock (Margin Loss)
7216,J0217-BL-S,BLOUSE - J0217,BLOUSE,879.00,351.60,0,10,0.00,0.00,26,Out of Stock (Margin Loss)
7217,JNE3686-TU-XL,TOP - JNE3686,TOP,446.00,178.40,0,10,0.00,0.00,21,Out of Stock (Margin Loss)
7218,JNE3880-DR-XXXL,WESTERN DRESS - JNE3880,WESTERN DRESS,758.00,303.20,0,10,0.00,0.00,18,Out of Stock (Margin Loss)
7219,JNE3748-KR-XXXL,KURTA - JNE3748,KURTA,517.00,206.80,0,10,0.00,0.00,13,Out of Stock (Margin Loss)
7220,SET143-KR-PP-XS,SET - SET143,SET,534.00,213.60,0,10,0.00,0.00,1,Out of Stock (Margin Loss)
7221,J0434-DR-L,WESTERN DRESS - J0434,WESTERN DRESS,749.00,299.60,0,10,0.00,0.00,7,Out of Stock (Margin Loss)
7222,SAR037,SAREE - SAR037,SAREE,998.00,399.20,0,10,0.00,0.00,2,Out of Stock (Margin Loss)
7223,JNE3757-KR-XXL,KURTA - JNE3757,KURTA,487.00,194.80,0,10,0.00,0.00,26,Out of Stock (Margin Loss)
7224,SET270-KR-PP-XXL,SET - SET270,SET,568.00,227.20,0,10,0.00,0.00,19,Out of Stock (Margin Loss)
7225,BTM002-XL,BOTTOM - BTM002,BOTTOM,518.00,207.20,0,10,0.00,0.00,25,Out of Stock (Margin Loss)
7226,JNE3579-KR-XS,KURTA - JNE3579,KURTA,301.00,120.40,0,10,0.00,0.00,3,Out of Stock (Margin Loss)
7227,J0009-SKD-XXXL,SET - J0009,SET,999.00,399.60,0,10,0.00,0.00,38,Out of Stock (Margin Loss)
7228,JNE3792-KR-S,KURTA - JNE3792,KURTA,432.00,172.80,0,10,0.00,0.00,7,Out of Stock (Margin Loss)
7229,J0129-SET-XS,SET - J0129,SET,733.00,293.20,0,10,0.00,0.00,6,Out of Stock (Margin Loss)
7230,J0238-LCD-XL,SET - J0238,SET,2598.00,1039.20,0,10,0.00,0.00,6,Out of Stock (Margin Loss)
7232,JNE3368-KR-S,KURTA - JNE3368,KURTA,471.00,188.40,0,10,0.00,0.00,47,Out of Stock (Margin Loss)
7233,J0208-DR-XXXL,WESTERN DRESS - J0208,WESTERN DRESS,721.00,288.40,0,10,0.00,0.00,6,Out of Stock (Margin Loss)
7234,MEN5028-KR-M,KURTA - MEN5028,KURTA,709.00,283.60,0,10,0.00,0.00,19,Out of Stock (Margin Loss)
7235,J0092-SET-XS,SET - J0092,SET,1039.00,415.60,0,10,0.00,0.00,6,Out of Stock (Margin Loss)
7236,J0176-TP-L,TOP - J0176,TOP,483.00,193.20,0,10,0.00,0.00,16,Out of Stock (Margin Loss)
7237,JNE3856-KR-M,KURTA - JNE3856,KURTA,666.00,266.40,0,10,0.00,0.00,11,Out of Stock (Margin Loss)
7238,JNE3467-KR-XXL,KURTA - JNE3467,KURTA,345.00,138.00,0,10,0.00,0.00,1,Out of Stock (Margin Loss)
7239,J0082-TP-S,TOP - J0082,TOP,360.00,144.00,0,10,0.00,0.00,3,Out of Stock (Margin Loss)
7240,MEN5022-KR-M,KURTA - MEN5022,KURTA,777.00,310.80,0,10,0.00,0.00,37,Out of Stock (Margin Loss)
7241,JNE3376-KR-M,KURTA - JNE3376,KURTA,432.00,172.80,0,10,0.00,0.00,28,Out of Stock (Margin Loss)
7242,SET351-KR-NP-XXXL,SET - SET351,SET,599.00,239.60,0,10,0.00,0.00,13,Out of Stock (Margin Loss)
7243,J0213-TP-XL,TOP - J0213,TOP,794.00,317.60,0,10,0.00,0.00,28,Out of Stock (Margin Loss)
7244,JNE3766-KR-XXL,KURTA - JNE3766,KURTA,517.00,206.80,0,10,0.00,0.00,7,Out of Stock (Margin Loss)
7245,JNE3764-KR-M,KURTA - JNE3764,KURTA,487.00,194.80,0,10,0.00,0.00,45,Out of Stock (Margin Loss)
7246,JNE3810-KR-XL,KURTA - JNE3810,KURTA,696.00,278.40,0,10,0.00,0.00,36,Out of Stock (Margin Loss)
7247,JNE3671-TU-XXL,TOP - JNE3671,TOP,826.00,330.40,0,10,0.00,0.00,21,Out of Stock (Margin Loss)
7249,JNE3834-KR-L,KURTA - JNE3834,KURTA,666.00,266.40,0,10,0.00,0.00,12,Out of Stock (Margin Loss)
7250,SET308-KR-PP-XS,SET - SET308,SET,696.00,278.40,0,10,0.00,0.00,2,Out of Stock (Margin Loss)
7251,J0158-DR-XXXL,WESTERN DRESS - J0158,WESTERN DRESS,1091.00,436.40,0,10,0.00,0.00,18,Out of Stock (Margin Loss)
7252,SET308-KR-PP-XXXL,SET - SET308,SET,749.00,299.60,0,10,0.00,0.00,9,Out of Stock (Margin Loss)
7253,SET330-KR-PP-M,SET - SET330,SET,666.00,266.40,0,10,0.00,0.00,17,Out of Stock (Margin Loss)
7254,NW035-ST-CP-M,SET - NW035,SET,599.00,239.60,0,10,0.00,0.00,7,Out of Stock (Margin Loss)
7255,JNE3738-KR-L,KURTA - JNE3738,KURTA,459.00,183.60,0,10,0.00,0.00,30,Out of Stock (Margin Loss)
7256,SET097-KR-PP-L,SET - SET097,SET,999.00,399.60,0,10,0.00,0.00,5,Out of Stock (Margin Loss)
7257,J0070-KR-S,KURTA - J0070,KURTA,318.00,127.20,0,10,0.00,0.00,1,Out of Stock (Margin Loss)
7258,J0401-DR-XL,WESTERN DRESS - J0401,WESTERN DRESS,1168.00,467.20,0,10,0.00,0.00,31,Out of Stock (Margin Loss)
7259,J0399-DR-XXL,WESTERN DRESS - J0399,WESTERN DRESS,1099.00,439.60,0,10,0.00,0.00,24,Out of Stock (Margin Loss)
7260,SET218-KR-NP-S,SET - SET218,SET,699.00,279.60,0,10,0.00,0.00,9,Out of Stock (Margin Loss)
7261,J0171-DR-XL,WESTERN DRESS - J0171,WESTERN DRESS,488.00,195.20,0,10,0.00,0.00,7,Out of Stock (Margin Loss)
7262,PJNE3291-KR-4XL,KURTA - PJNE3291,KURTA,869.00,347.60,0,10,0.00,0.00,12,Out of Stock (Margin Loss)
7263,JNE3463-KR-XXXL,KURTA - JNE3463,KURTA,574.00,229.60,0,10,0.00,0.00,57,Out of Stock (Margin Loss)
7264,JNE3065-KR-XXL,KURTA - JNE3065,KURTA,393.00,157.20,0,10,0.00,0.00,12,Out of Stock (Margin Loss)
7265,J0127-SKD-XS,SET - J0127,SET,1199.00,479.60,0,10,0.00,0.00,17,Out of Stock (Margin Loss)
7266,J0241-SKD-XL,SET - J0241,SET,1354.00,541.60,0,10,0.00,0.00,17,Out of Stock (Margin Loss)
7267,J0205-TP-S,TOP - J0205,TOP,483.00,193.20,0,10,0.00,0.00,9,Out of Stock (Margin Loss)
7268,SET239-KR-NP-XS,SET - SET239,SET,693.00,277.20,0,10,0.00,0.00,20,Out of Stock (Margin Loss)
7269,SET158-KR-PP-S,SET - SET158,SET,791.00,316.40,0,10,0.00,0.00,2,Out of Stock (Margin Loss)
7270,JNE3728-KR-XXL,KURTA - JNE3728,KURTA,330.00,132.00,0,10,0.00,0.00,15,Out of Stock (Margin Loss)
7271,JNE3674-TU-XXXL,TOP - JNE3674,TOP,574.00,229.60,0,10,0.00,0.00,27,Out of Stock (Margin Loss)
7272,JNE3893-TP-M,TOP - JNE3893,TOP,621.00,248.40,0,10,0.00,0.00,2,Out of Stock (Margin Loss)
7273,JNE2032-KR-205-XL,KURTA - JNE2032,KURTA,316.00,126.40,0,10,0.00,0.00,28,Out of Stock (Margin Loss)
7274,JNE3760-KR-XL,KURTA - JNE3760,KURTA,432.00,172.80,0,10,0.00,0.00,9,Out of Stock (Margin Loss)
7275,JNE3860-DR-M,WESTERN DRESS - JNE3860,WESTERN DRESS,736.00,294.40,0,10,0.00,0.00,16,Out of Stock (Margin Loss)
7276,JNE3734-KR-XXXL,KURTA - JNE3734,KURTA,431.00,172.40,0,10,0.00,0.00,11,Out of Stock (Margin Loss)
7277,J0166-DR-S,WESTERN DRESS - J0166,WESTERN DRESS,426.00,170.40,0,10,0.00,0.00,5,Out of Stock (Margin Loss)
7278,JNE3870-DR-XL,WESTERN DRESS - JNE3870,WESTERN DRESS,998.00,399.20,0,10,0.00,0.00,30,Out of Stock (Margin Loss)
7279,JNE3459-KR-XXXL,KURTA - JNE3459,KURTA,442.00,176.80,0,10,0.00,0.00,15,Out of Stock (Margin Loss)
7280,J0414-DR-S,WESTERN DRESS - J0414,WESTERN DRESS,1168.00,467.20,0,10,0.00,0.00,5,Out of Stock (Margin Loss)
7282,JNE1906-KR-031-S,KURTA - JNE1906,KURTA,382.00,152.80,0,10,0.00,0.00,22,Out of Stock (Margin Loss)
7283,J0319-KR-XXL,KURTA - J0319,KURTA,871.00,348.40,0,10,0.00,0.00,1,Out of Stock (Margin Loss)
7284,JNE3766-KR-M,KURTA - JNE3766,KURTA,579.00,231.60,0,10,0.00,0.00,15,Out of Stock (Margin Loss)
7285,SET408-KR-NP-S,SET - SET408,SET,599.00,239.60,0,10,0.00,0.00,12,Out of Stock (Margin Loss)
7286,MEN5021-KR-L,KURTA - MEN5021,KURTA,777.00,310.80,0,10,0.00,0.00,42,Out of Stock (Margin Loss)
7287,SET329-KR-NP-S,SET - SET329,SET,666.00,266.40,0,10,0.00,0.00,31,Out of Stock (Margin Loss)
7288,JNE3804-KR-XL,KURTA - JNE3804,KURTA,487.00,194.80,0,10,0.00,0.00,21,Out of Stock (Margin Loss)
7289,SET288-KR-NP-S,SET - SET288,SET,698.00,279.20,0,10,0.00,0.00,17,Out of Stock (Margin Loss)
7290,JNE3638-KR-L,KURTA - JNE3638,KURTA,517.00,206.80,0,10,0.00,0.00,17,Out of Stock (Margin Loss)
7291,BTM029-NP-S,BOTTOM - BTM029,BOTTOM,518.00,207.20,0,10,0.00,0.00,3,Out of Stock (Margin Loss)
7292,SET302-KR-PP-XXL,SET - SET302,SET,939.00,375.60,0,10,0.00,0.00,13,Out of Stock (Margin Loss)
7293,JNE3879-DR-XL,WESTERN DRESS - JNE3879,WESTERN DRESS,791.00,316.40,0,10,0.00,0.00,18,Out of Stock (Margin Loss)
7295,SET349-KR-NP-L,SET - SET349,SET,968.00,387.20,0,10,0.00,0.00,21,Out of Stock (Margin Loss)
7296,SET276-KR-PP-XXXL,SET - SET276,SET,1238.00,495.20,0,10,0.00,0.00,14,Out of Stock (Margin Loss)
7297,MEN5011-KR-XXXL,KURTA - MEN5011,KURTA,709.00,283.60,0,10,0.00,0.00,6,Out of Stock (Margin Loss)
7298,J0113-TP-XXXL,TOP - J0113,TOP,758.00,303.20,0,10,0.00,0.00,26,Out of Stock (Margin Loss)
7299,J0181-TP-XXL,TOP - J0181,TOP,399.00,159.60,0,10,0.00,0.00,11,Out of Stock (Margin Loss)
7300,JNE3526-KR-XXL,KURTA - JNE3526,KURTA,301.00,120.40,0,10,0.00,0.00,1,Out of Stock (Margin Loss)
7301,NW020-ST-SR-XXXL,SET - NW020,SET,541.00,216.40,0,10,0.00,0.00,19,Out of Stock (Margin Loss)
7302,BTM042-PP-M,BOTTOM - BTM042,BOTTOM,329.00,131.60,0,10,0.00,0.00,13,Out of Stock (Margin Loss)
7303,SET311-KR-NP-XS,SET - SET311,SET,925.00,370.00,0,10,0.00,0.00,1,Out of Stock (Margin Loss)
7305,SET363-KR-NP-XXL,SET - SET363,SET,1354.00,541.60,0,10,0.00,0.00,58,Out of Stock (Margin Loss)
7306,SET249-KR-NP-L,SET - SET249,SET,749.00,299.60,0,10,0.00,0.00,16,Out of Stock (Margin Loss)
7307,SET073-KR-SHA-L,SET - SET073,SET,824.00,329.60,0,10,0.00,0.00,24,Out of Stock (Margin Loss)
7308,J0295-DR-XXXL,WESTERN DRESS - J0295,WESTERN DRESS,1196.00,478.40,0,10,0.00,0.00,19,Out of Stock (Margin Loss)
7309,JNE3369-KR-L,KURTA - JNE3369,KURTA,487.00,194.80,0,10,0.00,0.00,5,Out of Stock (Margin Loss)
7310,JNE3459-KR-S,KURTA - JNE3459,KURTA,442.00,176.80,0,10,0.00,0.00,7,Out of Stock (Margin Loss)
7311,JNE3467-KR-M,KURTA - JNE3467,KURTA,362.00,144.80,0,10,0.00,0.00,4,Out of Stock (Margin Loss)
7312,J0282-SET-XXL,SET - J0282,SET,999.00,399.60,0,10,0.00,0.00,6,Out of Stock (Margin Loss)
7313,J0137-SET-XS,SET - J0137,SET,841.00,336.40,0,10,0.00,0.00,3,Out of Stock (Margin Loss)
7314,JNE3780-KR-M,KURTA - JNE3780,KURTA,325.00,130.00,0,10,0.00,0.00,1,Out of Stock (Margin Loss)
7315,JNE3487-KR-XXL,KURTA - JNE3487,KURTA,376.00,150.40,0,10,0.00,0.00,83,Out of Stock (Margin Loss)
7316,JNE3487-KR-XXXL,KURTA - JNE3487,KURTA,362.00,144.80,0,10,0.00,0.00,36,Out of Stock (Margin Loss)
7317,JNE3265-KR-XXL,KURTA - JNE3265,KURTA,329.00,131.60,0,10,0.00,0.00,26,Out of Stock (Margin Loss)
7318,SET361-KR-NP-XS,SET - SET361,SET,1477.00,590.80,0,10,0.00,0.00,16,Out of Stock (Margin Loss)
7319,JNE3728-KR-S,KURTA - JNE3728,KURTA,361.00,144.40,0,10,0.00,0.00,11,Out of Stock (Margin Loss)
7320,J0254-SKD-L,SET - J0254,SET,789.00,315.60,0,10,0.00,0.00,8,Out of Stock (Margin Loss)
7321,JNE3879-DR-XXL,WESTERN DRESS - JNE3879,WESTERN DRESS,864.00,345.60,0,10,0.00,0.00,16,Out of Stock (Margin Loss)
7322,JNE3807-KR-XL,KURTA - JNE3807,KURTA,736.00,294.40,0,10,0.00,0.00,16,Out of Stock (Margin Loss)
7323,J0344-TP-L,TOP - J0344,TOP,758.00,303.20,0,10,0.00,0.00,95,Out of Stock (Margin Loss)
7324,SET268-KR-NP-XXXL,SET - SET268,SET,788.00,315.20,0,10,0.00,0.00,162,Out of Stock (Margin Loss)
7325,JNE3606-KR-XXL,KURTA - JNE3606,KURTA,499.00,199.60,0,10,0.00,0.00,15,Out of Stock (Margin Loss)
7326,JNE3708-TU-M,TOP - JNE3708,TOP,956.00,382.40,0,10,0.00,0.00,5,Out of Stock (Margin Loss)
7327,MEN5027-KR-S,KURTA - MEN5027,KURTA,625.00,250.00,0,10,0.00,0.00,15,Out of Stock (Margin Loss)
7328,JNE3578-KR-S,KURTA - JNE3578,KURTA,612.00,244.80,0,10,0.00,0.00,12,Out of Stock (Margin Loss)
7329,J0164-DR-S,ETHNIC DRESS - J0164,ETHNIC DRESS,452.00,180.80,0,10,0.00,0.00,31,Out of Stock (Margin Loss)
7330,AN209-BIEGE-XL,BOTTOM - AN209,BOTTOM,301.00,120.40,0,10,0.00,0.00,5,Out of Stock (Margin Loss)
7331,NW004-TP-PJ-S,SET - NW004,SET,499.00,199.60,0,10,0.00,0.00,6,Out of Stock (Margin Loss)
7332,JNE3395-KR-M,KURTA - JNE3395,KURTA,333.00,133.20,0,10,0.00,0.00,3,Out of Stock (Margin Loss)
7333,AN204-PURPLE-XL,BOTTOM - AN204,BOTTOM,0.00,0.00,0,10,0.00,0.00,0,Out of Stock (Margin Loss)
7334,MEN5004-KR-M,KURTA - MEN5004,KURTA,709.00,283.60,0,10,0.00,0.00,62,Out of Stock (Margin Loss)
7335,SET272-KR-PP-XL,SET - SET272,SET,852.00,340.80,0,10,0.00,0.00,29,Out of Stock (Margin Loss)
7336,JNE3412-KR-M,KURTA - JNE3412,KURTA,435.00,174.00,0,10,0.00,0.00,27,Out of Stock (Margin Loss)
7337,J0132-KR-L,KURTA - J0132,KURTA,362.00,144.80,0,10,0.00,0.00,17,Out of Stock (Margin Loss)
7338,BL107-S,BLOUSE - BL107,BLOUSE,329.00,131.60,0,10,0.00,0.00,3,Out of Stock (Margin Loss)
7340,JNE2009-KR-310-S,KURTA - JNE2009,KURTA,310.00,124.00,0,10,0.00,0.00,13,Out of Stock (Margin Loss)
7341,J0319-KR-L,KURTA - J0319,KURTA,871.00,348.40,0,10,0.00,0.00,2,Out of Stock (Margin Loss)
7342,J0397-DR-S,WESTERN DRESS - J0397,WESTERN DRESS,999.00,399.60,0,10,0.00,0.00,10,Out of Stock (Margin Loss)
7343,NW034-TP-PJ-S,SET - NW034,SET,613.00,245.20,0,10,0.00,0.00,3,Out of Stock (Margin Loss)
7344,SET415-KR-NP-XL,SET - SET415,SET,999.00,399.60,0,10,0.00,0.00,14,Out of Stock (Margin Loss)
7345,J0126-SKD-XXXL,SET - J0126,SET,849.00,339.60,0,10,0.00,0.00,13,Out of Stock (Margin Loss)
7346,J0234-SKD-XXXL,SET - J0234,SET,1228.00,491.20,0,10,0.00,0.00,18,Out of Stock (Margin Loss)
7347,JNE3363-KR-1032-XXL,KURTA - JNE3363,KURTA,399.00,159.60,0,10,0.00,0.00,38,Out of Stock (Margin Loss)
7348,J0285-SKD-L,SET - J0285,SET,1542.00,616.80,0,10,0.00,0.00,66,Out of Stock (Margin Loss)
7349,JNE3614-KR-XXL,KURTA - JNE3614,KURTA,459.00,183.60,0,10,0.00,0.00,33,Out of Stock (Margin Loss)
7350,JNE3396-KR-XS,KURTA - JNE3396,KURTA,487.00,194.80,0,10,0.00,0.00,13,Out of Stock (Margin Loss)
7351,JNE3458-KR-XS,KURTA - JNE3458,KURTA,399.00,159.60,0,10,0.00,0.00,7,Out of Stock (Margin Loss)
7352,JNE3888-KR-M,KURTA - JNE3888,KURTA,696.00,278.40,0,10,0.00,0.00,4,Out of Stock (Margin Loss)
7353,JNE3835-KR-XXXL,KURTA - JNE3835,KURTA,666.00,266.40,0,10,0.00,0.00,9,Out of Stock (Margin Loss)
7355,SET310-KR-NP-XXL,SET - SET310,SET,1213.00,485.20,0,10,0.00,0.00,19,Out of Stock (Margin Loss)
7356,J0419-TP-L,TOP - J0419,TOP,791.00,316.40,0,10,0.00,0.00,5,Out of Stock (Margin Loss)
7358,SET287-KR-NP-XL,SET - SET287,SET,666.00,266.40,0,10,0.00,0.00,27,Out of Stock (Margin Loss)
7359,JNE3615-KR-XL,KURTA - JNE3615,KURTA,319.00,127.60,0,10,0.00,0.00,10,Out of Stock (Margin Loss)
7360,JNE3887-KR-S,KURTA - JNE3887,KURTA,526.00,210.40,0,10,0.00,0.00,10,Out of Stock (Margin Loss)
7361,JNE2294-KR-A-XL,KURTA - JNE2294,KURTA,839.00,335.60,0,10,0.00,0.00,5,Out of Stock (Margin Loss)
7362,JNE3734-KR-L,KURTA - JNE3734,KURTA,517.00,206.80,0,10,0.00,0.00,9,Out of Stock (Margin Loss)
7363,JNE3405-KR-S,KURTA - JNE3405,KURTA,449.00,179.60,0,10,0.00,0.00,406,Out of Stock (Margin Loss)
7364,JNE3468-KR-XL,KURTA - JNE3468,KURTA,399.00,159.60,0,10,0.00,0.00,127,Out of Stock (Margin Loss)
7365,SET293-KR-NP-XXXL,SET - SET293,SET,736.00,294.40,0,10,0.00,0.00,48,Out of Stock (Margin Loss)
7367,SET156-KR-NP-XXXL,SET - SET156,SET,716.00,286.40,0,10,0.00,0.00,7,Out of Stock (Margin Loss)
7368,JNE3412-KR-XXXL,KURTA - JNE3412,KURTA,435.00,174.00,0,10,0.00,0.00,14,Out of Stock (Margin Loss)
7369,JNE3691-TU-S,TOP - JNE3691,TOP,908.00,363.20,0,10,0.00,0.00,30,Out of Stock (Margin Loss)
7370,SET380-KR-NP-M,SET - SET380,SET,1186.00,474.40,0,10,0.00,0.00,32,Out of Stock (Margin Loss)
7371,J0194-DR-XXXL,WESTERN DRESS - J0194,WESTERN DRESS,698.00,279.20,0,10,0.00,0.00,4,Out of Stock (Margin Loss)
7372,SAR092,SAREE - SAR092,SAREE,563.00,225.20,0,10,0.00,0.00,2,Out of Stock (Margin Loss)
7373,JNE3817-KR-XXXL,KURTA - JNE3817,KURTA,549.00,219.60,0,10,0.00,0.00,5,Out of Stock (Margin Loss)
7374,SET449-KR-NP-M,SET - SET449,SET,1449.00,579.60,0,10,0.00,0.00,1,Out of Stock (Margin Loss)
7375,JNE3453-KR-S,KURTA - JNE3453,KURTA,497.00,198.80,0,10,0.00,0.00,4,Out of Stock (Margin Loss)
7376,SET337-KR-NP-M,SET - SET337,SET,874.00,349.60,0,10,0.00,0.00,14,Out of Stock (Margin Loss)
7377,JNE3763-KR-XS,KURTA - JNE3763,KURTA,459.00,183.60,0,10,0.00,0.00,9,Out of Stock (Margin Loss)
7378,SET221-KR-NP-L,SET - SET221,SET,714.00,285.60,0,10,0.00,0.00,15,Out of Stock (Margin Loss)
7379,SET321-KR-DPT-XL,SET - SET321,SET,967.00,386.80,0,10,0.00,0.00,14,Out of Stock (Margin Loss)
7380,JNE3658-TP-XXL,TOP - JNE3658,TOP,359.00,143.60,0,10,0.00,0.00,6,Out of Stock (Margin Loss)
7383,SET147-KR-NP-M,SET - SET147,SET,677.00,270.80,0,10,0.00,0.00,10,Out of Stock (Margin Loss)
7384,J0245-SKD-L,SET - J0245,SET,1249.00,499.60,0,10,0.00,0.00,16,Out of Stock (Margin Loss)
7385,JNE1408-GREY-KR-UDF19-XXXL,KURTA - JNE1408,KURTA,376.00,150.40,0,10,0.00,0.00,8,Out of Stock (Margin Loss)
7386,NW009-ST-CP-XL,SET - NW009,SET,560.00,224.00,0,10,0.00,0.00,4,Out of Stock (Margin Loss)
7387,JNE3547-KR-XL,KURTA - JNE3547,KURTA,517.00,206.80,0,10,0.00,0.00,21,Out of Stock (Margin Loss)
7388,J0308-DR-XXXL,WESTERN DRESS - J0308,WESTERN DRESS,925.00,370.00,0,10,0.00,0.00,72,Out of Stock (Margin Loss)
7389,J0098-TP-M,TOP - J0098,TOP,413.00,165.20,0,10,0.00,0.00,13,Out of Stock (Margin Loss)
7390,JNE3805-KR-XL,KURTA - JNE3805,KURTA,487.00,194.80,0,10,0.00,0.00,52,Out of Stock (Margin Loss)
7391,JNE3611-KR-XXL,KURTA - JNE3611,KURTA,469.00,187.60,0,10,0.00,0.00,49,Out of Stock (Margin Loss)
7392,JNE3543-KR-XXXL,KURTA - JNE3543,KURTA,368.00,147.20,0,10,0.00,0.00,8,Out of Stock (Margin Loss)
7393,JNE3542-KR-M,KURTA - JNE3542,KURTA,330.00,132.00,0,10,0.00,0.00,5,Out of Stock (Margin Loss)
7394,SET286-KR-NP-S,SET - SET286,SET,666.00,266.40,0,10,0.00,0.00,29,Out of Stock (Margin Loss)
7395,J0137-SET-S,SET - J0137,SET,721.00,288.40,0,10,0.00,0.00,5,Out of Stock (Margin Loss)
7396,NW035-ST-CP-XXXL,SET - NW035,SET,799.00,319.60,0,10,0.00,0.00,7,Out of Stock (Margin Loss)
7397,JNE3561-KR-XXXL,KURTA - JNE3561,KURTA,487.00,194.80,0,10,0.00,0.00,11,Out of Stock (Margin Loss)
7398,JNE3725-KR-M,KURTA - JNE3725,KURTA,442.00,176.80,0,10,0.00,0.00,13,Out of Stock (Margin Loss)
7399,MEN5003-KR-L,KURTA - MEN5003,KURTA,633.00,253.20,0,10,0.00,0.00,18,Out of Stock (Margin Loss)
7400,J0124-TP-XL,TOP - J0124,TOP,743.00,297.20,0,10,0.00,0.00,12,Out of Stock (Margin Loss)
7401,SET306-KR-PP-XXL,SET - SET306,SET,696.00,278.40,0,10,0.00,0.00,26,Out of Stock (Margin Loss)
7402,SET435-KR-NP-XS,SET - SET435,SET,1399.00,559.60,0,10,0.00,0.00,4,Out of Stock (Margin Loss)
7405,SET414-KR-NP-XS,SET - SET414,SET,999.00,399.60,0,10,0.00,0.00,4,Out of Stock (Margin Loss)
7406,JNE3030-KR-S,KURTA - JNE3030,KURTA,736.00,294.40,0,10,0.00,0.00,9,Out of Stock (Margin Loss)
7407,J0344-TP-XXXL,TOP - J0344,TOP,758.00,303.20,0,10,0.00,0.00,37,Out of Stock (Margin Loss)
7408,SET331-KR-NP-L,SET - SET331,SET,641.00,256.40,0,10,0.00,0.00,158,Out of Stock (Margin Loss)
7409,J0007-SKD-M,SET - J0007,SET,1133.00,453.20,0,10,0.00,0.00,19,Out of Stock (Margin Loss)
7410,SET258-KR-PP-XXL,SET - SET258,SET,881.00,352.40,0,10,0.00,0.00,11,Out of Stock (Margin Loss)
7411,JNE3366-KR-1053-S,KURTA - JNE3366,KURTA,382.00,152.80,0,10,0.00,0.00,21,Out of Stock (Margin Loss)
7412,SET130-KR-NP-XXXL,SET - SET130,SET,629.00,251.60,0,10,0.00,0.00,16,Out of Stock (Margin Loss)
7413,SET435-KR-NP-S,SET - SET435,SET,1399.00,559.60,0,10,0.00,0.00,7,Out of Stock (Margin Loss)
7414,J0229-SKD-XXXL,SET - J0229,SET,1649.00,659.60,0,10,0.00,0.00,2,Out of Stock (Margin Loss)
7415,SET383-KR-NP-L,SET - SET383,SET,699.00,279.60,0,10,0.00,0.00,58,Out of Stock (Margin Loss)
7417,J0213-TP-XXL,TOP - J0213,TOP,794.00,317.60,0,10,0.00,0.00,22,Out of Stock (Margin Loss)
7418,JNE2265-KR-501-XS,KURTA - JNE2265,KURTA,329.00,131.60,0,10,0.00,0.00,8,Out of Stock (Margin Loss)
7419,J0101-DR-XXL,ETHNIC DRESS - J0101,ETHNIC DRESS,799.00,319.60,0,10,0.00,0.00,15,Out of Stock (Margin Loss)
7420,JNE3396-KR-S,KURTA - JNE3396,KURTA,487.00,194.80,0,10,0.00,0.00,26,Out of Stock (Margin Loss)
7421,SET053-KR-NP-XL,SET - SET053,SET,633.00,253.20,0,10,0.00,0.00,8,Out of Stock (Margin Loss)
7422,JNE2251-KR-537-S,KURTA - JNE2251,KURTA,0.00,0.00,0,10,0.00,0.00,3,Out of Stock (Margin Loss)
7423,JNE3811-KR-XL,KURTA - JNE3811,KURTA,474.00,189.60,0,10,0.00,0.00,10,Out of Stock (Margin Loss)
7424,NW016-ST-SR-S,SET - NW016,SET,560.00,224.00,0,10,0.00,0.00,29,Out of Stock (Margin Loss)
7425,J0248-KR-DPT-XXL,SET - J0248,SET,999.00,399.60,0,10,0.00,0.00,12,Out of Stock (Margin Loss)
7426,BTM046-PP-XL,BOTTOM - BTM046,BOTTOM,369.00,147.60,0,10,0.00,0.00,10,Out of Stock (Margin Loss)
7427,JNE3769-KR-XXXL,KURTA - JNE3769,KURTA,487.00,194.80,0,10,0.00,0.00,10,Out of Stock (Margin Loss)
7429,JNE3549-KR-L,KURTA - JNE3549,KURTA,329.00,131.60,0,10,0.00,0.00,15,Out of Stock (Margin Loss)
7430,SET085-KR-PT-XS,SET - SET085,SET,399.00,159.60,0,10,0.00,0.00,6,Out of Stock (Margin Loss)
7433,MEN5016-KR-XXL,KURTA - MEN5016,KURTA,665.00,266.00,0,10,0.00,0.00,11,Out of Stock (Margin Loss)
7434,JNE3257-KR-XL,KURTA - JNE3257,KURTA,436.00,174.40,0,10,0.00,0.00,2,Out of Stock (Margin Loss)
7435,JNE3718-KR-M,KURTA - JNE3718,KURTA,487.00,194.80,0,10,0.00,0.00,49,Out of Stock (Margin Loss)
7436,JNE3675-TU-L,TOP - JNE3675,TOP,758.00,303.20,0,10,0.00,0.00,25,Out of Stock (Margin Loss)
7437,J0220-BL-L,BLOUSE - J0220,BLOUSE,625.00,250.00,0,10,0.00,0.00,7,Out of Stock (Margin Loss)
7438,J0391-TP-XXL,TOP - J0391,TOP,690.00,276.00,0,10,0.00,0.00,9,Out of Stock (Margin Loss)
7439,SET268-KR-NP-XL,SET - SET268,SET,788.00,315.20,0,10,0.00,0.00,390,Out of Stock (Margin Loss)
7440,JNE3524-KR-S,KURTA - JNE3524,KURTA,517.00,206.80,0,10,0.00,0.00,1,Out of Stock (Margin Loss)
7441,J0175-KR-M,KURTA - J0175,KURTA,499.00,199.60,0,10,0.00,0.00,8,Out of Stock (Margin Loss)
7442,SET340-KR-NP-S,SET - SET340,SET,799.00,319.60,0,10,0.00,0.00,22,Out of Stock (Margin Loss)
7443,JNE3384-KR-S,KURTA - JNE3384,KURTA,301.00,120.40,0,10,0.00,0.00,25,Out of Stock (Margin Loss)
7444,J0176-TP-XXXL,TOP - J0176,TOP,387.00,154.80,0,10,0.00,0.00,16,Out of Stock (Margin Loss)
7445,JNE3765-KR-XS,KURTA - JNE3765,KURTA,579.00,231.60,0,10,0.00,0.00,5,Out of Stock (Margin Loss)
7446,SET333-KR-DPT-XXXL,SET - SET333,SET,967.00,386.80,0,10,0.00,0.00,28,Out of Stock (Margin Loss)
7447,SET390-KR-NP-XXL,SET - SET390,SET,882.00,352.80,0,10,0.00,0.00,4,Out of Stock (Margin Loss)
7448,J0205-TP-L,TOP - J0205,TOP,387.00,154.80,0,10,0.00,0.00,6,Out of Stock (Margin Loss)
7449,J0027-SET-XS,SET - J0027,SET,625.00,250.00,0,10,0.00,0.00,4,Out of Stock (Margin Loss)
7450,J0153-DR-M,WESTERN DRESS - J0153,WESTERN DRESS,443.00,177.20,0,10,0.00,0.00,9,Out of Stock (Margin Loss)
7451,SET431-KR-NP-M,SET - SET431,SET,899.00,359.60,0,10,0.00,0.00,4,Out of Stock (Margin Loss)
7452,SET234-KR-PP-M,SET - SET234,SET,425.00,170.00,0,10,0.00,0.00,3,Out of Stock (Margin Loss)
7454,JNE3658-TP-S,TOP - JNE3658,TOP,371.00,148.40,0,10,0.00,0.00,9,Out of Stock (Margin Loss)
7456,SET383-KR-NP-XS,SET - SET383,SET,631.00,252.40,0,10,0.00,0.00,4,Out of Stock (Margin Loss)
7457,MEN5012-KR-XL,KURTA - MEN5012,KURTA,655.00,262.00,0,10,0.00,0.00,7,Out of Stock (Margin Loss)
7459,JNE3467-KR-XL,KURTA - JNE3467,KURTA,362.00,144.80,0,10,0.00,0.00,5,Out of Stock (Margin Loss)
7460,J0005-DR-S,WESTERN DRESS - J0005,WESTERN DRESS,1249.00,499.60,0,10,0.00,0.00,69,Out of Stock (Margin Loss)
7461,JNE3892-TP-XXXL,TOP - JNE3892,TOP,852.00,340.80,0,10,0.00,0.00,15,Out of Stock (Margin Loss)
7462,MEN5024-KR-S,KURTA - MEN5024,KURTA,665.00,266.00,0,10,0.00,0.00,14,Out of Stock (Margin Loss)
7463,JNE3771-KR-XXXL,KURTA - JNE3771,KURTA,432.00,172.80,0,10,0.00,0.00,11,Out of Stock (Margin Loss)
7464,SET186-KR-DH-XXXL,SET - SET186,SET,699.00,279.60,0,10,0.00,0.00,6,Out of Stock (Margin Loss)
7465,JNE2113-KR-381-XL,KURTA - JNE2113,KURTA,542.00,216.80,0,10,0.00,0.00,3,Out of Stock (Margin Loss)
7467,J0049-TP-XXXL,TOP - J0049,TOP,329.00,131.60,0,10,0.00,0.00,3,Out of Stock (Margin Loss)
7468,JNE3421-KR-M,KURTA - JNE3421,KURTA,435.00,174.00,0,10,0.00,0.00,15,Out of Stock (Margin Loss)
7469,JNE3565-KR-L,KURTA - JNE3565,KURTA,329.00,131.60,0,10,0.00,0.00,14,Out of Stock (Margin Loss)
7470,SET409-KR-NP-M,SET - SET409,SET,771.00,308.40,0,10,0.00,0.00,8,Out of Stock (Margin Loss)
7472,SAR056,SAREE - SAR056,SAREE,790.00,316.00,0,10,0.00,0.00,1,Out of Stock (Margin Loss)
7473,JNE3404-KR-XXL,KURTA - JNE3404,KURTA,517.00,206.80,0,10,0.00,0.00,11,Out of Stock (Margin Loss)
7474,SET165-KR-PP-M,SET - SET165,SET,567.00,226.80,0,10,0.00,0.00,4,Out of Stock (Margin Loss)
7475,J0185-DR-XXL,ETHNIC DRESS - J0185,ETHNIC DRESS,799.00,319.60,0,10,0.00,0.00,8,Out of Stock (Margin Loss)
7476,JNE3627-KR-M,KURTA - JNE3627,KURTA,330.00,132.00,0,10,0.00,0.00,27,Out of Stock (Margin Loss)
7477,JNE3366-KR-1053-XXXL,KURTA - JNE3366,KURTA,382.00,152.80,0,10,0.00,0.00,72,Out of Stock (Margin Loss)
7478,JNE3811-KR-M,KURTA - JNE3811,KURTA,568.00,227.20,0,10,0.00,0.00,7,Out of Stock (Margin Loss)
7479,JNE3749-KR-XL,KURTA - JNE3749,KURTA,499.00,199.60,0,10,0.00,0.00,24,Out of Stock (Margin Loss)
7480,J0001-DR-XS,ETHNIC DRESS - J0001,ETHNIC DRESS,690.00,276.00,0,10,0.00,0.00,6,Out of Stock (Margin Loss)
7481,JNE3756-KR-XS,KURTA - JNE3756,KURTA,487.00,194.80,0,10,0.00,0.00,4,Out of Stock (Margin Loss)
7482,JNE3371-KR-XL,KURTA - JNE3371,KURTA,353.00,141.20,0,10,0.00,0.00,14,Out of Stock (Margin Loss)
7483,JNE2014-KR-178-XXL,KURTA - JNE2014,KURTA,359.00,143.60,0,10,0.00,0.00,56,Out of Stock (Margin Loss)
7484,JNE3740-KR-M,KURTA - JNE3740,KURTA,319.00,127.60,0,10,0.00,0.00,5,Out of Stock (Margin Loss)
7485,JNE3680-TU-S,TOP - JNE3680,TOP,574.00,229.60,0,10,0.00,0.00,8,Out of Stock (Margin Loss)
7486,JNE3732-KR-XL,KURTA - JNE3732,KURTA,517.00,206.80,0,10,0.00,0.00,11,Out of Stock (Margin Loss)
7487,SET313-KR-NP-XXXL,SET - SET313,SET,1099.00,439.60,0,10,0.00,0.00,1,Out of Stock (Margin Loss)
7488,J0431-DR-XS,WESTERN DRESS - J0431,WESTERN DRESS,899.00,359.60,0,10,0.00,0.00,2,Out of Stock (Margin Loss)
7489,J0154-DR-XS,WESTERN DRESS - J0154,WESTERN DRESS,377.00,150.80,0,10,0.00,0.00,29,Out of Stock (Margin Loss)
7491,J0013-SKD-XXXL,SET - J0013,SET,1099.00,439.60,0,10,0.00,0.00,33,Out of Stock (Margin Loss)
7492,JNE3575-KR-XL,KURTA - JNE3575,KURTA,457.00,182.80,0,10,0.00,0.00,11,Out of Stock (Margin Loss)
7493,JNE3726-KR-XXXL,KURTA - JNE3726,KURTA,358.00,143.20,0,10,0.00,0.00,12,Out of Stock (Margin Loss)
7494,JNE3894-TP-S,TOP - JNE3894,TOP,751.00,300.40,0,10,0.00,0.00,5,Out of Stock (Margin Loss)
7495,J0299-KR-XL,KURTA - J0299,KURTA,342.00,136.80,0,10,0.00,0.00,2,Out of Stock (Margin Loss)
7496,J0373-KR-S,KURTA - J0373,KURTA,599.00,239.60,0,10,0.00,0.00,11,Out of Stock (Margin Loss)
7497,SET278-KR-NP-XL,SET - SET278,SET,1523.00,609.20,0,10,0.00,0.00,71,Out of Stock (Margin Loss)
7498,NW005-ST-PJ-L,SET - NW005,SET,599.00,239.60,0,10,0.00,0.00,23,Out of Stock (Margin Loss)
7499,J0093-DR-XS,ETHNIC DRESS - J0093,ETHNIC DRESS,799.00,319.60,0,10,0.00,0.00,6,Out of Stock (Margin Loss)
7500,SET073-KR-SHA-XXXL,SET - SET073,SET,824.00,329.60,0,10,0.00,0.00,6,Out of Stock (Margin Loss)
7501,SET139-KR-PP-XS,SET - SET139,SET,453.00,181.20,0,10,0.00,0.00,1,Out of Stock (Margin Loss)
7502,JNE3602-KR-L,KURTA - JNE3602,KURTA,376.00,150.40,0,10,0.00,0.00,9,Out of Stock (Margin Loss)
7503,JNE3311-KR-XXL,KURTA - JNE3311,KURTA,599.00,239.60,0,10,0.00,0.00,3,Out of Stock (Margin Loss)
7504,JNE3481-KR-XL,KURTA - JNE3481,KURTA,269.00,107.60,0,10,0.00,0.00,1,Out of Stock (Margin Loss)
7505,SET394-KR-NP-XL,SET - SET394,SET,1281.00,512.40,0,10,0.00,0.00,19,Out of Stock (Margin Loss)
7506,JNE3902-KR-M,KURTA - JNE3902,KURTA,599.00,239.60,0,10,0.00,0.00,1,Out of Stock (Margin Loss)
7509,SET243-KR-PP-M,SET - SET243,SET,534.00,213.60,0,10,0.00,0.00,17,Out of Stock (Margin Loss)
7510,SET339-KR-NP-M,SET - SET339,SET,736.00,294.40,0,10,0.00,0.00,46,Out of Stock (Margin Loss)
7511,JNE3422-KR-M,KURTA - JNE3422,KURTA,301.00,120.40,0,10,0.00,0.00,9,Out of Stock (Margin Loss)
7512,JNE3817-KR-M,KURTA - JNE3817,KURTA,474.00,189.60,0,10,0.00,0.00,9,Out of Stock (Margin Loss)
7513,JNE3811-KR-XXXL,KURTA - JNE3811,KURTA,568.00,227.20,0,10,0.00,0.00,4,Out of Stock (Margin Loss)
7514,J0057-DR-XS,ETHNIC DRESS - J0057,ETHNIC DRESS,491.00,196.40,0,10,0.00,0.00,7,Out of Stock (Margin Loss)
7515,SET128-KR-DH-XXL,SET - SET128,SET,1133.00,453.20,0,10,0.00,0.00,10,Out of Stock (Margin Loss)
7516,J0034-SET-S,SET - J0034,SET,0.00,0.00,0,10,0.00,0.00,0,Out of Stock (Margin Loss)
7517,SET321-KR-DPT-M,SET - SET321,SET,967.00,386.80,0,10,0.00,0.00,18,Out of Stock (Margin Loss)
7518,JNE3823-KR-L,KURTA - JNE3823,KURTA,499.00,199.60,0,10,0.00,0.00,10,Out of Stock (Margin Loss)
7519,SET271-KR-NP-XL,SET - SET271,SET,0.00,0.00,0,10,0.00,0.00,2,Out of Stock (Margin Loss)
7520,JNE3472-KR-XS,KURTA - JNE3472,KURTA,329.00,131.60,0,10,0.00,0.00,6,Out of Stock (Margin Loss)
7521,J0044-TP-S,TOP - J0044,TOP,361.00,144.40,0,10,0.00,0.00,4,Out of Stock (Margin Loss)
7522,J0142-KR-L,KURTA - J0142,KURTA,428.00,171.20,0,10,0.00,0.00,6,Out of Stock (Margin Loss)
7524,SET266-KR-NP-S,SET - SET266,SET,852.00,340.80,0,10,0.00,0.00,13,Out of Stock (Margin Loss)
7525,SET110-KR-PP-XXL,SET - SET110,SET,837.00,334.80,0,10,0.00,0.00,32,Out of Stock (Margin Loss)
7526,SET265-KR-NP-L,SET - SET265,SET,889.00,355.60,0,10,0.00,0.00,54,Out of Stock (Margin Loss)
7527,J0377-SKD-XL,SET - J0377,SET,1099.00,439.60,0,10,0.00,0.00,23,Out of Stock (Margin Loss)
7528,SET264-KR-NP-S,SET - SET264,SET,824.00,329.60,0,10,0.00,0.00,27,Out of Stock (Margin Loss)
7529,MEN5019-KR-XL,KURTA - MEN5019,KURTA,645.00,258.00,0,10,0.00,0.00,35,Out of Stock (Margin Loss)
7530,J0369-SKD-XXXL,SET - J0369,SET,1099.00,439.60,0,10,0.00,0.00,3,Out of Stock (Margin Loss)
7531,J0382-SKD-M,SET - J0382,SET,1354.00,541.60,0,10,0.00,0.00,36,Out of Stock (Margin Loss)
7532,J0130-SET-XXXL,SET - J0130,SET,729.00,291.60,0,10,0.00,0.00,12,Out of Stock (Margin Loss)
7533,BTM048-PP-XS,BOTTOM - BTM048,BOTTOM,345.00,138.00,0,10,0.00,0.00,1,Out of Stock (Margin Loss)
7536,JNE3373-KR-XL,KURTA - JNE3373,KURTA,382.00,152.80,0,10,0.00,0.00,161,Out of Stock (Margin Loss)
7537,SET398-KR-PP-XXXL,SET - SET398,SET,1186.00,474.40,0,10,0.00,0.00,57,Out of Stock (Margin Loss)
7538,MEN5026-KR-M,KURTA - MEN5026,KURTA,709.00,283.60,0,10,0.00,0.00,21,Out of Stock (Margin Loss)
7539,JNE3751-KR-XXL,KURTA - JNE3751,KURTA,368.00,147.20,0,10,0.00,0.00,19,Out of Stock (Margin Loss)
7540,SET209-KR-PP-M,SET - SET209,SET,569.00,227.60,0,10,0.00,0.00,26,Out of Stock (Margin Loss)
7541,JNE3160-KR-XS,KURTA - JNE3160,KURTA,749.00,299.60,0,10,0.00,0.00,10,Out of Stock (Margin Loss)
7543,J0106-KR-XXXL,WESTERN DRESS - J0106,WESTERN DRESS,1377.00,550.80,0,10,0.00,0.00,14,Out of Stock (Margin Loss)
7544,JNE3671-TU-L,TOP - JNE3671,TOP,625.00,250.00,0,10,0.00,0.00,22,Out of Stock (Margin Loss)
7545,J0134-SET-L,SET - J0134,SET,729.00,291.60,0,10,0.00,0.00,11,Out of Stock (Margin Loss)
7546,JNE3435-KR-XXL,KURTA - JNE3435,KURTA,487.00,194.80,0,10,0.00,0.00,29,Out of Stock (Margin Loss)
7547,JNE3515-KR-L,KURTA - JNE3515,KURTA,469.00,187.60,0,10,0.00,0.00,4,Out of Stock (Margin Loss)
7548,SAR049,SAREE - SAR049,SAREE,598.00,239.20,0,10,0.00,0.00,5,Out of Stock (Margin Loss)
7549,SET132-KR-NP-L,SET - SET132,SET,547.00,218.80,0,10,0.00,0.00,7,Out of Stock (Margin Loss)
7551,JNE3777-KR-XXXL,KURTA - JNE3777,KURTA,399.00,159.60,0,10,0.00,0.00,5,Out of Stock (Margin Loss)
7552,J0204-TP-XXL,TOP - J0204,TOP,751.00,300.40,0,10,0.00,0.00,9,Out of Stock (Margin Loss)
7553,SET317-KR-PP-XXXL,SET - SET317,SET,1199.00,479.60,0,10,0.00,0.00,16,Out of Stock (Margin Loss)
7554,BTM035-NP-XS,BOTTOM - BTM035,BOTTOM,284.00,113.60,0,10,0.00,0.00,4,Out of Stock (Margin Loss)
7555,JNE1234-MULTI-KR-032-XS,KURTA - JNE1234,KURTA,295.00,118.00,0,10,0.00,0.00,5,Out of Stock (Margin Loss)
7556,SET361-KR-NP-M,SET - SET361,SET,1477.00,590.80,0,10,0.00,0.00,13,Out of Stock (Margin Loss)
7557,J0142-KR-XXXL,KURTA - J0142,KURTA,396.00,158.40,0,10,0.00,0.00,3,Out of Stock (Margin Loss)
7558,J0234-SKD-L,SET - J0234,SET,1228.00,491.20,0,10,0.00,0.00,26,Out of Stock (Margin Loss)
7559,J0254-SKD-M,SET - J0254,SET,789.00,315.60,0,10,0.00,0.00,4,Out of Stock (Margin Loss)
7560,JNE3793-KR-S,KURTA - JNE3793,KURTA,368.00,147.20,0,10,0.00,0.00,34,Out of Stock (Margin Loss)
7561,J0348-SET-M,SET - J0348,SET,519.00,207.60,0,10,0.00,0.00,11,Out of Stock (Margin Loss)
7562,JNE3528-KR-XS,KURTA - JNE3528,KURTA,319.00,127.60,0,10,0.00,0.00,2,Out of Stock (Margin Loss)
7563,J0233-SKD-XXL,SET - J0233,SET,1299.00,519.60,0,10,0.00,0.00,6,Out of Stock (Margin Loss)
7564,JNE3727-KR-S,KURTA - JNE3727,KURTA,549.00,219.60,0,10,0.00,0.00,10,Out of Stock (Margin Loss)
7565,MEN5001-KR-XL,KURTA - MEN5001,KURTA,655.00,262.00,0,10,0.00,0.00,15,Out of Stock (Margin Loss)
7566,JNE3575-KR-L,KURTA - JNE3575,KURTA,471.00,188.40,0,10,0.00,0.00,13,Out of Stock (Margin Loss)
7567,SET384-KR-NP-M,SET - SET384,SET,699.00,279.60,0,10,0.00,0.00,11,Out of Stock (Margin Loss)
7568,SET075-KR-DH-XXXL,SET - SET075,SET,690.00,276.00,0,10,0.00,0.00,7,Out of Stock (Margin Loss)
7569,JNE3564-KR-M,KURTA - JNE3564,KURTA,549.00,219.60,0,10,0.00,0.00,24,Out of Stock (Margin Loss)
7570,JNE3743-TP-XL,TOP - JNE3743,TOP,329.00,131.60,0,10,0.00,0.00,2,Out of Stock (Margin Loss)
7571,J0419-TP-M,TOP - J0419,TOP,1099.00,439.60,0,10,0.00,0.00,4,Out of Stock (Margin Loss)
7572,J0006-SET-S,ETHNIC DRESS - J0006,ETHNIC DRESS,1174.00,469.60,0,10,0.00,0.00,59,Out of Stock (Margin Loss)
7573,JNE3790-KR-XL,KURTA - JNE3790,KURTA,316.00,126.40,0,10,0.00,0.00,36,Out of Stock (Margin Loss)
7574,J0243-DR-XXXL,ETHNIC DRESS - J0243,ETHNIC DRESS,1449.00,579.60,0,10,0.00,0.00,33,Out of Stock (Margin Loss)
7575,SET152-KR-NP-S,SET - SET152,SET,469.00,187.60,0,10,0.00,0.00,3,Out of Stock (Margin Loss)
7576,SAR154,SAREE - SAR154,SAREE,756.00,302.40,0,10,0.00,0.00,1,Out of Stock (Margin Loss)
7577,BL091-XL,BLOUSE - BL091,BLOUSE,0.00,0.00,0,10,0.00,0.00,2,Out of Stock (Margin Loss)
7578,J0429-DR-XXL,WESTERN DRESS - J0429,WESTERN DRESS,859.00,343.60,0,10,0.00,0.00,1,Out of Stock (Margin Loss)
7579,SET144-KR-NP-XXXL,SET - SET144,SET,788.00,315.20,0,10,0.00,0.00,30,Out of Stock (Margin Loss)
7580,JNE3614-KR-XS,KURTA - JNE3614,KURTA,459.00,183.60,0,10,0.00,0.00,25,Out of Stock (Margin Loss)
7581,JNE3579-KR-XL,KURTA - JNE3579,KURTA,310.00,124.00,0,10,0.00,0.00,9,Out of Stock (Margin Loss)
7582,SET097-KR-PP-XXXL,SET - SET097,SET,1082.00,432.80,0,10,0.00,0.00,6,Out of Stock (Margin Loss)
7583,J0429-DR-M,WESTERN DRESS - J0429,WESTERN DRESS,807.00,322.80,0,10,0.00,0.00,1,Out of Stock (Margin Loss)
7584,J0118-TP-XL,TOP - J0118,TOP,693.00,277.20,0,10,0.00,0.00,142,Out of Stock (Margin Loss)
7585,J0385-KR-L,KURTA - J0385,KURTA,1249.00,499.60,0,10,0.00,0.00,15,Out of Stock (Margin Loss)
7586,SET289-KR-NP-XL,SET - SET289,SET,666.00,266.40,0,10,0.00,0.00,18,Out of Stock (Margin Loss)
7587,JNE3758-KR-XXL,KURTA - JNE3758,KURTA,376.00,150.40,0,10,0.00,0.00,21,Out of Stock (Margin Loss)
7588,SET131-KR-NP-XL,SET - SET131,SET,666.00,266.40,0,10,0.00,0.00,12,Out of Stock (Margin Loss)
7589,JNE3403-KR-L,KURTA - JNE3403,KURTA,429.00,171.60,0,10,0.00,0.00,6,Out of Stock (Margin Loss)
7590,JNE3610-KR-XS,KURTA - JNE3610,KURTA,301.00,120.40,0,10,0.00,0.00,5,Out of Stock (Margin Loss)
7591,J0192-TP-XXL,TOP - J0192,TOP,311.00,124.40,0,10,0.00,0.00,6,Out of Stock (Margin Loss)
7592,J0350-SET-M,SET - J0350,SET,499.00,199.60,0,10,0.00,0.00,6,Out of Stock (Margin Loss)
7593,J0113-TP-XS,TOP - J0113,TOP,798.00,319.20,0,10,0.00,0.00,19,Out of Stock (Margin Loss)
7594,JNE1951-KR-155-XL,KURTA - JNE1951,KURTA,389.00,155.60,0,10,0.00,0.00,12,Out of Stock (Margin Loss)
7595,JNE3548-KR-L,KURTA - JNE3548,KURTA,517.00,206.80,0,10,0.00,0.00,53,Out of Stock (Margin Loss)
7596,JNE3546-KR-XL,KURTA - JNE3546,KURTA,487.00,194.80,0,10,0.00,0.00,110,Out of Stock (Margin Loss)
7597,SET323-KR-NP-L,SET - SET323,SET,999.00,399.60,0,10,0.00,0.00,27,Out of Stock (Margin Loss)
7598,J0207-DR-S,WESTERN DRESS - J0207,WESTERN DRESS,1168.00,467.20,0,10,0.00,0.00,17,Out of Stock (Margin Loss)
7599,JNE3438-KR-XL,KURTA - JNE3438,KURTA,459.00,183.60,0,10,0.00,0.00,8,Out of Stock (Margin Loss)
7600,CH209-BIEGE-XL,BOTTOM - CH209,BOTTOM,273.00,109.20,0,10,0.00,0.00,1,Out of Stock (Margin Loss)
7601,SAR165,SAREE - SAR165,SAREE,809.00,323.60,0,10,0.00,0.00,1,Out of Stock (Margin Loss)
7602,SET132-KR-NP-XXXL,SET - SET132,SET,629.00,251.60,0,10,0.00,0.00,5,Out of Stock (Margin Loss)
7603,JNE3484-KR-XS,KURTA - JNE3484,KURTA,301.00,120.40,0,10,0.00,0.00,2,Out of Stock (Margin Loss)
7604,J0013-SKD-XXL,SET - J0013,SET,1099.00,439.60,0,10,0.00,0.00,36,Out of Stock (Margin Loss)
7605,JNE3795-KR-S,KURTA - JNE3795,KURTA,529.00,211.60,0,10,0.00,0.00,41,Out of Stock (Margin Loss)
7606,NW024-TP-PJ-S,SET - NW024,SET,586.00,234.40,0,10,0.00,0.00,9,Out of Stock (Margin Loss)
7607,JNE3566-KR-S,KURTA - JNE3566,KURTA,419.00,167.60,0,10,0.00,0.00,20,Out of Stock (Margin Loss)
7608,JNE3616-KR-XS,KURTA - JNE3616,KURTA,320.00,128.00,0,10,0.00,0.00,6,Out of Stock (Margin Loss)
7609,J0243-DR-S,ETHNIC DRESS - J0243,ETHNIC DRESS,1449.00,579.60,0,10,0.00,0.00,28,Out of Stock (Margin Loss)
7610,J0116-TP-S,TOP - J0116,TOP,377.00,150.80,0,10,0.00,0.00,4,Out of Stock (Margin Loss)
7611,JNE3729-KR-S,KURTA - JNE3729,KURTA,348.00,139.20,0,10,0.00,0.00,8,Out of Stock (Margin Loss)
7612,BTM029-NP-L,BOTTOM - BTM029,BOTTOM,518.00,207.20,0,10,0.00,0.00,8,Out of Stock (Margin Loss)
7613,J0225-SKD-L,SET - J0225,SET,1284.00,513.60,0,10,0.00,0.00,11,Out of Stock (Margin Loss)
7614,J0008-SKD-S,SET - J0008,SET,1147.00,458.80,0,10,0.00,0.00,137,Out of Stock (Margin Loss)
7615,J0302-DR-XXL,WESTERN DRESS - J0302,WESTERN DRESS,545.00,218.00,0,10,0.00,0.00,3,Out of Stock (Margin Loss)
7616,JNE3793-KR-XXXL,KURTA - JNE3793,KURTA,368.00,147.20,0,10,0.00,0.00,48,Out of Stock (Margin Loss)
7617,J0340-TP-XL,TOP - J0340,TOP,908.00,363.20,0,10,0.00,0.00,23,Out of Stock (Margin Loss)
7618,J0083-KR-S,KURTA - J0083,KURTA,591.00,236.40,0,10,0.00,0.00,16,Out of Stock (Margin Loss)
7619,J0152-DR-S,WESTERN DRESS - J0152,WESTERN DRESS,1249.00,499.60,0,10,0.00,0.00,26,Out of Stock (Margin Loss)
8173,J0041-SET-L,SET - J0041,SET,899.00,359.60,0,10,0.00,0.00,67,Out of Stock (Margin Loss)
8174,J0106-KR-XL,WESTERN DRESS - J0106,WESTERN DRESS,1399.00,559.60,0,10,0.00,0.00,10,Out of Stock (Margin Loss)
8175,JNE3400-KR-M,KURTA - JNE3400,KURTA,529.00,211.60,0,10,0.00,0.00,14,Out of Stock (Margin Loss)
8176,JNE3887-KR-XXXL,KURTA - JNE3887,KURTA,590.00,236.00,0,10,0.00,0.00,20,Out of Stock (Margin Loss)
8177,SET094-KR-NP-L,SET - SET094,SET,876.00,350.40,0,10,0.00,0.00,10,Out of Stock (Margin Loss)
8178,JNE3574-KR-XS,KURTA - JNE3574,KURTA,319.00,127.60,0,10,0.00,0.00,4,Out of Stock (Margin Loss)
8180,J0084-TP-XS,TOP - J0084,TOP,560.00,224.00,0,10,0.00,0.00,4,Out of Stock (Margin Loss)
8181,SET388-KR-NP-L,SET - SET388,SET,1499.00,599.60,0,10,0.00,0.00,16,Out of Stock (Margin Loss)
8182,JNE3708-TU-XL,TOP - JNE3708,TOP,749.00,299.60,0,10,0.00,0.00,16,Out of Stock (Margin Loss)
8183,SET380-KR-NP-XL,SET - SET380,SET,1186.00,474.40,0,10,0.00,0.00,19,Out of Stock (Margin Loss)
8184,JNE3517-KR-XXL,KURTA - JNE3517,KURTA,451.00,180.40,0,10,0.00,0.00,1,Out of Stock (Margin Loss)
8185,J0397-DR-XS,WESTERN DRESS - J0397,WESTERN DRESS,999.00,399.60,0,10,0.00,0.00,4,Out of Stock (Margin Loss)
8186,J0283-SET-XL,SET - J0283,SET,1099.00,439.60,0,10,0.00,0.00,45,Out of Stock (Margin Loss)
8187,JNE3721-KR-XL,KURTA - JNE3721,KURTA,329.00,131.60,0,10,0.00,0.00,134,Out of Stock (Margin Loss)
8188,JNE3642-TP-XS,TOP - JNE3642,TOP,329.00,131.60,0,10,0.00,0.00,13,Out of Stock (Margin Loss)
8189,J0077-SKD-XXL,SET - J0077,SET,1158.00,463.20,0,10,0.00,0.00,5,Out of Stock (Margin Loss)
8190,JNE3657-TP-XS,TOP - JNE3657,TOP,347.00,138.80,0,10,0.00,0.00,3,Out of Stock (Margin Loss)
8191,MEN5028-KR-XXXL,KURTA - MEN5028,KURTA,709.00,283.60,0,10,0.00,0.00,11,Out of Stock (Margin Loss)
8192,JNE3670-TU-XL,TOP - JNE3670,TOP,479.00,191.60,0,10,0.00,0.00,10,Out of Stock (Margin Loss)
8193,SET290-KR-DPT-M,SET - SET290,SET,832.00,332.80,0,10,0.00,0.00,40,Out of Stock (Margin Loss)
8194,JNE3567-KR-XS,KURTA - JNE3567,KURTA,459.00,183.60,0,10,0.00,0.00,33,Out of Stock (Margin Loss)
8195,J0248-KR-DPT-L,SET - J0248,SET,999.00,399.60,0,10,0.00,0.00,11,Out of Stock (Margin Loss)
8196,SET287-KR-NP-XXXL,SET - SET287,SET,666.00,266.40,0,10,0.00,0.00,17,Out of Stock (Margin Loss)
8197,JNE3459-KR-M,KURTA - JNE3459,KURTA,442.00,176.80,0,10,0.00,0.00,11,Out of Stock (Margin Loss)
8198,JNE3816-KR-L,KURTA - JNE3816,KURTA,549.00,219.60,0,10,0.00,0.00,10,Out of Stock (Margin Loss)
8199,NW009-ST-CP-S,SET - NW009,SET,586.00,234.40,0,10,0.00,0.00,3,Out of Stock (Margin Loss)
8200,SET085-KR-PT-S,SET - SET085,SET,399.00,159.60,0,10,0.00,0.00,1,Out of Stock (Margin Loss)
8201,JNE3467-KR-S,KURTA - JNE3467,KURTA,345.00,138.00,0,10,0.00,0.00,2,Out of Stock (Margin Loss)
8202,J0208-DR-L,WESTERN DRESS - J0208,WESTERN DRESS,793.00,317.20,0,10,0.00,0.00,9,Out of Stock (Margin Loss)
8203,MEN5022-KR-L,KURTA - MEN5022,KURTA,777.00,310.80,0,10,0.00,0.00,52,Out of Stock (Margin Loss)
8204,SET194-KR-NP-L,SET - SET194,SET,641.00,256.40,0,10,0.00,0.00,35,Out of Stock (Margin Loss)
8205,J0247-SKD-XS,SET - J0247,SET,820.00,328.00,0,10,0.00,0.00,12,Out of Stock (Margin Loss)
8206,SET239-KR-NP-XL,SET - SET239,SET,693.00,277.20,0,10,0.00,0.00,6,Out of Stock (Margin Loss)
8207,SAR140,SAREE - SAR140,SAREE,749.00,299.60,0,10,0.00,0.00,1,Out of Stock (Margin Loss)
8208,JNE3742-KR-S,KURTA - JNE3742,KURTA,432.00,172.80,0,10,0.00,0.00,8,Out of Stock (Margin Loss)
8209,J0153-DR-XL,WESTERN DRESS - J0153,WESTERN DRESS,560.00,224.00,0,10,0.00,0.00,26,Out of Stock (Margin Loss)
8210,JNE3872-KR-XL,KURTA - JNE3872,KURTA,1149.00,459.60,0,10,0.00,0.00,2,Out of Stock (Margin Loss)
8211,SET221-KR-NP-M,SET - SET221,SET,699.00,279.60,0,10,0.00,0.00,19,Out of Stock (Margin Loss)
8212,JNE3635-KR-S,KURTA - JNE3635,KURTA,345.00,138.00,0,10,0.00,0.00,10,Out of Stock (Margin Loss)
8213,MEN5032-KR-L,KURTA - MEN5032,KURTA,811.00,324.40,0,10,0.00,0.00,34,Out of Stock (Margin Loss)
8214,JNE3619-KR-L,KURTA - JNE3619,KURTA,318.00,127.20,0,10,0.00,0.00,55,Out of Stock (Margin Loss)
8216,J0376-SKD-XL,SET - J0376,SET,1063.00,425.20,0,10,0.00,0.00,33,Out of Stock (Margin Loss)
8217,SET182-KR-DH-XXL,SET - SET182,SET,699.00,279.60,0,10,0.00,0.00,14,Out of Stock (Margin Loss)
8218,JNE3781-KR-XXXL,KURTA - JNE3781,KURTA,432.00,172.80,0,10,0.00,0.00,97,Out of Stock (Margin Loss)
8219,JNE3819-KR-L,KURTA - JNE3819,KURTA,499.00,199.60,0,10,0.00,0.00,14,Out of Stock (Margin Loss)
8220,JNE3420-KR-S,KURTA - JNE3420,KURTA,301.00,120.40,0,10,0.00,0.00,14,Out of Stock (Margin Loss)
8221,MEN5015-KR-L,KURTA - MEN5015,KURTA,665.00,266.00,0,10,0.00,0.00,35,Out of Stock (Margin Loss)
8223,JNE1906-KR-031-M,KURTA - JNE1906,KURTA,382.00,152.80,0,10,0.00,0.00,24,Out of Stock (Margin Loss)
8224,JNE3791-DR-XL,ETHNIC DRESS - JNE3791,ETHNIC DRESS,579.00,231.60,0,10,0.00,0.00,13,Out of Stock (Margin Loss)
8225,SET410-KR-NP-L,SET - SET410,SET,599.00,239.60,0,10,0.00,0.00,7,Out of Stock (Margin Loss)
8226,SET230-KR-PP-S,SET - SET230,SET,832.00,332.80,0,10,0.00,0.00,17,Out of Stock (Margin Loss)
8227,J0142-KR-XL,KURTA - J0142,KURTA,413.00,165.20,0,10,0.00,0.00,9,Out of Stock (Margin Loss)
8228,JNE3675-TU-XXXL,TOP - JNE3675,TOP,758.00,303.20,0,10,0.00,0.00,16,Out of Stock (Margin Loss)
8229,JNE3818-KR-S,KURTA - JNE3818,KURTA,499.00,199.60,0,10,0.00,0.00,8,Out of Stock (Margin Loss)
8230,NW034-TP-PJ-M,SET - NW034,SET,613.00,245.20,0,10,0.00,0.00,13,Out of Stock (Margin Loss)
8231,J0144-SET-S,SET - J0144,SET,529.00,211.60,0,10,0.00,0.00,3,Out of Stock (Margin Loss)
8232,JNE3836-KR-XL,KURTA - JNE3836,KURTA,666.00,266.40,0,10,0.00,0.00,13,Out of Stock (Margin Loss)
8233,JNE1233-BLUE-KR-031-S,KURTA - JNE1233,KURTA,382.00,152.80,0,10,0.00,0.00,9,Out of Stock (Margin Loss)
8234,SET306-KR-PP-XS,SET - SET306,SET,666.00,266.40,0,10,0.00,0.00,14,Out of Stock (Margin Loss)
8235,J0226-SKD-L,SET - J0226,SET,1499.00,599.60,0,10,0.00,0.00,6,Out of Stock (Margin Loss)
8236,JNE3634-KR-XL,KURTA - JNE3634,KURTA,544.00,217.60,0,10,0.00,0.00,72,Out of Stock (Margin Loss)
8237,J0336-TP-XXXL,TOP - J0336,TOP,925.00,370.00,0,10,0.00,0.00,38,Out of Stock (Margin Loss)
8238,JNE3779-KR-XXL,KURTA - JNE3779,KURTA,432.00,172.80,0,10,0.00,0.00,8,Out of Stock (Margin Loss)
8239,SET290-KR-DPT-XS,SET - SET290,SET,832.00,332.80,0,10,0.00,0.00,21,Out of Stock (Margin Loss)
8240,MEN5009-KR-L,KURTA - MEN5009,KURTA,709.00,283.60,0,10,0.00,0.00,98,Out of Stock (Margin Loss)
8241,J0240-SKD-XL,SET - J0240,SET,1649.00,659.60,0,10,0.00,0.00,5,Out of Stock (Margin Loss)
8242,MEN5010-KR-M,KURTA - MEN5010,KURTA,618.00,247.20,0,10,0.00,0.00,19,Out of Stock (Margin Loss)
8243,MEN5010-KR-XXL,KURTA - MEN5010,KURTA,618.00,247.20,0,10,0.00,0.00,16,Out of Stock (Margin Loss)
8244,SET004-KR-SP-XXL,SET - SET004,SET,711.00,284.40,0,10,0.00,0.00,2,Out of Stock (Margin Loss)
8245,JNE3810-KR-S,KURTA - JNE3810,KURTA,696.00,278.40,0,10,0.00,0.00,15,Out of Stock (Margin Loss)
8246,JNE3256-KR-XXXL,KURTA - JNE3256,KURTA,487.00,194.80,0,10,0.00,0.00,25,Out of Stock (Margin Loss)
8247,SET363-KR-NP-S,SET - SET363,SET,1338.00,535.20,0,10,0.00,0.00,40,Out of Stock (Margin Loss)
8248,JNE3804-KR-M,KURTA - JNE3804,KURTA,487.00,194.80,0,10,0.00,0.00,21,Out of Stock (Margin Loss)
8249,JNE3515-KR-M,KURTA - JNE3515,KURTA,469.00,187.60,0,10,0.00,0.00,19,Out of Stock (Margin Loss)
8250,JNE2009-KR-310-M,KURTA - JNE2009,KURTA,301.00,120.40,0,10,0.00,0.00,19,Out of Stock (Margin Loss)
8252,J0175-KR-XXXL,KURTA - J0175,KURTA,499.00,199.60,0,10,0.00,0.00,3,Out of Stock (Margin Loss)
8253,JNE2171-KR-437-XL,KURTA - JNE2171,KURTA,524.00,209.60,0,10,0.00,0.00,71,Out of Stock (Margin Loss)
8254,J0419-TP-XL,TOP - J0419,TOP,1099.00,439.60,0,10,0.00,0.00,2,Out of Stock (Margin Loss)
8255,SET335-KR-NP-M,SET - SET335,SET,1149.00,459.60,0,10,0.00,0.00,22,Out of Stock (Margin Loss)
8256,SET014-KR-PP-XXXL,SET - SET014,SET,819.00,327.60,0,10,0.00,0.00,7,Out of Stock (Margin Loss)
8257,J0211-DR-XS,ETHNIC DRESS - J0211,ETHNIC DRESS,699.00,279.60,0,10,0.00,0.00,3,Out of Stock (Margin Loss)
8258,SET334-KR-NP-XS,SET - SET334,SET,666.00,266.40,0,10,0.00,0.00,14,Out of Stock (Margin Loss)
8259,J0413-DR-S,WESTERN DRESS - J0413,WESTERN DRESS,741.00,296.40,0,10,0.00,0.00,18,Out of Stock (Margin Loss)
8260,SET373-KR-PP-XS,SET - SET373,SET,774.00,309.60,0,10,0.00,0.00,5,Out of Stock (Margin Loss)
8261,J0167-KR-XL,KURTA - J0167,KURTA,319.00,127.60,0,10,0.00,0.00,16,Out of Stock (Margin Loss)
8262,SET350-KR-NP-S,SET - SET350,SET,1299.00,519.60,0,10,0.00,0.00,28,Out of Stock (Margin Loss)
8263,J0434-DR-XXXL,WESTERN DRESS - J0434,WESTERN DRESS,749.00,299.60,0,10,0.00,0.00,4,Out of Stock (Margin Loss)
8264,J0167-KR-L,KURTA - J0167,KURTA,324.00,129.60,0,10,0.00,0.00,18,Out of Stock (Margin Loss)
8265,SET229-KR-PP-XXL,SET - SET229,SET,888.00,355.20,0,10,0.00,0.00,17,Out of Stock (Margin Loss)
8266,J0043-SET-XS,SET - J0043,SET,635.00,254.00,0,10,0.00,0.00,4,Out of Stock (Margin Loss)
8267,J0096-KR-L,KURTA - J0096,KURTA,635.00,254.00,0,10,0.00,0.00,40,Out of Stock (Margin Loss)
8268,SET144-KR-NP-M,SET - SET144,SET,788.00,315.20,0,10,0.00,0.00,65,Out of Stock (Margin Loss)
8269,JNE3313-KR-XL,KURTA - JNE3313,KURTA,582.00,232.80,0,10,0.00,0.00,7,Out of Stock (Margin Loss)
8270,J0174-TP-S,TOP - J0174,TOP,423.00,169.20,0,10,0.00,0.00,1,Out of Stock (Margin Loss)
8271,JNE3817-KR-XXL,KURTA - JNE3817,KURTA,474.00,189.60,0,10,0.00,0.00,18,Out of Stock (Margin Loss)
8272,JNE3817-KR-XS,KURTA - JNE3817,KURTA,549.00,219.60,0,10,0.00,0.00,12,Out of Stock (Margin Loss)
8274,JNE1951-KR-155-M,KURTA - JNE1951,KURTA,368.00,147.20,0,10,0.00,0.00,7,Out of Stock (Margin Loss)
8275,JNE3806-KR-XXXL,KURTA - JNE3806,KURTA,549.00,219.60,0,10,0.00,0.00,19,Out of Stock (Margin Loss)
8276,BL060-75RED,BLOUSE - BL060,BLOUSE,419.00,167.60,0,10,0.00,0.00,1,Out of Stock (Margin Loss)
8277,JNE3404-KR-XS,KURTA - JNE3404,KURTA,487.00,194.80,0,10,0.00,0.00,6,Out of Stock (Margin Loss)
8278,JNE3813-KR-M,KURTA - JNE3813,KURTA,635.00,254.00,0,10,0.00,0.00,14,Out of Stock (Margin Loss)
8279,JNE3700-KR-XXL,KURTA - JNE3700,KURTA,299.00,119.60,0,10,0.00,0.00,2,Out of Stock (Margin Loss)
8280,J0413-DR-L,WESTERN DRESS - J0413,WESTERN DRESS,968.00,387.20,0,10,0.00,0.00,23,Out of Stock (Margin Loss)
8281,JNE3893-TP-S,TOP - JNE3893,TOP,621.00,248.40,0,10,0.00,0.00,1,Out of Stock (Margin Loss)
8282,J0402-DR-XS,WESTERN DRESS - J0402,WESTERN DRESS,825.00,330.00,0,10,0.00,0.00,7,Out of Stock (Margin Loss)
8283,JNE3764-KR-L,KURTA - JNE3764,KURTA,487.00,194.80,0,10,0.00,0.00,44,Out of Stock (Margin Loss)
8284,J0280-SKD-XXXL,SET - J0280,SET,1556.00,622.40,0,10,0.00,0.00,23,Out of Stock (Margin Loss)
8285,JNE3734-KR-M,KURTA - JNE3734,KURTA,431.00,172.40,0,10,0.00,0.00,2,Out of Stock (Margin Loss)
8286,J0414-DR-M,WESTERN DRESS - J0414,WESTERN DRESS,885.00,354.00,0,10,0.00,0.00,8,Out of Stock (Margin Loss)
8288,JNE2291-KR-602-L,KURTA - JNE2291,KURTA,382.00,152.80,0,10,0.00,0.00,19,Out of Stock (Margin Loss)
8289,JNE3788-KR-XXL,KURTA - JNE3788,KURTA,487.00,194.80,0,10,0.00,0.00,9,Out of Stock (Margin Loss)
8290,SET356-KR-NP-XXL,SET - SET356,SET,1099.00,439.60,0,10,0.00,0.00,27,Out of Stock (Margin Loss)
8291,MEN5025-KR-M,KURTA - MEN5025,KURTA,777.00,310.80,0,10,0.00,0.00,34,Out of Stock (Margin Loss)
8292,SAR100,SAREE - SAR100,SAREE,563.00,225.20,0,10,0.00,0.00,1,Out of Stock (Margin Loss)
8293,JNE3364-KR-1051-XXXL,KURTA - JNE3364,KURTA,382.00,152.80,0,10,0.00,0.00,15,Out of Stock (Margin Loss)
8294,JNE3797-KR-L,WESTERN DRESS - JNE3797,WESTERN DRESS,799.00,319.60,0,10,0.00,0.00,647,Out of Stock (Margin Loss)
8295,SET322-KR-SHA-S,SET - SET322,SET,1120.00,448.00,0,10,0.00,0.00,20,Out of Stock (Margin Loss)
8296,SET304-KR-DPT-M,SET - SET304,SET,1201.00,480.40,0,10,0.00,0.00,62,Out of Stock (Margin Loss)
8297,JNE1998-KR-311-XL,KURTA - JNE1998,KURTA,301.00,120.40,0,10,0.00,0.00,25,Out of Stock (Margin Loss)
8298,AN202-ORANGE-XXL,BOTTOM - AN202,BOTTOM,229.00,91.60,0,10,0.00,0.00,3,Out of Stock (Margin Loss)
8299,J0333-DR-S,WESTERN DRESS - J0333,WESTERN DRESS,885.00,354.00,0,10,0.00,0.00,9,Out of Stock (Margin Loss)
8300,JNE3770-KR-XS,KURTA - JNE3770,KURTA,487.00,194.80,0,10,0.00,0.00,3,Out of Stock (Margin Loss)
8301,J0025-DR-XXL,WESTERN DRESS - J0025,WESTERN DRESS,693.00,277.20,0,10,0.00,0.00,14,Out of Stock (Margin Loss)
8303,SET393-KR-NP-XS,SET - SET393,SET,1186.00,474.40,0,10,0.00,0.00,58,Out of Stock (Margin Loss)
8304,SET334-KR-NP-S,SET - SET334,SET,666.00,266.40,0,10,0.00,0.00,23,Out of Stock (Margin Loss)
8305,JNE3775-KR-XS,KURTA - JNE3775,KURTA,301.00,120.40,0,10,0.00,0.00,6,Out of Stock (Margin Loss)
8306,SET267-KR-NP-L,SET - SET267,SET,869.00,347.60,0,10,0.00,0.00,34,Out of Stock (Margin Loss)
8307,SET288-KR-NP-L,SET - SET288,SET,685.00,274.00,0,10,0.00,0.00,22,Out of Stock (Margin Loss)
8308,JNE3396-KR-M,KURTA - JNE3396,KURTA,487.00,194.80,0,10,0.00,0.00,19,Out of Stock (Margin Loss)
8309,SET409-KR-NP-L,SET - SET409,SET,771.00,308.40,0,10,0.00,0.00,8,Out of Stock (Margin Loss)
8310,JNE3837-KR-XXXL,KURTA - JNE3837,KURTA,635.00,254.00,0,10,0.00,0.00,27,Out of Stock (Margin Loss)
8311,NW004-TP-PJ-XS,SET - NW004,SET,475.00,190.00,0,10,0.00,0.00,4,Out of Stock (Margin Loss)
8312,J0388-TP-L,TOP - J0388,TOP,690.00,276.00,0,10,0.00,0.00,5,Out of Stock (Margin Loss)
8313,JNE3413-KR-XXXL,KURTA - JNE3413,KURTA,511.00,204.40,0,10,0.00,0.00,1,Out of Stock (Margin Loss)
8314,JNE3870-DR-L,WESTERN DRESS - JNE3870,WESTERN DRESS,998.00,399.20,0,10,0.00,0.00,23,Out of Stock (Margin Loss)
8315,SET328-KR-NP-XS,SET - SET328,SET,635.00,254.00,0,10,0.00,0.00,22,Out of Stock (Margin Loss)
8316,JNE3766-KR-L,KURTA - JNE3766,KURTA,517.00,206.80,0,10,0.00,0.00,14,Out of Stock (Margin Loss)
8317,JNE3622-KR-M,KURTA - JNE3622,KURTA,368.00,147.20,0,10,0.00,0.00,24,Out of Stock (Margin Loss)
8318,SET246-KR-PP-L,SET - SET246,SET,455.00,182.00,0,10,0.00,0.00,19,Out of Stock (Margin Loss)
8319,J0293-DR-XL,WESTERN DRESS - J0293,WESTERN DRESS,450.00,180.00,0,10,0.00,0.00,1,Out of Stock (Margin Loss)
8320,BL093-M,BLOUSE - BL093,BLOUSE,301.00,120.40,0,10,0.00,0.00,7,Out of Stock (Margin Loss)
8321,J0335-DR-XL,WESTERN DRESS - J0335,WESTERN DRESS,1294.00,517.60,0,10,0.00,0.00,94,Out of Stock (Margin Loss)
8322,SET316-KR-DPT-M,SET - SET316,SET,1238.00,495.20,0,10,0.00,0.00,25,Out of Stock (Margin Loss)
8323,JNE3465-KR-L,KURTA - JNE3465,KURTA,523.00,209.20,0,10,0.00,0.00,97,Out of Stock (Margin Loss)
8324,SET224-KR-NP-S,SET - SET224,SET,1386.00,554.40,0,10,0.00,0.00,9,Out of Stock (Margin Loss)
8325,JNE3518-KR-L,KURTA - JNE3518,KURTA,487.00,194.80,0,10,0.00,0.00,52,Out of Stock (Margin Loss)
8326,JNE3669-TU-XXL,TOP - JNE3669,TOP,869.00,347.60,0,10,0.00,0.00,24,Out of Stock (Margin Loss)
8327,J0379-SKD-XL,SET - J0379,SET,1369.00,547.60,0,10,0.00,0.00,29,Out of Stock (Margin Loss)
8328,SET327-KR-DPT-XL,SET - SET327,SET,999.00,399.60,0,10,0.00,0.00,45,Out of Stock (Margin Loss)
8329,SET087-KR-PP-L,SET - SET087,SET,925.00,370.00,0,10,0.00,0.00,6,Out of Stock (Margin Loss)
8330,JNE3623-KR-L,KURTA - JNE3623,KURTA,362.00,144.80,0,10,0.00,0.00,3,Out of Stock (Margin Loss)
8331,SET390-KR-NP-L,SET - SET390,SET,999.00,399.60,0,10,0.00,0.00,14,Out of Stock (Margin Loss)
8332,J0091-TP-XL,TOP - J0091,TOP,344.00,137.60,0,10,0.00,0.00,18,Out of Stock (Margin Loss)
8333,JNE3395-KR-S,KURTA - JNE3395,KURTA,349.00,139.60,0,10,0.00,0.00,3,Out of Stock (Margin Loss)
8334,JNE3619-KR-M,KURTA - JNE3619,KURTA,330.00,132.00,0,10,0.00,0.00,64,Out of Stock (Margin Loss)
8336,SET058-KR-NP-M,SET - SET058,SET,847.00,338.80,0,10,0.00,0.00,66,Out of Stock (Margin Loss)
8337,JNE3634-KR-XXL,KURTA - JNE3634,KURTA,544.00,217.60,0,10,0.00,0.00,60,Out of Stock (Margin Loss)
8338,JNE3608-KR-L,KURTA - JNE3608,KURTA,362.00,144.80,0,10,0.00,0.00,13,Out of Stock (Margin Loss)
8339,JNE3556-KR-M,KURTA - JNE3556,KURTA,517.00,206.80,0,10,0.00,0.00,25,Out of Stock (Margin Loss)
8340,J0330-KR-L,KURTA - J0330,KURTA,575.00,230.00,0,10,0.00,0.00,3,Out of Stock (Margin Loss)
8341,JNE3768-KR-L,KURTA - JNE3768,KURTA,487.00,194.80,0,10,0.00,0.00,4,Out of Stock (Margin Loss)
8342,MEN5023-KR-S,KURTA - MEN5023,KURTA,777.00,310.80,0,10,0.00,0.00,29,Out of Stock (Margin Loss)
8343,JNE09210-PINK-SR-JP8101RNV,SAREE - JNE09210,SAREE,899.00,359.60,0,10,0.00,0.00,6,Out of Stock (Margin Loss)
8344,J0009-SKD-XL,SET - J0009,SET,999.00,399.60,0,10,0.00,0.00,38,Out of Stock (Margin Loss)
8345,J0251-SKD-M,SET - J0251,SET,763.00,305.20,0,10,0.00,0.00,5,Out of Stock (Margin Loss)
8346,NW012-TP-PJ-M,SET - NW012,SET,560.00,224.00,0,10,0.00,0.00,50,Out of Stock (Margin Loss)
8347,JNE3894-TP-XL,TOP - JNE3894,TOP,751.00,300.40,0,10,0.00,0.00,7,Out of Stock (Margin Loss)
8348,JNE3370-KR-XXL,KURTA - JNE3370,KURTA,305.00,122.00,0,10,0.00,0.00,1,Out of Stock (Margin Loss)
8349,JNE3753-KR-L,KURTA - JNE3753,KURTA,699.00,279.60,0,10,0.00,0.00,15,Out of Stock (Margin Loss)
8350,J0020-SET-XXXL,SET - J0020,SET,571.00,228.40,0,10,0.00,0.00,3,Out of Stock (Margin Loss)
8352,J0399-DR-S,WESTERN DRESS - J0399,WESTERN DRESS,1044.00,417.60,0,10,0.00,0.00,17,Out of Stock (Margin Loss)
8353,JNE3771-KR-L,KURTA - JNE3771,KURTA,346.00,138.40,0,10,0.00,0.00,13,Out of Stock (Margin Loss)
8354,JNE3563-KR-XXXL,KURTA - JNE3563,KURTA,455.00,182.00,0,10,0.00,0.00,7,Out of Stock (Margin Loss)
8355,JNE3605-KR-XXXL,KURTA - JNE3605,KURTA,517.00,206.80,0,10,0.00,0.00,24,Out of Stock (Margin Loss)
8356,J0153-DR-S,WESTERN DRESS - J0153,WESTERN DRESS,443.00,177.20,0,10,0.00,0.00,22,Out of Stock (Margin Loss)
8357,SET322-KR-SHA-XXXL,SET - SET322,SET,1099.00,439.60,0,10,0.00,0.00,19,Out of Stock (Margin Loss)
8358,SET285-KR-SHA-S,SET - SET285,SET,499.00,199.60,0,10,0.00,0.00,30,Out of Stock (Margin Loss)
8359,J0013-SKD-M,SET - J0013,SET,1099.00,439.60,0,10,0.00,0.00,43,Out of Stock (Margin Loss)
8361,J0371-SKD-XXXL,SET - J0371,SET,1099.00,439.60,0,10,0.00,0.00,2,Out of Stock (Margin Loss)
8362,J0386-KR-S,KURTA - J0386,KURTA,967.00,386.80,0,10,0.00,0.00,11,Out of Stock (Margin Loss)
8363,JNE3736-KR-XS,KURTA - JNE3736,KURTA,421.00,168.40,0,10,0.00,0.00,1,Out of Stock (Margin Loss)
8364,SET374-KR-NP-XS,SET - SET374,SET,666.00,266.40,0,10,0.00,0.00,80,Out of Stock (Margin Loss)
8365,J0073-KR-M,KURTA - J0073,KURTA,345.00,138.00,0,10,0.00,0.00,3,Out of Stock (Margin Loss)
8368,SET350-KR-NP-XXL,SET - SET350,SET,1299.00,519.60,0,10,0.00,0.00,27,Out of Stock (Margin Loss)
8369,JNE3758-KR-M,KURTA - JNE3758,KURTA,376.00,150.40,0,10,0.00,0.00,19,Out of Stock (Margin Loss)
8370,SET396-KR-PP-XXXL,SET - SET396,SET,1166.00,466.40,0,10,0.00,0.00,21,Out of Stock (Margin Loss)
8371,JNE3736-KR-L,KURTA - JNE3736,KURTA,421.00,168.40,0,10,0.00,0.00,8,Out of Stock (Margin Loss)
8372,J0235-SKD-S,SET - J0235,SET,1099.00,439.60,0,10,0.00,0.00,6,Out of Stock (Margin Loss)
8373,SAR048,SAREE - SAR048,SAREE,598.00,239.20,0,10,0.00,0.00,3,Out of Stock (Margin Loss)
8374,SET185-KR-NP-M,SET - SET185,SET,911.00,364.40,0,10,0.00,0.00,9,Out of Stock (Margin Loss)
8375,J0005-DR-M,WESTERN DRESS - J0005,WESTERN DRESS,1249.00,499.60,0,10,0.00,0.00,13,Out of Stock (Margin Loss)
8376,JNE3865-TP-XS,TOP - JNE3865,TOP,676.00,270.40,0,10,0.00,0.00,5,Out of Stock (Margin Loss)
8377,J0241-SKD-XXL,SET - J0241,SET,1338.00,535.20,0,10,0.00,0.00,9,Out of Stock (Margin Loss)
8378,SET414-KR-NP-M,SET - SET414,SET,999.00,399.60,0,10,0.00,0.00,2,Out of Stock (Margin Loss)
8379,J0013-SKD-S,SET - J0013,SET,1099.00,439.60,0,10,0.00,0.00,23,Out of Stock (Margin Loss)
8380,J0153-DR-L,WESTERN DRESS - J0153,WESTERN DRESS,443.00,177.20,0,10,0.00,0.00,10,Out of Stock (Margin Loss)
8381,SET265-KR-NP-XXL,SET - SET265,SET,889.00,355.60,0,10,0.00,0.00,19,Out of Stock (Margin Loss)
8382,BTM008-XXL,BOTTOM - BTM008,BOTTOM,518.00,207.20,0,10,0.00,0.00,14,Out of Stock (Margin Loss)
8383,NW037-TP-SR-XL,SET - NW037,SET,450.00,180.00,0,10,0.00,0.00,15,Out of Stock (Margin Loss)
8384,SET250-KR-SHA-XL,SET - SET250,SET,680.00,272.00,0,10,0.00,0.00,14,Out of Stock (Margin Loss)
8385,JNE3767-KR-XXXL,KURTA - JNE3767,KURTA,487.00,194.80,0,10,0.00,0.00,2,Out of Stock (Margin Loss)
8386,JNE3571-KR-L,KURTA - JNE3571,KURTA,487.00,194.80,0,10,0.00,0.00,18,Out of Stock (Margin Loss)
8387,SET285-KR-SHA-L,SET - SET285,SET,499.00,199.60,0,10,0.00,0.00,31,Out of Stock (Margin Loss)
8388,SET350-KR-NP-XXXL,SET - SET350,SET,1299.00,519.60,0,10,0.00,0.00,38,Out of Stock (Margin Loss)
8389,JNE3603-KR-XL,KURTA - JNE3603,KURTA,301.00,120.40,0,10,0.00,0.00,12,Out of Stock (Margin Loss)
8390,JNE3836-KR-XXXL,KURTA - JNE3836,KURTA,666.00,266.40,0,10,0.00,0.00,16,Out of Stock (Margin Loss)
8391,JNE3702-KR-S,KURTA - JNE3702,KURTA,342.00,136.80,0,10,0.00,0.00,8,Out of Stock (Margin Loss)
8392,JNE3399-KR-XL,KURTA - JNE3399,KURTA,469.00,187.60,0,10,0.00,0.00,189,Out of Stock (Margin Loss)
8393,JNE3834-KR-M,KURTA - JNE3834,KURTA,689.00,275.60,0,10,0.00,0.00,13,Out of Stock (Margin Loss)
8394,J0231-SKD-XXXL,SET - J0231,SET,1281.00,512.40,0,10,0.00,0.00,21,Out of Stock (Margin Loss)
8395,NW035-ST-CP-XS,SET - NW035,SET,599.00,239.60,0,10,0.00,0.00,7,Out of Stock (Margin Loss)
8396,J0205-TP-M,TOP - J0205,TOP,387.00,154.80,0,10,0.00,0.00,8,Out of Stock (Margin Loss)
8397,J0398-DR-XXL,WESTERN DRESS - J0398,WESTERN DRESS,1229.00,491.60,0,10,0.00,0.00,17,Out of Stock (Margin Loss)
8398,JNE3065-KR-L,KURTA - JNE3065,KURTA,389.00,155.60,0,10,0.00,0.00,17,Out of Stock (Margin Loss)
8399,BTM004-XXXL,BOTTOM - BTM004,BOTTOM,349.00,139.60,0,10,0.00,0.00,1,Out of Stock (Margin Loss)
8400,JNE3460-KR-L,KURTA - JNE3460,KURTA,466.00,186.40,0,10,0.00,0.00,2,Out of Stock (Margin Loss)
8401,SET182-KR-DH-XXXL,SET - SET182,SET,699.00,279.60,0,10,0.00,0.00,13,Out of Stock (Margin Loss)
8402,SET328-KR-NP-XXXL,SET - SET328,SET,635.00,254.00,0,10,0.00,0.00,30,Out of Stock (Margin Loss)
8403,SET072-KR-SHA-S,SET - SET072,SET,370.00,148.00,0,10,0.00,0.00,2,Out of Stock (Margin Loss)
8405,J0279-SET-L,SET - J0279,SET,955.00,382.00,0,10,0.00,0.00,9,Out of Stock (Margin Loss)
8406,SET252-KR-PP-M,SET - SET252,SET,759.00,303.60,0,10,0.00,0.00,35,Out of Stock (Margin Loss)
8407,JNE3732-KR-S,KURTA - JNE3732,KURTA,517.00,206.80,0,10,0.00,0.00,5,Out of Stock (Margin Loss)
8408,BL036-176GOLD,BLOUSE - BL036,BLOUSE,419.00,167.60,0,10,0.00,0.00,9,Out of Stock (Margin Loss)
8409,PSET043-KR-NP-6XL,SET - PSET043,SET,1629.00,651.60,0,10,0.00,0.00,6,Out of Stock (Margin Loss)
8410,J0181-TP-XL,TOP - J0181,TOP,399.00,159.60,0,10,0.00,0.00,4,Out of Stock (Margin Loss)
8411,JNE3407-KR-L,KURTA - JNE3407,KURTA,301.00,120.40,0,10,0.00,0.00,22,Out of Stock (Margin Loss)
8412,JNE3577-KR-XL,KURTA - JNE3577,KURTA,696.00,278.40,0,10,0.00,0.00,15,Out of Stock (Margin Loss)
8414,JNE3491-KR-L,KURTA - JNE3491,KURTA,349.00,139.60,0,10,0.00,0.00,6,Out of Stock (Margin Loss)
8415,J0343-DR-XS,WESTERN DRESS - J0343,WESTERN DRESS,1168.00,467.20,0,10,0.00,0.00,20,Out of Stock (Margin Loss)
8416,SET055-KR-NP-XS,SET - SET055,SET,648.00,259.20,0,10,0.00,0.00,6,Out of Stock (Margin Loss)
8417,J0038-DR-S,ETHNIC DRESS - J0038,ETHNIC DRESS,546.00,218.40,0,10,0.00,0.00,1,Out of Stock (Margin Loss)
8418,SET374-KR-NP-L,SET - SET374,SET,729.00,291.60,0,10,0.00,0.00,134,Out of Stock (Margin Loss)
8419,J0216-BL-XL,BLOUSE - J0216,BLOUSE,625.00,250.00,0,10,0.00,0.00,19,Out of Stock (Margin Loss)
8420,JNE3861-DR-S,WESTERN DRESS - JNE3861,WESTERN DRESS,1099.00,439.60,0,10,0.00,0.00,26,Out of Stock (Margin Loss)
8421,J0011-LCD-XXL,SET - J0011,SET,1695.00,678.00,0,10,0.00,0.00,12,Out of Stock (Margin Loss)
8422,SET350-KR-NP-XS,SET - SET350,SET,1324.00,529.60,0,10,0.00,0.00,26,Out of Stock (Margin Loss)
8423,JNE3684-TU-XL,TOP - JNE3684,TOP,315.00,126.00,0,10,0.00,0.00,8,Out of Stock (Margin Loss)
8424,JNE3486-KR-XXXL,KURTA - JNE3486,KURTA,459.00,183.60,0,10,0.00,0.00,3,Out of Stock (Margin Loss)
8425,J0283-SET-XXXL,SET - J0283,SET,1099.00,439.60,0,10,0.00,0.00,21,Out of Stock (Margin Loss)
8426,J0012-SKD-L,SET - J0012,SET,1228.00,491.20,0,10,0.00,0.00,90,Out of Stock (Margin Loss)
8427,SET070-KR-NP-XS,SET - SET070,SET,884.00,353.60,0,10,0.00,0.00,4,Out of Stock (Margin Loss)
8429,JNE3366-KR-1053-XXL,KURTA - JNE3366,KURTA,382.00,152.80,0,10,0.00,0.00,75,Out of Stock (Margin Loss)
8430,SET249-KR-NP-S,SET - SET249,SET,680.00,272.00,0,10,0.00,0.00,12,Out of Stock (Margin Loss)
8432,JNE3435-KR-XL,KURTA - JNE3435,KURTA,487.00,194.80,0,10,0.00,0.00,23,Out of Stock (Margin Loss)
8433,J0245-SKD-M,SET - J0245,SET,1149.00,459.60,0,10,0.00,0.00,9,Out of Stock (Margin Loss)
8434,J0377-SKD-S,SET - J0377,SET,1099.00,439.60,0,10,0.00,0.00,3,Out of Stock (Margin Loss)
8435,J0111-TP-XXL,TOP - J0111,TOP,528.00,211.20,0,10,0.00,0.00,24,Out of Stock (Margin Loss)
8437,SET409-KR-NP-XS,SET - SET409,SET,641.00,256.40,0,10,0.00,0.00,7,Out of Stock (Margin Loss)
8438,J0342-TP-XXL,TOP - J0342,TOP,879.00,351.60,0,10,0.00,0.00,13,Out of Stock (Margin Loss)
8439,SET359-KR-NP-XS,SET - SET359,SET,1099.00,439.60,0,10,0.00,0.00,4,Out of Stock (Margin Loss)
8440,JNE3610-KR-XXXL,KURTA - JNE3610,KURTA,318.00,127.20,0,10,0.00,0.00,9,Out of Stock (Margin Loss)
8441,JNE3910-KR-L,KURTA - JNE3910,KURTA,736.00,294.40,0,10,0.00,0.00,5,Out of Stock (Margin Loss)
8442,JNE3728-KR-L,KURTA - JNE3728,KURTA,329.00,131.60,0,10,0.00,0.00,13,Out of Stock (Margin Loss)
8443,SET402-KR-NP-XXXL,SET - SET402,SET,1149.00,459.60,0,10,0.00,0.00,41,Out of Stock (Margin Loss)
8444,J0292-TP-XXL,TOP - J0292,TOP,377.00,150.80,0,10,0.00,0.00,16,Out of Stock (Margin Loss)
8445,JNE1906-KR-031-L,KURTA - JNE1906,KURTA,382.00,152.80,0,10,0.00,0.00,15,Out of Stock (Margin Loss)
8447,J0300-TP-XL,TOP - J0300,TOP,301.00,120.40,0,10,0.00,0.00,10,Out of Stock (Margin Loss)
8448,J0244-SKD-XL,SET - J0244,SET,1281.00,512.40,0,10,0.00,0.00,32,Out of Stock (Margin Loss)
8449,J0080-TP-XS,TOP - J0080,TOP,709.00,283.60,0,10,0.00,0.00,26,Out of Stock (Margin Loss)
8450,JNE3807-KR-XXL,KURTA - JNE3807,KURTA,736.00,294.40,0,10,0.00,0.00,25,Out of Stock (Margin Loss)
8451,JNE3856-KR-XXL,KURTA - JNE3856,KURTA,666.00,266.40,0,10,0.00,0.00,21,Out of Stock (Margin Loss)
8452,J0353-KR-S,KURTA - J0353,KURTA,635.00,254.00,0,10,0.00,0.00,8,Out of Stock (Margin Loss)
8453,J0072-KR-S,KURTA - J0072,KURTA,318.00,127.20,0,10,0.00,0.00,3,Out of Stock (Margin Loss)
8454,JNE3465-KR-XXL,KURTA - JNE3465,KURTA,523.00,209.20,0,10,0.00,0.00,93,Out of Stock (Margin Loss)
8455,SET329-KR-NP-XXXL,SET - SET329,SET,666.00,266.40,0,10,0.00,0.00,17,Out of Stock (Margin Loss)
8456,JNE3749-KR-XXXL,KURTA - JNE3749,KURTA,499.00,199.60,0,10,0.00,0.00,23,Out of Stock (Margin Loss)
8458,SET408-KR-NP-XXXL,SET - SET408,SET,599.00,239.60,0,10,0.00,0.00,35,Out of Stock (Margin Loss)
8459,JNE3861-DR-XXXL,WESTERN DRESS - JNE3861,WESTERN DRESS,1099.00,439.60,0,10,0.00,0.00,26,Out of Stock (Margin Loss)
8460,JNE3928-KR-XXL,KURTA - JNE3928,KURTA,568.00,227.20,0,10,0.00,0.00,5,Out of Stock (Margin Loss)
8461,JNE1234-MULTI-KR-032-S,KURTA - JNE1234,KURTA,301.00,120.40,0,10,0.00,0.00,9,Out of Stock (Margin Loss)
8462,JNE3715-KR-L,KURTA - JNE3715,KURTA,301.00,120.40,0,10,0.00,0.00,5,Out of Stock (Margin Loss)
8463,J0283-SET-XS,SET - J0283,SET,1099.00,439.60,0,10,0.00,0.00,7,Out of Stock (Margin Loss)
8464,J0180-DR-XXL,WESTERN DRESS - J0180,WESTERN DRESS,453.00,181.20,0,10,0.00,0.00,6,Out of Stock (Margin Loss)
8465,JNE3458-KR-XXL,KURTA - JNE3458,KURTA,399.00,159.60,0,10,0.00,0.00,24,Out of Stock (Margin Loss)
8466,SET147-KR-NP-XXL,SET - SET147,SET,684.00,273.60,0,10,0.00,0.00,7,Out of Stock (Margin Loss)
8467,SET269-KR-NP-S,SET - SET269,SET,824.00,329.60,0,10,0.00,0.00,71,Out of Stock (Margin Loss)
8468,NW029-ST-SR-L,SET - NW029,SET,474.00,189.60,0,10,0.00,0.00,16,Out of Stock (Margin Loss)
8470,AN209-BIEGE-XXL,BOTTOM - AN209,BOTTOM,229.00,91.60,0,10,0.00,0.00,3,Out of Stock (Margin Loss)
8471,JNE3870-DR-S,WESTERN DRESS - JNE3870,WESTERN DRESS,998.00,399.20,0,10,0.00,0.00,34,Out of Stock (Margin Loss)
8472,J0105-KR-XL,WESTERN DRESS - J0105,WESTERN DRESS,1377.00,550.80,0,10,0.00,0.00,20,Out of Stock (Margin Loss)
8473,J0379-SKD-L,SET - J0379,SET,1369.00,547.60,0,10,0.00,0.00,55,Out of Stock (Margin Loss)
8474,SET317-KR-PP-S,SET - SET317,SET,1199.00,479.60,0,10,0.00,0.00,23,Out of Stock (Margin Loss)
8475,JNE3823-KR-S,KURTA - JNE3823,KURTA,542.00,216.80,0,10,0.00,0.00,7,Out of Stock (Margin Loss)
8476,JNE3535-KR-XL,KURTA - JNE3535,KURTA,469.00,187.60,0,10,0.00,0.00,21,Out of Stock (Margin Loss)
8477,J0103-SKD-L,SET - J0103,SET,1399.00,559.60,0,10,0.00,0.00,15,Out of Stock (Margin Loss)
8478,SET277-KR-NP-XXL,SET - SET277,SET,1354.00,541.60,0,10,0.00,0.00,21,Out of Stock (Margin Loss)
8479,SAR114,SAREE - SAR114,SAREE,620.00,248.00,0,10,0.00,0.00,2,Out of Stock (Margin Loss)
8480,NW039-TP-SR-S,SET - NW039,SET,499.00,199.60,0,10,0.00,0.00,11,Out of Stock (Margin Loss)
8481,MEN5026-KR-L,KURTA - MEN5026,KURTA,688.00,275.20,0,10,0.00,0.00,23,Out of Stock (Margin Loss)
8482,SET048-KR-NP-M,SET - SET048,SET,648.00,259.20,0,10,0.00,0.00,23,Out of Stock (Margin Loss)
8483,J0138-KR-XS,KURTA - J0138,KURTA,478.00,191.20,0,10,0.00,0.00,3,Out of Stock (Margin Loss)
8484,J0011-LCD-XL,SET - J0011,SET,1695.00,678.00,0,10,0.00,0.00,14,Out of Stock (Margin Loss)
8485,JNE3741-KR-XS,KURTA - JNE3741,KURTA,459.00,183.60,0,10,0.00,0.00,6,Out of Stock (Margin Loss)
8486,J0230-SKD-XXL,SET - J0230,SET,1349.00,539.60,0,10,0.00,0.00,112,Out of Stock (Margin Loss)
8487,J0395-DR-XXXL,WESTERN DRESS - J0395,WESTERN DRESS,859.00,343.60,0,10,0.00,0.00,13,Out of Stock (Margin Loss)
8488,SET355-KR-PP-L,SET - SET355,SET,1426.00,570.40,0,10,0.00,0.00,25,Out of Stock (Margin Loss)
8489,JNE3470-KR-XXXL,KURTA - JNE3470,KURTA,329.00,131.60,0,10,0.00,0.00,4,Out of Stock (Margin Loss)
8490,J0105-KR-M,WESTERN DRESS - J0105,WESTERN DRESS,999.00,399.60,0,10,0.00,0.00,17,Out of Stock (Margin Loss)
8491,SET250-KR-SHA-S,SET - SET250,SET,680.00,272.00,0,10,0.00,0.00,26,Out of Stock (Margin Loss)
8492,JNE3722-KR-XS,KURTA - JNE3722,KURTA,280.00,112.00,0,10,0.00,0.00,5,Out of Stock (Margin Loss)
8494,JNE3466-KR-XL,KURTA - JNE3466,KURTA,771.00,308.40,0,10,0.00,0.00,13,Out of Stock (Margin Loss)
8495,JNE3700-KR-XXXL,KURTA - JNE3700,KURTA,299.00,119.60,0,10,0.00,0.00,1,Out of Stock (Margin Loss)
8496,J0209-DR-S,ETHNIC DRESS - J0209,ETHNIC DRESS,1229.00,491.60,0,10,0.00,0.00,7,Out of Stock (Margin Loss)
8497,JNE3500-KR-L,KURTA - JNE3500,KURTA,348.00,139.20,0,10,0.00,0.00,14,Out of Stock (Margin Loss)
8498,SET338-KR-NP-XXL,SET - SET338,SET,999.00,399.60,0,10,0.00,0.00,2,Out of Stock (Margin Loss)
8499,MEN5006-KR-XXXL,KURTA - MEN5006,KURTA,665.00,266.00,0,10,0.00,0.00,15,Out of Stock (Margin Loss)
8500,MEN5004-KR-L,KURTA - MEN5004,KURTA,709.00,283.60,0,10,0.00,0.00,66,Out of Stock (Margin Loss)
8501,J0280-SKD-XL,SET - J0280,SET,1556.00,622.40,0,10,0.00,0.00,23,Out of Stock (Margin Loss)
8503,JNE3726-KR-S,KURTA - JNE3726,KURTA,345.00,138.00,0,10,0.00,0.00,4,Out of Stock (Margin Loss)
8504,CH203-MAROON-S,BOTTOM - CH203,BOTTOM,301.00,120.40,0,10,0.00,0.00,1,Out of Stock (Margin Loss)
8505,SET254-KR-NP-XS,SET - SET254,SET,920.00,368.00,0,10,0.00,0.00,12,Out of Stock (Margin Loss)
8506,SET349-KR-NP-S,SET - SET349,SET,1152.00,460.80,0,10,0.00,0.00,28,Out of Stock (Margin Loss)
8507,BL103-XXL,BLOUSE - BL103,BLOUSE,499.00,199.60,0,10,0.00,0.00,12,Out of Stock (Margin Loss)
8508,NW032-ST-CP-XL,SET - NW032,SET,517.00,206.80,0,10,0.00,0.00,5,Out of Stock (Margin Loss)
8509,JNE3680-TU-M,TOP - JNE3680,TOP,758.00,303.20,0,10,0.00,0.00,18,Out of Stock (Margin Loss)
8510,JNE3562-KR-L,KURTA - JNE3562,KURTA,476.00,190.40,0,10,0.00,0.00,13,Out of Stock (Margin Loss)
8511,NW003-TP-PJ-XS,SET - NW003,SET,519.00,207.60,0,10,0.00,0.00,6,Out of Stock (Margin Loss)
8512,BL113-XS,BLOUSE - BL113,BLOUSE,493.00,197.20,0,10,0.00,0.00,7,Out of Stock (Margin Loss)
8513,JNE3547-KR-L,KURTA - JNE3547,KURTA,510.00,204.00,0,10,0.00,0.00,23,Out of Stock (Margin Loss)
8514,JNE3453-KR-M,KURTA - JNE3453,KURTA,497.00,198.80,0,10,0.00,0.00,2,Out of Stock (Margin Loss)
8515,J0137-SET-XL,SET - J0137,SET,721.00,288.40,0,10,0.00,0.00,5,Out of Stock (Margin Loss)
8516,JNE3739-KR-L,KURTA - JNE3739,KURTA,459.00,183.60,0,10,0.00,0.00,98,Out of Stock (Margin Loss)
8517,SET393-KR-NP-S,SET - SET393,SET,1186.00,474.40,0,10,0.00,0.00,45,Out of Stock (Margin Loss)
8518,J0382-SKD-XXXL,SET - J0382,SET,1354.00,541.60,0,10,0.00,0.00,8,Out of Stock (Margin Loss)
8519,JNE3724-KR-S,KURTA - JNE3724,KURTA,499.00,199.60,0,10,0.00,0.00,11,Out of Stock (Margin Loss)
8520,JNE3610-KR-L,KURTA - JNE3610,KURTA,291.00,116.40,0,10,0.00,0.00,8,Out of Stock (Margin Loss)
8521,SET037-KR-NP-M,SET - SET037,SET,567.00,226.80,0,10,0.00,0.00,11,Out of Stock (Margin Loss)
8522,SET393-KR-NP-XXXL,SET - SET393,SET,1186.00,474.40,0,10,0.00,0.00,51,Out of Stock (Margin Loss)
7620,SAR107,SAREE - SAR107,SAREE,563.00,225.20,0,10,0.00,0.00,1,Out of Stock (Margin Loss)
7621,J0205-TP-XXXL,TOP - J0205,TOP,387.00,154.80,0,10,0.00,0.00,9,Out of Stock (Margin Loss)
2976,JNE3608-KR-XS,KURTA - JNE3608,KURTA,362.00,144.80,0,10,0.00,0.00,6,Out of Stock (Margin Loss)
2977,BTM026-NP-L,BOTTOM - BTM026,BOTTOM,518.00,207.20,0,10,0.00,0.00,8,Out of Stock (Margin Loss)
2978,JNE3753-KR-XL,KURTA - JNE3753,KURTA,475.00,190.00,0,10,0.00,0.00,4,Out of Stock (Margin Loss)
2979,NW033-ST-CP-XXXL,SET - NW033,SET,582.00,232.80,0,10,0.00,0.00,5,Out of Stock (Margin Loss)
2980,JNE3567-KR-XL,KURTA - JNE3567,KURTA,459.00,183.60,0,10,0.00,0.00,182,Out of Stock (Margin Loss)
2981,SET282-KR-PP-XXL,SET - SET282,SET,1099.00,439.60,0,10,0.00,0.00,49,Out of Stock (Margin Loss)
2982,JNE2014-KR-178-S,KURTA - JNE2014,KURTA,359.00,143.60,0,10,0.00,0.00,33,Out of Stock (Margin Loss)
2983,SET289-KR-NP-XS,SET - SET289,SET,666.00,266.40,0,10,0.00,0.00,8,Out of Stock (Margin Loss)
2984,SET254-KR-NP-XL,SET - SET254,SET,886.00,354.40,0,10,0.00,0.00,5,Out of Stock (Margin Loss)
2985,SET194-KR-NP-S,SET - SET194,SET,641.00,256.40,0,10,0.00,0.00,13,Out of Stock (Margin Loss)
2986,BTM005-XXXL,BOTTOM - BTM005,BOTTOM,518.00,207.20,0,10,0.00,0.00,17,Out of Stock (Margin Loss)
2987,J0180-DR-XS,WESTERN DRESS - J0180,WESTERN DRESS,436.00,174.40,0,10,0.00,0.00,1,Out of Stock (Margin Loss)
2988,JNE3671-TU-XXXL,TOP - JNE3671,TOP,826.00,330.40,0,10,0.00,0.00,20,Out of Stock (Margin Loss)
2989,JNE3715-KR-M,KURTA - JNE3715,KURTA,283.00,113.20,0,10,0.00,0.00,3,Out of Stock (Margin Loss)
2990,SET194-KR-NP-M,SET - SET194,SET,649.00,259.60,0,10,0.00,0.00,38,Out of Stock (Margin Loss)
2991,JNE3422-KR-S,KURTA - JNE3422,KURTA,301.00,120.40,0,10,0.00,0.00,14,Out of Stock (Margin Loss)
2992,SET182-KR-DH-S,SET - SET182,SET,699.00,279.60,0,10,0.00,0.00,33,Out of Stock (Margin Loss)
2993,JNE3531-KR-L,KURTA - JNE3531,KURTA,329.00,131.60,0,10,0.00,0.00,2,Out of Stock (Margin Loss)
2994,JNE3530-KR-XS,KURTA - JNE3530,KURTA,356.00,142.40,0,10,0.00,0.00,12,Out of Stock (Margin Loss)
8523,JNE3607-KR-M,KURTA - JNE3607,KURTA,477.00,190.80,0,10,0.00,0.00,23,Out of Stock (Margin Loss)
8524,J0354-KR-L,KURTA - J0354,KURTA,635.00,254.00,0,10,0.00,0.00,31,Out of Stock (Margin Loss)
8525,J0413-DR-XXL,WESTERN DRESS - J0413,WESTERN DRESS,968.00,387.20,0,10,0.00,0.00,11,Out of Stock (Margin Loss)
8526,BL075-85CHIKU,BLOUSE - BL075,BLOUSE,436.00,174.40,0,10,0.00,0.00,1,Out of Stock (Margin Loss)
6057,JNE3720-KR-XS,KURTA - JNE3720,KURTA,517.00,206.80,0,10,0.00,0.00,11,Out of Stock (Margin Loss)
6058,J0310-TP-M,TOP - J0310,TOP,339.00,135.60,0,10,0.00,0.00,5,Out of Stock (Margin Loss)
6059,SET297-KR-NP-XXL,SET - SET297,SET,771.00,308.40,0,10,0.00,0.00,6,Out of Stock (Margin Loss)
6060,SET433-KR-NP-XXL,SET - SET433,SET,560.00,224.00,0,10,0.00,0.00,16,Out of Stock (Margin Loss)
6061,JNE3416-KR-XS,KURTA - JNE3416,KURTA,301.00,120.40,0,10,0.00,0.00,1,Out of Stock (Margin Loss)
6062,J0254-SKD-XL,SET - J0254,SET,789.00,315.60,0,10,0.00,0.00,1,Out of Stock (Margin Loss)
6063,JNE3543-KR-S,KURTA - JNE3543,KURTA,368.00,147.20,0,10,0.00,0.00,40,Out of Stock (Margin Loss)
6064,SET264-KR-NP-M,SET - SET264,SET,824.00,329.60,0,10,0.00,0.00,132,Out of Stock (Margin Loss)
6065,JNE3612-KR-S,KURTA - JNE3612,KURTA,417.00,166.80,0,10,0.00,0.00,10,Out of Stock (Margin Loss)
6066,JNE3710-DR-L,WESTERN DRESS - JNE3710,WESTERN DRESS,699.00,279.60,0,10,0.00,0.00,71,Out of Stock (Margin Loss)
6067,J0349-SET-L,SET - J0349,SET,888.00,355.20,0,10,0.00,0.00,100,Out of Stock (Margin Loss)
6068,SET365-KR-NP-XXL,SET - SET365,SET,1299.00,519.60,0,10,0.00,0.00,22,Out of Stock (Margin Loss)
6069,SET247-KR-SHA-XS,SET - SET247,SET,775.00,310.00,0,10,0.00,0.00,18,Out of Stock (Margin Loss)
6070,JNE3707-DR-L,WESTERN DRESS - JNE3707,WESTERN DRESS,581.00,232.40,0,10,0.00,0.00,20,Out of Stock (Margin Loss)
6071,SET340-KR-NP-L,SET - SET340,SET,799.00,319.60,0,10,0.00,0.00,12,Out of Stock (Margin Loss)
6072,SET252-KR-PP-XS,SET - SET252,SET,759.00,303.60,0,10,0.00,0.00,16,Out of Stock (Margin Loss)
6074,JNE3794-KR-S,KURTA - JNE3794,KURTA,529.00,211.60,0,10,0.00,0.00,20,Out of Stock (Margin Loss)
6075,J0307-TP-M,TOP - J0307,TOP,518.00,207.20,0,10,0.00,0.00,12,Out of Stock (Margin Loss)
6076,J0086-DR-XS,ETHNIC DRESS - J0086,ETHNIC DRESS,569.00,227.60,0,10,0.00,0.00,8,Out of Stock (Margin Loss)
6077,J0397-DR-M,WESTERN DRESS - J0397,WESTERN DRESS,999.00,399.60,0,10,0.00,0.00,12,Out of Stock (Margin Loss)
6078,SET241-KR-PP-S,SET - SET241,SET,357.00,142.80,0,10,0.00,0.00,4,Out of Stock (Margin Loss)
6079,JNE2101-KR-210-S,KURTA - JNE2101,KURTA,301.00,120.40,0,10,0.00,0.00,15,Out of Stock (Margin Loss)
6080,JNE3558-KR-S,KURTA - JNE3558,KURTA,319.00,127.60,0,10,0.00,0.00,5,Out of Stock (Margin Loss)
6081,JNE3720-KR-S,KURTA - JNE3720,KURTA,517.00,206.80,0,10,0.00,0.00,8,Out of Stock (Margin Loss)
